"year";"month";"day";"weekday";"time";"hour";"Wind direction [Degrees]";"Wind speed [m/s]";"temperature";"Relative Humidity [%]";"Total cloud cover [Octas]";"Global horizontal irradiance [W/m2]";"Direct normal irradiance [W/m2]";"Diffuse horizontal irradiance [W/m2]"
"2020";"1";"1";"3";"0";"1";"278.";"3.5";"3.3";"87.";"1.";"0.00";"0.00";"0.00"
"2020";"1";"1";"3";"1";"2";"273.";"4.8";"4.2";"86.";"6.";"0.00";"0.00";"0.00"
"2020";"1";"1";"3";"2";"3";"268.";"5.0";"5.2";"86.";"7.";"0.00";"0.00";"0.00"
"2020";"1";"1";"3";"3";"4";"266.";"6.3";"5.5";"86.";"7.";"0.00";"0.00";"0.00"
"2020";"1";"1";"3";"4";"5";"265.";"6.8";"5.7";"86.";"8.";"0.00";"0.00";"0.00"
"2020";"1";"1";"3";"5";"6";"271.";"7.1";"6.0";"82.";"8.";"0.00";"0.00";"0.00"
"2020";"1";"1";"3";"6";"7";"271.";"7.1";"6.0";"78.";"8.";"0.00";"0.00";"0.00"
"2020";"1";"1";"3";"7";"8";"270.";"6.6";"6.0";"79.";"8.";"0.00";"0.00";"0.00"
"2020";"1";"1";"3";"8";"9";"266.";"6.2";"6.1";"80.";"8.";"0.00";"0.00";"0.00"
"2020";"1";"1";"3";"9";"10";"270.";"7.5";"6.3";"78.";"8.";"4.01";"0.00";"4.01"
"2020";"1";"1";"3";"10";"11";"271.";"7.1";"6.5";"78.";"8.";"23.99";"0.00";"23.99"
"2020";"1";"1";"3";"11";"12";"273.";"7.1";"6.5";"78.";"8.";"35.46";"0.00";"35.46"
"2020";"1";"1";"3";"12";"13";"271.";"7.2";"6.4";"80.";"8.";"35.26";"0.00";"35.26"
"2020";"1";"1";"3";"13";"14";"268.";"6.7";"6.3";"80.";"8.";"23.81";"0.00";"23.81"
"2020";"1";"1";"3";"14";"15";"262.";"6.0";"6.1";"81.";"8.";"3.72";"0.00";"3.72"
"2020";"1";"1";"3";"15";"16";"267.";"4.5";"5.9";"82.";"8.";"0.00";"0.00";"0.00"
"2020";"1";"1";"3";"16";"17";"268.";"5.0";"5.8";"82.";"8.";"0.00";"0.00";"0.00"
"2020";"1";"1";"3";"17";"18";"266.";"6.1";"6.0";"81.";"8.";"0.00";"0.00";"0.00"
"2020";"1";"1";"3";"18";"19";"254.";"5.3";"6.1";"82.";"8.";"0.00";"0.00";"0.00"
"2020";"1";"1";"3";"19";"20";"253.";"5.8";"6.1";"83.";"8.";"0.00";"0.00";"0.00"
"2020";"1";"1";"3";"20";"21";"244.";"5.5";"6.1";"84.";"8.";"0.00";"0.00";"0.00"
"2020";"1";"1";"3";"21";"22";"231.";"5.5";"6.0";"85.";"8.";"0.00";"0.00";"0.00"
"2020";"1";"1";"3";"22";"23";"227.";"5.1";"5.8";"85.";"8.";"0.00";"0.00";"0.00"
"2020";"1";"1";"3";"23";"24";"229.";"5.2";"5.7";"85.";"8.";"0.00";"0.00";"0.00"
"2020";"1";"2";"4";"0";"25";"230.";"5.3";"5.6";"86.";"8.";"0.00";"0.00";"0.00"
"2020";"1";"2";"4";"1";"26";"229.";"5.4";"5.6";"86.";"8.";"0.00";"0.00";"0.00"
"2020";"1";"2";"4";"2";"27";"232.";"5.7";"5.6";"84.";"8.";"0.00";"0.00";"0.00"
"2020";"1";"2";"4";"3";"28";"235.";"5.9";"5.5";"85.";"8.";"0.00";"0.00";"0.00"
"2020";"1";"2";"4";"4";"29";"230.";"5.5";"5.4";"84.";"8.";"0.00";"0.00";"0.00"
"2020";"1";"2";"4";"5";"30";"228.";"5.1";"5.4";"85.";"8.";"0.00";"0.00";"0.00"
"2020";"1";"2";"4";"6";"31";"220.";"4.8";"5.4";"85.";"8.";"0.00";"0.00";"0.00"
"2020";"1";"2";"4";"7";"32";"221.";"5.2";"5.3";"85.";"8.";"0.00";"0.00";"0.00"
"2020";"1";"2";"4";"8";"33";"218.";"5.7";"5.3";"85.";"8.";"0.00";"0.00";"0.00"
"2020";"1";"2";"4";"9";"34";"216.";"5.5";"5.1";"85.";"8.";"4.15";"0.00";"4.15"
"2020";"1";"2";"4";"10";"35";"222.";"5.6";"5.4";"86.";"8.";"23.28";"0.00";"23.28"
"2020";"1";"2";"4";"11";"36";"225.";"6.1";"5.7";"85.";"8.";"34.28";"0.00";"34.28"
"2020";"1";"2";"4";"12";"37";"218.";"5.8";"5.7";"85.";"8.";"34.24";"0.00";"34.24"
"2020";"1";"2";"4";"13";"38";"214.";"5.7";"5.9";"85.";"8.";"23.13";"0.00";"23.13"
"2020";"1";"2";"4";"14";"39";"218.";"6.1";"5.9";"85.";"6.";"6.06";"16.83";"5.06"
"2020";"1";"2";"4";"15";"40";"216.";"6.5";"6.0";"87.";"8.";"0.00";"0.00";"0.00"
"2020";"1";"2";"4";"16";"41";"216.";"6.5";"6.0";"86.";"8.";"0.00";"0.00";"0.00"
"2020";"1";"2";"4";"17";"42";"212.";"6.5";"6.1";"86.";"8.";"0.00";"0.00";"0.00"
"2020";"1";"2";"4";"18";"43";"212.";"7.0";"6.0";"88.";"7.";"0.00";"0.00";"0.00"
"2020";"1";"2";"4";"19";"44";"209.";"7.7";"6.0";"89.";"8.";"0.00";"0.00";"0.00"
"2020";"1";"2";"4";"20";"45";"207.";"8.0";"6.0";"90.";"8.";"0.00";"0.00";"0.00"
"2020";"1";"2";"4";"21";"46";"210.";"8.3";"5.7";"92.";"8.";"0.00";"0.00";"0.00"
"2020";"1";"2";"4";"22";"47";"209.";"8.6";"5.3";"93.";"8.";"0.00";"0.00";"0.00"
"2020";"1";"2";"4";"23";"48";"204.";"8.4";"5.1";"93.";"8.";"0.00";"0.00";"0.00"
"2020";"1";"3";"5";"0";"49";"203.";"8.3";"5.0";"93.";"8.";"0.00";"0.00";"0.00"
"2020";"1";"3";"5";"1";"50";"205.";"8.3";"5.2";"93.";"8.";"0.00";"0.00";"0.00"
"2020";"1";"3";"5";"2";"51";"205.";"8.7";"5.5";"93.";"8.";"0.00";"0.00";"0.00"
"2020";"1";"3";"5";"3";"52";"205.";"9.0";"5.7";"92.";"8.";"0.00";"0.00";"0.00"
"2020";"1";"3";"5";"4";"53";"209.";"9.5";"5.7";"93.";"8.";"0.00";"0.00";"0.00"
"2020";"1";"3";"5";"5";"54";"210.";"9.6";"5.9";"94.";"8.";"0.00";"0.00";"0.00"
"2020";"1";"3";"5";"6";"55";"217.";"9.3";"6.3";"95.";"8.";"0.00";"0.00";"0.00"
"2020";"1";"3";"5";"7";"56";"219.";"8.5";"6.6";"95.";"8.";"0.00";"0.00";"0.00"
"2020";"1";"3";"5";"8";"57";"225.";"7.8";"6.8";"96.";"8.";"0.00";"0.00";"0.00"
"2020";"1";"3";"5";"9";"58";"245.";"7.1";"7.2";"96.";"8.";"1.85";"0.00";"1.85"
"2020";"1";"3";"5";"10";"59";"268.";"7.5";"6.8";"86.";"6.";"39.40";"72.63";"30.31"
"2020";"1";"3";"5";"11";"60";"274.";"7.6";"7.0";"78.";"0.";"116.64";"355.70";"60.30"
"2020";"1";"3";"5";"12";"61";"278.";"7.5";"7.0";"72.";"1.";"111.57";"336.54";"58.26"
"2020";"1";"3";"5";"13";"62";"280.";"7.0";"6.7";"68.";"0.";"85.08";"333.38";"43.36"
"2020";"1";"3";"5";"14";"63";"281.";"6.7";"6.2";"71.";"3.";"15.76";"72.81";"11.33"
"2020";"1";"3";"5";"15";"64";"274.";"6.2";"6.1";"72.";"8.";"0.00";"0.00";"0.00"
"2020";"1";"3";"5";"16";"65";"269.";"7.4";"6.3";"72.";"7.";"0.00";"0.00";"0.00"
"2020";"1";"3";"5";"17";"66";"262.";"7.8";"6.2";"74.";"4.";"0.00";"0.00";"0.00"
"2020";"1";"3";"5";"18";"67";"261.";"7.6";"5.9";"75.";"1.";"0.00";"0.00";"0.00"
"2020";"1";"3";"5";"19";"68";"262.";"7.5";"5.8";"76.";"0.";"0.00";"0.00";"0.00"
"2020";"1";"3";"5";"20";"69";"264.";"8.2";"5.9";"77.";"1.";"0.00";"0.00";"0.00"
"2020";"1";"3";"5";"21";"70";"265.";"8.6";"6.1";"74.";"1.";"0.00";"0.00";"0.00"
"2020";"1";"3";"5";"22";"71";"262.";"10.0";"6.1";"73.";"5.";"0.00";"0.00";"0.00"
"2020";"1";"3";"5";"23";"72";"263.";"10.6";"6.5";"73.";"8.";"0.00";"0.00";"0.00"
"2020";"1";"4";"6";"0";"73";"279.";"10.2";"6.1";"75.";"8.";"0.00";"0.00";"0.00"
"2020";"1";"4";"6";"1";"74";"289.";"9.8";"5.1";"69.";"7.";"0.00";"0.00";"0.00"
"2020";"1";"4";"6";"2";"75";"290.";"9.7";"5.0";"64.";"1.";"0.00";"0.00";"0.00"
"2020";"1";"4";"6";"3";"76";"287.";"8.5";"4.7";"61.";"1.";"0.00";"0.00";"0.00"
"2020";"1";"4";"6";"4";"77";"286.";"9.2";"4.7";"57.";"5.";"0.00";"0.00";"0.00"
"2020";"1";"4";"6";"5";"78";"290.";"8.7";"4.3";"53.";"6.";"0.00";"0.00";"0.00"
"2020";"1";"4";"6";"6";"79";"291.";"8.4";"3.9";"54.";"2.";"0.00";"0.00";"0.00"
"2020";"1";"4";"6";"7";"80";"292.";"7.6";"3.7";"58.";"1.";"0.00";"0.00";"0.00"
"2020";"1";"4";"6";"8";"81";"292.";"8.2";"3.9";"58.";"2.";"0.00";"0.00";"0.00"
"2020";"1";"4";"6";"9";"82";"298.";"7.9";"4.1";"59.";"0.";"28.20";"208.83";"15.19"
"2020";"1";"4";"6";"10";"83";"301.";"8.0";"4.9";"60.";"0.";"95.08";"416.82";"42.32"
"2020";"1";"4";"6";"11";"84";"310.";"9.4";"5.6";"55.";"0.";"137.13";"539.77";"50.85"
"2020";"1";"4";"6";"12";"85";"319.";"8.5";"5.4";"46.";"1.";"131.41";"503.86";"50.86"
"2020";"1";"4";"6";"13";"86";"327.";"7.3";"5.0";"46.";"0.";"103.62";"531.56";"36.34"
"2020";"1";"4";"6";"14";"87";"333.";"7.0";"4.4";"47.";"0.";"33.05";"280.25";"15.60"
"2020";"1";"4";"6";"15";"88";"332.";"6.7";"3.9";"48.";"0.";"0.00";"0.00";"0.00"
"2020";"1";"4";"6";"16";"89";"336.";"6.3";"3.6";"47.";"0.";"0.00";"0.00";"0.00"
"2020";"1";"4";"6";"17";"90";"334.";"5.5";"3.2";"49.";"0.";"0.00";"0.00";"0.00"
"2020";"1";"4";"6";"18";"91";"330.";"4.8";"3.0";"51.";"1.";"0.00";"0.00";"0.00"
"2020";"1";"4";"6";"19";"92";"327.";"4.7";"2.4";"54.";"1.";"0.00";"0.00";"0.00"
"2020";"1";"4";"6";"20";"93";"327.";"4.7";"2.4";"56.";"0.";"0.00";"0.00";"0.00"
"2020";"1";"4";"6";"21";"94";"326.";"3.8";"2.2";"58.";"0.";"0.00";"0.00";"0.00"
"2020";"1";"4";"6";"22";"95";"337.";"2.7";"1.2";"63.";"0.";"0.00";"0.00";"0.00"
"2020";"1";"4";"6";"23";"96";"328.";"2.4";"-0.8";"71.";"1.";"0.00";"0.00";"0.00"
"2020";"1";"5";"7";"0";"97";"343.";"1.6";"-1.8";"75.";"0.";"0.00";"0.00";"0.00"
"2020";"1";"5";"7";"1";"98";"349.";"1.0";"-2.3";"78.";"0.";"0.00";"0.00";"0.00"
"2020";"1";"5";"7";"2";"99";"56.";"1.0";"-2.5";"81.";"0.";"0.00";"0.00";"0.00"
"2020";"1";"5";"7";"3";"100";"61.";"0.8";"-3.5";"85.";"0.";"0.00";"0.00";"0.00"
"2020";"1";"5";"7";"4";"101";"110.";"1.3";"-3.8";"88.";"0.";"0.00";"0.00";"0.00"
"2020";"1";"5";"7";"5";"102";"206.";"0.9";"-3.4";"89.";"1.";"0.00";"0.00";"0.00"
"2020";"1";"5";"7";"6";"103";"214.";"1.3";"-3.3";"88.";"7.";"0.00";"0.00";"0.00"
"2020";"1";"5";"7";"7";"104";"215.";"2.0";"-3.3";"87.";"5.";"0.00";"0.00";"0.00"
"2020";"1";"5";"7";"8";"105";"209.";"2.5";"-1.9";"87.";"8.";"0.00";"0.00";"0.00"
"2020";"1";"5";"7";"9";"106";"228.";"3.0";"0.9";"85.";"8.";"17.01";"0.00";"17.01"
"2020";"1";"5";"7";"10";"107";"228.";"3.9";"2.8";"83.";"8.";"28.84";"0.00";"28.84"
"2020";"1";"5";"7";"11";"108";"231.";"4.5";"4.0";"84.";"8.";"21.97";"0.00";"21.97"
"2020";"1";"5";"7";"12";"109";"215.";"5.0";"4.0";"87.";"8.";"21.76";"0.00";"21.76"
"2020";"1";"5";"7";"13";"110";"209.";"6.0";"4.0";"93.";"8.";"22.61";"0.00";"22.61"
"2020";"1";"5";"7";"14";"111";"217.";"6.4";"4.8";"93.";"8.";"4.69";"0.00";"4.69"
"2020";"1";"5";"7";"15";"112";"220.";"6.0";"5.2";"94.";"8.";"0.00";"0.00";"0.00"
"2020";"1";"5";"7";"16";"113";"224.";"5.9";"5.4";"95.";"8.";"0.00";"0.00";"0.00"
"2020";"1";"5";"7";"17";"114";"224.";"5.9";"5.6";"95.";"8.";"0.00";"0.00";"0.00"
"2020";"1";"5";"7";"18";"115";"219.";"6.2";"5.8";"96.";"8.";"0.00";"0.00";"0.00"
"2020";"1";"5";"7";"19";"116";"222.";"5.9";"6.0";"96.";"8.";"0.00";"0.00";"0.00"
"2020";"1";"5";"7";"20";"117";"225.";"5.6";"6.0";"96.";"8.";"0.00";"0.00";"0.00"
"2020";"1";"5";"7";"21";"118";"221.";"4.8";"6.0";"95.";"8.";"0.00";"0.00";"0.00"
"2020";"1";"5";"7";"22";"119";"224.";"5.1";"6.0";"94.";"8.";"0.00";"0.00";"0.00"
"2020";"1";"5";"7";"23";"120";"225.";"5.1";"5.9";"94.";"8.";"0.00";"0.00";"0.00"
"2020";"1";"6";"1";"0";"121";"233.";"5.2";"5.9";"95.";"8.";"0.00";"0.00";"0.00"
"2020";"1";"6";"1";"1";"122";"237.";"4.7";"6.0";"95.";"8.";"0.00";"0.00";"0.00"
"2020";"1";"6";"1";"2";"123";"236.";"4.1";"6.2";"94.";"8.";"0.00";"0.00";"0.00"
"2020";"1";"6";"1";"3";"124";"242.";"4.1";"6.4";"94.";"8.";"0.00";"0.00";"0.00"
"2020";"1";"6";"1";"4";"125";"241.";"3.5";"6.4";"94.";"8.";"0.00";"0.00";"0.00"
"2020";"1";"6";"1";"5";"126";"245.";"3.2";"6.5";"94.";"8.";"0.00";"0.00";"0.00"
"2020";"1";"6";"1";"6";"127";"239.";"2.6";"6.5";"94.";"8.";"0.00";"0.00";"0.00"
"2020";"1";"6";"1";"7";"128";"233.";"2.4";"6.6";"95.";"7.";"0.00";"0.00";"0.00"
"2020";"1";"6";"1";"8";"129";"227.";"2.4";"6.6";"96.";"8.";"0.00";"0.00";"0.00"
"2020";"1";"6";"1";"9";"130";"218.";"3.3";"6.6";"96.";"8.";"3.05";"0.00";"3.05"
"2020";"1";"6";"1";"10";"131";"224.";"3.7";"6.7";"96.";"8.";"20.72";"0.00";"20.72"
"2020";"1";"6";"1";"11";"132";"219.";"3.4";"6.8";"96.";"8.";"30.16";"0.00";"30.16"
"2020";"1";"6";"1";"12";"133";"220.";"3.8";"6.7";"96.";"6.";"52.73";"44.25";"45.52"
"2020";"1";"6";"1";"13";"134";"230.";"4.1";"6.6";"95.";"8.";"21.95";"0.00";"21.95"
"2020";"1";"6";"1";"14";"135";"216.";"3.9";"6.6";"95.";"8.";"3.64";"0.00";"3.64"
"2020";"1";"6";"1";"15";"136";"198.";"3.7";"6.5";"95.";"8.";"0.00";"0.00";"0.00"
"2020";"1";"6";"1";"16";"137";"207.";"4.2";"6.6";"95.";"8.";"0.00";"0.00";"0.00"
"2020";"1";"6";"1";"17";"138";"218.";"4.4";"6.5";"96.";"8.";"0.00";"0.00";"0.00"
"2020";"1";"6";"1";"18";"139";"228.";"4.7";"6.4";"97.";"8.";"0.00";"0.00";"0.00"
"2020";"1";"6";"1";"19";"140";"218.";"4.4";"6.3";"96.";"7.";"0.00";"0.00";"0.00"
"2020";"1";"6";"1";"20";"141";"219.";"4.8";"6.1";"96.";"6.";"0.00";"0.00";"0.00"
"2020";"1";"6";"1";"21";"142";"219.";"5.0";"5.9";"96.";"8.";"0.00";"0.00";"0.00"
"2020";"1";"6";"1";"22";"143";"206.";"5.9";"5.8";"94.";"8.";"0.00";"0.00";"0.00"
"2020";"1";"6";"1";"23";"144";"209.";"6.6";"5.6";"93.";"8.";"0.00";"0.00";"0.00"
"2020";"1";"7";"2";"0";"145";"217.";"6.9";"5.6";"90.";"8.";"0.00";"0.00";"0.00"
"2020";"1";"7";"2";"1";"146";"218.";"6.7";"5.4";"89.";"8.";"0.00";"0.00";"0.00"
"2020";"1";"7";"2";"2";"147";"214.";"6.0";"5.3";"89.";"8.";"0.00";"0.00";"0.00"
"2020";"1";"7";"2";"3";"148";"217.";"6.2";"5.3";"89.";"8.";"0.00";"0.00";"0.00"
"2020";"1";"7";"2";"4";"149";"218.";"6.0";"5.1";"91.";"8.";"0.00";"0.00";"0.00"
"2020";"1";"7";"2";"5";"150";"213.";"5.4";"5.1";"91.";"7.";"0.00";"0.00";"0.00"
"2020";"1";"7";"2";"6";"151";"213.";"5.3";"5.1";"91.";"8.";"0.00";"0.00";"0.00"
"2020";"1";"7";"2";"7";"152";"211.";"4.9";"5.3";"92.";"8.";"0.00";"0.00";"0.00"
"2020";"1";"7";"2";"8";"153";"200.";"5.0";"5.2";"93.";"8.";"0.00";"0.00";"0.00"
"2020";"1";"7";"2";"9";"154";"209.";"5.1";"5.3";"94.";"8.";"4.59";"0.00";"4.59"
"2020";"1";"7";"2";"10";"155";"205.";"4.8";"5.6";"95.";"8.";"21.99";"0.00";"21.99"
"2020";"1";"7";"2";"11";"156";"217.";"4.8";"5.8";"95.";"8.";"31.68";"0.00";"31.68"
"2020";"1";"7";"2";"12";"157";"226.";"4.0";"6.0";"95.";"8.";"31.86";"0.00";"31.86"
"2020";"1";"7";"2";"13";"158";"229.";"3.5";"6.4";"94.";"8.";"20.30";"0.00";"20.30"
"2020";"1";"7";"2";"14";"159";"226.";"4.0";"6.3";"93.";"5.";"8.96";"29.15";"7.00"
"2020";"1";"7";"2";"15";"160";"217.";"4.6";"6.2";"93.";"7.";"0.00";"0.00";"0.00"
"2020";"1";"7";"2";"16";"161";"212.";"5.6";"6.2";"93.";"8.";"0.00";"0.00";"0.00"
"2020";"1";"7";"2";"17";"162";"208.";"6.4";"6.3";"92.";"8.";"0.00";"0.00";"0.00"
"2020";"1";"7";"2";"18";"163";"201.";"6.7";"6.2";"90.";"8.";"0.00";"0.00";"0.00"
"2020";"1";"7";"2";"19";"164";"194.";"7.1";"6.2";"89.";"8.";"0.00";"0.00";"0.00"
"2020";"1";"7";"2";"20";"165";"195.";"8.0";"6.3";"88.";"8.";"0.00";"0.00";"0.00"
"2020";"1";"7";"2";"21";"166";"191.";"8.6";"6.0";"91.";"8.";"0.00";"0.00";"0.00"
"2020";"1";"7";"2";"22";"167";"192.";"9.3";"6.0";"90.";"8.";"0.00";"0.00";"0.00"
"2020";"1";"7";"2";"23";"168";"193.";"9.4";"6.1";"91.";"8.";"0.00";"0.00";"0.00"
"2020";"1";"8";"3";"0";"169";"199.";"9.6";"6.2";"91.";"8.";"0.00";"0.00";"0.00"
"2020";"1";"8";"3";"1";"170";"203.";"10.1";"6.2";"94.";"8.";"0.00";"0.00";"0.00"
"2020";"1";"8";"3";"2";"171";"201.";"9.9";"6.5";"95.";"8.";"0.00";"0.00";"0.00"
"2020";"1";"8";"3";"3";"172";"207.";"9.3";"6.9";"96.";"8.";"0.00";"0.00";"0.00"
"2020";"1";"8";"3";"4";"173";"213.";"9.1";"7.2";"96.";"8.";"0.00";"0.00";"0.00"
"2020";"1";"8";"3";"5";"174";"210.";"8.6";"7.5";"96.";"8.";"0.00";"0.00";"0.00"
"2020";"1";"8";"3";"6";"175";"215.";"7.6";"7.9";"96.";"8.";"0.00";"0.00";"0.00"
"2020";"1";"8";"3";"7";"176";"217.";"6.7";"8.2";"96.";"8.";"0.00";"0.00";"0.00"
"2020";"1";"8";"3";"8";"177";"227.";"6.3";"8.2";"94.";"8.";"0.00";"0.00";"0.00"
"2020";"1";"8";"3";"9";"178";"239.";"6.0";"8.3";"92.";"8.";"3.69";"0.00";"3.69"
"2020";"1";"8";"3";"10";"179";"249.";"5.8";"8.2";"86.";"8.";"24.40";"0.00";"24.40"
"2020";"1";"8";"3";"11";"180";"255.";"6.3";"7.9";"81.";"8.";"36.43";"0.00";"36.43"
"2020";"1";"8";"3";"12";"181";"258.";"5.4";"7.9";"80.";"7.";"49.65";"40.31";"42.93"
"2020";"1";"8";"3";"13";"182";"266.";"5.7";"7.6";"77.";"6.";"44.06";"72.14";"34.43"
"2020";"1";"8";"3";"14";"183";"262.";"6.3";"7.3";"77.";"6.";"10.41";"26.32";"8.60"
"2020";"1";"8";"3";"15";"184";"272.";"6.7";"6.8";"74.";"4.";"0.00";"0.00";"0.00"
"2020";"1";"8";"3";"16";"185";"269.";"5.7";"6.5";"76.";"0.";"0.00";"0.00";"0.00"
"2020";"1";"8";"3";"17";"186";"271.";"5.2";"6.5";"77.";"4.";"0.00";"0.00";"0.00"
"2020";"1";"8";"3";"18";"187";"270.";"4.5";"5.9";"77.";"6.";"0.00";"0.00";"0.00"
"2020";"1";"8";"3";"19";"188";"263.";"4.8";"6.3";"79.";"8.";"0.00";"0.00";"0.00"
"2020";"1";"8";"3";"20";"189";"260.";"4.9";"6.2";"80.";"8.";"0.00";"0.00";"0.00"
"2020";"1";"8";"3";"21";"190";"256.";"4.9";"6.3";"79.";"6.";"0.00";"0.00";"0.00"
"2020";"1";"8";"3";"22";"191";"248.";"5.7";"6.0";"79.";"5.";"0.00";"0.00";"0.00"
"2020";"1";"8";"3";"23";"192";"245.";"5.8";"5.9";"81.";"4.";"0.00";"0.00";"0.00"
"2020";"1";"9";"4";"0";"193";"246.";"5.2";"5.8";"83.";"3.";"0.00";"0.00";"0.00"
"2020";"1";"9";"4";"1";"194";"236.";"4.6";"5.4";"86.";"7.";"0.00";"0.00";"0.00"
"2020";"1";"9";"4";"2";"195";"235.";"5.1";"5.2";"87.";"8.";"0.00";"0.00";"0.00"
"2020";"1";"9";"4";"3";"196";"238.";"5.0";"5.2";"88.";"8.";"0.00";"0.00";"0.00"
"2020";"1";"9";"4";"4";"197";"232.";"4.7";"5.0";"89.";"8.";"0.00";"0.00";"0.00"
"2020";"1";"9";"4";"5";"198";"234.";"4.6";"5.0";"90.";"8.";"0.00";"0.00";"0.00"
"2020";"1";"9";"4";"6";"199";"227.";"4.2";"5.0";"90.";"8.";"0.00";"0.00";"0.00"
"2020";"1";"9";"4";"7";"200";"222.";"3.8";"4.6";"90.";"8.";"0.00";"0.00";"0.00"
"2020";"1";"9";"4";"8";"201";"224.";"2.6";"4.5";"91.";"6.";"0.00";"0.00";"0.00"
"2020";"1";"9";"4";"9";"202";"204.";"2.5";"4.6";"92.";"8.";"6.88";"0.00";"6.88"
"2020";"1";"9";"4";"10";"203";"186.";"2.3";"5.0";"92.";"8.";"26.83";"0.00";"26.83"
"2020";"1";"9";"4";"11";"204";"174.";"2.3";"5.2";"92.";"8.";"38.02";"0.00";"38.02"
"2020";"1";"9";"4";"12";"205";"157.";"2.8";"5.2";"91.";"8.";"38.23";"0.00";"38.23"
"2020";"1";"9";"4";"13";"206";"148.";"3.3";"5.2";"91.";"8.";"26.59";"0.00";"26.59"
"2020";"1";"9";"4";"14";"207";"149.";"3.8";"4.9";"91.";"8.";"6.76";"0.00";"6.76"
"2020";"1";"9";"4";"15";"208";"125.";"3.8";"4.3";"91.";"8.";"0.00";"0.00";"0.00"
"2020";"1";"9";"4";"16";"209";"110.";"4.8";"3.9";"91.";"8.";"0.00";"0.00";"0.00"
"2020";"1";"9";"4";"17";"210";"107.";"5.8";"3.5";"91.";"8.";"0.00";"0.00";"0.00"
"2020";"1";"9";"4";"18";"211";"106.";"4.9";"3.2";"92.";"8.";"0.00";"0.00";"0.00"
"2020";"1";"9";"4";"19";"212";"115.";"4.3";"3.0";"93.";"8.";"0.00";"0.00";"0.00"
"2020";"1";"9";"4";"20";"213";"111.";"3.7";"3.0";"94.";"7.";"0.00";"0.00";"0.00"
"2020";"1";"9";"4";"21";"214";"71.";"3.6";"2.9";"95.";"8.";"0.00";"0.00";"0.00"
"2020";"1";"9";"4";"22";"215";"71.";"3.4";"2.9";"95.";"8.";"0.00";"0.00";"0.00"
"2020";"1";"9";"4";"23";"216";"70.";"2.7";"3.0";"96.";"8.";"0.00";"0.00";"0.00"
"2020";"1";"10";"5";"0";"217";"63.";"2.6";"3.0";"96.";"8.";"0.00";"0.00";"0.00"
"2020";"1";"10";"5";"1";"218";"50.";"2.9";"2.9";"96.";"8.";"0.00";"0.00";"0.00"
"2020";"1";"10";"5";"2";"219";"44.";"3.5";"2.8";"96.";"8.";"0.00";"0.00";"0.00"
"2020";"1";"10";"5";"3";"220";"46.";"3.1";"2.9";"96.";"8.";"0.00";"0.00";"0.00"
"2020";"1";"10";"5";"4";"221";"32.";"3.0";"2.9";"95.";"8.";"0.00";"0.00";"0.00"
"2020";"1";"10";"5";"5";"222";"37.";"3.7";"2.9";"95.";"8.";"0.00";"0.00";"0.00"
"2020";"1";"10";"5";"6";"223";"37.";"4.3";"2.8";"94.";"8.";"0.00";"0.00";"0.00"
"2020";"1";"10";"5";"7";"224";"35.";"4.5";"2.8";"93.";"8.";"0.00";"0.00";"0.00"
"2020";"1";"10";"5";"8";"225";"35.";"4.7";"2.8";"91.";"8.";"0.00";"0.00";"0.00"
"2020";"1";"10";"5";"9";"226";"35.";"5.0";"2.9";"91.";"8.";"9.92";"0.00";"9.92"
"2020";"1";"10";"5";"10";"227";"39.";"5.1";"3.0";"91.";"8.";"30.61";"0.00";"30.61"
"2020";"1";"10";"5";"11";"228";"44.";"5.4";"3.0";"92.";"8.";"23.82";"0.00";"23.82"
"2020";"1";"10";"5";"12";"229";"41.";"5.2";"3.2";"93.";"8.";"24.43";"0.00";"24.43"
"2020";"1";"10";"5";"13";"230";"43.";"5.0";"3.5";"92.";"8.";"31.82";"0.00";"31.82"
"2020";"1";"10";"5";"14";"231";"36.";"4.9";"3.6";"92.";"8.";"9.08";"0.00";"9.08"
"2020";"1";"10";"5";"15";"232";"33.";"4.5";"3.5";"89.";"8.";"0.00";"0.00";"0.00"
"2020";"1";"10";"5";"16";"233";"18.";"4.7";"3.1";"88.";"8.";"0.00";"0.00";"0.00"
"2020";"1";"10";"5";"17";"234";"33.";"4.2";"2.6";"88.";"4.";"0.00";"0.00";"0.00"
"2020";"1";"10";"5";"18";"235";"49.";"3.2";"2.0";"89.";"6.";"0.00";"0.00";"0.00"
"2020";"1";"10";"5";"19";"236";"25.";"2.2";"1.6";"88.";"5.";"0.00";"0.00";"0.00"
"2020";"1";"10";"5";"20";"237";"17.";"1.4";"0.5";"90.";"4.";"0.00";"0.00";"0.00"
"2020";"1";"10";"5";"21";"238";"31.";"1.2";"-0.4";"92.";"4.";"0.00";"0.00";"0.00"
"2020";"1";"10";"5";"22";"239";"63.";"0.9";"-0.7";"93.";"3.";"0.00";"0.00";"0.00"
"2020";"1";"10";"5";"23";"240";"111.";"1.0";"-1.3";"93.";"0.";"0.00";"0.00";"0.00"
"2020";"1";"11";"6";"0";"241";"140.";"1.1";"-0.9";"94.";"0.";"0.00";"0.00";"0.00"
"2020";"1";"11";"6";"1";"242";"197.";"1.3";"-0.6";"95.";"4.";"0.00";"0.00";"0.00"
"2020";"1";"11";"6";"2";"243";"194.";"1.8";"0.2";"96.";"8.";"0.00";"0.00";"0.00"
"2020";"1";"11";"6";"3";"244";"192.";"2.3";"1.1";"96.";"8.";"0.00";"0.00";"0.00"
"2020";"1";"11";"6";"4";"245";"199.";"2.7";"2.0";"95.";"8.";"0.00";"0.00";"0.00"
"2020";"1";"11";"6";"5";"246";"214.";"3.7";"2.8";"93.";"8.";"0.00";"0.00";"0.00"
"2020";"1";"11";"6";"6";"247";"206.";"4.4";"3.3";"91.";"8.";"0.00";"0.00";"0.00"
"2020";"1";"11";"6";"7";"248";"196.";"5.1";"3.5";"90.";"8.";"0.00";"0.00";"0.00"
"2020";"1";"11";"6";"8";"249";"194.";"6.0";"4.0";"91.";"8.";"0.00";"0.00";"0.00"
"2020";"1";"11";"6";"9";"250";"195.";"7.2";"4.7";"90.";"8.";"8.95";"0.00";"8.95"
"2020";"1";"11";"6";"10";"251";"197.";"8.6";"5.2";"88.";"8.";"30.44";"0.00";"30.44"
"2020";"1";"11";"6";"11";"252";"195.";"8.7";"5.4";"88.";"8.";"41.34";"0.00";"41.34"
"2020";"1";"11";"6";"12";"253";"194.";"8.5";"5.5";"90.";"8.";"40.74";"0.00";"40.74"
"2020";"1";"11";"6";"13";"254";"198.";"8.8";"5.6";"90.";"8.";"16.63";"0.00";"16.63"
"2020";"1";"11";"6";"14";"255";"200.";"8.9";"5.6";"91.";"8.";"4.41";"0.00";"4.41"
"2020";"1";"11";"6";"15";"256";"202.";"9.0";"5.8";"91.";"8.";"0.00";"0.00";"0.00"
"2020";"1";"11";"6";"16";"257";"203.";"9.2";"6.0";"92.";"8.";"0.00";"0.00";"0.00"
"2020";"1";"11";"6";"17";"258";"207.";"9.7";"6.4";"93.";"8.";"0.00";"0.00";"0.00"
"2020";"1";"11";"6";"18";"259";"210.";"10.3";"6.5";"93.";"8.";"0.00";"0.00";"0.00"
"2020";"1";"11";"6";"19";"260";"211.";"10.3";"6.4";"94.";"8.";"0.00";"0.00";"0.00"
"2020";"1";"11";"6";"20";"261";"209.";"9.6";"6.4";"95.";"8.";"0.00";"0.00";"0.00"
"2020";"1";"11";"6";"21";"262";"212.";"10.2";"6.4";"96.";"8.";"0.00";"0.00";"0.00"
"2020";"1";"11";"6";"22";"263";"214.";"9.6";"6.5";"96.";"8.";"0.00";"0.00";"0.00"
"2020";"1";"11";"6";"23";"264";"218.";"9.8";"6.6";"96.";"8.";"0.00";"0.00";"0.00"
"2020";"1";"12";"7";"0";"265";"219.";"9.7";"6.7";"96.";"8.";"0.00";"0.00";"0.00"
"2020";"1";"12";"7";"1";"266";"221.";"9.2";"6.9";"96.";"8.";"0.00";"0.00";"0.00"
"2020";"1";"12";"7";"2";"267";"222.";"8.0";"7.0";"96.";"8.";"0.00";"0.00";"0.00"
"2020";"1";"12";"7";"3";"268";"223.";"7.2";"7.1";"96.";"8.";"0.00";"0.00";"0.00"
"2020";"1";"12";"7";"4";"269";"229.";"6.5";"7.2";"96.";"8.";"0.00";"0.00";"0.00"
"2020";"1";"12";"7";"5";"270";"233.";"6.5";"7.2";"96.";"8.";"0.00";"0.00";"0.00"
"2020";"1";"12";"7";"6";"271";"239.";"6.3";"7.2";"96.";"8.";"0.00";"0.00";"0.00"
"2020";"1";"12";"7";"7";"272";"245.";"5.1";"7.2";"95.";"8.";"0.00";"0.00";"0.00"
"2020";"1";"12";"7";"8";"273";"242.";"4.6";"6.9";"94.";"7.";"0.00";"0.00";"0.00"
"2020";"1";"12";"7";"9";"274";"249.";"5.3";"6.9";"93.";"7.";"9.45";"13.30";"8.42"
"2020";"1";"12";"7";"10";"275";"252.";"4.0";"6.8";"93.";"5.";"54.69";"103.98";"39.92"
"2020";"1";"12";"7";"11";"276";"245.";"4.1";"7.0";"91.";"3.";"97.10";"196.11";"62.66"
"2020";"1";"12";"7";"12";"277";"253.";"4.1";"6.9";"90.";"8.";"38.55";"0.00";"38.55"
"2020";"1";"12";"7";"13";"278";"250.";"3.4";"6.5";"90.";"8.";"28.26";"0.00";"28.26"
"2020";"1";"12";"7";"14";"279";"260.";"3.2";"6.0";"90.";"8.";"8.11";"0.00";"8.11"
"2020";"1";"12";"7";"15";"280";"246.";"3.0";"5.4";"91.";"7.";"0.00";"0.00";"0.00"
"2020";"1";"12";"7";"16";"281";"247.";"2.3";"4.9";"90.";"7.";"0.00";"0.00";"0.00"
"2020";"1";"12";"7";"17";"282";"235.";"1.7";"4.9";"93.";"8.";"0.00";"0.00";"0.00"
"2020";"1";"12";"7";"18";"283";"238.";"1.8";"4.4";"92.";"8.";"0.00";"0.00";"0.00"
"2020";"1";"12";"7";"19";"284";"241.";"1.8";"4.2";"94.";"7.";"0.00";"0.00";"0.00"
"2020";"1";"12";"7";"20";"285";"234.";"1.9";"4.2";"95.";"7.";"0.00";"0.00";"0.00"
"2020";"1";"12";"7";"21";"286";"233.";"2.2";"4.6";"95.";"2.";"0.00";"0.00";"0.00"
"2020";"1";"12";"7";"22";"287";"243.";"2.8";"4.9";"95.";"8.";"0.00";"0.00";"0.00"
"2020";"1";"12";"7";"23";"288";"242.";"2.9";"4.3";"96.";"8.";"0.00";"0.00";"0.00"
"2020";"1";"13";"1";"0";"289";"244.";"2.8";"4.5";"96.";"8.";"0.00";"0.00";"0.00"
"2020";"1";"13";"1";"1";"290";"243.";"3.7";"4.6";"94.";"8.";"0.00";"0.00";"0.00"
"2020";"1";"13";"1";"2";"291";"240.";"4.4";"4.7";"96.";"7.";"0.00";"0.00";"0.00"
"2020";"1";"13";"1";"3";"292";"234.";"4.4";"4.8";"95.";"6.";"0.00";"0.00";"0.00"
"2020";"1";"13";"1";"4";"293";"250.";"4.4";"4.7";"93.";"7.";"0.00";"0.00";"0.00"
"2020";"1";"13";"1";"5";"294";"250.";"3.5";"4.7";"95.";"6.";"0.00";"0.00";"0.00"
"2020";"1";"13";"1";"6";"295";"249.";"3.5";"4.4";"92.";"8.";"0.00";"0.00";"0.00"
"2020";"1";"13";"1";"7";"296";"242.";"3.8";"4.3";"91.";"8.";"0.00";"0.00";"0.00"
"2020";"1";"13";"1";"8";"297";"233.";"4.1";"4.3";"93.";"8.";"0.00";"0.00";"0.00"
"2020";"1";"13";"1";"9";"298";"230.";"4.4";"4.8";"90.";"8.";"10.16";"0.00";"10.16"
"2020";"1";"13";"1";"10";"299";"224.";"4.4";"5.0";"89.";"8.";"31.99";"0.00";"31.99"
"2020";"1";"13";"1";"11";"300";"223.";"4.7";"5.1";"89.";"8.";"43.18";"0.00";"43.18"
"2020";"1";"13";"1";"12";"301";"223.";"4.6";"5.2";"86.";"3.";"108.82";"268.41";"61.02"
"2020";"1";"13";"1";"13";"302";"219.";"4.4";"5.6";"87.";"4.";"70.60";"183.20";"44.12"
"2020";"1";"13";"1";"14";"303";"214.";"4.2";"5.1";"90.";"1.";"29.03";"140.57";"17.82"
"2020";"1";"13";"1";"15";"304";"219.";"3.9";"4.8";"91.";"3.";"0.00";"0.00";"0.00"
"2020";"1";"13";"1";"16";"305";"225.";"3.5";"5.0";"90.";"8.";"0.00";"0.00";"0.00"
"2020";"1";"13";"1";"17";"306";"206.";"3.4";"5.0";"88.";"6.";"0.00";"0.00";"0.00"
"2020";"1";"13";"1";"18";"307";"179.";"3.4";"4.7";"89.";"7.";"0.00";"0.00";"0.00"
"2020";"1";"13";"1";"19";"308";"186.";"3.9";"5.2";"89.";"8.";"0.00";"0.00";"0.00"
"2020";"1";"13";"1";"20";"309";"189.";"4.7";"5.3";"89.";"8.";"0.00";"0.00";"0.00"
"2020";"1";"13";"1";"21";"310";"181.";"5.8";"5.3";"89.";"8.";"0.00";"0.00";"0.00"
"2020";"1";"13";"1";"22";"311";"179.";"6.7";"5.4";"89.";"8.";"0.00";"0.00";"0.00"
"2020";"1";"13";"1";"23";"312";"175.";"7.2";"5.3";"86.";"8.";"0.00";"0.00";"0.00"
"2020";"1";"14";"2";"0";"313";"170.";"8.0";"5.2";"85.";"8.";"0.00";"0.00";"0.00"
"2020";"1";"14";"2";"1";"314";"167.";"7.9";"5.2";"85.";"8.";"0.00";"0.00";"0.00"
"2020";"1";"14";"2";"2";"315";"165.";"8.3";"5.4";"84.";"8.";"0.00";"0.00";"0.00"
"2020";"1";"14";"2";"3";"316";"164.";"9.6";"5.5";"82.";"8.";"0.00";"0.00";"0.00"
"2020";"1";"14";"2";"4";"317";"164.";"10.5";"5.7";"81.";"8.";"0.00";"0.00";"0.00"
"2020";"1";"14";"2";"5";"318";"171.";"10.7";"5.5";"87.";"8.";"0.00";"0.00";"0.00"
"2020";"1";"14";"2";"6";"319";"174.";"10.8";"5.3";"91.";"8.";"0.00";"0.00";"0.00"
"2020";"1";"14";"2";"7";"320";"172.";"10.7";"5.3";"93.";"8.";"0.00";"0.00";"0.00"
"2020";"1";"14";"2";"8";"321";"176.";"10.5";"5.5";"94.";"8.";"0.00";"0.00";"0.00"
"2020";"1";"14";"2";"9";"322";"188.";"10.0";"5.9";"94.";"8.";"5.11";"0.00";"5.11"
"2020";"1";"14";"2";"10";"323";"210.";"9.3";"6.4";"95.";"8.";"16.51";"0.00";"16.51"
"2020";"1";"14";"2";"11";"324";"214.";"6.8";"6.7";"94.";"8.";"23.93";"0.00";"23.93"
"2020";"1";"14";"2";"12";"325";"222.";"6.7";"6.8";"92.";"8.";"42.12";"0.00";"42.12"
"2020";"1";"14";"2";"13";"326";"221.";"6.1";"6.8";"89.";"8.";"30.63";"0.00";"30.63"
"2020";"1";"14";"2";"14";"327";"223.";"5.8";"6.7";"89.";"8.";"9.31";"0.00";"9.31"
"2020";"1";"14";"2";"15";"328";"217.";"5.1";"6.4";"90.";"8.";"0.00";"0.00";"0.00"
"2020";"1";"14";"2";"16";"329";"214.";"4.8";"6.3";"88.";"7.";"0.00";"0.00";"0.00"
"2020";"1";"14";"2";"17";"330";"208.";"5.4";"6.4";"86.";"8.";"0.00";"0.00";"0.00"
"2020";"1";"14";"2";"18";"331";"200.";"6.3";"6.2";"87.";"8.";"0.00";"0.00";"0.00"
"2020";"1";"14";"2";"19";"332";"194.";"7.1";"6.5";"88.";"8.";"0.00";"0.00";"0.00"
"2020";"1";"14";"2";"20";"333";"191.";"7.4";"6.4";"89.";"8.";"0.00";"0.00";"0.00"
"2020";"1";"14";"2";"21";"334";"175.";"7.1";"6.5";"91.";"8.";"0.00";"0.00";"0.00"
"2020";"1";"14";"2";"22";"335";"167.";"10.9";"6.8";"94.";"8.";"0.00";"0.00";"0.00"
"2020";"1";"14";"2";"23";"336";"184.";"12.0";"7.3";"95.";"8.";"0.00";"0.00";"0.00"
"2020";"1";"15";"3";"0";"337";"194.";"10.9";"7.7";"95.";"8.";"0.00";"0.00";"0.00"
"2020";"1";"15";"3";"1";"338";"203.";"10.6";"8.4";"95.";"8.";"0.00";"0.00";"0.00"
"2020";"1";"15";"3";"2";"339";"208.";"10.4";"8.4";"95.";"8.";"0.00";"0.00";"0.00"
"2020";"1";"15";"3";"3";"340";"217.";"10.0";"8.8";"95.";"8.";"0.00";"0.00";"0.00"
"2020";"1";"15";"3";"4";"341";"220.";"8.8";"8.9";"95.";"8.";"0.00";"0.00";"0.00"
"2020";"1";"15";"3";"5";"342";"218.";"7.9";"8.8";"95.";"8.";"0.00";"0.00";"0.00"
"2020";"1";"15";"3";"6";"343";"219.";"7.0";"8.5";"94.";"8.";"0.00";"0.00";"0.00"
"2020";"1";"15";"3";"7";"344";"217.";"6.3";"8.3";"93.";"8.";"0.00";"0.00";"0.00"
"2020";"1";"15";"3";"8";"345";"223.";"6.8";"8.0";"92.";"8.";"0.00";"0.00";"0.00"
"2020";"1";"15";"3";"9";"346";"223.";"6.4";"7.5";"89.";"8.";"5.56";"0.00";"5.56"
"2020";"1";"15";"3";"10";"347";"214.";"6.1";"7.2";"89.";"8.";"31.80";"0.00";"31.80"
"2020";"1";"15";"3";"11";"348";"214.";"5.6";"7.3";"88.";"8.";"44.38";"0.00";"44.38"
"2020";"1";"15";"3";"12";"349";"214.";"5.3";"7.2";"90.";"8.";"44.40";"0.00";"44.40"
"2020";"1";"15";"3";"13";"350";"217.";"4.7";"7.1";"90.";"8.";"33.47";"0.00";"33.47"
"2020";"1";"15";"3";"14";"351";"223.";"4.5";"7.0";"89.";"8.";"10.61";"0.00";"10.61"
"2020";"1";"15";"3";"15";"352";"219.";"4.5";"6.9";"88.";"8.";"0.00";"0.00";"0.00"
"2020";"1";"15";"3";"16";"353";"211.";"4.2";"6.7";"87.";"8.";"0.00";"0.00";"0.00"
"2020";"1";"15";"3";"17";"354";"213.";"5.1";"6.7";"84.";"8.";"0.00";"0.00";"0.00"
"2020";"1";"15";"3";"18";"355";"220.";"4.7";"6.7";"82.";"8.";"0.00";"0.00";"0.00"
"2020";"1";"15";"3";"19";"356";"214.";"4.6";"6.4";"82.";"8.";"0.00";"0.00";"0.00"
"2020";"1";"15";"3";"20";"357";"221.";"5.6";"6.4";"80.";"8.";"0.00";"0.00";"0.00"
"2020";"1";"15";"3";"21";"358";"225.";"6.8";"6.4";"82.";"7.";"0.00";"0.00";"0.00"
"2020";"1";"15";"3";"22";"359";"228.";"7.0";"6.1";"86.";"6.";"0.00";"0.00";"0.00"
"2020";"1";"15";"3";"23";"360";"231.";"7.1";"6.1";"87.";"5.";"0.00";"0.00";"0.00"
"2020";"1";"16";"4";"0";"361";"229.";"6.2";"6.2";"86.";"5.";"0.00";"0.00";"0.00"
"2020";"1";"16";"4";"1";"362";"224.";"5.8";"6.3";"85.";"8.";"0.00";"0.00";"0.00"
"2020";"1";"16";"4";"2";"363";"225.";"6.1";"6.5";"85.";"8.";"0.00";"0.00";"0.00"
"2020";"1";"16";"4";"3";"364";"225.";"6.4";"6.6";"84.";"7.";"0.00";"0.00";"0.00"
"2020";"1";"16";"4";"4";"365";"224.";"7.0";"6.7";"85.";"8.";"0.00";"0.00";"0.00"
"2020";"1";"16";"4";"5";"366";"226.";"6.9";"6.8";"84.";"8.";"0.00";"0.00";"0.00"
"2020";"1";"16";"4";"6";"367";"228.";"7.6";"6.9";"84.";"8.";"0.00";"0.00";"0.00"
"2020";"1";"16";"4";"7";"368";"232.";"7.3";"6.4";"88.";"8.";"0.00";"0.00";"0.00"
"2020";"1";"16";"4";"8";"369";"232.";"7.3";"6.7";"86.";"8.";"0.00";"0.00";"0.00"
"2020";"1";"16";"4";"9";"370";"226.";"6.9";"7.0";"84.";"8.";"11.02";"0.00";"11.02"
"2020";"1";"16";"4";"10";"371";"228.";"6.5";"7.2";"82.";"7.";"43.38";"38.54";"37.50"
"2020";"1";"16";"4";"11";"372";"225.";"5.9";"7.4";"80.";"8.";"43.60";"0.00";"43.60"
"2020";"1";"16";"4";"12";"373";"230.";"5.8";"7.3";"80.";"8.";"44.09";"0.00";"44.09"
"2020";"1";"16";"4";"13";"374";"222.";"5.4";"7.0";"82.";"7.";"43.70";"39.40";"37.69"
"2020";"1";"16";"4";"14";"375";"224.";"6.0";"6.9";"82.";"8.";"11.52";"0.00";"11.52"
"2020";"1";"16";"4";"15";"376";"219.";"5.1";"6.5";"85.";"0.";"0.00";"0.00";"0.00"
"2020";"1";"16";"4";"16";"377";"219.";"5.1";"6.3";"87.";"8.";"0.00";"0.00";"0.00"
"2020";"1";"16";"4";"17";"378";"207.";"4.3";"6.1";"88.";"7.";"0.00";"0.00";"0.00"
"2020";"1";"16";"4";"18";"379";"209.";"4.4";"6.4";"88.";"6.";"0.00";"0.00";"0.00"
"2020";"1";"16";"4";"19";"380";"205.";"4.3";"6.3";"89.";"8.";"0.00";"0.00";"0.00"
"2020";"1";"16";"4";"20";"381";"210.";"4.2";"5.9";"90.";"6.";"0.00";"0.00";"0.00"
"2020";"1";"16";"4";"21";"382";"199.";"5.2";"5.9";"91.";"8.";"0.00";"0.00";"0.00"
"2020";"1";"16";"4";"22";"383";"187.";"5.3";"5.6";"91.";"8.";"0.00";"0.00";"0.00"
"2020";"1";"16";"4";"23";"384";"169.";"5.0";"5.6";"90.";"8.";"0.00";"0.00";"0.00"
"2020";"1";"17";"5";"0";"385";"161.";"5.9";"5.7";"88.";"8.";"0.00";"0.00";"0.00"
"2020";"1";"17";"5";"1";"386";"157.";"5.9";"5.2";"88.";"8.";"0.00";"0.00";"0.00"
"2020";"1";"17";"5";"2";"387";"161.";"6.5";"5.3";"86.";"6.";"0.00";"0.00";"0.00"
"2020";"1";"17";"5";"3";"388";"165.";"7.1";"5.5";"87.";"4.";"0.00";"0.00";"0.00"
"2020";"1";"17";"5";"4";"389";"163.";"7.2";"5.8";"88.";"5.";"0.00";"0.00";"0.00"
"2020";"1";"17";"5";"5";"390";"163.";"7.2";"6.0";"89.";"5.";"0.00";"0.00";"0.00"
"2020";"1";"17";"5";"6";"391";"167.";"7.2";"6.1";"88.";"8.";"0.00";"0.00";"0.00"
"2020";"1";"17";"5";"7";"392";"170.";"6.9";"6.3";"87.";"8.";"0.00";"0.00";"0.00"
"2020";"1";"17";"5";"8";"393";"169.";"6.4";"6.1";"87.";"8.";"0.00";"0.00";"0.00"
"2020";"1";"17";"5";"9";"394";"170.";"6.8";"6.3";"86.";"8.";"12.68";"0.00";"12.68"
"2020";"1";"17";"5";"10";"395";"174.";"7.1";"6.6";"85.";"8.";"34.38";"0.00";"34.38"
"2020";"1";"17";"5";"11";"396";"170.";"7.2";"6.6";"85.";"7.";"60.42";"47.70";"51.40"
"2020";"1";"17";"5";"12";"397";"171.";"6.8";"6.9";"85.";"8.";"45.56";"0.00";"45.56"
"2020";"1";"17";"5";"13";"398";"174.";"6.4";"7.0";"83.";"8.";"34.64";"0.00";"34.64"
"2020";"1";"17";"5";"14";"399";"167.";"6.0";"7.0";"83.";"8.";"12.59";"0.00";"12.59"
"2020";"1";"17";"5";"15";"400";"160.";"5.7";"6.8";"83.";"8.";"0.00";"0.00";"0.00"
"2020";"1";"17";"5";"16";"401";"163.";"5.7";"6.8";"83.";"8.";"0.00";"0.00";"0.00"
"2020";"1";"17";"5";"17";"402";"169.";"5.7";"6.7";"83.";"8.";"0.00";"0.00";"0.00"
"2020";"1";"17";"5";"18";"403";"173.";"5.7";"6.7";"83.";"6.";"0.00";"0.00";"0.00"
"2020";"1";"17";"5";"19";"404";"168.";"5.6";"6.6";"84.";"8.";"0.00";"0.00";"0.00"
"2020";"1";"17";"5";"20";"405";"168.";"5.6";"6.3";"87.";"8.";"0.00";"0.00";"0.00"
"2020";"1";"17";"5";"21";"406";"169.";"5.1";"5.9";"90.";"8.";"0.00";"0.00";"0.00"
"2020";"1";"17";"5";"22";"407";"170.";"4.7";"5.6";"94.";"8.";"0.00";"0.00";"0.00"
"2020";"1";"17";"5";"23";"408";"167.";"4.6";"5.7";"95.";"8.";"0.00";"0.00";"0.00"
"2020";"1";"18";"6";"0";"409";"193.";"3.5";"5.8";"96.";"8.";"0.00";"0.00";"0.00"
"2020";"1";"18";"6";"1";"410";"217.";"3.8";"6.2";"95.";"8.";"0.00";"0.00";"0.00"
"2020";"1";"18";"6";"2";"411";"222.";"3.9";"6.3";"96.";"8.";"0.00";"0.00";"0.00"
"2020";"1";"18";"6";"3";"412";"222.";"3.2";"6.3";"96.";"8.";"0.00";"0.00";"0.00"
"2020";"1";"18";"6";"4";"413";"211.";"4.0";"6.4";"97.";"8.";"0.00";"0.00";"0.00"
"2020";"1";"18";"6";"5";"414";"217.";"4.6";"6.5";"96.";"8.";"0.00";"0.00";"0.00"
"2020";"1";"18";"6";"6";"415";"208.";"5.2";"6.3";"95.";"8.";"0.00";"0.00";"0.00"
"2020";"1";"18";"6";"7";"416";"201.";"5.8";"6.3";"94.";"8.";"0.00";"0.00";"0.00"
"2020";"1";"18";"6";"8";"417";"207.";"6.4";"6.1";"94.";"8.";"0.00";"0.00";"0.00"
"2020";"1";"18";"6";"9";"418";"210.";"6.8";"5.9";"92.";"8.";"7.39";"0.00";"7.39"
"2020";"1";"18";"6";"10";"419";"213.";"7.8";"5.7";"90.";"8.";"34.99";"0.00";"34.99"
"2020";"1";"18";"6";"11";"420";"224.";"6.4";"5.4";"90.";"8.";"46.09";"0.00";"46.09"
"2020";"1";"18";"6";"12";"421";"223.";"7.9";"5.2";"93.";"8.";"26.57";"0.00";"26.57"
"2020";"1";"18";"6";"13";"422";"226.";"7.2";"4.9";"92.";"8.";"20.51";"0.00";"20.51"
"2020";"1";"18";"6";"14";"423";"251.";"6.4";"5.5";"92.";"8.";"7.15";"0.00";"7.15"
"2020";"1";"18";"6";"15";"424";"254.";"5.8";"6.0";"91.";"8.";"0.00";"0.00";"0.00"
"2020";"1";"18";"6";"16";"425";"265.";"5.9";"6.2";"90.";"8.";"0.00";"0.00";"0.00"
"2020";"1";"18";"6";"17";"426";"266.";"5.3";"6.2";"88.";"8.";"0.00";"0.00";"0.00"
"2020";"1";"18";"6";"18";"427";"263.";"4.7";"5.8";"89.";"8.";"0.00";"0.00";"0.00"
"2020";"1";"18";"6";"19";"428";"269.";"4.7";"5.8";"88.";"8.";"0.00";"0.00";"0.00"
"2020";"1";"18";"6";"20";"429";"282.";"5.2";"5.9";"85.";"8.";"0.00";"0.00";"0.00"
"2020";"1";"18";"6";"21";"430";"283.";"5.1";"6.0";"83.";"8.";"0.00";"0.00";"0.00"
"2020";"1";"18";"6";"22";"431";"285.";"4.7";"5.5";"84.";"8.";"0.00";"0.00";"0.00"
"2020";"1";"18";"6";"23";"432";"284.";"4.0";"5.4";"86.";"1.";"0.00";"0.00";"0.00"
"2020";"1";"19";"7";"0";"433";"286.";"3.5";"5.0";"86.";"0.";"0.00";"0.00";"0.00"
"2020";"1";"19";"7";"1";"434";"291.";"2.7";"4.4";"87.";"1.";"0.00";"0.00";"0.00"
"2020";"1";"19";"7";"2";"435";"288.";"2.9";"4.1";"89.";"0.";"0.00";"0.00";"0.00"
"2020";"1";"19";"7";"3";"436";"288.";"2.7";"3.6";"89.";"0.";"0.00";"0.00";"0.00"
"2020";"1";"19";"7";"4";"437";"292.";"2.6";"2.8";"89.";"0.";"0.00";"0.00";"0.00"
"2020";"1";"19";"7";"5";"438";"292.";"2.9";"2.5";"89.";"0.";"0.00";"0.00";"0.00"
"2020";"1";"19";"7";"6";"439";"292.";"3.4";"3.0";"88.";"0.";"0.00";"0.00";"0.00"
"2020";"1";"19";"7";"7";"440";"289.";"2.7";"2.3";"88.";"0.";"0.00";"0.00";"0.00"
"2020";"1";"19";"7";"8";"441";"294.";"2.4";"0.9";"89.";"0.";"0.00";"0.00";"0.00"
"2020";"1";"19";"7";"9";"442";"298.";"2.1";"1.8";"89.";"0.";"56.29";"290.17";"28.38"
"2020";"1";"19";"7";"10";"443";"315.";"2.4";"3.9";"85.";"0.";"128.79";"469.67";"52.96"
"2020";"1";"19";"7";"11";"444";"318.";"2.6";"5.6";"80.";"0.";"171.00";"598.06";"54.25"
"2020";"1";"19";"7";"12";"445";"322.";"2.9";"6.7";"73.";"0.";"172.82";"625.28";"50.75"
"2020";"1";"19";"7";"13";"446";"320.";"2.8";"6.4";"68.";"0.";"133.59";"542.86";"45.95"
"2020";"1";"19";"7";"14";"447";"316.";"2.4";"5.7";"68.";"0.";"58.69";"360.94";"23.97"
"2020";"1";"19";"7";"15";"448";"297.";"1.6";"4.1";"74.";"1.";"0.00";"0.00";"0.00"
"2020";"1";"19";"7";"16";"449";"305.";"1.5";"2.3";"81.";"0.";"0.00";"0.00";"0.00"
"2020";"1";"19";"7";"17";"450";"300.";"1.2";"1.4";"84.";"0.";"0.00";"0.00";"0.00"
"2020";"1";"19";"7";"18";"451";"286.";"1.1";"0.1";"87.";"8.";"0.00";"0.00";"0.00"
"2020";"1";"19";"7";"19";"452";"245.";"0.6";"-0.1";"89.";"8.";"0.00";"0.00";"0.00"
"2020";"1";"19";"7";"20";"453";"232.";"0.7";"0.0";"90.";"7.";"0.00";"0.00";"0.00"
"2020";"1";"19";"7";"21";"454";"224.";"1.5";"0.1";"90.";"6.";"0.00";"0.00";"0.00"
"2020";"1";"19";"7";"22";"455";"220.";"1.4";"-0.5";"91.";"8.";"0.00";"0.00";"0.00"
"2020";"1";"19";"7";"23";"456";"219.";"1.8";"-0.6";"92.";"7.";"0.00";"0.00";"0.00"
"2020";"1";"20";"1";"0";"457";"228.";"1.8";"0.1";"94.";"7.";"0.00";"0.00";"0.00"
"2020";"1";"20";"1";"1";"458";"246.";"1.7";"0.3";"94.";"8.";"0.00";"0.00";"0.00"
"2020";"1";"20";"1";"2";"459";"268.";"1.7";"1.8";"94.";"8.";"0.00";"0.00";"0.00"
"2020";"1";"20";"1";"3";"460";"275.";"2.2";"3.4";"94.";"7.";"0.00";"0.00";"0.00"
"2020";"1";"20";"1";"4";"461";"274.";"3.1";"4.5";"95.";"6.";"0.00";"0.00";"0.00"
"2020";"1";"20";"1";"5";"462";"275.";"5.2";"5.5";"91.";"6.";"0.00";"0.00";"0.00"
"2020";"1";"20";"1";"6";"463";"267.";"5.8";"5.7";"89.";"8.";"0.00";"0.00";"0.00"
"2020";"1";"20";"1";"7";"464";"263.";"5.9";"5.9";"91.";"6.";"0.00";"0.00";"0.00"
"2020";"1";"20";"1";"8";"465";"258.";"5.6";"5.9";"91.";"8.";"0.00";"0.00";"0.00"
"2020";"1";"20";"1";"9";"466";"254.";"5.2";"6.3";"90.";"8.";"14.61";"0.00";"14.61"
"2020";"1";"20";"1";"10";"467";"248.";"5.1";"6.5";"89.";"8.";"36.18";"0.00";"36.18"
"2020";"1";"20";"1";"11";"468";"245.";"4.9";"6.5";"89.";"8.";"46.89";"0.00";"46.89"
"2020";"1";"20";"1";"12";"469";"249.";"5.1";"6.6";"88.";"8.";"46.87";"0.00";"46.87"
"2020";"1";"20";"1";"13";"470";"256.";"5.2";"6.9";"87.";"8.";"35.73";"0.00";"35.73"
"2020";"1";"20";"1";"14";"471";"254.";"4.7";"6.6";"86.";"7.";"19.68";"23.59";"17.34"
"2020";"1";"20";"1";"15";"472";"253.";"4.1";"6.4";"87.";"8.";"0.00";"0.00";"0.00"
"2020";"1";"20";"1";"16";"473";"250.";"4.5";"6.5";"88.";"8.";"0.00";"0.00";"0.00"
"2020";"1";"20";"1";"17";"474";"250.";"4.2";"6.6";"89.";"8.";"0.00";"0.00";"0.00"
"2020";"1";"20";"1";"18";"475";"245.";"4.3";"6.4";"90.";"7.";"0.00";"0.00";"0.00"
"2020";"1";"20";"1";"19";"476";"249.";"4.5";"6.2";"90.";"7.";"0.00";"0.00";"0.00"
"2020";"1";"20";"1";"20";"477";"250.";"4.8";"6.1";"90.";"4.";"0.00";"0.00";"0.00"
"2020";"1";"20";"1";"21";"478";"250.";"5.1";"6.0";"89.";"6.";"0.00";"0.00";"0.00"
"2020";"1";"20";"1";"22";"479";"255.";"5.6";"6.0";"89.";"6.";"0.00";"0.00";"0.00"
"2020";"1";"20";"1";"23";"480";"253.";"5.1";"6.1";"90.";"7.";"0.00";"0.00";"0.00"
"2020";"1";"21";"2";"0";"481";"256.";"6.0";"6.2";"91.";"8.";"0.00";"0.00";"0.00"
"2020";"1";"21";"2";"1";"482";"255.";"7.8";"6.3";"92.";"8.";"0.00";"0.00";"0.00"
"2020";"1";"21";"2";"2";"483";"252.";"7.7";"6.4";"93.";"8.";"0.00";"0.00";"0.00"
"2020";"1";"21";"2";"3";"484";"250.";"7.9";"6.4";"92.";"8.";"0.00";"0.00";"0.00"
"2020";"1";"21";"2";"4";"485";"250.";"7.6";"6.4";"91.";"8.";"0.00";"0.00";"0.00"
"2020";"1";"21";"2";"5";"486";"257.";"7.5";"6.5";"91.";"8.";"0.00";"0.00";"0.00"
"2020";"1";"21";"2";"6";"487";"264.";"7.3";"6.7";"92.";"8.";"0.00";"0.00";"0.00"
"2020";"1";"21";"2";"7";"488";"265.";"7.5";"7.1";"90.";"8.";"0.00";"0.00";"0.00"
"2020";"1";"21";"2";"8";"489";"262.";"7.4";"7.1";"91.";"8.";"0.00";"0.00";"0.00"
"2020";"1";"21";"2";"9";"490";"267.";"6.5";"7.3";"91.";"8.";"14.40";"0.00";"14.40"
"2020";"1";"21";"2";"10";"491";"270.";"6.2";"7.6";"91.";"2.";"98.51";"212.02";"62.91"
"2020";"1";"21";"2";"11";"492";"274.";"6.3";"7.8";"90.";"4.";"106.45";"176.43";"70.86"
"2020";"1";"21";"2";"12";"493";"274.";"6.1";"7.5";"91.";"7.";"64.08";"45.96";"54.81"
"2020";"1";"21";"2";"13";"494";"271.";"5.4";"7.7";"89.";"8.";"36.77";"0.00";"36.77"
"2020";"1";"21";"2";"14";"495";"267.";"3.9";"7.2";"87.";"8.";"15.45";"0.00";"15.45"
"2020";"1";"21";"2";"15";"496";"272.";"5.5";"6.9";"84.";"8.";"0.00";"0.00";"0.00"
"2020";"1";"21";"2";"16";"497";"278.";"5.7";"6.4";"85.";"8.";"0.00";"0.00";"0.00"
"2020";"1";"21";"2";"17";"498";"273.";"5.0";"6.2";"84.";"8.";"0.00";"0.00";"0.00"
"2020";"1";"21";"2";"18";"499";"272.";"4.0";"6.2";"84.";"8.";"0.00";"0.00";"0.00"
"2020";"1";"21";"2";"19";"500";"280.";"5.7";"6.2";"81.";"7.";"0.00";"0.00";"0.00"
"2020";"1";"21";"2";"20";"501";"285.";"5.8";"6.1";"80.";"8.";"0.00";"0.00";"0.00"
"2020";"1";"21";"2";"21";"502";"285.";"5.6";"6.0";"79.";"8.";"0.00";"0.00";"0.00"
"2020";"1";"21";"2";"22";"503";"291.";"6.3";"6.0";"76.";"8.";"0.00";"0.00";"0.00"
"2020";"1";"21";"2";"23";"504";"294.";"6.0";"5.9";"77.";"8.";"0.00";"0.00";"0.00"
"2020";"1";"22";"3";"0";"505";"299.";"6.6";"6.2";"76.";"8.";"0.00";"0.00";"0.00"
"2020";"1";"22";"3";"1";"506";"305.";"7.0";"6.1";"74.";"8.";"0.00";"0.00";"0.00"
"2020";"1";"22";"3";"2";"507";"306.";"7.3";"6.1";"73.";"6.";"0.00";"0.00";"0.00"
"2020";"1";"22";"3";"3";"508";"306.";"7.3";"6.2";"76.";"4.";"0.00";"0.00";"0.00"
"2020";"1";"22";"3";"4";"509";"310.";"6.8";"6.2";"76.";"0.";"0.00";"0.00";"0.00"
"2020";"1";"22";"3";"5";"510";"309.";"6.7";"6.2";"77.";"0.";"0.00";"0.00";"0.00"
"2020";"1";"22";"3";"6";"511";"309.";"6.5";"6.1";"77.";"0.";"0.00";"0.00";"0.00"
"2020";"1";"22";"3";"7";"512";"312.";"5.8";"6.1";"76.";"0.";"0.00";"0.00";"0.00"
"2020";"1";"22";"3";"8";"513";"318.";"4.9";"5.9";"77.";"0.";"0.00";"0.00";"0.00"
"2020";"1";"22";"3";"9";"514";"333.";"4.3";"6.2";"75.";"0.";"62.13";"285.53";"31.92"
"2020";"1";"22";"3";"10";"515";"332.";"4.5";"7.0";"67.";"0.";"140.06";"476.14";"58.51"
"2020";"1";"22";"3";"11";"516";"334.";"4.5";"7.7";"58.";"0.";"184.62";"579.64";"65.69"
"2020";"1";"22";"3";"12";"517";"340.";"4.3";"8.0";"51.";"0.";"184.63";"552.59";"71.25"
"2020";"1";"22";"3";"13";"518";"340.";"3.9";"7.6";"49.";"0.";"148.41";"539.23";"56.05"
"2020";"1";"22";"3";"14";"519";"340.";"3.0";"7.0";"49.";"0.";"73.97";"407.28";"30.88"
"2020";"1";"22";"3";"15";"520";"330.";"1.6";"5.3";"54.";"0.";"0.00";"0.00";"0.00"
"2020";"1";"22";"3";"16";"521";"321.";"1.3";"3.3";"63.";"0.";"0.00";"0.00";"0.00"
"2020";"1";"22";"3";"17";"522";"347.";"0.4";"1.8";"71.";"0.";"0.00";"0.00";"0.00"
"2020";"1";"22";"3";"18";"523";"60.";"0.2";"0.0";"76.";"0.";"0.00";"0.00";"0.00"
"2020";"1";"22";"3";"19";"524";"140.";"0.1";"-0.8";"78.";"0.";"0.00";"0.00";"0.00"
"2020";"1";"22";"3";"20";"525";"241.";"0.6";"-1.1";"83.";"0.";"0.00";"0.00";"0.00"
"2020";"1";"22";"3";"21";"526";"202.";"0.8";"-1.7";"85.";"1.";"0.00";"0.00";"0.00"
"2020";"1";"22";"3";"22";"527";"196.";"1.1";"-2.1";"87.";"0.";"0.00";"0.00";"0.00"
"2020";"1";"22";"3";"23";"528";"163.";"1.3";"-1.9";"91.";"0.";"0.00";"0.00";"0.00"
"2020";"1";"23";"4";"0";"529";"166.";"1.6";"-1.9";"92.";"0.";"0.00";"0.00";"0.00"
"2020";"1";"23";"4";"1";"530";"160.";"2.2";"-2.1";"92.";"2.";"0.00";"0.00";"0.00"
"2020";"1";"23";"4";"2";"531";"207.";"2.3";"-1.7";"93.";"8.";"0.00";"0.00";"0.00"
"2020";"1";"23";"4";"3";"532";"208.";"2.6";"-0.1";"93.";"6.";"0.00";"0.00";"0.00"
"2020";"1";"23";"4";"4";"533";"227.";"2.8";"1.3";"94.";"6.";"0.00";"0.00";"0.00"
"2020";"1";"23";"4";"5";"534";"226.";"2.1";"1.6";"94.";"3.";"0.00";"0.00";"0.00"
"2020";"1";"23";"4";"6";"535";"240.";"2.5";"2.7";"93.";"7.";"0.00";"0.00";"0.00"
"2020";"1";"23";"4";"7";"536";"258.";"4.0";"4.9";"94.";"8.";"0.00";"0.00";"0.00"
"2020";"1";"23";"4";"8";"537";"260.";"5.1";"5.3";"94.";"6.";"0.00";"0.00";"0.00"
"2020";"1";"23";"4";"9";"538";"264.";"6.1";"5.5";"96.";"8.";"16.40";"0.00";"16.40"
"2020";"1";"23";"4";"10";"539";"262.";"6.3";"5.8";"96.";"7.";"52.94";"45.80";"44.93"
"2020";"1";"23";"4";"11";"540";"257.";"6.4";"6.0";"96.";"8.";"47.95";"0.00";"47.95"
"2020";"1";"23";"4";"12";"541";"262.";"6.3";"6.3";"96.";"8.";"41.16";"0.00";"41.16"
"2020";"1";"23";"4";"13";"542";"260.";"5.8";"6.7";"96.";"8.";"32.10";"0.00";"32.10"
"2020";"1";"23";"4";"14";"543";"253.";"5.3";"6.8";"96.";"8.";"14.00";"0.00";"14.00"
"2020";"1";"23";"4";"15";"544";"245.";"5.4";"7.1";"96.";"8.";"0.00";"0.00";"0.00"
"2020";"1";"23";"4";"16";"545";"252.";"5.2";"7.1";"96.";"8.";"0.00";"0.00";"0.00"
"2020";"1";"23";"4";"17";"546";"250.";"5.0";"7.2";"95.";"8.";"0.00";"0.00";"0.00"
"2020";"1";"23";"4";"18";"547";"248.";"5.1";"7.1";"96.";"8.";"0.00";"0.00";"0.00"
"2020";"1";"23";"4";"19";"548";"241.";"5.4";"7.0";"95.";"8.";"0.00";"0.00";"0.00"
"2020";"1";"23";"4";"20";"549";"240.";"4.7";"6.6";"96.";"8.";"0.00";"0.00";"0.00"
"2020";"1";"23";"4";"21";"550";"246.";"5.5";"6.5";"94.";"8.";"0.00";"0.00";"0.00"
"2020";"1";"23";"4";"22";"551";"246.";"4.9";"6.6";"92.";"8.";"0.00";"0.00";"0.00"
"2020";"1";"23";"4";"23";"552";"255.";"5.5";"6.6";"91.";"8.";"0.00";"0.00";"0.00"
"2020";"1";"24";"5";"0";"553";"253.";"6.3";"6.5";"91.";"8.";"0.00";"0.00";"0.00"
"2020";"1";"24";"5";"1";"554";"251.";"6.1";"6.5";"92.";"8.";"0.00";"0.00";"0.00"
"2020";"1";"24";"5";"2";"555";"252.";"6.0";"6.4";"92.";"8.";"0.00";"0.00";"0.00"
"2020";"1";"24";"5";"3";"556";"252.";"6.3";"6.4";"92.";"8.";"0.00";"0.00";"0.00"
"2020";"1";"24";"5";"4";"557";"253.";"6.7";"6.3";"93.";"8.";"0.00";"0.00";"0.00"
"2020";"1";"24";"5";"5";"558";"252.";"6.5";"6.3";"94.";"8.";"0.00";"0.00";"0.00"
"2020";"1";"24";"5";"6";"559";"252.";"6.1";"6.4";"94.";"8.";"0.00";"0.00";"0.00"
"2020";"1";"24";"5";"7";"560";"252.";"6.0";"6.5";"93.";"8.";"0.00";"0.00";"0.00"
"2020";"1";"24";"5";"8";"561";"254.";"5.9";"6.6";"93.";"8.";"0.00";"0.00";"0.00"
"2020";"1";"24";"5";"9";"562";"256.";"6.0";"6.8";"93.";"8.";"18.18";"0.00";"18.18"
"2020";"1";"24";"5";"10";"563";"254.";"5.8";"6.9";"94.";"8.";"39.27";"0.00";"39.27"
"2020";"1";"24";"5";"11";"564";"257.";"6.3";"6.8";"94.";"8.";"50.57";"0.00";"50.57"
"2020";"1";"24";"5";"12";"565";"258.";"5.9";"6.7";"92.";"7.";"72.94";"60.39";"60.12"
"2020";"1";"24";"5";"13";"566";"260.";"6.3";"6.9";"88.";"6.";"72.80";"132.13";"49.23"
"2020";"1";"24";"5";"14";"567";"255.";"6.3";"6.4";"87.";"7.";"26.92";"37.55";"22.69"
"2020";"1";"24";"5";"15";"568";"263.";"6.8";"6.3";"84.";"7.";"0.00";"0.00";"0.00"
"2020";"1";"24";"5";"16";"569";"264.";"6.3";"6.2";"86.";"2.";"0.00";"0.00";"0.00"
"2020";"1";"24";"5";"17";"570";"265.";"6.6";"6.0";"86.";"5.";"0.00";"0.00";"0.00"
"2020";"1";"24";"5";"18";"571";"264.";"5.8";"5.8";"85.";"6.";"0.00";"0.00";"0.00"
"2020";"1";"24";"5";"19";"572";"268.";"5.5";"5.8";"85.";"7.";"0.00";"0.00";"0.00"
"2020";"1";"24";"5";"20";"573";"273.";"5.3";"5.8";"85.";"7.";"0.00";"0.00";"0.00"
"2020";"1";"24";"5";"21";"574";"272.";"5.0";"5.5";"85.";"5.";"0.00";"0.00";"0.00"
"2020";"1";"24";"5";"22";"575";"276.";"5.7";"5.5";"84.";"8.";"0.00";"0.00";"0.00"
"2020";"1";"24";"5";"23";"576";"281.";"5.3";"5.7";"83.";"8.";"0.00";"0.00";"0.00"
"2020";"1";"25";"6";"0";"577";"281.";"5.7";"5.9";"82.";"8.";"0.00";"0.00";"0.00"
"2020";"1";"25";"6";"1";"578";"283.";"5.9";"5.8";"81.";"8.";"0.00";"0.00";"0.00"
"2020";"1";"25";"6";"2";"579";"283.";"5.3";"5.7";"79.";"8.";"0.00";"0.00";"0.00"
"2020";"1";"25";"6";"3";"580";"284.";"5.0";"5.7";"80.";"8.";"0.00";"0.00";"0.00"
"2020";"1";"25";"6";"4";"581";"283.";"5.2";"5.7";"80.";"8.";"0.00";"0.00";"0.00"
"2020";"1";"25";"6";"5";"582";"286.";"5.5";"5.8";"81.";"8.";"0.00";"0.00";"0.00"
"2020";"1";"25";"6";"6";"583";"287.";"4.9";"5.6";"81.";"8.";"0.00";"0.00";"0.00"
"2020";"1";"25";"6";"7";"584";"285.";"4.6";"5.2";"83.";"8.";"0.00";"0.00";"0.00"
"2020";"1";"25";"6";"8";"585";"284.";"4.1";"5.4";"85.";"6.";"0.00";"0.00";"0.00"
"2020";"1";"25";"6";"9";"586";"281.";"3.8";"6.2";"84.";"7.";"28.84";"37.64";"24.47"
"2020";"1";"25";"6";"10";"587";"278.";"3.8";"6.8";"84.";"8.";"43.92";"0.00";"43.92"
"2020";"1";"25";"6";"11";"588";"277.";"4.1";"6.6";"84.";"6.";"92.60";"114.85";"67.79"
"2020";"1";"25";"6";"12";"589";"264.";"3.3";"6.6";"85.";"8.";"56.19";"0.00";"56.19"
"2020";"1";"25";"6";"13";"590";"242.";"3.1";"6.7";"86.";"8.";"43.39";"0.00";"43.39"
"2020";"1";"25";"6";"14";"591";"239.";"4.2";"6.5";"87.";"3.";"52.97";"185.08";"31.46"
"2020";"1";"25";"6";"15";"592";"236.";"3.4";"6.1";"88.";"4.";"0.00";"0.00";"0.00"
"2020";"1";"25";"6";"16";"593";"220.";"2.8";"5.3";"89.";"7.";"0.00";"0.00";"0.00"
"2020";"1";"25";"6";"17";"594";"232.";"4.0";"5.3";"89.";"8.";"0.00";"0.00";"0.00"
"2020";"1";"25";"6";"18";"595";"224.";"3.4";"5.3";"89.";"8.";"0.00";"0.00";"0.00"
"2020";"1";"25";"6";"19";"596";"219.";"3.7";"5.9";"89.";"8.";"0.00";"0.00";"0.00"
"2020";"1";"25";"6";"20";"597";"226.";"4.5";"6.0";"94.";"8.";"0.00";"0.00";"0.00"
"2020";"1";"25";"6";"21";"598";"234.";"5.3";"6.2";"94.";"8.";"0.00";"0.00";"0.00"
"2020";"1";"25";"6";"22";"599";"234.";"5.0";"6.1";"95.";"8.";"0.00";"0.00";"0.00"
"2020";"1";"25";"6";"23";"600";"231.";"4.6";"5.9";"94.";"8.";"0.00";"0.00";"0.00"
"2020";"1";"26";"7";"0";"601";"240.";"5.8";"5.6";"95.";"8.";"0.00";"0.00";"0.00"
"2020";"1";"26";"7";"1";"602";"227.";"4.9";"5.6";"94.";"8.";"0.00";"0.00";"0.00"
"2020";"1";"26";"7";"2";"603";"225.";"4.7";"5.5";"94.";"8.";"0.00";"0.00";"0.00"
"2020";"1";"26";"7";"3";"604";"227.";"5.6";"5.4";"94.";"8.";"0.00";"0.00";"0.00"
"2020";"1";"26";"7";"4";"605";"228.";"5.5";"5.4";"95.";"8.";"0.00";"0.00";"0.00"
"2020";"1";"26";"7";"5";"606";"228.";"5.8";"5.2";"94.";"8.";"0.00";"0.00";"0.00"
"2020";"1";"26";"7";"6";"607";"227.";"5.7";"5.1";"93.";"8.";"0.00";"0.00";"0.00"
"2020";"1";"26";"7";"7";"608";"227.";"5.4";"5.1";"92.";"8.";"0.00";"0.00";"0.00"
"2020";"1";"26";"7";"8";"609";"229.";"5.7";"5.2";"92.";"8.";"0.00";"0.00";"0.00"
"2020";"1";"26";"7";"9";"610";"227.";"5.3";"5.5";"91.";"8.";"22.46";"0.00";"22.46"
"2020";"1";"26";"7";"10";"611";"224.";"5.4";"5.4";"93.";"8.";"39.90";"0.00";"39.90"
"2020";"1";"26";"7";"11";"612";"229.";"5.2";"5.7";"92.";"8.";"55.11";"0.00";"55.11"
"2020";"1";"26";"7";"12";"613";"226.";"5.3";"5.9";"91.";"8.";"55.29";"0.00";"55.29"
"2020";"1";"26";"7";"13";"614";"222.";"5.1";"6.0";"90.";"8.";"43.97";"0.00";"43.97"
"2020";"1";"26";"7";"14";"615";"223.";"5.2";"6.0";"90.";"8.";"21.65";"0.00";"21.65"
"2020";"1";"26";"7";"15";"616";"226.";"5.4";"6.0";"92.";"8.";"0.00";"0.00";"0.00"
"2020";"1";"26";"7";"16";"617";"220.";"5.1";"5.8";"91.";"8.";"0.00";"0.00";"0.00"
"2020";"1";"26";"7";"17";"618";"216.";"5.5";"5.6";"91.";"8.";"0.00";"0.00";"0.00"
"2020";"1";"26";"7";"18";"619";"214.";"5.9";"5.4";"91.";"8.";"0.00";"0.00";"0.00"
"2020";"1";"26";"7";"19";"620";"212.";"5.8";"5.4";"90.";"8.";"0.00";"0.00";"0.00"
"2020";"1";"26";"7";"20";"621";"204.";"5.3";"5.1";"90.";"8.";"0.00";"0.00";"0.00"
"2020";"1";"26";"7";"21";"622";"205.";"5.2";"5.0";"90.";"8.";"0.00";"0.00";"0.00"
"2020";"1";"26";"7";"22";"623";"200.";"4.1";"4.9";"92.";"8.";"0.00";"0.00";"0.00"
"2020";"1";"26";"7";"23";"624";"209.";"3.6";"4.8";"93.";"8.";"0.00";"0.00";"0.00"
"2020";"1";"27";"1";"0";"625";"210.";"4.3";"4.6";"92.";"8.";"0.00";"0.00";"0.00"
"2020";"1";"27";"1";"1";"626";"204.";"4.1";"4.5";"93.";"8.";"0.00";"0.00";"0.00"
"2020";"1";"27";"1";"2";"627";"184.";"3.8";"4.5";"93.";"8.";"0.00";"0.00";"0.00"
"2020";"1";"27";"1";"3";"628";"187.";"4.5";"4.4";"93.";"8.";"0.00";"0.00";"0.00"
"2020";"1";"27";"1";"4";"629";"175.";"4.0";"4.4";"93.";"8.";"0.00";"0.00";"0.00"
"2020";"1";"27";"1";"5";"630";"160.";"4.2";"4.6";"93.";"8.";"0.00";"0.00";"0.00"
"2020";"1";"27";"1";"6";"631";"159.";"5.3";"4.5";"94.";"8.";"0.00";"0.00";"0.00"
"2020";"1";"27";"1";"7";"632";"163.";"5.8";"4.1";"94.";"8.";"0.00";"0.00";"0.00"
"2020";"1";"27";"1";"8";"633";"170.";"6.4";"4.2";"95.";"8.";"0.00";"0.00";"0.00"
"2020";"1";"27";"1";"9";"634";"169.";"6.5";"4.5";"95.";"8.";"19.45";"0.00";"19.45"
"2020";"1";"27";"1";"10";"635";"169.";"6.3";"4.7";"95.";"8.";"23.82";"0.00";"23.82"
"2020";"1";"27";"1";"11";"636";"169.";"6.8";"4.8";"94.";"8.";"31.88";"0.00";"31.88"
"2020";"1";"27";"1";"12";"637";"172.";"7.0";"4.7";"94.";"8.";"30.42";"0.00";"30.42"
"2020";"1";"27";"1";"13";"638";"175.";"6.7";"4.9";"94.";"8.";"24.64";"0.00";"24.64"
"2020";"1";"27";"1";"14";"639";"197.";"6.1";"5.4";"95.";"8.";"11.99";"0.00";"11.99"
"2020";"1";"27";"1";"15";"640";"201.";"4.1";"5.8";"95.";"8.";"0.00";"0.00";"0.00"
"2020";"1";"27";"1";"16";"641";"206.";"4.0";"5.9";"95.";"8.";"0.00";"0.00";"0.00"
"2020";"1";"27";"1";"17";"642";"209.";"4.0";"5.7";"94.";"8.";"0.00";"0.00";"0.00"
"2020";"1";"27";"1";"18";"643";"197.";"3.3";"5.6";"94.";"8.";"0.00";"0.00";"0.00"
"2020";"1";"27";"1";"19";"644";"175.";"2.9";"5.8";"94.";"8.";"0.00";"0.00";"0.00"
"2020";"1";"27";"1";"20";"645";"178.";"4.4";"6.0";"94.";"8.";"0.00";"0.00";"0.00"
"2020";"1";"27";"1";"21";"646";"195.";"4.4";"5.9";"94.";"8.";"0.00";"0.00";"0.00"
"2020";"1";"27";"1";"22";"647";"193.";"5.4";"5.9";"94.";"8.";"0.00";"0.00";"0.00"
"2020";"1";"27";"1";"23";"648";"195.";"5.7";"5.9";"95.";"8.";"0.00";"0.00";"0.00"
"2020";"1";"28";"2";"0";"649";"185.";"4.5";"5.8";"95.";"8.";"0.00";"0.00";"0.00"
"2020";"1";"28";"2";"1";"650";"172.";"4.2";"5.7";"95.";"8.";"0.00";"0.00";"0.00"
"2020";"1";"28";"2";"2";"651";"167.";"3.7";"5.6";"95.";"8.";"0.00";"0.00";"0.00"
"2020";"1";"28";"2";"3";"652";"156.";"3.3";"5.5";"95.";"8.";"0.00";"0.00";"0.00"
"2020";"1";"28";"2";"4";"653";"147.";"3.0";"5.5";"95.";"8.";"0.00";"0.00";"0.00"
"2020";"1";"28";"2";"5";"654";"126.";"2.7";"5.5";"94.";"8.";"0.00";"0.00";"0.00"
"2020";"1";"28";"2";"6";"655";"120.";"2.6";"5.5";"95.";"8.";"0.00";"0.00";"0.00"
"2020";"1";"28";"2";"7";"656";"102.";"2.8";"5.5";"93.";"8.";"0.00";"0.00";"0.00"
"2020";"1";"28";"2";"8";"657";"103.";"3.1";"5.4";"93.";"8.";"0.00";"0.00";"0.00"
"2020";"1";"28";"2";"9";"658";"96.";"3.3";"5.2";"93.";"8.";"13.72";"0.00";"13.72"
"2020";"1";"28";"2";"10";"659";"110.";"3.3";"5.3";"93.";"8.";"26.92";"0.00";"26.92"
"2020";"1";"28";"2";"11";"660";"107.";"3.9";"5.3";"93.";"8.";"33.46";"0.00";"33.46"
"2020";"1";"28";"2";"12";"661";"113.";"3.4";"5.0";"92.";"8.";"33.76";"0.00";"33.76"
"2020";"1";"28";"2";"13";"662";"124.";"4.1";"4.8";"91.";"8.";"28.31";"0.00";"28.31"
"2020";"1";"28";"2";"14";"663";"130.";"4.0";"4.6";"92.";"8.";"14.46";"0.00";"14.46"
"2020";"1";"28";"2";"15";"664";"138.";"4.1";"4.6";"92.";"8.";"0.00";"0.00";"0.00"
"2020";"1";"28";"2";"16";"665";"149.";"3.7";"4.6";"94.";"8.";"0.00";"0.00";"0.00"
"2020";"1";"28";"2";"17";"666";"158.";"4.1";"4.9";"93.";"8.";"0.00";"0.00";"0.00"
"2020";"1";"28";"2";"18";"667";"165.";"4.0";"5.2";"93.";"8.";"0.00";"0.00";"0.00"
"2020";"1";"28";"2";"19";"668";"189.";"4.2";"5.0";"92.";"8.";"0.00";"0.00";"0.00"
"2020";"1";"28";"2";"20";"669";"191.";"3.9";"4.7";"91.";"7.";"0.00";"0.00";"0.00"
"2020";"1";"28";"2";"21";"670";"196.";"4.1";"4.7";"91.";"8.";"0.00";"0.00";"0.00"
"2020";"1";"28";"2";"22";"671";"201.";"3.7";"4.7";"90.";"8.";"0.00";"0.00";"0.00"
"2020";"1";"28";"2";"23";"672";"202.";"3.6";"4.6";"89.";"8.";"0.00";"0.00";"0.00"
"2020";"1";"29";"3";"0";"673";"207.";"4.1";"4.5";"90.";"7.";"0.00";"0.00";"0.00"
"2020";"1";"29";"3";"1";"674";"206.";"4.9";"4.6";"91.";"8.";"0.00";"0.00";"0.00"
"2020";"1";"29";"3";"2";"675";"212.";"5.0";"4.7";"91.";"8.";"0.00";"0.00";"0.00"
"2020";"1";"29";"3";"3";"676";"217.";"4.7";"4.7";"91.";"8.";"0.00";"0.00";"0.00"
"2020";"1";"29";"3";"4";"677";"212.";"4.5";"4.8";"91.";"8.";"0.00";"0.00";"0.00"
"2020";"1";"29";"3";"5";"678";"212.";"5.0";"4.9";"90.";"8.";"0.00";"0.00";"0.00"
"2020";"1";"29";"3";"6";"679";"216.";"5.2";"4.6";"91.";"8.";"0.00";"0.00";"0.00"
"2020";"1";"29";"3";"7";"680";"222.";"4.6";"4.5";"90.";"8.";"0.00";"0.00";"0.00"
"2020";"1";"29";"3";"8";"681";"221.";"4.9";"4.5";"91.";"8.";"0.00";"0.00";"0.00"
"2020";"1";"29";"3";"9";"682";"233.";"5.0";"4.6";"91.";"8.";"16.10";"0.00";"16.10"
"2020";"1";"29";"3";"10";"683";"247.";"4.3";"4.5";"91.";"8.";"26.17";"0.00";"26.17"
"2020";"1";"29";"3";"11";"684";"254.";"4.5";"4.7";"90.";"8.";"35.97";"0.00";"35.97"
"2020";"1";"29";"3";"12";"685";"267.";"5.1";"4.8";"91.";"8.";"63.04";"0.00";"63.04"
"2020";"1";"29";"3";"13";"686";"272.";"5.1";"4.6";"90.";"8.";"53.54";"0.00";"53.54"
"2020";"1";"29";"3";"14";"687";"282.";"4.4";"4.8";"87.";"8.";"29.80";"0.00";"29.80"
"2020";"1";"29";"3";"15";"688";"285.";"3.8";"4.8";"82.";"7.";"0.00";"0.00";"0.00"
"2020";"1";"29";"3";"16";"689";"273.";"3.1";"4.6";"83.";"4.";"0.00";"0.00";"0.00"
"2020";"1";"29";"3";"17";"690";"269.";"2.6";"4.5";"86.";"8.";"0.00";"0.00";"0.00"
"2020";"1";"29";"3";"18";"691";"245.";"2.0";"4.4";"88.";"5.";"0.00";"0.00";"0.00"
"2020";"1";"29";"3";"19";"692";"206.";"1.7";"4.2";"89.";"2.";"0.00";"0.00";"0.00"
"2020";"1";"29";"3";"20";"693";"227.";"2.7";"4.6";"90.";"8.";"0.00";"0.00";"0.00"
"2020";"1";"29";"3";"21";"694";"218.";"1.7";"4.1";"91.";"8.";"0.00";"0.00";"0.00"
"2020";"1";"29";"3";"22";"695";"200.";"1.2";"2.6";"93.";"7.";"0.00";"0.00";"0.00"
"2020";"1";"29";"3";"23";"696";"250.";"2.1";"3.0";"94.";"8.";"0.00";"0.00";"0.00"
"2020";"1";"30";"4";"0";"697";"274.";"2.3";"3.7";"94.";"8.";"0.00";"0.00";"0.00"
"2020";"1";"30";"4";"1";"698";"256.";"2.0";"4.2";"94.";"8.";"0.00";"0.00";"0.00"
"2020";"1";"30";"4";"2";"699";"237.";"2.2";"4.5";"93.";"8.";"0.00";"0.00";"0.00"
"2020";"1";"30";"4";"3";"700";"214.";"2.5";"4.7";"93.";"8.";"0.00";"0.00";"0.00"
"2020";"1";"30";"4";"4";"701";"223.";"3.8";"4.6";"92.";"8.";"0.00";"0.00";"0.00"
"2020";"1";"30";"4";"5";"702";"220.";"3.9";"4.1";"91.";"8.";"0.00";"0.00";"0.00"
"2020";"1";"30";"4";"6";"703";"191.";"1.8";"3.7";"90.";"4.";"0.00";"0.00";"0.00"
"2020";"1";"30";"4";"7";"704";"138.";"1.4";"3.4";"92.";"7.";"0.00";"0.00";"0.00"
"2020";"1";"30";"4";"8";"705";"97.";"1.3";"3.2";"93.";"8.";"0.00";"0.00";"0.00"
"2020";"1";"30";"4";"9";"706";"109.";"1.2";"3.4";"92.";"8.";"29.58";"0.00";"29.58"
"2020";"1";"30";"4";"10";"707";"121.";"1.7";"3.8";"90.";"8.";"55.83";"0.00";"55.83"
"2020";"1";"30";"4";"11";"708";"152.";"1.2";"4.0";"88.";"8.";"71.01";"0.00";"71.01"
"2020";"1";"30";"4";"12";"709";"161.";"1.0";"4.1";"87.";"8.";"69.19";"0.00";"69.19"
"2020";"1";"30";"4";"13";"710";"140.";"1.3";"3.9";"85.";"8.";"57.45";"0.00";"57.45"
"2020";"1";"30";"4";"14";"711";"171.";"1.5";"3.9";"85.";"8.";"31.34";"0.00";"31.34"
"2020";"1";"30";"4";"15";"712";"160.";"1.6";"3.8";"84.";"8.";"0.35";"0.00";"0.35"
"2020";"1";"30";"4";"16";"713";"132.";"2.1";"3.5";"83.";"8.";"0.00";"0.00";"0.00"
"2020";"1";"30";"4";"17";"714";"144.";"2.1";"3.4";"84.";"8.";"0.00";"0.00";"0.00"
"2020";"1";"30";"4";"18";"715";"141.";"3.0";"3.4";"87.";"8.";"0.00";"0.00";"0.00"
"2020";"1";"30";"4";"19";"716";"137.";"3.8";"3.4";"89.";"8.";"0.00";"0.00";"0.00"
"2020";"1";"30";"4";"20";"717";"130.";"4.5";"3.4";"92.";"8.";"0.00";"0.00";"0.00"
"2020";"1";"30";"4";"21";"718";"126.";"5.5";"3.3";"93.";"8.";"0.00";"0.00";"0.00"
"2020";"1";"30";"4";"22";"719";"145.";"4.6";"3.4";"95.";"8.";"0.00";"0.00";"0.00"
"2020";"1";"30";"4";"23";"720";"168.";"5.6";"3.6";"93.";"8.";"0.00";"0.00";"0.00"
"2020";"1";"31";"5";"0";"721";"144.";"5.9";"2.8";"93.";"8.";"0.00";"0.00";"0.00"
"2020";"1";"31";"5";"1";"722";"122.";"4.8";"2.2";"94.";"8.";"0.00";"0.00";"0.00"
"2020";"1";"31";"5";"2";"723";"101.";"3.3";"2.1";"94.";"8.";"0.00";"0.00";"0.00"
"2020";"1";"31";"5";"3";"724";"68.";"2.8";"1.9";"95.";"6.";"0.00";"0.00";"0.00"
"2020";"1";"31";"5";"4";"725";"60.";"3.5";"2.1";"94.";"7.";"0.00";"0.00";"0.00"
"2020";"1";"31";"5";"5";"726";"44.";"2.2";"2.3";"94.";"8.";"0.00";"0.00";"0.00"
"2020";"1";"31";"5";"6";"727";"15.";"2.1";"2.3";"95.";"8.";"0.00";"0.00";"0.00"
"2020";"1";"31";"5";"7";"728";"344.";"1.9";"2.5";"95.";"8.";"0.00";"0.00";"0.00"
"2020";"1";"31";"5";"8";"729";"340.";"1.5";"2.4";"95.";"8.";"1.18";"0.00";"1.18"
"2020";"1";"31";"5";"9";"730";"279.";"0.7";"2.8";"95.";"8.";"31.20";"0.00";"31.20"
"2020";"1";"31";"5";"10";"731";"271.";"1.4";"3.5";"93.";"8.";"56.56";"0.00";"56.56"
"2020";"1";"31";"5";"11";"732";"239.";"1.8";"4.2";"92.";"8.";"70.63";"0.00";"70.63"
"2020";"1";"31";"5";"12";"733";"230.";"2.6";"4.6";"92.";"8.";"65.52";"0.00";"65.52"
"2020";"1";"31";"5";"13";"734";"227.";"3.1";"5.0";"94.";"8.";"50.19";"0.00";"50.19"
"2020";"1";"31";"5";"14";"735";"237.";"3.2";"5.7";"94.";"7.";"38.89";"45.86";"32.48"
"2020";"1";"31";"5";"15";"736";"249.";"3.6";"5.7";"91.";"8.";"0.00";"0.00";"0.00"
"2020";"1";"31";"5";"16";"737";"228.";"3.5";"5.4";"90.";"8.";"0.00";"0.00";"0.00"
"2020";"1";"31";"5";"17";"738";"223.";"4.2";"5.5";"90.";"8.";"0.00";"0.00";"0.00"
"2020";"1";"31";"5";"18";"739";"224.";"4.3";"5.8";"90.";"8.";"0.00";"0.00";"0.00"
"2020";"1";"31";"5";"19";"740";"220.";"3.9";"5.7";"92.";"8.";"0.00";"0.00";"0.00"
"2020";"1";"31";"5";"20";"741";"203.";"3.8";"5.8";"93.";"8.";"0.00";"0.00";"0.00"
"2020";"1";"31";"5";"21";"742";"197.";"4.1";"6.0";"94.";"8.";"0.00";"0.00";"0.00"
"2020";"1";"31";"5";"22";"743";"191.";"4.6";"6.1";"95.";"8.";"0.00";"0.00";"0.00"
"2020";"1";"31";"5";"23";"744";"191.";"5.6";"6.4";"96.";"8.";"0.00";"0.00";"0.00"
"2020";"2";"1";"6";"0";"745";"202.";"5.8";"6.8";"97.";"8.";"0.00";"0.00";"0.00"
"2020";"2";"1";"6";"1";"746";"207.";"6.0";"7.0";"97.";"8.";"0.00";"0.00";"0.00"
"2020";"2";"1";"6";"2";"747";"205.";"5.8";"7.0";"97.";"8.";"0.00";"0.00";"0.00"
"2020";"2";"1";"6";"3";"748";"208.";"5.6";"7.1";"97.";"8.";"0.00";"0.00";"0.00"
"2020";"2";"1";"6";"4";"749";"211.";"5.6";"7.2";"97.";"8.";"0.00";"0.00";"0.00"
"2020";"2";"1";"6";"5";"750";"209.";"5.8";"7.2";"97.";"8.";"0.00";"0.00";"0.00"
"2020";"2";"1";"6";"6";"751";"198.";"5.4";"7.2";"97.";"8.";"0.00";"0.00";"0.00"
"2020";"2";"1";"6";"7";"752";"210.";"6.4";"7.4";"97.";"8.";"0.00";"0.00";"0.00"
"2020";"2";"1";"6";"8";"753";"219.";"6.6";"7.3";"96.";"8.";"0.00";"0.00";"0.00"
"2020";"2";"1";"6";"9";"754";"213.";"5.9";"7.3";"96.";"8.";"25.82";"0.00";"25.82"
"2020";"2";"1";"6";"10";"755";"217.";"5.8";"7.4";"96.";"8.";"47.47";"0.00";"47.47"
"2020";"2";"1";"6";"11";"756";"223.";"5.7";"7.6";"95.";"8.";"60.83";"0.00";"60.83"
"2020";"2";"1";"6";"12";"757";"213.";"5.1";"7.4";"92.";"8.";"62.02";"0.00";"62.02"
"2020";"2";"1";"6";"13";"758";"214.";"4.9";"7.3";"92.";"8.";"29.04";"0.00";"29.04"
"2020";"2";"1";"6";"14";"759";"205.";"4.3";"7.2";"91.";"8.";"28.21";"0.00";"28.21"
"2020";"2";"1";"6";"15";"760";"213.";"5.2";"7.2";"91.";"8.";"0.00";"0.00";"0.00"
"2020";"2";"1";"6";"16";"761";"216.";"5.6";"6.9";"91.";"8.";"0.00";"0.00";"0.00"
"2020";"2";"1";"6";"17";"762";"217.";"6.0";"6.7";"92.";"8.";"0.00";"0.00";"0.00"
"2020";"2";"1";"6";"18";"763";"223.";"6.7";"6.5";"93.";"8.";"0.00";"0.00";"0.00"
"2020";"2";"1";"6";"19";"764";"220.";"7.0";"6.3";"94.";"8.";"0.00";"0.00";"0.00"
"2020";"2";"1";"6";"20";"765";"218.";"7.7";"6.2";"95.";"8.";"0.00";"0.00";"0.00"
"2020";"2";"1";"6";"21";"766";"225.";"7.9";"6.3";"95.";"8.";"0.00";"0.00";"0.00"
"2020";"2";"1";"6";"22";"767";"227.";"7.2";"6.3";"96.";"8.";"0.00";"0.00";"0.00"
"2020";"2";"1";"6";"23";"768";"233.";"6.3";"6.4";"95.";"8.";"0.00";"0.00";"0.00"
"2020";"2";"2";"7";"0";"769";"246.";"5.4";"6.4";"95.";"8.";"0.00";"0.00";"0.00"
"2020";"2";"2";"7";"1";"770";"279.";"5.9";"6.2";"96.";"8.";"0.00";"0.00";"0.00"
"2020";"2";"2";"7";"2";"771";"308.";"7.8";"5.8";"88.";"8.";"0.00";"0.00";"0.00"
"2020";"2";"2";"7";"3";"772";"307.";"7.9";"5.1";"76.";"7.";"0.00";"0.00";"0.00"
"2020";"2";"2";"7";"4";"773";"311.";"7.3";"4.8";"69.";"7.";"0.00";"0.00";"0.00"
"2020";"2";"2";"7";"5";"774";"314.";"5.9";"4.5";"68.";"0.";"0.00";"0.00";"0.00"
"2020";"2";"2";"7";"6";"775";"303.";"5.2";"4.3";"72.";"0.";"0.00";"0.00";"0.00"
"2020";"2";"2";"7";"7";"776";"293.";"4.6";"4.6";"74.";"0.";"0.00";"0.00";"0.00"
"2020";"2";"2";"7";"8";"777";"287.";"5.1";"5.1";"73.";"1.";"12.57";"105.04";"6.89"
"2020";"2";"2";"7";"9";"778";"287.";"6.8";"5.9";"71.";"0.";"114.17";"459.57";"46.09"
"2020";"2";"2";"7";"10";"779";"293.";"7.3";"6.1";"71.";"0.";"190.87";"549.47";"72.92"
"2020";"2";"2";"7";"11";"780";"297.";"7.4";"6.3";"69.";"0.";"237.99";"650.88";"75.86"
"2020";"2";"2";"7";"12";"781";"294.";"7.6";"6.3";"64.";"1.";"219.58";"538.27";"85.49"
"2020";"2";"2";"7";"13";"782";"291.";"7.3";"5.8";"62.";"0.";"193.86";"552.75";"75.20"
"2020";"2";"2";"7";"14";"783";"289.";"6.9";"5.4";"62.";"2.";"100.22";"348.63";"48.57"
"2020";"2";"2";"7";"15";"784";"291.";"6.0";"5.0";"64.";"0.";"16.71";"134.78";"9.42"
"2020";"2";"2";"7";"16";"785";"293.";"5.6";"4.5";"67.";"0.";"0.00";"0.00";"0.00"
"2020";"2";"2";"7";"17";"786";"295.";"4.7";"4.4";"65.";"0.";"0.00";"0.00";"0.00"
"2020";"2";"2";"7";"18";"787";"299.";"4.0";"3.9";"64.";"0.";"0.00";"0.00";"0.00"
"2020";"2";"2";"7";"19";"788";"306.";"3.7";"3.5";"65.";"0.";"0.00";"0.00";"0.00"
"2020";"2";"2";"7";"20";"789";"295.";"3.5";"2.8";"70.";"1.";"0.00";"0.00";"0.00"
"2020";"2";"2";"7";"21";"790";"291.";"3.8";"2.8";"70.";"0.";"0.00";"0.00";"0.00"
"2020";"2";"2";"7";"22";"791";"291.";"2.9";"2.7";"72.";"0.";"0.00";"0.00";"0.00"
"2020";"2";"2";"7";"23";"792";"289.";"2.7";"1.8";"74.";"0.";"0.00";"0.00";"0.00"
"2020";"2";"3";"1";"0";"793";"291.";"3.1";"1.0";"77.";"2.";"0.00";"0.00";"0.00"
"2020";"2";"3";"1";"1";"794";"293.";"2.6";"0.9";"80.";"5.";"0.00";"0.00";"0.00"
"2020";"2";"3";"1";"2";"795";"291.";"1.7";"0.2";"82.";"2.";"0.00";"0.00";"0.00"
"2020";"2";"3";"1";"3";"796";"298.";"1.3";"-0.8";"83.";"2.";"0.00";"0.00";"0.00"
"2020";"2";"3";"1";"4";"797";"299.";"0.8";"-1.1";"87.";"0.";"0.00";"0.00";"0.00"
"2020";"2";"3";"1";"5";"798";"261.";"0.6";"-1.3";"88.";"6.";"0.00";"0.00";"0.00"
"2020";"2";"3";"1";"6";"799";"280.";"0.7";"-1.5";"89.";"7.";"0.00";"0.00";"0.00"
"2020";"2";"3";"1";"7";"800";"296.";"0.7";"-1.4";"88.";"8.";"0.00";"0.00";"0.00"
"2020";"2";"3";"1";"8";"801";"225.";"0.2";"-1.2";"90.";"7.";"9.37";"21.36";"8.13"
"2020";"2";"3";"1";"9";"802";"195.";"0.4";"-0.5";"89.";"8.";"37.77";"0.00";"37.77"
"2020";"2";"3";"1";"10";"803";"149.";"0.9";"1.4";"86.";"1.";"184.25";"483.45";"78.30"
"2020";"2";"3";"1";"11";"804";"181.";"1.3";"3.3";"79.";"0.";"241.11";"607.49";"87.04"
"2020";"2";"3";"1";"12";"805";"214.";"1.9";"4.9";"67.";"3.";"193.19";"445.55";"80.19"
"2020";"2";"3";"1";"13";"806";"208.";"1.9";"5.1";"69.";"2.";"180.93";"533.44";"64.03"
"2020";"2";"3";"1";"14";"807";"172.";"1.5";"4.2";"69.";"2.";"108.04";"426.80";"42.95"
"2020";"2";"3";"1";"15";"808";"141.";"2.0";"3.3";"75.";"6.";"14.63";"42.89";"12.13"
"2020";"2";"3";"1";"16";"809";"125.";"2.4";"3.0";"80.";"8.";"0.00";"0.00";"0.00"
"2020";"2";"3";"1";"17";"810";"128.";"2.5";"3.1";"82.";"8.";"0.00";"0.00";"0.00"
"2020";"2";"3";"1";"18";"811";"144.";"2.8";"2.8";"88.";"8.";"0.00";"0.00";"0.00"
"2020";"2";"3";"1";"19";"812";"138.";"4.3";"2.0";"93.";"8.";"0.00";"0.00";"0.00"
"2020";"2";"3";"1";"20";"813";"125.";"3.4";"2.2";"95.";"8.";"0.00";"0.00";"0.00"
"2020";"2";"3";"1";"21";"814";"172.";"1.9";"2.7";"94.";"8.";"0.00";"0.00";"0.00"
"2020";"2";"3";"1";"22";"815";"195.";"2.6";"3.2";"94.";"8.";"0.00";"0.00";"0.00"
"2020";"2";"3";"1";"23";"816";"210.";"2.5";"3.7";"93.";"8.";"0.00";"0.00";"0.00"
"2020";"2";"4";"2";"0";"817";"228.";"2.5";"4.0";"94.";"8.";"0.00";"0.00";"0.00"
"2020";"2";"4";"2";"1";"818";"254.";"2.5";"3.8";"93.";"8.";"0.00";"0.00";"0.00"
"2020";"2";"4";"2";"2";"819";"272.";"3.9";"3.5";"89.";"7.";"0.00";"0.00";"0.00"
"2020";"2";"4";"2";"3";"820";"256.";"4.1";"3.7";"88.";"8.";"0.00";"0.00";"0.00"
"2020";"2";"4";"2";"4";"821";"270.";"4.6";"4.0";"91.";"8.";"0.00";"0.00";"0.00"
"2020";"2";"4";"2";"5";"822";"293.";"5.2";"4.1";"93.";"8.";"0.00";"0.00";"0.00"
"2020";"2";"4";"2";"6";"823";"331.";"4.1";"3.3";"94.";"8.";"0.00";"0.00";"0.00"
"2020";"2";"4";"2";"7";"824";"3.";"4.1";"2.3";"94.";"8.";"0.00";"0.00";"0.00"
"2020";"2";"4";"2";"8";"825";"3.";"3.9";"2.0";"94.";"8.";"6.42";"0.00";"6.42"
"2020";"2";"4";"2";"9";"826";"12.";"4.3";"2.0";"94.";"8.";"38.95";"0.00";"38.95"
"2020";"2";"4";"2";"10";"827";"21.";"4.4";"1.9";"91.";"8.";"66.75";"0.00";"66.75"
"2020";"2";"4";"2";"11";"828";"21.";"4.5";"2.1";"89.";"8.";"80.85";"0.00";"80.85"
"2020";"2";"4";"2";"12";"829";"17.";"4.5";"2.5";"87.";"8.";"78.25";"0.00";"78.25"
"2020";"2";"4";"2";"13";"830";"10.";"4.7";"2.9";"85.";"8.";"65.29";"0.00";"65.29"
"2020";"2";"4";"2";"14";"831";"5.";"5.2";"2.8";"86.";"8.";"39.63";"0.00";"39.63"
"2020";"2";"4";"2";"15";"832";"6.";"5.0";"2.2";"86.";"8.";"6.62";"0.00";"6.62"
"2020";"2";"4";"2";"16";"833";"3.";"5.4";"1.4";"88.";"8.";"0.00";"0.00";"0.00"
"2020";"2";"4";"2";"17";"834";"8.";"4.8";"1.1";"86.";"8.";"0.00";"0.00";"0.00"
"2020";"2";"4";"2";"18";"835";"11.";"4.9";"1.0";"85.";"8.";"0.00";"0.00";"0.00"
"2020";"2";"4";"2";"19";"836";"19.";"4.8";"0.6";"85.";"7.";"0.00";"0.00";"0.00"
"2020";"2";"4";"2";"20";"837";"12.";"4.1";"0.1";"82.";"3.";"0.00";"0.00";"0.00"
"2020";"2";"4";"2";"21";"838";"359.";"3.2";"-0.6";"81.";"1.";"0.00";"0.00";"0.00"
"2020";"2";"4";"2";"22";"839";"344.";"2.7";"-1.1";"81.";"0.";"0.00";"0.00";"0.00"
"2020";"2";"4";"2";"23";"840";"343.";"2.3";"-1.4";"81.";"0.";"0.00";"0.00";"0.00"
"2020";"2";"5";"3";"0";"841";"329.";"2.0";"-2.0";"83.";"0.";"0.00";"0.00";"0.00"
"2020";"2";"5";"3";"1";"842";"323.";"1.3";"-2.7";"86.";"0.";"0.00";"0.00";"0.00"
"2020";"2";"5";"3";"2";"843";"295.";"1.5";"-3.0";"88.";"0.";"0.00";"0.00";"0.00"
"2020";"2";"5";"3";"3";"844";"290.";"2.2";"-2.9";"88.";"0.";"0.00";"0.00";"0.00"
"2020";"2";"5";"3";"4";"845";"294.";"2.4";"-3.2";"87.";"0.";"0.00";"0.00";"0.00"
"2020";"2";"5";"3";"5";"846";"293.";"2.1";"-3.0";"86.";"5.";"0.00";"0.00";"0.00"
"2020";"2";"5";"3";"6";"847";"285.";"2.2";"-2.2";"86.";"0.";"0.00";"0.00";"0.00"
"2020";"2";"5";"3";"7";"848";"299.";"2.2";"-1.6";"86.";"0.";"0.00";"0.00";"0.00"
"2020";"2";"5";"3";"8";"849";"319.";"1.5";"-1.1";"85.";"0.";"31.70";"207.76";"17.78"
"2020";"2";"5";"3";"9";"850";"310.";"1.9";"0.7";"81.";"0.";"135.91";"524.29";"51.23"
"2020";"2";"5";"3";"10";"851";"297.";"3.4";"3.6";"75.";"0.";"216.53";"667.84";"64.05"
"2020";"2";"5";"3";"11";"852";"279.";"5.2";"5.2";"71.";"0.";"255.76";"664.53";"81.05"
"2020";"2";"5";"3";"12";"853";"276.";"6.6";"5.8";"77.";"4.";"171.19";"299.95";"92.33"
"2020";"2";"5";"3";"13";"854";"268.";"8.0";"6.1";"80.";"7.";"82.53";"63.98";"67.92"
"2020";"2";"5";"3";"14";"855";"264.";"8.3";"5.8";"81.";"8.";"37.13";"0.00";"37.13"
"2020";"2";"5";"3";"15";"856";"266.";"8.2";"5.9";"82.";"8.";"6.05";"0.00";"6.05"
"2020";"2";"5";"3";"16";"857";"275.";"9.2";"5.9";"83.";"8.";"0.00";"0.00";"0.00"
"2020";"2";"5";"3";"17";"858";"274.";"8.6";"5.9";"82.";"8.";"0.00";"0.00";"0.00"
"2020";"2";"5";"3";"18";"859";"268.";"7.5";"5.9";"83.";"8.";"0.00";"0.00";"0.00"
"2020";"2";"5";"3";"19";"860";"274.";"8.8";"6.0";"85.";"8.";"0.00";"0.00";"0.00"
"2020";"2";"5";"3";"20";"861";"277.";"9.0";"6.1";"87.";"5.";"0.00";"0.00";"0.00"
"2020";"2";"5";"3";"21";"862";"278.";"9.1";"6.0";"87.";"7.";"0.00";"0.00";"0.00"
"2020";"2";"5";"3";"22";"863";"281.";"9.2";"6.1";"87.";"7.";"0.00";"0.00";"0.00"
"2020";"2";"5";"3";"23";"864";"285.";"8.2";"6.3";"87.";"8.";"0.00";"0.00";"0.00"
"2020";"2";"6";"4";"0";"865";"285.";"7.7";"6.2";"87.";"5.";"0.00";"0.00";"0.00"
"2020";"2";"6";"4";"1";"866";"286.";"7.2";"6.3";"87.";"6.";"0.00";"0.00";"0.00"
"2020";"2";"6";"4";"2";"867";"285.";"6.2";"6.3";"86.";"6.";"0.00";"0.00";"0.00"
"2020";"2";"6";"4";"3";"868";"288.";"6.0";"6.1";"86.";"3.";"0.00";"0.00";"0.00"
"2020";"2";"6";"4";"4";"869";"291.";"5.2";"5.8";"87.";"8.";"0.00";"0.00";"0.00"
"2020";"2";"6";"4";"5";"870";"294.";"3.9";"5.4";"88.";"2.";"0.00";"0.00";"0.00"
"2020";"2";"6";"4";"6";"871";"293.";"3.8";"4.8";"89.";"2.";"0.00";"0.00";"0.00"
"2020";"2";"6";"4";"7";"872";"294.";"3.9";"4.5";"88.";"3.";"0.00";"0.00";"0.00"
"2020";"2";"6";"4";"8";"873";"293.";"4.7";"5.0";"87.";"4.";"16.47";"66.16";"11.74"
"2020";"2";"6";"4";"9";"874";"292.";"4.1";"6.6";"83.";"3.";"94.70";"225.54";"57.23"
"2020";"2";"6";"4";"10";"875";"294.";"4.9";"8.0";"77.";"8.";"61.50";"0.00";"61.50"
"2020";"2";"6";"4";"11";"876";"296.";"5.6";"8.5";"74.";"8.";"74.59";"0.00";"74.59"
"2020";"2";"6";"4";"12";"877";"302.";"5.1";"8.6";"73.";"6.";"122.79";"124.21";"89.54"
"2020";"2";"6";"4";"13";"878";"300.";"5.0";"8.7";"72.";"7.";"83.19";"61.05";"68.96"
"2020";"2";"6";"4";"14";"879";"298.";"4.6";"8.5";"73.";"2.";"106.73";"302.13";"56.54"
"2020";"2";"6";"4";"15";"880";"307.";"3.4";"7.5";"75.";"2.";"19.97";"102.58";"12.63"
"2020";"2";"6";"4";"16";"881";"309.";"2.6";"6.3";"82.";"0.";"0.00";"0.00";"0.00"
"2020";"2";"6";"4";"17";"882";"318.";"1.8";"5.0";"86.";"0.";"0.00";"0.00";"0.00"
"2020";"2";"6";"4";"18";"883";"346.";"1.0";"4.0";"89.";"0.";"0.00";"0.00";"0.00"
"2020";"2";"6";"4";"19";"884";"27.";"0.6";"3.0";"92.";"4.";"0.00";"0.00";"0.00"
"2020";"2";"6";"4";"20";"885";"335.";"0.6";"2.0";"93.";"1.";"0.00";"0.00";"0.00"
"2020";"2";"6";"4";"21";"886";"60.";"0.9";"1.4";"93.";"0.";"0.00";"0.00";"0.00"
"2020";"2";"6";"4";"22";"887";"67.";"1.2";"1.3";"93.";"0.";"0.00";"0.00";"0.00"
"2020";"2";"6";"4";"23";"888";"63.";"0.7";"1.1";"92.";"0.";"0.00";"0.00";"0.00"
"2020";"2";"7";"5";"0";"889";"80.";"0.8";"0.5";"91.";"1.";"0.00";"0.00";"0.00"
"2020";"2";"7";"5";"1";"890";"175.";"0.5";"0.3";"92.";"0.";"0.00";"0.00";"0.00"
"2020";"2";"7";"5";"2";"891";"176.";"0.7";"0.2";"94.";"0.";"0.00";"0.00";"0.00"
"2020";"2";"7";"5";"3";"892";"111.";"1.6";"-0.2";"94.";"0.";"0.00";"0.00";"0.00"
"2020";"2";"7";"5";"4";"893";"114.";"2.0";"-0.2";"94.";"0.";"0.00";"0.00";"0.00"
"2020";"2";"7";"5";"5";"894";"128.";"2.0";"0.1";"94.";"0.";"0.00";"0.00";"0.00"
"2020";"2";"7";"5";"6";"895";"140.";"2.2";"0.3";"94.";"0.";"0.00";"0.00";"0.00"
"2020";"2";"7";"5";"7";"896";"154.";"2.7";"0.8";"94.";"1.";"0.00";"0.00";"0.00"
"2020";"2";"7";"5";"8";"897";"168.";"3.1";"1.7";"94.";"2.";"28.54";"149.19";"17.19"
"2020";"2";"7";"5";"9";"898";"179.";"4.2";"2.4";"95.";"8.";"33.70";"0.00";"33.70"
"2020";"2";"7";"5";"10";"899";"173.";"4.8";"2.9";"98.";"7.";"66.53";"9.40";"64.29"
"2020";"2";"7";"5";"11";"900";"176.";"4.2";"3.3";"97.";"8.";"62.28";"0.00";"62.28"
"2020";"2";"7";"5";"12";"901";"192.";"4.2";"3.4";"97.";"8.";"56.35";"0.00";"56.35"
"2020";"2";"7";"5";"13";"902";"192.";"4.0";"3.5";"96.";"7.";"61.65";"9.38";"59.42"
"2020";"2";"7";"5";"14";"903";"210.";"4.5";"3.6";"96.";"6.";"57.54";"40.41";"50.64"
"2020";"2";"7";"5";"15";"904";"198.";"4.0";"3.9";"97.";"8.";"7.39";"0.00";"7.39"
"2020";"2";"7";"5";"16";"905";"210.";"4.0";"3.8";"96.";"8.";"0.00";"0.00";"0.00"
"2020";"2";"7";"5";"17";"906";"210.";"3.9";"3.9";"96.";"8.";"0.00";"0.00";"0.00"
"2020";"2";"7";"5";"18";"907";"210.";"3.5";"4.0";"96.";"7.";"0.00";"0.00";"0.00"
"2020";"2";"7";"5";"19";"908";"202.";"3.7";"3.9";"95.";"7.";"0.00";"0.00";"0.00"
"2020";"2";"7";"5";"20";"909";"210.";"4.2";"3.7";"95.";"8.";"0.00";"0.00";"0.00"
"2020";"2";"7";"5";"21";"910";"208.";"4.4";"3.7";"95.";"7.";"0.00";"0.00";"0.00"
"2020";"2";"7";"5";"22";"911";"192.";"4.0";"3.7";"95.";"8.";"0.00";"0.00";"0.00"
"2020";"2";"7";"5";"23";"912";"191.";"4.8";"3.7";"95.";"8.";"0.00";"0.00";"0.00"
"2020";"2";"8";"6";"0";"913";"189.";"5.4";"3.8";"94.";"8.";"0.00";"0.00";"0.00"
"2020";"2";"8";"6";"1";"914";"187.";"5.3";"3.8";"94.";"7.";"0.00";"0.00";"0.00"
"2020";"2";"8";"6";"2";"915";"187.";"5.4";"3.8";"94.";"8.";"0.00";"0.00";"0.00"
"2020";"2";"8";"6";"3";"916";"189.";"5.4";"3.9";"92.";"8.";"0.00";"0.00";"0.00"
"2020";"2";"8";"6";"4";"917";"188.";"5.6";"4.1";"92.";"8.";"0.00";"0.00";"0.00"
"2020";"2";"8";"6";"5";"918";"190.";"5.8";"4.1";"91.";"8.";"0.00";"0.00";"0.00"
"2020";"2";"8";"6";"6";"919";"189.";"5.9";"4.1";"89.";"8.";"0.00";"0.00";"0.00"
"2020";"2";"8";"6";"7";"920";"191.";"6.3";"4.1";"90.";"8.";"0.00";"0.00";"0.00"
"2020";"2";"8";"6";"8";"921";"185.";"6.4";"4.2";"88.";"8.";"10.60";"0.00";"10.60"
"2020";"2";"8";"6";"9";"922";"180.";"6.1";"4.4";"86.";"8.";"42.04";"0.00";"42.04"
"2020";"2";"8";"6";"10";"923";"180.";"6.2";"4.4";"85.";"8.";"66.95";"0.00";"66.95"
"2020";"2";"8";"6";"11";"924";"177.";"6.5";"4.4";"85.";"8.";"80.28";"0.00";"80.28"
"2020";"2";"8";"6";"12";"925";"183.";"6.6";"4.6";"83.";"8.";"80.66";"0.00";"80.66"
"2020";"2";"8";"6";"13";"926";"176.";"6.4";"4.5";"82.";"8.";"65.80";"0.00";"65.80"
"2020";"2";"8";"6";"14";"927";"169.";"6.3";"4.5";"82.";"8.";"41.50";"0.00";"41.50"
"2020";"2";"8";"6";"15";"928";"175.";"5.8";"4.5";"83.";"6.";"17.66";"42.40";"14.24"
"2020";"2";"8";"6";"16";"929";"179.";"5.3";"4.6";"84.";"8.";"0.00";"0.00";"0.00"
"2020";"2";"8";"6";"17";"930";"169.";"4.9";"4.7";"85.";"8.";"0.00";"0.00";"0.00"
"2020";"2";"8";"6";"18";"931";"180.";"5.6";"4.8";"86.";"8.";"0.00";"0.00";"0.00"
"2020";"2";"8";"6";"19";"932";"182.";"5.6";"4.9";"87.";"8.";"0.00";"0.00";"0.00"
"2020";"2";"8";"6";"20";"933";"184.";"5.6";"4.8";"89.";"8.";"0.00";"0.00";"0.00"
"2020";"2";"8";"6";"21";"934";"189.";"6.0";"4.6";"93.";"8.";"0.00";"0.00";"0.00"
"2020";"2";"8";"6";"22";"935";"207.";"5.7";"4.7";"94.";"8.";"0.00";"0.00";"0.00"
"2020";"2";"8";"6";"23";"936";"209.";"5.1";"4.8";"95.";"8.";"0.00";"0.00";"0.00"
"2020";"2";"9";"7";"0";"937";"215.";"5.5";"4.8";"95.";"8.";"0.00";"0.00";"0.00"
"2020";"2";"9";"7";"1";"938";"204.";"4.9";"4.9";"95.";"8.";"0.00";"0.00";"0.00"
"2020";"2";"9";"7";"2";"939";"210.";"5.1";"4.9";"94.";"5.";"0.00";"0.00";"0.00"
"2020";"2";"9";"7";"3";"940";"211.";"6.0";"5.0";"92.";"8.";"0.00";"0.00";"0.00"
"2020";"2";"9";"7";"4";"941";"197.";"6.0";"5.0";"89.";"6.";"0.00";"0.00";"0.00"
"2020";"2";"9";"7";"5";"942";"184.";"7.6";"4.7";"89.";"8.";"0.00";"0.00";"0.00"
"2020";"2";"9";"7";"6";"943";"185.";"8.3";"5.0";"88.";"6.";"0.00";"0.00";"0.00"
"2020";"2";"9";"7";"7";"944";"187.";"9.0";"5.4";"87.";"8.";"0.00";"0.00";"0.00"
"2020";"2";"9";"7";"8";"945";"184.";"9.7";"5.6";"87.";"8.";"10.88";"0.00";"10.88"
"2020";"2";"9";"7";"9";"946";"183.";"10.8";"6.0";"88.";"8.";"40.22";"0.00";"40.22"
"2020";"2";"9";"7";"10";"947";"175.";"11.8";"5.9";"93.";"8.";"34.90";"0.00";"34.90"
"2020";"2";"9";"7";"11";"948";"178.";"12.1";"5.9";"91.";"8.";"42.14";"0.00";"42.14"
"2020";"2";"9";"7";"12";"949";"182.";"12.1";"5.6";"92.";"8.";"40.28";"0.00";"40.28"
"2020";"2";"9";"7";"13";"950";"181.";"12.3";"5.5";"93.";"8.";"34.85";"0.00";"34.85"
"2020";"2";"9";"7";"14";"951";"180.";"12.4";"5.4";"93.";"8.";"21.12";"0.00";"21.12"
"2020";"2";"9";"7";"15";"952";"182.";"12.4";"5.5";"94.";"8.";"5.41";"0.00";"5.41"
"2020";"2";"9";"7";"16";"953";"183.";"13.2";"6.0";"93.";"8.";"0.00";"0.00";"0.00"
"2020";"2";"9";"7";"17";"954";"187.";"13.3";"6.3";"93.";"8.";"0.00";"0.00";"0.00"
"2020";"2";"9";"7";"18";"955";"191.";"13.2";"6.8";"92.";"8.";"0.00";"0.00";"0.00"
"2020";"2";"9";"7";"19";"956";"199.";"12.9";"7.4";"91.";"8.";"0.00";"0.00";"0.00"
"2020";"2";"9";"7";"20";"957";"201.";"12.5";"7.3";"92.";"8.";"0.00";"0.00";"0.00"
"2020";"2";"9";"7";"21";"958";"208.";"11.2";"7.3";"93.";"8.";"0.00";"0.00";"0.00"
"2020";"2";"9";"7";"22";"959";"216.";"11.0";"7.2";"89.";"8.";"0.00";"0.00";"0.00"
"2020";"2";"9";"7";"23";"960";"214.";"10.2";"6.9";"90.";"8.";"0.00";"0.00";"0.00"
"2020";"2";"10";"1";"0";"961";"211.";"9.3";"6.8";"91.";"8.";"0.00";"0.00";"0.00"
"2020";"2";"10";"1";"1";"962";"215.";"8.5";"6.8";"90.";"7.";"0.00";"0.00";"0.00"
"2020";"2";"10";"1";"2";"963";"217.";"8.7";"6.6";"88.";"7.";"0.00";"0.00";"0.00"
"2020";"2";"10";"1";"3";"964";"216.";"9.5";"6.9";"83.";"8.";"0.00";"0.00";"0.00"
"2020";"2";"10";"1";"4";"965";"223.";"9.7";"6.8";"81.";"8.";"0.00";"0.00";"0.00"
"2020";"2";"10";"1";"5";"966";"229.";"10.9";"6.2";"84.";"8.";"0.00";"0.00";"0.00"
"2020";"2";"10";"1";"6";"967";"239.";"11.0";"6.4";"83.";"8.";"0.00";"0.00";"0.00"
"2020";"2";"10";"1";"7";"968";"250.";"9.8";"6.1";"83.";"8.";"0.00";"0.00";"0.00"
"2020";"2";"10";"1";"8";"969";"254.";"8.8";"5.9";"80.";"7.";"17.63";"25.69";"15.32"
"2020";"2";"10";"1";"9";"970";"254.";"9.2";"6.0";"81.";"8.";"44.94";"0.00";"44.94"
"2020";"2";"10";"1";"10";"971";"253.";"8.7";"6.4";"80.";"8.";"68.49";"0.00";"68.49"
"2020";"2";"10";"1";"11";"972";"262.";"9.4";"6.8";"78.";"8.";"80.82";"0.00";"80.82"
"2020";"2";"10";"1";"12";"973";"262.";"9.5";"6.4";"77.";"8.";"81.81";"0.00";"81.81"
"2020";"2";"10";"1";"13";"974";"267.";"9.9";"6.3";"74.";"8.";"69.76";"0.00";"69.76"
"2020";"2";"10";"1";"14";"975";"266.";"11.1";"6.0";"75.";"8.";"44.83";"0.00";"44.83"
"2020";"2";"10";"1";"15";"976";"266.";"10.8";"5.6";"74.";"8.";"13.92";"0.00";"13.92"
"2020";"2";"10";"1";"16";"977";"266.";"9.2";"5.6";"78.";"8.";"0.00";"0.00";"0.00"
"2020";"2";"10";"1";"17";"978";"266.";"9.2";"5.7";"71.";"8.";"0.00";"0.00";"0.00"
"2020";"2";"10";"1";"18";"979";"266.";"8.1";"5.4";"73.";"7.";"0.00";"0.00";"0.00"
"2020";"2";"10";"1";"19";"980";"263.";"6.5";"5.0";"77.";"7.";"0.00";"0.00";"0.00"
"2020";"2";"10";"1";"20";"981";"257.";"6.2";"5.0";"76.";"8.";"0.00";"0.00";"0.00"
"2020";"2";"10";"1";"21";"982";"249.";"6.4";"4.5";"86.";"8.";"0.00";"0.00";"0.00"
"2020";"2";"10";"1";"22";"983";"244.";"6.2";"4.1";"80.";"8.";"0.00";"0.00";"0.00"
"2020";"2";"10";"1";"23";"984";"231.";"6.4";"3.8";"81.";"8.";"0.00";"0.00";"0.00"
"2020";"2";"11";"2";"0";"985";"230.";"6.7";"3.8";"81.";"8.";"0.00";"0.00";"0.00"
"2020";"2";"11";"2";"1";"986";"235.";"5.9";"3.3";"84.";"8.";"0.00";"0.00";"0.00"
"2020";"2";"11";"2";"2";"987";"232.";"5.5";"3.3";"85.";"8.";"0.00";"0.00";"0.00"
"2020";"2";"11";"2";"3";"988";"235.";"6.7";"3.5";"86.";"8.";"0.00";"0.00";"0.00"
"2020";"2";"11";"2";"4";"989";"239.";"6.1";"3.3";"85.";"8.";"0.00";"0.00";"0.00"
"2020";"2";"11";"2";"5";"990";"230.";"6.0";"3.3";"87.";"7.";"0.00";"0.00";"0.00"
"2020";"2";"11";"2";"6";"991";"234.";"5.3";"3.6";"87.";"8.";"0.00";"0.00";"0.00"
"2020";"2";"11";"2";"7";"992";"233.";"5.6";"3.7";"84.";"5.";"0.00";"0.00";"0.00"
"2020";"2";"11";"2";"8";"993";"225.";"5.9";"3.8";"84.";"6.";"25.74";"58.92";"20.15"
"2020";"2";"11";"2";"9";"994";"222.";"6.6";"4.2";"84.";"8.";"47.03";"0.00";"47.03"
"2020";"2";"11";"2";"10";"995";"227.";"5.4";"4.1";"83.";"8.";"73.08";"0.00";"73.08"
"2020";"2";"11";"2";"11";"996";"236.";"4.6";"4.0";"87.";"8.";"89.27";"0.00";"89.27"
"2020";"2";"11";"2";"12";"997";"254.";"5.1";"4.2";"85.";"7.";"121.60";"95.10";"93.78"
"2020";"2";"11";"2";"13";"998";"245.";"6.1";"4.4";"86.";"8.";"70.39";"0.00";"70.39"
"2020";"2";"11";"2";"14";"999";"244.";"6.2";"4.9";"85.";"8.";"47.13";"0.00";"47.13"
"2020";"2";"11";"2";"15";"1000";"238.";"5.7";"4.3";"90.";"8.";"8.68";"0.00";"8.68"
"2020";"2";"11";"2";"16";"1001";"271.";"5.4";"4.9";"87.";"8.";"0.00";"0.00";"0.00"
"2020";"2";"11";"2";"17";"1002";"278.";"6.2";"5.0";"86.";"8.";"0.00";"0.00";"0.00"
"2020";"2";"11";"2";"18";"1003";"280.";"7.4";"5.2";"79.";"8.";"0.00";"0.00";"0.00"
"2020";"2";"11";"2";"19";"1004";"280.";"8.0";"5.4";"79.";"8.";"0.00";"0.00";"0.00"
"2020";"2";"11";"2";"20";"1005";"272.";"7.3";"5.5";"79.";"7.";"0.00";"0.00";"0.00"
"2020";"2";"11";"2";"21";"1006";"257.";"7.2";"5.4";"78.";"8.";"0.00";"0.00";"0.00"
"2020";"2";"11";"2";"22";"1007";"240.";"7.2";"5.1";"77.";"7.";"0.00";"0.00";"0.00"
"2020";"2";"11";"2";"23";"1008";"244.";"6.6";"4.7";"78.";"5.";"0.00";"0.00";"0.00"
"2020";"2";"12";"3";"0";"1009";"237.";"6.4";"4.5";"80.";"8.";"0.00";"0.00";"0.00"
"2020";"2";"12";"3";"1";"1010";"227.";"6.4";"4.1";"84.";"8.";"0.00";"0.00";"0.00"
"2020";"2";"12";"3";"2";"1011";"229.";"7.4";"4.2";"86.";"7.";"0.00";"0.00";"0.00"
"2020";"2";"12";"3";"3";"1012";"233.";"8.7";"3.7";"86.";"8.";"0.00";"0.00";"0.00"
"2020";"2";"12";"3";"4";"1013";"233.";"8.3";"3.2";"89.";"8.";"0.00";"0.00";"0.00"
"2020";"2";"12";"3";"5";"1014";"230.";"8.4";"3.6";"89.";"8.";"0.00";"0.00";"0.00"
"2020";"2";"12";"3";"6";"1015";"240.";"6.8";"4.1";"90.";"8.";"0.00";"0.00";"0.00"
"2020";"2";"12";"3";"7";"1016";"236.";"7.1";"4.4";"87.";"8.";"0.00";"0.00";"0.00"
"2020";"2";"12";"3";"8";"1017";"248.";"7.2";"4.9";"86.";"8.";"16.17";"0.00";"16.17"
"2020";"2";"12";"3";"9";"1018";"257.";"7.4";"5.4";"81.";"8.";"48.12";"0.00";"48.12"
"2020";"2";"12";"3";"10";"1019";"270.";"8.4";"6.0";"76.";"8.";"75.52";"0.00";"75.52"
"2020";"2";"12";"3";"11";"1020";"280.";"8.0";"6.3";"74.";"8.";"88.77";"0.00";"88.77"
"2020";"2";"12";"3";"12";"1021";"275.";"9.2";"6.4";"68.";"6.";"147.03";"149.64";"102.48"
"2020";"2";"12";"3";"13";"1022";"277.";"8.5";"6.4";"69.";"7.";"101.56";"72.41";"82.53"
"2020";"2";"12";"3";"14";"1023";"278.";"8.5";"6.3";"68.";"4.";"114.46";"251.50";"65.34"
"2020";"2";"12";"3";"15";"1024";"279.";"8.3";"5.9";"71.";"4.";"39.28";"135.84";"25.72"
"2020";"2";"12";"3";"16";"1025";"277.";"7.5";"5.4";"74.";"1.";"0.00";"0.00";"0.00"
"2020";"2";"12";"3";"17";"1026";"278.";"7.8";"5.2";"74.";"3.";"0.00";"0.00";"0.00"
"2020";"2";"12";"3";"18";"1027";"282.";"7.9";"5.1";"74.";"4.";"0.00";"0.00";"0.00"
"2020";"2";"12";"3";"19";"1028";"281.";"7.4";"5.0";"72.";"0.";"0.00";"0.00";"0.00"
"2020";"2";"12";"3";"20";"1029";"287.";"7.1";"4.7";"66.";"1.";"0.00";"0.00";"0.00"
"2020";"2";"12";"3";"21";"1030";"284.";"7.7";"4.3";"63.";"1.";"0.00";"0.00";"0.00"
"2020";"2";"12";"3";"22";"1031";"288.";"7.1";"4.1";"64.";"0.";"0.00";"0.00";"0.00"
"2020";"2";"12";"3";"23";"1032";"287.";"7.6";"3.9";"64.";"1.";"0.00";"0.00";"0.00"
"2020";"2";"13";"4";"0";"1033";"287.";"7.0";"3.8";"62.";"0.";"0.00";"0.00";"0.00"
"2020";"2";"13";"4";"1";"1034";"289.";"6.1";"3.8";"60.";"1.";"0.00";"0.00";"0.00"
"2020";"2";"13";"4";"2";"1035";"287.";"6.1";"3.7";"62.";"4.";"0.00";"0.00";"0.00"
"2020";"2";"13";"4";"3";"1036";"284.";"4.8";"3.6";"64.";"2.";"0.00";"0.00";"0.00"
"2020";"2";"13";"4";"4";"1037";"279.";"4.7";"3.5";"67.";"5.";"0.00";"0.00";"0.00"
"2020";"2";"13";"4";"5";"1038";"281.";"4.6";"3.4";"67.";"1.";"0.00";"0.00";"0.00"
"2020";"2";"13";"4";"6";"1039";"276.";"4.1";"3.1";"69.";"0.";"0.00";"0.00";"0.00"
"2020";"2";"13";"4";"7";"1040";"271.";"3.8";"3.2";"73.";"0.";"0.00";"0.00";"0.00"
"2020";"2";"13";"4";"8";"1041";"265.";"3.8";"3.8";"75.";"0.";"66.26";"340.29";"30.60"
"2020";"2";"13";"4";"9";"1042";"259.";"5.2";"4.8";"71.";"0.";"173.33";"513.18";"70.49"
"2020";"2";"13";"4";"10";"1043";"262.";"5.5";"5.3";"68.";"0.";"253.83";"573.64";"100.10"
"2020";"2";"13";"4";"11";"1044";"253.";"5.4";"5.6";"67.";"0.";"299.36";"633.58";"107.39"
"2020";"2";"13";"4";"12";"1045";"253.";"4.8";"5.8";"69.";"2.";"252.38";"455.57";"114.34"
"2020";"2";"13";"4";"13";"1046";"259.";"3.9";"5.7";"70.";"0.";"256.71";"617.15";"91.31"
"2020";"2";"13";"4";"14";"1047";"247.";"3.5";"5.1";"74.";"0.";"172.49";"517.38";"68.81"
"2020";"2";"13";"4";"15";"1048";"236.";"2.1";"4.2";"78.";"0.";"63.84";"313.33";"31.00"
"2020";"2";"13";"4";"16";"1049";"196.";"1.1";"3.2";"85.";"7.";"0.00";"0.00";"0.00"
"2020";"2";"13";"4";"17";"1050";"171.";"1.5";"2.3";"89.";"7.";"0.00";"0.00";"0.00"
"2020";"2";"13";"4";"18";"1051";"175.";"1.4";"1.9";"90.";"8.";"0.00";"0.00";"0.00"
"2020";"2";"13";"4";"19";"1052";"143.";"1.5";"1.4";"92.";"8.";"0.00";"0.00";"0.00"
"2020";"2";"13";"4";"20";"1053";"117.";"2.1";"0.5";"93.";"7.";"0.00";"0.00";"0.00"
"2020";"2";"13";"4";"21";"1054";"100.";"1.5";"0.2";"94.";"8.";"0.00";"0.00";"0.00"
"2020";"2";"13";"4";"22";"1055";"115.";"1.7";"-0.2";"95.";"8.";"0.00";"0.00";"0.00"
"2020";"2";"13";"4";"23";"1056";"118.";"1.4";"-0.3";"94.";"8.";"0.00";"0.00";"0.00"
"2020";"2";"14";"5";"0";"1057";"112.";"1.5";"-0.5";"93.";"8.";"0.00";"0.00";"0.00"
"2020";"2";"14";"5";"1";"1058";"109.";"1.4";"-0.4";"94.";"8.";"0.00";"0.00";"0.00"
"2020";"2";"14";"5";"2";"1059";"99.";"1.7";"-0.6";"93.";"8.";"0.00";"0.00";"0.00"
"2020";"2";"14";"5";"3";"1060";"109.";"1.9";"-0.5";"94.";"6.";"0.00";"0.00";"0.00"
"2020";"2";"14";"5";"4";"1061";"96.";"2.0";"-0.4";"94.";"8.";"0.00";"0.00";"0.00"
"2020";"2";"14";"5";"5";"1062";"98.";"1.2";"-0.5";"94.";"8.";"0.00";"0.00";"0.00"
"2020";"2";"14";"5";"6";"1063";"126.";"0.9";"-0.7";"93.";"1.";"0.00";"0.00";"0.00"
"2020";"2";"14";"5";"7";"1064";"124.";"1.5";"-1.3";"93.";"1.";"0.00";"0.00";"0.00"
"2020";"2";"14";"5";"8";"1065";"135.";"1.6";"-0.6";"93.";"6.";"36.46";"78.29";"27.86"
"2020";"2";"14";"5";"9";"1066";"140.";"1.7";"0.9";"92.";"3.";"136.91";"302.16";"74.80"
"2020";"2";"14";"5";"10";"1067";"191.";"1.6";"2.8";"89.";"4.";"178.66";"291.99";"98.87"
"2020";"2";"14";"5";"11";"1068";"196.";"1.9";"3.7";"89.";"8.";"89.64";"0.00";"89.64"
"2020";"2";"14";"5";"12";"1069";"197.";"2.0";"4.5";"86.";"8.";"91.21";"0.00";"91.21"
"2020";"2";"14";"5";"13";"1070";"202.";"2.4";"4.9";"82.";"6.";"130.94";"144.31";"91.51"
"2020";"2";"14";"5";"14";"1071";"210.";"3.1";"4.9";"81.";"8.";"55.00";"0.00";"55.00"
"2020";"2";"14";"5";"15";"1072";"207.";"3.2";"4.6";"83.";"8.";"21.10";"0.00";"21.10"
"2020";"2";"14";"5";"16";"1073";"180.";"2.5";"4.4";"85.";"8.";"0.00";"0.00";"0.00"
"2020";"2";"14";"5";"17";"1074";"197.";"3.3";"4.3";"84.";"8.";"0.00";"0.00";"0.00"
"2020";"2";"14";"5";"18";"1075";"184.";"3.7";"4.3";"83.";"8.";"0.00";"0.00";"0.00"
"2020";"2";"14";"5";"19";"1076";"181.";"4.0";"4.2";"84.";"8.";"0.00";"0.00";"0.00"
"2020";"2";"14";"5";"20";"1077";"170.";"5.0";"3.9";"87.";"8.";"0.00";"0.00";"0.00"
"2020";"2";"14";"5";"21";"1078";"186.";"6.3";"4.4";"84.";"8.";"0.00";"0.00";"0.00"
"2020";"2";"14";"5";"22";"1079";"203.";"8.2";"4.5";"80.";"8.";"0.00";"0.00";"0.00"
"2020";"2";"14";"5";"23";"1080";"206.";"8.2";"4.2";"82.";"8.";"0.00";"0.00";"0.00"
"2020";"2";"15";"6";"0";"1081";"203.";"8.5";"4.4";"84.";"8.";"0.00";"0.00";"0.00"
"2020";"2";"15";"6";"1";"1082";"197.";"8.0";"3.9";"88.";"8.";"0.00";"0.00";"0.00"
"2020";"2";"15";"6";"2";"1083";"196.";"8.4";"4.0";"90.";"8.";"0.00";"0.00";"0.00"
"2020";"2";"15";"6";"3";"1084";"196.";"8.4";"4.0";"92.";"8.";"0.00";"0.00";"0.00"
"2020";"2";"15";"6";"4";"1085";"200.";"7.8";"4.2";"94.";"8.";"0.00";"0.00";"0.00"
"2020";"2";"15";"6";"5";"1086";"200.";"7.2";"4.6";"94.";"8.";"0.00";"0.00";"0.00"
"2020";"2";"15";"6";"6";"1087";"209.";"7.1";"4.9";"94.";"8.";"0.00";"0.00";"0.00"
"2020";"2";"15";"6";"7";"1088";"211.";"6.6";"5.1";"94.";"8.";"0.00";"0.00";"0.00"
"2020";"2";"15";"6";"8";"1089";"216.";"6.0";"5.3";"95.";"8.";"16.78";"0.00";"16.78"
"2020";"2";"15";"6";"9";"1090";"215.";"4.9";"5.6";"95.";"8.";"46.56";"0.00";"46.56"
"2020";"2";"15";"6";"10";"1091";"220.";"4.6";"5.8";"96.";"8.";"71.20";"0.00";"71.20"
"2020";"2";"15";"6";"11";"1092";"216.";"4.6";"5.9";"96.";"8.";"80.42";"0.00";"80.42"
"2020";"2";"15";"6";"12";"1093";"214.";"3.8";"6.2";"95.";"8.";"86.87";"0.00";"86.87"
"2020";"2";"15";"6";"13";"1094";"202.";"4.9";"6.3";"96.";"8.";"73.46";"0.00";"73.46"
"2020";"2";"15";"6";"14";"1095";"202.";"4.3";"6.5";"94.";"8.";"52.94";"0.00";"52.94"
"2020";"2";"15";"6";"15";"1096";"169.";"4.6";"6.4";"93.";"8.";"20.13";"0.00";"20.13"
"2020";"2";"15";"6";"16";"1097";"166.";"5.4";"5.8";"95.";"8.";"0.00";"0.00";"0.00"
"2020";"2";"15";"6";"17";"1098";"173.";"6.7";"5.6";"95.";"8.";"0.00";"0.00";"0.00"
"2020";"2";"15";"6";"18";"1099";"173.";"7.8";"5.8";"96.";"8.";"0.00";"0.00";"0.00"
"2020";"2";"15";"6";"19";"1100";"182.";"9.0";"6.1";"96.";"8.";"0.00";"0.00";"0.00"
"2020";"2";"15";"6";"20";"1101";"185.";"9.1";"6.4";"96.";"8.";"0.00";"0.00";"0.00"
"2020";"2";"15";"6";"21";"1102";"183.";"9.6";"6.6";"94.";"8.";"0.00";"0.00";"0.00"
"2020";"2";"15";"6";"22";"1103";"182.";"10.0";"6.8";"92.";"8.";"0.00";"0.00";"0.00"
"2020";"2";"15";"6";"23";"1104";"180.";"10.5";"6.7";"93.";"8.";"0.00";"0.00";"0.00"
"2020";"2";"16";"7";"0";"1105";"181.";"11.2";"6.9";"93.";"8.";"0.00";"0.00";"0.00"
"2020";"2";"16";"7";"1";"1106";"181.";"12.4";"6.9";"92.";"8.";"0.00";"0.00";"0.00"
"2020";"2";"16";"7";"2";"1107";"190.";"12.8";"7.0";"91.";"8.";"0.00";"0.00";"0.00"
"2020";"2";"16";"7";"3";"1108";"197.";"11.8";"6.8";"94.";"8.";"0.00";"0.00";"0.00"
"2020";"2";"16";"7";"4";"1109";"201.";"9.9";"7.3";"94.";"8.";"0.00";"0.00";"0.00"
"2020";"2";"16";"7";"5";"1110";"193.";"8.7";"7.5";"94.";"8.";"0.00";"0.00";"0.00"
"2020";"2";"16";"7";"6";"1111";"192.";"8.9";"7.5";"95.";"8.";"0.00";"0.00";"0.00"
"2020";"2";"16";"7";"7";"1112";"181.";"8.7";"7.6";"96.";"8.";"0.00";"0.00";"0.00"
"2020";"2";"16";"7";"8";"1113";"183.";"11.4";"7.8";"95.";"8.";"10.48";"0.00";"10.48"
"2020";"2";"16";"7";"9";"1114";"191.";"12.7";"7.7";"94.";"8.";"27.65";"0.00";"27.65"
"2020";"2";"16";"7";"10";"1115";"196.";"12.6";"8.2";"94.";"8.";"42.54";"0.00";"42.54"
"2020";"2";"16";"7";"11";"1116";"201.";"11.7";"8.3";"95.";"8.";"49.63";"0.00";"49.63"
"2020";"2";"16";"7";"12";"1117";"207.";"10.4";"8.5";"95.";"8.";"51.29";"0.00";"51.29"
"2020";"2";"16";"7";"13";"1118";"209.";"9.2";"8.6";"92.";"8.";"81.73";"0.00";"81.73"
"2020";"2";"16";"7";"14";"1119";"222.";"10.7";"8.4";"88.";"8.";"54.58";"0.00";"54.58"
"2020";"2";"16";"7";"15";"1120";"220.";"8.8";"8.1";"85.";"8.";"21.51";"0.00";"21.51"
"2020";"2";"16";"7";"16";"1121";"223.";"6.8";"7.6";"83.";"8.";"0.00";"0.00";"0.00"
"2020";"2";"16";"7";"17";"1122";"231.";"6.8";"7.0";"89.";"8.";"0.00";"0.00";"0.00"
"2020";"2";"16";"7";"18";"1123";"233.";"7.2";"7.2";"83.";"7.";"0.00";"0.00";"0.00"
"2020";"2";"16";"7";"19";"1124";"236.";"7.8";"5.9";"81.";"8.";"0.00";"0.00";"0.00"
"2020";"2";"16";"7";"20";"1125";"223.";"5.5";"5.2";"87.";"8.";"0.00";"0.00";"0.00"
"2020";"2";"16";"7";"21";"1126";"216.";"7.3";"4.7";"91.";"8.";"0.00";"0.00";"0.00"
"2020";"2";"16";"7";"22";"1127";"217.";"8.6";"4.7";"89.";"8.";"0.00";"0.00";"0.00"
"2020";"2";"16";"7";"23";"1128";"221.";"8.4";"5.1";"88.";"8.";"0.00";"0.00";"0.00"
"2020";"2";"17";"1";"0";"1129";"227.";"8.6";"5.5";"90.";"6.";"0.00";"0.00";"0.00"
"2020";"2";"17";"1";"1";"1130";"226.";"8.1";"5.7";"89.";"6.";"0.00";"0.00";"0.00"
"2020";"2";"17";"1";"2";"1131";"227.";"8.9";"5.9";"86.";"7.";"0.00";"0.00";"0.00"
"2020";"2";"17";"1";"3";"1132";"224.";"10.4";"6.1";"83.";"7.";"0.00";"0.00";"0.00"
"2020";"2";"17";"1";"4";"1133";"225.";"10.0";"5.8";"82.";"7.";"0.00";"0.00";"0.00"
"2020";"2";"17";"1";"5";"1134";"225.";"8.8";"5.9";"82.";"8.";"0.00";"0.00";"0.00"
"2020";"2";"17";"1";"6";"1135";"227.";"8.7";"5.8";"81.";"8.";"0.00";"0.00";"0.00"
"2020";"2";"17";"1";"7";"1136";"226.";"8.7";"6.1";"78.";"8.";"0.00";"0.00";"0.00"
"2020";"2";"17";"1";"8";"1137";"224.";"8.8";"5.9";"77.";"8.";"24.13";"0.00";"24.13"
"2020";"2";"17";"1";"9";"1138";"222.";"9.7";"6.2";"76.";"8.";"56.11";"0.00";"56.11"
"2020";"2";"17";"1";"10";"1139";"223.";"9.6";"5.9";"81.";"8.";"78.87";"0.00";"78.87"
"2020";"2";"17";"1";"11";"1140";"215.";"9.3";"5.7";"84.";"8.";"52.73";"0.00";"52.73"
"2020";"2";"17";"1";"12";"1141";"219.";"9.7";"5.7";"87.";"8.";"87.25";"0.00";"87.25"
"2020";"2";"17";"1";"13";"1142";"218.";"9.8";"5.8";"85.";"8.";"78.66";"0.00";"78.66"
"2020";"2";"17";"1";"14";"1143";"223.";"10.7";"5.9";"86.";"8.";"54.22";"0.00";"54.22"
"2020";"2";"17";"1";"15";"1144";"223.";"10.6";"5.7";"88.";"8.";"12.85";"0.00";"12.85"
"2020";"2";"17";"1";"16";"1145";"227.";"9.5";"5.6";"90.";"8.";"0.00";"0.00";"0.00"
"2020";"2";"17";"1";"17";"1146";"228.";"9.0";"5.6";"90.";"8.";"0.00";"0.00";"0.00"
"2020";"2";"17";"1";"18";"1147";"225.";"9.0";"5.7";"90.";"8.";"0.00";"0.00";"0.00"
"2020";"2";"17";"1";"19";"1148";"227.";"9.0";"6.0";"89.";"8.";"0.00";"0.00";"0.00"
"2020";"2";"17";"1";"20";"1149";"231.";"8.6";"6.2";"89.";"8.";"0.00";"0.00";"0.00"
"2020";"2";"17";"1";"21";"1150";"227.";"7.2";"6.3";"88.";"8.";"0.00";"0.00";"0.00"
"2020";"2";"17";"1";"22";"1151";"223.";"7.2";"6.3";"89.";"8.";"0.00";"0.00";"0.00"
"2020";"2";"17";"1";"23";"1152";"222.";"7.5";"6.4";"88.";"8.";"0.00";"0.00";"0.00"
"2020";"2";"18";"2";"0";"1153";"219.";"6.9";"6.4";"88.";"8.";"0.00";"0.00";"0.00"
"2020";"2";"18";"2";"1";"1154";"221.";"6.6";"6.1";"90.";"8.";"0.00";"0.00";"0.00"
"2020";"2";"18";"2";"2";"1155";"221.";"6.5";"6.0";"91.";"8.";"0.00";"0.00";"0.00"
"2020";"2";"18";"2";"3";"1156";"222.";"6.8";"6.0";"90.";"8.";"0.00";"0.00";"0.00"
"2020";"2";"18";"2";"4";"1157";"224.";"6.9";"6.0";"89.";"8.";"0.00";"0.00";"0.00"
"2020";"2";"18";"2";"5";"1158";"228.";"7.4";"5.9";"87.";"8.";"0.00";"0.00";"0.00"
"2020";"2";"18";"2";"6";"1159";"233.";"7.0";"5.8";"85.";"8.";"0.00";"0.00";"0.00"
"2020";"2";"18";"2";"7";"1160";"231.";"7.3";"5.5";"82.";"8.";"0.00";"0.00";"0.00"
"2020";"2";"18";"2";"8";"1161";"228.";"7.7";"5.6";"84.";"8.";"25.45";"0.00";"25.45"
"2020";"2";"18";"2";"9";"1162";"230.";"8.1";"5.5";"84.";"8.";"57.87";"0.00";"57.87"
"2020";"2";"18";"2";"10";"1163";"233.";"7.8";"5.0";"87.";"8.";"48.56";"0.00";"48.56"
"2020";"2";"18";"2";"11";"1164";"240.";"6.6";"5.3";"88.";"8.";"99.92";"0.00";"99.92"
"2020";"2";"18";"2";"12";"1165";"261.";"6.2";"5.6";"86.";"8.";"98.95";"0.00";"98.95"
"2020";"2";"18";"2";"13";"1166";"261.";"6.3";"6.6";"78.";"6.";"137.88";"122.48";"101.76"
"2020";"2";"18";"2";"14";"1167";"254.";"7.0";"6.7";"74.";"7.";"78.21";"51.38";"66.55"
"2020";"2";"18";"2";"15";"1168";"256.";"7.0";"6.0";"76.";"8.";"26.25";"0.00";"26.25"
"2020";"2";"18";"2";"16";"1169";"253.";"7.0";"5.5";"78.";"8.";"0.00";"0.00";"0.00"
"2020";"2";"18";"2";"17";"1170";"240.";"6.3";"4.9";"81.";"8.";"0.00";"0.00";"0.00"
"2020";"2";"18";"2";"18";"1171";"244.";"6.1";"4.9";"84.";"7.";"0.00";"0.00";"0.00"
"2020";"2";"18";"2";"19";"1172";"244.";"6.2";"4.9";"83.";"8.";"0.00";"0.00";"0.00"
"2020";"2";"18";"2";"20";"1173";"235.";"6.4";"4.9";"83.";"8.";"0.00";"0.00";"0.00"
"2020";"2";"18";"2";"21";"1174";"238.";"6.9";"4.7";"83.";"7.";"0.00";"0.00";"0.00"
"2020";"2";"18";"2";"22";"1175";"230.";"5.6";"4.6";"85.";"8.";"0.00";"0.00";"0.00"
"2020";"2";"18";"2";"23";"1176";"226.";"5.4";"4.6";"87.";"7.";"0.00";"0.00";"0.00"
"2020";"2";"19";"3";"0";"1177";"227.";"5.0";"4.5";"87.";"8.";"0.00";"0.00";"0.00"
"2020";"2";"19";"3";"1";"1178";"224.";"4.7";"4.5";"87.";"8.";"0.00";"0.00";"0.00"
"2020";"2";"19";"3";"2";"1179";"223.";"4.4";"4.5";"88.";"7.";"0.00";"0.00";"0.00"
"2020";"2";"19";"3";"3";"1180";"226.";"4.0";"4.5";"87.";"8.";"0.00";"0.00";"0.00"
"2020";"2";"19";"3";"4";"1181";"229.";"3.7";"4.3";"89.";"8.";"0.00";"0.00";"0.00"
"2020";"2";"19";"3";"5";"1182";"236.";"3.7";"4.3";"89.";"8.";"0.00";"0.00";"0.00"
"2020";"2";"19";"3";"6";"1183";"255.";"3.2";"4.0";"88.";"8.";"0.00";"0.00";"0.00"
"2020";"2";"19";"3";"7";"1184";"266.";"3.5";"4.0";"88.";"7.";"0.00";"0.00";"0.00"
"2020";"2";"19";"3";"8";"1185";"262.";"3.2";"4.3";"88.";"6.";"48.51";"98.97";"35.07"
"2020";"2";"19";"3";"9";"1186";"288.";"3.3";"4.9";"86.";"7.";"84.70";"66.69";"69.21"
"2020";"2";"19";"3";"10";"1187";"293.";"4.0";"5.7";"77.";"4.";"200.85";"306.69";"108.72"
"2020";"2";"19";"3";"11";"1188";"297.";"4.6";"6.1";"72.";"1.";"314.59";"590.57";"116.35"
"2020";"2";"19";"3";"12";"1189";"291.";"4.5";"6.7";"67.";"1.";"318.11";"618.79";"110.39"
"2020";"2";"19";"3";"13";"1190";"286.";"4.0";"6.6";"67.";"1.";"286.53";"701.87";"75.68"
"2020";"2";"19";"3";"14";"1191";"290.";"4.2";"6.4";"67.";"0.";"212.66";"583.85";"77.07"
"2020";"2";"19";"3";"15";"1192";"286.";"3.6";"6.0";"70.";"1.";"91.07";"355.91";"42.72"
"2020";"2";"19";"3";"16";"1193";"287.";"3.3";"5.3";"76.";"5.";"0.00";"0.00";"0.00"
"2020";"2";"19";"3";"17";"1194";"283.";"3.8";"4.8";"81.";"4.";"0.00";"0.00";"0.00"
"2020";"2";"19";"3";"18";"1195";"279.";"2.6";"4.4";"84.";"4.";"0.00";"0.00";"0.00"
"2020";"2";"19";"3";"19";"1196";"250.";"2.0";"3.9";"87.";"5.";"0.00";"0.00";"0.00"
"2020";"2";"19";"3";"20";"1197";"239.";"2.5";"3.2";"87.";"4.";"0.00";"0.00";"0.00"
"2020";"2";"19";"3";"21";"1198";"227.";"2.2";"2.7";"91.";"1.";"0.00";"0.00";"0.00"
"2020";"2";"19";"3";"22";"1199";"213.";"1.8";"2.6";"93.";"4.";"0.00";"0.00";"0.00"
"2020";"2";"19";"3";"23";"1200";"208.";"2.0";"1.7";"93.";"7.";"0.00";"0.00";"0.00"
"2020";"2";"20";"4";"0";"1201";"217.";"2.0";"2.4";"91.";"8.";"0.00";"0.00";"0.00"
"2020";"2";"20";"4";"1";"1202";"187.";"2.1";"3.3";"92.";"7.";"0.00";"0.00";"0.00"
"2020";"2";"20";"4";"2";"1203";"173.";"2.8";"3.6";"95.";"8.";"0.00";"0.00";"0.00"
"2020";"2";"20";"4";"3";"1204";"196.";"3.0";"3.7";"94.";"8.";"0.00";"0.00";"0.00"
"2020";"2";"20";"4";"4";"1205";"211.";"3.7";"4.1";"93.";"8.";"0.00";"0.00";"0.00"
"2020";"2";"20";"4";"5";"1206";"213.";"4.3";"4.0";"94.";"8.";"0.00";"0.00";"0.00"
"2020";"2";"20";"4";"6";"1207";"200.";"4.2";"3.8";"90.";"8.";"0.00";"0.00";"0.00"
"2020";"2";"20";"4";"7";"1208";"182.";"4.8";"3.9";"89.";"8.";"0.00";"0.00";"0.00"
"2020";"2";"20";"4";"8";"1209";"169.";"5.8";"4.3";"89.";"8.";"29.38";"0.00";"29.38"
"2020";"2";"20";"4";"9";"1210";"169.";"7.3";"4.5";"87.";"8.";"62.01";"0.00";"62.01"
"2020";"2";"20";"4";"10";"1211";"168.";"8.1";"4.1";"90.";"8.";"49.61";"0.00";"49.61"
"2020";"2";"20";"4";"11";"1212";"166.";"8.6";"3.8";"90.";"8.";"57.78";"0.00";"57.78"
"2020";"2";"20";"4";"12";"1213";"170.";"9.4";"4.0";"91.";"8.";"57.73";"0.00";"57.73"
"2020";"2";"20";"4";"13";"1214";"174.";"9.5";"4.4";"93.";"8.";"44.44";"0.00";"44.44"
"2020";"2";"20";"4";"14";"1215";"173.";"9.8";"4.6";"94.";"8.";"31.99";"0.00";"31.99"
"2020";"2";"20";"4";"15";"1216";"179.";"9.6";"5.0";"95.";"8.";"14.91";"0.00";"14.91"
"2020";"2";"20";"4";"16";"1217";"185.";"9.5";"5.6";"95.";"8.";"0.00";"0.00";"0.00"
"2020";"2";"20";"4";"17";"1218";"189.";"9.7";"6.1";"95.";"8.";"0.00";"0.00";"0.00"
"2020";"2";"20";"4";"18";"1219";"191.";"9.5";"6.2";"94.";"8.";"0.00";"0.00";"0.00"
"2020";"2";"20";"4";"19";"1220";"189.";"10.2";"6.3";"94.";"8.";"0.00";"0.00";"0.00"
"2020";"2";"20";"4";"20";"1221";"189.";"11.0";"6.3";"93.";"8.";"0.00";"0.00";"0.00"
"2020";"2";"20";"4";"21";"1222";"191.";"11.1";"6.2";"93.";"8.";"0.00";"0.00";"0.00"
"2020";"2";"20";"4";"22";"1223";"198.";"10.8";"6.0";"94.";"8.";"0.00";"0.00";"0.00"
"2020";"2";"20";"4";"23";"1224";"225.";"9.2";"4.9";"92.";"8.";"0.00";"0.00";"0.00"
"2020";"2";"21";"5";"0";"1225";"281.";"7.3";"5.1";"84.";"8.";"0.00";"0.00";"0.00"
"2020";"2";"21";"5";"1";"1226";"281.";"8.5";"5.2";"77.";"8.";"0.00";"0.00";"0.00"
"2020";"2";"21";"5";"2";"1227";"286.";"8.1";"5.1";"72.";"8.";"0.00";"0.00";"0.00"
"2020";"2";"21";"5";"3";"1228";"277.";"7.3";"5.0";"75.";"3.";"0.00";"0.00";"0.00"
"2020";"2";"21";"5";"4";"1229";"273.";"6.8";"4.8";"77.";"2.";"0.00";"0.00";"0.00"
"2020";"2";"21";"5";"5";"1230";"273.";"6.6";"4.8";"79.";"3.";"0.00";"0.00";"0.00"
"2020";"2";"21";"5";"6";"1231";"265.";"6.8";"4.9";"80.";"5.";"0.00";"0.00";"0.00"
"2020";"2";"21";"5";"7";"1232";"266.";"5.9";"4.9";"83.";"4.";"0.00";"0.00";"0.00"
"2020";"2";"21";"5";"8";"1233";"260.";"6.4";"5.3";"83.";"7.";"42.19";"42.21";"36.00"
"2020";"2";"21";"5";"9";"1234";"268.";"6.8";"5.8";"80.";"5.";"125.63";"160.32";"86.63"
"2020";"2";"21";"5";"10";"1235";"263.";"6.9";"6.6";"75.";"0.";"287.06";"467.54";"141.36"
"2020";"2";"21";"5";"11";"1236";"258.";"6.0";"6.9";"73.";"2.";"280.02";"366.21";"152.95"
"2020";"2";"21";"5";"12";"1237";"251.";"6.8";"7.0";"74.";"3.";"255.19";"314.66";"146.00"
"2020";"2";"21";"5";"13";"1238";"233.";"6.6";"6.9";"76.";"7.";"118.75";"60.95";"99.76"
"2020";"2";"21";"5";"14";"1239";"231.";"7.8";"6.6";"76.";"7.";"86.89";"56.90";"73.05"
"2020";"2";"21";"5";"15";"1240";"223.";"7.3";"6.5";"78.";"8.";"31.13";"0.00";"31.13"
"2020";"2";"21";"5";"16";"1241";"220.";"8.3";"6.4";"80.";"8.";"0.00";"0.00";"0.00"
"2020";"2";"21";"5";"17";"1242";"220.";"9.0";"6.2";"87.";"8.";"0.00";"0.00";"0.00"
"2020";"2";"21";"5";"18";"1243";"212.";"8.6";"5.6";"92.";"8.";"0.00";"0.00";"0.00"
"2020";"2";"21";"5";"19";"1244";"216.";"9.2";"5.7";"90.";"8.";"0.00";"0.00";"0.00"
"2020";"2";"21";"5";"20";"1245";"210.";"9.2";"5.4";"94.";"8.";"0.00";"0.00";"0.00"
"2020";"2";"21";"5";"21";"1246";"214.";"9.4";"5.6";"95.";"8.";"0.00";"0.00";"0.00"
"2020";"2";"21";"5";"22";"1247";"213.";"9.3";"5.8";"95.";"8.";"0.00";"0.00";"0.00"
"2020";"2";"21";"5";"23";"1248";"210.";"9.2";"5.9";"95.";"8.";"0.00";"0.00";"0.00"
"2020";"2";"22";"6";"0";"1249";"208.";"9.2";"6.0";"96.";"8.";"0.00";"0.00";"0.00"
"2020";"2";"22";"6";"1";"1250";"210.";"9.6";"6.1";"96.";"8.";"0.00";"0.00";"0.00"
"2020";"2";"22";"6";"2";"1251";"208.";"9.4";"6.1";"96.";"8.";"0.00";"0.00";"0.00"
"2020";"2";"22";"6";"3";"1252";"209.";"9.3";"6.3";"96.";"8.";"0.00";"0.00";"0.00"
"2020";"2";"22";"6";"4";"1253";"212.";"9.7";"6.3";"95.";"8.";"0.00";"0.00";"0.00"
"2020";"2";"22";"6";"5";"1254";"213.";"10.0";"6.5";"95.";"8.";"0.00";"0.00";"0.00"
"2020";"2";"22";"6";"6";"1255";"215.";"10.8";"6.5";"95.";"8.";"0.00";"0.00";"0.00"
"2020";"2";"22";"6";"7";"1256";"218.";"11.1";"6.5";"95.";"8.";"0.00";"0.00";"0.00"
"2020";"2";"22";"6";"8";"1257";"221.";"11.8";"6.6";"95.";"8.";"16.26";"0.00";"16.26"
"2020";"2";"22";"6";"9";"1258";"227.";"11.7";"6.9";"94.";"8.";"36.09";"0.00";"36.09"
"2020";"2";"22";"6";"10";"1259";"237.";"10.0";"7.0";"88.";"8.";"52.68";"0.00";"52.68"
"2020";"2";"22";"6";"11";"1260";"247.";"9.4";"7.2";"83.";"8.";"104.32";"0.00";"104.32"
"2020";"2";"22";"6";"12";"1261";"254.";"9.1";"5.0";"88.";"6.";"124.75";"103.84";"88.12"
"2020";"2";"22";"6";"13";"1262";"262.";"9.4";"6.4";"79.";"5.";"179.55";"194.15";"117.94"
"2020";"2";"22";"6";"14";"1263";"266.";"12.0";"6.9";"69.";"6.";"110.85";"111.28";"83.15"
"2020";"2";"22";"6";"15";"1264";"260.";"10.1";"6.2";"70.";"7.";"45.25";"42.01";"38.86"
"2020";"2";"22";"6";"16";"1265";"260.";"10.9";"5.7";"69.";"4.";"0.00";"0.00";"0.00"
"2020";"2";"22";"6";"17";"1266";"258.";"9.2";"4.9";"76.";"1.";"0.00";"0.00";"0.00"
"2020";"2";"22";"6";"18";"1267";"268.";"10.7";"4.6";"75.";"6.";"0.00";"0.00";"0.00"
"2020";"2";"22";"6";"19";"1268";"270.";"9.1";"4.6";"74.";"8.";"0.00";"0.00";"0.00"
"2020";"2";"22";"6";"20";"1269";"260.";"10.6";"4.2";"75.";"4.";"0.00";"0.00";"0.00"
"2020";"2";"22";"6";"21";"1270";"257.";"8.7";"4.4";"80.";"5.";"0.00";"0.00";"0.00"
"2020";"2";"22";"6";"22";"1271";"260.";"8.3";"4.7";"76.";"6.";"0.00";"0.00";"0.00"
"2020";"2";"22";"6";"23";"1272";"258.";"9.4";"5.6";"72.";"7.";"0.00";"0.00";"0.00"
"2020";"2";"23";"7";"0";"1273";"259.";"9.4";"5.5";"72.";"8.";"0.00";"0.00";"0.00"
"2020";"2";"23";"7";"1";"1274";"258.";"10.2";"5.6";"71.";"6.";"0.00";"0.00";"0.00"
"2020";"2";"23";"7";"2";"1275";"259.";"10.8";"5.5";"71.";"1.";"0.00";"0.00";"0.00"
"2020";"2";"23";"7";"3";"1276";"265.";"11.7";"5.7";"71.";"3.";"0.00";"0.00";"0.00"
"2020";"2";"23";"7";"4";"1277";"266.";"11.7";"5.8";"71.";"7.";"0.00";"0.00";"0.00"
"2020";"2";"23";"7";"5";"1278";"267.";"11.3";"5.9";"71.";"8.";"0.00";"0.00";"0.00"
"2020";"2";"23";"7";"6";"1279";"268.";"11.4";"5.8";"72.";"7.";"0.00";"0.00";"0.00"
"2020";"2";"23";"7";"7";"1280";"268.";"10.4";"5.8";"73.";"6.";"0.00";"0.00";"0.00"
"2020";"2";"23";"7";"8";"1281";"270.";"8.7";"5.8";"74.";"7.";"46.47";"38.42";"40.41"
"2020";"2";"23";"7";"9";"1282";"270.";"9.1";"6.0";"71.";"7.";"90.90";"51.57";"77.77"
"2020";"2";"23";"7";"10";"1283";"266.";"7.6";"6.2";"67.";"8.";"93.60";"0.00";"93.60"
"2020";"2";"23";"7";"11";"1284";"265.";"7.0";"6.1";"67.";"8.";"107.22";"0.00";"107.22"
"2020";"2";"23";"7";"12";"1285";"264.";"6.7";"6.2";"69.";"8.";"107.16";"0.00";"107.16"
"2020";"2";"23";"7";"13";"1286";"264.";"6.7";"6.3";"68.";"7.";"126.52";"64.99";"105.53"
"2020";"2";"23";"7";"14";"1287";"266.";"7.3";"6.1";"68.";"7.";"93.11";"57.54";"78.47"
"2020";"2";"23";"7";"15";"1288";"263.";"7.2";"5.9";"71.";"5.";"70.76";"137.19";"49.13"
"2020";"2";"23";"7";"16";"1289";"271.";"7.2";"5.6";"74.";"7.";"0.00";"0.00";"0.00"
"2020";"2";"23";"7";"17";"1290";"283.";"7.8";"5.5";"77.";"8.";"0.00";"0.00";"0.00"
"2020";"2";"23";"7";"18";"1291";"284.";"6.6";"5.4";"83.";"8.";"0.00";"0.00";"0.00"
"2020";"2";"23";"7";"19";"1292";"302.";"6.6";"5.6";"80.";"8.";"0.00";"0.00";"0.00"
"2020";"2";"23";"7";"20";"1293";"305.";"5.7";"5.3";"80.";"8.";"0.00";"0.00";"0.00"
"2020";"2";"23";"7";"21";"1294";"302.";"5.5";"4.9";"81.";"1.";"0.00";"0.00";"0.00"
"2020";"2";"23";"7";"22";"1295";"311.";"3.5";"4.2";"75.";"0.";"0.00";"0.00";"0.00"
"2020";"2";"23";"7";"23";"1296";"317.";"2.9";"3.0";"70.";"0.";"0.00";"0.00";"0.00"
"2020";"2";"24";"1";"0";"1297";"315.";"2.9";"2.4";"71.";"0.";"0.00";"0.00";"0.00"
"2020";"2";"24";"1";"1";"1298";"310.";"2.8";"1.4";"76.";"0.";"0.00";"0.00";"0.00"
"2020";"2";"24";"1";"2";"1299";"310.";"2.3";"0.7";"78.";"0.";"0.00";"0.00";"0.00"
"2020";"2";"24";"1";"3";"1300";"295.";"2.1";"0.0";"80.";"1.";"0.00";"0.00";"0.00"
"2020";"2";"24";"1";"4";"1301";"295.";"1.9";"0.2";"81.";"0.";"0.00";"0.00";"0.00"
"2020";"2";"24";"1";"5";"1302";"290.";"3.0";"0.4";"82.";"0.";"0.00";"0.00";"0.00"
"2020";"2";"24";"1";"6";"1303";"300.";"2.4";"0.5";"81.";"0.";"0.00";"0.00";"0.00"
"2020";"2";"24";"1";"7";"1304";"297.";"3.1";"0.9";"80.";"0.";"9.41";"90.46";"5.40"
"2020";"2";"24";"1";"8";"1305";"293.";"3.1";"3.1";"72.";"0.";"135.75";"522.01";"50.56"
"2020";"2";"24";"1";"9";"1306";"293.";"3.8";"4.8";"61.";"0.";"261.18";"769.60";"60.93"
"2020";"2";"24";"1";"10";"1307";"287.";"4.5";"5.6";"57.";"0.";"343.33";"766.53";"91.31"
"2020";"2";"24";"1";"11";"1308";"281.";"4.2";"6.0";"59.";"1.";"355.92";"658.56";"116.01"
"2020";"2";"24";"1";"12";"1309";"266.";"4.1";"6.2";"65.";"4.";"260.96";"360.05";"129.80"
"2020";"2";"24";"1";"13";"1310";"253.";"4.2";"5.7";"72.";"7.";"141.41";"102.46";"107.73"
"2020";"2";"24";"1";"14";"1311";"228.";"3.8";"5.4";"75.";"8.";"74.97";"0.00";"74.97"
"2020";"2";"24";"1";"15";"1312";"243.";"2.7";"4.8";"83.";"7.";"52.19";"56.30";"43.00"
"2020";"2";"24";"1";"16";"1313";"221.";"4.0";"4.4";"83.";"8.";"0.59";"0.00";"0.59"
"2020";"2";"24";"1";"17";"1314";"208.";"3.6";"4.1";"86.";"8.";"0.00";"0.00";"0.00"
"2020";"2";"24";"1";"18";"1315";"208.";"2.9";"3.6";"88.";"8.";"0.00";"0.00";"0.00"
"2020";"2";"24";"1";"19";"1316";"152.";"1.2";"3.2";"90.";"8.";"0.00";"0.00";"0.00"
"2020";"2";"24";"1";"20";"1317";"136.";"2.1";"2.9";"93.";"7.";"0.00";"0.00";"0.00"
"2020";"2";"24";"1";"21";"1318";"139.";"2.4";"2.8";"92.";"8.";"0.00";"0.00";"0.00"
"2020";"2";"24";"1";"22";"1319";"123.";"2.6";"2.5";"92.";"8.";"0.00";"0.00";"0.00"
"2020";"2";"24";"1";"23";"1320";"119.";"2.8";"2.4";"91.";"8.";"0.00";"0.00";"0.00"
"2020";"2";"25";"2";"0";"1321";"110.";"3.6";"2.2";"91.";"8.";"0.00";"0.00";"0.00"
"2020";"2";"25";"2";"1";"1322";"110.";"3.9";"2.0";"88.";"8.";"0.00";"0.00";"0.00"
"2020";"2";"25";"2";"2";"1323";"104.";"4.4";"1.9";"87.";"8.";"0.00";"0.00";"0.00"
"2020";"2";"25";"2";"3";"1324";"90.";"4.9";"1.3";"88.";"8.";"0.00";"0.00";"0.00"
"2020";"2";"25";"2";"4";"1325";"83.";"6.1";"0.6";"89.";"8.";"0.00";"0.00";"0.00"
"2020";"2";"25";"2";"5";"1326";"83.";"6.8";"0.3";"93.";"8.";"0.00";"0.00";"0.00"
"2020";"2";"25";"2";"6";"1327";"80.";"6.8";"0.3";"94.";"8.";"0.00";"0.00";"0.00"
"2020";"2";"25";"2";"7";"1328";"83.";"6.7";"0.3";"94.";"8.";"2.07";"0.00";"2.07"
"2020";"2";"25";"2";"8";"1329";"89.";"6.8";"0.5";"95.";"8.";"27.12";"0.00";"27.12"
"2020";"2";"25";"2";"9";"1330";"98.";"6.4";"0.6";"96.";"8.";"48.26";"0.00";"48.26"
"2020";"2";"25";"2";"10";"1331";"97.";"5.5";"1.0";"95.";"8.";"121.04";"0.00";"121.04"
"2020";"2";"25";"2";"11";"1332";"94.";"5.8";"1.2";"96.";"8.";"80.11";"0.00";"80.11"
"2020";"2";"25";"2";"12";"1333";"97.";"5.0";"1.1";"97.";"8.";"78.78";"0.00";"78.78"
"2020";"2";"25";"2";"13";"1334";"96.";"5.2";"0.7";"98.";"8.";"68.48";"0.00";"68.48"
"2020";"2";"25";"2";"14";"1335";"96.";"4.3";"0.8";"96.";"8.";"52.14";"0.00";"52.14"
"2020";"2";"25";"2";"15";"1336";"86.";"3.5";"1.2";"97.";"8.";"29.27";"0.00";"29.27"
"2020";"2";"25";"2";"16";"1337";"77.";"4.5";"1.3";"97.";"8.";"1.93";"0.00";"1.93"
"2020";"2";"25";"2";"17";"1338";"72.";"5.0";"1.2";"96.";"8.";"0.00";"0.00";"0.00"
"2020";"2";"25";"2";"18";"1339";"59.";"5.3";"1.4";"94.";"8.";"0.00";"0.00";"0.00"
"2020";"2";"25";"2";"19";"1340";"50.";"5.6";"1.5";"93.";"8.";"0.00";"0.00";"0.00"
"2020";"2";"25";"2";"20";"1341";"47.";"6.1";"1.5";"91.";"8.";"0.00";"0.00";"0.00"
"2020";"2";"25";"2";"21";"1342";"46.";"6.1";"1.4";"88.";"8.";"0.00";"0.00";"0.00"
"2020";"2";"25";"2";"22";"1343";"48.";"6.6";"1.4";"86.";"8.";"0.00";"0.00";"0.00"
"2020";"2";"25";"2";"23";"1344";"39.";"6.0";"1.2";"87.";"8.";"0.00";"0.00";"0.00"
"2020";"2";"26";"3";"0";"1345";"43.";"6.3";"1.3";"84.";"8.";"0.00";"0.00";"0.00"
"2020";"2";"26";"3";"1";"1346";"42.";"6.3";"1.2";"82.";"8.";"0.00";"0.00";"0.00"
"2020";"2";"26";"3";"2";"1347";"41.";"6.3";"0.9";"81.";"8.";"0.00";"0.00";"0.00"
"2020";"2";"26";"3";"3";"1348";"45.";"6.6";"0.5";"81.";"8.";"0.00";"0.00";"0.00"
"2020";"2";"26";"3";"4";"1349";"44.";"7.0";"-0.1";"77.";"8.";"0.00";"0.00";"0.00"
"2020";"2";"26";"3";"5";"1350";"38.";"5.9";"-0.6";"76.";"7.";"0.00";"0.00";"0.00"
"2020";"2";"26";"3";"6";"1351";"41.";"6.0";"-0.9";"73.";"8.";"0.00";"0.00";"0.00"
"2020";"2";"26";"3";"7";"1352";"44.";"6.1";"-0.7";"67.";"8.";"18.58";"0.00";"18.58"
"2020";"2";"26";"3";"8";"1353";"44.";"6.0";"-0.4";"68.";"8.";"64.13";"0.00";"64.13"
"2020";"2";"26";"3";"9";"1354";"39.";"5.6";"-0.1";"74.";"8.";"111.14";"0.00";"111.14"
"2020";"2";"26";"3";"10";"1355";"41.";"6.2";"0.4";"71.";"6.";"223.90";"217.32";"149.92"
"2020";"2";"26";"3";"11";"1356";"36.";"5.6";"0.7";"68.";"8.";"163.40";"0.00";"163.40"
"2020";"2";"26";"3";"12";"1357";"39.";"5.8";"1.1";"65.";"6.";"250.27";"214.87";"169.48"
"2020";"2";"26";"3";"13";"1358";"37.";"5.2";"1.3";"63.";"8.";"145.44";"0.00";"145.44"
"2020";"2";"26";"3";"14";"1359";"39.";"5.0";"1.6";"60.";"6.";"169.11";"191.64";"117.05"
"2020";"2";"26";"3";"15";"1360";"34.";"4.4";"1.5";"60.";"6.";"94.23";"150.03";"68.06"
"2020";"2";"26";"3";"16";"1361";"28.";"3.6";"0.8";"61.";"7.";"13.26";"30.04";"11.59"
"2020";"2";"26";"3";"17";"1362";"15.";"2.5";"0.3";"63.";"8.";"0.00";"0.00";"0.00"
"2020";"2";"26";"3";"18";"1363";"7.";"2.1";"-0.1";"66.";"7.";"0.00";"0.00";"0.00"
"2020";"2";"26";"3";"19";"1364";"356.";"2.0";"-1.2";"70.";"2.";"0.00";"0.00";"0.00"
"2020";"2";"26";"3";"20";"1365";"348.";"2.0";"-2.0";"74.";"2.";"0.00";"0.00";"0.00"
"2020";"2";"26";"3";"21";"1366";"353.";"1.8";"-2.7";"78.";"2.";"0.00";"0.00";"0.00"
"2020";"2";"26";"3";"22";"1367";"342.";"1.7";"-3.1";"80.";"2.";"0.00";"0.00";"0.00"
"2020";"2";"26";"3";"23";"1368";"359.";"1.3";"-3.7";"82.";"3.";"0.00";"0.00";"0.00"
"2020";"2";"27";"4";"0";"1369";"1.";"1.0";"-4.4";"84.";"0.";"0.00";"0.00";"0.00"
"2020";"2";"27";"4";"1";"1370";"30.";"0.9";"-5.0";"87.";"0.";"0.00";"0.00";"0.00"
"2020";"2";"27";"4";"2";"1371";"25.";"0.9";"-5.4";"87.";"1.";"0.00";"0.00";"0.00"
"2020";"2";"27";"4";"3";"1372";"51.";"0.8";"-5.8";"89.";"3.";"0.00";"0.00";"0.00"
"2020";"2";"27";"4";"4";"1373";"70.";"0.9";"-6.1";"89.";"1.";"0.00";"0.00";"0.00"
"2020";"2";"27";"4";"5";"1374";"74.";"1.2";"-5.9";"89.";"0.";"0.00";"0.00";"0.00"
"2020";"2";"27";"4";"6";"1375";"77.";"1.2";"-6.0";"87.";"1.";"0.00";"0.00";"0.00"
"2020";"2";"27";"4";"7";"1376";"77.";"1.2";"-5.5";"87.";"1.";"30.22";"223.94";"16.57"
"2020";"2";"27";"4";"8";"1377";"84.";"1.3";"-3.8";"84.";"2.";"143.46";"425.85";"66.76"
"2020";"2";"27";"4";"9";"1378";"86.";"1.5";"-1.4";"74.";"3.";"227.88";"384.97";"121.07"
"2020";"2";"27";"4";"10";"1379";"88.";"1.8";"0.1";"65.";"2.";"329.03";"573.90";"130.30"
"2020";"2";"27";"4";"11";"1380";"99.";"1.6";"1.2";"59.";"4.";"315.08";"382.17";"169.12"
"2020";"2";"27";"4";"12";"1381";"111.";"1.5";"2.1";"54.";"2.";"382.60";"552.98";"171.41"
"2020";"2";"27";"4";"13";"1382";"123.";"1.3";"2.6";"50.";"6.";"294.12";"194.43";"226.80"
"2020";"2";"27";"4";"14";"1383";"127.";"1.3";"3.0";"49.";"7.";"208.11";"80.11";"185.88"
"2020";"2";"27";"4";"15";"1384";"162.";"1.1";"2.9";"49.";"8.";"114.14";"0.00";"114.14"
"2020";"2";"27";"4";"16";"1385";"141.";"0.9";"1.9";"54.";"5.";"26.07";"99.99";"19.98"
"2020";"2";"27";"4";"17";"1386";"109.";"1.1";"0.3";"62.";"7.";"0.00";"0.00";"0.00"
"2020";"2";"27";"4";"18";"1387";"80.";"1.5";"-0.4";"68.";"6.";"0.00";"0.00";"0.00"
"2020";"2";"27";"4";"19";"1388";"71.";"1.3";"-0.7";"71.";"6.";"0.00";"0.00";"0.00"
"2020";"2";"27";"4";"20";"1389";"79.";"1.6";"-1.3";"74.";"6.";"0.00";"0.00";"0.00"
"2020";"2";"27";"4";"21";"1390";"92.";"3.1";"-1.4";"75.";"7.";"0.00";"0.00";"0.00"
"2020";"2";"27";"4";"22";"1391";"100.";"3.0";"-1.3";"72.";"8.";"0.00";"0.00";"0.00"
"2020";"2";"27";"4";"23";"1392";"103.";"3.1";"-1.1";"70.";"8.";"0.00";"0.00";"0.00"
"2020";"2";"28";"5";"0";"1393";"103.";"3.7";"-0.9";"68.";"8.";"0.00";"0.00";"0.00"
"2020";"2";"28";"5";"1";"1394";"110.";"2.6";"-0.8";"67.";"8.";"0.00";"0.00";"0.00"
"2020";"2";"28";"5";"2";"1395";"105.";"3.4";"-0.9";"65.";"8.";"0.00";"0.00";"0.00"
"2020";"2";"28";"5";"3";"1396";"111.";"2.6";"-1.0";"69.";"8.";"0.00";"0.00";"0.00"
"2020";"2";"28";"5";"4";"1397";"99.";"2.6";"-0.7";"74.";"8.";"0.00";"0.00";"0.00"
"2020";"2";"28";"5";"5";"1398";"95.";"2.6";"-1.1";"83.";"8.";"0.00";"0.00";"0.00"
"2020";"2";"28";"5";"6";"1399";"105.";"2.9";"-1.3";"89.";"8.";"0.00";"0.00";"0.00"
"2020";"2";"28";"5";"7";"1400";"95.";"3.4";"-1.1";"92.";"8.";"11.43";"0.00";"11.43"
"2020";"2";"28";"5";"8";"1401";"87.";"2.6";"-0.6";"91.";"8.";"63.70";"0.00";"63.70"
"2020";"2";"28";"5";"9";"1402";"88.";"1.3";"0.6";"86.";"7.";"147.15";"95.88";"119.99"
"2020";"2";"28";"5";"10";"1403";"19.";"0.4";"2.0";"82.";"6.";"226.79";"200.59";"156.14"
"2020";"2";"28";"5";"11";"1404";"298.";"1.0";"2.5";"82.";"8.";"168.38";"0.00";"168.38"
"2020";"2";"28";"5";"12";"1405";"273.";"1.4";"3.1";"80.";"6.";"253.22";"203.45";"174.32"
"2020";"2";"28";"5";"13";"1406";"254.";"2.5";"3.8";"79.";"7.";"189.32";"98.87";"154.50"
"2020";"2";"28";"5";"14";"1407";"225.";"2.3";"3.6";"80.";"5.";"203.25";"297.77";"118.90"
"2020";"2";"28";"5";"15";"1408";"213.";"2.5";"3.9";"78.";"8.";"66.32";"0.00";"66.32"
"2020";"2";"28";"5";"16";"1409";"194.";"2.2";"3.7";"80.";"6.";"15.65";"53.44";"12.10"
"2020";"2";"28";"5";"17";"1410";"208.";"1.5";"2.6";"84.";"1.";"0.00";"0.00";"0.00"
"2020";"2";"28";"5";"18";"1411";"222.";"1.9";"2.2";"86.";"8.";"0.00";"0.00";"0.00"
"2020";"2";"28";"5";"19";"1412";"206.";"2.5";"2.1";"90.";"8.";"0.00";"0.00";"0.00"
"2020";"2";"28";"5";"20";"1413";"214.";"3.1";"2.5";"90.";"7.";"0.00";"0.00";"0.00"
"2020";"2";"28";"5";"21";"1414";"217.";"3.2";"3.6";"90.";"8.";"0.00";"0.00";"0.00"
"2020";"2";"28";"5";"22";"1415";"214.";"3.3";"3.8";"90.";"8.";"0.00";"0.00";"0.00"
"2020";"2";"28";"5";"23";"1416";"217.";"3.4";"3.8";"91.";"8.";"0.00";"0.00";"0.00"
"2020";"3";"1";"7";"0";"1417";"232.";"7.8";"4.6";"89.";"8.";"0.00";"0.00";"0.00"
"2020";"3";"1";"7";"1";"1418";"226.";"7.2";"4.5";"86.";"8.";"0.00";"0.00";"0.00"
"2020";"3";"1";"7";"2";"1419";"214.";"6.1";"4.1";"87.";"8.";"0.00";"0.00";"0.00"
"2020";"3";"1";"7";"3";"1420";"210.";"6.6";"3.9";"86.";"2.";"0.00";"0.00";"0.00"
"2020";"3";"1";"7";"4";"1421";"204.";"6.1";"3.9";"85.";"5.";"0.00";"0.00";"0.00"
"2020";"3";"1";"7";"5";"1422";"201.";"7.0";"3.8";"85.";"7.";"0.00";"0.00";"0.00"
"2020";"3";"1";"7";"6";"1423";"196.";"6.6";"4.1";"86.";"8.";"0.00";"0.00";"0.00"
"2020";"3";"1";"7";"7";"1424";"191.";"8.4";"3.7";"90.";"8.";"5.48";"0.00";"5.48"
"2020";"3";"1";"7";"8";"1425";"199.";"9.1";"4.3";"90.";"8.";"31.91";"0.00";"31.91"
"2020";"3";"1";"7";"9";"1426";"207.";"9.2";"4.8";"89.";"8.";"60.72";"0.00";"60.72"
"2020";"3";"1";"7";"10";"1427";"204.";"9.3";"5.2";"87.";"8.";"136.65";"0.00";"136.65"
"2020";"3";"1";"7";"11";"1428";"204.";"8.8";"5.6";"87.";"8.";"150.55";"0.00";"150.55"
"2020";"3";"1";"7";"12";"1429";"206.";"8.0";"5.7";"85.";"8.";"150.83";"0.00";"150.83"
"2020";"3";"1";"7";"13";"1430";"204.";"7.8";"5.7";"86.";"8.";"138.52";"0.00";"138.52"
"2020";"3";"1";"7";"14";"1431";"201.";"7.7";"5.9";"85.";"8.";"104.21";"0.00";"104.21"
"2020";"3";"1";"7";"15";"1432";"202.";"7.9";"5.4";"83.";"8.";"59.18";"0.00";"59.18"
"2020";"3";"1";"7";"16";"1433";"204.";"7.6";"5.1";"84.";"8.";"9.67";"0.00";"9.67"
"2020";"3";"1";"7";"17";"1434";"204.";"6.8";"5.0";"84.";"8.";"0.00";"0.00";"0.00"
"2020";"3";"1";"7";"18";"1435";"198.";"6.6";"4.8";"81.";"8.";"0.00";"0.00";"0.00"
"2020";"3";"1";"7";"19";"1436";"199.";"6.9";"5.1";"81.";"6.";"0.00";"0.00";"0.00"
"2020";"3";"1";"7";"20";"1437";"205.";"7.3";"5.2";"81.";"8.";"0.00";"0.00";"0.00"
"2020";"3";"1";"7";"21";"1438";"207.";"7.2";"5.2";"83.";"8.";"0.00";"0.00";"0.00"
"2020";"3";"1";"7";"22";"1439";"207.";"7.3";"5.2";"82.";"8.";"0.00";"0.00";"0.00"
"2020";"3";"1";"7";"23";"1440";"211.";"7.4";"5.2";"81.";"8.";"0.00";"0.00";"0.00"
"2020";"3";"2";"1";"0";"1441";"208.";"7.2";"5.2";"81.";"7.";"0.00";"0.00";"0.00"
"2020";"3";"2";"1";"1";"1442";"205.";"6.3";"4.7";"83.";"2.";"0.00";"0.00";"0.00"
"2020";"3";"2";"1";"2";"1443";"202.";"5.7";"4.4";"84.";"3.";"0.00";"0.00";"0.00"
"2020";"3";"2";"1";"3";"1444";"198.";"5.2";"4.0";"86.";"3.";"0.00";"0.00";"0.00"
"2020";"3";"2";"1";"4";"1445";"200.";"4.9";"4.3";"88.";"5.";"0.00";"0.00";"0.00"
"2020";"3";"2";"1";"5";"1446";"198.";"4.5";"4.5";"89.";"4.";"0.00";"0.00";"0.00"
"2020";"3";"2";"1";"6";"1447";"187.";"3.9";"4.5";"88.";"5.";"0.00";"0.00";"0.00"
"2020";"3";"2";"1";"7";"1448";"184.";"3.6";"4.6";"88.";"4.";"22.01";"71.87";"16.01"
"2020";"3";"2";"1";"8";"1449";"180.";"3.9";"5.0";"85.";"5.";"108.92";"164.49";"75.50"
"2020";"3";"2";"1";"9";"1450";"181.";"5.0";"5.5";"83.";"5.";"190.27";"213.16";"126.12"
"2020";"3";"2";"1";"10";"1451";"172.";"5.4";"5.7";"82.";"7.";"182.28";"75.98";"154.16"
"2020";"3";"2";"1";"11";"1452";"173.";"4.9";"6.2";"79.";"6.";"243.16";"156.82";"179.52"
"2020";"3";"2";"1";"12";"1453";"181.";"4.5";"7.0";"74.";"7.";"207.64";"84.48";"173.35"
"2020";"3";"2";"1";"13";"1454";"190.";"4.2";"7.1";"73.";"7.";"185.21";"81.71";"154.98"
"2020";"3";"2";"1";"14";"1455";"185.";"3.8";"7.0";"73.";"7.";"140.60";"71.21";"119.17"
"2020";"3";"2";"1";"15";"1456";"177.";"3.3";"7.0";"73.";"4.";"122.57";"233.87";"75.04"
"2020";"3";"2";"1";"16";"1457";"175.";"3.0";"6.1";"76.";"1.";"29.29";"154.00";"16.43"
"2020";"3";"2";"1";"17";"1458";"169.";"2.2";"4.7";"83.";"5.";"0.00";"0.00";"0.00"
"2020";"3";"2";"1";"18";"1459";"151.";"2.0";"3.4";"86.";"7.";"0.00";"0.00";"0.00"
"2020";"3";"2";"1";"19";"1460";"132.";"1.8";"2.8";"86.";"7.";"0.00";"0.00";"0.00"
"2020";"3";"2";"1";"20";"1461";"128.";"1.9";"2.1";"89.";"5.";"0.00";"0.00";"0.00"
"2020";"3";"2";"1";"21";"1462";"126.";"2.3";"2.4";"90.";"6.";"0.00";"0.00";"0.00"
"2020";"3";"2";"1";"22";"1463";"116.";"2.2";"2.3";"90.";"2.";"0.00";"0.00";"0.00"
"2020";"3";"2";"1";"23";"1464";"113.";"2.5";"2.1";"93.";"6.";"0.00";"0.00";"0.00"
"2020";"3";"3";"2";"0";"1465";"109.";"3.4";"2.2";"95.";"8.";"0.00";"0.00";"0.00"
"2020";"3";"3";"2";"1";"1466";"111.";"2.9";"2.3";"96.";"8.";"0.00";"0.00";"0.00"
"2020";"3";"3";"2";"2";"1467";"110.";"2.5";"2.1";"95.";"8.";"0.00";"0.00";"0.00"
"2020";"3";"3";"2";"3";"1468";"100.";"1.9";"1.5";"95.";"8.";"0.00";"0.00";"0.00"
"2020";"3";"3";"2";"4";"1469";"105.";"1.6";"1.0";"96.";"8.";"0.00";"0.00";"0.00"
"2020";"3";"3";"2";"5";"1470";"98.";"2.0";"0.7";"97.";"8.";"0.00";"0.00";"0.00"
"2020";"3";"3";"2";"6";"1471";"84.";"2.9";"0.8";"96.";"8.";"0.00";"0.00";"0.00"
"2020";"3";"3";"2";"7";"1472";"85.";"3.3";"1.0";"94.";"8.";"12.95";"0.00";"12.95"
"2020";"3";"3";"2";"8";"1473";"95.";"3.8";"1.4";"91.";"8.";"55.21";"0.00";"55.21"
"2020";"3";"3";"2";"9";"1474";"99.";"3.1";"2.3";"88.";"8.";"90.13";"0.00";"90.13"
"2020";"3";"3";"2";"10";"1475";"104.";"3.6";"3.2";"86.";"8.";"118.08";"0.00";"118.08"
"2020";"3";"3";"2";"11";"1476";"105.";"3.3";"3.9";"82.";"8.";"132.21";"0.00";"132.21"
"2020";"3";"3";"2";"12";"1477";"108.";"3.0";"4.4";"79.";"8.";"131.14";"0.00";"131.14"
"2020";"3";"3";"2";"13";"1478";"100.";"2.4";"4.8";"77.";"8.";"119.97";"0.00";"119.97"
"2020";"3";"3";"2";"14";"1479";"92.";"2.5";"5.1";"76.";"8.";"91.31";"0.00";"91.31"
"2020";"3";"3";"2";"15";"1480";"101.";"2.3";"5.3";"75.";"8.";"53.82";"0.00";"53.82"
"2020";"3";"3";"2";"16";"1481";"104.";"1.6";"5.2";"75.";"8.";"12.49";"0.00";"12.49"
"2020";"3";"3";"2";"17";"1482";"105.";"1.3";"4.9";"77.";"8.";"0.00";"0.00";"0.00"
"2020";"3";"3";"2";"18";"1483";"109.";"1.4";"4.8";"79.";"8.";"0.00";"0.00";"0.00"
"2020";"3";"3";"2";"19";"1484";"108.";"0.7";"4.4";"81.";"8.";"0.00";"0.00";"0.00"
"2020";"3";"3";"2";"20";"1485";"59.";"0.8";"4.0";"87.";"8.";"0.00";"0.00";"0.00"
"2020";"3";"3";"2";"21";"1486";"77.";"1.7";"3.7";"91.";"8.";"0.00";"0.00";"0.00"
"2020";"3";"3";"2";"22";"1487";"61.";"1.2";"3.3";"93.";"8.";"0.00";"0.00";"0.00"
"2020";"3";"3";"2";"23";"1488";"55.";"1.1";"2.9";"93.";"8.";"0.00";"0.00";"0.00"
"2020";"3";"4";"3";"0";"1489";"25.";"0.7";"2.6";"94.";"8.";"0.00";"0.00";"0.00"
"2020";"3";"4";"3";"1";"1490";"22.";"0.8";"2.5";"95.";"8.";"0.00";"0.00";"0.00"
"2020";"3";"4";"3";"2";"1491";"7.";"0.8";"2.5";"95.";"8.";"0.00";"0.00";"0.00"
"2020";"3";"4";"3";"3";"1492";"311.";"1.3";"2.6";"95.";"8.";"0.00";"0.00";"0.00"
"2020";"3";"4";"3";"4";"1493";"322.";"1.2";"2.7";"96.";"8.";"0.00";"0.00";"0.00"
"2020";"3";"4";"3";"5";"1494";"333.";"0.9";"2.8";"96.";"8.";"0.00";"0.00";"0.00"
"2020";"3";"4";"3";"6";"1495";"359.";"0.9";"2.9";"96.";"8.";"0.00";"0.00";"0.00"
"2020";"3";"4";"3";"7";"1496";"333.";"1.1";"3.1";"95.";"8.";"12.20";"0.00";"12.20"
"2020";"3";"4";"3";"8";"1497";"332.";"1.4";"3.4";"95.";"8.";"30.39";"0.00";"30.39"
"2020";"3";"4";"3";"9";"1498";"303.";"1.8";"3.8";"94.";"8.";"53.46";"0.00";"53.46"
"2020";"3";"4";"3";"10";"1499";"290.";"2.1";"4.1";"93.";"8.";"119.59";"0.00";"119.59"
"2020";"3";"4";"3";"11";"1500";"280.";"2.6";"4.6";"92.";"8.";"133.86";"0.00";"133.86"
"2020";"3";"4";"3";"12";"1501";"278.";"2.9";"4.9";"89.";"8.";"125.06";"0.00";"125.06"
"2020";"3";"4";"3";"13";"1502";"286.";"3.2";"5.3";"84.";"6.";"193.36";"173.27";"127.16"
"2020";"3";"4";"3";"14";"1503";"280.";"3.5";"5.8";"77.";"5.";"188.71";"293.23";"96.98"
"2020";"3";"4";"3";"15";"1504";"280.";"3.4";"5.4";"77.";"5.";"110.63";"238.48";"59.37"
"2020";"3";"4";"3";"16";"1505";"277.";"2.1";"5.0";"80.";"7.";"18.44";"35.41";"15.08"
"2020";"3";"4";"3";"17";"1506";"250.";"1.7";"3.7";"87.";"5.";"0.00";"0.00";"0.00"
"2020";"3";"4";"3";"18";"1507";"265.";"1.1";"3.0";"92.";"6.";"0.00";"0.00";"0.00"
"2020";"3";"4";"3";"19";"1508";"276.";"1.0";"2.6";"93.";"7.";"0.00";"0.00";"0.00"
"2020";"3";"4";"3";"20";"1509";"276.";"1.1";"2.8";"92.";"8.";"0.00";"0.00";"0.00"
"2020";"3";"4";"3";"21";"1510";"270.";"0.8";"2.5";"92.";"7.";"0.00";"0.00";"0.00"
"2020";"3";"4";"3";"22";"1511";"300.";"1.0";"2.3";"92.";"8.";"0.00";"0.00";"0.00"
"2020";"3";"4";"3";"23";"1512";"343.";"0.4";"2.4";"89.";"8.";"0.00";"0.00";"0.00"
"2020";"3";"5";"4";"0";"1513";"41.";"0.2";"2.4";"90.";"8.";"0.00";"0.00";"0.00"
"2020";"3";"5";"4";"1";"1514";"99.";"0.2";"2.1";"90.";"6.";"0.00";"0.00";"0.00"
"2020";"3";"5";"4";"2";"1515";"211.";"0.9";"1.7";"91.";"7.";"0.00";"0.00";"0.00"
"2020";"3";"5";"4";"3";"1516";"229.";"1.9";"1.7";"93.";"8.";"0.00";"0.00";"0.00"
"2020";"3";"5";"4";"4";"1517";"225.";"2.2";"1.9";"94.";"8.";"0.00";"0.00";"0.00"
"2020";"3";"5";"4";"5";"1518";"236.";"2.5";"1.6";"92.";"7.";"0.00";"0.00";"0.00"
"2020";"3";"5";"4";"6";"1519";"238.";"2.4";"1.8";"92.";"4.";"0.00";"0.00";"0.00"
"2020";"3";"5";"4";"7";"1520";"237.";"2.6";"3.2";"91.";"6.";"25.66";"73.45";"18.26"
"2020";"3";"5";"4";"8";"1521";"243.";"3.3";"4.0";"90.";"2.";"159.49";"449.06";"60.33"
"2020";"3";"5";"4";"9";"1522";"252.";"3.6";"4.6";"86.";"6.";"156.93";"178.16";"100.13"
"2020";"3";"5";"4";"10";"1523";"252.";"3.6";"5.1";"83.";"6.";"202.49";"198.05";"125.63"
"2020";"3";"5";"4";"11";"1524";"251.";"3.6";"5.4";"81.";"8.";"135.83";"0.00";"135.83"
"2020";"3";"5";"4";"12";"1525";"250.";"4.0";"5.3";"79.";"8.";"135.55";"0.00";"135.55"
"2020";"3";"5";"4";"13";"1526";"241.";"3.6";"5.8";"77.";"8.";"121.84";"0.00";"121.84"
"2020";"3";"5";"4";"14";"1527";"235.";"3.0";"5.5";"77.";"8.";"95.67";"0.00";"95.67"
"2020";"3";"5";"4";"15";"1528";"232.";"2.1";"5.3";"74.";"7.";"78.92";"80.51";"61.14"
"2020";"3";"5";"4";"16";"1529";"202.";"2.1";"4.9";"79.";"7.";"20.93";"36.70";"17.23"
"2020";"3";"5";"4";"17";"1530";"182.";"2.0";"4.4";"82.";"6.";"0.00";"0.00";"0.00"
"2020";"3";"5";"4";"18";"1531";"172.";"1.4";"3.7";"84.";"8.";"0.00";"0.00";"0.00"
"2020";"3";"5";"4";"19";"1532";"151.";"1.7";"2.9";"86.";"8.";"0.00";"0.00";"0.00"
"2020";"3";"5";"4";"20";"1533";"160.";"1.7";"2.8";"86.";"6.";"0.00";"0.00";"0.00"
"2020";"3";"5";"4";"21";"1534";"123.";"1.6";"2.4";"89.";"7.";"0.00";"0.00";"0.00"
"2020";"3";"5";"4";"22";"1535";"129.";"1.3";"1.6";"90.";"6.";"0.00";"0.00";"0.00"
"2020";"3";"5";"4";"23";"1536";"102.";"1.4";"1.0";"92.";"0.";"0.00";"0.00";"0.00"
"2020";"3";"6";"5";"0";"1537";"91.";"1.9";"0.3";"92.";"0.";"0.00";"0.00";"0.00"
"2020";"3";"6";"5";"1";"1538";"87.";"1.7";"-0.2";"92.";"3.";"0.00";"0.00";"0.00"
"2020";"3";"6";"5";"2";"1539";"87.";"1.5";"-0.5";"93.";"1.";"0.00";"0.00";"0.00"
"2020";"3";"6";"5";"3";"1540";"82.";"1.8";"-0.8";"91.";"1.";"0.00";"0.00";"0.00"
"2020";"3";"6";"5";"4";"1541";"74.";"2.0";"-0.8";"92.";"0.";"0.00";"0.00";"0.00"
"2020";"3";"6";"5";"5";"1542";"69.";"2.1";"-0.9";"93.";"0.";"0.00";"0.00";"0.00"
"2020";"3";"6";"5";"6";"1543";"69.";"1.9";"-0.8";"94.";"0.";"0.00";"0.00";"0.00"
"2020";"3";"6";"5";"7";"1544";"76.";"2.1";"-0.1";"93.";"1.";"57.52";"302.18";"25.30"
"2020";"3";"6";"5";"8";"1545";"80.";"2.6";"1.3";"87.";"2.";"169.14";"453.59";"66.30"
"2020";"3";"6";"5";"9";"1546";"91.";"2.5";"3.3";"79.";"1.";"294.90";"617.44";"94.35"
"2020";"3";"6";"5";"10";"1547";"76.";"2.8";"5.5";"69.";"4.";"274.69";"352.67";"135.68"
"2020";"3";"6";"5";"11";"1548";"73.";"3.2";"6.1";"66.";"8.";"137.19";"0.00";"137.19"
"2020";"3";"6";"5";"12";"1549";"68.";"2.9";"7.0";"62.";"8.";"133.23";"0.00";"133.23"
"2020";"3";"6";"5";"13";"1550";"66.";"3.1";"7.1";"59.";"8.";"125.41";"0.00";"125.41"
"2020";"3";"6";"5";"14";"1551";"64.";"3.1";"7.1";"59.";"8.";"98.68";"0.00";"98.68"
"2020";"3";"6";"5";"15";"1552";"67.";"2.9";"6.7";"61.";"8.";"61.36";"0.00";"61.36"
"2020";"3";"6";"5";"16";"1553";"55.";"2.9";"6.1";"65.";"7.";"40.06";"40.27";"35.76"
"2020";"3";"6";"5";"17";"1554";"54.";"2.8";"5.1";"71.";"8.";"0.00";"0.00";"0.00"
"2020";"3";"6";"5";"18";"1555";"54.";"2.6";"4.1";"77.";"8.";"0.00";"0.00";"0.00"
"2020";"3";"6";"5";"19";"1556";"60.";"2.6";"3.3";"80.";"8.";"0.00";"0.00";"0.00"
"2020";"3";"6";"5";"20";"1557";"58.";"2.4";"2.8";"83.";"8.";"0.00";"0.00";"0.00"
"2020";"3";"6";"5";"21";"1558";"59.";"1.9";"2.2";"86.";"8.";"0.00";"0.00";"0.00"
"2020";"3";"6";"5";"22";"1559";"49.";"1.8";"1.6";"88.";"7.";"0.00";"0.00";"0.00"
"2020";"3";"6";"5";"23";"1560";"44.";"1.6";"1.1";"89.";"8.";"0.00";"0.00";"0.00"
"2020";"3";"7";"6";"0";"1561";"35.";"1.6";"0.7";"90.";"8.";"0.00";"0.00";"0.00"
"2020";"3";"7";"6";"1";"1562";"41.";"1.7";"0.7";"91.";"8.";"0.00";"0.00";"0.00"
"2020";"3";"7";"6";"2";"1563";"32.";"1.4";"0.4";"91.";"8.";"0.00";"0.00";"0.00"
"2020";"3";"7";"6";"3";"1564";"60.";"1.5";"0.3";"93.";"7.";"0.00";"0.00";"0.00"
"2020";"3";"7";"6";"4";"1565";"43.";"1.5";"0.3";"93.";"8.";"0.00";"0.00";"0.00"
"2020";"3";"7";"6";"5";"1566";"46.";"1.3";"0.3";"94.";"8.";"0.00";"0.00";"0.00"
"2020";"3";"7";"6";"6";"1567";"31.";"1.3";"0.5";"93.";"8.";"0.00";"0.00";"0.00"
"2020";"3";"7";"6";"7";"1568";"44.";"1.6";"0.8";"92.";"8.";"19.31";"0.00";"19.31"
"2020";"3";"7";"6";"8";"1569";"60.";"1.5";"1.4";"91.";"8.";"60.37";"0.00";"60.37"
"2020";"3";"7";"6";"9";"1570";"106.";"0.8";"2.7";"84.";"6.";"162.60";"163.47";"108.52"
"2020";"3";"7";"6";"10";"1571";"208.";"0.5";"4.0";"77.";"7.";"170.52";"98.94";"130.93"
"2020";"3";"7";"6";"11";"1572";"252.";"1.8";"5.4";"74.";"8.";"140.18";"0.00";"140.18"
"2020";"3";"7";"6";"12";"1573";"242.";"1.7";"6.2";"70.";"5.";"271.46";"279.27";"149.66"
"2020";"3";"7";"6";"13";"1574";"250.";"2.1";"6.2";"70.";"2.";"349.94";"571.17";"121.35"
"2020";"3";"7";"6";"14";"1575";"265.";"2.2";"6.0";"71.";"3.";"246.31";"410.63";"110.46"
"2020";"3";"7";"6";"15";"1576";"291.";"2.3";"4.5";"77.";"4.";"136.42";"265.36";"74.68"
"2020";"3";"7";"6";"16";"1577";"292.";"2.0";"3.4";"82.";"8.";"19.12";"0.00";"19.12"
"2020";"3";"7";"6";"17";"1578";"314.";"0.6";"2.5";"85.";"6.";"0.00";"0.00";"0.00"
"2020";"3";"7";"6";"18";"1579";"168.";"0.8";"2.0";"88.";"3.";"0.00";"0.00";"0.00"
"2020";"3";"7";"6";"19";"1580";"179.";"1.4";"2.0";"91.";"7.";"0.00";"0.00";"0.00"
"2020";"3";"7";"6";"20";"1581";"167.";"1.9";"2.4";"92.";"7.";"0.00";"0.00";"0.00"
"2020";"3";"7";"6";"21";"1582";"172.";"3.1";"2.5";"93.";"8.";"0.00";"0.00";"0.00"
"2020";"3";"7";"6";"22";"1583";"173.";"3.9";"3.2";"93.";"8.";"0.00";"0.00";"0.00"
"2020";"3";"7";"6";"23";"1584";"172.";"5.1";"3.2";"92.";"8.";"0.00";"0.00";"0.00"
"2020";"3";"8";"7";"0";"1585";"173.";"5.8";"3.4";"91.";"8.";"0.00";"0.00";"0.00"
"2020";"3";"8";"7";"1";"1586";"175.";"6.3";"3.9";"87.";"8.";"0.00";"0.00";"0.00"
"2020";"3";"8";"7";"2";"1587";"175.";"7.0";"4.5";"82.";"8.";"0.00";"0.00";"0.00"
"2020";"3";"8";"7";"3";"1588";"179.";"7.5";"4.9";"81.";"8.";"0.00";"0.00";"0.00"
"2020";"3";"8";"7";"4";"1589";"182.";"7.3";"5.1";"82.";"8.";"0.00";"0.00";"0.00"
"2020";"3";"8";"7";"5";"1590";"181.";"7.4";"5.2";"84.";"8.";"0.00";"0.00";"0.00"
"2020";"3";"8";"7";"6";"1591";"179.";"8.0";"5.3";"86.";"8.";"0.00";"0.00";"0.00"
"2020";"3";"8";"7";"7";"1592";"180.";"8.4";"5.4";"86.";"8.";"18.19";"0.00";"18.19"
"2020";"3";"8";"7";"8";"1593";"182.";"8.8";"5.6";"84.";"8.";"56.73";"0.00";"56.73"
"2020";"3";"8";"7";"9";"1594";"182.";"9.1";"5.9";"85.";"8.";"90.28";"0.00";"90.28"
"2020";"3";"8";"7";"10";"1595";"180.";"9.5";"6.1";"83.";"8.";"114.80";"0.00";"114.80"
"2020";"3";"8";"7";"11";"1596";"178.";"9.7";"6.2";"84.";"8.";"127.13";"0.00";"127.13"
"2020";"3";"8";"7";"12";"1597";"177.";"9.8";"6.6";"83.";"8.";"129.56";"0.00";"129.56"
"2020";"3";"8";"7";"13";"1598";"179.";"9.7";"6.5";"85.";"8.";"114.82";"0.00";"114.82"
"2020";"3";"8";"7";"14";"1599";"182.";"9.7";"6.4";"88.";"8.";"52.54";"0.00";"52.54"
"2020";"3";"8";"7";"15";"1600";"183.";"10.0";"6.3";"89.";"8.";"32.09";"0.00";"32.09"
"2020";"3";"8";"7";"16";"1601";"186.";"9.7";"6.5";"90.";"8.";"10.18";"0.00";"10.18"
"2020";"3";"8";"7";"17";"1602";"192.";"9.4";"6.7";"90.";"8.";"0.00";"0.00";"0.00"
"2020";"3";"8";"7";"18";"1603";"196.";"8.9";"6.7";"91.";"8.";"0.00";"0.00";"0.00"
"2020";"3";"8";"7";"19";"1604";"199.";"8.4";"6.7";"93.";"8.";"0.00";"0.00";"0.00"
"2020";"3";"8";"7";"20";"1605";"206.";"8.0";"6.7";"93.";"8.";"0.00";"0.00";"0.00"
"2020";"3";"8";"7";"21";"1606";"214.";"6.9";"6.5";"94.";"8.";"0.00";"0.00";"0.00"
"2020";"3";"8";"7";"22";"1607";"211.";"6.2";"6.4";"92.";"7.";"0.00";"0.00";"0.00"
"2020";"3";"8";"7";"23";"1608";"210.";"6.0";"6.3";"92.";"8.";"0.00";"0.00";"0.00"
"2020";"3";"9";"1";"0";"1609";"209.";"4.9";"6.2";"91.";"8.";"0.00";"0.00";"0.00"
"2020";"3";"9";"1";"1";"1610";"205.";"4.1";"6.1";"91.";"8.";"0.00";"0.00";"0.00"
"2020";"3";"9";"1";"2";"1611";"198.";"3.8";"6.0";"91.";"8.";"0.00";"0.00";"0.00"
"2020";"3";"9";"1";"3";"1612";"186.";"3.3";"5.9";"91.";"8.";"0.00";"0.00";"0.00"
"2020";"3";"9";"1";"4";"1613";"190.";"3.4";"5.8";"92.";"8.";"0.00";"0.00";"0.00"
"2020";"3";"9";"1";"5";"1614";"186.";"2.7";"5.8";"94.";"8.";"0.00";"0.00";"0.00"
"2020";"3";"9";"1";"6";"1615";"188.";"2.4";"5.8";"93.";"8.";"0.00";"0.00";"0.00"
"2020";"3";"9";"1";"7";"1616";"170.";"3.2";"6.1";"91.";"8.";"19.23";"0.00";"19.23"
"2020";"3";"9";"1";"8";"1617";"174.";"3.1";"6.6";"90.";"8.";"59.22";"0.00";"59.22"
"2020";"3";"9";"1";"9";"1618";"176.";"3.4";"7.0";"90.";"8.";"95.19";"0.00";"95.19"
"2020";"3";"9";"1";"10";"1619";"182.";"2.9";"7.3";"89.";"8.";"119.62";"0.00";"119.62"
"2020";"3";"9";"1";"11";"1620";"188.";"2.5";"7.1";"89.";"8.";"132.10";"0.00";"132.10"
"2020";"3";"9";"1";"12";"1621";"196.";"2.6";"6.7";"92.";"8.";"69.05";"0.00";"69.05"
"2020";"3";"9";"1";"13";"1622";"181.";"2.2";"6.5";"94.";"8.";"66.31";"0.00";"66.31"
"2020";"3";"9";"1";"14";"1623";"191.";"2.3";"6.9";"92.";"8.";"87.64";"0.00";"87.64"
"2020";"3";"9";"1";"15";"1624";"188.";"2.3";"6.7";"91.";"8.";"59.82";"0.00";"59.82"
"2020";"3";"9";"1";"16";"1625";"194.";"2.5";"6.4";"92.";"7.";"27.81";"40.88";"22.73"
"2020";"3";"9";"1";"17";"1626";"191.";"2.9";"6.1";"93.";"8.";"0.00";"0.00";"0.00"
"2020";"3";"9";"1";"18";"1627";"192.";"3.1";"5.8";"94.";"8.";"0.00";"0.00";"0.00"
"2020";"3";"9";"1";"19";"1628";"173.";"2.4";"5.7";"94.";"8.";"0.00";"0.00";"0.00"
"2020";"3";"9";"1";"20";"1629";"173.";"2.7";"5.5";"95.";"8.";"0.00";"0.00";"0.00"
"2020";"3";"9";"1";"21";"1630";"181.";"2.7";"5.0";"94.";"6.";"0.00";"0.00";"0.00"
"2020";"3";"9";"1";"22";"1631";"222.";"2.2";"5.0";"93.";"8.";"0.00";"0.00";"0.00"
"2020";"3";"9";"1";"23";"1632";"249.";"1.7";"5.0";"94.";"8.";"0.00";"0.00";"0.00"
"2020";"3";"10";"2";"0";"1633";"221.";"1.6";"5.0";"93.";"8.";"0.00";"0.00";"0.00"
"2020";"3";"10";"2";"1";"1634";"164.";"1.5";"4.4";"94.";"5.";"0.00";"0.00";"0.00"
"2020";"3";"10";"2";"2";"1635";"192.";"2.5";"4.6";"95.";"8.";"0.00";"0.00";"0.00"
"2020";"3";"10";"2";"3";"1636";"201.";"3.3";"4.5";"92.";"8.";"0.00";"0.00";"0.00"
"2020";"3";"10";"2";"4";"1637";"166.";"3.4";"4.5";"92.";"8.";"0.00";"0.00";"0.00"
"2020";"3";"10";"2";"5";"1638";"167.";"3.6";"4.4";"92.";"8.";"0.00";"0.00";"0.00"
"2020";"3";"10";"2";"6";"1639";"169.";"4.2";"4.6";"92.";"8.";"0.00";"0.00";"0.00"
"2020";"3";"10";"2";"7";"1640";"172.";"4.5";"5.0";"91.";"8.";"22.97";"0.00";"22.97"
"2020";"3";"10";"2";"8";"1641";"178.";"5.1";"5.1";"91.";"8.";"62.37";"0.00";"62.37"
"2020";"3";"10";"2";"9";"1642";"171.";"5.6";"5.0";"92.";"8.";"93.01";"0.00";"93.01"
"2020";"3";"10";"2";"10";"1643";"171.";"6.5";"5.2";"92.";"8.";"116.81";"0.00";"116.81"
"2020";"3";"10";"2";"11";"1644";"166.";"6.7";"5.2";"91.";"8.";"77.50";"0.00";"77.50"
"2020";"3";"10";"2";"12";"1645";"167.";"6.6";"5.3";"90.";"8.";"76.84";"0.00";"76.84"
"2020";"3";"10";"2";"13";"1646";"166.";"6.6";"5.2";"90.";"8.";"68.70";"0.00";"68.70"
"2020";"3";"10";"2";"14";"1647";"164.";"6.7";"4.9";"91.";"8.";"54.92";"0.00";"54.92"
"2020";"3";"10";"2";"15";"1648";"163.";"7.1";"4.7";"92.";"8.";"35.47";"0.00";"35.47"
"2020";"3";"10";"2";"16";"1649";"162.";"6.3";"4.7";"94.";"8.";"11.22";"0.00";"11.22"
"2020";"3";"10";"2";"17";"1650";"165.";"4.6";"5.2";"96.";"8.";"0.00";"0.00";"0.00"
"2020";"3";"10";"2";"18";"1651";"186.";"4.3";"5.7";"96.";"8.";"0.00";"0.00";"0.00"
"2020";"3";"10";"2";"19";"1652";"215.";"5.0";"6.3";"96.";"8.";"0.00";"0.00";"0.00"
"2020";"3";"10";"2";"20";"1653";"235.";"5.2";"6.4";"96.";"8.";"0.00";"0.00";"0.00"
"2020";"3";"10";"2";"21";"1654";"239.";"5.2";"6.3";"96.";"8.";"0.00";"0.00";"0.00"
"2020";"3";"10";"2";"22";"1655";"249.";"5.9";"6.1";"95.";"8.";"0.00";"0.00";"0.00"
"2020";"3";"10";"2";"23";"1656";"268.";"6.5";"6.2";"93.";"8.";"0.00";"0.00";"0.00"
"2020";"3";"11";"3";"0";"1657";"278.";"6.3";"5.9";"93.";"7.";"0.00";"0.00";"0.00"
"2020";"3";"11";"3";"1";"1658";"277.";"6.7";"5.9";"90.";"5.";"0.00";"0.00";"0.00"
"2020";"3";"11";"3";"2";"1659";"275.";"7.4";"6.1";"89.";"8.";"0.00";"0.00";"0.00"
"2020";"3";"11";"3";"3";"1660";"273.";"8.5";"6.1";"87.";"8.";"0.00";"0.00";"0.00"
"2020";"3";"11";"3";"4";"1661";"279.";"9.1";"5.9";"83.";"6.";"0.00";"0.00";"0.00"
"2020";"3";"11";"3";"5";"1662";"277.";"9.8";"5.7";"82.";"4.";"0.00";"0.00";"0.00"
"2020";"3";"11";"3";"6";"1663";"277.";"9.4";"5.5";"78.";"0.";"0.00";"0.00";"0.00"
"2020";"3";"11";"3";"7";"1664";"273.";"10.0";"5.9";"77.";"2.";"68.72";"199.27";"41.61"
"2020";"3";"11";"3";"8";"1665";"271.";"10.2";"6.5";"77.";"1.";"193.51";"348.33";"104.14"
"2020";"3";"11";"3";"9";"1666";"273.";"10.7";"7.0";"74.";"2.";"273.89";"352.65";"148.71"
"2020";"3";"11";"3";"10";"1667";"274.";"9.9";"7.3";"73.";"4.";"277.14";"252.91";"169.77"
"2020";"3";"11";"3";"11";"1668";"275.";"9.7";"7.7";"70.";"2.";"374.03";"366.97";"205.02"
"2020";"3";"11";"3";"12";"1669";"274.";"10.3";"7.8";"69.";"3.";"340.06";"309.37";"197.58"
"2020";"3";"11";"3";"13";"1670";"273.";"9.5";"7.9";"68.";"3.";"312.83";"325.27";"174.74"
"2020";"3";"11";"3";"14";"1671";"268.";"7.8";"7.8";"69.";"7.";"133.73";"62.24";"111.64"
"2020";"3";"11";"3";"15";"1672";"259.";"6.5";"7.3";"70.";"3.";"164.30";"269.03";"95.27"
"2020";"3";"11";"3";"16";"1673";"252.";"4.7";"7.3";"72.";"8.";"24.91";"0.00";"24.91"
"2020";"3";"11";"3";"17";"1674";"239.";"3.6";"6.8";"75.";"7.";"0.00";"0.00";"0.00"
"2020";"3";"11";"3";"18";"1675";"230.";"4.7";"6.6";"76.";"8.";"0.00";"0.00";"0.00"
"2020";"3";"11";"3";"19";"1676";"221.";"5.7";"6.6";"77.";"8.";"0.00";"0.00";"0.00"
"2020";"3";"11";"3";"20";"1677";"215.";"6.5";"6.4";"79.";"8.";"0.00";"0.00";"0.00"
"2020";"3";"11";"3";"21";"1678";"214.";"6.2";"6.1";"83.";"8.";"0.00";"0.00";"0.00"
"2020";"3";"11";"3";"22";"1679";"216.";"5.8";"5.7";"90.";"8.";"0.00";"0.00";"0.00"
"2020";"3";"11";"3";"23";"1680";"221.";"6.5";"5.9";"90.";"8.";"0.00";"0.00";"0.00"
"2020";"3";"12";"4";"0";"1681";"221.";"5.9";"5.9";"91.";"8.";"0.00";"0.00";"0.00"
"2020";"3";"12";"4";"1";"1682";"216.";"5.7";"6.0";"90.";"8.";"0.00";"0.00";"0.00"
"2020";"3";"12";"4";"2";"1683";"218.";"4.8";"5.7";"92.";"8.";"0.00";"0.00";"0.00"
"2020";"3";"12";"4";"3";"1684";"217.";"3.4";"4.9";"94.";"8.";"0.00";"0.00";"0.00"
"2020";"3";"12";"4";"4";"1685";"198.";"2.2";"4.9";"94.";"8.";"0.00";"0.00";"0.00"
"2020";"3";"12";"4";"5";"1686";"211.";"4.3";"5.7";"96.";"8.";"0.00";"0.00";"0.00"
"2020";"3";"12";"4";"6";"1687";"200.";"6.5";"6.1";"94.";"8.";"0.00";"0.00";"0.00"
"2020";"3";"12";"4";"7";"1688";"192.";"8.4";"6.1";"94.";"8.";"13.20";"0.00";"13.20"
"2020";"3";"12";"4";"8";"1689";"221.";"8.2";"5.4";"92.";"8.";"40.64";"0.00";"40.64"
"2020";"3";"12";"4";"9";"1690";"219.";"8.6";"6.0";"87.";"8.";"104.46";"0.00";"104.46"
"2020";"3";"12";"4";"10";"1691";"232.";"9.4";"3.9";"89.";"8.";"71.11";"0.00";"71.11"
"2020";"3";"12";"4";"11";"1692";"252.";"6.3";"4.5";"92.";"8.";"85.39";"0.00";"85.39"
"2020";"3";"12";"4";"12";"1693";"302.";"10.5";"2.8";"94.";"8.";"74.29";"0.00";"74.29"
"2020";"3";"12";"4";"13";"1694";"296.";"10.2";"3.0";"92.";"8.";"69.26";"0.00";"69.26"
"2020";"3";"12";"4";"14";"1695";"288.";"9.4";"4.9";"83.";"8.";"60.98";"0.00";"60.98"
"2020";"3";"12";"4";"15";"1696";"277.";"10.0";"5.4";"74.";"8.";"69.89";"0.00";"69.89"
"2020";"3";"12";"4";"16";"1697";"276.";"10.7";"5.3";"74.";"8.";"28.08";"0.00";"28.08"
"2020";"3";"12";"4";"17";"1698";"274.";"10.3";"4.6";"77.";"7.";"0.00";"0.00";"0.00"
"2020";"3";"12";"4";"18";"1699";"268.";"8.2";"4.7";"79.";"8.";"0.00";"0.00";"0.00"
"2020";"3";"12";"4";"19";"1700";"265.";"8.4";"4.4";"78.";"8.";"0.00";"0.00";"0.00"
"2020";"3";"12";"4";"20";"1701";"259.";"7.2";"5.2";"77.";"8.";"0.00";"0.00";"0.00"
"2020";"3";"12";"4";"21";"1702";"255.";"7.0";"5.0";"81.";"8.";"0.00";"0.00";"0.00"
"2020";"3";"12";"4";"22";"1703";"255.";"6.7";"4.8";"85.";"7.";"0.00";"0.00";"0.00"
"2020";"3";"12";"4";"23";"1704";"250.";"7.4";"4.8";"86.";"7.";"0.00";"0.00";"0.00"
"2020";"3";"13";"5";"0";"1705";"248.";"6.4";"4.7";"87.";"8.";"0.00";"0.00";"0.00"
"2020";"3";"13";"5";"1";"1706";"256.";"5.6";"4.8";"86.";"7.";"0.00";"0.00";"0.00"
"2020";"3";"13";"5";"2";"1707";"253.";"6.1";"4.5";"87.";"8.";"0.00";"0.00";"0.00"
"2020";"3";"13";"5";"3";"1708";"240.";"4.8";"4.4";"89.";"6.";"0.00";"0.00";"0.00"
"2020";"3";"13";"5";"4";"1709";"237.";"5.1";"4.5";"89.";"8.";"0.00";"0.00";"0.00"
"2020";"3";"13";"5";"5";"1710";"241.";"3.8";"4.0";"88.";"8.";"0.00";"0.00";"0.00"
"2020";"3";"13";"5";"6";"1711";"229.";"2.0";"3.4";"90.";"8.";"0.00";"0.00";"0.00"
"2020";"3";"13";"5";"7";"1712";"235.";"1.6";"2.5";"93.";"8.";"18.18";"0.00";"18.18"
"2020";"3";"13";"5";"8";"1713";"270.";"1.1";"2.8";"94.";"8.";"41.00";"0.00";"41.00"
"2020";"3";"13";"5";"9";"1714";"349.";"1.7";"3.3";"91.";"8.";"115.41";"0.00";"115.41"
"2020";"3";"13";"5";"10";"1715";"32.";"5.9";"3.1";"89.";"8.";"77.96";"0.00";"77.96"
"2020";"3";"13";"5";"11";"1716";"34.";"7.5";"3.1";"80.";"8.";"161.91";"0.00";"161.91"
"2020";"3";"13";"5";"12";"1717";"22.";"7.1";"2.8";"69.";"8.";"158.33";"0.00";"158.33"
"2020";"3";"13";"5";"13";"1718";"13.";"6.4";"1.2";"67.";"8.";"125.47";"0.00";"125.47"
"2020";"3";"13";"5";"14";"1719";"2.";"4.9";"2.5";"60.";"8.";"116.79";"0.00";"116.79"
"2020";"3";"13";"5";"15";"1720";"332.";"5.9";"3.5";"51.";"7.";"175.15";"93.28";"150.10"
"2020";"3";"13";"5";"16";"1721";"337.";"5.5";"3.3";"42.";"4.";"79.47";"240.10";"43.95"
"2020";"3";"13";"5";"17";"1722";"338.";"5.3";"2.5";"40.";"1.";"0.00";"0.00";"0.00"
"2020";"3";"13";"5";"18";"1723";"329.";"4.3";"1.9";"45.";"1.";"0.00";"0.00";"0.00"
"2020";"3";"13";"5";"19";"1724";"342.";"3.2";"1.4";"45.";"0.";"0.00";"0.00";"0.00"
"2020";"3";"13";"5";"20";"1725";"349.";"3.4";"0.9";"46.";"0.";"0.00";"0.00";"0.00"
"2020";"3";"13";"5";"21";"1726";"345.";"3.5";"0.2";"49.";"0.";"0.00";"0.00";"0.00"
"2020";"3";"13";"5";"22";"1727";"352.";"3.2";"-0.4";"54.";"0.";"0.00";"0.00";"0.00"
"2020";"3";"13";"5";"23";"1728";"8.";"2.7";"-1.3";"59.";"0.";"0.00";"0.00";"0.00"
"2020";"3";"14";"6";"0";"1729";"9.";"2.0";"-2.2";"64.";"0.";"0.00";"0.00";"0.00"
"2020";"3";"14";"6";"1";"1730";"4.";"1.1";"-2.9";"70.";"0.";"0.00";"0.00";"0.00"
"2020";"3";"14";"6";"2";"1731";"47.";"0.9";"-3.4";"73.";"0.";"0.00";"0.00";"0.00"
"2020";"3";"14";"6";"3";"1732";"299.";"0.1";"-3.9";"77.";"1.";"0.00";"0.00";"0.00"
"2020";"3";"14";"6";"4";"1733";"209.";"0.3";"-4.3";"79.";"0.";"0.00";"0.00";"0.00"
"2020";"3";"14";"6";"5";"1734";"132.";"0.4";"-4.6";"81.";"0.";"0.00";"0.00";"0.00"
"2020";"3";"14";"6";"6";"1735";"109.";"0.8";"-4.7";"81.";"0.";"0.00";"0.00";"0.00"
"2020";"3";"14";"6";"7";"1736";"103.";"1.4";"-2.6";"77.";"0.";"121.09";"516.99";"41.52"
"2020";"3";"14";"6";"8";"1737";"149.";"1.4";"0.0";"63.";"2.";"222.93";"495.11";"86.97"
"2020";"3";"14";"6";"9";"1738";"171.";"2.3";"2.5";"43.";"0.";"394.67";"843.84";"79.81"
"2020";"3";"14";"6";"10";"1739";"172.";"3.0";"3.4";"37.";"0.";"482.57";"872.60";"96.17"
"2020";"3";"14";"6";"11";"1740";"187.";"3.7";"4.1";"38.";"0.";"544.20";"939.74";"94.18"
"2020";"3";"14";"6";"12";"1741";"182.";"4.5";"4.4";"42.";"0.";"530.18";"920.52";"89.36"
"2020";"3";"14";"6";"13";"1742";"188.";"5.3";"4.3";"52.";"1.";"442.83";"750.95";"110.30"
"2020";"3";"14";"6";"14";"1743";"197.";"5.8";"4.4";"58.";"7.";"158.65";"99.77";"121.42"
"2020";"3";"14";"6";"15";"1744";"191.";"5.4";"4.2";"52.";"3.";"206.13";"466.81";"77.95"
"2020";"3";"14";"6";"16";"1745";"189.";"5.6";"3.7";"52.";"1.";"111.69";"453.48";"41.89"
"2020";"3";"14";"6";"17";"1746";"184.";"5.2";"3.0";"59.";"1.";"0.00";"0.00";"0.00"
"2020";"3";"14";"6";"18";"1747";"179.";"4.3";"2.5";"65.";"5.";"0.00";"0.00";"0.00"
"2020";"3";"14";"6";"19";"1748";"176.";"4.1";"2.0";"69.";"8.";"0.00";"0.00";"0.00"
"2020";"3";"14";"6";"20";"1749";"184.";"4.8";"1.9";"70.";"8.";"0.00";"0.00";"0.00"
"2020";"3";"14";"6";"21";"1750";"189.";"6.8";"3.1";"67.";"6.";"0.00";"0.00";"0.00"
"2020";"3";"14";"6";"22";"1751";"185.";"6.9";"3.0";"68.";"5.";"0.00";"0.00";"0.00"
"2020";"3";"14";"6";"23";"1752";"176.";"7.0";"2.8";"70.";"3.";"0.00";"0.00";"0.00"
"2020";"3";"15";"7";"0";"1753";"178.";"7.1";"2.9";"73.";"7.";"0.00";"0.00";"0.00"
"2020";"3";"15";"7";"1";"1754";"174.";"7.4";"3.1";"74.";"7.";"0.00";"0.00";"0.00"
"2020";"3";"15";"7";"2";"1755";"177.";"7.8";"3.4";"75.";"8.";"0.00";"0.00";"0.00"
"2020";"3";"15";"7";"3";"1756";"174.";"8.3";"3.7";"74.";"8.";"0.00";"0.00";"0.00"
"2020";"3";"15";"7";"4";"1757";"174.";"8.5";"4.1";"75.";"8.";"0.00";"0.00";"0.00"
"2020";"3";"15";"7";"5";"1758";"173.";"8.9";"4.2";"76.";"8.";"0.00";"0.00";"0.00"
"2020";"3";"15";"7";"6";"1759";"178.";"8.8";"4.4";"76.";"8.";"0.00";"0.00";"0.00"
"2020";"3";"15";"7";"7";"1760";"180.";"9.2";"4.7";"75.";"8.";"34.91";"0.00";"34.91"
"2020";"3";"15";"7";"8";"1761";"182.";"9.5";"4.7";"78.";"8.";"75.07";"0.00";"75.07"
"2020";"3";"15";"7";"9";"1762";"182.";"9.7";"4.6";"84.";"8.";"108.29";"0.00";"108.29"
"2020";"3";"15";"7";"10";"1763";"183.";"9.9";"4.8";"86.";"8.";"135.24";"0.00";"135.24"
"2020";"3";"15";"7";"11";"1764";"185.";"9.7";"5.2";"86.";"8.";"144.07";"0.00";"144.07"
"2020";"3";"15";"7";"12";"1765";"187.";"9.5";"5.5";"85.";"8.";"136.89";"0.00";"136.89"
"2020";"3";"15";"7";"13";"1766";"193.";"9.4";"5.8";"86.";"8.";"137.25";"0.00";"137.25"
"2020";"3";"15";"7";"14";"1767";"189.";"8.7";"6.1";"84.";"8.";"110.81";"0.00";"110.81"
"2020";"3";"15";"7";"15";"1768";"189.";"8.6";"6.2";"86.";"8.";"73.56";"0.00";"73.56"
"2020";"3";"15";"7";"16";"1769";"189.";"8.5";"6.4";"87.";"8.";"28.52";"0.00";"28.52"
"2020";"3";"15";"7";"17";"1770";"194.";"8.3";"6.7";"88.";"8.";"0.00";"0.00";"0.00"
"2020";"3";"15";"7";"18";"1771";"201.";"8.4";"6.5";"92.";"8.";"0.00";"0.00";"0.00"
"2020";"3";"15";"7";"19";"1772";"203.";"8.4";"6.8";"92.";"8.";"0.00";"0.00";"0.00"
"2020";"3";"15";"7";"20";"1773";"204.";"8.6";"7.1";"90.";"8.";"0.00";"0.00";"0.00"
"2020";"3";"15";"7";"21";"1774";"205.";"8.2";"7.4";"89.";"8.";"0.00";"0.00";"0.00"
"2020";"3";"15";"7";"22";"1775";"210.";"8.1";"7.1";"90.";"8.";"0.00";"0.00";"0.00"
"2020";"3";"15";"7";"23";"1776";"211.";"6.9";"6.7";"92.";"8.";"0.00";"0.00";"0.00"
"2020";"3";"16";"1";"0";"1777";"212.";"6.4";"6.3";"93.";"8.";"0.00";"0.00";"0.00"
"2020";"3";"16";"1";"1";"1778";"224.";"5.0";"5.8";"94.";"8.";"0.00";"0.00";"0.00"
"2020";"3";"16";"1";"2";"1779";"221.";"3.4";"5.6";"95.";"8.";"0.00";"0.00";"0.00"
"2020";"3";"16";"1";"3";"1780";"202.";"3.2";"5.4";"94.";"8.";"0.00";"0.00";"0.00"
"2020";"3";"16";"1";"4";"1781";"212.";"3.4";"5.4";"94.";"8.";"0.00";"0.00";"0.00"
"2020";"3";"16";"1";"5";"1782";"224.";"3.7";"5.5";"92.";"8.";"0.00";"0.00";"0.00"
"2020";"3";"16";"1";"6";"1783";"228.";"3.5";"5.7";"94.";"8.";"0.00";"0.00";"0.00"
"2020";"3";"16";"1";"7";"1784";"236.";"2.9";"6.0";"94.";"8.";"32.91";"0.00";"32.91"
"2020";"3";"16";"1";"8";"1785";"252.";"3.1";"6.3";"93.";"8.";"74.55";"0.00";"74.55"
"2020";"3";"16";"1";"9";"1786";"262.";"3.3";"6.6";"93.";"8.";"105.90";"0.00";"105.90"
"2020";"3";"16";"1";"10";"1787";"269.";"2.5";"7.2";"93.";"7.";"174.28";"58.87";"147.50"
"2020";"3";"16";"1";"11";"1788";"261.";"2.1";"7.8";"87.";"8.";"149.27";"0.00";"149.27"
"2020";"3";"16";"1";"12";"1789";"257.";"1.7";"8.4";"83.";"7.";"199.32";"73.99";"162.98"
"2020";"3";"16";"1";"13";"1790";"253.";"1.7";"8.9";"78.";"3.";"353.29";"422.79";"160.94"
"2020";"3";"16";"1";"14";"1791";"254.";"2.4";"8.7";"76.";"3.";"282.85";"364.35";"142.49"
"2020";"3";"16";"1";"15";"1792";"237.";"2.5";"8.8";"76.";"2.";"217.86";"440.08";"91.72"
"2020";"3";"16";"1";"16";"1793";"233.";"2.6";"8.0";"79.";"1.";"105.26";"350.73";"47.09"
"2020";"3";"16";"1";"17";"1794";"227.";"1.9";"7.4";"83.";"7.";"0.00";"0.00";"0.00"
"2020";"3";"16";"1";"18";"1795";"206.";"1.6";"6.3";"86.";"8.";"0.00";"0.00";"0.00"
"2020";"3";"16";"1";"19";"1796";"229.";"2.0";"5.7";"88.";"7.";"0.00";"0.00";"0.00"
"2020";"3";"16";"1";"20";"1797";"244.";"3.1";"5.5";"87.";"8.";"0.00";"0.00";"0.00"
"2020";"3";"16";"1";"21";"1798";"228.";"2.5";"5.5";"84.";"8.";"0.00";"0.00";"0.00"
"2020";"3";"16";"1";"22";"1799";"236.";"2.8";"5.0";"87.";"7.";"0.00";"0.00";"0.00"
"2020";"3";"16";"1";"23";"1800";"224.";"2.7";"4.2";"90.";"7.";"0.00";"0.00";"0.00"
"2020";"3";"17";"2";"0";"1801";"227.";"3.1";"5.1";"86.";"8.";"0.00";"0.00";"0.00"
"2020";"3";"17";"2";"1";"1802";"231.";"4.1";"5.3";"78.";"8.";"0.00";"0.00";"0.00"
"2020";"3";"17";"2";"2";"1803";"222.";"4.2";"4.7";"78.";"8.";"0.00";"0.00";"0.00"
"2020";"3";"17";"2";"3";"1804";"216.";"4.5";"4.7";"80.";"8.";"0.00";"0.00";"0.00"
"2020";"3";"17";"2";"4";"1805";"222.";"5.7";"4.9";"80.";"6.";"0.00";"0.00";"0.00"
"2020";"3";"17";"2";"5";"1806";"221.";"6.4";"5.1";"79.";"5.";"0.00";"0.00";"0.00"
"2020";"3";"17";"2";"6";"1807";"217.";"6.6";"5.2";"81.";"8.";"0.00";"0.00";"0.00"
"2020";"3";"17";"2";"7";"1808";"213.";"6.8";"5.2";"85.";"8.";"21.91";"0.00";"21.91"
"2020";"3";"17";"2";"8";"1809";"216.";"7.7";"6.0";"83.";"8.";"82.06";"0.00";"82.06"
"2020";"3";"17";"2";"9";"1810";"216.";"7.6";"6.1";"83.";"8.";"118.40";"0.00";"118.40"
"2020";"3";"17";"2";"10";"1811";"217.";"7.2";"6.2";"86.";"8.";"142.01";"0.00";"142.01"
"2020";"3";"17";"2";"11";"1812";"222.";"7.0";"6.5";"86.";"8.";"151.49";"0.00";"151.49"
"2020";"3";"17";"2";"12";"1813";"226.";"6.6";"6.8";"87.";"8.";"152.38";"0.00";"152.38"
"2020";"3";"17";"2";"13";"1814";"227.";"6.2";"7.2";"86.";"8.";"137.65";"0.00";"137.65"
"2020";"3";"17";"2";"14";"1815";"226.";"6.0";"7.3";"87.";"8.";"110.82";"0.00";"110.82"
"2020";"3";"17";"2";"15";"1816";"227.";"6.5";"7.3";"87.";"8.";"75.37";"0.00";"75.37"
"2020";"3";"17";"2";"16";"1817";"222.";"6.3";"7.4";"87.";"8.";"34.19";"0.00";"34.19"
"2020";"3";"17";"2";"17";"1818";"230.";"6.5";"7.1";"90.";"8.";"0.00";"0.00";"0.00"
"2020";"3";"17";"2";"18";"1819";"228.";"6.2";"6.8";"93.";"7.";"0.00";"0.00";"0.00"
"2020";"3";"17";"2";"19";"1820";"222.";"5.8";"6.6";"93.";"7.";"0.00";"0.00";"0.00"
"2020";"3";"17";"2";"20";"1821";"221.";"6.0";"6.5";"93.";"8.";"0.00";"0.00";"0.00"
"2020";"3";"17";"2";"21";"1822";"219.";"6.4";"6.5";"93.";"8.";"0.00";"0.00";"0.00"
"2020";"3";"17";"2";"22";"1823";"224.";"6.4";"6.6";"93.";"8.";"0.00";"0.00";"0.00"
"2020";"3";"17";"2";"23";"1824";"217.";"6.0";"6.4";"94.";"8.";"0.00";"0.00";"0.00"
"2020";"3";"18";"3";"0";"1825";"220.";"6.1";"6.4";"94.";"8.";"0.00";"0.00";"0.00"
"2020";"3";"18";"3";"1";"1826";"213.";"6.3";"6.3";"94.";"8.";"0.00";"0.00";"0.00"
"2020";"3";"18";"3";"2";"1827";"197.";"6.2";"6.2";"94.";"8.";"0.00";"0.00";"0.00"
"2020";"3";"18";"3";"3";"1828";"184.";"7.1";"6.2";"95.";"8.";"0.00";"0.00";"0.00"
"2020";"3";"18";"3";"4";"1829";"202.";"9.0";"6.7";"96.";"8.";"0.00";"0.00";"0.00"
"2020";"3";"18";"3";"5";"1830";"210.";"9.1";"6.9";"96.";"8.";"0.00";"0.00";"0.00"
"2020";"3";"18";"3";"6";"1831";"221.";"8.5";"7.2";"96.";"8.";"0.00";"0.00";"0.00"
"2020";"3";"18";"3";"7";"1832";"234.";"7.6";"7.4";"96.";"8.";"17.52";"0.00";"17.52"
"2020";"3";"18";"3";"8";"1833";"255.";"6.7";"7.1";"96.";"8.";"75.10";"0.00";"75.10"
"2020";"3";"18";"3";"9";"1834";"258.";"4.9";"7.0";"92.";"8.";"118.44";"0.00";"118.44"
"2020";"3";"18";"3";"10";"1835";"261.";"5.9";"6.9";"90.";"8.";"148.66";"0.00";"148.66"
"2020";"3";"18";"3";"11";"1836";"261.";"6.0";"7.3";"85.";"8.";"160.03";"0.00";"160.03"
"2020";"3";"18";"3";"12";"1837";"257.";"6.9";"7.3";"79.";"7.";"223.25";"110.44";"167.68"
"2020";"3";"18";"3";"13";"1838";"265.";"7.1";"7.5";"73.";"6.";"237.98";"158.08";"164.15"
"2020";"3";"18";"3";"14";"1839";"263.";"6.8";"7.4";"73.";"5.";"296.03";"221.92";"207.86"
"2020";"3";"18";"3";"15";"1840";"265.";"7.4";"7.3";"67.";"2.";"224.70";"366.92";"115.12"
"2020";"3";"18";"3";"16";"1841";"261.";"7.2";"6.6";"70.";"7.";"84.96";"45.81";"76.81"
"2020";"3";"18";"3";"17";"1842";"257.";"6.0";"6.1";"71.";"8.";"0.00";"0.00";"0.00"
"2020";"3";"18";"3";"18";"1843";"260.";"6.0";"5.7";"75.";"8.";"0.00";"0.00";"0.00"
"2020";"3";"18";"3";"19";"1844";"263.";"6.1";"5.7";"75.";"8.";"0.00";"0.00";"0.00"
"2020";"3";"18";"3";"20";"1845";"264.";"5.1";"5.5";"76.";"6.";"0.00";"0.00";"0.00"
"2020";"3";"18";"3";"21";"1846";"263.";"5.1";"5.2";"79.";"5.";"0.00";"0.00";"0.00"
"2020";"3";"18";"3";"22";"1847";"266.";"4.9";"5.0";"81.";"4.";"0.00";"0.00";"0.00"
"2020";"3";"18";"3";"23";"1848";"266.";"4.7";"5.0";"79.";"7.";"0.00";"0.00";"0.00"
"2020";"3";"19";"4";"0";"1849";"267.";"5.3";"4.9";"79.";"4.";"0.00";"0.00";"0.00"
"2020";"3";"19";"4";"1";"1850";"269.";"4.7";"4.6";"82.";"1.";"0.00";"0.00";"0.00"
"2020";"3";"19";"4";"2";"1851";"265.";"4.6";"4.5";"84.";"4.";"0.00";"0.00";"0.00"
"2020";"3";"19";"4";"3";"1852";"265.";"4.5";"4.4";"84.";"2.";"0.00";"0.00";"0.00"
"2020";"3";"19";"4";"4";"1853";"266.";"4.6";"4.3";"85.";"0.";"0.00";"0.00";"0.00"
"2020";"3";"19";"4";"5";"1854";"266.";"4.4";"4.4";"84.";"0.";"0.00";"0.00";"0.00"
"2020";"3";"19";"4";"6";"1855";"268.";"4.0";"4.6";"85.";"3.";"0.00";"0.00";"0.00"
"2020";"3";"19";"4";"7";"1856";"272.";"5.2";"5.5";"81.";"3.";"102.58";"244.46";"57.65"
"2020";"3";"19";"4";"8";"1857";"274.";"4.9";"6.2";"80.";"6.";"136.83";"123.88";"99.09"
"2020";"3";"19";"4";"9";"1858";"269.";"5.5";"6.9";"77.";"4.";"265.18";"278.83";"152.72"
"2020";"3";"19";"4";"10";"1859";"270.";"5.3";"7.4";"74.";"2.";"398.67";"443.69";"188.75"
"2020";"3";"19";"4";"11";"1860";"273.";"5.7";"7.8";"72.";"2.";"439.81";"477.54";"196.63"
"2020";"3";"19";"4";"12";"1861";"277.";"5.5";"7.9";"69.";"0.";"512.11";"610.12";"201.43"
"2020";"3";"19";"4";"13";"1862";"274.";"5.5";"8.3";"64.";"2.";"403.51";"463.60";"184.18"
"2020";"3";"19";"4";"14";"1863";"270.";"5.3";"8.3";"64.";"3.";"301.77";"367.69";"153.48"
"2020";"3";"19";"4";"15";"1864";"271.";"4.6";"8.1";"66.";"4.";"191.25";"282.75";"105.11"
"2020";"3";"19";"4";"16";"1865";"251.";"5.0";"7.4";"69.";"2.";"115.01";"311.50";"57.77"
"2020";"3";"19";"4";"17";"1866";"242.";"5.1";"6.7";"72.";"7.";"0.04";"0.09";"0.03"
"2020";"3";"19";"4";"18";"1867";"239.";"5.1";"6.5";"77.";"4.";"0.00";"0.00";"0.00"
"2020";"3";"19";"4";"19";"1868";"236.";"5.7";"6.0";"79.";"8.";"0.00";"0.00";"0.00"
"2020";"3";"19";"4";"20";"1869";"239.";"6.0";"6.0";"80.";"7.";"0.00";"0.00";"0.00"
"2020";"3";"19";"4";"21";"1870";"254.";"5.4";"5.9";"82.";"8.";"0.00";"0.00";"0.00"
"2020";"3";"19";"4";"22";"1871";"255.";"4.6";"5.5";"84.";"3.";"0.00";"0.00";"0.00"
"2020";"3";"19";"4";"23";"1872";"259.";"3.6";"5.2";"86.";"2.";"0.00";"0.00";"0.00"
"2020";"3";"20";"5";"0";"1873";"267.";"2.3";"4.8";"86.";"3.";"0.00";"0.00";"0.00"
"2020";"3";"20";"5";"1";"1874";"287.";"1.8";"3.5";"90.";"3.";"0.00";"0.00";"0.00"
"2020";"3";"20";"5";"2";"1875";"317.";"1.9";"2.5";"93.";"1.";"0.00";"0.00";"0.00"
"2020";"3";"20";"5";"3";"1876";"346.";"1.9";"1.7";"95.";"2.";"0.00";"0.00";"0.00"
"2020";"3";"20";"5";"4";"1877";"10.";"2.9";"1.6";"95.";"4.";"0.00";"0.00";"0.00"
"2020";"3";"20";"5";"5";"1878";"25.";"3.1";"2.9";"94.";"4.";"0.00";"0.00";"0.00"
"2020";"3";"20";"5";"6";"1879";"28.";"3.5";"2.8";"85.";"1.";"7.62";"62.28";"4.20"
"2020";"3";"20";"5";"7";"1880";"36.";"4.8";"3.1";"68.";"0.";"155.25";"551.62";"50.58"
"2020";"3";"20";"5";"8";"1881";"31.";"4.6";"3.3";"59.";"0.";"302.97";"693.37";"87.59"
"2020";"3";"20";"5";"9";"1882";"23.";"4.5";"4.6";"48.";"0.";"430.95";"805.12";"101.40"
"2020";"3";"20";"5";"10";"1883";"11.";"4.3";"5.6";"37.";"0.";"512.58";"778.64";"139.53"
"2020";"3";"20";"5";"11";"1884";"15.";"4.5";"6.1";"35.";"0.";"558.44";"798.62";"146.95"
"2020";"3";"20";"5";"12";"1885";"11.";"4.5";"6.4";"33.";"0.";"568.84";"873.19";"118.93"
"2020";"3";"20";"5";"13";"1886";"13.";"4.8";"6.4";"30.";"0.";"517.80";"808.93";"130.23"
"2020";"3";"20";"5";"14";"1887";"19.";"4.7";"6.6";"29.";"0.";"437.49";"835.98";"95.30"
"2020";"3";"20";"5";"15";"1888";"32.";"5.1";"6.1";"28.";"0.";"311.66";"732.63";"84.08"
"2020";"3";"20";"5";"16";"1889";"35.";"4.5";"5.3";"32.";"0.";"164.67";"593.88";"51.98"
"2020";"3";"20";"5";"17";"1890";"47.";"3.7";"4.3";"36.";"0.";"23.09";"219.23";"11.05"
"2020";"3";"20";"5";"18";"1891";"43.";"2.1";"2.7";"43.";"0.";"0.00";"0.00";"0.00"
"2020";"3";"20";"5";"19";"1892";"32.";"1.5";"0.8";"52.";"0.";"0.00";"0.00";"0.00"
"2020";"3";"20";"5";"20";"1893";"20.";"1.3";"-0.1";"58.";"0.";"0.00";"0.00";"0.00"
"2020";"3";"20";"5";"21";"1894";"34.";"1.0";"-0.9";"63.";"0.";"0.00";"0.00";"0.00"
"2020";"3";"20";"5";"22";"1895";"26.";"0.8";"-1.4";"67.";"0.";"0.00";"0.00";"0.00"
"2020";"3";"20";"5";"23";"1896";"343.";"0.7";"-2.0";"72.";"0.";"0.00";"0.00";"0.00"
"2020";"3";"21";"6";"0";"1897";"6.";"0.6";"-2.4";"74.";"0.";"0.00";"0.00";"0.00"
"2020";"3";"21";"6";"1";"1898";"334.";"0.6";"-2.8";"77.";"0.";"0.00";"0.00";"0.00"
"2020";"3";"21";"6";"2";"1899";"335.";"0.8";"-3.1";"78.";"0.";"0.00";"0.00";"0.00"
"2020";"3";"21";"6";"3";"1900";"316.";"1.3";"-3.3";"78.";"0.";"0.00";"0.00";"0.00"
"2020";"3";"21";"6";"4";"1901";"11.";"1.0";"-3.7";"80.";"0.";"0.00";"0.00";"0.00"
"2020";"3";"21";"6";"5";"1902";"38.";"1.0";"-4.0";"81.";"0.";"0.00";"0.00";"0.00"
"2020";"3";"21";"6";"6";"1903";"46.";"1.0";"-3.5";"81.";"0.";"24.59";"214.10";"11.56"
"2020";"3";"21";"6";"7";"1904";"56.";"1.4";"-0.9";"73.";"0.";"168.47";"618.83";"47.36"
"2020";"3";"21";"6";"8";"1905";"55.";"3.1";"2.0";"57.";"0.";"319.50";"792.57";"68.56"
"2020";"3";"21";"6";"9";"1906";"60.";"4.0";"4.0";"47.";"0.";"444.85";"865.77";"85.28"
"2020";"3";"21";"6";"10";"1907";"54.";"4.2";"5.0";"39.";"0.";"533.08";"886.99";"102.79"
"2020";"3";"21";"6";"11";"1908";"43.";"3.9";"5.7";"34.";"0.";"577.13";"881.28";"117.77"
"2020";"3";"21";"6";"12";"1909";"35.";"3.6";"6.4";"29.";"0.";"582.51";"917.45";"104.30"
"2020";"3";"21";"6";"13";"1910";"41.";"4.1";"6.5";"29.";"0.";"535.71";"896.13";"100.98"
"2020";"3";"21";"6";"14";"1911";"35.";"4.0";"6.7";"28.";"0.";"450.80";"897.33";"78.13"
"2020";"3";"21";"6";"15";"1912";"31.";"3.9";"6.6";"31.";"0.";"320.90";"774.45";"75.70"
"2020";"3";"21";"6";"16";"1913";"31.";"3.9";"5.5";"33.";"0.";"173.63";"647.82";"46.84"
"2020";"3";"21";"6";"17";"1914";"39.";"3.1";"4.4";"35.";"0.";"29.18";"254.11";"13.72"
"2020";"3";"21";"6";"18";"1915";"44.";"1.9";"2.8";"44.";"1.";"0.00";"0.00";"0.00"
"2020";"3";"21";"6";"19";"1916";"57.";"1.5";"1.0";"55.";"0.";"0.00";"0.00";"0.00"
"2020";"3";"21";"6";"20";"1917";"68.";"1.8";"0.0";"62.";"1.";"0.00";"0.00";"0.00"
"2020";"3";"21";"6";"21";"1918";"81.";"1.4";"-0.6";"64.";"0.";"0.00";"0.00";"0.00"
"2020";"3";"21";"6";"22";"1919";"92.";"1.7";"-1.1";"68.";"0.";"0.00";"0.00";"0.00"
"2020";"3";"21";"6";"23";"1920";"96.";"2.0";"-1.4";"70.";"0.";"0.00";"0.00";"0.00"
"2020";"3";"22";"7";"0";"1921";"110.";"2.2";"-1.7";"73.";"0.";"0.00";"0.00";"0.00"
"2020";"3";"22";"7";"1";"1922";"122.";"2.0";"-2.0";"73.";"0.";"0.00";"0.00";"0.00"
"2020";"3";"22";"7";"2";"1923";"118.";"2.3";"-2.5";"75.";"0.";"0.00";"0.00";"0.00"
"2020";"3";"22";"7";"3";"1924";"122.";"2.5";"-2.8";"75.";"1.";"0.00";"0.00";"0.00"
"2020";"3";"22";"7";"4";"1925";"124.";"2.0";"-3.3";"76.";"0.";"0.00";"0.00";"0.00"
"2020";"3";"22";"7";"5";"1926";"125.";"2.0";"-4.1";"77.";"1.";"0.00";"0.00";"0.00"
"2020";"3";"22";"7";"6";"1927";"130.";"2.2";"-3.5";"75.";"0.";"31.12";"251.56";"14.31"
"2020";"3";"22";"7";"7";"1928";"139.";"2.6";"-0.6";"64.";"0.";"176.16";"615.03";"52.12"
"2020";"3";"22";"7";"8";"1929";"139.";"3.0";"1.5";"49.";"0.";"337.19";"819.25";"72.93"
"2020";"3";"22";"7";"9";"1930";"157.";"3.3";"2.9";"44.";"0.";"454.11";"873.74";"86.02"
"2020";"3";"22";"7";"10";"1931";"167.";"3.2";"3.9";"34.";"0.";"541.93";"887.16";"106.26"
"2020";"3";"22";"7";"11";"1932";"176.";"3.3";"4.2";"34.";"0.";"591.56";"933.46";"99.43"
"2020";"3";"22";"7";"12";"1933";"205.";"3.6";"4.5";"36.";"0.";"589.65";"922.66";"103.21"
"2020";"3";"22";"7";"13";"1934";"212.";"4.2";"4.3";"43.";"2.";"492.74";"664.34";"166.50"
"2020";"3";"22";"7";"14";"1935";"208.";"3.9";"4.5";"45.";"1.";"419.87";"761.35";"99.13"
"2020";"3";"22";"7";"15";"1936";"210.";"3.9";"4.1";"47.";"2.";"298.41";"592.88";"107.17"
"2020";"3";"22";"7";"16";"1937";"208.";"3.8";"3.3";"52.";"3.";"153.35";"400.84";"72.51"
"2020";"3";"22";"7";"17";"1938";"207.";"3.1";"2.6";"57.";"6.";"14.81";"59.44";"10.84"
"2020";"3";"22";"7";"18";"1939";"198.";"2.0";"1.5";"64.";"5.";"0.00";"0.00";"0.00"
"2020";"3";"22";"7";"19";"1940";"194.";"1.9";"0.8";"69.";"6.";"0.00";"0.00";"0.00"
"2020";"3";"22";"7";"20";"1941";"196.";"2.0";"0.3";"75.";"1.";"0.00";"0.00";"0.00"
"2020";"3";"22";"7";"21";"1942";"198.";"2.4";"-0.2";"76.";"2.";"0.00";"0.00";"0.00"
"2020";"3";"22";"7";"22";"1943";"193.";"2.3";"-0.2";"78.";"1.";"0.00";"0.00";"0.00"
"2020";"3";"22";"7";"23";"1944";"199.";"2.8";"0.1";"77.";"5.";"0.00";"0.00";"0.00"
"2020";"3";"23";"1";"0";"1945";"208.";"3.8";"1.5";"69.";"8.";"0.00";"0.00";"0.00"
"2020";"3";"23";"1";"1";"1946";"204.";"4.2";"2.1";"65.";"6.";"0.00";"0.00";"0.00"
"2020";"3";"23";"1";"2";"1947";"213.";"4.6";"2.4";"63.";"6.";"0.00";"0.00";"0.00"
"2020";"3";"23";"1";"3";"1948";"205.";"4.3";"2.1";"61.";"5.";"0.00";"0.00";"0.00"
"2020";"3";"23";"1";"4";"1949";"202.";"4.1";"1.3";"65.";"1.";"0.00";"0.00";"0.00"
"2020";"3";"23";"1";"5";"1950";"203.";"4.7";"1.5";"65.";"7.";"0.00";"0.00";"0.00"
"2020";"3";"23";"1";"6";"1951";"208.";"5.0";"1.9";"64.";"3.";"25.21";"155.22";"13.92"
"2020";"3";"23";"1";"7";"1952";"205.";"5.3";"2.3";"61.";"3.";"140.57";"396.72";"58.21"
"2020";"3";"23";"1";"8";"1953";"208.";"5.4";"3.1";"62.";"8.";"101.75";"0.00";"101.75"
"2020";"3";"23";"1";"9";"1954";"218.";"5.9";"3.5";"58.";"5.";"274.22";"319.81";"137.59"
"2020";"3";"23";"1";"10";"1955";"212.";"5.6";"4.1";"55.";"1.";"494.05";"693.92";"149.14"
"2020";"3";"23";"1";"11";"1956";"210.";"5.7";"4.6";"52.";"3.";"447.70";"510.69";"175.42"
"2020";"3";"23";"1";"12";"1957";"207.";"5.5";"4.8";"53.";"3.";"453.33";"545.45";"162.51"
"2020";"3";"23";"1";"13";"1958";"201.";"5.7";"5.3";"52.";"1.";"498.34";"726.69";"137.15"
"2020";"3";"23";"1";"14";"1959";"201.";"6.2";"5.4";"48.";"7.";"301.46";"97.40";"259.85"
"2020";"3";"23";"1";"15";"1960";"200.";"6.4";"5.1";"50.";"8.";"100.68";"0.00";"100.68"
"2020";"3";"23";"1";"16";"1961";"196.";"5.8";"4.3";"53.";"8.";"111.82";"0.00";"111.82"
"2020";"3";"23";"1";"17";"1962";"196.";"5.2";"3.9";"54.";"2.";"28.24";"189.11";"14.48"
"2020";"3";"23";"1";"18";"1963";"198.";"4.3";"2.8";"59.";"4.";"0.00";"0.00";"0.00"
"2020";"3";"23";"1";"19";"1964";"191.";"4.2";"2.9";"59.";"6.";"0.00";"0.00";"0.00"
"2020";"3";"23";"1";"20";"1965";"196.";"4.7";"2.6";"60.";"8.";"0.00";"0.00";"0.00"
"2020";"3";"23";"1";"21";"1966";"199.";"5.2";"2.9";"61.";"6.";"0.00";"0.00";"0.00"
"2020";"3";"23";"1";"22";"1967";"202.";"5.1";"3.1";"63.";"6.";"0.00";"0.00";"0.00"
"2020";"3";"23";"1";"23";"1968";"202.";"5.4";"3.2";"65.";"8.";"0.00";"0.00";"0.00"
"2020";"3";"24";"2";"0";"1969";"204.";"5.6";"3.0";"64.";"5.";"0.00";"0.00";"0.00"
"2020";"3";"24";"2";"1";"1970";"206.";"5.7";"2.8";"67.";"7.";"0.00";"0.00";"0.00"
"2020";"3";"24";"2";"2";"1971";"198.";"5.1";"2.4";"70.";"5.";"0.00";"0.00";"0.00"
"2020";"3";"24";"2";"3";"1972";"195.";"4.8";"2.4";"71.";"2.";"0.00";"0.00";"0.00"
"2020";"3";"24";"2";"4";"1973";"197.";"4.8";"2.4";"71.";"8.";"0.00";"0.00";"0.00"
"2020";"3";"24";"2";"5";"1974";"194.";"5.6";"2.3";"70.";"8.";"0.00";"0.00";"0.00"
"2020";"3";"24";"2";"6";"1975";"206.";"4.8";"3.3";"67.";"8.";"10.55";"0.00";"10.55"
"2020";"3";"24";"2";"7";"1976";"208.";"5.6";"4.4";"62.";"2.";"155.50";"430.40";"63.58"
"2020";"3";"24";"2";"8";"1977";"209.";"6.5";"5.3";"56.";"8.";"200.29";"0.00";"200.29"
"2020";"3";"24";"2";"9";"1978";"202.";"6.8";"5.7";"52.";"7.";"302.58";"93.24";"262.20"
"2020";"3";"24";"2";"10";"1979";"200.";"7.0";"6.1";"50.";"8.";"322.85";"0.00";"322.85"
"2020";"3";"24";"2";"11";"1980";"192.";"7.4";"6.1";"51.";"8.";"360.05";"0.00";"360.05"
"2020";"3";"24";"2";"12";"1981";"188.";"7.7";"6.4";"50.";"8.";"357.73";"0.00";"357.73"
"2020";"3";"24";"2";"13";"1982";"188.";"8.1";"6.4";"52.";"7.";"219.44";"95.27";"171.52"
"2020";"3";"24";"2";"14";"1983";"187.";"7.7";"6.0";"52.";"7.";"300.82";"90.86";"261.46"
"2020";"3";"24";"2";"15";"1984";"190.";"7.7";"6.0";"50.";"3.";"282.34";"406.09";"146.52"
"2020";"3";"24";"2";"16";"1985";"190.";"7.3";"5.5";"52.";"8.";"56.58";"0.00";"56.58"
"2020";"3";"24";"2";"17";"1986";"188.";"6.9";"5.0";"58.";"8.";"10.64";"0.00";"10.64"
"2020";"3";"24";"2";"18";"1987";"187.";"6.6";"4.6";"64.";"7.";"0.00";"0.00";"0.00"
"2020";"3";"24";"2";"19";"1988";"189.";"6.7";"4.5";"65.";"7.";"0.00";"0.00";"0.00"
"2020";"3";"24";"2";"20";"1989";"190.";"6.7";"4.3";"66.";"7.";"0.00";"0.00";"0.00"
"2020";"3";"24";"2";"21";"1990";"188.";"6.2";"4.1";"67.";"8.";"0.00";"0.00";"0.00"
"2020";"3";"24";"2";"22";"1991";"191.";"6.1";"4.0";"66.";"8.";"0.00";"0.00";"0.00"
"2020";"3";"24";"2";"23";"1992";"195.";"6.0";"4.0";"65.";"8.";"0.00";"0.00";"0.00"
"2020";"3";"25";"3";"0";"1993";"192.";"5.8";"3.8";"68.";"4.";"0.00";"0.00";"0.00"
"2020";"3";"25";"3";"1";"1994";"191.";"5.8";"3.8";"69.";"6.";"0.00";"0.00";"0.00"
"2020";"3";"25";"3";"2";"1995";"195.";"5.6";"3.9";"72.";"7.";"0.00";"0.00";"0.00"
"2020";"3";"25";"3";"3";"1996";"197.";"5.4";"4.0";"71.";"7.";"0.00";"0.00";"0.00"
"2020";"3";"25";"3";"4";"1997";"200.";"5.9";"4.2";"67.";"7.";"0.00";"0.00";"0.00"
"2020";"3";"25";"3";"5";"1998";"208.";"5.7";"4.2";"64.";"7.";"0.00";"0.00";"0.00"
"2020";"3";"25";"3";"6";"1999";"206.";"5.5";"4.5";"60.";"8.";"26.59";"0.00";"26.59"
"2020";"3";"25";"3";"7";"2000";"206.";"6.3";"5.5";"56.";"3.";"161.64";"331.75";"88.82"
"2020";"3";"25";"3";"8";"2001";"204.";"6.9";"5.7";"53.";"5.";"256.80";"246.20";"173.00"
"2020";"3";"25";"3";"9";"2002";"204.";"7.1";"6.4";"51.";"3.";"388.51";"424.29";"202.21"
"2020";"3";"25";"3";"10";"2003";"201.";"7.5";"7.0";"49.";"0.";"513.06";"589.83";"212.92"
"2020";"3";"25";"3";"11";"2004";"193.";"7.6";"7.5";"48.";"3.";"444.77";"446.28";"201.56"
"2020";"3";"25";"3";"12";"2005";"192.";"7.6";"7.9";"45.";"2.";"506.00";"621.69";"167.19"
"2020";"3";"25";"3";"13";"2006";"192.";"7.4";"7.6";"46.";"2.";"458.59";"556.59";"175.36"
"2020";"3";"25";"3";"14";"2007";"191.";"7.0";"7.4";"47.";"3.";"391.95";"442.18";"197.81"
"2020";"3";"25";"3";"15";"2008";"185.";"6.1";"7.3";"47.";"1.";"317.73";"571.46";"123.22"
"2020";"3";"25";"3";"16";"2009";"191.";"5.9";"6.8";"45.";"6.";"139.17";"148.61";"106.56"
"2020";"3";"25";"3";"17";"2010";"187.";"5.4";"6.2";"47.";"0.";"43.25";"271.36";"20.28"
"2020";"3";"25";"3";"18";"2011";"180.";"4.4";"5.3";"54.";"4.";"0.00";"0.00";"0.00"
"2020";"3";"25";"3";"19";"2012";"178.";"4.2";"4.5";"57.";"0.";"0.00";"0.00";"0.00"
"2020";"3";"25";"3";"20";"2013";"180.";"3.6";"4.0";"64.";"1.";"0.00";"0.00";"0.00"
"2020";"3";"25";"3";"21";"2014";"183.";"3.4";"3.7";"69.";"5.";"0.00";"0.00";"0.00"
"2020";"3";"25";"3";"22";"2015";"184.";"3.7";"3.4";"76.";"2.";"0.00";"0.00";"0.00"
"2020";"3";"25";"3";"23";"2016";"182.";"3.7";"3.3";"82.";"2.";"0.00";"0.00";"0.00"
"2020";"3";"26";"4";"0";"2017";"188.";"3.6";"2.9";"86.";"2.";"0.00";"0.00";"0.00"
"2020";"3";"26";"4";"1";"2018";"192.";"3.4";"2.5";"85.";"2.";"0.00";"0.00";"0.00"
"2020";"3";"26";"4";"2";"2019";"189.";"3.2";"2.3";"87.";"0.";"0.00";"0.00";"0.00"
"2020";"3";"26";"4";"3";"2020";"185.";"2.8";"1.9";"88.";"0.";"0.00";"0.00";"0.00"
"2020";"3";"26";"4";"4";"2021";"183.";"2.6";"1.3";"89.";"0.";"0.00";"0.00";"0.00"
"2020";"3";"26";"4";"5";"2022";"179.";"2.3";"1.1";"90.";"0.";"0.00";"0.00";"0.00"
"2020";"3";"26";"4";"6";"2023";"171.";"2.5";"1.6";"90.";"1.";"36.90";"167.35";"21.74"
"2020";"3";"26";"4";"7";"2024";"177.";"2.8";"3.4";"87.";"0.";"170.29";"325.05";"97.02"
"2020";"3";"26";"4";"8";"2025";"183.";"3.1";"5.1";"79.";"0.";"307.31";"438.67";"155.42"
"2020";"3";"26";"4";"9";"2026";"184.";"3.7";"6.5";"69.";"0.";"436.06";"583.48";"176.45"
"2020";"3";"26";"4";"10";"2027";"186.";"4.3";"7.7";"58.";"0.";"527.51";"653.80";"190.98"
"2020";"3";"26";"4";"11";"2028";"191.";"4.7";"8.4";"52.";"0.";"561.03";"606.24";"227.08"
"2020";"3";"26";"4";"12";"2029";"195.";"4.4";"9.1";"45.";"0.";"583.89";"729.18";"182.21"
"2020";"3";"26";"4";"13";"2030";"202.";"4.2";"9.2";"40.";"0.";"546.88";"754.61";"158.46"
"2020";"3";"26";"4";"14";"2031";"199.";"4.3";"9.1";"38.";"2.";"394.48";"549.69";"149.90"
"2020";"3";"26";"4";"15";"2032";"202.";"3.9";"8.5";"37.";"0.";"335.33";"607.58";"124.95"
"2020";"3";"26";"4";"16";"2033";"196.";"3.4";"8.0";"38.";"0.";"195.67";"535.51";"74.96"
"2020";"3";"26";"4";"17";"2034";"200.";"2.3";"6.8";"39.";"0.";"51.07";"295.70";"24.28"
"2020";"3";"26";"4";"18";"2035";"180.";"1.7";"4.5";"48.";"0.";"0.00";"0.00";"0.00"
"2020";"3";"26";"4";"19";"2036";"169.";"1.4";"1.9";"54.";"0.";"0.00";"0.00";"0.00"
"2020";"3";"26";"4";"20";"2037";"180.";"1.1";"0.6";"61.";"0.";"0.00";"0.00";"0.00"
"2020";"3";"26";"4";"21";"2038";"151.";"1.5";"0.1";"66.";"0.";"0.00";"0.00";"0.00"
"2020";"3";"26";"4";"22";"2039";"129.";"1.9";"0.0";"69.";"0.";"0.00";"0.00";"0.00"
"2020";"3";"26";"4";"23";"2040";"135.";"1.7";"-0.6";"74.";"0.";"0.00";"0.00";"0.00"
"2020";"3";"27";"5";"0";"2041";"122.";"2.3";"-0.9";"76.";"0.";"0.00";"0.00";"0.00"
"2020";"3";"27";"5";"1";"2042";"124.";"2.2";"-1.3";"78.";"0.";"0.00";"0.00";"0.00"
"2020";"3";"27";"5";"2";"2043";"130.";"2.1";"-1.4";"79.";"0.";"0.00";"0.00";"0.00"
"2020";"3";"27";"5";"3";"2044";"125.";"1.9";"-1.8";"80.";"0.";"0.00";"0.00";"0.00"
"2020";"3";"27";"5";"4";"2045";"122.";"2.0";"-2.1";"81.";"0.";"0.00";"0.00";"0.00"
"2020";"3";"27";"5";"5";"2046";"119.";"2.2";"-2.2";"82.";"0.";"0.00";"0.00";"0.00"
"2020";"3";"27";"5";"6";"2047";"119.";"2.4";"-1.1";"80.";"0.";"52.03";"244.54";"28.42"
"2020";"3";"27";"5";"7";"2048";"132.";"2.1";"1.8";"69.";"0.";"195.17";"475.92";"85.09"
"2020";"3";"27";"5";"8";"2049";"153.";"2.0";"5.1";"56.";"0.";"344.20";"647.73";"116.11"
"2020";"3";"27";"5";"9";"2050";"172.";"2.0";"7.4";"41.";"0.";"473.70";"762.59";"129.92"
"2020";"3";"27";"5";"10";"2051";"182.";"2.0";"8.4";"35.";"0.";"559.72";"782.62";"152.31"
"2020";"3";"27";"5";"11";"2052";"222.";"2.4";"9.0";"35.";"0.";"598.42";"759.64";"175.54"
"2020";"3";"27";"5";"12";"2053";"240.";"2.8";"9.1";"35.";"0.";"598.33";"759.53";"175.51"
"2020";"3";"27";"5";"13";"2054";"255.";"2.8";"8.9";"34.";"0.";"556.48";"761.09";"160.29"
"2020";"3";"27";"5";"14";"2055";"266.";"3.0";"8.7";"34.";"0.";"469.01";"718.84";"144.96"
"2020";"3";"27";"5";"15";"2056";"259.";"2.1";"8.5";"36.";"0.";"349.72";"676.64";"111.45"
"2020";"3";"27";"5";"16";"2057";"239.";"1.4";"8.1";"38.";"0.";"205.83";"588.85";"69.64"
"2020";"3";"27";"5";"17";"2058";"244.";"0.9";"6.9";"40.";"0.";"56.68";"320.42";"25.75"
"2020";"3";"27";"5";"18";"2059";"220.";"0.7";"4.3";"52.";"0.";"0.00";"0.00";"0.00"
"2020";"3";"27";"5";"19";"2060";"208.";"0.6";"2.9";"63.";"1.";"0.00";"0.00";"0.00"
"2020";"3";"27";"5";"20";"2061";"142.";"1.3";"1.3";"69.";"0.";"0.00";"0.00";"0.00"
"2020";"3";"27";"5";"21";"2062";"150.";"1.2";"0.5";"72.";"1.";"0.00";"0.00";"0.00"
"2020";"3";"27";"5";"22";"2063";"150.";"1.3";"-0.2";"75.";"0.";"0.00";"0.00";"0.00"
"2020";"3";"27";"5";"23";"2064";"141.";"1.7";"-0.6";"77.";"0.";"0.00";"0.00";"0.00"
"2020";"3";"28";"6";"0";"2065";"137.";"2.1";"-1.0";"79.";"0.";"0.00";"0.00";"0.00"
"2020";"3";"28";"6";"1";"2066";"144.";"2.0";"-1.1";"82.";"0.";"0.00";"0.00";"0.00"
"2020";"3";"28";"6";"2";"2067";"136.";"1.7";"-1.2";"84.";"1.";"0.00";"0.00";"0.00"
"2020";"3";"28";"6";"3";"2068";"145.";"1.4";"-1.3";"85.";"3.";"0.00";"0.00";"0.00"
"2020";"3";"28";"6";"4";"2069";"148.";"0.6";"-0.9";"84.";"5.";"0.00";"0.00";"0.00"
"2020";"3";"28";"6";"5";"2070";"115.";"0.4";"-0.4";"84.";"7.";"0.00";"0.00";"0.00"
"2020";"3";"28";"6";"6";"2071";"101.";"0.8";"0.7";"82.";"7.";"22.31";"29.40";"19.30"
"2020";"3";"28";"6";"7";"2072";"31.";"0.2";"1.5";"83.";"8.";"59.49";"0.00";"59.49"
"2020";"3";"28";"6";"8";"2073";"326.";"0.8";"2.9";"86.";"8.";"90.53";"0.00";"90.53"
"2020";"3";"28";"6";"9";"2074";"347.";"2.0";"5.4";"82.";"5.";"248.12";"141.50";"183.51"
"2020";"3";"28";"6";"10";"2075";"356.";"3.3";"8.2";"61.";"8.";"167.13";"0.00";"167.13"
"2020";"3";"28";"6";"11";"2076";"5.";"3.5";"9.1";"51.";"8.";"378.54";"0.00";"378.54"
"2020";"3";"28";"6";"12";"2077";"3.";"4.0";"9.7";"43.";"8.";"411.99";"0.00";"411.99"
"2020";"3";"28";"6";"13";"2078";"354.";"4.3";"9.9";"40.";"8.";"387.85";"0.00";"387.85"
"2020";"3";"28";"6";"14";"2079";"6.";"3.9";"9.4";"42.";"6.";"369.96";"212.31";"273.01"
"2020";"3";"28";"6";"15";"2080";"17.";"4.5";"8.8";"42.";"8.";"113.50";"0.00";"113.50"
"2020";"3";"28";"6";"16";"2081";"30.";"5.5";"7.8";"41.";"6.";"153.78";"150.57";"118.07"
"2020";"3";"28";"6";"17";"2082";"34.";"5.6";"6.6";"43.";"6.";"47.84";"94.08";"38.20"
"2020";"3";"28";"6";"18";"2083";"38.";"5.0";"5.6";"48.";"6.";"0.00";"0.00";"0.00"
"2020";"3";"28";"6";"19";"2084";"32.";"5.3";"5.2";"48.";"6.";"0.00";"0.00";"0.00"
"2020";"3";"28";"6";"20";"2085";"39.";"6.7";"5.1";"45.";"4.";"0.00";"0.00";"0.00"
"2020";"3";"28";"6";"21";"2086";"39.";"8.7";"4.8";"43.";"8.";"0.00";"0.00";"0.00"
"2020";"3";"28";"6";"22";"2087";"33.";"8.2";"4.0";"36.";"8.";"0.00";"0.00";"0.00"
"2020";"3";"28";"6";"23";"2088";"35.";"8.5";"3.1";"35.";"8.";"0.00";"0.00";"0.00"
"2020";"3";"29";"7";"0";"2089";"30.";"7.3";"2.0";"34.";"8.";"0.00";"0.00";"0.00"
"2020";"3";"29";"7";"1";"2090";"34.";"7.1";"0.9";"38.";"8.";"0.00";"0.00";"0.00"
"2020";"3";"29";"7";"2";"2091";"26.";"6.3";"-0.1";"42.";"4.";"0.00";"0.00";"0.00"
"2020";"3";"29";"7";"3";"2092";"21.";"6.0";"-0.7";"46.";"1.";"0.00";"0.00";"0.00"
"2020";"3";"29";"7";"4";"2093";"20.";"5.6";"-1.3";"49.";"1.";"0.00";"0.00";"0.00"
"2020";"3";"29";"7";"5";"2094";"20.";"5.0";"-1.8";"50.";"0.";"0.00";"0.00";"0.00"
"2020";"3";"29";"7";"6";"2095";"19.";"5.1";"-1.4";"46.";"0.";"78.32";"454.04";"29.13"
"2020";"3";"29";"7";"7";"2096";"20.";"5.2";"-0.4";"44.";"0.";"232.34";"727.79";"55.47"
"2020";"3";"29";"7";"8";"2097";"16.";"4.8";"0.9";"41.";"0.";"383.37";"851.17";"73.72"
"2020";"3";"29";"7";"9";"2098";"9.";"4.4";"2.1";"36.";"0.";"506.49";"888.70";"95.54"
"2020";"3";"29";"7";"10";"2099";"352.";"4.1";"3.4";"32.";"0.";"594.96";"916.69";"107.15"
"2020";"3";"29";"7";"11";"2100";"340.";"4.1";"4.5";"31.";"0.";"645.84";"970.70";"94.26"
"2020";"3";"29";"7";"12";"2101";"318.";"5.0";"4.9";"32.";"1.";"612.09";"808.93";"152.43"
"2020";"3";"29";"7";"13";"2102";"313.";"5.8";"4.6";"36.";"1.";"569.86";"815.25";"136.04"
"2020";"3";"29";"7";"14";"2103";"310.";"6.2";"4.8";"35.";"1.";"482.48";"767.86";"127.41"
"2020";"3";"29";"7";"15";"2104";"306.";"5.9";"4.6";"34.";"0.";"391.14";"857.59";"79.15"
"2020";"3";"29";"7";"16";"2105";"302.";"5.9";"4.3";"37.";"0.";"235.50";"725.08";"59.29"
"2020";"3";"29";"7";"17";"2106";"293.";"5.9";"3.8";"45.";"0.";"73.81";"427.93";"27.46"
"2020";"3";"29";"7";"18";"2107";"297.";"5.1";"3.3";"53.";"1.";"0.00";"0.00";"0.00"
"2020";"3";"29";"7";"19";"2108";"311.";"5.6";"3.4";"54.";"4.";"0.00";"0.00";"0.00"
"2020";"3";"29";"7";"20";"2109";"307.";"6.6";"3.5";"57.";"6.";"0.00";"0.00";"0.00"
"2020";"3";"29";"7";"21";"2110";"300.";"6.1";"3.4";"63.";"3.";"0.00";"0.00";"0.00"
"2020";"3";"29";"7";"22";"2111";"300.";"5.4";"3.3";"68.";"6.";"0.00";"0.00";"0.00"
"2020";"3";"29";"7";"23";"2112";"307.";"4.4";"3.5";"70.";"2.";"0.00";"0.00";"0.00"
"2020";"3";"30";"1";"0";"2113";"312.";"3.6";"2.9";"74.";"3.";"0.00";"0.00";"0.00"
"2020";"3";"30";"1";"1";"2114";"327.";"2.5";"1.4";"78.";"4.";"0.00";"0.00";"0.00"
"2020";"3";"30";"1";"2";"2115";"6.";"2.3";"0.2";"80.";"8.";"0.00";"0.00";"0.00"
"2020";"3";"30";"1";"3";"2116";"9.";"2.3";"0.5";"77.";"8.";"0.00";"0.00";"0.00"
"2020";"3";"30";"1";"4";"2117";"22.";"2.6";"0.7";"70.";"2.";"0.00";"0.00";"0.00"
"2020";"3";"30";"1";"5";"2118";"34.";"2.8";"0.1";"71.";"0.";"0.00";"0.00";"0.00"
"2020";"3";"30";"1";"6";"2119";"37.";"3.6";"0.8";"67.";"0.";"73.68";"376.44";"30.69"
"2020";"3";"30";"1";"7";"2120";"36.";"4.5";"2.1";"57.";"0.";"230.92";"668.38";"64.58"
"2020";"3";"30";"1";"8";"2121";"39.";"5.2";"3.1";"40.";"0.";"383.73";"791.43";"91.23"
"2020";"3";"30";"1";"9";"2122";"44.";"6.0";"4.0";"32.";"0.";"512.05";"878.55";"100.74"
"2020";"3";"30";"1";"10";"2123";"33.";"5.4";"4.5";"28.";"1.";"555.18";"775.97";"137.80"
"2020";"3";"30";"1";"11";"2124";"27.";"5.2";"5.2";"28.";"1.";"614.65";"778.17";"168.01"
"2020";"3";"30";"1";"12";"2125";"23.";"5.3";"5.6";"26.";"2.";"588.53";"678.00";"199.39"
"2020";"3";"30";"1";"13";"2126";"22.";"5.6";"5.8";"25.";"3.";"518.04";"547.41";"223.61"
"2020";"3";"30";"1";"14";"2127";"30.";"5.7";"5.9";"26.";"3.";"445.49";"553.41";"186.40"
"2020";"3";"30";"1";"15";"2128";"35.";"5.0";"5.8";"26.";"1.";"371.91";"720.87";"105.48"
"2020";"3";"30";"1";"16";"2129";"38.";"4.9";"5.3";"28.";"1.";"228.55";"629.25";"71.96"
"2020";"3";"30";"1";"17";"2130";"40.";"4.2";"4.3";"29.";"0.";"83.12";"463.93";"30.14"
"2020";"3";"30";"1";"18";"2131";"55.";"2.7";"2.7";"34.";"0.";"0.00";"0.00";"0.00"
"2020";"3";"30";"1";"19";"2132";"56.";"1.7";"0.4";"43.";"0.";"0.00";"0.00";"0.00"
"2020";"3";"30";"1";"20";"2133";"42.";"1.0";"-0.8";"49.";"1.";"0.00";"0.00";"0.00"
"2020";"3";"30";"1";"21";"2134";"31.";"0.4";"-1.9";"54.";"0.";"0.00";"0.00";"0.00"
"2020";"3";"30";"1";"22";"2135";"275.";"0.8";"-2.5";"59.";"0.";"0.00";"0.00";"0.00"
"2020";"3";"30";"1";"23";"2136";"272.";"0.8";"-3.0";"62.";"0.";"0.00";"0.00";"0.00"
"2020";"3";"31";"2";"0";"2137";"266.";"0.7";"-3.6";"67.";"0.";"0.00";"0.00";"0.00"
"2020";"3";"31";"2";"1";"2138";"225.";"0.3";"-3.9";"68.";"0.";"0.00";"0.00";"0.00"
"2020";"3";"31";"2";"2";"2139";"154.";"0.6";"-4.1";"71.";"0.";"0.00";"0.00";"0.00"
"2020";"3";"31";"2";"3";"2140";"209.";"0.8";"-4.3";"73.";"0.";"0.00";"0.00";"0.00"
"2020";"3";"31";"2";"4";"2141";"231.";"1.0";"-4.1";"75.";"0.";"0.00";"0.00";"0.00"
"2020";"3";"31";"2";"5";"2142";"240.";"1.1";"-3.6";"75.";"7.";"0.00";"0.00";"0.00"
"2020";"3";"31";"2";"6";"2143";"241.";"2.2";"-1.6";"68.";"1.";"78.43";"345.55";"36.95"
"2020";"3";"31";"2";"7";"2144";"238.";"3.8";"2.3";"67.";"5.";"139.51";"233.28";"80.11"
"2020";"3";"31";"2";"8";"2145";"245.";"5.6";"4.9";"68.";"3.";"287.15";"426.11";"127.21"
"2020";"3";"31";"2";"9";"2146";"246.";"6.0";"5.3";"67.";"6.";"249.32";"179.62";"164.21"
"2020";"3";"31";"2";"10";"2147";"243.";"6.2";"5.8";"67.";"6.";"289.70";"177.76";"193.08"
"2020";"3";"31";"2";"11";"2148";"238.";"6.7";"6.5";"66.";"7.";"255.64";"97.14";"199.33"
"2020";"3";"31";"2";"12";"2149";"244.";"6.1";"7.1";"65.";"5.";"367.41";"267.80";"212.18"
"2020";"3";"31";"2";"13";"2150";"256.";"6.3";"7.8";"63.";"4.";"388.07";"340.15";"203.18"
"2020";"3";"31";"2";"14";"2151";"264.";"6.2";"7.4";"72.";"8.";"146.44";"0.00";"146.44"
"2020";"3";"31";"2";"15";"2152";"265.";"6.8";"6.9";"72.";"8.";"110.14";"0.00";"110.14"
"2020";"3";"31";"2";"16";"2153";"268.";"7.4";"6.5";"75.";"8.";"66.07";"0.00";"66.07"
"2020";"3";"31";"2";"17";"2154";"266.";"6.9";"6.2";"79.";"8.";"19.80";"0.00";"19.80"
"2020";"3";"31";"2";"18";"2155";"267.";"6.3";"5.8";"82.";"6.";"0.00";"0.00";"0.00"
"2020";"3";"31";"2";"19";"2156";"265.";"5.7";"5.6";"84.";"5.";"0.00";"0.00";"0.00"
"2020";"3";"31";"2";"20";"2157";"262.";"6.0";"5.4";"86.";"4.";"0.00";"0.00";"0.00"
"2020";"3";"31";"2";"21";"2158";"274.";"5.3";"5.2";"86.";"4.";"0.00";"0.00";"0.00"
"2020";"3";"31";"2";"22";"2159";"275.";"4.6";"5.2";"87.";"4.";"0.00";"0.00";"0.00"
"2020";"3";"31";"2";"23";"2160";"274.";"4.5";"5.0";"87.";"4.";"0.00";"0.00";"0.00"
"2020";"4";"1";"3";"0";"2161";"275.";"4.2";"4.9";"88.";"4.";"0.00";"0.00";"0.00"
"2020";"4";"1";"3";"1";"2162";"276.";"4.4";"4.7";"87.";"4.";"0.00";"0.00";"0.00"
"2020";"4";"1";"3";"2";"2163";"277.";"4.2";"4.6";"87.";"5.";"0.00";"0.00";"0.00"
"2020";"4";"1";"3";"3";"2164";"266.";"3.5";"4.2";"89.";"5.";"0.00";"0.00";"0.00"
"2020";"4";"1";"3";"4";"2165";"265.";"3.1";"4.2";"89.";"4.";"0.00";"0.00";"0.00"
"2020";"4";"1";"3";"5";"2166";"257.";"2.3";"4.1";"89.";"4.";"0.00";"0.00";"0.00"
"2020";"4";"1";"3";"6";"2167";"259.";"3.1";"5.1";"87.";"3.";"48.01";"157.18";"28.22"
"2020";"4";"1";"3";"7";"2168";"267.";"4.0";"5.9";"80.";"6.";"107.95";"127.01";"74.87"
"2020";"4";"1";"3";"8";"2169";"275.";"4.1";"6.8";"74.";"2.";"310.18";"518.23";"112.69"
"2020";"4";"1";"3";"9";"2170";"277.";"5.0";"7.4";"69.";"1.";"442.31";"599.57";"154.77"
"2020";"4";"1";"3";"10";"2171";"281.";"4.4";"8.5";"63.";"2.";"478.43";"534.11";"185.09"
"2020";"4";"1";"3";"11";"2172";"281.";"5.1";"9.0";"60.";"2.";"518.58";"556.56";"192.85"
"2020";"4";"1";"3";"12";"2173";"283.";"4.5";"9.1";"63.";"4.";"425.38";"400.20";"191.16"
"2020";"4";"1";"3";"13";"2174";"282.";"5.7";"8.7";"67.";"8.";"170.41";"0.00";"170.41"
"2020";"4";"1";"3";"14";"2175";"280.";"6.8";"7.9";"69.";"8.";"286.46";"0.00";"286.46"
"2020";"4";"1";"3";"15";"2176";"277.";"7.3";"7.8";"71.";"8.";"207.79";"0.00";"207.79"
"2020";"4";"1";"3";"16";"2177";"272.";"7.0";"7.0";"74.";"8.";"62.27";"0.00";"62.27"
"2020";"4";"1";"3";"17";"2178";"267.";"6.8";"6.3";"79.";"8.";"18.52";"0.00";"18.52"
"2020";"4";"1";"3";"18";"2179";"268.";"7.1";"6.1";"80.";"8.";"0.00";"0.00";"0.00"
"2020";"4";"1";"3";"19";"2180";"269.";"6.9";"6.1";"81.";"8.";"0.00";"0.00";"0.00"
"2020";"4";"1";"3";"20";"2181";"267.";"9.1";"6.3";"83.";"7.";"0.00";"0.00";"0.00"
"2020";"4";"1";"3";"21";"2182";"264.";"7.6";"6.2";"85.";"8.";"0.00";"0.00";"0.00"
"2020";"4";"1";"3";"22";"2183";"264.";"7.3";"6.1";"85.";"7.";"0.00";"0.00";"0.00"
"2020";"4";"1";"3";"23";"2184";"269.";"7.2";"5.9";"86.";"8.";"0.00";"0.00";"0.00"
"2020";"4";"2";"4";"0";"2185";"271.";"7.0";"5.6";"85.";"5.";"0.00";"0.00";"0.00"
"2020";"4";"2";"4";"1";"2186";"274.";"6.1";"5.2";"84.";"4.";"0.00";"0.00";"0.00"
"2020";"4";"2";"4";"2";"2187";"274.";"6.9";"5.2";"82.";"3.";"0.00";"0.00";"0.00"
"2020";"4";"2";"4";"3";"2188";"272.";"6.9";"5.0";"80.";"2.";"0.00";"0.00";"0.00"
"2020";"4";"2";"4";"4";"2189";"270.";"6.9";"5.1";"82.";"3.";"0.00";"0.00";"0.00"
"2020";"4";"2";"4";"5";"2190";"264.";"6.7";"5.2";"81.";"4.";"0.00";"0.00";"0.00"
"2020";"4";"2";"4";"6";"2191";"259.";"6.6";"5.6";"77.";"7.";"27.44";"26.41";"23.96"
"2020";"4";"2";"4";"7";"2192";"254.";"7.8";"5.4";"73.";"8.";"64.56";"0.00";"64.56"
"2020";"4";"2";"4";"8";"2193";"240.";"7.4";"6.2";"67.";"8.";"108.70";"0.00";"108.70"
"2020";"4";"2";"4";"9";"2194";"232.";"7.5";"6.4";"68.";"8.";"142.22";"0.00";"142.22"
"2020";"4";"2";"4";"10";"2195";"224.";"8.0";"6.9";"70.";"8.";"168.58";"0.00";"168.58"
"2020";"4";"2";"4";"11";"2196";"228.";"9.4";"6.8";"72.";"8.";"180.93";"0.00";"180.93"
"2020";"4";"2";"4";"12";"2197";"233.";"10.1";"7.3";"71.";"8.";"182.59";"0.00";"182.59"
"2020";"4";"2";"4";"13";"2198";"233.";"11.2";"7.6";"69.";"8.";"167.24";"0.00";"167.24"
"2020";"4";"2";"4";"14";"2199";"253.";"11.5";"6.1";"83.";"8.";"84.15";"0.00";"84.15"
"2020";"4";"2";"4";"15";"2200";"268.";"11.6";"5.1";"68.";"8.";"64.52";"0.00";"64.52"
"2020";"4";"2";"4";"16";"2201";"269.";"12.0";"5.4";"60.";"5.";"173.55";"164.05";"129.88"
"2020";"4";"2";"4";"17";"2202";"264.";"11.7";"5.1";"55.";"2.";"64.25";"188.38";"39.44"
"2020";"4";"2";"4";"18";"2203";"258.";"12.5";"5.0";"59.";"6.";"0.00";"0.00";"0.00"
"2020";"4";"2";"4";"19";"2204";"263.";"12.7";"5.1";"69.";"8.";"0.00";"0.00";"0.00"
"2020";"4";"2";"4";"20";"2205";"265.";"11.9";"5.0";"73.";"3.";"0.00";"0.00";"0.00"
"2020";"4";"2";"4";"21";"2206";"266.";"10.1";"4.8";"73.";"5.";"0.00";"0.00";"0.00"
"2020";"4";"2";"4";"22";"2207";"275.";"10.0";"4.7";"71.";"8.";"0.00";"0.00";"0.00"
"2020";"4";"2";"4";"23";"2208";"277.";"10.4";"4.7";"68.";"3.";"0.00";"0.00";"0.00"
"2020";"4";"3";"5";"0";"2209";"288.";"10.6";"4.4";"66.";"0.";"0.00";"0.00";"0.00"
"2020";"4";"3";"5";"1";"2210";"294.";"9.5";"4.3";"64.";"0.";"0.00";"0.00";"0.00"
"2020";"4";"3";"5";"2";"2211";"293.";"8.7";"4.3";"65.";"1.";"0.00";"0.00";"0.00"
"2020";"4";"3";"5";"3";"2212";"292.";"7.7";"4.2";"65.";"0.";"0.00";"0.00";"0.00"
"2020";"4";"3";"5";"4";"2213";"292.";"7.1";"3.8";"68.";"0.";"0.00";"0.00";"0.00"
"2020";"4";"3";"5";"5";"2214";"294.";"7.3";"3.8";"68.";"2.";"0.00";"0.00";"0.00"
"2020";"4";"3";"5";"6";"2215";"293.";"7.1";"4.4";"64.";"0.";"84.45";"352.20";"36.02"
"2020";"4";"3";"5";"7";"2216";"298.";"7.2";"5.4";"60.";"5.";"141.66";"214.96";"83.21"
"2020";"4";"3";"5";"8";"2217";"301.";"7.5";"5.7";"56.";"7.";"157.16";"86.20";"123.34"
"2020";"4";"3";"5";"9";"2218";"302.";"7.3";"5.4";"56.";"7.";"210.26";"101.07";"160.65"
"2020";"4";"3";"5";"10";"2219";"298.";"7.0";"6.4";"50.";"6.";"304.65";"209.09";"187.48"
"2020";"4";"3";"5";"11";"2220";"297.";"7.5";"6.9";"45.";"1.";"590.74";"700.11";"173.20"
"2020";"4";"3";"5";"12";"2221";"290.";"8.0";"7.1";"44.";"3.";"498.29";"531.47";"181.32"
"2020";"4";"3";"5";"13";"2222";"290.";"8.1";"7.3";"40.";"0.";"596.25";"808.98";"142.91"
"2020";"4";"3";"5";"14";"2223";"288.";"8.5";"7.1";"42.";"2.";"441.32";"633.06";"130.60"
"2020";"4";"3";"5";"15";"2224";"286.";"8.8";"6.8";"48.";"2.";"321.65";"479.61";"133.44"
"2020";"4";"3";"5";"16";"2225";"286.";"8.5";"6.0";"52.";"0.";"237.56";"581.96";"79.32"
"2020";"4";"3";"5";"17";"2226";"286.";"8.6";"5.3";"55.";"0.";"86.39";"363.65";"36.39"
"2020";"4";"3";"5";"18";"2227";"290.";"7.4";"4.7";"55.";"1.";"0.00";"0.00";"0.00"
"2020";"4";"3";"5";"19";"2228";"292.";"6.7";"4.4";"55.";"2.";"0.00";"0.00";"0.00"
"2020";"4";"3";"5";"20";"2229";"292.";"6.1";"4.2";"59.";"0.";"0.00";"0.00";"0.00"
"2020";"4";"3";"5";"21";"2230";"291.";"5.9";"4.2";"55.";"2.";"0.00";"0.00";"0.00"
"2020";"4";"3";"5";"22";"2231";"298.";"5.4";"3.9";"57.";"3.";"0.00";"0.00";"0.00"
"2020";"4";"3";"5";"23";"2232";"291.";"5.3";"3.5";"62.";"2.";"0.00";"0.00";"0.00"
"2020";"4";"4";"6";"0";"2233";"292.";"5.3";"3.3";"60.";"2.";"0.00";"0.00";"0.00"
"2020";"4";"4";"6";"1";"2234";"291.";"4.7";"3.0";"64.";"6.";"0.00";"0.00";"0.00"
"2020";"4";"4";"6";"2";"2235";"289.";"4.8";"2.6";"64.";"0.";"0.00";"0.00";"0.00"
"2020";"4";"4";"6";"3";"2236";"293.";"4.8";"2.7";"65.";"0.";"0.00";"0.00";"0.00"
"2020";"4";"4";"6";"4";"2237";"287.";"4.1";"2.7";"65.";"0.";"0.00";"0.00";"0.00"
"2020";"4";"4";"6";"5";"2238";"282.";"3.8";"3.0";"66.";"4.";"0.00";"0.00";"0.00"
"2020";"4";"4";"6";"6";"2239";"285.";"3.8";"4.4";"62.";"5.";"56.85";"165.72";"33.11"
"2020";"4";"4";"6";"7";"2240";"279.";"4.3";"4.6";"65.";"5.";"149.08";"245.85";"80.83"
"2020";"4";"4";"6";"8";"2241";"274.";"4.5";"5.4";"65.";"6.";"201.33";"192.99";"124.51"
"2020";"4";"4";"6";"9";"2242";"264.";"4.7";"5.9";"66.";"8.";"157.97";"0.00";"157.97"
"2020";"4";"4";"6";"10";"2243";"253.";"4.4";"6.8";"63.";"7.";"247.01";"104.10";"188.09"
"2020";"4";"4";"6";"11";"2244";"249.";"4.2";"6.9";"60.";"7.";"266.85";"107.89";"201.91"
"2020";"4";"4";"6";"12";"2245";"243.";"4.1";"7.1";"60.";"8.";"199.53";"0.00";"199.53"
"2020";"4";"4";"6";"13";"2246";"232.";"4.0";"7.4";"57.";"8.";"185.07";"0.00";"185.07"
"2020";"4";"4";"6";"14";"2247";"231.";"3.9";"7.2";"59.";"7.";"211.73";"100.78";"161.71"
"2020";"4";"4";"6";"15";"2248";"201.";"3.3";"6.5";"65.";"8.";"119.81";"0.00";"119.81"
"2020";"4";"4";"6";"16";"2249";"191.";"3.1";"6.1";"72.";"8.";"73.40";"0.00";"73.40"
"2020";"4";"4";"6";"17";"2250";"168.";"3.4";"5.9";"74.";"8.";"26.44";"0.00";"26.44"
"2020";"4";"4";"6";"18";"2251";"158.";"2.8";"5.7";"79.";"8.";"0.00";"0.00";"0.00"
"2020";"4";"4";"6";"19";"2252";"151.";"2.6";"5.6";"83.";"8.";"0.00";"0.00";"0.00"
"2020";"4";"4";"6";"20";"2253";"184.";"2.7";"5.9";"86.";"5.";"0.00";"0.00";"0.00"
"2020";"4";"4";"6";"21";"2254";"198.";"3.2";"6.2";"86.";"8.";"0.00";"0.00";"0.00"
"2020";"4";"4";"6";"22";"2255";"210.";"2.4";"6.0";"89.";"8.";"0.00";"0.00";"0.00"
"2020";"4";"4";"6";"23";"2256";"199.";"1.8";"5.8";"90.";"7.";"0.00";"0.00";"0.00"
"2020";"4";"5";"7";"0";"2257";"189.";"1.1";"5.5";"91.";"8.";"0.00";"0.00";"0.00"
"2020";"4";"5";"7";"1";"2258";"179.";"1.3";"5.3";"92.";"8.";"0.00";"0.00";"0.00"
"2020";"4";"5";"7";"2";"2259";"182.";"1.4";"5.2";"92.";"8.";"0.00";"0.00";"0.00"
"2020";"4";"5";"7";"3";"2260";"194.";"1.7";"5.3";"93.";"8.";"0.00";"0.00";"0.00"
"2020";"4";"5";"7";"4";"2261";"179.";"1.7";"5.3";"94.";"8.";"0.00";"0.00";"0.00"
"2020";"4";"5";"7";"5";"2262";"169.";"2.1";"5.3";"94.";"8.";"0.00";"0.00";"0.00"
"2020";"4";"5";"7";"6";"2263";"157.";"2.5";"5.8";"93.";"8.";"23.18";"0.00";"23.18"
"2020";"4";"5";"7";"7";"2264";"164.";"3.1";"6.8";"90.";"8.";"65.57";"0.00";"65.57"
"2020";"4";"5";"7";"8";"2265";"180.";"3.4";"8.5";"79.";"8.";"110.95";"0.00";"110.95"
"2020";"4";"5";"7";"9";"2266";"178.";"3.8";"9.9";"70.";"3.";"376.10";"382.36";"184.20"
"2020";"4";"5";"7";"10";"2267";"188.";"4.2";"11.3";"57.";"0.";"581.37";"693.90";"184.89"
"2020";"4";"5";"7";"11";"2268";"193.";"4.4";"11.8";"53.";"2.";"541.80";"571.51";"194.69"
"2020";"4";"5";"7";"12";"2269";"196.";"4.6";"12.2";"49.";"2.";"547.87";"599.34";"183.85"
"2020";"4";"5";"7";"13";"2270";"195.";"4.8";"12.2";"44.";"1.";"563.53";"730.91";"145.90"
"2020";"4";"5";"7";"14";"2271";"197.";"5.0";"12.6";"41.";"2.";"444.45";"605.51";"140.55"
"2020";"4";"5";"7";"15";"2272";"174.";"4.3";"12.5";"41.";"1.";"367.42";"629.61";"113.30"
"2020";"4";"5";"7";"16";"2273";"175.";"4.9";"12.4";"42.";"1.";"233.68";"566.75";"73.15"
"2020";"4";"5";"7";"17";"2274";"174.";"5.2";"11.2";"45.";"0.";"97.28";"436.71";"32.21"
"2020";"4";"5";"7";"18";"2275";"175.";"4.4";"9.9";"51.";"1.";"0.00";"0.00";"0.00"
"2020";"4";"5";"7";"19";"2276";"174.";"4.3";"9.0";"55.";"0.";"0.00";"0.00";"0.00"
"2020";"4";"5";"7";"20";"2277";"171.";"4.4";"8.3";"58.";"7.";"0.00";"0.00";"0.00"
"2020";"4";"5";"7";"21";"2278";"164.";"4.1";"7.8";"61.";"8.";"0.00";"0.00";"0.00"
"2020";"4";"5";"7";"22";"2279";"155.";"3.9";"7.2";"61.";"8.";"0.00";"0.00";"0.00"
"2020";"4";"5";"7";"23";"2280";"147.";"4.1";"6.9";"61.";"8.";"0.00";"0.00";"0.00"
"2020";"4";"6";"1";"0";"2281";"140.";"3.9";"6.4";"62.";"8.";"0.00";"0.00";"0.00"
"2020";"4";"6";"1";"1";"2282";"139.";"4.0";"5.9";"64.";"6.";"0.00";"0.00";"0.00"
"2020";"4";"6";"1";"2";"2283";"142.";"3.9";"5.3";"65.";"0.";"0.00";"0.00";"0.00"
"2020";"4";"6";"1";"3";"2284";"137.";"3.7";"5.0";"65.";"0.";"0.00";"0.00";"0.00"
"2020";"4";"6";"1";"4";"2285";"133.";"3.9";"4.9";"65.";"0.";"0.00";"0.00";"0.00"
"2020";"4";"6";"1";"5";"2286";"129.";"3.8";"5.0";"64.";"0.";"0.00";"0.00";"0.00"
"2020";"4";"6";"1";"6";"2287";"130.";"4.2";"6.9";"58.";"0.";"102.69";"417.52";"38.10"
"2020";"4";"6";"1";"7";"2288";"137.";"4.7";"9.1";"50.";"0.";"256.00";"613.31";"78.84"
"2020";"4";"6";"1";"8";"2289";"146.";"5.0";"11.0";"44.";"0.";"404.78";"738.90";"102.46"
"2020";"4";"6";"1";"9";"2290";"148.";"5.5";"12.8";"39.";"0.";"518.24";"734.51";"145.58"
"2020";"4";"6";"1";"10";"2291";"163.";"5.2";"14.6";"36.";"0.";"603.47";"765.68";"161.83"
"2020";"4";"6";"1";"11";"2292";"169.";"5.9";"15.5";"34.";"0.";"639.75";"732.44";"190.94"
"2020";"4";"6";"1";"12";"2293";"181.";"6.3";"15.6";"33.";"0.";"654.59";"817.36";"153.75"
"2020";"4";"6";"1";"13";"2294";"178.";"6.7";"15.6";"33.";"0.";"582.69";"643.84";"211.32"
"2020";"4";"6";"1";"14";"2295";"177.";"6.6";"15.3";"35.";"0.";"507.80";"670.47";"167.63"
"2020";"4";"6";"1";"15";"2296";"176.";"6.6";"15.2";"37.";"0.";"390.08";"629.03";"132.72"
"2020";"4";"6";"1";"16";"2297";"173.";"5.9";"14.7";"37.";"1.";"240.84";"504.36";"95.15"
"2020";"4";"6";"1";"17";"2298";"175.";"5.3";"13.3";"41.";"0.";"100.83";"411.78";"37.13"
"2020";"4";"6";"1";"18";"2299";"172.";"4.4";"11.6";"47.";"0.";"0.00";"0.00";"0.00"
"2020";"4";"6";"1";"19";"2300";"164.";"4.0";"10.8";"51.";"0.";"0.00";"0.00";"0.00"
"2020";"4";"6";"1";"20";"2301";"159.";"4.0";"10.5";"53.";"0.";"0.00";"0.00";"0.00"
"2020";"4";"6";"1";"21";"2302";"158.";"4.2";"10.4";"56.";"0.";"0.00";"0.00";"0.00"
"2020";"4";"6";"1";"22";"2303";"162.";"3.6";"10.0";"59.";"0.";"0.00";"0.00";"0.00"
"2020";"4";"6";"1";"23";"2304";"170.";"3.2";"9.6";"64.";"0.";"0.00";"0.00";"0.00"
"2020";"4";"7";"2";"0";"2305";"181.";"3.0";"9.1";"69.";"4.";"0.00";"0.00";"0.00"
"2020";"4";"7";"2";"1";"2306";"198.";"2.7";"8.6";"75.";"7.";"0.00";"0.00";"0.00"
"2020";"4";"7";"2";"2";"2307";"239.";"3.1";"8.5";"76.";"8.";"0.00";"0.00";"0.00"
"2020";"4";"7";"2";"3";"2308";"262.";"3.3";"7.7";"88.";"8.";"0.00";"0.00";"0.00"
"2020";"4";"7";"2";"4";"2309";"266.";"4.5";"7.7";"92.";"8.";"0.00";"0.00";"0.00"
"2020";"4";"7";"2";"5";"2310";"277.";"5.0";"7.0";"94.";"6.";"0.00";"0.00";"0.00"
"2020";"4";"7";"2";"6";"2311";"277.";"4.4";"6.6";"94.";"7.";"35.74";"28.88";"31.10"
"2020";"4";"7";"2";"7";"2312";"267.";"4.3";"7.2";"91.";"6.";"115.89";"91.44";"88.97"
"2020";"4";"7";"2";"8";"2313";"281.";"5.5";"8.3";"83.";"2.";"313.73";"357.27";"165.59"
"2020";"4";"7";"2";"9";"2314";"287.";"6.6";"9.6";"75.";"1.";"452.53";"485.84";"203.40"
"2020";"4";"7";"2";"10";"2315";"293.";"6.3";"10.8";"62.";"0.";"587.67";"667.25";"199.21"
"2020";"4";"7";"2";"11";"2316";"292.";"6.9";"11.3";"56.";"0.";"634.42";"690.84";"207.42"
"2020";"4";"7";"2";"12";"2317";"292.";"6.6";"11.7";"54.";"0.";"633.01";"682.45";"211.19"
"2020";"4";"7";"2";"13";"2318";"294.";"6.0";"11.9";"52.";"0.";"587.88";"658.08";"204.77"
"2020";"4";"7";"2";"14";"2319";"290.";"5.9";"12.1";"53.";"1.";"467.20";"548.85";"185.76"
"2020";"4";"7";"2";"15";"2320";"285.";"5.7";"11.5";"55.";"0.";"390.85";"609.25";"138.23"
"2020";"4";"7";"2";"16";"2321";"285.";"4.7";"10.7";"59.";"0.";"250.32";"538.40";"91.80"
"2020";"4";"7";"2";"17";"2322";"282.";"4.1";"9.6";"61.";"1.";"93.01";"310.74";"43.18"
"2020";"4";"7";"2";"18";"2323";"281.";"3.1";"8.4";"65.";"7.";"0.00";"0.00";"0.00"
"2020";"4";"7";"2";"19";"2324";"270.";"2.3";"7.3";"71.";"7.";"0.00";"0.00";"0.00"
"2020";"4";"7";"2";"20";"2325";"262.";"2.0";"6.4";"75.";"1.";"0.00";"0.00";"0.00"
"2020";"4";"7";"2";"21";"2326";"236.";"1.5";"5.3";"78.";"6.";"0.00";"0.00";"0.00"
"2020";"4";"7";"2";"22";"2327";"225.";"1.6";"4.7";"81.";"4.";"0.00";"0.00";"0.00"
"2020";"4";"7";"2";"23";"2328";"204.";"1.4";"4.1";"83.";"6.";"0.00";"0.00";"0.00"
"2020";"4";"8";"3";"0";"2329";"200.";"1.3";"3.7";"84.";"7.";"0.00";"0.00";"0.00"
"2020";"4";"8";"3";"1";"2330";"229.";"2.1";"3.1";"85.";"4.";"0.00";"0.00";"0.00"
"2020";"4";"8";"3";"2";"2331";"214.";"1.7";"3.2";"86.";"6.";"0.00";"0.00";"0.00"
"2020";"4";"8";"3";"3";"2332";"199.";"1.8";"3.3";"88.";"8.";"0.00";"0.00";"0.00"
"2020";"4";"8";"3";"4";"2333";"182.";"2.3";"3.2";"90.";"7.";"0.00";"0.00";"0.00"
"2020";"4";"8";"3";"5";"2334";"195.";"2.4";"3.3";"90.";"5.";"0.00";"0.00";"0.00"
"2020";"4";"8";"3";"6";"2335";"188.";"2.9";"5.5";"85.";"1.";"95.19";"283.37";"48.14"
"2020";"4";"8";"3";"7";"2336";"184.";"4.4";"8.5";"72.";"0.";"259.63";"585.76";"83.92"
"2020";"4";"8";"3";"8";"2337";"189.";"4.9";"9.9";"66.";"0.";"406.00";"693.81";"114.55"
"2020";"4";"8";"3";"9";"2338";"190.";"5.1";"10.7";"64.";"4.";"352.60";"325.15";"184.12"
"2020";"4";"8";"3";"10";"2339";"196.";"5.1";"11.1";"62.";"8.";"183.56";"0.00";"183.56"
"2020";"4";"8";"3";"11";"2340";"196.";"5.4";"11.8";"60.";"7.";"263.86";"88.56";"208.65"
"2020";"4";"8";"3";"12";"2341";"199.";"5.6";"12.0";"59.";"5.";"390.88";"281.81";"215.20"
"2020";"4";"8";"3";"13";"2342";"198.";"5.5";"12.3";"57.";"4.";"411.33";"342.53";"210.10"
"2020";"4";"8";"3";"14";"2343";"205.";"5.3";"12.4";"56.";"3.";"396.95";"413.39";"182.76"
"2020";"4";"8";"3";"15";"2344";"202.";"5.0";"11.8";"58.";"8.";"123.50";"0.00";"123.50"
"2020";"4";"8";"3";"16";"2345";"202.";"4.4";"11.2";"60.";"8.";"79.48";"0.00";"79.48"
"2020";"4";"8";"3";"17";"2346";"208.";"3.7";"10.6";"63.";"7.";"43.13";"47.63";"35.22"
"2020";"4";"8";"3";"18";"2347";"214.";"3.3";"9.9";"67.";"6.";"0.00";"0.00";"0.00"
"2020";"4";"8";"3";"19";"2348";"235.";"2.6";"9.1";"73.";"8.";"0.00";"0.00";"0.00"
"2020";"4";"8";"3";"20";"2349";"249.";"2.1";"8.5";"77.";"7.";"0.00";"0.00";"0.00"
"2020";"4";"8";"3";"21";"2350";"260.";"3.7";"8.1";"76.";"5.";"0.00";"0.00";"0.00"
"2020";"4";"8";"3";"22";"2351";"257.";"3.8";"7.7";"79.";"7.";"0.00";"0.00";"0.00"
"2020";"4";"8";"3";"23";"2352";"271.";"3.9";"7.4";"81.";"8.";"0.00";"0.00";"0.00"
"2020";"4";"9";"4";"0";"2353";"276.";"4.7";"7.2";"87.";"8.";"0.00";"0.00";"0.00"
"2020";"4";"9";"4";"1";"2354";"281.";"4.4";"6.9";"92.";"7.";"0.00";"0.00";"0.00"
"2020";"4";"9";"4";"2";"2355";"286.";"4.5";"6.8";"92.";"8.";"0.00";"0.00";"0.00"
"2020";"4";"9";"4";"3";"2356";"309.";"4.9";"6.3";"87.";"4.";"0.00";"0.00";"0.00"
"2020";"4";"9";"4";"4";"2357";"322.";"3.5";"5.2";"83.";"1.";"0.00";"0.00";"0.00"
"2020";"4";"9";"4";"5";"2358";"323.";"3.4";"4.6";"75.";"1.";"0.00";"0.00";"0.00"
"2020";"4";"9";"4";"6";"2359";"317.";"4.4";"6.4";"67.";"0.";"118.84";"446.08";"42.29"
"2020";"4";"9";"4";"7";"2360";"311.";"5.7";"7.6";"62.";"0.";"275.14";"646.39";"77.68"
"2020";"4";"9";"4";"8";"2361";"307.";"5.6";"8.3";"60.";"0.";"421.86";"744.31";"105.16"
"2020";"4";"9";"4";"9";"2362";"306.";"6.0";"9.1";"58.";"1.";"496.34";"647.22";"157.54"
"2020";"4";"9";"4";"10";"2363";"309.";"5.4";"9.6";"52.";"2.";"536.05";"610.63";"174.09"
"2020";"4";"9";"4";"11";"2364";"309.";"5.2";"9.8";"48.";"1.";"636.22";"785.41";"142.49"
"2020";"4";"9";"4";"12";"2365";"308.";"5.5";"9.9";"42.";"0.";"688.45";"904.93";"119.58"
"2020";"4";"9";"4";"13";"2366";"304.";"6.2";"10.3";"39.";"0.";"648.74";"928.94";"98.10"
"2020";"4";"9";"4";"14";"2367";"303.";"6.1";"9.8";"41.";"0.";"560.39";"898.26";"90.18"
"2020";"4";"9";"4";"15";"2368";"304.";"5.9";"9.8";"42.";"0.";"434.49";"825.59";"83.21"
"2020";"4";"9";"4";"16";"2369";"303.";"5.3";"9.2";"45.";"0.";"284.35";"718.21";"64.95"
"2020";"4";"9";"4";"17";"2370";"301.";"4.9";"8.3";"48.";"0.";"126.06";"519.04";"36.98"
"2020";"4";"9";"4";"18";"2371";"290.";"3.9";"7.0";"59.";"0.";"0.00";"0.00";"0.00"
"2020";"4";"9";"4";"19";"2372";"290.";"2.7";"6.2";"65.";"0.";"0.00";"0.00";"0.00"
"2020";"4";"9";"4";"20";"2373";"287.";"2.4";"4.7";"72.";"1.";"0.00";"0.00";"0.00"
"2020";"4";"9";"4";"21";"2374";"285.";"2.1";"3.6";"78.";"0.";"0.00";"0.00";"0.00"
"2020";"4";"9";"4";"22";"2375";"282.";"1.1";"1.8";"84.";"1.";"0.00";"0.00";"0.00"
"2020";"4";"9";"4";"23";"2376";"296.";"0.7";"1.5";"88.";"0.";"0.00";"0.00";"0.00"
"2020";"4";"10";"5";"0";"2377";"332.";"0.4";"0.6";"89.";"2.";"0.00";"0.00";"0.00"
"2020";"4";"10";"5";"1";"2378";"25.";"0.5";"0.1";"89.";"1.";"0.00";"0.00";"0.00"
"2020";"4";"10";"5";"2";"2379";"64.";"0.6";"-0.4";"89.";"2.";"0.00";"0.00";"0.00"
"2020";"4";"10";"5";"3";"2380";"49.";"0.8";"-1.0";"91.";"2.";"0.00";"0.00";"0.00"
"2020";"4";"10";"5";"4";"2381";"44.";"0.4";"-1.1";"91.";"3.";"0.00";"0.00";"0.00"
"2020";"4";"10";"5";"5";"2382";"89.";"0.9";"-0.8";"92.";"6.";"0.00";"0.00";"0.00"
"2020";"4";"10";"5";"6";"2383";"79.";"0.8";"1.3";"91.";"7.";"50.35";"52.81";"40.99"
"2020";"4";"10";"5";"7";"2384";"110.";"1.2";"4.6";"84.";"5.";"210.71";"214.61";"143.99"
"2020";"4";"10";"5";"8";"2385";"183.";"0.7";"7.1";"72.";"8.";"263.67";"0.00";"263.67"
"2020";"4";"10";"5";"9";"2386";"253.";"1.7";"8.7";"61.";"7.";"397.95";"109.27";"340.18"
"2020";"4";"10";"5";"10";"2387";"267.";"2.4";"9.4";"55.";"2.";"583.69";"635.40";"203.74"
"2020";"4";"10";"5";"11";"2388";"275.";"2.7";"10.3";"46.";"0.";"695.85";"925.40";"109.32"
"2020";"4";"10";"5";"12";"2389";"279.";"2.6";"10.7";"41.";"1.";"649.87";"829.40";"124.19"
"2020";"4";"10";"5";"13";"2390";"284.";"2.8";"10.7";"41.";"1.";"604.51";"796.96";"127.95"
"2020";"4";"10";"5";"14";"2391";"297.";"3.5";"10.5";"42.";"1.";"520.06";"749.07";"124.00"
"2020";"4";"10";"5";"15";"2392";"306.";"3.7";"10.1";"40.";"0.";"438.33";"799.25";"93.98"
"2020";"4";"10";"5";"16";"2393";"311.";"4.0";"9.2";"45.";"0.";"291.18";"726.99";"65.13"
"2020";"4";"10";"5";"17";"2394";"316.";"3.8";"7.9";"49.";"0.";"130.65";"527.27";"37.22"
"2020";"4";"10";"5";"18";"2395";"310.";"3.2";"6.1";"59.";"2.";"0.00";"0.00";"0.00"
"2020";"4";"10";"5";"19";"2396";"317.";"2.3";"4.6";"70.";"0.";"0.00";"0.00";"0.00"
"2020";"4";"10";"5";"20";"2397";"316.";"2.1";"3.3";"78.";"1.";"0.00";"0.00";"0.00"
"2020";"4";"10";"5";"21";"2398";"313.";"1.3";"2.2";"81.";"3.";"0.00";"0.00";"0.00"
"2020";"4";"10";"5";"22";"2399";"324.";"0.9";"1.3";"84.";"1.";"0.00";"0.00";"0.00"
"2020";"4";"10";"5";"23";"2400";"352.";"0.6";"0.5";"86.";"0.";"0.00";"0.00";"0.00"
"2020";"4";"11";"6";"0";"2401";"47.";"0.6";"0.0";"88.";"0.";"0.00";"0.00";"0.00"
"2020";"4";"11";"6";"1";"2402";"91.";"0.8";"-0.5";"89.";"2.";"0.00";"0.00";"0.00"
"2020";"4";"11";"6";"2";"2403";"101.";"1.5";"-1.0";"89.";"3.";"0.00";"0.00";"0.00"
"2020";"4";"11";"6";"3";"2404";"102.";"1.3";"-1.2";"90.";"5.";"0.00";"0.00";"0.00"
"2020";"4";"11";"6";"4";"2405";"126.";"0.9";"-1.0";"90.";"6.";"0.00";"0.00";"0.00"
"2020";"4";"11";"6";"5";"2406";"131.";"0.9";"0.3";"90.";"8.";"0.00";"0.00";"0.00"
"2020";"4";"11";"6";"6";"2407";"164.";"0.8";"2.0";"89.";"8.";"40.72";"0.00";"40.72"
"2020";"4";"11";"6";"7";"2408";"180.";"1.6";"3.9";"84.";"8.";"90.08";"0.00";"90.08"
"2020";"4";"11";"6";"8";"2409";"199.";"2.3";"6.0";"78.";"8.";"134.21";"0.00";"134.21"
"2020";"4";"11";"6";"9";"2410";"203.";"3.5";"7.5";"69.";"8.";"173.47";"0.00";"173.47"
"2020";"4";"11";"6";"10";"2411";"206.";"4.0";"8.3";"60.";"8.";"197.54";"0.00";"197.54"
"2020";"4";"11";"6";"11";"2412";"211.";"4.3";"8.1";"61.";"8.";"212.13";"0.00";"212.13"
"2020";"4";"11";"6";"12";"2413";"204.";"4.4";"7.4";"66.";"8.";"213.20";"0.00";"213.20"
"2020";"4";"11";"6";"13";"2414";"199.";"4.5";"7.4";"69.";"8.";"196.36";"0.00";"196.36"
"2020";"4";"11";"6";"14";"2415";"199.";"3.9";"7.0";"77.";"8.";"161.96";"0.00";"161.96"
"2020";"4";"11";"6";"15";"2416";"199.";"3.8";"6.4";"82.";"8.";"71.72";"0.00";"71.72"
"2020";"4";"11";"6";"16";"2417";"193.";"3.8";"5.9";"88.";"8.";"46.74";"0.00";"46.74"
"2020";"4";"11";"6";"17";"2418";"190.";"4.9";"5.3";"90.";"8.";"20.20";"0.00";"20.20"
"2020";"4";"11";"6";"18";"2419";"178.";"4.8";"4.9";"91.";"8.";"0.00";"0.00";"0.00"
"2020";"4";"11";"6";"19";"2420";"180.";"5.1";"5.3";"93.";"8.";"0.00";"0.00";"0.00"
"2020";"4";"11";"6";"20";"2421";"184.";"5.6";"5.3";"93.";"8.";"0.00";"0.00";"0.00"
"2020";"4";"11";"6";"21";"2422";"190.";"6.2";"5.8";"93.";"8.";"0.00";"0.00";"0.00"
"2020";"4";"11";"6";"22";"2423";"194.";"5.8";"6.3";"93.";"8.";"0.00";"0.00";"0.00"
"2020";"4";"11";"6";"23";"2424";"206.";"5.1";"6.6";"90.";"8.";"0.00";"0.00";"0.00"
"2020";"4";"12";"7";"0";"2425";"209.";"4.8";"6.9";"90.";"8.";"0.00";"0.00";"0.00"
"2020";"4";"12";"7";"1";"2426";"207.";"4.0";"6.8";"88.";"8.";"0.00";"0.00";"0.00"
"2020";"4";"12";"7";"2";"2427";"226.";"4.1";"6.9";"86.";"8.";"0.00";"0.00";"0.00"
"2020";"4";"12";"7";"3";"2428";"240.";"4.5";"6.9";"89.";"8.";"0.00";"0.00";"0.00"
"2020";"4";"12";"7";"4";"2429";"249.";"4.2";"7.0";"91.";"8.";"0.00";"0.00";"0.00"
"2020";"4";"12";"7";"5";"2430";"246.";"5.1";"7.1";"93.";"8.";"0.00";"0.00";"0.00"
"2020";"4";"12";"7";"6";"2431";"247.";"4.9";"7.2";"93.";"8.";"32.80";"0.00";"32.80"
"2020";"4";"12";"7";"7";"2432";"231.";"4.3";"7.5";"93.";"8.";"77.73";"0.00";"77.73"
"2020";"4";"12";"7";"8";"2433";"228.";"4.5";"7.4";"93.";"8.";"116.27";"0.00";"116.27"
"2020";"4";"12";"7";"9";"2434";"222.";"4.5";"7.5";"93.";"8.";"145.62";"0.00";"145.62"
"2020";"4";"12";"7";"10";"2435";"220.";"5.4";"7.4";"94.";"8.";"160.79";"0.00";"160.79"
"2020";"4";"12";"7";"11";"2436";"216.";"5.9";"7.9";"94.";"8.";"178.69";"0.00";"178.69"
"2020";"4";"12";"7";"12";"2437";"222.";"5.6";"8.8";"89.";"8.";"186.98";"0.00";"186.98"
"2020";"4";"12";"7";"13";"2438";"243.";"6.5";"10.2";"79.";"7.";"247.82";"77.36";"200.77"
"2020";"4";"12";"7";"14";"2439";"262.";"7.7";"9.2";"66.";"4.";"369.07";"323.61";"194.61"
"2020";"4";"12";"7";"15";"2440";"260.";"7.7";"8.7";"70.";"7.";"277.44";"70.64";"246.26"
"2020";"4";"12";"7";"16";"2441";"264.";"8.0";"8.0";"75.";"8.";"83.15";"0.00";"83.15"
"2020";"4";"12";"7";"17";"2442";"263.";"8.3";"7.5";"80.";"8.";"36.38";"0.00";"36.38"
"2020";"4";"12";"7";"18";"2443";"265.";"7.4";"7.4";"83.";"8.";"0.00";"0.00";"0.00"
"2020";"4";"12";"7";"19";"2444";"269.";"7.7";"7.2";"85.";"8.";"0.00";"0.00";"0.00"
"2020";"4";"12";"7";"20";"2445";"277.";"7.1";"6.8";"81.";"2.";"0.00";"0.00";"0.00"
"2020";"4";"12";"7";"21";"2446";"304.";"7.3";"6.8";"65.";"8.";"0.00";"0.00";"0.00"
"2020";"4";"12";"7";"22";"2447";"315.";"7.4";"6.2";"55.";"0.";"0.00";"0.00";"0.00"
"2020";"4";"12";"7";"23";"2448";"317.";"7.7";"5.2";"52.";"0.";"0.00";"0.00";"0.00"
"2020";"4";"13";"1";"0";"2449";"321.";"7.2";"4.5";"50.";"2.";"0.00";"0.00";"0.00"
"2020";"4";"13";"1";"1";"2450";"331.";"6.7";"4.3";"50.";"3.";"0.00";"0.00";"0.00"
"2020";"4";"13";"1";"2";"2451";"344.";"6.4";"3.7";"47.";"1.";"0.00";"0.00";"0.00"
"2020";"4";"13";"1";"3";"2452";"347.";"5.6";"3.2";"45.";"1.";"0.00";"0.00";"0.00"
"2020";"4";"13";"1";"4";"2453";"337.";"6.1";"2.9";"45.";"1.";"0.00";"0.00";"0.00"
"2020";"4";"13";"1";"5";"2454";"322.";"6.1";"3.3";"46.";"0.";"16.30";"150.80";"7.92"
"2020";"4";"13";"1";"6";"2455";"327.";"6.3";"4.3";"43.";"3.";"138.41";"369.14";"66.93"
"2020";"4";"13";"1";"7";"2456";"331.";"7.3";"4.1";"42.";"8.";"100.07";"0.00";"100.07"
"2020";"4";"13";"1";"8";"2457";"334.";"7.4";"4.9";"41.";"2.";"436.53";"658.16";"142.60"
"2020";"4";"13";"1";"9";"2458";"329.";"8.0";"6.2";"35.";"8.";"181.73";"0.00";"181.73"
"2020";"4";"13";"1";"10";"2459";"324.";"8.1";"6.5";"34.";"5.";"521.32";"341.15";"312.10"
"2020";"4";"13";"1";"11";"2460";"321.";"8.4";"7.1";"32.";"2.";"616.07";"706.72";"157.41"
"2020";"4";"13";"1";"12";"2461";"318.";"8.9";"7.5";"29.";"4.";"499.19";"473.05";"192.18"
"2020";"4";"13";"1";"13";"2462";"327.";"8.3";"7.6";"29.";"7.";"280.14";"119.36";"206.94"
"2020";"4";"13";"1";"14";"2463";"327.";"8.6";"7.3";"29.";"7.";"243.29";"113.89";"181.30"
"2020";"4";"13";"1";"15";"2464";"332.";"7.4";"6.4";"33.";"6.";"346.81";"219.98";"248.57"
"2020";"4";"13";"1";"16";"2465";"332.";"7.5";"5.7";"34.";"6.";"166.15";"195.95";"102.08"
"2020";"4";"13";"1";"17";"2466";"341.";"7.2";"4.5";"39.";"6.";"116.20";"148.69";"87.41"
"2020";"4";"13";"1";"18";"2467";"343.";"5.6";"4.3";"36.";"1.";"18.04";"152.56";"9.56"
"2020";"4";"13";"1";"19";"2468";"346.";"5.1";"3.7";"37.";"0.";"0.00";"0.00";"0.00"
"2020";"4";"13";"1";"20";"2469";"346.";"4.7";"3.1";"37.";"0.";"0.00";"0.00";"0.00"
"2020";"4";"13";"1";"21";"2470";"337.";"3.8";"3.1";"39.";"0.";"0.00";"0.00";"0.00"
"2020";"4";"13";"1";"22";"2471";"337.";"3.8";"2.9";"40.";"0.";"0.00";"0.00";"0.00"
"2020";"4";"13";"1";"23";"2472";"345.";"4.2";"2.2";"42.";"0.";"0.00";"0.00";"0.00"
"2020";"4";"14";"2";"0";"2473";"348.";"4.9";"2.1";"41.";"1.";"0.00";"0.00";"0.00"
"2020";"4";"14";"2";"1";"2474";"351.";"4.4";"1.5";"42.";"1.";"0.00";"0.00";"0.00"
"2020";"4";"14";"2";"2";"2475";"341.";"3.9";"1.5";"44.";"0.";"0.00";"0.00";"0.00"
"2020";"4";"14";"2";"3";"2476";"339.";"3.3";"1.4";"46.";"2.";"0.00";"0.00";"0.00"
"2020";"4";"14";"2";"4";"2477";"335.";"2.8";"1.1";"47.";"2.";"0.00";"0.00";"0.00"
"2020";"4";"14";"2";"5";"2478";"338.";"3.1";"1.5";"47.";"6.";"16.26";"48.81";"13.28"
"2020";"4";"14";"2";"6";"2479";"331.";"3.8";"3.3";"43.";"4.";"133.12";"288.72";"75.65"
"2020";"4";"14";"2";"7";"2480";"333.";"4.8";"4.9";"41.";"2.";"296.84";"559.25";"111.01"
"2020";"4";"14";"2";"8";"2481";"317.";"5.8";"5.8";"40.";"3.";"403.44";"495.17";"179.75"
"2020";"4";"14";"2";"9";"2482";"304.";"6.2";"6.7";"43.";"1.";"552.70";"688.92";"174.29"
"2020";"4";"14";"2";"10";"2483";"304.";"6.7";"7.4";"39.";"3.";"517.32";"530.82";"189.14"
"2020";"4";"14";"2";"11";"2484";"300.";"6.6";"7.4";"43.";"4.";"493.80";"440.60";"205.67"
"2020";"4";"14";"2";"12";"2485";"293.";"6.5";"7.7";"46.";"8.";"218.85";"0.00";"218.85"
"2020";"4";"14";"2";"13";"2486";"287.";"5.9";"7.6";"47.";"8.";"205.89";"0.00";"205.89"
"2020";"4";"14";"2";"14";"2487";"277.";"5.8";"8.1";"46.";"4.";"476.60";"410.51";"251.12"
"2020";"4";"14";"2";"15";"2488";"268.";"5.2";"8.2";"49.";"6.";"337.29";"210.89";"242.03"
"2020";"4";"14";"2";"16";"2489";"265.";"5.9";"7.4";"53.";"8.";"95.88";"0.00";"95.88"
"2020";"4";"14";"2";"17";"2490";"268.";"6.3";"7.2";"69.";"8.";"44.55";"0.00";"44.55"
"2020";"4";"14";"2";"18";"2491";"276.";"6.0";"6.4";"73.";"8.";"1.64";"0.00";"1.64"
"2020";"4";"14";"2";"19";"2492";"282.";"5.8";"5.6";"85.";"8.";"0.00";"0.00";"0.00"
"2020";"4";"14";"2";"20";"2493";"283.";"5.5";"5.6";"90.";"8.";"0.00";"0.00";"0.00"
"2020";"4";"14";"2";"21";"2494";"284.";"7.0";"5.8";"88.";"8.";"0.00";"0.00";"0.00"
"2020";"4";"14";"2";"22";"2495";"283.";"7.6";"5.7";"84.";"8.";"0.00";"0.00";"0.00"
"2020";"4";"14";"2";"23";"2496";"285.";"7.8";"5.9";"85.";"8.";"0.00";"0.00";"0.00"
"2020";"4";"15";"3";"0";"2497";"276.";"8.1";"5.9";"84.";"8.";"0.00";"0.00";"0.00"
"2020";"4";"15";"3";"1";"2498";"273.";"7.8";"5.9";"84.";"8.";"0.00";"0.00";"0.00"
"2020";"4";"15";"3";"2";"2499";"275.";"8.0";"6.1";"83.";"8.";"0.00";"0.00";"0.00"
"2020";"4";"15";"3";"3";"2500";"279.";"8.3";"6.1";"87.";"8.";"0.00";"0.00";"0.00"
"2020";"4";"15";"3";"4";"2501";"278.";"7.2";"6.3";"87.";"8.";"0.00";"0.00";"0.00"
"2020";"4";"15";"3";"5";"2502";"278.";"7.0";"6.7";"85.";"8.";"1.27";"0.00";"1.27"
"2020";"4";"15";"3";"6";"2503";"277.";"7.1";"7.2";"85.";"8.";"42.74";"0.00";"42.74"
"2020";"4";"15";"3";"7";"2504";"279.";"6.9";"7.8";"84.";"7.";"116.62";"57.54";"97.20"
"2020";"4";"15";"3";"8";"2505";"288.";"6.9";"8.9";"79.";"8.";"129.97";"0.00";"129.97"
"2020";"4";"15";"3";"9";"2506";"301.";"7.6";"10.0";"74.";"7.";"222.85";"76.42";"180.50"
"2020";"4";"15";"3";"10";"2507";"287.";"6.5";"9.5";"76.";"6.";"316.45";"155.79";"219.37"
"2020";"4";"15";"3";"11";"2508";"276.";"6.9";"10.0";"76.";"8.";"203.46";"0.00";"203.46"
"2020";"4";"15";"3";"12";"2509";"270.";"7.9";"10.8";"72.";"5.";"401.98";"246.21";"239.77"
"2020";"4";"15";"3";"13";"2510";"269.";"7.9";"10.3";"73.";"7.";"251.38";"71.86";"206.60"
"2020";"4";"15";"3";"14";"2511";"269.";"8.2";"9.5";"76.";"6.";"272.62";"143.87";"192.88"
"2020";"4";"15";"3";"15";"2512";"265.";"7.9";"8.6";"77.";"8.";"132.30";"0.00";"132.30"
"2020";"4";"15";"3";"16";"2513";"268.";"8.7";"8.4";"73.";"7.";"119.56";"62.75";"98.38"
"2020";"4";"15";"3";"17";"2514";"271.";"10.7";"8.1";"72.";"6.";"71.26";"89.26";"53.01"
"2020";"4";"15";"3";"18";"2515";"270.";"10.1";"7.5";"74.";"6.";"3.36";"9.54";"2.72"
"2020";"4";"15";"3";"19";"2516";"270.";"8.8";"7.2";"78.";"5.";"0.00";"0.00";"0.00"
"2020";"4";"15";"3";"20";"2517";"269.";"9.3";"7.0";"80.";"6.";"0.00";"0.00";"0.00"
"2020";"4";"15";"3";"21";"2518";"270.";"9.2";"7.0";"83.";"7.";"0.00";"0.00";"0.00"
"2020";"4";"15";"3";"22";"2519";"273.";"9.8";"7.3";"84.";"8.";"0.00";"0.00";"0.00"
"2020";"4";"15";"3";"23";"2520";"275.";"10.6";"7.5";"86.";"8.";"0.00";"0.00";"0.00"
"2020";"4";"16";"4";"0";"2521";"275.";"10.7";"7.6";"88.";"7.";"0.00";"0.00";"0.00"
"2020";"4";"16";"4";"1";"2522";"276.";"10.5";"7.4";"89.";"6.";"0.00";"0.00";"0.00"
"2020";"4";"16";"4";"2";"2523";"282.";"9.3";"7.3";"88.";"3.";"0.00";"0.00";"0.00"
"2020";"4";"16";"4";"3";"2524";"293.";"9.4";"7.5";"82.";"0.";"0.00";"0.00";"0.00"
"2020";"4";"16";"4";"4";"2525";"300.";"8.9";"7.4";"75.";"0.";"0.00";"0.00";"0.00"
"2020";"4";"16";"4";"5";"2526";"304.";"7.3";"7.7";"63.";"0.";"15.72";"100.70";"8.47"
"2020";"4";"16";"4";"6";"2527";"312.";"6.5";"8.5";"49.";"0.";"163.95";"525.41";"53.77"
"2020";"4";"16";"4";"7";"2528";"319.";"6.4";"9.2";"42.";"0.";"325.81";"703.21";"84.85"
"2020";"4";"16";"4";"8";"2529";"324.";"6.1";"9.6";"39.";"0.";"463.82";"712.51";"134.73"
"2020";"4";"16";"4";"9";"2530";"320.";"6.2";"10.2";"38.";"0.";"593.00";"825.63";"131.30"
"2020";"4";"16";"4";"10";"2531";"315.";"6.1";"10.5";"39.";"3.";"528.07";"551.15";"181.94"
"2020";"4";"16";"4";"11";"2532";"312.";"6.1";"10.9";"38.";"0.";"723.45";"866.65";"148.30"
"2020";"4";"16";"4";"12";"2533";"308.";"6.2";"11.0";"40.";"7.";"297.16";"108.29";"225.30"
"2020";"4";"16";"4";"13";"2534";"308.";"5.9";"11.1";"40.";"4.";"448.71";"349.22";"229.39"
"2020";"4";"16";"4";"14";"2535";"305.";"5.9";"11.2";"42.";"0.";"581.01";"760.13";"155.95"
"2020";"4";"16";"4";"15";"2536";"299.";"4.7";"10.9";"44.";"0.";"459.46";"700.53";"135.91"
"2020";"4";"16";"4";"16";"2537";"291.";"3.8";"10.4";"54.";"0.";"318.06";"676.33";"86.31"
"2020";"4";"16";"4";"17";"2538";"288.";"3.5";"9.4";"61.";"0.";"153.33";"442.80";"60.48"
"2020";"4";"16";"4";"18";"2539";"284.";"2.9";"8.0";"71.";"0.";"11.50";"70.05";"6.46"
"2020";"4";"16";"4";"19";"2540";"286.";"1.8";"6.4";"80.";"0.";"0.00";"0.00";"0.00"
"2020";"4";"16";"4";"20";"2541";"304.";"1.2";"4.7";"86.";"0.";"0.00";"0.00";"0.00"
"2020";"4";"16";"4";"21";"2542";"304.";"1.5";"3.8";"88.";"0.";"0.00";"0.00";"0.00"
"2020";"4";"16";"4";"22";"2543";"303.";"1.9";"3.0";"88.";"0.";"0.00";"0.00";"0.00"
"2020";"4";"16";"4";"23";"2544";"360.";"2.2";"2.3";"88.";"0.";"0.00";"0.00";"0.00"
"2020";"4";"17";"5";"0";"2545";"14.";"2.1";"1.8";"85.";"0.";"0.00";"0.00";"0.00"
"2020";"4";"17";"5";"1";"2546";"33.";"2.3";"1.8";"84.";"0.";"0.00";"0.00";"0.00"
"2020";"4";"17";"5";"2";"2547";"24.";"1.9";"1.1";"82.";"0.";"0.00";"0.00";"0.00"
"2020";"4";"17";"5";"3";"2548";"32.";"2.0";"0.5";"81.";"0.";"0.00";"0.00";"0.00"
"2020";"4";"17";"5";"4";"2549";"37.";"2.0";"0.6";"78.";"0.";"0.00";"0.00";"0.00"
"2020";"4";"17";"5";"5";"2550";"45.";"1.8";"1.3";"75.";"0.";"26.83";"163.64";"14.16"
"2020";"4";"17";"5";"6";"2551";"43.";"2.0";"4.5";"63.";"0.";"168.44";"504.12";"60.07"
"2020";"4";"17";"5";"7";"2552";"46.";"3.2";"6.4";"46.";"0.";"337.22";"752.17";"75.65"
"2020";"4";"17";"5";"8";"2553";"39.";"3.5";"7.6";"38.";"0.";"476.11";"750.08";"125.94"
"2020";"4";"17";"5";"9";"2554";"6.";"3.0";"8.8";"31.";"0.";"605.10";"849.46";"125.95"
"2020";"4";"17";"5";"10";"2555";"355.";"2.7";"10.1";"29.";"0.";"693.97";"894.22";"128.09"
"2020";"4";"17";"5";"11";"2556";"333.";"2.9";"10.4";"30.";"0.";"738.14";"904.94";"133.27"
"2020";"4";"17";"5";"12";"2557";"306.";"5.1";"10.3";"36.";"1.";"699.49";"762.16";"190.06"
"2020";"4";"17";"5";"13";"2558";"312.";"5.5";"10.1";"38.";"1.";"657.02";"755.66";"178.83"
"2020";"4";"17";"5";"14";"2559";"312.";"6.1";"10.2";"36.";"0.";"608.74";"894.81";"104.01"
"2020";"4";"17";"5";"15";"2560";"318.";"5.6";"10.1";"35.";"0.";"487.40";"853.20";"89.09"
"2020";"4";"17";"5";"16";"2561";"319.";"5.0";"9.6";"38.";"0.";"338.41";"770.41";"70.49"
"2020";"4";"17";"5";"17";"2562";"320.";"4.1";"8.9";"42.";"0.";"180.19";"613.37";"48.34"
"2020";"4";"17";"5";"18";"2563";"317.";"2.8";"7.7";"46.";"1.";"28.41";"191.72";"13.56"
"2020";"4";"17";"5";"19";"2564";"319.";"1.8";"5.6";"55.";"2.";"0.00";"0.00";"0.00"
"2020";"4";"17";"5";"20";"2565";"337.";"1.5";"4.0";"61.";"0.";"0.00";"0.00";"0.00"
"2020";"4";"17";"5";"21";"2566";"350.";"1.2";"3.1";"67.";"2.";"0.00";"0.00";"0.00"
"2020";"4";"17";"5";"22";"2567";"14.";"1.4";"2.3";"68.";"0.";"0.00";"0.00";"0.00"
"2020";"4";"17";"5";"23";"2568";"21.";"1.6";"1.7";"68.";"0.";"0.00";"0.00";"0.00"
"2020";"4";"18";"6";"0";"2569";"26.";"1.5";"1.1";"70.";"3.";"0.00";"0.00";"0.00"
"2020";"4";"18";"6";"1";"2570";"40.";"2.1";"0.9";"71.";"0.";"0.00";"0.00";"0.00"
"2020";"4";"18";"6";"2";"2571";"41.";"1.7";"0.6";"73.";"0.";"0.00";"0.00";"0.00"
"2020";"4";"18";"6";"3";"2572";"50.";"2.3";"0.1";"75.";"2.";"0.00";"0.00";"0.00"
"2020";"4";"18";"6";"4";"2573";"49.";"2.3";"0.0";"75.";"1.";"0.00";"0.00";"0.00"
"2020";"4";"18";"6";"5";"2574";"44.";"2.1";"0.6";"75.";"6.";"25.33";"61.34";"20.25"
"2020";"4";"18";"6";"6";"2575";"47.";"2.3";"3.7";"65.";"2.";"164.46";"447.02";"66.05"
"2020";"4";"18";"6";"7";"2576";"53.";"2.8";"5.5";"58.";"7.";"230.41";"96.89";"196.23"
"2020";"4";"18";"6";"8";"2577";"39.";"2.4";"6.9";"51.";"8.";"303.70";"0.00";"303.70"
"2020";"4";"18";"6";"9";"2578";"5.";"2.2";"7.9";"44.";"8.";"379.98";"0.00";"379.98"
"2020";"4";"18";"6";"10";"2579";"346.";"2.6";"8.9";"39.";"8.";"433.92";"0.00";"433.92"
"2020";"4";"18";"6";"11";"2580";"338.";"2.9";"9.8";"38.";"8.";"495.51";"0.00";"495.51"
"2020";"4";"18";"6";"12";"2581";"317.";"4.1";"9.7";"40.";"8.";"463.00";"0.00";"463.00"
"2020";"4";"18";"6";"13";"2582";"325.";"4.0";"10.3";"38.";"3.";"536.87";"550.74";"185.75"
"2020";"4";"18";"6";"14";"2583";"325.";"4.3";"10.6";"37.";"1.";"588.61";"791.28";"138.47"
"2020";"4";"18";"6";"15";"2584";"334.";"4.6";"10.5";"37.";"1.";"468.69";"727.39";"125.54"
"2020";"4";"18";"6";"16";"2585";"353.";"3.8";"10.4";"36.";"0.";"344.15";"770.18";"72.42"
"2020";"4";"18";"6";"17";"2586";"20.";"3.1";"10.0";"35.";"0.";"184.26";"623.45";"47.00"
"2020";"4";"18";"6";"18";"2587";"28.";"2.1";"9.1";"38.";"1.";"35.02";"225.43";"16.35"
"2020";"4";"18";"6";"19";"2588";"27.";"1.5";"6.4";"48.";"1.";"0.00";"0.00";"0.00"
"2020";"4";"18";"6";"20";"2589";"11.";"1.2";"4.6";"55.";"0.";"0.00";"0.00";"0.00"
"2020";"4";"18";"6";"21";"2590";"29.";"0.6";"3.1";"60.";"2.";"0.00";"0.00";"0.00"
"2020";"4";"18";"6";"22";"2591";"71.";"0.4";"2.4";"63.";"1.";"0.00";"0.00";"0.00"
"2020";"4";"18";"6";"23";"2592";"22.";"0.2";"2.3";"65.";"5.";"0.00";"0.00";"0.00"
"2020";"4";"19";"7";"0";"2593";"32.";"0.1";"1.8";"67.";"6.";"0.00";"0.00";"0.00"
"2020";"4";"19";"7";"1";"2594";"354.";"0.5";"1.2";"68.";"3.";"0.00";"0.00";"0.00"
"2020";"4";"19";"7";"2";"2595";"354.";"1.0";"0.2";"70.";"3.";"0.00";"0.00";"0.00"
"2020";"4";"19";"7";"3";"2596";"1.";"0.6";"-0.3";"74.";"0.";"0.00";"0.00";"0.00"
"2020";"4";"19";"7";"4";"2597";"30.";"1.2";"-0.6";"76.";"0.";"0.00";"0.00";"0.00"
"2020";"4";"19";"7";"5";"2598";"36.";"1.5";"0.4";"78.";"1.";"36.63";"232.69";"16.13"
"2020";"4";"19";"7";"6";"2599";"42.";"2.0";"4.8";"66.";"1.";"171.38";"529.60";"52.06"
"2020";"4";"19";"7";"7";"2600";"41.";"1.9";"8.1";"56.";"0.";"345.80";"771.83";"69.63"
"2020";"4";"19";"7";"8";"2601";"24.";"1.5";"10.3";"46.";"0.";"490.37";"813.73";"102.54"
"2020";"4";"19";"7";"9";"2602";"353.";"2.0";"12.0";"38.";"0.";"619.28";"907.53";"98.70"
"2020";"4";"19";"7";"10";"2603";"355.";"2.7";"12.4";"38.";"0.";"708.99";"955.98";"95.05"
"2020";"4";"19";"7";"11";"2604";"326.";"3.1";"13.0";"39.";"1.";"691.60";"800.68";"148.97"
"2020";"4";"19";"7";"12";"2605";"317.";"3.0";"12.9";"41.";"2.";"683.00";"702.39";"206.97"
"2020";"4";"19";"7";"13";"2606";"313.";"3.1";"12.9";"42.";"1.";"651.31";"805.08";"134.29"
"2020";"4";"19";"7";"14";"2607";"310.";"3.4";"12.6";"44.";"0.";"609.20";"853.91";"119.38"
"2020";"4";"19";"7";"15";"2608";"307.";"4.4";"12.5";"45.";"3.";"379.59";"522.99";"130.32"
"2020";"4";"19";"7";"16";"2609";"312.";"4.4";"12.1";"46.";"0.";"343.13";"755.75";"72.72"
"2020";"4";"19";"7";"17";"2610";"322.";"3.9";"11.2";"48.";"0.";"186.55";"611.15";"48.85"
"2020";"4";"19";"7";"18";"2611";"331.";"3.0";"10.1";"51.";"1.";"30.97";"196.74";"13.64"
"2020";"4";"19";"7";"19";"2612";"328.";"1.8";"7.7";"59.";"0.";"0.00";"0.00";"0.00"
"2020";"4";"19";"7";"20";"2613";"338.";"1.3";"6.3";"64.";"0.";"0.00";"0.00";"0.00"
"2020";"4";"19";"7";"21";"2614";"323.";"1.5";"5.0";"69.";"0.";"0.00";"0.00";"0.00"
"2020";"4";"19";"7";"22";"2615";"337.";"1.3";"4.3";"73.";"0.";"0.00";"0.00";"0.00"
"2020";"4";"19";"7";"23";"2616";"341.";"0.9";"3.3";"76.";"0.";"0.00";"0.00";"0.00"
"2020";"4";"20";"1";"0";"2617";"26.";"0.8";"2.5";"79.";"1.";"0.00";"0.00";"0.00"
"2020";"4";"20";"1";"1";"2618";"21.";"0.8";"1.9";"81.";"0.";"0.00";"0.00";"0.00"
"2020";"4";"20";"1";"2";"2619";"33.";"0.9";"1.3";"84.";"0.";"0.00";"0.00";"0.00"
"2020";"4";"20";"1";"3";"2620";"30.";"0.8";"1.1";"84.";"0.";"0.00";"0.00";"0.00"
"2020";"4";"20";"1";"4";"2621";"1.";"0.8";"1.1";"85.";"0.";"0.00";"0.00";"0.00"
"2020";"4";"20";"1";"5";"2622";"351.";"0.6";"2.4";"83.";"0.";"38.50";"240.44";"16.05"
"2020";"4";"20";"1";"6";"2623";"345.";"1.0";"6.1";"74.";"3.";"138.89";"314.49";"66.43"
"2020";"4";"20";"1";"7";"2624";"351.";"1.1";"9.0";"61.";"1.";"312.36";"564.21";"107.69"
"2020";"4";"20";"1";"8";"2625";"341.";"1.3";"10.8";"55.";"3.";"373.37";"462.05";"150.93"
"2020";"4";"20";"1";"9";"2626";"340.";"1.6";"12.2";"51.";"1.";"561.74";"704.45";"154.36"
"2020";"4";"20";"1";"10";"2627";"344.";"2.0";"13.5";"48.";"4.";"480.61";"436.19";"198.48"
"2020";"4";"20";"1";"11";"2628";"343.";"2.2";"14.2";"46.";"7.";"499.07";"111.10";"423.27"
"2020";"4";"20";"1";"12";"2629";"343.";"2.2";"15.4";"43.";"1.";"709.95";"776.25";"180.34"
"2020";"4";"20";"1";"13";"2630";"337.";"1.9";"15.0";"43.";"0.";"692.82";"845.70";"145.82"
"2020";"4";"20";"1";"14";"2631";"339.";"1.8";"15.5";"42.";"1.";"584.83";"740.69";"156.49"
"2020";"4";"20";"1";"15";"2632";"339.";"2.8";"15.9";"41.";"6.";"250.52";"204.84";"151.91"
"2020";"4";"20";"1";"16";"2633";"333.";"3.3";"15.5";"42.";"8.";"213.46";"0.00";"213.46"
"2020";"4";"20";"1";"17";"2634";"353.";"3.1";"14.9";"43.";"4.";"155.39";"304.34";"85.27"
"2020";"4";"20";"1";"18";"2635";"3.";"2.9";"13.5";"47.";"6.";"24.23";"54.40";"19.15"
"2020";"4";"20";"1";"19";"2636";"14.";"2.2";"11.7";"52.";"3.";"0.00";"0.00";"0.00"
"2020";"4";"20";"1";"20";"2637";"34.";"1.9";"10.4";"58.";"1.";"0.00";"0.00";"0.00"
"2020";"4";"20";"1";"21";"2638";"46.";"1.5";"9.4";"59.";"0.";"0.00";"0.00";"0.00"
"2020";"4";"20";"1";"22";"2639";"53.";"1.7";"9.0";"62.";"0.";"0.00";"0.00";"0.00"
"2020";"4";"20";"1";"23";"2640";"64.";"1.6";"8.3";"64.";"1.";"0.00";"0.00";"0.00"
"2020";"4";"21";"2";"0";"2641";"75.";"1.9";"7.7";"66.";"0.";"0.00";"0.00";"0.00"
"2020";"4";"21";"2";"1";"2642";"81.";"1.8";"7.4";"68.";"0.";"0.00";"0.00";"0.00"
"2020";"4";"21";"2";"2";"2643";"91.";"2.0";"6.4";"70.";"1.";"0.00";"0.00";"0.00"
"2020";"4";"21";"2";"3";"2644";"107.";"1.5";"5.2";"72.";"0.";"0.00";"0.00";"0.00"
"2020";"4";"21";"2";"4";"2645";"91.";"1.7";"4.7";"75.";"0.";"0.00";"0.00";"0.00"
"2020";"4";"21";"2";"5";"2646";"91.";"1.3";"5.7";"72.";"0.";"41.22";"249.15";"16.66"
"2020";"4";"21";"2";"6";"2647";"95.";"1.1";"8.5";"64.";"0.";"186.98";"537.39";"60.45"
"2020";"4";"21";"2";"7";"2648";"71.";"0.5";"11.2";"56.";"0.";"346.75";"703.19";"88.23"
"2020";"4";"21";"2";"8";"2649";"20.";"0.5";"13.4";"49.";"0.";"493.12";"785.35";"111.33"
"2020";"4";"21";"2";"9";"2650";"52.";"1.1";"15.1";"43.";"0.";"602.22";"754.60";"162.35"
"2020";"4";"21";"2";"10";"2651";"25.";"1.0";"16.6";"39.";"0.";"680.28";"745.86";"194.47"
"2020";"4";"21";"2";"11";"2652";"28.";"1.4";"16.9";"39.";"0.";"740.97";"852.53";"155.49"
"2020";"4";"21";"2";"12";"2653";"49.";"1.5";"17.6";"38.";"1.";"713.97";"773.09";"183.04"
"2020";"4";"21";"2";"13";"2654";"48.";"0.9";"17.8";"38.";"0.";"667.36";"684.09";"221.79"
"2020";"4";"21";"2";"14";"2655";"340.";"1.0";"17.8";"38.";"0.";"618.45";"868.74";"112.05"
"2020";"4";"21";"2";"15";"2656";"23.";"2.0";"18.2";"34.";"0.";"496.32";"802.97";"105.97"
"2020";"4";"21";"2";"16";"2657";"45.";"2.2";"18.4";"32.";"0.";"350.30";"722.18";"84.80"
"2020";"4";"21";"2";"17";"2658";"64.";"2.9";"17.7";"33.";"0.";"191.51";"589.51";"52.72"
"2020";"4";"21";"2";"18";"2659";"61.";"2.6";"16.3";"37.";"0.";"37.79";"183.81";"19.67"
"2020";"4";"21";"2";"19";"2660";"53.";"2.3";"14.3";"46.";"0.";"0.00";"0.00";"0.00"
"2020";"4";"21";"2";"20";"2661";"62.";"2.2";"12.5";"53.";"0.";"0.00";"0.00";"0.00"
"2020";"4";"21";"2";"21";"2662";"69.";"2.4";"11.2";"57.";"0.";"0.00";"0.00";"0.00"
"2020";"4";"21";"2";"22";"2663";"74.";"2.0";"9.9";"61.";"0.";"0.00";"0.00";"0.00"
"2020";"4";"21";"2";"23";"2664";"94.";"1.8";"8.4";"65.";"0.";"0.00";"0.00";"0.00"
"2020";"4";"22";"3";"0";"2665";"109.";"1.7";"7.7";"66.";"1.";"0.00";"0.00";"0.00"
"2020";"4";"22";"3";"1";"2666";"130.";"1.7";"6.2";"70.";"0.";"0.00";"0.00";"0.00"
"2020";"4";"22";"3";"2";"2667";"142.";"1.4";"5.1";"75.";"0.";"0.00";"0.00";"0.00"
"2020";"4";"22";"3";"3";"2668";"151.";"1.0";"4.3";"80.";"0.";"0.00";"0.00";"0.00"
"2020";"4";"22";"3";"4";"2669";"150.";"0.7";"3.7";"82.";"0.";"0.00";"0.00";"0.00"
"2020";"4";"22";"3";"5";"2670";"118.";"0.8";"5.2";"81.";"1.";"39.92";"201.17";"19.05"
"2020";"4";"22";"3";"6";"2671";"161.";"0.3";"8.7";"73.";"1.";"172.52";"432.66";"68.50"
"2020";"4";"22";"3";"7";"2672";"278.";"0.5";"12.2";"64.";"1.";"317.68";"569.59";"105.53"
"2020";"4";"22";"3";"8";"2673";"314.";"0.7";"14.2";"57.";"0.";"485.64";"721.52";"131.50"
"2020";"4";"22";"3";"9";"2674";"288.";"0.8";"15.8";"50.";"0.";"606.16";"772.24";"152.50"
"2020";"4";"22";"3";"10";"2675";"265.";"1.7";"17.3";"45.";"0.";"690.40";"794.77";"169.20"
"2020";"4";"22";"3";"11";"2676";"267.";"2.4";"17.8";"46.";"1.";"693.21";"665.01";"233.57"
"2020";"4";"22";"3";"12";"2677";"275.";"2.8";"17.8";"44.";"1.";"704.31";"714.00";"210.81"
"2020";"4";"22";"3";"13";"2678";"284.";"3.6";"18.5";"41.";"0.";"698.71";"841.13";"147.09"
"2020";"4";"22";"3";"14";"2679";"294.";"3.8";"18.5";"38.";"0.";"607.10";"764.67";"157.88"
"2020";"4";"22";"3";"15";"2680";"305.";"3.6";"18.3";"37.";"0.";"498.12";"788.80";"110.96"
"2020";"4";"22";"3";"16";"2681";"309.";"3.2";"17.5";"37.";"0.";"354.29";"724.97";"84.27"
"2020";"4";"22";"3";"17";"2682";"312.";"3.1";"16.5";"40.";"0.";"195.34";"603.26";"50.30"
"2020";"4";"22";"3";"18";"2683";"315.";"2.9";"14.6";"45.";"0.";"42.74";"255.13";"16.27"
"2020";"4";"22";"3";"19";"2684";"325.";"1.8";"12.5";"53.";"0.";"0.00";"0.00";"0.00"
"2020";"4";"22";"3";"20";"2685";"337.";"1.4";"10.5";"61.";"0.";"0.00";"0.00";"0.00"
"2020";"4";"22";"3";"21";"2686";"357.";"1.1";"8.3";"67.";"0.";"0.00";"0.00";"0.00"
"2020";"4";"22";"3";"22";"2687";"345.";"1.1";"7.5";"71.";"0.";"0.00";"0.00";"0.00"
"2020";"4";"22";"3";"23";"2688";"317.";"0.7";"6.6";"74.";"0.";"0.00";"0.00";"0.00"
"2020";"4";"23";"4";"0";"2689";"303.";"0.9";"5.7";"77.";"0.";"0.00";"0.00";"0.00"
"2020";"4";"23";"4";"1";"2690";"300.";"0.5";"5.1";"81.";"0.";"0.00";"0.00";"0.00"
"2020";"4";"23";"4";"2";"2691";"350.";"0.3";"4.3";"82.";"0.";"0.00";"0.00";"0.00"
"2020";"4";"23";"4";"3";"2692";"200.";"0.7";"3.6";"84.";"0.";"0.00";"0.00";"0.00"
"2020";"4";"23";"4";"4";"2693";"163.";"0.9";"3.8";"86.";"1.";"0.00";"0.00";"0.00"
"2020";"4";"23";"4";"5";"2694";"203.";"1.1";"5.6";"85.";"1.";"41.88";"193.12";"20.85"
"2020";"4";"23";"4";"6";"2695";"217.";"1.8";"9.5";"75.";"0.";"187.48";"474.39";"71.09"
"2020";"4";"23";"4";"7";"2696";"243.";"2.6";"12.6";"60.";"1.";"323.78";"573.17";"107.58"
"2020";"4";"23";"4";"8";"2697";"255.";"3.2";"13.9";"54.";"6.";"252.87";"188.21";"159.63"
"2020";"4";"23";"4";"9";"2698";"255.";"2.8";"14.5";"51.";"6.";"308.17";"182.09";"200.38"
"2020";"4";"23";"4";"10";"2699";"263.";"3.3";"14.9";"51.";"1.";"652.73";"732.62";"169.05"
"2020";"4";"23";"4";"11";"2700";"271.";"3.0";"15.3";"51.";"1.";"677.59";"664.32";"215.54"
"2020";"4";"23";"4";"12";"2701";"273.";"4.3";"15.9";"48.";"1.";"682.67";"686.87";"204.94"
"2020";"4";"23";"4";"13";"2702";"270.";"3.7";"16.2";"43.";"2.";"584.21";"545.95";"223.77"
"2020";"4";"23";"4";"14";"2703";"269.";"3.6";"16.1";"41.";"1.";"598.49";"734.21";"163.88"
"2020";"4";"23";"4";"15";"2704";"291.";"3.2";"15.7";"42.";"2.";"433.21";"615.99";"128.04"
"2020";"4";"23";"4";"16";"2705";"287.";"2.8";"15.2";"44.";"1.";"336.21";"663.57";"85.90"
"2020";"4";"23";"4";"17";"2706";"288.";"2.3";"13.5";"52.";"6.";"101.16";"149.00";"64.60"
"2020";"4";"23";"4";"18";"2707";"285.";"1.6";"12.1";"60.";"5.";"26.40";"94.98";"16.06"
"2020";"4";"23";"4";"19";"2708";"235.";"0.9";"10.7";"65.";"8.";"0.00";"0.00";"0.00"
"2020";"4";"23";"4";"20";"2709";"222.";"1.0";"9.2";"72.";"8.";"0.00";"0.00";"0.00"
"2020";"4";"23";"4";"21";"2710";"244.";"1.0";"8.2";"76.";"8.";"0.00";"0.00";"0.00"
"2020";"4";"23";"4";"22";"2711";"250.";"0.9";"6.2";"79.";"1.";"0.00";"0.00";"0.00"
"2020";"4";"23";"4";"23";"2712";"227.";"1.2";"5.8";"81.";"3.";"0.00";"0.00";"0.00"
"2020";"4";"24";"5";"0";"2713";"243.";"1.1";"5.2";"84.";"1.";"0.00";"0.00";"0.00"
"2020";"4";"24";"5";"1";"2714";"178.";"0.6";"4.5";"87.";"0.";"0.00";"0.00";"0.00"
"2020";"4";"24";"5";"2";"2715";"154.";"0.3";"3.7";"89.";"3.";"0.00";"0.00";"0.00"
"2020";"4";"24";"5";"3";"2716";"103.";"0.9";"3.5";"91.";"2.";"0.00";"0.00";"0.00"
"2020";"4";"24";"5";"4";"2717";"37.";"0.8";"4.1";"93.";"0.";"0.00";"0.00";"0.00"
"2020";"4";"24";"5";"5";"2718";"73.";"1.1";"4.2";"93.";"5.";"26.87";"47.99";"21.40"
"2020";"4";"24";"5";"6";"2719";"56.";"2.2";"6.7";"86.";"5.";"116.83";"179.35";"71.96"
"2020";"4";"24";"5";"7";"2720";"44.";"3.2";"9.3";"71.";"5.";"213.01";"241.32";"120.85"
"2020";"4";"24";"5";"8";"2721";"39.";"3.7";"10.3";"63.";"7.";"341.91";"98.69";"292.57"
"2020";"4";"24";"5";"9";"2722";"47.";"3.5";"11.6";"56.";"7.";"418.74";"98.99";"359.71"
"2020";"4";"24";"5";"10";"2723";"48.";"3.8";"13.0";"51.";"8.";"452.02";"0.00";"452.02"
"2020";"4";"24";"5";"11";"2724";"44.";"3.8";"14.1";"47.";"8.";"490.49";"0.00";"490.49"
"2020";"4";"24";"5";"12";"2725";"39.";"4.8";"14.8";"42.";"7.";"517.18";"115.56";"436.31"
"2020";"4";"24";"5";"13";"2726";"36.";"6.4";"14.5";"42.";"4.";"584.59";"416.65";"307.72"
"2020";"4";"24";"5";"14";"2727";"25.";"5.6";"13.7";"41.";"4.";"525.73";"444.23";"260.81"
"2020";"4";"24";"5";"15";"2728";"33.";"5.7";"13.2";"39.";"8.";"322.42";"0.00";"322.42"
"2020";"4";"24";"5";"16";"2729";"36.";"5.1";"12.8";"38.";"8.";"234.03";"0.00";"234.03"
"2020";"4";"24";"5";"17";"2730";"35.";"5.7";"12.8";"38.";"8.";"132.83";"0.00";"132.83"
"2020";"4";"24";"5";"18";"2731";"32.";"5.7";"11.9";"41.";"1.";"59.18";"302.16";"24.77"
"2020";"4";"24";"5";"19";"2732";"22.";"4.7";"10.6";"46.";"1.";"0.00";"0.00";"0.00"
"2020";"4";"24";"5";"20";"2733";"17.";"3.7";"9.0";"52.";"1.";"0.00";"0.00";"0.00"
"2020";"4";"24";"5";"21";"2734";"20.";"3.1";"8.1";"55.";"0.";"0.00";"0.00";"0.00"
"2020";"4";"24";"5";"22";"2735";"10.";"2.6";"7.2";"60.";"1.";"0.00";"0.00";"0.00"
"2020";"4";"24";"5";"23";"2736";"7.";"2.3";"6.4";"64.";"1.";"0.00";"0.00";"0.00"
"2020";"4";"25";"6";"0";"2737";"5.";"2.1";"5.9";"66.";"6.";"0.00";"0.00";"0.00"
"2020";"4";"25";"6";"1";"2738";"9.";"2.0";"5.8";"65.";"7.";"0.00";"0.00";"0.00"
"2020";"4";"25";"6";"2";"2739";"2.";"1.9";"5.0";"66.";"6.";"0.00";"0.00";"0.00"
"2020";"4";"25";"6";"3";"2740";"355.";"1.7";"5.4";"64.";"8.";"0.00";"0.00";"0.00"
"2020";"4";"25";"6";"4";"2741";"346.";"1.5";"5.9";"63.";"7.";"0.00";"0.00";"0.00"
"2020";"4";"25";"6";"5";"2742";"358.";"1.8";"6.4";"59.";"2.";"57.37";"273.02";"24.91"
"2020";"4";"25";"6";"6";"2743";"3.";"2.5";"8.3";"50.";"1.";"209.81";"585.30";"60.54"
"2020";"4";"25";"6";"7";"2744";"338.";"2.7";"9.4";"45.";"0.";"382.53";"793.38";"75.86"
"2020";"4";"25";"6";"8";"2745";"335.";"3.2";"10.1";"41.";"2.";"447.11";"613.30";"137.74"
"2020";"4";"25";"6";"9";"2746";"324.";"4.0";"11.0";"39.";"3.";"498.81";"540.41";"174.19"
"2020";"4";"25";"6";"10";"2747";"323.";"4.2";"11.8";"37.";"4.";"598.48";"438.93";"304.94"
"2020";"4";"25";"6";"11";"2748";"324.";"4.6";"12.4";"37.";"2.";"651.97";"634.27";"205.43"
"2020";"4";"25";"6";"12";"2749";"322.";"4.7";"12.7";"39.";"3.";"679.52";"581.63";"270.05"
"2020";"4";"25";"6";"13";"2750";"310.";"5.7";"12.5";"42.";"3.";"550.35";"496.44";"218.35"
"2020";"4";"25";"6";"14";"2751";"311.";"5.7";"12.6";"42.";"4.";"447.74";"455.85";"173.91"
"2020";"4";"25";"6";"15";"2752";"313.";"5.2";"12.4";"45.";"6.";"268.86";"219.86";"157.96"
"2020";"4";"25";"6";"16";"2753";"312.";"5.0";"11.9";"50.";"4.";"266.65";"402.32";"111.14"
"2020";"4";"25";"6";"17";"2754";"315.";"4.3";"11.4";"51.";"4.";"152.29";"326.68";"68.98"
"2020";"4";"25";"6";"18";"2755";"313.";"3.7";"10.4";"54.";"5.";"37.62";"126.80";"22.54"
"2020";"4";"25";"6";"19";"2756";"313.";"2.6";"8.7";"61.";"5.";"0.00";"0.00";"0.00"
"2020";"4";"25";"6";"20";"2757";"317.";"1.8";"7.8";"67.";"4.";"0.00";"0.00";"0.00"
"2020";"4";"25";"6";"21";"2758";"314.";"1.1";"6.5";"72.";"3.";"0.00";"0.00";"0.00"
"2020";"4";"25";"6";"22";"2759";"293.";"1.0";"5.2";"76.";"1.";"0.00";"0.00";"0.00"
"2020";"4";"25";"6";"23";"2760";"285.";"1.1";"4.2";"80.";"1.";"0.00";"0.00";"0.00"
"2020";"4";"26";"7";"0";"2761";"278.";"1.6";"3.2";"83.";"3.";"0.00";"0.00";"0.00"
"2020";"4";"26";"7";"1";"2762";"263.";"1.5";"2.5";"86.";"4.";"0.00";"0.00";"0.00"
"2020";"4";"26";"7";"2";"2763";"235.";"1.4";"2.5";"89.";"4.";"0.00";"0.00";"0.00"
"2020";"4";"26";"7";"3";"2764";"226.";"1.5";"3.3";"90.";"7.";"0.00";"0.00";"0.00"
"2020";"4";"26";"7";"4";"2765";"231.";"1.8";"4.8";"90.";"7.";"0.00";"0.00";"0.00"
"2020";"4";"26";"7";"5";"2766";"230.";"2.1";"5.6";"89.";"8.";"17.10";"0.00";"17.10"
"2020";"4";"26";"7";"6";"2767";"215.";"2.6";"6.3";"91.";"8.";"60.62";"0.00";"60.62"
"2020";"4";"26";"7";"7";"2768";"214.";"2.8";"6.2";"94.";"8.";"101.91";"0.00";"101.91"
"2020";"4";"26";"7";"8";"2769";"220.";"2.4";"7.0";"91.";"8.";"149.25";"0.00";"149.25"
"2020";"4";"26";"7";"9";"2770";"216.";"2.5";"8.6";"83.";"8.";"191.23";"0.00";"191.23"
"2020";"4";"26";"7";"10";"2771";"218.";"2.5";"9.4";"75.";"5.";"412.49";"251.27";"243.39"
"2020";"4";"26";"7";"11";"2772";"224.";"3.2";"9.9";"72.";"3.";"576.86";"479.93";"236.99"
"2020";"4";"26";"7";"12";"2773";"215.";"3.6";"10.7";"67.";"2.";"641.60";"599.37";"217.16"
"2020";"4";"26";"7";"13";"2774";"213.";"3.8";"11.5";"66.";"0.";"708.60";"789.35";"177.39"
"2020";"4";"26";"7";"14";"2775";"212.";"3.9";"11.1";"66.";"0.";"631.86";"805.27";"144.69"
"2020";"4";"26";"7";"15";"2776";"206.";"4.0";"11.1";"66.";"4.";"354.84";"387.72";"157.56"
"2020";"4";"26";"7";"16";"2777";"209.";"4.1";"10.7";"67.";"5.";"218.40";"240.34";"124.40"
"2020";"4";"26";"7";"17";"2778";"204.";"3.4";"9.8";"71.";"6.";"107.19";"141.22";"70.51"
"2020";"4";"26";"7";"18";"2779";"195.";"2.6";"9.1";"75.";"2.";"49.01";"208.73";"23.16"
"2020";"4";"26";"7";"19";"2780";"189.";"2.0";"8.0";"79.";"6.";"0.00";"0.00";"0.00"
"2020";"4";"26";"7";"20";"2781";"187.";"1.1";"6.6";"83.";"5.";"0.00";"0.00";"0.00"
"2020";"4";"26";"7";"21";"2782";"131.";"0.4";"5.8";"86.";"5.";"0.00";"0.00";"0.00"
"2020";"4";"26";"7";"22";"2783";"15.";"0.3";"5.7";"86.";"8.";"0.00";"0.00";"0.00"
"2020";"4";"26";"7";"23";"2784";"44.";"0.6";"5.6";"86.";"8.";"0.00";"0.00";"0.00"
"2020";"4";"27";"1";"0";"2785";"75.";"0.5";"5.7";"87.";"8.";"0.00";"0.00";"0.00"
"2020";"4";"27";"1";"1";"2786";"92.";"1.8";"6.1";"87.";"8.";"0.00";"0.00";"0.00"
"2020";"4";"27";"1";"2";"2787";"112.";"1.5";"6.1";"88.";"8.";"0.00";"0.00";"0.00"
"2020";"4";"27";"1";"3";"2788";"141.";"1.2";"5.9";"87.";"7.";"0.00";"0.00";"0.00"
"2020";"4";"27";"1";"4";"2789";"188.";"1.6";"6.2";"88.";"8.";"0.00";"0.00";"0.00"
"2020";"4";"27";"1";"5";"2790";"178.";"2.3";"6.5";"89.";"8.";"18.52";"0.00";"18.52"
"2020";"4";"27";"1";"6";"2791";"191.";"2.9";"6.7";"88.";"8.";"37.97";"0.00";"37.97"
"2020";"4";"27";"1";"7";"2792";"199.";"4.4";"6.8";"90.";"8.";"110.22";"0.00";"110.22"
"2020";"4";"27";"1";"8";"2793";"184.";"3.7";"6.8";"91.";"8.";"85.39";"0.00";"85.39"
"2020";"4";"27";"1";"9";"2794";"191.";"4.8";"7.2";"91.";"8.";"104.60";"0.00";"104.60"
"2020";"4";"27";"1";"10";"2795";"198.";"4.5";"7.5";"92.";"8.";"121.96";"0.00";"121.96"
"2020";"4";"27";"1";"11";"2796";"209.";"3.8";"7.9";"92.";"8.";"124.65";"0.00";"124.65"
"2020";"4";"27";"1";"12";"2797";"221.";"2.6";"7.9";"90.";"8.";"130.54";"0.00";"130.54"
"2020";"4";"27";"1";"13";"2798";"242.";"2.6";"8.1";"88.";"8.";"125.81";"0.00";"125.81"
"2020";"4";"27";"1";"14";"2799";"225.";"2.9";"8.2";"87.";"8.";"103.28";"0.00";"103.28"
"2020";"4";"27";"1";"15";"2800";"228.";"3.5";"8.2";"86.";"8.";"89.47";"0.00";"89.47"
"2020";"4";"27";"1";"16";"2801";"222.";"3.0";"8.1";"86.";"8.";"114.74";"0.00";"114.74"
"2020";"4";"27";"1";"17";"2802";"228.";"2.5";"8.3";"86.";"8.";"62.06";"0.00";"62.06"
"2020";"4";"27";"1";"18";"2803";"229.";"2.3";"8.2";"87.";"7.";"24.69";"36.77";"19.96"
"2020";"4";"27";"1";"19";"2804";"239.";"1.9";"8.0";"87.";"8.";"0.00";"0.00";"0.00"
"2020";"4";"27";"1";"20";"2805";"242.";"1.1";"7.7";"90.";"8.";"0.00";"0.00";"0.00"
"2020";"4";"27";"1";"21";"2806";"243.";"0.7";"7.2";"90.";"6.";"0.00";"0.00";"0.00"
"2020";"4";"27";"1";"22";"2807";"237.";"0.7";"6.4";"91.";"8.";"0.00";"0.00";"0.00"
"2020";"4";"27";"1";"23";"2808";"248.";"0.5";"5.3";"91.";"6.";"0.00";"0.00";"0.00"
"2020";"4";"28";"2";"0";"2809";"265.";"0.8";"4.4";"91.";"4.";"0.00";"0.00";"0.00"
"2020";"4";"28";"2";"1";"2810";"219.";"0.6";"4.3";"92.";"6.";"0.00";"0.00";"0.00"
"2020";"4";"28";"2";"2";"2811";"199.";"0.5";"4.0";"92.";"7.";"0.00";"0.00";"0.00"
"2020";"4";"28";"2";"3";"2812";"262.";"1.1";"4.2";"93.";"8.";"0.00";"0.00";"0.00"
"2020";"4";"28";"2";"4";"2813";"242.";"1.2";"4.8";"92.";"8.";"0.00";"0.00";"0.00"
"2020";"4";"28";"2";"5";"2814";"302.";"1.0";"5.4";"92.";"4.";"46.44";"138.02";"28.02"
"2020";"4";"28";"2";"6";"2815";"296.";"0.7";"7.4";"88.";"8.";"67.20";"0.00";"67.20"
"2020";"4";"28";"2";"7";"2816";"258.";"1.3";"7.9";"81.";"7.";"157.90";"92.90";"120.73"
"2020";"4";"28";"2";"8";"2817";"254.";"1.7";"8.1";"77.";"8.";"169.31";"0.00";"169.31"
"2020";"4";"28";"2";"9";"2818";"264.";"1.7";"9.2";"74.";"7.";"270.95";"115.38";"200.19"
"2020";"4";"28";"2";"10";"2819";"260.";"2.7";"9.4";"69.";"7.";"305.76";"116.26";"226.58"
"2020";"4";"28";"2";"11";"2820";"247.";"1.0";"8.6";"70.";"7.";"321.84";"112.96";"240.94"
"2020";"4";"28";"2";"12";"2821";"340.";"2.3";"8.2";"79.";"7.";"196.39";"54.96";"157.03"
"2020";"4";"28";"2";"13";"2822";"11.";"2.5";"8.9";"81.";"8.";"131.45";"0.00";"131.45"
"2020";"4";"28";"2";"14";"2823";"26.";"2.9";"9.5";"76.";"8.";"201.19";"0.00";"201.19"
"2020";"4";"28";"2";"15";"2824";"44.";"3.4";"8.8";"74.";"6.";"280.01";"221.77";"165.26"
"2020";"4";"28";"2";"16";"2825";"46.";"3.0";"8.0";"75.";"7.";"160.95";"100.52";"120.74"
"2020";"4";"28";"2";"17";"2826";"60.";"3.9";"7.5";"77.";"8.";"71.98";"0.00";"71.98"
"2020";"4";"28";"2";"18";"2827";"58.";"3.9";"6.7";"77.";"8.";"23.14";"0.00";"23.14"
"2020";"4";"28";"2";"19";"2828";"59.";"3.3";"6.1";"80.";"5.";"0.00";"0.00";"0.00"
"2020";"4";"28";"2";"20";"2829";"58.";"2.5";"5.7";"82.";"5.";"0.00";"0.00";"0.00"
"2020";"4";"28";"2";"21";"2830";"56.";"2.9";"5.2";"82.";"4.";"0.00";"0.00";"0.00"
"2020";"4";"28";"2";"22";"2831";"62.";"2.9";"4.9";"81.";"5.";"0.00";"0.00";"0.00"
"2020";"4";"28";"2";"23";"2832";"58.";"2.7";"4.4";"81.";"6.";"0.00";"0.00";"0.00"
"2020";"4";"29";"3";"0";"2833";"67.";"3.0";"4.3";"82.";"8.";"0.00";"0.00";"0.00"
"2020";"4";"29";"3";"1";"2834";"64.";"3.1";"4.1";"82.";"8.";"0.00";"0.00";"0.00"
"2020";"4";"29";"3";"2";"2835";"69.";"2.9";"3.9";"81.";"8.";"0.00";"0.00";"0.00"
"2020";"4";"29";"3";"3";"2836";"77.";"2.9";"3.9";"81.";"8.";"0.00";"0.00";"0.00"
"2020";"4";"29";"3";"4";"2837";"83.";"3.2";"3.9";"80.";"8.";"0.00";"0.00";"0.00"
"2020";"4";"29";"3";"5";"2838";"88.";"3.9";"4.1";"78.";"7.";"34.12";"49.75";"27.24"
"2020";"4";"29";"3";"6";"2839";"95.";"4.3";"4.7";"73.";"8.";"72.67";"0.00";"72.67"
"2020";"4";"29";"3";"7";"2840";"103.";"4.1";"5.4";"68.";"8.";"126.74";"0.00";"126.74"
"2020";"4";"29";"3";"8";"2841";"112.";"4.1";"6.2";"67.";"8.";"167.89";"0.00";"167.89"
"2020";"4";"29";"3";"9";"2842";"113.";"4.0";"7.2";"63.";"8.";"203.83";"0.00";"203.83"
"2020";"4";"29";"3";"10";"2843";"116.";"3.8";"7.8";"58.";"8.";"230.28";"0.00";"230.28"
"2020";"4";"29";"3";"11";"2844";"115.";"3.6";"8.8";"54.";"8.";"244.86";"0.00";"244.86"
"2020";"4";"29";"3";"12";"2845";"118.";"2.9";"9.1";"51.";"8.";"244.23";"0.00";"244.23"
"2020";"4";"29";"3";"13";"2846";"120.";"2.0";"9.9";"47.";"8.";"231.71";"0.00";"231.71"
"2020";"4";"29";"3";"14";"2847";"130.";"1.9";"10.4";"44.";"8.";"205.84";"0.00";"205.84"
"2020";"4";"29";"3";"15";"2848";"165.";"2.3";"10.2";"45.";"8.";"168.35";"0.00";"168.35"
"2020";"4";"29";"3";"16";"2849";"154.";"1.8";"10.1";"45.";"8.";"123.00";"0.00";"123.00"
"2020";"4";"29";"3";"17";"2850";"147.";"1.6";"9.9";"45.";"8.";"74.89";"0.00";"74.89"
"2020";"4";"29";"3";"18";"2851";"134.";"1.3";"9.2";"52.";"8.";"52.46";"0.00";"52.46"
"2020";"4";"29";"3";"19";"2852";"93.";"0.9";"7.2";"57.";"8.";"0.00";"0.00";"0.00"
"2020";"4";"29";"3";"20";"2853";"130.";"1.8";"6.8";"59.";"8.";"0.00";"0.00";"0.00"
"2020";"4";"29";"3";"21";"2854";"144.";"2.7";"7.1";"58.";"8.";"0.00";"0.00";"0.00"
"2020";"4";"29";"3";"22";"2855";"131.";"3.5";"6.9";"61.";"8.";"0.00";"0.00";"0.00"
"2020";"4";"29";"3";"23";"2856";"131.";"4.3";"6.6";"60.";"8.";"0.00";"0.00";"0.00"
"2020";"4";"30";"4";"0";"2857";"124.";"4.8";"6.1";"58.";"8.";"0.00";"0.00";"0.00"
"2020";"4";"30";"4";"1";"2858";"116.";"4.2";"5.4";"55.";"8.";"0.00";"0.00";"0.00"
"2020";"4";"30";"4";"2";"2859";"113.";"4.6";"5.0";"50.";"8.";"0.00";"0.00";"0.00"
"2020";"4";"30";"4";"3";"2860";"111.";"4.5";"4.7";"50.";"8.";"0.00";"0.00";"0.00"
"2020";"4";"30";"4";"4";"2861";"104.";"4.8";"4.3";"55.";"8.";"0.00";"0.00";"0.00"
"2020";"4";"30";"4";"5";"2862";"105.";"5.2";"4.4";"62.";"8.";"57.26";"0.00";"57.26"
"2020";"4";"30";"4";"6";"2863";"105.";"5.3";"4.8";"65.";"8.";"75.81";"0.00";"75.81"
"2020";"4";"30";"4";"7";"2864";"108.";"5.5";"5.6";"64.";"8.";"126.00";"0.00";"126.00"
"2020";"4";"30";"4";"8";"2865";"105.";"5.5";"6.2";"60.";"8.";"168.35";"0.00";"168.35"
"2020";"4";"30";"4";"9";"2866";"106.";"6.6";"6.7";"57.";"8.";"207.19";"0.00";"207.19"
"2020";"4";"30";"4";"10";"2867";"112.";"6.6";"6.9";"56.";"8.";"232.28";"0.00";"232.28"
"2020";"4";"30";"4";"11";"2868";"108.";"6.6";"7.2";"52.";"8.";"241.94";"0.00";"241.94"
"2020";"4";"30";"4";"12";"2869";"109.";"6.9";"8.5";"53.";"8.";"248.77";"0.00";"248.77"
"2020";"4";"30";"4";"13";"2870";"107.";"7.5";"7.9";"61.";"8.";"227.94";"0.00";"227.94"
"2020";"4";"30";"4";"14";"2871";"104.";"6.0";"6.8";"78.";"8.";"113.76";"0.00";"113.76"
"2020";"4";"30";"4";"15";"2872";"104.";"5.7";"5.9";"86.";"8.";"88.70";"0.00";"88.70"
"2020";"4";"30";"4";"16";"2873";"114.";"5.6";"5.9";"88.";"8.";"64.97";"0.00";"64.97"
"2020";"4";"30";"4";"17";"2874";"119.";"5.4";"6.1";"90.";"8.";"38.16";"0.00";"38.16"
"2020";"4";"30";"4";"18";"2875";"121.";"5.5";"6.2";"91.";"8.";"12.88";"0.00";"12.88"
"2020";"4";"30";"4";"19";"2876";"126.";"5.3";"6.4";"91.";"8.";"0.00";"0.00";"0.00"
"2020";"4";"30";"4";"20";"2877";"133.";"3.8";"6.6";"92.";"8.";"0.00";"0.00";"0.00"
"2020";"4";"30";"4";"21";"2878";"135.";"3.4";"6.9";"93.";"8.";"0.00";"0.00";"0.00"
"2020";"4";"30";"4";"22";"2879";"144.";"3.3";"7.2";"94.";"8.";"0.00";"0.00";"0.00"
"2020";"4";"30";"4";"23";"2880";"166.";"2.2";"7.4";"94.";"7.";"0.00";"0.00";"0.00"
"2020";"5";"1";"5";"0";"2881";"131.";"2.0";"7.4";"95.";"7.";"0.00";"0.00";"0.00"
"2020";"5";"1";"5";"1";"2882";"137.";"1.6";"7.0";"95.";"8.";"0.00";"0.00";"0.00"
"2020";"5";"1";"5";"2";"2883";"129.";"1.9";"6.7";"96.";"8.";"0.00";"0.00";"0.00"
"2020";"5";"1";"5";"3";"2884";"124.";"1.9";"6.9";"96.";"8.";"0.00";"0.00";"0.00"
"2020";"5";"1";"5";"4";"2885";"113.";"2.3";"7.1";"96.";"8.";"0.00";"0.00";"0.00"
"2020";"5";"1";"5";"5";"2886";"98.";"2.5";"7.2";"95.";"8.";"19.66";"0.00";"19.66"
"2020";"5";"1";"5";"6";"2887";"94.";"1.8";"7.5";"94.";"8.";"63.17";"0.00";"63.17"
"2020";"5";"1";"5";"7";"2888";"98.";"1.2";"7.9";"93.";"8.";"111.62";"0.00";"111.62"
"2020";"5";"1";"5";"8";"2889";"102.";"1.6";"9.1";"88.";"8.";"157.36";"0.00";"157.36"
"2020";"5";"1";"5";"9";"2890";"83.";"1.4";"10.1";"79.";"8.";"198.03";"0.00";"198.03"
"2020";"5";"1";"5";"10";"2891";"348.";"0.1";"10.4";"76.";"7.";"301.25";"110.47";"224.72"
"2020";"5";"1";"5";"11";"2892";"286.";"1.1";"10.3";"76.";"8.";"136.44";"0.00";"136.44"
"2020";"5";"1";"5";"12";"2893";"273.";"1.8";"9.3";"81.";"8.";"135.86";"0.00";"135.86"
"2020";"5";"1";"5";"13";"2894";"262.";"1.7";"9.1";"85.";"8.";"125.49";"0.00";"125.49"
"2020";"5";"1";"5";"14";"2895";"267.";"1.4";"9.3";"82.";"8.";"116.39";"0.00";"116.39"
"2020";"5";"1";"5";"15";"2896";"331.";"1.8";"9.1";"83.";"8.";"167.83";"0.00";"167.83"
"2020";"5";"1";"5";"16";"2897";"10.";"1.9";"8.7";"83.";"8.";"66.97";"0.00";"66.97"
"2020";"5";"1";"5";"17";"2898";"46.";"1.3";"8.5";"84.";"6.";"76.60";"78.33";"54.48"
"2020";"5";"1";"5";"18";"2899";"62.";"0.8";"8.4";"83.";"6.";"25.72";"50.72";"18.24"
"2020";"5";"1";"5";"19";"2900";"83.";"0.6";"8.2";"87.";"7.";"0.00";"0.00";"0.00"
"2020";"5";"1";"5";"20";"2901";"102.";"0.8";"7.6";"91.";"8.";"0.00";"0.00";"0.00"
"2020";"5";"1";"5";"21";"2902";"130.";"0.6";"7.2";"92.";"7.";"0.00";"0.00";"0.00"
"2020";"5";"1";"5";"22";"2903";"133.";"1.5";"7.0";"94.";"8.";"0.00";"0.00";"0.00"
"2020";"5";"1";"5";"23";"2904";"100.";"1.2";"6.8";"94.";"8.";"0.00";"0.00";"0.00"
"2020";"5";"2";"6";"0";"2905";"110.";"1.5";"6.7";"95.";"6.";"0.00";"0.00";"0.00"
"2020";"5";"2";"6";"1";"2906";"106.";"1.9";"6.0";"96.";"7.";"0.00";"0.00";"0.00"
"2020";"5";"2";"6";"2";"2907";"94.";"1.6";"5.9";"96.";"8.";"0.00";"0.00";"0.00"
"2020";"5";"2";"6";"3";"2908";"83.";"1.7";"5.5";"95.";"7.";"0.00";"0.00";"0.00"
"2020";"5";"2";"6";"4";"2909";"75.";"1.5";"5.5";"95.";"8.";"0.00";"0.00";"0.00"
"2020";"5";"2";"6";"5";"2910";"80.";"1.8";"6.2";"94.";"8.";"23.01";"0.00";"23.01"
"2020";"5";"2";"6";"6";"2911";"87.";"1.8";"7.0";"94.";"8.";"68.66";"0.00";"68.66"
"2020";"5";"2";"6";"7";"2912";"81.";"2.0";"7.8";"91.";"8.";"120.31";"0.00";"120.31"
"2020";"5";"2";"6";"8";"2913";"63.";"1.6";"8.5";"88.";"8.";"162.42";"0.00";"162.42"
"2020";"5";"2";"6";"9";"2914";"113.";"1.7";"9.1";"82.";"8.";"115.55";"0.00";"115.55"
"2020";"5";"2";"6";"10";"2915";"121.";"1.6";"9.5";"85.";"8.";"124.55";"0.00";"124.55"
"2020";"5";"2";"6";"11";"2916";"105.";"1.3";"9.3";"83.";"8.";"125.51";"0.00";"125.51"
"2020";"5";"2";"6";"12";"2917";"80.";"0.6";"9.3";"82.";"8.";"140.16";"0.00";"140.16"
"2020";"5";"2";"6";"13";"2918";"325.";"1.4";"10.1";"81.";"8.";"132.06";"0.00";"132.06"
"2020";"5";"2";"6";"14";"2919";"338.";"2.1";"10.8";"78.";"8.";"201.27";"0.00";"201.27"
"2020";"5";"2";"6";"15";"2920";"341.";"2.0";"11.2";"78.";"8.";"163.29";"0.00";"163.29"
"2020";"5";"2";"6";"16";"2921";"331.";"1.7";"11.6";"74.";"7.";"160.37";"95.80";"120.41"
"2020";"5";"2";"6";"17";"2922";"314.";"2.3";"11.4";"72.";"7.";"95.32";"78.91";"72.68"
"2020";"5";"2";"6";"18";"2923";"310.";"2.1";"10.9";"74.";"8.";"24.16";"0.00";"24.16"
"2020";"5";"2";"6";"19";"2924";"313.";"2.5";"9.1";"81.";"5.";"0.00";"0.00";"0.00"
"2020";"5";"2";"6";"20";"2925";"305.";"3.1";"8.2";"87.";"8.";"0.00";"0.00";"0.00"
"2020";"5";"2";"6";"21";"2926";"298.";"1.8";"7.6";"91.";"5.";"0.00";"0.00";"0.00"
"2020";"5";"2";"6";"22";"2927";"302.";"1.1";"6.2";"92.";"1.";"0.00";"0.00";"0.00"
"2020";"5";"2";"6";"23";"2928";"167.";"0.3";"5.1";"93.";"0.";"0.00";"0.00";"0.00"
"2020";"5";"3";"7";"0";"2929";"188.";"1.0";"4.1";"94.";"2.";"0.00";"0.00";"0.00"
"2020";"5";"3";"7";"1";"2930";"224.";"1.5";"3.6";"95.";"2.";"0.00";"0.00";"0.00"
"2020";"5";"3";"7";"2";"2931";"222.";"1.8";"4.2";"95.";"3.";"0.00";"0.00";"0.00"
"2020";"5";"3";"7";"3";"2932";"197.";"1.6";"5.3";"96.";"6.";"0.00";"0.00";"0.00"
"2020";"5";"3";"7";"4";"2933";"193.";"1.5";"6.1";"96.";"5.";"0.00";"0.00";"0.00"
"2020";"5";"3";"7";"5";"2934";"264.";"1.6";"6.9";"94.";"3.";"57.93";"139.46";"36.11"
"2020";"5";"3";"7";"6";"2935";"278.";"2.9";"9.1";"90.";"3.";"175.58";"335.22";"77.99"
"2020";"5";"3";"7";"7";"2936";"278.";"3.2";"10.3";"79.";"5.";"234.63";"268.02";"121.75"
"2020";"5";"3";"7";"8";"2937";"281.";"3.9";"10.8";"72.";"2.";"459.87";"616.64";"128.27"
"2020";"5";"3";"7";"9";"2938";"282.";"3.8";"11.3";"67.";"2.";"555.36";"611.23";"168.49"
"2020";"5";"3";"7";"10";"2939";"284.";"4.4";"12.0";"63.";"2.";"630.38";"647.59";"176.91"
"2020";"5";"3";"7";"11";"2940";"285.";"4.7";"12.4";"61.";"3.";"610.47";"570.41";"191.17"
"2020";"5";"3";"7";"12";"2941";"284.";"5.3";"12.5";"59.";"0.";"788.54";"902.66";"125.01"
"2020";"5";"3";"7";"13";"2942";"287.";"4.9";"12.4";"57.";"0.";"740.17";"858.17";"139.24"
"2020";"5";"3";"7";"14";"2943";"285.";"5.7";"12.4";"53.";"1.";"617.64";"774.67";"127.33"
"2020";"5";"3";"7";"15";"2944";"282.";"4.6";"12.5";"51.";"0.";"550.61";"871.77";"81.83"
"2020";"5";"3";"7";"16";"2945";"281.";"4.6";"12.1";"50.";"0.";"414.55";"800.93";"77.24"
"2020";"5";"3";"7";"17";"2946";"277.";"3.9";"11.6";"51.";"1.";"233.81";"584.08";"63.77"
"2020";"5";"3";"7";"18";"2947";"269.";"3.5";"10.6";"62.";"0.";"90.33";"395.89";"28.37"
"2020";"5";"3";"7";"19";"2948";"246.";"2.7";"9.1";"71.";"0.";"0.00";"0.00";"0.00"
"2020";"5";"3";"7";"20";"2949";"240.";"3.6";"8.3";"79.";"0.";"0.00";"0.00";"0.00"
"2020";"5";"3";"7";"21";"2950";"242.";"4.0";"8.2";"83.";"1.";"0.00";"0.00";"0.00"
"2020";"5";"3";"7";"22";"2951";"243.";"3.0";"8.0";"85.";"4.";"0.00";"0.00";"0.00"
"2020";"5";"3";"7";"23";"2952";"253.";"2.5";"7.3";"86.";"4.";"0.00";"0.00";"0.00"
"2020";"5";"4";"1";"0";"2953";"258.";"2.2";"6.8";"86.";"5.";"0.00";"0.00";"0.00"
"2020";"5";"4";"1";"1";"2954";"259.";"2.8";"6.7";"87.";"4.";"0.00";"0.00";"0.00"
"2020";"5";"4";"1";"2";"2955";"277.";"2.6";"6.4";"91.";"4.";"0.00";"0.00";"0.00"
"2020";"5";"4";"1";"3";"2956";"295.";"2.2";"6.7";"92.";"7.";"0.00";"0.00";"0.00"
"2020";"5";"4";"1";"4";"2957";"301.";"2.3";"7.3";"90.";"7.";"0.00";"0.00";"0.00"
"2020";"5";"4";"1";"5";"2958";"331.";"2.0";"7.3";"88.";"6.";"43.16";"75.67";"30.98"
"2020";"5";"4";"1";"6";"2959";"329.";"2.9";"7.8";"83.";"5.";"140.99";"194.28";"83.61"
"2020";"5";"4";"1";"7";"2960";"339.";"3.5";"9.1";"72.";"4.";"271.46";"335.85";"128.66"
"2020";"5";"4";"1";"8";"2961";"333.";"3.9";"9.9";"66.";"4.";"370.86";"376.65";"166.87"
"2020";"5";"4";"1";"9";"2962";"327.";"3.5";"10.5";"61.";"6.";"340.51";"220.26";"200.29"
"2020";"5";"4";"1";"10";"2963";"327.";"3.4";"10.9";"59.";"7.";"302.26";"99.97";"231.90"
"2020";"5";"4";"1";"11";"2964";"328.";"3.3";"11.0";"58.";"2.";"675.12";"664.14";"184.56"
"2020";"5";"4";"1";"12";"2965";"338.";"3.5";"11.1";"56.";"5.";"619.03";"350.24";"360.34"
"2020";"5";"4";"1";"13";"2966";"348.";"4.0";"9.8";"61.";"5.";"564.93";"289.89";"360.89"
"2020";"5";"4";"1";"14";"2967";"13.";"4.2";"9.0";"68.";"6.";"236.69";"142.19";"146.17"
"2020";"5";"4";"1";"15";"2968";"13.";"4.2";"8.5";"69.";"8.";"164.55";"0.00";"164.55"
"2020";"5";"4";"1";"16";"2969";"18.";"3.9";"7.8";"69.";"8.";"75.24";"0.00";"75.24"
"2020";"5";"4";"1";"17";"2970";"5.";"3.6";"7.4";"68.";"8.";"155.81";"0.00";"155.81"
"2020";"5";"4";"1";"18";"2971";"2.";"3.0";"7.0";"67.";"8.";"62.01";"0.00";"62.01"
"2020";"5";"4";"1";"19";"2972";"341.";"3.2";"6.1";"73.";"5.";"0.00";"0.00";"0.00"
"2020";"5";"4";"1";"20";"2973";"344.";"2.7";"5.1";"82.";"3.";"0.00";"0.00";"0.00"
"2020";"5";"4";"1";"21";"2974";"356.";"1.7";"3.9";"86.";"2.";"0.00";"0.00";"0.00"
"2020";"5";"4";"1";"22";"2975";"357.";"1.8";"3.0";"89.";"0.";"0.00";"0.00";"0.00"
"2020";"5";"4";"1";"23";"2976";"24.";"1.6";"2.4";"91.";"0.";"0.00";"0.00";"0.00"
"2020";"5";"5";"2";"0";"2977";"20.";"1.3";"2.0";"91.";"5.";"0.00";"0.00";"0.00"
"2020";"5";"5";"2";"1";"2978";"351.";"1.4";"1.1";"90.";"2.";"0.00";"0.00";"0.00"
"2020";"5";"5";"2";"2";"2979";"2.";"1.7";"1.3";"89.";"3.";"0.00";"0.00";"0.00"
"2020";"5";"5";"2";"3";"2980";"350.";"1.8";"1.3";"87.";"4.";"0.00";"0.00";"0.00"
"2020";"5";"5";"2";"4";"2981";"343.";"1.9";"2.2";"87.";"3.";"0.00";"0.00";"0.00"
"2020";"5";"5";"2";"5";"2982";"14.";"2.6";"3.8";"83.";"0.";"101.48";"408.65";"33.96"
"2020";"5";"5";"2";"6";"2983";"32.";"3.6";"6.2";"73.";"0.";"254.87";"649.44";"60.39"
"2020";"5";"5";"2";"7";"2984";"29.";"3.9";"8.2";"63.";"0.";"412.46";"766.96";"83.35"
"2020";"5";"5";"2";"8";"2985";"18.";"4.0";"9.8";"55.";"0.";"556.85";"836.40";"100.73"
"2020";"5";"5";"2";"9";"2986";"6.";"4.2";"10.9";"48.";"1.";"642.53";"739.15";"169.29"
"2020";"5";"5";"2";"10";"2987";"359.";"4.7";"11.9";"43.";"2.";"632.22";"594.10";"211.97"
"2020";"5";"5";"2";"11";"2988";"1.";"4.6";"12.3";"38.";"3.";"701.72";"579.67";"271.54"
"2020";"5";"5";"2";"12";"2989";"360.";"4.6";"12.6";"39.";"4.";"543.74";"409.95";"239.51"
"2020";"5";"5";"2";"13";"2990";"347.";"4.5";"13.0";"39.";"3.";"584.62";"544.04";"199.78"
"2020";"5";"5";"2";"14";"2991";"347.";"4.5";"13.3";"38.";"1.";"634.67";"689.28";"193.35"
"2020";"5";"5";"2";"15";"2992";"332.";"5.3";"13.3";"39.";"1.";"533.82";"725.26";"138.30"
"2020";"5";"5";"2";"16";"2993";"325.";"5.5";"12.7";"41.";"2.";"375.25";"549.35";"139.52"
"2020";"5";"5";"2";"17";"2994";"329.";"4.5";"11.2";"42.";"0.";"257.69";"637.62";"66.74"
"2020";"5";"5";"2";"18";"2995";"323.";"4.1";"9.8";"46.";"7.";"72.31";"56.01";"63.06"
"2020";"5";"5";"2";"19";"2996";"320.";"4.2";"9.4";"53.";"8.";"0.00";"0.00";"0.00"
"2020";"5";"5";"2";"20";"2997";"314.";"2.9";"8.4";"63.";"8.";"0.00";"0.00";"0.00"
"2020";"5";"5";"2";"21";"2998";"298.";"1.8";"7.4";"68.";"8.";"0.00";"0.00";"0.00"
"2020";"5";"5";"2";"22";"2999";"275.";"1.3";"6.0";"72.";"6.";"0.00";"0.00";"0.00"
"2020";"5";"5";"2";"23";"3000";"252.";"1.4";"4.2";"77.";"1.";"0.00";"0.00";"0.00"
"2020";"5";"6";"3";"0";"3001";"236.";"1.6";"3.4";"82.";"0.";"0.00";"0.00";"0.00"
"2020";"5";"6";"3";"1";"3002";"236.";"2.0";"2.2";"86.";"2.";"0.00";"0.00";"0.00"
"2020";"5";"6";"3";"2";"3003";"234.";"1.8";"2.9";"89.";"3.";"0.00";"0.00";"0.00"
"2020";"5";"6";"3";"3";"3004";"242.";"2.1";"4.2";"89.";"3.";"0.00";"0.00";"0.00"
"2020";"5";"6";"3";"4";"3005";"251.";"2.0";"5.2";"88.";"2.";"0.00";"0.00";"0.00"
"2020";"5";"6";"3";"5";"3006";"269.";"3.1";"7.3";"83.";"0.";"94.48";"309.61";"42.00"
"2020";"5";"6";"3";"6";"3007";"270.";"3.9";"9.0";"74.";"0.";"240.55";"488.23";"92.37"
"2020";"5";"6";"3";"7";"3008";"273.";"4.1";"9.9";"68.";"3.";"311.56";"424.20";"127.90"
"2020";"5";"6";"3";"8";"3009";"281.";"3.6";"11.0";"61.";"3.";"424.18";"482.08";"159.50"
"2020";"5";"6";"3";"9";"3010";"296.";"4.4";"11.7";"55.";"3.";"573.29";"485.01";"261.03"
"2020";"5";"6";"3";"10";"3011";"298.";"5.6";"11.9";"51.";"1.";"711.91";"697.94";"215.80"
"2020";"5";"6";"3";"11";"3012";"293.";"5.6";"12.6";"47.";"1.";"749.41";"689.39";"235.47"
"2020";"5";"6";"3";"12";"3013";"286.";"6.2";"12.2";"49.";"1.";"723.24";"675.27";"219.82"
"2020";"5";"6";"3";"13";"3014";"284.";"7.0";"12.6";"51.";"1.";"709.89";"692.04";"217.97"
"2020";"5";"6";"3";"14";"3015";"286.";"6.8";"12.7";"52.";"0.";"652.29";"730.59";"181.93"
"2020";"5";"6";"3";"15";"3016";"286.";"6.3";"12.7";"55.";"0.";"540.31";"716.30";"147.03"
"2020";"5";"6";"3";"16";"3017";"283.";"6.4";"11.8";"62.";"1.";"366.31";"541.66";"131.79"
"2020";"5";"6";"3";"17";"3018";"282.";"5.8";"11.3";"67.";"1.";"225.00";"455.73";"86.68"
"2020";"5";"6";"3";"18";"3019";"283.";"4.9";"10.6";"72.";"0.";"92.81";"316.92";"39.09"
"2020";"5";"6";"3";"19";"3020";"280.";"3.3";"9.6";"79.";"0.";"0.00";"0.00";"0.00"
"2020";"5";"6";"3";"20";"3021";"273.";"2.7";"8.8";"83.";"1.";"0.00";"0.00";"0.00"
"2020";"5";"6";"3";"21";"3022";"296.";"2.5";"8.0";"85.";"4.";"0.00";"0.00";"0.00"
"2020";"5";"6";"3";"22";"3023";"291.";"3.2";"7.7";"86.";"7.";"0.00";"0.00";"0.00"
"2020";"5";"6";"3";"23";"3024";"293.";"3.2";"7.5";"86.";"8.";"0.00";"0.00";"0.00"
"2020";"5";"7";"4";"0";"3025";"303.";"2.3";"6.6";"87.";"7.";"0.00";"0.00";"0.00"
"2020";"5";"7";"4";"1";"3026";"304.";"2.4";"6.4";"86.";"6.";"0.00";"0.00";"0.00"
"2020";"5";"7";"4";"2";"3027";"314.";"1.9";"5.4";"86.";"1.";"0.00";"0.00";"0.00"
"2020";"5";"7";"4";"3";"3028";"341.";"1.4";"4.1";"87.";"1.";"0.00";"0.00";"0.00"
"2020";"5";"7";"4";"4";"3029";"8.";"1.8";"4.8";"86.";"2.";"0.00";"0.00";"0.00"
"2020";"5";"7";"4";"5";"3030";"25.";"2.3";"6.9";"78.";"1.";"94.92";"323.34";"38.77"
"2020";"5";"7";"4";"6";"3031";"42.";"2.7";"9.7";"68.";"0.";"257.68";"620.47";"66.88"
"2020";"5";"7";"4";"7";"3032";"51.";"2.4";"11.7";"60.";"0.";"414.47";"741.52";"90.60"
"2020";"5";"7";"4";"8";"3033";"41.";"1.4";"13.5";"52.";"4.";"454.71";"389.81";"239.28"
"2020";"5";"7";"4";"9";"3034";"279.";"0.7";"14.1";"48.";"7.";"482.38";"107.08";"413.07"
"2020";"5";"7";"4";"10";"3035";"269.";"2.7";"14.8";"46.";"7.";"312.01";"108.65";"234.42"
"2020";"5";"7";"4";"11";"3036";"268.";"4.1";"14.8";"48.";"4.";"526.58";"347.38";"266.44"
"2020";"5";"7";"4";"12";"3037";"278.";"4.4";"14.0";"51.";"6.";"606.34";"220.38";"441.31"
"2020";"5";"7";"4";"13";"3038";"284.";"4.8";"14.3";"48.";"4.";"620.46";"425.94";"316.25"
"2020";"5";"7";"4";"14";"3039";"286.";"4.4";"14.2";"46.";"6.";"497.99";"206.05";"364.62"
"2020";"5";"7";"4";"15";"3040";"285.";"4.0";"14.1";"43.";"1.";"541.89";"743.75";"130.85"
"2020";"5";"7";"4";"16";"3041";"293.";"3.8";"13.1";"46.";"1.";"399.79";"646.54";"117.41"
"2020";"5";"7";"4";"17";"3042";"294.";"3.6";"12.5";"49.";"0.";"262.69";"645.60";"64.17"
"2020";"5";"7";"4";"18";"3043";"285.";"4.8";"10.5";"65.";"0.";"97.50";"314.90";"42.81"
"2020";"5";"7";"4";"19";"3044";"282.";"3.8";"9.1";"75.";"1.";"0.00";"0.00";"0.00"
"2020";"5";"7";"4";"20";"3045";"264.";"3.2";"8.7";"76.";"6.";"0.00";"0.00";"0.00"
"2020";"5";"7";"4";"21";"3046";"256.";"4.1";"8.6";"73.";"8.";"0.00";"0.00";"0.00"
"2020";"5";"7";"4";"22";"3047";"241.";"3.6";"8.4";"72.";"8.";"0.00";"0.00";"0.00"
"2020";"5";"7";"4";"23";"3048";"228.";"3.5";"8.3";"76.";"8.";"0.00";"0.00";"0.00"
"2020";"5";"8";"5";"0";"3049";"230.";"4.2";"8.5";"80.";"8.";"0.00";"0.00";"0.00"
"2020";"5";"8";"5";"1";"3050";"239.";"4.0";"8.8";"83.";"8.";"0.00";"0.00";"0.00"
"2020";"5";"8";"5";"2";"3051";"253.";"4.2";"8.6";"83.";"8.";"0.00";"0.00";"0.00"
"2020";"5";"8";"5";"3";"3052";"265.";"4.7";"8.3";"81.";"8.";"0.00";"0.00";"0.00"
"2020";"5";"8";"5";"4";"3053";"268.";"5.1";"8.4";"82.";"8.";"0.00";"0.00";"0.00"
"2020";"5";"8";"5";"5";"3054";"267.";"5.4";"8.3";"80.";"7.";"40.11";"35.03";"33.88"
"2020";"5";"8";"5";"6";"3055";"267.";"5.0";"8.6";"80.";"8.";"75.20";"0.00";"75.20"
"2020";"5";"8";"5";"7";"3056";"269.";"5.2";"9.2";"78.";"8.";"120.09";"0.00";"120.09"
"2020";"5";"8";"5";"8";"3057";"263.";"4.7";"9.4";"77.";"8.";"160.58";"0.00";"160.58"
"2020";"5";"8";"5";"9";"3058";"263.";"5.5";"9.7";"75.";"7.";"260.42";"76.69";"210.52"
"2020";"5";"8";"5";"10";"3059";"258.";"5.6";"10.8";"71.";"7.";"295.13";"82.61";"235.85"
"2020";"5";"8";"5";"11";"3060";"261.";"5.1";"11.3";"70.";"6.";"386.10";"167.62";"260.03"
"2020";"5";"8";"5";"12";"3061";"272.";"5.7";"11.8";"66.";"8.";"231.88";"0.00";"231.88"
"2020";"5";"8";"5";"13";"3062";"277.";"5.5";"12.5";"61.";"2.";"623.93";"542.36";"234.79"
"2020";"5";"8";"5";"14";"3063";"284.";"5.1";"12.6";"60.";"2.";"575.95";"629.31";"166.47"
"2020";"5";"8";"5";"15";"3064";"285.";"4.8";"11.9";"62.";"3.";"419.32";"430.65";"179.79"
"2020";"5";"8";"5";"16";"3065";"282.";"5.1";"12.2";"60.";"2.";"347.56";"492.19";"130.76"
"2020";"5";"8";"5";"17";"3066";"279.";"4.0";"11.9";"62.";"0.";"254.43";"551.18";"82.79"
"2020";"5";"8";"5";"18";"3067";"271.";"4.0";"11.2";"67.";"0.";"102.78";"371.19";"36.79"
"2020";"5";"8";"5";"19";"3068";"263.";"3.5";"10.1";"75.";"0.";"0.00";"0.00";"0.00"
"2020";"5";"8";"5";"20";"3069";"258.";"3.2";"9.1";"82.";"0.";"0.00";"0.00";"0.00"
"2020";"5";"8";"5";"21";"3070";"253.";"3.0";"8.8";"82.";"0.";"0.00";"0.00";"0.00"
"2020";"5";"8";"5";"22";"3071";"259.";"2.9";"7.8";"86.";"0.";"0.00";"0.00";"0.00"
"2020";"5";"8";"5";"23";"3072";"272.";"2.4";"7.8";"88.";"0.";"0.00";"0.00";"0.00"
"2020";"5";"9";"6";"0";"3073";"281.";"1.7";"7.2";"89.";"7.";"0.00";"0.00";"0.00"
"2020";"5";"9";"6";"1";"3074";"278.";"2.0";"6.2";"90.";"8.";"0.00";"0.00";"0.00"
"2020";"5";"9";"6";"2";"3075";"269.";"1.8";"5.3";"91.";"6.";"0.00";"0.00";"0.00"
"2020";"5";"9";"6";"3";"3076";"273.";"2.3";"5.4";"91.";"2.";"0.00";"0.00";"0.00"
"2020";"5";"9";"6";"4";"3077";"267.";"1.7";"5.8";"91.";"2.";"0.00";"0.00";"0.00"
"2020";"5";"9";"6";"5";"3078";"263.";"1.9";"8.3";"88.";"4.";"73.66";"206.89";"36.05"
"2020";"5";"9";"6";"6";"3079";"271.";"2.3";"10.6";"76.";"4.";"181.44";"318.80";"80.94"
"2020";"5";"9";"6";"7";"3080";"270.";"2.5";"11.9";"66.";"4.";"343.55";"363.05";"182.32"
"2020";"5";"9";"6";"8";"3081";"272.";"2.6";"12.0";"61.";"6.";"413.27";"215.30";"292.77"
"2020";"5";"9";"6";"9";"3082";"263.";"3.2";"12.9";"58.";"5.";"527.82";"322.00";"317.23"
"2020";"5";"9";"6";"10";"3083";"266.";"3.6";"13.0";"56.";"6.";"553.83";"218.77";"396.16"
"2020";"5";"9";"6";"11";"3084";"266.";"3.8";"13.3";"55.";"1.";"770.91";"759.94";"196.96"
"2020";"5";"9";"6";"12";"3085";"266.";"3.9";"13.3";"55.";"0.";"807.44";"879.83";"142.93"
"2020";"5";"9";"6";"13";"3086";"258.";"3.9";"13.3";"54.";"1.";"726.10";"729.96";"199.99"
"2020";"5";"9";"6";"14";"3087";"252.";"3.7";"13.6";"51.";"3.";"596.56";"516.89";"258.51"
"2020";"5";"9";"6";"15";"3088";"243.";"3.5";"13.1";"57.";"5.";"444.20";"299.51";"276.57"
"2020";"5";"9";"6";"16";"3089";"252.";"3.1";"12.2";"57.";"7.";"284.29";"92.43";"243.24"
"2020";"5";"9";"6";"17";"3090";"263.";"2.7";"11.7";"57.";"7.";"180.88";"80.69";"155.44"
"2020";"5";"9";"6";"18";"3091";"257.";"1.8";"11.1";"62.";"8.";"68.89";"0.00";"68.89"
"2020";"5";"9";"6";"19";"3092";"245.";"1.3";"10.1";"66.";"4.";"0.00";"0.00";"0.00"
"2020";"5";"9";"6";"20";"3093";"167.";"1.0";"8.6";"74.";"2.";"0.00";"0.00";"0.00"
"2020";"5";"9";"6";"21";"3094";"179.";"1.8";"7.9";"82.";"3.";"0.00";"0.00";"0.00"
"2020";"5";"9";"6";"22";"3095";"180.";"1.9";"7.6";"86.";"3.";"0.00";"0.00";"0.00"
"2020";"5";"9";"6";"23";"3096";"193.";"1.9";"7.5";"89.";"5.";"0.00";"0.00";"0.00"
"2020";"5";"10";"7";"0";"3097";"175.";"1.5";"7.4";"92.";"8.";"0.00";"0.00";"0.00"
"2020";"5";"10";"7";"1";"3098";"160.";"2.2";"7.9";"91.";"6.";"0.00";"0.00";"0.00"
"2020";"5";"10";"7";"2";"3099";"166.";"2.7";"8.3";"89.";"8.";"0.00";"0.00";"0.00"
"2020";"5";"10";"7";"3";"3100";"164.";"2.9";"9.0";"86.";"8.";"0.00";"0.00";"0.00"
"2020";"5";"10";"7";"4";"3101";"165.";"3.7";"9.4";"86.";"8.";"0.00";"0.00";"0.00"
"2020";"5";"10";"7";"5";"3102";"180.";"3.9";"10.4";"89.";"8.";"29.67";"0.00";"29.67"
"2020";"5";"10";"7";"6";"3103";"210.";"4.5";"11.8";"87.";"8.";"70.08";"0.00";"70.08"
"2020";"5";"10";"7";"7";"3104";"225.";"4.8";"12.7";"80.";"8.";"117.45";"0.00";"117.45"
"2020";"5";"10";"7";"8";"3105";"230.";"4.6";"13.2";"74.";"8.";"169.65";"0.00";"169.65"
"2020";"5";"10";"7";"9";"3106";"241.";"4.8";"12.0";"79.";"8.";"195.93";"0.00";"195.93"
"2020";"5";"10";"7";"10";"3107";"250.";"4.7";"10.7";"89.";"8.";"120.93";"0.00";"120.93"
"2020";"5";"10";"7";"11";"3108";"255.";"4.8";"10.0";"92.";"8.";"132.07";"0.00";"132.07"
"2020";"5";"10";"7";"12";"3109";"254.";"4.9";"9.3";"89.";"8.";"138.40";"0.00";"138.40"
"2020";"5";"10";"7";"13";"3110";"270.";"4.5";"9.1";"89.";"8.";"131.23";"0.00";"131.23"
"2020";"5";"10";"7";"14";"3111";"300.";"3.7";"8.8";"87.";"8.";"119.65";"0.00";"119.65"
"2020";"5";"10";"7";"15";"3112";"300.";"4.0";"8.3";"85.";"8.";"180.59";"0.00";"180.59"
"2020";"5";"10";"7";"16";"3113";"305.";"3.6";"7.7";"83.";"8.";"135.77";"0.00";"135.77"
"2020";"5";"10";"7";"17";"3114";"311.";"3.6";"7.4";"79.";"8.";"86.58";"0.00";"86.58"
"2020";"5";"10";"7";"18";"3115";"312.";"3.8";"7.5";"75.";"8.";"75.33";"0.00";"75.33"
"2020";"5";"10";"7";"19";"3116";"303.";"3.4";"6.9";"75.";"6.";"0.00";"0.00";"0.00"
"2020";"5";"10";"7";"20";"3117";"342.";"2.1";"6.1";"79.";"7.";"0.00";"0.00";"0.00"
"2020";"5";"10";"7";"21";"3118";"20.";"4.6";"5.1";"75.";"7.";"0.00";"0.00";"0.00"
"2020";"5";"10";"7";"22";"3119";"21.";"4.8";"3.9";"77.";"5.";"0.00";"0.00";"0.00"
"2020";"5";"10";"7";"23";"3120";"20.";"4.8";"3.0";"78.";"2.";"0.00";"0.00";"0.00"
"2020";"5";"11";"1";"0";"3121";"16.";"4.4";"2.3";"78.";"0.";"0.00";"0.00";"0.00"
"2020";"5";"11";"1";"1";"3122";"3.";"3.7";"1.7";"79.";"1.";"0.00";"0.00";"0.00"
"2020";"5";"11";"1";"2";"3123";"9.";"3.3";"1.3";"77.";"0.";"0.00";"0.00";"0.00"
"2020";"5";"11";"1";"3";"3124";"10.";"3.2";"1.1";"76.";"0.";"0.00";"0.00";"0.00"
"2020";"5";"11";"1";"4";"3125";"12.";"3.6";"1.5";"69.";"0.";"10.91";"94.70";"5.12"
"2020";"5";"11";"1";"5";"3126";"9.";"4.5";"2.7";"58.";"0.";"136.83";"524.93";"37.29"
"2020";"5";"11";"1";"6";"3127";"11.";"4.6";"4.1";"49.";"0.";"293.03";"710.02";"63.93"
"2020";"5";"11";"1";"7";"3128";"7.";"4.7";"5.0";"44.";"0.";"448.11";"794.60";"89.61"
"2020";"5";"11";"1";"8";"3129";"4.";"4.4";"6.1";"39.";"0.";"587.16";"828.76";"117.77"
"2020";"5";"11";"1";"9";"3130";"349.";"4.3";"7.2";"36.";"1.";"670.37";"739.38";"182.04"
"2020";"5";"11";"1";"10";"3131";"341.";"4.4";"8.0";"33.";"2.";"715.75";"653.15";"240.93"
"2020";"5";"11";"1";"11";"3132";"327.";"4.9";"8.8";"32.";"2.";"761.90";"693.81";"233.63"
"2020";"5";"11";"1";"12";"3133";"318.";"5.8";"9.4";"32.";"2.";"753.83";"658.72";"252.28"
"2020";"5";"11";"1";"13";"3134";"314.";"6.4";"9.4";"34.";"4.";"633.79";"406.30";"338.43"
"2020";"5";"11";"1";"14";"3135";"314.";"6.3";"9.3";"33.";"4.";"490.94";"461.28";"186.28"
"2020";"5";"11";"1";"15";"3136";"310.";"6.0";"9.2";"33.";"1.";"546.38";"738.24";"128.26"
"2020";"5";"11";"1";"16";"3137";"308.";"5.5";"8.6";"37.";"0.";"451.38";"833.43";"75.36"
"2020";"5";"11";"1";"17";"3138";"305.";"5.4";"7.8";"43.";"0.";"291.03";"704.19";"63.82"
"2020";"5";"11";"1";"18";"3139";"302.";"4.7";"7.1";"47.";"0.";"137.93";"519.44";"39.43"
"2020";"5";"11";"1";"19";"3140";"293.";"3.2";"6.2";"51.";"0.";"10.27";"89.19";"4.82"
"2020";"5";"11";"1";"20";"3141";"273.";"1.6";"4.5";"58.";"0.";"0.00";"0.00";"0.00"
"2020";"5";"11";"1";"21";"3142";"252.";"1.4";"3.0";"65.";"0.";"0.00";"0.00";"0.00"
"2020";"5";"11";"1";"22";"3143";"244.";"1.7";"3.2";"68.";"0.";"0.00";"0.00";"0.00"
"2020";"5";"11";"1";"23";"3144";"246.";"2.3";"2.7";"72.";"0.";"0.00";"0.00";"0.00"
"2020";"5";"12";"2";"0";"3145";"243.";"2.3";"2.7";"73.";"1.";"0.00";"0.00";"0.00"
"2020";"5";"12";"2";"1";"3146";"291.";"1.8";"2.2";"75.";"0.";"0.00";"0.00";"0.00"
"2020";"5";"12";"2";"2";"3147";"284.";"1.5";"2.6";"75.";"3.";"0.00";"0.00";"0.00"
"2020";"5";"12";"2";"3";"3148";"258.";"1.5";"2.8";"75.";"5.";"0.00";"0.00";"0.00"
"2020";"5";"12";"2";"4";"3149";"274.";"3.5";"3.8";"74.";"4.";"5.76";"34.64";"3.51"
"2020";"5";"12";"2";"5";"3150";"283.";"4.0";"5.9";"64.";"5.";"78.23";"158.88";"47.50"
"2020";"5";"12";"2";"6";"3151";"277.";"5.6";"7.5";"54.";"2.";"263.89";"500.26";"100.67"
"2020";"5";"12";"2";"7";"3152";"276.";"6.6";"7.9";"55.";"3.";"341.68";"471.29";"127.44"
"2020";"5";"12";"2";"8";"3153";"275.";"7.2";"7.7";"60.";"6.";"290.09";"183.33";"185.66"
"2020";"5";"12";"2";"9";"3154";"272.";"6.4";"7.6";"59.";"7.";"277.31";"89.49";"217.93"
"2020";"5";"12";"2";"10";"3155";"275.";"6.3";"8.4";"59.";"8.";"235.76";"0.00";"235.76"
"2020";"5";"12";"2";"11";"3156";"281.";"6.9";"8.3";"55.";"8.";"504.98";"0.00";"504.98"
"2020";"5";"12";"2";"12";"3157";"277.";"7.0";"7.9";"47.";"7.";"339.76";"110.17";"255.55"
"2020";"5";"12";"2";"13";"3158";"275.";"7.7";"8.6";"39.";"8.";"236.76";"0.00";"236.76"
"2020";"5";"12";"2";"14";"3159";"276.";"7.0";"9.1";"35.";"8.";"454.22";"0.00";"454.22"
"2020";"5";"12";"2";"15";"3160";"279.";"7.4";"9.0";"33.";"7.";"411.08";"92.46";"358.41"
"2020";"5";"12";"2";"16";"3161";"282.";"6.1";"6.1";"48.";"8.";"176.03";"0.00";"176.03"
"2020";"5";"12";"2";"17";"3162";"289.";"5.7";"8.3";"45.";"6.";"209.73";"163.95";"156.24"
"2020";"5";"12";"2";"18";"3163";"295.";"5.3";"6.9";"43.";"4.";"99.36";"267.01";"47.71"
"2020";"5";"12";"2";"19";"3164";"292.";"4.3";"5.6";"47.";"4.";"13.39";"66.13";"9.08"
"2020";"5";"12";"2";"20";"3165";"300.";"3.6";"4.8";"48.";"5.";"0.00";"0.00";"0.00"
"2020";"5";"12";"2";"21";"3166";"325.";"4.1";"3.9";"57.";"4.";"0.00";"0.00";"0.00"
"2020";"5";"12";"2";"22";"3167";"328.";"3.4";"3.0";"63.";"0.";"0.00";"0.00";"0.00"
"2020";"5";"12";"2";"23";"3168";"320.";"4.0";"3.6";"68.";"8.";"0.00";"0.00";"0.00"
"2020";"5";"13";"3";"0";"3169";"298.";"1.9";"3.8";"68.";"8.";"0.00";"0.00";"0.00"
"2020";"5";"13";"3";"1";"3170";"349.";"1.5";"2.6";"68.";"3.";"0.00";"0.00";"0.00"
"2020";"5";"13";"3";"2";"3171";"357.";"2.2";"0.8";"72.";"0.";"0.00";"0.00";"0.00"
"2020";"5";"13";"3";"3";"3172";"10.";"1.6";"-0.5";"79.";"1.";"0.00";"0.00";"0.00"
"2020";"5";"13";"3";"4";"3173";"348.";"2.1";"0.1";"77.";"0.";"16.11";"113.98";"8.24"
"2020";"5";"13";"3";"5";"3174";"353.";"2.5";"3.2";"62.";"1.";"132.82";"461.33";"41.88"
"2020";"5";"13";"3";"6";"3175";"2.";"2.7";"4.8";"49.";"0.";"295.78";"657.76";"78.86"
"2020";"5";"13";"3";"7";"3176";"342.";"3.1";"6.2";"41.";"0.";"452.87";"771.70";"99.51"
"2020";"5";"13";"3";"8";"3177";"321.";"4.5";"7.4";"36.";"0.";"586.86";"778.95";"140.70"
"2020";"5";"13";"3";"9";"3178";"312.";"4.8";"8.6";"36.";"0.";"703.57";"829.68";"150.53"
"2020";"5";"13";"3";"10";"3179";"311.";"5.5";"9.2";"37.";"1.";"744.73";"713.45";"221.85"
"2020";"5";"13";"3";"11";"3180";"309.";"5.7";"9.3";"38.";"1.";"766.39";"748.64";"192.01"
"2020";"5";"13";"3";"12";"3181";"308.";"5.8";"9.8";"37.";"1.";"796.68";"778.81";"199.15"
"2020";"5";"13";"3";"13";"3182";"305.";"6.0";"9.7";"37.";"0.";"792.81";"898.14";"134.57"
"2020";"5";"13";"3";"14";"3183";"305.";"5.9";"9.7";"36.";"1.";"679.75";"765.05";"169.79"
"2020";"5";"13";"3";"15";"3184";"301.";"5.4";"9.5";"36.";"1.";"571.63";"753.74";"139.90"
"2020";"5";"13";"3";"16";"3185";"295.";"4.7";"9.3";"35.";"0.";"457.57";"819.41";"82.36"
"2020";"5";"13";"3";"17";"3186";"291.";"3.9";"8.9";"34.";"0.";"298.80";"681.80";"73.95"
"2020";"5";"13";"3";"18";"3187";"293.";"3.4";"8.1";"37.";"0.";"142.75";"478.73";"48.38"
"2020";"5";"13";"3";"19";"3188";"303.";"2.4";"6.6";"43.";"0.";"19.40";"155.12";"8.69"
"2020";"5";"13";"3";"20";"3189";"290.";"1.3";"3.9";"55.";"0.";"0.00";"0.00";"0.00"
"2020";"5";"13";"3";"21";"3190";"183.";"0.6";"2.3";"63.";"0.";"0.00";"0.00";"0.00"
"2020";"5";"13";"3";"22";"3191";"224.";"2.0";"2.2";"67.";"5.";"0.00";"0.00";"0.00"
"2020";"5";"13";"3";"23";"3192";"228.";"2.1";"2.5";"67.";"0.";"0.00";"0.00";"0.00"
"2020";"5";"14";"4";"0";"3193";"211.";"2.1";"2.2";"68.";"1.";"0.00";"0.00";"0.00"
"2020";"5";"14";"4";"1";"3194";"195.";"2.3";"2.0";"78.";"1.";"0.00";"0.00";"0.00"
"2020";"5";"14";"4";"2";"3195";"181.";"0.9";"1.9";"82.";"1.";"0.00";"0.00";"0.00"
"2020";"5";"14";"4";"3";"3196";"216.";"0.9";"2.1";"83.";"1.";"0.00";"0.00";"0.00"
"2020";"5";"14";"4";"4";"3197";"302.";"2.1";"3.2";"78.";"2.";"12.17";"81.79";"6.21"
"2020";"5";"14";"4";"5";"3198";"318.";"3.2";"4.4";"70.";"3.";"106.84";"272.41";"52.15"
"2020";"5";"14";"4";"6";"3199";"317.";"4.9";"7.3";"60.";"1.";"273.57";"581.65";"79.75"
"2020";"5";"14";"4";"7";"3200";"309.";"5.9";"8.0";"50.";"1.";"411.23";"607.91";"130.88"
"2020";"5";"14";"4";"8";"3201";"305.";"6.3";"8.3";"46.";"0.";"582.59";"751.30";"149.94"
"2020";"5";"14";"4";"9";"3202";"298.";"6.0";"8.4";"43.";"0.";"685.25";"721.65";"202.08"
"2020";"5";"14";"4";"10";"3203";"292.";"6.4";"9.1";"41.";"0.";"784.56";"839.02";"167.25"
"2020";"5";"14";"4";"11";"3204";"287.";"6.7";"9.9";"41.";"0.";"812.13";"780.04";"211.48"
"2020";"5";"14";"4";"12";"3205";"283.";"6.5";"9.8";"50.";"2.";"709.95";"673.34";"191.46"
"2020";"5";"14";"4";"13";"3206";"280.";"6.7";"9.8";"57.";"6.";"383.80";"178.44";"252.51"
"2020";"5";"14";"4";"14";"3207";"280.";"7.6";"10.0";"61.";"8.";"204.24";"0.00";"204.24"
"2020";"5";"14";"4";"15";"3208";"276.";"8.2";"9.7";"61.";"8.";"174.09";"0.00";"174.09"
"2020";"5";"14";"4";"16";"3209";"269.";"8.7";"9.4";"61.";"8.";"132.77";"0.00";"132.77"
"2020";"5";"14";"4";"17";"3210";"267.";"8.1";"9.1";"64.";"8.";"84.94";"0.00";"84.94"
"2020";"5";"14";"4";"18";"3211";"266.";"7.8";"8.8";"66.";"8.";"39.98";"0.00";"39.98"
"2020";"5";"14";"4";"19";"3212";"264.";"7.6";"8.7";"71.";"8.";"1.68";"0.00";"1.68"
"2020";"5";"14";"4";"20";"3213";"262.";"7.3";"8.3";"73.";"7.";"0.00";"0.00";"0.00"
"2020";"5";"14";"4";"21";"3214";"261.";"7.2";"8.3";"74.";"8.";"0.00";"0.00";"0.00"
"2020";"5";"14";"4";"22";"3215";"267.";"6.9";"8.3";"73.";"8.";"0.00";"0.00";"0.00"
"2020";"5";"14";"4";"23";"3216";"266.";"5.9";"8.1";"75.";"8.";"0.00";"0.00";"0.00"
"2020";"5";"15";"5";"0";"3217";"263.";"5.4";"8.1";"75.";"8.";"0.00";"0.00";"0.00"
"2020";"5";"15";"5";"1";"3218";"264.";"5.0";"8.0";"79.";"8.";"0.00";"0.00";"0.00"
"2020";"5";"15";"5";"2";"3219";"260.";"4.6";"7.9";"81.";"8.";"0.00";"0.00";"0.00"
"2020";"5";"15";"5";"3";"3220";"264.";"4.3";"7.8";"78.";"7.";"0.00";"0.00";"0.00"
"2020";"5";"15";"5";"4";"3221";"268.";"4.8";"7.6";"74.";"8.";"3.02";"0.00";"3.02"
"2020";"5";"15";"5";"5";"3222";"266.";"4.8";"7.7";"73.";"7.";"56.59";"57.06";"44.93"
"2020";"5";"15";"5";"6";"3223";"269.";"4.6";"7.7";"71.";"8.";"88.90";"0.00";"88.90"
"2020";"5";"15";"5";"7";"3224";"270.";"4.7";"8.3";"68.";"5.";"270.18";"284.30";"138.17"
"2020";"5";"15";"5";"8";"3225";"270.";"4.9";"9.5";"64.";"3.";"456.50";"516.22";"157.68"
"2020";"5";"15";"5";"9";"3226";"273.";"5.7";"10.4";"58.";"4.";"475.77";"381.46";"219.28"
"2020";"5";"15";"5";"10";"3227";"276.";"6.2";"10.8";"60.";"4.";"539.46";"425.40";"225.29"
"2020";"5";"15";"5";"11";"3228";"278.";"6.1";"11.0";"63.";"6.";"400.69";"172.52";"267.37"
"2020";"5";"15";"5";"12";"3229";"277.";"6.7";"11.4";"63.";"8.";"245.51";"0.00";"245.51"
"2020";"5";"15";"5";"13";"3230";"277.";"5.9";"11.4";"60.";"8.";"237.67";"0.00";"237.67"
"2020";"5";"15";"5";"14";"3231";"273.";"7.7";"12.1";"57.";"4.";"467.95";"356.39";"228.31"
"2020";"5";"15";"5";"15";"3232";"278.";"8.4";"11.9";"56.";"5.";"340.15";"250.80";"194.97"
"2020";"5";"15";"5";"16";"3233";"278.";"8.6";"10.9";"63.";"3.";"372.32";"387.19";"192.53"
"2020";"5";"15";"5";"17";"3234";"273.";"9.7";"10.2";"69.";"2.";"231.33";"349.81";"113.59"
"2020";"5";"15";"5";"18";"3235";"273.";"8.6";"9.3";"73.";"6.";"64.98";"86.73";"47.26"
"2020";"5";"15";"5";"19";"3236";"270.";"8.3";"9.1";"75.";"8.";"1.73";"0.00";"1.73"
"2020";"5";"15";"5";"20";"3237";"269.";"8.1";"8.7";"76.";"7.";"0.00";"0.00";"0.00"
"2020";"5";"15";"5";"21";"3238";"269.";"8.1";"8.7";"77.";"8.";"0.00";"0.00";"0.00"
"2020";"5";"15";"5";"22";"3239";"272.";"7.3";"8.6";"79.";"8.";"0.00";"0.00";"0.00"
"2020";"5";"15";"5";"23";"3240";"275.";"6.7";"8.3";"79.";"6.";"0.00";"0.00";"0.00"
"2020";"5";"16";"6";"0";"3241";"277.";"6.0";"8.0";"81.";"6.";"0.00";"0.00";"0.00"
"2020";"5";"16";"6";"1";"3242";"278.";"6.8";"8.0";"76.";"7.";"0.00";"0.00";"0.00"
"2020";"5";"16";"6";"2";"3243";"274.";"8.0";"7.8";"73.";"8.";"0.00";"0.00";"0.00"
"2020";"5";"16";"6";"3";"3244";"274.";"8.0";"7.8";"72.";"8.";"0.00";"0.00";"0.00"
"2020";"5";"16";"6";"4";"3245";"273.";"9.1";"8.0";"73.";"8.";"3.77";"0.00";"3.77"
"2020";"5";"16";"6";"5";"3246";"277.";"8.4";"7.9";"68.";"8.";"43.69";"0.00";"43.69"
"2020";"5";"16";"6";"6";"3247";"281.";"7.7";"8.2";"67.";"7.";"120.66";"75.92";"94.86"
"2020";"5";"16";"6";"7";"3248";"283.";"7.7";"8.5";"63.";"8.";"137.38";"0.00";"137.38"
"2020";"5";"16";"6";"8";"3249";"281.";"7.9";"8.6";"63.";"8.";"182.22";"0.00";"182.22"
"2020";"5";"16";"6";"9";"3250";"280.";"8.0";"9.3";"58.";"8.";"217.78";"0.00";"217.78"
"2020";"5";"16";"6";"10";"3251";"282.";"8.6";"9.5";"54.";"8.";"236.99";"0.00";"236.99"
"2020";"5";"16";"6";"11";"3252";"281.";"8.4";"10.0";"52.";"6.";"422.71";"214.45";"256.43"
"2020";"5";"16";"6";"12";"3253";"277.";"8.4";"9.8";"51.";"7.";"340.59";"105.57";"258.73"
"2020";"5";"16";"6";"13";"3254";"270.";"9.3";"10.2";"51.";"5.";"469.72";"303.09";"245.07"
"2020";"5";"16";"6";"14";"3255";"274.";"8.9";"10.1";"53.";"5.";"417.17";"283.10";"226.02"
"2020";"5";"16";"6";"15";"3256";"274.";"9.1";"9.6";"55.";"6.";"288.63";"161.03";"194.95"
"2020";"5";"16";"6";"16";"3257";"275.";"9.1";"9.4";"58.";"5.";"261.87";"230.89";"153.95"
"2020";"5";"16";"6";"17";"3258";"274.";"9.4";"8.9";"59.";"5.";"170.52";"187.44";"106.82"
"2020";"5";"16";"6";"18";"3259";"274.";"9.3";"8.3";"63.";"7.";"56.05";"44.60";"46.78"
"2020";"5";"16";"6";"19";"3260";"272.";"8.0";"7.9";"66.";"6.";"7.70";"21.65";"5.97"
"2020";"5";"16";"6";"20";"3261";"272.";"8.4";"7.6";"67.";"5.";"0.00";"0.00";"0.00"
"2020";"5";"16";"6";"21";"3262";"269.";"8.0";"7.5";"69.";"8.";"0.00";"0.00";"0.00"
"2020";"5";"16";"6";"22";"3263";"272.";"8.4";"7.3";"70.";"8.";"0.00";"0.00";"0.00"
"2020";"5";"16";"6";"23";"3264";"274.";"8.4";"7.2";"69.";"7.";"0.00";"0.00";"0.00"
"2020";"5";"17";"7";"0";"3265";"279.";"7.8";"7.1";"72.";"5.";"0.00";"0.00";"0.00"
"2020";"5";"17";"7";"1";"3266";"279.";"8.2";"7.0";"72.";"8.";"0.00";"0.00";"0.00"
"2020";"5";"17";"7";"2";"3267";"280.";"7.6";"7.1";"72.";"5.";"0.00";"0.00";"0.00"
"2020";"5";"17";"7";"3";"3268";"280.";"8.3";"7.2";"73.";"6.";"0.00";"0.00";"0.00"
"2020";"5";"17";"7";"4";"3269";"280.";"8.0";"7.4";"70.";"8.";"10.79";"0.00";"10.79"
"2020";"5";"17";"7";"5";"3270";"281.";"8.5";"8.0";"69.";"7.";"57.90";"49.05";"47.55"
"2020";"5";"17";"7";"6";"3271";"285.";"7.7";"8.4";"68.";"6.";"147.25";"135.12";"100.90"
"2020";"5";"17";"7";"7";"3272";"282.";"8.1";"8.8";"65.";"8.";"136.11";"0.00";"136.11"
"2020";"5";"17";"7";"8";"3273";"282.";"8.2";"9.0";"62.";"8.";"174.66";"0.00";"174.66"
"2020";"5";"17";"7";"9";"3274";"280.";"8.7";"9.4";"63.";"8.";"209.32";"0.00";"209.32"
"2020";"5";"17";"7";"10";"3275";"277.";"9.0";"10.3";"61.";"8.";"232.53";"0.00";"232.53"
"2020";"5";"17";"7";"11";"3276";"279.";"7.8";"10.5";"61.";"8.";"247.84";"0.00";"247.84"
"2020";"5";"17";"7";"12";"3277";"278.";"8.0";"10.9";"60.";"8.";"247.60";"0.00";"247.60"
"2020";"5";"17";"7";"13";"3278";"280.";"8.9";"10.6";"59.";"7.";"514.86";"92.01";"446.42"
"2020";"5";"17";"7";"14";"3279";"281.";"7.9";"10.3";"63.";"6.";"342.38";"163.28";"231.69"
"2020";"5";"17";"7";"15";"3280";"276.";"8.0";"10.3";"63.";"8.";"175.26";"0.00";"175.26"
"2020";"5";"17";"7";"16";"3281";"276.";"8.0";"9.7";"67.";"8.";"132.79";"0.00";"132.79"
"2020";"5";"17";"7";"17";"3282";"274.";"7.5";"9.2";"70.";"8.";"174.10";"0.00";"174.10"
"2020";"5";"17";"7";"18";"3283";"275.";"7.6";"9.0";"72.";"5.";"104.01";"128.38";"76.90"
"2020";"5";"17";"7";"19";"3284";"276.";"7.4";"8.5";"74.";"5.";"7.90";"25.83";"5.74"
"2020";"5";"17";"7";"20";"3285";"276.";"6.0";"8.0";"77.";"3.";"0.00";"0.00";"0.00"
"2020";"5";"17";"7";"21";"3286";"278.";"5.2";"7.9";"80.";"2.";"0.00";"0.00";"0.00"
"2020";"5";"17";"7";"22";"3287";"282.";"5.3";"7.9";"79.";"0.";"0.00";"0.00";"0.00"
"2020";"5";"17";"7";"23";"3288";"287.";"4.9";"7.9";"77.";"0.";"0.00";"0.00";"0.00"
"2020";"5";"18";"1";"0";"3289";"289.";"4.8";"7.6";"76.";"0.";"0.00";"0.00";"0.00"
"2020";"5";"18";"1";"1";"3290";"294.";"4.5";"7.3";"74.";"1.";"0.00";"0.00";"0.00"
"2020";"5";"18";"1";"2";"3291";"294.";"4.1";"6.9";"75.";"0.";"0.00";"0.00";"0.00"
"2020";"5";"18";"1";"3";"3292";"292.";"3.4";"6.4";"76.";"0.";"0.00";"0.00";"0.00"
"2020";"5";"18";"1";"4";"3293";"290.";"2.4";"6.6";"76.";"0.";"20.03";"121.36";"9.44"
"2020";"5";"18";"1";"5";"3294";"288.";"3.2";"8.7";"68.";"0.";"145.21";"418.82";"55.38"
"2020";"5";"18";"1";"6";"3295";"283.";"3.3";"10.0";"60.";"1.";"279.81";"546.32";"90.69"
"2020";"5";"18";"1";"7";"3296";"277.";"2.7";"10.4";"56.";"0.";"453.59";"707.79";"118.54"
"2020";"5";"18";"1";"8";"3297";"267.";"2.8";"10.9";"54.";"7.";"398.16";"95.56";"342.02"
"2020";"5";"18";"1";"9";"3298";"259.";"3.3";"11.1";"52.";"7.";"483.41";"104.57";"412.25"
"2020";"5";"18";"1";"10";"3299";"263.";"3.3";"11.5";"51.";"8.";"494.02";"0.00";"494.02"
"2020";"5";"18";"1";"11";"3300";"261.";"3.4";"11.8";"51.";"7.";"569.04";"101.62";"489.72"
"2020";"5";"18";"1";"12";"3301";"258.";"3.3";"12.2";"50.";"6.";"595.15";"200.31";"438.81"
"2020";"5";"18";"1";"13";"3302";"260.";"3.2";"12.4";"52.";"7.";"534.68";"108.91";"453.39"
"2020";"5";"18";"1";"14";"3303";"265.";"3.2";"12.4";"54.";"7.";"494.36";"96.80";"428.48"
"2020";"5";"18";"1";"15";"3304";"256.";"2.7";"11.7";"55.";"5.";"357.28";"293.82";"184.68"
"2020";"5";"18";"1";"16";"3305";"259.";"2.4";"11.1";"57.";"5.";"354.00";"282.01";"220.50"
"2020";"5";"18";"1";"17";"3306";"249.";"2.3";"10.4";"61.";"7.";"122.26";"73.88";"96.68"
"2020";"5";"18";"1";"18";"3307";"236.";"2.2";"9.8";"64.";"8.";"92.65";"0.00";"92.65"
"2020";"5";"18";"1";"19";"3308";"257.";"2.0";"9.3";"68.";"8.";"11.03";"0.00";"11.03"
"2020";"5";"18";"1";"20";"3309";"275.";"1.7";"8.7";"74.";"8.";"0.00";"0.00";"0.00"
"2020";"5";"18";"1";"21";"3310";"238.";"1.3";"8.5";"73.";"8.";"0.00";"0.00";"0.00"
"2020";"5";"18";"1";"22";"3311";"210.";"1.1";"8.5";"75.";"8.";"0.00";"0.00";"0.00"
"2020";"5";"18";"1";"23";"3312";"226.";"1.6";"8.4";"82.";"8.";"0.00";"0.00";"0.00"
"2020";"5";"19";"2";"0";"3313";"223.";"1.9";"8.1";"89.";"8.";"0.00";"0.00";"0.00"
"2020";"5";"19";"2";"1";"3314";"234.";"1.4";"7.5";"89.";"8.";"0.00";"0.00";"0.00"
"2020";"5";"19";"2";"2";"3315";"149.";"0.6";"7.0";"91.";"8.";"0.00";"0.00";"0.00"
"2020";"5";"19";"2";"3";"3316";"126.";"0.9";"6.9";"93.";"8.";"0.00";"0.00";"0.00"
"2020";"5";"19";"2";"4";"3317";"252.";"0.7";"7.1";"93.";"8.";"3.85";"0.00";"3.85"
"2020";"5";"19";"2";"5";"3318";"259.";"2.0";"7.4";"93.";"8.";"41.02";"0.00";"41.02"
"2020";"5";"19";"2";"6";"3319";"261.";"2.9";"7.7";"95.";"8.";"43.87";"0.00";"43.87"
"2020";"5";"19";"2";"7";"3320";"269.";"3.4";"8.3";"94.";"8.";"131.40";"0.00";"131.40"
"2020";"5";"19";"2";"8";"3321";"280.";"3.4";"8.9";"86.";"7.";"236.02";"84.84";"185.95"
"2020";"5";"19";"2";"9";"3322";"295.";"2.2";"10.1";"77.";"6.";"359.40";"204.80";"219.50"
"2020";"5";"19";"2";"10";"3323";"304.";"2.1";"10.8";"71.";"3.";"603.28";"500.77";"228.27"
"2020";"5";"19";"2";"11";"3324";"298.";"2.6";"10.3";"73.";"3.";"651.69";"574.75";"201.71"
"2020";"5";"19";"2";"12";"3325";"295.";"3.9";"12.2";"67.";"1.";"773.54";"764.28";"175.17"
"2020";"5";"19";"2";"13";"3326";"297.";"4.5";"12.9";"62.";"2.";"666.15";"605.55";"212.66"
"2020";"5";"19";"2";"14";"3327";"302.";"5.2";"13.0";"56.";"2.";"605.00";"618.57";"182.45"
"2020";"5";"19";"2";"15";"3328";"300.";"5.9";"12.8";"54.";"1.";"545.62";"643.47";"165.89"
"2020";"5";"19";"2";"16";"3329";"298.";"5.8";"12.3";"52.";"0.";"462.61";"763.54";"98.99"
"2020";"5";"19";"2";"17";"3330";"300.";"5.0";"12.0";"52.";"0.";"309.88";"677.41";"73.33"
"2020";"5";"19";"2";"18";"3331";"300.";"3.9";"11.4";"59.";"0.";"152.19";"490.12";"45.50"
"2020";"5";"19";"2";"19";"3332";"301.";"2.9";"10.2";"68.";"0.";"18.85";"116.98";"8.24"
"2020";"5";"19";"2";"20";"3333";"307.";"1.8";"8.7";"77.";"0.";"0.00";"0.00";"0.00"
"2020";"5";"19";"2";"21";"3334";"342.";"0.7";"7.0";"84.";"0.";"0.00";"0.00";"0.00"
"2020";"5";"19";"2";"22";"3335";"272.";"0.3";"6.0";"86.";"0.";"0.00";"0.00";"0.00"
"2020";"5";"19";"2";"23";"3336";"219.";"0.4";"5.0";"87.";"0.";"0.00";"0.00";"0.00"
"2020";"5";"20";"3";"0";"3337";"197.";"0.2";"4.4";"89.";"0.";"0.00";"0.00";"0.00"
"2020";"5";"20";"3";"1";"3338";"119.";"0.4";"3.7";"91.";"0.";"0.00";"0.00";"0.00"
"2020";"5";"20";"3";"2";"3339";"123.";"0.7";"3.0";"92.";"0.";"0.00";"0.00";"0.00"
"2020";"5";"20";"3";"3";"3340";"155.";"0.4";"3.1";"94.";"4.";"0.00";"0.00";"0.00"
"2020";"5";"20";"3";"4";"3341";"96.";"0.9";"4.1";"95.";"6.";"9.32";"4.28";"8.92"
"2020";"5";"20";"3";"5";"3342";"114.";"0.7";"5.9";"92.";"1.";"134.93";"326.53";"62.83"
"2020";"5";"20";"3";"6";"3343";"132.";"1.1";"7.7";"87.";"1.";"272.13";"464.74";"108.48"
"2020";"5";"20";"3";"7";"3344";"161.";"1.0";"9.7";"77.";"0.";"457.08";"732.37";"106.28"
"2020";"5";"20";"3";"8";"3345";"214.";"1.2";"12.1";"62.";"0.";"599.22";"802.13";"123.76"
"2020";"5";"20";"3";"9";"3346";"224.";"1.8";"13.5";"56.";"0.";"704.32";"783.29";"167.29"
"2020";"5";"20";"3";"10";"3347";"234.";"2.1";"14.6";"53.";"1.";"737.91";"753.41";"171.89"
"2020";"5";"20";"3";"11";"3348";"238.";"2.9";"15.1";"50.";"4.";"568.91";"403.02";"252.43"
"2020";"5";"20";"3";"12";"3349";"241.";"3.4";"14.9";"50.";"5.";"500.95";"315.67";"253.07"
"2020";"5";"20";"3";"13";"3350";"253.";"4.2";"15.1";"50.";"0.";"796.38";"864.66";"146.78"
"2020";"5";"20";"3";"14";"3351";"257.";"3.7";"15.7";"47.";"3.";"552.05";"521.74";"194.34"
"2020";"5";"20";"3";"15";"3352";"261.";"2.9";"15.2";"44.";"8.";"187.63";"0.00";"187.63"
"2020";"5";"20";"3";"16";"3353";"265.";"2.4";"14.9";"43.";"0.";"472.12";"816.90";"80.82"
"2020";"5";"20";"3";"17";"3354";"282.";"1.9";"15.4";"40.";"0.";"318.13";"727.58";"61.92"
"2020";"5";"20";"3";"18";"3355";"307.";"1.5";"14.6";"41.";"7.";"111.38";"68.95";"96.15"
"2020";"5";"20";"3";"19";"3356";"301.";"1.2";"13.3";"45.";"8.";"18.23";"0.00";"18.23"
"2020";"5";"20";"3";"20";"3357";"303.";"0.8";"10.8";"57.";"8.";"0.00";"0.00";"0.00"
"2020";"5";"20";"3";"21";"3358";"57.";"0.9";"9.1";"65.";"8.";"0.00";"0.00";"0.00"
"2020";"5";"20";"3";"22";"3359";"81.";"1.0";"7.3";"70.";"6.";"0.00";"0.00";"0.00"
"2020";"5";"20";"3";"23";"3360";"82.";"1.0";"6.0";"74.";"2.";"0.00";"0.00";"0.00"
"2020";"5";"21";"4";"0";"3361";"81.";"1.0";"5.9";"76.";"0.";"0.00";"0.00";"0.00"
"2020";"5";"21";"4";"1";"3362";"88.";"1.1";"5.0";"77.";"2.";"0.00";"0.00";"0.00"
"2020";"5";"21";"4";"2";"3363";"91.";"1.4";"4.0";"77.";"7.";"0.00";"0.00";"0.00"
"2020";"5";"21";"4";"3";"3364";"118.";"1.3";"4.3";"76.";"8.";"0.00";"0.00";"0.00"
"2020";"5";"21";"4";"4";"3365";"111.";"1.7";"5.6";"74.";"6.";"25.08";"52.03";"20.03"
"2020";"5";"21";"4";"5";"3366";"118.";"1.5";"8.0";"65.";"7.";"120.15";"69.44";"104.60"
"2020";"5";"21";"4";"6";"3367";"129.";"1.8";"11.8";"54.";"3.";"280.97";"441.14";"124.36"
"2020";"5";"21";"4";"7";"3368";"148.";"2.1";"15.0";"40.";"5.";"382.15";"310.94";"232.37"
"2020";"5";"21";"4";"8";"3369";"187.";"2.0";"16.0";"36.";"0.";"611.75";"830.61";"117.30"
"2020";"5";"21";"4";"9";"3370";"201.";"2.0";"16.4";"42.";"2.";"673.48";"679.60";"205.90"
"2020";"5";"21";"4";"10";"3371";"229.";"2.4";"16.6";"44.";"1.";"767.41";"748.04";"203.68"
"2020";"5";"21";"4";"11";"3372";"246.";"3.6";"16.6";"44.";"5.";"672.11";"325.07";"416.10"
"2020";"5";"21";"4";"12";"3373";"238.";"3.3";"17.1";"43.";"5.";"658.38";"348.84";"383.65"
"2020";"5";"21";"4";"13";"3374";"240.";"4.0";"17.1";"41.";"1.";"776.47";"811.01";"165.29"
"2020";"5";"21";"4";"14";"3375";"241.";"3.6";"17.3";"39.";"2.";"617.40";"652.68";"168.34"
"2020";"5";"21";"4";"15";"3376";"252.";"2.8";"17.2";"39.";"4.";"501.67";"422.51";"250.16"
"2020";"5";"21";"4";"16";"3377";"256.";"2.3";"16.5";"42.";"5.";"367.12";"311.25";"217.19"
"2020";"5";"21";"4";"17";"3378";"257.";"1.6";"16.3";"39.";"6.";"240.78";"181.59";"176.31"
"2020";"5";"21";"4";"18";"3379";"239.";"0.8";"15.7";"39.";"8.";"109.44";"0.00";"109.44"
"2020";"5";"21";"4";"19";"3380";"227.";"1.0";"13.5";"48.";"7.";"21.39";"23.57";"19.10"
"2020";"5";"21";"4";"20";"3381";"172.";"0.7";"12.1";"54.";"8.";"0.00";"0.00";"0.00"
"2020";"5";"21";"4";"21";"3382";"156.";"0.7";"11.7";"62.";"7.";"0.00";"0.00";"0.00"
"2020";"5";"21";"4";"22";"3383";"218.";"1.5";"11.5";"65.";"8.";"0.00";"0.00";"0.00"
"2020";"5";"21";"4";"23";"3384";"236.";"1.9";"11.3";"71.";"8.";"0.00";"0.00";"0.00"
"2020";"5";"22";"5";"0";"3385";"202.";"0.8";"10.8";"70.";"8.";"0.00";"0.00";"0.00"
"2020";"5";"22";"5";"1";"3386";"135.";"1.7";"11.0";"66.";"7.";"0.00";"0.00";"0.00"
"2020";"5";"22";"5";"2";"3387";"133.";"2.9";"11.0";"70.";"8.";"0.00";"0.00";"0.00"
"2020";"5";"22";"5";"3";"3388";"148.";"2.7";"11.2";"71.";"8.";"0.00";"0.00";"0.00"
"2020";"5";"22";"5";"4";"3389";"139.";"3.1";"11.3";"74.";"7.";"9.03";"17.01";"7.33"
"2020";"5";"22";"5";"5";"3390";"137.";"3.1";"11.7";"74.";"7.";"104.73";"63.13";"90.41"
"2020";"5";"22";"5";"6";"3391";"146.";"3.2";"13.1";"68.";"7.";"127.22";"82.51";"97.70"
"2020";"5";"22";"5";"7";"3392";"152.";"3.6";"14.7";"58.";"7.";"313.75";"96.71";"266.92"
"2020";"5";"22";"5";"8";"3393";"148.";"3.9";"16.7";"47.";"5.";"481.10";"294.13";"305.28"
"2020";"5";"22";"5";"9";"3394";"162.";"4.9";"18.1";"46.";"5.";"575.57";"320.49";"354.32"
"2020";"5";"22";"5";"10";"3395";"166.";"5.7";"18.8";"44.";"2.";"737.86";"688.19";"217.69"
"2020";"5";"22";"5";"11";"3396";"164.";"5.8";"19.0";"41.";"8.";"530.18";"0.00";"530.18"
"2020";"5";"22";"5";"12";"3397";"167.";"6.0";"19.1";"41.";"7.";"346.15";"109.17";"259.93"
"2020";"5";"22";"5";"13";"3398";"179.";"6.3";"18.5";"43.";"8.";"508.35";"0.00";"508.35"
"2020";"5";"22";"5";"14";"3399";"178.";"7.0";"17.9";"44.";"8.";"482.75";"0.00";"482.75"
"2020";"5";"22";"5";"15";"3400";"178.";"7.7";"17.3";"43.";"7.";"407.99";"101.57";"347.28"
"2020";"5";"22";"5";"16";"3401";"167.";"7.4";"16.8";"42.";"8.";"291.54";"0.00";"291.54"
"2020";"5";"22";"5";"17";"3402";"167.";"7.3";"16.7";"39.";"8.";"199.42";"0.00";"199.42"
"2020";"5";"22";"5";"18";"3403";"170.";"7.2";"16.1";"37.";"7.";"113.05";"67.88";"97.65"
"2020";"5";"22";"5";"19";"3404";"166.";"7.3";"14.5";"41.";"8.";"10.42";"0.00";"10.42"
"2020";"5";"22";"5";"20";"3405";"163.";"7.6";"13.4";"45.";"8.";"0.00";"0.00";"0.00"
"2020";"5";"22";"5";"21";"3406";"161.";"7.5";"11.9";"56.";"8.";"0.00";"0.00";"0.00"
"2020";"5";"22";"5";"22";"3407";"167.";"7.5";"11.5";"62.";"8.";"0.00";"0.00";"0.00"
"2020";"5";"22";"5";"23";"3408";"170.";"7.7";"9.4";"80.";"8.";"0.00";"0.00";"0.00"
"2020";"5";"23";"6";"0";"3409";"168.";"7.4";"9.0";"90.";"8.";"0.00";"0.00";"0.00"
"2020";"5";"23";"6";"1";"3410";"170.";"6.1";"9.4";"92.";"8.";"0.00";"0.00";"0.00"
"2020";"5";"23";"6";"2";"3411";"165.";"4.7";"9.9";"94.";"8.";"0.00";"0.00";"0.00"
"2020";"5";"23";"6";"3";"3412";"162.";"4.6";"10.4";"95.";"8.";"0.00";"0.00";"0.00"
"2020";"5";"23";"6";"4";"3413";"162.";"4.1";"10.8";"95.";"8.";"4.11";"0.00";"4.11"
"2020";"5";"23";"6";"5";"3414";"165.";"4.1";"11.2";"94.";"8.";"42.15";"0.00";"42.15"
"2020";"5";"23";"6";"6";"3415";"171.";"4.5";"11.4";"93.";"8.";"86.90";"0.00";"86.90"
"2020";"5";"23";"6";"7";"3416";"172.";"4.8";"11.7";"93.";"8.";"130.93";"0.00";"130.93"
"2020";"5";"23";"6";"8";"3417";"175.";"5.1";"12.1";"92.";"8.";"166.04";"0.00";"166.04"
"2020";"5";"23";"6";"9";"3418";"174.";"5.0";"12.7";"89.";"8.";"202.96";"0.00";"202.96"
"2020";"5";"23";"6";"10";"3419";"186.";"5.2";"13.0";"87.";"8.";"231.30";"0.00";"231.30"
"2020";"5";"23";"6";"11";"3420";"192.";"5.2";"12.8";"86.";"6.";"393.84";"149.95";"275.10"
"2020";"5";"23";"6";"12";"3421";"194.";"4.7";"13.4";"85.";"8.";"236.69";"0.00";"236.69"
"2020";"5";"23";"6";"13";"3422";"198.";"4.5";"14.0";"80.";"8.";"445.95";"0.00";"445.95"
"2020";"5";"23";"6";"14";"3423";"205.";"3.2";"13.6";"75.";"8.";"120.51";"0.00";"120.51"
"2020";"5";"23";"6";"15";"3424";"212.";"3.8";"14.1";"74.";"7.";"251.45";"53.86";"219.13"
"2020";"5";"23";"6";"16";"3425";"300.";"2.7";"14.4";"64.";"0.";"446.14";"615.39";"146.55"
"2020";"5";"23";"6";"17";"3426";"285.";"2.6";"12.9";"70.";"3.";"228.38";"316.15";"114.42"
"2020";"5";"23";"6";"18";"3427";"269.";"2.0";"11.6";"79.";"3.";"109.57";"190.85";"65.74"
"2020";"5";"23";"6";"19";"3428";"244.";"2.2";"11.0";"81.";"5.";"11.76";"28.53";"8.81"
"2020";"5";"23";"6";"20";"3429";"239.";"2.9";"9.9";"84.";"3.";"0.00";"0.00";"0.00"
"2020";"5";"23";"6";"21";"3430";"225.";"3.1";"9.7";"88.";"6.";"0.00";"0.00";"0.00"
"2020";"5";"23";"6";"22";"3431";"208.";"3.7";"10.1";"85.";"8.";"0.00";"0.00";"0.00"
"2020";"5";"23";"6";"23";"3432";"208.";"5.3";"10.7";"85.";"8.";"0.00";"0.00";"0.00"
"2020";"5";"24";"7";"0";"3433";"208.";"5.9";"10.7";"85.";"8.";"0.00";"0.00";"0.00"
"2020";"5";"24";"7";"1";"3434";"207.";"5.6";"10.6";"87.";"8.";"0.00";"0.00";"0.00"
"2020";"5";"24";"7";"2";"3435";"210.";"5.8";"10.3";"90.";"8.";"0.00";"0.00";"0.00"
"2020";"5";"24";"7";"3";"3436";"216.";"5.4";"10.2";"91.";"8.";"0.00";"0.00";"0.00"
"2020";"5";"24";"7";"4";"3437";"222.";"5.7";"10.3";"92.";"8.";"3.35";"0.00";"3.35"
"2020";"5";"24";"7";"5";"3438";"222.";"5.4";"10.5";"91.";"8.";"25.27";"0.00";"25.27"
"2020";"5";"24";"7";"6";"3439";"222.";"5.6";"10.6";"92.";"8.";"49.84";"0.00";"49.84"
"2020";"5";"24";"7";"7";"3440";"224.";"6.0";"10.8";"92.";"8.";"75.71";"0.00";"75.71"
"2020";"5";"24";"7";"8";"3441";"236.";"5.4";"10.9";"92.";"8.";"91.27";"0.00";"91.27"
"2020";"5";"24";"7";"9";"3442";"247.";"5.6";"11.3";"88.";"8.";"118.20";"0.00";"118.20"
"2020";"5";"24";"7";"10";"3443";"245.";"5.5";"11.9";"82.";"8.";"224.67";"0.00";"224.67"
"2020";"5";"24";"7";"11";"3444";"244.";"6.0";"11.1";"85.";"8.";"139.34";"0.00";"139.34"
"2020";"5";"24";"7";"12";"3445";"234.";"5.6";"11.0";"88.";"8.";"249.11";"0.00";"249.11"
"2020";"5";"24";"7";"13";"3446";"231.";"5.5";"11.4";"87.";"8.";"224.22";"0.00";"224.22"
"2020";"5";"24";"7";"14";"3447";"234.";"6.0";"10.8";"90.";"8.";"118.27";"0.00";"118.27"
"2020";"5";"24";"7";"15";"3448";"233.";"5.5";"10.9";"89.";"8.";"99.52";"0.00";"99.52"
"2020";"5";"24";"7";"16";"3449";"233.";"5.6";"10.8";"87.";"8.";"134.36";"0.00";"134.36"
"2020";"5";"24";"7";"17";"3450";"236.";"5.5";"10.3";"88.";"8.";"85.41";"0.00";"85.41"
"2020";"5";"24";"7";"18";"3451";"244.";"4.9";"10.2";"88.";"8.";"25.50";"0.00";"25.50"
"2020";"5";"24";"7";"19";"3452";"248.";"4.0";"10.1";"90.";"8.";"5.98";"0.00";"5.98"
"2020";"5";"24";"7";"20";"3453";"256.";"3.2";"10.0";"91.";"8.";"0.00";"0.00";"0.00"
"2020";"5";"24";"7";"21";"3454";"232.";"2.1";"10.1";"91.";"8.";"0.00";"0.00";"0.00"
"2020";"5";"24";"7";"22";"3455";"225.";"1.5";"10.2";"91.";"8.";"0.00";"0.00";"0.00"
"2020";"5";"24";"7";"23";"3456";"185.";"0.4";"10.0";"93.";"8.";"0.00";"0.00";"0.00"
"2020";"5";"25";"1";"0";"3457";"60.";"1.4";"9.9";"94.";"3.";"0.00";"0.00";"0.00"
"2020";"5";"25";"1";"1";"3458";"41.";"1.7";"9.6";"95.";"5.";"0.00";"0.00";"0.00"
"2020";"5";"25";"1";"2";"3459";"23.";"1.7";"9.5";"94.";"6.";"0.00";"0.00";"0.00"
"2020";"5";"25";"1";"3";"3460";"17.";"2.0";"9.7";"94.";"7.";"0.00";"0.00";"0.00"
"2020";"5";"25";"1";"4";"3461";"15.";"2.1";"10.0";"94.";"7.";"9.22";"13.11";"7.79"
"2020";"5";"25";"1";"5";"3462";"24.";"2.5";"10.5";"92.";"7.";"63.16";"51.66";"51.01"
"2020";"5";"25";"1";"6";"3463";"33.";"2.2";"11.4";"86.";"7.";"124.87";"69.76";"99.37"
"2020";"5";"25";"1";"7";"3464";"42.";"2.0";"13.0";"79.";"6.";"232.58";"169.60";"149.20"
"2020";"5";"25";"1";"8";"3465";"13.";"1.8";"14.1";"71.";"5.";"466.30";"295.81";"287.44"
"2020";"5";"25";"1";"9";"3466";"10.";"2.2";"15.1";"64.";"6.";"366.05";"207.92";"221.14"
"2020";"5";"25";"1";"10";"3467";"346.";"2.3";"16.2";"59.";"8.";"245.74";"0.00";"245.74"
"2020";"5";"25";"1";"11";"3468";"341.";"2.3";"16.3";"59.";"8.";"522.25";"0.00";"522.25"
"2020";"5";"25";"1";"12";"3469";"331.";"2.5";"16.6";"58.";"8.";"258.53";"0.00";"258.53"
"2020";"5";"25";"1";"13";"3470";"326.";"2.8";"16.7";"58.";"8.";"494.62";"0.00";"494.62"
"2020";"5";"25";"1";"14";"3471";"329.";"3.0";"17.5";"55.";"7.";"307.94";"115.70";"227.31"
"2020";"5";"25";"1";"15";"3472";"317.";"3.6";"18.1";"52.";"6.";"429.92";"180.89";"320.54"
"2020";"5";"25";"1";"16";"3473";"315.";"3.7";"18.0";"53.";"3.";"399.48";"429.99";"188.08"
"2020";"5";"25";"1";"17";"3474";"314.";"3.6";"17.4";"55.";"5.";"190.75";"252.52";"98.43"
"2020";"5";"25";"1";"18";"3475";"317.";"3.2";"16.3";"56.";"1.";"156.76";"444.89";"52.16"
"2020";"5";"25";"1";"19";"3476";"323.";"2.6";"14.8";"65.";"3.";"20.10";"95.25";"9.71"
"2020";"5";"25";"1";"20";"3477";"328.";"1.8";"12.7";"76.";"0.";"0.00";"0.00";"0.00"
"2020";"5";"25";"1";"21";"3478";"320.";"1.7";"11.0";"84.";"0.";"0.00";"0.00";"0.00"
"2020";"5";"25";"1";"22";"3479";"313.";"1.4";"10.0";"88.";"1.";"0.00";"0.00";"0.00"
"2020";"5";"25";"1";"23";"3480";"325.";"1.0";"9.0";"89.";"1.";"0.00";"0.00";"0.00"
"2020";"5";"26";"2";"0";"3481";"341.";"0.7";"8.0";"90.";"0.";"0.00";"0.00";"0.00"
"2020";"5";"26";"2";"1";"3482";"48.";"1.0";"7.7";"91.";"0.";"0.00";"0.00";"0.00"
"2020";"5";"26";"2";"2";"3483";"62.";"0.9";"7.3";"91.";"0.";"0.00";"0.00";"0.00"
"2020";"5";"26";"2";"3";"3484";"75.";"1.0";"6.9";"92.";"0.";"0.00";"0.00";"0.00"
"2020";"5";"26";"2";"4";"3485";"106.";"0.9";"8.2";"90.";"2.";"28.00";"128.41";"13.64"
"2020";"5";"26";"2";"5";"3486";"177.";"0.8";"10.8";"84.";"2.";"140.50";"378.13";"50.61"
"2020";"5";"26";"2";"6";"3487";"196.";"1.4";"13.6";"74.";"0.";"307.71";"570.73";"97.66"
"2020";"5";"26";"2";"7";"3488";"241.";"2.3";"14.6";"70.";"0.";"452.23";"626.20";"142.94"
"2020";"5";"26";"2";"8";"3489";"241.";"2.3";"15.4";"65.";"0.";"603.68";"776.86";"132.29"
"2020";"5";"26";"2";"9";"3490";"250.";"2.6";"15.6";"62.";"0.";"708.35";"761.05";"176.41"
"2020";"5";"26";"2";"10";"3491";"248.";"2.7";"17.1";"57.";"1.";"742.31";"739.70";"177.10"
"2020";"5";"26";"2";"11";"3492";"249.";"3.1";"17.2";"55.";"7.";"598.11";"105.18";"514.19"
"2020";"5";"26";"2";"12";"3493";"246.";"3.1";"17.4";"54.";"7.";"589.88";"98.14";"511.58"
"2020";"5";"26";"2";"13";"3494";"245.";"3.5";"17.1";"55.";"6.";"602.48";"212.77";"439.90"
"2020";"5";"26";"2";"14";"3495";"239.";"3.4";"17.3";"55.";"2.";"659.10";"625.34";"222.02"
"2020";"5";"26";"2";"15";"3496";"244.";"3.1";"17.5";"56.";"1.";"574.70";"659.50";"174.52"
"2020";"5";"26";"2";"16";"3497";"246.";"3.2";"16.9";"59.";"3.";"405.28";"455.19";"180.45"
"2020";"5";"26";"2";"17";"3498";"245.";"3.1";"15.6";"64.";"1.";"289.11";"527.02";"95.14"
"2020";"5";"26";"2";"18";"3499";"233.";"2.4";"14.7";"71.";"4.";"107.53";"209.53";"57.72"
"2020";"5";"26";"2";"19";"3500";"222.";"1.7";"13.9";"78.";"2.";"18.55";"78.24";"9.80"
"2020";"5";"26";"2";"20";"3501";"215.";"1.4";"12.3";"87.";"1.";"0.00";"0.00";"0.00"
"2020";"5";"26";"2";"21";"3502";"203.";"1.4";"11.2";"88.";"3.";"0.00";"0.00";"0.00"
"2020";"5";"26";"2";"22";"3503";"192.";"1.9";"10.8";"91.";"3.";"0.00";"0.00";"0.00"
"2020";"5";"26";"2";"23";"3504";"217.";"1.9";"11.2";"91.";"7.";"0.00";"0.00";"0.00"
"2020";"5";"27";"3";"0";"3505";"232.";"2.3";"11.1";"88.";"6.";"0.00";"0.00";"0.00"
"2020";"5";"27";"3";"1";"3506";"238.";"3.0";"10.9";"89.";"6.";"0.00";"0.00";"0.00"
"2020";"5";"27";"3";"2";"3507";"246.";"3.4";"11.2";"89.";"8.";"0.00";"0.00";"0.00"
"2020";"5";"27";"3";"3";"3508";"247.";"3.5";"11.1";"88.";"8.";"0.00";"0.00";"0.00"
"2020";"5";"27";"3";"4";"3509";"248.";"3.6";"11.0";"89.";"8.";"7.99";"0.00";"7.99"
"2020";"5";"27";"3";"5";"3510";"254.";"3.5";"11.1";"88.";"8.";"47.63";"0.00";"47.63"
"2020";"5";"27";"3";"6";"3511";"260.";"3.3";"11.1";"86.";"8.";"94.37";"0.00";"94.37"
"2020";"5";"27";"3";"7";"3512";"276.";"3.6";"11.1";"83.";"8.";"140.56";"0.00";"140.56"
"2020";"5";"27";"3";"8";"3513";"277.";"3.5";"12.2";"78.";"8.";"183.51";"0.00";"183.51"
"2020";"5";"27";"3";"9";"3514";"281.";"3.5";"13.2";"73.";"8.";"436.47";"0.00";"436.47"
"2020";"5";"27";"3";"10";"3515";"290.";"4.5";"15.1";"63.";"8.";"525.95";"0.00";"525.95"
"2020";"5";"27";"3";"11";"3516";"296.";"5.7";"14.9";"57.";"8.";"256.00";"0.00";"256.00"
"2020";"5";"27";"3";"12";"3517";"302.";"5.1";"14.7";"52.";"8.";"526.94";"0.00";"526.94"
"2020";"5";"27";"3";"13";"3518";"303.";"5.4";"14.8";"51.";"8.";"493.13";"0.00";"493.13"
"2020";"5";"27";"3";"14";"3519";"295.";"5.5";"14.4";"55.";"7.";"479.76";"94.00";"413.87"
"2020";"5";"27";"3";"15";"3520";"297.";"5.4";"14.4";"55.";"8.";"376.77";"0.00";"376.77"
"2020";"5";"27";"3";"16";"3521";"297.";"5.6";"15.1";"51.";"8.";"314.48";"0.00";"314.48"
"2020";"5";"27";"3";"17";"3522";"291.";"5.9";"15.0";"50.";"0.";"324.11";"627.03";"91.87"
"2020";"5";"27";"3";"18";"3523";"292.";"5.1";"14.1";"55.";"0.";"172.77";"497.36";"53.30"
"2020";"5";"27";"3";"19";"3524";"297.";"4.6";"12.9";"62.";"0.";"37.60";"194.85";"15.29"
"2020";"5";"27";"3";"20";"3525";"299.";"4.1";"11.8";"71.";"0.";"0.00";"0.00";"0.00"
"2020";"5";"27";"3";"21";"3526";"301.";"3.2";"10.6";"78.";"0.";"0.00";"0.00";"0.00"
"2020";"5";"27";"3";"22";"3527";"303.";"3.3";"9.5";"81.";"0.";"0.00";"0.00";"0.00"
"2020";"5";"27";"3";"23";"3528";"313.";"3.0";"8.3";"82.";"0.";"0.00";"0.00";"0.00"
"2020";"5";"28";"4";"0";"3529";"312.";"2.7";"8.2";"85.";"0.";"0.00";"0.00";"0.00"
"2020";"5";"28";"4";"1";"3530";"311.";"2.2";"7.5";"86.";"0.";"0.00";"0.00";"0.00"
"2020";"5";"28";"4";"2";"3531";"318.";"1.6";"7.2";"87.";"0.";"0.00";"0.00";"0.00"
"2020";"5";"28";"4";"3";"3532";"309.";"1.5";"7.1";"88.";"0.";"0.00";"0.00";"0.00"
"2020";"5";"28";"4";"4";"3533";"316.";"1.2";"8.2";"85.";"0.";"39.77";"196.36";"16.79"
"2020";"5";"28";"4";"5";"3534";"323.";"1.5";"10.6";"76.";"1.";"158.73";"413.80";"58.33"
"2020";"5";"28";"4";"6";"3535";"320.";"1.9";"13.1";"59.";"0.";"328.91";"660.20";"82.89"
"2020";"5";"28";"4";"7";"3536";"307.";"1.9";"14.8";"52.";"2.";"439.93";"565.78";"158.04"
"2020";"5";"28";"4";"8";"3537";"292.";"2.9";"15.8";"48.";"6.";"470.95";"206.30";"344.94"
"2020";"5";"28";"4";"9";"3538";"298.";"3.2";"16.3";"45.";"8.";"447.08";"0.00";"447.08"
"2020";"5";"28";"4";"10";"3539";"292.";"3.9";"16.7";"43.";"8.";"541.03";"0.00";"541.03"
"2020";"5";"28";"4";"11";"3540";"294.";"4.1";"16.7";"44.";"5.";"654.08";"309.54";"406.00"
"2020";"5";"28";"4";"12";"3541";"291.";"4.2";"16.4";"43.";"6.";"620.05";"218.89";"444.61"
"2020";"5";"28";"4";"13";"3542";"296.";"3.8";"17.0";"44.";"7.";"547.65";"108.51";"464.33"
"2020";"5";"28";"4";"14";"3543";"300.";"3.9";"17.2";"44.";"4.";"602.43";"423.33";"304.92"
"2020";"5";"28";"4";"15";"3544";"297.";"4.2";"16.3";"47.";"1.";"592.86";"706.20";"161.48"
"2020";"5";"28";"4";"16";"3545";"302.";"3.7";"15.9";"47.";"6.";"350.01";"191.22";"254.73"
"2020";"5";"28";"4";"17";"3546";"302.";"3.2";"15.3";"49.";"0.";"333.94";"702.73";"72.07"
"2020";"5";"28";"4";"18";"3547";"302.";"3.1";"14.2";"53.";"0.";"180.30";"563.61";"43.55"
"2020";"5";"28";"4";"19";"3548";"311.";"2.7";"12.5";"64.";"0.";"41.56";"227.48";"14.94"
"2020";"5";"28";"4";"20";"3549";"315.";"2.2";"10.7";"76.";"0.";"0.00";"0.00";"0.00"
"2020";"5";"28";"4";"21";"3550";"307.";"1.6";"9.1";"85.";"2.";"0.00";"0.00";"0.00"
"2020";"5";"28";"4";"22";"3551";"302.";"1.5";"7.5";"89.";"0.";"0.00";"0.00";"0.00"
"2020";"5";"28";"4";"23";"3552";"308.";"1.3";"6.3";"91.";"1.";"0.00";"0.00";"0.00"
"2020";"5";"29";"5";"0";"3553";"302.";"1.1";"6.3";"92.";"3.";"0.00";"0.00";"0.00"
"2020";"5";"29";"5";"1";"3554";"310.";"0.7";"6.6";"93.";"0.";"0.00";"0.00";"0.00"
"2020";"5";"29";"5";"2";"3555";"318.";"0.8";"5.9";"93.";"0.";"0.00";"0.00";"0.00"
"2020";"5";"29";"5";"3";"3556";"307.";"0.2";"6.2";"94.";"0.";"0.00";"0.00";"0.00"
"2020";"5";"29";"5";"4";"3557";"114.";"0.4";"7.4";"92.";"3.";"32.48";"137.82";"16.01"
"2020";"5";"29";"5";"5";"3558";"104.";"0.4";"10.5";"87.";"6.";"86.99";"122.86";"56.89"
"2020";"5";"29";"5";"6";"3559";"328.";"0.6";"12.7";"74.";"5.";"254.11";"241.09";"163.75"
"2020";"5";"29";"5";"7";"3560";"320.";"0.7";"14.5";"62.";"0.";"468.79";"670.59";"133.31"
"2020";"5";"29";"5";"8";"3561";"291.";"1.0";"15.8";"55.";"0.";"618.95";"810.72";"122.18"
"2020";"5";"29";"5";"9";"3562";"287.";"1.2";"17.0";"50.";"0.";"721.35";"782.70";"169.87"
"2020";"5";"29";"5";"10";"3563";"264.";"1.6";"17.8";"50.";"0.";"811.75";"866.87";"144.68"
"2020";"5";"29";"5";"11";"3564";"275.";"2.8";"18.1";"47.";"0.";"828.18";"751.19";"224.86"
"2020";"5";"29";"5";"12";"3565";"282.";"3.7";"17.7";"46.";"0.";"836.64";"784.39";"206.66"
"2020";"5";"29";"5";"13";"3566";"288.";"4.4";"18.0";"47.";"1.";"734.65";"664.96";"222.95"
"2020";"5";"29";"5";"14";"3567";"289.";"5.0";"18.1";"46.";"0.";"718.59";"766.47";"178.54"
"2020";"5";"29";"5";"15";"3568";"298.";"4.4";"18.0";"45.";"0.";"624.59";"839.09";"110.44"
"2020";"5";"29";"5";"16";"3569";"305.";"4.1";"18.3";"43.";"0.";"483.36";"756.67";"104.82"
"2020";"5";"29";"5";"17";"3570";"310.";"4.2";"18.5";"43.";"0.";"344.20";"735.56";"68.50"
"2020";"5";"29";"5";"18";"3571";"319.";"3.9";"17.8";"44.";"0.";"180.87";"554.00";"45.17"
"2020";"5";"29";"5";"19";"3572";"334.";"3.1";"16.4";"48.";"0.";"44.31";"242.82";"15.29"
"2020";"5";"29";"5";"20";"3573";"340.";"2.1";"14.5";"57.";"0.";"0.00";"0.00";"0.00"
"2020";"5";"29";"5";"21";"3574";"357.";"2.0";"12.8";"64.";"0.";"0.00";"0.00";"0.00"
"2020";"5";"29";"5";"22";"3575";"12.";"1.9";"12.5";"66.";"0.";"0.00";"0.00";"0.00"
"2020";"5";"29";"5";"23";"3576";"38.";"2.0";"10.1";"68.";"0.";"0.00";"0.00";"0.00"
"2020";"5";"30";"6";"0";"3577";"41.";"1.9";"9.8";"71.";"0.";"0.00";"0.00";"0.00"
"2020";"5";"30";"6";"1";"3578";"36.";"1.4";"9.3";"72.";"1.";"0.00";"0.00";"0.00"
"2020";"5";"30";"6";"2";"3579";"56.";"1.4";"8.6";"75.";"2.";"0.00";"0.00";"0.00"
"2020";"5";"30";"6";"3";"3580";"52.";"1.0";"8.2";"75.";"0.";"0.00";"0.00";"0.00"
"2020";"5";"30";"6";"4";"3581";"9.";"0.9";"9.9";"71.";"0.";"49.04";"260.40";"17.31"
"2020";"5";"30";"6";"5";"3582";"11.";"1.4";"12.6";"62.";"4.";"149.95";"273.29";"82.40"
"2020";"5";"30";"6";"6";"3583";"9.";"1.8";"15.2";"49.";"2.";"311.57";"548.20";"104.95"
"2020";"5";"30";"6";"7";"3584";"21.";"2.3";"17.3";"43.";"1.";"471.14";"699.86";"119.65"
"2020";"5";"30";"6";"8";"3585";"41.";"2.9";"19.4";"41.";"0.";"628.89";"854.96";"103.44"
"2020";"5";"30";"6";"9";"3586";"39.";"3.9";"20.5";"36.";"1.";"705.06";"738.51";"183.44"
"2020";"5";"30";"6";"10";"3587";"43.";"4.1";"20.9";"34.";"1.";"785.48";"771.54";"190.47"
"2020";"5";"30";"6";"11";"3588";"46.";"3.3";"21.3";"34.";"0.";"859.84";"881.57";"150.39"
"2020";"5";"30";"6";"12";"3589";"59.";"4.5";"21.5";"32.";"0.";"861.24";"883.57";"150.18"
"2020";"5";"30";"6";"13";"3590";"55.";"4.9";"21.6";"32.";"1.";"786.48";"774.89";"188.90"
"2020";"5";"30";"6";"14";"3591";"56.";"5.5";"21.4";"33.";"1.";"709.57";"759.32";"173.25"
"2020";"5";"30";"6";"15";"3592";"59.";"5.4";"21.4";"36.";"2.";"573.76";"637.61";"181.89"
"2020";"5";"30";"6";"16";"3593";"61.";"5.3";"20.3";"37.";"1.";"469.56";"694.57";"120.72"
"2020";"5";"30";"6";"17";"3594";"68.";"5.6";"19.7";"37.";"0.";"339.65";"715.74";"69.88"
"2020";"5";"30";"6";"18";"3595";"71.";"5.1";"18.7";"38.";"0.";"186.78";"575.50";"44.53"
"2020";"5";"30";"6";"19";"3596";"79.";"4.2";"17.6";"41.";"3.";"43.83";"167.62";"23.41"
"2020";"5";"30";"6";"20";"3597";"76.";"2.9";"16.2";"48.";"3.";"0.00";"0.00";"0.00"
"2020";"5";"30";"6";"21";"3598";"70.";"2.5";"14.8";"56.";"8.";"0.00";"0.00";"0.00"
"2020";"5";"30";"6";"22";"3599";"67.";"2.2";"13.1";"62.";"6.";"0.00";"0.00";"0.00"
"2020";"5";"30";"6";"23";"3600";"54.";"2.0";"11.8";"68.";"2.";"0.00";"0.00";"0.00"
"2020";"5";"31";"7";"0";"3601";"45.";"1.9";"10.8";"71.";"0.";"0.00";"0.00";"0.00"
"2020";"5";"31";"7";"1";"3602";"32.";"2.0";"10.3";"74.";"1.";"0.00";"0.00";"0.00"
"2020";"5";"31";"7";"2";"3603";"40.";"2.6";"9.3";"76.";"3.";"0.00";"0.00";"0.00"
"2020";"5";"31";"7";"3";"3604";"40.";"2.9";"10.0";"75.";"4.";"0.00";"0.00";"0.00"
"2020";"5";"31";"7";"4";"3605";"44.";"3.2";"11.0";"68.";"6.";"25.56";"65.72";"17.40"
"2020";"5";"31";"7";"5";"3606";"50.";"3.9";"12.5";"59.";"7.";"79.01";"72.41";"60.96"
"2020";"5";"31";"7";"6";"3607";"47.";"4.0";"14.1";"52.";"1.";"336.84";"651.90";"89.83"
"2020";"5";"31";"7";"7";"3608";"37.";"3.5";"15.9";"47.";"1.";"477.41";"734.38";"107.21"
"2020";"5";"31";"7";"8";"3609";"27.";"3.1";"18.0";"44.";"1.";"608.87";"779.33";"128.54"
"2020";"5";"31";"7";"9";"3610";"26.";"2.8";"19.5";"41.";"1.";"711.32";"771.76";"164.93"
"2020";"5";"31";"7";"10";"3611";"59.";"4.1";"20.6";"38.";"2.";"751.87";"674.78";"230.42"
"2020";"5";"31";"7";"11";"3612";"61.";"4.3";"21.6";"34.";"1.";"833.04";"794.33";"192.56"
"2020";"5";"31";"7";"12";"3613";"69.";"4.3";"22.6";"32.";"0.";"860.01";"876.77";"153.06"
"2020";"5";"31";"7";"13";"3614";"73.";"4.9";"23.2";"29.";"1.";"798.36";"807.79";"174.12"
"2020";"5";"31";"7";"14";"3615";"75.";"4.8";"23.4";"27.";"0.";"752.42";"916.33";"103.68"
"2020";"5";"31";"7";"15";"3616";"77.";"4.5";"23.7";"29.";"1.";"613.01";"777.66";"133.72"
"2020";"5";"31";"7";"16";"3617";"80.";"3.7";"23.4";"30.";"0.";"492.40";"789.46";"94.43"
"2020";"5";"31";"7";"17";"3618";"80.";"4.1";"23.0";"30.";"0.";"342.67";"724.74";"68.06"
"2020";"5";"31";"7";"18";"3619";"75.";"3.5";"22.2";"31.";"0.";"192.78";"581.18";"47.89"
"2020";"5";"31";"7";"19";"3620";"62.";"3.3";"20.5";"36.";"0.";"50.88";"266.45";"17.81"
"2020";"5";"31";"7";"20";"3621";"49.";"2.6";"18.0";"48.";"0.";"0.00";"0.00";"0.00"
"2020";"5";"31";"7";"21";"3622";"47.";"2.7";"15.9";"55.";"0.";"0.00";"0.00";"0.00"
"2020";"5";"31";"7";"22";"3623";"59.";"2.4";"14.4";"58.";"0.";"0.00";"0.00";"0.00"
"2020";"5";"31";"7";"23";"3624";"67.";"1.7";"13.2";"64.";"0.";"0.00";"0.00";"0.00"
"2020";"6";"1";"1";"0";"3625";"90.";"1.3";"12.0";"69.";"0.";"0.00";"0.00";"0.00"
"2020";"6";"1";"1";"1";"3626";"94.";"1.4";"10.5";"74.";"0.";"0.00";"0.00";"0.00"
"2020";"6";"1";"1";"2";"3627";"91.";"1.2";"10.1";"78.";"0.";"0.00";"0.00";"0.00"
"2020";"6";"1";"1";"3";"3628";"83.";"1.7";"10.2";"78.";"0.";"0.00";"0.00";"0.00"
"2020";"6";"1";"1";"4";"3629";"75.";"1.0";"11.3";"74.";"0.";"47.28";"247.11";"16.07"
"2020";"6";"1";"1";"5";"3630";"79.";"1.0";"14.2";"65.";"0.";"181.84";"536.55";"46.98"
"2020";"6";"1";"1";"6";"3631";"35.";"0.8";"17.3";"55.";"0.";"332.60";"665.62";"79.12"
"2020";"6";"1";"1";"7";"3632";"339.";"1.3";"19.8";"46.";"0.";"483.52";"744.53";"106.87"
"2020";"6";"1";"1";"8";"3633";"339.";"1.5";"21.4";"38.";"0.";"624.98";"812.39";"122.92"
"2020";"6";"1";"1";"9";"3634";"331.";"1.7";"22.3";"37.";"0.";"740.09";"864.87";"126.43"
"2020";"6";"1";"1";"10";"3635";"320.";"2.1";"23.2";"36.";"0.";"805.22";"809.96";"178.08"
"2020";"6";"1";"1";"11";"3636";"317.";"3.0";"23.5";"36.";"0.";"844.98";"815.67";"186.08"
"2020";"6";"1";"1";"12";"3637";"313.";"3.8";"23.9";"35.";"0.";"855.10";"865.10";"156.28"
"2020";"6";"1";"1";"13";"3638";"313.";"3.9";"24.0";"35.";"0.";"795.65";"766.30";"202.32"
"2020";"6";"1";"1";"14";"3639";"310.";"3.5";"24.3";"33.";"0.";"729.65";"806.33";"157.51"
"2020";"6";"1";"1";"15";"3640";"313.";"4.4";"24.2";"34.";"1.";"604.85";"742.64";"145.89"
"2020";"6";"1";"1";"16";"3641";"313.";"4.3";"23.6";"36.";"1.";"474.58";"721.06";"109.81"
"2020";"6";"1";"1";"17";"3642";"315.";"4.1";"22.9";"38.";"0.";"338.02";"718.35";"64.45"
"2020";"6";"1";"1";"18";"3643";"313.";"3.6";"21.9";"41.";"0.";"179.42";"515.07";"49.96"
"2020";"6";"1";"1";"19";"3644";"317.";"3.1";"19.9";"47.";"0.";"43.79";"226.31";"15.21"
"2020";"6";"1";"1";"20";"3645";"314.";"2.9";"17.4";"58.";"2.";"0.00";"0.00";"0.00"
"2020";"6";"1";"1";"21";"3646";"324.";"2.7";"16.1";"64.";"0.";"0.00";"0.00";"0.00"
"2020";"6";"1";"1";"22";"3647";"340.";"2.1";"14.8";"65.";"0.";"0.00";"0.00";"0.00"
"2020";"6";"1";"1";"23";"3648";"343.";"1.6";"13.3";"68.";"0.";"0.00";"0.00";"0.00"
"2020";"6";"2";"2";"0";"3649";"328.";"1.3";"12.3";"73.";"0.";"0.00";"0.00";"0.00"
"2020";"6";"2";"2";"1";"3650";"332.";"0.7";"12.1";"78.";"0.";"0.00";"0.00";"0.00"
"2020";"6";"2";"2";"2";"3651";"348.";"0.3";"10.8";"82.";"0.";"0.00";"0.00";"0.00"
"2020";"6";"2";"2";"3";"3652";"346.";"0.6";"11.1";"82.";"3.";"0.00";"0.00";"0.00"
"2020";"6";"2";"2";"4";"3653";"324.";"0.3";"12.8";"76.";"0.";"43.09";"204.74";"16.81"
"2020";"6";"2";"2";"5";"3654";"312.";"0.2";"15.5";"68.";"0.";"177.75";"509.39";"48.72"
"2020";"6";"2";"2";"6";"3655";"266.";"0.9";"18.8";"56.";"1.";"310.19";"524.35";"109.55"
"2020";"6";"2";"2";"7";"3656";"259.";"1.9";"20.0";"50.";"3.";"413.17";"422.95";"198.49"
"2020";"6";"2";"2";"8";"3657";"258.";"2.4";"20.8";"48.";"2.";"540.18";"478.88";"243.47"
"2020";"6";"2";"2";"9";"3658";"267.";"2.9";"21.6";"45.";"4.";"610.85";"423.70";"309.58"
"2020";"6";"2";"2";"10";"3659";"283.";"3.0";"22.3";"39.";"5.";"618.59";"293.04";"391.28"
"2020";"6";"2";"2";"11";"3660";"289.";"3.5";"22.5";"37.";"5.";"653.35";"302.15";"408.85"
"2020";"6";"2";"2";"12";"3661";"295.";"4.3";"22.5";"34.";"2.";"786.99";"640.72";"268.51"
"2020";"6";"2";"2";"13";"3662";"299.";"4.4";"22.7";"33.";"3.";"699.02";"494.06";"315.76"
"2020";"6";"2";"2";"14";"3663";"305.";"4.0";"22.4";"32.";"1.";"716.60";"756.60";"178.62"
"2020";"6";"2";"2";"15";"3664";"305.";"4.1";"22.1";"30.";"0.";"636.70";"850.66";"109.64"
"2020";"6";"2";"2";"16";"3665";"307.";"3.8";"21.2";"31.";"0.";"498.99";"794.74";"95.60"
"2020";"6";"2";"2";"17";"3666";"311.";"3.1";"20.3";"31.";"0.";"350.08";"729.62";"70.89"
"2020";"6";"2";"2";"18";"3667";"320.";"2.5";"19.3";"34.";"1.";"188.31";"516.27";"57.54"
"2020";"6";"2";"2";"19";"3668";"320.";"2.1";"18.0";"41.";"4.";"47.33";"143.47";"28.92"
"2020";"6";"2";"2";"20";"3669";"332.";"1.3";"15.7";"51.";"5.";"0.00";"0.00";"0.00"
"2020";"6";"2";"2";"21";"3670";"289.";"0.7";"13.1";"59.";"3.";"0.00";"0.00";"0.00"
"2020";"6";"2";"2";"22";"3671";"205.";"0.4";"12.4";"65.";"1.";"0.00";"0.00";"0.00"
"2020";"6";"2";"2";"23";"3672";"183.";"0.8";"11.4";"70.";"2.";"0.00";"0.00";"0.00"
"2020";"6";"3";"3";"0";"3673";"153.";"1.0";"10.8";"74.";"1.";"0.00";"0.00";"0.00"
"2020";"6";"3";"3";"1";"3674";"155.";"0.9";"9.8";"80.";"1.";"0.00";"0.00";"0.00"
"2020";"6";"3";"3";"2";"3675";"135.";"1.3";"9.4";"84.";"0.";"0.00";"0.00";"0.00"
"2020";"6";"3";"3";"3";"3676";"132.";"1.1";"9.2";"80.";"0.";"0.00";"0.00";"0.00"
"2020";"6";"3";"3";"4";"3677";"115.";"1.4";"11.0";"75.";"1.";"49.44";"231.62";"19.25"
"2020";"6";"3";"3";"5";"3678";"134.";"1.3";"13.1";"67.";"4.";"153.53";"267.95";"85.16"
"2020";"6";"3";"3";"6";"3679";"161.";"1.8";"14.5";"61.";"4.";"281.66";"344.41";"149.28"
"2020";"6";"3";"3";"7";"3680";"172.";"2.2";"15.8";"57.";"4.";"407.87";"381.31";"213.71"
"2020";"6";"3";"3";"8";"3681";"183.";"2.6";"17.3";"59.";"6.";"452.73";"207.26";"324.00"
"2020";"6";"3";"3";"9";"3682";"193.";"2.6";"18.4";"61.";"7.";"301.87";"106.96";"225.66"
"2020";"6";"3";"3";"10";"3683";"223.";"3.1";"18.5";"61.";"8.";"497.21";"0.00";"497.21"
"2020";"6";"3";"3";"11";"3684";"226.";"3.2";"18.7";"63.";"7.";"562.39";"99.80";"481.50"
"2020";"6";"3";"3";"12";"3685";"223.";"2.4";"19.4";"62.";"8.";"262.35";"0.00";"262.35"
"2020";"6";"3";"3";"13";"3686";"232.";"2.5";"19.9";"62.";"7.";"315.89";"84.20";"250.46"
"2020";"6";"3";"3";"14";"3687";"228.";"2.7";"20.1";"60.";"5.";"432.63";"295.15";"222.34"
"2020";"6";"3";"3";"15";"3688";"229.";"2.8";"20.0";"57.";"8.";"384.60";"0.00";"384.60"
"2020";"6";"3";"3";"16";"3689";"224.";"2.3";"19.7";"56.";"6.";"350.41";"192.50";"252.39"
"2020";"6";"3";"3";"17";"3690";"221.";"2.1";"18.8";"58.";"7.";"211.95";"64.84";"187.03"
"2020";"6";"3";"3";"18";"3691";"222.";"2.3";"18.0";"63.";"8.";"109.44";"0.00";"109.44"
"2020";"6";"3";"3";"19";"3692";"226.";"2.0";"17.4";"65.";"7.";"16.04";"25.06";"12.78"
"2020";"6";"3";"3";"20";"3693";"214.";"1.5";"16.4";"69.";"8.";"0.00";"0.00";"0.00"
"2020";"6";"3";"3";"21";"3694";"207.";"1.2";"15.6";"75.";"8.";"0.00";"0.00";"0.00"
"2020";"6";"3";"3";"22";"3695";"185.";"2.1";"15.3";"73.";"8.";"0.00";"0.00";"0.00"
"2020";"6";"3";"3";"23";"3696";"167.";"3.3";"15.2";"68.";"8.";"0.00";"0.00";"0.00"
"2020";"6";"4";"4";"0";"3697";"161.";"4.3";"14.0";"58.";"5.";"0.00";"0.00";"0.00"
"2020";"6";"4";"4";"1";"3698";"154.";"3.4";"12.9";"54.";"7.";"0.00";"0.00";"0.00"
"2020";"6";"4";"4";"2";"3699";"146.";"2.9";"11.6";"57.";"8.";"0.00";"0.00";"0.00"
"2020";"6";"4";"4";"3";"3700";"141.";"3.2";"11.1";"61.";"6.";"0.00";"0.00";"0.00"
"2020";"6";"4";"4";"4";"3701";"134.";"3.5";"11.2";"59.";"6.";"47.57";"78.45";"37.20"
"2020";"6";"4";"4";"5";"3702";"129.";"3.3";"12.8";"53.";"2.";"183.21";"436.87";"70.97"
"2020";"6";"4";"4";"6";"3703";"119.";"4.3";"14.4";"46.";"4.";"290.94";"370.06";"148.08"
"2020";"6";"4";"4";"7";"3704";"115.";"5.2";"15.5";"40.";"1.";"480.24";"676.53";"134.71"
"2020";"6";"4";"4";"8";"3705";"113.";"4.5";"16.7";"36.";"0.";"640.44";"834.90";"120.68"
"2020";"6";"4";"4";"9";"3706";"118.";"4.3";"18.1";"33.";"0.";"754.74";"878.73";"127.47"
"2020";"6";"4";"4";"10";"3707";"121.";"4.4";"19.3";"32.";"4.";"705.14";"458.93";"347.92"
"2020";"6";"4";"4";"11";"3708";"132.";"3.9";"20.5";"30.";"3.";"768.21";"550.13";"321.61"
"2020";"6";"4";"4";"12";"3709";"132.";"4.5";"21.1";"30.";"2.";"794.21";"662.20";"256.64"
"2020";"6";"4";"4";"13";"3710";"149.";"3.1";"21.0";"33.";"3.";"706.51";"505.77";"312.82"
"2020";"6";"4";"4";"14";"3711";"136.";"3.6";"21.1";"33.";"6.";"541.87";"216.44";"387.37"
"2020";"6";"4";"4";"15";"3712";"137.";"3.7";"20.8";"37.";"7.";"430.95";"109.89";"362.54"
"2020";"6";"4";"4";"16";"3713";"131.";"4.3";"20.4";"38.";"5.";"382.49";"285.73";"236.56"
"2020";"6";"4";"4";"17";"3714";"124.";"4.6";"19.8";"38.";"7.";"234.53";"89.82";"199.86"
"2020";"6";"4";"4";"18";"3715";"117.";"5.4";"19.2";"39.";"7.";"132.94";"73.18";"114.13"
"2020";"6";"4";"4";"19";"3716";"115.";"5.2";"18.3";"41.";"8.";"39.64";"0.00";"39.64"
"2020";"6";"4";"4";"20";"3717";"111.";"4.9";"17.3";"45.";"8.";"0.00";"0.00";"0.00"
"2020";"6";"4";"4";"21";"3718";"111.";"5.6";"16.4";"48.";"7.";"0.00";"0.00";"0.00"
"2020";"6";"4";"4";"22";"3719";"109.";"6.3";"15.5";"51.";"8.";"0.00";"0.00";"0.00"
"2020";"6";"4";"4";"23";"3720";"108.";"6.6";"14.8";"49.";"8.";"0.00";"0.00";"0.00"
"2020";"6";"5";"5";"0";"3721";"112.";"6.1";"14.1";"53.";"8.";"0.00";"0.00";"0.00"
"2020";"6";"5";"5";"1";"3722";"109.";"6.7";"13.7";"56.";"8.";"0.00";"0.00";"0.00"
"2020";"6";"5";"5";"2";"3723";"110.";"6.6";"13.5";"58.";"7.";"0.00";"0.00";"0.00"
"2020";"6";"5";"5";"3";"3724";"117.";"6.3";"13.1";"64.";"8.";"0.00";"0.00";"0.00"
"2020";"6";"5";"5";"4";"3725";"104.";"5.8";"11.5";"82.";"8.";"8.20";"0.00";"8.20"
"2020";"6";"5";"5";"5";"3726";"100.";"6.3";"11.1";"88.";"8.";"30.50";"0.00";"30.50"
"2020";"6";"5";"5";"6";"3727";"103.";"6.8";"11.2";"92.";"8.";"55.12";"0.00";"55.12"
"2020";"6";"5";"5";"7";"3728";"100.";"6.5";"11.5";"92.";"8.";"79.42";"0.00";"79.42"
"2020";"6";"5";"5";"8";"3729";"109.";"6.9";"11.7";"92.";"8.";"100.60";"0.00";"100.60"
"2020";"6";"5";"5";"9";"3730";"129.";"5.4";"12.2";"92.";"8.";"123.84";"0.00";"123.84"
"2020";"6";"5";"5";"10";"3731";"160.";"2.5";"12.4";"91.";"8.";"132.38";"0.00";"132.38"
"2020";"6";"5";"5";"11";"3732";"222.";"2.9";"12.4";"89.";"8.";"154.12";"0.00";"154.12"
"2020";"6";"5";"5";"12";"3733";"222.";"3.1";"12.3";"89.";"8.";"146.53";"0.00";"146.53"
"2020";"6";"5";"5";"13";"3734";"226.";"4.0";"12.6";"83.";"7.";"211.22";"60.27";"164.23"
"2020";"6";"5";"5";"14";"3735";"221.";"3.8";"13.4";"78.";"4.";"517.13";"461.19";"187.33"
"2020";"6";"5";"5";"15";"3736";"214.";"4.2";"14.1";"71.";"4.";"437.22";"431.13";"168.24"
"2020";"6";"5";"5";"16";"3737";"202.";"3.7";"14.4";"64.";"0.";"497.56";"801.15";"87.22"
"2020";"6";"5";"5";"17";"3738";"204.";"3.0";"14.2";"63.";"3.";"301.42";"453.96";"125.47"
"2020";"6";"5";"5";"18";"3739";"186.";"2.7";"13.7";"66.";"1.";"177.71";"492.55";"50.34"
"2020";"6";"5";"5";"19";"3740";"180.";"2.8";"12.4";"73.";"4.";"43.23";"132.43";"25.48"
"2020";"6";"5";"5";"20";"3741";"153.";"1.8";"10.3";"81.";"0.";"0.00";"0.00";"0.00"
"2020";"6";"5";"5";"21";"3742";"113.";"1.5";"8.7";"85.";"1.";"0.00";"0.00";"0.00"
"2020";"6";"5";"5";"22";"3743";"102.";"1.9";"7.9";"88.";"0.";"0.00";"0.00";"0.00"
"2020";"6";"5";"5";"23";"3744";"77.";"1.6";"7.4";"90.";"1.";"0.00";"0.00";"0.00"
"2020";"6";"6";"6";"0";"3745";"76.";"1.8";"7.3";"92.";"4.";"0.00";"0.00";"0.00"
"2020";"6";"6";"6";"1";"3746";"77.";"1.9";"7.4";"92.";"4.";"0.00";"0.00";"0.00"
"2020";"6";"6";"6";"2";"3747";"77.";"2.2";"7.4";"91.";"4.";"0.00";"0.00";"0.00"
"2020";"6";"6";"6";"3";"3748";"76.";"2.4";"7.2";"92.";"0.";"0.00";"0.00";"0.00"
"2020";"6";"6";"6";"4";"3749";"71.";"2.1";"8.2";"89.";"2.";"48.82";"206.09";"20.86"
"2020";"6";"6";"6";"5";"3750";"84.";"2.0";"10.1";"82.";"1.";"180.74";"505.65";"49.19"
"2020";"6";"6";"6";"6";"3751";"83.";"1.8";"12.5";"73.";"0.";"355.85";"736.41";"69.34"
"2020";"6";"6";"6";"7";"3752";"117.";"1.7";"14.6";"65.";"1.";"463.81";"713.28";"97.51"
"2020";"6";"6";"6";"8";"3753";"141.";"1.6";"15.1";"59.";"6.";"323.80";"211.09";"191.83"
"2020";"6";"6";"6";"9";"3754";"196.";"3.0";"14.4";"71.";"7.";"308.17";"113.30";"227.01"
"2020";"6";"6";"6";"10";"3755";"226.";"3.5";"14.1";"66.";"5.";"497.88";"336.62";"235.06"
"2020";"6";"6";"6";"11";"3756";"233.";"3.8";"14.7";"65.";"8.";"536.26";"0.00";"536.26"
"2020";"6";"6";"6";"12";"3757";"235.";"5.0";"14.4";"72.";"7.";"352.97";"108.50";"264.64"
"2020";"6";"6";"6";"13";"3758";"249.";"7.2";"14.3";"72.";"8.";"245.16";"0.00";"245.16"
"2020";"6";"6";"6";"14";"3759";"245.";"6.6";"12.7";"71.";"8.";"133.90";"0.00";"133.90"
"2020";"6";"6";"6";"15";"3760";"246.";"7.3";"12.4";"72.";"8.";"99.04";"0.00";"99.04"
"2020";"6";"6";"6";"16";"3761";"249.";"6.8";"12.7";"68.";"8.";"182.14";"0.00";"182.14"
"2020";"6";"6";"6";"17";"3762";"241.";"6.0";"12.6";"72.";"6.";"124.60";"124.07";"76.33"
"2020";"6";"6";"6";"18";"3763";"228.";"5.5";"12.4";"72.";"8.";"34.24";"0.00";"34.24"
"2020";"6";"6";"6";"19";"3764";"231.";"6.3";"11.7";"75.";"8.";"16.83";"0.00";"16.83"
"2020";"6";"6";"6";"20";"3765";"227.";"6.3";"12.0";"72.";"8.";"0.00";"0.00";"0.00"
"2020";"6";"6";"6";"21";"3766";"222.";"6.4";"12.2";"72.";"4.";"0.00";"0.00";"0.00"
"2020";"6";"6";"6";"22";"3767";"218.";"6.2";"11.8";"70.";"5.";"0.00";"0.00";"0.00"
"2020";"6";"6";"6";"23";"3768";"215.";"6.3";"11.7";"72.";"1.";"0.00";"0.00";"0.00"
"2020";"6";"7";"7";"0";"3769";"211.";"6.4";"11.3";"73.";"2.";"0.00";"0.00";"0.00"
"2020";"6";"7";"7";"1";"3770";"216.";"6.5";"11.1";"76.";"5.";"0.00";"0.00";"0.00"
"2020";"6";"7";"7";"2";"3771";"214.";"6.0";"11.1";"77.";"6.";"0.00";"0.00";"0.00"
"2020";"6";"7";"7";"3";"3772";"216.";"6.6";"11.4";"75.";"8.";"0.00";"0.00";"0.00"
"2020";"6";"7";"7";"4";"3773";"216.";"6.5";"11.7";"75.";"8.";"16.85";"0.00";"16.85"
"2020";"6";"7";"7";"5";"3774";"217.";"6.3";"12.2";"75.";"8.";"57.59";"0.00";"57.59"
"2020";"6";"7";"7";"6";"3775";"215.";"6.5";"12.8";"71.";"8.";"105.19";"0.00";"105.19"
"2020";"6";"7";"7";"7";"3776";"203.";"5.4";"13.4";"69.";"8.";"151.85";"0.00";"151.85"
"2020";"6";"7";"7";"8";"3777";"189.";"5.2";"14.1";"69.";"7.";"262.01";"107.68";"194.56"
"2020";"6";"7";"7";"9";"3778";"182.";"5.6";"15.2";"67.";"2.";"632.61";"640.50";"173.09"
"2020";"6";"7";"7";"10";"3779";"197.";"6.1";"16.4";"61.";"1.";"759.56";"747.93";"174.80"
"2020";"6";"7";"7";"11";"3780";"200.";"6.3";"16.8";"55.";"3.";"757.51";"576.90";"287.23"
"2020";"6";"7";"7";"12";"3781";"199.";"6.1";"16.9";"52.";"4.";"707.40";"428.26";"358.29"
"2020";"6";"7";"7";"13";"3782";"199.";"5.6";"17.3";"50.";"3.";"703.56";"497.98";"314.21"
"2020";"6";"7";"7";"14";"3783";"206.";"5.5";"17.2";"46.";"2.";"689.92";"635.83";"233.75"
"2020";"6";"7";"7";"15";"3784";"216.";"5.4";"16.9";"52.";"4.";"523.82";"397.07";"275.10"
"2020";"6";"7";"7";"16";"3785";"206.";"4.9";"16.2";"55.";"7.";"333.66";"95.10";"284.70"
"2020";"6";"7";"7";"17";"3786";"213.";"4.7";"16.2";"56.";"8.";"213.07";"0.00";"213.07"
"2020";"6";"7";"7";"18";"3787";"215.";"4.8";"15.5";"57.";"6.";"147.89";"140.56";"111.11"
"2020";"6";"7";"7";"19";"3788";"203.";"4.5";"14.5";"65.";"5.";"41.90";"94.53";"28.93"
"2020";"6";"7";"7";"20";"3789";"195.";"2.8";"12.9";"71.";"0.";"0.00";"0.00";"0.00"
"2020";"6";"7";"7";"21";"3790";"175.";"2.2";"11.3";"82.";"0.";"0.00";"0.00";"0.00"
"2020";"6";"7";"7";"22";"3791";"172.";"2.0";"10.4";"86.";"0.";"0.00";"0.00";"0.00"
"2020";"6";"7";"7";"23";"3792";"156.";"1.1";"9.7";"90.";"0.";"0.00";"0.00";"0.00"
"2020";"6";"8";"1";"0";"3793";"168.";"0.7";"9.2";"89.";"0.";"0.00";"0.00";"0.00"
"2020";"6";"8";"1";"1";"3794";"156.";"0.6";"9.1";"89.";"1.";"0.00";"0.00";"0.00"
"2020";"6";"8";"1";"2";"3795";"176.";"0.5";"8.3";"91.";"0.";"0.00";"0.00";"0.00"
"2020";"6";"8";"1";"3";"3796";"167.";"0.7";"8.4";"91.";"1.";"0.00";"0.00";"0.00"
"2020";"6";"8";"1";"4";"3797";"180.";"0.7";"9.4";"89.";"1.";"53.25";"242.47";"19.62"
"2020";"6";"8";"1";"5";"3798";"165.";"0.8";"12.2";"83.";"0.";"189.09";"522.80";"51.59"
"2020";"6";"8";"1";"6";"3799";"164.";"0.9";"14.2";"74.";"0.";"336.25";"621.45";"92.82"
"2020";"6";"8";"1";"7";"3800";"218.";"1.1";"15.1";"68.";"4.";"342.09";"391.00";"140.32"
"2020";"6";"8";"1";"8";"3801";"231.";"1.2";"15.5";"64.";"4.";"435.11";"407.32";"179.52"
"2020";"6";"8";"1";"9";"3802";"238.";"1.7";"16.1";"61.";"1.";"687.74";"732.13";"161.71"
"2020";"6";"8";"1";"10";"3803";"250.";"3.0";"17.1";"57.";"0.";"822.27";"866.72";"143.76"
"2020";"6";"8";"1";"11";"3804";"255.";"3.3";"17.6";"56.";"1.";"828.46";"777.99";"193.50"
"2020";"6";"8";"1";"12";"3805";"260.";"3.5";"17.6";"57.";"1.";"799.57";"762.62";"177.15"
"2020";"6";"8";"1";"13";"3806";"261.";"3.6";"17.4";"58.";"1.";"758.09";"738.45";"180.00"
"2020";"6";"8";"1";"14";"3807";"263.";"3.4";"17.8";"54.";"2.";"669.26";"592.21";"243.76"
"2020";"6";"8";"1";"15";"3808";"277.";"3.3";"17.6";"53.";"3.";"493.87";"536.29";"157.35"
"2020";"6";"8";"1";"16";"3809";"293.";"3.5";"17.4";"55.";"1.";"481.33";"701.65";"119.26"
"2020";"6";"8";"1";"17";"3810";"300.";"3.3";"16.6";"59.";"2.";"294.78";"519.71";"91.20"
"2020";"6";"8";"1";"18";"3811";"308.";"3.2";"15.5";"64.";"3.";"148.56";"341.65";"58.70"
"2020";"6";"8";"1";"19";"3812";"317.";"2.8";"14.4";"66.";"2.";"46.94";"187.22";"20.97"
"2020";"6";"8";"1";"20";"3813";"309.";"2.6";"13.0";"75.";"2.";"0.00";"0.00";"0.00"
"2020";"6";"8";"1";"21";"3814";"313.";"1.9";"11.7";"83.";"2.";"0.00";"0.00";"0.00"
"2020";"6";"8";"1";"22";"3815";"326.";"1.5";"11.0";"87.";"0.";"0.00";"0.00";"0.00"
"2020";"6";"8";"1";"23";"3816";"309.";"1.6";"10.1";"90.";"1.";"0.00";"0.00";"0.00"
"2020";"6";"9";"2";"0";"3817";"316.";"1.5";"9.3";"91.";"0.";"0.00";"0.00";"0.00"
"2020";"6";"9";"2";"1";"3818";"10.";"0.8";"8.4";"92.";"2.";"0.00";"0.00";"0.00"
"2020";"6";"9";"2";"2";"3819";"344.";"0.3";"7.7";"93.";"2.";"0.00";"0.00";"0.00"
"2020";"6";"9";"2";"3";"3820";"324.";"1.0";"7.7";"94.";"2.";"0.00";"0.00";"0.00"
"2020";"6";"9";"2";"4";"3821";"334.";"1.5";"9.4";"91.";"2.";"47.19";"166.91";"23.81"
"2020";"6";"9";"2";"5";"3822";"8.";"1.9";"11.9";"83.";"3.";"141.69";"266.26";"71.32"
"2020";"6";"9";"2";"6";"3823";"359.";"1.2";"13.3";"74.";"7.";"224.59";"71.94";"196.32"
"2020";"6";"9";"2";"7";"3824";"281.";"1.4";"14.2";"69.";"8.";"299.74";"0.00";"299.74"
"2020";"6";"9";"2";"8";"3825";"262.";"1.5";"14.7";"67.";"8.";"386.02";"0.00";"386.02"
"2020";"6";"9";"2";"9";"3826";"269.";"1.8";"15.7";"61.";"8.";"448.46";"0.00";"448.46"
"2020";"6";"9";"2";"10";"3827";"267.";"1.9";"16.8";"61.";"7.";"548.17";"104.09";"466.59"
"2020";"6";"9";"2";"11";"3828";"258.";"2.8";"17.2";"58.";"7.";"344.21";"93.89";"267.49"
"2020";"6";"9";"2";"12";"3829";"258.";"4.1";"17.3";"59.";"3.";"645.05";"463.89";"266.02"
"2020";"6";"9";"2";"13";"3830";"257.";"3.8";"17.3";"58.";"0.";"801.24";"762.34";"203.73"
"2020";"6";"9";"2";"14";"3831";"255.";"3.3";"17.3";"57.";"2.";"622.73";"581.74";"204.18"
"2020";"6";"9";"2";"15";"3832";"261.";"3.3";"17.1";"56.";"1.";"574.58";"639.81";"172.44"
"2020";"6";"9";"2";"16";"3833";"266.";"2.8";"16.5";"56.";"1.";"465.10";"691.52";"107.48"
"2020";"6";"9";"2";"17";"3834";"273.";"2.3";"16.2";"56.";"1.";"322.67";"592.29";"89.95"
"2020";"6";"9";"2";"18";"3835";"288.";"2.4";"15.5";"59.";"1.";"182.64";"488.38";"53.56"
"2020";"6";"9";"2";"19";"3836";"299.";"2.3";"14.4";"64.";"2.";"53.23";"204.89";"24.53"
"2020";"6";"9";"2";"20";"3837";"307.";"1.8";"12.6";"73.";"2.";"0.00";"0.00";"0.00"
"2020";"6";"9";"2";"21";"3838";"324.";"1.6";"10.9";"81.";"2.";"0.00";"0.00";"0.00"
"2020";"6";"9";"2";"22";"3839";"320.";"1.7";"9.8";"85.";"0.";"0.00";"0.00";"0.00"
"2020";"6";"9";"2";"23";"3840";"331.";"1.4";"9.5";"86.";"0.";"0.00";"0.00";"0.00"
"2020";"6";"10";"3";"0";"3841";"336.";"1.4";"8.8";"88.";"1.";"0.00";"0.00";"0.00"
"2020";"6";"10";"3";"1";"3842";"339.";"1.2";"8.9";"89.";"2.";"0.00";"0.00";"0.00"
"2020";"6";"10";"3";"2";"3843";"343.";"1.3";"8.4";"91.";"0.";"0.00";"0.00";"0.00"
"2020";"6";"10";"3";"3";"3844";"12.";"1.1";"8.1";"91.";"0.";"0.00";"0.00";"0.00"
"2020";"6";"10";"3";"4";"3845";"17.";"1.4";"9.2";"89.";"2.";"50.37";"190.09";"23.50"
"2020";"6";"10";"3";"5";"3846";"14.";"1.8";"12.1";"80.";"1.";"173.73";"393.64";"69.22"
"2020";"6";"10";"3";"6";"3847";"17.";"1.9";"14.4";"68.";"2.";"312.81";"453.86";"133.98"
"2020";"6";"10";"3";"7";"3848";"5.";"1.7";"16.2";"61.";"0.";"496.38";"759.10";"103.03"
"2020";"6";"10";"3";"8";"3849";"350.";"1.6";"17.9";"56.";"5.";"499.39";"286.74";"318.88"
"2020";"6";"10";"3";"9";"3850";"313.";"1.3";"19.0";"52.";"6.";"560.34";"206.95";"411.26"
"2020";"6";"10";"3";"10";"3851";"307.";"1.8";"20.3";"50.";"7.";"575.92";"99.91";"497.53"
"2020";"6";"10";"3";"11";"3852";"332.";"1.6";"20.3";"53.";"8.";"515.90";"0.00";"515.90"
"2020";"6";"10";"3";"12";"3853";"343.";"1.8";"21.0";"53.";"7.";"607.10";"104.91";"521.28"
"2020";"6";"10";"3";"13";"3854";"324.";"2.4";"20.7";"52.";"6.";"579.72";"193.40";"427.97"
"2020";"6";"10";"3";"14";"3855";"322.";"2.9";"21.1";"48.";"5.";"563.56";"290.19";"354.51"
"2020";"6";"10";"3";"15";"3856";"326.";"3.5";"21.2";"49.";"7.";"420.94";"98.71";"358.81"
"2020";"6";"10";"3";"16";"3857";"326.";"2.8";"20.9";"49.";"7.";"227.52";"63.18";"194.78"
"2020";"6";"10";"3";"17";"3858";"333.";"2.7";"20.4";"50.";"8.";"211.91";"0.00";"211.91"
"2020";"6";"10";"3";"18";"3859";"14.";"2.3";"19.8";"51.";"8.";"128.86";"0.00";"128.86"
"2020";"6";"10";"3";"19";"3860";"24.";"2.4";"19.3";"51.";"8.";"37.40";"0.00";"37.40"
"2020";"6";"10";"3";"20";"3861";"77.";"2.3";"18.1";"55.";"5.";"0.00";"0.00";"0.00"
"2020";"6";"10";"3";"21";"3862";"89.";"2.3";"16.6";"58.";"7.";"0.00";"0.00";"0.00"
"2020";"6";"10";"3";"22";"3863";"79.";"1.8";"17.0";"58.";"8.";"0.00";"0.00";"0.00"
"2020";"6";"10";"3";"23";"3864";"64.";"1.9";"16.4";"57.";"8.";"0.00";"0.00";"0.00"
"2020";"6";"11";"4";"0";"3865";"58.";"1.4";"16.2";"58.";"8.";"0.00";"0.00";"0.00"
"2020";"6";"11";"4";"1";"3866";"55.";"2.1";"15.7";"60.";"8.";"0.00";"0.00";"0.00"
"2020";"6";"11";"4";"2";"3867";"54.";"2.6";"15.5";"62.";"8.";"0.00";"0.00";"0.00"
"2020";"6";"11";"4";"3";"3868";"58.";"3.2";"15.4";"60.";"7.";"0.00";"0.00";"0.00"
"2020";"6";"11";"4";"4";"3869";"60.";"4.6";"15.1";"57.";"2.";"57.52";"210.87";"27.48"
"2020";"6";"11";"4";"5";"3870";"62.";"5.9";"15.8";"47.";"2.";"191.08";"443.33";"72.90"
"2020";"6";"11";"4";"6";"3871";"59.";"6.1";"16.8";"41.";"2.";"319.69";"440.55";"145.66"
"2020";"6";"11";"4";"7";"3872";"55.";"6.6";"17.7";"38.";"1.";"488.47";"672.70";"139.25"
"2020";"6";"11";"4";"8";"3873";"52.";"6.1";"19.2";"36.";"8.";"243.68";"0.00";"243.68"
"2020";"6";"11";"4";"9";"3874";"49.";"5.9";"20.7";"34.";"6.";"554.40";"185.61";"420.54"
"2020";"6";"11";"4";"10";"3875";"51.";"6.1";"21.8";"32.";"8.";"542.55";"0.00";"542.55"
"2020";"6";"11";"4";"11";"3876";"58.";"6.9";"22.4";"32.";"6.";"649.31";"202.73";"483.34"
"2020";"6";"11";"4";"12";"3877";"62.";"6.3";"23.6";"33.";"7.";"575.91";"101.82";"492.55"
"2020";"6";"11";"4";"13";"3878";"66.";"6.3";"24.3";"34.";"8.";"549.89";"0.00";"549.89"
"2020";"6";"11";"4";"14";"3879";"70.";"6.6";"24.0";"34.";"8.";"505.14";"0.00";"505.14"
"2020";"6";"11";"4";"15";"3880";"64.";"6.1";"23.9";"33.";"8.";"425.35";"0.00";"425.35"
"2020";"6";"11";"4";"16";"3881";"68.";"6.0";"23.5";"31.";"8.";"323.72";"0.00";"323.72"
"2020";"6";"11";"4";"17";"3882";"67.";"6.3";"23.1";"29.";"8.";"241.94";"0.00";"241.94"
"2020";"6";"11";"4";"18";"3883";"63.";"6.1";"22.7";"28.";"7.";"149.68";"76.21";"129.37"
"2020";"6";"11";"4";"19";"3884";"58.";"5.6";"21.5";"31.";"7.";"50.68";"42.61";"44.60"
"2020";"6";"11";"4";"20";"3885";"58.";"5.1";"20.1";"34.";"8.";"0.00";"0.00";"0.00"
"2020";"6";"11";"4";"21";"3886";"52.";"4.1";"19.4";"36.";"7.";"0.00";"0.00";"0.00"
"2020";"6";"11";"4";"22";"3887";"54.";"4.0";"18.8";"37.";"8.";"0.00";"0.00";"0.00"
"2020";"6";"11";"4";"23";"3888";"58.";"4.2";"18.3";"38.";"7.";"0.00";"0.00";"0.00"
"2020";"6";"12";"5";"0";"3889";"58.";"4.2";"17.7";"39.";"8.";"0.00";"0.00";"0.00"
"2020";"6";"12";"5";"1";"3890";"57.";"4.2";"17.4";"41.";"8.";"0.00";"0.00";"0.00"
"2020";"6";"12";"5";"2";"3891";"53.";"4.1";"16.8";"43.";"8.";"0.00";"0.00";"0.00"
"2020";"6";"12";"5";"3";"3892";"54.";"4.3";"16.7";"45.";"8.";"0.00";"0.00";"0.00"
"2020";"6";"12";"5";"4";"3893";"64.";"4.9";"16.5";"47.";"8.";"42.55";"0.00";"42.55"
"2020";"6";"12";"5";"5";"3894";"65.";"5.4";"16.8";"47.";"8.";"125.78";"0.00";"125.78"
"2020";"6";"12";"5";"6";"3895";"67.";"5.6";"18.1";"48.";"7.";"236.16";"84.13";"202.85"
"2020";"6";"12";"5";"7";"3896";"72.";"5.7";"19.9";"46.";"8.";"304.17";"0.00";"304.17"
"2020";"6";"12";"5";"8";"3897";"80.";"7.4";"22.2";"42.";"6.";"446.51";"177.92";"334.21"
"2020";"6";"12";"5";"9";"3898";"82.";"7.0";"22.5";"41.";"5.";"556.00";"265.68";"364.18"
"2020";"6";"12";"5";"10";"3899";"82.";"7.8";"22.4";"42.";"6.";"585.43";"197.63";"430.06"
"2020";"6";"12";"5";"11";"3900";"82.";"6.8";"22.1";"43.";"8.";"535.09";"0.00";"535.09"
"2020";"6";"12";"5";"12";"3901";"81.";"7.9";"22.5";"44.";"8.";"537.57";"0.00";"537.57"
"2020";"6";"12";"5";"13";"3902";"83.";"7.5";"23.7";"42.";"7.";"584.91";"107.91";"500.08"
"2020";"6";"12";"5";"14";"3903";"85.";"6.7";"25.1";"35.";"4.";"608.29";"409.72";"312.48"
"2020";"6";"12";"5";"15";"3904";"88.";"6.5";"24.8";"34.";"7.";"427.09";"101.46";"363.05"
"2020";"6";"12";"5";"16";"3905";"88.";"6.7";"24.7";"32.";"5.";"390.38";"295.87";"236.54"
"2020";"6";"12";"5";"17";"3906";"89.";"6.8";"23.6";"33.";"6.";"268.70";"182.73";"196.34"
"2020";"6";"12";"5";"18";"3907";"88.";"5.4";"23.0";"33.";"8.";"136.44";"0.00";"136.44"
"2020";"6";"12";"5";"19";"3908";"88.";"5.0";"22.0";"35.";"8.";"45.59";"0.00";"45.59"
"2020";"6";"12";"5";"20";"3909";"86.";"4.0";"20.9";"37.";"8.";"0.00";"0.00";"0.00"
"2020";"6";"12";"5";"21";"3910";"88.";"5.2";"19.9";"39.";"8.";"0.00";"0.00";"0.00"
"2020";"6";"12";"5";"22";"3911";"87.";"4.3";"19.0";"42.";"8.";"0.00";"0.00";"0.00"
"2020";"6";"12";"5";"23";"3912";"83.";"4.5";"18.0";"44.";"8.";"0.00";"0.00";"0.00"
"2020";"6";"13";"6";"0";"3913";"80.";"4.3";"17.2";"47.";"8.";"0.00";"0.00";"0.00"
"2020";"6";"13";"6";"1";"3914";"78.";"3.7";"16.5";"49.";"6.";"0.00";"0.00";"0.00"
"2020";"6";"13";"6";"2";"3915";"74.";"4.1";"15.9";"51.";"4.";"0.00";"0.00";"0.00"
"2020";"6";"13";"6";"3";"3916";"74.";"4.1";"15.6";"54.";"7.";"0.00";"0.00";"0.00"
"2020";"6";"13";"6";"4";"3917";"80.";"4.2";"15.7";"57.";"7.";"44.18";"36.73";"38.87"
"2020";"6";"13";"6";"5";"3918";"80.";"4.0";"16.2";"62.";"7.";"133.72";"71.55";"114.51"
"2020";"6";"13";"6";"6";"3919";"82.";"4.1";"17.9";"64.";"8.";"212.43";"0.00";"212.43"
"2020";"6";"13";"6";"7";"3920";"87.";"4.2";"20.1";"62.";"5.";"296.84";"295.23";"143.09"
"2020";"6";"13";"6";"8";"3921";"91.";"5.7";"22.0";"59.";"3.";"479.83";"497.42";"165.51"
"2020";"6";"13";"6";"9";"3922";"94.";"5.0";"23.0";"58.";"6.";"374.95";"216.90";"218.20"
"2020";"6";"13";"6";"10";"3923";"97.";"5.6";"24.1";"56.";"8.";"502.87";"0.00";"502.87"
"2020";"6";"13";"6";"11";"3924";"98.";"5.6";"24.8";"55.";"8.";"520.55";"0.00";"520.55"
"2020";"6";"13";"6";"12";"3925";"95.";"5.2";"25.4";"53.";"5.";"659.24";"332.49";"386.59"
"2020";"6";"13";"6";"13";"3926";"100.";"5.7";"26.1";"48.";"8.";"505.16";"0.00";"505.16"
"2020";"6";"13";"6";"14";"3927";"101.";"5.1";"26.8";"42.";"8.";"454.83";"0.00";"454.83"
"2020";"6";"13";"6";"15";"3928";"100.";"4.8";"27.1";"41.";"4.";"522.48";"403.23";"267.68"
"2020";"6";"13";"6";"16";"3929";"94.";"4.2";"26.7";"42.";"3.";"434.72";"490.31";"179.38"
"2020";"6";"13";"6";"17";"3930";"88.";"4.5";"26.2";"40.";"3.";"305.22";"446.34";"128.10"
"2020";"6";"13";"6";"18";"3931";"90.";"4.1";"24.9";"38.";"1.";"188.39";"486.85";"57.68"
"2020";"6";"13";"6";"19";"3932";"103.";"4.3";"23.7";"38.";"0.";"61.56";"287.00";"20.08"
"2020";"6";"13";"6";"20";"3933";"100.";"4.1";"21.9";"41.";"0.";"0.00";"0.00";"0.00"
"2020";"6";"13";"6";"21";"3934";"104.";"4.9";"20.3";"45.";"1.";"0.00";"0.00";"0.00"
"2020";"6";"13";"6";"22";"3935";"103.";"4.7";"18.9";"47.";"0.";"0.00";"0.00";"0.00"
"2020";"6";"13";"6";"23";"3936";"100.";"3.7";"17.2";"53.";"0.";"0.00";"0.00";"0.00"
"2020";"6";"14";"7";"0";"3937";"87.";"2.9";"15.5";"59.";"0.";"0.00";"0.00";"0.00"
"2020";"6";"14";"7";"1";"3938";"75.";"2.8";"14.5";"63.";"2.";"0.00";"0.00";"0.00"
"2020";"6";"14";"7";"2";"3939";"71.";"3.1";"13.8";"65.";"1.";"0.00";"0.00";"0.00"
"2020";"6";"14";"7";"3";"3940";"68.";"3.3";"13.3";"64.";"0.";"0.00";"0.00";"0.00"
"2020";"6";"14";"7";"4";"3941";"73.";"3.6";"14.0";"61.";"0.";"66.65";"305.11";"22.29"
"2020";"6";"14";"7";"5";"3942";"81.";"3.9";"15.8";"56.";"0.";"209.10";"591.32";"49.86"
"2020";"6";"14";"7";"6";"3943";"87.";"3.7";"17.8";"51.";"0.";"356.35";"721.67";"69.44"
"2020";"6";"14";"7";"7";"3944";"89.";"4.0";"19.8";"47.";"0.";"503.56";"784.84";"94.29"
"2020";"6";"14";"7";"8";"3945";"96.";"4.3";"21.6";"41.";"0.";"640.75";"839.40";"109.78"
"2020";"6";"14";"7";"9";"3946";"98.";"4.5";"23.0";"38.";"0.";"752.52";"874.16";"120.27"
"2020";"6";"14";"7";"10";"3947";"97.";"3.6";"23.8";"35.";"0.";"829.80";"878.14";"138.35"
"2020";"6";"14";"7";"11";"3948";"92.";"3.1";"24.7";"32.";"0.";"874.11";"900.30";"135.32"
"2020";"6";"14";"7";"12";"3949";"85.";"2.5";"25.3";"32.";"0.";"876.24";"916.81";"123.90"
"2020";"6";"14";"7";"13";"3950";"87.";"2.1";"25.5";"31.";"1.";"804.29";"796.39";"177.21"
"2020";"6";"14";"7";"14";"3951";"94.";"2.0";"25.8";"31.";"0.";"752.38";"868.14";"124.48"
"2020";"6";"14";"7";"15";"3952";"63.";"1.1";"25.3";"34.";"0.";"642.65";"860.42";"98.39"
"2020";"6";"14";"7";"16";"3953";"64.";"1.7";"24.9";"35.";"1.";"488.72";"724.13";"111.11"
"2020";"6";"14";"7";"17";"3954";"74.";"1.3";"24.4";"37.";"0.";"353.03";"715.96";"68.39"
"2020";"6";"14";"7";"18";"3955";"97.";"1.1";"23.5";"39.";"0.";"199.42";"567.81";"46.52"
"2020";"6";"14";"7";"19";"3956";"129.";"1.6";"21.9";"43.";"0.";"60.39";"280.91";"19.55"
"2020";"6";"14";"7";"20";"3957";"127.";"1.8";"20.7";"49.";"0.";"0.00";"0.00";"0.00"
"2020";"6";"14";"7";"21";"3958";"105.";"2.1";"19.6";"51.";"0.";"0.00";"0.00";"0.00"
"2020";"6";"14";"7";"22";"3959";"109.";"2.6";"18.7";"50.";"0.";"0.00";"0.00";"0.00"
"2020";"6";"14";"7";"23";"3960";"111.";"3.0";"17.2";"52.";"0.";"0.00";"0.00";"0.00"
"2020";"6";"15";"1";"0";"3961";"109.";"3.0";"15.6";"57.";"0.";"0.00";"0.00";"0.00"
"2020";"6";"15";"1";"1";"3962";"117.";"2.2";"14.5";"62.";"0.";"0.00";"0.00";"0.00"
"2020";"6";"15";"1";"2";"3963";"108.";"1.8";"12.8";"68.";"0.";"0.00";"0.00";"0.00"
"2020";"6";"15";"1";"3";"3964";"107.";"2.0";"13.0";"69.";"0.";"0.00";"0.00";"0.00"
"2020";"6";"15";"1";"4";"3965";"109.";"1.5";"14.2";"65.";"0.";"64.30";"292.60";"21.54"
"2020";"6";"15";"1";"5";"3966";"113.";"1.4";"16.4";"58.";"0.";"199.53";"535.85";"54.85"
"2020";"6";"15";"1";"6";"3967";"122.";"1.5";"18.6";"53.";"0.";"338.93";"577.97";"108.77"
"2020";"6";"15";"1";"7";"3968";"121.";"1.3";"20.7";"48.";"0.";"502.28";"789.14";"90.28"
"2020";"6";"15";"1";"8";"3969";"99.";"1.3";"21.9";"41.";"0.";"641.44";"844.65";"106.67"
"2020";"6";"15";"1";"9";"3970";"92.";"0.6";"23.1";"39.";"0.";"747.46";"847.57";"133.99"
"2020";"6";"15";"1";"10";"3971";"341.";"0.6";"23.6";"40.";"0.";"824.00";"863.45";"143.67"
"2020";"6";"15";"1";"11";"3972";"327.";"0.9";"23.7";"41.";"0.";"862.92";"867.54";"150.58"
"2020";"6";"15";"1";"12";"3973";"300.";"3.5";"24.1";"40.";"0.";"850.44";"806.67";"188.08"
"2020";"6";"15";"1";"13";"3974";"299.";"4.1";"24.4";"38.";"0.";"817.92";"831.52";"162.75"
"2020";"6";"15";"1";"14";"3975";"299.";"3.9";"24.2";"41.";"0.";"748.22";"872.83";"116.46"
"2020";"6";"15";"1";"15";"3976";"313.";"3.9";"24.4";"38.";"0.";"639.71";"848.56";"102.47"
"2020";"6";"15";"1";"16";"3977";"336.";"4.2";"24.7";"35.";"0.";"500.03";"755.29";"105.71"
"2020";"6";"15";"1";"17";"3978";"331.";"4.9";"24.5";"37.";"0.";"348.00";"660.97";"84.78"
"2020";"6";"15";"1";"18";"3979";"327.";"4.8";"23.2";"39.";"0.";"200.16";"559.63";"49.06"
"2020";"6";"15";"1";"19";"3980";"336.";"3.9";"21.5";"43.";"0.";"62.49";"294.25";"19.49"
"2020";"6";"15";"1";"20";"3981";"339.";"2.8";"19.5";"51.";"1.";"0.00";"0.00";"0.00"
"2020";"6";"15";"1";"21";"3982";"348.";"2.0";"18.1";"59.";"0.";"0.00";"0.00";"0.00"
"2020";"6";"15";"1";"22";"3983";"346.";"1.8";"17.3";"64.";"1.";"0.00";"0.00";"0.00"
"2020";"6";"15";"1";"23";"3984";"347.";"1.7";"16.5";"67.";"3.";"0.00";"0.00";"0.00"
"2020";"6";"16";"2";"0";"3985";"345.";"1.3";"15.6";"73.";"8.";"0.00";"0.00";"0.00"
"2020";"6";"16";"2";"1";"3986";"322.";"1.0";"14.1";"76.";"7.";"0.00";"0.00";"0.00"
"2020";"6";"16";"2";"2";"3987";"318.";"0.9";"12.6";"78.";"5.";"0.00";"0.00";"0.00"
"2020";"6";"16";"2";"3";"3988";"313.";"0.8";"12.7";"76.";"0.";"0.00";"0.00";"0.00"
"2020";"6";"16";"2";"4";"3989";"323.";"0.7";"14.5";"74.";"1.";"55.80";"231.66";"21.80"
"2020";"6";"16";"2";"5";"3990";"27.";"0.8";"16.6";"70.";"3.";"166.97";"318.63";"80.75"
"2020";"6";"16";"2";"6";"3991";"74.";"1.9";"18.4";"60.";"8.";"230.38";"0.00";"230.38"
"2020";"6";"16";"2";"7";"3992";"68.";"1.9";"21.1";"50.";"5.";"398.27";"287.65";"247.94"
"2020";"6";"16";"2";"8";"3993";"51.";"2.4";"23.7";"43.";"6.";"478.69";"203.78";"349.57"
"2020";"6";"16";"2";"9";"3994";"48.";"2.5";"25.1";"37.";"6.";"564.08";"211.45";"410.93"
"2020";"6";"16";"2";"10";"3995";"22.";"3.2";"25.3";"37.";"6.";"607.74";"190.63";"457.45"
"2020";"6";"16";"2";"11";"3996";"30.";"4.1";"25.3";"36.";"7.";"605.75";"100.14";"523.48"
"2020";"6";"16";"2";"12";"3997";"16.";"4.2";"26.2";"35.";"7.";"571.72";"100.49";"489.16"
"2020";"6";"16";"2";"13";"3998";"25.";"3.8";"24.8";"37.";"5.";"637.30";"323.76";"382.06"
"2020";"6";"16";"2";"14";"3999";"46.";"3.7";"25.7";"37.";"7.";"497.78";"102.87";"423.27"
"2020";"6";"16";"2";"15";"4000";"57.";"5.0";"25.5";"39.";"4.";"516.19";"396.07";"265.23"
"2020";"6";"16";"2";"16";"4001";"52.";"5.4";"25.1";"41.";"1.";"476.40";"681.79";"120.08"
"2020";"6";"16";"2";"17";"4002";"58.";"5.2";"24.6";"41.";"3.";"311.01";"453.71";"130.08"
"2020";"6";"16";"2";"18";"4003";"64.";"4.6";"23.3";"48.";"8.";"121.71";"0.00";"121.71"
"2020";"6";"16";"2";"19";"4004";"64.";"4.4";"21.3";"54.";"6.";"38.03";"61.71";"28.97"
"2020";"6";"16";"2";"20";"4005";"64.";"3.6";"20.0";"59.";"7.";"0.00";"0.00";"0.00"
"2020";"6";"16";"2";"21";"4006";"78.";"2.9";"18.7";"65.";"7.";"0.00";"0.00";"0.00"
"2020";"6";"16";"2";"22";"4007";"52.";"2.9";"17.9";"69.";"7.";"0.00";"0.00";"0.00"
"2020";"6";"16";"2";"23";"4008";"47.";"2.6";"17.2";"73.";"6.";"0.00";"0.00";"0.00"
"2020";"6";"17";"3";"0";"4009";"18.";"2.0";"16.7";"75.";"5.";"0.00";"0.00";"0.00"
"2020";"6";"17";"3";"1";"4010";"30.";"2.5";"16.3";"79.";"7.";"0.00";"0.00";"0.00"
"2020";"6";"17";"3";"2";"4011";"33.";"2.7";"15.9";"81.";"7.";"0.00";"0.00";"0.00"
"2020";"6";"17";"3";"3";"4012";"40.";"1.4";"15.2";"84.";"7.";"0.00";"0.00";"0.00"
"2020";"6";"17";"3";"4";"4013";"20.";"1.7";"16.1";"82.";"8.";"14.61";"0.00";"14.61"
"2020";"6";"17";"3";"5";"4014";"348.";"2.0";"16.4";"82.";"7.";"70.46";"42.77";"58.86"
"2020";"6";"17";"3";"6";"4015";"341.";"2.2";"16.2";"85.";"8.";"59.74";"0.00";"59.74"
"2020";"6";"17";"3";"7";"4016";"5.";"2.4";"17.8";"79.";"7.";"197.03";"86.67";"151.70"
"2020";"6";"17";"3";"8";"4017";"9.";"2.2";"19.6";"68.";"6.";"310.84";"180.62";"196.32"
"2020";"6";"17";"3";"9";"4018";"1.";"2.5";"21.5";"61.";"5.";"435.79";"292.54";"223.80"
"2020";"6";"17";"3";"10";"4019";"341.";"2.8";"22.4";"59.";"4.";"556.83";"415.69";"228.97"
"2020";"6";"17";"3";"11";"4020";"349.";"2.5";"22.1";"59.";"6.";"435.98";"219.95";"255.21"
"2020";"6";"17";"3";"12";"4021";"344.";"2.2";"21.6";"63.";"8.";"260.53";"0.00";"260.53"
"2020";"6";"17";"3";"13";"4022";"340.";"1.8";"20.9";"67.";"8.";"247.34";"0.00";"247.34"
"2020";"6";"17";"3";"14";"4023";"340.";"1.5";"20.8";"64.";"8.";"225.50";"0.00";"225.50"
"2020";"6";"17";"3";"15";"4024";"349.";"1.7";"20.7";"63.";"8.";"190.89";"0.00";"190.89"
"2020";"6";"17";"3";"16";"4025";"338.";"2.1";"21.1";"60.";"8.";"150.10";"0.00";"150.10"
"2020";"6";"17";"3";"17";"4026";"334.";"2.3";"21.2";"59.";"8.";"104.66";"0.00";"104.66"
"2020";"6";"17";"3";"18";"4027";"351.";"2.2";"21.1";"61.";"6.";"95.20";"132.47";"59.28"
"2020";"6";"17";"3";"19";"4028";"25.";"2.4";"20.0";"65.";"4.";"33.17";"110.47";"16.90"
"2020";"6";"17";"3";"20";"4029";"30.";"1.7";"18.5";"72.";"0.";"0.00";"0.00";"0.00"
"2020";"6";"17";"3";"21";"4030";"56.";"1.3";"17.2";"78.";"2.";"0.00";"0.00";"0.00"
"2020";"6";"17";"3";"22";"4031";"54.";"1.7";"15.7";"82.";"3.";"0.00";"0.00";"0.00"
"2020";"6";"17";"3";"23";"4032";"46.";"1.7";"14.7";"86.";"2.";"0.00";"0.00";"0.00"
"2020";"6";"18";"4";"0";"4033";"47.";"1.7";"14.5";"89.";"1.";"0.00";"0.00";"0.00"
"2020";"6";"18";"4";"1";"4034";"52.";"1.8";"14.1";"91.";"0.";"0.00";"0.00";"0.00"
"2020";"6";"18";"4";"2";"4035";"50.";"1.8";"13.9";"91.";"0.";"0.00";"0.00";"0.00"
"2020";"6";"18";"4";"3";"4036";"44.";"1.6";"13.7";"91.";"0.";"0.00";"0.00";"0.00"
"2020";"6";"18";"4";"4";"4037";"54.";"1.6";"14.9";"88.";"1.";"44.98";"188.69";"17.10"
"2020";"6";"18";"4";"5";"4038";"62.";"1.8";"16.8";"78.";"1.";"172.43";"429.60";"55.78"
"2020";"6";"18";"4";"6";"4039";"71.";"1.7";"18.9";"70.";"0.";"336.94";"642.65";"80.10"
"2020";"6";"18";"4";"7";"4040";"68.";"1.9";"20.9";"64.";"1.";"449.75";"637.02";"116.33"
"2020";"6";"18";"4";"8";"4041";"82.";"2.0";"22.5";"58.";"2.";"518.48";"534.81";"179.22"
"2020";"6";"18";"4";"9";"4042";"107.";"1.5";"23.4";"54.";"4.";"490.11";"355.02";"232.73"
"2020";"6";"18";"4";"10";"4043";"138.";"1.3";"23.9";"52.";"6.";"575.27";"190.95";"424.60"
"2020";"6";"18";"4";"11";"4044";"189.";"1.8";"23.8";"55.";"6.";"616.31";"215.73";"438.94"
"2020";"6";"18";"4";"12";"4045";"236.";"2.7";"23.7";"57.";"7.";"347.54";"104.45";"261.67"
"2020";"6";"18";"4";"13";"4046";"250.";"3.1";"23.1";"60.";"8.";"493.86";"0.00";"493.86"
"2020";"6";"18";"4";"14";"4047";"269.";"3.2";"23.2";"58.";"8.";"456.79";"0.00";"456.79"
"2020";"6";"18";"4";"15";"4048";"293.";"2.6";"23.1";"59.";"8.";"385.09";"0.00";"385.09"
"2020";"6";"18";"4";"16";"4049";"313.";"2.8";"23.6";"56.";"4.";"412.50";"400.99";"202.61"
"2020";"6";"18";"4";"17";"4050";"315.";"3.2";"23.6";"54.";"2.";"310.10";"513.21";"105.00"
"2020";"6";"18";"4";"18";"4051";"320.";"2.9";"23.0";"55.";"5.";"147.60";"201.07";"93.00"
"2020";"6";"18";"4";"19";"4052";"334.";"2.4";"21.8";"59.";"6.";"33.69";"54.27";"25.67"
"2020";"6";"18";"4";"20";"4053";"339.";"1.8";"19.7";"68.";"5.";"0.00";"0.00";"0.00"
"2020";"6";"18";"4";"21";"4054";"356.";"1.3";"18.5";"76.";"4.";"0.00";"0.00";"0.00"
"2020";"6";"18";"4";"22";"4055";"17.";"1.6";"17.4";"81.";"7.";"0.00";"0.00";"0.00"
"2020";"6";"18";"4";"23";"4056";"47.";"1.5";"18.4";"76.";"6.";"0.00";"0.00";"0.00"
"2020";"6";"19";"5";"0";"4057";"72.";"2.1";"17.7";"75.";"3.";"0.00";"0.00";"0.00"
"2020";"6";"19";"5";"1";"4058";"100.";"2.3";"17.7";"74.";"5.";"0.00";"0.00";"0.00"
"2020";"6";"19";"5";"2";"4059";"108.";"2.4";"17.1";"76.";"2.";"0.00";"0.00";"0.00"
"2020";"6";"19";"5";"3";"4060";"97.";"2.0";"16.8";"75.";"6.";"0.00";"0.00";"0.00"
"2020";"6";"19";"5";"4";"4061";"77.";"2.0";"17.5";"72.";"2.";"46.60";"175.64";"20.59"
"2020";"6";"19";"5";"5";"4062";"74.";"2.6";"19.1";"65.";"0.";"189.89";"523.36";"47.61"
"2020";"6";"19";"5";"6";"4063";"68.";"3.1";"21.1";"56.";"2.";"317.17";"504.97";"115.20"
"2020";"6";"19";"5";"7";"4064";"72.";"3.9";"22.8";"50.";"3.";"441.92";"508.66";"175.55"
"2020";"6";"19";"5";"8";"4065";"75.";"4.3";"24.1";"46.";"0.";"634.86";"849.15";"95.97"
"2020";"6";"19";"5";"9";"4066";"82.";"4.1";"25.2";"43.";"3.";"653.00";"524.42";"272.68"
"2020";"6";"19";"5";"10";"4067";"85.";"4.0";"26.1";"42.";"8.";"546.55";"0.00";"546.55"
"2020";"6";"19";"5";"11";"4068";"90.";"3.6";"25.5";"51.";"8.";"542.57";"0.00";"542.57"
"2020";"6";"19";"5";"12";"4069";"88.";"4.0";"23.8";"62.";"6.";"436.91";"158.76";"306.34"
"2020";"6";"19";"5";"13";"4070";"88.";"4.7";"20.9";"73.";"8.";"132.46";"0.00";"132.46"
"2020";"6";"19";"5";"14";"4071";"85.";"3.7";"19.1";"85.";"8.";"258.86";"0.00";"258.86"
"2020";"6";"19";"5";"15";"4072";"73.";"4.4";"19.6";"83.";"8.";"205.12";"0.00";"205.12"
"2020";"6";"19";"5";"16";"4073";"74.";"3.4";"20.5";"83.";"8.";"168.31";"0.00";"168.31"
"2020";"6";"19";"5";"17";"4074";"84.";"2.7";"22.0";"76.";"6.";"232.77";"155.33";"170.64"
"2020";"6";"19";"5";"18";"4075";"112.";"2.4";"21.6";"74.";"8.";"111.76";"0.00";"111.76"
"2020";"6";"19";"5";"19";"4076";"161.";"3.4";"20.7";"82.";"8.";"17.45";"0.00";"17.45"
"2020";"6";"19";"5";"20";"4077";"174.";"1.4";"19.9";"88.";"8.";"0.00";"0.00";"0.00"
"2020";"6";"19";"5";"21";"4078";"113.";"1.1";"19.8";"86.";"8.";"0.00";"0.00";"0.00"
"2020";"6";"19";"5";"22";"4079";"117.";"1.2";"19.0";"86.";"8.";"0.00";"0.00";"0.00"
"2020";"6";"19";"5";"23";"4080";"93.";"1.0";"18.5";"82.";"8.";"0.00";"0.00";"0.00"
"2020";"6";"20";"6";"0";"4081";"38.";"0.9";"18.2";"85.";"8.";"0.00";"0.00";"0.00"
"2020";"6";"20";"6";"1";"4082";"74.";"1.9";"17.4";"85.";"8.";"0.00";"0.00";"0.00"
"2020";"6";"20";"6";"2";"4083";"68.";"2.1";"16.9";"81.";"8.";"0.00";"0.00";"0.00"
"2020";"6";"20";"6";"3";"4084";"77.";"2.3";"17.1";"80.";"8.";"0.00";"0.00";"0.00"
"2020";"6";"20";"6";"4";"4085";"72.";"2.3";"17.2";"75.";"6.";"36.24";"57.83";"27.66"
"2020";"6";"20";"6";"5";"4086";"63.";"2.0";"18.6";"70.";"7.";"131.12";"67.76";"112.69"
"2020";"6";"20";"6";"6";"4087";"63.";"2.6";"19.2";"66.";"8.";"106.13";"0.00";"106.13"
"2020";"6";"20";"6";"7";"4088";"64.";"2.4";"19.4";"67.";"8.";"155.96";"0.00";"155.96"
"2020";"6";"20";"6";"8";"4089";"43.";"2.0";"20.3";"67.";"8.";"399.51";"0.00";"399.51"
"2020";"6";"20";"6";"9";"4090";"74.";"2.2";"22.2";"60.";"7.";"526.93";"109.43";"447.55"
"2020";"6";"20";"6";"10";"4091";"74.";"2.6";"23.2";"58.";"8.";"258.44";"0.00";"258.44"
"2020";"6";"20";"6";"11";"4092";"90.";"1.2";"22.6";"69.";"8.";"526.27";"0.00";"526.27"
"2020";"6";"20";"6";"12";"4093";"138.";"1.1";"20.9";"84.";"8.";"258.46";"0.00";"258.46"
"2020";"6";"20";"6";"13";"4094";"21.";"1.3";"21.8";"82.";"8.";"246.60";"0.00";"246.60"
"2020";"6";"20";"6";"14";"4095";"352.";"1.2";"22.1";"80.";"8.";"221.17";"0.00";"221.17"
"2020";"6";"20";"6";"15";"4096";"9.";"1.5";"23.1";"73.";"8.";"184.47";"0.00";"184.47"
"2020";"6";"20";"6";"16";"4097";"15.";"1.3";"22.4";"77.";"8.";"141.82";"0.00";"141.82"
"2020";"6";"20";"6";"17";"4098";"1.";"1.4";"18.3";"88.";"8.";"51.97";"0.00";"51.97"
"2020";"6";"20";"6";"18";"4099";"57.";"3.3";"18.0";"93.";"8.";"55.00";"0.00";"55.00"
"2020";"6";"20";"6";"19";"4100";"61.";"3.0";"18.1";"93.";"8.";"5.34";"0.00";"5.34"
"2020";"6";"20";"6";"20";"4101";"52.";"1.8";"18.1";"94.";"8.";"0.00";"0.00";"0.00"
"2020";"6";"20";"6";"21";"4102";"85.";"2.8";"18.2";"95.";"7.";"0.00";"0.00";"0.00"
"2020";"6";"20";"6";"22";"4103";"89.";"2.9";"18.4";"94.";"8.";"0.00";"0.00";"0.00"
"2020";"6";"20";"6";"23";"4104";"105.";"2.9";"18.4";"93.";"8.";"0.00";"0.00";"0.00"
"2020";"6";"21";"7";"0";"4105";"107.";"3.0";"18.2";"92.";"8.";"0.00";"0.00";"0.00"
"2020";"6";"21";"7";"1";"4106";"105.";"3.2";"18.1";"92.";"8.";"0.00";"0.00";"0.00"
"2020";"6";"21";"7";"2";"4107";"111.";"3.2";"17.9";"92.";"8.";"0.00";"0.00";"0.00"
"2020";"6";"21";"7";"3";"4108";"102.";"3.1";"17.6";"93.";"8.";"0.00";"0.00";"0.00"
"2020";"6";"21";"7";"4";"4109";"108.";"3.6";"17.5";"93.";"8.";"9.94";"0.00";"9.94"
"2020";"6";"21";"7";"5";"4110";"112.";"2.7";"17.9";"93.";"8.";"50.21";"0.00";"50.21"
"2020";"6";"21";"7";"6";"4111";"106.";"2.7";"18.2";"92.";"8.";"94.33";"0.00";"94.33"
"2020";"6";"21";"7";"7";"4112";"112.";"2.4";"18.8";"89.";"8.";"138.21";"0.00";"138.21"
"2020";"6";"21";"7";"8";"4113";"117.";"1.4";"19.1";"89.";"8.";"177.43";"0.00";"177.43"
"2020";"6";"21";"7";"9";"4114";"305.";"1.2";"19.5";"88.";"8.";"212.24";"0.00";"212.24"
"2020";"6";"21";"7";"10";"4115";"306.";"2.3";"19.4";"87.";"8.";"234.88";"0.00";"234.88"
"2020";"6";"21";"7";"11";"4116";"304.";"2.9";"18.6";"89.";"8.";"136.71";"0.00";"136.71"
"2020";"6";"21";"7";"12";"4117";"306.";"3.1";"17.7";"91.";"8.";"227.42";"0.00";"227.42"
"2020";"6";"21";"7";"13";"4118";"319.";"2.6";"17.1";"92.";"8.";"120.46";"0.00";"120.46"
"2020";"6";"21";"7";"14";"4119";"307.";"3.7";"16.8";"92.";"8.";"125.06";"0.00";"125.06"
"2020";"6";"21";"7";"15";"4120";"294.";"3.3";"16.4";"94.";"8.";"97.80";"0.00";"97.80"
"2020";"6";"21";"7";"16";"4121";"311.";"2.4";"16.2";"93.";"8.";"76.89";"0.00";"76.89"
"2020";"6";"21";"7";"17";"4122";"310.";"2.6";"16.1";"92.";"8.";"99.19";"0.00";"99.19"
"2020";"6";"21";"7";"18";"4123";"301.";"2.1";"16.0";"91.";"8.";"54.12";"0.00";"54.12"
"2020";"6";"21";"7";"19";"4124";"320.";"2.1";"15.8";"90.";"8.";"13.24";"0.00";"13.24"
"2020";"6";"21";"7";"20";"4125";"6.";"1.3";"15.4";"90.";"7.";"0.00";"0.00";"0.00"
"2020";"6";"21";"7";"21";"4126";"26.";"0.8";"14.7";"90.";"6.";"0.00";"0.00";"0.00"
"2020";"6";"21";"7";"22";"4127";"10.";"0.7";"14.4";"92.";"7.";"0.00";"0.00";"0.00"
"2020";"6";"21";"7";"23";"4128";"291.";"1.4";"13.8";"92.";"7.";"0.00";"0.00";"0.00"
"2020";"6";"22";"1";"0";"4129";"316.";"0.7";"13.7";"92.";"8.";"0.00";"0.00";"0.00"
"2020";"6";"22";"1";"1";"4130";"303.";"0.6";"13.8";"93.";"8.";"0.00";"0.00";"0.00"
"2020";"6";"22";"1";"2";"4131";"266.";"0.7";"13.9";"94.";"8.";"0.00";"0.00";"0.00"
"2020";"6";"22";"1";"3";"4132";"249.";"0.8";"14.0";"93.";"8.";"0.00";"0.00";"0.00"
"2020";"6";"22";"1";"4";"4133";"276.";"1.3";"14.3";"90.";"8.";"32.93";"0.00";"32.93"
"2020";"6";"22";"1";"5";"4134";"283.";"2.3";"15.4";"87.";"8.";"128.45";"0.00";"128.45"
"2020";"6";"22";"1";"6";"4135";"288.";"2.5";"16.7";"80.";"8.";"227.50";"0.00";"227.50"
"2020";"6";"22";"1";"7";"4136";"290.";"3.8";"17.4";"75.";"7.";"348.55";"93.07";"299.78"
"2020";"6";"22";"1";"8";"4137";"293.";"3.3";"17.7";"73.";"8.";"192.48";"0.00";"192.48"
"2020";"6";"22";"1";"9";"4138";"265.";"3.0";"16.4";"82.";"8.";"217.95";"0.00";"217.95"
"2020";"6";"22";"1";"10";"4139";"274.";"2.8";"15.8";"86.";"8.";"142.26";"0.00";"142.26"
"2020";"6";"22";"1";"11";"4140";"280.";"3.2";"17.2";"79.";"8.";"265.86";"0.00";"265.86"
"2020";"6";"22";"1";"12";"4141";"270.";"3.7";"18.0";"78.";"8.";"259.94";"0.00";"259.94"
"2020";"6";"22";"1";"13";"4142";"276.";"4.7";"17.2";"80.";"8.";"286.36";"0.00";"286.36"
"2020";"6";"22";"1";"14";"4143";"278.";"4.9";"17.4";"78.";"7.";"287.34";"81.79";"228.00"
"2020";"6";"22";"1";"15";"4144";"282.";"4.7";"17.9";"73.";"8.";"188.45";"0.00";"188.45"
"2020";"6";"22";"1";"16";"4145";"281.";"4.3";"17.3";"73.";"8.";"297.84";"0.00";"297.84"
"2020";"6";"22";"1";"17";"4146";"281.";"4.3";"16.9";"75.";"8.";"102.11";"0.00";"102.11"
"2020";"6";"22";"1";"18";"4147";"274.";"4.1";"16.8";"76.";"8.";"112.79";"0.00";"112.79"
"2020";"6";"22";"1";"19";"4148";"268.";"4.2";"16.5";"78.";"7.";"31.81";"21.03";"28.69"
"2020";"6";"22";"1";"20";"4149";"266.";"4.0";"16.4";"77.";"8.";"0.00";"0.00";"0.00"
"2020";"6";"22";"1";"21";"4150";"267.";"4.5";"16.2";"78.";"8.";"0.00";"0.00";"0.00"
"2020";"6";"22";"1";"22";"4151";"268.";"4.6";"16.1";"78.";"5.";"0.00";"0.00";"0.00"
"2020";"6";"22";"1";"23";"4152";"275.";"4.5";"15.9";"78.";"8.";"0.00";"0.00";"0.00"
"2020";"6";"23";"2";"0";"4153";"286.";"4.8";"15.5";"80.";"3.";"0.00";"0.00";"0.00"
"2020";"6";"23";"2";"1";"4154";"296.";"3.3";"15.1";"84.";"2.";"0.00";"0.00";"0.00"
"2020";"6";"23";"2";"2";"4155";"293.";"3.7";"15.4";"88.";"4.";"0.00";"0.00";"0.00"
"2020";"6";"23";"2";"3";"4156";"296.";"2.5";"15.6";"92.";"4.";"0.00";"0.00";"0.00"
"2020";"6";"23";"2";"4";"4157";"303.";"2.2";"16.3";"92.";"2.";"31.77";"89.65";"18.46"
"2020";"6";"23";"2";"5";"4158";"313.";"1.4";"17.1";"85.";"1.";"155.33";"289.95";"76.42"
"2020";"6";"23";"2";"6";"4159";"288.";"1.0";"18.0";"78.";"2.";"265.23";"336.39";"130.59"
"2020";"6";"23";"2";"7";"4160";"276.";"2.6";"19.1";"72.";"2.";"393.61";"432.53";"166.98"
"2020";"6";"23";"2";"8";"4161";"281.";"3.4";"19.5";"70.";"5.";"358.99";"244.41";"203.83"
"2020";"6";"23";"2";"9";"4162";"288.";"3.8";"19.9";"69.";"2.";"605.11";"536.07";"216.23"
"2020";"6";"23";"2";"10";"4163";"289.";"4.2";"20.6";"66.";"0.";"784.56";"725.52";"211.79"
"2020";"6";"23";"2";"11";"4164";"290.";"5.3";"20.5";"63.";"0.";"826.29";"735.10";"221.58"
"2020";"6";"23";"2";"12";"4165";"291.";"5.3";"20.4";"61.";"0.";"826.15";"728.55";"226.83"
"2020";"6";"23";"2";"13";"4166";"294.";"4.7";"20.5";"61.";"0.";"781.51";"698.15";"230.34"
"2020";"6";"23";"2";"14";"4167";"293.";"4.8";"20.7";"59.";"0.";"719.63";"743.85";"180.02"
"2020";"6";"23";"2";"15";"4168";"299.";"4.5";"20.0";"61.";"1.";"560.34";"585.98";"188.33"
"2020";"6";"23";"2";"16";"4169";"297.";"4.2";"19.8";"58.";"0.";"476.91";"632.55";"145.48"
"2020";"6";"23";"2";"17";"4170";"294.";"3.6";"19.7";"59.";"0.";"333.97";"574.94";"103.86"
"2020";"6";"23";"2";"18";"4171";"284.";"3.2";"18.8";"63.";"1.";"172.10";"386.03";"67.04"
"2020";"6";"23";"2";"19";"4172";"286.";"2.5";"17.6";"72.";"1.";"44.44";"151.59";"21.94"
"2020";"6";"23";"2";"20";"4173";"297.";"1.6";"16.4";"82.";"0.";"0.00";"0.00";"0.00"
"2020";"6";"23";"2";"21";"4174";"309.";"0.6";"15.3";"89.";"5.";"0.00";"0.00";"0.00"
"2020";"6";"23";"2";"22";"4175";"293.";"0.1";"14.4";"91.";"3.";"0.00";"0.00";"0.00"
"2020";"6";"23";"2";"23";"4176";"335.";"0.1";"13.6";"91.";"2.";"0.00";"0.00";"0.00"
"2020";"6";"24";"3";"0";"4177";"121.";"0.7";"12.9";"92.";"1.";"0.00";"0.00";"0.00"
"2020";"6";"24";"3";"1";"4178";"136.";"1.0";"12.4";"93.";"1.";"0.00";"0.00";"0.00"
"2020";"6";"24";"3";"2";"4179";"153.";"0.7";"12.4";"93.";"2.";"0.00";"0.00";"0.00"
"2020";"6";"24";"3";"3";"4180";"157.";"0.6";"12.4";"94.";"3.";"0.00";"0.00";"0.00"
"2020";"6";"24";"3";"4";"4181";"163.";"0.6";"13.3";"93.";"1.";"45.16";"150.83";"22.80"
"2020";"6";"24";"3";"5";"4182";"194.";"0.7";"15.4";"90.";"6.";"86.27";"82.97";"63.70"
"2020";"6";"24";"3";"6";"4183";"202.";"0.8";"17.3";"85.";"5.";"187.26";"173.68";"117.77"
"2020";"6";"24";"3";"7";"4184";"231.";"1.1";"19.1";"77.";"0.";"455.60";"558.11";"163.25"
"2020";"6";"24";"3";"8";"4185";"229.";"1.8";"20.5";"69.";"0.";"583.58";"596.67";"204.85"
"2020";"6";"24";"3";"9";"4186";"240.";"2.0";"21.6";"61.";"0.";"695.11";"644.39";"227.73"
"2020";"6";"24";"3";"10";"4187";"250.";"2.5";"22.4";"57.";"0.";"760.98";"621.82";"270.15"
"2020";"6";"24";"3";"11";"4188";"248.";"2.8";"22.7";"53.";"0.";"836.97";"778.78";"196.42"
"2020";"6";"24";"3";"12";"4189";"251.";"2.9";"23.0";"50.";"0.";"837.87";"776.56";"199.15"
"2020";"6";"24";"3";"13";"4190";"258.";"2.8";"23.5";"48.";"0.";"750.95";"568.65";"302.08"
"2020";"6";"24";"3";"14";"4191";"260.";"2.5";"24.1";"46.";"0.";"706.43";"675.52";"216.47"
"2020";"6";"24";"3";"15";"4192";"265.";"2.4";"24.0";"48.";"0.";"616.02";"742.76";"144.56"
"2020";"6";"24";"3";"16";"4193";"267.";"2.0";"23.8";"51.";"0.";"485.79";"727.33";"104.82"
"2020";"6";"24";"3";"17";"4194";"272.";"2.0";"23.7";"52.";"0.";"335.51";"633.41";"82.10"
"2020";"6";"24";"3";"18";"4195";"291.";"1.9";"22.6";"54.";"0.";"185.16";"482.29";"53.99"
"2020";"6";"24";"3";"19";"4196";"321.";"1.6";"21.3";"59.";"0.";"47.70";"203.77";"17.49"
"2020";"6";"24";"3";"20";"4197";"329.";"1.3";"19.2";"71.";"0.";"0.00";"0.00";"0.00"
"2020";"6";"24";"3";"21";"4198";"331.";"1.2";"17.6";"78.";"3.";"0.00";"0.00";"0.00"
"2020";"6";"24";"3";"22";"4199";"355.";"0.9";"16.1";"80.";"0.";"0.00";"0.00";"0.00"
"2020";"6";"24";"3";"23";"4200";"1.";"0.6";"15.1";"85.";"4.";"0.00";"0.00";"0.00"
"2020";"6";"25";"4";"0";"4201";"62.";"0.3";"15.1";"85.";"3.";"0.00";"0.00";"0.00"
"2020";"6";"25";"4";"1";"4202";"102.";"0.3";"14.7";"87.";"1.";"0.00";"0.00";"0.00"
"2020";"6";"25";"4";"2";"4203";"88.";"0.6";"13.5";"90.";"0.";"0.00";"0.00";"0.00"
"2020";"6";"25";"4";"3";"4204";"87.";"1.0";"13.6";"90.";"0.";"0.00";"0.00";"0.00"
"2020";"6";"25";"4";"4";"4205";"91.";"0.5";"15.0";"87.";"3.";"36.23";"112.32";"19.61"
"2020";"6";"25";"4";"5";"4206";"99.";"0.7";"18.1";"79.";"2.";"150.10";"320.11";"63.12"
"2020";"6";"25";"4";"6";"4207";"198.";"0.1";"20.6";"70.";"1.";"301.06";"504.92";"99.18"
"2020";"6";"25";"4";"7";"4208";"286.";"0.8";"22.7";"59.";"3.";"365.87";"414.29";"148.96"
"2020";"6";"25";"4";"8";"4209";"268.";"0.9";"24.4";"51.";"5.";"477.78";"291.68";"292.71"
"2020";"6";"25";"4";"9";"4210";"260.";"1.6";"24.9";"47.";"5.";"565.98";"297.50";"350.25"
"2020";"6";"25";"4";"10";"4211";"256.";"2.1";"25.4";"46.";"0.";"807.29";"827.35";"154.38"
"2020";"6";"25";"4";"11";"4212";"267.";"2.7";"26.0";"42.";"6.";"603.60";"190.97";"446.57"
"2020";"6";"25";"4";"12";"4213";"284.";"2.8";"26.8";"42.";"1.";"742.66";"471.91";"354.60"
"2020";"6";"25";"4";"13";"4214";"301.";"3.1";"27.2";"39.";"2.";"730.22";"584.47";"268.98"
"2020";"6";"25";"4";"14";"4215";"307.";"3.8";"27.6";"38.";"0.";"720.61";"750.42";"176.48"
"2020";"6";"25";"4";"15";"4216";"313.";"3.5";"27.8";"37.";"1.";"598.69";"697.86";"155.88"
"2020";"6";"25";"4";"16";"4217";"320.";"3.3";"27.3";"36.";"1.";"468.62";"631.38";"138.05"
"2020";"6";"25";"4";"17";"4218";"320.";"3.1";"27.2";"35.";"1.";"334.15";"599.62";"94.40"
"2020";"6";"25";"4";"18";"4219";"321.";"2.9";"26.3";"37.";"0.";"194.74";"535.84";"49.14"
"2020";"6";"25";"4";"19";"4220";"324.";"2.0";"24.5";"44.";"0.";"53.72";"249.80";"16.76"
"2020";"6";"25";"4";"20";"4221";"319.";"1.2";"21.5";"57.";"0.";"0.00";"0.00";"0.00"
"2020";"6";"25";"4";"21";"4222";"335.";"0.9";"19.0";"65.";"0.";"0.00";"0.00";"0.00"
"2020";"6";"25";"4";"22";"4223";"349.";"0.6";"19.1";"67.";"0.";"0.00";"0.00";"0.00"
"2020";"6";"25";"4";"23";"4224";"69.";"0.8";"18.1";"70.";"0.";"0.00";"0.00";"0.00"
"2020";"6";"26";"5";"0";"4225";"91.";"1.2";"16.6";"73.";"4.";"0.00";"0.00";"0.00"
"2020";"6";"26";"5";"1";"4226";"107.";"1.0";"17.0";"73.";"0.";"0.00";"0.00";"0.00"
"2020";"6";"26";"5";"2";"4227";"110.";"1.4";"16.6";"75.";"0.";"0.00";"0.00";"0.00"
"2020";"6";"26";"5";"3";"4228";"115.";"1.5";"16.3";"76.";"4.";"0.00";"0.00";"0.00"
"2020";"6";"26";"5";"4";"4229";"106.";"1.8";"17.8";"72.";"1.";"46.41";"186.33";"18.91"
"2020";"6";"26";"5";"5";"4230";"111.";"1.8";"20.2";"64.";"2.";"169.11";"379.11";"66.24"
"2020";"6";"26";"5";"6";"4231";"119.";"1.8";"23.0";"55.";"2.";"306.47";"486.32";"112.19"
"2020";"6";"26";"5";"7";"4232";"118.";"2.7";"25.2";"46.";"0.";"488.85";"753.24";"94.70"
"2020";"6";"26";"5";"8";"4233";"126.";"3.2";"26.5";"42.";"1.";"599.53";"716.64";"145.02"
"2020";"6";"26";"5";"9";"4234";"138.";"2.1";"26.8";"46.";"0.";"692.78";"644.86";"225.37"
"2020";"6";"26";"5";"10";"4235";"182.";"1.8";"27.6";"47.";"0.";"798.51";"817.42";"153.64"
"2020";"6";"26";"5";"11";"4236";"201.";"2.6";"27.7";"52.";"1.";"779.58";"643.44";"250.63"
"2020";"6";"26";"5";"12";"4237";"222.";"3.2";"27.3";"54.";"2.";"756.81";"603.33";"260.84"
"2020";"6";"26";"5";"13";"4238";"213.";"3.0";"27.3";"55.";"7.";"322.47";"97.27";"245.73"
"2020";"6";"26";"5";"14";"4239";"241.";"2.0";"27.6";"55.";"4.";"392.77";"298.37";"176.50"
"2020";"6";"26";"5";"15";"4240";"262.";"1.5";"26.9";"57.";"1.";"484.58";"318.41";"282.64"
"2020";"6";"26";"5";"16";"4241";"242.";"0.8";"27.0";"59.";"0.";"461.73";"674.29";"108.90"
"2020";"6";"26";"5";"17";"4242";"250.";"1.3";"26.7";"58.";"1.";"295.22";"533.84";"81.96"
"2020";"6";"26";"5";"18";"4243";"281.";"1.2";"26.1";"59.";"5.";"127.99";"162.24";"83.96"
"2020";"6";"26";"5";"19";"4244";"315.";"1.0";"24.8";"65.";"2.";"23.22";"81.97";"11.12"
"2020";"6";"26";"5";"20";"4245";"17.";"1.1";"22.7";"73.";"0.";"0.00";"0.00";"0.00"
"2020";"6";"26";"5";"21";"4246";"24.";"0.9";"21.3";"77.";"2.";"0.00";"0.00";"0.00"
"2020";"6";"26";"5";"22";"4247";"58.";"1.2";"21.3";"78.";"6.";"0.00";"0.00";"0.00"
"2020";"6";"26";"5";"23";"4248";"83.";"0.9";"20.9";"77.";"2.";"0.00";"0.00";"0.00"
"2020";"6";"27";"6";"0";"4249";"104.";"1.0";"19.2";"79.";"1.";"0.00";"0.00";"0.00"
"2020";"6";"27";"6";"1";"4250";"104.";"0.9";"17.7";"83.";"0.";"0.00";"0.00";"0.00"
"2020";"6";"27";"6";"2";"4251";"91.";"1.3";"17.4";"86.";"0.";"0.00";"0.00";"0.00"
"2020";"6";"27";"6";"3";"4252";"121.";"1.4";"17.2";"87.";"1.";"0.00";"0.00";"0.00"
"2020";"6";"27";"6";"4";"4253";"101.";"1.6";"18.5";"83.";"0.";"35.43";"144.87";"14.12"
"2020";"6";"27";"6";"5";"4254";"114.";"1.6";"20.7";"71.";"0.";"173.40";"439.80";"54.25"
"2020";"6";"27";"6";"6";"4255";"108.";"2.1";"23.1";"57.";"0.";"335.88";"676.05";"66.09"
"2020";"6";"27";"6";"7";"4256";"112.";"3.0";"24.9";"49.";"0.";"484.28";"736.56";"99.16"
"2020";"6";"27";"6";"8";"4257";"116.";"3.0";"26.5";"46.";"0.";"622.83";"824.46";"100.24"
"2020";"6";"27";"6";"9";"4258";"114.";"2.6";"27.7";"43.";"1.";"703.18";"735.58";"170.26"
"2020";"6";"27";"6";"10";"4259";"119.";"2.1";"28.7";"41.";"3.";"710.22";"521.89";"298.68"
"2020";"6";"27";"6";"11";"4260";"137.";"1.6";"28.2";"42.";"6.";"641.87";"215.19";"465.04"
"2020";"6";"27";"6";"12";"4261";"218.";"2.3";"28.1";"45.";"6.";"640.03";"215.48";"462.96"
"2020";"6";"27";"6";"13";"4262";"238.";"2.6";"27.2";"48.";"8.";"531.45";"0.00";"531.45"
"2020";"6";"27";"6";"14";"4263";"248.";"3.7";"27.0";"49.";"6.";"550.46";"210.57";"397.90"
"2020";"6";"27";"6";"15";"4264";"249.";"3.5";"26.8";"52.";"8.";"190.49";"0.00";"190.49"
"2020";"6";"27";"6";"16";"4265";"232.";"3.6";"26.4";"51.";"7.";"197.17";"92.99";"148.55"
"2020";"6";"27";"6";"17";"4266";"180.";"2.1";"24.3";"62.";"5.";"201.65";"254.40";"100.13"
"2020";"6";"27";"6";"18";"4267";"139.";"1.7";"20.1";"73.";"8.";"57.87";"0.00";"57.87"
"2020";"6";"27";"6";"19";"4268";"99.";"1.8";"19.1";"85.";"8.";"5.72";"0.00";"5.72"
"2020";"6";"27";"6";"20";"4269";"94.";"2.0";"18.6";"88.";"4.";"0.00";"0.00";"0.00"
"2020";"6";"27";"6";"21";"4270";"115.";"1.9";"18.3";"87.";"8.";"0.00";"0.00";"0.00"
"2020";"6";"27";"6";"22";"4271";"116.";"3.0";"18.2";"88.";"7.";"0.00";"0.00";"0.00"
"2020";"6";"27";"6";"23";"4272";"121.";"2.9";"18.0";"90.";"6.";"0.00";"0.00";"0.00"
"2020";"6";"28";"7";"0";"4273";"126.";"2.8";"17.8";"90.";"6.";"0.00";"0.00";"0.00"
"2020";"6";"28";"7";"1";"4274";"140.";"2.9";"18.0";"89.";"4.";"0.00";"0.00";"0.00"
"2020";"6";"28";"7";"2";"4275";"139.";"2.9";"18.2";"87.";"8.";"0.00";"0.00";"0.00"
"2020";"6";"28";"7";"3";"4276";"154.";"3.2";"18.6";"87.";"8.";"0.00";"0.00";"0.00"
"2020";"6";"28";"7";"4";"4277";"153.";"3.7";"19.2";"86.";"8.";"18.39";"0.00";"18.39"
"2020";"6";"28";"7";"5";"4278";"164.";"3.7";"19.5";"86.";"7.";"68.86";"56.29";"53.64"
"2020";"6";"28";"7";"6";"4279";"182.";"3.5";"20.2";"87.";"7.";"129.20";"73.45";"99.93"
"2020";"6";"28";"7";"7";"4280";"183.";"3.7";"21.2";"83.";"8.";"140.97";"0.00";"140.97"
"2020";"6";"28";"7";"8";"4281";"187.";"3.9";"21.6";"84.";"8.";"177.99";"0.00";"177.99"
"2020";"6";"28";"7";"9";"4282";"183.";"3.8";"20.8";"86.";"8.";"110.67";"0.00";"110.67"
"2020";"6";"28";"7";"10";"4283";"183.";"3.8";"21.8";"82.";"8.";"458.48";"0.00";"458.48"
"2020";"6";"28";"7";"11";"4284";"210.";"4.7";"21.9";"81.";"8.";"502.96";"0.00";"502.96"
"2020";"6";"28";"7";"12";"4285";"219.";"5.2";"22.1";"77.";"7.";"336.34";"96.07";"257.43"
"2020";"6";"28";"7";"13";"4286";"228.";"4.7";"21.1";"77.";"7.";"207.53";"60.48";"159.86"
"2020";"6";"28";"7";"14";"4287";"227.";"5.6";"20.7";"81.";"8.";"218.89";"0.00";"218.89"
"2020";"6";"28";"7";"15";"4288";"219.";"4.3";"19.7";"82.";"8.";"109.21";"0.00";"109.21"
"2020";"6";"28";"7";"16";"4289";"220.";"4.1";"19.3";"84.";"8.";"144.07";"0.00";"144.07"
"2020";"6";"28";"7";"17";"4290";"218.";"3.9";"18.7";"86.";"8.";"97.61";"0.00";"97.61"
"2020";"6";"28";"7";"18";"4291";"227.";"3.5";"19.0";"78.";"8.";"54.68";"0.00";"54.68"
"2020";"6";"28";"7";"19";"4292";"229.";"3.5";"18.7";"78.";"7.";"25.87";"20.62";"22.85"
"2020";"6";"28";"7";"20";"4293";"259.";"3.1";"17.6";"81.";"8.";"0.00";"0.00";"0.00"
"2020";"6";"28";"7";"21";"4294";"290.";"1.4";"16.3";"87.";"7.";"0.00";"0.00";"0.00"
"2020";"6";"28";"7";"22";"4295";"264.";"1.4";"15.7";"88.";"6.";"0.00";"0.00";"0.00"
"2020";"6";"28";"7";"23";"4296";"257.";"2.8";"15.3";"83.";"8.";"0.00";"0.00";"0.00"
"2020";"6";"29";"1";"0";"4297";"243.";"2.2";"14.8";"83.";"8.";"0.00";"0.00";"0.00"
"2020";"6";"29";"1";"1";"4298";"236.";"2.4";"14.7";"84.";"6.";"0.00";"0.00";"0.00"
"2020";"6";"29";"1";"2";"4299";"230.";"2.4";"14.4";"85.";"6.";"0.00";"0.00";"0.00"
"2020";"6";"29";"1";"3";"4300";"232.";"3.0";"14.4";"84.";"4.";"0.00";"0.00";"0.00"
"2020";"6";"29";"1";"4";"4301";"231.";"3.0";"15.0";"80.";"2.";"42.42";"154.03";"19.96"
"2020";"6";"29";"1";"5";"4302";"219.";"3.5";"16.0";"76.";"6.";"132.65";"113.82";"101.96"
"2020";"6";"29";"1";"6";"4303";"217.";"4.1";"17.0";"67.";"5.";"201.59";"224.37";"112.31"
"2020";"6";"29";"1";"7";"4304";"213.";"4.8";"17.6";"64.";"4.";"337.39";"366.22";"146.29"
"2020";"6";"29";"1";"8";"4305";"212.";"5.1";"18.3";"62.";"4.";"420.69";"353.19";"197.16"
"2020";"6";"29";"1";"9";"4306";"214.";"5.6";"18.9";"58.";"3.";"561.14";"482.69";"211.88"
"2020";"6";"29";"1";"10";"4307";"205.";"5.8";"19.7";"52.";"3.";"626.76";"512.52";"223.05"
"2020";"6";"29";"1";"11";"4308";"192.";"6.1";"20.0";"56.";"8.";"254.64";"0.00";"254.64"
"2020";"6";"29";"1";"12";"4309";"185.";"6.2";"18.2";"68.";"8.";"150.86";"0.00";"150.86"
"2020";"6";"29";"1";"13";"4310";"171.";"5.3";"17.6";"71.";"4.";"443.93";"308.73";"200.75"
"2020";"6";"29";"1";"14";"4311";"186.";"5.7";"20.3";"62.";"8.";"223.61";"0.00";"223.61"
"2020";"6";"29";"1";"15";"4312";"185.";"5.9";"20.2";"53.";"8.";"191.96";"0.00";"191.96"
"2020";"6";"29";"1";"16";"4313";"205.";"5.8";"20.5";"53.";"6.";"241.96";"158.57";"159.22"
"2020";"6";"29";"1";"17";"4314";"220.";"6.0";"19.9";"53.";"1.";"318.00";"571.77";"90.47"
"2020";"6";"29";"1";"18";"4315";"223.";"5.6";"18.2";"62.";"7.";"128.18";"64.93";"110.67"
"2020";"6";"29";"1";"19";"4316";"207.";"4.8";"17.4";"64.";"8.";"33.58";"0.00";"33.58"
"2020";"6";"29";"1";"20";"4317";"179.";"4.4";"16.4";"72.";"6.";"0.00";"0.00";"0.00"
"2020";"6";"29";"1";"21";"4318";"196.";"5.0";"15.6";"76.";"8.";"0.00";"0.00";"0.00"
"2020";"6";"29";"1";"22";"4319";"209.";"5.1";"15.4";"78.";"8.";"0.00";"0.00";"0.00"
"2020";"6";"29";"1";"23";"4320";"207.";"5.7";"15.1";"83.";"8.";"0.00";"0.00";"0.00"
"2020";"6";"30";"2";"0";"4321";"209.";"5.9";"14.9";"86.";"8.";"0.00";"0.00";"0.00"
"2020";"6";"30";"2";"1";"4322";"200.";"5.5";"14.6";"90.";"8.";"0.00";"0.00";"0.00"
"2020";"6";"30";"2";"2";"4323";"205.";"6.1";"14.5";"88.";"8.";"0.00";"0.00";"0.00"
"2020";"6";"30";"2";"3";"4324";"213.";"5.5";"14.3";"87.";"8.";"0.00";"0.00";"0.00"
"2020";"6";"30";"2";"4";"4325";"224.";"4.9";"14.1";"86.";"8.";"8.78";"0.00";"8.78"
"2020";"6";"30";"2";"5";"4326";"224.";"5.2";"14.4";"83.";"5.";"114.04";"203.28";"59.37"
"2020";"6";"30";"2";"6";"4327";"226.";"5.9";"15.8";"76.";"7.";"138.70";"80.41";"106.76"
"2020";"6";"30";"2";"7";"4328";"217.";"6.0";"15.8";"78.";"8.";"298.67";"0.00";"298.67"
"2020";"6";"30";"2";"8";"4329";"218.";"6.6";"15.8";"77.";"8.";"182.95";"0.00";"182.95"
"2020";"6";"30";"2";"9";"4330";"219.";"7.8";"16.2";"79.";"8.";"216.35";"0.00";"216.35"
"2020";"6";"30";"2";"10";"4331";"221.";"8.0";"16.8";"72.";"8.";"244.73";"0.00";"244.73"
"2020";"6";"30";"2";"11";"4332";"220.";"8.7";"17.2";"71.";"8.";"259.77";"0.00";"259.77"
"2020";"6";"30";"2";"12";"4333";"219.";"9.0";"17.3";"70.";"8.";"254.10";"0.00";"254.10"
"2020";"6";"30";"2";"13";"4334";"222.";"9.5";"15.6";"75.";"8.";"226.76";"0.00";"226.76"
"2020";"6";"30";"2";"14";"4335";"223.";"7.1";"15.4";"80.";"8.";"131.51";"0.00";"131.51"
"2020";"6";"30";"2";"15";"4336";"229.";"7.1";"16.2";"73.";"7.";"252.15";"91.93";"194.03"
"2020";"6";"30";"2";"16";"4337";"236.";"5.6";"15.4";"81.";"8.";"80.68";"0.00";"80.68"
"2020";"6";"30";"2";"17";"4338";"243.";"6.5";"15.4";"81.";"8.";"58.25";"0.00";"58.25"
"2020";"6";"30";"2";"18";"4339";"242.";"7.2";"15.3";"78.";"8.";"67.30";"0.00";"67.30"
"2020";"6";"30";"2";"19";"4340";"245.";"8.2";"15.2";"79.";"8.";"14.98";"0.00";"14.98"
"2020";"6";"30";"2";"20";"4341";"239.";"8.2";"15.1";"84.";"8.";"0.00";"0.00";"0.00"
"2020";"6";"30";"2";"21";"4342";"243.";"8.6";"15.4";"83.";"7.";"0.00";"0.00";"0.00"
"2020";"6";"30";"2";"22";"4343";"249.";"9.8";"15.4";"79.";"7.";"0.00";"0.00";"0.00"
"2020";"6";"30";"2";"23";"4344";"255.";"9.1";"15.3";"78.";"7.";"0.00";"0.00";"0.00"
"2020";"7";"1";"3";"0";"4345";"263.";"9.4";"15.2";"77.";"7.";"0.00";"0.00";"0.00"
"2020";"7";"1";"3";"1";"4346";"264.";"8.4";"15.2";"79.";"6.";"0.00";"0.00";"0.00"
"2020";"7";"1";"3";"2";"4347";"266.";"7.4";"15.2";"79.";"6.";"0.00";"0.00";"0.00"
"2020";"7";"1";"3";"3";"4348";"260.";"6.7";"15.2";"82.";"7.";"0.00";"0.00";"0.00"
"2020";"7";"1";"3";"4";"4349";"266.";"6.4";"15.4";"81.";"5.";"28.81";"64.65";"19.50"
"2020";"7";"1";"3";"5";"4350";"265.";"6.2";"15.7";"79.";"5.";"107.59";"143.86";"69.02"
"2020";"7";"1";"3";"6";"4351";"270.";"6.5";"16.3";"75.";"5.";"195.18";"189.06";"120.23"
"2020";"7";"1";"3";"7";"4352";"267.";"6.2";"16.8";"71.";"6.";"236.50";"139.14";"164.08"
"2020";"7";"1";"3";"8";"4353";"266.";"6.4";"17.4";"69.";"6.";"307.16";"164.12";"203.50"
"2020";"7";"1";"3";"9";"4354";"269.";"6.5";"17.9";"64.";"6.";"360.25";"166.86";"239.71"
"2020";"7";"1";"3";"10";"4355";"273.";"6.7";"18.4";"60.";"4.";"542.86";"349.13";"268.25"
"2020";"7";"1";"3";"11";"4356";"271.";"7.1";"18.6";"60.";"6.";"608.02";"192.09";"450.55"
"2020";"7";"1";"3";"12";"4357";"267.";"6.8";"18.3";"65.";"6.";"429.33";"197.72";"267.25"
"2020";"7";"1";"3";"13";"4358";"263.";"5.8";"18.4";"63.";"8.";"501.12";"0.00";"501.12"
"2020";"7";"1";"3";"14";"4359";"255.";"5.7";"17.7";"63.";"8.";"225.59";"0.00";"225.59"
"2020";"7";"1";"3";"15";"4360";"251.";"4.8";"17.6";"62.";"7.";"423.66";"99.05";"361.10"
"2020";"7";"1";"3";"16";"4361";"259.";"4.9";"16.7";"66.";"8.";"152.54";"0.00";"152.54"
"2020";"7";"1";"3";"17";"4362";"246.";"3.5";"15.7";"73.";"8.";"125.51";"0.00";"125.51"
"2020";"7";"1";"3";"18";"4363";"236.";"2.7";"15.9";"74.";"6.";"139.17";"130.30";"104.24"
"2020";"7";"1";"3";"19";"4364";"226.";"2.6";"15.1";"79.";"6.";"18.55";"36.16";"13.34"
"2020";"7";"1";"3";"20";"4365";"226.";"2.6";"14.5";"82.";"6.";"0.00";"0.00";"0.00"
"2020";"7";"1";"3";"21";"4366";"230.";"2.1";"14.4";"82.";"7.";"0.00";"0.00";"0.00"
"2020";"7";"1";"3";"22";"4367";"229.";"2.3";"14.7";"80.";"8.";"0.00";"0.00";"0.00"
"2020";"7";"1";"3";"23";"4368";"237.";"2.7";"14.8";"80.";"8.";"0.00";"0.00";"0.00"
"2020";"7";"2";"4";"0";"4369";"249.";"3.1";"14.5";"83.";"7.";"0.00";"0.00";"0.00"
"2020";"7";"2";"4";"1";"4370";"260.";"3.8";"14.3";"85.";"5.";"0.00";"0.00";"0.00"
"2020";"7";"2";"4";"2";"4371";"259.";"4.4";"14.2";"84.";"5.";"0.00";"0.00";"0.00"
"2020";"7";"2";"4";"3";"4372";"255.";"4.5";"14.2";"84.";"7.";"0.00";"0.00";"0.00"
"2020";"7";"2";"4";"4";"4373";"258.";"5.6";"14.1";"75.";"6.";"29.15";"61.96";"20.28"
"2020";"7";"2";"4";"5";"4374";"260.";"5.8";"14.4";"67.";"3.";"151.49";"308.54";"69.06"
"2020";"7";"2";"4";"6";"4375";"259.";"5.8";"14.8";"59.";"0.";"354.11";"677.85";"85.97"
"2020";"7";"2";"4";"7";"4376";"258.";"6.8";"15.1";"54.";"3.";"390.28";"473.50";"144.25"
"2020";"7";"2";"4";"8";"4377";"256.";"6.4";"15.3";"53.";"6.";"325.50";"201.40";"198.45"
"2020";"7";"2";"4";"9";"4378";"256.";"6.9";"15.7";"50.";"5.";"444.27";"289.27";"235.52"
"2020";"7";"2";"4";"10";"4379";"263.";"7.5";"16.2";"49.";"6.";"416.46";"200.81";"258.65"
"2020";"7";"2";"4";"11";"4380";"263.";"7.6";"16.6";"48.";"4.";"582.69";"376.37";"274.40"
"2020";"7";"2";"4";"12";"4381";"263.";"7.6";"17.0";"47.";"4.";"581.06";"371.51";"276.76"
"2020";"7";"2";"4";"13";"4382";"266.";"8.0";"17.3";"47.";"3.";"620.57";"459.44";"259.52"
"2020";"7";"2";"4";"14";"4383";"266.";"7.9";"17.2";"48.";"4.";"508.32";"385.82";"229.89"
"2020";"7";"2";"4";"15";"4384";"264.";"7.9";"16.7";"48.";"4.";"431.00";"359.32";"204.32"
"2020";"7";"2";"4";"16";"4385";"262.";"7.8";"16.6";"49.";"4.";"347.30";"374.15";"152.88"
"2020";"7";"2";"4";"17";"4386";"263.";"7.7";"16.2";"52.";"4.";"240.85";"312.29";"117.32"
"2020";"7";"2";"4";"18";"4387";"265.";"7.4";"15.5";"52.";"0.";"205.18";"546.25";"59.25"
"2020";"7";"2";"4";"19";"4388";"266.";"6.8";"14.7";"57.";"2.";"57.36";"221.10";"25.72"
"2020";"7";"2";"4";"20";"4389";"264.";"6.4";"14.0";"60.";"1.";"0.00";"0.00";"0.00"
"2020";"7";"2";"4";"21";"4390";"262.";"6.3";"13.6";"63.";"0.";"0.00";"0.00";"0.00"
"2020";"7";"2";"4";"22";"4391";"260.";"5.9";"13.3";"65.";"0.";"0.00";"0.00";"0.00"
"2020";"7";"2";"4";"23";"4392";"259.";"5.1";"13.2";"67.";"0.";"0.00";"0.00";"0.00"
"2020";"7";"3";"5";"0";"4393";"264.";"4.8";"13.2";"67.";"6.";"0.00";"0.00";"0.00"
"2020";"7";"3";"5";"1";"4394";"268.";"5.4";"13.2";"65.";"4.";"0.00";"0.00";"0.00"
"2020";"7";"3";"5";"2";"4395";"267.";"4.8";"13.0";"64.";"6.";"0.00";"0.00";"0.00"
"2020";"7";"3";"5";"3";"4396";"267.";"4.7";"13.1";"62.";"6.";"0.00";"0.00";"0.00"
"2020";"7";"3";"5";"4";"4397";"272.";"5.1";"13.3";"60.";"7.";"46.30";"40.76";"40.51"
"2020";"7";"3";"5";"5";"4398";"271.";"5.5";"13.6";"60.";"8.";"62.97";"0.00";"62.97"
"2020";"7";"3";"5";"6";"4399";"267.";"5.5";"14.2";"61.";"3.";"275.50";"442.53";"100.88"
"2020";"7";"3";"5";"7";"4400";"256.";"5.0";"14.4";"66.";"8.";"153.82";"0.00";"153.82"
"2020";"7";"3";"5";"8";"4401";"262.";"3.7";"14.3";"71.";"8.";"195.48";"0.00";"195.48"
"2020";"7";"3";"5";"9";"4402";"249.";"4.7";"14.2";"62.";"7.";"291.85";"81.35";"233.21"
"2020";"7";"3";"5";"10";"4403";"242.";"4.4";"14.9";"62.";"8.";"256.02";"0.00";"256.02"
"2020";"7";"3";"5";"11";"4404";"242.";"4.8";"15.8";"57.";"8.";"267.12";"0.00";"267.12"
"2020";"7";"3";"5";"12";"4405";"233.";"4.8";"15.3";"55.";"8.";"268.96";"0.00";"268.96"
"2020";"7";"3";"5";"13";"4406";"223.";"4.9";"15.7";"56.";"8.";"256.71";"0.00";"256.71"
"2020";"7";"3";"5";"14";"4407";"231.";"4.9";"15.4";"60.";"8.";"230.21";"0.00";"230.21"
"2020";"7";"3";"5";"15";"4408";"225.";"5.2";"16.0";"57.";"8.";"398.02";"0.00";"398.02"
"2020";"7";"3";"5";"16";"4409";"226.";"5.4";"15.7";"56.";"8.";"315.49";"0.00";"315.49"
"2020";"7";"3";"5";"17";"4410";"216.";"5.5";"15.3";"61.";"8.";"219.80";"0.00";"219.80"
"2020";"7";"3";"5";"18";"4411";"208.";"5.0";"14.6";"69.";"7.";"80.85";"66.64";"63.12"
"2020";"7";"3";"5";"19";"4412";"187.";"4.4";"14.4";"74.";"8.";"16.86";"0.00";"16.86"
"2020";"7";"3";"5";"20";"4413";"203.";"4.1";"14.2";"84.";"8.";"0.00";"0.00";"0.00"
"2020";"7";"3";"5";"21";"4414";"220.";"5.9";"14.2";"87.";"8.";"0.00";"0.00";"0.00"
"2020";"7";"3";"5";"22";"4415";"232.";"6.3";"14.1";"85.";"8.";"0.00";"0.00";"0.00"
"2020";"7";"3";"5";"23";"4416";"225.";"4.9";"13.4";"89.";"8.";"0.00";"0.00";"0.00"
"2020";"7";"4";"6";"0";"4417";"221.";"5.2";"13.3";"92.";"8.";"0.00";"0.00";"0.00"
"2020";"7";"4";"6";"1";"4418";"217.";"5.9";"13.5";"93.";"8.";"0.00";"0.00";"0.00"
"2020";"7";"4";"6";"2";"4419";"206.";"5.9";"13.7";"94.";"8.";"0.00";"0.00";"0.00"
"2020";"7";"4";"6";"3";"4420";"217.";"7.0";"14.4";"94.";"8.";"0.00";"0.00";"0.00"
"2020";"7";"4";"6";"4";"4421";"218.";"7.5";"14.8";"93.";"8.";"6.96";"0.00";"6.96"
"2020";"7";"4";"6";"5";"4422";"223.";"7.8";"15.0";"92.";"8.";"28.37";"0.00";"28.37"
"2020";"7";"4";"6";"6";"4423";"227.";"8.0";"15.3";"91.";"8.";"101.41";"0.00";"101.41"
"2020";"7";"4";"6";"7";"4424";"228.";"7.9";"15.5";"91.";"8.";"139.92";"0.00";"139.92"
"2020";"7";"4";"6";"8";"4425";"224.";"7.0";"15.7";"92.";"8.";"92.20";"0.00";"92.20"
"2020";"7";"4";"6";"9";"4426";"229.";"7.2";"16.1";"91.";"8.";"120.30";"0.00";"120.30"
"2020";"7";"4";"6";"10";"4427";"231.";"7.0";"16.1";"92.";"8.";"216.69";"0.00";"216.69"
"2020";"7";"4";"6";"11";"4428";"230.";"6.3";"15.8";"91.";"8.";"145.47";"0.00";"145.47"
"2020";"7";"4";"6";"12";"4429";"230.";"5.2";"16.4";"86.";"8.";"153.63";"0.00";"153.63"
"2020";"7";"4";"6";"13";"4430";"247.";"4.6";"16.8";"82.";"8.";"250.38";"0.00";"250.38"
"2020";"7";"4";"6";"14";"4431";"240.";"4.8";"16.7";"79.";"8.";"224.87";"0.00";"224.87"
"2020";"7";"4";"6";"15";"4432";"241.";"4.3";"16.4";"78.";"7.";"256.06";"99.51";"193.46"
"2020";"7";"4";"6";"16";"4433";"247.";"3.6";"16.4";"79.";"8.";"150.02";"0.00";"150.02"
"2020";"7";"4";"6";"17";"4434";"241.";"3.2";"16.4";"80.";"7.";"227.45";"84.39";"194.24"
"2020";"7";"4";"6";"18";"4435";"240.";"3.0";"16.2";"80.";"8.";"56.39";"0.00";"56.39"
"2020";"7";"4";"6";"19";"4436";"235.";"2.9";"15.7";"82.";"8.";"13.88";"0.00";"13.88"
"2020";"7";"4";"6";"20";"4437";"222.";"2.1";"15.0";"85.";"7.";"0.00";"0.00";"0.00"
"2020";"7";"4";"6";"21";"4438";"201.";"2.3";"14.5";"90.";"8.";"0.00";"0.00";"0.00"
"2020";"7";"4";"6";"22";"4439";"219.";"2.9";"14.7";"89.";"8.";"0.00";"0.00";"0.00"
"2020";"7";"4";"6";"23";"4440";"226.";"2.4";"14.9";"90.";"8.";"0.00";"0.00";"0.00"
"2020";"7";"5";"7";"0";"4441";"226.";"2.8";"14.9";"90.";"8.";"0.00";"0.00";"0.00"
"2020";"7";"5";"7";"1";"4442";"213.";"2.6";"14.6";"91.";"8.";"0.00";"0.00";"0.00"
"2020";"7";"5";"7";"2";"4443";"207.";"2.2";"14.5";"92.";"8.";"0.00";"0.00";"0.00"
"2020";"7";"5";"7";"3";"4444";"191.";"1.7";"14.4";"94.";"8.";"0.00";"0.00";"0.00"
"2020";"7";"5";"7";"4";"4445";"174.";"2.4";"14.6";"95.";"8.";"5.57";"0.00";"5.57"
"2020";"7";"5";"7";"5";"4446";"191.";"3.9";"15.2";"95.";"8.";"27.79";"0.00";"27.79"
"2020";"7";"5";"7";"6";"4447";"194.";"5.0";"15.8";"94.";"8.";"91.66";"0.00";"91.66"
"2020";"7";"5";"7";"7";"4448";"196.";"6.3";"16.0";"94.";"8.";"71.41";"0.00";"71.41"
"2020";"7";"5";"7";"8";"4449";"194.";"7.4";"16.3";"95.";"8.";"88.32";"0.00";"88.32"
"2020";"7";"5";"7";"9";"4450";"193.";"9.6";"16.7";"95.";"8.";"115.70";"0.00";"115.70"
"2020";"7";"5";"7";"10";"4451";"208.";"10.0";"17.1";"92.";"8.";"138.41";"0.00";"138.41"
"2020";"7";"5";"7";"11";"4452";"216.";"10.1";"17.2";"92.";"8.";"244.10";"0.00";"244.10"
"2020";"7";"5";"7";"12";"4453";"221.";"9.5";"17.4";"89.";"8.";"148.66";"0.00";"148.66"
"2020";"7";"5";"7";"13";"4454";"219.";"10.1";"18.4";"82.";"8.";"237.35";"0.00";"237.35"
"2020";"7";"5";"7";"14";"4455";"224.";"10.1";"18.8";"73.";"8.";"214.12";"0.00";"214.12"
"2020";"7";"5";"7";"15";"4456";"235.";"8.9";"17.6";"71.";"7.";"245.72";"81.44";"194.57"
"2020";"7";"5";"7";"16";"4457";"231.";"8.0";"16.0";"77.";"8.";"134.65";"0.00";"134.65"
"2020";"7";"5";"7";"17";"4458";"235.";"8.0";"15.6";"81.";"7.";"84.97";"40.51";"69.08"
"2020";"7";"5";"7";"18";"4459";"244.";"9.0";"15.4";"77.";"8.";"29.66";"0.00";"29.66"
"2020";"7";"5";"7";"19";"4460";"242.";"8.9";"14.8";"74.";"8.";"9.11";"0.00";"9.11"
"2020";"7";"5";"7";"20";"4461";"238.";"9.7";"14.4";"72.";"6.";"0.00";"0.00";"0.00"
"2020";"7";"5";"7";"21";"4462";"240.";"8.4";"14.1";"73.";"7.";"0.00";"0.00";"0.00"
"2020";"7";"5";"7";"22";"4463";"240.";"8.0";"13.4";"76.";"7.";"0.00";"0.00";"0.00"
"2020";"7";"5";"7";"23";"4464";"236.";"8.9";"13.2";"80.";"8.";"0.00";"0.00";"0.00"
"2020";"7";"6";"1";"0";"4465";"238.";"8.7";"13.2";"78.";"7.";"0.00";"0.00";"0.00"
"2020";"7";"6";"1";"1";"4466";"240.";"7.9";"12.9";"83.";"8.";"0.00";"0.00";"0.00"
"2020";"7";"6";"1";"2";"4467";"229.";"9.2";"12.8";"80.";"8.";"0.00";"0.00";"0.00"
"2020";"7";"6";"1";"3";"4468";"242.";"7.2";"13.2";"77.";"8.";"0.00";"0.00";"0.00"
"2020";"7";"6";"1";"4";"4469";"236.";"8.3";"13.2";"80.";"8.";"15.50";"0.00";"15.50"
"2020";"7";"6";"1";"5";"4470";"240.";"7.4";"13.2";"81.";"8.";"32.26";"0.00";"32.26"
"2020";"7";"6";"1";"6";"4471";"231.";"8.1";"12.8";"82.";"8.";"57.52";"0.00";"57.52"
"2020";"7";"6";"1";"7";"4472";"230.";"9.0";"13.5";"78.";"4.";"267.18";"259.97";"133.16"
"2020";"7";"6";"1";"8";"4473";"235.";"9.7";"13.8";"76.";"8.";"189.37";"0.00";"189.37"
"2020";"7";"6";"1";"9";"4474";"239.";"9.4";"14.6";"71.";"6.";"373.97";"201.41";"229.35"
"2020";"7";"6";"1";"10";"4475";"237.";"8.5";"14.8";"72.";"7.";"331.00";"98.73";"253.75"
"2020";"7";"6";"1";"11";"4476";"234.";"9.5";"14.2";"75.";"8.";"149.57";"0.00";"149.57"
"2020";"7";"6";"1";"12";"4477";"228.";"9.4";"13.1";"83.";"8.";"136.67";"0.00";"136.67"
"2020";"7";"6";"1";"13";"4478";"242.";"9.3";"12.9";"89.";"8.";"130.81";"0.00";"130.81"
"2020";"7";"6";"1";"14";"4479";"246.";"9.8";"14.1";"84.";"8.";"120.19";"0.00";"120.19"
"2020";"7";"6";"1";"15";"4480";"259.";"9.0";"15.2";"80.";"8.";"170.55";"0.00";"170.55"
"2020";"7";"6";"1";"16";"4481";"274.";"8.1";"15.6";"76.";"8.";"280.27";"0.00";"280.27"
"2020";"7";"6";"1";"17";"4482";"286.";"8.8";"16.0";"71.";"8.";"197.84";"0.00";"197.84"
"2020";"7";"6";"1";"18";"4483";"292.";"8.2";"15.6";"70.";"7.";"121.17";"51.05";"107.78"
"2020";"7";"6";"1";"19";"4484";"290.";"5.9";"15.2";"76.";"8.";"14.79";"0.00";"14.79"
"2020";"7";"6";"1";"20";"4485";"292.";"7.1";"14.9";"71.";"7.";"0.00";"0.00";"0.00"
"2020";"7";"6";"1";"21";"4486";"287.";"7.1";"15.0";"69.";"8.";"0.00";"0.00";"0.00"
"2020";"7";"6";"1";"22";"4487";"291.";"7.7";"14.9";"68.";"8.";"0.00";"0.00";"0.00"
"2020";"7";"6";"1";"23";"4488";"297.";"8.1";"14.4";"68.";"6.";"0.00";"0.00";"0.00"
"2020";"7";"7";"2";"0";"4489";"298.";"7.9";"13.9";"66.";"5.";"0.00";"0.00";"0.00"
"2020";"7";"7";"2";"1";"4490";"293.";"7.6";"13.1";"65.";"3.";"0.00";"0.00";"0.00"
"2020";"7";"7";"2";"2";"4491";"295.";"7.9";"12.6";"65.";"0.";"0.00";"0.00";"0.00"
"2020";"7";"7";"2";"3";"4492";"294.";"7.7";"12.3";"66.";"0.";"0.00";"0.00";"0.00"
"2020";"7";"7";"2";"4";"4493";"288.";"8.2";"12.8";"69.";"1.";"53.11";"212.97";"24.03"
"2020";"7";"7";"2";"5";"4494";"285.";"8.7";"13.5";"70.";"6.";"95.42";"114.22";"65.61"
"2020";"7";"7";"2";"6";"4495";"276.";"8.0";"13.5";"79.";"5.";"197.26";"205.52";"117.14"
"2020";"7";"7";"2";"7";"4496";"270.";"7.1";"13.8";"76.";"7.";"195.25";"78.99";"154.63"
"2020";"7";"7";"2";"8";"4497";"252.";"7.0";"13.9";"77.";"7.";"254.06";"93.48";"195.56"
"2020";"7";"7";"2";"9";"4498";"258.";"6.7";"14.2";"72.";"8.";"228.04";"0.00";"228.04"
"2020";"7";"7";"2";"10";"4499";"245.";"7.0";"14.8";"65.";"8.";"248.45";"0.00";"248.45"
"2020";"7";"7";"2";"11";"4500";"260.";"7.4";"15.4";"61.";"8.";"263.60";"0.00";"263.60"
"2020";"7";"7";"2";"12";"4501";"261.";"6.6";"14.8";"60.";"7.";"345.88";"95.27";"268.26"
"2020";"7";"7";"2";"13";"4502";"253.";"6.3";"15.6";"58.";"6.";"578.71";"187.33";"432.34"
"2020";"7";"7";"2";"14";"4503";"256.";"7.1";"13.6";"67.";"8.";"122.28";"0.00";"122.28"
"2020";"7";"7";"2";"15";"4504";"251.";"6.9";"13.4";"64.";"8.";"114.21";"0.00";"114.21"
"2020";"7";"7";"2";"16";"4505";"257.";"6.4";"13.6";"65.";"8.";"153.57";"0.00";"153.57"
"2020";"7";"7";"2";"17";"4506";"266.";"8.3";"13.4";"59.";"2.";"319.03";"498.38";"124.75"
"2020";"7";"7";"2";"18";"4507";"264.";"7.8";"13.2";"62.";"3.";"152.38";"330.18";"66.21"
"2020";"7";"7";"2";"19";"4508";"267.";"7.5";"12.7";"65.";"5.";"36.07";"96.79";"22.85"
"2020";"7";"7";"2";"20";"4509";"269.";"7.2";"12.5";"68.";"6.";"0.00";"0.00";"0.00"
"2020";"7";"7";"2";"21";"4510";"270.";"7.1";"12.6";"69.";"4.";"0.00";"0.00";"0.00"
"2020";"7";"7";"2";"22";"4511";"271.";"6.4";"12.8";"68.";"8.";"0.00";"0.00";"0.00"
"2020";"7";"7";"2";"23";"4512";"282.";"7.3";"12.1";"74.";"8.";"0.00";"0.00";"0.00"
"2020";"7";"8";"3";"0";"4513";"281.";"6.7";"12.6";"71.";"8.";"0.00";"0.00";"0.00"
"2020";"7";"8";"3";"1";"4514";"286.";"6.2";"12.4";"73.";"8.";"0.00";"0.00";"0.00"
"2020";"7";"8";"3";"2";"4515";"291.";"5.7";"12.6";"71.";"8.";"0.00";"0.00";"0.00"
"2020";"7";"8";"3";"3";"4516";"292.";"4.9";"12.6";"74.";"7.";"0.00";"0.00";"0.00"
"2020";"7";"8";"3";"4";"4517";"294.";"4.2";"12.6";"74.";"5.";"34.02";"104.20";"19.96"
"2020";"7";"8";"3";"5";"4518";"308.";"4.6";"13.1";"78.";"8.";"60.16";"0.00";"60.16"
"2020";"7";"8";"3";"6";"4519";"321.";"3.1";"13.9";"71.";"6.";"176.59";"178.67";"107.19"
"2020";"7";"8";"3";"7";"4520";"309.";"4.3";"14.7";"61.";"4.";"346.67";"406.14";"138.34"
"2020";"7";"8";"3";"8";"4521";"305.";"4.6";"15.2";"59.";"6.";"324.04";"210.37";"192.64"
"2020";"7";"8";"3";"9";"4522";"298.";"4.9";"15.3";"59.";"5.";"446.13";"312.61";"222.37"
"2020";"7";"8";"3";"10";"4523";"295.";"5.3";"16.2";"56.";"4.";"563.75";"419.85";"236.16"
"2020";"7";"8";"3";"11";"4524";"297.";"4.8";"16.5";"54.";"1.";"799.68";"756.28";"184.34"
"2020";"7";"8";"3";"12";"4525";"292.";"4.9";"16.8";"52.";"1.";"812.31";"817.42";"147.23"
"2020";"7";"8";"3";"13";"4526";"286.";"5.2";"17.1";"51.";"1.";"763.09";"752.79";"175.72"
"2020";"7";"8";"3";"14";"4527";"277.";"5.3";"17.2";"50.";"1.";"715.77";"756.34";"174.39"
"2020";"7";"8";"3";"15";"4528";"278.";"4.7";"17.3";"48.";"2.";"545.76";"641.02";"145.37"
"2020";"7";"8";"3";"16";"4529";"275.";"4.5";"16.7";"50.";"4.";"349.80";"417.94";"135.42"
"2020";"7";"8";"3";"17";"4530";"277.";"4.1";"15.8";"56.";"3.";"306.14";"464.27";"125.82"
"2020";"7";"8";"3";"18";"4531";"279.";"4.2";"15.9";"56.";"1.";"182.84";"507.61";"51.13"
"2020";"7";"8";"3";"19";"4532";"272.";"3.5";"14.9";"59.";"1.";"54.27";"255.67";"19.78"
"2020";"7";"8";"3";"20";"4533";"258.";"3.2";"13.8";"67.";"0.";"0.00";"0.00";"0.00"
"2020";"7";"8";"3";"21";"4534";"242.";"3.2";"12.7";"76.";"0.";"0.00";"0.00";"0.00"
"2020";"7";"8";"3";"22";"4535";"236.";"3.1";"12.1";"82.";"0.";"0.00";"0.00";"0.00"
"2020";"7";"8";"3";"23";"4536";"232.";"3.1";"11.8";"84.";"0.";"0.00";"0.00";"0.00"
"2020";"7";"9";"4";"0";"4537";"239.";"3.2";"12.0";"85.";"0.";"0.00";"0.00";"0.00"
"2020";"7";"9";"4";"1";"4538";"240.";"2.6";"12.4";"86.";"1.";"0.00";"0.00";"0.00"
"2020";"7";"9";"4";"2";"4539";"235.";"1.6";"12.1";"87.";"2.";"0.00";"0.00";"0.00"
"2020";"7";"9";"4";"3";"4540";"228.";"2.0";"11.6";"87.";"4.";"0.00";"0.00";"0.00"
"2020";"7";"9";"4";"4";"4541";"236.";"2.0";"12.4";"85.";"5.";"27.96";"78.15";"17.55"
"2020";"7";"9";"4";"5";"4542";"233.";"2.5";"14.3";"80.";"5.";"107.78";"175.52";"62.52"
"2020";"7";"9";"4";"6";"4543";"236.";"3.3";"14.8";"73.";"2.";"283.52";"461.93";"104.79"
"2020";"7";"9";"4";"7";"4544";"230.";"3.2";"15.2";"69.";"1.";"453.15";"651.47";"119.89"
"2020";"7";"9";"4";"8";"4545";"224.";"3.2";"15.7";"66.";"3.";"474.62";"457.90";"189.21"
"2020";"7";"9";"4";"9";"4546";"212.";"3.5";"16.0";"63.";"3.";"561.02";"481.86";"216.71"
"2020";"7";"9";"4";"10";"4547";"207.";"3.1";"16.3";"59.";"4.";"565.43";"433.17";"227.96"
"2020";"7";"9";"4";"11";"4548";"207.";"3.2";"16.6";"56.";"3.";"662.71";"532.78";"229.84"
"2020";"7";"9";"4";"12";"4549";"215.";"3.6";"17.2";"55.";"4.";"561.78";"333.08";"291.16"
"2020";"7";"9";"4";"13";"4550";"215.";"4.3";"16.5";"59.";"7.";"560.68";"118.47";"468.38"
"2020";"7";"9";"4";"14";"4551";"215.";"4.5";"16.4";"59.";"7.";"496.81";"104.58";"422.08"
"2020";"7";"9";"4";"15";"4552";"206.";"3.6";"16.8";"56.";"6.";"476.36";"203.13";"349.75"
"2020";"7";"9";"4";"16";"4553";"207.";"3.5";"16.7";"56.";"2.";"455.03";"598.44";"148.89"
"2020";"7";"9";"4";"17";"4554";"215.";"3.0";"16.6";"56.";"2.";"293.99";"518.04";"93.56"
"2020";"7";"9";"4";"18";"4555";"225.";"2.4";"16.0";"59.";"4.";"158.60";"286.68";"84.68"
"2020";"7";"9";"4";"19";"4556";"234.";"1.5";"15.0";"64.";"2.";"48.02";"191.77";"22.47"
"2020";"7";"9";"4";"20";"4557";"283.";"0.6";"13.3";"73.";"2.";"0.00";"0.00";"0.00"
"2020";"7";"9";"4";"21";"4558";"317.";"0.8";"11.6";"80.";"3.";"0.00";"0.00";"0.00"
"2020";"7";"9";"4";"22";"4559";"328.";"1.1";"10.4";"84.";"4.";"0.00";"0.00";"0.00"
"2020";"7";"9";"4";"23";"4560";"330.";"0.9";"10.0";"85.";"3.";"0.00";"0.00";"0.00"
"2020";"7";"10";"5";"0";"4561";"352.";"0.4";"9.8";"86.";"5.";"0.00";"0.00";"0.00"
"2020";"7";"10";"5";"1";"4562";"108.";"0.3";"9.1";"88.";"2.";"0.00";"0.00";"0.00"
"2020";"7";"10";"5";"2";"4563";"93.";"1.0";"8.7";"89.";"1.";"0.00";"0.00";"0.00"
"2020";"7";"10";"5";"3";"4564";"107.";"1.7";"8.6";"89.";"3.";"0.00";"0.00";"0.00"
"2020";"7";"10";"5";"4";"4565";"109.";"2.1";"9.6";"89.";"2.";"45.68";"201.55";"19.19"
"2020";"7";"10";"5";"5";"4566";"136.";"1.4";"11.8";"85.";"1.";"173.71";"484.58";"49.58"
"2020";"7";"10";"5";"6";"4567";"168.";"2.3";"14.3";"74.";"0.";"340.01";"699.18";"70.62"
"2020";"7";"10";"5";"7";"4568";"173.";"2.8";"15.2";"65.";"4.";"340.79";"394.39";"139.63"
"2020";"7";"10";"5";"8";"4569";"190.";"2.5";"16.2";"58.";"6.";"320.55";"205.52";"192.73"
"2020";"7";"10";"5";"9";"4570";"199.";"2.2";"16.3";"55.";"2.";"681.05";"654.73";"214.07"
"2020";"7";"10";"5";"10";"4571";"218.";"2.8";"16.1";"55.";"8.";"255.20";"0.00";"255.20"
"2020";"7";"10";"5";"11";"4572";"220.";"2.8";"16.6";"54.";"7.";"618.54";"113.91";"526.13"
"2020";"7";"10";"5";"12";"4573";"218.";"3.3";"16.6";"55.";"8.";"545.00";"0.00";"545.00"
"2020";"7";"10";"5";"13";"4574";"205.";"3.1";"16.5";"53.";"8.";"535.70";"0.00";"535.70"
"2020";"7";"10";"5";"14";"4575";"215.";"3.4";"16.2";"54.";"6.";"569.30";"227.30";"407.18"
"2020";"7";"10";"5";"15";"4576";"218.";"2.8";"15.4";"60.";"8.";"413.62";"0.00";"413.62"
"2020";"7";"10";"5";"16";"4577";"223.";"3.0";"14.9";"63.";"8.";"315.94";"0.00";"315.94"
"2020";"7";"10";"5";"17";"4578";"225.";"3.6";"14.9";"63.";"8.";"219.07";"0.00";"219.07"
"2020";"7";"10";"5";"18";"4579";"228.";"3.2";"15.1";"67.";"8.";"116.19";"0.00";"116.19"
"2020";"7";"10";"5";"19";"4580";"246.";"2.4";"14.6";"74.";"8.";"28.10";"0.00";"28.10"
"2020";"7";"10";"5";"20";"4581";"261.";"1.5";"13.4";"74.";"7.";"0.00";"0.00";"0.00"
"2020";"7";"10";"5";"21";"4582";"286.";"1.6";"11.9";"79.";"5.";"0.00";"0.00";"0.00"
"2020";"7";"10";"5";"22";"4583";"287.";"2.2";"11.3";"83.";"2.";"0.00";"0.00";"0.00"
"2020";"7";"10";"5";"23";"4584";"285.";"2.7";"11.1";"84.";"3.";"0.00";"0.00";"0.00"
"2020";"7";"11";"6";"0";"4585";"282.";"2.7";"12.0";"84.";"5.";"0.00";"0.00";"0.00"
"2020";"7";"11";"6";"1";"4586";"277.";"2.8";"11.7";"85.";"0.";"0.00";"0.00";"0.00"
"2020";"7";"11";"6";"2";"4587";"270.";"2.3";"11.6";"85.";"5.";"0.00";"0.00";"0.00"
"2020";"7";"11";"6";"3";"4588";"262.";"2.0";"11.5";"86.";"2.";"0.00";"0.00";"0.00"
"2020";"7";"11";"6";"4";"4589";"259.";"2.7";"12.8";"84.";"6.";"22.48";"56.00";"15.23"
"2020";"7";"11";"6";"5";"4590";"267.";"3.8";"14.6";"80.";"5.";"110.62";"204.42";"58.63"
"2020";"7";"11";"6";"6";"4591";"279.";"5.3";"15.4";"69.";"0.";"338.61";"703.83";"68.61"
"2020";"7";"11";"6";"7";"4592";"280.";"5.5";"15.5";"70.";"3.";"374.70";"468.03";"136.71"
"2020";"7";"11";"6";"8";"4593";"278.";"5.8";"15.9";"65.";"4.";"428.07";"395.51";"182.68"
"2020";"7";"11";"6";"9";"4594";"276.";"5.5";"16.5";"62.";"5.";"445.93";"328.02";"212.43"
"2020";"7";"11";"6";"10";"4595";"274.";"6.2";"16.8";"58.";"4.";"669.76";"429.40";"336.33"
"2020";"7";"11";"6";"11";"4596";"272.";"5.8";"16.9";"56.";"5.";"516.01";"325.62";"252.27"
"2020";"7";"11";"6";"12";"4597";"270.";"5.7";"17.0";"56.";"4.";"590.73";"432.23";"240.64"
"2020";"7";"11";"6";"13";"4598";"269.";"6.2";"17.2";"53.";"4.";"567.40";"444.02";"222.62"
"2020";"7";"11";"6";"14";"4599";"271.";"6.4";"16.9";"57.";"5.";"443.78";"316.31";"218.61"
"2020";"7";"11";"6";"15";"4600";"269.";"6.1";"16.8";"58.";"2.";"533.57";"610.78";"154.62"
"2020";"7";"11";"6";"16";"4601";"263.";"5.7";"16.9";"58.";"4.";"336.16";"373.58";"146.20"
"2020";"7";"11";"6";"17";"4602";"261.";"6.3";"16.3";"63.";"2.";"273.55";"398.06";"120.85"
"2020";"7";"11";"6";"18";"4603";"259.";"6.2";"15.9";"66.";"4.";"121.03";"214.11";"66.57"
"2020";"7";"11";"6";"19";"4604";"262.";"6.7";"15.4";"69.";"6.";"21.10";"40.20";"15.90"
"2020";"7";"11";"6";"20";"4605";"266.";"6.3";"15.0";"71.";"7.";"0.00";"0.00";"0.00"
"2020";"7";"11";"6";"21";"4606";"267.";"6.2";"14.6";"74.";"1.";"0.00";"0.00";"0.00"
"2020";"7";"11";"6";"22";"4607";"274.";"6.6";"14.3";"74.";"5.";"0.00";"0.00";"0.00"
"2020";"7";"11";"6";"23";"4608";"276.";"6.3";"14.1";"77.";"3.";"0.00";"0.00";"0.00"
"2020";"7";"12";"7";"0";"4609";"281.";"5.8";"14.0";"72.";"0.";"0.00";"0.00";"0.00"
"2020";"7";"12";"7";"1";"4610";"282.";"6.0";"13.8";"73.";"1.";"0.00";"0.00";"0.00"
"2020";"7";"12";"7";"2";"4611";"285.";"5.0";"13.5";"76.";"0.";"0.00";"0.00";"0.00"
"2020";"7";"12";"7";"3";"4612";"283.";"5.5";"13.4";"76.";"8.";"0.00";"0.00";"0.00"
"2020";"7";"12";"7";"4";"4613";"280.";"5.6";"13.8";"75.";"1.";"39.01";"166.90";"17.73"
"2020";"7";"12";"7";"5";"4614";"274.";"5.4";"14.1";"70.";"5.";"109.20";"189.09";"61.46"
"2020";"7";"12";"7";"6";"4615";"273.";"5.6";"14.4";"66.";"2.";"282.33";"461.04";"106.28"
"2020";"7";"12";"7";"7";"4616";"272.";"4.9";"14.8";"65.";"5.";"289.50";"265.31";"155.03"
"2020";"7";"12";"7";"8";"4617";"272.";"5.0";"15.4";"65.";"6.";"319.02";"208.59";"189.92"
"2020";"7";"12";"7";"9";"4618";"274.";"5.4";"15.7";"61.";"7.";"303.54";"106.81";"227.66"
"2020";"7";"12";"7";"10";"4619";"277.";"6.1";"16.2";"59.";"5.";"492.78";"330.26";"236.80"
"2020";"7";"12";"7";"11";"4620";"280.";"6.1";"16.5";"57.";"5.";"515.22";"325.19";"252.28"
"2020";"7";"12";"7";"12";"4621";"283.";"6.0";"17.1";"57.";"5.";"515.67";"328.68";"249.91"
"2020";"7";"12";"7";"13";"4622";"285.";"6.6";"17.0";"59.";"6.";"412.50";"210.57";"249.29"
"2020";"7";"12";"7";"14";"4623";"283.";"6.9";"17.1";"63.";"8.";"222.21";"0.00";"222.21"
"2020";"7";"12";"7";"15";"4624";"278.";"7.2";"16.7";"68.";"5.";"371.40";"299.28";"186.18"
"2020";"7";"12";"7";"16";"4625";"276.";"6.9";"16.6";"70.";"7.";"193.65";"84.61";"150.76"
"2020";"7";"12";"7";"17";"4626";"274.";"7.2";"15.9";"73.";"7.";"133.34";"76.12";"104.28"
"2020";"7";"12";"7";"18";"4627";"275.";"6.7";"15.6";"75.";"7.";"69.76";"53.20";"56.33"
"2020";"7";"12";"7";"19";"4628";"274.";"6.7";"15.1";"78.";"7.";"14.28";"17.29";"12.07"
"2020";"7";"12";"7";"20";"4629";"276.";"6.1";"14.8";"80.";"7.";"0.00";"0.00";"0.00"
"2020";"7";"12";"7";"21";"4630";"271.";"5.7";"14.7";"82.";"7.";"0.00";"0.00";"0.00"
"2020";"7";"12";"7";"22";"4631";"271.";"5.6";"14.5";"83.";"8.";"0.00";"0.00";"0.00"
"2020";"7";"12";"7";"23";"4632";"272.";"5.5";"14.5";"83.";"8.";"0.00";"0.00";"0.00"
"2020";"7";"13";"1";"0";"4633";"276.";"5.3";"14.5";"83.";"8.";"0.00";"0.00";"0.00"
"2020";"7";"13";"1";"1";"4634";"281.";"5.7";"14.4";"83.";"3.";"0.00";"0.00";"0.00"
"2020";"7";"13";"1";"2";"4635";"284.";"4.9";"14.4";"83.";"6.";"0.00";"0.00";"0.00"
"2020";"7";"13";"1";"3";"4636";"278.";"4.9";"14.4";"84.";"6.";"0.00";"0.00";"0.00"
"2020";"7";"13";"1";"4";"4637";"281.";"4.7";"14.6";"83.";"5.";"19.07";"51.09";"12.66"
"2020";"7";"13";"1";"5";"4638";"285.";"5.0";"15.0";"81.";"5.";"98.87";"150.60";"61.15"
"2020";"7";"13";"1";"6";"4639";"283.";"5.4";"15.5";"79.";"5.";"189.45";"209.38";"109.89"
"2020";"7";"13";"1";"7";"4640";"282.";"5.5";"16.1";"75.";"3.";"360.86";"418.09";"149.68"
"2020";"7";"13";"1";"8";"4641";"277.";"5.6";"16.7";"72.";"6.";"305.05";"177.40";"195.55"
"2020";"7";"13";"1";"9";"4642";"275.";"5.4";"16.9";"69.";"6.";"368.63";"204.34";"223.78"
"2020";"7";"13";"1";"10";"4643";"274.";"5.0";"17.1";"67.";"8.";"247.22";"0.00";"247.22"
"2020";"7";"13";"1";"11";"4644";"271.";"5.1";"17.4";"66.";"8.";"261.36";"0.00";"261.36"
"2020";"7";"13";"1";"12";"4645";"266.";"5.0";"17.0";"65.";"5.";"509.79";"319.64";"251.79"
"2020";"7";"13";"1";"13";"4646";"263.";"4.4";"16.4";"67.";"8.";"248.67";"0.00";"248.67"
"2020";"7";"13";"1";"14";"4647";"259.";"3.6";"16.1";"69.";"8.";"224.91";"0.00";"224.91"
"2020";"7";"13";"1";"15";"4648";"260.";"3.4";"16.6";"68.";"8.";"189.76";"0.00";"189.76"
"2020";"7";"13";"1";"16";"4649";"251.";"3.2";"16.5";"65.";"5.";"289.93";"214.78";"181.44"
"2020";"7";"13";"1";"17";"4650";"257.";"2.6";"16.3";"66.";"8.";"102.40";"0.00";"102.40"
"2020";"7";"13";"1";"18";"4651";"247.";"2.1";"16.2";"69.";"8.";"54.38";"0.00";"54.38"
"2020";"7";"13";"1";"19";"4652";"228.";"2.1";"15.4";"74.";"6.";"28.40";"48.76";"22.28"
"2020";"7";"13";"1";"20";"4653";"212.";"1.5";"14.5";"81.";"7.";"0.00";"0.00";"0.00"
"2020";"7";"13";"1";"21";"4654";"204.";"1.7";"13.8";"84.";"8.";"0.00";"0.00";"0.00"
"2020";"7";"13";"1";"22";"4655";"201.";"1.8";"13.8";"86.";"8.";"0.00";"0.00";"0.00"
"2020";"7";"13";"1";"23";"4656";"191.";"1.8";"14.0";"86.";"8.";"0.00";"0.00";"0.00"
"2020";"7";"14";"2";"0";"4657";"168.";"1.7";"13.9";"85.";"8.";"0.00";"0.00";"0.00"
"2020";"7";"14";"2";"1";"4658";"183.";"2.3";"13.9";"84.";"8.";"0.00";"0.00";"0.00"
"2020";"7";"14";"2";"2";"4659";"190.";"1.9";"13.7";"83.";"8.";"0.00";"0.00";"0.00"
"2020";"7";"14";"2";"3";"4660";"198.";"2.3";"13.8";"84.";"8.";"0.00";"0.00";"0.00"
"2020";"7";"14";"2";"4";"4661";"200.";"3.0";"13.6";"89.";"8.";"5.05";"0.00";"5.05"
"2020";"7";"14";"2";"5";"4662";"183.";"3.3";"13.6";"93.";"8.";"25.69";"0.00";"25.69"
"2020";"7";"14";"2";"6";"4663";"172.";"4.1";"13.9";"93.";"8.";"52.76";"0.00";"52.76"
"2020";"7";"14";"2";"7";"4664";"182.";"5.1";"13.9";"92.";"8.";"82.41";"0.00";"82.41"
"2020";"7";"14";"2";"8";"4665";"182.";"5.3";"13.9";"91.";"8.";"95.74";"0.00";"95.74"
"2020";"7";"14";"2";"9";"4666";"190.";"5.8";"14.0";"93.";"8.";"110.95";"0.00";"110.95"
"2020";"7";"14";"2";"10";"4667";"196.";"5.8";"14.3";"94.";"8.";"130.57";"0.00";"130.57"
"2020";"7";"14";"2";"11";"4668";"195.";"5.6";"14.5";"94.";"8.";"140.60";"0.00";"140.60"
"2020";"7";"14";"2";"12";"4669";"192.";"5.1";"14.7";"93.";"8.";"140.58";"0.00";"140.58"
"2020";"7";"14";"2";"13";"4670";"194.";"5.2";"14.6";"92.";"8.";"136.73";"0.00";"136.73"
"2020";"7";"14";"2";"14";"4671";"192.";"4.9";"14.5";"91.";"8.";"126.62";"0.00";"126.62"
"2020";"7";"14";"2";"15";"4672";"182.";"5.3";"14.9";"90.";"8.";"105.71";"0.00";"105.71"
"2020";"7";"14";"2";"16";"4673";"182.";"5.1";"15.2";"89.";"8.";"144.77";"0.00";"144.77"
"2020";"7";"14";"2";"17";"4674";"174.";"4.8";"15.6";"88.";"8.";"96.03";"0.00";"96.03"
"2020";"7";"14";"2";"18";"4675";"171.";"4.0";"15.5";"89.";"8.";"49.47";"0.00";"49.47"
"2020";"7";"14";"2";"19";"4676";"171.";"3.5";"15.4";"90.";"8.";"6.93";"0.00";"6.93"
"2020";"7";"14";"2";"20";"4677";"178.";"3.1";"15.3";"91.";"8.";"0.00";"0.00";"0.00"
"2020";"7";"14";"2";"21";"4678";"171.";"2.7";"15.0";"92.";"8.";"0.00";"0.00";"0.00"
"2020";"7";"14";"2";"22";"4679";"159.";"2.8";"15.0";"92.";"8.";"0.00";"0.00";"0.00"
"2020";"7";"14";"2";"23";"4680";"154.";"2.5";"14.9";"93.";"8.";"0.00";"0.00";"0.00"
"2020";"7";"15";"3";"0";"4681";"142.";"2.1";"14.7";"94.";"8.";"0.00";"0.00";"0.00"
"2020";"7";"15";"3";"1";"4682";"124.";"1.3";"14.4";"93.";"8.";"0.00";"0.00";"0.00"
"2020";"7";"15";"3";"2";"4683";"97.";"1.0";"14.2";"92.";"8.";"0.00";"0.00";"0.00"
"2020";"7";"15";"3";"3";"4684";"64.";"1.5";"14.1";"94.";"8.";"0.00";"0.00";"0.00"
"2020";"7";"15";"3";"4";"4685";"38.";"1.2";"14.2";"95.";"8.";"3.58";"0.00";"3.58"
"2020";"7";"15";"3";"5";"4686";"53.";"1.4";"14.2";"96.";"8.";"24.51";"0.00";"24.51"
"2020";"7";"15";"3";"6";"4687";"307.";"2.2";"14.5";"95.";"8.";"52.93";"0.00";"52.93"
"2020";"7";"15";"3";"7";"4688";"299.";"2.9";"14.9";"93.";"8.";"144.68";"0.00";"144.68"
"2020";"7";"15";"3";"8";"4689";"295.";"2.9";"14.4";"91.";"8.";"184.87";"0.00";"184.87"
"2020";"7";"15";"3";"9";"4690";"283.";"3.1";"14.5";"89.";"8.";"130.34";"0.00";"130.34"
"2020";"7";"15";"3";"10";"4691";"276.";"2.5";"14.9";"86.";"8.";"250.14";"0.00";"250.14"
"2020";"7";"15";"3";"11";"4692";"277.";"2.2";"16.0";"80.";"8.";"259.27";"0.00";"259.27"
"2020";"7";"15";"3";"12";"4693";"274.";"2.1";"17.2";"73.";"7.";"566.34";"108.09";"479.43"
"2020";"7";"15";"3";"13";"4694";"277.";"2.4";"17.8";"70.";"8.";"248.35";"0.00";"248.35"
"2020";"7";"15";"3";"14";"4695";"274.";"2.7";"16.9";"71.";"8.";"481.85";"0.00";"481.85"
"2020";"7";"15";"3";"15";"4696";"274.";"2.6";"17.1";"71.";"8.";"188.87";"0.00";"188.87"
"2020";"7";"15";"3";"16";"4697";"286.";"2.3";"17.3";"69.";"8.";"295.53";"0.00";"295.53"
"2020";"7";"15";"3";"17";"4698";"279.";"2.4";"17.5";"67.";"6.";"233.80";"166.03";"171.38"
"2020";"7";"15";"3";"18";"4699";"277.";"2.3";"16.9";"68.";"7.";"115.02";"65.75";"98.84"
"2020";"7";"15";"3";"19";"4700";"277.";"2.0";"15.6";"73.";"7.";"21.64";"21.91";"18.99"
"2020";"7";"15";"3";"20";"4701";"293.";"1.4";"14.0";"81.";"8.";"0.00";"0.00";"0.00"
"2020";"7";"15";"3";"21";"4702";"291.";"0.6";"12.5";"86.";"8.";"0.00";"0.00";"0.00"
"2020";"7";"15";"3";"22";"4703";"317.";"0.4";"11.8";"89.";"2.";"0.00";"0.00";"0.00"
"2020";"7";"15";"3";"23";"4704";"56.";"0.7";"11.1";"91.";"2.";"0.00";"0.00";"0.00"
"2020";"7";"16";"4";"0";"4705";"63.";"0.9";"10.8";"92.";"7.";"0.00";"0.00";"0.00"
"2020";"7";"16";"4";"1";"4706";"54.";"0.5";"10.3";"91.";"8.";"0.00";"0.00";"0.00"
"2020";"7";"16";"4";"2";"4707";"272.";"0.5";"10.9";"90.";"8.";"0.00";"0.00";"0.00"
"2020";"7";"16";"4";"3";"4708";"322.";"0.5";"10.8";"91.";"4.";"0.00";"0.00";"0.00"
"2020";"7";"16";"4";"4";"4709";"277.";"0.5";"11.1";"91.";"3.";"29.09";"113.92";"15.60"
"2020";"7";"16";"4";"5";"4710";"289.";"1.1";"11.7";"91.";"5.";"135.08";"201.12";"86.02"
"2020";"7";"16";"4";"6";"4711";"271.";"1.2";"13.0";"91.";"7.";"216.82";"85.78";"184.75"
"2020";"7";"16";"4";"7";"4712";"273.";"0.9";"15.2";"83.";"4.";"385.45";"372.42";"199.47"
"2020";"7";"16";"4";"8";"4713";"271.";"0.8";"16.0";"73.";"4.";"503.63";"413.15";"250.82"
"2020";"7";"16";"4";"9";"4714";"273.";"1.0";"17.2";"68.";"7.";"487.17";"106.29";"412.36"
"2020";"7";"16";"4";"10";"4715";"278.";"1.7";"17.7";"65.";"8.";"496.41";"0.00";"496.41"
"2020";"7";"16";"4";"11";"4716";"287.";"1.9";"18.5";"63.";"7.";"569.05";"110.37";"480.49"
"2020";"7";"16";"4";"12";"4717";"289.";"2.5";"18.9";"60.";"4.";"696.71";"445.18";"339.50"
"2020";"7";"16";"4";"13";"4718";"289.";"2.5";"18.5";"58.";"4.";"554.97";"429.22";"225.00"
"2020";"7";"16";"4";"14";"4719";"289.";"2.9";"18.9";"58.";"3.";"631.70";"538.03";"253.03"
"2020";"7";"16";"4";"15";"4720";"301.";"3.1";"19.6";"56.";"6.";"312.04";"203.97";"187.23"
"2020";"7";"16";"4";"16";"4721";"302.";"3.7";"19.0";"62.";"7.";"195.74";"98.21";"146.70"
"2020";"7";"16";"4";"17";"4722";"302.";"3.8";"18.6";"65.";"2.";"273.19";"506.98";"83.64"
"2020";"7";"16";"4";"18";"4723";"305.";"3.0";"17.7";"68.";"1.";"152.51";"428.04";"48.10"
"2020";"7";"16";"4";"19";"4724";"310.";"2.7";"16.6";"74.";"6.";"12.86";"34.07";"8.83"
"2020";"7";"16";"4";"20";"4725";"311.";"2.7";"15.2";"82.";"5.";"0.00";"0.00";"0.00"
"2020";"7";"16";"4";"21";"4726";"319.";"2.3";"14.1";"87.";"2.";"0.00";"0.00";"0.00"
"2020";"7";"16";"4";"22";"4727";"302.";"1.6";"13.4";"89.";"1.";"0.00";"0.00";"0.00"
"2020";"7";"16";"4";"23";"4728";"296.";"2.1";"12.7";"90.";"5.";"0.00";"0.00";"0.00"
"2020";"7";"17";"5";"0";"4729";"299.";"1.5";"12.2";"91.";"3.";"0.00";"0.00";"0.00"
"2020";"7";"17";"5";"1";"4730";"300.";"1.0";"11.6";"92.";"0.";"0.00";"0.00";"0.00"
"2020";"7";"17";"5";"2";"4731";"276.";"0.9";"11.1";"93.";"2.";"0.00";"0.00";"0.00"
"2020";"7";"17";"5";"3";"4732";"278.";"1.2";"10.8";"93.";"0.";"0.00";"0.00";"0.00"
"2020";"7";"17";"5";"4";"4733";"277.";"1.1";"11.5";"93.";"0.";"28.33";"150.84";"10.84"
"2020";"7";"17";"5";"5";"4734";"262.";"1.4";"13.6";"90.";"5.";"97.67";"189.18";"51.97"
"2020";"7";"17";"5";"6";"4735";"258.";"2.3";"15.8";"84.";"1.";"290.09";"568.11";"78.95"
"2020";"7";"17";"5";"7";"4736";"253.";"2.1";"16.8";"75.";"3.";"406.64";"473.04";"171.39"
"2020";"7";"17";"5";"8";"4737";"261.";"2.7";"17.5";"71.";"2.";"519.80";"624.96";"138.60"
"2020";"7";"17";"5";"9";"4738";"260.";"2.3";"18.0";"69.";"2.";"549.83";"569.81";"149.84"
"2020";"7";"17";"5";"10";"4739";"257.";"3.0";"18.9";"64.";"2.";"683.16";"654.54";"181.13"
"2020";"7";"17";"5";"11";"4740";"248.";"2.9";"18.9";"64.";"7.";"368.11";"72.03";"310.44"
"2020";"7";"17";"5";"12";"4741";"244.";"3.5";"19.4";"62.";"5.";"499.13";"258.11";"292.47"
"2020";"7";"17";"5";"13";"4742";"241.";"3.3";"20.0";"61.";"2.";"673.37";"611.55";"204.31"
"2020";"7";"17";"5";"14";"4743";"230.";"2.9";"20.0";"62.";"0.";"720.25";"854.82";"120.20"
"2020";"7";"17";"5";"15";"4744";"226.";"2.6";"20.3";"60.";"2.";"554.16";"611.49";"181.17"
"2020";"7";"17";"5";"16";"4745";"214.";"2.5";"20.2";"60.";"3.";"408.78";"484.79";"167.69"
"2020";"7";"17";"5";"17";"4746";"222.";"3.1";"19.5";"62.";"5.";"246.67";"259.21";"150.34"
"2020";"7";"17";"5";"18";"4747";"224.";"3.1";"18.5";"69.";"6.";"81.43";"125.67";"51.07"
"2020";"7";"17";"5";"19";"4748";"223.";"3.1";"17.1";"78.";"7.";"7.25";"11.94";"5.86"
"2020";"7";"17";"5";"20";"4749";"215.";"2.8";"16.3";"84.";"7.";"0.00";"0.00";"0.00"
"2020";"7";"17";"5";"21";"4750";"202.";"2.0";"15.8";"88.";"7.";"0.00";"0.00";"0.00"
"2020";"7";"17";"5";"22";"4751";"194.";"1.7";"16.0";"89.";"3.";"0.00";"0.00";"0.00"
"2020";"7";"17";"5";"23";"4752";"202.";"1.8";"16.2";"89.";"8.";"0.00";"0.00";"0.00"
"2020";"7";"18";"6";"0";"4753";"192.";"1.7";"16.0";"89.";"8.";"0.00";"0.00";"0.00"
"2020";"7";"18";"6";"1";"4754";"192.";"1.4";"15.7";"90.";"8.";"0.00";"0.00";"0.00"
"2020";"7";"18";"6";"2";"4755";"179.";"1.5";"15.5";"92.";"8.";"0.00";"0.00";"0.00"
"2020";"7";"18";"6";"3";"4756";"191.";"1.9";"15.4";"92.";"8.";"0.00";"0.00";"0.00"
"2020";"7";"18";"6";"4";"4757";"191.";"2.3";"15.6";"92.";"8.";"6.80";"0.00";"6.80"
"2020";"7";"18";"6";"5";"4758";"180.";"3.0";"16.1";"92.";"8.";"92.28";"0.00";"92.28"
"2020";"7";"18";"6";"6";"4759";"190.";"3.1";"17.1";"89.";"8.";"91.48";"0.00";"91.48"
"2020";"7";"18";"6";"7";"4760";"203.";"3.2";"17.8";"84.";"8.";"290.07";"0.00";"290.07"
"2020";"7";"18";"6";"8";"4761";"202.";"3.9";"18.4";"79.";"8.";"189.92";"0.00";"189.92"
"2020";"7";"18";"6";"9";"4762";"200.";"4.3";"19.2";"74.";"8.";"219.74";"0.00";"219.74"
"2020";"7";"18";"6";"10";"4763";"196.";"4.2";"19.6";"71.";"8.";"533.16";"0.00";"533.16"
"2020";"7";"18";"6";"11";"4764";"193.";"4.7";"20.0";"68.";"8.";"549.48";"0.00";"549.48"
"2020";"7";"18";"6";"12";"4765";"190.";"5.0";"20.5";"67.";"7.";"596.85";"111.89";"507.46"
"2020";"7";"18";"6";"13";"4766";"192.";"5.1";"21.3";"65.";"6.";"575.44";"221.36";"406.06"
"2020";"7";"18";"6";"14";"4767";"180.";"5.0";"21.4";"60.";"4.";"588.27";"428.07";"288.61"
"2020";"7";"18";"6";"15";"4768";"187.";"4.5";"21.6";"57.";"3.";"534.00";"514.41";"221.26"
"2020";"7";"18";"6";"16";"4769";"186.";"4.5";"21.5";"57.";"3.";"411.77";"478.01";"175.08"
"2020";"7";"18";"6";"17";"4770";"184.";"4.3";"20.9";"57.";"2.";"290.76";"506.08";"103.83"
"2020";"7";"18";"6";"18";"4771";"186.";"4.1";"19.9";"62.";"6.";"117.28";"121.79";"88.16"
"2020";"7";"18";"6";"19";"4772";"183.";"3.8";"19.1";"68.";"2.";"13.30";"64.77";"5.96"
"2020";"7";"18";"6";"20";"4773";"175.";"3.4";"18.5";"72.";"6.";"0.00";"0.00";"0.00"
"2020";"7";"18";"6";"21";"4774";"172.";"3.8";"18.1";"73.";"8.";"0.00";"0.00";"0.00"
"2020";"7";"18";"6";"22";"4775";"169.";"3.9";"18.3";"74.";"8.";"0.00";"0.00";"0.00"
"2020";"7";"18";"6";"23";"4776";"173.";"3.5";"18.6";"74.";"8.";"0.00";"0.00";"0.00"
"2020";"7";"19";"7";"0";"4777";"174.";"3.6";"18.7";"76.";"8.";"0.00";"0.00";"0.00"
"2020";"7";"19";"7";"1";"4778";"187.";"3.8";"18.6";"78.";"8.";"0.00";"0.00";"0.00"
"2020";"7";"19";"7";"2";"4779";"193.";"3.8";"18.6";"78.";"8.";"0.00";"0.00";"0.00"
"2020";"7";"19";"7";"3";"4780";"191.";"3.8";"18.3";"80.";"8.";"0.00";"0.00";"0.00"
"2020";"7";"19";"7";"4";"4781";"191.";"4.0";"18.1";"82.";"8.";"1.41";"0.00";"1.41"
"2020";"7";"19";"7";"5";"4782";"192.";"4.0";"17.6";"86.";"8.";"43.15";"0.00";"43.15"
"2020";"7";"19";"7";"6";"4783";"178.";"3.8";"17.2";"89.";"8.";"48.77";"0.00";"48.77"
"2020";"7";"19";"7";"7";"4784";"167.";"3.2";"17.5";"91.";"8.";"132.09";"0.00";"132.09"
"2020";"7";"19";"7";"8";"4785";"171.";"2.7";"18.6";"86.";"8.";"178.21";"0.00";"178.21"
"2020";"7";"19";"7";"9";"4786";"160.";"2.8";"19.4";"78.";"8.";"434.64";"0.00";"434.64"
"2020";"7";"19";"7";"10";"4787";"160.";"3.4";"20.5";"71.";"8.";"282.82";"0.00";"282.82"
"2020";"7";"19";"7";"11";"4788";"175.";"3.8";"21.5";"68.";"7.";"342.69";"112.39";"253.11"
"2020";"7";"19";"7";"12";"4789";"201.";"4.6";"21.4";"67.";"8.";"516.59";"0.00";"516.59"
"2020";"7";"19";"7";"13";"4790";"203.";"4.5";"21.5";"66.";"8.";"503.46";"0.00";"503.46"
"2020";"7";"19";"7";"14";"4791";"203.";"4.3";"21.2";"68.";"8.";"461.31";"0.00";"461.31"
"2020";"7";"19";"7";"15";"4792";"203.";"4.3";"21.2";"66.";"4.";"486.77";"395.16";"247.37"
"2020";"7";"19";"7";"16";"4793";"204.";"4.3";"20.3";"70.";"8.";"299.89";"0.00";"299.89"
"2020";"7";"19";"7";"17";"4794";"192.";"3.8";"20.7";"72.";"7.";"200.02";"77.11";"171.72"
"2020";"7";"19";"7";"18";"4795";"183.";"3.4";"20.1";"74.";"6.";"105.09";"111.26";"78.77"
"2020";"7";"19";"7";"19";"4796";"183.";"2.7";"19.3";"78.";"8.";"0.88";"0.00";"0.88"
"2020";"7";"19";"7";"20";"4797";"246.";"1.4";"18.6";"88.";"8.";"0.00";"0.00";"0.00"
"2020";"7";"19";"7";"21";"4798";"4.";"0.8";"17.8";"91.";"8.";"0.00";"0.00";"0.00"
"2020";"7";"19";"7";"22";"4799";"306.";"1.1";"17.3";"92.";"8.";"0.00";"0.00";"0.00"
"2020";"7";"19";"7";"23";"4800";"303.";"2.9";"16.8";"93.";"8.";"0.00";"0.00";"0.00"
"2020";"7";"20";"1";"0";"4801";"306.";"3.3";"16.0";"93.";"7.";"0.00";"0.00";"0.00"
"2020";"7";"20";"1";"1";"4802";"293.";"3.0";"15.5";"92.";"8.";"0.00";"0.00";"0.00"
"2020";"7";"20";"1";"2";"4803";"290.";"2.3";"15.1";"91.";"8.";"0.00";"0.00";"0.00"
"2020";"7";"20";"1";"3";"4804";"272.";"2.2";"15.1";"92.";"8.";"0.00";"0.00";"0.00"
"2020";"7";"20";"1";"4";"4805";"274.";"2.3";"15.2";"90.";"8.";"2.55";"0.00";"2.55"
"2020";"7";"20";"1";"5";"4806";"262.";"2.6";"15.7";"88.";"8.";"45.30";"0.00";"45.30"
"2020";"7";"20";"1";"6";"4807";"263.";"2.7";"16.0";"85.";"8.";"92.96";"0.00";"92.96"
"2020";"7";"20";"1";"7";"4808";"260.";"3.3";"15.9";"84.";"8.";"277.75";"0.00";"277.75"
"2020";"7";"20";"1";"8";"4809";"266.";"3.9";"16.4";"78.";"8.";"185.53";"0.00";"185.53"
"2020";"7";"20";"1";"9";"4810";"272.";"4.3";"16.7";"72.";"8.";"465.40";"0.00";"465.40"
"2020";"7";"20";"1";"10";"4811";"267.";"4.5";"17.1";"67.";"6.";"403.17";"210.10";"243.23"
"2020";"7";"20";"1";"11";"4812";"268.";"5.2";"18.2";"61.";"2.";"772.68";"648.71";"256.92"
"2020";"7";"20";"1";"12";"4813";"272.";"5.6";"17.9";"59.";"1.";"791.24";"703.98";"231.53"
"2020";"7";"20";"1";"13";"4814";"274.";"5.8";"17.9";"58.";"3.";"616.31";"533.09";"210.48"
"2020";"7";"20";"1";"14";"4815";"271.";"5.8";"17.9";"57.";"3.";"558.54";"538.82";"183.53"
"2020";"7";"20";"1";"15";"4816";"271.";"6.3";"17.9";"60.";"5.";"275.56";"223.79";"140.46"
"2020";"7";"20";"1";"16";"4817";"274.";"6.1";"17.8";"61.";"2.";"394.79";"547.62";"126.13"
"2020";"7";"20";"1";"17";"4818";"270.";"6.3";"17.5";"62.";"1.";"284.97";"522.42";"94.55"
"2020";"7";"20";"1";"18";"4819";"266.";"6.5";"16.5";"67.";"1.";"139.89";"342.50";"59.77"
"2020";"7";"20";"1";"19";"4820";"263.";"6.2";"15.7";"71.";"2.";"16.35";"68.57";"8.95"
"2020";"7";"20";"1";"20";"4821";"260.";"5.8";"15.2";"75.";"2.";"0.00";"0.00";"0.00"
"2020";"7";"20";"1";"21";"4822";"262.";"5.1";"14.8";"77.";"1.";"0.00";"0.00";"0.00"
"2020";"7";"20";"1";"22";"4823";"261.";"5.3";"14.7";"79.";"1.";"0.00";"0.00";"0.00"
"2020";"7";"20";"1";"23";"4824";"258.";"4.8";"14.6";"81.";"2.";"0.00";"0.00";"0.00"
"2020";"7";"21";"2";"0";"4825";"258.";"4.4";"14.5";"83.";"3.";"0.00";"0.00";"0.00"
"2020";"7";"21";"2";"1";"4826";"267.";"4.4";"14.5";"77.";"1.";"0.00";"0.00";"0.00"
"2020";"7";"21";"2";"2";"4827";"274.";"4.0";"14.2";"75.";"3.";"0.00";"0.00";"0.00"
"2020";"7";"21";"2";"3";"4828";"269.";"3.9";"13.9";"75.";"7.";"0.00";"0.00";"0.00"
"2020";"7";"21";"2";"4";"4829";"273.";"4.3";"14.3";"73.";"8.";"6.28";"0.00";"6.28"
"2020";"7";"21";"2";"5";"4830";"274.";"5.0";"14.5";"70.";"8.";"48.46";"0.00";"48.46"
"2020";"7";"21";"2";"6";"4831";"274.";"5.2";"15.1";"64.";"6.";"161.10";"170.25";"99.48"
"2020";"7";"21";"2";"7";"4832";"272.";"4.9";"15.9";"60.";"8.";"144.95";"0.00";"144.95"
"2020";"7";"21";"2";"8";"4833";"277.";"5.1";"16.2";"59.";"6.";"308.99";"204.15";"186.22"
"2020";"7";"21";"2";"9";"4834";"282.";"4.5";"17.0";"56.";"6.";"369.31";"220.27";"216.47"
"2020";"7";"21";"2";"10";"4835";"282.";"5.5";"17.3";"56.";"5.";"484.08";"334.98";"229.76"
"2020";"7";"21";"2";"11";"4836";"282.";"5.8";"17.4";"59.";"5.";"511.49";"349.88";"234.02"
"2020";"7";"21";"2";"12";"4837";"288.";"6.5";"17.4";"62.";"8.";"260.45";"0.00";"260.45"
"2020";"7";"21";"2";"13";"4838";"287.";"6.7";"17.5";"63.";"6.";"402.93";"210.78";"242.90"
"2020";"7";"21";"2";"14";"4839";"290.";"6.6";"17.5";"60.";"3.";"550.79";"512.81";"194.98"
"2020";"7";"21";"2";"15";"4840";"288.";"6.1";"17.5";"56.";"4.";"420.57";"421.53";"167.05"
"2020";"7";"21";"2";"16";"4841";"287.";"6.2";"17.3";"55.";"3.";"365.05";"495.21";"123.28"
"2020";"7";"21";"2";"17";"4842";"284.";"6.0";"17.5";"54.";"1.";"304.31";"606.10";"84.95"
"2020";"7";"21";"2";"18";"4843";"281.";"5.2";"17.2";"59.";"2.";"133.89";"358.04";"51.11"
"2020";"7";"21";"2";"19";"4844";"283.";"4.2";"16.0";"70.";"1.";"15.35";"75.94";"7.38"
"2020";"7";"21";"2";"20";"4845";"282.";"3.3";"15.4";"80.";"0.";"0.00";"0.00";"0.00"
"2020";"7";"21";"2";"21";"4846";"268.";"3.3";"15.0";"79.";"1.";"0.00";"0.00";"0.00"
"2020";"7";"21";"2";"22";"4847";"270.";"3.3";"14.6";"81.";"0.";"0.00";"0.00";"0.00"
"2020";"7";"21";"2";"23";"4848";"278.";"2.5";"13.3";"84.";"0.";"0.00";"0.00";"0.00"
"2020";"7";"22";"3";"0";"4849";"284.";"2.5";"13.3";"86.";"1.";"0.00";"0.00";"0.00"
"2020";"7";"22";"3";"1";"4850";"295.";"2.3";"12.8";"86.";"1.";"0.00";"0.00";"0.00"
"2020";"7";"22";"3";"2";"4851";"294.";"2.0";"12.3";"86.";"0.";"0.00";"0.00";"0.00"
"2020";"7";"22";"3";"3";"4852";"286.";"2.6";"11.4";"89.";"0.";"0.00";"0.00";"0.00"
"2020";"7";"22";"3";"4";"4853";"282.";"2.3";"11.9";"87.";"1.";"15.69";"91.02";"6.41"
"2020";"7";"22";"3";"5";"4854";"290.";"2.8";"14.0";"79.";"0.";"151.89";"489.02";"40.20"
"2020";"7";"22";"3";"6";"4855";"298.";"3.3";"15.9";"73.";"0.";"304.11";"643.79";"72.80"
"2020";"7";"22";"3";"7";"4856";"303.";"3.4";"17.2";"65.";"1.";"426.65";"658.10";"106.99"
"2020";"7";"22";"3";"8";"4857";"299.";"4.6";"17.4";"62.";"4.";"491.74";"401.96";"250.93"
"2020";"7";"22";"3";"9";"4858";"288.";"5.7";"18.0";"60.";"2.";"653.20";"643.08";"208.43"
"2020";"7";"22";"3";"10";"4859";"290.";"5.7";"18.5";"58.";"0.";"793.79";"864.72";"139.14"
"2020";"7";"22";"3";"11";"4860";"289.";"6.0";"18.3";"56.";"0.";"823.32";"805.14";"186.50"
"2020";"7";"22";"3";"12";"4861";"289.";"6.1";"17.8";"56.";"1.";"804.89";"778.68";"188.99"
"2020";"7";"22";"3";"13";"4862";"290.";"6.0";"17.9";"55.";"2.";"725.18";"638.72";"241.62"
"2020";"7";"22";"3";"14";"4863";"289.";"6.2";"17.6";"53.";"1.";"663.50";"725.63";"161.64"
"2020";"7";"22";"3";"15";"4864";"289.";"5.3";"17.5";"52.";"1.";"566.24";"742.61";"121.36"
"2020";"7";"22";"3";"16";"4865";"291.";"5.3";"17.5";"50.";"0.";"468.34";"762.97";"97.75"
"2020";"7";"22";"3";"17";"4866";"284.";"5.3";"17.2";"54.";"0.";"316.46";"702.25";"64.15"
"2020";"7";"22";"3";"18";"4867";"277.";"5.4";"16.5";"64.";"0.";"152.70";"473.73";"44.51"
"2020";"7";"22";"3";"19";"4868";"278.";"5.2";"15.6";"70.";"0.";"14.96";"78.57";"6.95"
"2020";"7";"22";"3";"20";"4869";"275.";"4.8";"14.9";"76.";"0.";"0.00";"0.00";"0.00"
"2020";"7";"22";"3";"21";"4870";"274.";"4.8";"14.6";"78.";"1.";"0.00";"0.00";"0.00"
"2020";"7";"22";"3";"22";"4871";"273.";"4.2";"14.3";"80.";"3.";"0.00";"0.00";"0.00"
"2020";"7";"22";"3";"23";"4872";"274.";"4.1";"14.1";"81.";"2.";"0.00";"0.00";"0.00"
"2020";"7";"23";"4";"0";"4873";"274.";"3.9";"13.9";"81.";"1.";"0.00";"0.00";"0.00"
"2020";"7";"23";"4";"1";"4874";"278.";"3.9";"13.9";"80.";"1.";"0.00";"0.00";"0.00"
"2020";"7";"23";"4";"2";"4875";"282.";"3.2";"13.9";"77.";"1.";"0.00";"0.00";"0.00"
"2020";"7";"23";"4";"3";"4876";"277.";"2.8";"13.7";"81.";"0.";"0.00";"0.00";"0.00"
"2020";"7";"23";"4";"4";"4877";"277.";"2.8";"14.2";"84.";"0.";"7.54";"44.70";"3.12"
"2020";"7";"23";"4";"5";"4878";"286.";"3.8";"15.6";"77.";"0.";"141.04";"413.40";"47.82"
"2020";"7";"23";"4";"6";"4879";"290.";"5.1";"16.4";"68.";"1.";"281.25";"568.11";"78.68"
"2020";"7";"23";"4";"7";"4880";"292.";"5.0";"17.2";"65.";"2.";"385.78";"537.01";"126.33"
"2020";"7";"23";"4";"8";"4881";"286.";"5.4";"17.4";"62.";"1.";"550.17";"683.66";"142.26"
"2020";"7";"23";"4";"9";"4882";"281.";"5.6";"17.8";"58.";"1.";"659.76";"732.51";"154.82"
"2020";"7";"23";"4";"10";"4883";"281.";"6.0";"17.9";"55.";"0.";"795.65";"872.80";"136.80"
"2020";"7";"23";"4";"11";"4884";"283.";"5.7";"18.0";"53.";"1.";"806.20";"790.42";"182.73"
"2020";"7";"23";"4";"12";"4885";"280.";"5.9";"17.8";"54.";"1.";"796.88";"745.80";"208.61"
"2020";"7";"23";"4";"13";"4886";"284.";"5.6";"18.1";"52.";"0.";"792.57";"849.30";"151.46"
"2020";"7";"23";"4";"14";"4887";"292.";"5.1";"18.6";"56.";"2.";"649.39";"630.85";"214.53"
"2020";"7";"23";"4";"15";"4888";"293.";"3.8";"18.4";"55.";"2.";"512.23";"618.26";"143.34"
"2020";"7";"23";"4";"16";"4889";"285.";"3.0";"17.9";"57.";"8.";"141.27";"0.00";"141.27"
"2020";"7";"23";"4";"17";"4890";"287.";"2.0";"16.9";"65.";"8.";"93.92";"0.00";"93.92"
"2020";"7";"23";"4";"18";"4891";"270.";"1.5";"16.0";"71.";"7.";"60.51";"59.37";"47.12"
"2020";"7";"23";"4";"19";"4892";"216.";"1.3";"15.2";"80.";"8.";"2.04";"0.00";"2.04"
"2020";"7";"23";"4";"20";"4893";"159.";"1.4";"14.6";"83.";"6.";"0.00";"0.00";"0.00"
"2020";"7";"23";"4";"21";"4894";"133.";"1.5";"14.3";"83.";"8.";"0.00";"0.00";"0.00"
"2020";"7";"23";"4";"22";"4895";"128.";"1.7";"14.4";"83.";"8.";"0.00";"0.00";"0.00"
"2020";"7";"23";"4";"23";"4896";"147.";"1.8";"14.4";"82.";"7.";"0.00";"0.00";"0.00"
"2020";"7";"24";"5";"0";"4897";"161.";"1.8";"14.6";"83.";"8.";"0.00";"0.00";"0.00"
"2020";"7";"24";"5";"1";"4898";"162.";"2.7";"14.2";"87.";"8.";"0.00";"0.00";"0.00"
"2020";"7";"24";"5";"2";"4899";"134.";"2.2";"13.9";"94.";"8.";"0.00";"0.00";"0.00"
"2020";"7";"24";"5";"3";"4900";"128.";"2.6";"13.9";"95.";"8.";"0.00";"0.00";"0.00"
"2020";"7";"24";"5";"4";"4901";"189.";"2.7";"13.8";"92.";"8.";"0.13";"0.00";"0.13"
"2020";"7";"24";"5";"5";"4902";"175.";"2.9";"13.7";"93.";"8.";"22.94";"0.00";"22.94"
"2020";"7";"24";"5";"6";"4903";"172.";"1.3";"13.6";"94.";"8.";"47.23";"0.00";"47.23"
"2020";"7";"24";"5";"7";"4904";"110.";"2.3";"13.9";"94.";"8.";"67.07";"0.00";"67.07"
"2020";"7";"24";"5";"8";"4905";"94.";"2.2";"14.2";"94.";"8.";"90.37";"0.00";"90.37"
"2020";"7";"24";"5";"9";"4906";"3.";"0.6";"14.9";"93.";"8.";"119.31";"0.00";"119.31"
"2020";"7";"24";"5";"10";"4907";"28.";"0.7";"15.3";"92.";"8.";"129.10";"0.00";"129.10"
"2020";"7";"24";"5";"11";"4908";"53.";"0.6";"15.8";"90.";"8.";"136.75";"0.00";"136.75"
"2020";"7";"24";"5";"12";"4909";"40.";"1.8";"15.9";"89.";"8.";"141.20";"0.00";"141.20"
"2020";"7";"24";"5";"13";"4910";"33.";"2.8";"15.4";"89.";"8.";"128.83";"0.00";"128.83"
"2020";"7";"24";"5";"14";"4911";"32.";"3.5";"15.1";"90.";"8.";"126.09";"0.00";"126.09"
"2020";"7";"24";"5";"15";"4912";"39.";"3.4";"15.2";"84.";"8.";"187.34";"0.00";"187.34"
"2020";"7";"24";"5";"16";"4913";"39.";"3.5";"15.9";"76.";"5.";"280.78";"301.24";"136.03"
"2020";"7";"24";"5";"17";"4914";"32.";"3.1";"15.8";"69.";"5.";"187.40";"262.28";"94.62"
"2020";"7";"24";"5";"18";"4915";"9.";"2.2";"15.9";"66.";"0.";"151.61";"501.81";"39.96"
"2020";"7";"24";"5";"19";"4916";"325.";"1.4";"14.2";"74.";"0.";"11.63";"73.83";"4.57"
"2020";"7";"24";"5";"20";"4917";"285.";"2.2";"12.5";"84.";"0.";"0.00";"0.00";"0.00"
"2020";"7";"24";"5";"21";"4918";"289.";"2.7";"12.4";"86.";"0.";"0.00";"0.00";"0.00"
"2020";"7";"24";"5";"22";"4919";"270.";"1.8";"11.8";"89.";"1.";"0.00";"0.00";"0.00"
"2020";"7";"24";"5";"23";"4920";"251.";"1.8";"11.5";"89.";"0.";"0.00";"0.00";"0.00"
"2020";"7";"25";"6";"0";"4921";"241.";"2.0";"10.7";"87.";"0.";"0.00";"0.00";"0.00"
"2020";"7";"25";"6";"1";"4922";"244.";"2.5";"11.1";"88.";"0.";"0.00";"0.00";"0.00"
"2020";"7";"25";"6";"2";"4923";"248.";"2.8";"11.3";"88.";"0.";"0.00";"0.00";"0.00"
"2020";"7";"25";"6";"3";"4924";"245.";"2.8";"11.5";"90.";"0.";"0.00";"0.00";"0.00"
"2020";"7";"25";"6";"4";"4925";"242.";"2.7";"12.5";"90.";"0.";"3.77";"21.42";"1.79"
"2020";"7";"25";"6";"5";"4926";"252.";"3.9";"13.9";"87.";"1.";"123.72";"345.92";"47.82"
"2020";"7";"25";"6";"6";"4927";"238.";"3.9";"15.1";"83.";"3.";"216.90";"328.93";"101.50"
"2020";"7";"25";"6";"7";"4928";"235.";"4.4";"16.2";"75.";"6.";"224.82";"174.15";"141.62"
"2020";"7";"25";"6";"8";"4929";"234.";"4.3";"17.0";"70.";"5.";"350.97";"290.45";"179.15"
"2020";"7";"25";"6";"9";"4930";"228.";"4.3";"17.6";"66.";"5.";"424.59";"321.97";"204.20"
"2020";"7";"25";"6";"10";"4931";"226.";"3.9";"17.9";"65.";"4.";"538.15";"421.88";"221.64"
"2020";"7";"25";"6";"11";"4932";"228.";"4.5";"18.0";"64.";"6.";"421.59";"220.95";"248.32"
"2020";"7";"25";"6";"12";"4933";"220.";"4.3";"18.2";"63.";"5.";"641.49";"334.55";"379.12"
"2020";"7";"25";"6";"13";"4934";"212.";"4.2";"18.4";"62.";"8.";"485.84";"0.00";"485.84"
"2020";"7";"25";"6";"14";"4935";"200.";"4.4";"18.6";"64.";"8.";"213.69";"0.00";"213.69"
"2020";"7";"25";"6";"15";"4936";"197.";"4.1";"18.7";"64.";"3.";"517.14";"496.91";"223.18"
"2020";"7";"25";"6";"16";"4937";"197.";"4.2";"18.4";"64.";"5.";"349.00";"290.09";"210.41"
"2020";"7";"25";"6";"17";"4938";"189.";"4.1";"17.7";"67.";"8.";"90.90";"0.00";"90.90"
"2020";"7";"25";"6";"18";"4939";"177.";"3.5";"17.5";"70.";"8.";"90.48";"0.00";"90.48"
"2020";"7";"25";"6";"19";"4940";"168.";"2.9";"17.0";"74.";"8.";"0.00";"0.00";"0.00"
"2020";"7";"25";"6";"20";"4941";"152.";"3.0";"16.3";"78.";"7.";"0.00";"0.00";"0.00"
"2020";"7";"25";"6";"21";"4942";"145.";"3.5";"15.9";"80.";"8.";"0.00";"0.00";"0.00"
"2020";"7";"25";"6";"22";"4943";"147.";"3.5";"15.9";"80.";"8.";"0.00";"0.00";"0.00"
"2020";"7";"25";"6";"23";"4944";"143.";"3.5";"16.2";"80.";"8.";"0.00";"0.00";"0.00"
"2020";"7";"26";"7";"0";"4945";"151.";"3.8";"16.2";"84.";"8.";"0.00";"0.00";"0.00"
"2020";"7";"26";"7";"1";"4946";"145.";"4.1";"16.3";"87.";"8.";"0.00";"0.00";"0.00"
"2020";"7";"26";"7";"2";"4947";"142.";"4.2";"16.2";"86.";"8.";"0.00";"0.00";"0.00"
"2020";"7";"26";"7";"3";"4948";"134.";"4.1";"16.2";"85.";"8.";"0.00";"0.00";"0.00"
"2020";"7";"26";"7";"4";"4949";"127.";"3.8";"16.3";"82.";"8.";"0.00";"0.00";"0.00"
"2020";"7";"26";"7";"5";"4950";"132.";"4.3";"16.9";"78.";"6.";"97.71";"109.63";"74.00"
"2020";"7";"26";"7";"6";"4951";"139.";"4.8";"17.8";"77.";"8.";"176.17";"0.00";"176.17"
"2020";"7";"26";"7";"7";"4952";"144.";"5.1";"18.0";"78.";"8.";"135.14";"0.00";"135.14"
"2020";"7";"26";"7";"8";"4953";"146.";"5.5";"18.8";"76.";"8.";"177.84";"0.00";"177.84"
"2020";"7";"26";"7";"9";"4954";"142.";"5.7";"18.5";"78.";"8.";"213.62";"0.00";"213.62"
"2020";"7";"26";"7";"10";"4955";"135.";"5.4";"18.6";"81.";"8.";"236.22";"0.00";"236.22"
"2020";"7";"26";"7";"11";"4956";"122.";"4.8";"19.0";"79.";"8.";"241.62";"0.00";"241.62"
"2020";"7";"26";"7";"12";"4957";"132.";"4.6";"19.7";"81.";"8.";"245.41";"0.00";"245.41"
"2020";"7";"26";"7";"13";"4958";"187.";"3.8";"18.5";"84.";"8.";"130.22";"0.00";"130.22"
"2020";"7";"26";"7";"14";"4959";"211.";"5.7";"17.1";"92.";"8.";"113.06";"0.00";"113.06"
"2020";"7";"26";"7";"15";"4960";"216.";"4.7";"16.6";"91.";"8.";"98.54";"0.00";"98.54"
"2020";"7";"26";"7";"16";"4961";"207.";"3.1";"16.7";"91.";"8.";"77.22";"0.00";"77.22"
"2020";"7";"26";"7";"17";"4962";"216.";"3.7";"16.9";"89.";"8.";"85.14";"0.00";"85.14"
"2020";"7";"26";"7";"18";"4963";"209.";"3.9";"16.7";"86.";"7.";"50.17";"48.25";"39.74"
"2020";"7";"26";"7";"19";"4964";"197.";"3.2";"16.2";"86.";"8.";"0.00";"0.00";"0.00"
"2020";"7";"26";"7";"20";"4965";"219.";"3.6";"16.1";"87.";"6.";"0.00";"0.00";"0.00"
"2020";"7";"26";"7";"21";"4966";"234.";"4.4";"15.8";"87.";"4.";"0.00";"0.00";"0.00"
"2020";"7";"26";"7";"22";"4967";"224.";"4.4";"15.5";"85.";"2.";"0.00";"0.00";"0.00"
"2020";"7";"26";"7";"23";"4968";"225.";"4.6";"15.1";"87.";"1.";"0.00";"0.00";"0.00"
"2020";"7";"27";"1";"0";"4969";"219.";"4.5";"14.9";"88.";"1.";"0.00";"0.00";"0.00"
"2020";"7";"27";"1";"1";"4970";"226.";"4.1";"15.0";"89.";"1.";"0.00";"0.00";"0.00"
"2020";"7";"27";"1";"2";"4971";"221.";"3.7";"15.0";"89.";"3.";"0.00";"0.00";"0.00"
"2020";"7";"27";"1";"3";"4972";"229.";"3.8";"15.0";"88.";"7.";"0.00";"0.00";"0.00"
"2020";"7";"27";"1";"4";"4973";"231.";"3.3";"15.0";"88.";"7.";"0.00";"0.00";"0.00"
"2020";"7";"27";"1";"5";"4974";"234.";"3.2";"15.6";"85.";"8.";"37.28";"0.00";"37.28"
"2020";"7";"27";"1";"6";"4975";"225.";"3.7";"16.0";"81.";"3.";"216.16";"369.90";"88.62"
"2020";"7";"27";"1";"7";"4976";"210.";"3.7";"16.9";"77.";"6.";"220.72";"175.66";"137.80"
"2020";"7";"27";"1";"8";"4977";"196.";"4.0";"17.4";"74.";"5.";"345.30";"288.71";"176.06"
"2020";"7";"27";"1";"9";"4978";"194.";"3.8";"18.3";"71.";"6.";"350.08";"202.21";"212.70"
"2020";"7";"27";"1";"10";"4979";"185.";"3.8";"18.5";"68.";"5.";"607.05";"321.08";"367.76"
"2020";"7";"27";"1";"11";"4980";"191.";"4.4";"19.1";"63.";"6.";"414.95";"212.84";"249.07"
"2020";"7";"27";"1";"12";"4981";"197.";"4.8";"19.4";"63.";"4.";"560.48";"421.19";"232.21"
"2020";"7";"27";"1";"13";"4982";"186.";"4.8";"19.9";"59.";"0.";"777.90";"865.38";"132.95"
"2020";"7";"27";"1";"14";"4983";"174.";"4.5";"20.4";"55.";"3.";"602.43";"513.49";"253.57"
"2020";"7";"27";"1";"15";"4984";"174.";"4.2";"20.4";"54.";"2.";"542.28";"626.13";"175.24"
"2020";"7";"27";"1";"16";"4985";"173.";"3.6";"20.4";"52.";"6.";"324.23";"193.62";"232.83"
"2020";"7";"27";"1";"17";"4986";"163.";"3.6";"20.2";"53.";"4.";"246.61";"337.66";"130.19"
"2020";"7";"27";"1";"18";"4987";"156.";"3.5";"19.3";"58.";"5.";"103.04";"167.71";"67.31"
"2020";"7";"27";"1";"19";"4988";"149.";"2.7";"18.3";"64.";"5.";"0.00";"0.00";"0.00"
"2020";"7";"27";"1";"20";"4989";"128.";"3.0";"16.9";"68.";"7.";"0.00";"0.00";"0.00"
"2020";"7";"27";"1";"21";"4990";"139.";"2.8";"17.0";"72.";"8.";"0.00";"0.00";"0.00"
"2020";"7";"27";"1";"22";"4991";"138.";"2.7";"15.6";"80.";"8.";"0.00";"0.00";"0.00"
"2020";"7";"27";"1";"23";"4992";"143.";"3.7";"15.1";"92.";"8.";"0.00";"0.00";"0.00"
"2020";"7";"28";"2";"0";"4993";"141.";"4.8";"15.2";"91.";"8.";"0.00";"0.00";"0.00"
"2020";"7";"28";"2";"1";"4994";"125.";"4.3";"15.3";"89.";"8.";"0.00";"0.00";"0.00"
"2020";"7";"28";"2";"2";"4995";"125.";"4.1";"15.1";"88.";"8.";"0.00";"0.00";"0.00"
"2020";"7";"28";"2";"3";"4996";"123.";"4.8";"14.9";"87.";"7.";"0.00";"0.00";"0.00"
"2020";"7";"28";"2";"4";"4997";"125.";"4.4";"15.3";"86.";"8.";"0.00";"0.00";"0.00"
"2020";"7";"28";"2";"5";"4998";"132.";"4.5";"15.3";"88.";"8.";"37.01";"0.00";"37.01"
"2020";"7";"28";"2";"6";"4999";"135.";"4.6";"15.0";"92.";"8.";"45.81";"0.00";"45.81"
"2020";"7";"28";"2";"7";"5000";"127.";"4.8";"15.0";"93.";"8.";"75.32";"0.00";"75.32"
"2020";"7";"28";"2";"8";"5001";"131.";"4.7";"15.5";"93.";"8.";"100.35";"0.00";"100.35"
"2020";"7";"28";"2";"9";"5002";"139.";"4.9";"16.5";"89.";"8.";"210.42";"0.00";"210.42"
"2020";"7";"28";"2";"10";"5003";"157.";"5.0";"17.4";"89.";"8.";"232.85";"0.00";"232.85"
"2020";"7";"28";"2";"11";"5004";"203.";"5.1";"16.1";"92.";"8.";"118.03";"0.00";"118.03"
"2020";"7";"28";"2";"12";"5005";"259.";"4.1";"15.9";"88.";"8.";"139.04";"0.00";"139.04"
"2020";"7";"28";"2";"13";"5006";"251.";"4.1";"17.2";"77.";"6.";"545.12";"191.93";"402.58"
"2020";"7";"28";"2";"14";"5007";"240.";"5.1";"17.6";"72.";"6.";"344.29";"188.49";"216.74"
"2020";"7";"28";"2";"15";"5008";"227.";"4.7";"18.4";"66.";"7.";"237.06";"99.56";"178.98"
"2020";"7";"28";"2";"16";"5009";"226.";"5.1";"17.7";"67.";"8.";"270.29";"0.00";"270.29"
"2020";"7";"28";"2";"17";"5010";"217.";"5.8";"17.5";"68.";"8.";"86.69";"0.00";"86.69"
"2020";"7";"28";"2";"18";"5011";"217.";"5.7";"16.8";"73.";"7.";"50.85";"50.68";"40.23"
"2020";"7";"28";"2";"19";"5012";"234.";"4.4";"16.2";"72.";"5.";"0.00";"0.00";"0.00"
"2020";"7";"28";"2";"20";"5013";"235.";"5.2";"15.4";"74.";"5.";"0.00";"0.00";"0.00"
"2020";"7";"28";"2";"21";"5014";"235.";"5.4";"14.4";"77.";"8.";"0.00";"0.00";"0.00"
"2020";"7";"28";"2";"22";"5015";"233.";"5.9";"14.3";"77.";"6.";"0.00";"0.00";"0.00"
"2020";"7";"28";"2";"23";"5016";"223.";"5.7";"14.3";"75.";"8.";"0.00";"0.00";"0.00"
"2020";"7";"29";"3";"0";"5017";"223.";"6.3";"14.1";"78.";"8.";"0.00";"0.00";"0.00"
"2020";"7";"29";"3";"1";"5018";"221.";"6.5";"13.5";"81.";"7.";"0.00";"0.00";"0.00"
"2020";"7";"29";"3";"2";"5019";"218.";"6.6";"13.9";"82.";"8.";"0.00";"0.00";"0.00"
"2020";"7";"29";"3";"3";"5020";"220.";"6.4";"14.0";"81.";"8.";"0.00";"0.00";"0.00"
"2020";"7";"29";"3";"4";"5021";"220.";"6.5";"13.6";"82.";"8.";"0.00";"0.00";"0.00"
"2020";"7";"29";"3";"5";"5022";"218.";"6.9";"13.9";"84.";"7.";"48.86";"44.11";"39.76"
"2020";"7";"29";"3";"6";"5023";"220.";"7.6";"14.1";"80.";"8.";"82.77";"0.00";"82.77"
"2020";"7";"29";"3";"7";"5024";"222.";"8.2";"14.5";"78.";"8.";"128.83";"0.00";"128.83"
"2020";"7";"29";"3";"8";"5025";"216.";"7.9";"14.5";"77.";"8.";"170.87";"0.00";"170.87"
"2020";"7";"29";"3";"9";"5026";"220.";"8.3";"13.8";"81.";"8.";"111.53";"0.00";"111.53"
"2020";"7";"29";"3";"10";"5027";"215.";"8.5";"14.6";"82.";"8.";"135.31";"0.00";"135.31"
"2020";"7";"29";"3";"11";"5028";"217.";"9.1";"14.9";"82.";"8.";"239.09";"0.00";"239.09"
"2020";"7";"29";"3";"12";"5029";"220.";"8.4";"14.9";"88.";"8.";"138.43";"0.00";"138.43"
"2020";"7";"29";"3";"13";"5030";"240.";"7.9";"16.2";"86.";"8.";"131.95";"0.00";"131.95"
"2020";"7";"29";"3";"14";"5031";"251.";"9.0";"16.7";"79.";"8.";"116.51";"0.00";"116.51"
"2020";"7";"29";"3";"15";"5032";"250.";"9.1";"16.2";"78.";"8.";"165.46";"0.00";"165.46"
"2020";"7";"29";"3";"16";"5033";"248.";"9.1";"16.0";"79.";"8.";"125.24";"0.00";"125.24"
"2020";"7";"29";"3";"17";"5034";"253.";"9.5";"15.8";"80.";"8.";"80.73";"0.00";"80.73"
"2020";"7";"29";"3";"18";"5035";"256.";"9.6";"15.4";"78.";"8.";"35.78";"0.00";"35.78"
"2020";"7";"29";"3";"19";"5036";"256.";"8.6";"14.8";"80.";"8.";"0.00";"0.00";"0.00"
"2020";"7";"29";"3";"20";"5037";"258.";"8.7";"14.5";"80.";"8.";"0.00";"0.00";"0.00"
"2020";"7";"29";"3";"21";"5038";"259.";"8.6";"14.1";"82.";"8.";"0.00";"0.00";"0.00"
"2020";"7";"29";"3";"22";"5039";"260.";"8.2";"14.1";"83.";"8.";"0.00";"0.00";"0.00"
"2020";"7";"29";"3";"23";"5040";"264.";"7.7";"14.4";"84.";"8.";"0.00";"0.00";"0.00"
"2020";"7";"30";"4";"0";"5041";"273.";"7.8";"14.6";"83.";"8.";"0.00";"0.00";"0.00"
"2020";"7";"30";"4";"1";"5042";"272.";"7.3";"14.8";"83.";"8.";"0.00";"0.00";"0.00"
"2020";"7";"30";"4";"2";"5043";"276.";"8.0";"14.9";"82.";"8.";"0.00";"0.00";"0.00"
"2020";"7";"30";"4";"3";"5044";"276.";"8.3";"14.8";"80.";"8.";"0.00";"0.00";"0.00"
"2020";"7";"30";"4";"4";"5045";"276.";"8.1";"14.6";"80.";"7.";"0.00";"0.00";"0.00"
"2020";"7";"30";"4";"5";"5046";"277.";"7.8";"14.8";"79.";"8.";"35.25";"0.00";"35.25"
"2020";"7";"30";"4";"6";"5047";"278.";"8.1";"15.1";"79.";"7.";"106.46";"57.55";"87.18"
"2020";"7";"30";"4";"7";"5048";"280.";"8.3";"15.3";"78.";"7.";"167.73";"70.15";"135.26"
"2020";"7";"30";"4";"8";"5049";"281.";"7.7";"15.7";"76.";"7.";"224.56";"79.73";"178.51"
"2020";"7";"30";"4";"9";"5050";"276.";"8.2";"15.9";"75.";"8.";"200.61";"0.00";"200.61"
"2020";"7";"30";"4";"10";"5051";"277.";"7.5";"16.3";"74.";"8.";"224.31";"0.00";"224.31"
"2020";"7";"30";"4";"11";"5052";"274.";"8.4";"16.5";"72.";"8.";"238.93";"0.00";"238.93"
"2020";"7";"30";"4";"12";"5053";"273.";"8.5";"16.6";"73.";"8.";"237.28";"0.00";"237.28"
"2020";"7";"30";"4";"13";"5054";"274.";"8.0";"16.4";"74.";"8.";"225.60";"0.00";"225.60"
"2020";"7";"30";"4";"14";"5055";"273.";"8.0";"16.1";"76.";"8.";"203.53";"0.00";"203.53"
"2020";"7";"30";"4";"15";"5056";"271.";"9.0";"15.9";"78.";"8.";"168.23";"0.00";"168.23"
"2020";"7";"30";"4";"16";"5057";"270.";"8.2";"15.6";"79.";"8.";"126.16";"0.00";"126.16"
"2020";"7";"30";"4";"17";"5058";"271.";"8.2";"15.3";"79.";"8.";"80.38";"0.00";"80.38"
"2020";"7";"30";"4";"18";"5059";"273.";"8.1";"15.1";"82.";"8.";"33.94";"0.00";"33.94"
"2020";"7";"30";"4";"19";"5060";"276.";"7.8";"15.0";"83.";"8.";"0.00";"0.00";"0.00"
"2020";"7";"30";"4";"20";"5061";"274.";"7.9";"14.8";"84.";"4.";"0.00";"0.00";"0.00"
"2020";"7";"30";"4";"21";"5062";"275.";"6.7";"14.9";"85.";"5.";"0.00";"0.00";"0.00"
"2020";"7";"30";"4";"22";"5063";"273.";"6.0";"15.0";"86.";"4.";"0.00";"0.00";"0.00"
"2020";"7";"30";"4";"23";"5064";"275.";"5.2";"14.9";"87.";"4.";"0.00";"0.00";"0.00"
"2020";"7";"31";"5";"0";"5065";"276.";"5.0";"14.9";"88.";"6.";"0.00";"0.00";"0.00"
"2020";"7";"31";"5";"1";"5066";"277.";"4.6";"14.9";"89.";"4.";"0.00";"0.00";"0.00"
"2020";"7";"31";"5";"2";"5067";"278.";"3.9";"14.6";"90.";"3.";"0.00";"0.00";"0.00"
"2020";"7";"31";"5";"3";"5068";"284.";"4.3";"14.5";"90.";"1.";"0.00";"0.00";"0.00"
"2020";"7";"31";"5";"4";"5069";"298.";"2.9";"14.4";"91.";"1.";"0.00";"0.00";"0.00"
"2020";"7";"31";"5";"5";"5070";"317.";"2.4";"15.9";"89.";"1.";"94.15";"277.28";"38.92"
"2020";"7";"31";"5";"6";"5071";"346.";"1.8";"17.5";"76.";"1.";"244.84";"513.30";"74.58"
"2020";"7";"31";"5";"7";"5072";"17.";"1.8";"18.7";"68.";"0.";"427.74";"766.91";"75.17"
"2020";"7";"31";"5";"8";"5073";"22.";"1.5";"19.9";"64.";"0.";"564.11";"794.89";"107.44"
"2020";"7";"31";"5";"9";"5074";"352.";"2.0";"20.8";"59.";"0.";"688.71";"886.10";"96.60"
"2020";"7";"31";"5";"10";"5075";"333.";"2.4";"22.1";"57.";"2.";"649.80";"648.27";"173.65"
"2020";"7";"31";"5";"11";"5076";"333.";"2.5";"21.9";"56.";"2.";"711.25";"707.63";"167.23"
"2020";"7";"31";"5";"12";"5077";"330.";"2.7";"22.8";"55.";"2.";"689.59";"675.02";"170.64"
"2020";"7";"31";"5";"13";"5078";"323.";"2.9";"23.2";"54.";"2.";"649.85";"650.94";"171.74"
"2020";"7";"31";"5";"14";"5079";"321.";"2.9";"23.3";"53.";"1.";"649.54";"728.11";"163.00"
"2020";"7";"31";"5";"15";"5080";"309.";"3.5";"23.0";"53.";"1.";"543.11";"717.95";"130.64"
"2020";"7";"31";"5";"16";"5081";"308.";"3.5";"22.3";"55.";"0.";"422.82";"727.21";"88.50"
"2020";"7";"31";"5";"17";"5082";"320.";"2.2";"22.0";"54.";"6.";"141.42";"164.77";"86.76"
"2020";"7";"31";"5";"18";"5083";"321.";"1.6";"21.1";"57.";"5.";"69.00";"155.68";"37.99"
"2020";"7";"31";"5";"19";"5084";"332.";"1.0";"19.2";"67.";"0.";"0.00";"0.00";"0.00"
"2020";"7";"31";"5";"20";"5085";"336.";"0.9";"17.0";"76.";"0.";"0.00";"0.00";"0.00"
"2020";"7";"31";"5";"21";"5086";"356.";"1.0";"15.5";"82.";"0.";"0.00";"0.00";"0.00"
"2020";"7";"31";"5";"22";"5087";"53.";"1.0";"14.5";"85.";"0.";"0.00";"0.00";"0.00"
"2020";"7";"31";"5";"23";"5088";"75.";"1.7";"14.0";"86.";"0.";"0.00";"0.00";"0.00"
"2020";"8";"1";"6";"0";"5089";"89.";"1.6";"13.5";"86.";"0.";"0.00";"0.00";"0.00"
"2020";"8";"1";"6";"1";"5090";"89.";"1.5";"12.8";"87.";"0.";"0.00";"0.00";"0.00"
"2020";"8";"1";"6";"2";"5091";"98.";"1.6";"12.3";"88.";"0.";"0.00";"0.00";"0.00"
"2020";"8";"1";"6";"3";"5092";"105.";"1.7";"11.8";"89.";"1.";"0.00";"0.00";"0.00"
"2020";"8";"1";"6";"4";"5093";"107.";"1.9";"12.3";"89.";"0.";"0.00";"0.00";"0.00"
"2020";"8";"1";"6";"5";"5094";"121.";"2.2";"14.5";"84.";"3.";"88.60";"263.58";"37.07"
"2020";"8";"1";"6";"6";"5095";"135.";"2.4";"17.3";"78.";"0.";"276.47";"661.88";"59.23"
"2020";"8";"1";"6";"7";"5096";"145.";"2.5";"19.4";"71.";"1.";"388.99";"614.81";"108.37"
"2020";"8";"1";"6";"8";"5097";"173.";"2.3";"21.1";"65.";"1.";"541.65";"712.32";"134.64"
"2020";"8";"1";"6";"9";"5098";"193.";"2.7";"22.1";"61.";"2.";"627.46";"662.91";"186.46"
"2020";"8";"1";"6";"10";"5099";"201.";"2.7";"22.3";"60.";"5.";"462.71";"336.76";"216.33"
"2020";"8";"1";"6";"11";"5100";"194.";"2.5";"23.0";"58.";"5.";"488.38";"340.96";"227.22"
"2020";"8";"1";"6";"12";"5101";"211.";"3.2";"23.4";"58.";"3.";"696.81";"541.22";"282.25"
"2020";"8";"1";"6";"13";"5102";"215.";"3.2";"23.5";"56.";"2.";"646.99";"630.97";"185.37"
"2020";"8";"1";"6";"14";"5103";"207.";"2.9";"23.5";"52.";"0.";"686.56";"860.55";"114.09"
"2020";"8";"1";"6";"15";"5104";"202.";"3.4";"23.7";"51.";"2.";"520.58";"615.43";"168.93"
"2020";"8";"1";"6";"16";"5105";"186.";"3.6";"23.3";"51.";"8.";"132.62";"0.00";"132.62"
"2020";"8";"1";"6";"17";"5106";"190.";"3.6";"21.9";"53.";"5.";"225.21";"252.73";"142.26"
"2020";"8";"1";"6";"18";"5107";"179.";"3.4";"21.8";"55.";"6.";"83.25";"105.71";"62.58"
"2020";"8";"1";"6";"19";"5108";"159.";"2.9";"20.0";"62.";"5.";"0.00";"0.00";"0.00"
"2020";"8";"1";"6";"20";"5109";"137.";"2.9";"18.6";"69.";"8.";"0.00";"0.00";"0.00"
"2020";"8";"1";"6";"21";"5110";"144.";"3.4";"17.8";"72.";"7.";"0.00";"0.00";"0.00"
"2020";"8";"1";"6";"22";"5111";"150.";"3.2";"17.7";"73.";"8.";"0.00";"0.00";"0.00"
"2020";"8";"1";"6";"23";"5112";"152.";"3.8";"17.5";"72.";"8.";"0.00";"0.00";"0.00"
"2020";"8";"2";"7";"0";"5113";"151.";"4.3";"17.5";"72.";"8.";"0.00";"0.00";"0.00"
"2020";"8";"2";"7";"1";"5114";"149.";"4.5";"17.5";"72.";"8.";"0.00";"0.00";"0.00"
"2020";"8";"2";"7";"2";"5115";"151.";"5.0";"16.9";"74.";"5.";"0.00";"0.00";"0.00"
"2020";"8";"2";"7";"3";"5116";"150.";"3.9";"17.0";"75.";"7.";"0.00";"0.00";"0.00"
"2020";"8";"2";"7";"4";"5117";"154.";"4.2";"17.0";"75.";"2.";"0.00";"0.00";"0.00"
"2020";"8";"2";"7";"5";"5118";"162.";"5.1";"17.4";"76.";"5.";"62.94";"142.37";"35.64"
"2020";"8";"2";"7";"6";"5119";"189.";"3.6";"17.6";"82.";"8.";"79.69";"0.00";"79.69"
"2020";"8";"2";"7";"7";"5120";"228.";"3.1";"17.2";"90.";"8.";"118.79";"0.00";"118.79"
"2020";"8";"2";"7";"8";"5121";"237.";"3.8";"16.6";"93.";"8.";"140.00";"0.00";"140.00"
"2020";"8";"2";"7";"9";"5122";"229.";"4.1";"16.0";"94.";"8.";"168.68";"0.00";"168.68"
"2020";"8";"2";"7";"10";"5123";"249.";"4.4";"15.7";"95.";"8.";"213.69";"0.00";"213.69"
"2020";"8";"2";"7";"11";"5124";"242.";"3.9";"16.2";"88.";"8.";"248.74";"0.00";"248.74"
"2020";"8";"2";"7";"12";"5125";"248.";"4.4";"16.3";"85.";"8.";"247.27";"0.00";"247.27"
"2020";"8";"2";"7";"13";"5126";"239.";"4.2";"16.6";"82.";"8.";"232.85";"0.00";"232.85"
"2020";"8";"2";"7";"14";"5127";"234.";"4.0";"17.8";"76.";"6.";"345.60";"209.57";"206.83"
"2020";"8";"2";"7";"15";"5128";"234.";"4.3";"18.1";"73.";"7.";"230.18";"96.73";"175.22"
"2020";"8";"2";"7";"16";"5129";"241.";"3.8";"18.0";"73.";"8.";"128.07";"0.00";"128.07"
"2020";"8";"2";"7";"17";"5130";"251.";"3.5";"17.5";"72.";"8.";"80.92";"0.00";"80.92"
"2020";"8";"2";"7";"18";"5131";"251.";"3.6";"17.1";"74.";"5.";"62.83";"127.87";"38.31"
"2020";"8";"2";"7";"19";"5132";"253.";"3.5";"16.4";"79.";"2.";"0.00";"0.00";"0.00"
"2020";"8";"2";"7";"20";"5133";"253.";"4.2";"16.1";"79.";"8.";"0.00";"0.00";"0.00"
"2020";"8";"2";"7";"21";"5134";"253.";"4.9";"15.0";"80.";"5.";"0.00";"0.00";"0.00"
"2020";"8";"2";"7";"22";"5135";"257.";"4.8";"14.5";"81.";"7.";"0.00";"0.00";"0.00"
"2020";"8";"2";"7";"23";"5136";"258.";"4.7";"14.5";"81.";"6.";"0.00";"0.00";"0.00"
"2020";"8";"3";"1";"0";"5137";"258.";"4.7";"14.4";"82.";"4.";"0.00";"0.00";"0.00"
"2020";"8";"3";"1";"1";"5138";"260.";"4.9";"14.4";"81.";"6.";"0.00";"0.00";"0.00"
"2020";"8";"3";"1";"2";"5139";"261.";"5.0";"14.4";"82.";"6.";"0.00";"0.00";"0.00"
"2020";"8";"3";"1";"3";"5140";"259.";"5.5";"14.3";"83.";"5.";"0.00";"0.00";"0.00"
"2020";"8";"3";"1";"4";"5141";"264.";"5.5";"14.3";"82.";"7.";"0.00";"0.00";"0.00"
"2020";"8";"3";"1";"5";"5142";"263.";"5.1";"14.8";"78.";"6.";"52.78";"81.75";"37.41"
"2020";"8";"3";"1";"6";"5143";"262.";"5.1";"15.3";"76.";"3.";"198.81";"327.64";"93.62"
"2020";"8";"3";"1";"7";"5144";"259.";"5.2";"15.8";"74.";"4.";"285.21";"329.21";"137.19"
"2020";"8";"3";"1";"8";"5145";"268.";"5.5";"16.4";"72.";"6.";"284.33";"189.77";"177.13"
"2020";"8";"3";"1";"9";"5146";"266.";"5.7";"17.0";"69.";"7.";"274.38";"94.77";"211.93"
"2020";"8";"3";"1";"10";"5147";"268.";"5.3";"17.5";"66.";"5.";"459.33";"321.78";"225.84"
"2020";"8";"3";"1";"11";"5148";"274.";"5.4";"18.0";"63.";"5.";"451.76";"229.03";"277.69"
"2020";"8";"3";"1";"12";"5149";"272.";"5.1";"18.4";"63.";"6.";"408.35";"212.35";"246.95"
"2020";"8";"3";"1";"13";"5150";"266.";"4.7";"18.8";"61.";"6.";"351.59";"130.71";"256.74"
"2020";"8";"3";"1";"14";"5151";"269.";"4.7";"18.6";"60.";"7.";"262.05";"75.04";"212.60"
"2020";"8";"3";"1";"15";"5152";"271.";"5.1";"18.4";"58.";"4.";"384.39";"366.27";"177.47"
"2020";"8";"3";"1";"16";"5153";"267.";"5.3";"18.0";"60.";"1.";"392.63";"627.89";"110.31"
"2020";"8";"3";"1";"17";"5154";"268.";"4.3";"17.2";"65.";"4.";"183.11";"300.13";"86.76"
"2020";"8";"3";"1";"18";"5155";"268.";"4.2";"16.3";"69.";"2.";"90.96";"270.13";"40.20"
"2020";"8";"3";"1";"19";"5156";"263.";"4.1";"15.5";"74.";"3.";"0.00";"0.00";"0.00"
"2020";"8";"3";"1";"20";"5157";"257.";"3.8";"15.0";"76.";"2.";"0.00";"0.00";"0.00"
"2020";"8";"3";"1";"21";"5158";"258.";"3.7";"14.8";"78.";"1.";"0.00";"0.00";"0.00"
"2020";"8";"3";"1";"22";"5159";"261.";"3.8";"14.6";"81.";"8.";"0.00";"0.00";"0.00"
"2020";"8";"3";"1";"23";"5160";"264.";"3.8";"14.6";"82.";"5.";"0.00";"0.00";"0.00"
"2020";"8";"4";"2";"0";"5161";"263.";"3.6";"14.5";"83.";"8.";"0.00";"0.00";"0.00"
"2020";"8";"4";"2";"1";"5162";"268.";"3.8";"14.7";"83.";"8.";"0.00";"0.00";"0.00"
"2020";"8";"4";"2";"2";"5163";"271.";"3.6";"14.6";"82.";"7.";"0.00";"0.00";"0.00"
"2020";"8";"4";"2";"3";"5164";"274.";"3.4";"13.9";"84.";"0.";"0.00";"0.00";"0.00"
"2020";"8";"4";"2";"4";"5165";"272.";"3.5";"14.0";"83.";"1.";"0.00";"0.00";"0.00"
"2020";"8";"4";"2";"5";"5166";"273.";"3.7";"14.8";"79.";"1.";"92.71";"293.91";"38.63"
"2020";"8";"4";"2";"6";"5167";"274.";"4.3";"15.8";"73.";"0.";"237.31";"377.62";"117.48"
"2020";"8";"4";"2";"7";"5168";"271.";"4.4";"16.3";"69.";"2.";"347.76";"476.03";"135.40"
"2020";"8";"4";"2";"8";"5169";"267.";"4.9";"16.8";"65.";"0.";"551.60";"721.10";"146.65"
"2020";"8";"4";"2";"9";"5170";"262.";"4.8";"17.2";"61.";"1.";"594.52";"544.05";"237.71"
"2020";"8";"4";"2";"10";"5171";"264.";"5.4";"17.5";"56.";"3.";"572.22";"456.02";"242.75"
"2020";"8";"4";"2";"11";"5172";"265.";"5.5";"18.0";"53.";"2.";"688.66";"649.38";"197.08"
"2020";"8";"4";"2";"12";"5173";"270.";"5.2";"18.1";"52.";"3.";"623.92";"537.22";"217.24"
"2020";"8";"4";"2";"13";"5174";"273.";"5.4";"18.6";"50.";"3.";"581.09";"487.86";"228.61"
"2020";"8";"4";"2";"14";"5175";"274.";"4.8";"18.3";"52.";"2.";"576.51";"596.38";"185.38"
"2020";"8";"4";"2";"15";"5176";"276.";"4.5";"17.8";"54.";"5.";"340.58";"297.52";"173.51"
"2020";"8";"4";"2";"16";"5177";"273.";"4.2";"17.4";"55.";"5.";"256.54";"279.57";"131.82"
"2020";"8";"4";"2";"17";"5178";"266.";"3.6";"17.1";"56.";"1.";"234.76";"406.26";"105.84"
"2020";"8";"4";"2";"18";"5179";"257.";"3.4";"16.2";"54.";"2.";"99.16";"336.82";"37.18"
"2020";"8";"4";"2";"19";"5180";"255.";"3.4";"14.9";"60.";"2.";"0.00";"0.00";"0.00"
"2020";"8";"4";"2";"20";"5181";"254.";"2.7";"13.6";"68.";"1.";"0.00";"0.00";"0.00"
"2020";"8";"4";"2";"21";"5182";"248.";"2.5";"12.9";"74.";"4.";"0.00";"0.00";"0.00"
"2020";"8";"4";"2";"22";"5183";"240.";"2.5";"12.0";"80.";"7.";"0.00";"0.00";"0.00"
"2020";"8";"4";"2";"23";"5184";"226.";"2.7";"11.7";"79.";"5.";"0.00";"0.00";"0.00"
"2020";"8";"5";"3";"0";"5185";"223.";"2.9";"11.4";"80.";"7.";"0.00";"0.00";"0.00"
"2020";"8";"5";"3";"1";"5186";"227.";"3.3";"12.0";"82.";"8.";"0.00";"0.00";"0.00"
"2020";"8";"5";"3";"2";"5187";"219.";"3.3";"12.6";"82.";"8.";"0.00";"0.00";"0.00"
"2020";"8";"5";"3";"3";"5188";"210.";"3.6";"13.1";"80.";"8.";"0.00";"0.00";"0.00"
"2020";"8";"5";"3";"4";"5189";"208.";"4.2";"13.5";"84.";"8.";"0.00";"0.00";"0.00"
"2020";"8";"5";"3";"5";"5190";"199.";"3.6";"13.2";"88.";"8.";"16.50";"0.00";"16.50"
"2020";"8";"5";"3";"6";"5191";"187.";"3.9";"13.5";"87.";"8.";"45.13";"0.00";"45.13"
"2020";"8";"5";"3";"7";"5192";"191.";"4.9";"13.6";"87.";"8.";"67.30";"0.00";"67.30"
"2020";"8";"5";"3";"8";"5193";"178.";"5.5";"13.8";"90.";"8.";"90.31";"0.00";"90.31"
"2020";"8";"5";"3";"9";"5194";"168.";"5.4";"14.3";"89.";"8.";"113.57";"0.00";"113.57"
"2020";"8";"5";"3";"10";"5195";"183.";"5.8";"15.0";"89.";"8.";"216.89";"0.00";"216.89"
"2020";"8";"5";"3";"11";"5196";"180.";"6.2";"15.0";"89.";"8.";"121.84";"0.00";"121.84"
"2020";"8";"5";"3";"12";"5197";"170.";"6.1";"15.4";"88.";"8.";"130.96";"0.00";"130.96"
"2020";"8";"5";"3";"13";"5198";"185.";"6.2";"16.5";"85.";"8.";"226.35";"0.00";"226.35"
"2020";"8";"5";"3";"14";"5199";"192.";"5.4";"16.0";"85.";"8.";"182.09";"0.00";"182.09"
"2020";"8";"5";"3";"15";"5200";"186.";"6.1";"15.1";"93.";"8.";"83.35";"0.00";"83.35"
"2020";"8";"5";"3";"16";"5201";"172.";"5.4";"15.2";"92.";"8.";"68.04";"0.00";"68.04"
"2020";"8";"5";"3";"17";"5202";"175.";"4.4";"15.4";"92.";"8.";"37.33";"0.00";"37.33"
"2020";"8";"5";"3";"18";"5203";"194.";"3.8";"15.9";"94.";"8.";"13.62";"0.00";"13.62"
"2020";"8";"5";"3";"19";"5204";"213.";"3.5";"16.5";"95.";"8.";"0.00";"0.00";"0.00"
"2020";"8";"5";"3";"20";"5205";"217.";"3.2";"16.7";"95.";"8.";"0.00";"0.00";"0.00"
"2020";"8";"5";"3";"21";"5206";"216.";"3.0";"16.7";"93.";"8.";"0.00";"0.00";"0.00"
"2020";"8";"5";"3";"22";"5207";"217.";"2.9";"16.8";"93.";"7.";"0.00";"0.00";"0.00"
"2020";"8";"5";"3";"23";"5208";"217.";"2.7";"16.7";"92.";"8.";"0.00";"0.00";"0.00"
"2020";"8";"6";"4";"0";"5209";"202.";"2.4";"16.7";"92.";"8.";"0.00";"0.00";"0.00"
"2020";"8";"6";"4";"1";"5210";"200.";"2.7";"16.7";"93.";"8.";"0.00";"0.00";"0.00"
"2020";"8";"6";"4";"2";"5211";"182.";"2.1";"16.7";"94.";"7.";"0.00";"0.00";"0.00"
"2020";"8";"6";"4";"3";"5212";"193.";"2.4";"16.6";"94.";"7.";"0.00";"0.00";"0.00"
"2020";"8";"6";"4";"4";"5213";"185.";"2.2";"16.1";"94.";"2.";"0.00";"0.00";"0.00"
"2020";"8";"6";"4";"5";"5214";"181.";"2.2";"16.7";"93.";"4.";"50.14";"117.25";"29.51"
"2020";"8";"6";"4";"6";"5215";"181.";"2.9";"17.9";"88.";"3.";"177.36";"310.11";"81.32"
"2020";"8";"6";"4";"7";"5216";"180.";"2.8";"19.1";"82.";"3.";"301.17";"414.05";"119.47"
"2020";"8";"6";"4";"8";"5217";"181.";"2.6";"20.6";"72.";"2.";"491.10";"575.53";"171.89"
"2020";"8";"6";"4";"9";"5218";"177.";"2.3";"22.1";"63.";"0.";"662.89";"850.73";"110.61"
"2020";"8";"6";"4";"10";"5219";"167.";"2.9";"23.7";"53.";"6.";"561.79";"208.47";"412.51"
"2020";"8";"6";"4";"11";"5220";"182.";"3.6";"24.4";"52.";"5.";"591.06";"236.45";"413.57"
"2020";"8";"6";"4";"12";"5221";"181.";"4.0";"24.3";"55.";"8.";"526.91";"0.00";"526.91"
"2020";"8";"6";"4";"13";"5222";"174.";"4.1";"22.4";"58.";"7.";"487.37";"92.84";"420.90"
"2020";"8";"6";"4";"14";"5223";"168.";"3.8";"22.7";"61.";"7.";"467.66";"101.39";"401.83"
"2020";"8";"6";"4";"15";"5224";"165.";"3.3";"24.7";"52.";"8.";"366.20";"0.00";"366.20"
"2020";"8";"6";"4";"16";"5225";"168.";"3.4";"24.9";"48.";"8.";"262.89";"0.00";"262.89"
"2020";"8";"6";"4";"17";"5226";"161.";"3.2";"24.6";"48.";"7.";"177.16";"77.73";"153.08"
"2020";"8";"6";"4";"18";"5227";"145.";"3.1";"22.7";"55.";"8.";"58.86";"0.00";"58.86"
"2020";"8";"6";"4";"19";"5228";"143.";"3.0";"21.3";"62.";"8.";"0.00";"0.00";"0.00"
"2020";"8";"6";"4";"20";"5229";"143.";"3.2";"20.1";"67.";"8.";"0.00";"0.00";"0.00"
"2020";"8";"6";"4";"21";"5230";"140.";"3.3";"19.9";"67.";"8.";"0.00";"0.00";"0.00"
"2020";"8";"6";"4";"22";"5231";"143.";"3.7";"20.0";"64.";"8.";"0.00";"0.00";"0.00"
"2020";"8";"6";"4";"23";"5232";"154.";"4.4";"20.4";"62.";"8.";"0.00";"0.00";"0.00"
"2020";"8";"7";"5";"0";"5233";"159.";"4.5";"20.3";"61.";"8.";"0.00";"0.00";"0.00"
"2020";"8";"7";"5";"1";"5234";"161.";"4.4";"19.9";"62.";"8.";"0.00";"0.00";"0.00"
"2020";"8";"7";"5";"2";"5235";"155.";"4.3";"19.5";"63.";"8.";"0.00";"0.00";"0.00"
"2020";"8";"7";"5";"3";"5236";"158.";"4.0";"19.4";"64.";"6.";"0.00";"0.00";"0.00"
"2020";"8";"7";"5";"4";"5237";"157.";"3.4";"19.1";"65.";"5.";"0.00";"0.00";"0.00"
"2020";"8";"7";"5";"5";"5238";"157.";"3.2";"19.2";"63.";"5.";"70.81";"132.59";"48.02"
"2020";"8";"7";"5";"6";"5239";"158.";"3.4";"20.9";"56.";"4.";"208.16";"309.00";"113.69"
"2020";"8";"7";"5";"7";"5240";"161.";"3.5";"22.4";"52.";"0.";"406.12";"753.08";"78.46"
"2020";"8";"7";"5";"8";"5241";"167.";"3.5";"23.8";"49.";"0.";"543.40";"780.87";"113.09"
"2020";"8";"7";"5";"9";"5242";"170.";"3.9";"24.8";"48.";"1.";"630.65";"700.69";"178.18"
"2020";"8";"7";"5";"10";"5243";"177.";"4.0";"25.7";"47.";"1.";"690.15";"647.75";"228.50"
"2020";"8";"7";"5";"11";"5244";"178.";"4.0";"26.8";"45.";"4.";"625.37";"330.77";"378.17"
"2020";"8";"7";"5";"12";"5245";"185.";"3.7";"26.9";"43.";"1.";"735.22";"659.19";"242.56"
"2020";"8";"7";"5";"13";"5246";"201.";"3.4";"27.4";"41.";"2.";"683.40";"627.23";"236.36"
"2020";"8";"7";"5";"14";"5247";"210.";"3.0";"27.3";"41.";"0.";"648.35";"756.78";"159.65"
"2020";"8";"7";"5";"15";"5248";"221.";"3.1";"27.2";"41.";"2.";"493.40";"574.88";"176.61"
"2020";"8";"7";"5";"16";"5249";"220.";"2.1";"27.2";"40.";"1.";"374.60";"541.80";"138.87"
"2020";"8";"7";"5";"17";"5250";"211.";"2.0";"26.7";"42.";"0.";"245.31";"630.98";"52.39"
"2020";"8";"7";"5";"18";"5251";"193.";"1.6";"24.9";"47.";"2.";"80.44";"267.64";"34.45"
"2020";"8";"7";"5";"19";"5252";"165.";"1.0";"21.7";"59.";"2.";"0.00";"0.00";"0.00"
"2020";"8";"7";"5";"20";"5253";"130.";"1.1";"19.8";"66.";"2.";"0.00";"0.00";"0.00"
"2020";"8";"7";"5";"21";"5254";"114.";"1.7";"18.8";"72.";"8.";"0.00";"0.00";"0.00"
"2020";"8";"7";"5";"22";"5255";"124.";"1.6";"18.3";"74.";"7.";"0.00";"0.00";"0.00"
"2020";"8";"7";"5";"23";"5256";"151.";"1.9";"18.1";"73.";"7.";"0.00";"0.00";"0.00"
"2020";"8";"8";"6";"0";"5257";"156.";"2.5";"17.1";"79.";"2.";"0.00";"0.00";"0.00"
"2020";"8";"8";"6";"1";"5258";"148.";"2.3";"17.4";"80.";"1.";"0.00";"0.00";"0.00"
"2020";"8";"8";"6";"2";"5259";"135.";"2.5";"16.8";"79.";"1.";"0.00";"0.00";"0.00"
"2020";"8";"8";"6";"3";"5260";"131.";"2.5";"16.4";"78.";"0.";"0.00";"0.00";"0.00"
"2020";"8";"8";"6";"4";"5261";"131.";"2.2";"15.5";"77.";"2.";"0.00";"0.00";"0.00"
"2020";"8";"8";"6";"5";"5262";"126.";"2.3";"17.0";"74.";"2.";"75.32";"236.91";"35.61"
"2020";"8";"8";"6";"6";"5263";"127.";"2.3";"19.7";"64.";"1.";"237.12";"554.46";"69.83"
"2020";"8";"8";"6";"7";"5264";"126.";"1.9";"22.1";"55.";"1.";"385.14";"658.81";"101.02"
"2020";"8";"8";"6";"8";"5265";"125.";"1.5";"23.9";"49.";"0.";"542.65";"807.45";"100.64"
"2020";"8";"8";"6";"9";"5266";"175.";"0.8";"25.4";"44.";"0.";"664.90";"874.25";"103.42"
"2020";"8";"8";"6";"10";"5267";"227.";"1.1";"26.1";"44.";"4.";"624.95";"433.51";"317.47"
"2020";"8";"8";"6";"11";"5268";"247.";"1.9";"26.4";"42.";"5.";"628.68";"327.94";"384.69"
"2020";"8";"8";"6";"12";"5269";"258.";"2.9";"26.4";"42.";"6.";"592.10";"213.83";"433.01"
"2020";"8";"8";"6";"13";"5270";"274.";"2.4";"26.7";"44.";"2.";"678.64";"626.01";"234.61"
"2020";"8";"8";"6";"14";"5271";"286.";"2.0";"27.0";"43.";"7.";"463.55";"104.20";"396.63"
"2020";"8";"8";"6";"15";"5272";"292.";"2.5";"25.9";"46.";"8.";"354.96";"0.00";"354.96"
"2020";"8";"8";"6";"16";"5273";"303.";"2.8";"26.7";"46.";"4.";"332.89";"373.16";"171.96"
"2020";"8";"8";"6";"17";"5274";"311.";"2.5";"25.9";"46.";"0.";"243.52";"626.06";"54.62"
"2020";"8";"8";"6";"18";"5275";"316.";"2.0";"24.1";"50.";"0.";"79.93";"332.57";"24.18"
"2020";"8";"8";"6";"19";"5276";"316.";"1.3";"21.1";"62.";"0.";"0.00";"0.00";"0.00"
"2020";"8";"8";"6";"20";"5277";"325.";"0.9";"19.4";"69.";"0.";"0.00";"0.00";"0.00"
"2020";"8";"8";"6";"21";"5278";"6.";"0.9";"17.8";"75.";"0.";"0.00";"0.00";"0.00"
"2020";"8";"8";"6";"22";"5279";"12.";"0.9";"16.0";"79.";"0.";"0.00";"0.00";"0.00"
"2020";"8";"8";"6";"23";"5280";"37.";"0.6";"16.4";"82.";"0.";"0.00";"0.00";"0.00"
"2020";"8";"9";"7";"0";"5281";"45.";"0.4";"15.3";"83.";"0.";"0.00";"0.00";"0.00"
"2020";"8";"9";"7";"1";"5282";"44.";"0.5";"15.2";"84.";"0.";"0.00";"0.00";"0.00"
"2020";"8";"9";"7";"2";"5283";"56.";"0.8";"14.7";"87.";"0.";"0.00";"0.00";"0.00"
"2020";"8";"9";"7";"3";"5284";"69.";"0.9";"14.4";"87.";"0.";"0.00";"0.00";"0.00"
"2020";"8";"9";"7";"4";"5285";"95.";"1.2";"14.2";"87.";"0.";"0.00";"0.00";"0.00"
"2020";"8";"9";"7";"5";"5286";"125.";"1.0";"15.8";"83.";"0.";"75.68";"314.83";"24.26"
"2020";"8";"9";"7";"6";"5287";"178.";"0.8";"19.7";"72.";"0.";"225.83";"554.36";"60.83"
"2020";"8";"9";"7";"7";"5288";"208.";"1.3";"21.7";"65.";"0.";"381.16";"670.91";"94.43"
"2020";"8";"9";"7";"8";"5289";"224.";"1.6";"24.0";"60.";"1.";"502.08";"673.05";"136.15"
"2020";"8";"9";"7";"9";"5290";"250.";"2.3";"25.2";"57.";"0.";"636.59";"783.66";"136.11"
"2020";"8";"9";"7";"10";"5291";"255.";"2.4";"25.8";"55.";"6.";"525.29";"211.46";"376.04"
"2020";"8";"9";"7";"11";"5292";"256.";"2.8";"25.7";"56.";"5.";"590.70";"311.75";"359.83"
"2020";"8";"9";"7";"12";"5293";"259.";"2.8";"25.6";"54.";"7.";"314.80";"103.60";"238.08"
"2020";"8";"9";"7";"13";"5294";"262.";"2.5";"25.9";"48.";"6.";"528.80";"210.19";"380.44"
"2020";"8";"9";"7";"14";"5295";"267.";"2.7";"26.1";"44.";"5.";"509.16";"326.21";"300.83"
"2020";"8";"9";"7";"15";"5296";"278.";"2.4";"26.1";"43.";"7.";"360.45";"98.74";"306.76"
"2020";"8";"9";"7";"16";"5297";"292.";"1.8";"25.7";"43.";"2.";"360.58";"549.36";"125.80"
"2020";"8";"9";"7";"17";"5298";"295.";"1.8";"24.5";"48.";"0.";"236.03";"626.09";"49.69"
"2020";"8";"9";"7";"18";"5299";"313.";"1.5";"22.5";"56.";"0.";"76.01";"322.23";"23.39"
"2020";"8";"9";"7";"19";"5300";"311.";"1.5";"19.7";"69.";"0.";"0.00";"0.00";"0.00"
"2020";"8";"9";"7";"20";"5301";"316.";"1.0";"18.0";"76.";"5.";"0.00";"0.00";"0.00"
"2020";"8";"9";"7";"21";"5302";"320.";"1.3";"16.7";"82.";"6.";"0.00";"0.00";"0.00"
"2020";"8";"9";"7";"22";"5303";"340.";"1.2";"15.7";"84.";"5.";"0.00";"0.00";"0.00"
"2020";"8";"9";"7";"23";"5304";"355.";"0.8";"15.0";"90.";"5.";"0.00";"0.00";"0.00"
"2020";"8";"10";"1";"0";"5305";"324.";"0.7";"14.6";"86.";"4.";"0.00";"0.00";"0.00"
"2020";"8";"10";"1";"1";"5306";"38.";"0.5";"14.1";"92.";"4.";"0.00";"0.00";"0.00"
"2020";"8";"10";"1";"2";"5307";"86.";"0.5";"13.5";"89.";"0.";"0.00";"0.00";"0.00"
"2020";"8";"10";"1";"3";"5308";"38.";"0.6";"12.9";"90.";"5.";"0.00";"0.00";"0.00"
"2020";"8";"10";"1";"4";"5309";"88.";"0.8";"12.6";"91.";"8.";"0.00";"0.00";"0.00"
"2020";"8";"10";"1";"5";"5310";"87.";"1.3";"13.8";"90.";"8.";"22.05";"0.00";"22.05"
"2020";"8";"10";"1";"6";"5311";"79.";"1.4";"16.6";"84.";"4.";"145.71";"211.00";"83.79"
"2020";"8";"10";"1";"7";"5312";"73.";"1.4";"19.3";"75.";"1.";"354.02";"622.21";"90.58"
"2020";"8";"10";"1";"8";"5313";"58.";"0.4";"22.4";"63.";"0.";"520.54";"754.11";"113.41"
"2020";"8";"10";"1";"9";"5314";"198.";"0.5";"23.7";"58.";"1.";"610.53";"696.11";"168.50"
"2020";"8";"10";"1";"10";"5315";"218.";"1.1";"24.1";"55.";"5.";"559.38";"310.41";"341.40"
"2020";"8";"10";"1";"11";"5316";"233.";"1.7";"25.2";"53.";"3.";"581.07";"479.11";"227.94"
"2020";"8";"10";"1";"12";"5317";"244.";"2.2";"25.3";"58.";"2.";"648.04";"625.62";"186.92"
"2020";"8";"10";"1";"13";"5318";"259.";"3.1";"24.6";"59.";"5.";"415.30";"253.65";"237.18"
"2020";"8";"10";"1";"14";"5319";"270.";"3.1";"24.5";"58.";"1.";"588.11";"574.88";"223.06"
"2020";"8";"10";"1";"15";"5320";"290.";"2.9";"24.5";"54.";"0.";"524.50";"775.41";"105.87"
"2020";"8";"10";"1";"16";"5321";"299.";"2.3";"24.4";"55.";"0.";"382.79";"727.24";"74.88"
"2020";"8";"10";"1";"17";"5322";"281.";"1.6";"23.6";"54.";"2.";"204.16";"417.59";"81.61"
"2020";"8";"10";"1";"18";"5323";"254.";"1.9";"22.3";"58.";"0.";"69.54";"301.08";"21.68"
"2020";"8";"10";"1";"19";"5324";"267.";"0.8";"20.0";"70.";"7.";"0.00";"0.00";"0.00"
"2020";"8";"10";"1";"20";"5325";"290.";"1.0";"18.8";"78.";"3.";"0.00";"0.00";"0.00"
"2020";"8";"10";"1";"21";"5326";"268.";"0.3";"18.1";"80.";"2.";"0.00";"0.00";"0.00"
"2020";"8";"10";"1";"22";"5327";"76.";"0.5";"16.8";"83.";"0.";"0.00";"0.00";"0.00"
"2020";"8";"10";"1";"23";"5328";"107.";"1.6";"17.2";"84.";"1.";"0.00";"0.00";"0.00"
"2020";"8";"11";"2";"0";"5329";"128.";"1.6";"17.6";"84.";"8.";"0.00";"0.00";"0.00"
"2020";"8";"11";"2";"1";"5330";"120.";"1.9";"17.9";"84.";"7.";"0.00";"0.00";"0.00"
"2020";"8";"11";"2";"2";"5331";"117.";"2.3";"18.2";"87.";"5.";"0.00";"0.00";"0.00"
"2020";"8";"11";"2";"3";"5332";"134.";"2.6";"17.9";"90.";"4.";"0.00";"0.00";"0.00"
"2020";"8";"11";"2";"4";"5333";"127.";"2.8";"17.8";"89.";"4.";"0.00";"0.00";"0.00"
"2020";"8";"11";"2";"5";"5334";"122.";"3.2";"18.1";"84.";"7.";"21.48";"22.02";"18.08"
"2020";"8";"11";"2";"6";"5335";"125.";"3.6";"18.7";"75.";"8.";"66.09";"0.00";"66.09"
"2020";"8";"11";"2";"7";"5336";"123.";"3.3";"19.2";"69.";"7.";"156.74";"89.20";"119.33"
"2020";"8";"11";"2";"8";"5337";"122.";"3.3";"20.4";"65.";"8.";"159.41";"0.00";"159.41"
"2020";"8";"11";"2";"9";"5338";"123.";"2.5";"21.8";"61.";"7.";"263.97";"103.81";"198.44"
"2020";"8";"11";"2";"10";"5339";"119.";"1.9";"22.8";"59.";"7.";"298.13";"107.21";"223.23"
"2020";"8";"11";"2";"11";"5340";"110.";"1.3";"24.3";"58.";"5.";"457.63";"315.80";"226.00"
"2020";"8";"11";"2";"12";"5341";"101.";"1.0";"24.9";"54.";"4.";"529.44";"437.32";"208.68"
"2020";"8";"11";"2";"13";"5342";"133.";"0.7";"25.8";"51.";"5.";"558.19";"318.58";"335.63"
"2020";"8";"11";"2";"14";"5343";"125.";"0.3";"25.3";"52.";"8.";"388.09";"0.00";"388.09"
"2020";"8";"11";"2";"15";"5344";"135.";"0.3";"24.8";"54.";"4.";"431.01";"409.44";"211.54"
"2020";"8";"11";"2";"16";"5345";"53.";"0.3";"24.6";"55.";"5.";"290.63";"266.14";"179.02"
"2020";"8";"11";"2";"17";"5346";"290.";"0.7";"23.7";"58.";"4.";"177.78";"286.13";"95.02"
"2020";"8";"11";"2";"18";"5347";"346.";"0.3";"22.8";"63.";"2.";"47.04";"180.13";"19.20"
"2020";"8";"11";"2";"19";"5348";"36.";"1.1";"20.9";"73.";"0.";"0.00";"0.00";"0.00"
"2020";"8";"11";"2";"20";"5349";"69.";"1.5";"19.4";"79.";"3.";"0.00";"0.00";"0.00"
"2020";"8";"11";"2";"21";"5350";"96.";"1.2";"18.6";"81.";"1.";"0.00";"0.00";"0.00"
"2020";"8";"11";"2";"22";"5351";"106.";"1.6";"18.1";"84.";"5.";"0.00";"0.00";"0.00"
"2020";"8";"11";"2";"23";"5352";"111.";"1.8";"17.8";"85.";"4.";"0.00";"0.00";"0.00"
"2020";"8";"12";"3";"0";"5353";"116.";"1.7";"16.8";"85.";"0.";"0.00";"0.00";"0.00"
"2020";"8";"12";"3";"1";"5354";"134.";"2.0";"16.9";"83.";"1.";"0.00";"0.00";"0.00"
"2020";"8";"12";"3";"2";"5355";"165.";"2.3";"16.8";"89.";"0.";"0.00";"0.00";"0.00"
"2020";"8";"12";"3";"3";"5356";"168.";"2.3";"16.4";"95.";"3.";"0.00";"0.00";"0.00"
"2020";"8";"12";"3";"4";"5357";"170.";"2.6";"16.3";"89.";"3.";"0.00";"0.00";"0.00"
"2020";"8";"12";"3";"5";"5358";"172.";"2.3";"17.1";"84.";"6.";"28.07";"62.46";"18.70"
"2020";"8";"12";"3";"6";"5359";"173.";"2.4";"19.0";"75.";"3.";"183.37";"338.19";"87.00"
"2020";"8";"12";"3";"7";"5360";"176.";"2.5";"20.4";"63.";"4.";"310.51";"361.37";"160.46"
"2020";"8";"12";"3";"8";"5361";"185.";"2.4";"21.4";"54.";"1.";"470.45";"579.65";"162.03"
"2020";"8";"12";"3";"9";"5362";"182.";"2.0";"22.1";"50.";"1.";"606.23";"779.66";"117.03"
"2020";"8";"12";"3";"10";"5363";"208.";"2.1";"23.3";"47.";"6.";"374.78";"226.64";"217.29"
"2020";"8";"12";"3";"11";"5364";"238.";"2.7";"23.7";"48.";"2.";"686.17";"576.36";"265.53"
"2020";"8";"12";"3";"12";"5365";"247.";"2.8";"24.1";"49.";"0.";"733.05";"688.39";"230.65"
"2020";"8";"12";"3";"13";"5366";"249.";"2.9";"24.4";"47.";"0.";"699.05";"711.90";"204.35"
"2020";"8";"12";"3";"14";"5367";"250.";"2.6";"24.3";"46.";"1.";"562.74";"468.44";"268.82"
"2020";"8";"12";"3";"15";"5368";"250.";"2.1";"24.2";"45.";"1.";"460.63";"447.18";"222.70"
"2020";"8";"12";"3";"16";"5369";"250.";"2.3";"23.8";"44.";"0.";"387.15";"756.46";"73.04"
"2020";"8";"12";"3";"17";"5370";"243.";"1.7";"23.2";"45.";"0.";"227.68";"623.02";"50.16"
"2020";"8";"12";"3";"18";"5371";"247.";"1.2";"21.8";"51.";"0.";"66.62";"296.11";"22.19"
"2020";"8";"12";"3";"19";"5372";"232.";"0.5";"19.1";"64.";"0.";"0.00";"0.00";"0.00"
"2020";"8";"12";"3";"20";"5373";"146.";"0.4";"17.5";"72.";"0.";"0.00";"0.00";"0.00"
"2020";"8";"12";"3";"21";"5374";"112.";"0.9";"16.6";"74.";"0.";"0.00";"0.00";"0.00"
"2020";"8";"12";"3";"22";"5375";"111.";"1.4";"15.8";"80.";"0.";"0.00";"0.00";"0.00"
"2020";"8";"12";"3";"23";"5376";"129.";"1.5";"15.2";"82.";"1.";"0.00";"0.00";"0.00"
"2020";"8";"13";"4";"0";"5377";"144.";"1.4";"14.6";"83.";"0.";"0.00";"0.00";"0.00"
"2020";"8";"13";"4";"1";"5378";"148.";"1.2";"14.2";"86.";"0.";"0.00";"0.00";"0.00"
"2020";"8";"13";"4";"2";"5379";"138.";"1.8";"13.7";"89.";"0.";"0.00";"0.00";"0.00"
"2020";"8";"13";"4";"3";"5380";"149.";"1.3";"13.4";"91.";"0.";"0.00";"0.00";"0.00"
"2020";"8";"13";"4";"4";"5381";"134.";"1.5";"13.6";"93.";"4.";"0.00";"0.00";"0.00"
"2020";"8";"13";"4";"5";"5382";"157.";"1.4";"15.4";"91.";"0.";"50.82";"215.40";"19.48"
"2020";"8";"13";"4";"6";"5383";"160.";"1.5";"17.8";"84.";"0.";"204.11";"531.85";"54.90"
"2020";"8";"13";"4";"7";"5384";"208.";"1.7";"20.6";"75.";"0.";"360.54";"679.18";"81.36"
"2020";"8";"13";"4";"8";"5385";"214.";"2.2";"22.1";"65.";"0.";"486.76";"618.51";"160.16"
"2020";"8";"13";"4";"9";"5386";"219.";"2.7";"22.7";"62.";"0.";"638.09";"886.45";"85.33"
"2020";"8";"13";"4";"10";"5387";"225.";"3.0";"23.3";"64.";"0.";"627.41";"455.41";"312.67"
"2020";"8";"13";"4";"11";"5388";"222.";"3.1";"23.6";"58.";"1.";"678.56";"632.81";"219.09"
"2020";"8";"13";"4";"12";"5389";"225.";"3.4";"23.9";"56.";"2.";"596.96";"436.84";"279.78"
"2020";"8";"13";"4";"13";"5390";"224.";"3.0";"24.2";"54.";"1.";"631.58";"581.68";"229.57"
"2020";"8";"13";"4";"14";"5391";"227.";"2.6";"24.3";"53.";"2.";"574.44";"604.76";"197.33"
"2020";"8";"13";"4";"15";"5392";"230.";"2.3";"24.1";"53.";"4.";"431.64";"398.14";"221.40"
"2020";"8";"13";"4";"16";"5393";"230.";"2.4";"23.8";"53.";"3.";"327.63";"446.63";"144.04"
"2020";"8";"13";"4";"17";"5394";"218.";"2.0";"22.8";"56.";"5.";"169.60";"218.25";"108.37"
"2020";"8";"13";"4";"18";"5395";"214.";"1.7";"21.5";"61.";"3.";"45.13";"143.40";"24.27"
"2020";"8";"13";"4";"19";"5396";"180.";"1.2";"19.0";"71.";"6.";"0.00";"0.00";"0.00"
"2020";"8";"13";"4";"20";"5397";"152.";"0.8";"17.5";"75.";"6.";"0.00";"0.00";"0.00"
"2020";"8";"13";"4";"21";"5398";"123.";"1.0";"16.5";"78.";"8.";"0.00";"0.00";"0.00"
"2020";"8";"13";"4";"22";"5399";"128.";"1.0";"16.2";"79.";"5.";"0.00";"0.00";"0.00"
"2020";"8";"13";"4";"23";"5400";"127.";"1.2";"15.7";"80.";"6.";"0.00";"0.00";"0.00"
"2020";"8";"14";"5";"0";"5401";"128.";"1.5";"15.0";"81.";"2.";"0.00";"0.00";"0.00"
"2020";"8";"14";"5";"1";"5402";"130.";"1.4";"14.3";"84.";"3.";"0.00";"0.00";"0.00"
"2020";"8";"14";"5";"2";"5403";"149.";"1.2";"13.6";"86.";"4.";"0.00";"0.00";"0.00"
"2020";"8";"14";"5";"3";"5404";"150.";"1.5";"13.2";"87.";"1.";"0.00";"0.00";"0.00"
"2020";"8";"14";"5";"4";"5405";"146.";"1.6";"13.5";"89.";"0.";"0.00";"0.00";"0.00"
"2020";"8";"14";"5";"5";"5406";"151.";"1.8";"14.5";"87.";"0.";"48.92";"169.04";"25.11"
"2020";"8";"14";"5";"6";"5407";"167.";"2.2";"18.0";"80.";"0.";"191.47";"418.00";"76.05"
"2020";"8";"14";"5";"7";"5408";"189.";"2.7";"20.9";"71.";"0.";"359.13";"694.61";"76.56"
"2020";"8";"14";"5";"8";"5409";"204.";"3.0";"22.7";"61.";"0.";"478.99";"590.95";"169.36"
"2020";"8";"14";"5";"9";"5410";"214.";"3.0";"23.8";"57.";"0.";"625.47";"823.79";"115.03"
"2020";"8";"14";"5";"10";"5411";"217.";"2.5";"24.5";"54.";"0.";"657.98";"583.22";"257.15"
"2020";"8";"14";"5";"11";"5412";"228.";"2.9";"25.1";"51.";"0.";"747.28";"819.00";"155.73"
"2020";"8";"14";"5";"12";"5413";"231.";"2.8";"25.3";"51.";"1.";"718.68";"736.22";"186.92"
"2020";"8";"14";"5";"13";"5414";"235.";"2.4";"25.8";"48.";"0.";"717.52";"884.95";"109.33"
"2020";"8";"14";"5";"14";"5415";"249.";"2.1";"26.1";"46.";"0.";"618.99";"762.65";"146.44"
"2020";"8";"14";"5";"15";"5416";"247.";"2.2";"25.7";"47.";"0.";"506.84";"755.57";"110.96"
"2020";"8";"14";"5";"16";"5417";"246.";"2.2";"25.1";"50.";"0.";"364.21";"703.66";"77.96"
"2020";"8";"14";"5";"17";"5418";"239.";"1.2";"24.2";"51.";"0.";"205.68";"556.05";"52.15"
"2020";"8";"14";"5";"18";"5419";"221.";"0.7";"22.7";"54.";"0.";"50.35";"239.13";"16.68"
"2020";"8";"14";"5";"19";"5420";"190.";"0.8";"20.1";"64.";"0.";"0.00";"0.00";"0.00"
"2020";"8";"14";"5";"20";"5421";"172.";"0.5";"19.0";"72.";"0.";"0.00";"0.00";"0.00"
"2020";"8";"14";"5";"21";"5422";"331.";"0.6";"17.0";"82.";"0.";"0.00";"0.00";"0.00"
"2020";"8";"14";"5";"22";"5423";"49.";"0.4";"16.6";"86.";"0.";"0.00";"0.00";"0.00"
"2020";"8";"14";"5";"23";"5424";"84.";"0.5";"15.6";"88.";"0.";"0.00";"0.00";"0.00"
"2020";"8";"15";"6";"0";"5425";"78.";"0.6";"15.0";"89.";"1.";"0.00";"0.00";"0.00"
"2020";"8";"15";"6";"1";"5426";"66.";"1.0";"14.4";"90.";"1.";"0.00";"0.00";"0.00"
"2020";"8";"15";"6";"2";"5427";"68.";"0.9";"13.9";"91.";"1.";"0.00";"0.00";"0.00"
"2020";"8";"15";"6";"3";"5428";"96.";"0.7";"13.5";"93.";"2.";"0.00";"0.00";"0.00"
"2020";"8";"15";"6";"4";"5429";"112.";"1.0";"13.6";"93.";"1.";"0.00";"0.00";"0.00"
"2020";"8";"15";"6";"5";"5430";"106.";"1.0";"14.6";"90.";"2.";"38.21";"153.99";"17.25"
"2020";"8";"15";"6";"6";"5431";"144.";"0.8";"17.1";"82.";"3.";"151.00";"312.21";"66.20"
"2020";"8";"15";"6";"7";"5432";"204.";"1.2";"19.3";"79.";"1.";"322.57";"554.13";"99.56"
"2020";"8";"15";"6";"8";"5433";"206.";"1.3";"21.8";"72.";"1.";"455.13";"638.87";"123.05"
"2020";"8";"15";"6";"9";"5434";"246.";"1.6";"23.5";"67.";"0.";"603.55";"754.26";"139.24"
"2020";"8";"15";"6";"10";"5435";"252.";"2.2";"24.1";"63.";"0.";"689.21";"786.08";"152.05"
"2020";"8";"15";"6";"11";"5436";"259.";"2.3";"24.8";"58.";"0.";"743.19";"847.39";"134.43"
"2020";"8";"15";"6";"12";"5437";"261.";"2.8";"25.4";"54.";"0.";"736.89";"803.33";"159.78"
"2020";"8";"15";"6";"13";"5438";"268.";"2.7";"25.5";"54.";"0.";"695.48";"803.80";"146.21"
"2020";"8";"15";"6";"14";"5439";"273.";"2.4";"25.7";"52.";"0.";"615.83";"796.95";"125.24"
"2020";"8";"15";"6";"15";"5440";"278.";"1.9";"25.5";"48.";"0.";"498.16";"728.37";"119.56"
"2020";"8";"15";"6";"16";"5441";"297.";"1.8";"25.7";"48.";"0.";"356.68";"675.31";"84.89"
"2020";"8";"15";"6";"17";"5442";"319.";"1.6";"24.9";"50.";"0.";"197.53";"525.23";"54.88"
"2020";"8";"15";"6";"18";"5443";"325.";"1.3";"23.1";"58.";"0.";"39.20";"192.57";"12.98"
"2020";"8";"15";"6";"19";"5444";"321.";"1.0";"20.1";"72.";"0.";"0.00";"0.00";"0.00"
"2020";"8";"15";"6";"20";"5445";"345.";"0.6";"17.4";"81.";"0.";"0.00";"0.00";"0.00"
"2020";"8";"15";"6";"21";"5446";"32.";"0.5";"16.0";"83.";"0.";"0.00";"0.00";"0.00"
"2020";"8";"15";"6";"22";"5447";"58.";"0.8";"15.9";"86.";"0.";"0.00";"0.00";"0.00"
"2020";"8";"15";"6";"23";"5448";"72.";"0.7";"15.5";"87.";"0.";"0.00";"0.00";"0.00"
"2020";"8";"16";"7";"0";"5449";"101.";"0.4";"15.0";"88.";"1.";"0.00";"0.00";"0.00"
"2020";"8";"16";"7";"1";"5450";"101.";"0.9";"13.8";"88.";"1.";"0.00";"0.00";"0.00"
"2020";"8";"16";"7";"2";"5451";"108.";"1.0";"14.0";"89.";"0.";"0.00";"0.00";"0.00"
"2020";"8";"16";"7";"3";"5452";"108.";"1.1";"13.7";"89.";"0.";"0.00";"0.00";"0.00"
"2020";"8";"16";"7";"4";"5453";"104.";"0.9";"13.5";"88.";"0.";"0.00";"0.00";"0.00"
"2020";"8";"16";"7";"5";"5454";"100.";"1.1";"14.4";"86.";"0.";"43.10";"203.71";"16.35"
"2020";"8";"16";"7";"6";"5455";"127.";"0.9";"17.4";"78.";"0.";"192.68";"510.70";"56.31"
"2020";"8";"16";"7";"7";"5456";"168.";"1.3";"21.0";"70.";"0.";"347.07";"667.67";"81.29"
"2020";"8";"16";"7";"8";"5457";"193.";"1.3";"24.1";"59.";"0.";"493.27";"767.42";"97.62"
"2020";"8";"16";"7";"9";"5458";"218.";"1.5";"25.3";"50.";"2.";"565.12";"622.19";"184.65"
"2020";"8";"16";"7";"10";"5459";"238.";"1.7";"26.2";"46.";"0.";"700.97";"833.07";"135.05"
"2020";"8";"16";"7";"11";"5460";"239.";"1.8";"26.6";"46.";"0.";"743.94";"846.47";"139.18"
"2020";"8";"16";"7";"12";"5461";"247.";"2.5";"27.0";"45.";"0.";"753.58";"905.03";"106.99"
"2020";"8";"16";"7";"13";"5462";"251.";"2.2";"27.4";"43.";"0.";"703.25";"848.12";"127.10"
"2020";"8";"16";"7";"14";"5463";"258.";"2.7";"27.2";"42.";"0.";"612.18";"770.26";"141.17"
"2020";"8";"16";"7";"15";"5464";"268.";"2.1";"27.0";"42.";"0.";"501.22";"774.24";"102.06"
"2020";"8";"16";"7";"16";"5465";"275.";"1.7";"27.0";"43.";"0.";"356.12";"704.92";"75.51"
"2020";"8";"16";"7";"17";"5466";"276.";"1.3";"25.9";"46.";"0.";"196.26";"563.25";"45.86"
"2020";"8";"16";"7";"18";"5467";"286.";"0.9";"23.8";"56.";"0.";"34.21";"171.60";"11.67"
"2020";"8";"16";"7";"19";"5468";"330.";"0.5";"21.1";"66.";"0.";"0.00";"0.00";"0.00"
"2020";"8";"16";"7";"20";"5469";"24.";"1.0";"19.3";"72.";"0.";"0.00";"0.00";"0.00"
"2020";"8";"16";"7";"21";"5470";"42.";"1.1";"17.3";"75.";"0.";"0.00";"0.00";"0.00"
"2020";"8";"16";"7";"22";"5471";"61.";"1.0";"17.0";"78.";"0.";"0.00";"0.00";"0.00"
"2020";"8";"16";"7";"23";"5472";"93.";"1.4";"16.5";"80.";"0.";"0.00";"0.00";"0.00"
"2020";"8";"17";"1";"0";"5473";"111.";"1.3";"16.1";"81.";"1.";"0.00";"0.00";"0.00"
"2020";"8";"17";"1";"1";"5474";"102.";"1.6";"16.0";"80.";"1.";"0.00";"0.00";"0.00"
"2020";"8";"17";"1";"2";"5475";"101.";"1.7";"15.5";"82.";"1.";"0.00";"0.00";"0.00"
"2020";"8";"17";"1";"3";"5476";"92.";"1.5";"15.3";"85.";"0.";"0.00";"0.00";"0.00"
"2020";"8";"17";"1";"4";"5477";"99.";"1.8";"16.1";"85.";"0.";"0.00";"0.00";"0.00"
"2020";"8";"17";"1";"5";"5478";"100.";"1.6";"16.9";"83.";"1.";"28.18";"129.31";"11.82"
"2020";"8";"17";"1";"6";"5479";"106.";"1.3";"19.3";"74.";"2.";"155.98";"366.72";"59.76"
"2020";"8";"17";"1";"7";"5480";"121.";"1.3";"21.9";"65.";"3.";"294.47";"395.45";"138.82"
"2020";"8";"17";"1";"8";"5481";"138.";"1.4";"24.9";"53.";"0.";"481.61";"696.03";"125.75"
"2020";"8";"17";"1";"9";"5482";"125.";"1.8";"27.1";"45.";"0.";"611.38";"811.84";"118.33"
"2020";"8";"17";"1";"10";"5483";"116.";"1.6";"28.3";"40.";"3.";"613.10";"510.64";"268.29"
"2020";"8";"17";"1";"11";"5484";"153.";"0.5";"29.2";"37.";"2.";"678.31";"638.79";"224.50"
"2020";"8";"17";"1";"12";"5485";"110.";"0.3";"29.4";"36.";"2.";"686.01";"637.87";"232.85"
"2020";"8";"17";"1";"13";"5486";"350.";"0.5";"28.8";"37.";"3.";"588.43";"436.06";"293.98"
"2020";"8";"17";"1";"14";"5487";"294.";"1.8";"28.5";"38.";"1.";"582.12";"672.53";"173.67"
"2020";"8";"17";"1";"15";"5488";"278.";"2.2";"27.7";"41.";"0.";"490.51";"734.52";"114.98"
"2020";"8";"17";"1";"16";"5489";"292.";"2.1";"27.0";"44.";"7.";"152.91";"57.59";"130.24"
"2020";"8";"17";"1";"17";"5490";"287.";"1.6";"26.2";"51.";"0.";"180.20";"488.00";"52.16"
"2020";"8";"17";"1";"18";"5491";"297.";"1.3";"24.6";"59.";"5.";"16.06";"39.02";"11.13"
"2020";"8";"17";"1";"19";"5492";"334.";"0.7";"22.0";"69.";"0.";"0.00";"0.00";"0.00"
"2020";"8";"17";"1";"20";"5493";"51.";"0.8";"20.0";"73.";"0.";"0.00";"0.00";"0.00"
"2020";"8";"17";"1";"21";"5494";"64.";"1.2";"19.2";"74.";"1.";"0.00";"0.00";"0.00"
"2020";"8";"17";"1";"22";"5495";"87.";"2.0";"18.3";"75.";"0.";"0.00";"0.00";"0.00"
"2020";"8";"17";"1";"23";"5496";"91.";"2.0";"18.5";"75.";"0.";"0.00";"0.00";"0.00"
"2020";"8";"18";"2";"0";"5497";"88.";"1.9";"18.4";"75.";"3.";"0.00";"0.00";"0.00"
"2020";"8";"18";"2";"1";"5498";"110.";"2.4";"17.8";"79.";"4.";"0.00";"0.00";"0.00"
"2020";"8";"18";"2";"2";"5499";"117.";"1.8";"17.3";"82.";"3.";"0.00";"0.00";"0.00"
"2020";"8";"18";"2";"3";"5500";"141.";"2.4";"17.7";"80.";"4.";"0.00";"0.00";"0.00"
"2020";"8";"18";"2";"4";"5501";"139.";"2.3";"17.8";"84.";"5.";"0.00";"0.00";"0.00"
"2020";"8";"18";"2";"5";"5502";"130.";"2.0";"18.5";"78.";"4.";"14.72";"41.51";"9.68"
"2020";"8";"18";"2";"6";"5503";"137.";"2.3";"19.5";"72.";"7.";"77.25";"37.97";"67.46"
"2020";"8";"18";"2";"7";"5504";"145.";"2.5";"21.3";"66.";"7.";"147.43";"53.43";"126.65"
"2020";"8";"18";"2";"8";"5505";"146.";"2.8";"22.5";"62.";"7.";"210.82";"60.72";"180.04"
"2020";"8";"18";"2";"9";"5506";"151.";"2.6";"24.7";"55.";"8.";"400.84";"0.00";"400.84"
"2020";"8";"18";"2";"10";"5507";"172.";"2.7";"27.1";"49.";"7.";"459.36";"101.41";"391.30"
"2020";"8";"18";"2";"11";"5508";"182.";"2.3";"27.5";"46.";"7.";"489.70";"102.72";"417.14"
"2020";"8";"18";"2";"12";"5509";"200.";"2.3";"27.3";"47.";"8.";"455.67";"0.00";"455.67"
"2020";"8";"18";"2";"13";"5510";"220.";"3.2";"27.4";"47.";"7.";"461.27";"102.75";"392.31"
"2020";"8";"18";"2";"14";"5511";"222.";"3.0";"26.7";"51.";"8.";"370.11";"0.00";"370.11"
"2020";"8";"18";"2";"15";"5512";"230.";"3.1";"26.5";"53.";"6.";"347.72";"189.74";"251.54"
"2020";"8";"18";"2";"16";"5513";"225.";"2.8";"25.1";"59.";"7.";"221.43";"78.88";"190.74"
"2020";"8";"18";"2";"17";"5514";"224.";"2.5";"24.3";"62.";"6.";"123.22";"119.59";"92.40"
"2020";"8";"18";"2";"18";"5515";"220.";"3.2";"22.5";"74.";"8.";"2.42";"0.00";"2.42"
"2020";"8";"18";"2";"19";"5516";"191.";"2.4";"21.2";"82.";"8.";"0.00";"0.00";"0.00"
"2020";"8";"18";"2";"20";"5517";"170.";"1.8";"20.0";"91.";"4.";"0.00";"0.00";"0.00"
"2020";"8";"18";"2";"21";"5518";"133.";"1.2";"19.0";"92.";"8.";"0.00";"0.00";"0.00"
"2020";"8";"18";"2";"22";"5519";"146.";"1.2";"18.5";"91.";"8.";"0.00";"0.00";"0.00"
"2020";"8";"18";"2";"23";"5520";"153.";"0.8";"18.0";"91.";"6.";"0.00";"0.00";"0.00"
"2020";"8";"19";"3";"0";"5521";"246.";"0.2";"17.7";"92.";"3.";"0.00";"0.00";"0.00"
"2020";"8";"19";"3";"1";"5522";"342.";"0.6";"17.6";"91.";"8.";"0.00";"0.00";"0.00"
"2020";"8";"19";"3";"2";"5523";"336.";"0.6";"17.4";"91.";"6.";"0.00";"0.00";"0.00"
"2020";"8";"19";"3";"3";"5524";"338.";"0.5";"17.4";"91.";"6.";"0.00";"0.00";"0.00"
"2020";"8";"19";"3";"4";"5525";"289.";"0.3";"17.3";"91.";"6.";"0.00";"0.00";"0.00"
"2020";"8";"19";"3";"5";"5526";"282.";"0.7";"18.1";"91.";"7.";"5.11";"3.84";"4.66"
"2020";"8";"19";"3";"6";"5527";"295.";"1.1";"19.3";"90.";"6.";"75.44";"77.74";"55.78"
"2020";"8";"19";"3";"7";"5528";"272.";"1.1";"20.8";"84.";"8.";"93.92";"0.00";"93.92"
"2020";"8";"19";"3";"8";"5529";"275.";"1.5";"20.7";"80.";"7.";"181.90";"68.34";"147.57"
"2020";"8";"19";"3";"9";"5530";"279.";"0.9";"20.0";"83.";"8.";"107.17";"0.00";"107.17"
"2020";"8";"19";"3";"10";"5531";"252.";"1.1";"20.2";"83.";"6.";"228.82";"107.43";"157.17"
"2020";"8";"19";"3";"11";"5532";"249.";"1.7";"22.3";"75.";"8.";"215.28";"0.00";"215.28"
"2020";"8";"19";"3";"12";"5533";"248.";"2.5";"22.6";"71.";"7.";"477.79";"97.95";"409.01"
"2020";"8";"19";"3";"13";"5534";"236.";"2.0";"22.2";"73.";"6.";"336.21";"183.75";"213.67"
"2020";"8";"19";"3";"14";"5535";"234.";"1.8";"21.8";"75.";"8.";"179.51";"0.00";"179.51"
"2020";"8";"19";"3";"15";"5536";"224.";"1.7";"22.8";"70.";"1.";"450.48";"647.52";"125.13"
"2020";"8";"19";"3";"16";"5537";"218.";"1.7";"23.1";"69.";"8.";"197.49";"0.00";"197.49"
"2020";"8";"19";"3";"17";"5538";"216.";"1.7";"22.0";"71.";"3.";"132.78";"185.71";"85.82"
"2020";"8";"19";"3";"18";"5539";"211.";"1.9";"21.0";"75.";"5.";"6.89";"17.89";"4.80"
"2020";"8";"19";"3";"19";"5540";"206.";"1.3";"19.1";"84.";"3.";"0.00";"0.00";"0.00"
"2020";"8";"19";"3";"20";"5541";"205.";"1.1";"17.7";"89.";"0.";"0.00";"0.00";"0.00"
"2020";"8";"19";"3";"21";"5542";"163.";"0.9";"16.9";"89.";"3.";"0.00";"0.00";"0.00"
"2020";"8";"19";"3";"22";"5543";"147.";"1.3";"16.5";"90.";"4.";"0.00";"0.00";"0.00"
"2020";"8";"19";"3";"23";"5544";"157.";"1.3";"16.6";"90.";"5.";"0.00";"0.00";"0.00"
"2020";"8";"20";"4";"0";"5545";"130.";"1.7";"16.5";"91.";"4.";"0.00";"0.00";"0.00"
"2020";"8";"20";"4";"1";"5546";"123.";"2.5";"16.6";"92.";"2.";"0.00";"0.00";"0.00"
"2020";"8";"20";"4";"2";"5547";"120.";"2.7";"16.4";"93.";"5.";"0.00";"0.00";"0.00"
"2020";"8";"20";"4";"3";"5548";"120.";"3.0";"16.5";"93.";"8.";"0.00";"0.00";"0.00"
"2020";"8";"20";"4";"4";"5549";"116.";"3.3";"16.7";"93.";"7.";"0.00";"0.00";"0.00"
"2020";"8";"20";"4";"5";"5550";"121.";"3.7";"16.9";"94.";"0.";"5.84";"25.45";"2.99"
"2020";"8";"20";"4";"6";"5551";"128.";"2.6";"18.7";"89.";"5.";"120.11";"157.90";"80.94"
"2020";"8";"20";"4";"7";"5552";"138.";"2.8";"20.5";"81.";"7.";"225.05";"77.05";"195.78"
"2020";"8";"20";"4";"8";"5553";"154.";"2.9";"21.5";"75.";"0.";"466.95";"746.46";"95.25"
"2020";"8";"20";"4";"9";"5554";"161.";"3.3";"21.8";"73.";"7.";"396.66";"101.84";"336.12"
"2020";"8";"20";"4";"10";"5555";"163.";"4.1";"22.2";"72.";"8.";"430.02";"0.00";"430.02"
"2020";"8";"20";"4";"11";"5556";"165.";"4.3";"22.6";"67.";"6.";"543.08";"208.78";"397.37"
"2020";"8";"20";"4";"12";"5557";"168.";"4.6";"23.5";"61.";"8.";"481.37";"0.00";"481.37"
"2020";"8";"20";"4";"13";"5558";"166.";"4.7";"23.4";"62.";"8.";"451.30";"0.00";"451.30"
"2020";"8";"20";"4";"14";"5559";"172.";"5.4";"23.0";"67.";"8.";"367.00";"0.00";"367.00"
"2020";"8";"20";"4";"15";"5560";"185.";"4.2";"22.0";"74.";"8.";"283.65";"0.00";"283.65"
"2020";"8";"20";"4";"16";"5561";"194.";"4.5";"19.9";"82.";"8.";"53.43";"0.00";"53.43"
"2020";"8";"20";"4";"17";"5562";"175.";"3.2";"19.4";"85.";"8.";"28.20";"0.00";"28.20"
"2020";"8";"20";"4";"18";"5563";"144.";"2.5";"18.2";"90.";"8.";"0.53";"0.00";"0.53"
"2020";"8";"20";"4";"19";"5564";"120.";"3.4";"17.5";"93.";"8.";"0.00";"0.00";"0.00"
"2020";"8";"20";"4";"20";"5565";"124.";"4.5";"17.2";"92.";"8.";"0.00";"0.00";"0.00"
"2020";"8";"20";"4";"21";"5566";"137.";"5.8";"17.1";"92.";"7.";"0.00";"0.00";"0.00"
"2020";"8";"20";"4";"22";"5567";"136.";"5.6";"17.1";"92.";"8.";"0.00";"0.00";"0.00"
"2020";"8";"20";"4";"23";"5568";"124.";"6.3";"17.1";"93.";"8.";"0.00";"0.00";"0.00"
"2020";"8";"21";"5";"0";"5569";"128.";"4.5";"17.3";"94.";"8.";"0.00";"0.00";"0.00"
"2020";"8";"21";"5";"1";"5570";"125.";"3.6";"17.4";"94.";"8.";"0.00";"0.00";"0.00"
"2020";"8";"21";"5";"2";"5571";"126.";"2.9";"17.5";"94.";"7.";"0.00";"0.00";"0.00"
"2020";"8";"21";"5";"3";"5572";"117.";"3.6";"17.6";"95.";"8.";"0.00";"0.00";"0.00"
"2020";"8";"21";"5";"4";"5573";"126.";"3.1";"17.8";"95.";"8.";"0.00";"0.00";"0.00"
"2020";"8";"21";"5";"5";"5574";"124.";"3.2";"18.2";"95.";"6.";"0.00";"0.00";"0.00"
"2020";"8";"21";"5";"6";"5575";"130.";"3.2";"19.0";"93.";"8.";"40.03";"0.00";"40.03"
"2020";"8";"21";"5";"7";"5576";"130.";"3.6";"19.7";"88.";"8.";"89.67";"0.00";"89.67"
"2020";"8";"21";"5";"8";"5577";"142.";"5.2";"20.8";"80.";"8.";"134.42";"0.00";"134.42"
"2020";"8";"21";"5";"9";"5578";"132.";"4.4";"20.8";"81.";"8.";"381.50";"0.00";"381.50"
"2020";"8";"21";"5";"10";"5579";"149.";"3.9";"20.4";"86.";"8.";"406.55";"0.00";"406.55"
"2020";"8";"21";"5";"11";"5580";"145.";"4.9";"19.6";"86.";"8.";"121.20";"0.00";"121.20"
"2020";"8";"21";"5";"12";"5581";"141.";"5.0";"19.5";"85.";"8.";"255.82";"0.00";"255.82"
"2020";"8";"21";"5";"13";"5582";"139.";"5.8";"19.4";"87.";"7.";"264.60";"42.15";"236.86"
"2020";"8";"21";"5";"14";"5583";"148.";"7.0";"20.6";"84.";"8.";"104.77";"0.00";"104.77"
"2020";"8";"21";"5";"15";"5584";"170.";"8.3";"22.1";"79.";"8.";"140.74";"0.00";"140.74"
"2020";"8";"21";"5";"16";"5585";"179.";"8.3";"22.6";"78.";"5.";"182.69";"223.85";"98.72"
"2020";"8";"21";"5";"17";"5586";"181.";"7.8";"22.4";"78.";"0.";"145.30";"435.53";"39.39"
"2020";"8";"21";"5";"18";"5587";"192.";"6.7";"21.8";"82.";"7.";"0.00";"0.00";"0.00"
"2020";"8";"21";"5";"19";"5588";"202.";"5.4";"21.4";"83.";"4.";"0.00";"0.00";"0.00"
"2020";"8";"21";"5";"20";"5589";"197.";"3.6";"20.6";"86.";"4.";"0.00";"0.00";"0.00"
"2020";"8";"21";"5";"21";"5590";"202.";"4.6";"19.9";"85.";"3.";"0.00";"0.00";"0.00"
"2020";"8";"21";"5";"22";"5591";"204.";"4.7";"20.1";"83.";"2.";"0.00";"0.00";"0.00"
"2020";"8";"21";"5";"23";"5592";"190.";"4.8";"19.9";"81.";"0.";"0.00";"0.00";"0.00"
"2020";"8";"22";"6";"0";"5593";"204.";"4.8";"19.4";"82.";"3.";"0.00";"0.00";"0.00"
"2020";"8";"22";"6";"1";"5594";"202.";"5.1";"18.9";"82.";"0.";"0.00";"0.00";"0.00"
"2020";"8";"22";"6";"2";"5595";"204.";"5.5";"18.7";"81.";"1.";"0.00";"0.00";"0.00"
"2020";"8";"22";"6";"3";"5596";"205.";"5.7";"18.9";"80.";"0.";"0.00";"0.00";"0.00"
"2020";"8";"22";"6";"4";"5597";"209.";"5.8";"19.0";"79.";"2.";"0.00";"0.00";"0.00"
"2020";"8";"22";"6";"5";"5598";"212.";"6.1";"19.3";"78.";"2.";"0.00";"0.00";"0.00"
"2020";"8";"22";"6";"6";"5599";"213.";"6.9";"19.9";"77.";"1.";"132.34";"299.85";"60.91"
"2020";"8";"22";"6";"7";"5600";"218.";"7.2";"20.0";"78.";"2.";"249.95";"357.53";"117.56"
"2020";"8";"22";"6";"8";"5601";"214.";"6.9";"20.4";"76.";"6.";"217.76";"131.46";"153.51"
"2020";"8";"22";"6";"9";"5602";"215.";"7.4";"20.5";"71.";"2.";"462.14";"420.60";"215.90"
"2020";"8";"22";"6";"10";"5603";"208.";"7.6";"21.1";"70.";"8.";"389.18";"0.00";"389.18"
"2020";"8";"22";"6";"11";"5604";"207.";"8.0";"21.4";"67.";"3.";"521.24";"401.62";"244.44"
"2020";"8";"22";"6";"12";"5605";"220.";"7.8";"21.8";"65.";"7.";"460.10";"86.16";"400.71"
"2020";"8";"22";"6";"13";"5606";"215.";"7.2";"21.8";"63.";"7.";"263.57";"83.48";"208.98"
"2020";"8";"22";"6";"14";"5607";"210.";"6.6";"22.2";"63.";"2.";"478.42";"495.85";"188.13"
"2020";"8";"22";"6";"15";"5608";"218.";"7.5";"19.7";"68.";"6.";"140.58";"50.62";"115.84"
"2020";"8";"22";"6";"16";"5609";"227.";"7.6";"19.3";"73.";"8.";"55.23";"0.00";"55.23"
"2020";"8";"22";"6";"17";"5610";"242.";"6.5";"19.2";"74.";"8.";"27.48";"0.00";"27.48"
"2020";"8";"22";"6";"18";"5611";"236.";"6.3";"18.0";"77.";"3.";"3.00";"13.19";"1.66"
"2020";"8";"22";"6";"19";"5612";"246.";"6.2";"17.7";"73.";"6.";"0.00";"0.00";"0.00"
"2020";"8";"22";"6";"20";"5613";"238.";"5.1";"17.8";"72.";"0.";"0.00";"0.00";"0.00"
"2020";"8";"22";"6";"21";"5614";"235.";"6.1";"17.6";"74.";"8.";"0.00";"0.00";"0.00"
"2020";"8";"22";"6";"22";"5615";"231.";"5.7";"17.4";"76.";"7.";"0.00";"0.00";"0.00"
"2020";"8";"22";"6";"23";"5616";"230.";"5.9";"17.3";"80.";"5.";"0.00";"0.00";"0.00"
"2020";"8";"23";"7";"0";"5617";"230.";"6.5";"17.3";"77.";"8.";"0.00";"0.00";"0.00"
"2020";"8";"23";"7";"1";"5618";"230.";"6.2";"16.8";"80.";"8.";"0.00";"0.00";"0.00"
"2020";"8";"23";"7";"2";"5619";"231.";"6.6";"16.5";"79.";"6.";"0.00";"0.00";"0.00"
"2020";"8";"23";"7";"3";"5620";"234.";"5.6";"16.5";"81.";"4.";"0.00";"0.00";"0.00"
"2020";"8";"23";"7";"4";"5621";"234.";"5.6";"16.5";"81.";"5.";"0.00";"0.00";"0.00"
"2020";"8";"23";"7";"5";"5622";"231.";"5.3";"16.8";"79.";"5.";"1.99";"4.90";"1.51"
"2020";"8";"23";"7";"6";"5623";"236.";"5.5";"17.2";"76.";"7.";"102.58";"53.14";"90.18"
"2020";"8";"23";"7";"7";"5624";"238.";"5.4";"17.8";"75.";"6.";"157.90";"150.14";"103.03"
"2020";"8";"23";"7";"8";"5625";"246.";"5.5";"18.3";"73.";"4.";"311.76";"335.97";"149.13"
"2020";"8";"23";"7";"9";"5626";"239.";"5.9";"18.6";"69.";"5.";"448.43";"290.60";"279.62"
"2020";"8";"23";"7";"10";"5627";"241.";"5.4";"19.3";"66.";"4.";"459.48";"405.80";"195.98"
"2020";"8";"23";"7";"11";"5628";"241.";"5.7";"19.7";"63.";"5.";"425.33";"300.01";"219.89"
"2020";"8";"23";"7";"12";"5629";"245.";"6.2";"19.6";"63.";"8.";"220.19";"0.00";"220.19"
"2020";"8";"23";"7";"13";"5630";"248.";"5.6";"17.3";"79.";"8.";"115.31";"0.00";"115.31"
"2020";"8";"23";"7";"14";"5631";"270.";"6.5";"18.5";"72.";"4.";"325.35";"321.07";"138.85"
"2020";"8";"23";"7";"15";"5632";"263.";"6.8";"18.2";"68.";"8.";"138.69";"0.00";"138.69"
"2020";"8";"23";"7";"16";"5633";"267.";"7.3";"18.5";"65.";"6.";"160.92";"155.17";"104.21"
"2020";"8";"23";"7";"17";"5634";"267.";"6.6";"17.9";"67.";"7.";"64.95";"56.72";"51.72"
"2020";"8";"23";"7";"18";"5635";"264.";"6.8";"17.3";"68.";"5.";"5.77";"21.29";"3.72"
"2020";"8";"23";"7";"19";"5636";"258.";"6.7";"16.6";"68.";"0.";"0.00";"0.00";"0.00"
"2020";"8";"23";"7";"20";"5637";"260.";"7.1";"16.3";"70.";"2.";"0.00";"0.00";"0.00"
"2020";"8";"23";"7";"21";"5638";"253.";"6.8";"15.8";"71.";"1.";"0.00";"0.00";"0.00"
"2020";"8";"23";"7";"22";"5639";"252.";"6.6";"15.8";"72.";"3.";"0.00";"0.00";"0.00"
"2020";"8";"23";"7";"23";"5640";"253.";"6.6";"15.8";"76.";"4.";"0.00";"0.00";"0.00"
"2020";"8";"24";"1";"0";"5641";"270.";"5.9";"15.8";"75.";"7.";"0.00";"0.00";"0.00"
"2020";"8";"24";"1";"1";"5642";"277.";"5.8";"15.8";"72.";"2.";"0.00";"0.00";"0.00"
"2020";"8";"24";"1";"2";"5643";"282.";"5.8";"15.3";"69.";"4.";"0.00";"0.00";"0.00"
"2020";"8";"24";"1";"3";"5644";"276.";"5.5";"14.9";"67.";"3.";"0.00";"0.00";"0.00"
"2020";"8";"24";"1";"4";"5645";"280.";"5.1";"14.6";"65.";"5.";"0.00";"0.00";"0.00"
"2020";"8";"24";"1";"5";"5646";"284.";"4.6";"14.7";"64.";"4.";"12.94";"46.68";"8.69"
"2020";"8";"24";"1";"6";"5647";"282.";"5.0";"15.3";"59.";"4.";"113.92";"243.77";"58.30"
"2020";"8";"24";"1";"7";"5648";"276.";"4.9";"15.9";"56.";"4.";"224.83";"336.12";"103.64"
"2020";"8";"24";"1";"8";"5649";"271.";"4.6";"16.1";"53.";"7.";"322.17";"101.46";"273.54"
"2020";"8";"24";"1";"9";"5650";"270.";"4.7";"16.1";"51.";"7.";"241.78";"96.21";"186.34"
"2020";"8";"24";"1";"10";"5651";"269.";"4.7";"16.6";"50.";"8.";"210.16";"0.00";"210.16"
"2020";"8";"24";"1";"11";"5652";"273.";"5.0";"17.0";"49.";"6.";"543.61";"213.42";"398.43"
"2020";"8";"24";"1";"12";"5653";"272.";"6.2";"16.9";"49.";"1.";"700.03";"833.81";"132.82"
"2020";"8";"24";"1";"13";"5654";"271.";"4.9";"17.4";"49.";"1.";"644.73";"708.28";"188.05"
"2020";"8";"24";"1";"14";"5655";"272.";"5.2";"17.5";"49.";"0.";"593.38";"814.05";"124.31"
"2020";"8";"24";"1";"15";"5656";"275.";"4.8";"17.0";"51.";"4.";"388.49";"382.48";"205.17"
"2020";"8";"24";"1";"16";"5657";"274.";"4.7";"16.8";"53.";"2.";"299.35";"519.21";"112.14"
"2020";"8";"24";"1";"17";"5658";"273.";"4.8";"15.9";"55.";"5.";"102.50";"207.87";"55.07"
"2020";"8";"24";"1";"18";"5659";"273.";"4.7";"15.1";"60.";"6.";"9.11";"29.74";"6.40"
"2020";"8";"24";"1";"19";"5660";"262.";"4.1";"14.7";"64.";"4.";"0.00";"0.00";"0.00"
"2020";"8";"24";"1";"20";"5661";"257.";"4.5";"14.4";"67.";"2.";"0.00";"0.00";"0.00"
"2020";"8";"24";"1";"21";"5662";"260.";"4.3";"14.3";"67.";"3.";"0.00";"0.00";"0.00"
"2020";"8";"24";"1";"22";"5663";"261.";"4.1";"14.2";"69.";"4.";"0.00";"0.00";"0.00"
"2020";"8";"24";"1";"23";"5664";"261.";"4.0";"14.1";"71.";"2.";"0.00";"0.00";"0.00"
"2020";"8";"25";"2";"0";"5665";"266.";"3.9";"13.5";"72.";"1.";"0.00";"0.00";"0.00"
"2020";"8";"25";"2";"1";"5666";"268.";"3.7";"13.4";"74.";"2.";"0.00";"0.00";"0.00"
"2020";"8";"25";"2";"2";"5667";"279.";"3.5";"13.4";"72.";"4.";"0.00";"0.00";"0.00"
"2020";"8";"25";"2";"3";"5668";"272.";"3.4";"13.4";"71.";"4.";"0.00";"0.00";"0.00"
"2020";"8";"25";"2";"4";"5669";"277.";"3.4";"13.1";"69.";"3.";"0.00";"0.00";"0.00"
"2020";"8";"25";"2";"5";"5670";"285.";"3.4";"13.3";"67.";"4.";"8.97";"43.02";"5.29"
"2020";"8";"25";"2";"6";"5671";"288.";"4.7";"14.7";"60.";"4.";"113.25";"274.17";"52.10"
"2020";"8";"25";"2";"7";"5672";"287.";"4.3";"15.2";"56.";"3.";"251.56";"445.03";"93.30"
"2020";"8";"25";"2";"8";"5673";"283.";"3.3";"15.9";"54.";"4.";"325.44";"399.01";"136.13"
"2020";"8";"25";"2";"9";"5674";"271.";"3.0";"16.1";"53.";"3.";"453.04";"498.67";"168.04"
"2020";"8";"25";"2";"10";"5675";"278.";"3.4";"16.9";"52.";"2.";"577.66";"654.28";"158.83"
"2020";"8";"25";"2";"11";"5676";"280.";"3.9";"17.3";"52.";"1.";"600.70";"451.31";"295.77"
"2020";"8";"25";"2";"12";"5677";"272.";"4.0";"17.3";"51.";"1.";"667.77";"761.16";"153.48"
"2020";"8";"25";"2";"13";"5678";"268.";"3.6";"17.8";"50.";"0.";"675.19";"859.52";"124.98"
"2020";"8";"25";"2";"14";"5679";"260.";"3.4";"17.8";"50.";"4.";"398.29";"375.26";"183.82"
"2020";"8";"25";"2";"15";"5680";"275.";"2.5";"17.8";"48.";"5.";"269.56";"231.66";"159.65"
"2020";"8";"25";"2";"16";"5681";"271.";"1.9";"17.2";"51.";"3.";"262.91";"317.40";"150.04"
"2020";"8";"25";"2";"17";"5682";"245.";"1.3";"16.2";"55.";"4.";"137.68";"270.79";"77.29"
"2020";"8";"25";"2";"18";"5683";"185.";"1.5";"15.1";"62.";"8.";"7.75";"0.00";"7.75"
"2020";"8";"25";"2";"19";"5684";"163.";"2.2";"14.2";"64.";"8.";"0.00";"0.00";"0.00"
"2020";"8";"25";"2";"20";"5685";"161.";"2.2";"13.8";"63.";"8.";"0.00";"0.00";"0.00"
"2020";"8";"25";"2";"21";"5686";"141.";"2.3";"13.7";"68.";"6.";"0.00";"0.00";"0.00"
"2020";"8";"25";"2";"22";"5687";"132.";"3.0";"13.7";"68.";"8.";"0.00";"0.00";"0.00"
"2020";"8";"25";"2";"23";"5688";"114.";"3.4";"13.5";"67.";"8.";"0.00";"0.00";"0.00"
"2020";"8";"26";"3";"0";"5689";"111.";"4.0";"13.0";"68.";"8.";"0.00";"0.00";"0.00"
"2020";"8";"26";"3";"1";"5690";"110.";"4.1";"12.7";"70.";"7.";"0.00";"0.00";"0.00"
"2020";"8";"26";"3";"2";"5691";"112.";"4.0";"12.7";"70.";"8.";"0.00";"0.00";"0.00"
"2020";"8";"26";"3";"3";"5692";"109.";"4.7";"12.3";"76.";"8.";"0.00";"0.00";"0.00"
"2020";"8";"26";"3";"4";"5693";"99.";"4.8";"11.5";"87.";"8.";"0.00";"0.00";"0.00"
"2020";"8";"26";"3";"5";"5694";"92.";"4.5";"11.5";"92.";"8.";"0.00";"0.00";"0.00"
"2020";"8";"26";"3";"6";"5695";"88.";"4.9";"11.8";"91.";"8.";"24.03";"0.00";"24.03"
"2020";"8";"26";"3";"7";"5696";"87.";"5.1";"12.2";"90.";"8.";"55.97";"0.00";"55.97"
"2020";"8";"26";"3";"8";"5697";"86.";"4.8";"12.9";"90.";"8.";"140.77";"0.00";"140.77"
"2020";"8";"26";"3";"9";"5698";"89.";"5.1";"13.8";"85.";"8.";"178.91";"0.00";"178.91"
"2020";"8";"26";"3";"10";"5699";"84.";"4.8";"14.3";"82.";"8.";"210.42";"0.00";"210.42"
"2020";"8";"26";"3";"11";"5700";"78.";"4.8";"15.1";"79.";"8.";"219.65";"0.00";"219.65"
"2020";"8";"26";"3";"12";"5701";"70.";"5.5";"15.8";"76.";"8.";"224.36";"0.00";"224.36"
"2020";"8";"26";"3";"13";"5702";"64.";"5.4";"15.8";"75.";"8.";"205.52";"0.00";"205.52"
"2020";"8";"26";"3";"14";"5703";"61.";"5.2";"15.6";"75.";"8.";"183.00";"0.00";"183.00"
"2020";"8";"26";"3";"15";"5704";"64.";"5.1";"15.4";"77.";"8.";"140.85";"0.00";"140.85"
"2020";"8";"26";"3";"16";"5705";"62.";"5.3";"14.9";"77.";"8.";"94.89";"0.00";"94.89"
"2020";"8";"26";"3";"17";"5706";"56.";"5.1";"14.3";"76.";"8.";"45.88";"0.00";"45.88"
"2020";"8";"26";"3";"18";"5707";"57.";"4.4";"14.0";"76.";"8.";"0.00";"0.00";"0.00"
"2020";"8";"26";"3";"19";"5708";"51.";"3.8";"13.8";"76.";"8.";"0.00";"0.00";"0.00"
"2020";"8";"26";"3";"20";"5709";"51.";"3.3";"13.9";"75.";"8.";"0.00";"0.00";"0.00"
"2020";"8";"26";"3";"21";"5710";"51.";"3.1";"13.8";"76.";"8.";"0.00";"0.00";"0.00"
"2020";"8";"26";"3";"22";"5711";"39.";"2.6";"13.8";"78.";"8.";"0.00";"0.00";"0.00"
"2020";"8";"26";"3";"23";"5712";"27.";"2.5";"13.6";"80.";"8.";"0.00";"0.00";"0.00"
"2020";"8";"27";"4";"0";"5713";"16.";"2.4";"13.4";"81.";"8.";"0.00";"0.00";"0.00"
"2020";"8";"27";"4";"1";"5714";"6.";"2.2";"13.3";"83.";"8.";"0.00";"0.00";"0.00"
"2020";"8";"27";"4";"2";"5715";"7.";"1.9";"13.1";"87.";"8.";"0.00";"0.00";"0.00"
"2020";"8";"27";"4";"3";"5716";"6.";"1.5";"12.9";"87.";"8.";"0.00";"0.00";"0.00"
"2020";"8";"27";"4";"4";"5717";"17.";"1.5";"13.0";"87.";"8.";"0.00";"0.00";"0.00"
"2020";"8";"27";"4";"5";"5718";"359.";"1.6";"13.2";"88.";"8.";"0.00";"0.00";"0.00"
"2020";"8";"27";"4";"6";"5719";"8.";"1.7";"13.8";"86.";"8.";"42.58";"0.00";"42.58"
"2020";"8";"27";"4";"7";"5720";"23.";"1.9";"15.0";"81.";"8.";"91.57";"0.00";"91.57"
"2020";"8";"27";"4";"8";"5721";"4.";"1.4";"16.3";"75.";"8.";"137.80";"0.00";"137.80"
"2020";"8";"27";"4";"9";"5722";"21.";"1.2";"17.5";"64.";"8.";"355.61";"0.00";"355.61"
"2020";"8";"27";"4";"10";"5723";"12.";"0.6";"19.2";"51.";"7.";"445.09";"107.88";"377.05"
"2020";"8";"27";"4";"11";"5724";"290.";"0.2";"20.0";"42.";"7.";"507.81";"111.47";"433.54"
"2020";"8";"27";"4";"12";"5725";"280.";"1.5";"19.1";"49.";"8.";"466.70";"0.00";"466.70"
"2020";"8";"27";"4";"13";"5726";"271.";"2.0";"18.9";"55.";"8.";"425.82";"0.00";"425.82"
"2020";"8";"27";"4";"14";"5727";"275.";"2.6";"19.1";"53.";"8.";"380.57";"0.00";"380.57"
"2020";"8";"27";"4";"15";"5728";"278.";"2.5";"19.7";"48.";"8.";"298.18";"0.00";"298.18"
"2020";"8";"27";"4";"16";"5729";"280.";"2.7";"19.3";"48.";"7.";"207.50";"64.42";"185.24"
"2020";"8";"27";"4";"17";"5730";"279.";"2.5";"18.0";"53.";"8.";"98.75";"0.00";"98.75"
"2020";"8";"27";"4";"18";"5731";"278.";"1.8";"16.2";"63.";"4.";"0.00";"0.00";"0.00"
"2020";"8";"27";"4";"19";"5732";"257.";"1.0";"14.0";"77.";"8.";"0.00";"0.00";"0.00"
"2020";"8";"27";"4";"20";"5733";"331.";"0.2";"12.5";"83.";"6.";"0.00";"0.00";"0.00"
"2020";"8";"27";"4";"21";"5734";"130.";"0.8";"11.6";"86.";"0.";"0.00";"0.00";"0.00"
"2020";"8";"27";"4";"22";"5735";"103.";"2.0";"10.7";"88.";"0.";"0.00";"0.00";"0.00"
"2020";"8";"27";"4";"23";"5736";"104.";"1.6";"10.1";"90.";"0.";"0.00";"0.00";"0.00"
"2020";"8";"28";"5";"0";"5737";"96.";"1.8";"9.6";"92.";"8.";"0.00";"0.00";"0.00"
"2020";"8";"28";"5";"1";"5738";"78.";"2.0";"9.1";"92.";"0.";"0.00";"0.00";"0.00"
"2020";"8";"28";"5";"2";"5739";"79.";"1.8";"8.7";"92.";"0.";"0.00";"0.00";"0.00"
"2020";"8";"28";"5";"3";"5740";"90.";"1.4";"8.6";"93.";"1.";"0.00";"0.00";"0.00"
"2020";"8";"28";"5";"4";"5741";"87.";"1.8";"8.7";"94.";"2.";"0.00";"0.00";"0.00"
"2020";"8";"28";"5";"5";"5742";"92.";"2.0";"9.8";"93.";"5.";"0.00";"0.00";"0.00"
"2020";"8";"28";"5";"6";"5743";"104.";"2.2";"11.6";"88.";"3.";"119.53";"299.96";"57.33"
"2020";"8";"28";"5";"7";"5744";"109.";"2.2";"13.5";"79.";"8.";"182.52";"0.00";"182.52"
"2020";"8";"28";"5";"8";"5745";"111.";"2.2";"15.4";"69.";"7.";"296.54";"91.25";"254.60"
"2020";"8";"28";"5";"9";"5746";"125.";"2.6";"16.8";"64.";"8.";"330.64";"0.00";"330.64"
"2020";"8";"28";"5";"10";"5747";"125.";"3.3";"17.1";"64.";"8.";"377.60";"0.00";"377.60"
"2020";"8";"28";"5";"11";"5748";"115.";"4.2";"17.3";"60.";"8.";"423.38";"0.00";"423.38"
"2020";"8";"28";"5";"12";"5749";"114.";"4.1";"18.2";"59.";"8.";"209.04";"0.00";"209.04"
"2020";"8";"28";"5";"13";"5750";"117.";"3.6";"17.6";"58.";"8.";"202.30";"0.00";"202.30"
"2020";"8";"28";"5";"14";"5751";"105.";"4.8";"16.8";"64.";"8.";"102.73";"0.00";"102.73"
"2020";"8";"28";"5";"15";"5752";"98.";"4.4";"15.4";"78.";"8.";"78.62";"0.00";"78.62"
"2020";"8";"28";"5";"16";"5753";"92.";"4.0";"15.2";"80.";"8.";"51.90";"0.00";"51.90"
"2020";"8";"28";"5";"17";"5754";"95.";"4.7";"14.9";"81.";"8.";"41.43";"0.00";"41.43"
"2020";"8";"28";"5";"18";"5755";"88.";"4.2";"14.3";"84.";"8.";"0.00";"0.00";"0.00"
"2020";"8";"28";"5";"19";"5756";"87.";"3.8";"13.9";"86.";"8.";"0.00";"0.00";"0.00"
"2020";"8";"28";"5";"20";"5757";"88.";"3.7";"13.4";"88.";"8.";"0.00";"0.00";"0.00"
"2020";"8";"28";"5";"21";"5758";"86.";"3.6";"13.0";"90.";"8.";"0.00";"0.00";"0.00"
"2020";"8";"28";"5";"22";"5759";"88.";"3.6";"12.8";"91.";"8.";"0.00";"0.00";"0.00"
"2020";"8";"28";"5";"23";"5760";"83.";"3.3";"12.7";"90.";"8.";"0.00";"0.00";"0.00"
"2020";"8";"29";"6";"0";"5761";"76.";"3.5";"12.7";"88.";"8.";"0.00";"0.00";"0.00"
"2020";"8";"29";"6";"1";"5762";"73.";"3.6";"12.6";"87.";"6.";"0.00";"0.00";"0.00"
"2020";"8";"29";"6";"2";"5763";"64.";"2.9";"12.2";"88.";"8.";"0.00";"0.00";"0.00"
"2020";"8";"29";"6";"3";"5764";"66.";"3.1";"11.8";"88.";"8.";"0.00";"0.00";"0.00"
"2020";"8";"29";"6";"4";"5765";"67.";"3.7";"12.0";"88.";"8.";"0.00";"0.00";"0.00"
"2020";"8";"29";"6";"5";"5766";"69.";"3.2";"12.3";"88.";"8.";"0.00";"0.00";"0.00"
"2020";"8";"29";"6";"6";"5767";"56.";"3.9";"13.1";"89.";"8.";"38.91";"0.00";"38.91"
"2020";"8";"29";"6";"7";"5768";"60.";"4.5";"13.8";"85.";"8.";"88.83";"0.00";"88.83"
"2020";"8";"29";"6";"8";"5769";"61.";"4.7";"13.7";"88.";"8.";"125.45";"0.00";"125.45"
"2020";"8";"29";"6";"9";"5770";"66.";"4.5";"14.6";"87.";"8.";"167.08";"0.00";"167.08"
"2020";"8";"29";"6";"10";"5771";"58.";"3.8";"15.7";"84.";"8.";"195.04";"0.00";"195.04"
"2020";"8";"29";"6";"11";"5772";"58.";"4.2";"16.3";"80.";"8.";"211.20";"0.00";"211.20"
"2020";"8";"29";"6";"12";"5773";"57.";"4.0";"16.7";"79.";"8.";"208.29";"0.00";"208.29"
"2020";"8";"29";"6";"13";"5774";"53.";"3.6";"16.7";"80.";"8.";"195.00";"0.00";"195.00"
"2020";"8";"29";"6";"14";"5775";"53.";"3.6";"16.4";"80.";"8.";"168.88";"0.00";"168.88"
"2020";"8";"29";"6";"15";"5776";"58.";"3.5";"16.5";"73.";"8.";"134.55";"0.00";"134.55"
"2020";"8";"29";"6";"16";"5777";"55.";"2.9";"15.9";"74.";"8.";"91.30";"0.00";"91.30"
"2020";"8";"29";"6";"17";"5778";"57.";"3.5";"15.4";"74.";"8.";"40.36";"0.00";"40.36"
"2020";"8";"29";"6";"18";"5779";"29.";"3.0";"14.3";"79.";"6.";"0.00";"0.00";"0.00"
"2020";"8";"29";"6";"19";"5780";"9.";"2.2";"12.8";"86.";"6.";"0.00";"0.00";"0.00"
"2020";"8";"29";"6";"20";"5781";"1.";"2.2";"11.9";"90.";"5.";"0.00";"0.00";"0.00"
"2020";"8";"29";"6";"21";"5782";"350.";"1.2";"11.3";"91.";"6.";"0.00";"0.00";"0.00"
"2020";"8";"29";"6";"22";"5783";"5.";"1.5";"10.8";"91.";"4.";"0.00";"0.00";"0.00"
"2020";"8";"29";"6";"23";"5784";"20.";"1.6";"10.7";"92.";"4.";"0.00";"0.00";"0.00"
"2020";"8";"30";"7";"0";"5785";"10.";"1.2";"10.5";"93.";"1.";"0.00";"0.00";"0.00"
"2020";"8";"30";"7";"1";"5786";"21.";"1.2";"9.8";"94.";"1.";"0.00";"0.00";"0.00"
"2020";"8";"30";"7";"2";"5787";"29.";"0.9";"9.2";"95.";"2.";"0.00";"0.00";"0.00"
"2020";"8";"30";"7";"3";"5788";"29.";"1.2";"9.1";"95.";"0.";"0.00";"0.00";"0.00"
"2020";"8";"30";"7";"4";"5789";"50.";"1.1";"8.6";"96.";"0.";"0.00";"0.00";"0.00"
"2020";"8";"30";"7";"5";"5790";"66.";"1.7";"9.1";"96.";"0.";"0.00";"0.00";"0.00"
"2020";"8";"30";"7";"6";"5791";"81.";"1.2";"10.6";"93.";"0.";"121.12";"380.19";"46.36"
"2020";"8";"30";"7";"7";"5792";"101.";"1.2";"12.5";"92.";"4.";"193.18";"318.29";"88.16"
"2020";"8";"30";"7";"8";"5793";"132.";"1.1";"14.5";"87.";"7.";"175.76";"95.66";"132.76"
"2020";"8";"30";"7";"9";"5794";"116.";"1.0";"15.5";"80.";"6.";"281.36";"210.60";"166.16"
"2020";"8";"30";"7";"10";"5795";"189.";"0.7";"17.4";"71.";"5.";"507.55";"314.61";"313.74"
"2020";"8";"30";"7";"11";"5796";"246.";"1.3";"18.1";"69.";"6.";"348.81";"224.12";"202.74"
"2020";"8";"30";"7";"12";"5797";"260.";"2.2";"18.1";"66.";"6.";"347.94";"218.50";"205.53"
"2020";"8";"30";"7";"13";"5798";"268.";"3.0";"18.8";"65.";"7.";"263.20";"109.79";"195.56"
"2020";"8";"30";"7";"14";"5799";"287.";"2.9";"18.8";"59.";"8.";"344.97";"0.00";"344.97"
"2020";"8";"30";"7";"15";"5800";"311.";"3.3";"19.1";"55.";"3.";"377.71";"490.04";"157.45"
"2020";"8";"30";"7";"16";"5801";"323.";"3.6";"19.0";"55.";"3.";"252.05";"412.75";"115.86"
"2020";"8";"30";"7";"17";"5802";"0.";"2.7";"18.1";"57.";"5.";"97.43";"174.90";"63.04"
"2020";"8";"30";"7";"18";"5803";"28.";"1.6";"16.4";"65.";"1.";"0.00";"0.00";"0.00"
"2020";"8";"30";"7";"19";"5804";"47.";"1.7";"13.8";"76.";"0.";"0.00";"0.00";"0.00"
"2020";"8";"30";"7";"20";"5805";"37.";"1.7";"12.2";"82.";"0.";"0.00";"0.00";"0.00"
"2020";"8";"30";"7";"21";"5806";"40.";"1.4";"11.2";"86.";"0.";"0.00";"0.00";"0.00"
"2020";"8";"30";"7";"22";"5807";"50.";"1.7";"10.6";"88.";"0.";"0.00";"0.00";"0.00"
"2020";"8";"30";"7";"23";"5808";"54.";"1.7";"10.0";"90.";"0.";"0.00";"0.00";"0.00"
"2020";"8";"31";"1";"0";"5809";"36.";"1.9";"10.0";"93.";"0.";"0.00";"0.00";"0.00"
"2020";"8";"31";"1";"1";"5810";"31.";"2.2";"9.7";"95.";"1.";"0.00";"0.00";"0.00"
"2020";"8";"31";"1";"2";"5811";"34.";"2.4";"9.6";"94.";"0.";"0.00";"0.00";"0.00"
"2020";"8";"31";"1";"3";"5812";"26.";"2.5";"9.2";"94.";"0.";"0.00";"0.00";"0.00"
"2020";"8";"31";"1";"4";"5813";"27.";"2.1";"8.8";"93.";"0.";"0.00";"0.00";"0.00"
"2020";"8";"31";"1";"5";"5814";"28.";"2.5";"9.0";"91.";"1.";"0.00";"0.00";"0.00"
"2020";"8";"31";"1";"6";"5815";"31.";"3.2";"10.6";"84.";"0.";"121.13";"414.04";"41.95"
"2020";"8";"31";"1";"7";"5816";"32.";"3.5";"12.3";"76.";"0.";"285.42";"688.63";"61.85"
"2020";"8";"31";"1";"8";"5817";"24.";"3.5";"13.7";"65.";"0.";"433.33";"770.57";"90.98"
"2020";"8";"31";"1";"9";"5818";"14.";"3.3";"15.3";"53.";"0.";"488.04";"420.70";"260.03"
"2020";"8";"31";"1";"10";"5819";"6.";"3.5";"16.7";"45.";"0.";"568.96";"452.80";"292.28"
"2020";"8";"31";"1";"11";"5820";"358.";"3.6";"17.6";"42.";"0.";"672.49";"762.05";"179.60"
"2020";"8";"31";"1";"12";"5821";"350.";"4.0";"18.2";"39.";"1.";"647.51";"682.64";"205.99"
"2020";"8";"31";"1";"13";"5822";"332.";"4.1";"18.6";"42.";"0.";"622.38";"720.81";"181.93"
"2020";"8";"31";"1";"14";"5823";"321.";"4.5";"18.4";"46.";"1.";"539.95";"778.69";"117.92"
"2020";"8";"31";"1";"15";"5824";"317.";"5.2";"17.9";"48.";"2.";"370.77";"415.62";"186.11"
"2020";"8";"31";"1";"16";"5825";"322.";"4.7";"17.1";"48.";"1.";"285.23";"630.02";"80.69"
"2020";"8";"31";"1";"17";"5826";"325.";"4.5";"16.1";"51.";"1.";"126.62";"432.99";"43.82"
"2020";"8";"31";"1";"18";"5827";"331.";"3.4";"14.4";"59.";"0.";"0.00";"0.00";"0.00"
"2020";"8";"31";"1";"19";"5828";"332.";"2.3";"12.2";"70.";"0.";"0.00";"0.00";"0.00"
"2020";"8";"31";"1";"20";"5829";"356.";"1.6";"10.8";"76.";"0.";"0.00";"0.00";"0.00"
"2020";"8";"31";"1";"21";"5830";"1.";"1.7";"9.7";"80.";"0.";"0.00";"0.00";"0.00"
"2020";"8";"31";"1";"22";"5831";"352.";"1.4";"8.7";"83.";"0.";"0.00";"0.00";"0.00"
"2020";"8";"31";"1";"23";"5832";"12.";"1.2";"7.9";"86.";"0.";"0.00";"0.00";"0.00"
"2020";"9";"1";"2";"0";"5833";"25.";"1.0";"7.8";"87.";"1.";"0.00";"0.00";"0.00"
"2020";"9";"1";"2";"1";"5834";"32.";"1.2";"7.3";"88.";"0.";"0.00";"0.00";"0.00"
"2020";"9";"1";"2";"2";"5835";"39.";"1.8";"7.1";"89.";"0.";"0.00";"0.00";"0.00"
"2020";"9";"1";"2";"3";"5836";"44.";"1.3";"6.5";"91.";"0.";"0.00";"0.00";"0.00"
"2020";"9";"1";"2";"4";"5837";"60.";"1.4";"6.5";"91.";"0.";"0.00";"0.00";"0.00"
"2020";"9";"1";"2";"5";"5838";"62.";"1.5";"7.0";"90.";"1.";"0.00";"0.00";"0.00"
"2020";"9";"1";"2";"6";"5839";"71.";"1.7";"9.4";"85.";"0.";"128.53";"492.06";"37.12"
"2020";"9";"1";"2";"7";"5840";"57.";"1.8";"12.6";"75.";"0.";"283.74";"677.65";"67.35"
"2020";"9";"1";"2";"8";"5841";"49.";"2.5";"15.5";"64.";"0.";"432.44";"789.43";"85.82"
"2020";"9";"1";"2";"9";"5842";"59.";"2.3";"17.2";"56.";"0.";"554.96";"838.79";"104.67"
"2020";"9";"1";"2";"10";"5843";"52.";"2.5";"18.2";"52.";"0.";"644.00";"881.99";"109.54"
"2020";"9";"1";"2";"11";"5844";"24.";"1.7";"19.5";"47.";"0.";"682.63";"849.87";"137.22"
"2020";"9";"1";"2";"12";"5845";"42.";"2.2";"20.2";"45.";"1.";"657.39";"766.93";"165.20"
"2020";"9";"1";"2";"13";"5846";"39.";"1.8";"20.5";"45.";"2.";"583.77";"637.13";"197.69"
"2020";"9";"1";"2";"14";"5847";"61.";"1.8";"20.4";"45.";"6.";"281.67";"205.65";"171.27"
"2020";"9";"1";"2";"15";"5848";"79.";"1.5";"20.4";"46.";"3.";"334.63";"492.81";"118.25"
"2020";"9";"1";"2";"16";"5849";"104.";"1.7";"19.9";"47.";"3.";"247.70";"438.12";"107.80"
"2020";"9";"1";"2";"17";"5850";"102.";"1.8";"19.0";"50.";"1.";"113.09";"416.38";"35.74"
"2020";"9";"1";"2";"18";"5851";"85.";"1.6";"16.7";"61.";"1.";"0.00";"0.00";"0.00"
"2020";"9";"1";"2";"19";"5852";"88.";"2.0";"14.7";"69.";"0.";"0.00";"0.00";"0.00"
"2020";"9";"1";"2";"20";"5853";"86.";"1.9";"13.8";"75.";"0.";"0.00";"0.00";"0.00"
"2020";"9";"1";"2";"21";"5854";"66.";"2.2";"13.1";"78.";"2.";"0.00";"0.00";"0.00"
"2020";"9";"1";"2";"22";"5855";"73.";"2.3";"12.4";"80.";"1.";"0.00";"0.00";"0.00"
"2020";"9";"1";"2";"23";"5856";"96.";"2.4";"11.4";"82.";"2.";"0.00";"0.00";"0.00"
"2020";"9";"2";"3";"0";"5857";"108.";"2.5";"11.0";"84.";"3.";"0.00";"0.00";"0.00"
"2020";"9";"2";"3";"1";"5858";"116.";"1.8";"10.6";"86.";"0.";"0.00";"0.00";"0.00"
"2020";"9";"2";"3";"2";"5859";"103.";"1.6";"9.8";"87.";"3.";"0.00";"0.00";"0.00"
"2020";"9";"2";"3";"3";"5860";"93.";"1.5";"9.3";"87.";"8.";"0.00";"0.00";"0.00"
"2020";"9";"2";"3";"4";"5861";"83.";"1.7";"9.8";"88.";"3.";"0.00";"0.00";"0.00"
"2020";"9";"2";"3";"5";"5862";"64.";"1.2";"10.3";"88.";"8.";"0.00";"0.00";"0.00"
"2020";"9";"2";"3";"6";"5863";"65.";"1.5";"12.5";"82.";"4.";"90.60";"206.49";"53.37"
"2020";"9";"2";"3";"7";"5864";"73.";"2.4";"15.1";"72.";"1.";"259.08";"560.71";"83.05"
"2020";"9";"2";"3";"8";"5865";"70.";"2.8";"17.0";"62.";"0.";"421.48";"762.63";"90.65"
"2020";"9";"2";"3";"9";"5866";"75.";"3.9";"18.4";"54.";"2.";"462.76";"600.78";"143.35"
"2020";"9";"2";"3";"10";"5867";"78.";"4.8";"18.9";"51.";"1.";"610.78";"776.53";"144.20"
"2020";"9";"2";"3";"11";"5868";"74.";"4.2";"19.7";"48.";"6.";"499.10";"188.26";"379.24"
"2020";"9";"2";"3";"12";"5869";"77.";"4.2";"19.7";"49.";"7.";"450.33";"101.92";"385.44"
"2020";"9";"2";"3";"13";"5870";"78.";"3.9";"19.8";"48.";"8.";"377.91";"0.00";"377.91"
"2020";"9";"2";"3";"14";"5871";"74.";"3.4";"20.1";"46.";"8.";"339.91";"0.00";"339.91"
"2020";"9";"2";"3";"15";"5872";"75.";"3.6";"20.1";"43.";"5.";"330.47";"289.36";"204.95"
"2020";"9";"2";"3";"16";"5873";"79.";"3.1";"19.6";"44.";"7.";"189.73";"88.08";"162.08"
"2020";"9";"2";"3";"17";"5874";"93.";"2.8";"18.5";"49.";"3.";"101.70";"289.66";"49.48"
"2020";"9";"2";"3";"18";"5875";"99.";"2.2";"16.5";"60.";"4.";"0.00";"0.00";"0.00"
"2020";"9";"2";"3";"19";"5876";"87.";"2.2";"14.8";"70.";"6.";"0.00";"0.00";"0.00"
"2020";"9";"2";"3";"20";"5877";"73.";"1.8";"13.7";"76.";"3.";"0.00";"0.00";"0.00"
"2020";"9";"2";"3";"21";"5878";"79.";"2.7";"12.7";"79.";"0.";"0.00";"0.00";"0.00"
"2020";"9";"2";"3";"22";"5879";"77.";"1.6";"11.7";"84.";"0.";"0.00";"0.00";"0.00"
"2020";"9";"2";"3";"23";"5880";"77.";"1.6";"11.2";"87.";"0.";"0.00";"0.00";"0.00"
"2020";"9";"3";"4";"0";"5881";"73.";"1.7";"10.6";"89.";"0.";"0.00";"0.00";"0.00"
"2020";"9";"3";"4";"1";"5882";"73.";"1.0";"10.0";"90.";"0.";"0.00";"0.00";"0.00"
"2020";"9";"3";"4";"2";"5883";"82.";"0.8";"9.7";"91.";"0.";"0.00";"0.00";"0.00"
"2020";"9";"3";"4";"3";"5884";"88.";"0.6";"8.9";"93.";"2.";"0.00";"0.00";"0.00"
"2020";"9";"3";"4";"4";"5885";"97.";"1.0";"8.9";"93.";"2.";"0.00";"0.00";"0.00"
"2020";"9";"3";"4";"5";"5886";"104.";"1.4";"9.1";"93.";"0.";"0.00";"0.00";"0.00"
"2020";"9";"3";"4";"6";"5887";"122.";"1.3";"11.4";"90.";"0.";"102.47";"386.76";"34.90"
"2020";"9";"3";"4";"7";"5888";"153.";"1.2";"14.1";"84.";"0.";"255.25";"568.89";"79.74"
"2020";"9";"3";"4";"8";"5889";"191.";"1.4";"16.6";"74.";"0.";"402.42";"693.25";"105.39"
"2020";"9";"3";"4";"9";"5890";"197.";"1.9";"18.0";"66.";"0.";"530.96";"799.74";"109.97"
"2020";"9";"3";"4";"10";"5891";"187.";"2.0";"18.9";"65.";"0.";"616.00";"830.18";"121.49"
"2020";"9";"3";"4";"11";"5892";"228.";"2.6";"19.6";"64.";"6.";"475.30";"206.29";"345.02"
"2020";"9";"3";"4";"12";"5893";"226.";"2.6";"19.5";"59.";"2.";"612.77";"673.48";"187.45"
"2020";"9";"3";"4";"13";"5894";"229.";"4.1";"18.5";"63.";"8.";"189.66";"0.00";"189.66"
"2020";"9";"3";"4";"14";"5895";"211.";"3.9";"17.9";"65.";"8.";"332.05";"0.00";"332.05"
"2020";"9";"3";"4";"15";"5896";"200.";"3.8";"17.5";"67.";"7.";"277.76";"97.08";"236.17"
"2020";"9";"3";"4";"16";"5897";"191.";"4.2";"17.3";"69.";"8.";"162.43";"0.00";"162.43"
"2020";"9";"3";"4";"17";"5898";"181.";"4.2";"17.0";"69.";"8.";"61.12";"0.00";"61.12"
"2020";"9";"3";"4";"18";"5899";"172.";"4.0";"15.8";"81.";"8.";"0.00";"0.00";"0.00"
"2020";"9";"3";"4";"19";"5900";"184.";"4.9";"15.3";"84.";"8.";"0.00";"0.00";"0.00"
"2020";"9";"3";"4";"20";"5901";"183.";"4.5";"14.8";"89.";"8.";"0.00";"0.00";"0.00"
"2020";"9";"3";"4";"21";"5902";"180.";"3.8";"14.9";"91.";"8.";"0.00";"0.00";"0.00"
"2020";"9";"3";"4";"22";"5903";"169.";"4.3";"14.6";"90.";"8.";"0.00";"0.00";"0.00"
"2020";"9";"3";"4";"23";"5904";"162.";"4.6";"14.6";"93.";"8.";"0.00";"0.00";"0.00"
"2020";"9";"4";"5";"0";"5905";"201.";"3.7";"14.8";"95.";"8.";"0.00";"0.00";"0.00"
"2020";"9";"4";"5";"1";"5906";"250.";"4.0";"15.2";"94.";"8.";"0.00";"0.00";"0.00"
"2020";"9";"4";"5";"2";"5907";"259.";"4.4";"15.2";"92.";"8.";"0.00";"0.00";"0.00"
"2020";"9";"4";"5";"3";"5908";"254.";"4.9";"15.1";"89.";"6.";"0.00";"0.00";"0.00"
"2020";"9";"4";"5";"4";"5909";"251.";"4.9";"15.0";"88.";"7.";"0.00";"0.00";"0.00"
"2020";"9";"4";"5";"5";"5910";"234.";"4.3";"15.3";"90.";"8.";"0.00";"0.00";"0.00"
"2020";"9";"4";"5";"6";"5911";"247.";"5.5";"15.7";"86.";"8.";"25.57";"0.00";"25.57"
"2020";"9";"4";"5";"7";"5912";"251.";"5.8";"16.0";"82.";"7.";"96.86";"58.23";"79.22"
"2020";"9";"4";"5";"8";"5913";"251.";"6.3";"16.6";"77.";"6.";"193.46";"143.63";"132.69"
"2020";"9";"4";"5";"9";"5914";"250.";"6.4";"16.8";"76.";"7.";"203.14";"75.85";"163.61"
"2020";"9";"4";"5";"10";"5915";"257.";"6.5";"16.7";"78.";"8.";"175.68";"0.00";"175.68"
"2020";"9";"4";"5";"11";"5916";"257.";"6.9";"17.7";"70.";"6.";"317.37";"165.48";"213.73"
"2020";"9";"4";"5";"12";"5917";"254.";"6.5";"17.5";"64.";"5.";"374.01";"238.27";"224.78"
"2020";"9";"4";"5";"13";"5918";"257.";"6.7";"18.0";"58.";"4.";"403.99";"324.95";"212.13"
"2020";"9";"4";"5";"14";"5919";"254.";"5.7";"17.3";"55.";"6.";"388.12";"166.79";"301.20"
"2020";"9";"4";"5";"15";"5920";"252.";"5.5";"17.5";"55.";"6.";"203.21";"162.97";"134.26"
"2020";"9";"4";"5";"16";"5921";"253.";"5.2";"16.8";"59.";"8.";"77.77";"0.00";"77.77"
"2020";"9";"4";"5";"17";"5922";"254.";"4.8";"16.4";"66.";"8.";"29.17";"0.00";"29.17"
"2020";"9";"4";"5";"18";"5923";"251.";"4.8";"16.2";"66.";"8.";"0.00";"0.00";"0.00"
"2020";"9";"4";"5";"19";"5924";"249.";"5.1";"16.0";"66.";"8.";"0.00";"0.00";"0.00"
"2020";"9";"4";"5";"20";"5925";"243.";"5.6";"15.6";"67.";"8.";"0.00";"0.00";"0.00"
"2020";"9";"4";"5";"21";"5926";"245.";"5.6";"15.3";"72.";"8.";"0.00";"0.00";"0.00"
"2020";"9";"4";"5";"22";"5927";"238.";"5.9";"14.9";"76.";"8.";"0.00";"0.00";"0.00"
"2020";"9";"4";"5";"23";"5928";"238.";"5.9";"14.6";"75.";"5.";"0.00";"0.00";"0.00"
"2020";"9";"5";"6";"0";"5929";"237.";"5.6";"14.5";"75.";"8.";"0.00";"0.00";"0.00"
"2020";"9";"5";"6";"1";"5930";"231.";"5.6";"14.6";"77.";"3.";"0.00";"0.00";"0.00"
"2020";"9";"5";"6";"2";"5931";"236.";"5.1";"14.4";"77.";"6.";"0.00";"0.00";"0.00"
"2020";"9";"5";"6";"3";"5932";"238.";"5.0";"14.3";"80.";"3.";"0.00";"0.00";"0.00"
"2020";"9";"5";"6";"4";"5933";"233.";"4.7";"14.1";"79.";"6.";"0.00";"0.00";"0.00"
"2020";"9";"5";"6";"5";"5934";"226.";"5.3";"14.4";"77.";"8.";"0.00";"0.00";"0.00"
"2020";"9";"5";"6";"6";"5935";"231.";"6.3";"14.5";"75.";"8.";"54.47";"0.00";"54.47"
"2020";"9";"5";"6";"7";"5936";"229.";"7.4";"14.6";"79.";"6.";"87.05";"95.12";"58.75"
"2020";"9";"5";"6";"8";"5937";"233.";"7.3";"15.5";"72.";"8.";"118.83";"0.00";"118.83"
"2020";"9";"5";"6";"9";"5938";"235.";"7.1";"15.9";"72.";"6.";"365.42";"172.32";"276.54"
"2020";"9";"5";"6";"10";"5939";"234.";"7.4";"16.8";"65.";"6.";"307.32";"199.40";"190.64"
"2020";"9";"5";"6";"11";"5940";"233.";"6.8";"16.2";"65.";"7.";"261.58";"91.55";"204.72"
"2020";"9";"5";"6";"12";"5941";"259.";"4.2";"14.6";"84.";"8.";"115.16";"0.00";"115.16"
"2020";"9";"5";"6";"13";"5942";"251.";"5.5";"14.9";"73.";"8.";"180.79";"0.00";"180.79"
"2020";"9";"5";"6";"14";"5943";"262.";"6.3";"15.9";"66.";"2.";"395.88";"512.36";"131.62"
"2020";"9";"5";"6";"15";"5944";"253.";"6.4";"15.3";"65.";"8.";"121.76";"0.00";"121.76"
"2020";"9";"5";"6";"16";"5945";"251.";"7.3";"15.4";"66.";"6.";"181.31";"147.74";"137.35"
"2020";"9";"5";"6";"17";"5946";"256.";"7.0";"15.0";"66.";"2.";"80.02";"262.65";"37.07"
"2020";"9";"5";"6";"18";"5947";"260.";"6.2";"14.5";"68.";"2.";"0.00";"0.00";"0.00"
"2020";"9";"5";"6";"19";"5948";"261.";"7.3";"14.5";"68.";"7.";"0.00";"0.00";"0.00"
"2020";"9";"5";"6";"20";"5949";"261.";"6.6";"14.3";"67.";"2.";"0.00";"0.00";"0.00"
"2020";"9";"5";"6";"21";"5950";"249.";"6.3";"14.2";"70.";"7.";"0.00";"0.00";"0.00"
"2020";"9";"5";"6";"22";"5951";"253.";"5.9";"14.0";"74.";"6.";"0.00";"0.00";"0.00"
"2020";"9";"5";"6";"23";"5952";"266.";"5.5";"14.0";"72.";"1.";"0.00";"0.00";"0.00"
"2020";"9";"6";"7";"0";"5953";"271.";"5.4";"13.3";"74.";"7.";"0.00";"0.00";"0.00"
"2020";"9";"6";"7";"1";"5954";"261.";"5.1";"13.0";"77.";"5.";"0.00";"0.00";"0.00"
"2020";"9";"6";"7";"2";"5955";"262.";"5.6";"12.7";"79.";"7.";"0.00";"0.00";"0.00"
"2020";"9";"6";"7";"3";"5956";"244.";"5.8";"12.7";"79.";"7.";"0.00";"0.00";"0.00"
"2020";"9";"6";"7";"4";"5957";"259.";"4.8";"12.7";"80.";"8.";"0.00";"0.00";"0.00"
"2020";"9";"6";"7";"5";"5958";"246.";"5.8";"13.0";"82.";"2.";"0.00";"0.00";"0.00"
"2020";"9";"6";"7";"6";"5959";"263.";"6.1";"13.3";"78.";"5.";"50.98";"119.44";"32.13"
"2020";"9";"6";"7";"7";"5960";"268.";"6.2";"13.8";"71.";"6.";"122.93";"136.17";"83.17"
"2020";"9";"6";"7";"8";"5961";"272.";"6.0";"14.5";"69.";"8.";"117.10";"0.00";"117.10"
"2020";"9";"6";"7";"9";"5962";"263.";"6.6";"15.1";"66.";"7.";"205.64";"83.53";"163.01"
"2020";"9";"6";"7";"10";"5963";"269.";"6.3";"15.6";"64.";"8.";"186.51";"0.00";"186.51"
"2020";"9";"6";"7";"11";"5964";"270.";"6.9";"16.2";"60.";"3.";"563.50";"521.08";"242.65"
"2020";"9";"6";"7";"12";"5965";"273.";"6.6";"16.4";"57.";"6.";"332.01";"211.38";"201.86"
"2020";"9";"6";"7";"13";"5966";"260.";"5.9";"16.6";"69.";"7.";"246.89";"103.41";"186.93"
"2020";"9";"6";"7";"14";"5967";"257.";"6.3";"16.3";"63.";"6.";"262.84";"197.20";"162.19"
"2020";"9";"6";"7";"15";"5968";"259.";"6.5";"16.0";"62.";"8.";"121.63";"0.00";"121.63"
"2020";"9";"6";"7";"16";"5969";"260.";"6.4";"15.4";"65.";"6.";"124.33";"145.45";"81.86"
"2020";"9";"6";"7";"17";"5970";"259.";"7.0";"15.0";"70.";"8.";"26.23";"0.00";"26.23"
"2020";"9";"6";"7";"18";"5971";"263.";"5.9";"14.5";"70.";"5.";"0.00";"0.00";"0.00"
"2020";"9";"6";"7";"19";"5972";"266.";"5.5";"14.3";"71.";"8.";"0.00";"0.00";"0.00"
"2020";"9";"6";"7";"20";"5973";"270.";"5.4";"14.3";"73.";"5.";"0.00";"0.00";"0.00"
"2020";"9";"6";"7";"21";"5974";"262.";"4.5";"14.3";"77.";"8.";"0.00";"0.00";"0.00"
"2020";"9";"6";"7";"22";"5975";"258.";"4.4";"14.5";"77.";"7.";"0.00";"0.00";"0.00"
"2020";"9";"6";"7";"23";"5976";"255.";"4.2";"14.2";"78.";"6.";"0.00";"0.00";"0.00"
"2020";"9";"7";"1";"0";"5977";"256.";"4.2";"14.4";"76.";"8.";"0.00";"0.00";"0.00"
"2020";"9";"7";"1";"1";"5978";"284.";"3.3";"13.1";"76.";"7.";"0.00";"0.00";"0.00"
"2020";"9";"7";"1";"2";"5979";"296.";"2.3";"12.0";"79.";"4.";"0.00";"0.00";"0.00"
"2020";"9";"7";"1";"3";"5980";"294.";"1.5";"11.5";"82.";"5.";"0.00";"0.00";"0.00"
"2020";"9";"7";"1";"4";"5981";"304.";"0.9";"10.3";"86.";"0.";"0.00";"0.00";"0.00"
"2020";"9";"7";"1";"5";"5982";"302.";"0.9";"10.2";"89.";"0.";"0.00";"0.00";"0.00"
"2020";"9";"7";"1";"6";"5983";"289.";"1.1";"11.5";"88.";"0.";"80.32";"342.02";"28.27"
"2020";"9";"7";"1";"7";"5984";"284.";"1.2";"14.7";"75.";"0.";"237.24";"612.40";"61.87"
"2020";"9";"7";"1";"8";"5985";"276.";"2.5";"16.3";"65.";"1.";"359.05";"637.67";"99.72"
"2020";"9";"7";"1";"9";"5986";"266.";"3.5";"17.2";"64.";"2.";"433.48";"596.36";"132.36"
"2020";"9";"7";"1";"10";"5987";"274.";"4.3";"17.7";"59.";"2.";"509.50";"624.43";"150.83"
"2020";"9";"7";"1";"11";"5988";"266.";"4.5";"17.6";"56.";"1.";"589.63";"690.07";"168.44"
"2020";"9";"7";"1";"12";"5989";"258.";"5.6";"17.1";"60.";"2.";"545.23";"616.35";"169.03"
"2020";"9";"7";"1";"13";"5990";"266.";"5.7";"16.6";"59.";"6.";"306.35";"211.64";"184.79"
"2020";"9";"7";"1";"14";"5991";"273.";"5.2";"16.5";"61.";"8.";"158.34";"0.00";"158.34"
"2020";"9";"7";"1";"15";"5992";"261.";"4.8";"16.4";"60.";"8.";"118.30";"0.00";"118.30"
"2020";"9";"7";"1";"16";"5993";"257.";"4.7";"15.7";"62.";"8.";"71.71";"0.00";"71.71"
"2020";"9";"7";"1";"17";"5994";"247.";"5.1";"15.3";"63.";"8.";"52.24";"0.00";"52.24"
"2020";"9";"7";"1";"18";"5995";"242.";"5.1";"14.8";"64.";"8.";"0.00";"0.00";"0.00"
"2020";"9";"7";"1";"19";"5996";"239.";"5.2";"14.7";"63.";"8.";"0.00";"0.00";"0.00"
"2020";"9";"7";"1";"20";"5997";"229.";"5.9";"14.7";"61.";"7.";"0.00";"0.00";"0.00"
"2020";"9";"7";"1";"21";"5998";"228.";"6.8";"14.7";"64.";"8.";"0.00";"0.00";"0.00"
"2020";"9";"7";"1";"22";"5999";"217.";"6.5";"14.1";"72.";"8.";"0.00";"0.00";"0.00"
"2020";"9";"7";"1";"23";"6000";"213.";"6.9";"13.1";"84.";"8.";"0.00";"0.00";"0.00"
"2020";"9";"8";"2";"0";"6001";"212.";"6.8";"13.6";"87.";"8.";"0.00";"0.00";"0.00"
"2020";"9";"8";"2";"1";"6002";"215.";"7.6";"13.6";"93.";"8.";"0.00";"0.00";"0.00"
"2020";"9";"8";"2";"2";"6003";"219.";"7.7";"13.9";"93.";"8.";"0.00";"0.00";"0.00"
"2020";"9";"8";"2";"3";"6004";"226.";"7.3";"14.4";"93.";"8.";"0.00";"0.00";"0.00"
"2020";"9";"8";"2";"4";"6005";"236.";"7.6";"14.8";"93.";"8.";"0.00";"0.00";"0.00"
"2020";"9";"8";"2";"5";"6006";"240.";"7.2";"15.3";"94.";"8.";"0.00";"0.00";"0.00"
"2020";"9";"8";"2";"6";"6007";"247.";"6.8";"15.6";"92.";"8.";"17.15";"0.00";"17.15"
"2020";"9";"8";"2";"7";"6008";"262.";"7.4";"15.7";"84.";"8.";"65.08";"0.00";"65.08"
"2020";"9";"8";"2";"8";"6009";"274.";"9.5";"15.4";"74.";"8.";"109.98";"0.00";"109.98"
"2020";"9";"8";"2";"9";"6010";"283.";"8.6";"16.6";"66.";"7.";"196.36";"77.37";"157.71"
"2020";"9";"8";"2";"10";"6011";"283.";"8.5";"16.9";"66.";"7.";"229.06";"78.81";"184.22"
"2020";"9";"8";"2";"11";"6012";"279.";"9.1";"17.4";"63.";"7.";"243.98";"75.82";"198.12"
"2020";"9";"8";"2";"12";"6013";"279.";"8.8";"17.4";"64.";"7.";"244.03";"76.19";"197.94"
"2020";"9";"8";"2";"13";"6014";"276.";"9.0";"17.6";"65.";"4.";"376.85";"289.17";"212.33"
"2020";"9";"8";"2";"14";"6015";"273.";"9.2";"17.4";"67.";"6.";"235.27";"134.65";"168.02"
"2020";"9";"8";"2";"15";"6016";"271.";"8.3";"17.2";"67.";"5.";"210.95";"189.62";"134.88"
"2020";"9";"8";"2";"16";"6017";"271.";"8.0";"16.2";"69.";"7.";"88.45";"54.47";"73.16"
"2020";"9";"8";"2";"17";"6018";"272.";"7.9";"16.0";"72.";"7.";"26.30";"25.69";"22.54"
"2020";"9";"8";"2";"18";"6019";"271.";"7.6";"15.9";"71.";"5.";"0.00";"0.00";"0.00"
"2020";"9";"8";"2";"19";"6020";"268.";"7.3";"15.7";"73.";"5.";"0.00";"0.00";"0.00"
"2020";"9";"8";"2";"20";"6021";"267.";"6.6";"15.5";"75.";"5.";"0.00";"0.00";"0.00"
"2020";"9";"8";"2";"21";"6022";"269.";"6.7";"15.3";"77.";"5.";"0.00";"0.00";"0.00"
"2020";"9";"8";"2";"22";"6023";"260.";"6.2";"15.4";"77.";"7.";"0.00";"0.00";"0.00"
"2020";"9";"8";"2";"23";"6024";"251.";"6.1";"15.1";"79.";"6.";"0.00";"0.00";"0.00"
"2020";"9";"9";"3";"0";"6025";"250.";"6.2";"15.0";"84.";"7.";"0.00";"0.00";"0.00"
"2020";"9";"9";"3";"1";"6026";"243.";"5.4";"15.1";"84.";"8.";"0.00";"0.00";"0.00"
"2020";"9";"9";"3";"2";"6027";"239.";"5.0";"15.0";"84.";"8.";"0.00";"0.00";"0.00"
"2020";"9";"9";"3";"3";"6028";"225.";"5.4";"15.0";"84.";"8.";"0.00";"0.00";"0.00"
"2020";"9";"9";"3";"4";"6029";"215.";"5.6";"15.1";"86.";"8.";"0.00";"0.00";"0.00"
"2020";"9";"9";"3";"5";"6030";"198.";"7.2";"14.8";"92.";"8.";"0.00";"0.00";"0.00"
"2020";"9";"9";"3";"6";"6031";"204.";"9.1";"15.5";"96.";"8.";"7.27";"0.00";"7.27"
"2020";"9";"9";"3";"7";"6032";"211.";"9.0";"16.5";"95.";"8.";"31.01";"0.00";"31.01"
"2020";"9";"9";"3";"8";"6033";"220.";"8.3";"16.8";"96.";"8.";"51.19";"0.00";"51.19"
"2020";"9";"9";"3";"9";"6034";"231.";"7.3";"17.1";"96.";"8.";"74.38";"0.00";"74.38"
"2020";"9";"9";"3";"10";"6035";"238.";"7.5";"17.1";"95.";"8.";"95.81";"0.00";"95.81"
"2020";"9";"9";"3";"11";"6036";"246.";"8.2";"17.1";"87.";"7.";"233.97";"70.88";"191.48"
"2020";"9";"9";"3";"12";"6037";"255.";"8.6";"17.3";"75.";"5.";"351.40";"231.36";"212.71"
"2020";"9";"9";"3";"13";"6038";"256.";"8.1";"17.4";"72.";"7.";"224.78";"78.45";"180.57"
"2020";"9";"9";"3";"14";"6039";"263.";"8.6";"17.1";"68.";"4.";"311.92";"257.34";"184.82"
"2020";"9";"9";"3";"15";"6040";"271.";"8.6";"16.9";"68.";"4.";"232.24";"224.49";"143.44"
"2020";"9";"9";"3";"16";"6041";"275.";"9.1";"15.9";"69.";"3.";"151.75";"192.44";"98.82"
"2020";"9";"9";"3";"17";"6042";"277.";"9.5";"15.2";"71.";"5.";"36.71";"75.59";"26.07"
"2020";"9";"9";"3";"18";"6043";"277.";"9.2";"14.8";"73.";"1.";"0.00";"0.00";"0.00"
"2020";"9";"9";"3";"19";"6044";"278.";"9.0";"14.7";"73.";"3.";"0.00";"0.00";"0.00"
"2020";"9";"9";"3";"20";"6045";"282.";"8.9";"14.5";"72.";"1.";"0.00";"0.00";"0.00"
"2020";"9";"9";"3";"21";"6046";"283.";"8.6";"14.3";"72.";"4.";"0.00";"0.00";"0.00"
"2020";"9";"9";"3";"22";"6047";"289.";"8.1";"14.1";"72.";"5.";"0.00";"0.00";"0.00"
"2020";"9";"9";"3";"23";"6048";"291.";"8.1";"14.0";"70.";"3.";"0.00";"0.00";"0.00"
"2020";"9";"10";"4";"0";"6049";"290.";"8.0";"13.6";"67.";"6.";"0.00";"0.00";"0.00"
"2020";"9";"10";"4";"1";"6050";"293.";"7.8";"13.2";"65.";"4.";"0.00";"0.00";"0.00"
"2020";"9";"10";"4";"2";"6051";"297.";"7.3";"12.9";"65.";"3.";"0.00";"0.00";"0.00"
"2020";"9";"10";"4";"3";"6052";"297.";"7.2";"12.9";"65.";"1.";"0.00";"0.00";"0.00"
"2020";"9";"10";"4";"4";"6053";"302.";"6.5";"12.9";"66.";"1.";"0.00";"0.00";"0.00"
"2020";"9";"10";"4";"5";"6054";"309.";"5.3";"12.7";"66.";"2.";"0.00";"0.00";"0.00"
"2020";"9";"10";"4";"6";"6055";"314.";"5.5";"13.6";"61.";"0.";"68.31";"278.79";"30.69"
"2020";"9";"10";"4";"7";"6056";"317.";"5.6";"14.3";"57.";"1.";"207.77";"491.94";"75.25"
"2020";"9";"10";"4";"8";"6057";"317.";"5.3";"15.2";"51.";"2.";"321.88";"553.93";"105.90"
"2020";"9";"10";"4";"9";"6058";"310.";"5.4";"15.7";"48.";"1.";"460.14";"667.62";"134.12"
"2020";"9";"10";"4";"10";"6059";"303.";"5.5";"15.9";"48.";"2.";"495.76";"595.09";"163.74"
"2020";"9";"10";"4";"11";"6060";"295.";"5.4";"15.6";"50.";"3.";"477.11";"471.24";"197.22"
"2020";"9";"10";"4";"12";"6061";"286.";"4.9";"15.9";"49.";"2.";"537.52";"628.88";"164.00"
"2020";"9";"10";"4";"13";"6062";"283.";"4.9";"15.8";"48.";"2.";"491.77";"571.15";"173.11"
"2020";"9";"10";"4";"14";"6063";"281.";"4.7";"15.4";"50.";"1.";"461.12";"677.95";"130.06"
"2020";"9";"10";"4";"15";"6064";"274.";"4.6";"15.0";"51.";"2.";"322.31";"555.37";"105.77"
"2020";"9";"10";"4";"16";"6065";"279.";"4.2";"14.3";"53.";"0.";"231.82";"643.17";"58.57"
"2020";"9";"10";"4";"17";"6066";"275.";"3.7";"13.6";"56.";"0.";"74.45";"361.46";"25.68"
"2020";"9";"10";"4";"18";"6067";"274.";"2.8";"12.3";"63.";"4.";"0.00";"0.00";"0.00"
"2020";"9";"10";"4";"19";"6068";"263.";"2.4";"11.2";"71.";"6.";"0.00";"0.00";"0.00"
"2020";"9";"10";"4";"20";"6069";"256.";"2.8";"11.1";"72.";"6.";"0.00";"0.00";"0.00"
"2020";"9";"10";"4";"21";"6070";"251.";"3.7";"11.8";"75.";"7.";"0.00";"0.00";"0.00"
"2020";"9";"10";"4";"22";"6071";"250.";"3.8";"12.2";"73.";"8.";"0.00";"0.00";"0.00"
"2020";"9";"10";"4";"23";"6072";"254.";"4.3";"12.5";"72.";"7.";"0.00";"0.00";"0.00"
"2020";"9";"11";"5";"0";"6073";"249.";"4.0";"12.4";"73.";"8.";"0.00";"0.00";"0.00"
"2020";"9";"11";"5";"1";"6074";"249.";"3.6";"12.4";"73.";"8.";"0.00";"0.00";"0.00"
"2020";"9";"11";"5";"2";"6075";"252.";"3.9";"12.1";"74.";"7.";"0.00";"0.00";"0.00"
"2020";"9";"11";"5";"3";"6076";"252.";"4.1";"12.4";"72.";"5.";"0.00";"0.00";"0.00"
"2020";"9";"11";"5";"4";"6077";"242.";"4.3";"12.5";"75.";"8.";"0.00";"0.00";"0.00"
"2020";"9";"11";"5";"5";"6078";"234.";"3.8";"12.6";"74.";"7.";"0.00";"0.00";"0.00"
"2020";"9";"11";"5";"6";"6079";"236.";"3.9";"13.1";"74.";"8.";"16.79";"0.00";"16.79"
"2020";"9";"11";"5";"7";"6080";"230.";"4.5";"13.9";"70.";"8.";"130.93";"0.00";"130.93"
"2020";"9";"11";"5";"8";"6081";"226.";"5.4";"14.6";"72.";"8.";"107.37";"0.00";"107.37"
"2020";"9";"11";"5";"9";"6082";"220.";"5.8";"14.6";"67.";"8.";"144.65";"0.00";"144.65"
"2020";"9";"11";"5";"10";"6083";"216.";"6.5";"15.0";"66.";"8.";"170.64";"0.00";"170.64"
"2020";"9";"11";"5";"11";"6084";"213.";"6.5";"15.2";"67.";"8.";"183.11";"0.00";"183.11"
"2020";"9";"11";"5";"12";"6085";"208.";"6.1";"15.1";"69.";"8.";"184.36";"0.00";"184.36"
"2020";"9";"11";"5";"13";"6086";"199.";"6.5";"15.7";"69.";"8.";"100.06";"0.00";"100.06"
"2020";"9";"11";"5";"14";"6087";"206.";"6.6";"15.1";"75.";"8.";"141.67";"0.00";"141.67"
"2020";"9";"11";"5";"15";"6088";"204.";"6.4";"15.6";"77.";"8.";"104.72";"0.00";"104.72"
"2020";"9";"11";"5";"16";"6089";"214.";"6.2";"15.5";"75.";"8.";"60.83";"0.00";"60.83"
"2020";"9";"11";"5";"17";"6090";"220.";"6.4";"15.1";"74.";"8.";"15.42";"0.00";"15.42"
"2020";"9";"11";"5";"18";"6091";"220.";"5.9";"14.9";"75.";"8.";"0.00";"0.00";"0.00"
"2020";"9";"11";"5";"19";"6092";"225.";"6.4";"14.9";"76.";"8.";"0.00";"0.00";"0.00"
"2020";"9";"11";"5";"20";"6093";"221.";"7.2";"14.6";"80.";"8.";"0.00";"0.00";"0.00"
"2020";"9";"11";"5";"21";"6094";"222.";"7.6";"14.7";"79.";"8.";"0.00";"0.00";"0.00"
"2020";"9";"11";"5";"22";"6095";"220.";"7.5";"14.1";"81.";"8.";"0.00";"0.00";"0.00"
"2020";"9";"11";"5";"23";"6096";"221.";"7.4";"14.7";"79.";"8.";"0.00";"0.00";"0.00"
"2020";"9";"12";"6";"0";"6097";"224.";"7.4";"14.5";"80.";"8.";"0.00";"0.00";"0.00"
"2020";"9";"12";"6";"1";"6098";"223.";"7.0";"14.4";"83.";"8.";"0.00";"0.00";"0.00"
"2020";"9";"12";"6";"2";"6099";"220.";"6.6";"13.8";"88.";"8.";"0.00";"0.00";"0.00"
"2020";"9";"12";"6";"3";"6100";"216.";"6.2";"13.6";"91.";"8.";"0.00";"0.00";"0.00"
"2020";"9";"12";"6";"4";"6101";"215.";"6.1";"13.6";"92.";"8.";"0.00";"0.00";"0.00"
"2020";"9";"12";"6";"5";"6102";"210.";"6.3";"13.7";"93.";"8.";"0.00";"0.00";"0.00"
"2020";"9";"12";"6";"6";"6103";"209.";"6.6";"13.8";"93.";"8.";"6.00";"0.00";"6.00"
"2020";"9";"12";"6";"7";"6104";"212.";"7.3";"13.9";"92.";"8.";"30.29";"0.00";"30.29"
"2020";"9";"12";"6";"8";"6105";"213.";"7.5";"14.3";"91.";"8.";"56.76";"0.00";"56.76"
"2020";"9";"12";"6";"9";"6106";"224.";"7.7";"14.3";"91.";"8.";"78.37";"0.00";"78.37"
"2020";"9";"12";"6";"10";"6107";"224.";"7.4";"14.0";"93.";"8.";"90.12";"0.00";"90.12"
"2020";"9";"12";"6";"11";"6108";"228.";"5.8";"13.9";"89.";"8.";"201.49";"0.00";"201.49"
"2020";"9";"12";"6";"12";"6109";"226.";"4.8";"13.5";"89.";"8.";"98.58";"0.00";"98.58"
"2020";"9";"12";"6";"13";"6110";"237.";"5.0";"13.6";"90.";"8.";"99.88";"0.00";"99.88"
"2020";"9";"12";"6";"14";"6111";"271.";"5.2";"14.2";"83.";"8.";"140.02";"0.00";"140.02"
"2020";"9";"12";"6";"15";"6112";"265.";"6.7";"15.2";"73.";"6.";"167.06";"126.60";"119.13"
"2020";"9";"12";"6";"16";"6113";"261.";"6.5";"15.1";"71.";"4.";"131.04";"202.34";"78.86"
"2020";"9";"12";"6";"17";"6114";"262.";"7.3";"14.4";"73.";"7.";"18.52";"21.52";"15.86"
"2020";"9";"12";"6";"18";"6115";"263.";"7.4";"14.2";"72.";"4.";"0.00";"0.00";"0.00"
"2020";"9";"12";"6";"19";"6116";"260.";"6.4";"14.0";"72.";"0.";"0.00";"0.00";"0.00"
"2020";"9";"12";"6";"20";"6117";"259.";"6.0";"13.8";"74.";"1.";"0.00";"0.00";"0.00"
"2020";"9";"12";"6";"21";"6118";"261.";"6.6";"13.8";"69.";"7.";"0.00";"0.00";"0.00"
"2020";"9";"12";"6";"22";"6119";"263.";"6.5";"13.7";"68.";"6.";"0.00";"0.00";"0.00"
"2020";"9";"12";"6";"23";"6120";"263.";"6.3";"13.6";"68.";"5.";"0.00";"0.00";"0.00"
"2020";"9";"13";"7";"0";"6121";"258.";"6.2";"13.6";"66.";"5.";"0.00";"0.00";"0.00"
"2020";"9";"13";"7";"1";"6122";"254.";"5.8";"13.5";"71.";"7.";"0.00";"0.00";"0.00"
"2020";"9";"13";"7";"2";"6123";"249.";"5.6";"13.6";"73.";"6.";"0.00";"0.00";"0.00"
"2020";"9";"13";"7";"3";"6124";"240.";"5.0";"13.3";"79.";"8.";"0.00";"0.00";"0.00"
"2020";"9";"13";"7";"4";"6125";"244.";"5.3";"13.4";"81.";"8.";"0.00";"0.00";"0.00"
"2020";"9";"13";"7";"5";"6126";"241.";"5.1";"13.5";"81.";"7.";"0.00";"0.00";"0.00"
"2020";"9";"13";"7";"6";"6127";"240.";"4.8";"13.9";"80.";"8.";"22.75";"0.00";"22.75"
"2020";"9";"13";"7";"7";"6128";"232.";"4.5";"14.1";"78.";"8.";"55.81";"0.00";"55.81"
"2020";"9";"13";"7";"8";"6129";"221.";"4.6";"13.9";"83.";"8.";"96.71";"0.00";"96.71"
"2020";"9";"13";"7";"9";"6130";"229.";"6.2";"13.1";"86.";"8.";"71.86";"0.00";"71.86"
"2020";"9";"13";"7";"10";"6131";"232.";"5.5";"13.2";"90.";"8.";"83.73";"0.00";"83.73"
"2020";"9";"13";"7";"11";"6132";"216.";"5.2";"13.4";"92.";"8.";"87.25";"0.00";"87.25"
"2020";"9";"13";"7";"12";"6133";"203.";"5.3";"13.7";"93.";"8.";"87.94";"0.00";"87.94"
"2020";"9";"13";"7";"13";"6134";"222.";"6.3";"14.7";"93.";"8.";"79.30";"0.00";"79.30"
"2020";"9";"13";"7";"14";"6135";"230.";"6.7";"15.1";"94.";"8.";"65.42";"0.00";"65.42"
"2020";"9";"13";"7";"15";"6136";"233.";"6.7";"15.3";"95.";"8.";"81.28";"0.00";"81.28"
"2020";"9";"13";"7";"16";"6137";"239.";"6.2";"15.4";"96.";"8.";"25.56";"0.00";"25.56"
"2020";"9";"13";"7";"17";"6138";"240.";"6.2";"15.4";"95.";"8.";"3.39";"0.00";"3.39"
"2020";"9";"13";"7";"18";"6139";"243.";"6.0";"15.4";"95.";"8.";"0.00";"0.00";"0.00"
"2020";"9";"13";"7";"19";"6140";"246.";"5.9";"15.4";"95.";"8.";"0.00";"0.00";"0.00"
"2020";"9";"13";"7";"20";"6141";"245.";"6.3";"15.4";"95.";"8.";"0.00";"0.00";"0.00"
"2020";"9";"13";"7";"21";"6142";"245.";"6.1";"15.4";"95.";"8.";"0.00";"0.00";"0.00"
"2020";"9";"13";"7";"22";"6143";"252.";"5.4";"15.4";"94.";"8.";"0.00";"0.00";"0.00"
"2020";"9";"13";"7";"23";"6144";"260.";"5.4";"15.5";"94.";"6.";"0.00";"0.00";"0.00"
"2020";"9";"14";"1";"0";"6145";"257.";"5.1";"15.6";"93.";"8.";"0.00";"0.00";"0.00"
"2020";"9";"14";"1";"1";"6146";"248.";"5.3";"15.7";"93.";"8.";"0.00";"0.00";"0.00"
"2020";"9";"14";"1";"2";"6147";"243.";"5.4";"15.8";"92.";"8.";"0.00";"0.00";"0.00"
"2020";"9";"14";"1";"3";"6148";"246.";"4.7";"15.8";"92.";"8.";"0.00";"0.00";"0.00"
"2020";"9";"14";"1";"4";"6149";"249.";"4.2";"15.9";"92.";"7.";"0.00";"0.00";"0.00"
"2020";"9";"14";"1";"5";"6150";"246.";"4.1";"16.0";"91.";"7.";"0.00";"0.00";"0.00"
"2020";"9";"14";"1";"6";"6151";"242.";"4.3";"16.0";"90.";"5.";"10.22";"28.29";"7.07"
"2020";"9";"14";"1";"7";"6152";"242.";"5.1";"16.1";"89.";"7.";"65.18";"39.13";"55.54"
"2020";"9";"14";"1";"8";"6153";"233.";"4.7";"16.3";"89.";"7.";"119.15";"48.01";"101.53"
"2020";"9";"14";"1";"9";"6154";"235.";"4.3";"16.7";"89.";"6.";"196.29";"88.37";"155.15"
"2020";"9";"14";"1";"10";"6155";"229.";"4.1";"16.8";"88.";"6.";"232.85";"88.21";"185.63"
"2020";"9";"14";"1";"11";"6156";"218.";"3.6";"17.1";"86.";"6.";"258.39";"102.85";"199.63"
"2020";"9";"14";"1";"12";"6157";"212.";"3.5";"17.9";"83.";"5.";"314.21";"181.29";"210.61"
"2020";"9";"14";"1";"13";"6158";"212.";"4.0";"17.8";"83.";"6.";"235.00";"93.55";"184.92"
"2020";"9";"14";"1";"14";"6159";"216.";"4.1";"18.2";"83.";"7.";"171.34";"67.77";"139.79"
"2020";"9";"14";"1";"15";"6160";"209.";"3.6";"18.1";"83.";"4.";"206.49";"234.94";"120.26"
"2020";"9";"14";"1";"16";"6161";"207.";"3.3";"17.7";"85.";"1.";"143.61";"263.08";"78.82"
"2020";"9";"14";"1";"17";"6162";"198.";"2.3";"16.8";"88.";"5.";"8.80";"21.40";"6.41"
"2020";"9";"14";"1";"18";"6163";"183.";"1.8";"16.1";"91.";"0.";"0.00";"0.00";"0.00"
"2020";"9";"14";"1";"19";"6164";"176.";"1.8";"15.6";"92.";"2.";"0.00";"0.00";"0.00"
"2020";"9";"14";"1";"20";"6165";"181.";"1.8";"15.1";"93.";"0.";"0.00";"0.00";"0.00"
"2020";"9";"14";"1";"21";"6166";"190.";"2.0";"14.6";"94.";"0.";"0.00";"0.00";"0.00"
"2020";"9";"14";"1";"22";"6167";"201.";"1.6";"13.9";"95.";"2.";"0.00";"0.00";"0.00"
"2020";"9";"14";"1";"23";"6168";"201.";"1.7";"13.0";"96.";"2.";"0.00";"0.00";"0.00"
"2020";"9";"15";"2";"0";"6169";"217.";"1.8";"12.6";"97.";"3.";"0.00";"0.00";"0.00"
"2020";"9";"15";"2";"1";"6170";"226.";"1.8";"12.3";"97.";"7.";"0.00";"0.00";"0.00"
"2020";"9";"15";"2";"2";"6171";"246.";"2.0";"13.5";"97.";"6.";"0.00";"0.00";"0.00"
"2020";"9";"15";"2";"3";"6172";"268.";"1.9";"13.9";"98.";"8.";"0.00";"0.00";"0.00"
"2020";"9";"15";"2";"4";"6173";"276.";"2.0";"14.1";"98.";"8.";"0.00";"0.00";"0.00"
"2020";"9";"15";"2";"5";"6174";"272.";"0.9";"14.1";"98.";"7.";"0.00";"0.00";"0.00"
"2020";"9";"15";"2";"6";"6175";"234.";"0.6";"14.3";"97.";"7.";"4.28";"1.11";"4.16"
"2020";"9";"15";"2";"7";"6176";"193.";"0.8";"14.5";"95.";"8.";"41.10";"0.00";"41.10"
"2020";"9";"15";"2";"8";"6177";"176.";"1.3";"14.9";"94.";"8.";"80.45";"0.00";"80.45"
"2020";"9";"15";"2";"9";"6178";"175.";"2.1";"15.4";"94.";"8.";"117.41";"0.00";"117.41"
"2020";"9";"15";"2";"10";"6179";"170.";"2.0";"16.1";"93.";"8.";"143.27";"0.00";"143.27"
"2020";"9";"15";"2";"11";"6180";"177.";"2.2";"17.5";"89.";"8.";"157.69";"0.00";"157.69"
"2020";"9";"15";"2";"12";"6181";"186.";"1.9";"18.4";"84.";"7.";"202.93";"48.04";"175.75"
"2020";"9";"15";"2";"13";"6182";"197.";"1.6";"19.0";"82.";"5.";"288.44";"190.39";"187.61"
"2020";"9";"15";"2";"14";"6183";"205.";"1.4";"19.5";"80.";"3.";"309.13";"304.79";"168.97"
"2020";"9";"15";"2";"15";"6184";"208.";"2.1";"18.6";"80.";"3.";"223.90";"274.73";"124.66"
"2020";"9";"15";"2";"16";"6185";"216.";"1.8";"17.3";"84.";"3.";"119.70";"215.68";"67.84"
"2020";"9";"15";"2";"17";"6186";"243.";"1.8";"15.4";"91.";"3.";"9.31";"27.47";"6.41"
"2020";"9";"15";"2";"18";"6187";"220.";"1.0";"14.1";"95.";"4.";"0.00";"0.00";"0.00"
"2020";"9";"15";"2";"19";"6188";"265.";"0.5";"13.5";"96.";"6.";"0.00";"0.00";"0.00"
"2020";"9";"15";"2";"20";"6189";"242.";"0.6";"12.8";"96.";"4.";"0.00";"0.00";"0.00"
"2020";"9";"15";"2";"21";"6190";"249.";"1.0";"12.2";"97.";"7.";"0.00";"0.00";"0.00"
"2020";"9";"15";"2";"22";"6191";"250.";"0.6";"11.7";"97.";"7.";"0.00";"0.00";"0.00"
"2020";"9";"15";"2";"23";"6192";"243.";"0.6";"11.5";"98.";"7.";"0.00";"0.00";"0.00"
"2020";"9";"16";"3";"0";"6193";"222.";"0.9";"10.9";"98.";"7.";"0.00";"0.00";"0.00"
"2020";"9";"16";"3";"1";"6194";"221.";"1.5";"11.2";"98.";"6.";"0.00";"0.00";"0.00"
"2020";"9";"16";"3";"2";"6195";"254.";"1.4";"12.0";"98.";"8.";"0.00";"0.00";"0.00"
"2020";"9";"16";"3";"3";"6196";"277.";"1.2";"12.6";"97.";"8.";"0.00";"0.00";"0.00"
"2020";"9";"16";"3";"4";"6197";"259.";"2.5";"13.0";"97.";"8.";"0.00";"0.00";"0.00"
"2020";"9";"16";"3";"5";"6198";"246.";"2.4";"13.6";"97.";"8.";"0.00";"0.00";"0.00"
"2020";"9";"16";"3";"6";"6199";"232.";"2.5";"14.3";"96.";"5.";"4.48";"10.03";"3.48"
"2020";"9";"16";"3";"7";"6200";"262.";"3.3";"15.1";"95.";"8.";"44.89";"0.00";"44.89"
"2020";"9";"16";"3";"8";"6201";"273.";"4.2";"15.7";"92.";"8.";"89.06";"0.00";"89.06"
"2020";"9";"16";"3";"9";"6202";"283.";"5.4";"15.9";"88.";"8.";"124.93";"0.00";"124.93"
"2020";"9";"16";"3";"10";"6203";"287.";"6.2";"16.4";"84.";"8.";"152.45";"0.00";"152.45"
"2020";"9";"16";"3";"11";"6204";"301.";"6.1";"17.2";"80.";"8.";"167.17";"0.00";"167.17"
"2020";"9";"16";"3";"12";"6205";"313.";"4.5";"18.9";"68.";"5.";"332.73";"257.96";"188.30"
"2020";"9";"16";"3";"13";"6206";"349.";"2.9";"17.7";"60.";"2.";"449.68";"563.18";"154.69"
"2020";"9";"16";"3";"14";"6207";"21.";"7.3";"16.3";"50.";"5.";"354.02";"296.08";"219.59"
"2020";"9";"16";"3";"15";"6208";"21.";"6.5";"15.7";"47.";"1.";"316.09";"658.61";"82.02"
"2020";"9";"16";"3";"16";"6209";"18.";"6.3";"15.1";"45.";"0.";"192.86";"594.82";"53.33"
"2020";"9";"16";"3";"17";"6210";"7.";"5.4";"14.0";"47.";"0.";"42.15";"253.90";"16.81"
"2020";"9";"16";"3";"18";"6211";"3.";"5.0";"12.9";"51.";"0.";"0.00";"0.00";"0.00"
"2020";"9";"16";"3";"19";"6212";"356.";"5.2";"12.1";"51.";"0.";"0.00";"0.00";"0.00"
"2020";"9";"16";"3";"20";"6213";"4.";"4.8";"11.5";"49.";"0.";"0.00";"0.00";"0.00"
"2020";"9";"16";"3";"21";"6214";"3.";"3.5";"10.8";"51.";"0.";"0.00";"0.00";"0.00"
"2020";"9";"16";"3";"22";"6215";"4.";"3.4";"9.8";"57.";"0.";"0.00";"0.00";"0.00"
"2020";"9";"16";"3";"23";"6216";"356.";"3.2";"8.8";"61.";"0.";"0.00";"0.00";"0.00"
"2020";"9";"17";"4";"0";"6217";"1.";"3.2";"8.3";"63.";"0.";"0.00";"0.00";"0.00"
"2020";"9";"17";"4";"1";"6218";"360.";"2.9";"7.2";"66.";"0.";"0.00";"0.00";"0.00"
"2020";"9";"17";"4";"2";"6219";"341.";"2.8";"6.3";"72.";"0.";"0.00";"0.00";"0.00"
"2020";"9";"17";"4";"3";"6220";"356.";"2.4";"6.0";"73.";"1.";"0.00";"0.00";"0.00"
"2020";"9";"17";"4";"4";"6221";"6.";"2.6";"5.7";"77.";"0.";"0.00";"0.00";"0.00"
"2020";"9";"17";"4";"5";"6222";"9.";"2.3";"5.3";"79.";"0.";"0.00";"0.00";"0.00"
"2020";"9";"17";"4";"6";"6223";"6.";"2.2";"6.2";"76.";"1.";"34.77";"201.92";"15.81"
"2020";"9";"17";"4";"7";"6224";"354.";"2.4";"8.2";"67.";"4.";"128.90";"289.97";"62.59"
"2020";"9";"17";"4";"8";"6225";"7.";"2.4";"9.7";"61.";"0.";"334.75";"728.16";"80.23"
"2020";"9";"17";"4";"9";"6226";"352.";"2.2";"11.5";"56.";"0.";"456.02";"792.26";"100.93"
"2020";"9";"17";"4";"10";"6227";"334.";"2.5";"12.9";"52.";"1.";"514.63";"690.49";"156.96"
"2020";"9";"17";"4";"11";"6228";"319.";"3.7";"14.2";"48.";"7.";"387.36";"95.26";"334.57"
"2020";"9";"17";"4";"12";"6229";"325.";"4.3";"14.1";"47.";"8.";"364.76";"0.00";"364.76"
"2020";"9";"17";"4";"13";"6230";"317.";"4.3";"14.2";"47.";"8.";"337.22";"0.00";"337.22"
"2020";"9";"17";"4";"14";"6231";"313.";"3.9";"14.2";"49.";"8.";"282.63";"0.00";"282.63"
"2020";"9";"17";"4";"15";"6232";"321.";"3.4";"14.0";"48.";"1.";"322.62";"670.34";"88.31"
"2020";"9";"17";"4";"16";"6233";"322.";"3.2";"13.1";"48.";"6.";"135.98";"148.84";"101.95"
"2020";"9";"17";"4";"17";"6234";"307.";"2.2";"11.8";"59.";"5.";"20.32";"81.82";"12.64"
"2020";"9";"17";"4";"18";"6235";"294.";"1.7";"9.3";"75.";"6.";"0.00";"0.00";"0.00"
"2020";"9";"17";"4";"19";"6236";"286.";"1.6";"8.4";"82.";"8.";"0.00";"0.00";"0.00"
"2020";"9";"17";"4";"20";"6237";"280.";"2.2";"8.2";"85.";"0.";"0.00";"0.00";"0.00"
"2020";"9";"17";"4";"21";"6238";"258.";"1.9";"8.0";"85.";"7.";"0.00";"0.00";"0.00"
"2020";"9";"17";"4";"22";"6239";"255.";"1.8";"8.1";"89.";"4.";"0.00";"0.00";"0.00"
"2020";"9";"17";"4";"23";"6240";"264.";"1.8";"7.2";"91.";"2.";"0.00";"0.00";"0.00"
"2020";"9";"18";"5";"0";"6241";"268.";"2.3";"6.9";"92.";"5.";"0.00";"0.00";"0.00"
"2020";"9";"18";"5";"1";"6242";"265.";"2.9";"8.5";"93.";"2.";"0.00";"0.00";"0.00"
"2020";"9";"18";"5";"2";"6243";"261.";"2.7";"10.1";"91.";"2.";"0.00";"0.00";"0.00"
"2020";"9";"18";"5";"3";"6244";"260.";"3.6";"10.2";"89.";"1.";"0.00";"0.00";"0.00"
"2020";"9";"18";"5";"4";"6245";"261.";"4.2";"11.5";"86.";"5.";"0.00";"0.00";"0.00"
"2020";"9";"18";"5";"5";"6246";"263.";"3.9";"12.2";"83.";"8.";"0.00";"0.00";"0.00"
"2020";"9";"18";"5";"6";"6247";"261.";"4.2";"12.7";"79.";"8.";"3.97";"0.00";"3.97"
"2020";"9";"18";"5";"7";"6248";"259.";"4.1";"13.1";"77.";"8.";"49.20";"0.00";"49.20"
"2020";"9";"18";"5";"8";"6249";"254.";"4.5";"13.8";"76.";"8.";"91.89";"0.00";"91.89"
"2020";"9";"18";"5";"9";"6250";"248.";"4.5";"14.5";"74.";"8.";"127.78";"0.00";"127.78"
"2020";"9";"18";"5";"10";"6251";"255.";"4.3";"15.3";"70.";"3.";"383.18";"392.07";"182.39"
"2020";"9";"18";"5";"11";"6252";"263.";"4.3";"15.9";"69.";"4.";"372.40";"326.11";"193.61"
"2020";"9";"18";"5";"12";"6253";"263.";"4.3";"16.3";"70.";"2.";"457.34";"479.43";"194.49"
"2020";"9";"18";"5";"13";"6254";"262.";"4.3";"16.5";"71.";"3.";"382.35";"399.18";"177.92"
"2020";"9";"18";"5";"14";"6255";"261.";"3.8";"16.6";"73.";"7.";"168.68";"76.13";"135.00"
"2020";"9";"18";"5";"15";"6256";"271.";"3.7";"16.1";"78.";"4.";"197.55";"251.72";"111.05"
"2020";"9";"18";"5";"16";"6257";"272.";"3.7";"15.5";"81.";"5.";"87.32";"136.83";"56.84"
"2020";"9";"18";"5";"17";"6258";"263.";"3.4";"14.9";"85.";"4.";"0.93";"3.44";"0.63"
"2020";"9";"18";"5";"18";"6259";"252.";"2.5";"13.7";"88.";"2.";"0.00";"0.00";"0.00"
"2020";"9";"18";"5";"19";"6260";"236.";"2.1";"12.8";"91.";"4.";"0.00";"0.00";"0.00"
"2020";"9";"18";"5";"20";"6261";"227.";"2.0";"12.3";"93.";"4.";"0.00";"0.00";"0.00"
"2020";"9";"18";"5";"21";"6262";"203.";"2.3";"12.0";"94.";"3.";"0.00";"0.00";"0.00"
"2020";"9";"18";"5";"22";"6263";"193.";"2.2";"11.7";"95.";"4.";"0.00";"0.00";"0.00"
"2020";"9";"18";"5";"23";"6264";"191.";"2.1";"12.2";"96.";"4.";"0.00";"0.00";"0.00"
"2020";"9";"19";"6";"0";"6265";"188.";"1.6";"12.8";"96.";"4.";"0.00";"0.00";"0.00"
"2020";"9";"19";"6";"1";"6266";"175.";"1.1";"13.4";"96.";"2.";"0.00";"0.00";"0.00"
"2020";"9";"19";"6";"2";"6267";"159.";"0.2";"13.5";"97.";"1.";"0.00";"0.00";"0.00"
"2020";"9";"19";"6";"3";"6268";"141.";"1.2";"13.4";"98.";"8.";"0.00";"0.00";"0.00"
"2020";"9";"19";"6";"4";"6269";"147.";"0.6";"13.4";"98.";"7.";"0.00";"0.00";"0.00"
"2020";"9";"19";"6";"5";"6270";"106.";"0.8";"13.4";"98.";"7.";"0.00";"0.00";"0.00"
"2020";"9";"19";"6";"6";"6271";"85.";"0.9";"13.7";"98.";"7.";"0.00";"0.00";"0.00"
"2020";"9";"19";"6";"7";"6272";"90.";"0.7";"14.0";"97.";"7.";"51.41";"30.02";"44.90"
"2020";"9";"19";"6";"8";"6273";"57.";"0.4";"14.4";"95.";"8.";"84.12";"0.00";"84.12"
"2020";"9";"19";"6";"9";"6274";"46.";"0.9";"15.2";"90.";"8.";"126.03";"0.00";"126.03"
"2020";"9";"19";"6";"10";"6275";"58.";"0.6";"16.9";"82.";"6.";"256.33";"198.20";"156.00"
"2020";"9";"19";"6";"11";"6276";"124.";"0.5";"18.1";"76.";"7.";"222.32";"93.92";"171.38"
"2020";"9";"19";"6";"12";"6277";"202.";"0.3";"17.7";"76.";"6.";"274.58";"183.92";"174.83"
"2020";"9";"19";"6";"13";"6278";"283.";"0.7";"17.8";"75.";"7.";"205.44";"94.04";"157.83"
"2020";"9";"19";"6";"14";"6279";"301.";"1.7";"17.5";"74.";"6.";"209.58";"172.87";"134.13"
"2020";"9";"19";"6";"15";"6280";"284.";"1.2";"16.8";"76.";"8.";"89.92";"0.00";"89.92"
"2020";"9";"19";"6";"16";"6281";"310.";"1.2";"15.9";"79.";"8.";"44.25";"0.00";"44.25"
"2020";"9";"19";"6";"17";"6282";"68.";"0.9";"14.6";"83.";"6.";"0.00";"0.00";"0.00"
"2020";"9";"19";"6";"18";"6283";"160.";"0.6";"13.2";"88.";"6.";"0.00";"0.00";"0.00"
"2020";"9";"19";"6";"19";"6284";"149.";"0.6";"12.5";"91.";"4.";"0.00";"0.00";"0.00"
"2020";"9";"19";"6";"20";"6285";"161.";"1.0";"12.5";"94.";"6.";"0.00";"0.00";"0.00"
"2020";"9";"19";"6";"21";"6286";"183.";"0.6";"12.3";"95.";"6.";"0.00";"0.00";"0.00"
"2020";"9";"19";"6";"22";"6287";"213.";"0.7";"12.5";"96.";"6.";"0.00";"0.00";"0.00"
"2020";"9";"19";"6";"23";"6288";"203.";"1.0";"12.6";"96.";"7.";"0.00";"0.00";"0.00"
"2020";"9";"20";"7";"0";"6289";"167.";"1.2";"12.8";"97.";"8.";"0.00";"0.00";"0.00"
"2020";"9";"20";"7";"1";"6290";"206.";"1.5";"12.9";"96.";"8.";"0.00";"0.00";"0.00"
"2020";"9";"20";"7";"2";"6291";"219.";"1.4";"13.0";"95.";"8.";"0.00";"0.00";"0.00"
"2020";"9";"20";"7";"3";"6292";"216.";"2.0";"13.1";"94.";"7.";"0.00";"0.00";"0.00"
"2020";"9";"20";"7";"4";"6293";"218.";"1.8";"13.0";"93.";"8.";"0.00";"0.00";"0.00"
"2020";"9";"20";"7";"5";"6294";"207.";"1.6";"12.7";"94.";"8.";"0.00";"0.00";"0.00"
"2020";"9";"20";"7";"6";"6295";"205.";"2.0";"12.9";"95.";"6.";"0.00";"0.00";"0.00"
"2020";"9";"20";"7";"7";"6296";"202.";"1.9";"13.6";"91.";"8.";"41.79";"0.00";"41.79"
"2020";"9";"20";"7";"8";"6297";"212.";"2.3";"13.6";"90.";"7.";"115.25";"69.53";"92.18"
"2020";"9";"20";"7";"9";"6298";"218.";"2.2";"13.8";"91.";"8.";"118.00";"0.00";"118.00"
"2020";"9";"20";"7";"10";"6299";"224.";"2.6";"14.3";"90.";"8.";"143.03";"0.00";"143.03"
"2020";"9";"20";"7";"11";"6300";"223.";"2.8";"14.7";"87.";"8.";"155.52";"0.00";"155.52"
"2020";"9";"20";"7";"12";"6301";"226.";"2.9";"15.1";"86.";"8.";"163.34";"0.00";"163.34"
"2020";"9";"20";"7";"13";"6302";"233.";"2.4";"15.2";"85.";"8.";"152.68";"0.00";"152.68"
"2020";"9";"20";"7";"14";"6303";"243.";"3.4";"15.1";"84.";"8.";"125.60";"0.00";"125.60"
"2020";"9";"20";"7";"15";"6304";"245.";"2.7";"14.6";"86.";"8.";"86.65";"0.00";"86.65"
"2020";"9";"20";"7";"16";"6305";"235.";"2.8";"14.1";"87.";"8.";"41.69";"0.00";"41.69"
"2020";"9";"20";"7";"17";"6306";"228.";"2.6";"13.6";"88.";"8.";"0.00";"0.00";"0.00"
"2020";"9";"20";"7";"18";"6307";"211.";"2.4";"13.3";"88.";"8.";"0.00";"0.00";"0.00"
"2020";"9";"20";"7";"19";"6308";"190.";"2.1";"12.8";"88.";"8.";"0.00";"0.00";"0.00"
"2020";"9";"20";"7";"20";"6309";"195.";"2.2";"12.2";"90.";"5.";"0.00";"0.00";"0.00"
"2020";"9";"20";"7";"21";"6310";"198.";"2.3";"12.5";"92.";"5.";"0.00";"0.00";"0.00"
"2020";"9";"20";"7";"22";"6311";"202.";"2.4";"12.9";"93.";"8.";"0.00";"0.00";"0.00"
"2020";"9";"20";"7";"23";"6312";"204.";"2.3";"13.6";"92.";"7.";"0.00";"0.00";"0.00"
"2020";"9";"21";"1";"0";"6313";"201.";"2.1";"13.9";"93.";"7.";"0.00";"0.00";"0.00"
"2020";"9";"21";"1";"1";"6314";"200.";"2.2";"14.1";"93.";"6.";"0.00";"0.00";"0.00"
"2020";"9";"21";"1";"2";"6315";"203.";"2.4";"13.9";"93.";"7.";"0.00";"0.00";"0.00"
"2020";"9";"21";"1";"3";"6316";"202.";"2.3";"13.9";"91.";"6.";"0.00";"0.00";"0.00"
"2020";"9";"21";"1";"4";"6317";"205.";"2.9";"13.9";"91.";"8.";"0.00";"0.00";"0.00"
"2020";"9";"21";"1";"5";"6318";"208.";"3.1";"13.7";"91.";"8.";"0.00";"0.00";"0.00"
"2020";"9";"21";"1";"6";"6319";"203.";"3.5";"13.4";"91.";"8.";"0.00";"0.00";"0.00"
"2020";"9";"21";"1";"7";"6320";"210.";"4.0";"13.3";"93.";"8.";"38.80";"0.00";"38.80"
"2020";"9";"21";"1";"8";"6321";"211.";"4.4";"13.2";"93.";"8.";"82.87";"0.00";"82.87"
"2020";"9";"21";"1";"9";"6322";"216.";"4.0";"13.1";"91.";"8.";"119.43";"0.00";"119.43"
"2020";"9";"21";"1";"10";"6323";"224.";"4.2";"13.1";"90.";"8.";"149.25";"0.00";"149.25"
"2020";"9";"21";"1";"11";"6324";"228.";"4.0";"13.4";"89.";"8.";"161.86";"0.00";"161.86"
"2020";"9";"21";"1";"12";"6325";"227.";"4.0";"14.0";"86.";"8.";"164.82";"0.00";"164.82"
"2020";"9";"21";"1";"13";"6326";"227.";"3.9";"14.0";"85.";"8.";"149.30";"0.00";"149.30"
"2020";"9";"21";"1";"14";"6327";"223.";"4.4";"14.2";"84.";"8.";"121.82";"0.00";"121.82"
"2020";"9";"21";"1";"15";"6328";"221.";"4.6";"14.2";"85.";"8.";"85.37";"0.00";"85.37"
"2020";"9";"21";"1";"16";"6329";"223.";"4.3";"14.3";"85.";"8.";"41.50";"0.00";"41.50"
"2020";"9";"21";"1";"17";"6330";"231.";"3.7";"14.4";"82.";"8.";"0.00";"0.00";"0.00"
"2020";"9";"21";"1";"18";"6331";"238.";"3.4";"14.2";"82.";"8.";"0.00";"0.00";"0.00"
"2020";"9";"21";"1";"19";"6332";"233.";"4.4";"14.2";"82.";"8.";"0.00";"0.00";"0.00"
"2020";"9";"21";"1";"20";"6333";"240.";"4.5";"14.0";"82.";"7.";"0.00";"0.00";"0.00"
"2020";"9";"21";"1";"21";"6334";"248.";"3.8";"13.9";"84.";"8.";"0.00";"0.00";"0.00"
"2020";"9";"21";"1";"22";"6335";"250.";"3.7";"13.6";"83.";"8.";"0.00";"0.00";"0.00"
"2020";"9";"21";"1";"23";"6336";"244.";"4.0";"13.3";"83.";"8.";"0.00";"0.00";"0.00"
"2020";"9";"22";"2";"0";"6337";"242.";"3.5";"12.8";"83.";"8.";"0.00";"0.00";"0.00"
"2020";"9";"22";"2";"1";"6338";"239.";"3.7";"12.6";"82.";"8.";"0.00";"0.00";"0.00"
"2020";"9";"22";"2";"2";"6339";"235.";"3.7";"12.6";"81.";"8.";"0.00";"0.00";"0.00"
"2020";"9";"22";"2";"3";"6340";"247.";"3.5";"12.5";"80.";"8.";"0.00";"0.00";"0.00"
"2020";"9";"22";"2";"4";"6341";"235.";"3.4";"12.6";"80.";"8.";"0.00";"0.00";"0.00"
"2020";"9";"22";"2";"5";"6342";"229.";"2.8";"12.8";"80.";"8.";"0.00";"0.00";"0.00"
"2020";"9";"22";"2";"6";"6343";"232.";"3.0";"13.3";"79.";"8.";"0.00";"0.00";"0.00"
"2020";"9";"22";"2";"7";"6344";"217.";"3.6";"14.1";"77.";"8.";"40.47";"0.00";"40.47"
"2020";"9";"22";"2";"8";"6345";"216.";"3.8";"14.4";"75.";"8.";"84.92";"0.00";"84.92"
"2020";"9";"22";"2";"9";"6346";"218.";"3.8";"14.8";"72.";"8.";"123.07";"0.00";"123.07"
"2020";"9";"22";"2";"10";"6347";"212.";"3.8";"15.0";"70.";"8.";"151.10";"0.00";"151.10"
"2020";"9";"22";"2";"11";"6348";"210.";"3.9";"15.3";"71.";"8.";"163.06";"0.00";"163.06"
"2020";"9";"22";"2";"12";"6349";"209.";"4.1";"15.5";"71.";"8.";"164.17";"0.00";"164.17"
"2020";"9";"22";"2";"13";"6350";"204.";"4.2";"15.5";"75.";"8.";"149.31";"0.00";"149.31"
"2020";"9";"22";"2";"14";"6351";"205.";"3.8";"15.4";"76.";"8.";"122.02";"0.00";"122.02"
"2020";"9";"22";"2";"15";"6352";"198.";"3.4";"15.3";"77.";"7.";"112.73";"76.37";"88.29"
"2020";"9";"22";"2";"16";"6353";"194.";"3.1";"14.9";"78.";"2.";"107.70";"300.37";"47.92"
"2020";"9";"22";"2";"17";"6354";"184.";"2.7";"14.0";"83.";"8.";"0.00";"0.00";"0.00"
"2020";"9";"22";"2";"18";"6355";"181.";"2.0";"12.7";"89.";"1.";"0.00";"0.00";"0.00"
"2020";"9";"22";"2";"19";"6356";"167.";"1.8";"11.8";"92.";"0.";"0.00";"0.00";"0.00"
"2020";"9";"22";"2";"20";"6357";"165.";"1.9";"11.5";"94.";"0.";"0.00";"0.00";"0.00"
"2020";"9";"22";"2";"21";"6358";"155.";"2.5";"11.2";"95.";"0.";"0.00";"0.00";"0.00"
"2020";"9";"22";"2";"22";"6359";"148.";"2.8";"11.3";"95.";"0.";"0.00";"0.00";"0.00"
"2020";"9";"22";"2";"23";"6360";"146.";"2.8";"11.1";"94.";"0.";"0.00";"0.00";"0.00"
"2020";"9";"23";"3";"0";"6361";"144.";"2.9";"11.0";"94.";"2.";"0.00";"0.00";"0.00"
"2020";"9";"23";"3";"1";"6362";"158.";"2.7";"11.1";"92.";"3.";"0.00";"0.00";"0.00"
"2020";"9";"23";"3";"2";"6363";"164.";"2.3";"11.0";"92.";"3.";"0.00";"0.00";"0.00"
"2020";"9";"23";"3";"3";"6364";"149.";"2.6";"10.7";"95.";"4.";"0.00";"0.00";"0.00"
"2020";"9";"23";"3";"4";"6365";"145.";"2.6";"11.1";"96.";"3.";"0.00";"0.00";"0.00"
"2020";"9";"23";"3";"5";"6366";"142.";"2.8";"11.6";"96.";"0.";"0.00";"0.00";"0.00"
"2020";"9";"23";"3";"6";"6367";"151.";"2.7";"11.9";"95.";"3.";"0.00";"0.00";"0.00"
"2020";"9";"23";"3";"7";"6368";"164.";"3.0";"13.3";"91.";"0.";"110.40";"287.02";"54.98"
"2020";"9";"23";"3";"8";"6369";"175.";"3.5";"14.7";"86.";"0.";"237.35";"353.84";"126.26"
"2020";"9";"23";"3";"9";"6370";"175.";"4.9";"16.2";"78.";"2.";"300.30";"330.08";"164.09"
"2020";"9";"23";"3";"10";"6371";"183.";"5.2";"17.6";"69.";"1.";"427.54";"561.30";"156.74"
"2020";"9";"23";"3";"11";"6372";"188.";"5.3";"18.4";"66.";"0.";"498.57";"622.98";"175.51"
"2020";"9";"23";"3";"12";"6373";"190.";"5.4";"18.4";"66.";"0.";"507.19";"677.15";"156.04"
"2020";"9";"23";"3";"13";"6374";"183.";"5.0";"18.6";"66.";"1.";"429.00";"574.81";"151.68"
"2020";"9";"23";"3";"14";"6375";"185.";"5.0";"18.2";"67.";"2.";"336.31";"408.12";"167.90"
"2020";"9";"23";"3";"15";"6376";"175.";"5.2";"17.5";"70.";"6.";"182.26";"117.63";"145.33"
"2020";"9";"23";"3";"16";"6377";"170.";"5.0";"16.9";"72.";"7.";"45.86";"37.78";"38.56"
"2020";"9";"23";"3";"17";"6378";"157.";"4.5";"16.3";"74.";"7.";"0.00";"0.00";"0.00"
"2020";"9";"23";"3";"18";"6379";"153.";"4.1";"15.6";"76.";"7.";"0.00";"0.00";"0.00"
"2020";"9";"23";"3";"19";"6380";"158.";"3.7";"15.7";"79.";"8.";"0.00";"0.00";"0.00"
"2020";"9";"23";"3";"20";"6381";"163.";"3.7";"15.9";"81.";"6.";"0.00";"0.00";"0.00"
"2020";"9";"23";"3";"21";"6382";"167.";"3.9";"16.2";"81.";"8.";"0.00";"0.00";"0.00"
"2020";"9";"23";"3";"22";"6383";"172.";"4.7";"16.1";"83.";"8.";"0.00";"0.00";"0.00"
"2020";"9";"23";"3";"23";"6384";"163.";"4.2";"15.9";"85.";"6.";"0.00";"0.00";"0.00"
"2020";"9";"24";"4";"0";"6385";"152.";"4.5";"15.6";"85.";"6.";"0.00";"0.00";"0.00"
"2020";"9";"24";"4";"1";"6386";"156.";"4.2";"15.8";"83.";"5.";"0.00";"0.00";"0.00"
"2020";"9";"24";"4";"2";"6387";"159.";"4.3";"16.0";"84.";"7.";"0.00";"0.00";"0.00"
"2020";"9";"24";"4";"3";"6388";"147.";"4.9";"15.7";"81.";"7.";"0.00";"0.00";"0.00"
"2020";"9";"24";"4";"4";"6389";"144.";"5.6";"15.2";"79.";"5.";"0.00";"0.00";"0.00"
"2020";"9";"24";"4";"5";"6390";"142.";"5.6";"15.4";"74.";"8.";"0.00";"0.00";"0.00"
"2020";"9";"24";"4";"6";"6391";"151.";"7.0";"15.9";"69.";"8.";"0.00";"0.00";"0.00"
"2020";"9";"24";"4";"7";"6392";"155.";"7.2";"16.9";"67.";"7.";"74.13";"41.07";"66.44"
"2020";"9";"24";"4";"8";"6393";"181.";"8.9";"16.2";"80.";"8.";"43.36";"0.00";"43.36"
"2020";"9";"24";"4";"9";"6394";"187.";"8.6";"15.5";"90.";"8.";"62.10";"0.00";"62.10"
"2020";"9";"24";"4";"10";"6395";"201.";"8.1";"16.5";"85.";"8.";"137.05";"0.00";"137.05"
"2020";"9";"24";"4";"11";"6396";"212.";"8.5";"16.8";"70.";"5.";"299.10";"242.04";"175.04"
"2020";"9";"24";"4";"12";"6397";"217.";"7.9";"17.3";"62.";"7.";"208.17";"85.79";"164.19"
"2020";"9";"24";"4";"13";"6398";"215.";"7.4";"17.4";"60.";"2.";"390.96";"479.30";"162.60"
"2020";"9";"24";"4";"14";"6399";"214.";"6.8";"17.3";"60.";"5.";"227.97";"237.32";"131.46"
"2020";"9";"24";"4";"15";"6400";"215.";"6.2";"16.9";"60.";"2.";"220.89";"404.09";"96.44"
"2020";"9";"24";"4";"16";"6401";"211.";"5.4";"16.1";"62.";"2.";"100.34";"279.07";"48.12"
"2020";"9";"24";"4";"17";"6402";"210.";"4.7";"14.9";"71.";"0.";"0.00";"0.00";"0.00"
"2020";"9";"24";"4";"18";"6403";"202.";"3.9";"13.4";"77.";"0.";"0.00";"0.00";"0.00"
"2020";"9";"24";"4";"19";"6404";"213.";"3.7";"13.8";"79.";"8.";"0.00";"0.00";"0.00"
"2020";"9";"24";"4";"20";"6405";"225.";"4.1";"14.5";"76.";"7.";"0.00";"0.00";"0.00"
"2020";"9";"24";"4";"21";"6406";"213.";"3.7";"13.7";"74.";"5.";"0.00";"0.00";"0.00"
"2020";"9";"24";"4";"22";"6407";"198.";"3.1";"12.7";"78.";"0.";"0.00";"0.00";"0.00"
"2020";"9";"24";"4";"23";"6408";"173.";"3.2";"12.3";"81.";"6.";"0.00";"0.00";"0.00"
"2020";"9";"25";"5";"0";"6409";"175.";"3.1";"12.1";"83.";"5.";"0.00";"0.00";"0.00"
"2020";"9";"25";"5";"1";"6410";"155.";"2.9";"11.3";"85.";"8.";"0.00";"0.00";"0.00"
"2020";"9";"25";"5";"2";"6411";"138.";"2.9";"11.5";"86.";"8.";"0.00";"0.00";"0.00"
"2020";"9";"25";"5";"3";"6412";"133.";"3.2";"11.4";"88.";"8.";"0.00";"0.00";"0.00"
"2020";"9";"25";"5";"4";"6413";"128.";"2.9";"11.4";"88.";"8.";"0.00";"0.00";"0.00"
"2020";"9";"25";"5";"5";"6414";"116.";"3.0";"11.2";"85.";"8.";"0.00";"0.00";"0.00"
"2020";"9";"25";"5";"6";"6415";"109.";"3.4";"11.3";"82.";"8.";"0.00";"0.00";"0.00"
"2020";"9";"25";"5";"7";"6416";"106.";"3.0";"11.9";"78.";"7.";"83.57";"55.65";"73.49"
"2020";"9";"25";"5";"8";"6417";"99.";"3.2";"12.6";"75.";"8.";"163.66";"0.00";"163.66"
"2020";"9";"25";"5";"9";"6418";"102.";"3.1";"13.2";"70.";"7.";"274.70";"90.26";"238.54"
"2020";"9";"25";"5";"10";"6419";"92.";"2.9";"13.9";"68.";"7.";"316.76";"94.81";"272.16"
"2020";"9";"25";"5";"11";"6420";"81.";"3.1";"15.3";"65.";"8.";"321.25";"0.00";"321.25"
"2020";"9";"25";"5";"12";"6421";"68.";"4.2";"15.1";"65.";"8.";"322.76";"0.00";"322.76"
"2020";"9";"25";"5";"13";"6422";"48.";"4.0";"14.5";"69.";"7.";"317.38";"97.37";"271.58"
"2020";"9";"25";"5";"14";"6423";"38.";"4.4";"13.9";"78.";"8.";"229.62";"0.00";"229.62"
"2020";"9";"25";"5";"15";"6424";"35.";"5.0";"12.9";"84.";"8.";"38.54";"0.00";"38.54"
"2020";"9";"25";"5";"16";"6425";"48.";"5.5";"12.4";"91.";"8.";"16.58";"0.00";"16.58"
"2020";"9";"25";"5";"17";"6426";"57.";"6.5";"12.2";"92.";"8.";"0.00";"0.00";"0.00"
"2020";"9";"25";"5";"18";"6427";"56.";"6.3";"12.2";"93.";"8.";"0.00";"0.00";"0.00"
"2020";"9";"25";"5";"19";"6428";"55.";"5.7";"12.2";"92.";"8.";"0.00";"0.00";"0.00"
"2020";"9";"25";"5";"20";"6429";"53.";"5.5";"11.9";"94.";"8.";"0.00";"0.00";"0.00"
"2020";"9";"25";"5";"21";"6430";"50.";"5.7";"11.9";"94.";"8.";"0.00";"0.00";"0.00"
"2020";"9";"25";"5";"22";"6431";"65.";"5.2";"12.2";"94.";"8.";"0.00";"0.00";"0.00"
"2020";"9";"25";"5";"23";"6432";"68.";"5.4";"12.8";"94.";"8.";"0.00";"0.00";"0.00"
"2020";"9";"26";"6";"0";"6433";"62.";"4.1";"13.8";"94.";"8.";"0.00";"0.00";"0.00"
"2020";"9";"26";"6";"1";"6434";"73.";"2.4";"14.3";"94.";"8.";"0.00";"0.00";"0.00"
"2020";"9";"26";"6";"2";"6435";"131.";"2.0";"14.2";"93.";"7.";"0.00";"0.00";"0.00"
"2020";"9";"26";"6";"3";"6436";"118.";"2.8";"13.9";"92.";"8.";"0.00";"0.00";"0.00"
"2020";"9";"26";"6";"4";"6437";"131.";"3.3";"13.9";"93.";"8.";"0.00";"0.00";"0.00"
"2020";"9";"26";"6";"5";"6438";"140.";"4.2";"13.8";"94.";"8.";"0.00";"0.00";"0.00"
"2020";"9";"26";"6";"6";"6439";"164.";"3.9";"13.8";"92.";"8.";"0.00";"0.00";"0.00"
"2020";"9";"26";"6";"7";"6440";"157.";"3.2";"14.2";"91.";"7.";"38.91";"45.13";"31.00"
"2020";"9";"26";"6";"8";"6441";"143.";"2.2";"14.7";"89.";"8.";"72.92";"0.00";"72.92"
"2020";"9";"26";"6";"9";"6442";"133.";"3.2";"15.2";"87.";"8.";"109.20";"0.00";"109.20"
"2020";"9";"26";"6";"10";"6443";"102.";"2.5";"15.6";"86.";"8.";"138.86";"0.00";"138.86"
"2020";"9";"26";"6";"11";"6444";"101.";"2.3";"15.8";"83.";"8.";"154.85";"0.00";"154.85"
"2020";"9";"26";"6";"12";"6445";"69.";"2.1";"16.0";"80.";"8.";"155.73";"0.00";"155.73"
"2020";"9";"26";"6";"13";"6446";"63.";"2.6";"16.1";"80.";"8.";"140.47";"0.00";"140.47"
"2020";"9";"26";"6";"14";"6447";"38.";"2.7";"16.6";"77.";"7.";"151.61";"91.05";"115.67"
"2020";"9";"26";"6";"15";"6448";"42.";"3.5";"16.7";"78.";"8.";"151.42";"0.00";"151.42"
"2020";"9";"26";"6";"16";"6449";"43.";"4.2";"15.6";"82.";"8.";"59.90";"0.00";"59.90"
"2020";"9";"26";"6";"17";"6450";"44.";"4.0";"15.2";"84.";"8.";"0.00";"0.00";"0.00"
"2020";"9";"26";"6";"18";"6451";"51.";"4.7";"15.1";"87.";"8.";"0.00";"0.00";"0.00"
"2020";"9";"26";"6";"19";"6452";"51.";"4.7";"14.7";"90.";"8.";"0.00";"0.00";"0.00"
"2020";"9";"26";"6";"20";"6453";"54.";"4.6";"14.6";"91.";"8.";"0.00";"0.00";"0.00"
"2020";"9";"26";"6";"21";"6454";"45.";"4.4";"14.9";"92.";"8.";"0.00";"0.00";"0.00"
"2020";"9";"26";"6";"22";"6455";"49.";"5.5";"14.8";"92.";"8.";"0.00";"0.00";"0.00"
"2020";"9";"26";"6";"23";"6456";"49.";"5.8";"14.5";"92.";"8.";"0.00";"0.00";"0.00"
"2020";"9";"27";"7";"0";"6457";"54.";"6.4";"14.3";"93.";"8.";"0.00";"0.00";"0.00"
"2020";"9";"27";"7";"1";"6458";"53.";"6.1";"14.2";"93.";"8.";"0.00";"0.00";"0.00"
"2020";"9";"27";"7";"2";"6459";"48.";"6.0";"14.2";"93.";"8.";"0.00";"0.00";"0.00"
"2020";"9";"27";"7";"3";"6460";"54.";"6.5";"14.2";"93.";"6.";"0.00";"0.00";"0.00"
"2020";"9";"27";"7";"4";"6461";"55.";"6.7";"14.4";"92.";"7.";"0.00";"0.00";"0.00"
"2020";"9";"27";"7";"5";"6462";"55.";"6.4";"14.5";"92.";"8.";"0.00";"0.00";"0.00"
"2020";"9";"27";"7";"6";"6463";"59.";"6.6";"14.5";"91.";"7.";"0.00";"0.00";"0.00"
"2020";"9";"27";"7";"7";"6464";"60.";"6.7";"14.7";"90.";"8.";"25.98";"0.00";"25.98"
"2020";"9";"27";"7";"8";"6465";"61.";"6.7";"14.9";"88.";"8.";"68.96";"0.00";"68.96"
"2020";"9";"27";"7";"9";"6466";"62.";"6.8";"15.4";"86.";"8.";"105.61";"0.00";"105.61"
"2020";"9";"27";"7";"10";"6467";"65.";"6.7";"16.2";"83.";"7.";"178.73";"84.11";"140.18"
"2020";"9";"27";"7";"11";"6468";"65.";"6.4";"16.8";"80.";"6.";"241.57";"165.40";"159.79"
"2020";"9";"27";"7";"12";"6469";"63.";"6.5";"17.4";"78.";"6.";"242.09";"168.01";"159.01"
"2020";"9";"27";"7";"13";"6470";"61.";"6.3";"17.4";"76.";"6.";"220.67";"165.23";"144.94"
"2020";"9";"27";"7";"14";"6471";"59.";"6.4";"17.2";"75.";"6.";"179.17";"159.79";"117.07"
"2020";"9";"27";"7";"15";"6472";"59.";"6.3";"16.8";"76.";"4.";"158.41";"259.40";"83.20"
"2020";"9";"27";"7";"16";"6473";"57.";"6.2";"15.9";"78.";"5.";"53.79";"113.74";"34.55"
"2020";"9";"27";"7";"17";"6474";"58.";"6.0";"15.2";"81.";"8.";"0.00";"0.00";"0.00"
"2020";"9";"27";"7";"18";"6475";"62.";"6.7";"14.9";"82.";"8.";"0.00";"0.00";"0.00"
"2020";"9";"27";"7";"19";"6476";"71.";"7.0";"14.8";"84.";"8.";"0.00";"0.00";"0.00"
"2020";"9";"27";"7";"20";"6477";"68.";"6.4";"14.8";"85.";"7.";"0.00";"0.00";"0.00"
"2020";"9";"27";"7";"21";"6478";"67.";"6.4";"14.7";"87.";"7.";"0.00";"0.00";"0.00"
"2020";"9";"27";"7";"22";"6479";"67.";"5.2";"14.7";"87.";"8.";"0.00";"0.00";"0.00"
"2020";"9";"27";"7";"23";"6480";"67.";"5.0";"14.6";"86.";"8.";"0.00";"0.00";"0.00"
"2020";"9";"28";"1";"0";"6481";"62.";"4.5";"14.2";"85.";"8.";"0.00";"0.00";"0.00"
"2020";"9";"28";"1";"1";"6482";"64.";"4.4";"13.9";"86.";"8.";"0.00";"0.00";"0.00"
"2020";"9";"28";"1";"2";"6483";"62.";"3.8";"13.5";"86.";"8.";"0.00";"0.00";"0.00"
"2020";"9";"28";"1";"3";"6484";"59.";"4.5";"13.3";"87.";"8.";"0.00";"0.00";"0.00"
"2020";"9";"28";"1";"4";"6485";"60.";"4.6";"13.3";"87.";"8.";"0.00";"0.00";"0.00"
"2020";"9";"28";"1";"5";"6486";"65.";"4.9";"13.2";"87.";"8.";"0.00";"0.00";"0.00"
"2020";"9";"28";"1";"6";"6487";"66.";"5.7";"13.2";"87.";"8.";"0.00";"0.00";"0.00"
"2020";"9";"28";"1";"7";"6488";"66.";"5.3";"13.6";"86.";"6.";"42.88";"69.82";"31.49"
"2020";"9";"28";"1";"8";"6489";"66.";"5.2";"14.6";"83.";"5.";"133.04";"177.39";"82.67"
"2020";"9";"28";"1";"9";"6490";"71.";"5.1";"15.7";"78.";"4.";"234.51";"288.07";"124.31"
"2020";"9";"28";"1";"10";"6491";"78.";"5.0";"16.8";"74.";"4.";"295.43";"327.74";"147.21"
"2020";"9";"28";"1";"11";"6492";"83.";"3.4";"18.5";"70.";"3.";"363.99";"422.89";"157.47"
"2020";"9";"28";"1";"12";"6493";"96.";"3.0";"19.4";"67.";"6.";"239.50";"169.41";"156.76"
"2020";"9";"28";"1";"13";"6494";"86.";"2.3";"19.3";"69.";"6.";"212.82";"151.26";"144.40"
"2020";"9";"28";"1";"14";"6495";"86.";"3.1";"18.5";"73.";"8.";"103.14";"0.00";"103.14"
"2020";"9";"28";"1";"15";"6496";"97.";"2.8";"17.4";"76.";"7.";"89.00";"57.79";"72.59"
"2020";"9";"28";"1";"16";"6497";"97.";"2.7";"16.9";"79.";"8.";"23.89";"0.00";"23.89"
"2020";"9";"28";"1";"17";"6498";"95.";"3.0";"16.5";"81.";"8.";"0.00";"0.00";"0.00"
"2020";"9";"28";"1";"18";"6499";"94.";"3.1";"15.9";"84.";"8.";"0.00";"0.00";"0.00"
"2020";"9";"28";"1";"19";"6500";"100.";"2.3";"14.9";"91.";"8.";"0.00";"0.00";"0.00"
"2020";"9";"28";"1";"20";"6501";"143.";"2.8";"14.5";"94.";"7.";"0.00";"0.00";"0.00"
"2020";"9";"28";"1";"21";"6502";"176.";"3.5";"14.1";"94.";"8.";"0.00";"0.00";"0.00"
"2020";"9";"28";"1";"22";"6503";"173.";"3.6";"13.9";"92.";"8.";"0.00";"0.00";"0.00"
"2020";"9";"28";"1";"23";"6504";"170.";"3.4";"13.6";"90.";"8.";"0.00";"0.00";"0.00"
"2020";"9";"29";"2";"0";"6505";"170.";"2.9";"13.1";"90.";"7.";"0.00";"0.00";"0.00"
"2020";"9";"29";"2";"1";"6506";"169.";"2.9";"12.6";"90.";"7.";"0.00";"0.00";"0.00"
"2020";"9";"29";"2";"2";"6507";"162.";"2.7";"11.8";"90.";"7.";"0.00";"0.00";"0.00"
"2020";"9";"29";"2";"3";"6508";"141.";"2.6";"11.4";"90.";"7.";"0.00";"0.00";"0.00"
"2020";"9";"29";"2";"4";"6509";"135.";"3.0";"11.0";"92.";"7.";"0.00";"0.00";"0.00"
"2020";"9";"29";"2";"5";"6510";"123.";"3.2";"10.4";"94.";"3.";"0.00";"0.00";"0.00"
"2020";"9";"29";"2";"6";"6511";"134.";"2.6";"10.6";"93.";"1.";"0.00";"0.00";"0.00"
"2020";"9";"29";"2";"7";"6512";"140.";"2.9";"11.9";"89.";"1.";"78.20";"288.04";"32.91"
"2020";"9";"29";"2";"8";"6513";"148.";"2.9";"13.8";"82.";"1.";"210.28";"511.41";"68.14"
"2020";"9";"29";"2";"9";"6514";"151.";"3.4";"15.5";"74.";"0.";"347.76";"685.11";"89.82"
"2020";"9";"29";"2";"10";"6515";"172.";"3.5";"16.4";"68.";"4.";"302.56";"381.87";"132.17"
"2020";"9";"29";"2";"11";"6516";"175.";"3.8";"16.3";"67.";"6.";"246.17";"193.89";"152.67"
"2020";"9";"29";"2";"12";"6517";"176.";"3.7";"16.2";"66.";"6.";"246.86";"195.22";"152.71"
"2020";"9";"29";"2";"13";"6518";"168.";"3.8";"16.1";"67.";"6.";"224.83";"194.92";"137.86"
"2020";"9";"29";"2";"14";"6519";"173.";"3.9";"16.7";"66.";"7.";"144.03";"87.17";"111.21"
"2020";"9";"29";"2";"15";"6520";"171.";"3.3";"16.3";"67.";"5.";"137.47";"221.41";"75.93"
"2020";"9";"29";"2";"16";"6521";"175.";"2.9";"15.5";"71.";"5.";"50.34";"122.13";"31.14"
"2020";"9";"29";"2";"17";"6522";"147.";"1.7";"14.2";"79.";"5.";"0.00";"0.00";"0.00"
"2020";"9";"29";"2";"18";"6523";"120.";"1.4";"13.3";"84.";"5.";"0.00";"0.00";"0.00"
"2020";"9";"29";"2";"19";"6524";"110.";"1.3";"12.8";"87.";"8.";"0.00";"0.00";"0.00"
"2020";"9";"29";"2";"20";"6525";"101.";"1.6";"12.4";"84.";"8.";"0.00";"0.00";"0.00"
"2020";"9";"29";"2";"21";"6526";"120.";"2.0";"12.0";"84.";"7.";"0.00";"0.00";"0.00"
"2020";"9";"29";"2";"22";"6527";"122.";"2.8";"12.2";"84.";"3.";"0.00";"0.00";"0.00"
"2020";"9";"29";"2";"23";"6528";"131.";"3.1";"11.7";"87.";"0.";"0.00";"0.00";"0.00"
"2020";"9";"30";"3";"0";"6529";"129.";"3.3";"11.3";"92.";"5.";"0.00";"0.00";"0.00"
"2020";"9";"30";"3";"1";"6530";"136.";"3.3";"11.1";"93.";"5.";"0.00";"0.00";"0.00"
"2020";"9";"30";"3";"2";"6531";"135.";"3.4";"11.0";"96.";"7.";"0.00";"0.00";"0.00"
"2020";"9";"30";"3";"3";"6532";"130.";"3.5";"11.3";"95.";"8.";"0.00";"0.00";"0.00"
"2020";"9";"30";"3";"4";"6533";"133.";"3.3";"11.4";"94.";"8.";"0.00";"0.00";"0.00"
"2020";"9";"30";"3";"5";"6534";"130.";"3.4";"11.7";"93.";"8.";"0.00";"0.00";"0.00"
"2020";"9";"30";"3";"6";"6535";"129.";"3.7";"11.9";"91.";"8.";"0.00";"0.00";"0.00"
"2020";"9";"30";"3";"7";"6536";"132.";"3.6";"12.3";"89.";"8.";"46.16";"0.00";"46.16"
"2020";"9";"30";"3";"8";"6537";"133.";"4.4";"12.9";"85.";"7.";"89.33";"67.41";"71.00"
"2020";"9";"30";"3";"9";"6538";"142.";"3.8";"14.4";"81.";"7.";"138.00";"79.99";"108.36"
"2020";"9";"30";"3";"10";"6539";"147.";"3.7";"15.9";"75.";"6.";"216.16";"180.49";"136.73"
"2020";"9";"30";"3";"11";"6540";"146.";"4.0";"15.9";"73.";"8.";"145.54";"0.00";"145.54"
"2020";"9";"30";"3";"12";"6541";"145.";"3.9";"16.2";"73.";"8.";"145.23";"0.00";"145.23"
"2020";"9";"30";"3";"13";"6542";"151.";"3.9";"16.1";"72.";"8.";"132.31";"0.00";"132.31"
"2020";"9";"30";"3";"14";"6543";"153.";"3.6";"15.8";"74.";"8.";"104.70";"0.00";"104.70"
"2020";"9";"30";"3";"15";"6544";"145.";"3.3";"15.6";"74.";"8.";"67.14";"0.00";"67.14"
"2020";"9";"30";"3";"16";"6545";"137.";"2.5";"15.2";"75.";"5.";"45.94";"121.70";"27.53"
"2020";"9";"30";"3";"17";"6546";"110.";"2.4";"14.5";"77.";"7.";"0.00";"0.00";"0.00"
"2020";"9";"30";"3";"18";"6547";"107.";"3.2";"14.5";"78.";"7.";"0.00";"0.00";"0.00"
"2020";"9";"30";"3";"19";"6548";"112.";"2.9";"14.4";"78.";"5.";"0.00";"0.00";"0.00"
"2020";"9";"30";"3";"20";"6549";"111.";"2.8";"14.0";"79.";"7.";"0.00";"0.00";"0.00"
"2020";"9";"30";"3";"21";"6550";"121.";"3.0";"12.9";"82.";"2.";"0.00";"0.00";"0.00"
"2020";"9";"30";"3";"22";"6551";"116.";"3.5";"11.4";"87.";"0.";"0.00";"0.00";"0.00"
"2020";"9";"30";"3";"23";"6552";"123.";"2.9";"10.9";"90.";"2.";"0.00";"0.00";"0.00"
"2020";"10";"1";"4";"0";"6553";"121.";"2.5";"10.3";"91.";"1.";"0.00";"0.00";"0.00"
"2020";"10";"1";"4";"1";"6554";"112.";"3.0";"9.8";"92.";"0.";"0.00";"0.00";"0.00"
"2020";"10";"1";"4";"2";"6555";"114.";"2.6";"9.5";"92.";"2.";"0.00";"0.00";"0.00"
"2020";"10";"1";"4";"3";"6556";"114.";"2.9";"9.0";"93.";"7.";"0.00";"0.00";"0.00"
"2020";"10";"1";"4";"4";"6557";"103.";"3.1";"9.4";"94.";"7.";"0.00";"0.00";"0.00"
"2020";"10";"1";"4";"5";"6558";"98.";"3.0";"9.6";"93.";"8.";"0.00";"0.00";"0.00"
"2020";"10";"1";"4";"6";"6559";"94.";"2.9";"9.8";"91.";"4.";"0.00";"0.00";"0.00"
"2020";"10";"1";"4";"7";"6560";"108.";"4.1";"10.7";"89.";"8.";"23.80";"0.00";"23.80"
"2020";"10";"1";"4";"8";"6561";"102.";"3.8";"11.9";"80.";"7.";"91.85";"72.85";"72.48"
"2020";"10";"1";"4";"9";"6562";"98.";"4.1";"13.4";"75.";"6.";"177.26";"182.50";"110.76"
"2020";"10";"1";"4";"10";"6563";"102.";"5.2";"14.4";"71.";"7.";"179.12";"97.77";"136.69"
"2020";"10";"1";"4";"11";"6564";"104.";"5.0";"15.4";"66.";"8.";"148.32";"0.00";"148.32"
"2020";"10";"1";"4";"12";"6565";"95.";"4.4";"16.4";"64.";"8.";"148.77";"0.00";"148.77"
"2020";"10";"1";"4";"13";"6566";"90.";"3.8";"15.7";"69.";"8.";"132.94";"0.00";"132.94"
"2020";"10";"1";"4";"14";"6567";"89.";"3.9";"15.2";"74.";"8.";"105.17";"0.00";"105.17"
"2020";"10";"1";"4";"15";"6568";"88.";"3.8";"15.1";"77.";"8.";"66.25";"0.00";"66.25"
"2020";"10";"1";"4";"16";"6569";"89.";"3.5";"14.8";"77.";"8.";"22.55";"0.00";"22.55"
"2020";"10";"1";"4";"17";"6570";"71.";"3.5";"14.5";"78.";"8.";"0.00";"0.00";"0.00"
"2020";"10";"1";"4";"18";"6571";"73.";"4.0";"14.4";"78.";"8.";"0.00";"0.00";"0.00"
"2020";"10";"1";"4";"19";"6572";"80.";"4.2";"14.3";"79.";"8.";"0.00";"0.00";"0.00"
"2020";"10";"1";"4";"20";"6573";"85.";"4.4";"14.1";"78.";"7.";"0.00";"0.00";"0.00"
"2020";"10";"1";"4";"21";"6574";"85.";"4.6";"13.9";"77.";"7.";"0.00";"0.00";"0.00"
"2020";"10";"1";"4";"22";"6575";"80.";"4.2";"13.8";"76.";"8.";"0.00";"0.00";"0.00"
"2020";"10";"1";"4";"23";"6576";"79.";"5.0";"13.7";"76.";"8.";"0.00";"0.00";"0.00"
"2020";"10";"2";"5";"0";"6577";"83.";"4.5";"13.5";"77.";"8.";"0.00";"0.00";"0.00"
"2020";"10";"2";"5";"1";"6578";"84.";"4.5";"13.5";"78.";"8.";"0.00";"0.00";"0.00"
"2020";"10";"2";"5";"2";"6579";"90.";"4.6";"13.5";"78.";"8.";"0.00";"0.00";"0.00"
"2020";"10";"2";"5";"3";"6580";"89.";"5.0";"13.5";"80.";"7.";"0.00";"0.00";"0.00"
"2020";"10";"2";"5";"4";"6581";"88.";"5.0";"13.5";"81.";"6.";"0.00";"0.00";"0.00"
"2020";"10";"2";"5";"5";"6582";"89.";"5.0";"13.2";"83.";"8.";"0.00";"0.00";"0.00"
"2020";"10";"2";"5";"6";"6583";"92.";"5.5";"13.7";"81.";"6.";"0.00";"0.00";"0.00"
"2020";"10";"2";"5";"7";"6584";"97.";"5.4";"14.5";"79.";"7.";"25.27";"24.52";"21.86"
"2020";"10";"2";"5";"8";"6585";"99.";"5.5";"15.9";"74.";"6.";"99.76";"103.16";"72.95"
"2020";"10";"2";"5";"9";"6586";"104.";"6.3";"17.1";"68.";"6.";"160.13";"131.23";"113.11"
"2020";"10";"2";"5";"10";"6587";"98.";"6.9";"17.8";"65.";"4.";"277.59";"302.28";"148.23"
"2020";"10";"2";"5";"11";"6588";"101.";"6.4";"17.7";"67.";"6.";"226.82";"156.40";"154.25"
"2020";"10";"2";"5";"12";"6589";"92.";"6.5";"17.5";"65.";"5.";"270.70";"242.03";"158.41"
"2020";"10";"2";"5";"13";"6590";"93.";"5.9";"18.4";"63.";"3.";"310.54";"375.20";"149.99"
"2020";"10";"2";"5";"14";"6591";"91.";"5.7";"17.8";"64.";"8.";"97.14";"0.00";"97.14"
"2020";"10";"2";"5";"15";"6592";"90.";"5.6";"17.9";"64.";"6.";"100.25";"104.18";"73.17"
"2020";"10";"2";"5";"16";"6593";"87.";"4.7";"17.0";"67.";"4.";"42.74";"101.59";"28.58"
"2020";"10";"2";"5";"17";"6594";"73.";"3.9";"16.1";"71.";"6.";"0.00";"0.00";"0.00"
"2020";"10";"2";"5";"18";"6595";"75.";"4.2";"15.5";"74.";"6.";"0.00";"0.00";"0.00"
"2020";"10";"2";"5";"19";"6596";"84.";"4.4";"15.1";"76.";"1.";"0.00";"0.00";"0.00"
"2020";"10";"2";"5";"20";"6597";"83.";"4.6";"14.9";"77.";"7.";"0.00";"0.00";"0.00"
"2020";"10";"2";"5";"21";"6598";"81.";"3.9";"14.7";"77.";"6.";"0.00";"0.00";"0.00"
"2020";"10";"2";"5";"22";"6599";"75.";"3.8";"14.3";"77.";"8.";"0.00";"0.00";"0.00"
"2020";"10";"2";"5";"23";"6600";"74.";"4.0";"14.3";"77.";"8.";"0.00";"0.00";"0.00"
"2020";"10";"3";"6";"0";"6601";"73.";"3.8";"13.5";"81.";"2.";"0.00";"0.00";"0.00"
"2020";"10";"3";"6";"1";"6602";"73.";"3.5";"12.9";"85.";"3.";"0.00";"0.00";"0.00"
"2020";"10";"3";"6";"2";"6603";"76.";"3.9";"12.7";"86.";"6.";"0.00";"0.00";"0.00"
"2020";"10";"3";"6";"3";"6604";"70.";"4.3";"12.8";"85.";"4.";"0.00";"0.00";"0.00"
"2020";"10";"3";"6";"4";"6605";"70.";"4.7";"13.3";"84.";"7.";"0.00";"0.00";"0.00"
"2020";"10";"3";"6";"5";"6606";"68.";"5.1";"13.5";"82.";"3.";"0.00";"0.00";"0.00"
"2020";"10";"3";"6";"6";"6607";"73.";"4.9";"13.8";"81.";"6.";"0.00";"0.00";"0.00"
"2020";"10";"3";"6";"7";"6608";"77.";"5.1";"14.1";"82.";"8.";"17.53";"0.00";"17.53"
"2020";"10";"3";"6";"8";"6609";"86.";"5.1";"13.8";"84.";"8.";"58.67";"0.00";"58.67"
"2020";"10";"3";"6";"9";"6610";"85.";"5.1";"15.1";"79.";"8.";"95.56";"0.00";"95.56"
"2020";"10";"3";"6";"10";"6611";"85.";"5.6";"16.5";"73.";"8.";"121.21";"0.00";"121.21"
"2020";"10";"3";"6";"11";"6612";"83.";"6.4";"16.7";"70.";"7.";"179.31";"75.31";"144.83"
"2020";"10";"3";"6";"12";"6613";"88.";"6.3";"16.7";"71.";"8.";"134.42";"0.00";"134.42"
"2020";"10";"3";"6";"13";"6614";"84.";"6.2";"16.7";"70.";"8.";"122.19";"0.00";"122.19"
"2020";"10";"3";"6";"14";"6615";"86.";"6.2";"16.2";"72.";"8.";"95.76";"0.00";"95.76"
"2020";"10";"3";"6";"15";"6616";"85.";"7.0";"16.1";"73.";"8.";"59.59";"0.00";"59.59"
"2020";"10";"3";"6";"16";"6617";"82.";"6.6";"15.6";"74.";"8.";"17.83";"0.00";"17.83"
"2020";"10";"3";"6";"17";"6618";"81.";"6.9";"15.3";"75.";"8.";"0.00";"0.00";"0.00"
"2020";"10";"3";"6";"18";"6619";"84.";"6.7";"15.2";"75.";"6.";"0.00";"0.00";"0.00"
"2020";"10";"3";"6";"19";"6620";"81.";"6.9";"15.1";"75.";"6.";"0.00";"0.00";"0.00"
"2020";"10";"3";"6";"20";"6621";"82.";"6.8";"14.9";"76.";"8.";"0.00";"0.00";"0.00"
"2020";"10";"3";"6";"21";"6622";"84.";"6.9";"14.7";"77.";"8.";"0.00";"0.00";"0.00"
"2020";"10";"3";"6";"22";"6623";"84.";"6.9";"14.6";"79.";"8.";"0.00";"0.00";"0.00"
"2020";"10";"3";"6";"23";"6624";"74.";"6.6";"14.8";"79.";"8.";"0.00";"0.00";"0.00"
"2020";"10";"4";"7";"0";"6625";"78.";"6.9";"15.0";"79.";"8.";"0.00";"0.00";"0.00"
"2020";"10";"4";"7";"1";"6626";"77.";"6.8";"15.2";"80.";"8.";"0.00";"0.00";"0.00"
"2020";"10";"4";"7";"2";"6627";"77.";"6.6";"15.4";"81.";"8.";"0.00";"0.00";"0.00"
"2020";"10";"4";"7";"3";"6628";"81.";"6.3";"15.4";"82.";"8.";"0.00";"0.00";"0.00"
"2020";"10";"4";"7";"4";"6629";"78.";"6.9";"15.4";"83.";"8.";"0.00";"0.00";"0.00"
"2020";"10";"4";"7";"5";"6630";"80.";"7.2";"15.3";"84.";"8.";"0.00";"0.00";"0.00"
"2020";"10";"4";"7";"6";"6631";"82.";"6.9";"15.5";"84.";"7.";"0.00";"0.00";"0.00"
"2020";"10";"4";"7";"7";"6632";"88.";"6.8";"16.0";"82.";"8.";"13.75";"0.00";"13.75"
"2020";"10";"4";"7";"8";"6633";"92.";"6.9";"16.5";"81.";"8.";"55.55";"0.00";"55.55"
"2020";"10";"4";"7";"9";"6634";"105.";"7.1";"17.0";"80.";"8.";"91.06";"0.00";"91.06"
"2020";"10";"4";"7";"10";"6635";"116.";"4.8";"16.9";"87.";"8.";"65.53";"0.00";"65.53"
"2020";"10";"4";"7";"11";"6636";"145.";"2.2";"15.5";"92.";"8.";"67.19";"0.00";"67.19"
"2020";"10";"4";"7";"12";"6637";"101.";"0.6";"15.1";"93.";"8.";"67.31";"0.00";"67.31"
"2020";"10";"4";"7";"13";"6638";"254.";"1.3";"14.7";"94.";"8.";"58.79";"0.00";"58.79"
"2020";"10";"4";"7";"14";"6639";"188.";"0.5";"14.7";"94.";"8.";"48.13";"0.00";"48.13"
"2020";"10";"4";"7";"15";"6640";"106.";"0.6";"14.4";"95.";"8.";"29.35";"0.00";"29.35"
"2020";"10";"4";"7";"16";"6641";"176.";"0.7";"14.2";"95.";"7.";"18.01";"12.10";"16.46"
"2020";"10";"4";"7";"17";"6642";"148.";"0.1";"14.1";"95.";"8.";"0.00";"0.00";"0.00"
"2020";"10";"4";"7";"18";"6643";"151.";"0.9";"13.9";"94.";"7.";"0.00";"0.00";"0.00"
"2020";"10";"4";"7";"19";"6644";"154.";"1.2";"13.6";"94.";"8.";"0.00";"0.00";"0.00"
"2020";"10";"4";"7";"20";"6645";"145.";"2.2";"13.3";"95.";"7.";"0.00";"0.00";"0.00"
"2020";"10";"4";"7";"21";"6646";"180.";"2.4";"13.2";"95.";"8.";"0.00";"0.00";"0.00"
"2020";"10";"4";"7";"22";"6647";"199.";"3.1";"12.7";"90.";"8.";"0.00";"0.00";"0.00"
"2020";"10";"4";"7";"23";"6648";"203.";"3.0";"12.1";"91.";"8.";"0.00";"0.00";"0.00"
"2020";"10";"5";"1";"0";"6649";"215.";"2.9";"12.3";"90.";"6.";"0.00";"0.00";"0.00"
"2020";"10";"5";"1";"1";"6650";"205.";"2.4";"11.8";"90.";"6.";"0.00";"0.00";"0.00"
"2020";"10";"5";"1";"2";"6651";"184.";"2.2";"10.6";"91.";"3.";"0.00";"0.00";"0.00"
"2020";"10";"5";"1";"3";"6652";"164.";"2.2";"10.2";"92.";"1.";"0.00";"0.00";"0.00"
"2020";"10";"5";"1";"4";"6653";"134.";"2.8";"10.8";"93.";"7.";"0.00";"0.00";"0.00"
"2020";"10";"5";"1";"5";"6654";"127.";"3.2";"10.5";"95.";"2.";"0.00";"0.00";"0.00"
"2020";"10";"5";"1";"6";"6655";"119.";"3.5";"10.4";"95.";"1.";"0.00";"0.00";"0.00"
"2020";"10";"5";"1";"7";"6656";"129.";"3.5";"11.4";"93.";"3.";"37.51";"141.91";"20.25"
"2020";"10";"5";"1";"8";"6657";"141.";"3.5";"12.9";"87.";"2.";"163.21";"437.69";"57.31"
"2020";"10";"5";"1";"9";"6658";"139.";"4.0";"14.1";"81.";"3.";"241.11";"426.70";"95.95"
"2020";"10";"5";"1";"10";"6659";"143.";"4.2";"14.6";"75.";"5.";"243.98";"295.27";"123.02"
"2020";"10";"5";"1";"11";"6660";"141.";"4.1";"15.7";"69.";"4.";"308.63";"387.71";"135.85"
"2020";"10";"5";"1";"12";"6661";"135.";"3.5";"16.2";"66.";"5.";"346.95";"293.67";"216.08"
"2020";"10";"5";"1";"13";"6662";"123.";"3.3";"15.9";"66.";"6.";"205.46";"188.85";"128.10"
"2020";"10";"5";"1";"14";"6663";"117.";"2.8";"16.2";"63.";"4.";"215.84";"326.72";"104.70"
"2020";"10";"5";"1";"15";"6664";"97.";"3.3";"15.1";"68.";"8.";"120.70";"0.00";"120.70"
"2020";"10";"5";"1";"16";"6665";"79.";"2.7";"14.1";"74.";"4.";"42.96";"136.94";"26.31"
"2020";"10";"5";"1";"17";"6666";"71.";"2.7";"13.4";"79.";"8.";"0.00";"0.00";"0.00"
"2020";"10";"5";"1";"18";"6667";"69.";"3.0";"12.9";"81.";"8.";"0.00";"0.00";"0.00"
"2020";"10";"5";"1";"19";"6668";"76.";"3.3";"12.6";"81.";"8.";"0.00";"0.00";"0.00"
"2020";"10";"5";"1";"20";"6669";"78.";"3.2";"12.0";"84.";"7.";"0.00";"0.00";"0.00"
"2020";"10";"5";"1";"21";"6670";"74.";"2.7";"11.2";"89.";"6.";"0.00";"0.00";"0.00"
"2020";"10";"5";"1";"22";"6671";"70.";"2.4";"10.5";"92.";"8.";"0.00";"0.00";"0.00"
"2020";"10";"5";"1";"23";"6672";"69.";"2.4";"10.4";"92.";"8.";"0.00";"0.00";"0.00"
"2020";"10";"6";"2";"0";"6673";"71.";"2.7";"10.8";"91.";"8.";"0.00";"0.00";"0.00"
"2020";"10";"6";"2";"1";"6674";"70.";"1.8";"10.8";"91.";"8.";"0.00";"0.00";"0.00"
"2020";"10";"6";"2";"2";"6675";"51.";"1.5";"10.9";"92.";"8.";"0.00";"0.00";"0.00"
"2020";"10";"6";"2";"3";"6676";"53.";"1.8";"11.1";"92.";"8.";"0.00";"0.00";"0.00"
"2020";"10";"6";"2";"4";"6677";"64.";"1.8";"11.3";"93.";"8.";"0.00";"0.00";"0.00"
"2020";"10";"6";"2";"5";"6678";"64.";"1.7";"11.3";"94.";"8.";"0.00";"0.00";"0.00"
"2020";"10";"6";"2";"6";"6679";"86.";"1.6";"11.4";"93.";"7.";"0.00";"0.00";"0.00"
"2020";"10";"6";"2";"7";"6680";"145.";"1.7";"12.2";"92.";"8.";"12.34";"0.00";"12.34"
"2020";"10";"6";"2";"8";"6681";"196.";"2.7";"12.9";"92.";"8.";"53.46";"0.00";"53.46"
"2020";"10";"6";"2";"9";"6682";"201.";"4.5";"13.8";"83.";"8.";"91.75";"0.00";"91.75"
"2020";"10";"6";"2";"10";"6683";"206.";"5.1";"14.4";"75.";"7.";"160.95";"89.56";"124.81"
"2020";"10";"6";"2";"11";"6684";"197.";"4.9";"14.6";"74.";"8.";"135.84";"0.00";"135.84"
"2020";"10";"6";"2";"12";"6685";"195.";"5.4";"14.8";"75.";"7.";"181.03";"97.68";"138.10"
"2020";"10";"6";"2";"13";"6686";"180.";"5.0";"14.7";"74.";"8.";"254.07";"0.00";"254.07"
"2020";"10";"6";"2";"14";"6687";"178.";"4.6";"14.5";"75.";"7.";"126.60";"86.93";"97.55"
"2020";"10";"6";"2";"15";"6688";"168.";"4.8";"14.5";"72.";"7.";"73.26";"56.08";"60.02"
"2020";"10";"6";"2";"16";"6689";"148.";"3.6";"13.5";"77.";"4.";"38.69";"130.02";"23.64"
"2020";"10";"6";"2";"17";"6690";"139.";"3.1";"12.6";"87.";"5.";"0.00";"0.00";"0.00"
"2020";"10";"6";"2";"18";"6691";"119.";"2.7";"12.2";"90.";"8.";"0.00";"0.00";"0.00"
"2020";"10";"6";"2";"19";"6692";"152.";"3.4";"12.3";"95.";"8.";"0.00";"0.00";"0.00"
"2020";"10";"6";"2";"20";"6693";"191.";"5.0";"12.9";"93.";"8.";"0.00";"0.00";"0.00"
"2020";"10";"6";"2";"21";"6694";"212.";"4.2";"13.0";"92.";"8.";"0.00";"0.00";"0.00"
"2020";"10";"6";"2";"22";"6695";"212.";"4.4";"13.2";"92.";"7.";"0.00";"0.00";"0.00"
"2020";"10";"6";"2";"23";"6696";"218.";"4.2";"13.2";"91.";"7.";"0.00";"0.00";"0.00"
"2020";"10";"7";"3";"0";"6697";"206.";"3.3";"13.0";"89.";"8.";"0.00";"0.00";"0.00"
"2020";"10";"7";"3";"1";"6698";"199.";"2.7";"12.5";"90.";"7.";"0.00";"0.00";"0.00"
"2020";"10";"7";"3";"2";"6699";"183.";"2.0";"11.9";"90.";"2.";"0.00";"0.00";"0.00"
"2020";"10";"7";"3";"3";"6700";"153.";"2.1";"11.6";"94.";"8.";"0.00";"0.00";"0.00"
"2020";"10";"7";"3";"4";"6701";"145.";"3.1";"11.8";"95.";"7.";"0.00";"0.00";"0.00"
"2020";"10";"7";"3";"5";"6702";"144.";"3.2";"11.9";"95.";"4.";"0.00";"0.00";"0.00"
"2020";"10";"7";"3";"6";"6703";"120.";"3.7";"11.8";"95.";"7.";"0.00";"0.00";"0.00"
"2020";"10";"7";"3";"7";"6704";"123.";"3.8";"12.1";"93.";"8.";"10.52";"0.00";"10.52"
"2020";"10";"7";"3";"8";"6705";"122.";"3.3";"12.7";"90.";"8.";"55.62";"0.00";"55.62"
"2020";"10";"7";"3";"9";"6706";"121.";"3.6";"13.6";"87.";"8.";"94.46";"0.00";"94.46"
"2020";"10";"7";"3";"10";"6707";"116.";"4.0";"14.3";"85.";"8.";"122.17";"0.00";"122.17"
"2020";"10";"7";"3";"11";"6708";"123.";"3.7";"14.3";"82.";"8.";"134.35";"0.00";"134.35"
"2020";"10";"7";"3";"12";"6709";"134.";"3.2";"14.3";"84.";"7.";"182.99";"104.81";"137.56"
"2020";"10";"7";"3";"13";"6710";"155.";"1.8";"13.8";"85.";"8.";"70.05";"0.00";"70.05"
"2020";"10";"7";"3";"14";"6711";"205.";"1.9";"13.7";"86.";"8.";"55.21";"0.00";"55.21"
"2020";"10";"7";"3";"15";"6712";"224.";"3.7";"13.4";"86.";"8.";"32.47";"0.00";"32.47"
"2020";"10";"7";"3";"16";"6713";"221.";"3.4";"12.9";"88.";"8.";"10.15";"0.00";"10.15"
"2020";"10";"7";"3";"17";"6714";"226.";"2.8";"12.5";"92.";"8.";"0.00";"0.00";"0.00"
"2020";"10";"7";"3";"18";"6715";"215.";"2.1";"12.4";"93.";"8.";"0.00";"0.00";"0.00"
"2020";"10";"7";"3";"19";"6716";"243.";"2.8";"12.6";"91.";"8.";"0.00";"0.00";"0.00"
"2020";"10";"7";"3";"20";"6717";"245.";"3.1";"12.2";"88.";"8.";"0.00";"0.00";"0.00"
"2020";"10";"7";"3";"21";"6718";"231.";"3.5";"12.5";"90.";"8.";"0.00";"0.00";"0.00"
"2020";"10";"7";"3";"22";"6719";"236.";"4.1";"12.7";"88.";"8.";"0.00";"0.00";"0.00"
"2020";"10";"7";"3";"23";"6720";"234.";"4.2";"12.4";"88.";"6.";"0.00";"0.00";"0.00"
"2020";"10";"8";"4";"0";"6721";"221.";"4.3";"12.4";"89.";"8.";"0.00";"0.00";"0.00"
"2020";"10";"8";"4";"1";"6722";"226.";"4.5";"12.4";"89.";"8.";"0.00";"0.00";"0.00"
"2020";"10";"8";"4";"2";"6723";"233.";"4.5";"12.5";"89.";"8.";"0.00";"0.00";"0.00"
"2020";"10";"8";"4";"3";"6724";"228.";"4.9";"12.6";"89.";"8.";"0.00";"0.00";"0.00"
"2020";"10";"8";"4";"4";"6725";"221.";"4.7";"12.6";"86.";"8.";"0.00";"0.00";"0.00"
"2020";"10";"8";"4";"5";"6726";"217.";"5.3";"12.7";"86.";"8.";"0.00";"0.00";"0.00"
"2020";"10";"8";"4";"6";"6727";"223.";"5.3";"12.8";"87.";"8.";"0.00";"0.00";"0.00"
"2020";"10";"8";"4";"7";"6728";"221.";"4.7";"13.0";"88.";"8.";"8.55";"0.00";"8.55"
"2020";"10";"8";"4";"8";"6729";"228.";"5.5";"13.2";"86.";"6.";"83.40";"117.22";"57.13"
"2020";"10";"8";"4";"9";"6730";"224.";"5.8";"13.5";"85.";"8.";"78.29";"0.00";"78.29"
"2020";"10";"8";"4";"10";"6731";"224.";"5.7";"13.8";"82.";"8.";"118.30";"0.00";"118.30"
"2020";"10";"8";"4";"11";"6732";"211.";"5.6";"14.1";"78.";"8.";"131.84";"0.00";"131.84"
"2020";"10";"8";"4";"12";"6733";"204.";"5.3";"14.2";"79.";"7.";"176.88";"103.27";"132.75"
"2020";"10";"8";"4";"13";"6734";"218.";"4.6";"13.5";"85.";"7.";"155.53";"93.24";"119.03"
"2020";"10";"8";"4";"14";"6735";"217.";"5.4";"12.3";"90.";"8.";"53.07";"0.00";"53.07"
"2020";"10";"8";"4";"15";"6736";"222.";"4.6";"12.1";"89.";"8.";"30.06";"0.00";"30.06"
"2020";"10";"8";"4";"16";"6737";"219.";"3.2";"11.8";"89.";"8.";"5.81";"0.00";"5.81"
"2020";"10";"8";"4";"17";"6738";"206.";"3.5";"11.7";"88.";"8.";"0.00";"0.00";"0.00"
"2020";"10";"8";"4";"18";"6739";"198.";"3.7";"11.4";"86.";"8.";"0.00";"0.00";"0.00"
"2020";"10";"8";"4";"19";"6740";"187.";"3.5";"10.8";"90.";"8.";"0.00";"0.00";"0.00"
"2020";"10";"8";"4";"20";"6741";"191.";"2.1";"10.7";"92.";"8.";"0.00";"0.00";"0.00"
"2020";"10";"8";"4";"21";"6742";"190.";"2.5";"10.5";"94.";"8.";"0.00";"0.00";"0.00"
"2020";"10";"8";"4";"22";"6743";"214.";"1.9";"10.4";"93.";"8.";"0.00";"0.00";"0.00"
"2020";"10";"8";"4";"23";"6744";"258.";"2.7";"10.7";"89.";"8.";"0.00";"0.00";"0.00"
"2020";"10";"9";"5";"0";"6745";"255.";"3.5";"11.0";"90.";"7.";"0.00";"0.00";"0.00"
"2020";"10";"9";"5";"1";"6746";"263.";"4.7";"11.0";"87.";"8.";"0.00";"0.00";"0.00"
"2020";"10";"9";"5";"2";"6747";"271.";"5.7";"10.9";"80.";"4.";"0.00";"0.00";"0.00"
"2020";"10";"9";"5";"3";"6748";"269.";"6.0";"11.1";"75.";"5.";"0.00";"0.00";"0.00"
"2020";"10";"9";"5";"4";"6749";"277.";"6.9";"11.2";"75.";"6.";"0.00";"0.00";"0.00"
"2020";"10";"9";"5";"5";"6750";"278.";"7.9";"11.1";"73.";"0.";"0.00";"0.00";"0.00"
"2020";"10";"9";"5";"6";"6751";"277.";"8.3";"11.2";"66.";"0.";"0.00";"0.00";"0.00"
"2020";"10";"9";"5";"7";"6752";"276.";"8.8";"11.9";"63.";"0.";"40.02";"248.52";"15.60"
"2020";"10";"9";"5";"8";"6753";"276.";"7.8";"12.5";"62.";"1.";"165.26";"531.76";"49.23"
"2020";"10";"9";"5";"9";"6754";"276.";"6.6";"12.9";"65.";"4.";"204.21";"355.82";"91.72"
"2020";"10";"9";"5";"10";"6755";"270.";"6.7";"12.8";"64.";"5.";"208.73";"175.28";"141.17"
"2020";"10";"9";"5";"11";"6756";"264.";"5.6";"13.0";"65.";"6.";"225.56";"213.96";"135.43"
"2020";"10";"9";"5";"12";"6757";"258.";"5.3";"12.9";"64.";"2.";"395.36";"627.44";"131.04"
"2020";"10";"9";"5";"13";"6758";"249.";"5.5";"13.1";"64.";"6.";"195.07";"192.72";"120.79"
"2020";"10";"9";"5";"14";"6759";"236.";"5.1";"12.9";"63.";"7.";"123.47";"94.29";"93.66"
"2020";"10";"9";"5";"15";"6760";"217.";"5.2";"12.4";"69.";"8.";"116.05";"0.00";"116.05"
"2020";"10";"9";"5";"16";"6761";"210.";"5.1";"12.4";"72.";"8.";"10.54";"0.00";"10.54"
"2020";"10";"9";"5";"17";"6762";"200.";"5.4";"11.2";"78.";"8.";"0.00";"0.00";"0.00"
"2020";"10";"9";"5";"18";"6763";"206.";"5.5";"11.2";"84.";"8.";"0.00";"0.00";"0.00"
"2020";"10";"9";"5";"19";"6764";"213.";"3.8";"10.7";"87.";"8.";"0.00";"0.00";"0.00"
"2020";"10";"9";"5";"20";"6765";"180.";"3.5";"10.4";"89.";"8.";"0.00";"0.00";"0.00"
"2020";"10";"9";"5";"21";"6766";"191.";"3.3";"10.3";"89.";"7.";"0.00";"0.00";"0.00"
"2020";"10";"9";"5";"22";"6767";"187.";"4.3";"10.4";"87.";"8.";"0.00";"0.00";"0.00"
"2020";"10";"9";"5";"23";"6768";"182.";"4.1";"10.1";"86.";"8.";"0.00";"0.00";"0.00"
"2020";"10";"10";"6";"0";"6769";"190.";"3.6";"10.0";"90.";"8.";"0.00";"0.00";"0.00"
"2020";"10";"10";"6";"1";"6770";"186.";"4.0";"9.8";"90.";"8.";"0.00";"0.00";"0.00"
"2020";"10";"10";"6";"2";"6771";"178.";"3.3";"9.5";"90.";"8.";"0.00";"0.00";"0.00"
"2020";"10";"10";"6";"3";"6772";"195.";"2.8";"9.3";"90.";"8.";"0.00";"0.00";"0.00"
"2020";"10";"10";"6";"4";"6773";"223.";"2.1";"9.5";"92.";"8.";"0.00";"0.00";"0.00"
"2020";"10";"10";"6";"5";"6774";"214.";"1.7";"9.4";"93.";"8.";"0.00";"0.00";"0.00"
"2020";"10";"10";"6";"6";"6775";"219.";"0.9";"9.3";"92.";"8.";"0.00";"0.00";"0.00"
"2020";"10";"10";"6";"7";"6776";"249.";"1.4";"9.2";"92.";"8.";"4.57";"0.00";"4.57"
"2020";"10";"10";"6";"8";"6777";"250.";"1.7";"9.0";"93.";"8.";"28.74";"0.00";"28.74"
"2020";"10";"10";"6";"9";"6778";"248.";"2.1";"9.3";"88.";"8.";"51.73";"0.00";"51.73"
"2020";"10";"10";"6";"10";"6779";"241.";"2.9";"9.7";"85.";"8.";"118.93";"0.00";"118.93"
"2020";"10";"10";"6";"11";"6780";"224.";"2.9";"10.7";"81.";"7.";"291.14";"105.86";"247.19"
"2020";"10";"10";"6";"12";"6781";"230.";"3.7";"11.8";"74.";"7.";"178.29";"106.01";"134.27"
"2020";"10";"10";"6";"13";"6782";"231.";"4.4";"12.7";"71.";"7.";"158.63";"101.98";"119.94"
"2020";"10";"10";"6";"14";"6783";"230.";"4.8";"11.9";"69.";"8.";"184.79";"0.00";"184.79"
"2020";"10";"10";"6";"15";"6784";"227.";"3.8";"10.9";"72.";"4.";"142.11";"297.50";"78.94"
"2020";"10";"10";"6";"16";"6785";"209.";"3.0";"9.5";"79.";"7.";"8.63";"17.07";"7.05"
"2020";"10";"10";"6";"17";"6786";"204.";"2.5";"8.6";"83.";"7.";"0.00";"0.00";"0.00"
"2020";"10";"10";"6";"18";"6787";"214.";"2.2";"7.8";"85.";"7.";"0.00";"0.00";"0.00"
"2020";"10";"10";"6";"19";"6788";"207.";"2.4";"7.8";"86.";"8.";"0.00";"0.00";"0.00"
"2020";"10";"10";"6";"20";"6789";"206.";"2.2";"7.9";"86.";"7.";"0.00";"0.00";"0.00"
"2020";"10";"10";"6";"21";"6790";"224.";"2.6";"7.8";"87.";"7.";"0.00";"0.00";"0.00"
"2020";"10";"10";"6";"22";"6791";"196.";"2.4";"7.6";"87.";"8.";"0.00";"0.00";"0.00"
"2020";"10";"10";"6";"23";"6792";"173.";"2.0";"7.4";"88.";"4.";"0.00";"0.00";"0.00"
"2020";"10";"11";"7";"0";"6793";"190.";"2.2";"7.0";"91.";"6.";"0.00";"0.00";"0.00"
"2020";"10";"11";"7";"1";"6794";"167.";"1.9";"7.0";"90.";"6.";"0.00";"0.00";"0.00"
"2020";"10";"11";"7";"2";"6795";"158.";"2.2";"7.1";"92.";"4.";"0.00";"0.00";"0.00"
"2020";"10";"11";"7";"3";"6796";"171.";"2.4";"6.8";"92.";"6.";"0.00";"0.00";"0.00"
"2020";"10";"11";"7";"4";"6797";"191.";"2.0";"7.0";"91.";"7.";"0.00";"0.00";"0.00"
"2020";"10";"11";"7";"5";"6798";"190.";"1.7";"6.9";"92.";"7.";"0.00";"0.00";"0.00"
"2020";"10";"11";"7";"6";"6799";"202.";"1.6";"6.9";"92.";"5.";"0.00";"0.00";"0.00"
"2020";"10";"11";"7";"7";"6800";"193.";"1.6";"7.7";"91.";"7.";"10.49";"21.74";"8.61"
"2020";"10";"11";"7";"8";"6801";"200.";"1.9";"8.8";"89.";"8.";"56.77";"0.00";"56.77"
"2020";"10";"11";"7";"9";"6802";"200.";"2.9";"10.1";"87.";"8.";"88.16";"0.00";"88.16"
"2020";"10";"11";"7";"10";"6803";"213.";"2.7";"10.9";"85.";"7.";"150.14";"96.23";"114.21"
"2020";"10";"11";"7";"11";"6804";"224.";"3.1";"10.7";"83.";"8.";"130.55";"0.00";"130.55"
"2020";"10";"11";"7";"12";"6805";"218.";"3.1";"11.2";"82.";"8.";"122.93";"0.00";"122.93"
"2020";"10";"11";"7";"13";"6806";"214.";"3.3";"11.4";"79.";"7.";"155.15";"101.12";"117.39"
"2020";"10";"11";"7";"14";"6807";"219.";"3.0";"11.1";"78.";"8.";"88.65";"0.00";"88.65"
"2020";"10";"11";"7";"15";"6808";"242.";"2.4";"10.8";"79.";"8.";"49.98";"0.00";"49.98"
"2020";"10";"11";"7";"16";"6809";"248.";"1.6";"10.5";"79.";"8.";"14.52";"0.00";"14.52"
"2020";"10";"11";"7";"17";"6810";"250.";"1.3";"9.2";"86.";"7.";"0.00";"0.00";"0.00"
"2020";"10";"11";"7";"18";"6811";"269.";"1.3";"7.7";"89.";"7.";"0.00";"0.00";"0.00"
"2020";"10";"11";"7";"19";"6812";"300.";"1.0";"6.8";"92.";"8.";"0.00";"0.00";"0.00"
"2020";"10";"11";"7";"20";"6813";"284.";"1.4";"6.0";"94.";"0.";"0.00";"0.00";"0.00"
"2020";"10";"11";"7";"21";"6814";"240.";"1.0";"5.4";"94.";"3.";"0.00";"0.00";"0.00"
"2020";"10";"11";"7";"22";"6815";"243.";"1.7";"4.9";"94.";"4.";"0.00";"0.00";"0.00"
"2020";"10";"11";"7";"23";"6816";"248.";"1.8";"4.5";"94.";"4.";"0.00";"0.00";"0.00"
"2020";"10";"12";"1";"0";"6817";"280.";"1.8";"5.9";"94.";"6.";"0.00";"0.00";"0.00"
"2020";"10";"12";"1";"1";"6818";"247.";"1.7";"6.2";"95.";"8.";"0.00";"0.00";"0.00"
"2020";"10";"12";"1";"2";"6819";"262.";"0.6";"6.2";"95.";"8.";"0.00";"0.00";"0.00"
"2020";"10";"12";"1";"3";"6820";"228.";"2.4";"6.0";"92.";"6.";"0.00";"0.00";"0.00"
"2020";"10";"12";"1";"4";"6821";"234.";"2.3";"6.1";"91.";"6.";"0.00";"0.00";"0.00"
"2020";"10";"12";"1";"5";"6822";"239.";"2.6";"6.6";"94.";"6.";"0.00";"0.00";"0.00"
"2020";"10";"12";"1";"6";"6823";"227.";"2.6";"7.4";"95.";"4.";"0.00";"0.00";"0.00"
"2020";"10";"12";"1";"7";"6824";"235.";"2.5";"8.3";"93.";"7.";"6.94";"15.10";"5.72"
"2020";"10";"12";"1";"8";"6825";"217.";"2.7";"10.5";"90.";"4.";"103.76";"270.78";"49.44"
"2020";"10";"12";"1";"9";"6826";"232.";"3.7";"12.7";"79.";"0.";"275.78";"715.82";"62.24"
"2020";"10";"12";"1";"10";"6827";"233.";"3.5";"13.4";"75.";"1.";"329.34";"655.11";"88.66"
"2020";"10";"12";"1";"11";"6828";"231.";"3.4";"13.9";"69.";"1.";"377.57";"726.56";"84.67"
"2020";"10";"12";"1";"12";"6829";"221.";"3.6";"13.5";"71.";"2.";"343.41";"591.54";"104.94"
"2020";"10";"12";"1";"13";"6830";"219.";"3.9";"13.3";"71.";"4.";"244.04";"359.01";"112.14"
"2020";"10";"12";"1";"14";"6831";"220.";"3.8";"13.0";"69.";"8.";"86.27";"0.00";"86.27"
"2020";"10";"12";"1";"15";"6832";"223.";"2.9";"12.0";"71.";"6.";"79.49";"140.50";"51.30"
"2020";"10";"12";"1";"16";"6833";"229.";"2.3";"10.4";"80.";"7.";"7.08";"15.41";"5.84"
"2020";"10";"12";"1";"17";"6834";"227.";"1.7";"9.6";"81.";"7.";"0.00";"0.00";"0.00"
"2020";"10";"12";"1";"18";"6835";"222.";"1.6";"8.8";"85.";"5.";"0.00";"0.00";"0.00"
"2020";"10";"12";"1";"19";"6836";"183.";"1.3";"8.5";"89.";"5.";"0.00";"0.00";"0.00"
"2020";"10";"12";"1";"20";"6837";"166.";"1.0";"7.8";"88.";"2.";"0.00";"0.00";"0.00"
"2020";"10";"12";"1";"21";"6838";"161.";"1.0";"7.3";"91.";"4.";"0.00";"0.00";"0.00"
"2020";"10";"12";"1";"22";"6839";"123.";"1.1";"6.7";"91.";"2.";"0.00";"0.00";"0.00"
"2020";"10";"12";"1";"23";"6840";"119.";"1.0";"6.6";"92.";"8.";"0.00";"0.00";"0.00"
"2020";"10";"13";"2";"0";"6841";"109.";"1.4";"6.8";"92.";"8.";"0.00";"0.00";"0.00"
"2020";"10";"13";"2";"1";"6842";"105.";"2.1";"6.9";"94.";"4.";"0.00";"0.00";"0.00"
"2020";"10";"13";"2";"2";"6843";"94.";"2.1";"6.9";"96.";"6.";"0.00";"0.00";"0.00"
"2020";"10";"13";"2";"3";"6844";"106.";"2.3";"6.8";"95.";"8.";"0.00";"0.00";"0.00"
"2020";"10";"13";"2";"4";"6845";"101.";"2.1";"7.0";"95.";"8.";"0.00";"0.00";"0.00"
"2020";"10";"13";"2";"5";"6846";"112.";"1.7";"7.2";"95.";"8.";"0.00";"0.00";"0.00"
"2020";"10";"13";"2";"6";"6847";"90.";"1.7";"7.4";"94.";"8.";"0.00";"0.00";"0.00"
"2020";"10";"13";"2";"7";"6848";"83.";"2.3";"7.6";"94.";"8.";"3.91";"0.00";"3.91"
"2020";"10";"13";"2";"8";"6849";"91.";"1.9";"8.4";"92.";"8.";"91.86";"0.00";"91.86"
"2020";"10";"13";"2";"9";"6850";"79.";"2.4";"10.1";"87.";"5.";"160.03";"268.49";"81.52"
"2020";"10";"13";"2";"10";"6851";"82.";"2.4";"12.0";"78.";"5.";"208.30";"266.94";"111.83"
"2020";"10";"13";"2";"11";"6852";"77.";"2.1";"12.3";"73.";"5.";"241.52";"311.96";"117.63"
"2020";"10";"13";"2";"12";"6853";"79.";"2.6";"12.8";"69.";"8.";"123.46";"0.00";"123.46"
"2020";"10";"13";"2";"13";"6854";"69.";"2.4";"12.9";"66.";"3.";"282.04";"502.76";"100.34"
"2020";"10";"13";"2";"14";"6855";"54.";"3.2";"12.4";"65.";"5.";"166.33";"273.60";"86.33"
"2020";"10";"13";"2";"15";"6856";"54.";"3.7";"11.3";"68.";"1.";"141.25";"490.85";"45.63"
"2020";"10";"13";"2";"16";"6857";"38.";"3.2";"9.8";"71.";"0.";"17.95";"135.16";"7.78"
"2020";"10";"13";"2";"17";"6858";"44.";"4.0";"8.5";"74.";"0.";"0.00";"0.00";"0.00"
"2020";"10";"13";"2";"18";"6859";"47.";"3.8";"7.5";"79.";"0.";"0.00";"0.00";"0.00"
"2020";"10";"13";"2";"19";"6860";"53.";"3.6";"6.9";"82.";"0.";"0.00";"0.00";"0.00"
"2020";"10";"13";"2";"20";"6861";"52.";"3.0";"5.9";"84.";"0.";"0.00";"0.00";"0.00"
"2020";"10";"13";"2";"21";"6862";"51.";"2.3";"5.1";"86.";"4.";"0.00";"0.00";"0.00"
"2020";"10";"13";"2";"22";"6863";"41.";"2.4";"4.6";"87.";"1.";"0.00";"0.00";"0.00"
"2020";"10";"13";"2";"23";"6864";"37.";"2.1";"4.4";"87.";"0.";"0.00";"0.00";"0.00"
"2020";"10";"14";"3";"0";"6865";"36.";"2.0";"3.6";"90.";"3.";"0.00";"0.00";"0.00"
"2020";"10";"14";"3";"1";"6866";"28.";"2.3";"3.2";"91.";"3.";"0.00";"0.00";"0.00"
"2020";"10";"14";"3";"2";"6867";"31.";"2.5";"3.1";"92.";"0.";"0.00";"0.00";"0.00"
"2020";"10";"14";"3";"3";"6868";"25.";"2.6";"3.1";"93.";"2.";"0.00";"0.00";"0.00"
"2020";"10";"14";"3";"4";"6869";"21.";"3.2";"3.4";"92.";"0.";"0.00";"0.00";"0.00"
"2020";"10";"14";"3";"5";"6870";"29.";"3.6";"3.5";"91.";"2.";"0.00";"0.00";"0.00"
"2020";"10";"14";"3";"6";"6871";"38.";"3.8";"3.9";"90.";"1.";"0.00";"0.00";"0.00"
"2020";"10";"14";"3";"7";"6872";"35.";"3.8";"5.0";"85.";"0.";"17.66";"140.30";"7.89"
"2020";"10";"14";"3";"8";"6873";"41.";"4.6";"6.5";"79.";"1.";"139.97";"498.25";"45.78"
"2020";"10";"14";"3";"9";"6874";"37.";"5.1";"8.1";"70.";"1.";"250.40";"644.40";"65.75"
"2020";"10";"14";"3";"10";"6875";"48.";"6.7";"8.7";"64.";"2.";"312.46";"614.83";"93.90"
"2020";"10";"14";"3";"11";"6876";"42.";"6.6";"9.7";"59.";"1.";"383.85";"745.52";"92.24"
"2020";"10";"14";"3";"12";"6877";"46.";"6.9";"10.1";"58.";"1.";"383.62";"745.07";"92.18"
"2020";"10";"14";"3";"13";"6878";"48.";"7.5";"9.7";"59.";"4.";"253.02";"410.26";"107.18"
"2020";"10";"14";"3";"14";"6879";"48.";"7.1";"8.7";"61.";"7.";"114.36";"93.34";"87.62"
"2020";"10";"14";"3";"15";"6880";"43.";"6.5";"8.3";"62.";"6.";"78.49";"145.52";"50.98"
"2020";"10";"14";"3";"16";"6881";"50.";"6.7";"8.0";"63.";"8.";"6.31";"0.00";"6.31"
"2020";"10";"14";"3";"17";"6882";"42.";"5.6";"7.8";"63.";"8.";"0.00";"0.00";"0.00"
"2020";"10";"14";"3";"18";"6883";"41.";"5.4";"7.7";"64.";"7.";"0.00";"0.00";"0.00"
"2020";"10";"14";"3";"19";"6884";"42.";"5.3";"7.5";"64.";"6.";"0.00";"0.00";"0.00"
"2020";"10";"14";"3";"20";"6885";"35.";"4.9";"7.2";"63.";"6.";"0.00";"0.00";"0.00"
"2020";"10";"14";"3";"21";"6886";"41.";"6.1";"6.9";"63.";"5.";"0.00";"0.00";"0.00"
"2020";"10";"14";"3";"22";"6887";"40.";"5.6";"6.9";"63.";"7.";"0.00";"0.00";"0.00"
"2020";"10";"14";"3";"23";"6888";"41.";"5.1";"6.7";"62.";"7.";"0.00";"0.00";"0.00"
"2020";"10";"15";"4";"0";"6889";"43.";"5.1";"6.5";"63.";"6.";"0.00";"0.00";"0.00"
"2020";"10";"15";"4";"1";"6890";"45.";"4.5";"6.2";"64.";"7.";"0.00";"0.00";"0.00"
"2020";"10";"15";"4";"2";"6891";"47.";"4.1";"6.2";"64.";"8.";"0.00";"0.00";"0.00"
"2020";"10";"15";"4";"3";"6892";"50.";"4.2";"5.3";"65.";"6.";"0.00";"0.00";"0.00"
"2020";"10";"15";"4";"4";"6893";"33.";"3.3";"4.8";"66.";"5.";"0.00";"0.00";"0.00"
"2020";"10";"15";"4";"5";"6894";"25.";"2.9";"3.8";"72.";"5.";"0.00";"0.00";"0.00"
"2020";"10";"15";"4";"6";"6895";"14.";"2.9";"3.3";"78.";"4.";"0.00";"0.00";"0.00"
"2020";"10";"15";"4";"7";"6896";"15.";"2.9";"4.4";"79.";"4.";"10.68";"65.93";"6.46"
"2020";"10";"15";"4";"8";"6897";"18.";"2.8";"6.3";"76.";"3.";"112.30";"351.28";"47.91"
"2020";"10";"15";"4";"9";"6898";"20.";"3.4";"7.7";"71.";"6.";"133.95";"183.28";"82.50"
"2020";"10";"15";"4";"10";"6899";"34.";"3.6";"9.0";"64.";"4.";"241.88";"403.25";"100.92"
"2020";"10";"15";"4";"11";"6900";"31.";"3.5";"10.0";"61.";"5.";"243.50";"316.72";"121.49"
"2020";"10";"15";"4";"12";"6901";"25.";"3.3";"10.5";"59.";"1.";"375.49";"739.00";"90.83"
"2020";"10";"15";"4";"13";"6902";"25.";"3.4";"10.9";"58.";"0.";"357.65";"811.45";"74.00"
"2020";"10";"15";"4";"14";"6903";"8.";"3.4";"10.8";"60.";"0.";"261.36";"721.06";"58.96"
"2020";"10";"15";"4";"15";"6904";"12.";"3.4";"10.0";"64.";"0.";"142.81";"552.60";"41.52"
"2020";"10";"15";"4";"16";"6905";"1.";"2.8";"8.6";"72.";"0.";"9.41";"79.21";"4.34"
"2020";"10";"15";"4";"17";"6906";"2.";"1.7";"7.2";"80.";"0.";"0.00";"0.00";"0.00"
"2020";"10";"15";"4";"18";"6907";"359.";"1.2";"5.8";"85.";"0.";"0.00";"0.00";"0.00"
"2020";"10";"15";"4";"19";"6908";"42.";"1.3";"5.0";"88.";"0.";"0.00";"0.00";"0.00"
"2020";"10";"15";"4";"20";"6909";"18.";"1.1";"4.1";"91.";"0.";"0.00";"0.00";"0.00"
"2020";"10";"15";"4";"21";"6910";"17.";"0.5";"3.4";"93.";"1.";"0.00";"0.00";"0.00"
"2020";"10";"15";"4";"22";"6911";"42.";"0.6";"2.8";"94.";"0.";"0.00";"0.00";"0.00"
"2020";"10";"15";"4";"23";"6912";"27.";"0.7";"2.1";"94.";"0.";"0.00";"0.00";"0.00"
"2020";"10";"16";"5";"0";"6913";"24.";"0.6";"1.7";"94.";"0.";"0.00";"0.00";"0.00"
"2020";"10";"16";"5";"1";"6914";"292.";"0.7";"1.2";"94.";"0.";"0.00";"0.00";"0.00"
"2020";"10";"16";"5";"2";"6915";"319.";"0.7";"1.0";"94.";"0.";"0.00";"0.00";"0.00"
"2020";"10";"16";"5";"3";"6916";"357.";"0.7";"0.9";"95.";"0.";"0.00";"0.00";"0.00"
"2020";"10";"16";"5";"4";"6917";"354.";"1.3";"0.7";"94.";"0.";"0.00";"0.00";"0.00"
"2020";"10";"16";"5";"5";"6918";"21.";"1.2";"0.9";"94.";"0.";"0.00";"0.00";"0.00"
"2020";"10";"16";"5";"6";"6919";"35.";"1.8";"1.3";"94.";"0.";"0.00";"0.00";"0.00"
"2020";"10";"16";"5";"7";"6920";"42.";"2.5";"2.7";"94.";"2.";"6.96";"40.54";"4.59"
"2020";"10";"16";"5";"8";"6921";"34.";"2.9";"5.0";"92.";"5.";"81.33";"201.10";"45.62"
"2020";"10";"16";"5";"9";"6922";"37.";"3.5";"7.6";"85.";"6.";"130.30";"177.88";"81.41"
"2020";"10";"16";"5";"10";"6923";"52.";"4.4";"9.5";"74.";"4.";"238.48";"398.01";"101.69"
"2020";"10";"16";"5";"11";"6924";"45.";"3.7";"10.4";"67.";"5.";"236.90";"312.28";"118.45"
"2020";"10";"16";"5";"12";"6925";"48.";"3.9";"11.1";"62.";"5.";"231.23";"302.76";"116.40"
"2020";"10";"16";"5";"13";"6926";"45.";"3.9";"10.9";"60.";"4.";"234.58";"389.25";"100.81"
"2020";"10";"16";"5";"14";"6927";"51.";"3.8";"10.5";"62.";"7.";"106.74";"90.20";"81.95"
"2020";"10";"16";"5";"15";"6928";"55.";"3.2";"10.1";"64.";"8.";"41.70";"0.00";"41.70"
"2020";"10";"16";"5";"16";"6929";"35.";"2.2";"9.4";"67.";"7.";"1.98";"5.37";"1.66"
"2020";"10";"16";"5";"17";"6930";"38.";"1.9";"8.7";"71.";"8.";"0.00";"0.00";"0.00"
"2020";"10";"16";"5";"18";"6931";"45.";"1.8";"8.1";"75.";"7.";"0.00";"0.00";"0.00"
"2020";"10";"16";"5";"19";"6932";"52.";"1.8";"6.9";"82.";"2.";"0.00";"0.00";"0.00"
"2020";"10";"16";"5";"20";"6933";"64.";"2.0";"5.1";"88.";"2.";"0.00";"0.00";"0.00"
"2020";"10";"16";"5";"21";"6934";"76.";"1.4";"4.3";"92.";"1.";"0.00";"0.00";"0.00"
"2020";"10";"16";"5";"22";"6935";"60.";"1.0";"3.4";"94.";"0.";"0.00";"0.00";"0.00"
"2020";"10";"16";"5";"23";"6936";"45.";"0.9";"2.5";"95.";"2.";"0.00";"0.00";"0.00"
"2020";"10";"17";"6";"0";"6937";"62.";"1.1";"2.1";"95.";"2.";"0.00";"0.00";"0.00"
"2020";"10";"17";"6";"1";"6938";"54.";"0.9";"1.5";"96.";"1.";"0.00";"0.00";"0.00"
"2020";"10";"17";"6";"2";"6939";"61.";"0.9";"0.9";"96.";"1.";"0.00";"0.00";"0.00"
"2020";"10";"17";"6";"3";"6940";"63.";"0.6";"0.4";"96.";"0.";"0.00";"0.00";"0.00"
"2020";"10";"17";"6";"4";"6941";"91.";"0.8";"0.2";"96.";"0.";"0.00";"0.00";"0.00"
"2020";"10";"17";"6";"5";"6942";"120.";"1.0";"0.2";"95.";"0.";"0.00";"0.00";"0.00"
"2020";"10";"17";"6";"6";"6943";"162.";"0.8";"0.2";"94.";"0.";"0.00";"0.00";"0.00"
"2020";"10";"17";"6";"7";"6944";"175.";"1.2";"1.1";"93.";"0.";"7.71";"73.69";"3.81"
"2020";"10";"17";"6";"8";"6945";"190.";"1.8";"4.0";"91.";"0.";"132.95";"541.27";"39.89"
"2020";"10";"17";"6";"9";"6946";"206.";"2.7";"7.6";"83.";"1.";"231.41";"617.40";"65.27"
"2020";"10";"17";"6";"10";"6947";"221.";"4.1";"10.0";"71.";"0.";"338.52";"790.79";"71.38"
"2020";"10";"17";"6";"11";"6948";"233.";"5.0";"10.6";"65.";"7.";"158.97";"103.61";"120.28"
"2020";"10";"17";"6";"12";"6949";"226.";"4.6";"10.4";"66.";"7.";"158.95";"103.60";"120.27"
"2020";"10";"17";"6";"13";"6950";"226.";"4.4";"10.0";"70.";"8.";"104.29";"0.00";"104.29"
"2020";"10";"17";"6";"14";"6951";"227.";"4.8";"10.0";"77.";"8.";"74.07";"0.00";"74.07"
"2020";"10";"17";"6";"15";"6952";"228.";"5.7";"10.3";"80.";"8.";"36.84";"0.00";"36.84"
"2020";"10";"17";"6";"16";"6953";"235.";"5.5";"10.5";"84.";"7.";"0.00";"0.00";"0.00"
"2020";"10";"17";"6";"17";"6954";"244.";"5.0";"10.4";"87.";"7.";"0.00";"0.00";"0.00"
"2020";"10";"17";"6";"18";"6955";"262.";"3.6";"10.7";"85.";"8.";"0.00";"0.00";"0.00"
"2020";"10";"17";"6";"19";"6956";"264.";"2.6";"10.8";"85.";"7.";"0.00";"0.00";"0.00"
"2020";"10";"17";"6";"20";"6957";"296.";"2.0";"10.0";"91.";"6.";"0.00";"0.00";"0.00"
"2020";"10";"17";"6";"21";"6958";"323.";"1.7";"8.5";"94.";"1.";"0.00";"0.00";"0.00"
"2020";"10";"17";"6";"22";"6959";"341.";"2.3";"6.8";"93.";"4.";"0.00";"0.00";"0.00"
"2020";"10";"17";"6";"23";"6960";"6.";"2.4";"6.5";"94.";"3.";"0.00";"0.00";"0.00"
"2020";"10";"18";"7";"0";"6961";"16.";"4.0";"6.7";"94.";"8.";"0.00";"0.00";"0.00"
"2020";"10";"18";"7";"1";"6962";"20.";"4.0";"6.5";"88.";"7.";"0.00";"0.00";"0.00"
"2020";"10";"18";"7";"2";"6963";"12.";"3.2";"6.2";"81.";"6.";"0.00";"0.00";"0.00"
"2020";"10";"18";"7";"3";"6964";"1.";"2.7";"5.0";"75.";"4.";"0.00";"0.00";"0.00"
"2020";"10";"18";"7";"4";"6965";"357.";"2.7";"3.8";"74.";"5.";"0.00";"0.00";"0.00"
"2020";"10";"18";"7";"5";"6966";"3.";"2.1";"2.3";"79.";"4.";"0.00";"0.00";"0.00"
"2020";"10";"18";"7";"6";"6967";"353.";"1.8";"1.6";"81.";"0.";"0.00";"0.00";"0.00"
"2020";"10";"18";"7";"7";"6968";"39.";"1.9";"2.5";"75.";"2.";"5.08";"45.81";"2.90"
"2020";"10";"18";"7";"8";"6969";"16.";"1.3";"5.4";"67.";"0.";"131.61";"550.05";"40.14"
"2020";"10";"18";"7";"9";"6970";"326.";"2.3";"8.7";"53.";"0.";"252.05";"726.09";"60.82"
"2020";"10";"18";"7";"10";"6971";"319.";"3.4";"10.0";"44.";"0.";"333.67";"783.04";"73.70"
"2020";"10";"18";"7";"11";"6972";"320.";"4.9";"10.1";"38.";"2.";"345.87";"594.68";"127.31"
"2020";"10";"18";"7";"12";"6973";"315.";"5.4";"10.4";"39.";"1.";"365.95";"734.62";"95.95"
"2020";"10";"18";"7";"13";"6974";"311.";"5.9";"10.3";"40.";"2.";"317.80";"612.18";"114.56"
"2020";"10";"18";"7";"14";"6975";"310.";"5.7";"9.8";"42.";"0.";"255.27";"735.37";"61.60"
"2020";"10";"18";"7";"15";"6976";"311.";"4.5";"8.8";"46.";"0.";"134.73";"563.10";"41.09"
"2020";"10";"18";"7";"16";"6977";"305.";"4.0";"7.3";"54.";"0.";"5.75";"58.99";"2.95"
"2020";"10";"18";"7";"17";"6978";"308.";"3.4";"6.0";"60.";"2.";"0.00";"0.00";"0.00"
"2020";"10";"18";"7";"18";"6979";"303.";"3.0";"4.8";"66.";"5.";"0.00";"0.00";"0.00"
"2020";"10";"18";"7";"19";"6980";"305.";"2.6";"4.0";"72.";"4.";"0.00";"0.00";"0.00"
"2020";"10";"18";"7";"20";"6981";"303.";"2.2";"2.4";"76.";"0.";"0.00";"0.00";"0.00"
"2020";"10";"18";"7";"21";"6982";"269.";"1.5";"1.8";"79.";"0.";"0.00";"0.00";"0.00"
"2020";"10";"18";"7";"22";"6983";"288.";"0.9";"1.2";"83.";"2.";"0.00";"0.00";"0.00"
"2020";"10";"18";"7";"23";"6984";"318.";"0.2";"0.4";"84.";"3.";"0.00";"0.00";"0.00"
"2020";"10";"19";"1";"0";"6985";"3.";"0.3";"0.1";"86.";"3.";"0.00";"0.00";"0.00"
"2020";"10";"19";"1";"1";"6986";"47.";"0.3";"0.0";"86.";"8.";"0.00";"0.00";"0.00"
"2020";"10";"19";"1";"2";"6987";"105.";"0.4";"0.1";"86.";"7.";"0.00";"0.00";"0.00"
"2020";"10";"19";"1";"3";"6988";"127.";"0.5";"0.0";"87.";"8.";"0.00";"0.00";"0.00"
"2020";"10";"19";"1";"4";"6989";"100.";"0.7";"-0.2";"87.";"7.";"0.00";"0.00";"0.00"
"2020";"10";"19";"1";"5";"6990";"94.";"1.2";"-0.1";"88.";"7.";"0.00";"0.00";"0.00"
"2020";"10";"19";"1";"6";"6991";"91.";"1.9";"-0.4";"87.";"3.";"0.00";"0.00";"0.00"
"2020";"10";"19";"1";"7";"6992";"91.";"2.6";"0.4";"85.";"6.";"1.06";"5.79";"0.82"
"2020";"10";"19";"1";"8";"6993";"93.";"2.3";"2.2";"82.";"5.";"75.52";"202.02";"43.05"
"2020";"10";"19";"1";"9";"6994";"109.";"2.0";"5.5";"69.";"5.";"146.75";"268.28";"77.63"
"2020";"10";"19";"1";"10";"6995";"107.";"2.4";"8.2";"58.";"5.";"195.01";"292.15";"99.71"
"2020";"10";"19";"1";"11";"6996";"171.";"0.5";"10.3";"49.";"8.";"114.32";"0.00";"114.32"
"2020";"10";"19";"1";"12";"6997";"261.";"1.1";"10.2";"50.";"8.";"113.84";"0.00";"113.84"
"2020";"10";"19";"1";"13";"6998";"279.";"2.3";"10.6";"50.";"5.";"199.77";"299.58";"102.04"
"2020";"10";"19";"1";"14";"6999";"282.";"2.5";"10.2";"50.";"8.";"75.03";"0.00";"75.03"
"2020";"10";"19";"1";"15";"7000";"272.";"2.7";"9.0";"53.";"8.";"77.21";"0.00";"77.21"
"2020";"10";"19";"1";"16";"7001";"277.";"1.5";"7.1";"64.";"6.";"0.00";"0.00";"0.00"
"2020";"10";"19";"1";"17";"7002";"268.";"0.8";"5.3";"73.";"8.";"0.00";"0.00";"0.00"
"2020";"10";"19";"1";"18";"7003";"220.";"0.6";"3.9";"80.";"7.";"0.00";"0.00";"0.00"
"2020";"10";"19";"1";"19";"7004";"142.";"0.6";"4.3";"81.";"8.";"0.00";"0.00";"0.00"
"2020";"10";"19";"1";"20";"7005";"137.";"0.6";"4.2";"85.";"8.";"0.00";"0.00";"0.00"
"2020";"10";"19";"1";"21";"7006";"129.";"1.8";"4.5";"86.";"8.";"0.00";"0.00";"0.00"
"2020";"10";"19";"1";"22";"7007";"124.";"2.1";"5.1";"86.";"8.";"0.00";"0.00";"0.00"
"2020";"10";"19";"1";"23";"7008";"136.";"2.4";"5.6";"86.";"8.";"0.00";"0.00";"0.00"
"2020";"10";"20";"2";"0";"7009";"128.";"3.7";"5.9";"86.";"8.";"0.00";"0.00";"0.00"
"2020";"10";"20";"2";"1";"7010";"139.";"3.7";"6.5";"86.";"8.";"0.00";"0.00";"0.00"
"2020";"10";"20";"2";"2";"7011";"138.";"4.4";"7.0";"86.";"8.";"0.00";"0.00";"0.00"
"2020";"10";"20";"2";"3";"7012";"141.";"3.5";"7.4";"90.";"8.";"0.00";"0.00";"0.00"
"2020";"10";"20";"2";"4";"7013";"161.";"3.2";"7.8";"92.";"8.";"0.00";"0.00";"0.00"
"2020";"10";"20";"2";"5";"7014";"177.";"4.0";"8.5";"92.";"8.";"0.00";"0.00";"0.00"
"2020";"10";"20";"2";"6";"7015";"185.";"4.7";"9.0";"90.";"8.";"0.00";"0.00";"0.00"
"2020";"10";"20";"2";"7";"7016";"178.";"5.2";"9.5";"88.";"8.";"0.00";"0.00";"0.00"
"2020";"10";"20";"2";"8";"7017";"170.";"5.5";"9.7";"88.";"8.";"27.32";"0.00";"27.32"
"2020";"10";"20";"2";"9";"7018";"165.";"5.2";"9.9";"88.";"8.";"58.04";"0.00";"58.04"
"2020";"10";"20";"2";"10";"7019";"161.";"5.1";"10.3";"86.";"8.";"84.35";"0.00";"84.35"
"2020";"10";"20";"2";"11";"7020";"162.";"5.2";"10.9";"83.";"8.";"199.68";"0.00";"199.68"
"2020";"10";"20";"2";"12";"7021";"175.";"5.9";"11.1";"72.";"8.";"212.05";"0.00";"212.05"
"2020";"10";"20";"2";"13";"7022";"172.";"6.4";"10.6";"69.";"8.";"186.75";"0.00";"186.75"
"2020";"10";"20";"2";"14";"7023";"183.";"6.6";"9.6";"76.";"8.";"76.52";"0.00";"76.52"
"2020";"10";"20";"2";"15";"7024";"165.";"5.1";"9.2";"80.";"7.";"44.03";"33.91";"38.77"
"2020";"10";"20";"2";"16";"7025";"155.";"4.5";"9.2";"79.";"8.";"0.00";"0.00";"0.00"
"2020";"10";"20";"2";"17";"7026";"152.";"4.9";"9.1";"79.";"8.";"0.00";"0.00";"0.00"
"2020";"10";"20";"2";"18";"7027";"166.";"5.2";"9.3";"79.";"8.";"0.00";"0.00";"0.00"
"2020";"10";"20";"2";"19";"7028";"174.";"5.5";"9.7";"79.";"8.";"0.00";"0.00";"0.00"
"2020";"10";"20";"2";"20";"7029";"182.";"5.5";"9.9";"81.";"8.";"0.00";"0.00";"0.00"
"2020";"10";"20";"2";"21";"7030";"190.";"5.1";"10.0";"84.";"8.";"0.00";"0.00";"0.00"
"2020";"10";"20";"2";"22";"7031";"196.";"4.7";"9.5";"93.";"8.";"0.00";"0.00";"0.00"
"2020";"10";"20";"2";"23";"7032";"186.";"4.2";"9.5";"95.";"8.";"0.00";"0.00";"0.00"
"2020";"10";"21";"3";"0";"7033";"192.";"3.7";"9.8";"94.";"8.";"0.00";"0.00";"0.00"
"2020";"10";"21";"3";"1";"7034";"192.";"3.6";"10.0";"95.";"8.";"0.00";"0.00";"0.00"
"2020";"10";"21";"3";"2";"7035";"188.";"3.6";"10.3";"96.";"8.";"0.00";"0.00";"0.00"
"2020";"10";"21";"3";"3";"7036";"186.";"3.6";"10.6";"96.";"8.";"0.00";"0.00";"0.00"
"2020";"10";"21";"3";"4";"7037";"203.";"3.5";"11.0";"97.";"8.";"0.00";"0.00";"0.00"
"2020";"10";"21";"3";"5";"7038";"215.";"2.6";"11.4";"97.";"8.";"0.00";"0.00";"0.00"
"2020";"10";"21";"3";"6";"7039";"219.";"3.0";"11.6";"97.";"8.";"0.00";"0.00";"0.00"
"2020";"10";"21";"3";"7";"7040";"219.";"3.1";"11.8";"97.";"8.";"0.00";"0.00";"0.00"
"2020";"10";"21";"3";"8";"7041";"212.";"2.9";"12.0";"96.";"8.";"16.91";"0.00";"16.91"
"2020";"10";"21";"3";"9";"7042";"203.";"3.5";"12.2";"95.";"8.";"45.48";"0.00";"45.48"
"2020";"10";"21";"3";"10";"7043";"199.";"3.8";"12.3";"95.";"8.";"66.84";"0.00";"66.84"
"2020";"10";"21";"3";"11";"7044";"190.";"3.6";"12.3";"94.";"8.";"89.01";"0.00";"89.01"
"2020";"10";"21";"3";"12";"7045";"179.";"4.1";"12.0";"95.";"8.";"76.76";"0.00";"76.76"
"2020";"10";"21";"3";"13";"7046";"166.";"4.1";"12.1";"95.";"8.";"69.41";"0.00";"69.41"
"2020";"10";"21";"3";"14";"7047";"162.";"4.1";"12.1";"94.";"8.";"51.72";"0.00";"51.72"
"2020";"10";"21";"3";"15";"7048";"159.";"4.4";"12.1";"95.";"8.";"18.68";"0.00";"18.68"
"2020";"10";"21";"3";"16";"7049";"150.";"4.1";"12.0";"95.";"8.";"0.00";"0.00";"0.00"
"2020";"10";"21";"3";"17";"7050";"147.";"4.2";"11.9";"96.";"8.";"0.00";"0.00";"0.00"
"2020";"10";"21";"3";"18";"7051";"149.";"4.8";"11.8";"96.";"8.";"0.00";"0.00";"0.00"
"2020";"10";"21";"3";"19";"7052";"147.";"4.6";"11.8";"96.";"8.";"0.00";"0.00";"0.00"
"2020";"10";"21";"3";"20";"7053";"152.";"4.8";"11.8";"96.";"8.";"0.00";"0.00";"0.00"
"2020";"10";"21";"3";"21";"7054";"156.";"5.3";"11.6";"96.";"8.";"0.00";"0.00";"0.00"
"2020";"10";"21";"3";"22";"7055";"160.";"5.2";"11.6";"96.";"8.";"0.00";"0.00";"0.00"
"2020";"10";"21";"3";"23";"7056";"155.";"5.0";"11.8";"96.";"8.";"0.00";"0.00";"0.00"
"2020";"10";"22";"4";"0";"7057";"163.";"5.2";"12.2";"96.";"8.";"0.00";"0.00";"0.00"
"2020";"10";"22";"4";"1";"7058";"189.";"7.2";"12.9";"96.";"8.";"0.00";"0.00";"0.00"
"2020";"10";"22";"4";"2";"7059";"197.";"7.1";"12.9";"96.";"8.";"0.00";"0.00";"0.00"
"2020";"10";"22";"4";"3";"7060";"268.";"4.8";"12.5";"97.";"8.";"0.00";"0.00";"0.00"
"2020";"10";"22";"4";"4";"7061";"292.";"5.7";"11.9";"97.";"8.";"0.00";"0.00";"0.00"
"2020";"10";"22";"4";"5";"7062";"300.";"6.1";"11.7";"96.";"8.";"0.00";"0.00";"0.00"
"2020";"10";"22";"4";"6";"7063";"293.";"6.4";"11.5";"95.";"8.";"0.00";"0.00";"0.00"
"2020";"10";"22";"4";"7";"7064";"291.";"5.4";"11.5";"94.";"8.";"0.00";"0.00";"0.00"
"2020";"10";"22";"4";"8";"7065";"266.";"2.8";"11.9";"94.";"8.";"22.98";"0.00";"22.98"
"2020";"10";"22";"4";"9";"7066";"243.";"3.9";"12.2";"96.";"8.";"53.14";"0.00";"53.14"
"2020";"10";"22";"4";"10";"7067";"221.";"4.7";"12.5";"95.";"8.";"47.09";"0.00";"47.09"
"2020";"10";"22";"4";"11";"7068";"218.";"5.7";"12.6";"94.";"8.";"53.75";"0.00";"53.75"
"2020";"10";"22";"4";"12";"7069";"216.";"5.0";"12.7";"95.";"8.";"48.77";"0.00";"48.77"
"2020";"10";"22";"4";"13";"7070";"220.";"6.7";"12.9";"95.";"8.";"47.78";"0.00";"47.78"
"2020";"10";"22";"4";"14";"7071";"217.";"6.9";"12.9";"91.";"3.";"119.10";"239.21";"61.49"
"2020";"10";"22";"4";"15";"7072";"214.";"7.7";"12.7";"92.";"8.";"20.94";"0.00";"20.94"
"2020";"10";"22";"4";"16";"7073";"230.";"7.2";"12.3";"92.";"8.";"0.00";"0.00";"0.00"
"2020";"10";"22";"4";"17";"7074";"218.";"7.0";"11.5";"93.";"8.";"0.00";"0.00";"0.00"
"2020";"10";"22";"4";"18";"7075";"213.";"7.0";"11.5";"92.";"4.";"0.00";"0.00";"0.00"
"2020";"10";"22";"4";"19";"7076";"217.";"7.6";"10.6";"91.";"8.";"0.00";"0.00";"0.00"
"2020";"10";"22";"4";"20";"7077";"216.";"7.6";"11.4";"92.";"5.";"0.00";"0.00";"0.00"
"2020";"10";"22";"4";"21";"7078";"218.";"8.4";"11.6";"89.";"8.";"0.00";"0.00";"0.00"
"2020";"10";"22";"4";"22";"7079";"224.";"8.6";"11.4";"87.";"8.";"0.00";"0.00";"0.00"
"2020";"10";"22";"4";"23";"7080";"227.";"8.6";"11.2";"89.";"7.";"0.00";"0.00";"0.00"
"2020";"10";"23";"5";"0";"7081";"231.";"8.1";"11.0";"89.";"6.";"0.00";"0.00";"0.00"
"2020";"10";"23";"5";"1";"7082";"238.";"7.2";"10.9";"89.";"6.";"0.00";"0.00";"0.00"
"2020";"10";"23";"5";"2";"7083";"248.";"7.2";"10.8";"90.";"6.";"0.00";"0.00";"0.00"
"2020";"10";"23";"5";"3";"7084";"263.";"7.3";"10.7";"83.";"7.";"0.00";"0.00";"0.00"
"2020";"10";"23";"5";"4";"7085";"261.";"6.6";"10.5";"79.";"8.";"0.00";"0.00";"0.00"
"2020";"10";"23";"5";"5";"7086";"265.";"6.1";"10.7";"78.";"7.";"0.00";"0.00";"0.00"
"2020";"10";"23";"5";"6";"7087";"275.";"6.2";"10.6";"78.";"7.";"0.00";"0.00";"0.00"
"2020";"10";"23";"5";"7";"7088";"282.";"5.0";"10.5";"76.";"8.";"0.00";"0.00";"0.00"
"2020";"10";"23";"5";"8";"7089";"274.";"4.8";"11.1";"74.";"5.";"49.16";"147.59";"28.68"
"2020";"10";"23";"5";"9";"7090";"276.";"4.8";"11.3";"70.";"6.";"97.80";"132.49";"66.63"
"2020";"10";"23";"5";"10";"7091";"272.";"4.8";"11.4";"67.";"8.";"84.75";"0.00";"84.75"
"2020";"10";"23";"5";"11";"7092";"276.";"5.4";"11.4";"63.";"6.";"167.18";"180.23";"106.12"
"2020";"10";"23";"5";"12";"7093";"272.";"4.4";"11.0";"62.";"8.";"105.47";"0.00";"105.47"
"2020";"10";"23";"5";"13";"7094";"269.";"3.2";"11.1";"62.";"8.";"88.83";"0.00";"88.83"
"2020";"10";"23";"5";"14";"7095";"267.";"3.3";"10.9";"64.";"8.";"62.49";"0.00";"62.49"
"2020";"10";"23";"5";"15";"7096";"245.";"2.2";"10.4";"70.";"8.";"26.37";"0.00";"26.37"
"2020";"10";"23";"5";"16";"7097";"217.";"1.8";"9.5";"76.";"6.";"0.00";"0.00";"0.00"
"2020";"10";"23";"5";"17";"7098";"204.";"2.0";"9.1";"82.";"6.";"0.00";"0.00";"0.00"
"2020";"10";"23";"5";"18";"7099";"188.";"1.9";"8.4";"85.";"6.";"0.00";"0.00";"0.00"
"2020";"10";"23";"5";"19";"7100";"168.";"1.7";"8.7";"87.";"8.";"0.00";"0.00";"0.00"
"2020";"10";"23";"5";"20";"7101";"183.";"1.6";"8.9";"90.";"3.";"0.00";"0.00";"0.00"
"2020";"10";"23";"5";"21";"7102";"166.";"2.6";"8.6";"93.";"8.";"0.00";"0.00";"0.00"
"2020";"10";"23";"5";"22";"7103";"177.";"2.5";"9.2";"92.";"8.";"0.00";"0.00";"0.00"
"2020";"10";"23";"5";"23";"7104";"159.";"3.3";"9.7";"91.";"8.";"0.00";"0.00";"0.00"
"2020";"10";"24";"6";"0";"7105";"186.";"5.0";"10.5";"95.";"8.";"0.00";"0.00";"0.00"
"2020";"10";"24";"6";"1";"7106";"211.";"7.7";"11.1";"94.";"8.";"0.00";"0.00";"0.00"
"2020";"10";"24";"6";"2";"7107";"218.";"6.9";"10.4";"92.";"7.";"0.00";"0.00";"0.00"
"2020";"10";"24";"6";"3";"7108";"222.";"5.5";"10.3";"92.";"8.";"0.00";"0.00";"0.00"
"2020";"10";"24";"6";"4";"7109";"233.";"5.3";"10.5";"90.";"8.";"0.00";"0.00";"0.00"
"2020";"10";"24";"6";"5";"7110";"239.";"3.7";"10.2";"92.";"8.";"0.00";"0.00";"0.00"
"2020";"10";"24";"6";"6";"7111";"246.";"2.8";"10.0";"94.";"8.";"0.00";"0.00";"0.00"
"2020";"10";"24";"6";"7";"7112";"253.";"3.2";"9.9";"93.";"8.";"0.00";"0.00";"0.00"
"2020";"10";"24";"6";"8";"7113";"240.";"2.8";"10.5";"91.";"6.";"35.74";"86.98";"24.13"
"2020";"10";"24";"6";"9";"7114";"242.";"4.3";"11.3";"87.";"8.";"57.88";"0.00";"57.88"
"2020";"10";"24";"6";"10";"7115";"236.";"4.2";"11.4";"87.";"8.";"83.36";"0.00";"83.36"
"2020";"10";"24";"6";"11";"7116";"245.";"4.7";"11.6";"85.";"8.";"96.93";"0.00";"96.93"
"2020";"10";"24";"6";"12";"7117";"243.";"3.9";"12.0";"79.";"6.";"160.27";"180.50";"100.13"
"2020";"10";"24";"6";"13";"7118";"239.";"4.2";"11.9";"79.";"7.";"112.22";"89.60";"85.53"
"2020";"10";"24";"6";"14";"7119";"234.";"3.6";"11.5";"76.";"7.";"127.01";"76.86";"109.35"
"2020";"10";"24";"6";"15";"7120";"220.";"3.4";"10.9";"82.";"8.";"45.68";"0.00";"45.68"
"2020";"10";"24";"6";"16";"7121";"202.";"3.2";"10.3";"88.";"8.";"0.00";"0.00";"0.00"
"2020";"10";"24";"6";"17";"7122";"191.";"2.8";"9.9";"89.";"7.";"0.00";"0.00";"0.00"
"2020";"10";"24";"6";"18";"7123";"189.";"3.4";"9.5";"89.";"6.";"0.00";"0.00";"0.00"
"2020";"10";"24";"6";"19";"7124";"183.";"3.6";"9.7";"90.";"8.";"0.00";"0.00";"0.00"
"2020";"10";"24";"6";"20";"7125";"189.";"3.8";"10.0";"89.";"8.";"0.00";"0.00";"0.00"
"2020";"10";"24";"6";"21";"7126";"181.";"4.5";"10.8";"89.";"8.";"0.00";"0.00";"0.00"
"2020";"10";"24";"6";"22";"7127";"175.";"5.5";"11.2";"88.";"8.";"0.00";"0.00";"0.00"
"2020";"10";"24";"6";"23";"7128";"175.";"6.2";"11.1";"90.";"8.";"0.00";"0.00";"0.00"
"2020";"10";"25";"7";"0";"7129";"174.";"6.5";"11.3";"90.";"8.";"0.00";"0.00";"0.00"
"2020";"10";"25";"7";"1";"7130";"172.";"6.4";"11.6";"89.";"8.";"0.00";"0.00";"0.00"
"2020";"10";"25";"7";"2";"7131";"171.";"7.3";"11.7";"89.";"8.";"0.00";"0.00";"0.00"
"2020";"10";"25";"7";"3";"7132";"174.";"7.3";"12.0";"90.";"8.";"0.00";"0.00";"0.00"
"2020";"10";"25";"7";"4";"7133";"170.";"8.1";"12.2";"90.";"8.";"0.00";"0.00";"0.00"
"2020";"10";"25";"7";"5";"7134";"169.";"8.6";"12.0";"92.";"8.";"0.00";"0.00";"0.00"
"2020";"10";"25";"7";"6";"7135";"170.";"9.0";"12.4";"90.";"8.";"0.00";"0.00";"0.00"
"2020";"10";"25";"7";"7";"7136";"174.";"8.9";"12.8";"88.";"8.";"0.00";"0.00";"0.00"
"2020";"10";"25";"7";"8";"7137";"176.";"9.5";"12.8";"87.";"8.";"16.79";"0.00";"16.79"
"2020";"10";"25";"7";"9";"7138";"179.";"9.6";"13.0";"87.";"8.";"44.11";"0.00";"44.11"
"2020";"10";"25";"7";"10";"7139";"183.";"9.4";"12.3";"92.";"8.";"41.67";"0.00";"41.67"
"2020";"10";"25";"7";"11";"7140";"186.";"9.5";"12.3";"92.";"8.";"48.75";"0.00";"48.75"
"2020";"10";"25";"7";"12";"7141";"194.";"9.8";"12.2";"94.";"8.";"48.40";"0.00";"48.40"
"2020";"10";"25";"7";"13";"7142";"188.";"8.6";"12.1";"93.";"8.";"43.43";"0.00";"43.43"
"2020";"10";"25";"7";"14";"7143";"218.";"3.9";"11.8";"92.";"8.";"29.24";"0.00";"29.24"
"2020";"10";"25";"7";"15";"7144";"208.";"5.8";"11.6";"93.";"8.";"17.32";"0.00";"17.32"
"2020";"10";"25";"7";"16";"7145";"204.";"5.8";"11.6";"93.";"8.";"0.00";"0.00";"0.00"
"2020";"10";"25";"7";"17";"7146";"203.";"5.6";"11.5";"93.";"8.";"0.00";"0.00";"0.00"
"2020";"10";"25";"7";"18";"7147";"205.";"4.2";"11.4";"94.";"8.";"0.00";"0.00";"0.00"
"2020";"10";"25";"7";"19";"7148";"202.";"4.7";"11.4";"91.";"8.";"0.00";"0.00";"0.00"
"2020";"10";"25";"7";"20";"7149";"206.";"3.5";"11.5";"92.";"8.";"0.00";"0.00";"0.00"
"2020";"10";"25";"7";"21";"7150";"209.";"3.6";"11.6";"92.";"8.";"0.00";"0.00";"0.00"
"2020";"10";"25";"7";"22";"7151";"200.";"2.9";"11.5";"92.";"8.";"0.00";"0.00";"0.00"
"2020";"10";"25";"7";"23";"7152";"200.";"2.6";"11.5";"94.";"8.";"0.00";"0.00";"0.00"
"2020";"10";"26";"1";"0";"7153";"196.";"2.7";"11.3";"94.";"8.";"0.00";"0.00";"0.00"
"2020";"10";"26";"1";"1";"7154";"199.";"2.7";"11.2";"94.";"7.";"0.00";"0.00";"0.00"
"2020";"10";"26";"1";"2";"7155";"191.";"2.5";"10.8";"94.";"8.";"0.00";"0.00";"0.00"
"2020";"10";"26";"1";"3";"7156";"190.";"3.8";"10.8";"94.";"7.";"0.00";"0.00";"0.00"
"2020";"10";"26";"1";"4";"7157";"188.";"4.3";"10.6";"92.";"7.";"0.00";"0.00";"0.00"
"2020";"10";"26";"1";"5";"7158";"177.";"3.5";"10.5";"93.";"6.";"0.00";"0.00";"0.00"
"2020";"10";"26";"1";"6";"7159";"184.";"4.2";"10.4";"92.";"8.";"0.00";"0.00";"0.00"
"2020";"10";"26";"1";"7";"7160";"176.";"4.3";"10.5";"91.";"8.";"0.00";"0.00";"0.00"
"2020";"10";"26";"1";"8";"7161";"181.";"4.2";"10.8";"92.";"8.";"16.92";"0.00";"16.92"
"2020";"10";"26";"1";"9";"7162";"185.";"4.2";"11.0";"90.";"8.";"30.16";"0.00";"30.16"
"2020";"10";"26";"1";"10";"7163";"180.";"4.6";"11.3";"91.";"8.";"74.82";"0.00";"74.82"
"2020";"10";"26";"1";"11";"7164";"180.";"4.1";"11.5";"87.";"8.";"89.04";"0.00";"89.04"
"2020";"10";"26";"1";"12";"7165";"182.";"4.7";"11.9";"87.";"8.";"88.85";"0.00";"88.85"
"2020";"10";"26";"1";"13";"7166";"174.";"4.3";"11.8";"85.";"8.";"77.39";"0.00";"77.39"
"2020";"10";"26";"1";"14";"7167";"174.";"4.6";"11.5";"86.";"8.";"51.62";"0.00";"51.62"
"2020";"10";"26";"1";"15";"7168";"165.";"4.1";"10.9";"90.";"8.";"9.75";"0.00";"9.75"
"2020";"10";"26";"1";"16";"7169";"156.";"3.5";"10.8";"92.";"8.";"0.00";"0.00";"0.00"
"2020";"10";"26";"1";"17";"7170";"165.";"4.0";"10.8";"92.";"8.";"0.00";"0.00";"0.00"
"2020";"10";"26";"1";"18";"7171";"168.";"3.9";"10.8";"92.";"8.";"0.00";"0.00";"0.00"
"2020";"10";"26";"1";"19";"7172";"176.";"3.8";"10.6";"93.";"8.";"0.00";"0.00";"0.00"
"2020";"10";"26";"1";"20";"7173";"181.";"4.6";"10.6";"93.";"8.";"0.00";"0.00";"0.00"
"2020";"10";"26";"1";"21";"7174";"196.";"4.2";"10.4";"91.";"7.";"0.00";"0.00";"0.00"
"2020";"10";"26";"1";"22";"7175";"201.";"4.1";"10.3";"90.";"8.";"0.00";"0.00";"0.00"
"2020";"10";"26";"1";"23";"7176";"200.";"3.3";"9.9";"90.";"7.";"0.00";"0.00";"0.00"
"2020";"10";"27";"2";"0";"7177";"214.";"3.2";"9.9";"88.";"8.";"0.00";"0.00";"0.00"
"2020";"10";"27";"2";"1";"7178";"205.";"4.0";"9.5";"88.";"7.";"0.00";"0.00";"0.00"
"2020";"10";"27";"2";"2";"7179";"190.";"4.1";"9.1";"85.";"5.";"0.00";"0.00";"0.00"
"2020";"10";"27";"2";"3";"7180";"181.";"3.9";"8.2";"88.";"6.";"0.00";"0.00";"0.00"
"2020";"10";"27";"2";"4";"7181";"177.";"4.8";"8.6";"90.";"7.";"0.00";"0.00";"0.00"
"2020";"10";"27";"2";"5";"7182";"174.";"5.2";"9.1";"87.";"6.";"0.00";"0.00";"0.00"
"2020";"10";"27";"2";"6";"7183";"181.";"6.2";"9.4";"88.";"8.";"0.00";"0.00";"0.00"
"2020";"10";"27";"2";"7";"7184";"178.";"6.3";"9.8";"89.";"7.";"0.00";"0.00";"0.00"
"2020";"10";"27";"2";"8";"7185";"178.";"6.9";"10.1";"87.";"8.";"15.71";"0.00";"15.71"
"2020";"10";"27";"2";"9";"7186";"186.";"7.4";"10.0";"87.";"8.";"28.33";"0.00";"28.33"
"2020";"10";"27";"2";"10";"7187";"191.";"7.6";"10.3";"86.";"7.";"63.63";"42.01";"51.80"
"2020";"10";"27";"2";"11";"7188";"191.";"7.9";"10.6";"84.";"7.";"78.01";"54.54";"60.74"
"2020";"10";"27";"2";"12";"7189";"189.";"8.3";"10.7";"81.";"7.";"120.62";"83.98";"94.02"
"2020";"10";"27";"2";"13";"7190";"193.";"8.5";"10.7";"80.";"8.";"77.95";"0.00";"77.95"
"2020";"10";"27";"2";"14";"7191";"191.";"8.5";"10.6";"80.";"8.";"51.38";"0.00";"51.38"
"2020";"10";"27";"2";"15";"7192";"189.";"8.0";"10.4";"82.";"8.";"16.89";"0.00";"16.89"
"2020";"10";"27";"2";"16";"7193";"185.";"7.7";"9.1";"90.";"8.";"0.00";"0.00";"0.00"
"2020";"10";"27";"2";"17";"7194";"194.";"8.0";"9.8";"86.";"8.";"0.00";"0.00";"0.00"
"2020";"10";"27";"2";"18";"7195";"200.";"8.4";"10.3";"83.";"8.";"0.00";"0.00";"0.00"
"2020";"10";"27";"2";"19";"7196";"205.";"8.3";"10.3";"82.";"7.";"0.00";"0.00";"0.00"
"2020";"10";"27";"2";"20";"7197";"204.";"7.6";"10.2";"79.";"8.";"0.00";"0.00";"0.00"
"2020";"10";"27";"2";"21";"7198";"208.";"8.0";"10.4";"80.";"6.";"0.00";"0.00";"0.00"
"2020";"10";"27";"2";"22";"7199";"205.";"7.6";"10.5";"80.";"6.";"0.00";"0.00";"0.00"
"2020";"10";"27";"2";"23";"7200";"200.";"6.8";"10.3";"80.";"7.";"0.00";"0.00";"0.00"
"2020";"10";"28";"3";"0";"7201";"187.";"6.7";"10.4";"83.";"8.";"0.00";"0.00";"0.00"
"2020";"10";"28";"3";"1";"7202";"187.";"6.9";"10.3";"87.";"8.";"0.00";"0.00";"0.00"
"2020";"10";"28";"3";"2";"7203";"184.";"7.1";"10.1";"90.";"8.";"0.00";"0.00";"0.00"
"2020";"10";"28";"3";"3";"7204";"184.";"7.2";"9.9";"91.";"8.";"0.00";"0.00";"0.00"
"2020";"10";"28";"3";"4";"7205";"174.";"7.4";"9.7";"91.";"8.";"0.00";"0.00";"0.00"
"2020";"10";"28";"3";"5";"7206";"176.";"7.8";"9.6";"93.";"8.";"0.00";"0.00";"0.00"
"2020";"10";"28";"3";"6";"7207";"181.";"8.1";"9.7";"94.";"8.";"0.00";"0.00";"0.00"
"2020";"10";"28";"3";"7";"7208";"197.";"8.1";"10.2";"95.";"8.";"0.00";"0.00";"0.00"
"2020";"10";"28";"3";"8";"7209";"214.";"6.6";"10.5";"93.";"7.";"11.33";"16.88";"9.42"
"2020";"10";"28";"3";"9";"7210";"217.";"6.1";"11.1";"88.";"5.";"92.20";"181.03";"54.46"
"2020";"10";"28";"3";"10";"7211";"215.";"6.4";"11.6";"85.";"3.";"179.42";"334.77";"86.95"
"2020";"10";"28";"3";"11";"7212";"214.";"6.4";"11.9";"81.";"4.";"185.49";"254.06";"106.41"
"2020";"10";"28";"3";"12";"7213";"212.";"6.8";"12.3";"77.";"0.";"273.93";"548.52";"103.19"
"2020";"10";"28";"3";"13";"7214";"209.";"6.6";"12.1";"77.";"3.";"181.82";"342.59";"87.20"
"2020";"10";"28";"3";"14";"7215";"207.";"6.4";"11.8";"77.";"4.";"106.63";"230.76";"58.53"
"2020";"10";"28";"3";"15";"7216";"201.";"6.5";"11.3";"80.";"2.";"39.20";"158.30";"21.37"
"2020";"10";"28";"3";"16";"7217";"198.";"6.0";"10.9";"84.";"2.";"0.00";"0.00";"0.00"
"2020";"10";"28";"3";"17";"7218";"200.";"6.4";"10.7";"85.";"8.";"0.00";"0.00";"0.00"
"2020";"10";"28";"3";"18";"7219";"189.";"3.8";"9.1";"83.";"6.";"0.00";"0.00";"0.00"
"2020";"10";"28";"3";"19";"7220";"192.";"4.6";"9.1";"87.";"8.";"0.00";"0.00";"0.00"
"2020";"10";"28";"3";"20";"7221";"200.";"4.8";"9.5";"85.";"8.";"0.00";"0.00";"0.00"
"2020";"10";"28";"3";"21";"7222";"201.";"6.2";"9.8";"86.";"8.";"0.00";"0.00";"0.00"
"2020";"10";"28";"3";"22";"7223";"208.";"6.0";"10.0";"84.";"8.";"0.00";"0.00";"0.00"
"2020";"10";"28";"3";"23";"7224";"208.";"6.2";"10.1";"84.";"7.";"0.00";"0.00";"0.00"
"2020";"10";"29";"4";"0";"7225";"207.";"5.4";"10.2";"84.";"3.";"0.00";"0.00";"0.00"
"2020";"10";"29";"4";"1";"7226";"201.";"5.2";"10.1";"87.";"6.";"0.00";"0.00";"0.00"
"2020";"10";"29";"4";"2";"7227";"204.";"5.2";"10.0";"88.";"7.";"0.00";"0.00";"0.00"
"2020";"10";"29";"4";"3";"7228";"204.";"4.8";"9.8";"88.";"6.";"0.00";"0.00";"0.00"
"2020";"10";"29";"4";"4";"7229";"203.";"4.4";"9.7";"88.";"7.";"0.00";"0.00";"0.00"
"2020";"10";"29";"4";"5";"7230";"199.";"3.1";"9.4";"90.";"7.";"0.00";"0.00";"0.00"
"2020";"10";"29";"4";"6";"7231";"202.";"3.0";"8.9";"91.";"6.";"0.00";"0.00";"0.00"
"2020";"10";"29";"4";"7";"7232";"190.";"2.6";"8.7";"90.";"8.";"0.00";"0.00";"0.00"
"2020";"10";"29";"4";"8";"7233";"198.";"2.1";"8.9";"90.";"3.";"37.75";"140.95";"22.59"
"2020";"10";"29";"4";"9";"7234";"180.";"2.2";"9.4";"92.";"8.";"26.84";"0.00";"26.84"
"2020";"10";"29";"4";"10";"7235";"183.";"1.5";"9.6";"92.";"7.";"62.96";"51.63";"48.97"
"2020";"10";"29";"4";"11";"7236";"211.";"1.3";"10.0";"92.";"7.";"75.30";"58.40";"57.44"
"2020";"10";"29";"4";"12";"7237";"234.";"1.3";"10.5";"88.";"5.";"174.31";"276.01";"89.87"
"2020";"10";"29";"4";"13";"7238";"252.";"1.1";"11.1";"84.";"5.";"188.70";"257.54";"118.93"
"2020";"10";"29";"4";"14";"7239";"274.";"2.0";"10.9";"82.";"4.";"109.02";"281.53";"51.80"
"2020";"10";"29";"4";"15";"7240";"276.";"0.9";"9.6";"87.";"1.";"42.03";"230.93";"17.19"
"2020";"10";"29";"4";"16";"7241";"239.";"1.5";"8.1";"91.";"5.";"0.00";"0.00";"0.00"
"2020";"10";"29";"4";"17";"7242";"251.";"1.2";"7.3";"93.";"4.";"0.00";"0.00";"0.00"
"2020";"10";"29";"4";"18";"7243";"257.";"1.1";"6.9";"91.";"2.";"0.00";"0.00";"0.00"
"2020";"10";"29";"4";"19";"7244";"252.";"2.3";"6.2";"90.";"5.";"0.00";"0.00";"0.00"
"2020";"10";"29";"4";"20";"7245";"239.";"2.0";"6.0";"91.";"2.";"0.00";"0.00";"0.00"
"2020";"10";"29";"4";"21";"7246";"236.";"2.0";"5.5";"94.";"2.";"0.00";"0.00";"0.00"
"2020";"10";"29";"4";"22";"7247";"230.";"1.7";"5.0";"93.";"2.";"0.00";"0.00";"0.00"
"2020";"10";"29";"4";"23";"7248";"226.";"1.5";"4.6";"92.";"0.";"0.00";"0.00";"0.00"
"2020";"10";"30";"5";"0";"7249";"209.";"1.8";"4.4";"95.";"4.";"0.00";"0.00";"0.00"
"2020";"10";"30";"5";"1";"7250";"209.";"1.8";"4.1";"95.";"4.";"0.00";"0.00";"0.00"
"2020";"10";"30";"5";"2";"7251";"186.";"1.4";"3.8";"95.";"1.";"0.00";"0.00";"0.00"
"2020";"10";"30";"5";"3";"7252";"144.";"1.6";"3.5";"96.";"8.";"0.00";"0.00";"0.00"
"2020";"10";"30";"5";"4";"7253";"130.";"1.8";"3.9";"97.";"7.";"0.00";"0.00";"0.00"
"2020";"10";"30";"5";"5";"7254";"111.";"3.6";"4.3";"96.";"8.";"0.00";"0.00";"0.00"
"2020";"10";"30";"5";"6";"7255";"112.";"2.9";"5.2";"96.";"8.";"0.00";"0.00";"0.00"
"2020";"10";"30";"5";"7";"7256";"115.";"3.1";"5.8";"97.";"8.";"0.00";"0.00";"0.00"
"2020";"10";"30";"5";"8";"7257";"119.";"2.9";"6.6";"96.";"8.";"9.61";"0.00";"9.61"
"2020";"10";"30";"5";"9";"7258";"116.";"3.3";"7.4";"96.";"8.";"35.06";"0.00";"35.06"
"2020";"10";"30";"5";"10";"7259";"125.";"3.2";"8.1";"96.";"8.";"54.00";"0.00";"54.00"
"2020";"10";"30";"5";"11";"7260";"125.";"3.2";"8.5";"96.";"8.";"66.77";"0.00";"66.77"
"2020";"10";"30";"5";"12";"7261";"124.";"3.2";"8.9";"93.";"8.";"81.68";"0.00";"81.68"
"2020";"10";"30";"5";"13";"7262";"127.";"3.0";"9.3";"90.";"8.";"71.82";"0.00";"71.82"
"2020";"10";"30";"5";"14";"7263";"123.";"3.0";"9.3";"89.";"8.";"46.01";"0.00";"46.01"
"2020";"10";"30";"5";"15";"7264";"128.";"3.0";"9.2";"90.";"8.";"11.63";"0.00";"11.63"
"2020";"10";"30";"5";"16";"7265";"127.";"3.1";"9.0";"90.";"8.";"0.00";"0.00";"0.00"
"2020";"10";"30";"5";"17";"7266";"123.";"3.9";"8.9";"91.";"8.";"0.00";"0.00";"0.00"
"2020";"10";"30";"5";"18";"7267";"126.";"4.2";"8.7";"91.";"8.";"0.00";"0.00";"0.00"
"2020";"10";"30";"5";"19";"7268";"126.";"4.5";"8.7";"90.";"8.";"0.00";"0.00";"0.00"
"2020";"10";"30";"5";"20";"7269";"135.";"4.7";"8.6";"91.";"8.";"0.00";"0.00";"0.00"
"2020";"10";"30";"5";"21";"7270";"143.";"5.3";"8.6";"94.";"8.";"0.00";"0.00";"0.00"
"2020";"10";"30";"5";"22";"7271";"148.";"5.0";"8.9";"94.";"8.";"0.00";"0.00";"0.00"
"2020";"10";"30";"5";"23";"7272";"150.";"5.1";"9.1";"96.";"8.";"0.00";"0.00";"0.00"
"2020";"10";"31";"6";"0";"7273";"162.";"5.1";"9.3";"96.";"7.";"0.00";"0.00";"0.00"
"2020";"10";"31";"6";"1";"7274";"170.";"4.7";"9.7";"97.";"6.";"0.00";"0.00";"0.00"
"2020";"10";"31";"6";"2";"7275";"200.";"3.6";"10.4";"97.";"8.";"0.00";"0.00";"0.00"
"2020";"10";"31";"6";"3";"7276";"225.";"2.9";"10.7";"94.";"8.";"0.00";"0.00";"0.00"
"2020";"10";"31";"6";"4";"7277";"224.";"2.9";"10.5";"94.";"6.";"0.00";"0.00";"0.00"
"2020";"10";"31";"6";"5";"7278";"224.";"3.0";"9.9";"95.";"6.";"0.00";"0.00";"0.00"
"2020";"10";"31";"6";"6";"7279";"229.";"2.9";"9.1";"94.";"0.";"0.00";"0.00";"0.00"
"2020";"10";"31";"6";"7";"7280";"233.";"2.9";"9.1";"94.";"5.";"0.00";"0.00";"0.00"
"2020";"10";"31";"6";"8";"7281";"237.";"3.0";"10.1";"93.";"4.";"19.89";"89.37";"11.16"
"2020";"10";"31";"6";"9";"7282";"225.";"2.8";"11.1";"88.";"7.";"56.99";"65.46";"44.36"
"2020";"10";"31";"6";"10";"7283";"218.";"3.1";"11.6";"85.";"3.";"172.88";"409.41";"66.22"
"2020";"10";"31";"6";"11";"7284";"209.";"2.8";"12.4";"79.";"5.";"159.07";"242.76";"87.35"
"2020";"10";"31";"6";"12";"7285";"185.";"3.0";"12.6";"77.";"6.";"134.82";"162.14";"86.92"
"2020";"10";"31";"6";"13";"7286";"174.";"3.2";"12.0";"80.";"4.";"151.37";"290.13";"75.79"
"2020";"10";"31";"6";"14";"7287";"168.";"3.1";"11.7";"82.";"7.";"56.77";"61.56";"44.88"
"2020";"10";"31";"6";"15";"7288";"160.";"3.4";"10.9";"87.";"8.";"9.08";"0.00";"9.08"
"2020";"10";"31";"6";"16";"7289";"144.";"2.8";"10.7";"91.";"7.";"0.00";"0.00";"0.00"
"2020";"10";"31";"6";"17";"7290";"136.";"3.4";"10.6";"94.";"8.";"0.00";"0.00";"0.00"
"2020";"10";"31";"6";"18";"7291";"147.";"3.9";"10.9";"97.";"8.";"0.00";"0.00";"0.00"
"2020";"10";"31";"6";"19";"7292";"152.";"3.8";"11.3";"96.";"8.";"0.00";"0.00";"0.00"
"2020";"10";"31";"6";"20";"7293";"159.";"4.5";"11.6";"94.";"8.";"0.00";"0.00";"0.00"
"2020";"10";"31";"6";"21";"7294";"151.";"4.7";"11.7";"91.";"8.";"0.00";"0.00";"0.00"
"2020";"10";"31";"6";"22";"7295";"149.";"5.2";"11.5";"92.";"8.";"0.00";"0.00";"0.00"
"2020";"10";"31";"6";"23";"7296";"160.";"6.1";"11.4";"97.";"8.";"0.00";"0.00";"0.00"
"2020";"11";"1";"7";"0";"7297";"162.";"7.0";"11.9";"96.";"8.";"0.00";"0.00";"0.00"
"2020";"11";"1";"7";"1";"7298";"164.";"7.5";"12.3";"95.";"8.";"0.00";"0.00";"0.00"
"2020";"11";"1";"7";"2";"7299";"172.";"7.7";"12.4";"94.";"8.";"0.00";"0.00";"0.00"
"2020";"11";"1";"7";"3";"7300";"177.";"7.8";"12.4";"93.";"8.";"0.00";"0.00";"0.00"
"2020";"11";"1";"7";"4";"7301";"172.";"7.1";"12.3";"92.";"8.";"0.00";"0.00";"0.00"
"2020";"11";"1";"7";"5";"7302";"168.";"7.0";"11.9";"94.";"8.";"0.00";"0.00";"0.00"
"2020";"11";"1";"7";"6";"7303";"171.";"7.2";"11.8";"95.";"8.";"0.00";"0.00";"0.00"
"2020";"11";"1";"7";"7";"7304";"176.";"6.7";"11.6";"96.";"8.";"0.00";"0.00";"0.00"
"2020";"11";"1";"7";"8";"7305";"187.";"5.7";"11.6";"96.";"8.";"4.02";"0.00";"4.02"
"2020";"11";"1";"7";"9";"7306";"197.";"5.0";"11.6";"96.";"8.";"22.33";"0.00";"22.33"
"2020";"11";"1";"7";"10";"7307";"201.";"5.1";"11.8";"94.";"8.";"66.64";"0.00";"66.64"
"2020";"11";"1";"7";"11";"7308";"199.";"4.9";"12.2";"88.";"7.";"106.70";"71.07";"86.07"
"2020";"11";"1";"7";"12";"7309";"199.";"5.5";"12.1";"85.";"5.";"156.21";"208.31";"95.74"
"2020";"11";"1";"7";"13";"7310";"189.";"5.9";"11.8";"87.";"7.";"87.02";"57.46";"72.34"
"2020";"11";"1";"7";"14";"7311";"190.";"5.9";"11.5";"87.";"7.";"55.45";"50.62";"45.93"
"2020";"11";"1";"7";"15";"7312";"177.";"6.2";"11.2";"88.";"8.";"17.99";"0.00";"17.99"
"2020";"11";"1";"7";"16";"7313";"185.";"6.6";"11.2";"88.";"8.";"0.00";"0.00";"0.00"
"2020";"11";"1";"7";"17";"7314";"170.";"6.6";"11.1";"87.";"6.";"0.00";"0.00";"0.00"
"2020";"11";"1";"7";"18";"7315";"172.";"8.0";"11.3";"84.";"8.";"0.00";"0.00";"0.00"
"2020";"11";"1";"7";"19";"7316";"177.";"8.4";"11.3";"85.";"8.";"0.00";"0.00";"0.00"
"2020";"11";"1";"7";"20";"7317";"175.";"8.5";"10.6";"92.";"8.";"0.00";"0.00";"0.00"
"2020";"11";"1";"7";"21";"7318";"177.";"8.8";"11.0";"95.";"8.";"0.00";"0.00";"0.00"
"2020";"11";"1";"7";"22";"7319";"183.";"8.6";"11.6";"96.";"8.";"0.00";"0.00";"0.00"
"2020";"11";"1";"7";"23";"7320";"186.";"8.5";"12.0";"96.";"8.";"0.00";"0.00";"0.00"
"2020";"11";"2";"1";"0";"7321";"191.";"8.1";"12.3";"96.";"8.";"0.00";"0.00";"0.00"
"2020";"11";"2";"1";"1";"7322";"184.";"8.4";"12.5";"96.";"8.";"0.00";"0.00";"0.00"
"2020";"11";"2";"1";"2";"7323";"172.";"9.0";"12.7";"96.";"8.";"0.00";"0.00";"0.00"
"2020";"11";"2";"1";"3";"7324";"174.";"10.0";"12.9";"95.";"8.";"0.00";"0.00";"0.00"
"2020";"11";"2";"1";"4";"7325";"185.";"10.6";"13.2";"96.";"8.";"0.00";"0.00";"0.00"
"2020";"11";"2";"1";"5";"7326";"179.";"11.6";"13.8";"96.";"8.";"0.00";"0.00";"0.00"
"2020";"11";"2";"1";"6";"7327";"187.";"11.4";"14.4";"96.";"8.";"0.00";"0.00";"0.00"
"2020";"11";"2";"1";"7";"7328";"192.";"10.9";"14.4";"94.";"8.";"0.00";"0.00";"0.00"
"2020";"11";"2";"1";"8";"7329";"195.";"10.3";"14.2";"96.";"8.";"1.31";"0.00";"1.31"
"2020";"11";"2";"1";"9";"7330";"201.";"10.7";"14.0";"96.";"8.";"17.42";"0.00";"17.42"
"2020";"11";"2";"1";"10";"7331";"200.";"10.0";"14.1";"96.";"8.";"32.17";"0.00";"32.17"
"2020";"11";"2";"1";"11";"7332";"199.";"9.2";"14.2";"96.";"8.";"39.21";"0.00";"39.21"
"2020";"11";"2";"1";"12";"7333";"206.";"9.2";"14.2";"97.";"8.";"38.91";"0.00";"38.91"
"2020";"11";"2";"1";"13";"7334";"201.";"8.7";"14.1";"97.";"8.";"33.48";"0.00";"33.48"
"2020";"11";"2";"1";"14";"7335";"206.";"9.1";"14.1";"96.";"8.";"21.02";"0.00";"21.02"
"2020";"11";"2";"1";"15";"7336";"204.";"9.0";"14.1";"95.";"6.";"4.96";"13.39";"3.78"
"2020";"11";"2";"1";"16";"7337";"208.";"9.9";"13.8";"96.";"8.";"0.00";"0.00";"0.00"
"2020";"11";"2";"1";"17";"7338";"209.";"10.8";"13.5";"96.";"8.";"0.00";"0.00";"0.00"
"2020";"11";"2";"1";"18";"7339";"217.";"8.2";"13.2";"95.";"8.";"0.00";"0.00";"0.00"
"2020";"11";"2";"1";"19";"7340";"260.";"6.8";"11.2";"95.";"8.";"0.00";"0.00";"0.00"
"2020";"11";"2";"1";"20";"7341";"243.";"7.1";"11.0";"91.";"8.";"0.00";"0.00";"0.00"
"2020";"11";"2";"1";"21";"7342";"235.";"7.5";"10.5";"92.";"8.";"0.00";"0.00";"0.00"
"2020";"11";"2";"1";"22";"7343";"234.";"8.0";"10.7";"87.";"8.";"0.00";"0.00";"0.00"
"2020";"11";"2";"1";"23";"7344";"235.";"7.8";"10.7";"86.";"5.";"0.00";"0.00";"0.00"
"2020";"11";"3";"2";"0";"7345";"237.";"8.1";"10.8";"85.";"7.";"0.00";"0.00";"0.00"
"2020";"11";"3";"2";"1";"7346";"233.";"7.3";"10.6";"84.";"6.";"0.00";"0.00";"0.00"
"2020";"11";"3";"2";"2";"7347";"234.";"6.8";"10.4";"86.";"8.";"0.00";"0.00";"0.00"
"2020";"11";"3";"2";"3";"7348";"232.";"7.0";"10.5";"84.";"8.";"0.00";"0.00";"0.00"
"2020";"11";"3";"2";"4";"7349";"228.";"6.7";"10.6";"85.";"8.";"0.00";"0.00";"0.00"
"2020";"11";"3";"2";"5";"7350";"233.";"6.2";"10.5";"87.";"8.";"0.00";"0.00";"0.00"
"2020";"11";"3";"2";"6";"7351";"229.";"7.3";"10.4";"85.";"8.";"0.00";"0.00";"0.00"
"2020";"11";"3";"2";"7";"7352";"233.";"6.8";"9.9";"86.";"8.";"0.00";"0.00";"0.00"
"2020";"11";"3";"2";"8";"7353";"231.";"7.0";"10.3";"85.";"8.";"7.54";"0.00";"7.54"
"2020";"11";"3";"2";"9";"7354";"232.";"6.6";"10.4";"84.";"8.";"40.06";"0.00";"40.06"
"2020";"11";"3";"2";"10";"7355";"238.";"6.2";"10.8";"82.";"6.";"111.59";"160.93";"72.10"
"2020";"11";"3";"2";"11";"7356";"250.";"5.4";"11.1";"82.";"6.";"134.30";"175.95";"85.01"
"2020";"11";"3";"2";"12";"7357";"251.";"5.2";"11.8";"78.";"4.";"181.43";"346.23";"84.43"
"2020";"11";"3";"2";"13";"7358";"244.";"5.4";"11.8";"81.";"7.";"88.52";"76.43";"69.76"
"2020";"11";"3";"2";"14";"7359";"251.";"5.4";"11.2";"78.";"8.";"41.81";"0.00";"41.81"
"2020";"11";"3";"2";"15";"7360";"240.";"4.4";"10.8";"81.";"0.";"25.46";"179.04";"10.56"
"2020";"11";"3";"2";"16";"7361";"217.";"3.6";"10.6";"82.";"4.";"0.00";"0.00";"0.00"
"2020";"11";"3";"2";"17";"7362";"237.";"5.5";"10.5";"79.";"7.";"0.00";"0.00";"0.00"
"2020";"11";"3";"2";"18";"7363";"233.";"5.4";"10.3";"75.";"5.";"0.00";"0.00";"0.00"
"2020";"11";"3";"2";"19";"7364";"226.";"4.4";"9.8";"77.";"4.";"0.00";"0.00";"0.00"
"2020";"11";"3";"2";"20";"7365";"215.";"4.9";"9.6";"78.";"6.";"0.00";"0.00";"0.00"
"2020";"11";"3";"2";"21";"7366";"207.";"4.7";"9.1";"79.";"3.";"0.00";"0.00";"0.00"
"2020";"11";"3";"2";"22";"7367";"205.";"4.5";"8.5";"81.";"7.";"0.00";"0.00";"0.00"
"2020";"11";"3";"2";"23";"7368";"193.";"4.8";"8.7";"80.";"7.";"0.00";"0.00";"0.00"
"2020";"11";"4";"3";"0";"7369";"189.";"5.1";"8.8";"80.";"5.";"0.00";"0.00";"0.00"
"2020";"11";"4";"3";"1";"7370";"168.";"4.6";"8.2";"82.";"2.";"0.00";"0.00";"0.00"
"2020";"11";"4";"3";"2";"7371";"158.";"4.2";"7.9";"86.";"5.";"0.00";"0.00";"0.00"
"2020";"11";"4";"3";"3";"7372";"168.";"4.8";"7.5";"93.";"8.";"0.00";"0.00";"0.00"
"2020";"11";"4";"3";"4";"7373";"189.";"3.4";"7.3";"85.";"8.";"0.00";"0.00";"0.00"
"2020";"11";"4";"3";"5";"7374";"218.";"2.1";"7.3";"93.";"7.";"0.00";"0.00";"0.00"
"2020";"11";"4";"3";"6";"7375";"233.";"0.7";"7.3";"90.";"7.";"0.00";"0.00";"0.00"
"2020";"11";"4";"3";"7";"7376";"284.";"2.0";"7.5";"91.";"8.";"0.00";"0.00";"0.00"
"2020";"11";"4";"3";"8";"7377";"283.";"3.3";"8.2";"88.";"5.";"15.08";"68.65";"9.68"
"2020";"11";"4";"3";"9";"7378";"295.";"4.3";"9.5";"80.";"3.";"107.75";"352.19";"46.67"
"2020";"11";"4";"3";"10";"7379";"281.";"5.3";"10.4";"75.";"6.";"114.47";"174.56";"72.49"
"2020";"11";"4";"3";"11";"7380";"283.";"6.5";"10.7";"71.";"5.";"163.62";"283.14";"85.69"
"2020";"11";"4";"3";"12";"7381";"275.";"5.7";"11.0";"68.";"5.";"160.26";"278.98";"83.48"
"2020";"11";"4";"3";"13";"7382";"257.";"5.4";"10.5";"72.";"8.";"67.00";"0.00";"67.00"
"2020";"11";"4";"3";"14";"7383";"244.";"6.0";"9.8";"81.";"7.";"52.32";"51.18";"43.44"
"2020";"11";"4";"3";"15";"7384";"253.";"5.7";"9.9";"81.";"8.";"7.28";"0.00";"7.28"
"2020";"11";"4";"3";"16";"7385";"270.";"6.5";"10.0";"78.";"8.";"0.00";"0.00";"0.00"
"2020";"11";"4";"3";"17";"7386";"275.";"6.6";"9.9";"76.";"6.";"0.00";"0.00";"0.00"
"2020";"11";"4";"3";"18";"7387";"276.";"5.8";"9.9";"77.";"8.";"0.00";"0.00";"0.00"
"2020";"11";"4";"3";"19";"7388";"281.";"5.5";"9.9";"75.";"5.";"0.00";"0.00";"0.00"
"2020";"11";"4";"3";"20";"7389";"279.";"6.8";"10.0";"74.";"4.";"0.00";"0.00";"0.00"
"2020";"11";"4";"3";"21";"7390";"277.";"7.2";"9.9";"73.";"7.";"0.00";"0.00";"0.00"
"2020";"11";"4";"3";"22";"7391";"279.";"7.0";"9.8";"74.";"8.";"0.00";"0.00";"0.00"
"2020";"11";"4";"3";"23";"7392";"279.";"6.7";"9.8";"72.";"6.";"0.00";"0.00";"0.00"
"2020";"11";"5";"4";"0";"7393";"276.";"7.0";"9.6";"71.";"4.";"0.00";"0.00";"0.00"
"2020";"11";"5";"4";"1";"7394";"279.";"7.2";"9.7";"70.";"5.";"0.00";"0.00";"0.00"
"2020";"11";"5";"4";"2";"7395";"278.";"7.9";"9.9";"68.";"6.";"0.00";"0.00";"0.00"
"2020";"11";"5";"4";"3";"7396";"270.";"8.2";"10.2";"72.";"8.";"0.00";"0.00";"0.00"
"2020";"11";"5";"4";"4";"7397";"267.";"7.6";"10.6";"76.";"8.";"0.00";"0.00";"0.00"
"2020";"11";"5";"4";"5";"7398";"269.";"8.7";"10.7";"77.";"8.";"0.00";"0.00";"0.00"
"2020";"11";"5";"4";"6";"7399";"267.";"8.9";"10.5";"80.";"8.";"0.00";"0.00";"0.00"
"2020";"11";"5";"4";"7";"7400";"260.";"7.8";"10.2";"85.";"8.";"0.00";"0.00";"0.00"
"2020";"11";"5";"4";"8";"7401";"260.";"8.4";"10.8";"85.";"8.";"3.91";"0.00";"3.91"
"2020";"11";"5";"4";"9";"7402";"265.";"9.5";"11.1";"84.";"8.";"36.60";"0.00";"36.60"
"2020";"11";"5";"4";"10";"7403";"268.";"8.7";"11.4";"85.";"8.";"59.16";"0.00";"59.16"
"2020";"11";"5";"4";"11";"7404";"273.";"8.3";"11.5";"88.";"8.";"71.62";"0.00";"71.62"
"2020";"11";"5";"4";"12";"7405";"274.";"8.1";"12.0";"90.";"8.";"74.58";"0.00";"74.58"
"2020";"11";"5";"4";"13";"7406";"275.";"8.6";"12.4";"88.";"8.";"58.70";"0.00";"58.70"
"2020";"11";"5";"4";"14";"7407";"277.";"8.5";"12.4";"88.";"8.";"34.45";"0.00";"34.45"
"2020";"11";"5";"4";"15";"7408";"278.";"7.6";"12.3";"89.";"8.";"1.71";"0.00";"1.71"
"2020";"11";"5";"4";"16";"7409";"280.";"7.4";"12.2";"89.";"8.";"0.00";"0.00";"0.00"
"2020";"11";"5";"4";"17";"7410";"282.";"8.1";"12.2";"89.";"8.";"0.00";"0.00";"0.00"
"2020";"11";"5";"4";"18";"7411";"283.";"7.7";"12.1";"89.";"8.";"0.00";"0.00";"0.00"
"2020";"11";"5";"4";"19";"7412";"285.";"6.5";"12.3";"88.";"8.";"0.00";"0.00";"0.00"
"2020";"11";"5";"4";"20";"7413";"282.";"7.0";"12.1";"88.";"8.";"0.00";"0.00";"0.00"
"2020";"11";"5";"4";"21";"7414";"276.";"7.1";"12.0";"88.";"7.";"0.00";"0.00";"0.00"
"2020";"11";"5";"4";"22";"7415";"275.";"6.7";"11.9";"88.";"6.";"0.00";"0.00";"0.00"
"2020";"11";"5";"4";"23";"7416";"278.";"5.8";"11.9";"87.";"7.";"0.00";"0.00";"0.00"
"2020";"11";"6";"5";"0";"7417";"278.";"5.7";"11.9";"87.";"5.";"0.00";"0.00";"0.00"
"2020";"11";"6";"5";"1";"7418";"276.";"5.8";"11.9";"88.";"3.";"0.00";"0.00";"0.00"
"2020";"11";"6";"5";"2";"7419";"281.";"5.2";"11.8";"89.";"2.";"0.00";"0.00";"0.00"
"2020";"11";"6";"5";"3";"7420";"290.";"5.8";"11.8";"90.";"3.";"0.00";"0.00";"0.00"
"2020";"11";"6";"5";"4";"7421";"298.";"5.3";"11.8";"90.";"5.";"0.00";"0.00";"0.00"
"2020";"11";"6";"5";"5";"7422";"303.";"4.8";"11.6";"91.";"5.";"0.00";"0.00";"0.00"
"2020";"11";"6";"5";"6";"7423";"299.";"4.9";"11.7";"91.";"6.";"0.00";"0.00";"0.00"
"2020";"11";"6";"5";"7";"7424";"300.";"3.4";"11.5";"92.";"6.";"0.00";"0.00";"0.00"
"2020";"11";"6";"5";"8";"7425";"298.";"2.5";"11.8";"91.";"3.";"1.33";"7.31";"0.83"
"2020";"11";"6";"5";"9";"7426";"296.";"2.7";"12.5";"87.";"4.";"74.61";"196.27";"42.40"
"2020";"11";"6";"5";"10";"7427";"283.";"2.5";"13.3";"84.";"2.";"159.37";"382.49";"71.04"
"2020";"11";"6";"5";"11";"7428";"272.";"3.3";"14.1";"80.";"0.";"232.60";"592.15";"75.36"
"2020";"11";"6";"5";"12";"7429";"279.";"4.6";"14.0";"79.";"0.";"235.56";"621.44";"70.54"
"2020";"11";"6";"5";"13";"7430";"275.";"4.0";"13.9";"80.";"7.";"75.50";"57.90";"62.13"
"2020";"11";"6";"5";"14";"7431";"269.";"4.9";"13.1";"79.";"6.";"54.29";"83.54";"40.59"
"2020";"11";"6";"5";"15";"7432";"269.";"4.4";"12.0";"82.";"5.";"3.68";"14.20";"2.69"
"2020";"11";"6";"5";"16";"7433";"265.";"4.1";"11.4";"83.";"4.";"0.00";"0.00";"0.00"
"2020";"11";"6";"5";"17";"7434";"260.";"3.7";"10.9";"84.";"3.";"0.00";"0.00";"0.00"
"2020";"11";"6";"5";"18";"7435";"249.";"3.0";"10.5";"87.";"3.";"0.00";"0.00";"0.00"
"2020";"11";"6";"5";"19";"7436";"250.";"3.5";"10.6";"87.";"1.";"0.00";"0.00";"0.00"
"2020";"11";"6";"5";"20";"7437";"251.";"3.1";"10.6";"87.";"6.";"0.00";"0.00";"0.00"
"2020";"11";"6";"5";"21";"7438";"238.";"3.0";"10.6";"87.";"7.";"0.00";"0.00";"0.00"
"2020";"11";"6";"5";"22";"7439";"235.";"2.9";"10.4";"89.";"6.";"0.00";"0.00";"0.00"
"2020";"11";"6";"5";"23";"7440";"233.";"3.4";"10.4";"90.";"7.";"0.00";"0.00";"0.00"
"2020";"11";"7";"6";"0";"7441";"237.";"3.4";"10.4";"90.";"7.";"0.00";"0.00";"0.00"
"2020";"11";"7";"6";"1";"7442";"247.";"3.3";"10.4";"89.";"8.";"0.00";"0.00";"0.00"
"2020";"11";"7";"6";"2";"7443";"249.";"3.5";"10.4";"88.";"8.";"0.00";"0.00";"0.00"
"2020";"11";"7";"6";"3";"7444";"246.";"3.4";"10.6";"87.";"8.";"0.00";"0.00";"0.00"
"2020";"11";"7";"6";"4";"7445";"254.";"3.5";"10.5";"88.";"8.";"0.00";"0.00";"0.00"
"2020";"11";"7";"6";"5";"7446";"236.";"2.6";"10.4";"90.";"7.";"0.00";"0.00";"0.00"
"2020";"11";"7";"6";"6";"7447";"220.";"2.7";"10.2";"92.";"7.";"0.00";"0.00";"0.00"
"2020";"11";"7";"6";"7";"7448";"208.";"3.5";"10.2";"93.";"8.";"0.00";"0.00";"0.00"
"2020";"11";"7";"6";"8";"7449";"222.";"4.3";"10.4";"91.";"8.";"0.62";"0.00";"0.62"
"2020";"11";"7";"6";"9";"7450";"220.";"4.5";"10.7";"91.";"8.";"33.32";"0.00";"33.32"
"2020";"11";"7";"6";"10";"7451";"212.";"4.5";"10.9";"90.";"6.";"97.14";"148.86";"63.46"
"2020";"11";"7";"6";"11";"7452";"215.";"4.8";"11.1";"90.";"8.";"72.77";"0.00";"72.77"
"2020";"11";"7";"6";"12";"7453";"213.";"5.2";"11.3";"89.";"8.";"71.57";"0.00";"71.57"
"2020";"11";"7";"6";"13";"7454";"215.";"4.8";"11.2";"87.";"7.";"78.19";"72.22";"61.85"
"2020";"11";"7";"6";"14";"7455";"222.";"4.5";"11.0";"86.";"8.";"33.18";"0.00";"33.18"
"2020";"11";"7";"6";"15";"7456";"235.";"4.8";"10.8";"87.";"8.";"0.89";"0.00";"0.89"
"2020";"11";"7";"6";"16";"7457";"234.";"4.7";"10.6";"86.";"8.";"0.00";"0.00";"0.00"
"2020";"11";"7";"6";"17";"7458";"238.";"4.6";"10.5";"86.";"8.";"0.00";"0.00";"0.00"
"2020";"11";"7";"6";"18";"7459";"235.";"5.0";"10.4";"86.";"8.";"0.00";"0.00";"0.00"
"2020";"11";"7";"6";"19";"7460";"247.";"5.3";"10.3";"88.";"8.";"0.00";"0.00";"0.00"
"2020";"11";"7";"6";"20";"7461";"253.";"4.9";"10.0";"90.";"4.";"0.00";"0.00";"0.00"
"2020";"11";"7";"6";"21";"7462";"258.";"5.0";"10.0";"90.";"8.";"0.00";"0.00";"0.00"
"2020";"11";"7";"6";"22";"7463";"263.";"4.5";"10.3";"91.";"8.";"0.00";"0.00";"0.00"
"2020";"11";"7";"6";"23";"7464";"275.";"4.1";"10.5";"87.";"8.";"0.00";"0.00";"0.00"
"2020";"11";"8";"7";"0";"7465";"280.";"3.6";"10.5";"88.";"5.";"0.00";"0.00";"0.00"
"2020";"11";"8";"7";"1";"7466";"276.";"3.3";"10.4";"88.";"5.";"0.00";"0.00";"0.00"
"2020";"11";"8";"7";"2";"7467";"278.";"2.4";"9.5";"90.";"5.";"0.00";"0.00";"0.00"
"2020";"11";"8";"7";"3";"7468";"264.";"1.6";"8.1";"92.";"2.";"0.00";"0.00";"0.00"
"2020";"11";"8";"7";"4";"7469";"267.";"1.2";"6.9";"94.";"4.";"0.00";"0.00";"0.00"
"2020";"11";"8";"7";"5";"7470";"270.";"1.1";"5.9";"94.";"1.";"0.00";"0.00";"0.00"
"2020";"11";"8";"7";"6";"7471";"277.";"1.5";"5.6";"95.";"4.";"0.00";"0.00";"0.00"
"2020";"11";"8";"7";"7";"7472";"252.";"1.0";"6.4";"95.";"5.";"0.00";"0.00";"0.00"
"2020";"11";"8";"7";"8";"7473";"243.";"1.1";"7.1";"94.";"5.";"3.81";"19.72";"2.62"
"2020";"11";"8";"7";"9";"7474";"244.";"1.4";"8.6";"91.";"2.";"96.84";"376.28";"38.52"
"2020";"11";"8";"7";"10";"7475";"243.";"1.5";"10.1";"87.";"6.";"99.54";"162.29";"63.57"
"2020";"11";"8";"7";"11";"7476";"228.";"2.2";"11.1";"80.";"6.";"123.11";"178.20";"77.46"
"2020";"11";"8";"7";"12";"7477";"238.";"2.6";"11.1";"76.";"3.";"181.57";"410.78";"76.34"
"2020";"11";"8";"7";"13";"7478";"239.";"2.5";"10.8";"78.";"7.";"78.38";"74.86";"61.78"
"2020";"11";"8";"7";"14";"7479";"239.";"2.5";"10.4";"79.";"7.";"45.39";"58.28";"36.36"
"2020";"11";"8";"7";"15";"7480";"225.";"2.0";"9.3";"83.";"6.";"2.71";"11.59";"2.00"
"2020";"11";"8";"7";"16";"7481";"207.";"2.0";"9.0";"85.";"6.";"0.00";"0.00";"0.00"
"2020";"11";"8";"7";"17";"7482";"199.";"2.0";"8.6";"85.";"8.";"0.00";"0.00";"0.00"
"2020";"11";"8";"7";"18";"7483";"208.";"2.2";"8.7";"84.";"8.";"0.00";"0.00";"0.00"
"2020";"11";"8";"7";"19";"7484";"215.";"2.1";"8.9";"83.";"8.";"0.00";"0.00";"0.00"
"2020";"11";"8";"7";"20";"7485";"209.";"2.2";"8.8";"82.";"8.";"0.00";"0.00";"0.00"
"2020";"11";"8";"7";"21";"7486";"205.";"3.3";"9.0";"85.";"8.";"0.00";"0.00";"0.00"
"2020";"11";"8";"7";"22";"7487";"198.";"3.6";"9.1";"85.";"8.";"0.00";"0.00";"0.00"
"2020";"11";"8";"7";"23";"7488";"191.";"3.3";"8.3";"87.";"7.";"0.00";"0.00";"0.00"
"2020";"11";"9";"1";"0";"7489";"185.";"2.8";"8.1";"87.";"7.";"0.00";"0.00";"0.00"
"2020";"11";"9";"1";"1";"7490";"191.";"3.0";"7.7";"88.";"8.";"0.00";"0.00";"0.00"
"2020";"11";"9";"1";"2";"7491";"191.";"2.5";"8.0";"87.";"8.";"0.00";"0.00";"0.00"
"2020";"11";"9";"1";"3";"7492";"196.";"1.9";"8.0";"86.";"8.";"0.00";"0.00";"0.00"
"2020";"11";"9";"1";"4";"7493";"198.";"1.4";"8.0";"86.";"8.";"0.00";"0.00";"0.00"
"2020";"11";"9";"1";"5";"7494";"178.";"1.1";"8.1";"85.";"8.";"0.00";"0.00";"0.00"
"2020";"11";"9";"1";"6";"7495";"180.";"1.0";"7.4";"86.";"7.";"0.00";"0.00";"0.00"
"2020";"11";"9";"1";"7";"7496";"150.";"1.3";"7.5";"87.";"8.";"0.00";"0.00";"0.00"
"2020";"11";"9";"1";"8";"7497";"141.";"1.9";"7.7";"89.";"8.";"0.87";"0.00";"0.87"
"2020";"11";"9";"1";"9";"7498";"148.";"2.0";"8.7";"85.";"8.";"34.01";"0.00";"34.01"
"2020";"11";"9";"1";"10";"7499";"148.";"2.1";"9.2";"82.";"8.";"59.80";"0.00";"59.80"
"2020";"11";"9";"1";"11";"7500";"135.";"2.5";"9.1";"77.";"8.";"74.51";"0.00";"74.51"
"2020";"11";"9";"1";"12";"7501";"131.";"2.3";"8.8";"74.";"8.";"75.11";"0.00";"75.11"
"2020";"11";"9";"1";"13";"7502";"129.";"2.3";"8.6";"76.";"8.";"61.04";"0.00";"61.04"
"2020";"11";"9";"1";"14";"7503";"122.";"2.4";"8.2";"77.";"8.";"35.49";"0.00";"35.49"
"2020";"11";"9";"1";"15";"7504";"120.";"2.3";"7.8";"78.";"8.";"2.38";"0.00";"2.38"
"2020";"11";"9";"1";"16";"7505";"114.";"2.5";"7.3";"79.";"8.";"0.00";"0.00";"0.00"
"2020";"11";"9";"1";"17";"7506";"92.";"2.3";"7.0";"80.";"8.";"0.00";"0.00";"0.00"
"2020";"11";"9";"1";"18";"7507";"89.";"2.8";"6.9";"81.";"8.";"0.00";"0.00";"0.00"
"2020";"11";"9";"1";"19";"7508";"92.";"2.4";"6.9";"82.";"8.";"0.00";"0.00";"0.00"
"2020";"11";"9";"1";"20";"7509";"97.";"2.5";"6.9";"84.";"8.";"0.00";"0.00";"0.00"
"2020";"11";"9";"1";"21";"7510";"91.";"2.4";"6.7";"87.";"8.";"0.00";"0.00";"0.00"
"2020";"11";"9";"1";"22";"7511";"91.";"2.3";"6.6";"88.";"8.";"0.00";"0.00";"0.00"
"2020";"11";"9";"1";"23";"7512";"97.";"2.4";"6.5";"90.";"8.";"0.00";"0.00";"0.00"
"2020";"11";"10";"2";"0";"7513";"109.";"2.3";"6.4";"91.";"8.";"0.00";"0.00";"0.00"
"2020";"11";"10";"2";"1";"7514";"109.";"2.2";"6.5";"92.";"8.";"0.00";"0.00";"0.00"
"2020";"11";"10";"2";"2";"7515";"105.";"1.9";"6.6";"92.";"7.";"0.00";"0.00";"0.00"
"2020";"11";"10";"2";"3";"7516";"108.";"2.2";"6.7";"92.";"7.";"0.00";"0.00";"0.00"
"2020";"11";"10";"2";"4";"7517";"109.";"2.3";"6.8";"92.";"8.";"0.00";"0.00";"0.00"
"2020";"11";"10";"2";"5";"7518";"109.";"2.3";"7.0";"92.";"8.";"0.00";"0.00";"0.00"
"2020";"11";"10";"2";"6";"7519";"108.";"2.2";"7.2";"91.";"8.";"0.00";"0.00";"0.00"
"2020";"11";"10";"2";"7";"7520";"109.";"2.2";"7.3";"91.";"8.";"0.00";"0.00";"0.00"
"2020";"11";"10";"2";"8";"7521";"112.";"2.0";"7.5";"91.";"8.";"0.00";"0.00";"0.00"
"2020";"11";"10";"2";"9";"7522";"103.";"1.9";"7.9";"90.";"8.";"32.34";"0.00";"32.34"
"2020";"11";"10";"2";"10";"7523";"106.";"2.4";"8.3";"88.";"8.";"57.93";"0.00";"57.93"
"2020";"11";"10";"2";"11";"7524";"114.";"2.2";"8.7";"87.";"8.";"71.71";"0.00";"71.71"
"2020";"11";"10";"2";"12";"7525";"120.";"2.3";"9.0";"85.";"8.";"71.74";"0.00";"71.74"
"2020";"11";"10";"2";"13";"7526";"122.";"2.2";"9.2";"84.";"8.";"57.76";"0.00";"57.76"
"2020";"11";"10";"2";"14";"7527";"118.";"2.3";"9.2";"82.";"8.";"31.55";"0.00";"31.55"
"2020";"11";"10";"2";"15";"7528";"118.";"2.4";"9.0";"82.";"8.";"0.00";"0.00";"0.00"
"2020";"11";"10";"2";"16";"7529";"114.";"2.7";"8.8";"82.";"8.";"0.00";"0.00";"0.00"
"2020";"11";"10";"2";"17";"7530";"113.";"2.8";"8.7";"82.";"8.";"0.00";"0.00";"0.00"
"2020";"11";"10";"2";"18";"7531";"115.";"2.7";"8.5";"83.";"8.";"0.00";"0.00";"0.00"
"2020";"11";"10";"2";"19";"7532";"112.";"2.4";"8.4";"81.";"8.";"0.00";"0.00";"0.00"
"2020";"11";"10";"2";"20";"7533";"119.";"2.5";"8.2";"81.";"8.";"0.00";"0.00";"0.00"
"2020";"11";"10";"2";"21";"7534";"122.";"2.2";"8.1";"82.";"8.";"0.00";"0.00";"0.00"
"2020";"11";"10";"2";"22";"7535";"129.";"2.4";"7.9";"81.";"8.";"0.00";"0.00";"0.00"
"2020";"11";"10";"2";"23";"7536";"128.";"2.2";"7.9";"81.";"8.";"0.00";"0.00";"0.00"
"2020";"11";"11";"3";"0";"7537";"124.";"2.4";"7.9";"81.";"8.";"0.00";"0.00";"0.00"
"2020";"11";"11";"3";"1";"7538";"129.";"2.1";"7.8";"81.";"8.";"0.00";"0.00";"0.00"
"2020";"11";"11";"3";"2";"7539";"131.";"2.2";"7.8";"82.";"8.";"0.00";"0.00";"0.00"
"2020";"11";"11";"3";"3";"7540";"130.";"2.6";"7.7";"83.";"8.";"0.00";"0.00";"0.00"
"2020";"11";"11";"3";"4";"7541";"130.";"2.3";"7.5";"83.";"8.";"0.00";"0.00";"0.00"
"2020";"11";"11";"3";"5";"7542";"127.";"2.6";"7.4";"85.";"8.";"0.00";"0.00";"0.00"
"2020";"11";"11";"3";"6";"7543";"130.";"2.9";"7.3";"85.";"8.";"0.00";"0.00";"0.00"
"2020";"11";"11";"3";"7";"7544";"125.";"3.2";"7.1";"87.";"8.";"0.00";"0.00";"0.00"
"2020";"11";"11";"3";"8";"7545";"118.";"3.3";"6.9";"87.";"8.";"0.00";"0.00";"0.00"
"2020";"11";"11";"3";"9";"7546";"121.";"3.5";"6.7";"88.";"8.";"28.81";"0.00";"28.81"
"2020";"11";"11";"3";"10";"7547";"122.";"3.5";"6.7";"88.";"8.";"50.90";"0.00";"50.90"
"2020";"11";"11";"3";"11";"7548";"123.";"3.9";"6.7";"89.";"8.";"62.43";"0.00";"62.43"
"2020";"11";"11";"3";"12";"7549";"129.";"3.3";"6.8";"89.";"8.";"60.92";"0.00";"60.92"
"2020";"11";"11";"3";"13";"7550";"126.";"3.6";"6.8";"90.";"8.";"49.15";"0.00";"49.15"
"2020";"11";"11";"3";"14";"7551";"131.";"3.3";"6.9";"90.";"8.";"27.36";"0.00";"27.36"
"2020";"11";"11";"3";"15";"7552";"135.";"3.3";"6.9";"89.";"8.";"0.00";"0.00";"0.00"
"2020";"11";"11";"3";"16";"7553";"133.";"3.6";"6.7";"88.";"8.";"0.00";"0.00";"0.00"
"2020";"11";"11";"3";"17";"7554";"128.";"3.8";"6.5";"88.";"8.";"0.00";"0.00";"0.00"
"2020";"11";"11";"3";"18";"7555";"125.";"4.0";"6.3";"88.";"8.";"0.00";"0.00";"0.00"
"2020";"11";"11";"3";"19";"7556";"122.";"4.5";"6.1";"88.";"8.";"0.00";"0.00";"0.00"
"2020";"11";"11";"3";"20";"7557";"133.";"3.6";"6.1";"89.";"8.";"0.00";"0.00";"0.00"
"2020";"11";"11";"3";"21";"7558";"125.";"3.5";"5.9";"89.";"8.";"0.00";"0.00";"0.00"
"2020";"11";"11";"3";"22";"7559";"129.";"3.6";"5.9";"89.";"8.";"0.00";"0.00";"0.00"
"2020";"11";"11";"3";"23";"7560";"131.";"3.7";"5.8";"89.";"8.";"0.00";"0.00";"0.00"
"2020";"11";"12";"4";"0";"7561";"125.";"3.8";"5.7";"91.";"8.";"0.00";"0.00";"0.00"
"2020";"11";"12";"4";"1";"7562";"122.";"4.0";"5.7";"92.";"8.";"0.00";"0.00";"0.00"
"2020";"11";"12";"4";"2";"7563";"122.";"4.1";"5.7";"93.";"7.";"0.00";"0.00";"0.00"
"2020";"11";"12";"4";"3";"7564";"128.";"4.4";"5.7";"94.";"7.";"0.00";"0.00";"0.00"
"2020";"11";"12";"4";"4";"7565";"130.";"3.6";"5.8";"92.";"8.";"0.00";"0.00";"0.00"
"2020";"11";"12";"4";"5";"7566";"122.";"3.9";"5.9";"94.";"8.";"0.00";"0.00";"0.00"
"2020";"11";"12";"4";"6";"7567";"123.";"4.3";"5.8";"93.";"8.";"0.00";"0.00";"0.00"
"2020";"11";"12";"4";"7";"7568";"126.";"4.5";"5.8";"93.";"7.";"0.00";"0.00";"0.00"
"2020";"11";"12";"4";"8";"7569";"125.";"4.4";"5.8";"91.";"8.";"0.00";"0.00";"0.00"
"2020";"11";"12";"4";"9";"7570";"125.";"4.3";"5.9";"92.";"8.";"28.46";"0.00";"28.46"
"2020";"11";"12";"4";"10";"7571";"124.";"4.3";"6.1";"91.";"8.";"50.19";"0.00";"50.19"
"2020";"11";"12";"4";"11";"7572";"126.";"4.0";"6.3";"89.";"8.";"61.33";"0.00";"61.33"
"2020";"11";"12";"4";"12";"7573";"128.";"3.9";"6.5";"86.";"8.";"63.69";"0.00";"63.69"
"2020";"11";"12";"4";"13";"7574";"133.";"3.6";"6.4";"84.";"8.";"54.97";"0.00";"54.97"
"2020";"11";"12";"4";"14";"7575";"134.";"3.3";"6.4";"83.";"7.";"39.29";"50.34";"32.36"
"2020";"11";"12";"4";"15";"7576";"127.";"3.2";"6.4";"84.";"8.";"0.00";"0.00";"0.00"
"2020";"11";"12";"4";"16";"7577";"113.";"3.2";"6.2";"84.";"8.";"0.00";"0.00";"0.00"
"2020";"11";"12";"4";"17";"7578";"114.";"3.1";"6.2";"86.";"8.";"0.00";"0.00";"0.00"
"2020";"11";"12";"4";"18";"7579";"118.";"2.9";"6.2";"85.";"8.";"0.00";"0.00";"0.00"
"2020";"11";"12";"4";"19";"7580";"116.";"2.6";"6.1";"87.";"8.";"0.00";"0.00";"0.00"
"2020";"11";"12";"4";"20";"7581";"119.";"2.6";"5.9";"89.";"7.";"0.00";"0.00";"0.00"
"2020";"11";"12";"4";"21";"7582";"111.";"2.7";"5.9";"91.";"7.";"0.00";"0.00";"0.00"
"2020";"11";"12";"4";"22";"7583";"109.";"2.6";"6.0";"92.";"8.";"0.00";"0.00";"0.00"
"2020";"11";"12";"4";"23";"7584";"105.";"2.7";"6.2";"90.";"8.";"0.00";"0.00";"0.00"
"2020";"11";"13";"5";"0";"7585";"106.";"2.5";"6.2";"90.";"8.";"0.00";"0.00";"0.00"
"2020";"11";"13";"5";"1";"7586";"114.";"2.5";"6.2";"91.";"8.";"0.00";"0.00";"0.00"
"2020";"11";"13";"5";"2";"7587";"107.";"2.7";"6.2";"92.";"8.";"0.00";"0.00";"0.00"
"2020";"11";"13";"5";"3";"7588";"105.";"2.6";"6.3";"93.";"8.";"0.00";"0.00";"0.00"
"2020";"11";"13";"5";"4";"7589";"108.";"2.8";"6.3";"93.";"8.";"0.00";"0.00";"0.00"
"2020";"11";"13";"5";"5";"7590";"111.";"3.0";"6.4";"93.";"8.";"0.00";"0.00";"0.00"
"2020";"11";"13";"5";"6";"7591";"113.";"3.1";"6.4";"94.";"8.";"0.00";"0.00";"0.00"
"2020";"11";"13";"5";"7";"7592";"114.";"2.5";"6.7";"94.";"8.";"0.00";"0.00";"0.00"
"2020";"11";"13";"5";"8";"7593";"115.";"2.9";"6.8";"93.";"8.";"0.00";"0.00";"0.00"
"2020";"11";"13";"5";"9";"7594";"121.";"3.1";"6.9";"93.";"8.";"24.84";"0.00";"24.84"
"2020";"11";"13";"5";"10";"7595";"125.";"3.2";"7.3";"93.";"8.";"46.85";"0.00";"46.85"
"2020";"11";"13";"5";"11";"7596";"123.";"3.4";"7.9";"92.";"7.";"81.21";"60.39";"67.07"
"2020";"11";"13";"5";"12";"7597";"130.";"3.1";"8.3";"90.";"8.";"56.57";"0.00";"56.57"
"2020";"11";"13";"5";"13";"7598";"140.";"3.3";"8.6";"89.";"8.";"49.62";"0.00";"49.62"
"2020";"11";"13";"5";"14";"7599";"135.";"3.8";"8.7";"89.";"6.";"41.45";"81.40";"30.56"
"2020";"11";"13";"5";"15";"7600";"145.";"4.1";"8.5";"88.";"8.";"0.00";"0.00";"0.00"
"2020";"11";"13";"5";"16";"7601";"139.";"4.6";"8.2";"91.";"8.";"0.00";"0.00";"0.00"
"2020";"11";"13";"5";"17";"7602";"139.";"4.6";"7.9";"94.";"7.";"0.00";"0.00";"0.00"
"2020";"11";"13";"5";"18";"7603";"141.";"3.8";"7.7";"95.";"7.";"0.00";"0.00";"0.00"
"2020";"11";"13";"5";"19";"7604";"157.";"3.2";"8.0";"94.";"8.";"0.00";"0.00";"0.00"
"2020";"11";"13";"5";"20";"7605";"169.";"3.3";"8.5";"94.";"8.";"0.00";"0.00";"0.00"
"2020";"11";"13";"5";"21";"7606";"172.";"4.8";"8.9";"91.";"7.";"0.00";"0.00";"0.00"
"2020";"11";"13";"5";"22";"7607";"178.";"4.5";"9.0";"88.";"8.";"0.00";"0.00";"0.00"
"2020";"11";"13";"5";"23";"7608";"171.";"4.8";"9.0";"88.";"8.";"0.00";"0.00";"0.00"
"2020";"11";"14";"6";"0";"7609";"172.";"5.3";"8.9";"90.";"8.";"0.00";"0.00";"0.00"
"2020";"11";"14";"6";"1";"7610";"175.";"5.1";"8.6";"94.";"8.";"0.00";"0.00";"0.00"
"2020";"11";"14";"6";"2";"7611";"191.";"5.2";"8.8";"95.";"8.";"0.00";"0.00";"0.00"
"2020";"11";"14";"6";"3";"7612";"219.";"2.8";"8.9";"95.";"6.";"0.00";"0.00";"0.00"
"2020";"11";"14";"6";"4";"7613";"252.";"2.5";"8.6";"95.";"5.";"0.00";"0.00";"0.00"
"2020";"11";"14";"6";"5";"7614";"249.";"2.2";"7.6";"95.";"1.";"0.00";"0.00";"0.00"
"2020";"11";"14";"6";"6";"7615";"229.";"1.6";"6.5";"95.";"6.";"0.00";"0.00";"0.00"
"2020";"11";"14";"6";"7";"7616";"216.";"1.9";"6.2";"95.";"3.";"0.00";"0.00";"0.00"
"2020";"11";"14";"6";"8";"7617";"212.";"2.1";"6.6";"95.";"1.";"0.00";"0.00";"0.00"
"2020";"11";"14";"6";"9";"7618";"216.";"2.3";"7.9";"93.";"7.";"34.40";"52.95";"27.53"
"2020";"11";"14";"6";"10";"7619";"219.";"3.3";"9.3";"90.";"5.";"98.02";"224.19";"54.12"
"2020";"11";"14";"6";"11";"7620";"214.";"3.6";"10.0";"87.";"5.";"122.31";"250.20";"64.76"
"2020";"11";"14";"6";"12";"7621";"210.";"3.4";"9.9";"86.";"8.";"64.06";"0.00";"64.06"
"2020";"11";"14";"6";"13";"7622";"204.";"3.0";"9.7";"87.";"8.";"48.62";"0.00";"48.62"
"2020";"11";"14";"6";"14";"7623";"200.";"2.5";"9.4";"88.";"6.";"39.75";"90.94";"27.95"
"2020";"11";"14";"6";"15";"7624";"174.";"2.2";"8.9";"91.";"8.";"0.00";"0.00";"0.00"
"2020";"11";"14";"6";"16";"7625";"161.";"2.5";"8.4";"91.";"8.";"0.00";"0.00";"0.00"
"2020";"11";"14";"6";"17";"7626";"154.";"2.9";"8.3";"93.";"8.";"0.00";"0.00";"0.00"
"2020";"11";"14";"6";"18";"7627";"163.";"2.8";"8.4";"93.";"7.";"0.00";"0.00";"0.00"
"2020";"11";"14";"6";"19";"7628";"160.";"3.3";"8.5";"93.";"8.";"0.00";"0.00";"0.00"
"2020";"11";"14";"6";"20";"7629";"156.";"3.7";"8.5";"93.";"8.";"0.00";"0.00";"0.00"
"2020";"11";"14";"6";"21";"7630";"155.";"3.8";"8.5";"93.";"8.";"0.00";"0.00";"0.00"
"2020";"11";"14";"6";"22";"7631";"143.";"4.2";"8.3";"91.";"8.";"0.00";"0.00";"0.00"
"2020";"11";"14";"6";"23";"7632";"140.";"4.7";"8.2";"89.";"8.";"0.00";"0.00";"0.00"
"2020";"11";"15";"7";"0";"7633";"138.";"5.1";"8.1";"88.";"8.";"0.00";"0.00";"0.00"
"2020";"11";"15";"7";"1";"7634";"138.";"4.8";"8.3";"86.";"8.";"0.00";"0.00";"0.00"
"2020";"11";"15";"7";"2";"7635";"140.";"5.5";"8.5";"88.";"8.";"0.00";"0.00";"0.00"
"2020";"11";"15";"7";"3";"7636";"148.";"4.9";"8.5";"93.";"8.";"0.00";"0.00";"0.00"
"2020";"11";"15";"7";"4";"7637";"153.";"5.0";"9.0";"95.";"8.";"0.00";"0.00";"0.00"
"2020";"11";"15";"7";"5";"7638";"154.";"5.2";"9.8";"95.";"8.";"0.00";"0.00";"0.00"
"2020";"11";"15";"7";"6";"7639";"155.";"5.9";"10.4";"94.";"8.";"0.00";"0.00";"0.00"
"2020";"11";"15";"7";"7";"7640";"157.";"6.3";"10.7";"93.";"8.";"0.00";"0.00";"0.00"
"2020";"11";"15";"7";"8";"7641";"162.";"6.1";"11.0";"91.";"8.";"0.00";"0.00";"0.00"
"2020";"11";"15";"7";"9";"7642";"167.";"6.4";"11.2";"90.";"8.";"18.54";"0.00";"18.54"
"2020";"11";"15";"7";"10";"7643";"164.";"6.2";"11.4";"89.";"8.";"42.66";"0.00";"42.66"
"2020";"11";"15";"7";"11";"7644";"160.";"5.9";"11.6";"86.";"8.";"55.88";"0.00";"55.88"
"2020";"11";"15";"7";"12";"7645";"161.";"5.4";"11.7";"86.";"7.";"74.67";"58.28";"61.50"
"2020";"11";"15";"7";"13";"7646";"159.";"5.0";"11.6";"86.";"8.";"43.64";"0.00";"43.64"
"2020";"11";"15";"7";"14";"7647";"148.";"5.5";"11.6";"86.";"6.";"33.86";"72.28";"24.77"
"2020";"11";"15";"7";"15";"7648";"148.";"5.3";"11.6";"87.";"8.";"0.00";"0.00";"0.00"
"2020";"11";"15";"7";"16";"7649";"138.";"5.3";"11.2";"88.";"4.";"0.00";"0.00";"0.00"
"2020";"11";"15";"7";"17";"7650";"139.";"5.4";"11.0";"88.";"4.";"0.00";"0.00";"0.00"
"2020";"11";"15";"7";"18";"7651";"143.";"5.7";"11.2";"87.";"8.";"0.00";"0.00";"0.00"
"2020";"11";"15";"7";"19";"7652";"139.";"6.2";"11.6";"85.";"8.";"0.00";"0.00";"0.00"
"2020";"11";"15";"7";"20";"7653";"147.";"6.5";"11.4";"83.";"7.";"0.00";"0.00";"0.00"
"2020";"11";"15";"7";"21";"7654";"143.";"6.1";"11.4";"84.";"8.";"0.00";"0.00";"0.00"
"2020";"11";"15";"7";"22";"7655";"141.";"6.2";"11.1";"85.";"8.";"0.00";"0.00";"0.00"
"2020";"11";"15";"7";"23";"7656";"140.";"5.9";"11.0";"85.";"8.";"0.00";"0.00";"0.00"
"2020";"11";"16";"1";"0";"7657";"138.";"5.9";"11.1";"84.";"8.";"0.00";"0.00";"0.00"
"2020";"11";"16";"1";"1";"7658";"146.";"6.3";"11.1";"84.";"7.";"0.00";"0.00";"0.00"
"2020";"11";"16";"1";"2";"7659";"162.";"7.8";"10.6";"92.";"8.";"0.00";"0.00";"0.00"
"2020";"11";"16";"1";"3";"7660";"179.";"8.2";"10.5";"93.";"8.";"0.00";"0.00";"0.00"
"2020";"11";"16";"1";"4";"7661";"180.";"7.0";"10.3";"92.";"8.";"0.00";"0.00";"0.00"
"2020";"11";"16";"1";"5";"7662";"192.";"6.3";"10.0";"87.";"7.";"0.00";"0.00";"0.00"
"2020";"11";"16";"1";"6";"7663";"191.";"5.6";"9.8";"86.";"8.";"0.00";"0.00";"0.00"
"2020";"11";"16";"1";"7";"7664";"183.";"6.1";"9.7";"86.";"6.";"0.00";"0.00";"0.00"
"2020";"11";"16";"1";"8";"7665";"174.";"6.4";"9.5";"86.";"8.";"0.00";"0.00";"0.00"
"2020";"11";"16";"1";"9";"7666";"180.";"7.3";"9.3";"89.";"8.";"12.61";"0.00";"12.61"
"2020";"11";"16";"1";"10";"7667";"177.";"7.5";"9.1";"89.";"8.";"25.87";"0.00";"25.87"
"2020";"11";"16";"1";"11";"7668";"179.";"7.8";"9.1";"90.";"8.";"32.22";"0.00";"32.22"
"2020";"11";"16";"1";"12";"7669";"181.";"8.3";"9.2";"93.";"8.";"30.78";"0.00";"30.78"
"2020";"11";"16";"1";"13";"7670";"192.";"7.7";"9.9";"92.";"7.";"59.03";"62.95";"47.20"
"2020";"11";"16";"1";"14";"7671";"205.";"7.6";"10.2";"88.";"7.";"28.77";"46.40";"23.11"
"2020";"11";"16";"1";"15";"7672";"206.";"7.3";"10.5";"89.";"8.";"0.00";"0.00";"0.00"
"2020";"11";"16";"1";"16";"7673";"203.";"6.5";"10.4";"90.";"8.";"0.00";"0.00";"0.00"
"2020";"11";"16";"1";"17";"7674";"214.";"6.6";"10.7";"90.";"8.";"0.00";"0.00";"0.00"
"2020";"11";"16";"1";"18";"7675";"224.";"6.7";"10.5";"93.";"8.";"0.00";"0.00";"0.00"
"2020";"11";"16";"1";"19";"7676";"229.";"6.3";"10.3";"93.";"7.";"0.00";"0.00";"0.00"
"2020";"11";"16";"1";"20";"7677";"236.";"5.4";"10.2";"92.";"6.";"0.00";"0.00";"0.00"
"2020";"11";"16";"1";"21";"7678";"233.";"4.7";"9.9";"92.";"7.";"0.00";"0.00";"0.00"
"2020";"11";"16";"1";"22";"7679";"231.";"4.2";"10.0";"92.";"6.";"0.00";"0.00";"0.00"
"2020";"11";"16";"1";"23";"7680";"230.";"4.4";"10.0";"91.";"8.";"0.00";"0.00";"0.00"
"2020";"11";"17";"2";"0";"7681";"229.";"4.6";"10.0";"91.";"8.";"0.00";"0.00";"0.00"
"2020";"11";"17";"2";"1";"7682";"233.";"5.9";"10.0";"92.";"8.";"0.00";"0.00";"0.00"
"2020";"11";"17";"2";"2";"7683";"240.";"6.5";"9.6";"90.";"8.";"0.00";"0.00";"0.00"
"2020";"11";"17";"2";"3";"7684";"234.";"5.8";"9.3";"88.";"8.";"0.00";"0.00";"0.00"
"2020";"11";"17";"2";"4";"7685";"235.";"5.9";"9.2";"86.";"8.";"0.00";"0.00";"0.00"
"2020";"11";"17";"2";"5";"7686";"228.";"4.8";"9.2";"86.";"8.";"0.00";"0.00";"0.00"
"2020";"11";"17";"2";"6";"7687";"230.";"4.4";"9.5";"85.";"8.";"0.00";"0.00";"0.00"
"2020";"11";"17";"2";"7";"7688";"230.";"5.3";"9.6";"85.";"8.";"0.00";"0.00";"0.00"
"2020";"11";"17";"2";"8";"7689";"218.";"5.5";"9.6";"89.";"8.";"0.00";"0.00";"0.00"
"2020";"11";"17";"2";"9";"7690";"202.";"5.4";"9.6";"91.";"8.";"10.45";"0.00";"10.45"
"2020";"11";"17";"2";"10";"7691";"187.";"5.6";"9.6";"93.";"8.";"22.55";"0.00";"22.55"
"2020";"11";"17";"2";"11";"7692";"184.";"6.9";"9.6";"95.";"8.";"27.88";"0.00";"27.88"
"2020";"11";"17";"2";"12";"7693";"192.";"7.6";"9.7";"96.";"8.";"27.57";"0.00";"27.57"
"2020";"11";"17";"2";"13";"7694";"202.";"7.8";"9.9";"96.";"8.";"21.76";"0.00";"21.76"
"2020";"11";"17";"2";"14";"7695";"212.";"7.5";"10.4";"96.";"8.";"9.02";"0.00";"9.02"
"2020";"11";"17";"2";"15";"7696";"228.";"7.0";"11.0";"97.";"8.";"0.00";"0.00";"0.00"
"2020";"11";"17";"2";"16";"7697";"231.";"7.0";"11.4";"96.";"8.";"0.00";"0.00";"0.00"
"2020";"11";"17";"2";"17";"7698";"236.";"7.4";"11.5";"96.";"8.";"0.00";"0.00";"0.00"
"2020";"11";"17";"2";"18";"7699";"236.";"8.4";"11.4";"96.";"8.";"0.00";"0.00";"0.00"
"2020";"11";"17";"2";"19";"7700";"231.";"8.7";"11.4";"96.";"8.";"0.00";"0.00";"0.00"
"2020";"11";"17";"2";"20";"7701";"230.";"8.6";"11.4";"96.";"8.";"0.00";"0.00";"0.00"
"2020";"11";"17";"2";"21";"7702";"234.";"7.9";"11.4";"97.";"8.";"0.00";"0.00";"0.00"
"2020";"11";"17";"2";"22";"7703";"239.";"7.9";"11.4";"96.";"8.";"0.00";"0.00";"0.00"
"2020";"11";"17";"2";"23";"7704";"242.";"7.6";"11.4";"96.";"8.";"0.00";"0.00";"0.00"
"2020";"11";"18";"3";"0";"7705";"241.";"7.3";"11.4";"96.";"8.";"0.00";"0.00";"0.00"
"2020";"11";"18";"3";"1";"7706";"237.";"6.9";"11.4";"97.";"8.";"0.00";"0.00";"0.00"
"2020";"11";"18";"3";"2";"7707";"233.";"6.8";"11.3";"97.";"8.";"0.00";"0.00";"0.00"
"2020";"11";"18";"3";"3";"7708";"225.";"6.5";"11.4";"97.";"8.";"0.00";"0.00";"0.00"
"2020";"11";"18";"3";"4";"7709";"223.";"6.4";"11.4";"97.";"8.";"0.00";"0.00";"0.00"
"2020";"11";"18";"3";"5";"7710";"226.";"6.9";"11.4";"97.";"8.";"0.00";"0.00";"0.00"
"2020";"11";"18";"3";"6";"7711";"224.";"7.2";"11.5";"97.";"8.";"0.00";"0.00";"0.00"
"2020";"11";"18";"3";"7";"7712";"225.";"7.8";"11.6";"97.";"8.";"0.00";"0.00";"0.00"
"2020";"11";"18";"3";"8";"7713";"221.";"7.7";"11.8";"97.";"8.";"0.00";"0.00";"0.00"
"2020";"11";"18";"3";"9";"7714";"221.";"8.0";"11.7";"97.";"8.";"11.80";"0.00";"11.80"
"2020";"11";"18";"3";"10";"7715";"218.";"7.9";"11.7";"97.";"7.";"38.26";"6.69";"37.05"
"2020";"11";"18";"3";"11";"7716";"224.";"8.2";"11.7";"97.";"8.";"40.58";"0.00";"40.58"
"2020";"11";"18";"3";"12";"7717";"224.";"8.8";"11.4";"96.";"8.";"51.67";"0.00";"51.67"
"2020";"11";"18";"3";"13";"7718";"224.";"8.8";"10.9";"94.";"7.";"34.31";"36.04";"27.81"
"2020";"11";"18";"3";"14";"7719";"224.";"8.8";"11.1";"91.";"8.";"16.74";"0.00";"16.74"
"2020";"11";"18";"3";"15";"7720";"223.";"8.8";"10.9";"91.";"8.";"0.00";"0.00";"0.00"
"2020";"11";"18";"3";"16";"7721";"208.";"8.3";"11.1";"91.";"8.";"0.00";"0.00";"0.00"
"2020";"11";"18";"3";"17";"7722";"208.";"8.9";"11.3";"88.";"8.";"0.00";"0.00";"0.00"
"2020";"11";"18";"3";"18";"7723";"207.";"9.1";"10.8";"88.";"8.";"0.00";"0.00";"0.00"
"2020";"11";"18";"3";"19";"7724";"198.";"9.1";"10.4";"87.";"8.";"0.00";"0.00";"0.00"
"2020";"11";"18";"3";"20";"7725";"205.";"10.5";"10.2";"89.";"8.";"0.00";"0.00";"0.00"
"2020";"11";"18";"3";"21";"7726";"200.";"9.6";"9.9";"93.";"8.";"0.00";"0.00";"0.00"
"2020";"11";"18";"3";"22";"7727";"201.";"9.6";"10.0";"92.";"8.";"0.00";"0.00";"0.00"
"2020";"11";"18";"3";"23";"7728";"204.";"9.8";"10.4";"91.";"8.";"0.00";"0.00";"0.00"
"2020";"11";"19";"4";"0";"7729";"208.";"10.3";"10.7";"91.";"8.";"0.00";"0.00";"0.00"
"2020";"11";"19";"4";"1";"7730";"214.";"11.1";"10.9";"93.";"8.";"0.00";"0.00";"0.00"
"2020";"11";"19";"4";"2";"7731";"241.";"11.6";"9.7";"93.";"8.";"0.00";"0.00";"0.00"
"2020";"11";"19";"4";"3";"7732";"242.";"11.2";"9.3";"77.";"6.";"0.00";"0.00";"0.00"
"2020";"11";"19";"4";"4";"7733";"240.";"10.3";"9.2";"76.";"6.";"0.00";"0.00";"0.00"
"2020";"11";"19";"4";"5";"7734";"236.";"11.3";"9.2";"78.";"7.";"0.00";"0.00";"0.00"
"2020";"11";"19";"4";"6";"7735";"235.";"12.8";"9.3";"76.";"6.";"0.00";"0.00";"0.00"
"2020";"11";"19";"4";"7";"7736";"233.";"13.1";"9.0";"79.";"7.";"0.00";"0.00";"0.00"
"2020";"11";"19";"4";"8";"7737";"232.";"13.4";"9.1";"78.";"7.";"0.00";"0.00";"0.00"
"2020";"11";"19";"4";"9";"7738";"256.";"10.7";"9.0";"80.";"8.";"19.06";"0.00";"19.06"
"2020";"11";"19";"4";"10";"7739";"285.";"9.4";"7.8";"70.";"8.";"27.09";"0.00";"27.09"
"2020";"11";"19";"4";"11";"7740";"341.";"6.1";"5.4";"77.";"8.";"59.12";"0.00";"59.12"
"2020";"11";"19";"4";"12";"7741";"356.";"5.3";"5.0";"69.";"7.";"80.44";"84.82";"62.57"
"2020";"11";"19";"4";"13";"7742";"338.";"4.7";"3.9";"68.";"7.";"63.78";"78.43";"49.92"
"2020";"11";"19";"4";"14";"7743";"316.";"7.9";"2.0";"81.";"8.";"12.96";"0.00";"12.96"
"2020";"11";"19";"4";"15";"7744";"308.";"7.2";"2.9";"76.";"5.";"0.00";"0.00";"0.00"
"2020";"11";"19";"4";"16";"7745";"303.";"7.9";"4.0";"66.";"0.";"0.00";"0.00";"0.00"
"2020";"11";"19";"4";"17";"7746";"298.";"8.8";"5.2";"55.";"5.";"0.00";"0.00";"0.00"
"2020";"11";"19";"4";"18";"7747";"293.";"9.7";"5.4";"56.";"6.";"0.00";"0.00";"0.00"
"2020";"11";"19";"4";"19";"7748";"301.";"9.1";"5.8";"56.";"8.";"0.00";"0.00";"0.00"
"2020";"11";"19";"4";"20";"7749";"323.";"7.2";"5.4";"57.";"8.";"0.00";"0.00";"0.00"
"2020";"11";"19";"4";"21";"7750";"359.";"6.1";"4.6";"50.";"0.";"0.00";"0.00";"0.00"
"2020";"11";"19";"4";"22";"7751";"6.";"5.1";"3.5";"51.";"0.";"0.00";"0.00";"0.00"
"2020";"11";"19";"4";"23";"7752";"343.";"2.5";"2.2";"56.";"1.";"0.00";"0.00";"0.00"
"2020";"11";"20";"5";"0";"7753";"307.";"1.5";"0.8";"65.";"3.";"0.00";"0.00";"0.00"
"2020";"11";"20";"5";"1";"7754";"294.";"2.0";"0.3";"70.";"8.";"0.00";"0.00";"0.00"
"2020";"11";"20";"5";"2";"7755";"288.";"3.0";"0.7";"72.";"7.";"0.00";"0.00";"0.00"
"2020";"11";"20";"5";"3";"7756";"290.";"4.7";"2.3";"68.";"7.";"0.00";"0.00";"0.00"
"2020";"11";"20";"5";"4";"7757";"302.";"4.6";"4.7";"63.";"3.";"0.00";"0.00";"0.00"
"2020";"11";"20";"5";"5";"7758";"308.";"4.6";"5.1";"62.";"2.";"0.00";"0.00";"0.00"
"2020";"11";"20";"5";"6";"7759";"311.";"4.0";"4.6";"62.";"3.";"0.00";"0.00";"0.00"
"2020";"11";"20";"5";"7";"7760";"324.";"2.7";"3.8";"66.";"1.";"0.00";"0.00";"0.00"
"2020";"11";"20";"5";"8";"7761";"350.";"1.7";"3.0";"69.";"1.";"0.00";"0.00";"0.00"
"2020";"11";"20";"5";"9";"7762";"344.";"1.6";"3.8";"65.";"1.";"71.60";"393.16";"29.27"
"2020";"11";"20";"5";"10";"7763";"315.";"1.7";"5.6";"55.";"0.";"157.94";"639.24";"47.22"
"2020";"11";"20";"5";"11";"7764";"311.";"2.0";"6.4";"48.";"0.";"201.25";"705.96";"55.02"
"2020";"11";"20";"5";"12";"7765";"326.";"1.5";"6.8";"47.";"1.";"186.65";"617.35";"58.78"
"2020";"11";"20";"5";"13";"7766";"309.";"1.6";"6.3";"48.";"2.";"136.03";"484.40";"52.13"
"2020";"11";"20";"5";"14";"7767";"288.";"1.3";"5.2";"55.";"1.";"72.94";"400.55";"29.82"
"2020";"11";"20";"5";"15";"7768";"245.";"0.2";"4.2";"63.";"1.";"0.00";"0.00";"0.00"
"2020";"11";"20";"5";"16";"7769";"146.";"0.6";"2.5";"73.";"3.";"0.00";"0.00";"0.00"
"2020";"11";"20";"5";"17";"7770";"178.";"0.7";"2.3";"77.";"3.";"0.00";"0.00";"0.00"
"2020";"11";"20";"5";"18";"7771";"221.";"1.0";"1.4";"78.";"8.";"0.00";"0.00";"0.00"
"2020";"11";"20";"5";"19";"7772";"223.";"1.3";"3.0";"76.";"8.";"0.00";"0.00";"0.00"
"2020";"11";"20";"5";"20";"7773";"246.";"2.4";"2.9";"73.";"8.";"0.00";"0.00";"0.00"
"2020";"11";"20";"5";"21";"7774";"238.";"3.4";"4.7";"71.";"8.";"0.00";"0.00";"0.00"
"2020";"11";"20";"5";"22";"7775";"236.";"4.3";"5.1";"76.";"8.";"0.00";"0.00";"0.00"
"2020";"11";"20";"5";"23";"7776";"228.";"4.8";"5.7";"70.";"8.";"0.00";"0.00";"0.00"
"2020";"11";"21";"6";"0";"7777";"219.";"5.2";"6.2";"67.";"8.";"0.00";"0.00";"0.00"
"2020";"11";"21";"6";"1";"7778";"205.";"6.8";"6.6";"72.";"8.";"0.00";"0.00";"0.00"
"2020";"11";"21";"6";"2";"7779";"208.";"7.8";"6.8";"79.";"8.";"0.00";"0.00";"0.00"
"2020";"11";"21";"6";"3";"7780";"207.";"8.6";"6.5";"86.";"8.";"0.00";"0.00";"0.00"
"2020";"11";"21";"6";"4";"7781";"195.";"9.0";"6.5";"91.";"8.";"0.00";"0.00";"0.00"
"2020";"11";"21";"6";"5";"7782";"200.";"10.1";"6.9";"94.";"8.";"0.00";"0.00";"0.00"
"2020";"11";"21";"6";"6";"7783";"200.";"10.4";"7.1";"95.";"8.";"0.00";"0.00";"0.00"
"2020";"11";"21";"6";"7";"7784";"207.";"10.4";"7.6";"94.";"8.";"0.00";"0.00";"0.00"
"2020";"11";"21";"6";"8";"7785";"204.";"10.1";"7.7";"94.";"8.";"0.00";"0.00";"0.00"
"2020";"11";"21";"6";"9";"7786";"211.";"11.0";"7.8";"94.";"8.";"7.82";"0.00";"7.82"
"2020";"11";"21";"6";"10";"7787";"208.";"10.7";"8.2";"94.";"8.";"19.19";"0.00";"19.19"
"2020";"11";"21";"6";"11";"7788";"212.";"10.5";"8.7";"95.";"8.";"25.25";"0.00";"25.25"
"2020";"11";"21";"6";"12";"7789";"217.";"10.1";"8.7";"96.";"8.";"24.19";"0.00";"24.19"
"2020";"11";"21";"6";"13";"7790";"221.";"9.7";"9.3";"97.";"8.";"17.61";"0.00";"17.61"
"2020";"11";"21";"6";"14";"7791";"227.";"10.0";"9.8";"97.";"8.";"6.50";"0.00";"6.50"
"2020";"11";"21";"6";"15";"7792";"232.";"9.4";"10.0";"97.";"8.";"0.00";"0.00";"0.00"
"2020";"11";"21";"6";"16";"7793";"269.";"6.4";"9.2";"93.";"8.";"0.00";"0.00";"0.00"
"2020";"11";"21";"6";"17";"7794";"259.";"6.5";"9.2";"90.";"8.";"0.00";"0.00";"0.00"
"2020";"11";"21";"6";"18";"7795";"257.";"6.2";"9.2";"87.";"6.";"0.00";"0.00";"0.00"
"2020";"11";"21";"6";"19";"7796";"263.";"7.9";"9.3";"84.";"8.";"0.00";"0.00";"0.00"
"2020";"11";"21";"6";"20";"7797";"256.";"7.2";"9.3";"80.";"7.";"0.00";"0.00";"0.00"
"2020";"11";"21";"6";"21";"7798";"268.";"7.8";"8.7";"80.";"3.";"0.00";"0.00";"0.00"
"2020";"11";"21";"6";"22";"7799";"271.";"7.5";"8.7";"80.";"4.";"0.00";"0.00";"0.00"
"2020";"11";"21";"6";"23";"7800";"269.";"6.9";"8.9";"80.";"4.";"0.00";"0.00";"0.00"
"2020";"11";"22";"7";"0";"7801";"264.";"6.9";"9.1";"77.";"6.";"0.00";"0.00";"0.00"
"2020";"11";"22";"7";"1";"7802";"261.";"7.2";"8.6";"78.";"3.";"0.00";"0.00";"0.00"
"2020";"11";"22";"7";"2";"7803";"260.";"7.0";"8.5";"76.";"6.";"0.00";"0.00";"0.00"
"2020";"11";"22";"7";"3";"7804";"253.";"6.7";"8.2";"78.";"4.";"0.00";"0.00";"0.00"
"2020";"11";"22";"7";"4";"7805";"242.";"7.5";"8.4";"82.";"6.";"0.00";"0.00";"0.00"
"2020";"11";"22";"7";"5";"7806";"248.";"8.8";"7.7";"82.";"5.";"0.00";"0.00";"0.00"
"2020";"11";"22";"7";"6";"7807";"256.";"9.6";"7.0";"79.";"6.";"0.00";"0.00";"0.00"
"2020";"11";"22";"7";"7";"7808";"257.";"9.0";"6.9";"80.";"3.";"0.00";"0.00";"0.00"
"2020";"11";"22";"7";"8";"7809";"265.";"8.5";"7.9";"78.";"4.";"0.00";"0.00";"0.00"
"2020";"11";"22";"7";"9";"7810";"265.";"8.6";"7.9";"76.";"8.";"9.35";"0.00";"9.35"
"2020";"11";"22";"7";"10";"7811";"264.";"8.4";"8.6";"73.";"7.";"51.84";"52.13";"43.16"
"2020";"11";"22";"7";"11";"7812";"263.";"9.1";"9.1";"70.";"7.";"64.96";"47.87";"55.37"
"2020";"11";"22";"7";"12";"7813";"261.";"9.4";"9.2";"70.";"8.";"49.14";"0.00";"49.14"
"2020";"11";"22";"7";"13";"7814";"258.";"9.5";"8.8";"77.";"8.";"34.58";"0.00";"34.58"
"2020";"11";"22";"7";"14";"7815";"259.";"9.9";"9.4";"78.";"8.";"14.69";"0.00";"14.69"
"2020";"11";"22";"7";"15";"7816";"267.";"11.5";"9.4";"77.";"6.";"0.00";"0.00";"0.00"
"2020";"11";"22";"7";"16";"7817";"277.";"10.8";"9.1";"72.";"3.";"0.00";"0.00";"0.00"
"2020";"11";"22";"7";"17";"7818";"279.";"10.6";"9.4";"72.";"3.";"0.00";"0.00";"0.00"
"2020";"11";"22";"7";"18";"7819";"282.";"9.7";"9.3";"72.";"2.";"0.00";"0.00";"0.00"
"2020";"11";"22";"7";"19";"7820";"282.";"10.0";"9.1";"72.";"8.";"0.00";"0.00";"0.00"
"2020";"11";"22";"7";"20";"7821";"281.";"8.3";"9.0";"72.";"8.";"0.00";"0.00";"0.00"
"2020";"11";"22";"7";"21";"7822";"278.";"8.2";"8.9";"72.";"7.";"0.00";"0.00";"0.00"
"2020";"11";"22";"7";"22";"7823";"283.";"8.0";"8.9";"70.";"8.";"0.00";"0.00";"0.00"
"2020";"11";"22";"7";"23";"7824";"283.";"6.9";"8.8";"70.";"7.";"0.00";"0.00";"0.00"
"2020";"11";"23";"1";"0";"7825";"277.";"7.3";"8.8";"69.";"7.";"0.00";"0.00";"0.00"
"2020";"11";"23";"1";"1";"7826";"269.";"8.4";"8.6";"74.";"8.";"0.00";"0.00";"0.00"
"2020";"11";"23";"1";"2";"7827";"271.";"8.3";"8.4";"72.";"8.";"0.00";"0.00";"0.00"
"2020";"11";"23";"1";"3";"7828";"278.";"7.2";"8.5";"73.";"8.";"0.00";"0.00";"0.00"
"2020";"11";"23";"1";"4";"7829";"280.";"6.6";"8.1";"78.";"8.";"0.00";"0.00";"0.00"
"2020";"11";"23";"1";"5";"7830";"285.";"6.2";"8.1";"76.";"6.";"0.00";"0.00";"0.00"
"2020";"11";"23";"1";"6";"7831";"285.";"6.2";"8.0";"74.";"3.";"0.00";"0.00";"0.00"
"2020";"11";"23";"1";"7";"7832";"282.";"6.5";"7.9";"75.";"5.";"0.00";"0.00";"0.00"
"2020";"11";"23";"1";"8";"7833";"284.";"6.9";"7.9";"74.";"6.";"0.00";"0.00";"0.00"
"2020";"11";"23";"1";"9";"7834";"293.";"7.7";"8.4";"69.";"4.";"38.51";"174.33";"21.44"
"2020";"11";"23";"1";"10";"7835";"295.";"7.5";"8.7";"67.";"6.";"67.41";"141.74";"44.28"
"2020";"11";"23";"1";"11";"7836";"293.";"8.1";"9.0";"66.";"3.";"132.48";"381.06";"57.42"
"2020";"11";"23";"1";"12";"7837";"294.";"7.7";"9.0";"65.";"2.";"146.08";"452.43";"56.95"
"2020";"11";"23";"1";"13";"7838";"293.";"7.4";"8.9";"65.";"1.";"121.75";"465.68";"45.75"
"2020";"11";"23";"1";"14";"7839";"290.";"7.5";"8.6";"69.";"2.";"45.47";"236.70";"22.30"
"2020";"11";"23";"1";"15";"7840";"292.";"5.9";"8.3";"71.";"2.";"0.00";"0.00";"0.00"
"2020";"11";"23";"1";"16";"7841";"289.";"5.9";"8.2";"70.";"5.";"0.00";"0.00";"0.00"
"2020";"11";"23";"1";"17";"7842";"285.";"6.2";"8.4";"71.";"6.";"0.00";"0.00";"0.00"
"2020";"11";"23";"1";"18";"7843";"283.";"5.2";"8.5";"74.";"8.";"0.00";"0.00";"0.00"
"2020";"11";"23";"1";"19";"7844";"276.";"5.5";"8.9";"77.";"8.";"0.00";"0.00";"0.00"
"2020";"11";"23";"1";"20";"7845";"267.";"6.0";"8.7";"76.";"7.";"0.00";"0.00";"0.00"
"2020";"11";"23";"1";"21";"7846";"251.";"5.2";"8.5";"83.";"8.";"0.00";"0.00";"0.00"
"2020";"11";"23";"1";"22";"7847";"241.";"6.1";"8.5";"85.";"8.";"0.00";"0.00";"0.00"
"2020";"11";"23";"1";"23";"7848";"243.";"5.6";"8.4";"83.";"8.";"0.00";"0.00";"0.00"
"2020";"11";"24";"2";"0";"7849";"239.";"5.3";"8.3";"83.";"7.";"0.00";"0.00";"0.00"
"2020";"11";"24";"2";"1";"7850";"241.";"6.0";"8.5";"80.";"8.";"0.00";"0.00";"0.00"
"2020";"11";"24";"2";"2";"7851";"245.";"6.9";"8.4";"80.";"8.";"0.00";"0.00";"0.00"
"2020";"11";"24";"2";"3";"7852";"235.";"7.1";"7.9";"85.";"8.";"0.00";"0.00";"0.00"
"2020";"11";"24";"2";"4";"7853";"228.";"6.3";"7.6";"91.";"8.";"0.00";"0.00";"0.00"
"2020";"11";"24";"2";"5";"7854";"220.";"6.5";"7.7";"93.";"8.";"0.00";"0.00";"0.00"
"2020";"11";"24";"2";"6";"7855";"223.";"6.8";"7.9";"94.";"8.";"0.00";"0.00";"0.00"
"2020";"11";"24";"2";"7";"7856";"225.";"6.8";"8.2";"94.";"8.";"0.00";"0.00";"0.00"
"2020";"11";"24";"2";"8";"7857";"228.";"7.5";"8.5";"94.";"8.";"0.00";"0.00";"0.00"
"2020";"11";"24";"2";"9";"7858";"231.";"7.5";"8.9";"95.";"8.";"5.55";"0.00";"5.55"
"2020";"11";"24";"2";"10";"7859";"235.";"7.0";"9.3";"96.";"8.";"28.30";"0.00";"28.30"
"2020";"11";"24";"2";"11";"7860";"237.";"7.3";"9.6";"96.";"8.";"36.73";"0.00";"36.73"
"2020";"11";"24";"2";"12";"7861";"237.";"6.8";"9.9";"96.";"8.";"40.56";"0.00";"40.56"
"2020";"11";"24";"2";"13";"7862";"239.";"6.9";"10.0";"96.";"8.";"28.05";"0.00";"28.05"
"2020";"11";"24";"2";"14";"7863";"240.";"6.4";"10.0";"95.";"8.";"9.64";"0.00";"9.64"
"2020";"11";"24";"2";"15";"7864";"240.";"6.3";"10.0";"95.";"8.";"0.00";"0.00";"0.00"
"2020";"11";"24";"2";"16";"7865";"239.";"5.8";"10.0";"95.";"8.";"0.00";"0.00";"0.00"
"2020";"11";"24";"2";"17";"7866";"242.";"5.8";"10.0";"95.";"8.";"0.00";"0.00";"0.00"
"2020";"11";"24";"2";"18";"7867";"242.";"5.1";"10.0";"95.";"8.";"0.00";"0.00";"0.00"
"2020";"11";"24";"2";"19";"7868";"241.";"4.7";"10.1";"95.";"8.";"0.00";"0.00";"0.00"
"2020";"11";"24";"2";"20";"7869";"237.";"5.2";"10.0";"95.";"8.";"0.00";"0.00";"0.00"
"2020";"11";"24";"2";"21";"7870";"232.";"5.3";"9.7";"95.";"8.";"0.00";"0.00";"0.00"
"2020";"11";"24";"2";"22";"7871";"222.";"4.3";"9.6";"94.";"8.";"0.00";"0.00";"0.00"
"2020";"11";"24";"2";"23";"7872";"221.";"4.6";"9.5";"94.";"8.";"0.00";"0.00";"0.00"
"2020";"11";"25";"3";"0";"7873";"218.";"5.0";"9.5";"93.";"8.";"0.00";"0.00";"0.00"
"2020";"11";"25";"3";"1";"7874";"212.";"5.0";"9.5";"93.";"8.";"0.00";"0.00";"0.00"
"2020";"11";"25";"3";"2";"7875";"205.";"5.5";"9.5";"93.";"8.";"0.00";"0.00";"0.00"
"2020";"11";"25";"3";"3";"7876";"207.";"6.1";"9.5";"92.";"8.";"0.00";"0.00";"0.00"
"2020";"11";"25";"3";"4";"7877";"207.";"5.8";"9.5";"91.";"8.";"0.00";"0.00";"0.00"
"2020";"11";"25";"3";"5";"7878";"210.";"6.3";"9.4";"90.";"8.";"0.00";"0.00";"0.00"
"2020";"11";"25";"3";"6";"7879";"214.";"6.1";"9.1";"89.";"7.";"0.00";"0.00";"0.00"
"2020";"11";"25";"3";"7";"7880";"203.";"6.0";"8.9";"88.";"8.";"0.00";"0.00";"0.00"
"2020";"11";"25";"3";"8";"7881";"204.";"5.9";"8.6";"88.";"8.";"0.00";"0.00";"0.00"
"2020";"11";"25";"3";"9";"7882";"195.";"5.9";"8.5";"88.";"7.";"14.59";"20.30";"12.72"
"2020";"11";"25";"3";"10";"7883";"197.";"5.8";"8.6";"87.";"6.";"53.37";"76.26";"41.39"
"2020";"11";"25";"3";"11";"7884";"208.";"6.5";"8.8";"86.";"6.";"72.99";"95.41";"54.80"
"2020";"11";"25";"3";"12";"7885";"221.";"7.1";"8.8";"85.";"8.";"44.27";"0.00";"44.27"
"2020";"11";"25";"3";"13";"7886";"214.";"6.3";"8.3";"86.";"8.";"33.09";"0.00";"33.09"
"2020";"11";"25";"3";"14";"7887";"206.";"6.1";"8.1";"86.";"8.";"11.42";"0.00";"11.42"
"2020";"11";"25";"3";"15";"7888";"211.";"6.0";"7.9";"88.";"8.";"0.00";"0.00";"0.00"
"2020";"11";"25";"3";"16";"7889";"208.";"5.5";"8.0";"89.";"8.";"0.00";"0.00";"0.00"
"2020";"11";"25";"3";"17";"7890";"203.";"5.5";"8.0";"91.";"8.";"0.00";"0.00";"0.00"
"2020";"11";"25";"3";"18";"7891";"203.";"5.5";"7.9";"93.";"8.";"0.00";"0.00";"0.00"
"2020";"11";"25";"3";"19";"7892";"210.";"6.1";"8.1";"94.";"8.";"0.00";"0.00";"0.00"
"2020";"11";"25";"3";"20";"7893";"218.";"6.6";"8.4";"94.";"8.";"0.00";"0.00";"0.00"
"2020";"11";"25";"3";"21";"7894";"215.";"6.4";"8.4";"93.";"8.";"0.00";"0.00";"0.00"
"2020";"11";"25";"3";"22";"7895";"202.";"5.9";"8.3";"92.";"8.";"0.00";"0.00";"0.00"
"2020";"11";"25";"3";"23";"7896";"206.";"6.1";"8.3";"91.";"8.";"0.00";"0.00";"0.00"
"2020";"11";"26";"4";"0";"7897";"213.";"6.4";"8.3";"91.";"8.";"0.00";"0.00";"0.00"
"2020";"11";"26";"4";"1";"7898";"212.";"6.6";"8.5";"93.";"8.";"0.00";"0.00";"0.00"
"2020";"11";"26";"4";"2";"7899";"220.";"6.5";"8.4";"94.";"8.";"0.00";"0.00";"0.00"
"2020";"11";"26";"4";"3";"7900";"226.";"6.1";"8.6";"94.";"8.";"0.00";"0.00";"0.00"
"2020";"11";"26";"4";"4";"7901";"238.";"5.3";"8.7";"95.";"8.";"0.00";"0.00";"0.00"
"2020";"11";"26";"4";"5";"7902";"260.";"3.4";"8.8";"96.";"8.";"0.00";"0.00";"0.00"
"2020";"11";"26";"4";"6";"7903";"285.";"3.2";"8.5";"92.";"8.";"0.00";"0.00";"0.00"
"2020";"11";"26";"4";"7";"7904";"285.";"3.2";"8.2";"91.";"8.";"0.00";"0.00";"0.00"
"2020";"11";"26";"4";"8";"7905";"293.";"3.0";"8.0";"92.";"8.";"0.00";"0.00";"0.00"
"2020";"11";"26";"4";"9";"7906";"276.";"1.7";"7.9";"91.";"5.";"16.56";"69.93";"10.33"
"2020";"11";"26";"4";"10";"7907";"308.";"2.4";"8.6";"87.";"1.";"107.12";"448.05";"38.08"
"2020";"11";"26";"4";"11";"7908";"313.";"3.5";"8.6";"74.";"0.";"162.27";"615.91";"46.61"
"2020";"11";"26";"4";"12";"7909";"326.";"3.1";"8.5";"68.";"0.";"165.11";"626.71";"47.43"
"2020";"11";"26";"4";"13";"7910";"316.";"2.9";"8.1";"68.";"0.";"124.95";"554.26";"39.53"
"2020";"11";"26";"4";"14";"7911";"324.";"2.0";"7.0";"73.";"0.";"47.15";"315.25";"19.07"
"2020";"11";"26";"4";"15";"7912";"333.";"1.4";"5.5";"78.";"1.";"0.00";"0.00";"0.00"
"2020";"11";"26";"4";"16";"7913";"323.";"1.5";"4.0";"83.";"0.";"0.00";"0.00";"0.00"
"2020";"11";"26";"4";"17";"7914";"347.";"1.4";"2.9";"88.";"0.";"0.00";"0.00";"0.00"
"2020";"11";"26";"4";"18";"7915";"358.";"1.2";"1.8";"91.";"0.";"0.00";"0.00";"0.00"
"2020";"11";"26";"4";"19";"7916";"16.";"1.2";"1.1";"93.";"0.";"0.00";"0.00";"0.00"
"2020";"11";"26";"4";"20";"7917";"3.";"1.2";"0.7";"93.";"0.";"0.00";"0.00";"0.00"
"2020";"11";"26";"4";"21";"7918";"359.";"1.4";"0.4";"94.";"1.";"0.00";"0.00";"0.00"
"2020";"11";"26";"4";"22";"7919";"7.";"1.2";"-0.1";"94.";"0.";"0.00";"0.00";"0.00"
"2020";"11";"26";"4";"23";"7920";"22.";"1.0";"-0.7";"94.";"0.";"0.00";"0.00";"0.00"
"2020";"11";"27";"5";"0";"7921";"349.";"0.9";"-0.9";"94.";"0.";"0.00";"0.00";"0.00"
"2020";"11";"27";"5";"1";"7922";"1.";"1.0";"-1.0";"94.";"0.";"0.00";"0.00";"0.00"
"2020";"11";"27";"5";"2";"7923";"39.";"1.3";"-1.4";"94.";"0.";"0.00";"0.00";"0.00"
"2020";"11";"27";"5";"3";"7924";"54.";"1.2";"-1.6";"95.";"0.";"0.00";"0.00";"0.00"
"2020";"11";"27";"5";"4";"7925";"71.";"1.2";"-1.8";"95.";"0.";"0.00";"0.00";"0.00"
"2020";"11";"27";"5";"5";"7926";"77.";"0.9";"-1.7";"96.";"0.";"0.00";"0.00";"0.00"
"2020";"11";"27";"5";"6";"7927";"73.";"1.0";"-1.8";"95.";"0.";"0.00";"0.00";"0.00"
"2020";"11";"27";"5";"7";"7928";"85.";"1.1";"-1.8";"94.";"0.";"0.00";"0.00";"0.00"
"2020";"11";"27";"5";"8";"7929";"83.";"0.7";"-1.9";"94.";"0.";"0.00";"0.00";"0.00"
"2020";"11";"27";"5";"9";"7930";"91.";"1.2";"-0.7";"96.";"3.";"39.05";"218.29";"20.21"
"2020";"11";"27";"5";"10";"7931";"106.";"0.8";"0.7";"95.";"1.";"109.89";"395.26";"50.09"
"2020";"11";"27";"5";"11";"7932";"120.";"0.2";"2.3";"91.";"0.";"165.40";"635.56";"47.88"
"2020";"11";"27";"5";"12";"7933";"128.";"0.5";"3.4";"88.";"0.";"164.22";"631.01";"47.54"
"2020";"11";"27";"5";"13";"7934";"109.";"0.7";"3.8";"84.";"0.";"123.95";"557.81";"39.57"
"2020";"11";"27";"5";"14";"7935";"100.";"1.0";"2.9";"87.";"0.";"47.44";"324.42";"19.45"
"2020";"11";"27";"5";"15";"7936";"119.";"0.8";"1.3";"92.";"0.";"0.00";"0.00";"0.00"
"2020";"11";"27";"5";"16";"7937";"97.";"1.1";"0.5";"94.";"0.";"0.00";"0.00";"0.00"
"2020";"11";"27";"5";"17";"7938";"100.";"1.1";"-0.1";"95.";"0.";"0.00";"0.00";"0.00"
"2020";"11";"27";"5";"18";"7939";"101.";"1.8";"-0.7";"96.";"0.";"0.00";"0.00";"0.00"
"2020";"11";"27";"5";"19";"7940";"96.";"2.1";"-1.1";"97.";"1.";"0.00";"0.00";"0.00"
"2020";"11";"27";"5";"20";"7941";"100.";"1.4";"-1.4";"97.";"0.";"0.00";"0.00";"0.00"
"2020";"11";"27";"5";"21";"7942";"80.";"1.3";"-1.7";"97.";"0.";"0.00";"0.00";"0.00"
"2020";"11";"27";"5";"22";"7943";"77.";"1.8";"-2.0";"97.";"1.";"0.00";"0.00";"0.00"
"2020";"11";"27";"5";"23";"7944";"77.";"1.4";"-2.3";"96.";"0.";"0.00";"0.00";"0.00"
"2020";"11";"28";"6";"0";"7945";"70.";"1.5";"-2.2";"96.";"0.";"0.00";"0.00";"0.00"
"2020";"11";"28";"6";"1";"7946";"71.";"1.8";"-2.5";"96.";"0.";"0.00";"0.00";"0.00"
"2020";"11";"28";"6";"2";"7947";"58.";"1.3";"-2.6";"96.";"0.";"0.00";"0.00";"0.00"
"2020";"11";"28";"6";"3";"7948";"78.";"1.8";"-2.9";"96.";"2.";"0.00";"0.00";"0.00"
"2020";"11";"28";"6";"4";"7949";"83.";"1.7";"-2.9";"96.";"3.";"0.00";"0.00";"0.00"
"2020";"11";"28";"6";"5";"7950";"89.";"2.2";"-3.1";"96.";"1.";"0.00";"0.00";"0.00"
"2020";"11";"28";"6";"6";"7951";"92.";"1.7";"-3.2";"96.";"2.";"0.00";"0.00";"0.00"
"2020";"11";"28";"6";"7";"7952";"91.";"2.4";"-3.2";"95.";"4.";"0.00";"0.00";"0.00"
"2020";"11";"28";"6";"8";"7953";"96.";"2.0";"-2.8";"95.";"5.";"0.00";"0.00";"0.00"
"2020";"11";"28";"6";"9";"7954";"105.";"2.7";"-2.3";"96.";"6.";"20.31";"23.66";"18.33"
"2020";"11";"28";"6";"10";"7955";"109.";"2.1";"-1.6";"96.";"7.";"44.59";"36.48";"39.17"
"2020";"11";"28";"6";"11";"7956";"100.";"1.7";"-0.9";"96.";"8.";"49.51";"0.00";"49.51"
"2020";"11";"28";"6";"12";"7957";"91.";"1.6";"-0.6";"95.";"4.";"114.40";"322.53";"55.65"
"2020";"11";"28";"6";"13";"7958";"73.";"1.3";"-0.4";"93.";"7.";"49.46";"63.72";"39.99"
"2020";"11";"28";"6";"14";"7959";"43.";"1.2";"-0.4";"92.";"8.";"14.53";"0.00";"14.53"
"2020";"11";"28";"6";"15";"7960";"47.";"1.5";"-0.5";"94.";"8.";"0.00";"0.00";"0.00"
"2020";"11";"28";"6";"16";"7961";"40.";"1.6";"-0.6";"94.";"6.";"0.00";"0.00";"0.00"
"2020";"11";"28";"6";"17";"7962";"33.";"1.6";"-0.6";"95.";"5.";"0.00";"0.00";"0.00"
"2020";"11";"28";"6";"18";"7963";"50.";"1.7";"-0.7";"95.";"4.";"0.00";"0.00";"0.00"
"2020";"11";"28";"6";"19";"7964";"50.";"1.3";"-0.7";"95.";"5.";"0.00";"0.00";"0.00"
"2020";"11";"28";"6";"20";"7965";"52.";"1.5";"-0.6";"94.";"8.";"0.00";"0.00";"0.00"
"2020";"11";"28";"6";"21";"7966";"60.";"2.2";"-0.5";"94.";"8.";"0.00";"0.00";"0.00"
"2020";"11";"28";"6";"22";"7967";"76.";"2.2";"-0.4";"93.";"7.";"0.00";"0.00";"0.00"
"2020";"11";"28";"6";"23";"7968";"82.";"2.0";"-0.4";"92.";"8.";"0.00";"0.00";"0.00"
"2020";"11";"29";"7";"0";"7969";"65.";"1.2";"-0.3";"90.";"7.";"0.00";"0.00";"0.00"
"2020";"11";"29";"7";"1";"7970";"54.";"1.6";"-0.4";"90.";"7.";"0.00";"0.00";"0.00"
"2020";"11";"29";"7";"2";"7971";"48.";"1.6";"-0.5";"90.";"8.";"0.00";"0.00";"0.00"
"2020";"11";"29";"7";"3";"7972";"58.";"2.0";"-0.6";"91.";"7.";"0.00";"0.00";"0.00"
"2020";"11";"29";"7";"4";"7973";"61.";"1.9";"-0.6";"92.";"7.";"0.00";"0.00";"0.00"
"2020";"11";"29";"7";"5";"7974";"52.";"2.1";"-0.7";"93.";"8.";"0.00";"0.00";"0.00"
"2020";"11";"29";"7";"6";"7975";"61.";"2.3";"-0.7";"93.";"8.";"0.00";"0.00";"0.00"
"2020";"11";"29";"7";"7";"7976";"65.";"1.8";"-0.7";"94.";"8.";"0.00";"0.00";"0.00"
"2020";"11";"29";"7";"8";"7977";"69.";"1.6";"-0.4";"95.";"8.";"0.00";"0.00";"0.00"
"2020";"11";"29";"7";"9";"7978";"72.";"0.9";"-0.2";"93.";"8.";"12.75";"0.00";"12.75"
"2020";"11";"29";"7";"10";"7979";"49.";"0.5";"0.1";"93.";"8.";"35.09";"0.00";"35.09"
"2020";"11";"29";"7";"11";"7980";"355.";"0.7";"0.4";"92.";"8.";"47.16";"0.00";"47.16"
"2020";"11";"29";"7";"12";"7981";"353.";"1.4";"0.6";"93.";"8.";"48.38";"0.00";"48.38"
"2020";"11";"29";"7";"13";"7982";"11.";"1.2";"0.7";"93.";"8.";"35.53";"0.00";"35.53"
"2020";"11";"29";"7";"14";"7983";"41.";"1.3";"0.7";"92.";"8.";"12.86";"0.00";"12.86"
"2020";"11";"29";"7";"15";"7984";"37.";"0.8";"0.7";"91.";"8.";"0.00";"0.00";"0.00"
"2020";"11";"29";"7";"16";"7985";"78.";"1.5";"0.7";"89.";"8.";"0.00";"0.00";"0.00"
"2020";"11";"29";"7";"17";"7986";"80.";"0.9";"0.7";"88.";"8.";"0.00";"0.00";"0.00"
"2020";"11";"29";"7";"18";"7987";"85.";"1.4";"0.7";"89.";"8.";"0.00";"0.00";"0.00"
"2020";"11";"29";"7";"19";"7988";"109.";"1.6";"0.7";"90.";"8.";"0.00";"0.00";"0.00"
"2020";"11";"29";"7";"20";"7989";"120.";"2.0";"0.8";"90.";"8.";"0.00";"0.00";"0.00"
"2020";"11";"29";"7";"21";"7990";"128.";"2.3";"0.8";"90.";"8.";"0.00";"0.00";"0.00"
"2020";"11";"29";"7";"22";"7991";"139.";"2.6";"0.7";"90.";"8.";"0.00";"0.00";"0.00"
"2020";"11";"29";"7";"23";"7992";"147.";"2.8";"0.8";"90.";"8.";"0.00";"0.00";"0.00"
"2020";"11";"30";"1";"0";"7993";"156.";"2.7";"1.1";"90.";"8.";"0.00";"0.00";"0.00"
"2020";"11";"30";"1";"1";"7994";"175.";"2.2";"1.4";"91.";"8.";"0.00";"0.00";"0.00"
"2020";"11";"30";"1";"2";"7995";"204.";"2.2";"1.6";"90.";"8.";"0.00";"0.00";"0.00"
"2020";"11";"30";"1";"3";"7996";"211.";"2.4";"2.0";"89.";"8.";"0.00";"0.00";"0.00"
"2020";"11";"30";"1";"4";"7997";"218.";"2.1";"2.4";"89.";"8.";"0.00";"0.00";"0.00"
"2020";"11";"30";"1";"5";"7998";"222.";"2.2";"2.8";"89.";"8.";"0.00";"0.00";"0.00"
"2020";"11";"30";"1";"6";"7999";"220.";"2.5";"2.9";"87.";"7.";"0.00";"0.00";"0.00"
"2020";"11";"30";"1";"7";"8000";"226.";"3.4";"3.2";"86.";"8.";"0.00";"0.00";"0.00"
"2020";"11";"30";"1";"8";"8001";"221.";"3.5";"3.7";"85.";"8.";"0.00";"0.00";"0.00"
"2020";"11";"30";"1";"9";"8002";"216.";"3.9";"3.9";"84.";"8.";"11.72";"0.00";"11.72"
"2020";"11";"30";"1";"10";"8003";"207.";"4.3";"4.0";"82.";"8.";"35.28";"0.00";"35.28"
"2020";"11";"30";"1";"11";"8004";"196.";"4.7";"3.9";"81.";"8.";"47.81";"0.00";"47.81"
"2020";"11";"30";"1";"12";"8005";"200.";"5.2";"3.9";"82.";"8.";"47.71";"0.00";"47.71"
"2020";"11";"30";"1";"13";"8006";"193.";"4.6";"3.6";"87.";"8.";"18.59";"0.00";"18.59"
"2020";"11";"30";"1";"14";"8007";"193.";"4.3";"3.9";"91.";"8.";"6.04";"0.00";"6.04"
"2020";"11";"30";"1";"15";"8008";"189.";"4.7";"4.4";"90.";"8.";"0.00";"0.00";"0.00"
"2020";"11";"30";"1";"16";"8009";"182.";"5.5";"4.4";"89.";"8.";"0.00";"0.00";"0.00"
"2020";"11";"30";"1";"17";"8010";"183.";"6.0";"4.4";"89.";"8.";"0.00";"0.00";"0.00"
"2020";"11";"30";"1";"18";"8011";"184.";"6.3";"4.3";"91.";"8.";"0.00";"0.00";"0.00"
"2020";"11";"30";"1";"19";"8012";"182.";"5.9";"4.0";"92.";"8.";"0.00";"0.00";"0.00"
"2020";"11";"30";"1";"20";"8013";"189.";"6.0";"3.5";"92.";"8.";"0.00";"0.00";"0.00"
"2020";"11";"30";"1";"21";"8014";"185.";"6.1";"3.2";"92.";"8.";"0.00";"0.00";"0.00"
"2020";"11";"30";"1";"22";"8015";"179.";"5.9";"3.4";"92.";"8.";"0.00";"0.00";"0.00"
"2020";"11";"30";"1";"23";"8016";"178.";"5.4";"3.5";"92.";"8.";"0.00";"0.00";"0.00"
"2020";"12";"1";"2";"0";"8017";"176.";"4.7";"3.5";"92.";"8.";"0.00";"0.00";"0.00"
"2020";"12";"1";"2";"1";"8018";"171.";"3.9";"3.5";"93.";"8.";"0.00";"0.00";"0.00"
"2020";"12";"1";"2";"2";"8019";"168.";"3.3";"3.5";"93.";"8.";"0.00";"0.00";"0.00"
"2020";"12";"1";"2";"3";"8020";"161.";"3.4";"3.4";"93.";"8.";"0.00";"0.00";"0.00"
"2020";"12";"1";"2";"4";"8021";"142.";"3.2";"2.9";"94.";"8.";"0.00";"0.00";"0.00"
"2020";"12";"1";"2";"5";"8022";"115.";"4.7";"2.4";"95.";"8.";"0.00";"0.00";"0.00"
"2020";"12";"1";"2";"6";"8023";"113.";"3.9";"2.4";"94.";"8.";"0.00";"0.00";"0.00"
"2020";"12";"1";"2";"7";"8024";"111.";"3.6";"2.2";"94.";"7.";"0.00";"0.00";"0.00"
"2020";"12";"1";"2";"8";"8025";"119.";"2.9";"2.2";"94.";"8.";"0.00";"0.00";"0.00"
"2020";"12";"1";"2";"9";"8026";"123.";"2.7";"2.5";"93.";"8.";"10.01";"0.00";"10.01"
"2020";"12";"1";"2";"10";"8027";"114.";"2.1";"3.1";"92.";"8.";"31.90";"0.00";"31.90"
"2020";"12";"1";"2";"11";"8028";"108.";"1.2";"3.7";"90.";"8.";"43.11";"0.00";"43.11"
"2020";"12";"1";"2";"12";"8029";"88.";"1.5";"4.0";"88.";"8.";"43.42";"0.00";"43.42"
"2020";"12";"1";"2";"13";"8030";"80.";"1.4";"4.2";"88.";"7.";"42.75";"55.55";"34.92"
"2020";"12";"1";"2";"14";"8031";"82.";"1.4";"3.8";"89.";"7.";"13.12";"25.30";"11.19"
"2020";"12";"1";"2";"15";"8032";"81.";"1.9";"3.0";"91.";"7.";"0.00";"0.00";"0.00"
"2020";"12";"1";"2";"16";"8033";"76.";"1.6";"2.6";"93.";"7.";"0.00";"0.00";"0.00"
"2020";"12";"1";"2";"17";"8034";"74.";"1.4";"2.5";"93.";"6.";"0.00";"0.00";"0.00"
"2020";"12";"1";"2";"18";"8035";"85.";"2.0";"1.7";"94.";"6.";"0.00";"0.00";"0.00"
"2020";"12";"1";"2";"19";"8036";"81.";"1.7";"2.0";"94.";"8.";"0.00";"0.00";"0.00"
"2020";"12";"1";"2";"20";"8037";"94.";"1.7";"2.2";"93.";"8.";"0.00";"0.00";"0.00"
"2020";"12";"1";"2";"21";"8038";"103.";"1.9";"2.5";"93.";"8.";"0.00";"0.00";"0.00"
"2020";"12";"1";"2";"22";"8039";"110.";"2.1";"2.7";"93.";"8.";"0.00";"0.00";"0.00"
"2020";"12";"1";"2";"23";"8040";"111.";"2.0";"2.8";"92.";"8.";"0.00";"0.00";"0.00"
"2020";"12";"2";"3";"0";"8041";"114.";"2.2";"3.0";"91.";"8.";"0.00";"0.00";"0.00"
"2020";"12";"2";"3";"1";"8042";"120.";"2.3";"3.0";"91.";"8.";"0.00";"0.00";"0.00"
"2020";"12";"2";"3";"2";"8043";"124.";"2.3";"3.0";"90.";"8.";"0.00";"0.00";"0.00"
"2020";"12";"2";"3";"3";"8044";"122.";"2.7";"2.8";"89.";"8.";"0.00";"0.00";"0.00"
"2020";"12";"2";"3";"4";"8045";"119.";"2.8";"2.6";"88.";"7.";"0.00";"0.00";"0.00"
"2020";"12";"2";"3";"5";"8046";"117.";"2.8";"2.6";"88.";"7.";"0.00";"0.00";"0.00"
"2020";"12";"2";"3";"6";"8047";"113.";"3.1";"2.7";"87.";"8.";"0.00";"0.00";"0.00"
"2020";"12";"2";"3";"7";"8048";"117.";"3.1";"3.0";"85.";"8.";"0.00";"0.00";"0.00"
"2020";"12";"2";"3";"8";"8049";"124.";"3.2";"3.1";"84.";"8.";"0.00";"0.00";"0.00"
"2020";"12";"2";"3";"9";"8050";"130.";"2.9";"3.2";"83.";"8.";"10.48";"0.00";"10.48"
"2020";"12";"2";"3";"10";"8051";"133.";"3.1";"3.4";"83.";"8.";"32.62";"0.00";"32.62"
"2020";"12";"2";"3";"11";"8052";"133.";"2.9";"3.5";"82.";"8.";"44.32";"0.00";"44.32"
"2020";"12";"2";"3";"12";"8053";"129.";"3.1";"3.5";"83.";"8.";"44.31";"0.00";"44.31"
"2020";"12";"2";"3";"13";"8054";"133.";"3.4";"3.6";"83.";"8.";"32.30";"0.00";"32.30"
"2020";"12";"2";"3";"14";"8055";"128.";"3.7";"3.4";"85.";"8.";"9.72";"0.00";"9.72"
"2020";"12";"2";"3";"15";"8056";"127.";"3.7";"3.2";"85.";"7.";"0.00";"0.00";"0.00"
"2020";"12";"2";"3";"16";"8057";"127.";"3.6";"2.3";"86.";"6.";"0.00";"0.00";"0.00"
"2020";"12";"2";"3";"17";"8058";"125.";"3.6";"2.0";"88.";"8.";"0.00";"0.00";"0.00"
"2020";"12";"2";"3";"18";"8059";"124.";"3.8";"2.1";"88.";"8.";"0.00";"0.00";"0.00"
"2020";"12";"2";"3";"19";"8060";"135.";"4.1";"2.4";"88.";"8.";"0.00";"0.00";"0.00"
"2020";"12";"2";"3";"20";"8061";"134.";"4.8";"2.6";"87.";"8.";"0.00";"0.00";"0.00"
"2020";"12";"2";"3";"21";"8062";"131.";"5.4";"2.8";"88.";"8.";"0.00";"0.00";"0.00"
"2020";"12";"2";"3";"22";"8063";"133.";"5.7";"2.7";"90.";"8.";"0.00";"0.00";"0.00"
"2020";"12";"2";"3";"23";"8064";"154.";"5.1";"3.1";"92.";"8.";"0.00";"0.00";"0.00"
"2020";"12";"3";"4";"0";"8065";"143.";"5.1";"3.2";"91.";"8.";"0.00";"0.00";"0.00"
"2020";"12";"3";"4";"1";"8066";"131.";"6.8";"3.1";"88.";"8.";"0.00";"0.00";"0.00"
"2020";"12";"3";"4";"2";"8067";"135.";"7.4";"3.2";"86.";"8.";"0.00";"0.00";"0.00"
"2020";"12";"3";"4";"3";"8068";"155.";"6.1";"3.3";"85.";"8.";"0.00";"0.00";"0.00"
"2020";"12";"3";"4";"4";"8069";"160.";"5.4";"3.3";"85.";"8.";"0.00";"0.00";"0.00"
"2020";"12";"3";"4";"5";"8070";"156.";"5.6";"3.3";"84.";"8.";"0.00";"0.00";"0.00"
"2020";"12";"3";"4";"6";"8071";"159.";"6.3";"3.4";"82.";"8.";"0.00";"0.00";"0.00"
"2020";"12";"3";"4";"7";"8072";"157.";"6.0";"3.4";"80.";"8.";"0.00";"0.00";"0.00"
"2020";"12";"3";"4";"8";"8073";"152.";"6.2";"3.3";"78.";"8.";"0.00";"0.00";"0.00"
"2020";"12";"3";"4";"9";"8074";"148.";"7.4";"2.9";"78.";"8.";"9.42";"0.00";"9.42"
"2020";"12";"3";"4";"10";"8075";"148.";"7.1";"2.4";"75.";"7.";"40.88";"42.61";"35.06"
"2020";"12";"3";"4";"11";"8076";"146.";"6.6";"2.4";"74.";"6.";"68.06";"87.57";"53.17"
"2020";"12";"3";"4";"12";"8077";"148.";"5.8";"2.4";"73.";"8.";"41.41";"0.00";"41.41"
"2020";"12";"3";"4";"13";"8078";"149.";"5.6";"2.4";"72.";"8.";"30.63";"0.00";"30.63"
"2020";"12";"3";"4";"14";"8079";"141.";"5.4";"2.1";"70.";"8.";"10.81";"0.00";"10.81"
"2020";"12";"3";"4";"15";"8080";"133.";"5.2";"2.0";"69.";"8.";"0.00";"0.00";"0.00"
"2020";"12";"3";"4";"16";"8081";"120.";"4.6";"1.9";"71.";"8.";"0.00";"0.00";"0.00"
"2020";"12";"3";"4";"17";"8082";"125.";"5.4";"1.9";"73.";"8.";"0.00";"0.00";"0.00"
"2020";"12";"3";"4";"18";"8083";"129.";"5.0";"1.9";"74.";"8.";"0.00";"0.00";"0.00"
"2020";"12";"3";"4";"19";"8084";"125.";"4.7";"1.4";"81.";"8.";"0.00";"0.00";"0.00"
"2020";"12";"3";"4";"20";"8085";"120.";"4.4";"1.0";"89.";"8.";"0.00";"0.00";"0.00"
"2020";"12";"3";"4";"21";"8086";"120.";"4.7";"1.0";"90.";"8.";"0.00";"0.00";"0.00"
"2020";"12";"3";"4";"22";"8087";"122.";"4.4";"1.1";"88.";"8.";"0.00";"0.00";"0.00"
"2020";"12";"3";"4";"23";"8088";"126.";"4.3";"1.2";"87.";"8.";"0.00";"0.00";"0.00"
"2020";"12";"4";"5";"0";"8089";"123.";"4.8";"1.4";"86.";"8.";"0.00";"0.00";"0.00"
"2020";"12";"4";"5";"1";"8090";"120.";"4.7";"1.5";"84.";"8.";"0.00";"0.00";"0.00"
"2020";"12";"4";"5";"2";"8091";"118.";"4.5";"1.5";"84.";"8.";"0.00";"0.00";"0.00"
"2020";"12";"4";"5";"3";"8092";"114.";"4.0";"1.5";"85.";"8.";"0.00";"0.00";"0.00"
"2020";"12";"4";"5";"4";"8093";"113.";"4.0";"1.5";"85.";"8.";"0.00";"0.00";"0.00"
"2020";"12";"4";"5";"5";"8094";"113.";"3.8";"1.6";"84.";"8.";"0.00";"0.00";"0.00"
"2020";"12";"4";"5";"6";"8095";"111.";"3.9";"1.7";"84.";"8.";"0.00";"0.00";"0.00"
"2020";"12";"4";"5";"7";"8096";"109.";"3.9";"1.5";"84.";"7.";"0.00";"0.00";"0.00"
"2020";"12";"4";"5";"8";"8097";"105.";"3.9";"1.1";"84.";"7.";"0.00";"0.00";"0.00"
"2020";"12";"4";"5";"9";"8098";"104.";"4.3";"2.0";"84.";"8.";"9.08";"0.00";"9.08"
"2020";"12";"4";"5";"10";"8099";"100.";"3.8";"2.3";"83.";"8.";"30.06";"0.00";"30.06"
"2020";"12";"4";"5";"11";"8100";"99.";"3.4";"2.6";"82.";"8.";"41.86";"0.00";"41.86"
"2020";"12";"4";"5";"12";"8101";"108.";"3.5";"2.9";"81.";"8.";"42.20";"0.00";"42.20"
"2020";"12";"4";"5";"13";"8102";"98.";"3.6";"3.0";"81.";"8.";"29.98";"0.00";"29.98"
"2020";"12";"4";"5";"14";"8103";"82.";"3.6";"3.0";"83.";"8.";"8.73";"0.00";"8.73"
"2020";"12";"4";"5";"15";"8104";"84.";"4.0";"3.1";"84.";"8.";"0.00";"0.00";"0.00"
"2020";"12";"4";"5";"16";"8105";"87.";"4.0";"3.2";"85.";"8.";"0.00";"0.00";"0.00"
"2020";"12";"4";"5";"17";"8106";"84.";"3.6";"3.5";"86.";"8.";"0.00";"0.00";"0.00"
"2020";"12";"4";"5";"18";"8107";"84.";"3.4";"3.5";"87.";"8.";"0.00";"0.00";"0.00"
"2020";"12";"4";"5";"19";"8108";"91.";"3.4";"3.6";"87.";"8.";"0.00";"0.00";"0.00"
"2020";"12";"4";"5";"20";"8109";"97.";"3.0";"3.7";"87.";"8.";"0.00";"0.00";"0.00"
"2020";"12";"4";"5";"21";"8110";"97.";"3.3";"3.8";"88.";"8.";"0.00";"0.00";"0.00"
"2020";"12";"4";"5";"22";"8111";"94.";"2.9";"3.7";"91.";"8.";"0.00";"0.00";"0.00"
"2020";"12";"4";"5";"23";"8112";"106.";"3.0";"3.6";"93.";"8.";"0.00";"0.00";"0.00"
"2020";"12";"5";"6";"0";"8113";"102.";"3.4";"3.7";"92.";"8.";"0.00";"0.00";"0.00"
"2020";"12";"5";"6";"1";"8114";"96.";"3.1";"3.9";"92.";"8.";"0.00";"0.00";"0.00"
"2020";"12";"5";"6";"2";"8115";"90.";"2.6";"3.8";"92.";"8.";"0.00";"0.00";"0.00"
"2020";"12";"5";"6";"3";"8116";"97.";"2.2";"3.9";"93.";"8.";"0.00";"0.00";"0.00"
"2020";"12";"5";"6";"4";"8117";"103.";"2.2";"4.1";"93.";"8.";"0.00";"0.00";"0.00"
"2020";"12";"5";"6";"5";"8118";"83.";"1.9";"3.8";"93.";"7.";"0.00";"0.00";"0.00"
"2020";"12";"5";"6";"6";"8119";"86.";"2.4";"4.0";"92.";"5.";"0.00";"0.00";"0.00"
"2020";"12";"5";"6";"7";"8120";"88.";"2.7";"3.7";"92.";"8.";"0.00";"0.00";"0.00"
"2020";"12";"5";"6";"8";"8121";"77.";"2.2";"3.4";"92.";"8.";"0.00";"0.00";"0.00"
"2020";"12";"5";"6";"9";"8122";"94.";"1.7";"3.9";"91.";"8.";"13.71";"0.00";"13.71"
"2020";"12";"5";"6";"10";"8123";"63.";"2.1";"4.0";"90.";"6.";"64.87";"83.53";"53.80"
"2020";"12";"5";"6";"11";"8124";"72.";"2.9";"4.4";"87.";"7.";"86.32";"51.28";"77.81"
"2020";"12";"5";"6";"12";"8125";"67.";"3.0";"4.7";"85.";"8.";"40.07";"0.00";"40.07"
"2020";"12";"5";"6";"13";"8126";"75.";"3.4";"4.6";"86.";"8.";"28.05";"0.00";"28.05"
"2020";"12";"5";"6";"14";"8127";"74.";"3.0";"4.8";"85.";"8.";"6.93";"0.00";"6.93"
"2020";"12";"5";"6";"15";"8128";"85.";"2.8";"5.0";"85.";"8.";"0.00";"0.00";"0.00"
"2020";"12";"5";"6";"16";"8129";"86.";"3.0";"5.3";"86.";"8.";"0.00";"0.00";"0.00"
"2020";"12";"5";"6";"17";"8130";"97.";"3.5";"5.6";"86.";"8.";"0.00";"0.00";"0.00"
"2020";"12";"5";"6";"18";"8131";"110.";"3.3";"5.9";"87.";"8.";"0.00";"0.00";"0.00"
"2020";"12";"5";"6";"19";"8132";"136.";"2.5";"6.2";"86.";"8.";"0.00";"0.00";"0.00"
"2020";"12";"5";"6";"20";"8133";"181.";"2.6";"6.5";"85.";"8.";"0.00";"0.00";"0.00"
"2020";"12";"5";"6";"21";"8134";"176.";"5.4";"6.1";"81.";"8.";"0.00";"0.00";"0.00"
"2020";"12";"5";"6";"22";"8135";"187.";"4.7";"5.8";"84.";"8.";"0.00";"0.00";"0.00"
"2020";"12";"5";"6";"23";"8136";"182.";"3.8";"5.7";"83.";"8.";"0.00";"0.00";"0.00"
"2020";"12";"6";"7";"0";"8137";"187.";"2.5";"5.2";"83.";"8.";"0.00";"0.00";"0.00"
"2020";"12";"6";"7";"1";"8138";"224.";"1.7";"4.8";"85.";"7.";"0.00";"0.00";"0.00"
"2020";"12";"6";"7";"2";"8139";"243.";"1.2";"4.5";"87.";"8.";"0.00";"0.00";"0.00"
"2020";"12";"6";"7";"3";"8140";"180.";"0.7";"4.0";"89.";"8.";"0.00";"0.00";"0.00"
"2020";"12";"6";"7";"4";"8141";"111.";"1.7";"3.9";"89.";"8.";"0.00";"0.00";"0.00"
"2020";"12";"6";"7";"5";"8142";"102.";"2.5";"4.2";"91.";"8.";"0.00";"0.00";"0.00"
"2020";"12";"6";"7";"6";"8143";"102.";"1.8";"4.4";"90.";"8.";"0.00";"0.00";"0.00"
"2020";"12";"6";"7";"7";"8144";"68.";"1.1";"4.1";"91.";"8.";"0.00";"0.00";"0.00"
"2020";"12";"6";"7";"8";"8145";"54.";"1.5";"4.2";"91.";"8.";"0.00";"0.00";"0.00"
"2020";"12";"6";"7";"9";"8146";"55.";"2.0";"4.4";"90.";"8.";"12.12";"0.00";"12.12"
"2020";"12";"6";"7";"10";"8147";"54.";"2.5";"4.8";"89.";"8.";"26.44";"0.00";"26.44"
"2020";"12";"6";"7";"11";"8148";"70.";"2.7";"5.1";"88.";"8.";"38.65";"0.00";"38.65"
"2020";"12";"6";"7";"12";"8149";"63.";"3.2";"5.3";"88.";"8.";"37.72";"0.00";"37.72"
"2020";"12";"6";"7";"13";"8150";"61.";"3.2";"5.6";"89.";"8.";"25.98";"0.00";"25.98"
"2020";"12";"6";"7";"14";"8151";"65.";"3.1";"5.9";"89.";"8.";"5.00";"0.00";"5.00"
"2020";"12";"6";"7";"15";"8152";"51.";"2.4";"6.2";"90.";"8.";"0.00";"0.00";"0.00"
"2020";"12";"6";"7";"16";"8153";"58.";"2.1";"6.3";"91.";"8.";"0.00";"0.00";"0.00"
"2020";"12";"6";"7";"17";"8154";"67.";"2.1";"6.6";"92.";"8.";"0.00";"0.00";"0.00"
"2020";"12";"6";"7";"18";"8155";"71.";"1.8";"7.0";"91.";"8.";"0.00";"0.00";"0.00"
"2020";"12";"6";"7";"19";"8156";"96.";"2.0";"7.5";"89.";"8.";"0.00";"0.00";"0.00"
"2020";"12";"6";"7";"20";"8157";"103.";"2.9";"8.0";"87.";"8.";"0.00";"0.00";"0.00"
"2020";"12";"6";"7";"21";"8158";"97.";"3.1";"8.2";"86.";"8.";"0.00";"0.00";"0.00"
"2020";"12";"6";"7";"22";"8159";"106.";"3.9";"8.2";"85.";"8.";"0.00";"0.00";"0.00"
"2020";"12";"6";"7";"23";"8160";"106.";"4.2";"8.2";"85.";"8.";"0.00";"0.00";"0.00"
"2020";"12";"7";"1";"0";"8161";"108.";"4.1";"8.2";"85.";"8.";"0.00";"0.00";"0.00"
"2020";"12";"7";"1";"1";"8162";"110.";"4.3";"8.0";"85.";"8.";"0.00";"0.00";"0.00"
"2020";"12";"7";"1";"2";"8163";"103.";"5.2";"7.9";"85.";"8.";"0.00";"0.00";"0.00"
"2020";"12";"7";"1";"3";"8164";"105.";"4.6";"7.8";"85.";"6.";"0.00";"0.00";"0.00"
"2020";"12";"7";"1";"4";"8165";"111.";"5.0";"7.5";"85.";"6.";"0.00";"0.00";"0.00"
"2020";"12";"7";"1";"5";"8166";"108.";"5.2";"7.4";"84.";"8.";"0.00";"0.00";"0.00"
"2020";"12";"7";"1";"6";"8167";"105.";"5.0";"7.3";"83.";"7.";"0.00";"0.00";"0.00"
"2020";"12";"7";"1";"7";"8168";"103.";"5.2";"7.3";"83.";"8.";"0.00";"0.00";"0.00"
"2020";"12";"7";"1";"8";"8169";"105.";"5.7";"7.2";"83.";"8.";"0.00";"0.00";"0.00"
"2020";"12";"7";"1";"9";"8170";"106.";"5.7";"7.2";"83.";"8.";"4.61";"0.00";"4.61"
"2020";"12";"7";"1";"10";"8171";"109.";"6.0";"6.9";"83.";"8.";"26.04";"0.00";"26.04"
"2020";"12";"7";"1";"11";"8172";"113.";"6.2";"6.7";"83.";"8.";"38.17";"0.00";"38.17"
"2020";"12";"7";"1";"12";"8173";"108.";"6.1";"6.7";"82.";"8.";"38.56";"0.00";"38.56"
"2020";"12";"7";"1";"13";"8174";"105.";"6.5";"6.7";"81.";"8.";"26.73";"0.00";"26.73"
"2020";"12";"7";"1";"14";"8175";"107.";"6.1";"6.5";"81.";"8.";"5.44";"0.00";"5.44"
"2020";"12";"7";"1";"15";"8176";"113.";"5.5";"6.5";"81.";"8.";"0.00";"0.00";"0.00"
"2020";"12";"7";"1";"16";"8177";"119.";"5.5";"6.5";"81.";"8.";"0.00";"0.00";"0.00"
"2020";"12";"7";"1";"17";"8178";"115.";"6.0";"6.2";"82.";"8.";"0.00";"0.00";"0.00"
"2020";"12";"7";"1";"18";"8179";"113.";"5.7";"5.8";"83.";"8.";"0.00";"0.00";"0.00"
"2020";"12";"7";"1";"19";"8180";"112.";"5.5";"5.6";"83.";"8.";"0.00";"0.00";"0.00"
"2020";"12";"7";"1";"20";"8181";"116.";"5.2";"5.6";"84.";"8.";"0.00";"0.00";"0.00"
"2020";"12";"7";"1";"21";"8182";"120.";"4.9";"5.7";"86.";"8.";"0.00";"0.00";"0.00"
"2020";"12";"7";"1";"22";"8183";"118.";"4.5";"5.4";"90.";"8.";"0.00";"0.00";"0.00"
"2020";"12";"7";"1";"23";"8184";"113.";"4.1";"5.4";"91.";"8.";"0.00";"0.00";"0.00"
"2020";"12";"8";"2";"0";"8185";"111.";"4.0";"5.4";"92.";"8.";"0.00";"0.00";"0.00"
"2020";"12";"8";"2";"1";"8186";"111.";"3.9";"5.4";"92.";"8.";"0.00";"0.00";"0.00"
"2020";"12";"8";"2";"2";"8187";"110.";"3.6";"5.3";"93.";"8.";"0.00";"0.00";"0.00"
"2020";"12";"8";"2";"3";"8188";"108.";"3.6";"5.3";"94.";"7.";"0.00";"0.00";"0.00"
"2020";"12";"8";"2";"4";"8189";"106.";"3.4";"5.2";"94.";"8.";"0.00";"0.00";"0.00"
"2020";"12";"8";"2";"5";"8190";"109.";"3.4";"5.3";"93.";"8.";"0.00";"0.00";"0.00"
"2020";"12";"8";"2";"6";"8191";"108.";"3.5";"5.4";"91.";"8.";"0.00";"0.00";"0.00"
"2020";"12";"8";"2";"7";"8192";"106.";"3.6";"5.4";"91.";"8.";"0.00";"0.00";"0.00"
"2020";"12";"8";"2";"8";"8193";"111.";"3.3";"5.3";"90.";"8.";"0.00";"0.00";"0.00"
"2020";"12";"8";"2";"9";"8194";"114.";"3.5";"5.3";"90.";"7.";"6.27";"13.97";"5.39"
"2020";"12";"8";"2";"10";"8195";"114.";"3.4";"4.9";"89.";"8.";"16.03";"0.00";"16.03"
"2020";"12";"8";"2";"11";"8196";"108.";"3.6";"4.3";"91.";"8.";"22.96";"0.00";"22.96"
"2020";"12";"8";"2";"12";"8197";"107.";"4.0";"3.7";"91.";"8.";"22.71";"0.00";"22.71"
"2020";"12";"8";"2";"13";"8198";"111.";"3.9";"3.2";"92.";"8.";"16.41";"0.00";"16.41"
"2020";"12";"8";"2";"14";"8199";"115.";"3.6";"2.9";"93.";"8.";"3.56";"0.00";"3.56"
"2020";"12";"8";"2";"15";"8200";"117.";"3.6";"2.7";"92.";"8.";"0.00";"0.00";"0.00"
"2020";"12";"8";"2";"16";"8201";"114.";"3.8";"2.7";"91.";"8.";"0.00";"0.00";"0.00"
"2020";"12";"8";"2";"17";"8202";"117.";"3.8";"2.8";"92.";"8.";"0.00";"0.00";"0.00"
"2020";"12";"8";"2";"18";"8203";"117.";"3.3";"2.7";"93.";"8.";"0.00";"0.00";"0.00"
"2020";"12";"8";"2";"19";"8204";"120.";"3.1";"2.8";"92.";"8.";"0.00";"0.00";"0.00"
"2020";"12";"8";"2";"20";"8205";"119.";"2.8";"2.9";"93.";"8.";"0.00";"0.00";"0.00"
"2020";"12";"8";"2";"21";"8206";"115.";"3.0";"3.1";"93.";"8.";"0.00";"0.00";"0.00"
"2020";"12";"8";"2";"22";"8207";"118.";"3.0";"3.1";"94.";"8.";"0.00";"0.00";"0.00"
"2020";"12";"8";"2";"23";"8208";"115.";"3.0";"3.1";"94.";"8.";"0.00";"0.00";"0.00"
"2020";"12";"9";"3";"0";"8209";"112.";"2.8";"3.2";"95.";"8.";"0.00";"0.00";"0.00"
"2020";"12";"9";"3";"1";"8210";"114.";"2.9";"3.3";"95.";"8.";"0.00";"0.00";"0.00"
"2020";"12";"9";"3";"2";"8211";"116.";"2.9";"3.4";"95.";"8.";"0.00";"0.00";"0.00"
"2020";"12";"9";"3";"3";"8212";"112.";"2.6";"3.4";"95.";"8.";"0.00";"0.00";"0.00"
"2020";"12";"9";"3";"4";"8213";"110.";"2.6";"3.6";"95.";"8.";"0.00";"0.00";"0.00"
"2020";"12";"9";"3";"5";"8214";"110.";"2.4";"3.8";"94.";"8.";"0.00";"0.00";"0.00"
"2020";"12";"9";"3";"6";"8215";"111.";"2.7";"3.8";"93.";"8.";"0.00";"0.00";"0.00"
"2020";"12";"9";"3";"7";"8216";"105.";"2.9";"3.9";"92.";"8.";"0.00";"0.00";"0.00"
"2020";"12";"9";"3";"8";"8217";"110.";"2.8";"4.1";"92.";"8.";"0.00";"0.00";"0.00"
"2020";"12";"9";"3";"9";"8218";"103.";"2.7";"4.3";"91.";"8.";"4.70";"0.00";"4.70"
"2020";"12";"9";"3";"10";"8219";"108.";"2.8";"4.3";"88.";"8.";"25.66";"0.00";"25.66"
"2020";"12";"9";"3";"11";"8220";"106.";"3.0";"4.4";"88.";"8.";"37.66";"0.00";"37.66"
"2020";"12";"9";"3";"12";"8221";"103.";"2.8";"4.4";"87.";"8.";"37.69";"0.00";"37.69"
"2020";"12";"9";"3";"13";"8222";"94.";"3.1";"4.4";"87.";"8.";"25.75";"0.00";"25.75"
"2020";"12";"9";"3";"14";"8223";"84.";"3.5";"4.5";"87.";"8.";"4.92";"0.00";"4.92"
"2020";"12";"9";"3";"15";"8224";"95.";"3.7";"4.3";"91.";"8.";"0.00";"0.00";"0.00"
"2020";"12";"9";"3";"16";"8225";"101.";"3.3";"4.0";"92.";"8.";"0.00";"0.00";"0.00"
"2020";"12";"9";"3";"17";"8226";"101.";"3.2";"4.3";"92.";"8.";"0.00";"0.00";"0.00"
"2020";"12";"9";"3";"18";"8227";"107.";"3.4";"4.4";"92.";"8.";"0.00";"0.00";"0.00"
"2020";"12";"9";"3";"19";"8228";"118.";"3.5";"4.3";"92.";"8.";"0.00";"0.00";"0.00"
"2020";"12";"9";"3";"20";"8229";"126.";"3.6";"4.2";"92.";"8.";"0.00";"0.00";"0.00"
"2020";"12";"9";"3";"21";"8230";"121.";"3.3";"4.0";"93.";"8.";"0.00";"0.00";"0.00"
"2020";"12";"9";"3";"22";"8231";"121.";"3.5";"3.9";"92.";"8.";"0.00";"0.00";"0.00"
"2020";"12";"9";"3";"23";"8232";"116.";"3.9";"3.8";"92.";"8.";"0.00";"0.00";"0.00"
"2020";"12";"10";"4";"0";"8233";"121.";"3.4";"3.7";"93.";"8.";"0.00";"0.00";"0.00"
"2020";"12";"10";"4";"1";"8234";"121.";"3.9";"3.7";"93.";"8.";"0.00";"0.00";"0.00"
"2020";"12";"10";"4";"2";"8235";"121.";"3.8";"3.7";"93.";"8.";"0.00";"0.00";"0.00"
"2020";"12";"10";"4";"3";"8236";"123.";"3.4";"3.8";"93.";"8.";"0.00";"0.00";"0.00"
"2020";"12";"10";"4";"4";"8237";"118.";"3.5";"3.8";"92.";"8.";"0.00";"0.00";"0.00"
"2020";"12";"10";"4";"5";"8238";"118.";"3.2";"3.9";"91.";"8.";"0.00";"0.00";"0.00"
"2020";"12";"10";"4";"6";"8239";"117.";"3.5";"4.0";"89.";"8.";"0.00";"0.00";"0.00"
"2020";"12";"10";"4";"7";"8240";"121.";"3.2";"4.0";"89.";"8.";"0.00";"0.00";"0.00"
"2020";"12";"10";"4";"8";"8241";"125.";"3.3";"3.9";"87.";"8.";"0.00";"0.00";"0.00"
"2020";"12";"10";"4";"9";"8242";"125.";"3.5";"3.7";"84.";"8.";"5.55";"0.00";"5.55"
"2020";"12";"10";"4";"10";"8243";"124.";"3.7";"3.5";"84.";"8.";"26.50";"0.00";"26.50"
"2020";"12";"10";"4";"11";"8244";"118.";"3.5";"3.6";"85.";"8.";"37.95";"0.00";"37.95"
"2020";"12";"10";"4";"12";"8245";"117.";"3.2";"3.6";"86.";"8.";"37.91";"0.00";"37.91"
"2020";"12";"10";"4";"13";"8246";"111.";"2.8";"3.5";"87.";"8.";"26.53";"0.00";"26.53"
"2020";"12";"10";"4";"14";"8247";"101.";"2.6";"3.4";"89.";"8.";"5.06";"0.00";"5.06"
"2020";"12";"10";"4";"15";"8248";"93.";"2.0";"3.4";"89.";"8.";"0.00";"0.00";"0.00"
"2020";"12";"10";"4";"16";"8249";"90.";"2.6";"3.4";"88.";"8.";"0.00";"0.00";"0.00"
"2020";"12";"10";"4";"17";"8250";"87.";"2.6";"3.4";"87.";"8.";"0.00";"0.00";"0.00"
"2020";"12";"10";"4";"18";"8251";"82.";"2.8";"3.3";"86.";"8.";"0.00";"0.00";"0.00"
"2020";"12";"10";"4";"19";"8252";"80.";"3.4";"3.2";"85.";"8.";"0.00";"0.00";"0.00"
"2020";"12";"10";"4";"20";"8253";"83.";"4.2";"3.1";"84.";"8.";"0.00";"0.00";"0.00"
"2020";"12";"10";"4";"21";"8254";"90.";"4.0";"2.9";"83.";"8.";"0.00";"0.00";"0.00"
"2020";"12";"10";"4";"22";"8255";"93.";"3.6";"2.7";"84.";"8.";"0.00";"0.00";"0.00"
"2020";"12";"10";"4";"23";"8256";"95.";"3.7";"2.6";"85.";"8.";"0.00";"0.00";"0.00"
"2020";"12";"11";"5";"0";"8257";"91.";"3.7";"2.4";"88.";"8.";"0.00";"0.00";"0.00"
"2020";"12";"11";"5";"1";"8258";"96.";"3.7";"2.2";"88.";"8.";"0.00";"0.00";"0.00"
"2020";"12";"11";"5";"2";"8259";"96.";"3.2";"2.2";"87.";"8.";"0.00";"0.00";"0.00"
"2020";"12";"11";"5";"3";"8260";"101.";"3.3";"2.2";"85.";"8.";"0.00";"0.00";"0.00"
"2020";"12";"11";"5";"4";"8261";"106.";"3.2";"2.2";"84.";"8.";"0.00";"0.00";"0.00"
"2020";"12";"11";"5";"5";"8262";"101.";"3.6";"2.2";"84.";"8.";"0.00";"0.00";"0.00"
"2020";"12";"11";"5";"6";"8263";"103.";"3.9";"2.3";"82.";"8.";"0.00";"0.00";"0.00"
"2020";"12";"11";"5";"7";"8264";"101.";"3.4";"2.3";"82.";"8.";"0.00";"0.00";"0.00"
"2020";"12";"11";"5";"8";"8265";"100.";"3.6";"2.1";"85.";"8.";"0.00";"0.00";"0.00"
"2020";"12";"11";"5";"9";"8266";"95.";"3.4";"2.0";"88.";"8.";"5.62";"0.00";"5.62"
"2020";"12";"11";"5";"10";"8267";"102.";"3.0";"2.4";"88.";"8.";"28.21";"0.00";"28.21"
"2020";"12";"11";"5";"11";"8268";"101.";"3.1";"2.8";"87.";"8.";"40.73";"0.00";"40.73"
"2020";"12";"11";"5";"12";"8269";"102.";"3.2";"3.0";"85.";"8.";"40.80";"0.00";"40.80"
"2020";"12";"11";"5";"13";"8270";"101.";"3.0";"3.1";"84.";"8.";"28.19";"0.00";"28.19"
"2020";"12";"11";"5";"14";"8271";"96.";"2.9";"3.0";"84.";"8.";"6.00";"0.00";"6.00"
"2020";"12";"11";"5";"15";"8272";"99.";"2.5";"2.9";"84.";"8.";"0.00";"0.00";"0.00"
"2020";"12";"11";"5";"16";"8273";"106.";"2.9";"2.8";"84.";"8.";"0.00";"0.00";"0.00"
"2020";"12";"11";"5";"17";"8274";"102.";"2.7";"2.8";"85.";"8.";"0.00";"0.00";"0.00"
"2020";"12";"11";"5";"18";"8275";"102.";"3.0";"2.5";"84.";"8.";"0.00";"0.00";"0.00"
"2020";"12";"11";"5";"19";"8276";"96.";"3.4";"2.4";"83.";"6.";"0.00";"0.00";"0.00"
"2020";"12";"11";"5";"20";"8277";"89.";"3.2";"2.4";"83.";"7.";"0.00";"0.00";"0.00"
"2020";"12";"11";"5";"21";"8278";"96.";"3.4";"2.4";"82.";"8.";"0.00";"0.00";"0.00"
"2020";"12";"11";"5";"22";"8279";"98.";"2.9";"2.3";"82.";"8.";"0.00";"0.00";"0.00"
"2020";"12";"11";"5";"23";"8280";"93.";"2.8";"2.4";"83.";"8.";"0.00";"0.00";"0.00"
"2020";"12";"12";"6";"0";"8281";"88.";"2.7";"2.4";"83.";"8.";"0.00";"0.00";"0.00"
"2020";"12";"12";"6";"1";"8282";"85.";"2.7";"2.5";"84.";"8.";"0.00";"0.00";"0.00"
"2020";"12";"12";"6";"2";"8283";"80.";"2.4";"2.4";"84.";"8.";"0.00";"0.00";"0.00"
"2020";"12";"12";"6";"3";"8284";"79.";"2.6";"2.5";"86.";"8.";"0.00";"0.00";"0.00"
"2020";"12";"12";"6";"4";"8285";"82.";"2.3";"2.7";"86.";"8.";"0.00";"0.00";"0.00"
"2020";"12";"12";"6";"5";"8286";"72.";"2.7";"2.8";"86.";"8.";"0.00";"0.00";"0.00"
"2020";"12";"12";"6";"6";"8287";"75.";"2.9";"2.8";"87.";"8.";"0.00";"0.00";"0.00"
"2020";"12";"12";"6";"7";"8288";"78.";"3.1";"3.0";"89.";"8.";"0.00";"0.00";"0.00"
"2020";"12";"12";"6";"8";"8289";"83.";"3.5";"3.1";"89.";"8.";"0.00";"0.00";"0.00"
"2020";"12";"12";"6";"9";"8290";"83.";"3.3";"3.3";"90.";"8.";"4.65";"0.00";"4.65"
"2020";"12";"12";"6";"10";"8291";"87.";"3.4";"3.7";"88.";"8.";"26.33";"0.00";"26.33"
"2020";"12";"12";"6";"11";"8292";"86.";"3.5";"4.1";"86.";"8.";"39.62";"0.00";"39.62"
"2020";"12";"12";"6";"12";"8293";"78.";"3.3";"4.3";"87.";"8.";"37.16";"0.00";"37.16"
"2020";"12";"12";"6";"13";"8294";"80.";"3.2";"4.3";"89.";"8.";"25.10";"0.00";"25.10"
"2020";"12";"12";"6";"14";"8295";"84.";"3.3";"4.0";"91.";"8.";"3.73";"0.00";"3.73"
"2020";"12";"12";"6";"15";"8296";"85.";"2.8";"4.1";"92.";"8.";"0.00";"0.00";"0.00"
"2020";"12";"12";"6";"16";"8297";"86.";"2.9";"4.2";"91.";"8.";"0.00";"0.00";"0.00"
"2020";"12";"12";"6";"17";"8298";"83.";"2.7";"4.3";"92.";"8.";"0.00";"0.00";"0.00"
"2020";"12";"12";"6";"18";"8299";"87.";"2.4";"4.4";"92.";"8.";"0.00";"0.00";"0.00"
"2020";"12";"12";"6";"19";"8300";"94.";"2.4";"4.4";"91.";"8.";"0.00";"0.00";"0.00"
"2020";"12";"12";"6";"20";"8301";"80.";"2.5";"4.4";"91.";"8.";"0.00";"0.00";"0.00"
"2020";"12";"12";"6";"21";"8302";"81.";"2.0";"4.5";"93.";"8.";"0.00";"0.00";"0.00"
"2020";"12";"12";"6";"22";"8303";"80.";"1.5";"4.4";"94.";"8.";"0.00";"0.00";"0.00"
"2020";"12";"12";"6";"23";"8304";"83.";"1.7";"4.4";"95.";"8.";"0.00";"0.00";"0.00"
"2020";"12";"13";"7";"0";"8305";"79.";"1.7";"4.5";"95.";"8.";"0.00";"0.00";"0.00"
"2020";"12";"13";"7";"1";"8306";"79.";"1.5";"4.5";"95.";"8.";"0.00";"0.00";"0.00"
"2020";"12";"13";"7";"2";"8307";"83.";"1.3";"4.5";"95.";"8.";"0.00";"0.00";"0.00"
"2020";"12";"13";"7";"3";"8308";"84.";"1.4";"4.7";"96.";"8.";"0.00";"0.00";"0.00"
"2020";"12";"13";"7";"4";"8309";"85.";"1.6";"4.6";"96.";"8.";"0.00";"0.00";"0.00"
"2020";"12";"13";"7";"5";"8310";"89.";"1.6";"4.6";"96.";"8.";"0.00";"0.00";"0.00"
"2020";"12";"13";"7";"6";"8311";"92.";"1.1";"4.7";"96.";"8.";"0.00";"0.00";"0.00"
"2020";"12";"13";"7";"7";"8312";"91.";"1.1";"4.6";"96.";"8.";"0.00";"0.00";"0.00"
"2020";"12";"13";"7";"8";"8313";"99.";"1.5";"4.6";"96.";"8.";"0.00";"0.00";"0.00"
"2020";"12";"13";"7";"9";"8314";"99.";"1.5";"4.7";"96.";"8.";"2.43";"0.00";"2.43"
"2020";"12";"13";"7";"10";"8315";"118.";"1.7";"4.9";"95.";"8.";"22.45";"0.00";"22.45"
"2020";"12";"13";"7";"11";"8316";"122.";"1.7";"5.0";"94.";"8.";"34.55";"0.00";"34.55"
"2020";"12";"13";"7";"12";"8317";"125.";"1.5";"5.0";"94.";"8.";"34.14";"0.00";"34.14"
"2020";"12";"13";"7";"13";"8318";"125.";"1.6";"4.9";"93.";"8.";"23.19";"0.00";"23.19"
"2020";"12";"13";"7";"14";"8319";"127.";"1.8";"4.9";"93.";"8.";"2.89";"0.00";"2.89"
"2020";"12";"13";"7";"15";"8320";"116.";"1.8";"4.7";"93.";"8.";"0.00";"0.00";"0.00"
"2020";"12";"13";"7";"16";"8321";"122.";"2.1";"4.6";"93.";"8.";"0.00";"0.00";"0.00"
"2020";"12";"13";"7";"17";"8322";"125.";"2.4";"4.5";"93.";"8.";"0.00";"0.00";"0.00"
"2020";"12";"13";"7";"18";"8323";"127.";"2.5";"4.3";"94.";"8.";"0.00";"0.00";"0.00"
"2020";"12";"13";"7";"19";"8324";"130.";"2.2";"4.3";"94.";"8.";"0.00";"0.00";"0.00"
"2020";"12";"13";"7";"20";"8325";"137.";"2.1";"4.2";"93.";"8.";"0.00";"0.00";"0.00"
"2020";"12";"13";"7";"21";"8326";"117.";"2.6";"4.1";"93.";"8.";"0.00";"0.00";"0.00"
"2020";"12";"13";"7";"22";"8327";"128.";"2.3";"3.9";"93.";"8.";"0.00";"0.00";"0.00"
"2020";"12";"13";"7";"23";"8328";"127.";"2.8";"3.9";"92.";"8.";"0.00";"0.00";"0.00"
"2020";"12";"14";"1";"0";"8329";"131.";"2.6";"3.9";"91.";"8.";"0.00";"0.00";"0.00"
"2020";"12";"14";"1";"1";"8330";"125.";"2.7";"4.0";"91.";"8.";"0.00";"0.00";"0.00"
"2020";"12";"14";"1";"2";"8331";"130.";"2.9";"4.0";"91.";"8.";"0.00";"0.00";"0.00"
"2020";"12";"14";"1";"3";"8332";"125.";"3.0";"3.6";"92.";"8.";"0.00";"0.00";"0.00"
"2020";"12";"14";"1";"4";"8333";"125.";"3.4";"3.4";"92.";"8.";"0.00";"0.00";"0.00"
"2020";"12";"14";"1";"5";"8334";"117.";"3.8";"3.2";"92.";"8.";"0.00";"0.00";"0.00"
"2020";"12";"14";"1";"6";"8335";"119.";"4.1";"3.1";"90.";"8.";"0.00";"0.00";"0.00"
"2020";"12";"14";"1";"7";"8336";"121.";"4.6";"3.2";"89.";"8.";"0.00";"0.00";"0.00"
"2020";"12";"14";"1";"8";"8337";"120.";"4.9";"3.2";"88.";"7.";"0.00";"0.00";"0.00"
"2020";"12";"14";"1";"9";"8338";"125.";"5.0";"3.3";"87.";"8.";"4.58";"0.00";"4.58"
"2020";"12";"14";"1";"10";"8339";"126.";"5.4";"3.9";"85.";"8.";"26.50";"0.00";"26.50"
"2020";"12";"14";"1";"11";"8340";"127.";"5.6";"4.5";"83.";"8.";"38.95";"0.00";"38.95"
"2020";"12";"14";"1";"12";"8341";"134.";"5.3";"4.9";"81.";"8.";"38.92";"0.00";"38.92"
"2020";"12";"14";"1";"13";"8342";"130.";"5.7";"4.9";"81.";"8.";"26.30";"0.00";"26.30"
"2020";"12";"14";"1";"14";"8343";"132.";"5.7";"5.0";"82.";"8.";"3.91";"0.00";"3.91"
"2020";"12";"14";"1";"15";"8344";"134.";"6.3";"5.0";"84.";"8.";"0.00";"0.00";"0.00"
"2020";"12";"14";"1";"16";"8345";"139.";"7.1";"4.7";"91.";"7.";"0.00";"0.00";"0.00"
"2020";"12";"14";"1";"17";"8346";"145.";"7.0";"4.8";"92.";"8.";"0.00";"0.00";"0.00"
"2020";"12";"14";"1";"18";"8347";"157.";"7.1";"5.0";"93.";"8.";"0.00";"0.00";"0.00"
"2020";"12";"14";"1";"19";"8348";"164.";"6.8";"5.3";"94.";"8.";"0.00";"0.00";"0.00"
"2020";"12";"14";"1";"20";"8349";"167.";"6.4";"5.6";"94.";"8.";"0.00";"0.00";"0.00"
"2020";"12";"14";"1";"21";"8350";"171.";"5.6";"5.9";"95.";"8.";"0.00";"0.00";"0.00"
"2020";"12";"14";"1";"22";"8351";"174.";"5.5";"6.2";"96.";"8.";"0.00";"0.00";"0.00"
"2020";"12";"14";"1";"23";"8352";"174.";"5.5";"6.5";"96.";"8.";"0.00";"0.00";"0.00"
"2020";"12";"15";"2";"0";"8353";"173.";"5.4";"6.8";"97.";"8.";"0.00";"0.00";"0.00"
"2020";"12";"15";"2";"1";"8354";"178.";"5.0";"7.0";"97.";"8.";"0.00";"0.00";"0.00"
"2020";"12";"15";"2";"2";"8355";"176.";"4.9";"7.0";"97.";"8.";"0.00";"0.00";"0.00"
"2020";"12";"15";"2";"3";"8356";"171.";"4.7";"7.2";"97.";"8.";"0.00";"0.00";"0.00"
"2020";"12";"15";"2";"4";"8357";"165.";"4.3";"7.1";"97.";"8.";"0.00";"0.00";"0.00"
"2020";"12";"15";"2";"5";"8358";"161.";"4.2";"6.9";"97.";"8.";"0.00";"0.00";"0.00"
"2020";"12";"15";"2";"6";"8359";"161.";"4.6";"7.0";"96.";"8.";"0.00";"0.00";"0.00"
"2020";"12";"15";"2";"7";"8360";"160.";"4.2";"7.3";"95.";"8.";"0.00";"0.00";"0.00"
"2020";"12";"15";"2";"8";"8361";"158.";"4.2";"7.4";"95.";"8.";"0.00";"0.00";"0.00"
"2020";"12";"15";"2";"9";"8362";"162.";"4.4";"7.6";"94.";"8.";"0.08";"0.00";"0.08"
"2020";"12";"15";"2";"10";"8363";"161.";"4.7";"7.7";"93.";"8.";"20.53";"0.00";"20.53"
"2020";"12";"15";"2";"11";"8364";"165.";"5.4";"7.6";"94.";"8.";"16.48";"0.00";"16.48"
"2020";"12";"15";"2";"12";"8365";"168.";"5.0";"7.3";"96.";"8.";"17.21";"0.00";"17.21"
"2020";"12";"15";"2";"13";"8366";"170.";"4.9";"7.1";"96.";"8.";"11.20";"0.00";"11.20"
"2020";"12";"15";"2";"14";"8367";"177.";"4.7";"7.0";"96.";"8.";"0.19";"0.00";"0.19"
"2020";"12";"15";"2";"15";"8368";"182.";"4.8";"6.7";"96.";"8.";"0.00";"0.00";"0.00"
"2020";"12";"15";"2";"16";"8369";"180.";"4.3";"6.7";"96.";"8.";"0.00";"0.00";"0.00"
"2020";"12";"15";"2";"17";"8370";"189.";"3.7";"6.7";"96.";"8.";"0.00";"0.00";"0.00"
"2020";"12";"15";"2";"18";"8371";"195.";"3.2";"6.7";"97.";"8.";"0.00";"0.00";"0.00"
"2020";"12";"15";"2";"19";"8372";"198.";"2.8";"6.9";"97.";"8.";"0.00";"0.00";"0.00"
"2020";"12";"15";"2";"20";"8373";"227.";"2.2";"7.1";"98.";"8.";"0.00";"0.00";"0.00"
"2020";"12";"15";"2";"21";"8374";"269.";"2.1";"7.3";"98.";"8.";"0.00";"0.00";"0.00"
"2020";"12";"15";"2";"22";"8375";"272.";"2.1";"7.2";"97.";"8.";"0.00";"0.00";"0.00"
"2020";"12";"15";"2";"23";"8376";"269.";"1.7";"7.0";"95.";"8.";"0.00";"0.00";"0.00"
"2020";"12";"16";"3";"0";"8377";"258.";"2.2";"7.0";"98.";"8.";"0.00";"0.00";"0.00"
"2020";"12";"16";"3";"1";"8378";"244.";"1.9";"7.0";"98.";"8.";"0.00";"0.00";"0.00"
"2020";"12";"16";"3";"2";"8379";"232.";"2.5";"6.9";"97.";"8.";"0.00";"0.00";"0.00"
"2020";"12";"16";"3";"3";"8380";"238.";"2.5";"6.9";"96.";"8.";"0.00";"0.00";"0.00"
"2020";"12";"16";"3";"4";"8381";"243.";"2.9";"7.0";"96.";"8.";"0.00";"0.00";"0.00"
"2020";"12";"16";"3";"5";"8382";"245.";"3.6";"7.1";"96.";"8.";"0.00";"0.00";"0.00"
"2020";"12";"16";"3";"6";"8383";"241.";"3.1";"7.1";"96.";"7.";"0.00";"0.00";"0.00"
"2020";"12";"16";"3";"7";"8384";"240.";"2.9";"7.1";"95.";"7.";"0.00";"0.00";"0.00"
"2020";"12";"16";"3";"8";"8385";"230.";"2.6";"7.0";"95.";"8.";"0.00";"0.00";"0.00"
"2020";"12";"16";"3";"9";"8386";"236.";"3.6";"7.2";"94.";"8.";"0.24";"0.00";"0.24"
"2020";"12";"16";"3";"10";"8387";"239.";"4.0";"6.6";"96.";"7.";"23.81";"14.08";"22.14"
"2020";"12";"16";"3";"11";"8388";"239.";"4.4";"6.2";"96.";"8.";"23.25";"0.00";"23.25"
"2020";"12";"16";"3";"12";"8389";"240.";"3.6";"6.6";"97.";"8.";"21.17";"0.00";"21.17"
"2020";"12";"16";"3";"13";"8390";"228.";"2.5";"6.9";"96.";"8.";"19.67";"0.00";"19.67"
"2020";"12";"16";"3";"14";"8391";"217.";"3.1";"7.0";"96.";"8.";"0.15";"0.00";"0.15"
"2020";"12";"16";"3";"15";"8392";"212.";"2.7";"7.1";"96.";"8.";"0.00";"0.00";"0.00"
"2020";"12";"16";"3";"16";"8393";"210.";"2.3";"7.0";"95.";"8.";"0.00";"0.00";"0.00"
"2020";"12";"16";"3";"17";"8394";"201.";"2.6";"6.7";"93.";"8.";"0.00";"0.00";"0.00"
"2020";"12";"16";"3";"18";"8395";"188.";"2.7";"5.9";"94.";"8.";"0.00";"0.00";"0.00"
"2020";"12";"16";"3";"19";"8396";"180.";"2.8";"5.4";"95.";"8.";"0.00";"0.00";"0.00"
"2020";"12";"16";"3";"20";"8397";"175.";"3.7";"5.5";"95.";"7.";"0.00";"0.00";"0.00"
"2020";"12";"16";"3";"21";"8398";"177.";"4.0";"5.9";"95.";"8.";"0.00";"0.00";"0.00"
"2020";"12";"16";"3";"22";"8399";"164.";"3.5";"5.9";"93.";"8.";"0.00";"0.00";"0.00"
"2020";"12";"16";"3";"23";"8400";"163.";"3.8";"5.6";"93.";"7.";"0.00";"0.00";"0.00"
"2020";"12";"17";"4";"0";"8401";"172.";"4.0";"6.0";"92.";"8.";"0.00";"0.00";"0.00"
"2020";"12";"17";"4";"1";"8402";"176.";"4.0";"6.3";"92.";"8.";"0.00";"0.00";"0.00"
"2020";"12";"17";"4";"2";"8403";"165.";"4.5";"6.3";"93.";"8.";"0.00";"0.00";"0.00"
"2020";"12";"17";"4";"3";"8404";"160.";"5.6";"6.2";"92.";"8.";"0.00";"0.00";"0.00"
"2020";"12";"17";"4";"4";"8405";"155.";"5.5";"6.1";"93.";"8.";"0.00";"0.00";"0.00"
"2020";"12";"17";"4";"5";"8406";"154.";"3.6";"6.1";"92.";"8.";"0.00";"0.00";"0.00"
"2020";"12";"17";"4";"6";"8407";"150.";"4.6";"6.0";"92.";"8.";"0.00";"0.00";"0.00"
"2020";"12";"17";"4";"7";"8408";"154.";"5.7";"5.7";"94.";"8.";"0.00";"0.00";"0.00"
"2020";"12";"17";"4";"8";"8409";"157.";"5.9";"5.9";"95.";"8.";"0.00";"0.00";"0.00"
"2020";"12";"17";"4";"9";"8410";"156.";"5.8";"6.2";"95.";"8.";"0.41";"0.00";"0.41"
"2020";"12";"17";"4";"10";"8411";"155.";"5.9";"6.4";"94.";"8.";"11.74";"0.00";"11.74"
"2020";"12";"17";"4";"11";"8412";"159.";"6.0";"6.5";"94.";"8.";"17.83";"0.00";"17.83"
"2020";"12";"17";"4";"12";"8413";"160.";"5.7";"6.6";"95.";"8.";"17.82";"0.00";"17.82"
"2020";"12";"17";"4";"13";"8414";"164.";"5.9";"6.7";"95.";"8.";"11.69";"0.00";"11.69"
"2020";"12";"17";"4";"14";"8415";"176.";"6.1";"6.8";"95.";"8.";"0.16";"0.00";"0.16"
"2020";"12";"17";"4";"15";"8416";"186.";"6.3";"6.8";"96.";"8.";"0.00";"0.00";"0.00"
"2020";"12";"17";"4";"16";"8417";"222.";"4.5";"7.1";"96.";"8.";"0.00";"0.00";"0.00"
"2020";"12";"17";"4";"17";"8418";"228.";"3.9";"6.8";"96.";"8.";"0.00";"0.00";"0.00"
"2020";"12";"17";"4";"18";"8419";"232.";"4.1";"6.9";"96.";"8.";"0.00";"0.00";"0.00"
"2020";"12";"17";"4";"19";"8420";"239.";"4.4";"7.2";"95.";"8.";"0.00";"0.00";"0.00"
"2020";"12";"17";"4";"20";"8421";"235.";"4.3";"7.1";"95.";"7.";"0.00";"0.00";"0.00"
"2020";"12";"17";"4";"21";"8422";"235.";"4.9";"7.1";"94.";"8.";"0.00";"0.00";"0.00"
"2020";"12";"17";"4";"22";"8423";"237.";"4.5";"7.1";"94.";"8.";"0.00";"0.00";"0.00"
"2020";"12";"17";"4";"23";"8424";"239.";"4.4";"7.0";"95.";"8.";"0.00";"0.00";"0.00"
"2020";"12";"18";"5";"0";"8425";"235.";"4.2";"7.0";"95.";"8.";"0.00";"0.00";"0.00"
"2020";"12";"18";"5";"1";"8426";"231.";"4.4";"7.0";"94.";"8.";"0.00";"0.00";"0.00"
"2020";"12";"18";"5";"2";"8427";"239.";"4.6";"7.0";"95.";"8.";"0.00";"0.00";"0.00"
"2020";"12";"18";"5";"3";"8428";"245.";"3.8";"7.0";"94.";"8.";"0.00";"0.00";"0.00"
"2020";"12";"18";"5";"4";"8429";"230.";"3.5";"6.9";"94.";"8.";"0.00";"0.00";"0.00"
"2020";"12";"18";"5";"5";"8430";"230.";"4.5";"6.9";"94.";"8.";"0.00";"0.00";"0.00"
"2020";"12";"18";"5";"6";"8431";"226.";"4.3";"7.2";"93.";"8.";"0.00";"0.00";"0.00"
"2020";"12";"18";"5";"7";"8432";"221.";"3.7";"7.1";"93.";"8.";"0.00";"0.00";"0.00"
"2020";"12";"18";"5";"8";"8433";"211.";"3.7";"7.0";"93.";"8.";"0.00";"0.00";"0.00"
"2020";"12";"18";"5";"9";"8434";"201.";"4.8";"7.1";"92.";"8.";"0.31";"0.00";"0.31"
"2020";"12";"18";"5";"10";"8435";"201.";"5.1";"7.1";"96.";"8.";"11.20";"0.00";"11.20"
"2020";"12";"18";"5";"11";"8436";"206.";"5.4";"7.3";"96.";"8.";"17.92";"0.00";"17.92"
"2020";"12";"18";"5";"12";"8437";"204.";"5.8";"7.3";"94.";"8.";"27.93";"0.00";"27.93"
"2020";"12";"18";"5";"13";"8438";"194.";"5.6";"7.2";"93.";"8.";"19.99";"0.00";"19.99"
"2020";"12";"18";"5";"14";"8439";"194.";"5.7";"7.2";"93.";"8.";"0.09";"0.00";"0.09"
"2020";"12";"18";"5";"15";"8440";"188.";"5.8";"7.2";"93.";"8.";"0.00";"0.00";"0.00"
"2020";"12";"18";"5";"16";"8441";"181.";"6.2";"6.9";"95.";"8.";"0.00";"0.00";"0.00"
"2020";"12";"18";"5";"17";"8442";"185.";"6.6";"6.8";"95.";"8.";"0.00";"0.00";"0.00"
"2020";"12";"18";"5";"18";"8443";"185.";"6.3";"6.8";"96.";"8.";"0.00";"0.00";"0.00"
"2020";"12";"18";"5";"19";"8444";"186.";"6.2";"6.8";"96.";"8.";"0.00";"0.00";"0.00"
"2020";"12";"18";"5";"20";"8445";"192.";"5.8";"6.8";"96.";"8.";"0.00";"0.00";"0.00"
"2020";"12";"18";"5";"21";"8446";"190.";"5.5";"6.8";"96.";"8.";"0.00";"0.00";"0.00"
"2020";"12";"18";"5";"22";"8447";"187.";"5.2";"6.8";"96.";"8.";"0.00";"0.00";"0.00"
"2020";"12";"18";"5";"23";"8448";"182.";"5.2";"6.7";"95.";"8.";"0.00";"0.00";"0.00"
"2020";"12";"19";"6";"0";"8449";"181.";"5.3";"6.8";"95.";"8.";"0.00";"0.00";"0.00"
"2020";"12";"19";"6";"1";"8450";"180.";"5.3";"6.8";"95.";"8.";"0.00";"0.00";"0.00"
"2020";"12";"19";"6";"2";"8451";"178.";"5.3";"6.8";"95.";"8.";"0.00";"0.00";"0.00"
"2020";"12";"19";"6";"3";"8452";"179.";"5.8";"6.7";"94.";"8.";"0.00";"0.00";"0.00"
"2020";"12";"19";"6";"4";"8453";"174.";"5.5";"6.6";"94.";"8.";"0.00";"0.00";"0.00"
"2020";"12";"19";"6";"5";"8454";"171.";"5.3";"6.6";"92.";"8.";"0.00";"0.00";"0.00"
"2020";"12";"19";"6";"6";"8455";"171.";"5.3";"6.6";"91.";"7.";"0.00";"0.00";"0.00"
"2020";"12";"19";"6";"7";"8456";"169.";"5.2";"6.3";"91.";"7.";"0.00";"0.00";"0.00"
"2020";"12";"19";"6";"8";"8457";"170.";"5.2";"5.8";"92.";"7.";"0.00";"0.00";"0.00"
"2020";"12";"19";"6";"9";"8458";"166.";"5.2";"5.9";"91.";"7.";"1.74";"4.35";"1.51"
"2020";"12";"19";"6";"10";"8459";"168.";"5.5";"6.1";"92.";"5.";"42.44";"121.76";"28.15"
"2020";"12";"19";"6";"11";"8460";"164.";"5.6";"6.0";"93.";"8.";"33.61";"0.00";"33.61"
"2020";"12";"19";"6";"12";"8461";"163.";"5.6";"6.0";"92.";"8.";"33.49";"0.00";"33.49"
"2020";"12";"19";"6";"13";"8462";"164.";"5.4";"6.0";"92.";"8.";"21.67";"0.00";"21.67"
"2020";"12";"19";"6";"14";"8463";"160.";"4.6";"6.0";"91.";"7.";"1.65";"4.17";"1.43"
"2020";"12";"19";"6";"15";"8464";"163.";"5.4";"5.9";"91.";"8.";"0.00";"0.00";"0.00"
"2020";"12";"19";"6";"16";"8465";"162.";"5.8";"5.9";"91.";"8.";"0.00";"0.00";"0.00"
"2020";"12";"19";"6";"17";"8466";"162.";"5.9";"5.9";"92.";"8.";"0.00";"0.00";"0.00"
"2020";"12";"19";"6";"18";"8467";"156.";"5.8";"5.9";"93.";"8.";"0.00";"0.00";"0.00"
"2020";"12";"19";"6";"19";"8468";"167.";"5.9";"5.8";"93.";"8.";"0.00";"0.00";"0.00"
"2020";"12";"19";"6";"20";"8469";"173.";"5.9";"5.8";"95.";"8.";"0.00";"0.00";"0.00"
"2020";"12";"19";"6";"21";"8470";"180.";"6.1";"6.1";"94.";"8.";"0.00";"0.00";"0.00"
"2020";"12";"19";"6";"22";"8471";"172.";"5.4";"6.4";"93.";"8.";"0.00";"0.00";"0.00"
"2020";"12";"19";"6";"23";"8472";"165.";"5.2";"6.5";"92.";"8.";"0.00";"0.00";"0.00"
"2020";"12";"20";"7";"0";"8473";"169.";"5.9";"6.4";"93.";"8.";"0.00";"0.00";"0.00"
"2020";"12";"20";"7";"1";"8474";"171.";"6.0";"6.3";"95.";"8.";"0.00";"0.00";"0.00"
"2020";"12";"20";"7";"2";"8475";"176.";"4.7";"6.6";"96.";"8.";"0.00";"0.00";"0.00"
"2020";"12";"20";"7";"3";"8476";"180.";"4.4";"6.9";"96.";"8.";"0.00";"0.00";"0.00"
"2020";"12";"20";"7";"4";"8477";"186.";"4.0";"7.2";"95.";"8.";"0.00";"0.00";"0.00"
"2020";"12";"20";"7";"5";"8478";"183.";"4.8";"7.2";"95.";"7.";"0.00";"0.00";"0.00"
"2020";"12";"20";"7";"6";"8479";"176.";"4.7";"7.3";"94.";"8.";"0.00";"0.00";"0.00"
"2020";"12";"20";"7";"7";"8480";"176.";"5.0";"7.3";"94.";"8.";"0.00";"0.00";"0.00"
"2020";"12";"20";"7";"8";"8481";"177.";"5.3";"7.3";"94.";"8.";"0.00";"0.00";"0.00"
"2020";"12";"20";"7";"9";"8482";"172.";"5.1";"7.5";"93.";"8.";"0.00";"0.00";"0.00"
"2020";"12";"20";"7";"10";"8483";"171.";"5.3";"7.5";"94.";"8.";"19.05";"0.00";"19.05"
"2020";"12";"20";"7";"11";"8484";"168.";"5.4";"7.5";"93.";"8.";"30.57";"0.00";"30.57"
"2020";"12";"20";"7";"12";"8485";"174.";"5.8";"7.4";"92.";"8.";"31.34";"0.00";"31.34"
"2020";"12";"20";"7";"13";"8486";"172.";"5.3";"7.2";"93.";"8.";"19.42";"0.00";"19.42"
"2020";"12";"20";"7";"14";"8487";"170.";"4.7";"7.2";"93.";"8.";"0.00";"0.00";"0.00"
"2020";"12";"20";"7";"15";"8488";"170.";"4.8";"7.1";"94.";"8.";"0.00";"0.00";"0.00"
"2020";"12";"20";"7";"16";"8489";"175.";"4.9";"7.1";"94.";"8.";"0.00";"0.00";"0.00"
"2020";"12";"20";"7";"17";"8490";"177.";"5.5";"7.1";"94.";"8.";"0.00";"0.00";"0.00"
"2020";"12";"20";"7";"18";"8491";"179.";"4.9";"7.0";"94.";"8.";"0.00";"0.00";"0.00"
"2020";"12";"20";"7";"19";"8492";"177.";"4.1";"6.9";"94.";"8.";"0.00";"0.00";"0.00"
"2020";"12";"20";"7";"20";"8493";"176.";"4.4";"6.9";"94.";"8.";"0.00";"0.00";"0.00"
"2020";"12";"20";"7";"21";"8494";"180.";"4.9";"6.8";"95.";"8.";"0.00";"0.00";"0.00"
"2020";"12";"20";"7";"22";"8495";"175.";"4.5";"6.7";"95.";"8.";"0.00";"0.00";"0.00"
"2020";"12";"20";"7";"23";"8496";"184.";"4.9";"6.8";"96.";"8.";"0.00";"0.00";"0.00"
"2020";"12";"21";"1";"0";"8497";"197.";"4.6";"6.9";"95.";"8.";"0.00";"0.00";"0.00"
"2020";"12";"21";"1";"1";"8498";"193.";"4.6";"6.9";"94.";"8.";"0.00";"0.00";"0.00"
"2020";"12";"21";"1";"2";"8499";"191.";"5.3";"7.0";"94.";"8.";"0.00";"0.00";"0.00"
"2020";"12";"21";"1";"3";"8500";"197.";"5.2";"7.1";"94.";"8.";"0.00";"0.00";"0.00"
"2020";"12";"21";"1";"4";"8501";"197.";"4.8";"7.0";"94.";"8.";"0.00";"0.00";"0.00"
"2020";"12";"21";"1";"5";"8502";"201.";"5.1";"7.0";"94.";"7.";"0.00";"0.00";"0.00"
"2020";"12";"21";"1";"6";"8503";"203.";"5.0";"6.9";"94.";"8.";"0.00";"0.00";"0.00"
"2020";"12";"21";"1";"7";"8504";"195.";"4.9";"6.9";"92.";"8.";"0.00";"0.00";"0.00"
"2020";"12";"21";"1";"8";"8505";"202.";"6.0";"6.9";"93.";"8.";"0.00";"0.00";"0.00"
"2020";"12";"21";"1";"9";"8506";"207.";"6.4";"6.9";"94.";"8.";"0.03";"0.00";"0.03"
"2020";"12";"21";"1";"10";"8507";"217.";"6.3";"6.6";"94.";"8.";"11.86";"0.00";"11.86"
"2020";"12";"21";"1";"11";"8508";"217.";"5.6";"7.0";"93.";"8.";"18.71";"0.00";"18.71"
"2020";"12";"21";"1";"12";"8509";"221.";"5.1";"6.9";"93.";"6.";"54.21";"101.55";"38.96"
"2020";"12";"21";"1";"13";"8510";"209.";"4.1";"6.9";"92.";"6.";"34.74";"78.34";"25.58"
"2020";"12";"21";"1";"14";"8511";"212.";"4.5";"6.7";"93.";"7.";"0.46";"1.10";"0.40"
"2020";"12";"21";"1";"15";"8512";"213.";"4.1";"6.8";"92.";"6.";"0.00";"0.00";"0.00"
"2020";"12";"21";"1";"16";"8513";"206.";"5.0";"6.5";"91.";"7.";"0.00";"0.00";"0.00"
"2020";"12";"21";"1";"17";"8514";"198.";"5.2";"6.2";"93.";"6.";"0.00";"0.00";"0.00"
"2020";"12";"21";"1";"18";"8515";"193.";"4.9";"6.2";"93.";"7.";"0.00";"0.00";"0.00"
"2020";"12";"21";"1";"19";"8516";"189.";"5.2";"6.1";"90.";"6.";"0.00";"0.00";"0.00"
"2020";"12";"21";"1";"20";"8517";"187.";"5.5";"6.1";"88.";"7.";"0.00";"0.00";"0.00"
"2020";"12";"21";"1";"21";"8518";"173.";"5.1";"6.2";"87.";"8.";"0.00";"0.00";"0.00"
"2020";"12";"21";"1";"22";"8519";"169.";"5.0";"6.1";"87.";"8.";"0.00";"0.00";"0.00"
"2020";"12";"21";"1";"23";"8520";"161.";"4.9";"6.0";"88.";"8.";"0.00";"0.00";"0.00"
"2020";"12";"22";"2";"0";"8521";"146.";"4.9";"6.0";"87.";"8.";"0.00";"0.00";"0.00"
"2020";"12";"22";"2";"1";"8522";"135.";"5.2";"5.7";"85.";"8.";"0.00";"0.00";"0.00"
"2020";"12";"22";"2";"2";"8523";"134.";"5.6";"5.5";"85.";"8.";"0.00";"0.00";"0.00"
"2020";"12";"22";"2";"3";"8524";"134.";"5.5";"5.5";"85.";"8.";"0.00";"0.00";"0.00"
"2020";"12";"22";"2";"4";"8525";"132.";"5.7";"5.2";"88.";"8.";"0.00";"0.00";"0.00"
"2020";"12";"22";"2";"5";"8526";"136.";"6.6";"5.0";"91.";"8.";"0.00";"0.00";"0.00"
"2020";"12";"22";"2";"6";"8527";"146.";"6.2";"5.3";"92.";"8.";"0.00";"0.00";"0.00"
"2020";"12";"22";"2";"7";"8528";"144.";"6.1";"5.2";"92.";"8.";"0.00";"0.00";"0.00"
"2020";"12";"22";"2";"8";"8529";"145.";"6.2";"5.1";"92.";"8.";"0.00";"0.00";"0.00"
"2020";"12";"22";"2";"9";"8530";"148.";"6.0";"5.2";"93.";"8.";"0.85";"0.00";"0.85"
"2020";"12";"22";"2";"10";"8531";"153.";"5.8";"5.4";"94.";"8.";"11.42";"0.00";"11.42"
"2020";"12";"22";"2";"11";"8532";"160.";"5.3";"5.7";"95.";"8.";"29.35";"0.00";"29.35"
"2020";"12";"22";"2";"12";"8533";"166.";"4.6";"6.2";"96.";"8.";"27.36";"0.00";"27.36"
"2020";"12";"22";"2";"13";"8534";"190.";"3.3";"6.7";"97.";"7.";"23.84";"17.68";"21.77"
"2020";"12";"22";"2";"14";"8535";"280.";"3.5";"7.0";"97.";"6.";"0.00";"0.00";"0.00"
"2020";"12";"22";"2";"15";"8536";"300.";"5.0";"7.0";"94.";"8.";"0.00";"0.00";"0.00"
"2020";"12";"22";"2";"16";"8537";"297.";"4.8";"7.0";"91.";"7.";"0.00";"0.00";"0.00"
"2020";"12";"22";"2";"17";"8538";"288.";"5.2";"7.0";"90.";"6.";"0.00";"0.00";"0.00"
"2020";"12";"22";"2";"18";"8539";"278.";"5.3";"6.6";"87.";"2.";"0.00";"0.00";"0.00"
"2020";"12";"22";"2";"19";"8540";"272.";"5.1";"6.6";"87.";"0.";"0.00";"0.00";"0.00"
"2020";"12";"22";"2";"20";"8541";"262.";"5.2";"6.7";"87.";"2.";"0.00";"0.00";"0.00"
"2020";"12";"22";"2";"21";"8542";"253.";"4.9";"6.9";"88.";"8.";"0.00";"0.00";"0.00"
"2020";"12";"22";"2";"22";"8543";"256.";"5.2";"7.1";"87.";"8.";"0.00";"0.00";"0.00"
"2020";"12";"22";"2";"23";"8544";"262.";"6.1";"7.0";"87.";"5.";"0.00";"0.00";"0.00"
"2020";"12";"23";"3";"0";"8545";"254.";"5.9";"6.9";"88.";"7.";"0.00";"0.00";"0.00"
"2020";"12";"23";"3";"1";"8546";"256.";"6.6";"6.9";"87.";"8.";"0.00";"0.00";"0.00"
"2020";"12";"23";"3";"2";"8547";"261.";"6.3";"6.7";"87.";"7.";"0.00";"0.00";"0.00"
"2020";"12";"23";"3";"3";"8548";"258.";"6.7";"6.7";"87.";"6.";"0.00";"0.00";"0.00"
"2020";"12";"23";"3";"4";"8549";"262.";"6.8";"6.6";"83.";"2.";"0.00";"0.00";"0.00"
"2020";"12";"23";"3";"5";"8550";"265.";"6.6";"6.5";"81.";"1.";"0.00";"0.00";"0.00"
"2020";"12";"23";"3";"6";"8551";"267.";"5.1";"6.5";"82.";"2.";"0.00";"0.00";"0.00"
"2020";"12";"23";"3";"7";"8552";"268.";"5.3";"6.5";"82.";"2.";"0.00";"0.00";"0.00"
"2020";"12";"23";"3";"8";"8553";"271.";"5.1";"6.5";"82.";"4.";"0.00";"0.00";"0.00"
"2020";"12";"23";"3";"9";"8554";"271.";"3.9";"6.8";"82.";"5.";"3.45";"19.14";"2.43"
"2020";"12";"23";"3";"10";"8555";"270.";"3.6";"6.9";"83.";"8.";"22.64";"0.00";"22.64"
"2020";"12";"23";"3";"11";"8556";"276.";"3.8";"7.1";"82.";"8.";"34.73";"0.00";"34.73"
"2020";"12";"23";"3";"12";"8557";"271.";"3.7";"7.0";"82.";"7.";"46.78";"60.44";"37.70"
"2020";"12";"23";"3";"13";"8558";"268.";"2.8";"7.0";"83.";"8.";"22.91";"0.00";"22.91"
"2020";"12";"23";"3";"14";"8559";"257.";"2.0";"6.5";"86.";"8.";"1.49";"0.00";"1.49"
"2020";"12";"23";"3";"15";"8560";"245.";"1.6";"5.6";"89.";"8.";"0.00";"0.00";"0.00"
"2020";"12";"23";"3";"16";"8561";"240.";"1.5";"5.1";"91.";"8.";"0.00";"0.00";"0.00"
"2020";"12";"23";"3";"17";"8562";"224.";"0.9";"4.5";"92.";"7.";"0.00";"0.00";"0.00"
"2020";"12";"23";"3";"18";"8563";"233.";"0.6";"3.7";"93.";"8.";"0.00";"0.00";"0.00"
"2020";"12";"23";"3";"19";"8564";"181.";"0.6";"3.6";"95.";"7.";"0.00";"0.00";"0.00"
"2020";"12";"23";"3";"20";"8565";"185.";"0.6";"3.1";"95.";"5.";"0.00";"0.00";"0.00"
"2020";"12";"23";"3";"21";"8566";"156.";"0.7";"3.1";"97.";"7.";"0.00";"0.00";"0.00"
"2020";"12";"23";"3";"22";"8567";"91.";"0.5";"3.3";"98.";"8.";"0.00";"0.00";"0.00"
"2020";"12";"23";"3";"23";"8568";"67.";"1.7";"3.2";"98.";"8.";"0.00";"0.00";"0.00"
"2020";"12";"24";"4";"0";"8569";"61.";"2.1";"3.2";"98.";"8.";"0.00";"0.00";"0.00"
"2020";"12";"24";"4";"1";"8570";"47.";"2.1";"3.1";"99.";"8.";"0.00";"0.00";"0.00"
"2020";"12";"24";"4";"2";"8571";"50.";"3.1";"3.1";"98.";"8.";"0.00";"0.00";"0.00"
"2020";"12";"24";"4";"3";"8572";"50.";"2.8";"2.6";"96.";"7.";"0.00";"0.00";"0.00"
"2020";"12";"24";"4";"4";"8573";"44.";"2.7";"2.3";"96.";"8.";"0.00";"0.00";"0.00"
"2020";"12";"24";"4";"5";"8574";"37.";"2.6";"1.6";"95.";"7.";"0.00";"0.00";"0.00"
"2020";"12";"24";"4";"6";"8575";"39.";"2.8";"1.8";"95.";"5.";"0.00";"0.00";"0.00"
"2020";"12";"24";"4";"7";"8576";"28.";"3.0";"1.3";"96.";"4.";"0.00";"0.00";"0.00"
"2020";"12";"24";"4";"8";"8577";"22.";"3.1";"0.8";"94.";"4.";"0.00";"0.00";"0.00"
"2020";"12";"24";"4";"9";"8578";"18.";"3.4";"0.5";"93.";"3.";"12.52";"96.12";"7.39"
"2020";"12";"24";"4";"10";"8579";"14.";"4.0";"0.5";"91.";"2.";"74.90";"359.81";"32.66"
"2020";"12";"24";"4";"11";"8580";"18.";"4.4";"0.8";"87.";"1.";"119.88";"510.54";"43.01"
"2020";"12";"24";"4";"12";"8581";"14.";"4.4";"1.3";"83.";"0.";"129.43";"584.59";"41.41"
"2020";"12";"24";"4";"13";"8582";"13.";"4.3";"1.5";"79.";"1.";"83.03";"427.43";"32.84"
"2020";"12";"24";"4";"14";"8583";"12.";"3.7";"1.3";"79.";"1.";"17.47";"156.49";"9.12"
"2020";"12";"24";"4";"15";"8584";"8.";"3.4";"0.5";"81.";"0.";"0.00";"0.00";"0.00"
"2020";"12";"24";"4";"16";"8585";"3.";"3.6";"0.2";"82.";"1.";"0.00";"0.00";"0.00"
"2020";"12";"24";"4";"17";"8586";"4.";"3.5";"-0.2";"82.";"0.";"0.00";"0.00";"0.00"
"2020";"12";"24";"4";"18";"8587";"2.";"3.2";"-0.5";"82.";"0.";"0.00";"0.00";"0.00"
"2020";"12";"24";"4";"19";"8588";"359.";"2.7";"-0.6";"82.";"0.";"0.00";"0.00";"0.00"
"2020";"12";"24";"4";"20";"8589";"358.";"2.6";"-1.0";"82.";"0.";"0.00";"0.00";"0.00"
"2020";"12";"24";"4";"21";"8590";"348.";"2.8";"-1.2";"83.";"0.";"0.00";"0.00";"0.00"
"2020";"12";"24";"4";"22";"8591";"354.";"2.7";"-1.3";"83.";"0.";"0.00";"0.00";"0.00"
"2020";"12";"24";"4";"23";"8592";"360.";"2.4";"-1.4";"84.";"0.";"0.00";"0.00";"0.00"
"2020";"12";"25";"5";"0";"8593";"7.";"2.4";"-1.7";"84.";"0.";"0.00";"0.00";"0.00"
"2020";"12";"25";"5";"1";"8594";"353.";"2.3";"-1.8";"83.";"1.";"0.00";"0.00";"0.00"
"2020";"12";"25";"5";"2";"8595";"354.";"2.3";"-2.1";"83.";"1.";"0.00";"0.00";"0.00"
"2020";"12";"25";"5";"3";"8596";"349.";"2.4";"-2.3";"84.";"2.";"0.00";"0.00";"0.00"
"2020";"12";"25";"5";"4";"8597";"353.";"2.3";"-2.5";"83.";"0.";"0.00";"0.00";"0.00"
"2020";"12";"25";"5";"5";"8598";"360.";"2.2";"-2.6";"83.";"0.";"0.00";"0.00";"0.00"
"2020";"12";"25";"5";"6";"8599";"360.";"2.2";"-2.5";"83.";"1.";"0.00";"0.00";"0.00"
"2020";"12";"25";"5";"7";"8600";"2.";"2.2";"-2.3";"83.";"2.";"0.00";"0.00";"0.00"
"2020";"12";"25";"5";"8";"8601";"12.";"2.2";"-2.4";"84.";"1.";"0.00";"0.00";"0.00"
"2020";"12";"25";"5";"9";"8602";"9.";"2.1";"-2.2";"84.";"4.";"15.79";"110.29";"9.87"
"2020";"12";"25";"5";"10";"8603";"346.";"2.5";"-1.2";"81.";"6.";"67.63";"127.28";"52.64"
"2020";"12";"25";"5";"11";"8604";"350.";"2.8";"0.1";"74.";"2.";"122.40";"453.17";"53.99"
"2020";"12";"25";"5";"12";"8605";"355.";"3.0";"0.9";"68.";"5.";"103.99";"227.39";"69.67"
"2020";"12";"25";"5";"13";"8606";"5.";"2.9";"1.0";"66.";"2.";"80.38";"385.22";"35.01"
"2020";"12";"25";"5";"14";"8607";"5.";"2.4";"0.4";"67.";"0.";"24.07";"227.66";"11.84"
"2020";"12";"25";"5";"15";"8608";"5.";"1.9";"-0.9";"72.";"0.";"0.00";"0.00";"0.00"
"2020";"12";"25";"5";"16";"8609";"355.";"1.7";"-1.7";"76.";"0.";"0.00";"0.00";"0.00"
"2020";"12";"25";"5";"17";"8610";"339.";"1.6";"-2.3";"80.";"3.";"0.00";"0.00";"0.00"
"2020";"12";"25";"5";"18";"8611";"343.";"1.4";"-2.7";"83.";"5.";"0.00";"0.00";"0.00"
"2020";"12";"25";"5";"19";"8612";"357.";"1.1";"-3.4";"85.";"5.";"0.00";"0.00";"0.00"
"2020";"12";"25";"5";"20";"8613";"34.";"1.2";"-4.0";"88.";"5.";"0.00";"0.00";"0.00"
"2020";"12";"25";"5";"21";"8614";"57.";"1.0";"-4.5";"89.";"5.";"0.00";"0.00";"0.00"
"2020";"12";"25";"5";"22";"8615";"105.";"0.5";"-4.9";"90.";"7.";"0.00";"0.00";"0.00"
"2020";"12";"25";"5";"23";"8616";"124.";"0.7";"-4.9";"91.";"5.";"0.00";"0.00";"0.00"
"2020";"12";"26";"6";"0";"8617";"116.";"1.1";"-4.6";"90.";"8.";"0.00";"0.00";"0.00"
"2020";"12";"26";"6";"1";"8618";"125.";"1.4";"-3.9";"90.";"8.";"0.00";"0.00";"0.00"
"2020";"12";"26";"6";"2";"8619";"124.";"2.0";"-3.3";"89.";"8.";"0.00";"0.00";"0.00"
"2020";"12";"26";"6";"3";"8620";"115.";"3.5";"-2.6";"89.";"8.";"0.00";"0.00";"0.00"
"2020";"12";"26";"6";"4";"8621";"145.";"2.4";"-1.6";"88.";"8.";"0.00";"0.00";"0.00"
"2020";"12";"26";"6";"5";"8622";"151.";"2.2";"-1.0";"89.";"8.";"0.00";"0.00";"0.00"
"2020";"12";"26";"6";"6";"8623";"164.";"2.0";"-0.6";"89.";"8.";"0.00";"0.00";"0.00"
"2020";"12";"26";"6";"7";"8624";"199.";"2.0";"0.0";"89.";"8.";"0.00";"0.00";"0.00"
"2020";"12";"26";"6";"8";"8625";"194.";"2.4";"0.8";"89.";"8.";"0.00";"0.00";"0.00"
"2020";"12";"26";"6";"9";"8626";"197.";"2.8";"1.5";"90.";"8.";"4.92";"0.00";"4.92"
"2020";"12";"26";"6";"10";"8627";"192.";"3.9";"2.4";"90.";"8.";"26.40";"0.00";"26.40"
"2020";"12";"26";"6";"11";"8628";"189.";"4.6";"3.2";"88.";"8.";"38.73";"0.00";"38.73"
"2020";"12";"26";"6";"12";"8629";"187.";"4.9";"3.7";"87.";"8.";"36.32";"0.00";"36.32"
"2020";"12";"26";"6";"13";"8630";"192.";"4.8";"4.1";"91.";"8.";"22.83";"0.00";"22.83"
"2020";"12";"26";"6";"14";"8631";"194.";"5.1";"4.4";"92.";"8.";"2.67";"0.00";"2.67"
"2020";"12";"26";"6";"15";"8632";"186.";"5.8";"4.4";"95.";"8.";"0.00";"0.00";"0.00"
"2020";"12";"26";"6";"16";"8633";"190.";"6.7";"4.5";"95.";"8.";"0.00";"0.00";"0.00"
"2020";"12";"26";"6";"17";"8634";"196.";"7.3";"4.9";"95.";"8.";"0.00";"0.00";"0.00"
"2020";"12";"26";"6";"18";"8635";"202.";"7.8";"5.3";"96.";"8.";"0.00";"0.00";"0.00"
"2020";"12";"26";"6";"19";"8636";"201.";"8.1";"5.3";"96.";"8.";"0.00";"0.00";"0.00"
"2020";"12";"26";"6";"20";"8637";"198.";"9.0";"5.3";"95.";"8.";"0.00";"0.00";"0.00"
"2020";"12";"26";"6";"21";"8638";"194.";"8.7";"5.3";"95.";"8.";"0.00";"0.00";"0.00"
"2020";"12";"26";"6";"22";"8639";"195.";"9.4";"5.1";"95.";"8.";"0.00";"0.00";"0.00"
"2020";"12";"26";"6";"23";"8640";"195.";"10.0";"5.0";"94.";"8.";"0.00";"0.00";"0.00"
"2020";"12";"27";"7";"0";"8641";"193.";"10.3";"4.9";"94.";"8.";"0.00";"0.00";"0.00"
"2020";"12";"27";"7";"1";"8642";"193.";"10.3";"5.1";"94.";"8.";"0.00";"0.00";"0.00"
"2020";"12";"27";"7";"2";"8643";"190.";"10.6";"5.2";"94.";"8.";"0.00";"0.00";"0.00"
"2020";"12";"27";"7";"3";"8644";"185.";"10.5";"5.0";"93.";"8.";"0.00";"0.00";"0.00"
"2020";"12";"27";"7";"4";"8645";"185.";"10.9";"4.9";"93.";"8.";"0.00";"0.00";"0.00"
"2020";"12";"27";"7";"5";"8646";"181.";"11.2";"5.0";"93.";"8.";"0.00";"0.00";"0.00"
"2020";"12";"27";"7";"6";"8647";"178.";"11.1";"4.9";"93.";"8.";"0.00";"0.00";"0.00"
"2020";"12";"27";"7";"7";"8648";"177.";"11.4";"4.5";"93.";"8.";"0.00";"0.00";"0.00"
"2020";"12";"27";"7";"8";"8649";"173.";"11.4";"4.5";"92.";"8.";"0.00";"0.00";"0.00"
"2020";"12";"27";"7";"9";"8650";"168.";"11.3";"4.4";"92.";"8.";"1.55";"0.00";"1.55"
"2020";"12";"27";"7";"10";"8651";"170.";"11.3";"4.2";"91.";"8.";"13.10";"0.00";"13.10"
"2020";"12";"27";"7";"11";"8652";"169.";"11.3";"3.4";"92.";"8.";"19.26";"0.00";"19.26"
"2020";"12";"27";"7";"12";"8653";"167.";"11.3";"2.7";"93.";"8.";"18.94";"0.00";"18.94"
"2020";"12";"27";"7";"13";"8654";"163.";"11.0";"1.8";"94.";"8.";"12.41";"0.00";"12.41"
"2020";"12";"27";"7";"14";"8655";"159.";"11.1";"1.3";"94.";"8.";"2.26";"0.00";"2.26"
"2020";"12";"27";"7";"15";"8656";"158.";"10.5";"1.4";"94.";"8.";"0.00";"0.00";"0.00"
"2020";"12";"27";"7";"16";"8657";"158.";"10.7";"1.4";"94.";"8.";"0.00";"0.00";"0.00"
"2020";"12";"27";"7";"17";"8658";"158.";"10.6";"1.4";"93.";"8.";"0.00";"0.00";"0.00"
"2020";"12";"27";"7";"18";"8659";"158.";"9.8";"1.3";"94.";"8.";"0.00";"0.00";"0.00"
"2020";"12";"27";"7";"19";"8660";"155.";"9.4";"1.1";"94.";"8.";"0.00";"0.00";"0.00"
"2020";"12";"27";"7";"20";"8661";"153.";"9.0";"1.2";"94.";"8.";"0.00";"0.00";"0.00"
"2020";"12";"27";"7";"21";"8662";"149.";"8.5";"1.3";"93.";"8.";"0.00";"0.00";"0.00"
"2020";"12";"27";"7";"22";"8663";"146.";"8.1";"1.2";"93.";"8.";"0.00";"0.00";"0.00"
"2020";"12";"27";"7";"23";"8664";"145.";"7.8";"1.0";"94.";"8.";"0.00";"0.00";"0.00"
"2020";"12";"28";"1";"0";"8665";"144.";"7.2";"1.0";"93.";"8.";"0.00";"0.00";"0.00"
"2020";"12";"28";"1";"1";"8666";"140.";"6.9";"1.1";"94.";"8.";"0.00";"0.00";"0.00"
"2020";"12";"28";"1";"2";"8667";"138.";"6.6";"1.0";"94.";"8.";"0.00";"0.00";"0.00"
"2020";"12";"28";"1";"3";"8668";"134.";"6.3";"1.1";"94.";"8.";"0.00";"0.00";"0.00"
"2020";"12";"28";"1";"4";"8669";"132.";"6.1";"1.3";"94.";"8.";"0.00";"0.00";"0.00"
"2020";"12";"28";"1";"5";"8670";"131.";"6.2";"1.5";"93.";"8.";"0.00";"0.00";"0.00"
"2020";"12";"28";"1";"6";"8671";"131.";"5.6";"1.6";"92.";"8.";"0.00";"0.00";"0.00"
"2020";"12";"28";"1";"7";"8672";"131.";"5.6";"1.7";"93.";"8.";"0.00";"0.00";"0.00"
"2020";"12";"28";"1";"8";"8673";"128.";"5.4";"2.0";"93.";"8.";"0.00";"0.00";"0.00"
"2020";"12";"28";"1";"9";"8674";"131.";"5.4";"2.4";"92.";"8.";"3.24";"0.00";"3.24"
"2020";"12";"28";"1";"10";"8675";"124.";"4.9";"3.0";"92.";"8.";"19.29";"0.00";"19.29"
"2020";"12";"28";"1";"11";"8676";"116.";"4.6";"3.4";"92.";"8.";"27.77";"0.00";"27.77"
"2020";"12";"28";"1";"12";"8677";"111.";"4.3";"3.7";"91.";"8.";"28.59";"0.00";"28.59"
"2020";"12";"28";"1";"13";"8678";"108.";"4.3";"3.8";"90.";"8.";"32.30";"0.00";"32.30"
"2020";"12";"28";"1";"14";"8679";"112.";"4.4";"3.5";"89.";"8.";"5.15";"0.00";"5.15"
"2020";"12";"28";"1";"15";"8680";"104.";"4.1";"3.3";"89.";"8.";"0.00";"0.00";"0.00"
"2020";"12";"28";"1";"16";"8681";"107.";"3.5";"3.3";"89.";"8.";"0.00";"0.00";"0.00"
"2020";"12";"28";"1";"17";"8682";"105.";"3.5";"3.3";"89.";"8.";"0.00";"0.00";"0.00"
"2020";"12";"28";"1";"18";"8683";"105.";"3.4";"3.5";"90.";"8.";"0.00";"0.00";"0.00"
"2020";"12";"28";"1";"19";"8684";"104.";"3.4";"3.5";"90.";"8.";"0.00";"0.00";"0.00"
"2020";"12";"28";"1";"20";"8685";"103.";"2.8";"3.6";"90.";"8.";"0.00";"0.00";"0.00"
"2020";"12";"28";"1";"21";"8686";"104.";"2.8";"3.7";"91.";"8.";"0.00";"0.00";"0.00"
"2020";"12";"28";"1";"22";"8687";"96.";"2.6";"3.7";"92.";"8.";"0.00";"0.00";"0.00"
"2020";"12";"28";"1";"23";"8688";"89.";"2.7";"3.7";"92.";"8.";"0.00";"0.00";"0.00"
"2020";"12";"29";"2";"0";"8689";"85.";"2.4";"3.5";"92.";"8.";"0.00";"0.00";"0.00"
"2020";"12";"29";"2";"1";"8690";"85.";"2.4";"3.4";"93.";"8.";"0.00";"0.00";"0.00"
"2020";"12";"29";"2";"2";"8691";"91.";"2.4";"3.5";"93.";"8.";"0.00";"0.00";"0.00"
"2020";"12";"29";"2";"3";"8692";"83.";"2.4";"3.5";"92.";"8.";"0.00";"0.00";"0.00"
"2020";"12";"29";"2";"4";"8693";"75.";"2.5";"3.5";"92.";"8.";"0.00";"0.00";"0.00"
"2020";"12";"29";"2";"5";"8694";"68.";"2.7";"3.5";"91.";"8.";"0.00";"0.00";"0.00"
"2020";"12";"29";"2";"6";"8695";"75.";"2.2";"3.6";"91.";"8.";"0.00";"0.00";"0.00"
"2020";"12";"29";"2";"7";"8696";"69.";"2.6";"3.6";"91.";"8.";"0.00";"0.00";"0.00"
"2020";"12";"29";"2";"8";"8697";"71.";"2.5";"3.8";"91.";"8.";"0.00";"0.00";"0.00"
"2020";"12";"29";"2";"9";"8698";"75.";"3.1";"3.9";"90.";"8.";"3.75";"0.00";"3.75"
"2020";"12";"29";"2";"10";"8699";"61.";"2.8";"4.1";"90.";"8.";"50.20";"0.00";"50.20"
"2020";"12";"29";"2";"11";"8700";"69.";"3.5";"4.6";"89.";"8.";"37.70";"0.00";"37.70"
"2020";"12";"29";"2";"12";"8701";"71.";"3.2";"4.8";"87.";"8.";"36.08";"0.00";"36.08"
"2020";"12";"29";"2";"13";"8702";"72.";"3.3";"4.4";"91.";"8.";"14.04";"0.00";"14.04"
"2020";"12";"29";"2";"14";"8703";"75.";"3.0";"4.2";"92.";"8.";"1.93";"0.00";"1.93"
"2020";"12";"29";"2";"15";"8704";"83.";"3.0";"4.0";"93.";"8.";"0.00";"0.00";"0.00"
"2020";"12";"29";"2";"16";"8705";"90.";"2.5";"4.0";"94.";"8.";"0.00";"0.00";"0.00"
"2020";"12";"29";"2";"17";"8706";"88.";"2.3";"4.0";"94.";"8.";"0.00";"0.00";"0.00"
"2020";"12";"29";"2";"18";"8707";"94.";"1.6";"4.0";"95.";"8.";"0.00";"0.00";"0.00"
"2020";"12";"29";"2";"19";"8708";"112.";"1.7";"3.9";"95.";"8.";"0.00";"0.00";"0.00"
"2020";"12";"29";"2";"20";"8709";"129.";"1.4";"3.9";"95.";"8.";"0.00";"0.00";"0.00"
"2020";"12";"29";"2";"21";"8710";"139.";"1.8";"3.9";"96.";"8.";"0.00";"0.00";"0.00"
"2020";"12";"29";"2";"22";"8711";"166.";"2.3";"3.9";"95.";"8.";"0.00";"0.00";"0.00"
"2020";"12";"29";"2";"23";"8712";"164.";"2.0";"3.7";"94.";"8.";"0.00";"0.00";"0.00"
"2020";"12";"30";"3";"0";"8713";"143.";"2.4";"3.5";"94.";"8.";"0.00";"0.00";"0.00"
"2020";"12";"30";"3";"1";"8714";"140.";"1.9";"3.3";"94.";"8.";"0.00";"0.00";"0.00"
"2020";"12";"30";"3";"2";"8715";"151.";"1.7";"3.1";"95.";"8.";"0.00";"0.00";"0.00"
"2020";"12";"30";"3";"3";"8716";"137.";"2.2";"3.2";"94.";"8.";"0.00";"0.00";"0.00"
"2020";"12";"30";"3";"4";"8717";"139.";"1.9";"3.0";"94.";"8.";"0.00";"0.00";"0.00"
"2020";"12";"30";"3";"5";"8718";"137.";"2.1";"3.0";"94.";"8.";"0.00";"0.00";"0.00"
"2020";"12";"30";"3";"6";"8719";"137.";"2.0";"3.0";"94.";"8.";"0.00";"0.00";"0.00"
"2020";"12";"30";"3";"7";"8720";"142.";"2.3";"3.0";"94.";"8.";"0.00";"0.00";"0.00"
"2020";"12";"30";"3";"8";"8721";"138.";"1.9";"2.9";"94.";"8.";"0.00";"0.00";"0.00"
"2020";"12";"30";"3";"9";"8722";"120.";"2.8";"3.1";"94.";"8.";"3.96";"0.00";"3.96"
"2020";"12";"30";"3";"10";"8723";"114.";"2.7";"3.4";"94.";"8.";"21.64";"0.00";"21.64"
"2020";"12";"30";"3";"11";"8724";"117.";"3.1";"3.6";"94.";"8.";"21.17";"0.00";"21.17"
"2020";"12";"30";"3";"12";"8725";"124.";"3.0";"3.7";"95.";"8.";"20.83";"0.00";"20.83"
"2020";"12";"30";"3";"13";"8726";"135.";"2.7";"3.9";"94.";"8.";"14.95";"0.00";"14.95"
"2020";"12";"30";"3";"14";"8727";"119.";"2.9";"3.9";"94.";"8.";"3.75";"0.00";"3.75"
"2020";"12";"30";"3";"15";"8728";"116.";"3.1";"3.8";"93.";"8.";"0.00";"0.00";"0.00"
"2020";"12";"30";"3";"16";"8729";"117.";"2.5";"3.8";"93.";"8.";"0.00";"0.00";"0.00"
"2020";"12";"30";"3";"17";"8730";"109.";"2.6";"3.7";"93.";"8.";"0.00";"0.00";"0.00"
"2020";"12";"30";"3";"18";"8731";"110.";"2.4";"3.8";"93.";"8.";"0.00";"0.00";"0.00"
"2020";"12";"30";"3";"19";"8732";"103.";"2.6";"3.7";"93.";"7.";"0.00";"0.00";"0.00"
"2020";"12";"30";"3";"20";"8733";"95.";"2.4";"3.7";"92.";"7.";"0.00";"0.00";"0.00"
"2020";"12";"30";"3";"21";"8734";"90.";"2.7";"3.5";"91.";"8.";"0.00";"0.00";"0.00"
"2020";"12";"30";"3";"22";"8735";"88.";"2.7";"3.2";"91.";"8.";"0.00";"0.00";"0.00"
"2020";"12";"30";"3";"23";"8736";"88.";"2.7";"2.8";"93.";"8.";"0.00";"0.00";"0.00"
"2020";"12";"31";"4";"0";"8737";"95.";"2.4";"2.7";"95.";"8.";"0.00";"0.00";"0.00"
"2020";"12";"31";"4";"1";"8738";"101.";"2.7";"2.8";"95.";"8.";"0.00";"0.00";"0.00"
"2020";"12";"31";"4";"2";"8739";"96.";"2.8";"2.9";"95.";"8.";"0.00";"0.00";"0.00"
"2020";"12";"31";"4";"3";"8740";"105.";"3.0";"2.7";"95.";"8.";"0.00";"0.00";"0.00"
"2020";"12";"31";"4";"4";"8741";"93.";"1.9";"2.7";"95.";"8.";"0.00";"0.00";"0.00"
"2020";"12";"31";"4";"5";"8742";"111.";"2.2";"2.8";"95.";"8.";"0.00";"0.00";"0.00"
"2020";"12";"31";"4";"6";"8743";"127.";"2.4";"2.9";"95.";"8.";"0.00";"0.00";"0.00"
"2020";"12";"31";"4";"7";"8744";"113.";"2.0";"3.1";"95.";"8.";"0.00";"0.00";"0.00"
"2020";"12";"31";"4";"8";"8745";"115.";"2.2";"3.1";"96.";"6.";"0.00";"0.00";"0.00"
"2020";"12";"31";"4";"9";"8746";"120.";"3.4";"3.0";"95.";"8.";"4.44";"0.00";"4.44"
"2020";"12";"31";"4";"10";"8747";"132.";"3.1";"3.4";"96.";"8.";"26.83";"0.00";"26.83"
"2020";"12";"31";"4";"11";"8748";"149.";"2.8";"3.8";"95.";"8.";"34.76";"0.00";"34.76"
"2020";"12";"31";"4";"12";"8749";"166.";"2.8";"4.0";"94.";"8.";"35.18";"0.00";"35.18"
"2020";"12";"31";"4";"13";"8750";"164.";"3.2";"3.9";"92.";"8.";"25.58";"0.00";"25.58"
"2020";"12";"31";"4";"14";"8751";"169.";"3.0";"3.6";"91.";"7.";"5.93";"13.55";"5.14"
"2020";"12";"31";"4";"15";"8752";"173.";"2.8";"3.5";"92.";"8.";"0.00";"0.00";"0.00"
"2020";"12";"31";"4";"16";"8753";"168.";"3.5";"3.2";"93.";"8.";"0.00";"0.00";"0.00"
"2020";"12";"31";"4";"17";"8754";"169.";"3.8";"3.2";"93.";"7.";"0.00";"0.00";"0.00"
"2020";"12";"31";"4";"18";"8755";"169.";"3.9";"3.3";"92.";"8.";"0.00";"0.00";"0.00"
"2020";"12";"31";"4";"19";"8756";"167.";"3.5";"3.4";"93.";"8.";"0.00";"0.00";"0.00"
"2020";"12";"31";"4";"20";"8757";"161.";"3.0";"3.3";"94.";"7.";"0.00";"0.00";"0.00"
"2020";"12";"31";"4";"21";"8758";"180.";"3.2";"3.4";"92.";"8.";"0.00";"0.00";"0.00"
"2020";"12";"31";"4";"22";"8759";"162.";"3.0";"3.3";"93.";"8.";"0.00";"0.00";"0.00"
"2020";"12";"31";"4";"23";"8760";"168.";"2.9";"3.1";"92.";"8.";"0.00";"0.00";"0.00"
