"year";"month";"day";"weekday";"time";"hour";"Wind direction [Degrees]";"Wind speed [m/s]";"temperature";"Relative Humidity [%]";"Total cloud cover [Octas]";"Global horizontal irradiance [W/m2]";"Direct normal irradiance [W/m2]";"Diffuse horizontal irradiance [W/m2]"
"2017";"1";"1";"7";"0";"1";"245.";"7.0";"7.5";"96.";"8.";"0.00";"0.00";"0.00"
"2017";"1";"1";"7";"1";"2";"255.";"5.4";"7.4";"96.";"8.";"0.00";"0.00";"0.00"
"2017";"1";"1";"7";"2";"3";"264.";"4.8";"7.3";"96.";"8.";"0.00";"0.00";"0.00"
"2017";"1";"1";"7";"3";"4";"268.";"5.1";"6.8";"94.";"8.";"0.00";"0.00";"0.00"
"2017";"1";"1";"7";"4";"5";"269.";"5.3";"6.5";"93.";"7.";"0.00";"0.00";"0.00"
"2017";"1";"1";"7";"5";"6";"272.";"5.5";"6.4";"93.";"8.";"0.00";"0.00";"0.00"
"2017";"1";"1";"7";"6";"7";"276.";"5.1";"6.2";"91.";"7.";"0.00";"0.00";"0.00"
"2017";"1";"1";"7";"7";"8";"276.";"4.2";"5.8";"89.";"7.";"0.00";"0.00";"0.00"
"2017";"1";"1";"7";"8";"9";"281.";"3.6";"5.5";"86.";"6.";"0.00";"0.00";"0.00"
"2017";"1";"1";"7";"9";"10";"293.";"3.3";"5.1";"84.";"8.";"4.97";"0.00";"4.97"
"2017";"1";"1";"7";"10";"11";"311.";"2.8";"5.2";"82.";"8.";"43.63";"0.00";"43.63"
"2017";"1";"1";"7";"11";"12";"325.";"3.3";"5.2";"79.";"5.";"76.87";"210.93";"44.00"
"2017";"1";"1";"7";"12";"13";"327.";"2.9";"4.9";"78.";"2.";"113.43";"421.39";"47.77"
"2017";"1";"1";"7";"13";"14";"326.";"2.3";"4.5";"76.";"5.";"54.13";"181.32";"31.90"
"2017";"1";"1";"7";"14";"15";"337.";"1.7";"3.1";"81.";"5.";"11.84";"67.09";"7.92"
"2017";"1";"1";"7";"15";"16";"320.";"1.9";"1.4";"85.";"4.";"0.00";"0.00";"0.00"
"2017";"1";"1";"7";"16";"17";"313.";"1.7";"0.6";"87.";"2.";"0.00";"0.00";"0.00"
"2017";"1";"1";"7";"17";"18";"310.";"2.1";"0.0";"88.";"0.";"0.00";"0.00";"0.00"
"2017";"1";"1";"7";"18";"19";"325.";"2.4";"0.1";"88.";"0.";"0.00";"0.00";"0.00"
"2017";"1";"1";"7";"19";"20";"352.";"2.6";"0.1";"85.";"1.";"0.00";"0.00";"0.00"
"2017";"1";"1";"7";"20";"21";"351.";"3.0";"-0.3";"84.";"0.";"0.00";"0.00";"0.00"
"2017";"1";"1";"7";"21";"22";"357.";"3.1";"-0.7";"83.";"0.";"0.00";"0.00";"0.00"
"2017";"1";"1";"7";"22";"23";"357.";"3.0";"-0.9";"82.";"0.";"0.00";"0.00";"0.00"
"2017";"1";"1";"7";"23";"24";"349.";"2.9";"-0.9";"82.";"0.";"0.00";"0.00";"0.00"
"2017";"1";"2";"1";"0";"25";"353.";"3.0";"-1.2";"82.";"0.";"0.00";"0.00";"0.00"
"2017";"1";"2";"1";"1";"26";"357.";"3.1";"-1.0";"79.";"0.";"0.00";"0.00";"0.00"
"2017";"1";"2";"1";"2";"27";"353.";"3.1";"-1.1";"75.";"0.";"0.00";"0.00";"0.00"
"2017";"1";"2";"1";"3";"28";"352.";"2.7";"-1.9";"76.";"0.";"0.00";"0.00";"0.00"
"2017";"1";"2";"1";"4";"29";"339.";"2.5";"-2.3";"76.";"0.";"0.00";"0.00";"0.00"
"2017";"1";"2";"1";"5";"30";"334.";"2.5";"-2.2";"74.";"0.";"0.00";"0.00";"0.00"
"2017";"1";"2";"1";"6";"31";"343.";"2.5";"-2.7";"74.";"0.";"0.00";"0.00";"0.00"
"2017";"1";"2";"1";"7";"32";"337.";"2.6";"-2.4";"72.";"0.";"0.00";"0.00";"0.00"
"2017";"1";"2";"1";"8";"33";"338.";"2.2";"-2.2";"70.";"0.";"0.00";"0.00";"0.00"
"2017";"1";"2";"1";"9";"34";"320.";"2.2";"-2.3";"72.";"0.";"30.39";"233.47";"16.48"
"2017";"1";"2";"1";"10";"35";"321.";"2.2";"-0.6";"68.";"0.";"103.29";"541.94";"36.20"
"2017";"1";"2";"1";"11";"36";"318.";"2.4";"1.0";"62.";"0.";"139.42";"589.97";"46.76"
"2017";"1";"2";"1";"12";"37";"332.";"1.6";"2.0";"59.";"2.";"119.63";"387.03";"58.84"
"2017";"1";"2";"1";"13";"38";"312.";"1.3";"1.6";"61.";"1.";"92.81";"460.78";"35.76"
"2017";"1";"2";"1";"14";"39";"64.";"1.3";"-0.2";"67.";"0.";"29.40";"236.54";"15.31"
"2017";"1";"2";"1";"15";"40";"102.";"0.6";"-1.7";"72.";"0.";"0.00";"0.00";"0.00"
"2017";"1";"2";"1";"16";"41";"18.";"0.3";"-2.6";"77.";"0.";"0.00";"0.00";"0.00"
"2017";"1";"2";"1";"17";"42";"24.";"0.8";"-3.2";"80.";"0.";"0.00";"0.00";"0.00"
"2017";"1";"2";"1";"18";"43";"19.";"1.0";"-3.9";"82.";"0.";"0.00";"0.00";"0.00"
"2017";"1";"2";"1";"19";"44";"360.";"1.1";"-4.8";"84.";"1.";"0.00";"0.00";"0.00"
"2017";"1";"2";"1";"20";"45";"37.";"1.1";"-5.3";"87.";"0.";"0.00";"0.00";"0.00"
"2017";"1";"2";"1";"21";"46";"76.";"0.8";"-5.8";"87.";"0.";"0.00";"0.00";"0.00"
"2017";"1";"2";"1";"22";"47";"94.";"0.9";"-6.0";"87.";"1.";"0.00";"0.00";"0.00"
"2017";"1";"2";"1";"23";"48";"111.";"1.2";"-6.1";"87.";"8.";"0.00";"0.00";"0.00"
"2017";"1";"3";"2";"0";"49";"127.";"2.0";"-5.6";"89.";"6.";"0.00";"0.00";"0.00"
"2017";"1";"3";"2";"1";"50";"143.";"2.2";"-5.3";"88.";"4.";"0.00";"0.00";"0.00"
"2017";"1";"3";"2";"2";"51";"179.";"1.7";"-4.8";"87.";"7.";"0.00";"0.00";"0.00"
"2017";"1";"3";"2";"3";"52";"211.";"1.5";"-3.7";"85.";"8.";"0.00";"0.00";"0.00"
"2017";"1";"3";"2";"4";"53";"263.";"1.4";"-2.9";"83.";"8.";"0.00";"0.00";"0.00"
"2017";"1";"3";"2";"5";"54";"275.";"1.3";"-2.9";"85.";"6.";"0.00";"0.00";"0.00"
"2017";"1";"3";"2";"6";"55";"260.";"1.3";"-2.9";"85.";"8.";"0.00";"0.00";"0.00"
"2017";"1";"3";"2";"7";"56";"230.";"1.4";"-2.7";"88.";"6.";"0.00";"0.00";"0.00"
"2017";"1";"3";"2";"8";"57";"233.";"2.0";"-1.3";"89.";"7.";"0.00";"0.00";"0.00"
"2017";"1";"3";"2";"9";"58";"238.";"2.4";"-0.2";"90.";"7.";"10.36";"26.76";"8.73"
"2017";"1";"3";"2";"10";"59";"230.";"2.7";"1.9";"91.";"7.";"36.50";"48.67";"30.41"
"2017";"1";"3";"2";"11";"60";"226.";"3.8";"3.4";"93.";"8.";"37.79";"0.00";"37.79"
"2017";"1";"3";"2";"12";"61";"215.";"4.8";"4.1";"94.";"8.";"35.32";"0.00";"35.32"
"2017";"1";"3";"2";"13";"62";"211.";"5.6";"4.3";"96.";"8.";"13.16";"0.00";"13.16"
"2017";"1";"3";"2";"14";"63";"250.";"5.8";"5.3";"96.";"8.";"3.31";"0.00";"3.31"
"2017";"1";"3";"2";"15";"64";"279.";"7.5";"5.8";"93.";"8.";"0.00";"0.00";"0.00"
"2017";"1";"3";"2";"16";"65";"283.";"9.8";"6.3";"89.";"8.";"0.00";"0.00";"0.00"
"2017";"1";"3";"2";"17";"66";"286.";"8.8";"6.3";"81.";"6.";"0.00";"0.00";"0.00"
"2017";"1";"3";"2";"18";"67";"303.";"9.1";"5.3";"61.";"5.";"0.00";"0.00";"0.00"
"2017";"1";"3";"2";"19";"68";"306.";"9.7";"5.0";"60.";"5.";"0.00";"0.00";"0.00"
"2017";"1";"3";"2";"20";"69";"310.";"9.2";"4.5";"62.";"2.";"0.00";"0.00";"0.00"
"2017";"1";"3";"2";"21";"70";"305.";"8.8";"4.1";"59.";"2.";"0.00";"0.00";"0.00"
"2017";"1";"3";"2";"22";"71";"309.";"7.8";"4.0";"60.";"1.";"0.00";"0.00";"0.00"
"2017";"1";"3";"2";"23";"72";"305.";"6.8";"3.9";"61.";"2.";"0.00";"0.00";"0.00"
"2017";"1";"4";"3";"0";"73";"297.";"6.4";"3.9";"62.";"5.";"0.00";"0.00";"0.00"
"2017";"1";"4";"3";"1";"74";"299.";"6.4";"3.7";"69.";"7.";"0.00";"0.00";"0.00"
"2017";"1";"4";"3";"2";"75";"297.";"3.8";"3.2";"70.";"2.";"0.00";"0.00";"0.00"
"2017";"1";"4";"3";"3";"76";"337.";"5.0";"2.8";"60.";"3.";"0.00";"0.00";"0.00"
"2017";"1";"4";"3";"4";"77";"347.";"4.5";"1.6";"60.";"2.";"0.00";"0.00";"0.00"
"2017";"1";"4";"3";"5";"78";"356.";"5.4";"-0";"66.";"4.";"0.00";"0.00";"0.00"
"2017";"1";"4";"3";"6";"79";"6.";"5.6";"-0.5";"71.";"8.";"0.00";"0.00";"0.00"
"2017";"1";"4";"3";"7";"80";"3.";"5.7";"-0.5";"78.";"6.";"0.00";"0.00";"0.00"
"2017";"1";"4";"3";"8";"81";"10.";"5.7";"-0.7";"86.";"7.";"0.00";"0.00";"0.00"
"2017";"1";"4";"3";"9";"82";"17.";"5.5";"-0.5";"85.";"8.";"10.59";"0.00";"10.59"
"2017";"1";"4";"3";"10";"83";"16.";"5.7";"0.0";"79.";"6.";"49.89";"114.05";"35.46"
"2017";"1";"4";"3";"11";"84";"15.";"4.1";"0.0";"76.";"8.";"48.21";"0.00";"48.21"
"2017";"1";"4";"3";"12";"85";"10.";"3.3";"-0.5";"84.";"8.";"22.77";"0.00";"22.77"
"2017";"1";"4";"3";"13";"86";"9.";"4.3";"-1.0";"85.";"8.";"15.26";"0.00";"15.26"
"2017";"1";"4";"3";"14";"87";"14.";"4.6";"-1.3";"84.";"8.";"5.15";"0.00";"5.15"
"2017";"1";"4";"3";"15";"88";"21.";"5.3";"-1.3";"78.";"8.";"0.00";"0.00";"0.00"
"2017";"1";"4";"3";"16";"89";"34.";"5.3";"-1.6";"71.";"8.";"0.00";"0.00";"0.00"
"2017";"1";"4";"3";"17";"90";"40.";"5.2";"-2.4";"72.";"4.";"0.00";"0.00";"0.00"
"2017";"1";"4";"3";"18";"91";"35.";"5.2";"-3.1";"68.";"1.";"0.00";"0.00";"0.00"
"2017";"1";"4";"3";"19";"92";"40.";"4.8";"-3.6";"71.";"2.";"0.00";"0.00";"0.00"
"2017";"1";"4";"3";"20";"93";"48.";"5.8";"-4.2";"67.";"3.";"0.00";"0.00";"0.00"
"2017";"1";"4";"3";"21";"94";"43.";"6.0";"-4.9";"68.";"2.";"0.00";"0.00";"0.00"
"2017";"1";"4";"3";"22";"95";"42.";"3.8";"-5.4";"69.";"3.";"0.00";"0.00";"0.00"
"2017";"1";"4";"3";"23";"96";"42.";"4.7";"-5.7";"68.";"1.";"0.00";"0.00";"0.00"
"2017";"1";"5";"4";"0";"97";"38.";"4.0";"-6.2";"67.";"0.";"0.00";"0.00";"0.00"
"2017";"1";"5";"4";"1";"98";"34.";"3.7";"-6.6";"70.";"1.";"0.00";"0.00";"0.00"
"2017";"1";"5";"4";"2";"99";"30.";"3.5";"-6.8";"70.";"1.";"0.00";"0.00";"0.00"
"2017";"1";"5";"4";"3";"100";"29.";"3.6";"-7.0";"74.";"3.";"0.00";"0.00";"0.00"
"2017";"1";"5";"4";"4";"101";"39.";"4.0";"-7.3";"69.";"2.";"0.00";"0.00";"0.00"
"2017";"1";"5";"4";"5";"102";"36.";"3.6";"-7.9";"67.";"1.";"0.00";"0.00";"0.00"
"2017";"1";"5";"4";"6";"103";"37.";"3.2";"-8.6";"68.";"1.";"0.00";"0.00";"0.00"
"2017";"1";"5";"4";"7";"104";"31.";"2.9";"-9.1";"70.";"0.";"0.00";"0.00";"0.00"
"2017";"1";"5";"4";"8";"105";"30.";"2.5";"-9.6";"73.";"0.";"0.00";"0.00";"0.00"
"2017";"1";"5";"4";"9";"106";"35.";"2.3";"-9.1";"74.";"2.";"35.69";"268.22";"18.59"
"2017";"1";"5";"4";"10";"107";"33.";"2.3";"-8.0";"72.";"2.";"101.34";"440.02";"44.97"
"2017";"1";"5";"4";"11";"108";"33.";"2.7";"-7.1";"71.";"3.";"125.12";"415.44";"58.06"
"2017";"1";"5";"4";"12";"109";"21.";"2.6";"-6.7";"69.";"3.";"117.43";"410.39";"51.19"
"2017";"1";"5";"4";"13";"110";"22.";"2.8";"-6.8";"67.";"1.";"109.65";"512.45";"44.00"
"2017";"1";"5";"4";"14";"111";"17.";"2.4";"-7.3";"70.";"0.";"41.92";"353.79";"19.36"
"2017";"1";"5";"4";"15";"112";"16.";"2.3";"-8.6";"73.";"1.";"0.00";"0.00";"0.00"
"2017";"1";"5";"4";"16";"113";"17.";"2.1";"-9.6";"78.";"1.";"0.00";"0.00";"0.00"
"2017";"1";"5";"4";"17";"114";"30.";"1.6";"-10.2";"80.";"1.";"0.00";"0.00";"0.00"
"2017";"1";"5";"4";"18";"115";"45.";"1.2";"-10.9";"81.";"3.";"0.00";"0.00";"0.00"
"2017";"1";"5";"4";"19";"116";"73.";"0.9";"-11.1";"82.";"4.";"0.00";"0.00";"0.00"
"2017";"1";"5";"4";"20";"117";"104.";"0.4";"-11.3";"83.";"6.";"0.00";"0.00";"0.00"
"2017";"1";"5";"4";"21";"118";"99.";"1.2";"-11.5";"86.";"8.";"0.00";"0.00";"0.00"
"2017";"1";"5";"4";"22";"119";"94.";"0.8";"-11.6";"87.";"8.";"0.00";"0.00";"0.00"
"2017";"1";"5";"4";"23";"120";"102.";"1.4";"-11.7";"86.";"8.";"0.00";"0.00";"0.00"
"2017";"1";"6";"5";"0";"121";"127.";"1.1";"-11.9";"86.";"6.";"0.00";"0.00";"0.00"
"2017";"1";"6";"5";"1";"122";"133.";"1.8";"-11.6";"85.";"2.";"0.00";"0.00";"0.00"
"2017";"1";"6";"5";"2";"123";"152.";"2.1";"-11.3";"85.";"1.";"0.00";"0.00";"0.00"
"2017";"1";"6";"5";"3";"124";"141.";"3.0";"-10.7";"84.";"5.";"0.00";"0.00";"0.00"
"2017";"1";"6";"5";"4";"125";"157.";"3.0";"-9.6";"82.";"4.";"0.00";"0.00";"0.00"
"2017";"1";"6";"5";"5";"126";"172.";"2.8";"-8.9";"81.";"7.";"0.00";"0.00";"0.00"
"2017";"1";"6";"5";"6";"127";"182.";"2.7";"-8.2";"81.";"3.";"0.00";"0.00";"0.00"
"2017";"1";"6";"5";"7";"128";"195.";"2.7";"-7.3";"80.";"5.";"0.00";"0.00";"0.00"
"2017";"1";"6";"5";"8";"129";"202.";"3.0";"-6.0";"75.";"7.";"0.00";"0.00";"0.00"
"2017";"1";"6";"5";"9";"130";"211.";"3.3";"-5.2";"72.";"6.";"22.58";"85.65";"16.98"
"2017";"1";"6";"5";"10";"131";"213.";"4.0";"-4.0";"69.";"6.";"70.49";"143.98";"51.81"
"2017";"1";"6";"5";"11";"132";"219.";"4.9";"-2.5";"65.";"3.";"131.24";"407.54";"64.77"
"2017";"1";"6";"5";"12";"133";"217.";"5.8";"-1.8";"63.";"3.";"121.51";"405.75";"55.33"
"2017";"1";"6";"5";"13";"134";"210.";"6.5";"-2.0";"63.";"7.";"45.17";"68.54";"36.28"
"2017";"1";"6";"5";"14";"135";"206.";"6.5";"-2.2";"63.";"7.";"22.15";"41.20";"19.45"
"2017";"1";"6";"5";"15";"136";"208.";"6.4";"-2.0";"63.";"8.";"0.00";"0.00";"0.00"
"2017";"1";"6";"5";"16";"137";"209.";"6.7";"-1.7";"64.";"8.";"0.00";"0.00";"0.00"
"2017";"1";"6";"5";"17";"138";"206.";"7.1";"-1.6";"67.";"7.";"0.00";"0.00";"0.00"
"2017";"1";"6";"5";"18";"139";"202.";"7.6";"-1.5";"69.";"8.";"0.00";"0.00";"0.00"
"2017";"1";"6";"5";"19";"140";"204.";"7.7";"-1.5";"74.";"8.";"0.00";"0.00";"0.00"
"2017";"1";"6";"5";"20";"141";"201.";"8.1";"-1.5";"78.";"8.";"0.00";"0.00";"0.00"
"2017";"1";"6";"5";"21";"142";"204.";"8.5";"-1.3";"79.";"8.";"0.00";"0.00";"0.00"
"2017";"1";"6";"5";"22";"143";"203.";"8.5";"-1.1";"78.";"8.";"0.00";"0.00";"0.00"
"2017";"1";"6";"5";"23";"144";"207.";"8.6";"-1.0";"77.";"8.";"0.00";"0.00";"0.00"
"2017";"1";"7";"6";"0";"145";"205.";"8.5";"-1.4";"88.";"8.";"0.00";"0.00";"0.00"
"2017";"1";"7";"6";"1";"146";"204.";"8.5";"-1.2";"94.";"8.";"0.00";"0.00";"0.00"
"2017";"1";"7";"6";"2";"147";"204.";"8.5";"-0.9";"96.";"8.";"0.00";"0.00";"0.00"
"2017";"1";"7";"6";"3";"148";"204.";"8.8";"-0.5";"96.";"8.";"0.00";"0.00";"0.00"
"2017";"1";"7";"6";"4";"149";"204.";"8.5";"0.1";"97.";"8.";"0.00";"0.00";"0.00"
"2017";"1";"7";"6";"5";"150";"204.";"7.5";"0.4";"98.";"8.";"0.00";"0.00";"0.00"
"2017";"1";"7";"6";"6";"151";"214.";"5.6";"0.8";"97.";"8.";"0.00";"0.00";"0.00"
"2017";"1";"7";"6";"7";"152";"221.";"3.9";"1.2";"97.";"8.";"0.00";"0.00";"0.00"
"2017";"1";"7";"6";"8";"153";"226.";"2.3";"1.5";"97.";"8.";"0.00";"0.00";"0.00"
"2017";"1";"7";"6";"9";"154";"181.";"0.8";"1.7";"97.";"8.";"8.64";"0.00";"8.64"
"2017";"1";"7";"6";"10";"155";"92.";"1.7";"1.8";"97.";"8.";"31.73";"0.00";"31.73"
"2017";"1";"7";"6";"11";"156";"66.";"2.4";"1.5";"98.";"8.";"40.51";"0.00";"40.51"
"2017";"1";"7";"6";"12";"157";"54.";"2.4";"1.4";"98.";"8.";"40.56";"0.00";"40.56"
"2017";"1";"7";"6";"13";"158";"37.";"2.5";"1.3";"97.";"8.";"30.79";"0.00";"30.79"
"2017";"1";"7";"6";"14";"159";"41.";"2.8";"1.4";"96.";"8.";"8.85";"0.00";"8.85"
"2017";"1";"7";"6";"15";"160";"55.";"3.6";"1.3";"97.";"8.";"0.00";"0.00";"0.00"
"2017";"1";"7";"6";"16";"161";"55.";"3.9";"1.0";"96.";"8.";"0.00";"0.00";"0.00"
"2017";"1";"7";"6";"17";"162";"56.";"3.0";"0.8";"95.";"8.";"0.00";"0.00";"0.00"
"2017";"1";"7";"6";"18";"163";"52.";"2.3";"0.6";"94.";"7.";"0.00";"0.00";"0.00"
"2017";"1";"7";"6";"19";"164";"37.";"2.2";"0.1";"94.";"7.";"0.00";"0.00";"0.00"
"2017";"1";"7";"6";"20";"165";"29.";"2.2";"-0.4";"95.";"7.";"0.00";"0.00";"0.00"
"2017";"1";"7";"6";"21";"166";"22.";"1.5";"-0.5";"96.";"8.";"0.00";"0.00";"0.00"
"2017";"1";"7";"6";"22";"167";"49.";"2.1";"-1.1";"96.";"7.";"0.00";"0.00";"0.00"
"2017";"1";"7";"6";"23";"168";"59.";"2.6";"-1.1";"96.";"8.";"0.00";"0.00";"0.00"
"2017";"1";"8";"7";"0";"169";"41.";"1.4";"-1.4";"96.";"5.";"0.00";"0.00";"0.00"
"2017";"1";"8";"7";"1";"170";"27.";"1.3";"-1.7";"96.";"7.";"0.00";"0.00";"0.00"
"2017";"1";"8";"7";"2";"171";"45.";"1.1";"-1.8";"97.";"7.";"0.00";"0.00";"0.00"
"2017";"1";"8";"7";"3";"172";"105.";"1.5";"-2.1";"98.";"8.";"0.00";"0.00";"0.00"
"2017";"1";"8";"7";"4";"173";"113.";"0.7";"-2.2";"97.";"8.";"0.00";"0.00";"0.00"
"2017";"1";"8";"7";"5";"174";"113.";"0.7";"-2.2";"97.";"6.";"0.00";"0.00";"0.00"
"2017";"1";"8";"7";"6";"175";"111.";"1.1";"-2.4";"97.";"8.";"0.00";"0.00";"0.00"
"2017";"1";"8";"7";"7";"176";"144.";"1.0";"-2.3";"97.";"8.";"0.00";"0.00";"0.00"
"2017";"1";"8";"7";"8";"177";"149.";"1.4";"-1.9";"97.";"8.";"0.00";"0.00";"0.00"
"2017";"1";"8";"7";"9";"178";"147.";"2.2";"-1.3";"97.";"8.";"11.85";"0.00";"11.85"
"2017";"1";"8";"7";"10";"179";"179.";"2.4";"-0.5";"96.";"8.";"39.16";"0.00";"39.16"
"2017";"1";"8";"7";"11";"180";"210.";"2.7";"0.3";"93.";"8.";"53.62";"0.00";"53.62"
"2017";"1";"8";"7";"12";"181";"226.";"4.1";"1.1";"93.";"8.";"52.27";"0.00";"52.27"
"2017";"1";"8";"7";"13";"182";"220.";"4.2";"1.2";"94.";"8.";"39.12";"0.00";"39.12"
"2017";"1";"8";"7";"14";"183";"223.";"4.4";"1.1";"94.";"6.";"16.80";"39.72";"14.06"
"2017";"1";"8";"7";"15";"184";"224.";"4.5";"1.1";"94.";"8.";"0.00";"0.00";"0.00"
"2017";"1";"8";"7";"16";"185";"231.";"5.1";"1.3";"95.";"8.";"0.00";"0.00";"0.00"
"2017";"1";"8";"7";"17";"186";"227.";"4.8";"2.0";"95.";"8.";"0.00";"0.00";"0.00"
"2017";"1";"8";"7";"18";"187";"235.";"4.8";"2.3";"96.";"8.";"0.00";"0.00";"0.00"
"2017";"1";"8";"7";"19";"188";"233.";"4.5";"2.7";"96.";"6.";"0.00";"0.00";"0.00"
"2017";"1";"8";"7";"20";"189";"232.";"4.1";"3.0";"96.";"7.";"0.00";"0.00";"0.00"
"2017";"1";"8";"7";"21";"190";"231.";"3.8";"3.2";"97.";"7.";"0.00";"0.00";"0.00"
"2017";"1";"8";"7";"22";"191";"234.";"3.9";"3.1";"97.";"8.";"0.00";"0.00";"0.00"
"2017";"1";"8";"7";"23";"192";"239.";"3.8";"3.2";"98.";"8.";"0.00";"0.00";"0.00"
"2017";"1";"9";"1";"0";"193";"247.";"3.8";"3.2";"98.";"7.";"0.00";"0.00";"0.00"
"2017";"1";"9";"1";"1";"194";"245.";"3.6";"3.6";"98.";"8.";"0.00";"0.00";"0.00"
"2017";"1";"9";"1";"2";"195";"236.";"3.5";"3.6";"98.";"7.";"0.00";"0.00";"0.00"
"2017";"1";"9";"1";"3";"196";"229.";"3.8";"3.7";"98.";"8.";"0.00";"0.00";"0.00"
"2017";"1";"9";"1";"4";"197";"236.";"3.7";"3.9";"98.";"8.";"0.00";"0.00";"0.00"
"2017";"1";"9";"1";"5";"198";"246.";"3.3";"3.9";"98.";"6.";"0.00";"0.00";"0.00"
"2017";"1";"9";"1";"6";"199";"239.";"3.5";"4.0";"98.";"6.";"0.00";"0.00";"0.00"
"2017";"1";"9";"1";"7";"200";"225.";"3.5";"4.2";"98.";"7.";"0.00";"0.00";"0.00"
"2017";"1";"9";"1";"8";"201";"225.";"3.6";"4.2";"98.";"8.";"0.00";"0.00";"0.00"
"2017";"1";"9";"1";"9";"202";"221.";"3.4";"4.3";"98.";"8.";"7.42";"0.00";"7.42"
"2017";"1";"9";"1";"10";"203";"225.";"4.1";"4.6";"98.";"7.";"42.33";"26.25";"38.77"
"2017";"1";"9";"1";"11";"204";"225.";"4.6";"4.8";"97.";"8.";"49.67";"0.00";"49.67"
"2017";"1";"9";"1";"12";"205";"222.";"4.2";"4.6";"97.";"8.";"52.02";"0.00";"52.02"
"2017";"1";"9";"1";"13";"206";"217.";"4.3";"4.5";"97.";"8.";"34.31";"0.00";"34.31"
"2017";"1";"9";"1";"14";"207";"213.";"4.8";"4.4";"96.";"8.";"8.86";"0.00";"8.86"
"2017";"1";"9";"1";"15";"208";"202.";"5.3";"4.4";"97.";"8.";"0.00";"0.00";"0.00"
"2017";"1";"9";"1";"16";"209";"201.";"5.6";"4.2";"97.";"8.";"0.00";"0.00";"0.00"
"2017";"1";"9";"1";"17";"210";"198.";"5.8";"4.0";"97.";"8.";"0.00";"0.00";"0.00"
"2017";"1";"9";"1";"18";"211";"194.";"6.2";"3.7";"96.";"8.";"0.00";"0.00";"0.00"
"2017";"1";"9";"1";"19";"212";"197.";"6.5";"3.7";"94.";"7.";"0.00";"0.00";"0.00"
"2017";"1";"9";"1";"20";"213";"190.";"6.7";"3.5";"93.";"8.";"0.00";"0.00";"0.00"
"2017";"1";"9";"1";"21";"214";"184.";"8.0";"3.0";"91.";"8.";"0.00";"0.00";"0.00"
"2017";"1";"9";"1";"22";"215";"177.";"8.0";"2.6";"88.";"8.";"0.00";"0.00";"0.00"
"2017";"1";"9";"1";"23";"216";"172.";"8.0";"2.0";"87.";"8.";"0.00";"0.00";"0.00"
"2017";"1";"10";"2";"0";"217";"166.";"7.4";"2.2";"88.";"8.";"0.00";"0.00";"0.00"
"2017";"1";"10";"2";"1";"218";"169.";"7.3";"2.2";"90.";"8.";"0.00";"0.00";"0.00"
"2017";"1";"10";"2";"2";"219";"166.";"7.6";"1.9";"90.";"8.";"0.00";"0.00";"0.00"
"2017";"1";"10";"2";"3";"220";"165.";"7.8";"1.7";"89.";"8.";"0.00";"0.00";"0.00"
"2017";"1";"10";"2";"4";"221";"159.";"7.9";"1.6";"90.";"8.";"0.00";"0.00";"0.00"
"2017";"1";"10";"2";"5";"222";"159.";"8.1";"1.4";"91.";"8.";"0.00";"0.00";"0.00"
"2017";"1";"10";"2";"6";"223";"162.";"8.1";"1.2";"92.";"8.";"0.00";"0.00";"0.00"
"2017";"1";"10";"2";"7";"224";"162.";"8.1";"1.2";"92.";"8.";"0.00";"0.00";"0.00"
"2017";"1";"10";"2";"8";"225";"162.";"7.9";"1.3";"93.";"7.";"0.00";"0.00";"0.00"
"2017";"1";"10";"2";"9";"226";"159.";"7.9";"1.3";"93.";"7.";"12.21";"16.45";"11.01"
"2017";"1";"10";"2";"10";"227";"163.";"8.1";"1.5";"92.";"8.";"29.39";"0.00";"29.39"
"2017";"1";"10";"2";"11";"228";"165.";"8.2";"1.7";"93.";"8.";"37.73";"0.00";"37.73"
"2017";"1";"10";"2";"12";"229";"166.";"8.2";"1.9";"93.";"8.";"41.14";"0.00";"41.14"
"2017";"1";"10";"2";"13";"230";"167.";"8.5";"2.1";"92.";"8.";"28.21";"0.00";"28.21"
"2017";"1";"10";"2";"14";"231";"173.";"8.2";"1.9";"92.";"8.";"9.07";"0.00";"9.07"
"2017";"1";"10";"2";"15";"232";"176.";"8.2";"1.7";"93.";"8.";"0.00";"0.00";"0.00"
"2017";"1";"10";"2";"16";"233";"178.";"8.0";"1.8";"95.";"8.";"0.00";"0.00";"0.00"
"2017";"1";"10";"2";"17";"234";"179.";"8.1";"1.8";"95.";"8.";"0.00";"0.00";"0.00"
"2017";"1";"10";"2";"18";"235";"183.";"7.8";"2.1";"95.";"8.";"0.00";"0.00";"0.00"
"2017";"1";"10";"2";"19";"236";"184.";"7.6";"2.5";"95.";"8.";"0.00";"0.00";"0.00"
"2017";"1";"10";"2";"20";"237";"189.";"7.5";"2.7";"95.";"8.";"0.00";"0.00";"0.00"
"2017";"1";"10";"2";"21";"238";"186.";"8.2";"2.9";"94.";"8.";"0.00";"0.00";"0.00"
"2017";"1";"10";"2";"22";"239";"188.";"8.5";"3.0";"94.";"8.";"0.00";"0.00";"0.00"
"2017";"1";"10";"2";"23";"240";"190.";"8.9";"3.1";"94.";"8.";"0.00";"0.00";"0.00"
"2017";"1";"11";"3";"0";"241";"190.";"9.5";"3.1";"93.";"8.";"0.00";"0.00";"0.00"
"2017";"1";"11";"3";"1";"242";"192.";"9.5";"2.9";"94.";"8.";"0.00";"0.00";"0.00"
"2017";"1";"11";"3";"2";"243";"188.";"9.5";"3.1";"95.";"8.";"0.00";"0.00";"0.00"
"2017";"1";"11";"3";"3";"244";"186.";"9.7";"3.0";"96.";"8.";"0.00";"0.00";"0.00"
"2017";"1";"11";"3";"4";"245";"186.";"10.0";"3.1";"96.";"8.";"0.00";"0.00";"0.00"
"2017";"1";"11";"3";"5";"246";"189.";"10.4";"3.1";"95.";"8.";"0.00";"0.00";"0.00"
"2017";"1";"11";"3";"6";"247";"180.";"11.2";"3.1";"94.";"8.";"0.00";"0.00";"0.00"
"2017";"1";"11";"3";"7";"248";"177.";"12.2";"3.1";"93.";"8.";"0.00";"0.00";"0.00"
"2017";"1";"11";"3";"8";"249";"175.";"13.1";"2.3";"94.";"8.";"0.00";"0.00";"0.00"
"2017";"1";"11";"3";"9";"250";"171.";"14.0";"1.4";"96.";"8.";"4.97";"0.00";"4.97"
"2017";"1";"11";"3";"10";"251";"178.";"13.9";"1.3";"97.";"8.";"15.85";"0.00";"15.85"
"2017";"1";"11";"3";"11";"252";"190.";"14.5";"2.3";"96.";"8.";"21.98";"0.00";"21.98"
"2017";"1";"11";"3";"12";"253";"189.";"12.0";"2.9";"96.";"8.";"22.80";"0.00";"22.80"
"2017";"1";"11";"3";"13";"254";"198.";"8.3";"3.5";"95.";"8.";"19.58";"0.00";"19.58"
"2017";"1";"11";"3";"14";"255";"204.";"8.7";"4.6";"94.";"8.";"9.27";"0.00";"9.27"
"2017";"1";"11";"3";"15";"256";"214.";"9.8";"4.8";"93.";"8.";"0.00";"0.00";"0.00"
"2017";"1";"11";"3";"16";"257";"225.";"9.4";"5.2";"90.";"8.";"0.00";"0.00";"0.00"
"2017";"1";"11";"3";"17";"258";"243.";"9.0";"5.8";"83.";"8.";"0.00";"0.00";"0.00"
"2017";"1";"11";"3";"18";"259";"256.";"8.9";"5.9";"78.";"8.";"0.00";"0.00";"0.00"
"2017";"1";"11";"3";"19";"260";"267.";"9.5";"5.8";"77.";"8.";"0.00";"0.00";"0.00"
"2017";"1";"11";"3";"20";"261";"273.";"9.4";"5.7";"76.";"8.";"0.00";"0.00";"0.00"
"2017";"1";"11";"3";"21";"262";"276.";"10.2";"5.6";"76.";"8.";"0.00";"0.00";"0.00"
"2017";"1";"11";"3";"22";"263";"274.";"9.7";"5.6";"72.";"7.";"0.00";"0.00";"0.00"
"2017";"1";"11";"3";"23";"264";"275.";"9.2";"5.4";"72.";"7.";"0.00";"0.00";"0.00"
"2017";"1";"12";"4";"0";"265";"279.";"9.2";"5.1";"72.";"7.";"0.00";"0.00";"0.00"
"2017";"1";"12";"4";"1";"266";"276.";"8.3";"5.1";"72.";"8.";"0.00";"0.00";"0.00"
"2017";"1";"12";"4";"2";"267";"281.";"8.9";"4.7";"65.";"5.";"0.00";"0.00";"0.00"
"2017";"1";"12";"4";"3";"268";"265.";"8.6";"4.9";"68.";"7.";"0.00";"0.00";"0.00"
"2017";"1";"12";"4";"4";"269";"263.";"8.4";"4.3";"76.";"8.";"0.00";"0.00";"0.00"
"2017";"1";"12";"4";"5";"270";"263.";"9.8";"4.3";"74.";"8.";"0.00";"0.00";"0.00"
"2017";"1";"12";"4";"6";"271";"260.";"9.0";"4.2";"77.";"6.";"0.00";"0.00";"0.00"
"2017";"1";"12";"4";"7";"272";"252.";"7.7";"4.1";"77.";"7.";"0.00";"0.00";"0.00"
"2017";"1";"12";"4";"8";"273";"259.";"8.3";"4.0";"78.";"6.";"0.00";"0.00";"0.00"
"2017";"1";"12";"4";"9";"274";"255.";"8.1";"3.4";"83.";"7.";"14.75";"27.23";"12.65"
"2017";"1";"12";"4";"10";"275";"253.";"8.1";"3.5";"87.";"8.";"21.01";"0.00";"21.01"
"2017";"1";"12";"4";"11";"276";"260.";"8.0";"4.1";"85.";"8.";"27.12";"0.00";"27.12"
"2017";"1";"12";"4";"12";"277";"258.";"8.4";"4.8";"83.";"8.";"47.81";"0.00";"47.81"
"2017";"1";"12";"4";"13";"278";"269.";"8.3";"5.4";"77.";"7.";"41.63";"42.33";"35.61"
"2017";"1";"12";"4";"14";"279";"268.";"8.2";"5.1";"76.";"5.";"20.75";"73.73";"15.04"
"2017";"1";"12";"4";"15";"280";"264.";"7.5";"4.8";"75.";"8.";"0.00";"0.00";"0.00"
"2017";"1";"12";"4";"16";"281";"258.";"7.5";"4.6";"75.";"7.";"0.00";"0.00";"0.00"
"2017";"1";"12";"4";"17";"282";"250.";"7.4";"4.4";"79.";"7.";"0.00";"0.00";"0.00"
"2017";"1";"12";"4";"18";"283";"242.";"7.6";"3.7";"81.";"6.";"0.00";"0.00";"0.00"
"2017";"1";"12";"4";"19";"284";"242.";"6.7";"3.2";"87.";"5.";"0.00";"0.00";"0.00"
"2017";"1";"12";"4";"20";"285";"244.";"6.4";"3.4";"84.";"6.";"0.00";"0.00";"0.00"
"2017";"1";"12";"4";"21";"286";"245.";"6.1";"3.0";"85.";"8.";"0.00";"0.00";"0.00"
"2017";"1";"12";"4";"22";"287";"241.";"6.1";"2.6";"85.";"7.";"0.00";"0.00";"0.00"
"2017";"1";"12";"4";"23";"288";"241.";"4.7";"2.6";"84.";"5.";"0.00";"0.00";"0.00"
"2017";"1";"13";"5";"0";"289";"238.";"4.4";"2.2";"85.";"3.";"0.00";"0.00";"0.00"
"2017";"1";"13";"5";"1";"290";"234.";"4.0";"2.2";"84.";"2.";"0.00";"0.00";"0.00"
"2017";"1";"13";"5";"2";"291";"232.";"4.4";"2.1";"85.";"6.";"0.00";"0.00";"0.00"
"2017";"1";"13";"5";"3";"292";"234.";"3.8";"2.0";"87.";"4.";"0.00";"0.00";"0.00"
"2017";"1";"13";"5";"4";"293";"229.";"3.6";"1.9";"87.";"6.";"0.00";"0.00";"0.00"
"2017";"1";"13";"5";"5";"294";"233.";"3.1";"1.7";"89.";"6.";"0.00";"0.00";"0.00"
"2017";"1";"13";"5";"6";"295";"236.";"2.9";"1.4";"90.";"0.";"0.00";"0.00";"0.00"
"2017";"1";"13";"5";"7";"296";"227.";"1.8";"1.2";"92.";"3.";"0.00";"0.00";"0.00"
"2017";"1";"13";"5";"8";"297";"240.";"2.1";"0.8";"92.";"3.";"0.00";"0.00";"0.00"
"2017";"1";"13";"5";"9";"298";"243.";"2.0";"0.9";"93.";"3.";"31.43";"162.01";"18.51"
"2017";"1";"13";"5";"10";"299";"241.";"1.6";"1.9";"91.";"3.";"90.62";"294.77";"48.01"
"2017";"1";"13";"5";"11";"300";"231.";"1.7";"3.0";"85.";"1.";"146.80";"510.24";"55.93"
"2017";"1";"13";"5";"12";"301";"256.";"1.6";"3.5";"84.";"6.";"83.58";"145.64";"57.64"
"2017";"1";"13";"5";"13";"302";"210.";"1.4";"3.3";"84.";"7.";"46.90";"64.24";"37.62"
"2017";"1";"13";"5";"14";"303";"191.";"1.3";"2.4";"87.";"5.";"24.24";"102.98";"16.03"
"2017";"1";"13";"5";"15";"304";"184.";"2.1";"1.8";"88.";"5.";"0.00";"0.00";"0.00"
"2017";"1";"13";"5";"16";"305";"179.";"2.5";"1.1";"91.";"7.";"0.00";"0.00";"0.00"
"2017";"1";"13";"5";"17";"306";"172.";"2.8";"0.5";"93.";"6.";"0.00";"0.00";"0.00"
"2017";"1";"13";"5";"18";"307";"173.";"3.0";"0.6";"94.";"6.";"0.00";"0.00";"0.00"
"2017";"1";"13";"5";"19";"308";"177.";"3.4";"0.7";"94.";"8.";"0.00";"0.00";"0.00"
"2017";"1";"13";"5";"20";"309";"191.";"2.9";"0.7";"94.";"7.";"0.00";"0.00";"0.00"
"2017";"1";"13";"5";"21";"310";"200.";"3.2";"0.1";"95.";"5.";"0.00";"0.00";"0.00"
"2017";"1";"13";"5";"22";"311";"202.";"3.5";"0.2";"95.";"4.";"0.00";"0.00";"0.00"
"2017";"1";"13";"5";"23";"312";"197.";"3.6";"-0";"95.";"5.";"0.00";"0.00";"0.00"
"2017";"1";"14";"6";"0";"313";"203.";"3.2";"0.3";"94.";"8.";"0.00";"0.00";"0.00"
"2017";"1";"14";"6";"1";"314";"217.";"3.6";"0.5";"92.";"6.";"0.00";"0.00";"0.00"
"2017";"1";"14";"6";"2";"315";"221.";"3.2";"0.3";"94.";"4.";"0.00";"0.00";"0.00"
"2017";"1";"14";"6";"3";"316";"212.";"2.9";"0.4";"94.";"5.";"0.00";"0.00";"0.00"
"2017";"1";"14";"6";"4";"317";"205.";"2.7";"0.9";"94.";"6.";"0.00";"0.00";"0.00"
"2017";"1";"14";"6";"5";"318";"192.";"2.5";"0.9";"95.";"7.";"0.00";"0.00";"0.00"
"2017";"1";"14";"6";"6";"319";"200.";"1.5";"1.1";"94.";"8.";"0.00";"0.00";"0.00"
"2017";"1";"14";"6";"7";"320";"170.";"1.2";"1.1";"92.";"7.";"0.00";"0.00";"0.00"
"2017";"1";"14";"6";"8";"321";"140.";"1.8";"0.8";"93.";"5.";"0.00";"0.00";"0.00"
"2017";"1";"14";"6";"9";"322";"147.";"2.6";"0.7";"94.";"5.";"26.55";"83.72";"19.66"
"2017";"1";"14";"6";"10";"323";"149.";"2.7";"1.6";"94.";"5.";"71.13";"152.69";"48.67"
"2017";"1";"14";"6";"11";"324";"137.";"2.7";"2.1";"92.";"7.";"62.11";"62.13";"50.88"
"2017";"1";"14";"6";"12";"325";"121.";"2.1";"2.0";"92.";"7.";"62.06";"61.63";"50.92"
"2017";"1";"14";"6";"13";"326";"93.";"1.4";"1.7";"93.";"8.";"33.44";"0.00";"33.44"
"2017";"1";"14";"6";"14";"327";"43.";"1.9";"1.2";"94.";"8.";"13.09";"0.00";"13.09"
"2017";"1";"14";"6";"15";"328";"37.";"2.7";"0.3";"94.";"8.";"0.00";"0.00";"0.00"
"2017";"1";"14";"6";"16";"329";"22.";"3.3";"-0.3";"93.";"8.";"0.00";"0.00";"0.00"
"2017";"1";"14";"6";"17";"330";"29.";"3.8";"-0.9";"90.";"7.";"0.00";"0.00";"0.00"
"2017";"1";"14";"6";"18";"331";"26.";"3.8";"-1.1";"88.";"8.";"0.00";"0.00";"0.00"
"2017";"1";"14";"6";"19";"332";"17.";"3.7";"-1.0";"88.";"8.";"0.00";"0.00";"0.00"
"2017";"1";"14";"6";"20";"333";"21.";"3.7";"-1.2";"87.";"7.";"0.00";"0.00";"0.00"
"2017";"1";"14";"6";"21";"334";"13.";"3.5";"-1.2";"88.";"7.";"0.00";"0.00";"0.00"
"2017";"1";"14";"6";"22";"335";"12.";"3.6";"-1.1";"86.";"8.";"0.00";"0.00";"0.00"
"2017";"1";"14";"6";"23";"336";"6.";"3.5";"-1.1";"86.";"8.";"0.00";"0.00";"0.00"
"2017";"1";"15";"7";"0";"337";"3.";"3.8";"-1.2";"88.";"8.";"0.00";"0.00";"0.00"
"2017";"1";"15";"7";"1";"338";"5.";"3.6";"-0.7";"88.";"7.";"0.00";"0.00";"0.00"
"2017";"1";"15";"7";"2";"339";"2.";"3.1";"-1.7";"87.";"5.";"0.00";"0.00";"0.00"
"2017";"1";"15";"7";"3";"340";"2.";"2.9";"-2.3";"87.";"6.";"0.00";"0.00";"0.00"
"2017";"1";"15";"7";"4";"341";"354.";"3.0";"-3.3";"87.";"2.";"0.00";"0.00";"0.00"
"2017";"1";"15";"7";"5";"342";"358.";"2.8";"-4.1";"86.";"0.";"0.00";"0.00";"0.00"
"2017";"1";"15";"7";"6";"343";"6.";"2.9";"-4.8";"86.";"1.";"0.00";"0.00";"0.00"
"2017";"1";"15";"7";"7";"344";"6.";"2.6";"-5.3";"86.";"1.";"0.00";"0.00";"0.00"
"2017";"1";"15";"7";"8";"345";"3.";"2.6";"-5.4";"85.";"0.";"0.00";"0.00";"0.00"
"2017";"1";"15";"7";"9";"346";"3.";"2.8";"-4.5";"83.";"0.";"59.02";"408.64";"24.37"
"2017";"1";"15";"7";"10";"347";"6.";"3.1";"-3.4";"78.";"1.";"129.69";"537.72";"49.16"
"2017";"1";"15";"7";"11";"348";"14.";"2.8";"-2.1";"72.";"0.";"170.32";"636.42";"53.62"
"2017";"1";"15";"7";"12";"349";"6.";"3.0";"-1.2";"68.";"1.";"158.89";"574.23";"53.60"
"2017";"1";"15";"7";"13";"350";"1.";"2.9";"-1.2";"66.";"0.";"132.00";"594.39";"42.99"
"2017";"1";"15";"7";"14";"351";"5.";"2.4";"-1.5";"68.";"0.";"56.68";"377.28";"24.68"
"2017";"1";"15";"7";"15";"352";"349.";"2.4";"-2.5";"72.";"0.";"0.00";"0.00";"0.00"
"2017";"1";"15";"7";"16";"353";"355.";"2.2";"-3.6";"77.";"0.";"0.00";"0.00";"0.00"
"2017";"1";"15";"7";"17";"354";"354.";"2.2";"-4.4";"80.";"0.";"0.00";"0.00";"0.00"
"2017";"1";"15";"7";"18";"355";"348.";"2.2";"-5.2";"82.";"1.";"0.00";"0.00";"0.00"
"2017";"1";"15";"7";"19";"356";"352.";"2.1";"-5.7";"84.";"1.";"0.00";"0.00";"0.00"
"2017";"1";"15";"7";"20";"357";"355.";"1.9";"-5.7";"85.";"0.";"0.00";"0.00";"0.00"
"2017";"1";"15";"7";"21";"358";"6.";"1.8";"-6.5";"86.";"1.";"0.00";"0.00";"0.00"
"2017";"1";"15";"7";"22";"359";"10.";"1.8";"-6.8";"86.";"0.";"0.00";"0.00";"0.00"
"2017";"1";"15";"7";"23";"360";"1.";"1.7";"-6.8";"87.";"0.";"0.00";"0.00";"0.00"
"2017";"1";"16";"1";"0";"361";"1.";"1.7";"-7.1";"88.";"0.";"0.00";"0.00";"0.00"
"2017";"1";"16";"1";"1";"362";"1.";"1.8";"-7.7";"86.";"0.";"0.00";"0.00";"0.00"
"2017";"1";"16";"1";"2";"363";"359.";"1.6";"-7.8";"86.";"0.";"0.00";"0.00";"0.00"
"2017";"1";"16";"1";"3";"364";"355.";"1.4";"-7.6";"86.";"0.";"0.00";"0.00";"0.00"
"2017";"1";"16";"1";"4";"365";"326.";"1.3";"-7.7";"85.";"0.";"0.00";"0.00";"0.00"
"2017";"1";"16";"1";"5";"366";"338.";"0.9";"-7.4";"85.";"0.";"0.00";"0.00";"0.00"
"2017";"1";"16";"1";"6";"367";"322.";"1.2";"-7.4";"84.";"0.";"0.00";"0.00";"0.00"
"2017";"1";"16";"1";"7";"368";"352.";"0.9";"-7.0";"84.";"0.";"0.00";"0.00";"0.00"
"2017";"1";"16";"1";"8";"369";"358.";"1.3";"-7.1";"83.";"1.";"0.00";"0.00";"0.00"
"2017";"1";"16";"1";"9";"370";"345.";"1.9";"-5.5";"82.";"3.";"47.04";"242.59";"25.81"
"2017";"1";"16";"1";"10";"371";"2.";"2.0";"-4.2";"78.";"3.";"104.55";"365.73";"48.77"
"2017";"1";"16";"1";"11";"372";"1.";"2.9";"-2.9";"73.";"4.";"125.42";"312.06";"67.32"
"2017";"1";"16";"1";"12";"373";"12.";"3.2";"-1.3";"70.";"2.";"144.17";"424.60";"65.13"
"2017";"1";"16";"1";"13";"374";"12.";"3.0";"-1.0";"71.";"0.";"132.07";"552.73";"47.77"
"2017";"1";"16";"1";"14";"375";"16.";"2.8";"-1.4";"74.";"0.";"58.02";"377.27";"25.01"
"2017";"1";"16";"1";"15";"376";"14.";"2.3";"-2.3";"77.";"2.";"0.00";"0.00";"0.00"
"2017";"1";"16";"1";"16";"377";"13.";"1.9";"-3.2";"81.";"4.";"0.00";"0.00";"0.00"
"2017";"1";"16";"1";"17";"378";"34.";"1.3";"-3.6";"85.";"5.";"0.00";"0.00";"0.00"
"2017";"1";"16";"1";"18";"379";"359.";"1.2";"-2.7";"85.";"7.";"0.00";"0.00";"0.00"
"2017";"1";"16";"1";"19";"380";"16.";"1.2";"-2.4";"85.";"8.";"0.00";"0.00";"0.00"
"2017";"1";"16";"1";"20";"381";"12.";"1.0";"-2.3";"85.";"7.";"0.00";"0.00";"0.00"
"2017";"1";"16";"1";"21";"382";"351.";"0.9";"-2.2";"86.";"5.";"0.00";"0.00";"0.00"
"2017";"1";"16";"1";"22";"383";"45.";"0.6";"-2.7";"88.";"5.";"0.00";"0.00";"0.00"
"2017";"1";"16";"1";"23";"384";"108.";"0.9";"-3.6";"89.";"4.";"0.00";"0.00";"0.00"
"2017";"1";"17";"2";"0";"385";"111.";"0.5";"-4.7";"90.";"5.";"0.00";"0.00";"0.00"
"2017";"1";"17";"2";"1";"386";"104.";"1.9";"-5.1";"90.";"6.";"0.00";"0.00";"0.00"
"2017";"1";"17";"2";"2";"387";"120.";"0.8";"-5.1";"91.";"7.";"0.00";"0.00";"0.00"
"2017";"1";"17";"2";"3";"388";"140.";"1.6";"-5.4";"90.";"6.";"0.00";"0.00";"0.00"
"2017";"1";"17";"2";"4";"389";"164.";"1.9";"-4.6";"90.";"7.";"0.00";"0.00";"0.00"
"2017";"1";"17";"2";"5";"390";"178.";"2.3";"-3.4";"89.";"8.";"0.00";"0.00";"0.00"
"2017";"1";"17";"2";"6";"391";"202.";"2.5";"-2.9";"88.";"8.";"0.00";"0.00";"0.00"
"2017";"1";"17";"2";"7";"392";"208.";"2.3";"-2.1";"86.";"8.";"0.00";"0.00";"0.00"
"2017";"1";"17";"2";"8";"393";"203.";"2.7";"-1.2";"85.";"8.";"0.00";"0.00";"0.00"
"2017";"1";"17";"2";"9";"394";"202.";"3.2";"-0.5";"85.";"8.";"20.24";"0.00";"20.24"
"2017";"1";"17";"2";"10";"395";"208.";"3.9";"0.3";"85.";"8.";"46.30";"0.00";"46.30"
"2017";"1";"17";"2";"11";"396";"212.";"4.6";"0.7";"87.";"8.";"47.23";"0.00";"47.23"
"2017";"1";"17";"2";"12";"397";"209.";"4.6";"1.1";"89.";"8.";"56.41";"0.00";"56.41"
"2017";"1";"17";"2";"13";"398";"217.";"4.6";"1.5";"88.";"8.";"38.40";"0.00";"38.40"
"2017";"1";"17";"2";"14";"399";"213.";"4.2";"1.8";"88.";"8.";"18.00";"0.00";"18.00"
"2017";"1";"17";"2";"15";"400";"215.";"4.1";"1.9";"91.";"8.";"0.00";"0.00";"0.00"
"2017";"1";"17";"2";"16";"401";"217.";"4.1";"1.8";"93.";"8.";"0.00";"0.00";"0.00"
"2017";"1";"17";"2";"17";"402";"222.";"4.2";"2.1";"95.";"8.";"0.00";"0.00";"0.00"
"2017";"1";"17";"2";"18";"403";"233.";"4.3";"2.1";"95.";"8.";"0.00";"0.00";"0.00"
"2017";"1";"17";"2";"19";"404";"234.";"4.3";"2.3";"95.";"8.";"0.00";"0.00";"0.00"
"2017";"1";"17";"2";"20";"405";"238.";"4.3";"2.5";"95.";"8.";"0.00";"0.00";"0.00"
"2017";"1";"17";"2";"21";"406";"241.";"5.1";"2.7";"95.";"8.";"0.00";"0.00";"0.00"
"2017";"1";"17";"2";"22";"407";"243.";"4.9";"2.9";"95.";"8.";"0.00";"0.00";"0.00"
"2017";"1";"17";"2";"23";"408";"244.";"4.7";"3.0";"96.";"8.";"0.00";"0.00";"0.00"
"2017";"1";"18";"3";"0";"409";"248.";"4.8";"3.3";"96.";"8.";"0.00";"0.00";"0.00"
"2017";"1";"18";"3";"1";"410";"247.";"4.7";"3.3";"96.";"8.";"0.00";"0.00";"0.00"
"2017";"1";"18";"3";"2";"411";"244.";"4.4";"3.3";"97.";"8.";"0.00";"0.00";"0.00"
"2017";"1";"18";"3";"3";"412";"242.";"4.2";"3.4";"97.";"8.";"0.00";"0.00";"0.00"
"2017";"1";"18";"3";"4";"413";"240.";"3.4";"3.4";"98.";"8.";"0.00";"0.00";"0.00"
"2017";"1";"18";"3";"5";"414";"247.";"3.0";"3.5";"98.";"7.";"0.00";"0.00";"0.00"
"2017";"1";"18";"3";"6";"415";"265.";"2.4";"3.7";"98.";"7.";"0.00";"0.00";"0.00"
"2017";"1";"18";"3";"7";"416";"271.";"2.2";"4.0";"98.";"7.";"0.00";"0.00";"0.00"
"2017";"1";"18";"3";"8";"417";"263.";"2.1";"4.2";"97.";"7.";"0.00";"0.00";"0.00"
"2017";"1";"18";"3";"9";"418";"240.";"2.6";"4.2";"98.";"7.";"14.69";"4.79";"14.24"
"2017";"1";"18";"3";"10";"419";"227.";"2.2";"4.3";"98.";"8.";"30.66";"0.00";"30.66"
"2017";"1";"18";"3";"11";"420";"230.";"3.1";"4.1";"98.";"8.";"37.74";"0.00";"37.74"
"2017";"1";"18";"3";"12";"421";"223.";"2.9";"4.0";"98.";"8.";"35.32";"0.00";"35.32"
"2017";"1";"18";"3";"13";"422";"226.";"3.2";"4.1";"98.";"7.";"34.42";"7.25";"33.27"
"2017";"1";"18";"3";"14";"423";"227.";"3.1";"4.5";"98.";"8.";"10.54";"0.00";"10.54"
"2017";"1";"18";"3";"15";"424";"232.";"3.5";"4.8";"98.";"8.";"0.00";"0.00";"0.00"
"2017";"1";"18";"3";"16";"425";"250.";"4.6";"4.9";"98.";"8.";"0.00";"0.00";"0.00"
"2017";"1";"18";"3";"17";"426";"258.";"4.8";"5.1";"98.";"8.";"0.00";"0.00";"0.00"
"2017";"1";"18";"3";"18";"427";"261.";"5.2";"5.3";"98.";"8.";"0.00";"0.00";"0.00"
"2017";"1";"18";"3";"19";"428";"253.";"5.1";"5.3";"98.";"8.";"0.00";"0.00";"0.00"
"2017";"1";"18";"3";"20";"429";"251.";"5.6";"5.4";"97.";"8.";"0.00";"0.00";"0.00"
"2017";"1";"18";"3";"21";"430";"257.";"5.3";"5.3";"97.";"8.";"0.00";"0.00";"0.00"
"2017";"1";"18";"3";"22";"431";"263.";"5.1";"5.4";"96.";"7.";"0.00";"0.00";"0.00"
"2017";"1";"18";"3";"23";"432";"264.";"3.8";"5.4";"96.";"8.";"0.00";"0.00";"0.00"
"2017";"1";"19";"4";"0";"433";"260.";"3.8";"5.4";"96.";"6.";"0.00";"0.00";"0.00"
"2017";"1";"19";"4";"1";"434";"257.";"4.2";"5.4";"96.";"6.";"0.00";"0.00";"0.00"
"2017";"1";"19";"4";"2";"435";"270.";"4.2";"5.6";"95.";"5.";"0.00";"0.00";"0.00"
"2017";"1";"19";"4";"3";"436";"278.";"4.6";"5.6";"95.";"7.";"0.00";"0.00";"0.00"
"2017";"1";"19";"4";"4";"437";"277.";"4.2";"5.6";"95.";"6.";"0.00";"0.00";"0.00"
"2017";"1";"19";"4";"5";"438";"278.";"3.7";"5.7";"95.";"6.";"0.00";"0.00";"0.00"
"2017";"1";"19";"4";"6";"439";"279.";"4.1";"5.9";"95.";"5.";"0.00";"0.00";"0.00"
"2017";"1";"19";"4";"7";"440";"277.";"3.5";"5.9";"95.";"6.";"0.00";"0.00";"0.00"
"2017";"1";"19";"4";"8";"441";"269.";"3.0";"5.8";"96.";"6.";"0.00";"0.00";"0.00"
"2017";"1";"19";"4";"9";"442";"266.";"4.3";"5.7";"96.";"8.";"14.65";"0.00";"14.65"
"2017";"1";"19";"4";"10";"443";"276.";"4.1";"5.9";"95.";"8.";"39.50";"0.00";"39.50"
"2017";"1";"19";"4";"11";"444";"278.";"4.8";"6.4";"94.";"8.";"54.22";"0.00";"54.22"
"2017";"1";"19";"4";"12";"445";"279.";"4.6";"7.0";"91.";"5.";"93.25";"162.60";"61.51"
"2017";"1";"19";"4";"13";"446";"278.";"6.5";"7.3";"90.";"6.";"59.84";"98.76";"43.89"
"2017";"1";"19";"4";"14";"447";"280.";"6.7";"7.3";"90.";"7.";"18.05";"27.17";"15.43"
"2017";"1";"19";"4";"15";"448";"282.";"5.5";"6.9";"91.";"8.";"0.00";"0.00";"0.00"
"2017";"1";"19";"4";"16";"449";"283.";"5.3";"6.7";"92.";"8.";"0.00";"0.00";"0.00"
"2017";"1";"19";"4";"17";"450";"294.";"4.1";"6.4";"91.";"8.";"0.00";"0.00";"0.00"
"2017";"1";"19";"4";"18";"451";"289.";"4.1";"6.3";"92.";"7.";"0.00";"0.00";"0.00"
"2017";"1";"19";"4";"19";"452";"274.";"4.4";"6.1";"93.";"8.";"0.00";"0.00";"0.00"
"2017";"1";"19";"4";"20";"453";"276.";"5.3";"5.7";"95.";"7.";"0.00";"0.00";"0.00"
"2017";"1";"19";"4";"21";"454";"276.";"4.9";"5.5";"95.";"7.";"0.00";"0.00";"0.00"
"2017";"1";"19";"4";"22";"455";"281.";"4.9";"5.5";"95.";"7.";"0.00";"0.00";"0.00"
"2017";"1";"19";"4";"23";"456";"284.";"4.2";"5.6";"95.";"5.";"0.00";"0.00";"0.00"
"2017";"1";"20";"5";"0";"457";"285.";"3.0";"5.3";"95.";"5.";"0.00";"0.00";"0.00"
"2017";"1";"20";"5";"1";"458";"286.";"3.2";"5.0";"95.";"4.";"0.00";"0.00";"0.00"
"2017";"1";"20";"5";"2";"459";"288.";"3.2";"4.9";"95.";"4.";"0.00";"0.00";"0.00"
"2017";"1";"20";"5";"3";"460";"290.";"3.7";"4.8";"95.";"4.";"0.00";"0.00";"0.00"
"2017";"1";"20";"5";"4";"461";"286.";"3.5";"4.9";"95.";"3.";"0.00";"0.00";"0.00"
"2017";"1";"20";"5";"5";"462";"280.";"4.0";"4.9";"94.";"3.";"0.00";"0.00";"0.00"
"2017";"1";"20";"5";"6";"463";"276.";"4.4";"5.0";"94.";"7.";"0.00";"0.00";"0.00"
"2017";"1";"20";"5";"7";"464";"277.";"3.6";"5.4";"93.";"4.";"0.00";"0.00";"0.00"
"2017";"1";"20";"5";"8";"465";"276.";"4.3";"5.5";"93.";"3.";"0.00";"0.00";"0.00"
"2017";"1";"20";"5";"9";"466";"283.";"4.9";"6.0";"92.";"5.";"29.27";"82.30";"21.10"
"2017";"1";"20";"5";"10";"467";"283.";"5.1";"6.9";"87.";"4.";"89.84";"211.67";"55.00"
"2017";"1";"20";"5";"11";"468";"284.";"5.0";"7.1";"85.";"3.";"130.88";"293.13";"72.71"
"2017";"1";"20";"5";"12";"469";"285.";"5.3";"7.4";"83.";"1.";"149.12";"387.54";"72.23"
"2017";"1";"20";"5";"13";"470";"291.";"4.7";"7.5";"81.";"0.";"122.92";"391.48";"58.48"
"2017";"1";"20";"5";"14";"471";"291.";"4.4";"6.9";"82.";"0.";"51.13";"245.28";"26.77"
"2017";"1";"20";"5";"15";"472";"289.";"3.9";"6.2";"85.";"2.";"0.00";"0.00";"0.00"
"2017";"1";"20";"5";"16";"473";"293.";"3.7";"5.4";"88.";"3.";"0.00";"0.00";"0.00"
"2017";"1";"20";"5";"17";"474";"299.";"3.0";"4.4";"90.";"1.";"0.00";"0.00";"0.00"
"2017";"1";"20";"5";"18";"475";"306.";"2.7";"4.3";"91.";"2.";"0.00";"0.00";"0.00"
"2017";"1";"20";"5";"19";"476";"297.";"2.2";"4.2";"92.";"2.";"0.00";"0.00";"0.00"
"2017";"1";"20";"5";"20";"477";"295.";"2.3";"3.5";"92.";"0.";"0.00";"0.00";"0.00"
"2017";"1";"20";"5";"21";"478";"294.";"1.5";"2.0";"94.";"2.";"0.00";"0.00";"0.00"
"2017";"1";"20";"5";"22";"479";"350.";"0.6";"1.7";"95.";"1.";"0.00";"0.00";"0.00"
"2017";"1";"20";"5";"23";"480";"284.";"0.9";"0.8";"95.";"7.";"0.00";"0.00";"0.00"
"2017";"1";"21";"6";"0";"481";"256.";"0.6";"0.2";"96.";"8.";"0.00";"0.00";"0.00"
"2017";"1";"21";"6";"1";"482";"282.";"1.2";"0.2";"96.";"3.";"0.00";"0.00";"0.00"
"2017";"1";"21";"6";"2";"483";"297.";"0.8";"-0.1";"97.";"1.";"0.00";"0.00";"0.00"
"2017";"1";"21";"6";"3";"484";"276.";"0.9";"-0.3";"97.";"4.";"0.00";"0.00";"0.00"
"2017";"1";"21";"6";"4";"485";"293.";"0.7";"-0.2";"97.";"1.";"0.00";"0.00";"0.00"
"2017";"1";"21";"6";"5";"486";"153.";"0.4";"-0.1";"97.";"4.";"0.00";"0.00";"0.00"
"2017";"1";"21";"6";"6";"487";"148.";"1.5";"-0.6";"97.";"1.";"0.00";"0.00";"0.00"
"2017";"1";"21";"6";"7";"488";"147.";"1.7";"-0.6";"97.";"2.";"0.00";"0.00";"0.00"
"2017";"1";"21";"6";"8";"489";"141.";"1.8";"-0.2";"97.";"4.";"0.00";"0.00";"0.00"
"2017";"1";"21";"6";"9";"490";"140.";"2.7";"0.1";"98.";"7.";"17.92";"5.37";"17.37"
"2017";"1";"21";"6";"10";"491";"146.";"2.3";"0.8";"98.";"8.";"30.52";"0.00";"30.52"
"2017";"1";"21";"6";"11";"492";"153.";"2.3";"1.2";"98.";"8.";"36.90";"0.00";"36.90"
"2017";"1";"21";"6";"12";"493";"163.";"2.0";"1.4";"98.";"8.";"37.65";"0.00";"37.65"
"2017";"1";"21";"6";"13";"494";"165.";"2.3";"1.3";"98.";"7.";"37.30";"7.88";"35.97"
"2017";"1";"21";"6";"14";"495";"154.";"2.1";"1.3";"98.";"7.";"16.32";"5.19";"15.79"
"2017";"1";"21";"6";"15";"496";"165.";"2.0";"1.2";"97.";"6.";"0.00";"0.00";"0.00"
"2017";"1";"21";"6";"16";"497";"158.";"2.6";"0.9";"98.";"7.";"0.00";"0.00";"0.00"
"2017";"1";"21";"6";"17";"498";"161.";"2.8";"0.7";"98.";"8.";"0.00";"0.00";"0.00"
"2017";"1";"21";"6";"18";"499";"170.";"2.6";"0.5";"98.";"8.";"0.00";"0.00";"0.00"
"2017";"1";"21";"6";"19";"500";"177.";"2.3";"0.6";"98.";"7.";"0.00";"0.00";"0.00"
"2017";"1";"21";"6";"20";"501";"164.";"2.1";"0.6";"98.";"8.";"0.00";"0.00";"0.00"
"2017";"1";"21";"6";"21";"502";"158.";"1.8";"0.9";"98.";"8.";"0.00";"0.00";"0.00"
"2017";"1";"21";"6";"22";"503";"165.";"1.9";"1.2";"98.";"8.";"0.00";"0.00";"0.00"
"2017";"1";"21";"6";"23";"504";"163.";"1.8";"1.4";"98.";"7.";"0.00";"0.00";"0.00"
"2017";"1";"22";"7";"0";"505";"159.";"1.8";"1.6";"98.";"8.";"0.00";"0.00";"0.00"
"2017";"1";"22";"7";"1";"506";"153.";"2.4";"1.4";"98.";"6.";"0.00";"0.00";"0.00"
"2017";"1";"22";"7";"2";"507";"161.";"2.8";"1.5";"97.";"6.";"0.00";"0.00";"0.00"
"2017";"1";"22";"7";"3";"508";"164.";"2.5";"1.5";"98.";"7.";"0.00";"0.00";"0.00"
"2017";"1";"22";"7";"4";"509";"160.";"2.7";"1.6";"97.";"6.";"0.00";"0.00";"0.00"
"2017";"1";"22";"7";"5";"510";"184.";"2.5";"1.8";"97.";"6.";"0.00";"0.00";"0.00"
"2017";"1";"22";"7";"6";"511";"196.";"2.0";"2.3";"97.";"8.";"0.00";"0.00";"0.00"
"2017";"1";"22";"7";"7";"512";"209.";"2.1";"2.7";"97.";"8.";"0.00";"0.00";"0.00"
"2017";"1";"22";"7";"8";"513";"212.";"2.3";"3.1";"97.";"7.";"0.00";"0.00";"0.00"
"2017";"1";"22";"7";"9";"514";"223.";"2.9";"3.6";"97.";"8.";"17.74";"0.00";"17.74"
"2017";"1";"22";"7";"10";"515";"225.";"3.1";"3.8";"97.";"8.";"40.60";"0.00";"40.60"
"2017";"1";"22";"7";"11";"516";"237.";"3.6";"3.8";"96.";"8.";"54.05";"0.00";"54.05"
"2017";"1";"22";"7";"12";"517";"246.";"3.8";"3.8";"93.";"8.";"55.99";"0.00";"55.99"
"2017";"1";"22";"7";"13";"518";"243.";"3.4";"3.7";"94.";"8.";"42.90";"0.00";"42.90"
"2017";"1";"22";"7";"14";"519";"233.";"3.7";"3.3";"94.";"8.";"18.77";"0.00";"18.77"
"2017";"1";"22";"7";"15";"520";"227.";"3.8";"3.1";"94.";"7.";"0.00";"0.00";"0.00"
"2017";"1";"22";"7";"16";"521";"228.";"4.0";"3.0";"95.";"8.";"0.00";"0.00";"0.00"
"2017";"1";"22";"7";"17";"522";"232.";"4.1";"2.9";"95.";"6.";"0.00";"0.00";"0.00"
"2017";"1";"22";"7";"18";"523";"234.";"3.9";"2.9";"94.";"7.";"0.00";"0.00";"0.00"
"2017";"1";"22";"7";"19";"524";"234.";"4.0";"3.0";"94.";"6.";"0.00";"0.00";"0.00"
"2017";"1";"22";"7";"20";"525";"233.";"4.0";"3.2";"92.";"6.";"0.00";"0.00";"0.00"
"2017";"1";"22";"7";"21";"526";"229.";"4.3";"3.0";"91.";"7.";"0.00";"0.00";"0.00"
"2017";"1";"22";"7";"22";"527";"231.";"3.9";"3.0";"92.";"7.";"0.00";"0.00";"0.00"
"2017";"1";"22";"7";"23";"528";"239.";"4.9";"3.0";"93.";"7.";"0.00";"0.00";"0.00"
"2017";"1";"23";"1";"0";"529";"245.";"5.1";"3.0";"94.";"7.";"0.00";"0.00";"0.00"
"2017";"1";"23";"1";"1";"530";"245.";"4.6";"3.0";"94.";"7.";"0.00";"0.00";"0.00"
"2017";"1";"23";"1";"2";"531";"248.";"4.7";"2.9";"94.";"8.";"0.00";"0.00";"0.00"
"2017";"1";"23";"1";"3";"532";"243.";"4.6";"2.9";"92.";"8.";"0.00";"0.00";"0.00"
"2017";"1";"23";"1";"4";"533";"246.";"4.6";"3.2";"89.";"8.";"0.00";"0.00";"0.00"
"2017";"1";"23";"1";"5";"534";"241.";"4.3";"3.3";"86.";"7.";"0.00";"0.00";"0.00"
"2017";"1";"23";"1";"6";"535";"242.";"4.2";"3.3";"86.";"7.";"0.00";"0.00";"0.00"
"2017";"1";"23";"1";"7";"536";"243.";"4.2";"3.1";"87.";"8.";"0.00";"0.00";"0.00"
"2017";"1";"23";"1";"8";"537";"243.";"4.1";"3.2";"87.";"4.";"0.00";"0.00";"0.00"
"2017";"1";"23";"1";"9";"538";"244.";"4.0";"3.3";"87.";"1.";"61.08";"238.19";"35.07"
"2017";"1";"23";"1";"10";"539";"245.";"4.2";"4.0";"86.";"0.";"133.19";"355.08";"71.14"
"2017";"1";"23";"1";"11";"540";"251.";"4.5";"4.2";"84.";"3.";"132.44";"240.15";"82.33"
"2017";"1";"23";"1";"12";"541";"256.";"4.6";"4.6";"84.";"1.";"157.06";"320.72";"90.12"
"2017";"1";"23";"1";"13";"542";"257.";"4.3";"4.4";"83.";"1.";"122.37";"293.30";"71.11"
"2017";"1";"23";"1";"14";"543";"258.";"3.9";"4.1";"84.";"0.";"62.72";"220.24";"38.68"
"2017";"1";"23";"1";"15";"544";"254.";"3.4";"3.5";"89.";"3.";"0.00";"0.00";"0.00"
"2017";"1";"23";"1";"16";"545";"246.";"2.8";"2.9";"91.";"2.";"0.00";"0.00";"0.00"
"2017";"1";"23";"1";"17";"546";"248.";"3.0";"2.8";"92.";"2.";"0.00";"0.00";"0.00"
"2017";"1";"23";"1";"18";"547";"254.";"2.8";"2.6";"93.";"7.";"0.00";"0.00";"0.00"
"2017";"1";"23";"1";"19";"548";"251.";"2.3";"2.2";"94.";"7.";"0.00";"0.00";"0.00"
"2017";"1";"23";"1";"20";"549";"249.";"2.3";"2.1";"95.";"8.";"0.00";"0.00";"0.00"
"2017";"1";"23";"1";"21";"550";"240.";"2.0";"1.9";"96.";"7.";"0.00";"0.00";"0.00"
"2017";"1";"23";"1";"22";"551";"231.";"1.8";"1.3";"96.";"7.";"0.00";"0.00";"0.00"
"2017";"1";"23";"1";"23";"552";"224.";"1.6";"0.8";"97.";"6.";"0.00";"0.00";"0.00"
"2017";"1";"24";"2";"0";"553";"218.";"1.4";"0.8";"97.";"0.";"0.00";"0.00";"0.00"
"2017";"1";"24";"2";"1";"554";"199.";"1.1";"1.3";"97.";"3.";"0.00";"0.00";"0.00"
"2017";"1";"24";"2";"2";"555";"166.";"0.8";"1.6";"97.";"4.";"0.00";"0.00";"0.00"
"2017";"1";"24";"2";"3";"556";"167.";"1.2";"1.8";"97.";"7.";"0.00";"0.00";"0.00"
"2017";"1";"24";"2";"4";"557";"161.";"1.3";"1.9";"98.";"7.";"0.00";"0.00";"0.00"
"2017";"1";"24";"2";"5";"558";"134.";"1.3";"1.9";"98.";"8.";"0.00";"0.00";"0.00"
"2017";"1";"24";"2";"6";"559";"116.";"1.6";"1.8";"98.";"8.";"0.00";"0.00";"0.00"
"2017";"1";"24";"2";"7";"560";"141.";"1.3";"1.8";"98.";"8.";"0.00";"0.00";"0.00"
"2017";"1";"24";"2";"8";"561";"148.";"1.4";"2.1";"98.";"7.";"0.00";"0.00";"0.00"
"2017";"1";"24";"2";"9";"562";"156.";"1.3";"2.5";"97.";"8.";"18.96";"0.00";"18.96"
"2017";"1";"24";"2";"10";"563";"150.";"1.1";"2.9";"97.";"8.";"42.08";"0.00";"42.08"
"2017";"1";"24";"2";"11";"564";"173.";"1.4";"3.1";"95.";"8.";"55.54";"0.00";"55.54"
"2017";"1";"24";"2";"12";"565";"187.";"1.5";"3.2";"95.";"8.";"56.82";"0.00";"56.82"
"2017";"1";"24";"2";"13";"566";"166.";"1.8";"3.2";"94.";"7.";"57.66";"51.31";"48.51"
"2017";"1";"24";"2";"14";"567";"173.";"1.7";"3.2";"92.";"7.";"29.26";"42.36";"24.49"
"2017";"1";"24";"2";"15";"568";"198.";"1.4";"3.3";"93.";"6.";"0.00";"0.00";"0.00"
"2017";"1";"24";"2";"16";"569";"281.";"1.6";"2.8";"95.";"6.";"0.00";"0.00";"0.00"
"2017";"1";"24";"2";"17";"570";"190.";"0.4";"1.9";"96.";"6.";"0.00";"0.00";"0.00"
"2017";"1";"24";"2";"18";"571";"217.";"1.2";"1.9";"95.";"7.";"0.00";"0.00";"0.00"
"2017";"1";"24";"2";"19";"572";"240.";"2.2";"2.2";"93.";"7.";"0.00";"0.00";"0.00"
"2017";"1";"24";"2";"20";"573";"226.";"3.0";"2.9";"95.";"7.";"0.00";"0.00";"0.00"
"2017";"1";"24";"2";"21";"574";"244.";"2.7";"3.7";"93.";"7.";"0.00";"0.00";"0.00"
"2017";"1";"24";"2";"22";"575";"238.";"3.0";"3.9";"94.";"8.";"0.00";"0.00";"0.00"
"2017";"1";"24";"2";"23";"576";"242.";"3.2";"4.0";"93.";"8.";"0.00";"0.00";"0.00"
"2017";"1";"25";"3";"0";"577";"242.";"3.8";"3.9";"93.";"8.";"0.00";"0.00";"0.00"
"2017";"1";"25";"3";"1";"578";"238.";"3.4";"3.9";"92.";"7.";"0.00";"0.00";"0.00"
"2017";"1";"25";"3";"2";"579";"234.";"3.4";"3.8";"93.";"8.";"0.00";"0.00";"0.00"
"2017";"1";"25";"3";"3";"580";"237.";"3.8";"3.9";"93.";"6.";"0.00";"0.00";"0.00"
"2017";"1";"25";"3";"4";"581";"242.";"4.0";"3.8";"94.";"6.";"0.00";"0.00";"0.00"
"2017";"1";"25";"3";"5";"582";"242.";"4.3";"3.6";"94.";"7.";"0.00";"0.00";"0.00"
"2017";"1";"25";"3";"6";"583";"245.";"4.0";"3.7";"95.";"8.";"0.00";"0.00";"0.00"
"2017";"1";"25";"3";"7";"584";"244.";"4.6";"4.0";"95.";"8.";"0.00";"0.00";"0.00"
"2017";"1";"25";"3";"8";"585";"235.";"4.3";"4.1";"94.";"7.";"0.00";"0.00";"0.00"
"2017";"1";"25";"3";"9";"586";"228.";"4.3";"4.2";"93.";"8.";"20.37";"0.00";"20.37"
"2017";"1";"25";"3";"10";"587";"242.";"5.0";"4.1";"93.";"8.";"42.31";"0.00";"42.31"
"2017";"1";"25";"3";"11";"588";"237.";"4.0";"4.0";"92.";"8.";"55.10";"0.00";"55.10"
"2017";"1";"25";"3";"12";"589";"231.";"4.4";"3.9";"91.";"8.";"55.94";"0.00";"55.94"
"2017";"1";"25";"3";"13";"590";"231.";"4.7";"3.8";"91.";"8.";"43.88";"0.00";"43.88"
"2017";"1";"25";"3";"14";"591";"227.";"4.8";"3.7";"91.";"8.";"21.62";"0.00";"21.62"
"2017";"1";"25";"3";"15";"592";"226.";"4.8";"3.4";"92.";"7.";"0.00";"0.00";"0.00"
"2017";"1";"25";"3";"16";"593";"221.";"4.8";"3.3";"92.";"8.";"0.00";"0.00";"0.00"
"2017";"1";"25";"3";"17";"594";"222.";"5.0";"3.3";"92.";"8.";"0.00";"0.00";"0.00"
"2017";"1";"25";"3";"18";"595";"225.";"5.0";"3.3";"92.";"8.";"0.00";"0.00";"0.00"
"2017";"1";"25";"3";"19";"596";"230.";"5.1";"3.6";"90.";"8.";"0.00";"0.00";"0.00"
"2017";"1";"25";"3";"20";"597";"230.";"5.2";"3.6";"88.";"8.";"0.00";"0.00";"0.00"
"2017";"1";"25";"3";"21";"598";"232.";"5.3";"3.5";"86.";"8.";"0.00";"0.00";"0.00"
"2017";"1";"25";"3";"22";"599";"227.";"4.7";"3.4";"86.";"7.";"0.00";"0.00";"0.00"
"2017";"1";"25";"3";"23";"600";"227.";"4.6";"3.0";"88.";"7.";"0.00";"0.00";"0.00"
"2017";"1";"26";"4";"0";"601";"226.";"4.4";"2.8";"87.";"8.";"0.00";"0.00";"0.00"
"2017";"1";"26";"4";"1";"602";"228.";"4.7";"2.5";"88.";"7.";"0.00";"0.00";"0.00"
"2017";"1";"26";"4";"2";"603";"228.";"4.6";"2.1";"88.";"8.";"0.00";"0.00";"0.00"
"2017";"1";"26";"4";"3";"604";"232.";"4.4";"1.9";"87.";"7.";"0.00";"0.00";"0.00"
"2017";"1";"26";"4";"4";"605";"233.";"4.5";"1.8";"87.";"8.";"0.00";"0.00";"0.00"
"2017";"1";"26";"4";"5";"606";"225.";"4.6";"1.8";"87.";"6.";"0.00";"0.00";"0.00"
"2017";"1";"26";"4";"6";"607";"229.";"4.6";"1.7";"87.";"8.";"0.00";"0.00";"0.00"
"2017";"1";"26";"4";"7";"608";"234.";"5.0";"1.8";"85.";"7.";"0.00";"0.00";"0.00"
"2017";"1";"26";"4";"8";"609";"227.";"4.6";"1.8";"84.";"8.";"0.00";"0.00";"0.00"
"2017";"1";"26";"4";"9";"610";"221.";"4.4";"1.8";"83.";"8.";"23.96";"0.00";"23.96"
"2017";"1";"26";"4";"10";"611";"223.";"4.2";"1.7";"82.";"8.";"45.89";"0.00";"45.89"
"2017";"1";"26";"4";"11";"612";"231.";"4.3";"1.4";"82.";"7.";"76.97";"48.80";"66.25"
"2017";"1";"26";"4";"12";"613";"239.";"4.4";"1.1";"82.";"7.";"78.20";"52.51";"66.65"
"2017";"1";"26";"4";"13";"614";"235.";"3.7";"1.3";"81.";"7.";"62.53";"49.60";"53.32"
"2017";"1";"26";"4";"14";"615";"236.";"3.6";"1.4";"81.";"7.";"33.25";"37.14";"28.80"
"2017";"1";"26";"4";"15";"616";"237.";"3.0";"1.3";"83.";"4.";"0.00";"0.00";"0.00"
"2017";"1";"26";"4";"16";"617";"229.";"2.6";"0.7";"85.";"7.";"0.00";"0.00";"0.00"
"2017";"1";"26";"4";"17";"618";"221.";"2.2";"0.4";"88.";"7.";"0.00";"0.00";"0.00"
"2017";"1";"26";"4";"18";"619";"202.";"1.9";"0.3";"90.";"6.";"0.00";"0.00";"0.00"
"2017";"1";"26";"4";"19";"620";"191.";"2.4";"0.3";"91.";"7.";"0.00";"0.00";"0.00"
"2017";"1";"26";"4";"20";"621";"196.";"2.9";"0.2";"91.";"7.";"0.00";"0.00";"0.00"
"2017";"1";"26";"4";"21";"622";"199.";"2.2";"0.1";"92.";"7.";"0.00";"0.00";"0.00"
"2017";"1";"26";"4";"22";"623";"194.";"2.5";"0.2";"92.";"8.";"0.00";"0.00";"0.00"
"2017";"1";"26";"4";"23";"624";"187.";"2.7";"0.1";"92.";"6.";"0.00";"0.00";"0.00"
"2017";"1";"27";"5";"0";"625";"172.";"2.8";"0.0";"94.";"8.";"0.00";"0.00";"0.00"
"2017";"1";"27";"5";"1";"626";"171.";"2.9";"-0.2";"95.";"7.";"0.00";"0.00";"0.00"
"2017";"1";"27";"5";"2";"627";"168.";"2.8";"-0.4";"95.";"8.";"0.00";"0.00";"0.00"
"2017";"1";"27";"5";"3";"628";"152.";"2.4";"-0.6";"96.";"8.";"0.00";"0.00";"0.00"
"2017";"1";"27";"5";"4";"629";"145.";"2.8";"-0.8";"96.";"8.";"0.00";"0.00";"0.00"
"2017";"1";"27";"5";"5";"630";"144.";"2.6";"-1.0";"96.";"7.";"0.00";"0.00";"0.00"
"2017";"1";"27";"5";"6";"631";"132.";"2.6";"-1.2";"96.";"8.";"0.00";"0.00";"0.00"
"2017";"1";"27";"5";"7";"632";"133.";"2.7";"-1.2";"95.";"7.";"0.00";"0.00";"0.00"
"2017";"1";"27";"5";"8";"633";"121.";"2.4";"-1.4";"95.";"7.";"0.00";"0.00";"0.00"
"2017";"1";"27";"5";"9";"634";"123.";"2.2";"-1.4";"96.";"8.";"24.92";"0.00";"24.92"
"2017";"1";"27";"5";"10";"635";"140.";"2.1";"-1.1";"95.";"8.";"47.41";"0.00";"47.41"
"2017";"1";"27";"5";"11";"636";"133.";"2.0";"-0.7";"93.";"8.";"59.63";"0.00";"59.63"
"2017";"1";"27";"5";"12";"637";"147.";"1.5";"0.5";"87.";"2.";"171.75";"380.06";"86.71"
"2017";"1";"27";"5";"13";"638";"123.";"2.1";"1.6";"82.";"1.";"153.38";"467.90";"64.66"
"2017";"1";"27";"5";"14";"639";"122.";"2.0";"2.2";"78.";"0.";"90.19";"419.08";"38.36"
"2017";"1";"27";"5";"15";"640";"120.";"1.4";"1.5";"80.";"0.";"0.00";"0.00";"0.00"
"2017";"1";"27";"5";"16";"641";"125.";"2.4";"0.1";"84.";"0.";"0.00";"0.00";"0.00"
"2017";"1";"27";"5";"17";"642";"122.";"3.7";"-0";"84.";"0.";"0.00";"0.00";"0.00"
"2017";"1";"27";"5";"18";"643";"141.";"3.9";"-0.5";"83.";"0.";"0.00";"0.00";"0.00"
"2017";"1";"27";"5";"19";"644";"148.";"4.3";"-0.1";"83.";"0.";"0.00";"0.00";"0.00"
"2017";"1";"27";"5";"20";"645";"156.";"3.6";"-0.3";"85.";"0.";"0.00";"0.00";"0.00"
"2017";"1";"27";"5";"21";"646";"167.";"3.3";"0.1";"87.";"5.";"0.00";"0.00";"0.00"
"2017";"1";"27";"5";"22";"647";"164.";"3.1";"0.1";"87.";"6.";"0.00";"0.00";"0.00"
"2017";"1";"27";"5";"23";"648";"154.";"3.1";"-0.4";"88.";"7.";"0.00";"0.00";"0.00"
"2017";"1";"28";"6";"0";"649";"146.";"2.9";"-0.6";"90.";"6.";"0.00";"0.00";"0.00"
"2017";"1";"28";"6";"1";"650";"157.";"2.1";"-0.5";"90.";"7.";"0.00";"0.00";"0.00"
"2017";"1";"28";"6";"2";"651";"141.";"2.1";"-0.3";"91.";"8.";"0.00";"0.00";"0.00"
"2017";"1";"28";"6";"3";"652";"136.";"2.6";"-0.1";"92.";"8.";"0.00";"0.00";"0.00"
"2017";"1";"28";"6";"4";"653";"132.";"3.0";"-0";"91.";"8.";"0.00";"0.00";"0.00"
"2017";"1";"28";"6";"5";"654";"135.";"2.8";"-0";"92.";"8.";"0.00";"0.00";"0.00"
"2017";"1";"28";"6";"6";"655";"137.";"2.5";"-0.3";"92.";"7.";"0.00";"0.00";"0.00"
"2017";"1";"28";"6";"7";"656";"136.";"2.8";"-0.8";"92.";"7.";"0.00";"0.00";"0.00"
"2017";"1";"28";"6";"8";"657";"135.";"3.0";"-1.2";"92.";"8.";"0.40";"0.00";"0.40"
"2017";"1";"28";"6";"9";"658";"127.";"3.3";"-1.1";"91.";"7.";"33.38";"21.36";"30.65"
"2017";"1";"28";"6";"10";"659";"130.";"3.3";"-0.8";"89.";"7.";"67.09";"31.59";"60.98"
"2017";"1";"28";"6";"11";"660";"135.";"2.8";"0.2";"85.";"5.";"116.99";"139.61";"85.19"
"2017";"1";"28";"6";"12";"661";"131.";"3.1";"1.2";"80.";"3.";"159.27";"256.08";"100.95"
"2017";"1";"28";"6";"13";"662";"131.";"2.7";"2.1";"76.";"1.";"152.86";"340.84";"86.88"
"2017";"1";"28";"6";"14";"663";"124.";"2.2";"2.4";"74.";"2.";"81.65";"236.68";"51.46"
"2017";"1";"28";"6";"15";"664";"113.";"2.4";"1.4";"78.";"8.";"0.33";"0.00";"0.33"
"2017";"1";"28";"6";"16";"665";"114.";"2.5";"0.5";"82.";"8.";"0.00";"0.00";"0.00"
"2017";"1";"28";"6";"17";"666";"115.";"2.8";"-0.2";"85.";"8.";"0.00";"0.00";"0.00"
"2017";"1";"28";"6";"18";"667";"120.";"3.1";"-0.8";"88.";"6.";"0.00";"0.00";"0.00"
"2017";"1";"28";"6";"19";"668";"121.";"2.9";"-1.1";"89.";"8.";"0.00";"0.00";"0.00"
"2017";"1";"28";"6";"20";"669";"121.";"3.3";"-1.4";"89.";"8.";"0.00";"0.00";"0.00"
"2017";"1";"28";"6";"21";"670";"129.";"2.7";"-1.7";"89.";"8.";"0.00";"0.00";"0.00"
"2017";"1";"28";"6";"22";"671";"131.";"3.1";"-2.1";"88.";"7.";"0.00";"0.00";"0.00"
"2017";"1";"28";"6";"23";"672";"126.";"3.2";"-2.0";"88.";"3.";"0.00";"0.00";"0.00"
"2017";"1";"29";"7";"0";"673";"138.";"3.2";"-2.4";"88.";"4.";"0.00";"0.00";"0.00"
"2017";"1";"29";"7";"1";"674";"134.";"3.9";"-2.3";"89.";"7.";"0.00";"0.00";"0.00"
"2017";"1";"29";"7";"2";"675";"134.";"4.3";"-1.7";"89.";"8.";"0.00";"0.00";"0.00"
"2017";"1";"29";"7";"3";"676";"134.";"3.3";"-1.3";"89.";"8.";"0.00";"0.00";"0.00"
"2017";"1";"29";"7";"4";"677";"137.";"4.0";"-0.9";"88.";"8.";"0.00";"0.00";"0.00"
"2017";"1";"29";"7";"5";"678";"150.";"3.9";"-0.3";"86.";"8.";"0.00";"0.00";"0.00"
"2017";"1";"29";"7";"6";"679";"153.";"3.4";"-0.2";"85.";"8.";"0.00";"0.00";"0.00"
"2017";"1";"29";"7";"7";"680";"168.";"4.0";"0.1";"83.";"8.";"0.00";"0.00";"0.00"
"2017";"1";"29";"7";"8";"681";"170.";"4.5";"0.3";"83.";"8.";"1.23";"0.00";"1.23"
"2017";"1";"29";"7";"9";"682";"168.";"4.8";"0.3";"88.";"8.";"25.99";"0.00";"25.99"
"2017";"1";"29";"7";"10";"683";"163.";"5.0";"0.6";"90.";"8.";"45.99";"0.00";"45.99"
"2017";"1";"29";"7";"11";"684";"164.";"5.1";"0.9";"93.";"8.";"53.80";"0.00";"53.80"
"2017";"1";"29";"7";"12";"685";"172.";"5.0";"1.4";"95.";"8.";"30.74";"0.00";"30.74"
"2017";"1";"29";"7";"13";"686";"195.";"5.0";"2.0";"96.";"8.";"38.63";"0.00";"38.63"
"2017";"1";"29";"7";"14";"687";"195.";"4.8";"2.6";"96.";"8.";"22.31";"0.00";"22.31"
"2017";"1";"29";"7";"15";"688";"186.";"4.3";"3.0";"96.";"7.";"0.00";"0.00";"0.00"
"2017";"1";"29";"7";"16";"689";"185.";"3.8";"3.0";"95.";"8.";"0.00";"0.00";"0.00"
"2017";"1";"29";"7";"17";"690";"190.";"4.8";"3.1";"95.";"8.";"0.00";"0.00";"0.00"
"2017";"1";"29";"7";"18";"691";"193.";"4.6";"2.9";"94.";"8.";"0.00";"0.00";"0.00"
"2017";"1";"29";"7";"19";"692";"191.";"3.9";"3.0";"95.";"8.";"0.00";"0.00";"0.00"
"2017";"1";"29";"7";"20";"693";"204.";"4.9";"3.0";"95.";"8.";"0.00";"0.00";"0.00"
"2017";"1";"29";"7";"21";"694";"207.";"4.5";"2.8";"94.";"8.";"0.00";"0.00";"0.00"
"2017";"1";"29";"7";"22";"695";"210.";"4.2";"2.6";"94.";"8.";"0.00";"0.00";"0.00"
"2017";"1";"29";"7";"23";"696";"209.";"4.2";"2.7";"95.";"8.";"0.00";"0.00";"0.00"
"2017";"1";"30";"1";"0";"697";"216.";"4.5";"3.0";"95.";"8.";"0.00";"0.00";"0.00"
"2017";"1";"30";"1";"1";"698";"223.";"4.1";"3.0";"95.";"8.";"0.00";"0.00";"0.00"
"2017";"1";"30";"1";"2";"699";"214.";"3.1";"3.0";"95.";"8.";"0.00";"0.00";"0.00"
"2017";"1";"30";"1";"3";"700";"200.";"3.3";"2.8";"95.";"6.";"0.00";"0.00";"0.00"
"2017";"1";"30";"1";"4";"701";"208.";"3.2";"2.6";"94.";"6.";"0.00";"0.00";"0.00"
"2017";"1";"30";"1";"5";"702";"202.";"3.4";"2.5";"95.";"6.";"0.00";"0.00";"0.00"
"2017";"1";"30";"1";"6";"703";"205.";"3.7";"2.6";"95.";"7.";"0.00";"0.00";"0.00"
"2017";"1";"30";"1";"7";"704";"207.";"3.3";"2.7";"95.";"7.";"0.00";"0.00";"0.00"
"2017";"1";"30";"1";"8";"705";"212.";"2.8";"2.7";"94.";"7.";"0.02";"0.05";"0.02"
"2017";"1";"30";"1";"9";"706";"190.";"2.3";"3.0";"94.";"8.";"32.12";"0.00";"32.12"
"2017";"1";"30";"1";"10";"707";"174.";"2.8";"3.2";"92.";"8.";"51.27";"0.00";"51.27"
"2017";"1";"30";"1";"11";"708";"157.";"3.3";"3.4";"92.";"7.";"86.01";"61.69";"71.45"
"2017";"1";"30";"1";"12";"709";"157.";"3.1";"3.6";"89.";"4.";"144.24";"244.64";"86.50"
"2017";"1";"30";"1";"13";"710";"154.";"2.1";"3.8";"86.";"5.";"103.07";"180.81";"66.59"
"2017";"1";"30";"1";"14";"711";"169.";"1.2";"3.6";"85.";"5.";"58.49";"145.73";"38.74"
"2017";"1";"30";"1";"15";"712";"153.";"1.1";"3.2";"88.";"3.";"0.71";"5.00";"0.50"
"2017";"1";"30";"1";"16";"713";"131.";"1.6";"2.3";"90.";"6.";"0.00";"0.00";"0.00"
"2017";"1";"30";"1";"17";"714";"122.";"1.7";"1.6";"91.";"4.";"0.00";"0.00";"0.00"
"2017";"1";"30";"1";"18";"715";"118.";"1.6";"0.4";"93.";"8.";"0.00";"0.00";"0.00"
"2017";"1";"30";"1";"19";"716";"128.";"1.3";"-0.5";"94.";"5.";"0.00";"0.00";"0.00"
"2017";"1";"30";"1";"20";"717";"126.";"1.5";"-1.4";"94.";"1.";"0.00";"0.00";"0.00"
"2017";"1";"30";"1";"21";"718";"84.";"1.1";"-1.4";"95.";"1.";"0.00";"0.00";"0.00"
"2017";"1";"30";"1";"22";"719";"66.";"0.8";"-1.7";"94.";"0.";"0.00";"0.00";"0.00"
"2017";"1";"30";"1";"23";"720";"74.";"1.1";"-2.3";"95.";"0.";"0.00";"0.00";"0.00"
"2017";"1";"31";"2";"0";"721";"56.";"1.2";"-2.9";"95.";"0.";"0.00";"0.00";"0.00"
"2017";"1";"31";"2";"1";"722";"50.";"1.4";"-3.1";"94.";"1.";"0.00";"0.00";"0.00"
"2017";"1";"31";"2";"2";"723";"59.";"1.4";"-3.4";"94.";"1.";"0.00";"0.00";"0.00"
"2017";"1";"31";"2";"3";"724";"54.";"1.9";"-3.6";"94.";"3.";"0.00";"0.00";"0.00"
"2017";"1";"31";"2";"4";"725";"61.";"2.2";"-3.6";"94.";"5.";"0.00";"0.00";"0.00"
"2017";"1";"31";"2";"5";"726";"67.";"2.2";"-3.3";"93.";"5.";"0.00";"0.00";"0.00"
"2017";"1";"31";"2";"6";"727";"75.";"1.9";"-2.7";"92.";"6.";"0.00";"0.00";"0.00"
"2017";"1";"31";"2";"7";"728";"104.";"2.4";"-2.3";"91.";"5.";"0.00";"0.00";"0.00"
"2017";"1";"31";"2";"8";"729";"106.";"2.3";"-0.8";"92.";"2.";"9.21";"79.75";"5.56"
"2017";"1";"31";"2";"9";"730";"67.";"2.4";"0.1";"89.";"3.";"86.77";"337.63";"39.62"
"2017";"1";"31";"2";"10";"731";"69.";"2.9";"0.7";"86.";"5.";"115.86";"254.76";"63.39"
"2017";"1";"31";"2";"11";"732";"75.";"2.9";"1.5";"84.";"6.";"116.24";"155.67";"78.83"
"2017";"1";"31";"2";"12";"733";"76.";"3.0";"1.5";"80.";"7.";"93.83";"76.30";"75.49"
"2017";"1";"31";"2";"13";"734";"83.";"2.7";"1.6";"78.";"8.";"57.40";"0.00";"57.40"
"2017";"1";"31";"2";"14";"735";"86.";"2.6";"1.7";"78.";"8.";"33.22";"0.00";"33.22"
"2017";"1";"31";"2";"15";"736";"92.";"2.0";"1.5";"79.";"8.";"3.15";"0.00";"3.15"
"2017";"1";"31";"2";"16";"737";"95.";"1.9";"1.4";"79.";"8.";"0.00";"0.00";"0.00"
"2017";"1";"31";"2";"17";"738";"84.";"1.9";"1.3";"80.";"8.";"0.00";"0.00";"0.00"
"2017";"1";"31";"2";"18";"739";"79.";"2.0";"1.2";"81.";"8.";"0.00";"0.00";"0.00"
"2017";"1";"31";"2";"19";"740";"90.";"1.9";"1.2";"82.";"8.";"0.00";"0.00";"0.00"
"2017";"1";"31";"2";"20";"741";"112.";"1.4";"1.2";"83.";"8.";"0.00";"0.00";"0.00"
"2017";"1";"31";"2";"21";"742";"118.";"1.6";"1.2";"84.";"8.";"0.00";"0.00";"0.00"
"2017";"1";"31";"2";"22";"743";"145.";"1.8";"1.1";"84.";"7.";"0.00";"0.00";"0.00"
"2017";"1";"31";"2";"23";"744";"150.";"1.9";"0.9";"84.";"7.";"0.00";"0.00";"0.00"
"2017";"2";"1";"3";"0";"745";"149.";"2.1";"0.7";"84.";"7.";"0.00";"0.00";"0.00"
"2017";"2";"1";"3";"1";"746";"154.";"2.1";"0.6";"84.";"7.";"0.00";"0.00";"0.00"
"2017";"2";"1";"3";"2";"747";"156.";"2.1";"0.6";"85.";"7.";"0.00";"0.00";"0.00"
"2017";"2";"1";"3";"3";"748";"154.";"1.9";"0.5";"83.";"8.";"0.00";"0.00";"0.00"
"2017";"2";"1";"3";"4";"749";"140.";"2.2";"0.3";"82.";"7.";"0.00";"0.00";"0.00"
"2017";"2";"1";"3";"5";"750";"137.";"2.4";"0.2";"83.";"7.";"0.00";"0.00";"0.00"
"2017";"2";"1";"3";"6";"751";"129.";"1.8";"0.2";"84.";"8.";"0.00";"0.00";"0.00"
"2017";"2";"1";"3";"7";"752";"123.";"2.5";"0.3";"83.";"8.";"0.00";"0.00";"0.00"
"2017";"2";"1";"3";"8";"753";"131.";"2.6";"0.3";"83.";"8.";"4.21";"0.00";"4.21"
"2017";"2";"1";"3";"9";"754";"143.";"3.5";"0.4";"84.";"8.";"32.58";"0.00";"32.58"
"2017";"2";"1";"3";"10";"755";"150.";"3.8";"0.4";"84.";"8.";"54.53";"0.00";"54.53"
"2017";"2";"1";"3";"11";"756";"144.";"4.2";"0.6";"82.";"8.";"66.25";"0.00";"66.25"
"2017";"2";"1";"3";"12";"757";"145.";"4.4";"0.9";"83.";"8.";"64.90";"0.00";"64.90"
"2017";"2";"1";"3";"13";"758";"148.";"4.4";"0.9";"85.";"8.";"53.03";"0.00";"53.03"
"2017";"2";"1";"3";"14";"759";"149.";"4.5";"1.0";"85.";"8.";"30.95";"0.00";"30.95"
"2017";"2";"1";"3";"15";"760";"142.";"3.8";"1.0";"87.";"7.";"4.58";"7.58";"4.20"
"2017";"2";"1";"3";"16";"761";"142.";"3.3";"1.0";"88.";"8.";"0.00";"0.00";"0.00"
"2017";"2";"1";"3";"17";"762";"131.";"3.2";"0.9";"90.";"8.";"0.00";"0.00";"0.00"
"2017";"2";"1";"3";"18";"763";"133.";"3.4";"0.8";"91.";"8.";"0.00";"0.00";"0.00"
"2017";"2";"1";"3";"19";"764";"135.";"3.8";"0.7";"90.";"7.";"0.00";"0.00";"0.00"
"2017";"2";"1";"3";"20";"765";"139.";"3.6";"0.8";"89.";"7.";"0.00";"0.00";"0.00"
"2017";"2";"1";"3";"21";"766";"137.";"3.2";"1.0";"89.";"8.";"0.00";"0.00";"0.00"
"2017";"2";"1";"3";"22";"767";"142.";"3.4";"1.2";"87.";"8.";"0.00";"0.00";"0.00"
"2017";"2";"1";"3";"23";"768";"140.";"3.6";"1.3";"86.";"8.";"0.00";"0.00";"0.00"
"2017";"2";"2";"4";"0";"769";"135.";"4.0";"0.9";"84.";"3.";"0.00";"0.00";"0.00"
"2017";"2";"2";"4";"1";"770";"133.";"4.7";"0.7";"85.";"6.";"0.00";"0.00";"0.00"
"2017";"2";"2";"4";"2";"771";"147.";"5.3";"0.7";"85.";"7.";"0.00";"0.00";"0.00"
"2017";"2";"2";"4";"3";"772";"152.";"4.8";"0.8";"85.";"8.";"0.00";"0.00";"0.00"
"2017";"2";"2";"4";"4";"773";"153.";"5.1";"0.9";"85.";"8.";"0.00";"0.00";"0.00"
"2017";"2";"2";"4";"5";"774";"157.";"5.0";"0.9";"84.";"8.";"0.00";"0.00";"0.00"
"2017";"2";"2";"4";"6";"775";"152.";"5.0";"0.9";"83.";"8.";"0.00";"0.00";"0.00"
"2017";"2";"2";"4";"7";"776";"154.";"5.0";"0.8";"83.";"8.";"0.00";"0.00";"0.00"
"2017";"2";"2";"4";"8";"777";"154.";"5.0";"0.6";"83.";"7.";"6.66";"10.76";"6.07"
"2017";"2";"2";"4";"9";"778";"153.";"5.3";"0.7";"84.";"8.";"32.75";"0.00";"32.75"
"2017";"2";"2";"4";"10";"779";"149.";"5.1";"0.9";"83.";"8.";"54.57";"0.00";"54.57"
"2017";"2";"2";"4";"11";"780";"151.";"5.2";"1.2";"82.";"8.";"66.35";"0.00";"66.35"
"2017";"2";"2";"4";"12";"781";"153.";"4.7";"1.5";"80.";"8.";"66.83";"0.00";"66.83"
"2017";"2";"2";"4";"13";"782";"154.";"4.5";"1.8";"79.";"8.";"54.93";"0.00";"54.93"
"2017";"2";"2";"4";"14";"783";"158.";"4.1";"1.8";"78.";"7.";"44.27";"36.71";"38.83"
"2017";"2";"2";"4";"15";"784";"157.";"4.6";"1.6";"79.";"7.";"6.48";"10.54";"5.91"
"2017";"2";"2";"4";"16";"785";"155.";"4.2";"1.5";"80.";"8.";"0.00";"0.00";"0.00"
"2017";"2";"2";"4";"17";"786";"143.";"4.6";"1.3";"81.";"8.";"0.00";"0.00";"0.00"
"2017";"2";"2";"4";"18";"787";"143.";"5.0";"1.1";"82.";"8.";"0.00";"0.00";"0.00"
"2017";"2";"2";"4";"19";"788";"140.";"5.1";"1.1";"82.";"8.";"0.00";"0.00";"0.00"
"2017";"2";"2";"4";"20";"789";"143.";"4.9";"1.0";"83.";"8.";"0.00";"0.00";"0.00"
"2017";"2";"2";"4";"21";"790";"137.";"4.3";"0.9";"83.";"8.";"0.00";"0.00";"0.00"
"2017";"2";"2";"4";"22";"791";"141.";"4.4";"0.9";"83.";"8.";"0.00";"0.00";"0.00"
"2017";"2";"2";"4";"23";"792";"145.";"3.8";"0.9";"84.";"8.";"0.00";"0.00";"0.00"
"2017";"2";"3";"5";"0";"793";"145.";"3.3";"0.8";"85.";"8.";"0.00";"0.00";"0.00"
"2017";"2";"3";"5";"1";"794";"138.";"3.1";"0.6";"86.";"8.";"0.00";"0.00";"0.00"
"2017";"2";"3";"5";"2";"795";"131.";"3.5";"0.6";"88.";"8.";"0.00";"0.00";"0.00"
"2017";"2";"3";"5";"3";"796";"132.";"4.1";"0.6";"88.";"8.";"0.00";"0.00";"0.00"
"2017";"2";"3";"5";"4";"797";"122.";"3.9";"0.6";"88.";"8.";"0.00";"0.00";"0.00"
"2017";"2";"3";"5";"5";"798";"125.";"3.4";"0.5";"87.";"8.";"0.00";"0.00";"0.00"
"2017";"2";"3";"5";"6";"799";"128.";"3.3";"0.6";"87.";"8.";"0.00";"0.00";"0.00"
"2017";"2";"3";"5";"7";"800";"126.";"3.0";"0.7";"86.";"8.";"0.00";"0.00";"0.00"
"2017";"2";"3";"5";"8";"801";"128.";"2.5";"0.7";"86.";"8.";"5.82";"0.00";"5.82"
"2017";"2";"3";"5";"9";"802";"129.";"2.9";"1.0";"84.";"8.";"34.61";"0.00";"34.61"
"2017";"2";"3";"5";"10";"803";"140.";"2.9";"1.5";"82.";"8.";"56.64";"0.00";"56.64"
"2017";"2";"3";"5";"11";"804";"124.";"2.9";"1.9";"81.";"8.";"68.58";"0.00";"68.58"
"2017";"2";"3";"5";"12";"805";"116.";"2.7";"2.2";"81.";"8.";"68.85";"0.00";"68.85"
"2017";"2";"3";"5";"13";"806";"122.";"2.2";"2.3";"81.";"8.";"54.96";"0.00";"54.96"
"2017";"2";"3";"5";"14";"807";"125.";"2.1";"2.5";"81.";"8.";"33.80";"0.00";"33.80"
"2017";"2";"3";"5";"15";"808";"129.";"2.2";"2.4";"82.";"8.";"5.38";"0.00";"5.38"
"2017";"2";"3";"5";"16";"809";"122.";"2.5";"2.3";"82.";"8.";"0.00";"0.00";"0.00"
"2017";"2";"3";"5";"17";"810";"118.";"2.7";"2.4";"81.";"7.";"0.00";"0.00";"0.00"
"2017";"2";"3";"5";"18";"811";"116.";"2.9";"2.1";"81.";"8.";"0.00";"0.00";"0.00"
"2017";"2";"3";"5";"19";"812";"113.";"3.3";"1.7";"81.";"8.";"0.00";"0.00";"0.00"
"2017";"2";"3";"5";"20";"813";"122.";"3.0";"1.6";"82.";"8.";"0.00";"0.00";"0.00"
"2017";"2";"3";"5";"21";"814";"115.";"3.2";"1.4";"83.";"8.";"0.00";"0.00";"0.00"
"2017";"2";"3";"5";"22";"815";"108.";"3.1";"1.0";"85.";"8.";"0.00";"0.00";"0.00"
"2017";"2";"3";"5";"23";"816";"109.";"3.0";"0.8";"84.";"8.";"0.00";"0.00";"0.00"
"2017";"2";"4";"6";"0";"817";"104.";"2.9";"0.5";"84.";"8.";"0.00";"0.00";"0.00"
"2017";"2";"4";"6";"1";"818";"101.";"3.0";"0.4";"83.";"8.";"0.00";"0.00";"0.00"
"2017";"2";"4";"6";"2";"819";"103.";"3.2";"0.4";"82.";"8.";"0.00";"0.00";"0.00"
"2017";"2";"4";"6";"3";"820";"98.";"3.8";"0.3";"83.";"8.";"0.00";"0.00";"0.00"
"2017";"2";"4";"6";"4";"821";"86.";"3.3";"0.3";"85.";"8.";"0.00";"0.00";"0.00"
"2017";"2";"4";"6";"5";"822";"86.";"3.2";"0.1";"88.";"8.";"0.00";"0.00";"0.00"
"2017";"2";"4";"6";"6";"823";"95.";"3.6";"0.2";"89.";"8.";"0.00";"0.00";"0.00"
"2017";"2";"4";"6";"7";"824";"100.";"3.2";"0.5";"88.";"8.";"0.00";"0.00";"0.00"
"2017";"2";"4";"6";"8";"825";"98.";"3.5";"0.9";"87.";"8.";"7.11";"0.00";"7.11"
"2017";"2";"4";"6";"9";"826";"102.";"3.5";"1.3";"85.";"8.";"37.15";"0.00";"37.15"
"2017";"2";"4";"6";"10";"827";"106.";"3.9";"1.2";"87.";"8.";"59.09";"0.00";"59.09"
"2017";"2";"4";"6";"11";"828";"110.";"4.1";"1.5";"88.";"8.";"72.09";"0.00";"72.09"
"2017";"2";"4";"6";"12";"829";"107.";"4.1";"1.7";"89.";"8.";"72.55";"0.00";"72.55"
"2017";"2";"4";"6";"13";"830";"105.";"4.1";"1.8";"90.";"8.";"61.29";"0.00";"61.29"
"2017";"2";"4";"6";"14";"831";"107.";"3.3";"1.8";"92.";"8.";"37.15";"0.00";"37.15"
"2017";"2";"4";"6";"15";"832";"108.";"2.9";"1.7";"93.";"8.";"3.42";"0.00";"3.42"
"2017";"2";"4";"6";"16";"833";"108.";"2.9";"1.8";"93.";"8.";"0.00";"0.00";"0.00"
"2017";"2";"4";"6";"17";"834";"114.";"3.3";"1.9";"94.";"8.";"0.00";"0.00";"0.00"
"2017";"2";"4";"6";"18";"835";"111.";"3.4";"1.9";"95.";"8.";"0.00";"0.00";"0.00"
"2017";"2";"4";"6";"19";"836";"106.";"3.5";"1.9";"95.";"8.";"0.00";"0.00";"0.00"
"2017";"2";"4";"6";"20";"837";"116.";"3.1";"1.9";"95.";"8.";"0.00";"0.00";"0.00"
"2017";"2";"4";"6";"21";"838";"111.";"2.7";"1.9";"95.";"8.";"0.00";"0.00";"0.00"
"2017";"2";"4";"6";"22";"839";"103.";"3.2";"1.9";"95.";"8.";"0.00";"0.00";"0.00"
"2017";"2";"4";"6";"23";"840";"104.";"2.9";"1.9";"94.";"8.";"0.00";"0.00";"0.00"
"2017";"2";"5";"7";"0";"841";"107.";"3.2";"1.9";"94.";"8.";"0.00";"0.00";"0.00"
"2017";"2";"5";"7";"1";"842";"99.";"2.7";"1.9";"94.";"7.";"0.00";"0.00";"0.00"
"2017";"2";"5";"7";"2";"843";"93.";"2.8";"1.9";"93.";"7.";"0.00";"0.00";"0.00"
"2017";"2";"5";"7";"3";"844";"85.";"3.1";"1.9";"92.";"8.";"0.00";"0.00";"0.00"
"2017";"2";"5";"7";"4";"845";"94.";"2.8";"1.8";"92.";"8.";"0.00";"0.00";"0.00"
"2017";"2";"5";"7";"5";"846";"91.";"2.8";"1.8";"92.";"8.";"0.00";"0.00";"0.00"
"2017";"2";"5";"7";"6";"847";"88.";"2.9";"1.7";"92.";"8.";"0.00";"0.00";"0.00"
"2017";"2";"5";"7";"7";"848";"86.";"2.4";"1.6";"91.";"8.";"0.00";"0.00";"0.00"
"2017";"2";"5";"7";"8";"849";"85.";"3.1";"1.3";"92.";"8.";"7.70";"0.00";"7.70"
"2017";"2";"5";"7";"9";"850";"85.";"2.8";"1.4";"92.";"8.";"37.27";"0.00";"37.27"
"2017";"2";"5";"7";"10";"851";"80.";"3.6";"1.6";"92.";"8.";"60.61";"0.00";"60.61"
"2017";"2";"5";"7";"11";"852";"80.";"3.9";"1.6";"91.";"8.";"72.90";"0.00";"72.90"
"2017";"2";"5";"7";"12";"853";"79.";"3.4";"1.9";"91.";"8.";"74.68";"0.00";"74.68"
"2017";"2";"5";"7";"13";"854";"83.";"3.7";"1.9";"90.";"8.";"60.71";"0.00";"60.71"
"2017";"2";"5";"7";"14";"855";"82.";"4.3";"2.1";"89.";"8.";"38.13";"0.00";"38.13"
"2017";"2";"5";"7";"15";"856";"79.";"3.6";"2.1";"90.";"8.";"7.48";"0.00";"7.48"
"2017";"2";"5";"7";"16";"857";"75.";"3.8";"2.2";"87.";"8.";"0.00";"0.00";"0.00"
"2017";"2";"5";"7";"17";"858";"72.";"4.2";"2.2";"87.";"8.";"0.00";"0.00";"0.00"
"2017";"2";"5";"7";"18";"859";"71.";"4.0";"2.0";"86.";"8.";"0.00";"0.00";"0.00"
"2017";"2";"5";"7";"19";"860";"77.";"4.2";"1.9";"84.";"7.";"0.00";"0.00";"0.00"
"2017";"2";"5";"7";"20";"861";"79.";"4.4";"1.7";"83.";"8.";"0.00";"0.00";"0.00"
"2017";"2";"5";"7";"21";"862";"88.";"4.0";"1.5";"83.";"8.";"0.00";"0.00";"0.00"
"2017";"2";"5";"7";"22";"863";"87.";"3.9";"1.2";"83.";"8.";"0.00";"0.00";"0.00"
"2017";"2";"5";"7";"23";"864";"87.";"2.9";"1.2";"83.";"8.";"0.00";"0.00";"0.00"
"2017";"2";"6";"1";"0";"865";"81.";"2.5";"1.3";"84.";"8.";"0.00";"0.00";"0.00"
"2017";"2";"6";"1";"1";"866";"73.";"2.9";"1.5";"84.";"7.";"0.00";"0.00";"0.00"
"2017";"2";"6";"1";"2";"867";"67.";"2.8";"1.6";"85.";"7.";"0.00";"0.00";"0.00"
"2017";"2";"6";"1";"3";"868";"60.";"3.0";"1.5";"84.";"7.";"0.00";"0.00";"0.00"
"2017";"2";"6";"1";"4";"869";"66.";"4.4";"1.1";"82.";"7.";"0.00";"0.00";"0.00"
"2017";"2";"6";"1";"5";"870";"59.";"4.1";"1.1";"82.";"6.";"0.00";"0.00";"0.00"
"2017";"2";"6";"1";"6";"871";"63.";"5.0";"0.9";"80.";"6.";"0.00";"0.00";"0.00"
"2017";"2";"6";"1";"7";"872";"59.";"4.0";"0.7";"81.";"8.";"0.00";"0.00";"0.00"
"2017";"2";"6";"1";"8";"873";"65.";"4.9";"0.6";"79.";"8.";"10.86";"0.00";"10.86"
"2017";"2";"6";"1";"9";"874";"70.";"5.1";"0.8";"74.";"6.";"73.58";"142.68";"49.88"
"2017";"2";"6";"1";"10";"875";"71.";"5.5";"0.9";"71.";"7.";"96.89";"93.87";"75.02"
"2017";"2";"6";"1";"11";"876";"70.";"5.4";"0.8";"70.";"8.";"84.38";"0.00";"84.38"
"2017";"2";"6";"1";"12";"877";"70.";"5.5";"1.1";"70.";"8.";"84.19";"0.00";"84.19"
"2017";"2";"6";"1";"13";"878";"69.";"5.1";"1.2";"70.";"7.";"94.80";"93.28";"73.06"
"2017";"2";"6";"1";"14";"879";"71.";"5.5";"1.0";"72.";"7.";"59.41";"70.69";"47.66"
"2017";"2";"6";"1";"15";"880";"70.";"5.8";"0.4";"73.";"8.";"11.86";"0.00";"11.86"
"2017";"2";"6";"1";"16";"881";"73.";"5.8";"-0.3";"70.";"7.";"0.00";"0.00";"0.00"
"2017";"2";"6";"1";"17";"882";"79.";"5.1";"-1.1";"65.";"7.";"0.00";"0.00";"0.00"
"2017";"2";"6";"1";"18";"883";"81.";"5.1";"-1.8";"61.";"7.";"0.00";"0.00";"0.00"
"2017";"2";"6";"1";"19";"884";"82.";"4.8";"-1.8";"61.";"5.";"0.00";"0.00";"0.00"
"2017";"2";"6";"1";"20";"885";"78.";"4.9";"-2.1";"66.";"6.";"0.00";"0.00";"0.00"
"2017";"2";"6";"1";"21";"886";"76.";"4.9";"-2.0";"67.";"7.";"0.00";"0.00";"0.00"
"2017";"2";"6";"1";"22";"887";"70.";"4.6";"-2.0";"70.";"8.";"0.00";"0.00";"0.00"
"2017";"2";"6";"1";"23";"888";"71.";"4.3";"-2.0";"71.";"8.";"0.00";"0.00";"0.00"
"2017";"2";"7";"2";"0";"889";"70.";"4.2";"-2.0";"70.";"7.";"0.00";"0.00";"0.00"
"2017";"2";"7";"2";"1";"890";"75.";"4.1";"-2.2";"69.";"6.";"0.00";"0.00";"0.00"
"2017";"2";"7";"2";"2";"891";"81.";"4.1";"-2.4";"72.";"6.";"0.00";"0.00";"0.00"
"2017";"2";"7";"2";"3";"892";"78.";"4.6";"-2.3";"72.";"6.";"0.00";"0.00";"0.00"
"2017";"2";"7";"2";"4";"893";"70.";"4.5";"-2.2";"72.";"7.";"0.00";"0.00";"0.00"
"2017";"2";"7";"2";"5";"894";"73.";"4.5";"-2.0";"72.";"7.";"0.00";"0.00";"0.00"
"2017";"2";"7";"2";"6";"895";"77.";"5.2";"-1.8";"70.";"4.";"0.00";"0.00";"0.00"
"2017";"2";"7";"2";"7";"896";"82.";"4.9";"-1.9";"70.";"7.";"0.00";"0.00";"0.00"
"2017";"2";"7";"2";"8";"897";"89.";"5.4";"-2.0";"68.";"7.";"19.55";"43.36";"16.25"
"2017";"2";"7";"2";"9";"898";"82.";"5.3";"-2.0";"67.";"7.";"63.69";"74.74";"50.92"
"2017";"2";"7";"2";"10";"899";"85.";"5.2";"-2.0";"66.";"7.";"96.81";"85.11";"76.57"
"2017";"2";"7";"2";"11";"900";"89.";"5.6";"-2.1";"58.";"8.";"87.67";"0.00";"87.67"
"2017";"2";"7";"2";"12";"901";"90.";"6.1";"-2.1";"55.";"8.";"87.87";"0.00";"87.87"
"2017";"2";"7";"2";"13";"902";"88.";"5.7";"-2.1";"50.";"5.";"146.78";"290.18";"77.77"
"2017";"2";"7";"2";"14";"903";"85.";"6.5";"-1.9";"50.";"4.";"110.86";"331.75";"54.20"
"2017";"2";"7";"2";"15";"904";"83.";"6.0";"-2.6";"50.";"4.";"37.01";"200.66";"21.76"
"2017";"2";"7";"2";"16";"905";"79.";"5.6";"-3.1";"53.";"2.";"0.00";"0.00";"0.00"
"2017";"2";"7";"2";"17";"906";"73.";"4.8";"-3.6";"54.";"1.";"0.00";"0.00";"0.00"
"2017";"2";"7";"2";"18";"907";"72.";"5.2";"-4.0";"57.";"5.";"0.00";"0.00";"0.00"
"2017";"2";"7";"2";"19";"908";"73.";"5.0";"-4.0";"59.";"7.";"0.00";"0.00";"0.00"
"2017";"2";"7";"2";"20";"909";"72.";"4.7";"-4.2";"61.";"6.";"0.00";"0.00";"0.00"
"2017";"2";"7";"2";"21";"910";"71.";"4.3";"-4.3";"65.";"4.";"0.00";"0.00";"0.00"
"2017";"2";"7";"2";"22";"911";"65.";"4.0";"-4.5";"66.";"2.";"0.00";"0.00";"0.00"
"2017";"2";"7";"2";"23";"912";"59.";"4.1";"-4.4";"67.";"4.";"0.00";"0.00";"0.00"
"2017";"2";"8";"3";"0";"913";"65.";"4.2";"-4.5";"67.";"4.";"0.00";"0.00";"0.00"
"2017";"2";"8";"3";"1";"914";"68.";"4.5";"-4.4";"66.";"8.";"0.00";"0.00";"0.00"
"2017";"2";"8";"3";"2";"915";"62.";"3.9";"-4.0";"65.";"8.";"0.00";"0.00";"0.00"
"2017";"2";"8";"3";"3";"916";"73.";"4.8";"-3.5";"64.";"8.";"0.00";"0.00";"0.00"
"2017";"2";"8";"3";"4";"917";"76.";"5.2";"-3.5";"63.";"8.";"0.00";"0.00";"0.00"
"2017";"2";"8";"3";"5";"918";"73.";"4.9";"-3.7";"64.";"7.";"0.00";"0.00";"0.00"
"2017";"2";"8";"3";"6";"919";"73.";"4.7";"-3.4";"63.";"8.";"0.00";"0.00";"0.00"
"2017";"2";"8";"3";"7";"920";"72.";"5.1";"-3.2";"62.";"8.";"0.00";"0.00";"0.00"
"2017";"2";"8";"3";"8";"921";"71.";"5.6";"-3.1";"61.";"8.";"17.43";"0.00";"17.43"
"2017";"2";"8";"3";"9";"922";"70.";"6.1";"-2.8";"60.";"8.";"50.40";"0.00";"50.40"
"2017";"2";"8";"3";"10";"923";"73.";"6.1";"-2.3";"57.";"8.";"75.83";"0.00";"75.83"
"2017";"2";"8";"3";"11";"924";"75.";"6.3";"-1.7";"52.";"7.";"120.99";"102.96";"92.43"
"2017";"2";"8";"3";"12";"925";"75.";"6.0";"-1.4";"49.";"8.";"181.11";"0.00";"181.11"
"2017";"2";"8";"3";"13";"926";"76.";"5.5";"-1.4";"48.";"8.";"154.52";"0.00";"154.52"
"2017";"2";"8";"3";"14";"927";"75.";"5.7";"-1.5";"47.";"8.";"102.18";"0.00";"102.18"
"2017";"2";"8";"3";"15";"928";"74.";"5.8";"-1.3";"45.";"8.";"36.36";"0.00";"36.36"
"2017";"2";"8";"3";"16";"929";"77.";"5.5";"-1.6";"49.";"8.";"0.00";"0.00";"0.00"
"2017";"2";"8";"3";"17";"930";"80.";"5.5";"-1.8";"50.";"8.";"0.00";"0.00";"0.00"
"2017";"2";"8";"3";"18";"931";"83.";"5.6";"-2.0";"53.";"8.";"0.00";"0.00";"0.00"
"2017";"2";"8";"3";"19";"932";"86.";"5.4";"-2.2";"54.";"8.";"0.00";"0.00";"0.00"
"2017";"2";"8";"3";"20";"933";"85.";"5.0";"-2.8";"62.";"8.";"0.00";"0.00";"0.00"
"2017";"2";"8";"3";"21";"934";"80.";"4.6";"-2.7";"65.";"8.";"0.00";"0.00";"0.00"
"2017";"2";"8";"3";"22";"935";"79.";"3.9";"-3.4";"79.";"8.";"0.00";"0.00";"0.00"
"2017";"2";"8";"3";"23";"936";"73.";"3.1";"-3.6";"84.";"8.";"0.00";"0.00";"0.00"
"2017";"2";"9";"4";"0";"937";"69.";"3.5";"-3.7";"86.";"8.";"0.00";"0.00";"0.00"
"2017";"2";"9";"4";"1";"938";"67.";"3.5";"-3.7";"86.";"8.";"0.00";"0.00";"0.00"
"2017";"2";"9";"4";"2";"939";"66.";"3.6";"-3.6";"87.";"8.";"0.00";"0.00";"0.00"
"2017";"2";"9";"4";"3";"940";"61.";"3.3";"-3.5";"87.";"8.";"0.00";"0.00";"0.00"
"2017";"2";"9";"4";"4";"941";"60.";"3.2";"-3.3";"82.";"8.";"0.00";"0.00";"0.00"
"2017";"2";"9";"4";"5";"942";"67.";"3.6";"-3.1";"79.";"8.";"0.00";"0.00";"0.00"
"2017";"2";"9";"4";"6";"943";"57.";"2.8";"-3.1";"79.";"8.";"0.00";"0.00";"0.00"
"2017";"2";"9";"4";"7";"944";"61.";"2.8";"-3.2";"80.";"8.";"0.00";"0.00";"0.00"
"2017";"2";"9";"4";"8";"945";"60.";"2.7";"-3.1";"81.";"8.";"15.62";"0.00";"15.62"
"2017";"2";"9";"4";"9";"946";"56.";"3.3";"-2.8";"82.";"8.";"45.14";"0.00";"45.14"
"2017";"2";"9";"4";"10";"947";"60.";"3.8";"-2.2";"81.";"8.";"69.16";"0.00";"69.16"
"2017";"2";"9";"4";"11";"948";"73.";"3.9";"-1.9";"78.";"8.";"84.41";"0.00";"84.41"
"2017";"2";"9";"4";"12";"949";"83.";"3.6";"-1.6";"76.";"8.";"82.95";"0.00";"82.95"
"2017";"2";"9";"4";"13";"950";"89.";"3.6";"-1.5";"75.";"8.";"70.02";"0.00";"70.02"
"2017";"2";"9";"4";"14";"951";"89.";"3.6";"-1.5";"77.";"8.";"44.13";"0.00";"44.13"
"2017";"2";"9";"4";"15";"952";"79.";"2.9";"-1.7";"80.";"7.";"19.35";"22.25";"17.45"
"2017";"2";"9";"4";"16";"953";"74.";"2.7";"-1.8";"81.";"7.";"0.00";"0.00";"0.00"
"2017";"2";"9";"4";"17";"954";"70.";"2.6";"-1.9";"82.";"8.";"0.00";"0.00";"0.00"
"2017";"2";"9";"4";"18";"955";"72.";"2.5";"-2.1";"85.";"8.";"0.00";"0.00";"0.00"
"2017";"2";"9";"4";"19";"956";"79.";"2.4";"-2.3";"88.";"8.";"0.00";"0.00";"0.00"
"2017";"2";"9";"4";"20";"957";"84.";"2.4";"-2.3";"88.";"8.";"0.00";"0.00";"0.00"
"2017";"2";"9";"4";"21";"958";"87.";"2.6";"-2.2";"89.";"7.";"0.00";"0.00";"0.00"
"2017";"2";"9";"4";"22";"959";"87.";"2.6";"-2.2";"88.";"8.";"0.00";"0.00";"0.00"
"2017";"2";"9";"4";"23";"960";"88.";"3.0";"-2.2";"87.";"8.";"0.00";"0.00";"0.00"
"2017";"2";"10";"5";"0";"961";"89.";"3.0";"-2.3";"88.";"8.";"0.00";"0.00";"0.00"
"2017";"2";"10";"5";"1";"962";"86.";"2.5";"-2.3";"88.";"8.";"0.00";"0.00";"0.00"
"2017";"2";"10";"5";"2";"963";"77.";"2.7";"-2.2";"89.";"8.";"0.00";"0.00";"0.00"
"2017";"2";"10";"5";"3";"964";"81.";"2.8";"-2.2";"88.";"8.";"0.00";"0.00";"0.00"
"2017";"2";"10";"5";"4";"965";"85.";"3.2";"-2.0";"86.";"8.";"0.00";"0.00";"0.00"
"2017";"2";"10";"5";"5";"966";"82.";"3.0";"-1.9";"87.";"8.";"0.00";"0.00";"0.00"
"2017";"2";"10";"5";"6";"967";"78.";"3.2";"-1.9";"88.";"8.";"0.00";"0.00";"0.00"
"2017";"2";"10";"5";"7";"968";"74.";"3.3";"-1.7";"87.";"8.";"0.00";"0.00";"0.00"
"2017";"2";"10";"5";"8";"969";"74.";"3.4";"-1.5";"86.";"8.";"21.90";"0.00";"21.90"
"2017";"2";"10";"5";"9";"970";"77.";"3.3";"-1.4";"89.";"8.";"60.82";"0.00";"60.82"
"2017";"2";"10";"5";"10";"971";"77.";"3.7";"-1.0";"89.";"8.";"97.28";"0.00";"97.28"
"2017";"2";"10";"5";"11";"972";"80.";"3.7";"-0.7";"87.";"8.";"110.75";"0.00";"110.75"
"2017";"2";"10";"5";"12";"973";"80.";"3.6";"-0.5";"85.";"8.";"110.31";"0.00";"110.31"
"2017";"2";"10";"5";"13";"974";"81.";"3.7";"-0.1";"83.";"8.";"96.13";"0.00";"96.13"
"2017";"2";"10";"5";"14";"975";"88.";"3.5";"0.0";"82.";"8.";"64.62";"0.00";"64.62"
"2017";"2";"10";"5";"15";"976";"82.";"3.4";"0.3";"79.";"8.";"22.21";"0.00";"22.21"
"2017";"2";"10";"5";"16";"977";"71.";"2.7";"0.1";"79.";"8.";"0.00";"0.00";"0.00"
"2017";"2";"10";"5";"17";"978";"73.";"3.1";"0.3";"76.";"8.";"0.00";"0.00";"0.00"
"2017";"2";"10";"5";"18";"979";"77.";"3.6";"0.5";"70.";"8.";"0.00";"0.00";"0.00"
"2017";"2";"10";"5";"19";"980";"78.";"3.9";"0.7";"62.";"8.";"0.00";"0.00";"0.00"
"2017";"2";"10";"5";"20";"981";"79.";"3.9";"0.8";"58.";"8.";"0.00";"0.00";"0.00"
"2017";"2";"10";"5";"21";"982";"83.";"4.1";"0.7";"55.";"8.";"0.00";"0.00";"0.00"
"2017";"2";"10";"5";"22";"983";"87.";"3.9";"0.6";"55.";"8.";"0.00";"0.00";"0.00"
"2017";"2";"10";"5";"23";"984";"86.";"3.9";"0.6";"54.";"8.";"0.00";"0.00";"0.00"
"2017";"2";"11";"6";"0";"985";"81.";"3.8";"0.1";"56.";"8.";"0.00";"0.00";"0.00"
"2017";"2";"11";"6";"1";"986";"82.";"3.9";"-0.1";"59.";"7.";"0.00";"0.00";"0.00"
"2017";"2";"11";"6";"2";"987";"88.";"4.2";"-0.4";"62.";"6.";"0.00";"0.00";"0.00"
"2017";"2";"11";"6";"3";"988";"95.";"4.1";"-0.7";"64.";"5.";"0.00";"0.00";"0.00"
"2017";"2";"11";"6";"4";"989";"96.";"4.9";"-1.1";"66.";"2.";"0.00";"0.00";"0.00"
"2017";"2";"11";"6";"5";"990";"95.";"5.0";"-1.8";"69.";"0.";"0.00";"0.00";"0.00"
"2017";"2";"11";"6";"6";"991";"95.";"5.0";"-2.2";"71.";"0.";"0.00";"0.00";"0.00"
"2017";"2";"11";"6";"7";"992";"95.";"4.5";"-2.6";"74.";"1.";"0.00";"0.00";"0.00"
"2017";"2";"11";"6";"8";"993";"88.";"4.3";"-2.5";"74.";"0.";"66.32";"402.80";"28.08"
"2017";"2";"11";"6";"9";"994";"89.";"4.5";"-1.6";"70.";"0.";"175.09";"611.64";"58.72"
"2017";"2";"11";"6";"10";"995";"96.";"4.8";"-0.6";"66.";"0.";"258.92";"704.45";"77.41"
"2017";"2";"11";"6";"11";"996";"89.";"4.9";"0.2";"61.";"4.";"234.69";"382.13";"122.90"
"2017";"2";"11";"6";"12";"997";"85.";"5.1";"0.5";"60.";"4.";"235.50";"389.25";"121.62"
"2017";"2";"11";"6";"13";"998";"85.";"4.8";"0.2";"60.";"7.";"138.57";"99.32";"112.98"
"2017";"2";"11";"6";"14";"999";"87.";"5.5";"-0";"60.";"7.";"93.74";"86.02";"77.37"
"2017";"2";"11";"6";"15";"1000";"86.";"4.8";"-0.5";"61.";"8.";"27.81";"0.00";"27.81"
"2017";"2";"11";"6";"16";"1001";"84.";"3.8";"-0.7";"62.";"8.";"0.00";"0.00";"0.00"
"2017";"2";"11";"6";"17";"1002";"83.";"3.7";"-0.7";"61.";"8.";"0.00";"0.00";"0.00"
"2017";"2";"11";"6";"18";"1003";"80.";"3.7";"-0.5";"61.";"7.";"0.00";"0.00";"0.00"
"2017";"2";"11";"6";"19";"1004";"64.";"3.7";"-0.5";"60.";"8.";"0.00";"0.00";"0.00"
"2017";"2";"11";"6";"20";"1005";"61.";"3.5";"-0.5";"61.";"8.";"0.00";"0.00";"0.00"
"2017";"2";"11";"6";"21";"1006";"66.";"2.9";"-0.6";"63.";"8.";"0.00";"0.00";"0.00"
"2017";"2";"11";"6";"22";"1007";"65.";"3.0";"-0.6";"65.";"8.";"0.00";"0.00";"0.00"
"2017";"2";"11";"6";"23";"1008";"62.";"3.3";"-0.6";"67.";"8.";"0.00";"0.00";"0.00"
"2017";"2";"12";"7";"0";"1009";"62.";"3.4";"-0.7";"68.";"8.";"0.00";"0.00";"0.00"
"2017";"2";"12";"7";"1";"1010";"58.";"3.7";"-0.7";"69.";"8.";"0.00";"0.00";"0.00"
"2017";"2";"12";"7";"2";"1011";"60.";"4.0";"-0.6";"68.";"8.";"0.00";"0.00";"0.00"
"2017";"2";"12";"7";"3";"1012";"59.";"4.1";"-0.6";"67.";"8.";"0.00";"0.00";"0.00"
"2017";"2";"12";"7";"4";"1013";"55.";"3.9";"-0.6";"66.";"8.";"0.00";"0.00";"0.00"
"2017";"2";"12";"7";"5";"1014";"60.";"3.5";"-0.7";"66.";"8.";"0.00";"0.00";"0.00"
"2017";"2";"12";"7";"6";"1015";"62.";"3.8";"-0.7";"64.";"8.";"0.00";"0.00";"0.00"
"2017";"2";"12";"7";"7";"1016";"69.";"3.4";"-0.7";"64.";"8.";"0.00";"0.00";"0.00"
"2017";"2";"12";"7";"8";"1017";"66.";"3.8";"-0.6";"64.";"8.";"29.75";"0.00";"29.75"
"2017";"2";"12";"7";"9";"1018";"72.";"3.3";"-0.3";"63.";"7.";"96.81";"87.00";"79.82"
"2017";"2";"12";"7";"10";"1019";"86.";"3.7";"-0";"60.";"8.";"111.07";"0.00";"111.07"
"2017";"2";"12";"7";"11";"1020";"87.";"3.0";"0.1";"61.";"8.";"129.41";"0.00";"129.41"
"2017";"2";"12";"7";"12";"1021";"93.";"3.1";"0.2";"59.";"8.";"126.01";"0.00";"126.01"
"2017";"2";"12";"7";"13";"1022";"94.";"3.1";"0.2";"58.";"8.";"108.56";"0.00";"108.56"
"2017";"2";"12";"7";"14";"1023";"95.";"2.5";"0.0";"58.";"7.";"95.07";"86.21";"78.23"
"2017";"2";"12";"7";"15";"1024";"92.";"1.8";"-0.1";"57.";"7.";"38.67";"58.17";"32.87"
"2017";"2";"12";"7";"16";"1025";"92.";"1.4";"-0.5";"59.";"7.";"0.00";"0.00";"0.00"
"2017";"2";"12";"7";"17";"1026";"82.";"1.9";"-1.2";"61.";"6.";"0.00";"0.00";"0.00"
"2017";"2";"12";"7";"18";"1027";"101.";"1.6";"-2.1";"65.";"4.";"0.00";"0.00";"0.00"
"2017";"2";"12";"7";"19";"1028";"74.";"1.2";"-3.5";"71.";"2.";"0.00";"0.00";"0.00"
"2017";"2";"12";"7";"20";"1029";"73.";"1.5";"-4.6";"76.";"0.";"0.00";"0.00";"0.00"
"2017";"2";"12";"7";"21";"1030";"89.";"1.4";"-5.2";"79.";"7.";"0.00";"0.00";"0.00"
"2017";"2";"12";"7";"22";"1031";"79.";"1.4";"-5.7";"82.";"7.";"0.00";"0.00";"0.00"
"2017";"2";"12";"7";"23";"1032";"95.";"1.1";"-6.5";"85.";"8.";"0.00";"0.00";"0.00"
"2017";"2";"13";"1";"0";"1033";"73.";"1.2";"-6.6";"85.";"7.";"0.00";"0.00";"0.00"
"2017";"2";"13";"1";"1";"1034";"89.";"1.1";"-6.9";"86.";"7.";"0.00";"0.00";"0.00"
"2017";"2";"13";"1";"2";"1035";"110.";"1.2";"-6.9";"87.";"7.";"0.00";"0.00";"0.00"
"2017";"2";"13";"1";"3";"1036";"89.";"1.1";"-7.1";"87.";"7.";"0.00";"0.00";"0.00"
"2017";"2";"13";"1";"4";"1037";"110.";"0.8";"-7.1";"87.";"5.";"0.00";"0.00";"0.00"
"2017";"2";"13";"1";"5";"1038";"113.";"1.6";"-6.7";"87.";"6.";"0.00";"0.00";"0.00"
"2017";"2";"13";"1";"6";"1039";"126.";"1.2";"-7.0";"87.";"8.";"0.00";"0.00";"0.00"
"2017";"2";"13";"1";"7";"1040";"147.";"0.7";"-6.9";"88.";"8.";"0.00";"0.00";"0.00"
"2017";"2";"13";"1";"8";"1041";"150.";"1.0";"-5.9";"87.";"8.";"31.20";"0.00";"31.20"
"2017";"2";"13";"1";"9";"1042";"191.";"1.0";"-3.6";"84.";"8.";"73.70";"0.00";"73.70"
"2017";"2";"13";"1";"10";"1043";"243.";"1.1";"-0.9";"78.";"8.";"186.01";"0.00";"186.01"
"2017";"2";"13";"1";"11";"1044";"271.";"1.7";"0.7";"70.";"8.";"221.37";"0.00";"221.37"
"2017";"2";"13";"1";"12";"1045";"287.";"2.3";"1.0";"66.";"8.";"225.55";"0.00";"225.55"
"2017";"2";"13";"1";"13";"1046";"300.";"2.1";"1.5";"66.";"7.";"206.60";"96.01";"180.87"
"2017";"2";"13";"1";"14";"1047";"305.";"2.2";"1.3";"67.";"3.";"169.39";"405.62";"88.11"
"2017";"2";"13";"1";"15";"1048";"295.";"2.0";"0.4";"71.";"2.";"68.99";"342.86";"33.06"
"2017";"2";"13";"1";"16";"1049";"284.";"1.7";"-0.7";"77.";"0.";"0.00";"0.00";"0.00"
"2017";"2";"13";"1";"17";"1050";"278.";"1.7";"-1.8";"82.";"0.";"0.00";"0.00";"0.00"
"2017";"2";"13";"1";"18";"1051";"288.";"1.7";"-2.6";"85.";"0.";"0.00";"0.00";"0.00"
"2017";"2";"13";"1";"19";"1052";"294.";"1.4";"-2.9";"88.";"0.";"0.00";"0.00";"0.00"
"2017";"2";"13";"1";"20";"1053";"290.";"1.8";"-3.8";"89.";"1.";"0.00";"0.00";"0.00"
"2017";"2";"13";"1";"21";"1054";"288.";"1.5";"-4.3";"91.";"2.";"0.00";"0.00";"0.00"
"2017";"2";"13";"1";"22";"1055";"270.";"1.4";"-4.4";"92.";"1.";"0.00";"0.00";"0.00"
"2017";"2";"13";"1";"23";"1056";"284.";"1.5";"-4.9";"93.";"0.";"0.00";"0.00";"0.00"
"2017";"2";"14";"2";"0";"1057";"297.";"1.2";"-5.7";"93.";"1.";"0.00";"0.00";"0.00"
"2017";"2";"14";"2";"1";"1058";"299.";"0.7";"-6.0";"93.";"5.";"0.00";"0.00";"0.00"
"2017";"2";"14";"2";"2";"1059";"306.";"0.6";"-5.5";"94.";"1.";"0.00";"0.00";"0.00"
"2017";"2";"14";"2";"3";"1060";"9.";"0.2";"-5.6";"94.";"3.";"0.00";"0.00";"0.00"
"2017";"2";"14";"2";"4";"1061";"84.";"0.7";"-6.0";"94.";"4.";"0.00";"0.00";"0.00"
"2017";"2";"14";"2";"5";"1062";"78.";"0.9";"-5.6";"94.";"6.";"0.00";"0.00";"0.00"
"2017";"2";"14";"2";"6";"1063";"69.";"1.0";"-4.9";"93.";"6.";"0.00";"0.00";"0.00"
"2017";"2";"14";"2";"7";"1064";"52.";"1.1";"-4.6";"93.";"7.";"0.00";"0.00";"0.00"
"2017";"2";"14";"2";"8";"1065";"52.";"0.9";"-3.4";"93.";"7.";"35.99";"28.68";"32.84"
"2017";"2";"14";"2";"9";"1066";"71.";"0.7";"-1.6";"94.";"8.";"62.52";"0.00";"62.52"
"2017";"2";"14";"2";"10";"1067";"80.";"0.5";"-0.4";"95.";"7.";"107.65";"16.27";"103.20"
"2017";"2";"14";"2";"11";"1068";"337.";"0.4";"0.5";"94.";"7.";"131.23";"28.29";"122.51"
"2017";"2";"14";"2";"12";"1069";"12.";"0.6";"1.0";"91.";"6.";"171.26";"104.12";"139.16"
"2017";"2";"14";"2";"13";"1070";"315.";"0.4";"2.4";"88.";"4.";"191.53";"237.06";"126.76"
"2017";"2";"14";"2";"14";"1071";"31.";"0.4";"3.4";"84.";"3.";"142.41";"260.02";"88.96"
"2017";"2";"14";"2";"15";"1072";"345.";"0.1";"3.1";"83.";"1.";"63.41";"233.88";"37.73"
"2017";"2";"14";"2";"16";"1073";"274.";"0.7";"1.0";"87.";"0.";"0.00";"0.00";"0.00"
"2017";"2";"14";"2";"17";"1074";"299.";"1.0";"-0.2";"91.";"1.";"0.00";"0.00";"0.00"
"2017";"2";"14";"2";"18";"1075";"1.";"0.6";"-1.2";"93.";"4.";"0.00";"0.00";"0.00"
"2017";"2";"14";"2";"19";"1076";"328.";"0.6";"-2.0";"94.";"1.";"0.00";"0.00";"0.00"
"2017";"2";"14";"2";"20";"1077";"343.";"0.9";"-2.1";"94.";"3.";"0.00";"0.00";"0.00"
"2017";"2";"14";"2";"21";"1078";"47.";"1.1";"-2.8";"95.";"8.";"0.00";"0.00";"0.00"
"2017";"2";"14";"2";"22";"1079";"62.";"1.5";"-3.3";"95.";"8.";"0.00";"0.00";"0.00"
"2017";"2";"14";"2";"23";"1080";"82.";"1.5";"-3.2";"95.";"7.";"0.00";"0.00";"0.00"
"2017";"2";"15";"3";"0";"1081";"93.";"1.0";"-3.6";"95.";"7.";"0.00";"0.00";"0.00"
"2017";"2";"15";"3";"1";"1082";"146.";"1.0";"-4.0";"94.";"7.";"0.00";"0.00";"0.00"
"2017";"2";"15";"3";"2";"1083";"134.";"1.9";"-4.4";"95.";"7.";"0.00";"0.00";"0.00"
"2017";"2";"15";"3";"3";"1084";"146.";"2.0";"-4.7";"94.";"3.";"0.00";"0.00";"0.00"
"2017";"2";"15";"3";"4";"1085";"146.";"1.6";"-4.9";"93.";"2.";"0.00";"0.00";"0.00"
"2017";"2";"15";"3";"5";"1086";"146.";"1.6";"-5.0";"93.";"0.";"0.00";"0.00";"0.00"
"2017";"2";"15";"3";"6";"1087";"135.";"1.8";"-5.5";"91.";"0.";"0.00";"0.00";"0.00"
"2017";"2";"15";"3";"7";"1088";"136.";"1.9";"-5.3";"91.";"0.";"0.00";"0.00";"0.00"
"2017";"2";"15";"3";"8";"1089";"131.";"1.9";"-4.2";"89.";"0.";"84.90";"401.17";"38.80"
"2017";"2";"15";"3";"9";"1090";"147.";"2.0";"-1.7";"85.";"0.";"195.03";"599.14";"68.74"
"2017";"2";"15";"3";"10";"1091";"169.";"2.0";"1.3";"76.";"0.";"269.28";"585.47";"106.19"
"2017";"2";"15";"3";"11";"1092";"163.";"2.4";"4.3";"61.";"0.";"320.28";"695.88";"102.01"
"2017";"2";"15";"3";"12";"1093";"166.";"2.8";"5.3";"51.";"0.";"320.15";"679.81";"106.93"
"2017";"2";"15";"3";"13";"1094";"165.";"2.7";"5.4";"50.";"0.";"277.66";"659.89";"93.83"
"2017";"2";"15";"3";"14";"1095";"189.";"2.0";"4.6";"53.";"0.";"193.79";"577.02";"72.17"
"2017";"2";"15";"3";"15";"1096";"216.";"2.6";"3.6";"63.";"2.";"72.48";"284.23";"39.82"
"2017";"2";"15";"3";"16";"1097";"202.";"2.7";"1.2";"72.";"1.";"0.00";"0.00";"0.00"
"2017";"2";"15";"3";"17";"1098";"192.";"2.5";"-0.4";"81.";"1.";"0.00";"0.00";"0.00"
"2017";"2";"15";"3";"18";"1099";"193.";"2.1";"-1.4";"86.";"0.";"0.00";"0.00";"0.00"
"2017";"2";"15";"3";"19";"1100";"188.";"1.9";"-2.3";"88.";"0.";"0.00";"0.00";"0.00"
"2017";"2";"15";"3";"20";"1101";"192.";"1.9";"-2.9";"90.";"0.";"0.00";"0.00";"0.00"
"2017";"2";"15";"3";"21";"1102";"190.";"1.8";"-2.9";"92.";"2.";"0.00";"0.00";"0.00"
"2017";"2";"15";"3";"22";"1103";"189.";"1.9";"-3.2";"92.";"1.";"0.00";"0.00";"0.00"
"2017";"2";"15";"3";"23";"1104";"172.";"1.8";"-3.4";"93.";"4.";"0.00";"0.00";"0.00"
"2017";"2";"16";"4";"0";"1105";"158.";"1.7";"-3.2";"94.";"2.";"0.00";"0.00";"0.00"
"2017";"2";"16";"4";"1";"1106";"142.";"2.1";"-3.0";"94.";"5.";"0.00";"0.00";"0.00"
"2017";"2";"16";"4";"2";"1107";"158.";"2.2";"-2.8";"95.";"3.";"0.00";"0.00";"0.00"
"2017";"2";"16";"4";"3";"1108";"156.";"2.6";"-1.9";"95.";"8.";"0.00";"0.00";"0.00"
"2017";"2";"16";"4";"4";"1109";"152.";"3.6";"-1.1";"95.";"8.";"0.00";"0.00";"0.00"
"2017";"2";"16";"4";"5";"1110";"150.";"3.2";"-0";"94.";"8.";"0.00";"0.00";"0.00"
"2017";"2";"16";"4";"6";"1111";"156.";"3.4";"0.4";"92.";"8.";"0.00";"0.00";"0.00"
"2017";"2";"16";"4";"7";"1112";"158.";"3.3";"0.8";"91.";"8.";"0.00";"0.00";"0.00"
"2017";"2";"16";"4";"8";"1113";"172.";"3.7";"1.2";"91.";"7.";"35.45";"17.56";"33.34"
"2017";"2";"16";"4";"9";"1114";"168.";"4.5";"1.8";"90.";"7.";"83.37";"26.67";"77.61"
"2017";"2";"16";"4";"10";"1115";"156.";"3.8";"2.3";"91.";"8.";"91.75";"0.00";"91.75"
"2017";"2";"16";"4";"11";"1116";"165.";"3.6";"2.6";"92.";"8.";"106.47";"0.00";"106.47"
"2017";"2";"16";"4";"12";"1117";"190.";"2.6";"2.5";"94.";"8.";"105.53";"0.00";"105.53"
"2017";"2";"16";"4";"13";"1118";"212.";"3.3";"2.6";"95.";"8.";"87.87";"0.00";"87.87"
"2017";"2";"16";"4";"14";"1119";"215.";"3.2";"2.7";"96.";"8.";"50.22";"0.00";"50.22"
"2017";"2";"16";"4";"15";"1120";"222.";"3.1";"2.9";"97.";"8.";"19.84";"0.00";"19.84"
"2017";"2";"16";"4";"16";"1121";"225.";"3.3";"2.9";"97.";"8.";"0.00";"0.00";"0.00"
"2017";"2";"16";"4";"17";"1122";"221.";"3.6";"3.1";"97.";"8.";"0.00";"0.00";"0.00"
"2017";"2";"16";"4";"18";"1123";"235.";"3.7";"3.3";"98.";"8.";"0.00";"0.00";"0.00"
"2017";"2";"16";"4";"19";"1124";"238.";"3.9";"3.7";"97.";"8.";"0.00";"0.00";"0.00"
"2017";"2";"16";"4";"20";"1125";"234.";"4.1";"3.7";"98.";"8.";"0.00";"0.00";"0.00"
"2017";"2";"16";"4";"21";"1126";"230.";"3.4";"3.3";"98.";"8.";"0.00";"0.00";"0.00"
"2017";"2";"16";"4";"22";"1127";"238.";"3.8";"3.3";"98.";"8.";"0.00";"0.00";"0.00"
"2017";"2";"16";"4";"23";"1128";"238.";"4.2";"3.2";"98.";"8.";"0.00";"0.00";"0.00"
"2017";"2";"17";"5";"0";"1129";"239.";"3.6";"3.1";"98.";"8.";"0.00";"0.00";"0.00"
"2017";"2";"17";"5";"1";"1130";"240.";"3.2";"3.1";"98.";"8.";"0.00";"0.00";"0.00"
"2017";"2";"17";"5";"2";"1131";"236.";"2.9";"3.0";"98.";"8.";"0.00";"0.00";"0.00"
"2017";"2";"17";"5";"3";"1132";"239.";"2.7";"3.0";"98.";"8.";"0.00";"0.00";"0.00"
"2017";"2";"17";"5";"4";"1133";"241.";"2.5";"2.8";"98.";"7.";"0.00";"0.00";"0.00"
"2017";"2";"17";"5";"5";"1134";"249.";"2.3";"2.7";"98.";"8.";"0.00";"0.00";"0.00"
"2017";"2";"17";"5";"6";"1135";"257.";"1.6";"2.6";"98.";"8.";"0.00";"0.00";"0.00"
"2017";"2";"17";"5";"7";"1136";"282.";"1.0";"2.6";"98.";"7.";"0.00";"0.00";"0.00"
"2017";"2";"17";"5";"8";"1137";"308.";"1.6";"2.8";"98.";"7.";"21.90";"5.99";"21.14"
"2017";"2";"17";"5";"9";"1138";"226.";"1.2";"2.9";"98.";"8.";"39.76";"0.00";"39.76"
"2017";"2";"17";"5";"10";"1139";"260.";"1.2";"3.0";"98.";"8.";"59.63";"0.00";"59.63"
"2017";"2";"17";"5";"11";"1140";"301.";"2.0";"2.8";"98.";"8.";"73.48";"0.00";"73.48"
"2017";"2";"17";"5";"12";"1141";"305.";"2.3";"2.2";"98.";"8.";"61.13";"0.00";"61.13"
"2017";"2";"17";"5";"13";"1142";"303.";"1.8";"1.8";"98.";"8.";"65.33";"0.00";"65.33"
"2017";"2";"17";"5";"14";"1143";"301.";"1.7";"1.8";"98.";"8.";"42.15";"0.00";"42.15"
"2017";"2";"17";"5";"15";"1144";"312.";"1.9";"1.3";"98.";"7.";"24.57";"6.20";"23.80"
"2017";"2";"17";"5";"16";"1145";"319.";"1.7";"0.9";"98.";"8.";"0.00";"0.00";"0.00"
"2017";"2";"17";"5";"17";"1146";"301.";"1.6";"0.6";"97.";"8.";"0.00";"0.00";"0.00"
"2017";"2";"17";"5";"18";"1147";"298.";"1.1";"0.5";"98.";"8.";"0.00";"0.00";"0.00"
"2017";"2";"17";"5";"19";"1148";"300.";"1.7";"0.3";"98.";"8.";"0.00";"0.00";"0.00"
"2017";"2";"17";"5";"20";"1149";"309.";"1.3";"-0.2";"98.";"8.";"0.00";"0.00";"0.00"
"2017";"2";"17";"5";"21";"1150";"284.";"1.4";"-0.5";"98.";"8.";"0.00";"0.00";"0.00"
"2017";"2";"17";"5";"22";"1151";"286.";"0.7";"-0.7";"98.";"8.";"0.00";"0.00";"0.00"
"2017";"2";"17";"5";"23";"1152";"145.";"0.4";"-1.0";"98.";"8.";"0.00";"0.00";"0.00"
"2017";"2";"18";"6";"0";"1153";"233.";"0.7";"-1.1";"97.";"7.";"0.00";"0.00";"0.00"
"2017";"2";"18";"6";"1";"1154";"234.";"0.6";"-1.4";"97.";"7.";"0.00";"0.00";"0.00"
"2017";"2";"18";"6";"2";"1155";"206.";"0.7";"-1.6";"97.";"8.";"0.00";"0.00";"0.00"
"2017";"2";"18";"6";"3";"1156";"244.";"0.5";"-1.7";"97.";"8.";"0.00";"0.00";"0.00"
"2017";"2";"18";"6";"4";"1157";"175.";"0.8";"-2.0";"97.";"8.";"0.00";"0.00";"0.00"
"2017";"2";"18";"6";"5";"1158";"185.";"1.4";"-2.1";"97.";"8.";"0.00";"0.00";"0.00"
"2017";"2";"18";"6";"6";"1159";"191.";"1.5";"-2.2";"96.";"8.";"0.00";"0.00";"0.00"
"2017";"2";"18";"6";"7";"1160";"182.";"1.7";"-2.4";"96.";"8.";"0.00";"0.00";"0.00"
"2017";"2";"18";"6";"8";"1161";"184.";"2.0";"-2.1";"96.";"8.";"25.53";"0.00";"25.53"
"2017";"2";"18";"6";"9";"1162";"180.";"2.2";"-1.6";"97.";"8.";"56.26";"0.00";"56.26"
"2017";"2";"18";"6";"10";"1163";"192.";"2.5";"-1.0";"96.";"8.";"80.38";"0.00";"80.38"
"2017";"2";"18";"6";"11";"1164";"186.";"2.8";"-0.3";"98.";"8.";"80.52";"0.00";"80.52"
"2017";"2";"18";"6";"12";"1165";"211.";"3.2";"0.4";"97.";"8.";"75.95";"0.00";"75.95"
"2017";"2";"18";"6";"13";"1166";"216.";"2.8";"0.7";"97.";"8.";"75.84";"0.00";"75.84"
"2017";"2";"18";"6";"14";"1167";"191.";"2.5";"1.3";"97.";"8.";"56.51";"0.00";"56.51"
"2017";"2";"18";"6";"15";"1168";"206.";"2.6";"1.8";"97.";"8.";"26.35";"0.00";"26.35"
"2017";"2";"18";"6";"16";"1169";"235.";"3.7";"2.5";"97.";"8.";"0.00";"0.00";"0.00"
"2017";"2";"18";"6";"17";"1170";"222.";"4.1";"2.5";"97.";"8.";"0.00";"0.00";"0.00"
"2017";"2";"18";"6";"18";"1171";"202.";"3.9";"2.5";"97.";"8.";"0.00";"0.00";"0.00"
"2017";"2";"18";"6";"19";"1172";"206.";"4.6";"2.7";"97.";"8.";"0.00";"0.00";"0.00"
"2017";"2";"18";"6";"20";"1173";"206.";"4.6";"2.8";"97.";"8.";"0.00";"0.00";"0.00"
"2017";"2";"18";"6";"21";"1174";"210.";"5.1";"2.8";"97.";"8.";"0.00";"0.00";"0.00"
"2017";"2";"18";"6";"22";"1175";"221.";"5.5";"3.1";"97.";"8.";"0.00";"0.00";"0.00"
"2017";"2";"18";"6";"23";"1176";"221.";"5.3";"3.1";"97.";"8.";"0.00";"0.00";"0.00"
"2017";"2";"19";"7";"0";"1177";"228.";"5.8";"3.3";"97.";"8.";"0.00";"0.00";"0.00"
"2017";"2";"19";"7";"1";"1178";"227.";"6.4";"3.3";"97.";"8.";"0.00";"0.00";"0.00"
"2017";"2";"19";"7";"2";"1179";"229.";"5.9";"3.4";"97.";"8.";"0.00";"0.00";"0.00"
"2017";"2";"19";"7";"3";"1180";"228.";"5.9";"3.5";"97.";"8.";"0.00";"0.00";"0.00"
"2017";"2";"19";"7";"4";"1181";"229.";"6.0";"3.6";"97.";"8.";"0.00";"0.00";"0.00"
"2017";"2";"19";"7";"5";"1182";"223.";"5.3";"3.8";"98.";"8.";"0.00";"0.00";"0.00"
"2017";"2";"19";"7";"6";"1183";"225.";"4.9";"3.7";"98.";"8.";"0.00";"0.00";"0.00"
"2017";"2";"19";"7";"7";"1184";"234.";"4.8";"3.7";"98.";"8.";"0.00";"0.00";"0.00"
"2017";"2";"19";"7";"8";"1185";"241.";"4.2";"4.0";"98.";"8.";"19.36";"0.00";"19.36"
"2017";"2";"19";"7";"9";"1186";"236.";"4.9";"4.3";"98.";"8.";"45.51";"0.00";"45.51"
"2017";"2";"19";"7";"10";"1187";"243.";"4.9";"4.5";"98.";"8.";"63.07";"0.00";"63.07"
"2017";"2";"19";"7";"11";"1188";"241.";"4.4";"4.8";"98.";"8.";"83.52";"0.00";"83.52"
"2017";"2";"19";"7";"12";"1189";"254.";"4.8";"5.0";"98.";"8.";"90.04";"0.00";"90.04"
"2017";"2";"19";"7";"13";"1190";"260.";"4.1";"5.0";"97.";"7.";"109.15";"51.34";"93.73"
"2017";"2";"19";"7";"14";"1191";"254.";"3.7";"5.0";"97.";"7.";"81.45";"58.95";"67.76"
"2017";"2";"19";"7";"15";"1192";"257.";"3.9";"5.0";"96.";"8.";"27.46";"0.00";"27.46"
"2017";"2";"19";"7";"16";"1193";"254.";"4.4";"4.7";"95.";"7.";"0.00";"0.00";"0.00"
"2017";"2";"19";"7";"17";"1194";"251.";"5.0";"4.7";"95.";"7.";"0.00";"0.00";"0.00"
"2017";"2";"19";"7";"18";"1195";"255.";"6.3";"4.6";"95.";"8.";"0.00";"0.00";"0.00"
"2017";"2";"19";"7";"19";"1196";"241.";"5.5";"4.6";"95.";"8.";"0.00";"0.00";"0.00"
"2017";"2";"19";"7";"20";"1197";"242.";"5.3";"4.7";"95.";"8.";"0.00";"0.00";"0.00"
"2017";"2";"19";"7";"21";"1198";"234.";"4.9";"4.5";"95.";"7.";"0.00";"0.00";"0.00"
"2017";"2";"19";"7";"22";"1199";"251.";"5.0";"4.3";"94.";"8.";"0.00";"0.00";"0.00"
"2017";"2";"19";"7";"23";"1200";"249.";"5.8";"4.3";"96.";"8.";"0.00";"0.00";"0.00"
"2017";"2";"20";"1";"0";"1201";"258.";"5.6";"4.3";"96.";"8.";"0.00";"0.00";"0.00"
"2017";"2";"20";"1";"1";"1202";"267.";"6.2";"4.1";"95.";"8.";"0.00";"0.00";"0.00"
"2017";"2";"20";"1";"2";"1203";"260.";"5.7";"4.0";"96.";"8.";"0.00";"0.00";"0.00"
"2017";"2";"20";"1";"3";"1204";"226.";"5.7";"3.8";"96.";"8.";"0.00";"0.00";"0.00"
"2017";"2";"20";"1";"4";"1205";"208.";"6.9";"3.7";"97.";"8.";"0.00";"0.00";"0.00"
"2017";"2";"20";"1";"5";"1206";"211.";"7.0";"3.9";"97.";"8.";"0.00";"0.00";"0.00"
"2017";"2";"20";"1";"6";"1207";"228.";"6.4";"4.2";"97.";"8.";"0.00";"0.00";"0.00"
"2017";"2";"20";"1";"7";"1208";"246.";"6.3";"5.0";"97.";"8.";"0.00";"0.00";"0.00"
"2017";"2";"20";"1";"8";"1209";"262.";"7.5";"5.2";"97.";"8.";"22.62";"0.00";"22.62"
"2017";"2";"20";"1";"9";"1210";"257.";"7.0";"5.2";"98.";"8.";"56.45";"0.00";"56.45"
"2017";"2";"20";"1";"10";"1211";"263.";"5.6";"5.4";"97.";"8.";"67.07";"0.00";"67.07"
"2017";"2";"20";"1";"11";"1212";"272.";"5.9";"5.6";"97.";"8.";"97.11";"0.00";"97.11"
"2017";"2";"20";"1";"12";"1213";"269.";"6.8";"5.6";"97.";"8.";"55.32";"0.00";"55.32"
"2017";"2";"20";"1";"13";"1214";"264.";"6.2";"5.3";"97.";"8.";"47.63";"0.00";"47.63"
"2017";"2";"20";"1";"14";"1215";"262.";"6.6";"5.6";"97.";"8.";"35.08";"0.00";"35.08"
"2017";"2";"20";"1";"15";"1216";"252.";"6.6";"5.5";"97.";"8.";"15.94";"0.00";"15.94"
"2017";"2";"20";"1";"16";"1217";"258.";"7.2";"5.5";"97.";"7.";"0.00";"0.00";"0.00"
"2017";"2";"20";"1";"17";"1218";"259.";"7.2";"5.3";"97.";"8.";"0.00";"0.00";"0.00"
"2017";"2";"20";"1";"18";"1219";"269.";"6.3";"5.5";"98.";"7.";"0.00";"0.00";"0.00"
"2017";"2";"20";"1";"19";"1220";"271.";"5.6";"5.0";"98.";"7.";"0.00";"0.00";"0.00"
"2017";"2";"20";"1";"20";"1221";"282.";"6.6";"5.0";"98.";"7.";"0.00";"0.00";"0.00"
"2017";"2";"20";"1";"21";"1222";"287.";"7.7";"5.0";"96.";"7.";"0.00";"0.00";"0.00"
"2017";"2";"20";"1";"22";"1223";"286.";"8.3";"5.1";"93.";"3.";"0.00";"0.00";"0.00"
"2017";"2";"20";"1";"23";"1224";"282.";"9.2";"5.5";"89.";"8.";"0.00";"0.00";"0.00"
"2017";"2";"21";"2";"0";"1225";"282.";"9.4";"5.4";"86.";"4.";"0.00";"0.00";"0.00"
"2017";"2";"21";"2";"1";"1226";"280.";"9.3";"5.1";"85.";"4.";"0.00";"0.00";"0.00"
"2017";"2";"21";"2";"2";"1227";"280.";"9.5";"5.0";"88.";"6.";"0.00";"0.00";"0.00"
"2017";"2";"21";"2";"3";"1228";"281.";"9.9";"4.9";"83.";"4.";"0.00";"0.00";"0.00"
"2017";"2";"21";"2";"4";"1229";"284.";"8.5";"4.4";"81.";"3.";"0.00";"0.00";"0.00"
"2017";"2";"21";"2";"5";"1230";"283.";"8.7";"4.2";"81.";"3.";"0.00";"0.00";"0.00"
"2017";"2";"21";"2";"6";"1231";"282.";"8.0";"4.1";"82.";"8.";"0.00";"0.00";"0.00"
"2017";"2";"21";"2";"7";"1232";"283.";"9.4";"4.5";"80.";"6.";"0.00";"0.00";"0.00"
"2017";"2";"21";"2";"8";"1233";"284.";"9.4";"4.9";"79.";"8.";"32.45";"0.00";"32.45"
"2017";"2";"21";"2";"9";"1234";"290.";"9.4";"5.4";"76.";"6.";"111.04";"128.30";"79.82"
"2017";"2";"21";"2";"10";"1235";"290.";"8.8";"5.4";"74.";"5.";"181.95";"220.58";"113.22"
"2017";"2";"21";"2";"11";"1236";"293.";"8.0";"6.3";"71.";"1.";"319.30";"528.75";"135.82"
"2017";"2";"21";"2";"12";"1237";"287.";"7.9";"6.6";"69.";"4.";"239.31";"314.31";"130.25"
"2017";"2";"21";"2";"13";"1238";"284.";"7.1";"6.7";"70.";"4.";"205.83";"278.73";"118.97"
"2017";"2";"21";"2";"14";"1239";"285.";"5.8";"6.6";"72.";"2.";"182.10";"351.83";"96.51"
"2017";"2";"21";"2";"15";"1240";"303.";"4.2";"6.0";"76.";"0.";"102.42";"321.85";"55.23"
"2017";"2";"21";"2";"16";"1241";"294.";"2.8";"5.0";"81.";"7.";"0.00";"0.00";"0.00"
"2017";"2";"21";"2";"17";"1242";"304.";"0.8";"3.2";"87.";"7.";"0.00";"0.00";"0.00"
"2017";"2";"21";"2";"18";"1243";"246.";"0.7";"1.9";"91.";"8.";"0.00";"0.00";"0.00"
"2017";"2";"21";"2";"19";"1244";"243.";"2.4";"1.8";"92.";"7.";"0.00";"0.00";"0.00"
"2017";"2";"21";"2";"20";"1245";"251.";"2.7";"2.8";"92.";"7.";"0.00";"0.00";"0.00"
"2017";"2";"21";"2";"21";"1246";"245.";"3.1";"3.0";"92.";"7.";"0.00";"0.00";"0.00"
"2017";"2";"21";"2";"22";"1247";"224.";"3.0";"3.7";"92.";"8.";"0.00";"0.00";"0.00"
"2017";"2";"21";"2";"23";"1248";"214.";"3.7";"3.8";"94.";"8.";"0.00";"0.00";"0.00"
"2017";"2";"22";"3";"0";"1249";"204.";"5.0";"3.5";"95.";"8.";"0.00";"0.00";"0.00"
"2017";"2";"22";"3";"1";"1250";"190.";"6.1";"3.3";"95.";"8.";"0.00";"0.00";"0.00"
"2017";"2";"22";"3";"2";"1251";"169.";"7.8";"2.9";"94.";"8.";"0.00";"0.00";"0.00"
"2017";"2";"22";"3";"3";"1252";"165.";"8.5";"2.1";"95.";"8.";"0.00";"0.00";"0.00"
"2017";"2";"22";"3";"4";"1253";"169.";"10.9";"1.7";"95.";"8.";"0.00";"0.00";"0.00"
"2017";"2";"22";"3";"5";"1254";"194.";"10.5";"3.3";"97.";"8.";"0.00";"0.00";"0.00"
"2017";"2";"22";"3";"6";"1255";"236.";"8.8";"5.3";"96.";"7.";"0.00";"0.00";"0.00"
"2017";"2";"22";"3";"7";"1256";"268.";"10.1";"4.4";"88.";"6.";"0.00";"0.00";"0.00"
"2017";"2";"22";"3";"8";"1257";"271.";"10.4";"4.8";"83.";"4.";"74.30";"161.27";"49.77"
"2017";"2";"22";"3";"9";"1258";"269.";"10.7";"5.5";"80.";"3.";"169.41";"293.61";"96.34"
"2017";"2";"22";"3";"10";"1259";"263.";"9.8";"5.9";"76.";"3.";"230.65";"316.08";"130.36"
"2017";"2";"22";"3";"11";"1260";"260.";"9.6";"6.1";"75.";"4.";"234.99";"265.52";"141.34"
"2017";"2";"22";"3";"12";"1261";"258.";"9.6";"6.3";"72.";"5.";"205.40";"199.49";"135.04"
"2017";"2";"22";"3";"13";"1262";"256.";"9.4";"6.0";"73.";"8.";"91.66";"0.00";"91.66"
"2017";"2";"22";"3";"14";"1263";"255.";"9.5";"5.6";"75.";"7.";"89.15";"54.27";"75.64"
"2017";"2";"22";"3";"15";"1264";"252.";"9.9";"5.8";"75.";"8.";"33.53";"0.00";"33.53"
"2017";"2";"22";"3";"16";"1265";"252.";"9.7";"5.6";"77.";"8.";"0.00";"0.00";"0.00"
"2017";"2";"22";"3";"17";"1266";"250.";"10.1";"5.3";"79.";"8.";"0.00";"0.00";"0.00"
"2017";"2";"22";"3";"18";"1267";"247.";"11.2";"5.0";"82.";"8.";"0.00";"0.00";"0.00"
"2017";"2";"22";"3";"19";"1268";"249.";"10.2";"4.9";"83.";"8.";"0.00";"0.00";"0.00"
"2017";"2";"22";"3";"20";"1269";"252.";"8.9";"5.1";"83.";"8.";"0.00";"0.00";"0.00"
"2017";"2";"22";"3";"21";"1270";"267.";"11.0";"5.5";"83.";"8.";"0.00";"0.00";"0.00"
"2017";"2";"22";"3";"22";"1271";"272.";"10.9";"5.6";"83.";"8.";"0.00";"0.00";"0.00"
"2017";"2";"22";"3";"23";"1272";"277.";"10.6";"5.6";"82.";"7.";"0.00";"0.00";"0.00"
"2017";"2";"23";"4";"0";"1273";"282.";"8.9";"5.4";"84.";"5.";"0.00";"0.00";"0.00"
"2017";"2";"23";"4";"1";"1274";"296.";"7.0";"4.8";"82.";"2.";"0.00";"0.00";"0.00"
"2017";"2";"23";"4";"2";"1275";"313.";"4.6";"3.9";"80.";"0.";"0.00";"0.00";"0.00"
"2017";"2";"23";"4";"3";"1276";"324.";"3.8";"2.9";"82.";"0.";"0.00";"0.00";"0.00"
"2017";"2";"23";"4";"4";"1277";"333.";"2.7";"2.2";"80.";"0.";"0.00";"0.00";"0.00"
"2017";"2";"23";"4";"5";"1278";"355.";"1.9";"1.2";"80.";"3.";"0.00";"0.00";"0.00"
"2017";"2";"23";"4";"6";"1279";"322.";"2.2";"1.0";"78.";"7.";"0.00";"0.00";"0.00"
"2017";"2";"23";"4";"7";"1280";"323.";"1.2";"1.7";"74.";"8.";"1.66";"0.00";"1.66"
"2017";"2";"23";"4";"8";"1281";"15.";"1.0";"2.4";"70.";"8.";"40.73";"0.00";"40.73"
"2017";"2";"23";"4";"9";"1282";"79.";"1.0";"3.5";"60.";"8.";"78.36";"0.00";"78.36"
"2017";"2";"23";"4";"10";"1283";"92.";"2.8";"3.8";"52.";"8.";"105.75";"0.00";"105.75"
"2017";"2";"23";"4";"11";"1284";"87.";"3.5";"4.2";"49.";"7.";"263.13";"108.19";"224.35"
"2017";"2";"23";"4";"12";"1285";"85.";"3.4";"4.5";"46.";"8.";"241.97";"0.00";"241.97"
"2017";"2";"23";"4";"13";"1286";"84.";"4.1";"4.4";"48.";"6.";"250.85";"212.72";"182.14"
"2017";"2";"23";"4";"14";"1287";"88.";"4.9";"4.1";"51.";"6.";"131.35";"194.00";"81.98"
"2017";"2";"23";"4";"15";"1288";"89.";"4.8";"3.6";"53.";"7.";"57.92";"76.73";"45.82"
"2017";"2";"23";"4";"16";"1289";"81.";"3.9";"3.0";"55.";"6.";"4.89";"28.25";"3.79"
"2017";"2";"23";"4";"17";"1290";"78.";"4.0";"2.4";"56.";"7.";"0.00";"0.00";"0.00"
"2017";"2";"23";"4";"18";"1291";"74.";"4.2";"2.0";"55.";"8.";"0.00";"0.00";"0.00"
"2017";"2";"23";"4";"19";"1292";"71.";"3.8";"1.5";"54.";"7.";"0.00";"0.00";"0.00"
"2017";"2";"23";"4";"20";"1293";"71.";"4.4";"1.0";"51.";"7.";"0.00";"0.00";"0.00"
"2017";"2";"23";"4";"21";"1294";"56.";"4.2";"0.8";"48.";"7.";"0.00";"0.00";"0.00"
"2017";"2";"23";"4";"22";"1295";"50.";"4.7";"0.7";"48.";"7.";"0.00";"0.00";"0.00"
"2017";"2";"23";"4";"23";"1296";"47.";"4.6";"0.4";"48.";"7.";"0.00";"0.00";"0.00"
"2017";"2";"24";"5";"0";"1297";"37.";"4.5";"-0.1";"51.";"7.";"0.00";"0.00";"0.00"
"2017";"2";"24";"5";"1";"1298";"30.";"4.2";"-0.5";"54.";"6.";"0.00";"0.00";"0.00"
"2017";"2";"24";"5";"2";"1299";"19.";"3.7";"-1.1";"59.";"6.";"0.00";"0.00";"0.00"
"2017";"2";"24";"5";"3";"1300";"357.";"3.4";"-1.5";"63.";"7.";"0.00";"0.00";"0.00"
"2017";"2";"24";"5";"4";"1301";"350.";"2.8";"-2.0";"62.";"6.";"0.00";"0.00";"0.00"
"2017";"2";"24";"5";"5";"1302";"1.";"2.7";"-2.4";"61.";"0.";"0.00";"0.00";"0.00"
"2017";"2";"24";"5";"6";"1303";"358.";"2.2";"-2.8";"64.";"0.";"0.00";"0.00";"0.00"
"2017";"2";"24";"5";"7";"1304";"350.";"2.0";"-2.9";"66.";"0.";"18.10";"186.17";"9.84"
"2017";"2";"24";"5";"8";"1305";"351.";"2.2";"-1.6";"59.";"0.";"146.92";"606.73";"47.91"
"2017";"2";"24";"5";"9";"1306";"323.";"1.8";"-0.2";"52.";"0.";"265.93";"748.37";"71.22"
"2017";"2";"24";"5";"10";"1307";"301.";"2.2";"1.1";"48.";"0.";"352.66";"810.16";"86.30"
"2017";"2";"24";"5";"11";"1308";"295.";"3.4";"2.0";"45.";"0.";"399.92";"856.80";"87.81"
"2017";"2";"24";"5";"12";"1309";"313.";"4.0";"2.5";"44.";"0.";"402.24";"884.53";"80.02"
"2017";"2";"24";"5";"13";"1310";"306.";"4.4";"2.3";"46.";"0.";"349.54";"778.79";"93.49"
"2017";"2";"24";"5";"14";"1311";"297.";"4.7";"2.7";"48.";"0.";"263.76";"734.95";"72.54"
"2017";"2";"24";"5";"15";"1312";"290.";"5.3";"2.4";"51.";"0.";"145.38";"606.75";"46.37"
"2017";"2";"24";"5";"16";"1313";"293.";"3.8";"1.6";"54.";"0.";"16.34";"175.88";"8.53"
"2017";"2";"24";"5";"17";"1314";"299.";"2.9";"0.4";"60.";"1.";"0.00";"0.00";"0.00"
"2017";"2";"24";"5";"18";"1315";"300.";"2.6";"-0.6";"65.";"0.";"0.00";"0.00";"0.00"
"2017";"2";"24";"5";"19";"1316";"290.";"2.3";"-1.9";"71.";"0.";"0.00";"0.00";"0.00"
"2017";"2";"24";"5";"20";"1317";"281.";"1.8";"-2.4";"75.";"0.";"0.00";"0.00";"0.00"
"2017";"2";"24";"5";"21";"1318";"276.";"2.3";"-2.6";"78.";"0.";"0.00";"0.00";"0.00"
"2017";"2";"24";"5";"22";"1319";"321.";"1.9";"-3.4";"83.";"0.";"0.00";"0.00";"0.00"
"2017";"2";"24";"5";"23";"1320";"319.";"2.3";"-3.8";"81.";"0.";"0.00";"0.00";"0.00"
"2017";"2";"25";"6";"0";"1321";"349.";"1.6";"-3.6";"81.";"0.";"0.00";"0.00";"0.00"
"2017";"2";"25";"6";"1";"1322";"348.";"1.5";"-4.6";"82.";"1.";"0.00";"0.00";"0.00"
"2017";"2";"25";"6";"2";"1323";"329.";"1.3";"-5.3";"83.";"0.";"0.00";"0.00";"0.00"
"2017";"2";"25";"6";"3";"1324";"338.";"1.3";"-4.9";"83.";"0.";"0.00";"0.00";"0.00"
"2017";"2";"25";"6";"4";"1325";"326.";"1.1";"-5.3";"84.";"0.";"0.00";"0.00";"0.00"
"2017";"2";"25";"6";"5";"1326";"26.";"0.2";"-6.1";"85.";"1.";"0.00";"0.00";"0.00"
"2017";"2";"25";"6";"6";"1327";"134.";"0.5";"-6.4";"86.";"0.";"0.00";"0.00";"0.00"
"2017";"2";"25";"6";"7";"1328";"166.";"0.9";"-5.9";"86.";"1.";"20.71";"184.00";"11.54"
"2017";"2";"25";"6";"8";"1329";"137.";"1.5";"-3.1";"80.";"1.";"138.11";"493.39";"54.83"
"2017";"2";"25";"6";"9";"1330";"170.";"2.1";"0.8";"68.";"2.";"229.99";"570.42";"78.32"
"2017";"2";"25";"6";"10";"1331";"191.";"3.1";"2.4";"64.";"4.";"290.01";"391.83";"158.92"
"2017";"2";"25";"6";"11";"1332";"190.";"4.5";"2.8";"59.";"5.";"312.33";"323.16";"192.72"
"2017";"2";"25";"6";"12";"1333";"191.";"5.4";"3.1";"60.";"6.";"292.02";"215.66";"212.20"
"2017";"2";"25";"6";"13";"1334";"176.";"6.2";"2.9";"66.";"8.";"108.58";"0.00";"108.58"
"2017";"2";"25";"6";"14";"1335";"176.";"6.3";"2.4";"82.";"8.";"75.76";"0.00";"75.76"
"2017";"2";"25";"6";"15";"1336";"177.";"7.4";"1.7";"93.";"8.";"21.89";"0.00";"21.89"
"2017";"2";"25";"6";"16";"1337";"182.";"8.3";"1.4";"95.";"8.";"1.37";"0.00";"1.37"
"2017";"2";"25";"6";"17";"1338";"190.";"8.8";"1.2";"96.";"8.";"0.00";"0.00";"0.00"
"2017";"2";"25";"6";"18";"1339";"191.";"8.6";"0.7";"96.";"8.";"0.00";"0.00";"0.00"
"2017";"2";"25";"6";"19";"1340";"194.";"8.2";"0.7";"97.";"8.";"0.00";"0.00";"0.00"
"2017";"2";"25";"6";"20";"1341";"198.";"8.3";"1.7";"96.";"8.";"0.00";"0.00";"0.00"
"2017";"2";"25";"6";"21";"1342";"202.";"8.0";"2.5";"96.";"8.";"0.00";"0.00";"0.00"
"2017";"2";"25";"6";"22";"1343";"208.";"7.1";"3.1";"97.";"8.";"0.00";"0.00";"0.00"
"2017";"2";"25";"6";"23";"1344";"223.";"6.4";"3.8";"97.";"8.";"0.00";"0.00";"0.00"
"2017";"2";"26";"7";"0";"1345";"228.";"5.8";"4.2";"97.";"8.";"0.00";"0.00";"0.00"
"2017";"2";"26";"7";"1";"1346";"229.";"5.9";"4.4";"98.";"8.";"0.00";"0.00";"0.00"
"2017";"2";"26";"7";"2";"1347";"235.";"5.3";"4.6";"98.";"7.";"0.00";"0.00";"0.00"
"2017";"2";"26";"7";"3";"1348";"243.";"5.2";"4.8";"98.";"8.";"0.00";"0.00";"0.00"
"2017";"2";"26";"7";"4";"1349";"263.";"4.3";"4.6";"97.";"8.";"0.00";"0.00";"0.00"
"2017";"2";"26";"7";"5";"1350";"257.";"5.1";"4.4";"97.";"7.";"0.00";"0.00";"0.00"
"2017";"2";"26";"7";"6";"1351";"258.";"4.5";"4.2";"97.";"8.";"0.00";"0.00";"0.00"
"2017";"2";"26";"7";"7";"1352";"262.";"5.0";"3.6";"97.";"8.";"2.38";"0.00";"2.38"
"2017";"2";"26";"7";"8";"1353";"260.";"4.3";"3.4";"98.";"7.";"43.86";"9.96";"42.12"
"2017";"2";"26";"7";"9";"1354";"259.";"4.1";"3.7";"98.";"8.";"67.64";"0.00";"67.64"
"2017";"2";"26";"7";"10";"1355";"252.";"3.4";"3.8";"98.";"8.";"89.22";"0.00";"89.22"
"2017";"2";"26";"7";"11";"1356";"247.";"4.2";"3.5";"98.";"8.";"103.69";"0.00";"103.69"
"2017";"2";"26";"7";"12";"1357";"240.";"2.8";"3.5";"98.";"8.";"91.84";"0.00";"91.84"
"2017";"2";"26";"7";"13";"1358";"238.";"2.1";"3.8";"98.";"8.";"92.91";"0.00";"92.91"
"2017";"2";"26";"7";"14";"1359";"248.";"1.3";"4.1";"96.";"8.";"71.18";"0.00";"71.18"
"2017";"2";"26";"7";"15";"1360";"184.";"1.0";"4.4";"96.";"7.";"45.01";"15.46";"42.31"
"2017";"2";"26";"7";"16";"1361";"199.";"1.3";"4.7";"95.";"8.";"1.89";"0.00";"1.89"
"2017";"2";"26";"7";"17";"1362";"173.";"1.7";"4.6";"96.";"7.";"0.00";"0.00";"0.00"
"2017";"2";"26";"7";"18";"1363";"171.";"2.0";"4.6";"96.";"8.";"0.00";"0.00";"0.00"
"2017";"2";"26";"7";"19";"1364";"165.";"2.1";"4.6";"96.";"7.";"0.00";"0.00";"0.00"
"2017";"2";"26";"7";"20";"1365";"177.";"2.3";"4.5";"97.";"8.";"0.00";"0.00";"0.00"
"2017";"2";"26";"7";"21";"1366";"183.";"3.4";"4.4";"98.";"7.";"0.00";"0.00";"0.00"
"2017";"2";"26";"7";"22";"1367";"183.";"2.9";"4.7";"98.";"8.";"0.00";"0.00";"0.00"
"2017";"2";"26";"7";"23";"1368";"190.";"3.4";"5.0";"97.";"8.";"0.00";"0.00";"0.00"
"2017";"2";"27";"1";"0";"1369";"186.";"4.2";"5.0";"98.";"8.";"0.00";"0.00";"0.00"
"2017";"2";"27";"1";"1";"1370";"183.";"4.8";"5.0";"97.";"8.";"0.00";"0.00";"0.00"
"2017";"2";"27";"1";"2";"1371";"183.";"4.8";"4.9";"97.";"8.";"0.00";"0.00";"0.00"
"2017";"2";"27";"1";"3";"1372";"184.";"5.6";"4.9";"97.";"8.";"0.00";"0.00";"0.00"
"2017";"2";"27";"1";"4";"1373";"194.";"6.0";"5.0";"97.";"8.";"0.00";"0.00";"0.00"
"2017";"2";"27";"1";"5";"1374";"200.";"6.7";"5.2";"97.";"8.";"0.00";"0.00";"0.00"
"2017";"2";"27";"1";"6";"1375";"202.";"7.0";"5.3";"97.";"8.";"0.00";"0.00";"0.00"
"2017";"2";"27";"1";"7";"1376";"207.";"6.8";"5.4";"97.";"8.";"1.51";"0.00";"1.51"
"2017";"2";"27";"1";"8";"1377";"207.";"6.7";"5.4";"97.";"8.";"22.48";"0.00";"22.48"
"2017";"2";"27";"1";"9";"1378";"200.";"6.3";"5.5";"96.";"8.";"75.34";"0.00";"75.34"
"2017";"2";"27";"1";"10";"1379";"197.";"6.1";"6.0";"96.";"8.";"97.71";"0.00";"97.71"
"2017";"2";"27";"1";"11";"1380";"197.";"5.6";"6.0";"95.";"8.";"113.78";"0.00";"113.78"
"2017";"2";"27";"1";"12";"1381";"187.";"4.3";"5.8";"96.";"8.";"64.68";"0.00";"64.68"
"2017";"2";"27";"1";"13";"1382";"175.";"4.0";"5.5";"96.";"8.";"54.76";"0.00";"54.76"
"2017";"2";"27";"1";"14";"1383";"181.";"4.4";"5.7";"97.";"8.";"40.78";"0.00";"40.78"
"2017";"2";"27";"1";"15";"1384";"185.";"4.4";"5.6";"97.";"8.";"20.23";"0.00";"20.23"
"2017";"2";"27";"1";"16";"1385";"181.";"4.6";"5.7";"97.";"8.";"1.36";"0.00";"1.36"
"2017";"2";"27";"1";"17";"1386";"180.";"4.7";"6.1";"97.";"8.";"0.00";"0.00";"0.00"
"2017";"2";"27";"1";"18";"1387";"170.";"5.8";"6.2";"96.";"8.";"0.00";"0.00";"0.00"
"2017";"2";"27";"1";"19";"1388";"167.";"6.1";"6.6";"95.";"8.";"0.00";"0.00";"0.00"
"2017";"2";"27";"1";"20";"1389";"161.";"6.5";"6.7";"92.";"8.";"0.00";"0.00";"0.00"
"2017";"2";"27";"1";"21";"1390";"154.";"6.4";"6.8";"89.";"8.";"0.00";"0.00";"0.00"
"2017";"2";"27";"1";"22";"1391";"150.";"5.8";"7.1";"87.";"8.";"0.00";"0.00";"0.00"
"2017";"2";"27";"1";"23";"1392";"143.";"6.3";"7.2";"85.";"7.";"0.00";"0.00";"0.00"
"2017";"2";"28";"2";"0";"1393";"150.";"6.4";"7.3";"84.";"7.";"0.00";"0.00";"0.00"
"2017";"2";"28";"2";"1";"1394";"153.";"7.4";"6.8";"88.";"8.";"0.00";"0.00";"0.00"
"2017";"2";"28";"2";"2";"1395";"159.";"8.3";"6.5";"90.";"8.";"0.00";"0.00";"0.00"
"2017";"2";"28";"2";"3";"1396";"156.";"7.0";"6.5";"88.";"8.";"0.00";"0.00";"0.00"
"2017";"2";"28";"2";"4";"1397";"166.";"6.5";"6.4";"86.";"8.";"0.00";"0.00";"0.00"
"2017";"2";"28";"2";"5";"1398";"186.";"6.1";"5.0";"93.";"8.";"0.00";"0.00";"0.00"
"2017";"2";"28";"2";"6";"1399";"183.";"5.8";"4.7";"92.";"8.";"0.00";"0.00";"0.00"
"2017";"2";"28";"2";"7";"1400";"190.";"4.9";"4.7";"88.";"8.";"6.29";"0.00";"6.29"
"2017";"2";"28";"2";"8";"1401";"183.";"5.8";"4.8";"88.";"7.";"63.91";"71.58";"50.61"
"2017";"2";"28";"2";"9";"1402";"187.";"7.2";"4.5";"87.";"8.";"79.92";"0.00";"79.92"
"2017";"2";"28";"2";"10";"1403";"179.";"7.0";"5.2";"84.";"8.";"111.34";"0.00";"111.34"
"2017";"2";"28";"2";"11";"1404";"183.";"7.4";"4.9";"83.";"8.";"126.25";"0.00";"126.25"
"2017";"2";"28";"2";"12";"1405";"181.";"7.4";"5.4";"81.";"4.";"282.70";"392.44";"130.50"
"2017";"2";"28";"2";"13";"1406";"186.";"7.1";"5.6";"78.";"5.";"218.96";"280.43";"120.20"
"2017";"2";"28";"2";"14";"1407";"184.";"7.4";"4.8";"79.";"6.";"142.40";"177.89";"92.01"
"2017";"2";"28";"2";"15";"1408";"176.";"7.4";"4.7";"79.";"8.";"48.13";"0.00";"48.13"
"2017";"2";"28";"2";"16";"1409";"177.";"7.1";"4.5";"81.";"8.";"7.16";"0.00";"7.16"
"2017";"2";"28";"2";"17";"1410";"182.";"6.9";"4.1";"84.";"8.";"0.00";"0.00";"0.00"
"2017";"2";"28";"2";"18";"1411";"182.";"6.2";"3.6";"86.";"8.";"0.00";"0.00";"0.00"
"2017";"2";"28";"2";"19";"1412";"177.";"6.1";"3.0";"88.";"8.";"0.00";"0.00";"0.00"
"2017";"2";"28";"2";"20";"1413";"180.";"6.8";"3.1";"88.";"8.";"0.00";"0.00";"0.00"
"2017";"2";"28";"2";"21";"1414";"178.";"8.5";"3.4";"85.";"8.";"0.00";"0.00";"0.00"
"2017";"2";"28";"2";"22";"1415";"176.";"8.6";"3.5";"83.";"6.";"0.00";"0.00";"0.00"
"2017";"2";"28";"2";"23";"1416";"175.";"9.1";"3.5";"82.";"6.";"0.00";"0.00";"0.00"
"2017";"3";"1";"3";"0";"1417";"176.";"10.3";"2.6";"88.";"8.";"0.00";"0.00";"0.00"
"2017";"3";"1";"3";"1";"1418";"176.";"10.7";"2.4";"92.";"8.";"0.00";"0.00";"0.00"
"2017";"3";"1";"3";"2";"1419";"194.";"10.2";"3.0";"92.";"8.";"0.00";"0.00";"0.00"
"2017";"3";"1";"3";"3";"1420";"201.";"9.8";"3.4";"92.";"8.";"0.00";"0.00";"0.00"
"2017";"3";"1";"3";"4";"1421";"201.";"9.0";"3.5";"91.";"8.";"0.00";"0.00";"0.00"
"2017";"3";"1";"3";"5";"1422";"206.";"8.8";"3.6";"93.";"8.";"0.00";"0.00";"0.00"
"2017";"3";"1";"3";"6";"1423";"214.";"8.7";"4.1";"93.";"8.";"0.00";"0.00";"0.00"
"2017";"3";"1";"3";"7";"1424";"216.";"8.4";"4.2";"93.";"8.";"3.19";"0.00";"3.19"
"2017";"3";"1";"3";"8";"1425";"218.";"7.4";"4.5";"92.";"8.";"25.45";"0.00";"25.45"
"2017";"3";"1";"3";"9";"1426";"219.";"7.1";"4.9";"92.";"8.";"75.37";"0.00";"75.37"
"2017";"3";"1";"3";"10";"1427";"215.";"8.2";"5.0";"91.";"8.";"97.97";"0.00";"97.97"
"2017";"3";"1";"3";"11";"1428";"214.";"8.5";"5.1";"88.";"8.";"115.68";"0.00";"115.68"
"2017";"3";"1";"3";"12";"1429";"218.";"9.0";"5.0";"85.";"8.";"114.26";"0.00";"114.26"
"2017";"3";"1";"3";"13";"1430";"217.";"8.7";"4.7";"87.";"8.";"104.27";"0.00";"104.27"
"2017";"3";"1";"3";"14";"1431";"216.";"8.5";"3.7";"91.";"8.";"43.68";"0.00";"43.68"
"2017";"3";"1";"3";"15";"1432";"227.";"6.3";"3.1";"92.";"8.";"27.22";"0.00";"27.22"
"2017";"3";"1";"3";"16";"1433";"239.";"5.0";"3.5";"93.";"8.";"6.14";"0.00";"6.14"
"2017";"3";"1";"3";"17";"1434";"250.";"5.1";"3.5";"92.";"7.";"0.00";"0.00";"0.00"
"2017";"3";"1";"3";"18";"1435";"237.";"5.2";"4.0";"90.";"8.";"0.00";"0.00";"0.00"
"2017";"3";"1";"3";"19";"1436";"243.";"5.9";"4.1";"89.";"8.";"0.00";"0.00";"0.00"
"2017";"3";"1";"3";"20";"1437";"247.";"5.3";"3.8";"89.";"6.";"0.00";"0.00";"0.00"
"2017";"3";"1";"3";"21";"1438";"244.";"4.8";"3.5";"90.";"2.";"0.00";"0.00";"0.00"
"2017";"3";"1";"3";"22";"1439";"237.";"4.2";"3.2";"91.";"5.";"0.00";"0.00";"0.00"
"2017";"3";"1";"3";"23";"1440";"237.";"4.2";"2.9";"91.";"5.";"0.00";"0.00";"0.00"
"2017";"3";"2";"4";"0";"1441";"239.";"3.9";"2.7";"93.";"2.";"0.00";"0.00";"0.00"
"2017";"3";"2";"4";"1";"1442";"228.";"3.4";"2.7";"94.";"4.";"0.00";"0.00";"0.00"
"2017";"3";"2";"4";"2";"1443";"226.";"3.3";"2.8";"94.";"5.";"0.00";"0.00";"0.00"
"2017";"3";"2";"4";"3";"1444";"218.";"3.7";"3.0";"94.";"8.";"0.00";"0.00";"0.00"
"2017";"3";"2";"4";"4";"1445";"207.";"3.8";"3.1";"94.";"8.";"0.00";"0.00";"0.00"
"2017";"3";"2";"4";"5";"1446";"196.";"3.1";"3.1";"94.";"8.";"0.00";"0.00";"0.00"
"2017";"3";"2";"4";"6";"1447";"191.";"3.0";"2.9";"93.";"7.";"0.00";"0.00";"0.00"
"2017";"3";"2";"4";"7";"1448";"188.";"2.9";"3.0";"93.";"6.";"13.31";"40.95";"10.12"
"2017";"3";"2";"4";"8";"1449";"192.";"4.1";"3.0";"90.";"7.";"63.32";"57.29";"52.01"
"2017";"3";"2";"4";"9";"1450";"190.";"3.8";"3.3";"90.";"8.";"82.67";"0.00";"82.67"
"2017";"3";"2";"4";"10";"1451";"196.";"3.4";"3.7";"89.";"8.";"109.24";"0.00";"109.24"
"2017";"3";"2";"4";"11";"1452";"203.";"3.1";"3.8";"87.";"7.";"166.21";"88.74";"130.73"
"2017";"3";"2";"4";"12";"1453";"202.";"2.8";"4.0";"85.";"8.";"124.03";"0.00";"124.03"
"2017";"3";"2";"4";"13";"1454";"205.";"2.8";"4.4";"81.";"7.";"148.88";"87.76";"116.93"
"2017";"3";"2";"4";"14";"1455";"202.";"2.7";"3.9";"82.";"6.";"138.47";"147.19";"95.05"
"2017";"3";"2";"4";"15";"1456";"191.";"2.6";"3.5";"83.";"7.";"63.51";"56.56";"52.34"
"2017";"3";"2";"4";"16";"1457";"195.";"2.4";"3.4";"86.";"7.";"11.10";"19.57";"9.58"
"2017";"3";"2";"4";"17";"1458";"193.";"2.2";"3.1";"90.";"6.";"0.00";"0.00";"0.00"
"2017";"3";"2";"4";"18";"1459";"193.";"1.9";"2.9";"91.";"6.";"0.00";"0.00";"0.00"
"2017";"3";"2";"4";"19";"1460";"196.";"3.4";"3.0";"92.";"8.";"0.00";"0.00";"0.00"
"2017";"3";"2";"4";"20";"1461";"208.";"4.5";"3.5";"91.";"8.";"0.00";"0.00";"0.00"
"2017";"3";"2";"4";"21";"1462";"220.";"5.4";"4.1";"87.";"7.";"0.00";"0.00";"0.00"
"2017";"3";"2";"4";"22";"1463";"226.";"6.0";"4.3";"88.";"8.";"0.00";"0.00";"0.00"
"2017";"3";"2";"4";"23";"1464";"233.";"6.7";"4.2";"91.";"8.";"0.00";"0.00";"0.00"
"2017";"3";"3";"5";"0";"1465";"239.";"6.7";"4.3";"91.";"7.";"0.00";"0.00";"0.00"
"2017";"3";"3";"5";"1";"1466";"244.";"6.5";"4.3";"91.";"8.";"0.00";"0.00";"0.00"
"2017";"3";"3";"5";"2";"1467";"245.";"6.8";"3.9";"90.";"8.";"0.00";"0.00";"0.00"
"2017";"3";"3";"5";"3";"1468";"247.";"7.5";"3.7";"89.";"8.";"0.00";"0.00";"0.00"
"2017";"3";"3";"5";"4";"1469";"247.";"7.1";"3.6";"90.";"8.";"0.00";"0.00";"0.00"
"2017";"3";"3";"5";"5";"1470";"244.";"6.3";"4.4";"91.";"8.";"0.00";"0.00";"0.00"
"2017";"3";"3";"5";"6";"1471";"241.";"6.3";"4.1";"90.";"8.";"0.00";"0.00";"0.00"
"2017";"3";"3";"5";"7";"1472";"246.";"5.9";"4.4";"90.";"8.";"8.72";"0.00";"8.72"
"2017";"3";"3";"5";"8";"1473";"245.";"5.8";"4.8";"88.";"7.";"63.51";"51.35";"53.08"
"2017";"3";"3";"5";"9";"1474";"235.";"6.9";"5.5";"85.";"6.";"137.94";"135.24";"97.24"
"2017";"3";"3";"5";"10";"1475";"241.";"6.2";"5.7";"83.";"6.";"179.56";"145.18";"125.84"
"2017";"3";"3";"5";"11";"1476";"234.";"5.9";"6.2";"81.";"7.";"163.13";"76.25";"132.19"
"2017";"3";"3";"5";"12";"1477";"235.";"6.0";"6.7";"79.";"7.";"163.56";"77.41";"132.15"
"2017";"3";"3";"5";"13";"1478";"235.";"5.8";"6.5";"78.";"7.";"144.96";"72.27";"118.22"
"2017";"3";"3";"5";"14";"1479";"231.";"5.7";"6.1";"78.";"7.";"112.51";"69.81";"91.51"
"2017";"3";"3";"5";"15";"1480";"227.";"4.9";"5.4";"83.";"8.";"48.29";"0.00";"48.29"
"2017";"3";"3";"5";"16";"1481";"217.";"4.1";"5.1";"87.";"8.";"8.86";"0.00";"8.86"
"2017";"3";"3";"5";"17";"1482";"208.";"2.9";"4.4";"89.";"8.";"0.00";"0.00";"0.00"
"2017";"3";"3";"5";"18";"1483";"203.";"2.3";"3.9";"94.";"8.";"0.00";"0.00";"0.00"
"2017";"3";"3";"5";"19";"1484";"213.";"2.0";"4.0";"94.";"8.";"0.00";"0.00";"0.00"
"2017";"3";"3";"5";"20";"1485";"196.";"1.8";"4.0";"95.";"8.";"0.00";"0.00";"0.00"
"2017";"3";"3";"5";"21";"1486";"208.";"2.1";"4.1";"95.";"8.";"0.00";"0.00";"0.00"
"2017";"3";"3";"5";"22";"1487";"207.";"2.0";"4.3";"95.";"8.";"0.00";"0.00";"0.00"
"2017";"3";"3";"5";"23";"1488";"215.";"1.6";"4.4";"96.";"8.";"0.00";"0.00";"0.00"
"2017";"3";"4";"6";"0";"1489";"213.";"1.4";"4.4";"96.";"8.";"0.00";"0.00";"0.00"
"2017";"3";"4";"6";"1";"1490";"181.";"1.0";"4.3";"97.";"8.";"0.00";"0.00";"0.00"
"2017";"3";"4";"6";"2";"1491";"200.";"1.2";"4.2";"97.";"8.";"0.00";"0.00";"0.00"
"2017";"3";"4";"6";"3";"1492";"173.";"1.7";"4.2";"96.";"8.";"0.00";"0.00";"0.00"
"2017";"3";"4";"6";"4";"1493";"148.";"2.1";"4.2";"96.";"8.";"0.00";"0.00";"0.00"
"2017";"3";"4";"6";"5";"1494";"131.";"2.5";"3.9";"96.";"8.";"0.00";"0.00";"0.00"
"2017";"3";"4";"6";"6";"1495";"123.";"2.2";"3.8";"96.";"7.";"0.00";"0.00";"0.00"
"2017";"3";"4";"6";"7";"1496";"113.";"2.1";"4.0";"96.";"8.";"9.22";"0.00";"9.22"
"2017";"3";"4";"6";"8";"1497";"119.";"2.6";"4.3";"95.";"8.";"47.92";"0.00";"47.92"
"2017";"3";"4";"6";"9";"1498";"113.";"2.3";"4.8";"93.";"8.";"86.25";"0.00";"86.25"
"2017";"3";"4";"6";"10";"1499";"127.";"2.1";"5.3";"90.";"8.";"112.51";"0.00";"112.51"
"2017";"3";"4";"6";"11";"1500";"126.";"2.0";"5.5";"87.";"8.";"72.57";"0.00";"72.57"
"2017";"3";"4";"6";"12";"1501";"123.";"2.7";"6.2";"78.";"8.";"130.61";"0.00";"130.61"
"2017";"3";"4";"6";"13";"1502";"123.";"3.1";"6.5";"75.";"8.";"236.91";"0.00";"236.91"
"2017";"3";"4";"6";"14";"1503";"95.";"3.2";"6.8";"76.";"8.";"180.71";"0.00";"180.71"
"2017";"3";"4";"6";"15";"1504";"88.";"3.9";"6.6";"73.";"7.";"70.21";"66.92";"56.22"
"2017";"3";"4";"6";"16";"1505";"88.";"4.2";"6.5";"75.";"7.";"15.16";"27.75";"12.68"
"2017";"3";"4";"6";"17";"1506";"92.";"4.7";"6.3";"78.";"8.";"0.00";"0.00";"0.00"
"2017";"3";"4";"6";"18";"1507";"93.";"4.7";"5.9";"82.";"8.";"0.00";"0.00";"0.00"
"2017";"3";"4";"6";"19";"1508";"91.";"5.0";"5.1";"86.";"8.";"0.00";"0.00";"0.00"
"2017";"3";"4";"6";"20";"1509";"90.";"5.2";"4.3";"88.";"8.";"0.00";"0.00";"0.00"
"2017";"3";"4";"6";"21";"1510";"92.";"5.7";"3.5";"89.";"8.";"0.00";"0.00";"0.00"
"2017";"3";"4";"6";"22";"1511";"88.";"5.9";"3.1";"88.";"8.";"0.00";"0.00";"0.00"
"2017";"3";"4";"6";"23";"1512";"86.";"6.7";"3.0";"87.";"8.";"0.00";"0.00";"0.00"
"2017";"3";"5";"7";"0";"1513";"85.";"6.5";"3.0";"87.";"8.";"0.00";"0.00";"0.00"
"2017";"3";"5";"7";"1";"1514";"85.";"7.0";"2.5";"89.";"8.";"0.00";"0.00";"0.00"
"2017";"3";"5";"7";"2";"1515";"85.";"6.6";"2.1";"89.";"8.";"0.00";"0.00";"0.00"
"2017";"3";"5";"7";"3";"1516";"80.";"6.3";"1.4";"91.";"7.";"0.00";"0.00";"0.00"
"2017";"3";"5";"7";"4";"1517";"80.";"6.7";"1.2";"92.";"8.";"0.00";"0.00";"0.00"
"2017";"3";"5";"7";"5";"1518";"81.";"6.9";"1.0";"91.";"8.";"0.00";"0.00";"0.00"
"2017";"3";"5";"7";"6";"1519";"82.";"7.5";"1.3";"88.";"8.";"0.00";"0.00";"0.00"
"2017";"3";"5";"7";"7";"1520";"82.";"7.5";"1.6";"86.";"8.";"15.60";"0.00";"15.60"
"2017";"3";"5";"7";"8";"1521";"83.";"7.2";"1.6";"86.";"8.";"55.33";"0.00";"55.33"
"2017";"3";"5";"7";"9";"1522";"83.";"6.7";"1.9";"86.";"8.";"55.81";"0.00";"55.81"
"2017";"3";"5";"7";"10";"1523";"83.";"7.0";"2.2";"85.";"8.";"125.58";"0.00";"125.58"
"2017";"3";"5";"7";"11";"1524";"84.";"7.0";"2.4";"82.";"8.";"140.29";"0.00";"140.29"
"2017";"3";"5";"7";"12";"1525";"84.";"7.3";"2.5";"83.";"8.";"140.16";"0.00";"140.16"
"2017";"3";"5";"7";"13";"1526";"83.";"7.9";"2.3";"82.";"8.";"122.48";"0.00";"122.48"
"2017";"3";"5";"7";"14";"1527";"85.";"7.0";"1.5";"84.";"8.";"50.84";"0.00";"50.84"
"2017";"3";"5";"7";"15";"1528";"82.";"5.8";"0.4";"91.";"8.";"28.17";"0.00";"28.17"
"2017";"3";"5";"7";"16";"1529";"90.";"5.4";"0.4";"90.";"8.";"8.24";"0.00";"8.24"
"2017";"3";"5";"7";"17";"1530";"87.";"6.5";"-0.1";"91.";"8.";"0.00";"0.00";"0.00"
"2017";"3";"5";"7";"18";"1531";"83.";"6.3";"-0.4";"91.";"8.";"0.00";"0.00";"0.00"
"2017";"3";"5";"7";"19";"1532";"83.";"6.6";"-0.9";"92.";"8.";"0.00";"0.00";"0.00"
"2017";"3";"5";"7";"20";"1533";"82.";"6.9";"-1.1";"92.";"8.";"0.00";"0.00";"0.00"
"2017";"3";"5";"7";"21";"1534";"83.";"6.7";"-1.2";"91.";"8.";"0.00";"0.00";"0.00"
"2017";"3";"5";"7";"22";"1535";"82.";"6.1";"-1.3";"91.";"8.";"0.00";"0.00";"0.00"
"2017";"3";"5";"7";"23";"1536";"81.";"6.3";"-1.5";"91.";"8.";"0.00";"0.00";"0.00"
"2017";"3";"6";"1";"0";"1537";"78.";"5.8";"-1.6";"91.";"8.";"0.00";"0.00";"0.00"
"2017";"3";"6";"1";"1";"1538";"74.";"5.7";"-1.5";"90.";"8.";"0.00";"0.00";"0.00"
"2017";"3";"6";"1";"2";"1539";"74.";"5.4";"-1.8";"91.";"8.";"0.00";"0.00";"0.00"
"2017";"3";"6";"1";"3";"1540";"72.";"5.4";"-1.9";"91.";"8.";"0.00";"0.00";"0.00"
"2017";"3";"6";"1";"4";"1541";"70.";"5.3";"-1.8";"91.";"8.";"0.00";"0.00";"0.00"
"2017";"3";"6";"1";"5";"1542";"70.";"5.8";"-1.8";"91.";"8.";"0.00";"0.00";"0.00"
"2017";"3";"6";"1";"6";"1543";"67.";"5.8";"-1.8";"88.";"8.";"0.00";"0.00";"0.00"
"2017";"3";"6";"1";"7";"1544";"66.";"5.8";"-1.6";"87.";"8.";"21.69";"0.00";"21.69"
"2017";"3";"6";"1";"8";"1545";"66.";"5.8";"-1.6";"87.";"8.";"40.29";"0.00";"40.29"
"2017";"3";"6";"1";"9";"1546";"68.";"6.0";"-1.3";"83.";"8.";"114.61";"0.00";"114.61"
"2017";"3";"6";"1";"10";"1547";"70.";"6.3";"-0.9";"79.";"8.";"148.75";"0.00";"148.75"
"2017";"3";"6";"1";"11";"1548";"68.";"6.5";"-0.4";"77.";"8.";"172.68";"0.00";"172.68"
"2017";"3";"6";"1";"12";"1549";"67.";"6.8";"-0.1";"74.";"8.";"178.07";"0.00";"178.07"
"2017";"3";"6";"1";"13";"1550";"66.";"6.9";"-0.4";"73.";"8.";"163.72";"0.00";"163.72"
"2017";"3";"6";"1";"14";"1551";"67.";"6.5";"-0.9";"79.";"8.";"112.04";"0.00";"112.04"
"2017";"3";"6";"1";"15";"1552";"65.";"6.1";"-0.2";"69.";"8.";"80.04";"0.00";"80.04"
"2017";"3";"6";"1";"16";"1553";"68.";"7.0";"-0.3";"65.";"7.";"32.49";"47.43";"27.70"
"2017";"3";"6";"1";"17";"1554";"68.";"6.6";"-0.5";"64.";"8.";"0.00";"0.00";"0.00"
"2017";"3";"6";"1";"18";"1555";"66.";"6.6";"-0.6";"64.";"7.";"0.00";"0.00";"0.00"
"2017";"3";"6";"1";"19";"1556";"68.";"6.9";"-0.7";"63.";"8.";"0.00";"0.00";"0.00"
"2017";"3";"6";"1";"20";"1557";"66.";"6.5";"-1.0";"60.";"8.";"0.00";"0.00";"0.00"
"2017";"3";"6";"1";"21";"1558";"63.";"6.2";"-1.3";"61.";"7.";"0.00";"0.00";"0.00"
"2017";"3";"6";"1";"22";"1559";"63.";"6.1";"-1.8";"62.";"8.";"0.00";"0.00";"0.00"
"2017";"3";"6";"1";"23";"1560";"61.";"6.3";"-2.2";"64.";"8.";"0.00";"0.00";"0.00"
"2017";"3";"7";"2";"0";"1561";"56.";"5.7";"-2.5";"66.";"8.";"0.00";"0.00";"0.00"
"2017";"3";"7";"2";"1";"1562";"53.";"5.4";"-3.0";"67.";"8.";"0.00";"0.00";"0.00"
"2017";"3";"7";"2";"2";"1563";"48.";"4.8";"-3.5";"68.";"8.";"0.00";"0.00";"0.00"
"2017";"3";"7";"2";"3";"1564";"46.";"4.9";"-3.9";"69.";"8.";"0.00";"0.00";"0.00"
"2017";"3";"7";"2";"4";"1565";"48.";"4.7";"-4.0";"70.";"6.";"0.00";"0.00";"0.00"
"2017";"3";"7";"2";"5";"1566";"42.";"4.6";"-4.1";"71.";"8.";"0.00";"0.00";"0.00"
"2017";"3";"7";"2";"6";"1567";"36.";"4.2";"-4.1";"71.";"6.";"0.00";"0.00";"0.00"
"2017";"3";"7";"2";"7";"1568";"40.";"4.1";"-3.7";"70.";"5.";"50.46";"161.92";"33.20"
"2017";"3";"7";"2";"8";"1569";"39.";"4.5";"-3.1";"67.";"6.";"128.08";"168.86";"89.80"
"2017";"3";"7";"2";"9";"1570";"38.";"4.4";"-2.6";"63.";"5.";"230.20";"290.12";"135.97"
"2017";"3";"7";"2";"10";"1571";"30.";"4.3";"-2.3";"62.";"4.";"324.85";"428.76";"155.86"
"2017";"3";"7";"2";"11";"1572";"35.";"4.5";"-1.9";"60.";"5.";"322.64";"318.28";"185.77"
"2017";"3";"7";"2";"12";"1573";"31.";"4.2";"-1.5";"62.";"6.";"282.86";"212.79";"191.35"
"2017";"3";"7";"2";"13";"1574";"33.";"3.8";"-1.3";"61.";"8.";"167.04";"0.00";"167.04"
"2017";"3";"7";"2";"14";"1575";"34.";"3.8";"-1.3";"62.";"8.";"133.23";"0.00";"133.23"
"2017";"3";"7";"2";"15";"1576";"31.";"3.1";"-1.1";"65.";"8.";"83.27";"0.00";"83.27"
"2017";"3";"7";"2";"16";"1577";"31.";"2.9";"-1.6";"71.";"6.";"41.08";"85.10";"32.00"
"2017";"3";"7";"2";"17";"1578";"11.";"2.0";"-2.2";"76.";"6.";"0.00";"0.00";"0.00"
"2017";"3";"7";"2";"18";"1579";"357.";"1.8";"-2.6";"81.";"7.";"0.00";"0.00";"0.00"
"2017";"3";"7";"2";"19";"1580";"346.";"1.6";"-2.4";"83.";"7.";"0.00";"0.00";"0.00"
"2017";"3";"7";"2";"20";"1581";"335.";"1.6";"-2.3";"84.";"8.";"0.00";"0.00";"0.00"
"2017";"3";"7";"2";"21";"1582";"327.";"1.4";"-2.3";"84.";"6.";"0.00";"0.00";"0.00"
"2017";"3";"7";"2";"22";"1583";"349.";"1.4";"-2.3";"85.";"8.";"0.00";"0.00";"0.00"
"2017";"3";"7";"2";"23";"1584";"7.";"1.3";"-3.1";"87.";"7.";"0.00";"0.00";"0.00"
"2017";"3";"8";"3";"0";"1585";"350.";"1.1";"-4.5";"89.";"5.";"0.00";"0.00";"0.00"
"2017";"3";"8";"3";"1";"1586";"23.";"0.6";"-5.2";"90.";"5.";"0.00";"0.00";"0.00"
"2017";"3";"8";"3";"2";"1587";"288.";"0.9";"-6.2";"91.";"7.";"0.00";"0.00";"0.00"
"2017";"3";"8";"3";"3";"1588";"243.";"1.0";"-5.8";"92.";"5.";"0.00";"0.00";"0.00"
"2017";"3";"8";"3";"4";"1589";"218.";"0.7";"-5.6";"94.";"7.";"0.00";"0.00";"0.00"
"2017";"3";"8";"3";"5";"1590";"222.";"0.7";"-4.8";"94.";"7.";"0.00";"0.00";"0.00"
"2017";"3";"8";"3";"6";"1591";"216.";"1.1";"-4.6";"92.";"7.";"0.00";"0.00";"0.00"
"2017";"3";"8";"3";"7";"1592";"208.";"1.3";"-3.4";"92.";"8.";"28.10";"0.00";"28.10"
"2017";"3";"8";"3";"8";"1593";"181.";"1.0";"-1.9";"89.";"8.";"79.09";"0.00";"79.09"
"2017";"3";"8";"3";"9";"1594";"238.";"1.6";"-0.6";"84.";"5.";"228.99";"273.14";"138.64"
"2017";"3";"8";"3";"10";"1595";"225.";"3.1";"1.2";"64.";"4.";"327.66";"425.33";"157.45"
"2017";"3";"8";"3";"11";"1596";"204.";"4.1";"0.9";"63.";"4.";"362.35";"430.42";"174.63"
"2017";"3";"8";"3";"12";"1597";"183.";"4.9";"0.7";"64.";"8.";"188.29";"0.00";"188.29"
"2017";"3";"8";"3";"13";"1598";"166.";"5.3";"0.4";"65.";"8.";"169.34";"0.00";"169.34"
"2017";"3";"8";"3";"14";"1599";"156.";"4.7";"0.5";"71.";"8.";"132.62";"0.00";"132.62"
"2017";"3";"8";"3";"15";"1600";"151.";"5.2";"0.8";"82.";"8.";"75.65";"0.00";"75.65"
"2017";"3";"8";"3";"16";"1601";"146.";"5.5";"0.3";"92.";"8.";"12.69";"0.00";"12.69"
"2017";"3";"8";"3";"17";"1602";"152.";"5.6";"0.5";"94.";"8.";"0.00";"0.00";"0.00"
"2017";"3";"8";"3";"18";"1603";"154.";"6.6";"0.7";"95.";"8.";"0.00";"0.00";"0.00"
"2017";"3";"8";"3";"19";"1604";"157.";"6.8";"0.8";"95.";"8.";"0.00";"0.00";"0.00"
"2017";"3";"8";"3";"20";"1605";"157.";"6.7";"1.0";"95.";"8.";"0.00";"0.00";"0.00"
"2017";"3";"8";"3";"21";"1606";"156.";"6.9";"1.3";"95.";"8.";"0.00";"0.00";"0.00"
"2017";"3";"8";"3";"22";"1607";"163.";"6.5";"1.7";"95.";"8.";"0.00";"0.00";"0.00"
"2017";"3";"8";"3";"23";"1608";"171.";"6.4";"2.3";"96.";"8.";"0.00";"0.00";"0.00"
"2017";"3";"9";"4";"0";"1609";"173.";"5.7";"2.8";"96.";"8.";"0.00";"0.00";"0.00"
"2017";"3";"9";"4";"1";"1610";"191.";"4.9";"3.2";"96.";"8.";"0.00";"0.00";"0.00"
"2017";"3";"9";"4";"2";"1611";"213.";"4.6";"3.3";"96.";"8.";"0.00";"0.00";"0.00"
"2017";"3";"9";"4";"3";"1612";"201.";"5.5";"3.5";"97.";"8.";"0.00";"0.00";"0.00"
"2017";"3";"9";"4";"4";"1613";"203.";"5.0";"3.6";"97.";"8.";"0.00";"0.00";"0.00"
"2017";"3";"9";"4";"5";"1614";"204.";"5.3";"3.7";"97.";"8.";"0.00";"0.00";"0.00"
"2017";"3";"9";"4";"6";"1615";"205.";"5.0";"3.8";"97.";"7.";"0.00";"0.00";"0.00"
"2017";"3";"9";"4";"7";"1616";"204.";"4.8";"3.9";"96.";"8.";"23.35";"0.00";"23.35"
"2017";"3";"9";"4";"8";"1617";"204.";"4.0";"4.0";"96.";"8.";"71.85";"0.00";"71.85"
"2017";"3";"9";"4";"9";"1618";"199.";"3.9";"4.0";"95.";"7.";"145.44";"42.70";"131.06"
"2017";"3";"9";"4";"10";"1619";"208.";"4.3";"4.4";"94.";"7.";"186.38";"49.44";"166.30"
"2017";"3";"9";"4";"11";"1620";"201.";"4.6";"4.8";"95.";"8.";"162.62";"0.00";"162.62"
"2017";"3";"9";"4";"12";"1621";"201.";"4.2";"4.6";"96.";"8.";"161.14";"0.00";"161.14"
"2017";"3";"9";"4";"13";"1622";"204.";"4.2";"4.6";"95.";"8.";"148.95";"0.00";"148.95"
"2017";"3";"9";"4";"14";"1623";"199.";"3.7";"4.4";"95.";"8.";"110.20";"0.00";"110.20"
"2017";"3";"9";"4";"15";"1624";"180.";"3.5";"4.4";"95.";"8.";"71.42";"0.00";"71.42"
"2017";"3";"9";"4";"16";"1625";"187.";"3.5";"4.4";"94.";"8.";"22.81";"0.00";"22.81"
"2017";"3";"9";"4";"17";"1626";"169.";"3.1";"4.1";"95.";"8.";"0.00";"0.00";"0.00"
"2017";"3";"9";"4";"18";"1627";"183.";"2.7";"4.0";"96.";"8.";"0.00";"0.00";"0.00"
"2017";"3";"9";"4";"19";"1628";"187.";"2.1";"4.0";"96.";"8.";"0.00";"0.00";"0.00"
"2017";"3";"9";"4";"20";"1629";"201.";"2.8";"3.9";"97.";"8.";"0.00";"0.00";"0.00"
"2017";"3";"9";"4";"21";"1630";"205.";"2.4";"4.0";"96.";"8.";"0.00";"0.00";"0.00"
"2017";"3";"9";"4";"22";"1631";"207.";"2.6";"3.7";"96.";"7.";"0.00";"0.00";"0.00"
"2017";"3";"9";"4";"23";"1632";"232.";"3.7";"4.1";"96.";"8.";"0.00";"0.00";"0.00"
"2017";"3";"10";"5";"0";"1633";"236.";"3.0";"3.9";"96.";"7.";"0.00";"0.00";"0.00"
"2017";"3";"10";"5";"1";"1634";"248.";"2.8";"3.9";"96.";"6.";"0.00";"0.00";"0.00"
"2017";"3";"10";"5";"2";"1635";"270.";"2.3";"3.5";"95.";"5.";"0.00";"0.00";"0.00"
"2017";"3";"10";"5";"3";"1636";"291.";"2.8";"2.8";"93.";"4.";"0.00";"0.00";"0.00"
"2017";"3";"10";"5";"4";"1637";"299.";"3.3";"1.8";"92.";"3.";"0.00";"0.00";"0.00"
"2017";"3";"10";"5";"5";"1638";"308.";"3.8";"1.9";"91.";"3.";"0.00";"0.00";"0.00"
"2017";"3";"10";"5";"6";"1639";"335.";"4.7";"1.8";"92.";"7.";"0.00";"0.00";"0.00"
"2017";"3";"10";"5";"7";"1640";"322.";"3.4";"2.0";"89.";"6.";"39.82";"96.78";"27.80"
"2017";"3";"10";"5";"8";"1641";"328.";"3.9";"3.1";"80.";"5.";"134.38";"259.81";"70.83"
"2017";"3";"10";"5";"9";"1642";"332.";"4.7";"4.4";"74.";"4.";"239.86";"406.71";"100.41"
"2017";"3";"10";"5";"10";"1643";"330.";"4.2";"5.3";"68.";"3.";"333.48";"505.84";"124.90"
"2017";"3";"10";"5";"11";"1644";"324.";"4.7";"6.3";"63.";"3.";"373.87";"556.74";"124.27"
"2017";"3";"10";"5";"12";"1645";"322.";"4.8";"6.9";"61.";"2.";"406.16";"619.50";"128.42"
"2017";"3";"10";"5";"13";"1646";"323.";"4.6";"6.8";"60.";"0.";"427.24";"768.20";"110.46"
"2017";"3";"10";"5";"14";"1647";"318.";"5.0";"6.8";"58.";"0.";"344.96";"764.63";"82.79"
"2017";"3";"10";"5";"15";"1648";"318.";"4.6";"6.4";"56.";"0.";"224.14";"672.22";"59.72"
"2017";"3";"10";"5";"16";"1649";"313.";"3.8";"5.3";"59.";"0.";"85.48";"447.32";"29.91"
"2017";"3";"10";"5";"17";"1650";"309.";"2.2";"3.7";"65.";"2.";"0.00";"0.00";"0.00"
"2017";"3";"10";"5";"18";"1651";"286.";"2.8";"2.0";"74.";"2.";"0.00";"0.00";"0.00"
"2017";"3";"10";"5";"19";"1652";"290.";"2.4";"0.7";"81.";"5.";"0.00";"0.00";"0.00"
"2017";"3";"10";"5";"20";"1653";"281.";"3.1";"-0.2";"84.";"7.";"0.00";"0.00";"0.00"
"2017";"3";"10";"5";"21";"1654";"273.";"2.3";"-0.2";"87.";"8.";"0.00";"0.00";"0.00"
"2017";"3";"10";"5";"22";"1655";"267.";"1.3";"-0.8";"90.";"8.";"0.00";"0.00";"0.00"
"2017";"3";"10";"5";"23";"1656";"100.";"1.3";"-0.8";"92.";"8.";"0.00";"0.00";"0.00"
"2017";"3";"11";"6";"0";"1657";"109.";"1.3";"-0.7";"92.";"6.";"0.00";"0.00";"0.00"
"2017";"3";"11";"6";"1";"1658";"107.";"1.7";"-0.4";"90.";"8.";"0.00";"0.00";"0.00"
"2017";"3";"11";"6";"2";"1659";"123.";"1.3";"-0.4";"90.";"8.";"0.00";"0.00";"0.00"
"2017";"3";"11";"6";"3";"1660";"129.";"1.4";"-0.3";"88.";"8.";"0.00";"0.00";"0.00"
"2017";"3";"11";"6";"4";"1661";"134.";"1.5";"-0.2";"88.";"7.";"0.00";"0.00";"0.00"
"2017";"3";"11";"6";"5";"1662";"140.";"2.1";"-0.7";"89.";"4.";"0.00";"0.00";"0.00"
"2017";"3";"11";"6";"6";"1663";"158.";"2.1";"-1.2";"90.";"1.";"0.00";"0.00";"0.00"
"2017";"3";"11";"6";"7";"1664";"161.";"1.9";"0.6";"85.";"3.";"67.49";"251.48";"34.76"
"2017";"3";"11";"6";"8";"1665";"172.";"2.2";"2.8";"76.";"4.";"156.90";"317.39";"77.37"
"2017";"3";"11";"6";"9";"1666";"166.";"2.4";"4.2";"71.";"5.";"209.74";"274.07";"114.12"
"2017";"3";"11";"6";"10";"1667";"172.";"2.3";"5.4";"69.";"4.";"296.95";"370.86";"141.77"
"2017";"3";"11";"6";"11";"1668";"192.";"2.4";"5.7";"69.";"2.";"414.04";"637.27";"124.44"
"2017";"3";"11";"6";"12";"1669";"224.";"3.0";"5.6";"70.";"3.";"379.27";"560.37";"124.62"
"2017";"3";"11";"6";"13";"1670";"234.";"3.5";"6.2";"69.";"2.";"374.66";"623.48";"113.77"
"2017";"3";"11";"6";"14";"1671";"230.";"3.0";"5.9";"70.";"2.";"300.79";"599.05";"91.77"
"2017";"3";"11";"6";"15";"1672";"224.";"1.9";"5.2";"70.";"4.";"157.88";"338.77";"72.99"
"2017";"3";"11";"6";"16";"1673";"217.";"1.5";"3.6";"79.";"7.";"35.05";"51.94";"28.29"
"2017";"3";"11";"6";"17";"1674";"200.";"1.3";"1.8";"86.";"8.";"0.00";"0.00";"0.00"
"2017";"3";"11";"6";"18";"1675";"200.";"1.3";"0.6";"91.";"8.";"0.00";"0.00";"0.00"
"2017";"3";"11";"6";"19";"1676";"171.";"1.3";"-0.3";"93.";"8.";"0.00";"0.00";"0.00"
"2017";"3";"11";"6";"20";"1677";"137.";"2.1";"-1.0";"94.";"8.";"0.00";"0.00";"0.00"
"2017";"3";"11";"6";"21";"1678";"136.";"2.0";"-1.1";"94.";"8.";"0.00";"0.00";"0.00"
"2017";"3";"11";"6";"22";"1679";"137.";"2.2";"-0.8";"94.";"8.";"0.00";"0.00";"0.00"
"2017";"3";"11";"6";"23";"1680";"149.";"2.1";"-1.4";"93.";"8.";"0.00";"0.00";"0.00"
"2017";"3";"12";"7";"0";"1681";"162.";"2.4";"-1.3";"93.";"6.";"0.00";"0.00";"0.00"
"2017";"3";"12";"7";"1";"1682";"170.";"2.7";"-0.7";"92.";"7.";"0.00";"0.00";"0.00"
"2017";"3";"12";"7";"2";"1683";"167.";"2.9";"0.1";"91.";"8.";"0.00";"0.00";"0.00"
"2017";"3";"12";"7";"3";"1684";"163.";"2.0";"0.4";"91.";"8.";"0.00";"0.00";"0.00"
"2017";"3";"12";"7";"4";"1685";"156.";"2.1";"0.8";"90.";"8.";"0.00";"0.00";"0.00"
"2017";"3";"12";"7";"5";"1686";"146.";"2.2";"1.1";"89.";"8.";"0.00";"0.00";"0.00"
"2017";"3";"12";"7";"6";"1687";"150.";"2.5";"1.1";"87.";"8.";"0.00";"0.00";"0.00"
"2017";"3";"12";"7";"7";"1688";"151.";"2.9";"1.4";"86.";"8.";"58.25";"0.00";"58.25"
"2017";"3";"12";"7";"8";"1689";"149.";"3.2";"2.0";"82.";"8.";"147.78";"0.00";"147.78"
"2017";"3";"12";"7";"9";"1690";"159.";"3.2";"2.9";"76.";"8.";"224.54";"0.00";"224.54"
"2017";"3";"12";"7";"10";"1691";"163.";"3.3";"3.7";"68.";"8.";"281.08";"0.00";"281.08"
"2017";"3";"12";"7";"11";"1692";"165.";"3.4";"4.9";"57.";"8.";"311.94";"0.00";"311.94"
"2017";"3";"12";"7";"12";"1693";"173.";"3.4";"5.7";"52.";"8.";"319.17";"0.00";"319.17"
"2017";"3";"12";"7";"13";"1694";"180.";"3.2";"6.0";"50.";"7.";"314.51";"112.17";"266.89"
"2017";"3";"12";"7";"14";"1695";"178.";"2.9";"5.8";"51.";"8.";"233.12";"0.00";"233.12"
"2017";"3";"12";"7";"15";"1696";"187.";"2.6";"5.6";"51.";"8.";"154.20";"0.00";"154.20"
"2017";"3";"12";"7";"16";"1697";"193.";"2.2";"4.9";"54.";"8.";"62.80";"0.00";"62.80"
"2017";"3";"12";"7";"17";"1698";"189.";"1.8";"4.1";"62.";"8.";"0.00";"0.00";"0.00"
"2017";"3";"12";"7";"18";"1699";"184.";"1.6";"2.8";"69.";"6.";"0.00";"0.00";"0.00"
"2017";"3";"12";"7";"19";"1700";"164.";"1.7";"1.8";"74.";"5.";"0.00";"0.00";"0.00"
"2017";"3";"12";"7";"20";"1701";"150.";"2.1";"1.1";"80.";"6.";"0.00";"0.00";"0.00"
"2017";"3";"12";"7";"21";"1702";"146.";"2.3";"0.8";"83.";"7.";"0.00";"0.00";"0.00"
"2017";"3";"12";"7";"22";"1703";"147.";"2.4";"0.6";"85.";"8.";"0.00";"0.00";"0.00"
"2017";"3";"12";"7";"23";"1704";"153.";"2.3";"0.8";"87.";"8.";"0.00";"0.00";"0.00"
"2017";"3";"13";"1";"0";"1705";"159.";"2.5";"0.8";"88.";"7.";"0.00";"0.00";"0.00"
"2017";"3";"13";"1";"1";"1706";"163.";"2.7";"1.1";"90.";"5.";"0.00";"0.00";"0.00"
"2017";"3";"13";"1";"2";"1707";"172.";"2.8";"1.6";"90.";"7.";"0.00";"0.00";"0.00"
"2017";"3";"13";"1";"3";"1708";"172.";"2.9";"1.3";"89.";"8.";"0.00";"0.00";"0.00"
"2017";"3";"13";"1";"4";"1709";"164.";"2.6";"0.5";"90.";"7.";"0.00";"0.00";"0.00"
"2017";"3";"13";"1";"5";"1710";"159.";"2.5";"0.6";"90.";"7.";"0.00";"0.00";"0.00"
"2017";"3";"13";"1";"6";"1711";"151.";"2.9";"0.7";"90.";"8.";"0.00";"0.00";"0.00"
"2017";"3";"13";"1";"7";"1712";"155.";"3.6";"1.1";"88.";"8.";"30.75";"0.00";"30.75"
"2017";"3";"13";"1";"8";"1713";"162.";"3.7";"1.9";"85.";"8.";"73.80";"0.00";"73.80"
"2017";"3";"13";"1";"9";"1714";"160.";"3.9";"2.4";"84.";"7.";"147.40";"87.19";"115.92"
"2017";"3";"13";"1";"10";"1715";"166.";"4.6";"3.2";"81.";"7.";"180.98";"88.27";"142.97"
"2017";"3";"13";"1";"11";"1716";"172.";"4.8";"4.0";"79.";"6.";"352.51";"186.77";"265.36"
"2017";"3";"13";"1";"12";"1717";"175.";"4.9";"4.6";"76.";"8.";"149.10";"0.00";"149.10"
"2017";"3";"13";"1";"13";"1718";"175.";"4.8";"4.8";"72.";"8.";"273.67";"0.00";"273.67"
"2017";"3";"13";"1";"14";"1719";"189.";"5.1";"4.8";"72.";"7.";"239.22";"84.31";"208.78"
"2017";"3";"13";"1";"15";"1720";"187.";"5.0";"4.2";"75.";"8.";"71.46";"0.00";"71.46"
"2017";"3";"13";"1";"16";"1721";"181.";"4.3";"4.2";"78.";"8.";"28.53";"0.00";"28.53"
"2017";"3";"13";"1";"17";"1722";"191.";"4.0";"3.9";"80.";"8.";"0.00";"0.00";"0.00"
"2017";"3";"13";"1";"18";"1723";"185.";"3.5";"3.8";"82.";"8.";"0.00";"0.00";"0.00"
"2017";"3";"13";"1";"19";"1724";"195.";"3.3";"3.8";"84.";"8.";"0.00";"0.00";"0.00"
"2017";"3";"13";"1";"20";"1725";"192.";"3.4";"3.8";"86.";"8.";"0.00";"0.00";"0.00"
"2017";"3";"13";"1";"21";"1726";"193.";"3.2";"4.0";"87.";"7.";"0.00";"0.00";"0.00"
"2017";"3";"13";"1";"22";"1727";"216.";"2.9";"4.0";"90.";"8.";"0.00";"0.00";"0.00"
"2017";"3";"13";"1";"23";"1728";"219.";"3.0";"4.2";"94.";"8.";"0.00";"0.00";"0.00"
"2017";"3";"14";"2";"0";"1729";"228.";"3.6";"4.5";"95.";"8.";"0.00";"0.00";"0.00"
"2017";"3";"14";"2";"1";"1730";"227.";"4.0";"4.6";"95.";"8.";"0.00";"0.00";"0.00"
"2017";"3";"14";"2";"2";"1731";"220.";"3.3";"4.4";"94.";"8.";"0.00";"0.00";"0.00"
"2017";"3";"14";"2";"3";"1732";"225.";"3.4";"4.4";"94.";"8.";"0.00";"0.00";"0.00"
"2017";"3";"14";"2";"4";"1733";"239.";"4.3";"4.4";"93.";"8.";"0.00";"0.00";"0.00"
"2017";"3";"14";"2";"5";"1734";"235.";"3.8";"4.4";"94.";"8.";"0.00";"0.00";"0.00"
"2017";"3";"14";"2";"6";"1735";"229.";"4.3";"4.5";"95.";"8.";"0.00";"0.00";"0.00"
"2017";"3";"14";"2";"7";"1736";"220.";"4.7";"4.6";"96.";"8.";"25.44";"0.00";"25.44"
"2017";"3";"14";"2";"8";"1737";"216.";"5.0";"4.7";"95.";"8.";"64.79";"0.00";"64.79"
"2017";"3";"14";"2";"9";"1738";"213.";"5.6";"5.6";"92.";"7.";"137.71";"61.68";"115.07"
"2017";"3";"14";"2";"10";"1739";"204.";"6.2";"5.5";"92.";"8.";"124.90";"0.00";"124.90"
"2017";"3";"14";"2";"11";"1740";"198.";"6.0";"5.1";"91.";"7.";"188.32";"66.79";"156.75"
"2017";"3";"14";"2";"12";"1741";"198.";"6.8";"5.6";"89.";"8.";"142.67";"0.00";"142.67"
"2017";"3";"14";"2";"13";"1742";"202.";"7.3";"6.3";"89.";"8.";"129.17";"0.00";"129.17"
"2017";"3";"14";"2";"14";"1743";"211.";"6.8";"5.9";"92.";"8.";"91.64";"0.00";"91.64"
"2017";"3";"14";"2";"15";"1744";"223.";"6.5";"6.3";"95.";"8.";"59.12";"0.00";"59.12"
"2017";"3";"14";"2";"16";"1745";"236.";"7.1";"6.7";"96.";"8.";"14.00";"0.00";"14.00"
"2017";"3";"14";"2";"17";"1746";"240.";"6.5";"6.5";"96.";"8.";"0.00";"0.00";"0.00"
"2017";"3";"14";"2";"18";"1747";"241.";"6.8";"6.0";"94.";"3.";"0.00";"0.00";"0.00"
"2017";"3";"14";"2";"19";"1748";"252.";"6.0";"5.4";"89.";"1.";"0.00";"0.00";"0.00"
"2017";"3";"14";"2";"20";"1749";"260.";"5.9";"5.1";"88.";"1.";"0.00";"0.00";"0.00"
"2017";"3";"14";"2";"21";"1750";"254.";"6.6";"5.3";"85.";"3.";"0.00";"0.00";"0.00"
"2017";"3";"14";"2";"22";"1751";"261.";"6.8";"5.0";"87.";"4.";"0.00";"0.00";"0.00"
"2017";"3";"14";"2";"23";"1752";"270.";"8.7";"5.5";"83.";"3.";"0.00";"0.00";"0.00"
"2017";"3";"15";"3";"0";"1753";"273.";"10.3";"5.6";"80.";"3.";"0.00";"0.00";"0.00"
"2017";"3";"15";"3";"1";"1754";"277.";"10.2";"5.4";"81.";"4.";"0.00";"0.00";"0.00"
"2017";"3";"15";"3";"2";"1755";"280.";"9.8";"5.4";"83.";"3.";"0.00";"0.00";"0.00"
"2017";"3";"15";"3";"3";"1756";"282.";"9.5";"5.2";"82.";"2.";"0.00";"0.00";"0.00"
"2017";"3";"15";"3";"4";"1757";"281.";"9.5";"5.0";"82.";"2.";"0.00";"0.00";"0.00"
"2017";"3";"15";"3";"5";"1758";"279.";"10.3";"5.0";"78.";"1.";"0.00";"0.00";"0.00"
"2017";"3";"15";"3";"6";"1759";"281.";"9.5";"5.0";"80.";"1.";"0.00";"0.00";"0.00"
"2017";"3";"15";"3";"7";"1760";"283.";"10.1";"5.8";"77.";"2.";"85.57";"235.44";"49.33"
"2017";"3";"15";"3";"8";"1761";"284.";"10.7";"6.3";"74.";"3.";"180.79";"283.16";"103.04"
"2017";"3";"15";"3";"9";"1762";"286.";"11.3";"6.8";"70.";"2.";"303.00";"429.71";"142.67"
"2017";"3";"15";"3";"10";"1763";"285.";"10.9";"7.3";"68.";"0.";"440.90";"624.90";"164.19"
"2017";"3";"15";"3";"11";"1764";"283.";"10.8";"7.9";"66.";"1.";"448.67";"556.64";"182.11"
"2017";"3";"15";"3";"12";"1765";"282.";"9.4";"7.7";"66.";"1.";"449.83";"562.35";"180.54"
"2017";"3";"15";"3";"13";"1766";"280.";"9.5";"8.2";"66.";"1.";"405.09";"524.01";"173.06"
"2017";"3";"15";"3";"14";"1767";"276.";"9.9";"8.2";"66.";"0.";"353.83";"565.55";"142.81"
"2017";"3";"15";"3";"15";"1768";"272.";"9.6";"7.5";"72.";"3.";"181.25";"293.29";"100.71"
"2017";"3";"15";"3";"16";"1769";"270.";"9.0";"6.4";"75.";"1.";"93.90";"290.35";"49.22"
"2017";"3";"15";"3";"17";"1770";"269.";"8.1";"5.5";"82.";"2.";"0.00";"0.00";"0.00"
"2017";"3";"15";"3";"18";"1771";"266.";"7.4";"5.2";"85.";"3.";"0.00";"0.00";"0.00"
"2017";"3";"15";"3";"19";"1772";"269.";"6.7";"5.1";"85.";"3.";"0.00";"0.00";"0.00"
"2017";"3";"15";"3";"20";"1773";"273.";"6.7";"5.0";"87.";"4.";"0.00";"0.00";"0.00"
"2017";"3";"15";"3";"21";"1774";"276.";"7.5";"5.1";"87.";"5.";"0.00";"0.00";"0.00"
"2017";"3";"15";"3";"22";"1775";"278.";"7.5";"5.2";"87.";"4.";"0.00";"0.00";"0.00"
"2017";"3";"15";"3";"23";"1776";"279.";"6.7";"5.2";"87.";"3.";"0.00";"0.00";"0.00"
"2017";"3";"16";"4";"0";"1777";"282.";"6.2";"5.1";"87.";"8.";"0.00";"0.00";"0.00"
"2017";"3";"16";"4";"1";"1778";"287.";"5.6";"5.0";"88.";"8.";"0.00";"0.00";"0.00"
"2017";"3";"16";"4";"2";"1779";"294.";"4.8";"4.9";"88.";"7.";"0.00";"0.00";"0.00"
"2017";"3";"16";"4";"3";"1780";"292.";"4.6";"4.6";"89.";"7.";"0.00";"0.00";"0.00"
"2017";"3";"16";"4";"4";"1781";"293.";"3.3";"4.5";"91.";"7.";"0.00";"0.00";"0.00"
"2017";"3";"16";"4";"5";"1782";"288.";"2.5";"4.4";"93.";"8.";"0.00";"0.00";"0.00"
"2017";"3";"16";"4";"6";"1783";"274.";"1.9";"4.5";"93.";"7.";"0.00";"0.00";"0.00"
"2017";"3";"16";"4";"7";"1784";"262.";"2.0";"5.5";"91.";"8.";"30.64";"0.00";"30.64"
"2017";"3";"16";"4";"8";"1785";"248.";"1.2";"6.3";"87.";"8.";"71.48";"0.00";"71.48"
"2017";"3";"16";"4";"9";"1786";"207.";"2.0";"6.8";"83.";"6.";"180.69";"135.74";"129.22"
"2017";"3";"16";"4";"10";"1787";"210.";"2.4";"7.1";"85.";"7.";"178.90";"70.95";"147.05"
"2017";"3";"16";"4";"11";"1788";"192.";"2.2";"6.5";"89.";"8.";"144.35";"0.00";"144.35"
"2017";"3";"16";"4";"12";"1789";"171.";"3.3";"6.6";"88.";"8.";"144.38";"0.00";"144.38"
"2017";"3";"16";"4";"13";"1790";"173.";"3.4";"6.5";"90.";"8.";"128.69";"0.00";"128.69"
"2017";"3";"16";"4";"14";"1791";"180.";"2.9";"6.3";"92.";"8.";"99.85";"0.00";"99.85"
"2017";"3";"16";"4";"15";"1792";"174.";"4.8";"6.8";"90.";"8.";"69.51";"0.00";"69.51"
"2017";"3";"16";"4";"16";"1793";"176.";"5.1";"6.9";"88.";"8.";"30.81";"0.00";"30.81"
"2017";"3";"16";"4";"17";"1794";"181.";"5.3";"7.4";"86.";"8.";"0.00";"0.00";"0.00"
"2017";"3";"16";"4";"18";"1795";"202.";"6.0";"7.8";"85.";"8.";"0.00";"0.00";"0.00"
"2017";"3";"16";"4";"19";"1796";"209.";"6.0";"7.0";"88.";"8.";"0.00";"0.00";"0.00"
"2017";"3";"16";"4";"20";"1797";"212.";"5.6";"6.7";"87.";"8.";"0.00";"0.00";"0.00"
"2017";"3";"16";"4";"21";"1798";"212.";"6.0";"7.0";"88.";"8.";"0.00";"0.00";"0.00"
"2017";"3";"16";"4";"22";"1799";"215.";"6.5";"6.9";"89.";"8.";"0.00";"0.00";"0.00"
"2017";"3";"16";"4";"23";"1800";"214.";"6.9";"6.6";"92.";"8.";"0.00";"0.00";"0.00"
"2017";"3";"17";"5";"0";"1801";"218.";"8.0";"6.3";"95.";"8.";"0.00";"0.00";"0.00"
"2017";"3";"17";"5";"1";"1802";"266.";"7.6";"5.4";"95.";"8.";"0.00";"0.00";"0.00"
"2017";"3";"17";"5";"2";"1803";"277.";"5.4";"4.2";"93.";"8.";"0.00";"0.00";"0.00"
"2017";"3";"17";"5";"3";"1804";"250.";"5.6";"3.9";"93.";"7.";"0.00";"0.00";"0.00"
"2017";"3";"17";"5";"4";"1805";"253.";"6.4";"3.8";"92.";"6.";"0.00";"0.00";"0.00"
"2017";"3";"17";"5";"5";"1806";"248.";"6.3";"3.7";"91.";"6.";"0.00";"0.00";"0.00"
"2017";"3";"17";"5";"6";"1807";"251.";"6.2";"3.8";"88.";"6.";"0.00";"0.00";"0.00"
"2017";"3";"17";"5";"7";"1808";"248.";"5.9";"3.8";"86.";"5.";"53.03";"103.35";"35.89"
"2017";"3";"17";"5";"8";"1809";"244.";"6.3";"4.6";"85.";"5.";"152.45";"196.17";"96.23"
"2017";"3";"17";"5";"9";"1810";"249.";"7.2";"5.3";"79.";"2.";"319.43";"466.88";"139.57"
"2017";"3";"17";"5";"10";"1811";"252.";"7.0";"5.8";"76.";"3.";"366.31";"479.70";"148.07"
"2017";"3";"17";"5";"11";"1812";"251.";"7.3";"5.9";"75.";"3.";"394.30";"449.95";"173.35"
"2017";"3";"17";"5";"12";"1813";"254.";"7.6";"6.1";"72.";"5.";"303.66";"255.20";"178.34"
"2017";"3";"17";"5";"13";"1814";"253.";"7.7";"6.8";"69.";"4.";"322.88";"360.05";"159.08"
"2017";"3";"17";"5";"14";"1815";"254.";"7.7";"6.3";"68.";"5.";"225.68";"230.23";"136.99"
"2017";"3";"17";"5";"15";"1816";"256.";"7.9";"6.2";"70.";"6.";"131.60";"140.19";"91.42"
"2017";"3";"17";"5";"16";"1817";"259.";"7.9";"5.7";"74.";"4.";"82.19";"207.01";"47.86"
"2017";"3";"17";"5";"17";"1818";"261.";"7.8";"4.9";"79.";"2.";"0.00";"0.00";"0.00"
"2017";"3";"17";"5";"18";"1819";"262.";"7.0";"4.4";"80.";"5.";"0.00";"0.00";"0.00"
"2017";"3";"17";"5";"19";"1820";"264.";"6.7";"4.4";"83.";"5.";"0.00";"0.00";"0.00"
"2017";"3";"17";"5";"20";"1821";"266.";"6.2";"4.3";"85.";"5.";"0.00";"0.00";"0.00"
"2017";"3";"17";"5";"21";"1822";"263.";"6.3";"4.3";"85.";"3.";"0.00";"0.00";"0.00"
"2017";"3";"17";"5";"22";"1823";"265.";"5.7";"4.1";"86.";"7.";"0.00";"0.00";"0.00"
"2017";"3";"17";"5";"23";"1824";"268.";"4.3";"4.0";"88.";"6.";"0.00";"0.00";"0.00"
"2017";"3";"18";"6";"0";"1825";"259.";"3.6";"3.9";"88.";"7.";"0.00";"0.00";"0.00"
"2017";"3";"18";"6";"1";"1826";"256.";"3.0";"3.8";"89.";"8.";"0.00";"0.00";"0.00"
"2017";"3";"18";"6";"2";"1827";"236.";"2.4";"3.6";"89.";"8.";"0.00";"0.00";"0.00"
"2017";"3";"18";"6";"3";"1828";"218.";"2.8";"3.3";"91.";"8.";"0.00";"0.00";"0.00"
"2017";"3";"18";"6";"4";"1829";"222.";"2.9";"3.3";"92.";"8.";"0.00";"0.00";"0.00"
"2017";"3";"18";"6";"5";"1830";"227.";"1.8";"3.1";"93.";"8.";"0.00";"0.00";"0.00"
"2017";"3";"18";"6";"6";"1831";"231.";"1.6";"3.2";"93.";"8.";"0.00";"0.00";"0.00"
"2017";"3";"18";"6";"7";"1832";"261.";"1.5";"3.4";"93.";"8.";"38.84";"0.00";"38.84"
"2017";"3";"18";"6";"8";"1833";"292.";"2.3";"3.8";"92.";"8.";"79.66";"0.00";"79.66"
"2017";"3";"18";"6";"9";"1834";"312.";"2.1";"4.9";"81.";"7.";"162.23";"91.69";"126.35"
"2017";"3";"18";"6";"10";"1835";"312.";"2.8";"6.0";"66.";"5.";"379.37";"311.51";"235.76"
"2017";"3";"18";"6";"11";"1836";"317.";"3.6";"7.4";"52.";"5.";"421.07";"336.97";"253.56"
"2017";"3";"18";"6";"12";"1837";"316.";"4.8";"6.7";"47.";"4.";"452.37";"468.05";"219.69"
"2017";"3";"18";"6";"13";"1838";"311.";"6.0";"6.5";"46.";"7.";"339.56";"114.90";"286.59"
"2017";"3";"18";"6";"14";"1839";"312.";"6.4";"6.4";"49.";"3.";"355.83";"515.41";"154.17"
"2017";"3";"18";"6";"15";"1840";"309.";"6.9";"6.0";"52.";"1.";"265.59";"658.04";"73.03"
"2017";"3";"18";"6";"16";"1841";"321.";"6.5";"5.4";"55.";"1.";"129.25";"500.89";"43.19"
"2017";"3";"18";"6";"17";"1842";"319.";"5.0";"4.6";"61.";"2.";"0.00";"0.00";"0.00"
"2017";"3";"18";"6";"18";"1843";"332.";"3.3";"2.8";"69.";"2.";"0.00";"0.00";"0.00"
"2017";"3";"18";"6";"19";"1844";"318.";"3.2";"1.8";"75.";"0.";"0.00";"0.00";"0.00"
"2017";"3";"18";"6";"20";"1845";"309.";"3.5";"0.9";"79.";"0.";"0.00";"0.00";"0.00"
"2017";"3";"18";"6";"21";"1846";"308.";"3.2";"0.6";"81.";"0.";"0.00";"0.00";"0.00"
"2017";"3";"18";"6";"22";"1847";"307.";"3.0";"0.4";"84.";"0.";"0.00";"0.00";"0.00"
"2017";"3";"18";"6";"23";"1848";"313.";"2.1";"-0.1";"87.";"0.";"0.00";"0.00";"0.00"
"2017";"3";"19";"7";"0";"1849";"306.";"1.7";"-1.6";"90.";"0.";"0.00";"0.00";"0.00"
"2017";"3";"19";"7";"1";"1850";"294.";"1.7";"-2.0";"91.";"0.";"0.00";"0.00";"0.00"
"2017";"3";"19";"7";"2";"1851";"290.";"0.4";"-2.2";"92.";"0.";"0.00";"0.00";"0.00"
"2017";"3";"19";"7";"3";"1852";"115.";"1.3";"-2.9";"93.";"0.";"0.00";"0.00";"0.00"
"2017";"3";"19";"7";"4";"1853";"132.";"1.6";"-3.0";"93.";"1.";"0.00";"0.00";"0.00"
"2017";"3";"19";"7";"5";"1854";"122.";"2.5";"-2.9";"94.";"0.";"0.00";"0.00";"0.00"
"2017";"3";"19";"7";"6";"1855";"136.";"2.0";"-2.4";"94.";"0.";"5.11";"53.34";"2.81"
"2017";"3";"19";"7";"7";"1856";"150.";"1.9";"0.3";"93.";"7.";"56.99";"64.48";"45.52"
"2017";"3";"19";"7";"8";"1857";"136.";"3.4";"1.2";"92.";"8.";"86.56";"0.00";"86.56"
"2017";"3";"19";"7";"9";"1858";"145.";"3.7";"1.7";"91.";"8.";"124.30";"0.00";"124.30"
"2017";"3";"19";"7";"10";"1859";"144.";"4.1";"3.3";"84.";"6.";"247.65";"186.72";"160.44"
"2017";"3";"19";"7";"11";"1860";"162.";"4.0";"4.6";"75.";"7.";"225.70";"111.93";"169.38"
"2017";"3";"19";"7";"12";"1861";"164.";"4.1";"5.1";"68.";"8.";"169.25";"0.00";"169.25"
"2017";"3";"19";"7";"13";"1862";"166.";"4.6";"4.7";"65.";"8.";"155.33";"0.00";"155.33"
"2017";"3";"19";"7";"14";"1863";"166.";"4.5";"4.5";"66.";"8.";"127.71";"0.00";"127.71"
"2017";"3";"19";"7";"15";"1864";"157.";"4.0";"4.5";"63.";"7.";"119.18";"90.59";"92.12"
"2017";"3";"19";"7";"16";"1865";"161.";"3.6";"3.0";"73.";"8.";"43.68";"0.00";"43.68"
"2017";"3";"19";"7";"17";"1866";"155.";"4.1";"2.1";"82.";"7.";"0.28";"0.85";"0.25"
"2017";"3";"19";"7";"18";"1867";"155.";"5.7";"2.0";"81.";"8.";"0.00";"0.00";"0.00"
"2017";"3";"19";"7";"19";"1868";"153.";"5.0";"2.0";"84.";"8.";"0.00";"0.00";"0.00"
"2017";"3";"19";"7";"20";"1869";"136.";"5.1";"2.0";"84.";"8.";"0.00";"0.00";"0.00"
"2017";"3";"19";"7";"21";"1870";"135.";"4.8";"2.1";"84.";"8.";"0.00";"0.00";"0.00"
"2017";"3";"19";"7";"22";"1871";"137.";"4.6";"2.0";"86.";"8.";"0.00";"0.00";"0.00"
"2017";"3";"19";"7";"23";"1872";"138.";"4.7";"1.9";"87.";"8.";"0.00";"0.00";"0.00"
"2017";"3";"20";"1";"0";"1873";"144.";"4.2";"1.7";"90.";"8.";"0.00";"0.00";"0.00"
"2017";"3";"20";"1";"1";"1874";"143.";"4.4";"1.5";"92.";"8.";"0.00";"0.00";"0.00"
"2017";"3";"20";"1";"2";"1875";"147.";"4.2";"1.6";"94.";"8.";"0.00";"0.00";"0.00"
"2017";"3";"20";"1";"3";"1876";"151.";"3.9";"1.8";"95.";"7.";"0.00";"0.00";"0.00"
"2017";"3";"20";"1";"4";"1877";"143.";"3.5";"2.1";"96.";"7.";"0.00";"0.00";"0.00"
"2017";"3";"20";"1";"5";"1878";"254.";"1.8";"2.4";"96.";"7.";"0.00";"0.00";"0.00"
"2017";"3";"20";"1";"6";"1879";"286.";"3.3";"3.0";"95.";"6.";"0.00";"0.00";"0.00"
"2017";"3";"20";"1";"7";"1880";"285.";"2.8";"3.5";"92.";"7.";"60.03";"70.47";"47.08"
"2017";"3";"20";"1";"8";"1881";"287.";"3.2";"4.2";"86.";"8.";"92.58";"0.00";"92.58"
"2017";"3";"20";"1";"9";"1882";"259.";"2.6";"4.2";"83.";"8.";"132.53";"0.00";"132.53"
"2017";"3";"20";"1";"10";"1883";"228.";"3.3";"4.4";"83.";"8.";"160.75";"0.00";"160.75"
"2017";"3";"20";"1";"11";"1884";"218.";"3.4";"4.7";"83.";"8.";"175.31";"0.00";"175.31"
"2017";"3";"20";"1";"12";"1885";"200.";"3.2";"5.1";"83.";"7.";"226.20";"108.28";"171.06"
"2017";"3";"20";"1";"13";"1886";"177.";"3.3";"5.8";"80.";"7.";"204.77";"99.95";"157.49"
"2017";"3";"20";"1";"14";"1887";"166.";"4.5";"6.2";"78.";"7.";"168.53";"94.48";"130.43"
"2017";"3";"20";"1";"15";"1888";"167.";"5.3";"6.0";"82.";"7.";"117.81";"85.05";"91.90"
"2017";"3";"20";"1";"16";"1889";"156.";"5.1";"5.7";"83.";"7.";"56.77";"61.22";"45.52"
"2017";"3";"20";"1";"17";"1890";"160.";"5.4";"5.6";"86.";"8.";"0.00";"0.00";"0.00"
"2017";"3";"20";"1";"18";"1891";"147.";"5.4";"5.5";"87.";"8.";"0.00";"0.00";"0.00"
"2017";"3";"20";"1";"19";"1892";"141.";"5.9";"5.3";"91.";"8.";"0.00";"0.00";"0.00"
"2017";"3";"20";"1";"20";"1893";"150.";"6.4";"5.4";"94.";"8.";"0.00";"0.00";"0.00"
"2017";"3";"20";"1";"21";"1894";"157.";"5.9";"5.7";"95.";"8.";"0.00";"0.00";"0.00"
"2017";"3";"20";"1";"22";"1895";"178.";"5.6";"5.9";"96.";"8.";"0.00";"0.00";"0.00"
"2017";"3";"20";"1";"23";"1896";"213.";"4.4";"5.8";"96.";"8.";"0.00";"0.00";"0.00"
"2017";"3";"21";"2";"0";"1897";"246.";"4.6";"5.6";"96.";"8.";"0.00";"0.00";"0.00"
"2017";"3";"21";"2";"1";"1898";"263.";"6.1";"5.2";"94.";"8.";"0.00";"0.00";"0.00"
"2017";"3";"21";"2";"2";"1899";"254.";"5.1";"5.0";"93.";"8.";"0.00";"0.00";"0.00"
"2017";"3";"21";"2";"3";"1900";"247.";"5.0";"5.0";"91.";"7.";"0.00";"0.00";"0.00"
"2017";"3";"21";"2";"4";"1901";"240.";"4.8";"4.9";"91.";"6.";"0.00";"0.00";"0.00"
"2017";"3";"21";"2";"5";"1902";"234.";"4.8";"4.8";"90.";"6.";"0.00";"0.00";"0.00"
"2017";"3";"21";"2";"6";"1903";"232.";"4.8";"5.0";"89.";"7.";"0.83";"1.73";"0.73"
"2017";"3";"21";"2";"7";"1904";"230.";"5.4";"5.1";"89.";"8.";"41.66";"0.00";"41.66"
"2017";"3";"21";"2";"8";"1905";"230.";"6.2";"5.5";"88.";"8.";"84.66";"0.00";"84.66"
"2017";"3";"21";"2";"9";"1906";"227.";"7.1";"6.2";"84.";"7.";"162.16";"73.35";"132.14"
"2017";"3";"21";"2";"10";"1907";"227.";"7.0";"6.6";"80.";"8.";"149.48";"0.00";"149.48"
"2017";"3";"21";"2";"11";"1908";"220.";"5.7";"6.5";"81.";"8.";"161.88";"0.00";"161.88"
"2017";"3";"21";"2";"12";"1909";"219.";"5.7";"7.2";"77.";"8.";"164.37";"0.00";"164.37"
"2017";"3";"21";"2";"13";"1910";"219.";"6.0";"7.3";"75.";"8.";"151.77";"0.00";"151.77"
"2017";"3";"21";"2";"14";"1911";"220.";"6.6";"5.8";"80.";"8.";"119.40";"0.00";"119.40"
"2017";"3";"21";"2";"15";"1912";"216.";"6.1";"4.1";"87.";"8.";"51.62";"0.00";"51.62"
"2017";"3";"21";"2";"16";"1913";"236.";"6.9";"3.6";"92.";"8.";"24.78";"0.00";"24.78"
"2017";"3";"21";"2";"17";"1914";"252.";"6.5";"3.8";"91.";"8.";"0.72";"0.00";"0.72"
"2017";"3";"21";"2";"18";"1915";"241.";"7.3";"4.1";"88.";"8.";"0.00";"0.00";"0.00"
"2017";"3";"21";"2";"19";"1916";"238.";"7.3";"3.7";"85.";"8.";"0.00";"0.00";"0.00"
"2017";"3";"21";"2";"20";"1917";"232.";"7.6";"4.1";"84.";"7.";"0.00";"0.00";"0.00"
"2017";"3";"21";"2";"21";"1918";"233.";"8.4";"4.1";"81.";"7.";"0.00";"0.00";"0.00"
"2017";"3";"21";"2";"22";"1919";"224.";"8.1";"3.8";"83.";"8.";"0.00";"0.00";"0.00"
"2017";"3";"21";"2";"23";"1920";"243.";"7.4";"3.5";"90.";"8.";"0.00";"0.00";"0.00"
"2017";"3";"22";"3";"0";"1921";"237.";"7.0";"3.7";"88.";"8.";"0.00";"0.00";"0.00"
"2017";"3";"22";"3";"1";"1922";"239.";"7.4";"3.4";"88.";"7.";"0.00";"0.00";"0.00"
"2017";"3";"22";"3";"2";"1923";"236.";"7.5";"3.8";"87.";"8.";"0.00";"0.00";"0.00"
"2017";"3";"22";"3";"3";"1924";"240.";"7.7";"4.0";"84.";"7.";"0.00";"0.00";"0.00"
"2017";"3";"22";"3";"4";"1925";"244.";"7.4";"4.1";"86.";"8.";"0.00";"0.00";"0.00"
"2017";"3";"22";"3";"5";"1926";"247.";"7.1";"4.0";"86.";"7.";"0.00";"0.00";"0.00"
"2017";"3";"22";"3";"6";"1927";"246.";"7.3";"4.3";"86.";"7.";"4.03";"9.03";"3.48"
"2017";"3";"22";"3";"7";"1928";"248.";"6.7";"4.6";"85.";"7.";"60.47";"52.21";"50.25"
"2017";"3";"22";"3";"8";"1929";"245.";"7.1";"5.1";"84.";"7.";"119.54";"71.84";"96.80"
"2017";"3";"22";"3";"9";"1930";"241.";"6.7";"5.4";"82.";"8.";"129.63";"0.00";"129.63"
"2017";"3";"22";"3";"10";"1931";"245.";"6.6";"5.3";"83.";"8.";"154.21";"0.00";"154.21"
"2017";"3";"22";"3";"11";"1932";"251.";"6.1";"5.8";"78.";"7.";"222.12";"87.05";"176.74"
"2017";"3";"22";"3";"12";"1933";"255.";"6.1";"6.3";"75.";"7.";"226.26";"95.18";"176.65"
"2017";"3";"22";"3";"13";"1934";"247.";"6.4";"6.7";"70.";"8.";"153.65";"0.00";"153.65"
"2017";"3";"22";"3";"14";"1935";"246.";"7.0";"6.8";"72.";"7.";"171.38";"86.37";"135.51"
"2017";"3";"22";"3";"15";"1936";"245.";"5.9";"6.8";"72.";"7.";"121.81";"77.83";"97.17"
"2017";"3";"22";"3";"16";"1937";"245.";"5.2";"6.6";"73.";"6.";"77.18";"120.06";"53.68"
"2017";"3";"22";"3";"17";"1938";"257.";"4.6";"6.3";"75.";"6.";"4.93";"17.82";"3.85"
"2017";"3";"22";"3";"18";"1939";"262.";"4.3";"5.6";"79.";"8.";"0.00";"0.00";"0.00"
"2017";"3";"22";"3";"19";"1940";"256.";"4.0";"5.0";"81.";"7.";"0.00";"0.00";"0.00"
"2017";"3";"22";"3";"20";"1941";"246.";"3.6";"4.5";"83.";"5.";"0.00";"0.00";"0.00"
"2017";"3";"22";"3";"21";"1942";"250.";"3.4";"4.1";"86.";"1.";"0.00";"0.00";"0.00"
"2017";"3";"22";"3";"22";"1943";"249.";"3.4";"3.7";"87.";"0.";"0.00";"0.00";"0.00"
"2017";"3";"22";"3";"23";"1944";"255.";"3.3";"3.3";"89.";"0.";"0.00";"0.00";"0.00"
"2017";"3";"23";"4";"0";"1945";"266.";"3.2";"2.8";"91.";"1.";"0.00";"0.00";"0.00"
"2017";"3";"23";"4";"1";"1946";"275.";"2.6";"2.0";"93.";"2.";"0.00";"0.00";"0.00"
"2017";"3";"23";"4";"2";"1947";"275.";"2.2";"1.5";"94.";"3.";"0.00";"0.00";"0.00"
"2017";"3";"23";"4";"3";"1948";"267.";"1.7";"1.2";"95.";"4.";"0.00";"0.00";"0.00"
"2017";"3";"23";"4";"4";"1949";"261.";"1.4";"-0";"94.";"4.";"0.00";"0.00";"0.00"
"2017";"3";"23";"4";"5";"1950";"282.";"1.2";"-0.6";"94.";"4.";"0.00";"0.00";"0.00"
"2017";"3";"23";"4";"6";"1951";"289.";"1.0";"0.1";"93.";"3.";"15.53";"74.01";"10.58"
"2017";"3";"23";"4";"7";"1952";"280.";"1.1";"1.8";"91.";"3.";"124.52";"308.28";"62.35"
"2017";"3";"23";"4";"8";"1953";"289.";"1.4";"4.2";"83.";"2.";"263.77";"512.79";"98.36"
"2017";"3";"23";"4";"9";"1954";"257.";"1.1";"6.3";"63.";"3.";"345.80";"549.84";"114.17"
"2017";"3";"23";"4";"10";"1955";"258.";"1.8";"6.9";"53.";"1.";"497.59";"783.62";"112.77"
"2017";"3";"23";"4";"11";"1956";"258.";"2.3";"7.7";"48.";"0.";"580.47";"891.52";"110.45"
"2017";"3";"23";"4";"12";"1957";"275.";"2.4";"8.2";"45.";"0.";"579.83";"883.39";"114.09"
"2017";"3";"23";"4";"13";"1958";"285.";"2.7";"7.8";"42.";"0.";"534.46";"862.31";"111.00"
"2017";"3";"23";"4";"14";"1959";"297.";"2.6";"7.5";"40.";"0.";"451.78";"873.37";"83.85"
"2017";"3";"23";"4";"15";"1960";"303.";"3.0";"7.4";"41.";"1.";"303.46";"706.39";"75.60"
"2017";"3";"23";"4";"16";"1961";"301.";"3.1";"6.2";"44.";"0.";"180.04";"645.32";"49.90"
"2017";"3";"23";"4";"17";"1962";"305.";"2.7";"4.6";"51.";"0.";"28.52";"233.09";"12.94"
"2017";"3";"23";"4";"18";"1963";"312.";"1.8";"2.5";"64.";"4.";"0.00";"0.00";"0.00"
"2017";"3";"23";"4";"19";"1964";"297.";"1.3";"0.9";"72.";"8.";"0.00";"0.00";"0.00"
"2017";"3";"23";"4";"20";"1965";"288.";"1.6";"0.3";"77.";"5.";"0.00";"0.00";"0.00"
"2017";"3";"23";"4";"21";"1966";"290.";"1.4";"-0.4";"82.";"5.";"0.00";"0.00";"0.00"
"2017";"3";"23";"4";"22";"1967";"288.";"1.2";"-1.3";"85.";"2.";"0.00";"0.00";"0.00"
"2017";"3";"23";"4";"23";"1968";"257.";"1.3";"-1.9";"87.";"1.";"0.00";"0.00";"0.00"
"2017";"3";"24";"5";"0";"1969";"249.";"1.8";"-1.7";"89.";"0.";"0.00";"0.00";"0.00"
"2017";"3";"24";"5";"1";"1970";"254.";"1.8";"-2.5";"91.";"3.";"0.00";"0.00";"0.00"
"2017";"3";"24";"5";"2";"1971";"262.";"1.7";"-2.5";"92.";"6.";"0.00";"0.00";"0.00"
"2017";"3";"24";"5";"3";"1972";"256.";"1.5";"-2.5";"93.";"7.";"0.00";"0.00";"0.00"
"2017";"3";"24";"5";"4";"1973";"267.";"1.2";"-2.1";"94.";"8.";"0.00";"0.00";"0.00"
"2017";"3";"24";"5";"5";"1974";"277.";"1.7";"-2.0";"94.";"8.";"0.00";"0.00";"0.00"
"2017";"3";"24";"5";"6";"1975";"283.";"1.6";"-0.9";"92.";"5.";"17.06";"70.92";"11.90"
"2017";"3";"24";"5";"7";"1976";"282.";"1.4";"1.7";"90.";"5.";"102.99";"204.53";"60.53"
"2017";"3";"24";"5";"8";"1977";"287.";"1.7";"4.8";"83.";"4.";"217.99";"345.73";"104.41"
"2017";"3";"24";"5";"9";"1978";"259.";"2.4";"6.6";"69.";"6.";"327.27";"219.62";"233.45"
"2017";"3";"24";"5";"10";"1979";"263.";"3.0";"7.7";"58.";"5.";"421.12";"347.90";"248.21"
"2017";"3";"24";"5";"11";"1980";"261.";"2.9";"8.0";"53.";"3.";"509.37";"562.44";"209.50"
"2017";"3";"24";"5";"12";"1981";"274.";"3.4";"8.5";"52.";"1.";"547.81";"813.10";"114.29"
"2017";"3";"24";"5";"13";"1982";"271.";"3.5";"8.2";"56.";"5.";"325.74";"336.45";"158.51"
"2017";"3";"24";"5";"14";"1983";"265.";"3.7";"7.5";"58.";"6.";"228.33";"205.48";"140.55"
"2017";"3";"24";"5";"15";"1984";"275.";"4.5";"6.5";"64.";"8.";"201.40";"0.00";"201.40"
"2017";"3";"24";"5";"16";"1985";"276.";"5.7";"6.1";"62.";"7.";"117.41";"72.99";"102.25"
"2017";"3";"24";"5";"17";"1986";"273.";"5.6";"5.4";"71.";"5.";"18.74";"65.48";"13.97"
"2017";"3";"24";"5";"18";"1987";"283.";"5.9";"5.1";"78.";"7.";"0.00";"0.00";"0.00"
"2017";"3";"24";"5";"19";"1988";"289.";"5.4";"5.2";"81.";"6.";"0.00";"0.00";"0.00"
"2017";"3";"24";"5";"20";"1989";"278.";"5.6";"5.1";"83.";"8.";"0.00";"0.00";"0.00"
"2017";"3";"24";"5";"21";"1990";"273.";"6.4";"5.0";"84.";"8.";"0.00";"0.00";"0.00"
"2017";"3";"24";"5";"22";"1991";"275.";"7.0";"5.0";"86.";"7.";"0.00";"0.00";"0.00"
"2017";"3";"24";"5";"23";"1992";"277.";"6.7";"4.9";"85.";"7.";"0.00";"0.00";"0.00"
"2017";"3";"25";"6";"0";"1993";"280.";"6.9";"5.0";"88.";"6.";"0.00";"0.00";"0.00"
"2017";"3";"25";"6";"1";"1994";"279.";"6.8";"5.2";"88.";"7.";"0.00";"0.00";"0.00"
"2017";"3";"25";"6";"2";"1995";"280.";"6.7";"5.2";"89.";"7.";"0.00";"0.00";"0.00"
"2017";"3";"25";"6";"3";"1996";"284.";"5.2";"5.1";"89.";"8.";"0.00";"0.00";"0.00"
"2017";"3";"25";"6";"4";"1997";"285.";"3.9";"4.8";"87.";"7.";"0.00";"0.00";"0.00"
"2017";"3";"25";"6";"5";"1998";"283.";"3.4";"4.3";"87.";"8.";"0.00";"0.00";"0.00"
"2017";"3";"25";"6";"6";"1999";"300.";"2.8";"4.8";"85.";"8.";"7.70";"0.00";"7.70"
"2017";"3";"25";"6";"7";"2000";"298.";"2.9";"6.2";"78.";"8.";"51.95";"0.00";"51.95"
"2017";"3";"25";"6";"8";"2001";"303.";"3.6";"7.0";"69.";"8.";"97.44";"0.00";"97.44"
"2017";"3";"25";"6";"9";"2002";"322.";"2.7";"8.3";"59.";"8.";"136.12";"0.00";"136.12"
"2017";"3";"25";"6";"10";"2003";"317.";"2.6";"9.7";"53.";"8.";"164.23";"0.00";"164.23"
"2017";"3";"25";"6";"11";"2004";"305.";"3.2";"10.3";"51.";"8.";"175.87";"0.00";"175.87"
"2017";"3";"25";"6";"12";"2005";"305.";"3.0";"10.2";"51.";"8.";"178.60";"0.00";"178.60"
"2017";"3";"25";"6";"13";"2006";"293.";"3.2";"10.5";"51.";"8.";"329.12";"0.00";"329.12"
"2017";"3";"25";"6";"14";"2007";"293.";"3.3";"9.4";"52.";"6.";"228.19";"190.27";"145.77"
"2017";"3";"25";"6";"15";"2008";"298.";"3.9";"8.8";"53.";"8.";"100.50";"0.00";"100.50"
"2017";"3";"25";"6";"16";"2009";"303.";"3.5";"8.3";"56.";"8.";"54.97";"0.00";"54.97"
"2017";"3";"25";"6";"17";"2010";"295.";"2.9";"7.2";"61.";"8.";"9.28";"0.00";"9.28"
"2017";"3";"25";"6";"18";"2011";"290.";"2.6";"5.4";"70.";"8.";"0.00";"0.00";"0.00"
"2017";"3";"25";"6";"19";"2012";"305.";"2.2";"4.3";"77.";"8.";"0.00";"0.00";"0.00"
"2017";"3";"25";"6";"20";"2013";"332.";"0.9";"3.0";"81.";"8.";"0.00";"0.00";"0.00"
"2017";"3";"25";"6";"21";"2014";"31.";"0.6";"2.2";"83.";"7.";"0.00";"0.00";"0.00"
"2017";"3";"25";"6";"22";"2015";"339.";"0.2";"1.3";"84.";"8.";"0.00";"0.00";"0.00"
"2017";"3";"25";"6";"23";"2016";"206.";"1.1";"1.1";"86.";"8.";"0.00";"0.00";"0.00"
"2017";"3";"26";"7";"0";"2017";"192.";"1.5";"0.8";"91.";"8.";"0.00";"0.00";"0.00"
"2017";"3";"26";"7";"1";"2018";"180.";"1.7";"1.4";"89.";"8.";"0.00";"0.00";"0.00"
"2017";"3";"26";"7";"2";"2019";"185.";"1.8";"1.5";"90.";"6.";"0.00";"0.00";"0.00"
"2017";"3";"26";"7";"3";"2020";"199.";"2.1";"1.7";"93.";"8.";"0.00";"0.00";"0.00"
"2017";"3";"26";"7";"4";"2021";"200.";"2.3";"2.3";"96.";"8.";"0.00";"0.00";"0.00"
"2017";"3";"26";"7";"5";"2022";"199.";"1.9";"2.6";"97.";"7.";"0.00";"0.00";"0.00"
"2017";"3";"26";"7";"6";"2023";"180.";"2.0";"3.0";"98.";"7.";"8.30";"2.93";"8.05"
"2017";"3";"26";"7";"7";"2024";"188.";"2.4";"3.5";"99.";"7.";"61.98";"26.35";"56.20"
"2017";"3";"26";"7";"8";"2025";"194.";"2.5";"4.8";"96.";"4.";"214.90";"275.02";"121.30"
"2017";"3";"26";"7";"9";"2026";"213.";"2.9";"5.9";"86.";"4.";"301.07";"327.20";"157.41"
"2017";"3";"26";"7";"10";"2027";"217.";"3.1";"6.7";"80.";"2.";"450.41";"546.66";"172.23"
"2017";"3";"26";"7";"11";"2028";"219.";"3.0";"7.4";"77.";"3.";"445.52";"478.65";"184.67"
"2017";"3";"26";"7";"12";"2029";"224.";"3.3";"7.5";"76.";"4.";"397.53";"383.02";"188.79"
"2017";"3";"26";"7";"13";"2030";"211.";"3.0";"6.7";"77.";"3.";"409.81";"459.71";"175.89"
"2017";"3";"26";"7";"14";"2031";"216.";"3.3";"7.1";"80.";"4.";"298.11";"312.58";"160.86"
"2017";"3";"26";"7";"15";"2032";"207.";"2.5";"6.8";"84.";"2.";"262.58";"390.53";"129.66"
"2017";"3";"26";"7";"16";"2033";"179.";"2.1";"6.3";"86.";"3.";"130.31";"259.78";"73.29"
"2017";"3";"26";"7";"17";"2034";"184.";"1.9";"5.6";"87.";"3.";"21.46";"91.47";"13.72"
"2017";"3";"26";"7";"18";"2035";"159.";"2.0";"4.8";"91.";"4.";"0.00";"0.00";"0.00"
"2017";"3";"26";"7";"19";"2036";"157.";"2.2";"4.3";"93.";"3.";"0.00";"0.00";"0.00"
"2017";"3";"26";"7";"20";"2037";"140.";"1.6";"4.0";"93.";"3.";"0.00";"0.00";"0.00"
"2017";"3";"26";"7";"21";"2038";"78.";"0.9";"3.6";"95.";"5.";"0.00";"0.00";"0.00"
"2017";"3";"26";"7";"22";"2039";"347.";"0.9";"2.9";"96.";"5.";"0.00";"0.00";"0.00"
"2017";"3";"26";"7";"23";"2040";"338.";"0.9";"2.5";"97.";"4.";"0.00";"0.00";"0.00"
"2017";"3";"27";"1";"0";"2041";"287.";"1.2";"2.2";"97.";"5.";"0.00";"0.00";"0.00"
"2017";"3";"27";"1";"1";"2042";"273.";"2.1";"1.6";"97.";"7.";"0.00";"0.00";"0.00"
"2017";"3";"27";"1";"2";"2043";"252.";"2.3";"2.4";"97.";"8.";"0.00";"0.00";"0.00"
"2017";"3";"27";"1";"3";"2044";"236.";"1.5";"3.5";"97.";"8.";"0.00";"0.00";"0.00"
"2017";"3";"27";"1";"4";"2045";"251.";"1.8";"3.9";"97.";"8.";"0.00";"0.00";"0.00"
"2017";"3";"27";"1";"5";"2046";"223.";"1.0";"4.1";"97.";"8.";"0.00";"0.00";"0.00"
"2017";"3";"27";"1";"6";"2047";"206.";"1.3";"4.1";"98.";"7.";"9.67";"3.10";"9.39"
"2017";"3";"27";"1";"7";"2048";"203.";"2.0";"4.3";"97.";"7.";"58.92";"11.98";"56.22"
"2017";"3";"27";"1";"8";"2049";"201.";"2.4";"4.5";"97.";"8.";"80.80";"0.00";"80.80"
"2017";"3";"27";"1";"9";"2050";"192.";"3.2";"4.8";"97.";"8.";"131.09";"0.00";"131.09"
"2017";"3";"27";"1";"10";"2051";"216.";"4.0";"5.2";"97.";"8.";"152.28";"0.00";"152.28"
"2017";"3";"27";"1";"11";"2052";"215.";"3.8";"5.4";"96.";"8.";"159.11";"0.00";"159.11"
"2017";"3";"27";"1";"12";"2053";"212.";"3.6";"5.5";"95.";"8.";"156.42";"0.00";"156.42"
"2017";"3";"27";"1";"13";"2054";"215.";"3.0";"5.8";"95.";"8.";"138.97";"0.00";"138.97"
"2017";"3";"27";"1";"14";"2055";"216.";"2.9";"6.0";"94.";"8.";"113.48";"0.00";"113.48"
"2017";"3";"27";"1";"15";"2056";"235.";"2.5";"6.4";"94.";"8.";"87.64";"0.00";"87.64"
"2017";"3";"27";"1";"16";"2057";"229.";"1.8";"7.0";"93.";"7.";"67.46";"41.32";"58.15"
"2017";"3";"27";"1";"17";"2058";"204.";"1.9";"7.0";"93.";"7.";"11.15";"15.26";"9.77"
"2017";"3";"27";"1";"18";"2059";"132.";"1.1";"6.5";"95.";"4.";"0.00";"0.00";"0.00"
"2017";"3";"27";"1";"19";"2060";"146.";"0.8";"6.3";"96.";"4.";"0.00";"0.00";"0.00"
"2017";"3";"27";"1";"20";"2061";"291.";"0.7";"5.8";"97.";"5.";"0.00";"0.00";"0.00"
"2017";"3";"27";"1";"21";"2062";"232.";"0.8";"5.3";"97.";"6.";"0.00";"0.00";"0.00"
"2017";"3";"27";"1";"22";"2063";"217.";"1.3";"5.3";"97.";"6.";"0.00";"0.00";"0.00"
"2017";"3";"27";"1";"23";"2064";"195.";"1.0";"5.3";"97.";"6.";"0.00";"0.00";"0.00"
"2017";"3";"28";"2";"0";"2065";"225.";"0.8";"5.0";"97.";"6.";"0.00";"0.00";"0.00"
"2017";"3";"28";"2";"1";"2066";"219.";"0.5";"4.7";"97.";"6.";"0.00";"0.00";"0.00"
"2017";"3";"28";"2";"2";"2067";"194.";"0.4";"4.8";"98.";"8.";"0.00";"0.00";"0.00"
"2017";"3";"28";"2";"3";"2068";"109.";"1.0";"4.7";"98.";"8.";"0.00";"0.00";"0.00"
"2017";"3";"28";"2";"4";"2069";"98.";"2.0";"4.5";"97.";"8.";"0.00";"0.00";"0.00"
"2017";"3";"28";"2";"5";"2070";"103.";"2.4";"4.4";"98.";"7.";"0.00";"0.00";"0.00"
"2017";"3";"28";"2";"6";"2071";"108.";"2.2";"4.8";"98.";"7.";"14.73";"18.67";"12.92"
"2017";"3";"28";"2";"7";"2072";"106.";"3.0";"5.0";"97.";"8.";"54.42";"0.00";"54.42"
"2017";"3";"28";"2";"8";"2073";"122.";"2.7";"5.4";"94.";"7.";"134.18";"71.26";"109.09"
"2017";"3";"28";"2";"9";"2074";"131.";"2.6";"5.8";"94.";"7.";"187.44";"89.03";"147.31"
"2017";"3";"28";"2";"10";"2075";"147.";"2.7";"6.4";"90.";"8.";"170.21";"0.00";"170.21"
"2017";"3";"28";"2";"11";"2076";"147.";"3.0";"6.8";"87.";"7.";"245.17";"102.46";"188.13"
"2017";"3";"28";"2";"12";"2077";"188.";"2.6";"6.6";"86.";"7.";"247.66";"107.28";"187.93"
"2017";"3";"28";"2";"13";"2078";"219.";"3.2";"6.1";"89.";"7.";"222.01";"90.70";"174.79"
"2017";"3";"28";"2";"14";"2079";"210.";"2.7";"5.0";"92.";"8.";"136.96";"0.00";"136.96"
"2017";"3";"28";"2";"15";"2080";"215.";"2.2";"5.1";"92.";"8.";"100.46";"0.00";"100.46"
"2017";"3";"28";"2";"16";"2081";"204.";"2.4";"4.8";"92.";"8.";"58.02";"0.00";"58.02"
"2017";"3";"28";"2";"17";"2082";"213.";"2.7";"4.4";"92.";"7.";"16.79";"26.63";"14.22"
"2017";"3";"28";"2";"18";"2083";"219.";"2.2";"3.9";"93.";"8.";"0.00";"0.00";"0.00"
"2017";"3";"28";"2";"19";"2084";"228.";"2.0";"3.9";"93.";"8.";"0.00";"0.00";"0.00"
"2017";"3";"28";"2";"20";"2085";"221.";"1.5";"4.1";"94.";"8.";"0.00";"0.00";"0.00"
"2017";"3";"28";"2";"21";"2086";"192.";"1.1";"4.1";"96.";"8.";"0.00";"0.00";"0.00"
"2017";"3";"28";"2";"22";"2087";"162.";"2.0";"4.1";"97.";"8.";"0.00";"0.00";"0.00"
"2017";"3";"28";"2";"23";"2088";"158.";"2.2";"4.0";"97.";"7.";"0.00";"0.00";"0.00"
"2017";"3";"29";"3";"0";"2089";"155.";"1.6";"4.1";"97.";"8.";"0.00";"0.00";"0.00"
"2017";"3";"29";"3";"1";"2090";"157.";"0.8";"4.2";"97.";"8.";"0.00";"0.00";"0.00"
"2017";"3";"29";"3";"2";"2091";"251.";"1.9";"4.3";"96.";"8.";"0.00";"0.00";"0.00"
"2017";"3";"29";"3";"3";"2092";"236.";"1.9";"4.4";"95.";"8.";"0.00";"0.00";"0.00"
"2017";"3";"29";"3";"4";"2093";"232.";"2.5";"4.5";"96.";"8.";"0.00";"0.00";"0.00"
"2017";"3";"29";"3";"5";"2094";"228.";"2.5";"4.4";"96.";"8.";"0.00";"0.00";"0.00"
"2017";"3";"29";"3";"6";"2095";"234.";"2.6";"4.3";"96.";"8.";"12.51";"0.00";"12.51"
"2017";"3";"29";"3";"7";"2096";"249.";"2.8";"4.2";"96.";"8.";"52.54";"0.00";"52.54"
"2017";"3";"29";"3";"8";"2097";"247.";"3.0";"4.4";"95.";"8.";"100.30";"0.00";"100.30"
"2017";"3";"29";"3";"9";"2098";"251.";"2.9";"4.7";"93.";"8.";"146.30";"0.00";"146.30"
"2017";"3";"29";"3";"10";"2099";"251.";"2.9";"4.9";"90.";"8.";"177.00";"0.00";"177.00"
"2017";"3";"29";"3";"11";"2100";"249.";"2.1";"5.0";"90.";"8.";"188.15";"0.00";"188.15"
"2017";"3";"29";"3";"12";"2101";"277.";"1.7";"5.1";"89.";"8.";"177.26";"0.00";"177.26"
"2017";"3";"29";"3";"13";"2102";"321.";"1.2";"5.4";"87.";"8.";"177.11";"0.00";"177.11"
"2017";"3";"29";"3";"14";"2103";"1.";"1.7";"5.8";"85.";"8.";"152.51";"0.00";"152.51"
"2017";"3";"29";"3";"15";"2104";"347.";"2.5";"6.0";"82.";"8.";"109.21";"0.00";"109.21"
"2017";"3";"29";"3";"16";"2105";"355.";"2.7";"6.0";"80.";"7.";"84.00";"76.76";"65.80"
"2017";"3";"29";"3";"17";"2106";"11.";"2.4";"5.8";"79.";"6.";"25.66";"74.43";"18.04"
"2017";"3";"29";"3";"18";"2107";"16.";"1.2";"5.0";"83.";"8.";"0.00";"0.00";"0.00"
"2017";"3";"29";"3";"19";"2108";"12.";"0.6";"3.3";"87.";"4.";"0.00";"0.00";"0.00"
"2017";"3";"29";"3";"20";"2109";"285.";"1.8";"2.4";"91.";"4.";"0.00";"0.00";"0.00"
"2017";"3";"29";"3";"21";"2110";"102.";"0.2";"1.7";"93.";"8.";"0.00";"0.00";"0.00"
"2017";"3";"29";"3";"22";"2111";"98.";"0.9";"1.6";"94.";"8.";"0.00";"0.00";"0.00"
"2017";"3";"29";"3";"23";"2112";"82.";"1.2";"1.4";"94.";"6.";"0.00";"0.00";"0.00"
"2017";"3";"30";"4";"0";"2113";"99.";"1.1";"1.6";"94.";"6.";"0.00";"0.00";"0.00"
"2017";"3";"30";"4";"1";"2114";"118.";"1.7";"1.6";"94.";"6.";"0.00";"0.00";"0.00"
"2017";"3";"30";"4";"2";"2115";"132.";"1.7";"2.1";"94.";"8.";"0.00";"0.00";"0.00"
"2017";"3";"30";"4";"3";"2116";"139.";"1.9";"2.7";"95.";"5.";"0.00";"0.00";"0.00"
"2017";"3";"30";"4";"4";"2117";"132.";"2.3";"3.0";"94.";"7.";"0.00";"0.00";"0.00"
"2017";"3";"30";"4";"5";"2118";"128.";"2.8";"2.9";"92.";"7.";"0.00";"0.00";"0.00"
"2017";"3";"30";"4";"6";"2119";"134.";"3.0";"3.4";"88.";"7.";"24.05";"41.79";"19.52"
"2017";"3";"30";"4";"7";"2120";"144.";"3.3";"4.1";"86.";"7.";"142.13";"75.50";"123.78"
"2017";"3";"30";"4";"8";"2121";"151.";"3.8";"5.0";"87.";"7.";"147.85";"92.16";"114.32"
"2017";"3";"30";"4";"9";"2122";"157.";"4.1";"5.8";"83.";"7.";"199.44";"102.30";"152.14"
"2017";"3";"30";"4";"10";"2123";"155.";"4.6";"5.3";"87.";"8.";"98.37";"0.00";"98.37"
"2017";"3";"30";"4";"11";"2124";"147.";"5.6";"5.2";"92.";"8.";"102.35";"0.00";"102.35"
"2017";"3";"30";"4";"12";"2125";"148.";"6.4";"5.2";"94.";"8.";"97.50";"0.00";"97.50"
"2017";"3";"30";"4";"13";"2126";"160.";"7.2";"5.6";"95.";"8.";"85.17";"0.00";"85.17"
"2017";"3";"30";"4";"14";"2127";"164.";"6.0";"6.1";"96.";"8.";"71.31";"0.00";"71.31"
"2017";"3";"30";"4";"15";"2128";"173.";"5.2";"6.7";"97.";"8.";"48.97";"0.00";"48.97"
"2017";"3";"30";"4";"16";"2129";"195.";"3.8";"7.0";"97.";"8.";"28.69";"0.00";"28.69"
"2017";"3";"30";"4";"17";"2130";"224.";"3.2";"7.3";"97.";"8.";"6.44";"0.00";"6.44"
"2017";"3";"30";"4";"18";"2131";"233.";"3.8";"7.7";"97.";"8.";"0.00";"0.00";"0.00"
"2017";"3";"30";"4";"19";"2132";"244.";"4.2";"7.8";"98.";"8.";"0.00";"0.00";"0.00"
"2017";"3";"30";"4";"20";"2133";"246.";"4.2";"7.8";"97.";"8.";"0.00";"0.00";"0.00"
"2017";"3";"30";"4";"21";"2134";"243.";"4.7";"7.3";"98.";"8.";"0.00";"0.00";"0.00"
"2017";"3";"30";"4";"22";"2135";"251.";"4.5";"7.5";"98.";"8.";"0.00";"0.00";"0.00"
"2017";"3";"30";"4";"23";"2136";"251.";"3.9";"7.3";"98.";"8.";"0.00";"0.00";"0.00"
"2017";"3";"31";"5";"0";"2137";"252.";"3.6";"7.2";"98.";"8.";"0.00";"0.00";"0.00"
"2017";"3";"31";"5";"1";"2138";"255.";"3.7";"7.2";"98.";"8.";"0.00";"0.00";"0.00"
"2017";"3";"31";"5";"2";"2139";"246.";"2.3";"7.1";"98.";"8.";"0.00";"0.00";"0.00"
"2017";"3";"31";"5";"3";"2140";"228.";"2.5";"7.2";"98.";"8.";"0.00";"0.00";"0.00"
"2017";"3";"31";"5";"4";"2141";"225.";"1.7";"7.2";"98.";"8.";"0.00";"0.00";"0.00"
"2017";"3";"31";"5";"5";"2142";"185.";"0.8";"7.3";"98.";"8.";"0.00";"0.00";"0.00"
"2017";"3";"31";"5";"6";"2143";"160.";"1.1";"7.5";"98.";"8.";"6.93";"0.00";"6.93"
"2017";"3";"31";"5";"7";"2144";"196.";"1.1";"7.6";"98.";"8.";"31.24";"0.00";"31.24"
"2017";"3";"31";"5";"8";"2145";"166.";"1.4";"7.9";"98.";"8.";"52.45";"0.00";"52.45"
"2017";"3";"31";"5";"9";"2146";"149.";"2.1";"8.3";"98.";"8.";"71.76";"0.00";"71.76"
"2017";"3";"31";"5";"10";"2147";"145.";"2.7";"8.7";"97.";"8.";"82.86";"0.00";"82.86"
"2017";"3";"31";"5";"11";"2148";"157.";"2.7";"9.8";"96.";"8.";"170.01";"0.00";"170.01"
"2017";"3";"31";"5";"12";"2149";"169.";"2.7";"10.1";"95.";"8.";"167.50";"0.00";"167.50"
"2017";"3";"31";"5";"13";"2150";"151.";"3.0";"11.2";"90.";"8.";"150.96";"0.00";"150.96"
"2017";"3";"31";"5";"14";"2151";"162.";"3.4";"12.4";"85.";"8.";"134.39";"0.00";"134.39"
"2017";"3";"31";"5";"15";"2152";"162.";"3.6";"13.1";"83.";"7.";"132.40";"58.76";"110.69"
"2017";"3";"31";"5";"16";"2153";"155.";"4.0";"13.0";"80.";"7.";"76.95";"50.01";"64.50"
"2017";"3";"31";"5";"17";"2154";"154.";"3.6";"12.7";"82.";"6.";"28.59";"37.05";"24.36"
"2017";"3";"31";"5";"18";"2155";"153.";"3.5";"12.4";"85.";"7.";"0.00";"0.00";"0.00"
"2017";"3";"31";"5";"19";"2156";"154.";"3.8";"12.2";"85.";"7.";"0.00";"0.00";"0.00"
"2017";"3";"31";"5";"20";"2157";"164.";"4.1";"11.6";"83.";"7.";"0.00";"0.00";"0.00"
"2017";"3";"31";"5";"21";"2158";"165.";"3.8";"11.4";"83.";"7.";"0.00";"0.00";"0.00"
"2017";"3";"31";"5";"22";"2159";"161.";"3.7";"11.3";"84.";"5.";"0.00";"0.00";"0.00"
"2017";"3";"31";"5";"23";"2160";"169.";"3.8";"10.6";"85.";"6.";"0.00";"0.00";"0.00"
"2017";"4";"1";"6";"0";"2161";"166.";"3.6";"10.5";"87.";"7.";"0.00";"0.00";"0.00"
"2017";"4";"1";"6";"1";"2162";"176.";"3.3";"10.1";"89.";"8.";"0.00";"0.00";"0.00"
"2017";"4";"1";"6";"2";"2163";"208.";"3.5";"9.4";"90.";"8.";"0.00";"0.00";"0.00"
"2017";"4";"1";"6";"3";"2164";"178.";"1.9";"9.2";"93.";"8.";"0.00";"0.00";"0.00"
"2017";"4";"1";"6";"4";"2165";"174.";"0.8";"8.5";"95.";"8.";"0.00";"0.00";"0.00"
"2017";"4";"1";"6";"5";"2166";"206.";"1.7";"8.4";"96.";"8.";"0.00";"0.00";"0.00"
"2017";"4";"1";"6";"6";"2167";"231.";"2.0";"8.2";"96.";"8.";"12.42";"0.00";"12.42"
"2017";"4";"1";"6";"7";"2168";"232.";"2.0";"8.1";"96.";"7.";"64.78";"14.75";"61.02"
"2017";"4";"1";"6";"8";"2169";"236.";"2.4";"8.6";"95.";"8.";"86.09";"0.00";"86.09"
"2017";"4";"1";"6";"9";"2170";"225.";"2.3";"8.6";"95.";"8.";"114.81";"0.00";"114.81"
"2017";"4";"1";"6";"10";"2171";"217.";"2.0";"8.6";"97.";"8.";"123.91";"0.00";"123.91"
"2017";"4";"1";"6";"11";"2172";"198.";"1.9";"8.8";"96.";"8.";"144.57";"0.00";"144.57"
"2017";"4";"1";"6";"12";"2173";"198.";"2.1";"9.4";"94.";"8.";"153.05";"0.00";"153.05"
"2017";"4";"1";"6";"13";"2174";"201.";"2.9";"9.9";"91.";"8.";"147.88";"0.00";"147.88"
"2017";"4";"1";"6";"14";"2175";"188.";"2.4";"10.0";"91.";"8.";"124.57";"0.00";"124.57"
"2017";"4";"1";"6";"15";"2176";"161.";"2.7";"10.0";"90.";"8.";"91.66";"0.00";"91.66"
"2017";"4";"1";"6";"16";"2177";"163.";"3.1";"9.9";"90.";"8.";"52.46";"0.00";"52.46"
"2017";"4";"1";"6";"17";"2178";"169.";"3.1";"9.0";"92.";"8.";"12.22";"0.00";"12.22"
"2017";"4";"1";"6";"18";"2179";"180.";"3.1";"8.2";"94.";"8.";"0.00";"0.00";"0.00"
"2017";"4";"1";"6";"19";"2180";"192.";"2.5";"7.6";"96.";"8.";"0.00";"0.00";"0.00"
"2017";"4";"1";"6";"20";"2181";"189.";"2.3";"7.1";"96.";"8.";"0.00";"0.00";"0.00"
"2017";"4";"1";"6";"21";"2182";"154.";"2.2";"6.7";"97.";"8.";"0.00";"0.00";"0.00"
"2017";"4";"1";"6";"22";"2183";"143.";"1.9";"6.3";"97.";"8.";"0.00";"0.00";"0.00"
"2017";"4";"1";"6";"23";"2184";"147.";"1.8";"5.9";"97.";"8.";"0.00";"0.00";"0.00"
"2017";"4";"2";"7";"0";"2185";"155.";"1.8";"5.6";"97.";"8.";"0.00";"0.00";"0.00"
"2017";"4";"2";"7";"1";"2186";"167.";"1.9";"5.7";"98.";"8.";"0.00";"0.00";"0.00"
"2017";"4";"2";"7";"2";"2187";"176.";"1.6";"5.8";"97.";"7.";"0.00";"0.00";"0.00"
"2017";"4";"2";"7";"3";"2188";"173.";"1.7";"5.8";"97.";"8.";"0.00";"0.00";"0.00"
"2017";"4";"2";"7";"4";"2189";"200.";"1.8";"5.9";"98.";"8.";"0.00";"0.00";"0.00"
"2017";"4";"2";"7";"5";"2190";"155.";"1.2";"6.1";"98.";"8.";"0.00";"0.00";"0.00"
"2017";"4";"2";"7";"6";"2191";"181.";"1.4";"6.5";"97.";"8.";"33.27";"0.00";"33.27"
"2017";"4";"2";"7";"7";"2192";"171.";"1.7";"7.0";"97.";"8.";"59.45";"0.00";"59.45"
"2017";"4";"2";"7";"8";"2193";"182.";"1.9";"7.2";"95.";"8.";"100.29";"0.00";"100.29"
"2017";"4";"2";"7";"9";"2194";"216.";"2.3";"8.2";"93.";"8.";"137.15";"0.00";"137.15"
"2017";"4";"2";"7";"10";"2195";"204.";"2.3";"9.5";"87.";"7.";"221.26";"77.94";"178.46"
"2017";"4";"2";"7";"11";"2196";"236.";"3.3";"11.2";"79.";"6.";"304.59";"183.93";"196.94"
"2017";"4";"2";"7";"12";"2197";"244.";"2.1";"12.1";"76.";"6.";"306.13";"189.43";"195.27"
"2017";"4";"2";"7";"13";"2198";"261.";"1.7";"12.4";"74.";"5.";"340.15";"299.89";"175.45"
"2017";"4";"2";"7";"14";"2199";"288.";"3.0";"11.8";"77.";"8.";"145.62";"0.00";"145.62"
"2017";"4";"2";"7";"15";"2200";"298.";"2.5";"10.9";"79.";"7.";"144.80";"81.99";"113.55"
"2017";"4";"2";"7";"16";"2201";"282.";"2.9";"10.4";"82.";"8.";"62.28";"0.00";"62.28"
"2017";"4";"2";"7";"17";"2202";"267.";"3.0";"7.9";"88.";"6.";"26.97";"44.50";"21.37"
"2017";"4";"2";"7";"18";"2203";"249.";"1.8";"6.9";"92.";"6.";"0.00";"0.00";"0.00"
"2017";"4";"2";"7";"19";"2204";"233.";"2.2";"6.5";"93.";"8.";"0.00";"0.00";"0.00"
"2017";"4";"2";"7";"20";"2205";"252.";"2.5";"6.5";"94.";"8.";"0.00";"0.00";"0.00"
"2017";"4";"2";"7";"21";"2206";"258.";"2.2";"6.6";"94.";"8.";"0.00";"0.00";"0.00"
"2017";"4";"2";"7";"22";"2207";"245.";"2.5";"6.7";"96.";"8.";"0.00";"0.00";"0.00"
"2017";"4";"2";"7";"23";"2208";"241.";"2.3";"6.6";"95.";"8.";"0.00";"0.00";"0.00"
"2017";"4";"3";"1";"0";"2209";"224.";"2.0";"6.6";"95.";"8.";"0.00";"0.00";"0.00"
"2017";"4";"3";"1";"1";"2210";"207.";"1.9";"6.3";"95.";"8.";"0.00";"0.00";"0.00"
"2017";"4";"3";"1";"2";"2211";"177.";"1.7";"6.2";"94.";"8.";"0.00";"0.00";"0.00"
"2017";"4";"3";"1";"3";"2212";"168.";"2.1";"6.0";"94.";"8.";"0.00";"0.00";"0.00"
"2017";"4";"3";"1";"4";"2213";"182.";"1.9";"6.0";"93.";"7.";"0.00";"0.00";"0.00"
"2017";"4";"3";"1";"5";"2214";"161.";"1.8";"6.1";"92.";"6.";"0.00";"0.00";"0.00"
"2017";"4";"3";"1";"6";"2215";"162.";"2.0";"6.5";"91.";"7.";"25.76";"28.95";"21.95"
"2017";"4";"3";"1";"7";"2216";"168.";"2.2";"6.8";"89.";"6.";"108.18";"121.67";"75.79"
"2017";"4";"3";"1";"8";"2217";"177.";"2.0";"7.7";"84.";"6.";"183.62";"160.25";"121.64"
"2017";"4";"3";"1";"9";"2218";"176.";"2.2";"9.2";"78.";"5.";"290.30";"268.88";"159.84"
"2017";"4";"3";"1";"10";"2219";"201.";"2.5";"9.8";"73.";"4.";"382.07";"329.41";"199.31"
"2017";"4";"3";"1";"11";"2220";"224.";"3.2";"10.3";"71.";"2.";"508.27";"499.35";"213.23"
"2017";"4";"3";"1";"12";"2221";"213.";"2.5";"10.0";"72.";"5.";"362.19";"261.07";"207.93"
"2017";"4";"3";"1";"13";"2222";"215.";"2.5";"10.6";"68.";"0.";"579.10";"816.01";"126.36"
"2017";"4";"3";"1";"14";"2223";"210.";"2.5";"10.1";"66.";"0.";"488.90";"747.80";"126.06"
"2017";"4";"3";"1";"15";"2224";"193.";"2.2";"10.2";"67.";"0.";"362.55";"646.45";"112.53"
"2017";"4";"3";"1";"16";"2225";"208.";"2.5";"9.6";"72.";"0.";"217.42";"538.36";"74.12"
"2017";"4";"3";"1";"17";"2226";"203.";"1.8";"8.5";"78.";"0.";"65.77";"284.36";"28.32"
"2017";"4";"3";"1";"18";"2227";"195.";"1.2";"7.0";"85.";"1.";"0.00";"0.00";"0.00"
"2017";"4";"3";"1";"19";"2228";"222.";"1.2";"5.9";"90.";"2.";"0.00";"0.00";"0.00"
"2017";"4";"3";"1";"20";"2229";"214.";"0.9";"5.5";"94.";"6.";"0.00";"0.00";"0.00"
"2017";"4";"3";"1";"21";"2230";"222.";"0.8";"5.1";"95.";"8.";"0.00";"0.00";"0.00"
"2017";"4";"3";"1";"22";"2231";"156.";"0.9";"4.5";"96.";"8.";"0.00";"0.00";"0.00"
"2017";"4";"3";"1";"23";"2232";"154.";"0.6";"4.3";"96.";"8.";"0.00";"0.00";"0.00"
"2017";"4";"4";"2";"0";"2233";"68.";"0.4";"4.3";"96.";"5.";"0.00";"0.00";"0.00"
"2017";"4";"4";"2";"1";"2234";"72.";"0.4";"4.4";"96.";"7.";"0.00";"0.00";"0.00"
"2017";"4";"4";"2";"2";"2235";"154.";"0.4";"4.3";"96.";"7.";"0.00";"0.00";"0.00"
"2017";"4";"4";"2";"3";"2236";"175.";"1.1";"4.3";"96.";"8.";"0.00";"0.00";"0.00"
"2017";"4";"4";"2";"4";"2237";"234.";"1.7";"4.5";"95.";"8.";"0.00";"0.00";"0.00"
"2017";"4";"4";"2";"5";"2238";"213.";"1.7";"4.5";"95.";"8.";"0.00";"0.00";"0.00"
"2017";"4";"4";"2";"6";"2239";"223.";"2.7";"4.3";"95.";"8.";"21.28";"0.00";"21.28"
"2017";"4";"4";"2";"7";"2240";"221.";"3.4";"4.3";"94.";"8.";"64.42";"0.00";"64.42"
"2017";"4";"4";"2";"8";"2241";"219.";"3.8";"4.7";"93.";"8.";"108.72";"0.00";"108.72"
"2017";"4";"4";"2";"9";"2242";"215.";"4.3";"5.3";"91.";"8.";"147.36";"0.00";"147.36"
"2017";"4";"4";"2";"10";"2243";"202.";"4.1";"6.3";"87.";"7.";"239.84";"99.16";"184.27"
"2017";"4";"4";"2";"11";"2244";"195.";"4.4";"7.7";"78.";"6.";"319.36";"200.11";"200.01"
"2017";"4";"4";"2";"12";"2245";"201.";"5.4";"8.7";"72.";"5.";"378.39";"303.15";"197.60"
"2017";"4";"4";"2";"13";"2246";"195.";"5.5";"9.3";"71.";"6.";"297.89";"201.64";"184.89"
"2017";"4";"4";"2";"14";"2247";"197.";"5.8";"10.0";"70.";"4.";"340.47";"372.15";"157.82"
"2017";"4";"4";"2";"15";"2248";"185.";"4.8";"9.7";"69.";"5.";"225.57";"262.18";"122.69"
"2017";"4";"4";"2";"16";"2249";"182.";"4.9";"9.9";"70.";"4.";"155.78";"282.16";"79.06"
"2017";"4";"4";"2";"17";"2250";"196.";"4.8";"8.9";"75.";"4.";"49.61";"148.03";"29.25"
"2017";"4";"4";"2";"18";"2251";"213.";"4.6";"8.5";"78.";"8.";"0.00";"0.00";"0.00"
"2017";"4";"4";"2";"19";"2252";"217.";"4.0";"8.7";"79.";"8.";"0.00";"0.00";"0.00"
"2017";"4";"4";"2";"20";"2253";"232.";"3.9";"8.8";"80.";"8.";"0.00";"0.00";"0.00"
"2017";"4";"4";"2";"21";"2254";"260.";"5.0";"8.3";"86.";"8.";"0.00";"0.00";"0.00"
"2017";"4";"4";"2";"22";"2255";"267.";"5.7";"7.5";"82.";"8.";"0.00";"0.00";"0.00"
"2017";"4";"4";"2";"23";"2256";"267.";"5.0";"6.8";"79.";"6.";"0.00";"0.00";"0.00"
"2017";"4";"5";"3";"0";"2257";"261.";"5.5";"6.2";"80.";"6.";"0.00";"0.00";"0.00"
"2017";"4";"5";"3";"1";"2258";"259.";"5.6";"6.0";"84.";"7.";"0.00";"0.00";"0.00"
"2017";"4";"5";"3";"2";"2259";"257.";"5.4";"5.9";"87.";"7.";"0.00";"0.00";"0.00"
"2017";"4";"5";"3";"3";"2260";"250.";"6.0";"6.2";"84.";"6.";"0.00";"0.00";"0.00"
"2017";"4";"5";"3";"4";"2261";"250.";"7.3";"6.3";"82.";"6.";"0.00";"0.00";"0.00"
"2017";"4";"5";"3";"5";"2262";"245.";"7.1";"6.3";"80.";"5.";"0.00";"0.00";"0.00"
"2017";"4";"5";"3";"6";"2263";"249.";"7.3";"6.4";"80.";"0.";"81.03";"319.01";"35.33"
"2017";"4";"5";"3";"7";"2264";"260.";"7.9";"7.4";"79.";"2.";"194.93";"384.87";"88.09"
"2017";"4";"5";"3";"8";"2265";"262.";"8.2";"7.7";"74.";"2.";"313.30";"431.02";"141.74"
"2017";"4";"5";"3";"9";"2266";"260.";"8.6";"8.1";"66.";"2.";"406.60";"427.28";"194.51"
"2017";"4";"5";"3";"10";"2267";"265.";"8.8";"8.7";"65.";"3.";"438.82";"403.45";"210.50"
"2017";"4";"5";"3";"11";"2268";"261.";"9.2";"9.1";"63.";"3.";"466.24";"386.12";"233.83"
"2017";"4";"5";"3";"12";"2269";"260.";"9.5";"8.8";"65.";"5.";"359.68";"221.96";"226.08"
"2017";"4";"5";"3";"13";"2270";"262.";"9.2";"8.2";"69.";"8.";"169.93";"0.00";"169.93"
"2017";"4";"5";"3";"14";"2271";"268.";"9.9";"8.2";"70.";"7.";"193.74";"67.80";"160.09"
"2017";"4";"5";"3";"15";"2272";"277.";"10.3";"7.6";"75.";"7.";"147.11";"63.00";"122.04"
"2017";"4";"5";"3";"16";"2273";"290.";"9.4";"7.9";"72.";"2.";"202.02";"318.55";"113.60"
"2017";"4";"5";"3";"17";"2274";"307.";"8.6";"7.9";"62.";"2.";"76.73";"236.18";"42.90"
"2017";"4";"5";"3";"18";"2275";"318.";"7.6";"7.8";"56.";"4.";"0.00";"0.00";"0.00"
"2017";"4";"5";"3";"19";"2276";"331.";"6.3";"7.5";"60.";"5.";"0.00";"0.00";"0.00"
"2017";"4";"5";"3";"20";"2277";"346.";"5.8";"6.5";"64.";"2.";"0.00";"0.00";"0.00"
"2017";"4";"5";"3";"21";"2278";"346.";"6.3";"6.0";"65.";"0.";"0.00";"0.00";"0.00"
"2017";"4";"5";"3";"22";"2279";"346.";"5.2";"5.8";"62.";"0.";"0.00";"0.00";"0.00"
"2017";"4";"5";"3";"23";"2280";"342.";"4.1";"5.2";"61.";"0.";"0.00";"0.00";"0.00"
"2017";"4";"6";"4";"0";"2281";"336.";"3.9";"4.3";"65.";"0.";"0.00";"0.00";"0.00"
"2017";"4";"6";"4";"1";"2282";"326.";"3.6";"3.9";"67.";"0.";"0.00";"0.00";"0.00"
"2017";"4";"6";"4";"2";"2283";"322.";"3.4";"3.1";"71.";"2.";"0.00";"0.00";"0.00"
"2017";"4";"6";"4";"3";"2284";"326.";"2.8";"2.9";"74.";"6.";"0.00";"0.00";"0.00"
"2017";"4";"6";"4";"4";"2285";"317.";"2.3";"2.1";"78.";"5.";"0.00";"0.00";"0.00"
"2017";"4";"6";"4";"5";"2286";"314.";"1.8";"1.4";"81.";"2.";"0.00";"0.00";"0.00"
"2017";"4";"6";"4";"6";"2287";"305.";"1.5";"2.6";"78.";"0.";"97.64";"426.27";"34.13"
"2017";"4";"6";"4";"7";"2288";"288.";"1.3";"6.3";"65.";"2.";"231.51";"506.90";"87.93"
"2017";"4";"6";"4";"8";"2289";"248.";"1.0";"7.8";"55.";"8.";"257.93";"0.00";"257.93"
"2017";"4";"6";"4";"9";"2290";"257.";"2.2";"8.1";"53.";"8.";"337.26";"0.00";"337.26"
"2017";"4";"6";"4";"10";"2291";"257.";"3.5";"8.0";"56.";"8.";"382.17";"0.00";"382.17"
"2017";"4";"6";"4";"11";"2292";"259.";"4.0";"8.2";"60.";"8.";"411.81";"0.00";"411.81"
"2017";"4";"6";"4";"12";"2293";"261.";"4.4";"8.1";"61.";"8.";"410.08";"0.00";"410.08"
"2017";"4";"6";"4";"13";"2294";"259.";"5.5";"7.6";"64.";"8.";"381.49";"0.00";"381.49"
"2017";"4";"6";"4";"14";"2295";"255.";"5.3";"7.6";"67.";"8.";"322.45";"0.00";"322.45"
"2017";"4";"6";"4";"15";"2296";"269.";"6.5";"7.3";"81.";"7.";"156.89";"80.96";"124.22"
"2017";"4";"6";"4";"16";"2297";"275.";"6.9";"7.2";"88.";"8.";"69.72";"0.00";"69.72"
"2017";"4";"6";"4";"17";"2298";"283.";"6.4";"7.2";"89.";"8.";"24.64";"0.00";"24.64"
"2017";"4";"6";"4";"18";"2299";"289.";"6.0";"7.1";"90.";"8.";"0.00";"0.00";"0.00"
"2017";"4";"6";"4";"19";"2300";"295.";"5.6";"7.3";"90.";"8.";"0.00";"0.00";"0.00"
"2017";"4";"6";"4";"20";"2301";"295.";"5.0";"7.4";"90.";"8.";"0.00";"0.00";"0.00"
"2017";"4";"6";"4";"21";"2302";"291.";"5.3";"7.3";"90.";"8.";"0.00";"0.00";"0.00"
"2017";"4";"6";"4";"22";"2303";"296.";"4.6";"7.3";"90.";"8.";"0.00";"0.00";"0.00"
"2017";"4";"6";"4";"23";"2304";"293.";"4.6";"7.3";"89.";"7.";"0.00";"0.00";"0.00"
"2017";"4";"7";"5";"0";"2305";"297.";"4.4";"7.2";"88.";"6.";"0.00";"0.00";"0.00"
"2017";"4";"7";"5";"1";"2306";"299.";"4.1";"7.1";"88.";"8.";"0.00";"0.00";"0.00"
"2017";"4";"7";"5";"2";"2307";"297.";"3.5";"7.1";"88.";"6.";"0.00";"0.00";"0.00"
"2017";"4";"7";"5";"3";"2308";"301.";"3.0";"6.2";"90.";"7.";"0.00";"0.00";"0.00"
"2017";"4";"7";"5";"4";"2309";"307.";"2.8";"5.9";"92.";"5.";"0.00";"0.00";"0.00"
"2017";"4";"7";"5";"5";"2310";"325.";"1.9";"6.0";"92.";"5.";"0.00";"0.00";"0.00"
"2017";"4";"7";"5";"6";"2311";"312.";"2.9";"8.0";"85.";"2.";"75.13";"248.67";"36.66"
"2017";"4";"7";"5";"7";"2312";"309.";"3.8";"9.3";"77.";"1.";"228.12";"524.14";"76.72"
"2017";"4";"7";"5";"8";"2313";"329.";"2.7";"10.6";"69.";"8.";"245.50";"0.00";"245.50"
"2017";"4";"7";"5";"9";"2314";"328.";"2.9";"12.4";"64.";"8.";"160.09";"0.00";"160.09"
"2017";"4";"7";"5";"10";"2315";"309.";"3.5";"13.2";"60.";"4.";"419.74";"426.27";"173.87"
"2017";"4";"7";"5";"11";"2316";"311.";"3.1";"13.8";"56.";"4.";"451.96";"435.64";"185.02"
"2017";"4";"7";"5";"12";"2317";"308.";"2.9";"13.5";"55.";"5.";"395.28";"328.46";"194.02"
"2017";"4";"7";"5";"13";"2318";"311.";"3.2";"14.6";"54.";"5.";"365.08";"313.71";"184.13"
"2017";"4";"7";"5";"14";"2319";"304.";"3.9";"14.8";"52.";"4.";"361.66";"419.84";"148.66"
"2017";"4";"7";"5";"15";"2320";"299.";"4.5";"14.1";"50.";"7.";"166.95";"101.46";"125.44"
"2017";"4";"7";"5";"16";"2321";"298.";"4.0";"13.1";"52.";"5.";"153.62";"254.79";"80.02"
"2017";"4";"7";"5";"17";"2322";"301.";"3.2";"12.1";"57.";"6.";"48.97";"108.08";"32.25"
"2017";"4";"7";"5";"18";"2323";"290.";"2.2";"9.8";"65.";"8.";"0.00";"0.00";"0.00"
"2017";"4";"7";"5";"19";"2324";"289.";"1.3";"8.2";"73.";"8.";"0.00";"0.00";"0.00"
"2017";"4";"7";"5";"20";"2325";"273.";"1.2";"6.7";"79.";"7.";"0.00";"0.00";"0.00"
"2017";"4";"7";"5";"21";"2326";"234.";"2.0";"6.0";"83.";"6.";"0.00";"0.00";"0.00"
"2017";"4";"7";"5";"22";"2327";"228.";"1.9";"5.1";"88.";"3.";"0.00";"0.00";"0.00"
"2017";"4";"7";"5";"23";"2328";"193.";"1.4";"3.9";"91.";"4.";"0.00";"0.00";"0.00"
"2017";"4";"8";"6";"0";"2329";"194.";"1.6";"3.5";"92.";"8.";"0.00";"0.00";"0.00"
"2017";"4";"8";"6";"1";"2330";"173.";"1.9";"2.8";"94.";"1.";"0.00";"0.00";"0.00"
"2017";"4";"8";"6";"2";"2331";"176.";"2.3";"3.6";"95.";"4.";"0.00";"0.00";"0.00"
"2017";"4";"8";"6";"3";"2332";"172.";"2.1";"3.9";"96.";"7.";"0.00";"0.00";"0.00"
"2017";"4";"8";"6";"4";"2333";"186.";"1.5";"4.4";"97.";"7.";"0.00";"0.00";"0.00"
"2017";"4";"8";"6";"5";"2334";"209.";"1.0";"5.2";"96.";"8.";"0.00";"0.00";"0.00"
"2017";"4";"8";"6";"6";"2335";"239.";"1.6";"6.1";"96.";"8.";"26.51";"0.00";"26.51"
"2017";"4";"8";"6";"7";"2336";"249.";"2.1";"7.4";"92.";"7.";"99.79";"63.85";"80.99"
"2017";"4";"8";"6";"8";"2337";"253.";"2.2";"8.0";"85.";"7.";"162.97";"85.86";"127.37"
"2017";"4";"8";"6";"9";"2338";"230.";"2.3";"8.3";"79.";"8.";"158.16";"0.00";"158.16"
"2017";"4";"8";"6";"10";"2339";"227.";"2.6";"8.4";"79.";"6.";"308.41";"196.10";"194.25"
"2017";"4";"8";"6";"11";"2340";"229.";"2.6";"9.0";"77.";"4.";"448.66";"400.27";"201.26"
"2017";"4";"8";"6";"12";"2341";"235.";"2.2";"10.1";"75.";"8.";"200.47";"0.00";"200.47"
"2017";"4";"8";"6";"13";"2342";"251.";"3.3";"10.7";"75.";"8.";"185.09";"0.00";"185.09"
"2017";"4";"8";"6";"14";"2343";"257.";"3.6";"11.7";"71.";"7.";"215.22";"100.20";"163.83"
"2017";"4";"8";"6";"15";"2344";"254.";"3.8";"11.1";"70.";"8.";"124.53";"0.00";"124.53"
"2017";"4";"8";"6";"16";"2345";"262.";"5.3";"10.1";"73.";"6.";"129.04";"154.44";"83.56"
"2017";"4";"8";"6";"17";"2346";"266.";"5.9";"9.1";"77.";"4.";"67.13";"195.32";"35.81"
"2017";"4";"8";"6";"18";"2347";"268.";"6.0";"8.3";"79.";"8.";"0.00";"0.00";"0.00"
"2017";"4";"8";"6";"19";"2348";"269.";"6.3";"8.0";"76.";"8.";"0.00";"0.00";"0.00"
"2017";"4";"8";"6";"20";"2349";"269.";"5.9";"7.8";"75.";"8.";"0.00";"0.00";"0.00"
"2017";"4";"8";"6";"21";"2350";"262.";"5.6";"7.4";"78.";"8.";"0.00";"0.00";"0.00"
"2017";"4";"8";"6";"22";"2351";"262.";"4.9";"7.0";"81.";"8.";"0.00";"0.00";"0.00"
"2017";"4";"8";"6";"23";"2352";"262.";"5.1";"6.7";"82.";"8.";"0.00";"0.00";"0.00"
"2017";"4";"9";"7";"0";"2353";"257.";"4.0";"6.3";"85.";"8.";"0.00";"0.00";"0.00"
"2017";"4";"9";"7";"1";"2354";"253.";"3.9";"6.4";"86.";"8.";"0.00";"0.00";"0.00"
"2017";"4";"9";"7";"2";"2355";"251.";"4.4";"6.6";"87.";"8.";"0.00";"0.00";"0.00"
"2017";"4";"9";"7";"3";"2356";"248.";"4.2";"6.4";"89.";"7.";"0.00";"0.00";"0.00"
"2017";"4";"9";"7";"4";"2357";"246.";"4.4";"6.5";"90.";"8.";"0.00";"0.00";"0.00"
"2017";"4";"9";"7";"5";"2358";"253.";"4.6";"6.5";"90.";"8.";"0.00";"0.00";"0.00"
"2017";"4";"9";"7";"6";"2359";"258.";"4.6";"6.7";"87.";"7.";"41.67";"42.96";"34.54"
"2017";"4";"9";"7";"7";"2360";"253.";"5.0";"7.0";"84.";"8.";"78.72";"0.00";"78.72"
"2017";"4";"9";"7";"8";"2361";"253.";"5.4";"7.3";"83.";"8.";"125.37";"0.00";"125.37"
"2017";"4";"9";"7";"9";"2362";"252.";"4.5";"7.6";"81.";"8.";"161.38";"0.00";"161.38"
"2017";"4";"9";"7";"10";"2363";"248.";"4.4";"8.1";"77.";"8.";"187.12";"0.00";"187.12"
"2017";"4";"9";"7";"11";"2364";"240.";"4.7";"8.2";"76.";"8.";"202.02";"0.00";"202.02"
"2017";"4";"9";"7";"12";"2365";"217.";"4.3";"8.9";"74.";"8.";"199.90";"0.00";"199.90"
"2017";"4";"9";"7";"13";"2366";"198.";"3.9";"9.0";"74.";"7.";"241.89";"80.57";"194.56"
"2017";"4";"9";"7";"14";"2367";"182.";"4.0";"9.6";"77.";"7.";"200.53";"65.83";"166.42"
"2017";"4";"9";"7";"15";"2368";"177.";"4.9";"10.5";"76.";"4.";"248.33";"199.44";"164.55"
"2017";"4";"9";"7";"16";"2369";"180.";"4.7";"10.5";"75.";"1.";"217.58";"335.25";"117.02"
"2017";"4";"9";"7";"17";"2370";"173.";"4.5";"10.2";"77.";"0.";"92.63";"257.13";"49.94"
"2017";"4";"9";"7";"18";"2371";"174.";"3.8";"9.3";"81.";"0.";"0.00";"0.00";"0.00"
"2017";"4";"9";"7";"19";"2372";"177.";"3.6";"8.5";"85.";"0.";"0.00";"0.00";"0.00"
"2017";"4";"9";"7";"20";"2373";"185.";"3.4";"8.1";"86.";"0.";"0.00";"0.00";"0.00"
"2017";"4";"9";"7";"21";"2374";"194.";"3.9";"8.2";"84.";"0.";"0.00";"0.00";"0.00"
"2017";"4";"9";"7";"22";"2375";"202.";"4.8";"8.6";"79.";"2.";"0.00";"0.00";"0.00"
"2017";"4";"9";"7";"23";"2376";"198.";"4.9";"8.5";"81.";"3.";"0.00";"0.00";"0.00"
"2017";"4";"10";"1";"0";"2377";"188.";"5.0";"8.4";"81.";"8.";"0.00";"0.00";"0.00"
"2017";"4";"10";"1";"1";"2378";"183.";"5.2";"8.3";"83.";"6.";"0.00";"0.00";"0.00"
"2017";"4";"10";"1";"2";"2379";"177.";"5.4";"8.5";"85.";"8.";"0.00";"0.00";"0.00"
"2017";"4";"10";"1";"3";"2380";"182.";"5.2";"8.8";"85.";"8.";"0.00";"0.00";"0.00"
"2017";"4";"10";"1";"4";"2381";"197.";"5.1";"9.1";"83.";"8.";"0.00";"0.00";"0.00"
"2017";"4";"10";"1";"5";"2382";"214.";"5.4";"8.5";"89.";"8.";"0.00";"0.00";"0.00"
"2017";"4";"10";"1";"6";"2383";"244.";"5.3";"8.4";"89.";"8.";"27.85";"0.00";"27.85"
"2017";"4";"10";"1";"7";"2384";"260.";"6.3";"7.9";"93.";"7.";"87.02";"21.37";"80.49"
"2017";"4";"10";"1";"8";"2385";"270.";"8.7";"7.9";"86.";"6.";"201.63";"147.96";"138.68"
"2017";"4";"10";"1";"9";"2386";"282.";"9.3";"8.9";"73.";"3.";"415.29";"490.49";"158.53"
"2017";"4";"10";"1";"10";"2387";"281.";"10.3";"9.3";"69.";"1.";"571.09";"664.71";"177.08"
"2017";"4";"10";"1";"11";"2388";"281.";"9.8";"9.5";"66.";"1.";"611.72";"670.53";"190.21"
"2017";"4";"10";"1";"12";"2389";"277.";"10.2";"9.7";"68.";"1.";"610.03";"665.75";"191.52"
"2017";"4";"10";"1";"13";"2390";"275.";"9.7";"9.8";"70.";"3.";"466.55";"435.03";"208.68"
"2017";"4";"10";"1";"14";"2391";"274.";"9.5";"10.0";"68.";"2.";"448.02";"529.07";"171.07"
"2017";"4";"10";"1";"15";"2392";"272.";"9.6";"9.3";"69.";"1.";"374.06";"545.78";"141.84"
"2017";"4";"10";"1";"16";"2393";"271.";"8.2";"8.8";"72.";"0.";"260.94";"541.86";"95.41"
"2017";"4";"10";"1";"17";"2394";"272.";"8.3";"8.2";"75.";"2.";"91.39";"251.21";"48.28"
"2017";"4";"10";"1";"18";"2395";"278.";"7.7";"7.8";"74.";"8.";"0.00";"0.00";"0.00"
"2017";"4";"10";"1";"19";"2396";"291.";"7.6";"7.6";"68.";"5.";"0.00";"0.00";"0.00"
"2017";"4";"10";"1";"20";"2397";"296.";"8.0";"7.6";"64.";"5.";"0.00";"0.00";"0.00"
"2017";"4";"10";"1";"21";"2398";"299.";"8.9";"7.2";"64.";"0.";"0.00";"0.00";"0.00"
"2017";"4";"10";"1";"22";"2399";"300.";"9.2";"6.4";"68.";"0.";"0.00";"0.00";"0.00"
"2017";"4";"10";"1";"23";"2400";"300.";"8.4";"5.9";"70.";"0.";"0.00";"0.00";"0.00"
"2017";"4";"11";"2";"0";"2401";"300.";"7.7";"5.7";"69.";"7.";"0.00";"0.00";"0.00"
"2017";"4";"11";"2";"1";"2402";"297.";"8.6";"5.8";"61.";"8.";"0.00";"0.00";"0.00"
"2017";"4";"11";"2";"2";"2403";"305.";"7.3";"5.1";"59.";"6.";"0.00";"0.00";"0.00"
"2017";"4";"11";"2";"3";"2404";"315.";"6.4";"4.7";"61.";"0.";"0.00";"0.00";"0.00"
"2017";"4";"11";"2";"4";"2405";"347.";"4.6";"4.4";"65.";"4.";"0.00";"0.00";"0.00"
"2017";"4";"11";"2";"5";"2406";"336.";"4.9";"4.5";"64.";"4.";"0.00";"0.00";"0.00"
"2017";"4";"11";"2";"6";"2407";"321.";"4.7";"6.4";"55.";"0.";"133.22";"529.57";"39.39"
"2017";"4";"11";"2";"7";"2408";"331.";"5.3";"7.4";"44.";"0.";"295.25";"754.51";"60.65"
"2017";"4";"11";"2";"8";"2409";"325.";"5.1";"8.3";"41.";"1.";"411.89";"735.58";"94.98"
"2017";"4";"11";"2";"9";"2410";"310.";"4.7";"8.7";"42.";"1.";"524.53";"771.53";"116.59"
"2017";"4";"11";"2";"10";"2411";"297.";"5.7";"9.4";"41.";"1.";"605.68";"797.70";"128.68"
"2017";"4";"11";"2";"11";"2412";"291.";"5.7";"9.6";"42.";"1.";"649.22";"820.90";"128.93"
"2017";"4";"11";"2";"12";"2413";"289.";"5.5";"9.2";"44.";"0.";"699.28";"937.75";"104.93"
"2017";"4";"11";"2";"13";"2414";"283.";"5.8";"8.8";"47.";"1.";"603.79";"792.76";"129.74"
"2017";"4";"11";"2";"14";"2415";"280.";"6.1";"8.9";"49.";"1.";"521.86";"767.21";"116.21"
"2017";"4";"11";"2";"15";"2416";"278.";"5.1";"8.3";"51.";"6.";"319.33";"211.36";"228.27"
"2017";"4";"11";"2";"16";"2417";"272.";"6.0";"8.0";"65.";"3.";"218.01";"420.44";"87.29"
"2017";"4";"11";"2";"17";"2418";"272.";"5.6";"6.9";"68.";"7.";"82.15";"56.69";"72.11"
"2017";"4";"11";"2";"18";"2419";"265.";"5.2";"6.4";"70.";"8.";"0.00";"0.00";"0.00"
"2017";"4";"11";"2";"19";"2420";"259.";"4.9";"6.4";"80.";"8.";"0.00";"0.00";"0.00"
"2017";"4";"11";"2";"20";"2421";"245.";"4.0";"5.9";"76.";"8.";"0.00";"0.00";"0.00"
"2017";"4";"11";"2";"21";"2422";"214.";"3.9";"4.5";"87.";"8.";"0.00";"0.00";"0.00"
"2017";"4";"11";"2";"22";"2423";"181.";"3.8";"4.8";"93.";"8.";"0.00";"0.00";"0.00"
"2017";"4";"11";"2";"23";"2424";"185.";"4.6";"5.1";"95.";"8.";"0.00";"0.00";"0.00"
"2017";"4";"12";"3";"0";"2425";"206.";"4.8";"5.9";"96.";"8.";"0.00";"0.00";"0.00"
"2017";"4";"12";"3";"1";"2426";"257.";"4.6";"6.7";"97.";"8.";"0.00";"0.00";"0.00"
"2017";"4";"12";"3";"2";"2427";"262.";"4.8";"6.8";"97.";"8.";"0.00";"0.00";"0.00"
"2017";"4";"12";"3";"3";"2428";"238.";"6.0";"6.9";"97.";"8.";"0.00";"0.00";"0.00"
"2017";"4";"12";"3";"4";"2429";"240.";"6.9";"7.0";"96.";"8.";"0.00";"0.00";"0.00"
"2017";"4";"12";"3";"5";"2430";"251.";"7.5";"7.0";"96.";"8.";"0.00";"0.00";"0.00"
"2017";"4";"12";"3";"6";"2431";"256.";"6.6";"7.0";"94.";"7.";"46.27";"41.73";"38.64"
"2017";"4";"12";"3";"7";"2432";"260.";"6.9";"7.3";"91.";"7.";"109.37";"63.52";"89.27"
"2017";"4";"12";"3";"8";"2433";"267.";"6.8";"7.7";"88.";"7.";"168.47";"76.03";"135.31"
"2017";"4";"12";"3";"9";"2434";"277.";"7.4";"8.4";"84.";"7.";"216.58";"81.67";"172.97"
"2017";"4";"12";"3";"10";"2435";"277.";"6.5";"8.8";"78.";"6.";"316.92";"185.89";"204.80"
"2017";"4";"12";"3";"11";"2436";"279.";"6.7";"9.7";"74.";"6.";"340.26";"191.85";"217.69"
"2017";"4";"12";"3";"12";"2437";"278.";"6.7";"9.9";"73.";"7.";"277.95";"101.36";"213.19"
"2017";"4";"12";"3";"13";"2438";"278.";"6.5";"9.4";"72.";"7.";"261.09";"101.75";"199.73"
"2017";"4";"12";"3";"14";"2439";"277.";"6.2";"9.8";"71.";"5.";"322.29";"261.96";"182.42"
"2017";"4";"12";"3";"15";"2440";"276.";"6.1";"9.5";"73.";"5.";"251.40";"246.55";"143.86"
"2017";"4";"12";"3";"16";"2441";"271.";"6.1";"8.9";"77.";"5.";"163.67";"207.32";"98.09"
"2017";"4";"12";"3";"17";"2442";"270.";"5.7";"8.0";"79.";"6.";"59.39";"88.73";"43.17"
"2017";"4";"12";"3";"18";"2443";"269.";"5.9";"7.3";"83.";"6.";"0.00";"0.00";"0.00"
"2017";"4";"12";"3";"19";"2444";"272.";"5.6";"7.1";"85.";"7.";"0.00";"0.00";"0.00"
"2017";"4";"12";"3";"20";"2445";"271.";"4.6";"7.0";"87.";"8.";"0.00";"0.00";"0.00"
"2017";"4";"12";"3";"21";"2446";"265.";"4.7";"7.0";"88.";"8.";"0.00";"0.00";"0.00"
"2017";"4";"12";"3";"22";"2447";"276.";"4.3";"7.0";"89.";"8.";"0.00";"0.00";"0.00"
"2017";"4";"12";"3";"23";"2448";"291.";"4.2";"6.9";"90.";"8.";"0.00";"0.00";"0.00"
"2017";"4";"13";"4";"0";"2449";"291.";"3.9";"6.8";"90.";"8.";"0.00";"0.00";"0.00"
"2017";"4";"13";"4";"1";"2450";"286.";"3.3";"6.8";"90.";"8.";"0.00";"0.00";"0.00"
"2017";"4";"13";"4";"2";"2451";"283.";"2.5";"6.7";"90.";"8.";"0.00";"0.00";"0.00"
"2017";"4";"13";"4";"3";"2452";"288.";"2.6";"6.7";"89.";"8.";"0.00";"0.00";"0.00"
"2017";"4";"13";"4";"4";"2453";"320.";"1.7";"6.4";"90.";"8.";"0.00";"0.00";"0.00"
"2017";"4";"13";"4";"5";"2454";"54.";"1.9";"5.5";"88.";"8.";"0.00";"0.00";"0.00"
"2017";"4";"13";"4";"6";"2455";"71.";"4.7";"4.0";"91.";"8.";"23.91";"0.00";"23.91"
"2017";"4";"13";"4";"7";"2456";"79.";"4.0";"3.4";"93.";"8.";"53.02";"0.00";"53.02"
"2017";"4";"13";"4";"8";"2457";"90.";"4.9";"4.5";"90.";"7.";"183.62";"103.56";"137.91"
"2017";"4";"13";"4";"9";"2458";"93.";"4.3";"5.5";"83.";"7.";"240.64";"113.77";"179.31"
"2017";"4";"13";"4";"10";"2459";"98.";"3.7";"5.9";"78.";"7.";"278.16";"118.11";"206.33"
"2017";"4";"13";"4";"11";"2460";"105.";"3.5";"6.6";"75.";"7.";"297.36";"119.96";"220.11"
"2017";"4";"13";"4";"12";"2461";"106.";"2.9";"7.1";"72.";"8.";"222.54";"0.00";"222.54"
"2017";"4";"13";"4";"13";"2462";"112.";"2.4";"7.0";"72.";"7.";"278.20";"118.13";"206.35"
"2017";"4";"13";"4";"14";"2463";"136.";"2.0";"7.6";"70.";"7.";"240.89";"113.89";"179.49"
"2017";"4";"13";"4";"15";"2464";"174.";"2.0";"7.9";"71.";"8.";"140.84";"0.00";"140.84"
"2017";"4";"13";"4";"16";"2465";"192.";"2.0";"7.5";"72.";"6.";"154.86";"185.19";"95.29"
"2017";"4";"13";"4";"17";"2466";"230.";"1.9";"7.0";"76.";"8.";"42.19";"0.00";"42.19"
"2017";"4";"13";"4";"18";"2467";"241.";"2.4";"6.5";"79.";"7.";"0.00";"0.00";"0.00"
"2017";"4";"13";"4";"19";"2468";"224.";"2.2";"5.9";"87.";"7.";"0.00";"0.00";"0.00"
"2017";"4";"13";"4";"20";"2469";"219.";"2.9";"5.5";"89.";"8.";"0.00";"0.00";"0.00"
"2017";"4";"13";"4";"21";"2470";"237.";"3.2";"5.8";"90.";"8.";"0.00";"0.00";"0.00"
"2017";"4";"13";"4";"22";"2471";"258.";"3.9";"6.2";"89.";"7.";"0.00";"0.00";"0.00"
"2017";"4";"13";"4";"23";"2472";"284.";"3.9";"6.1";"88.";"7.";"0.00";"0.00";"0.00"
"2017";"4";"14";"5";"0";"2473";"295.";"4.6";"6.2";"87.";"5.";"0.00";"0.00";"0.00"
"2017";"4";"14";"5";"1";"2474";"301.";"5.3";"6.4";"85.";"6.";"0.00";"0.00";"0.00"
"2017";"4";"14";"5";"2";"2475";"301.";"5.1";"5.9";"80.";"6.";"0.00";"0.00";"0.00"
"2017";"4";"14";"5";"3";"2476";"299.";"4.5";"5.0";"77.";"2.";"0.00";"0.00";"0.00"
"2017";"4";"14";"5";"4";"2477";"300.";"4.1";"4.6";"74.";"1.";"0.00";"0.00";"0.00"
"2017";"4";"14";"5";"5";"2478";"302.";"4.0";"4.7";"72.";"0.";"4.73";"43.74";"2.30"
"2017";"4";"14";"5";"6";"2479";"308.";"4.4";"5.8";"67.";"0.";"149.28";"552.86";"42.23"
"2017";"4";"14";"5";"7";"2480";"311.";"4.7";"6.6";"61.";"1.";"286.64";"652.61";"73.23"
"2017";"4";"14";"5";"8";"2481";"307.";"4.9";"7.0";"54.";"1.";"427.54";"744.40";"95.10"
"2017";"4";"14";"5";"9";"2482";"305.";"4.9";"7.1";"52.";"0.";"580.77";"872.51";"105.93"
"2017";"4";"14";"5";"10";"2483";"302.";"5.0";"7.6";"52.";"1.";"639.14";"835.60";"126.70"
"2017";"4";"14";"5";"11";"2484";"303.";"4.9";"7.8";"52.";"2.";"626.81";"726.78";"155.13"
"2017";"4";"14";"5";"12";"2485";"302.";"5.6";"7.3";"52.";"2.";"613.33";"718.23";"147.20"
"2017";"4";"14";"5";"13";"2486";"316.";"5.0";"8.0";"55.";"3.";"517.14";"574.65";"164.73"
"2017";"4";"14";"5";"14";"2487";"312.";"5.7";"7.4";"60.";"4.";"402.26";"456.28";"153.95"
"2017";"4";"14";"5";"15";"2488";"349.";"4.1";"6.4";"63.";"0.";"469.46";"861.81";"84.58"
"2017";"4";"14";"5";"16";"2489";"1.";"3.8";"5.3";"63.";"1.";"294.60";"667.09";"76.45"
"2017";"4";"14";"5";"17";"2490";"25.";"4.2";"4.3";"64.";"3.";"118.03";"353.37";"49.60"
"2017";"4";"14";"5";"18";"2491";"42.";"4.4";"2.6";"69.";"6.";"4.84";"21.99";"3.62"
"2017";"4";"14";"5";"19";"2492";"44.";"3.8";"1.5";"71.";"5.";"0.00";"0.00";"0.00"
"2017";"4";"14";"5";"20";"2493";"43.";"2.8";"0.9";"73.";"7.";"0.00";"0.00";"0.00"
"2017";"4";"14";"5";"21";"2494";"46.";"2.2";"0.1";"74.";"3.";"0.00";"0.00";"0.00"
"2017";"4";"14";"5";"22";"2495";"59.";"2.3";"-0.5";"78.";"6.";"0.00";"0.00";"0.00"
"2017";"4";"14";"5";"23";"2496";"69.";"2.3";"-0.4";"83.";"8.";"0.00";"0.00";"0.00"
"2017";"4";"15";"6";"0";"2497";"87.";"2.4";"-0.6";"86.";"7.";"0.00";"0.00";"0.00"
"2017";"4";"15";"6";"1";"2498";"93.";"2.5";"-0.9";"86.";"4.";"0.00";"0.00";"0.00"
"2017";"4";"15";"6";"2";"2499";"98.";"2.5";"-0.5";"86.";"6.";"0.00";"0.00";"0.00"
"2017";"4";"15";"6";"3";"2500";"94.";"2.8";"-0.2";"85.";"8.";"0.00";"0.00";"0.00"
"2017";"4";"15";"6";"4";"2501";"99.";"3.5";"0.2";"84.";"8.";"0.00";"0.00";"0.00"
"2017";"4";"15";"6";"5";"2502";"106.";"3.9";"0.6";"82.";"8.";"4.14";"0.00";"4.14"
"2017";"4";"15";"6";"6";"2503";"106.";"4.5";"1.2";"79.";"8.";"49.02";"0.00";"49.02"
"2017";"4";"15";"6";"7";"2504";"106.";"4.9";"2.1";"74.";"8.";"100.08";"0.00";"100.08"
"2017";"4";"15";"6";"8";"2505";"105.";"4.9";"3.2";"67.";"8.";"147.39";"0.00";"147.39"
"2017";"4";"15";"6";"9";"2506";"103.";"4.6";"4.4";"62.";"8.";"186.36";"0.00";"186.36"
"2017";"4";"15";"6";"10";"2507";"103.";"4.6";"5.8";"57.";"7.";"279.99";"119.00";"206.42"
"2017";"4";"15";"6";"11";"2508";"106.";"4.1";"6.6";"52.";"8.";"222.64";"0.00";"222.64"
"2017";"4";"15";"6";"12";"2509";"99.";"4.4";"7.0";"49.";"7.";"298.44";"119.18";"220.51"
"2017";"4";"15";"6";"13";"2510";"96.";"4.4";"7.0";"48.";"7.";"280.58";"119.25";"206.86"
"2017";"4";"15";"6";"14";"2511";"98.";"4.0";"6.7";"49.";"7.";"249.57";"116.05";"185.82"
"2017";"4";"15";"6";"15";"2512";"85.";"3.9";"6.2";"49.";"8.";"297.92";"0.00";"297.92"
"2017";"4";"15";"6";"16";"2513";"80.";"4.0";"5.8";"49.";"8.";"203.20";"0.00";"203.20"
"2017";"4";"15";"6";"17";"2514";"77.";"3.5";"5.3";"51.";"8.";"49.88";"0.00";"49.88"
"2017";"4";"15";"6";"18";"2515";"79.";"3.7";"4.6";"53.";"8.";"5.14";"0.00";"5.14"
"2017";"4";"15";"6";"19";"2516";"72.";"2.8";"3.6";"58.";"8.";"0.00";"0.00";"0.00"
"2017";"4";"15";"6";"20";"2517";"75.";"2.5";"2.8";"63.";"7.";"0.00";"0.00";"0.00"
"2017";"4";"15";"6";"21";"2518";"82.";"2.7";"2.6";"64.";"7.";"0.00";"0.00";"0.00"
"2017";"4";"15";"6";"22";"2519";"88.";"2.0";"2.0";"67.";"8.";"0.00";"0.00";"0.00"
"2017";"4";"15";"6";"23";"2520";"89.";"2.1";"1.5";"70.";"8.";"0.00";"0.00";"0.00"
"2017";"4";"16";"7";"0";"2521";"93.";"1.9";"1.0";"73.";"3.";"0.00";"0.00";"0.00"
"2017";"4";"16";"7";"1";"2522";"95.";"2.0";"0.2";"76.";"4.";"0.00";"0.00";"0.00"
"2017";"4";"16";"7";"2";"2523";"97.";"1.7";"-0.6";"78.";"5.";"0.00";"0.00";"0.00"
"2017";"4";"16";"7";"3";"2524";"107.";"1.6";"-0.8";"79.";"6.";"0.00";"0.00";"0.00"
"2017";"4";"16";"7";"4";"2525";"117.";"0.9";"-0.6";"78.";"5.";"0.00";"0.00";"0.00"
"2017";"4";"16";"7";"5";"2526";"115.";"1.4";"0.0";"76.";"8.";"6.40";"0.00";"6.40"
"2017";"4";"16";"7";"6";"2527";"137.";"1.7";"1.0";"71.";"7.";"113.01";"74.49";"97.78"
"2017";"4";"16";"7";"7";"2528";"150.";"1.9";"2.1";"64.";"7.";"224.78";"97.69";"191.81"
"2017";"4";"16";"7";"8";"2529";"167.";"1.7";"3.0";"59.";"8.";"150.07";"0.00";"150.07"
"2017";"4";"16";"7";"9";"2530";"178.";"2.6";"3.9";"55.";"8.";"189.04";"0.00";"189.04"
"2017";"4";"16";"7";"10";"2531";"176.";"2.7";"4.5";"56.";"8.";"216.44";"0.00";"216.44"
"2017";"4";"16";"7";"11";"2532";"170.";"2.4";"4.5";"61.";"8.";"223.48";"0.00";"223.48"
"2017";"4";"16";"7";"12";"2533";"169.";"2.4";"4.7";"64.";"8.";"224.90";"0.00";"224.90"
"2017";"4";"16";"7";"13";"2534";"175.";"2.5";"4.4";"69.";"8.";"215.38";"0.00";"215.38"
"2017";"4";"16";"7";"14";"2535";"170.";"2.9";"4.4";"71.";"8.";"182.90";"0.00";"182.90"
"2017";"4";"16";"7";"15";"2536";"171.";"4.1";"3.5";"76.";"8.";"83.35";"0.00";"83.35"
"2017";"4";"16";"7";"16";"2537";"165.";"4.4";"3.1";"81.";"8.";"95.15";"0.00";"95.15"
"2017";"4";"16";"7";"17";"2538";"144.";"3.7";"2.1";"85.";"8.";"26.56";"0.00";"26.56"
"2017";"4";"16";"7";"18";"2539";"138.";"3.1";"1.3";"87.";"8.";"2.40";"0.00";"2.40"
"2017";"4";"16";"7";"19";"2540";"117.";"3.6";"0.8";"89.";"8.";"0.00";"0.00";"0.00"
"2017";"4";"16";"7";"20";"2541";"103.";"3.3";"0.9";"89.";"8.";"0.00";"0.00";"0.00"
"2017";"4";"16";"7";"21";"2542";"110.";"4.3";"1.0";"87.";"8.";"0.00";"0.00";"0.00"
"2017";"4";"16";"7";"22";"2543";"111.";"4.3";"1.1";"84.";"8.";"0.00";"0.00";"0.00"
"2017";"4";"16";"7";"23";"2544";"110.";"3.9";"1.5";"86.";"8.";"0.00";"0.00";"0.00"
"2017";"4";"17";"1";"0";"2545";"112.";"3.8";"1.7";"86.";"8.";"0.00";"0.00";"0.00"
"2017";"4";"17";"1";"1";"2546";"108.";"3.6";"1.7";"87.";"8.";"0.00";"0.00";"0.00"
"2017";"4";"17";"1";"2";"2547";"102.";"4.0";"1.6";"87.";"8.";"0.00";"0.00";"0.00"
"2017";"4";"17";"1";"3";"2548";"97.";"3.8";"1.6";"88.";"7.";"0.00";"0.00";"0.00"
"2017";"4";"17";"1";"4";"2549";"95.";"3.4";"1.5";"89.";"8.";"0.00";"0.00";"0.00"
"2017";"4";"17";"1";"5";"2550";"94.";"4.0";"1.6";"89.";"6.";"9.79";"37.33";"7.10"
"2017";"4";"17";"1";"6";"2551";"99.";"4.0";"2.0";"86.";"6.";"86.04";"146.74";"55.27"
"2017";"4";"17";"1";"7";"2552";"100.";"4.1";"2.9";"82.";"6.";"166.87";"191.75";"101.16"
"2017";"4";"17";"1";"8";"2553";"105.";"4.1";"4.3";"74.";"7.";"194.53";"102.39";"147.24"
"2017";"4";"17";"1";"9";"2554";"110.";"4.1";"5.4";"70.";"7.";"246.34";"112.52";"183.42"
"2017";"4";"17";"1";"10";"2555";"104.";"4.0";"5.8";"65.";"7.";"283.14";"117.25";"209.51"
"2017";"4";"17";"1";"11";"2556";"98.";"4.5";"6.1";"62.";"7.";"309.42";"121.49";"228.79"
"2017";"4";"17";"1";"12";"2557";"93.";"4.4";"5.7";"60.";"8.";"231.87";"0.00";"231.87"
"2017";"4";"17";"1";"13";"2558";"83.";"4.4";"5.8";"63.";"7.";"290.28";"119.77";"215.06"
"2017";"4";"17";"1";"14";"2559";"81.";"4.7";"6.3";"57.";"5.";"371.41";"348.48";"176.55"
"2017";"4";"17";"1";"15";"2560";"86.";"4.7";"6.4";"56.";"7.";"201.86";"109.38";"151.35"
"2017";"4";"17";"1";"16";"2561";"81.";"3.9";"6.1";"53.";"6.";"172.64";"195.66";"105.60"
"2017";"4";"17";"1";"17";"2562";"72.";"3.5";"5.5";"54.";"6.";"88.36";"150.71";"56.76"
"2017";"4";"17";"1";"18";"2563";"68.";"2.9";"4.6";"58.";"5.";"14.69";"71.06";"9.57"
"2017";"4";"17";"1";"19";"2564";"60.";"2.7";"2.9";"65.";"7.";"0.00";"0.00";"0.00"
"2017";"4";"17";"1";"20";"2565";"57.";"2.3";"1.4";"69.";"6.";"0.00";"0.00";"0.00"
"2017";"4";"17";"1";"21";"2566";"71.";"2.7";"1.4";"64.";"5.";"0.00";"0.00";"0.00"
"2017";"4";"17";"1";"22";"2567";"69.";"2.9";"0.4";"64.";"4.";"0.00";"0.00";"0.00"
"2017";"4";"17";"1";"23";"2568";"72.";"3.3";"0.1";"62.";"4.";"0.00";"0.00";"0.00"
"2017";"4";"18";"2";"0";"2569";"75.";"3.1";"0.0";"65.";"7.";"0.00";"0.00";"0.00"
"2017";"4";"18";"2";"1";"2570";"76.";"3.0";"-0.6";"72.";"3.";"0.00";"0.00";"0.00"
"2017";"4";"18";"2";"2";"2571";"59.";"2.2";"-1.6";"77.";"3.";"0.00";"0.00";"0.00"
"2017";"4";"18";"2";"3";"2572";"49.";"1.4";"-2.2";"79.";"0.";"0.00";"0.00";"0.00"
"2017";"4";"18";"2";"4";"2573";"31.";"2.0";"-2.5";"80.";"2.";"0.00";"0.00";"0.00"
"2017";"4";"18";"2";"5";"2574";"31.";"2.2";"-1.7";"76.";"3.";"24.75";"145.66";"13.47"
"2017";"4";"18";"2";"6";"2575";"37.";"2.9";"0.1";"70.";"2.";"150.24";"435.63";"56.60"
"2017";"4";"18";"2";"7";"2576";"43.";"4.0";"2.1";"66.";"0.";"338.84";"780.21";"67.51"
"2017";"4";"18";"2";"8";"2577";"44.";"5.0";"3.4";"51.";"1.";"453.26";"747.02";"104.52"
"2017";"4";"18";"2";"9";"2578";"43.";"4.5";"3.8";"42.";"3.";"476.63";"582.95";"147.81"
"2017";"4";"18";"2";"10";"2579";"42.";"4.5";"4.7";"39.";"4.";"486.40";"484.09";"180.06"
"2017";"4";"18";"2";"11";"2580";"34.";"3.6";"4.8";"36.";"6.";"390.63";"246.20";"226.07"
"2017";"4";"18";"2";"12";"2581";"31.";"3.4";"5.3";"33.";"7.";"308.92";"122.09";"227.31"
"2017";"4";"18";"2";"13";"2582";"21.";"3.4";"5.6";"33.";"6.";"354.81";"225.98";"211.80"
"2017";"4";"18";"2";"14";"2583";"21.";"3.5";"6.0";"34.";"5.";"371.51";"350.86";"173.60"
"2017";"4";"18";"2";"15";"2584";"33.";"3.2";"6.0";"34.";"6.";"250.31";"216.01";"149.46"
"2017";"4";"18";"2";"16";"2585";"34.";"3.0";"5.9";"32.";"6.";"174.78";"194.09";"107.28"
"2017";"4";"18";"2";"17";"2586";"35.";"2.7";"5.6";"32.";"5.";"112.78";"239.24";"61.35"
"2017";"4";"18";"2";"18";"2587";"30.";"1.8";"4.4";"37.";"2.";"34.05";"206.44";"18.06"
"2017";"4";"18";"2";"19";"2588";"29.";"1.7";"1.8";"47.";"1.";"0.00";"0.00";"0.00"
"2017";"4";"18";"2";"20";"2589";"34.";"1.6";"0.2";"55.";"0.";"0.00";"0.00";"0.00"
"2017";"4";"18";"2";"21";"2590";"38.";"1.6";"-0.9";"60.";"0.";"0.00";"0.00";"0.00"
"2017";"4";"18";"2";"22";"2591";"55.";"1.9";"-1.5";"65.";"0.";"0.00";"0.00";"0.00"
"2017";"4";"18";"2";"23";"2592";"57.";"1.3";"-1.8";"70.";"0.";"0.00";"0.00";"0.00"
"2017";"4";"19";"3";"0";"2593";"69.";"1.0";"-2.4";"71.";"0.";"0.00";"0.00";"0.00"
"2017";"4";"19";"3";"1";"2594";"52.";"0.6";"-3.1";"73.";"0.";"0.00";"0.00";"0.00"
"2017";"4";"19";"3";"2";"2595";"71.";"0.5";"-3.3";"76.";"1.";"0.00";"0.00";"0.00"
"2017";"4";"19";"3";"3";"2596";"132.";"0.8";"-3.5";"78.";"1.";"0.00";"0.00";"0.00"
"2017";"4";"19";"3";"4";"2597";"133.";"0.9";"-3.8";"80.";"1.";"0.00";"0.00";"0.00"
"2017";"4";"19";"3";"5";"2598";"148.";"0.7";"-2.5";"77.";"0.";"37.43";"254.28";"16.37"
"2017";"4";"19";"3";"6";"2599";"203.";"0.7";"0.8";"69.";"1.";"168.78";"516.38";"55.10"
"2017";"4";"19";"3";"7";"2600";"204.";"1.1";"4.3";"56.";"1.";"316.74";"648.25";"88.03"
"2017";"4";"19";"3";"8";"2601";"209.";"1.2";"6.0";"49.";"1.";"469.57";"774.68";"104.11"
"2017";"4";"19";"3";"9";"2602";"242.";"1.6";"6.1";"45.";"8.";"194.86";"0.00";"194.86"
"2017";"4";"19";"3";"10";"2603";"256.";"2.5";"6.5";"47.";"7.";"290.20";"119.25";"214.17"
"2017";"4";"19";"3";"11";"2604";"250.";"2.8";"6.9";"45.";"7.";"316.06";"122.53";"233.59"
"2017";"4";"19";"3";"12";"2605";"242.";"3.4";"7.5";"42.";"5.";"448.06";"345.15";"215.75"
"2017";"4";"19";"3";"13";"2606";"244.";"4.4";"7.9";"39.";"4.";"485.44";"466.98";"187.72"
"2017";"4";"19";"3";"14";"2607";"235.";"4.1";"7.8";"39.";"3.";"536.11";"571.08";"211.24"
"2017";"4";"19";"3";"15";"2608";"236.";"3.5";"7.8";"40.";"5.";"298.11";"326.97";"143.87"
"2017";"4";"19";"3";"16";"2609";"237.";"4.6";"7.3";"47.";"4.";"243.02";"396.59";"103.10"
"2017";"4";"19";"3";"17";"2610";"238.";"3.9";"6.4";"56.";"4.";"127.03";"307.48";"59.34"
"2017";"4";"19";"3";"18";"2611";"247.";"3.0";"5.7";"60.";"6.";"16.21";"56.05";"11.57"
"2017";"4";"19";"3";"19";"2612";"262.";"2.9";"5.2";"64.";"7.";"0.00";"0.00";"0.00"
"2017";"4";"19";"3";"20";"2613";"261.";"3.4";"4.6";"68.";"7.";"0.00";"0.00";"0.00"
"2017";"4";"19";"3";"21";"2614";"262.";"3.4";"4.9";"72.";"7.";"0.00";"0.00";"0.00"
"2017";"4";"19";"3";"22";"2615";"267.";"3.3";"5.5";"77.";"8.";"0.00";"0.00";"0.00"
"2017";"4";"19";"3";"23";"2616";"267.";"4.2";"5.9";"78.";"8.";"0.00";"0.00";"0.00"
"2017";"4";"20";"4";"0";"2617";"262.";"4.7";"5.8";"79.";"8.";"0.00";"0.00";"0.00"
"2017";"4";"20";"4";"1";"2618";"258.";"4.5";"5.9";"78.";"8.";"0.00";"0.00";"0.00"
"2017";"4";"20";"4";"2";"2619";"253.";"4.9";"5.9";"82.";"7.";"0.00";"0.00";"0.00"
"2017";"4";"20";"4";"3";"2620";"258.";"5.3";"5.9";"84.";"8.";"0.00";"0.00";"0.00"
"2017";"4";"20";"4";"4";"2621";"253.";"5.8";"5.8";"83.";"8.";"0.00";"0.00";"0.00"
"2017";"4";"20";"4";"5";"2622";"248.";"6.1";"5.9";"83.";"8.";"7.95";"0.00";"7.95"
"2017";"4";"20";"4";"6";"2623";"246.";"6.9";"5.7";"83.";"8.";"51.56";"0.00";"51.56"
"2017";"4";"20";"4";"7";"2624";"250.";"7.1";"5.6";"83.";"8.";"100.45";"0.00";"100.45"
"2017";"4";"20";"4";"8";"2625";"249.";"7.1";"5.8";"81.";"8.";"146.91";"0.00";"146.91"
"2017";"4";"20";"4";"9";"2626";"245.";"6.7";"6.0";"78.";"8.";"184.99";"0.00";"184.99"
"2017";"4";"20";"4";"10";"2627";"246.";"7.0";"5.9";"81.";"8.";"209.20";"0.00";"209.20"
"2017";"4";"20";"4";"11";"2628";"242.";"6.7";"6.1";"81.";"8.";"222.48";"0.00";"222.48"
"2017";"4";"20";"4";"12";"2629";"236.";"6.6";"6.4";"80.";"8.";"220.09";"0.00";"220.09"
"2017";"4";"20";"4";"13";"2630";"230.";"7.0";"6.6";"80.";"8.";"205.78";"0.00";"205.78"
"2017";"4";"20";"4";"14";"2631";"229.";"6.9";"7.0";"81.";"8.";"179.46";"0.00";"179.46"
"2017";"4";"20";"4";"15";"2632";"228.";"6.3";"7.4";"82.";"8.";"141.17";"0.00";"141.17"
"2017";"4";"20";"4";"16";"2633";"236.";"6.4";"7.9";"83.";"8.";"96.54";"0.00";"96.54"
"2017";"4";"20";"4";"17";"2634";"241.";"7.1";"7.7";"85.";"8.";"49.42";"0.00";"49.42"
"2017";"4";"20";"4";"18";"2635";"244.";"6.9";"7.6";"90.";"8.";"5.50";"0.00";"5.50"
"2017";"4";"20";"4";"19";"2636";"248.";"6.6";"7.6";"92.";"8.";"0.00";"0.00";"0.00"
"2017";"4";"20";"4";"20";"2637";"256.";"7.4";"7.9";"92.";"8.";"0.00";"0.00";"0.00"
"2017";"4";"20";"4";"21";"2638";"263.";"7.1";"8.0";"93.";"7.";"0.00";"0.00";"0.00"
"2017";"4";"20";"4";"22";"2639";"268.";"7.7";"7.8";"93.";"7.";"0.00";"0.00";"0.00"
"2017";"4";"20";"4";"23";"2640";"272.";"8.1";"7.7";"94.";"7.";"0.00";"0.00";"0.00"
"2017";"4";"21";"5";"0";"2641";"274.";"8.8";"7.8";"93.";"8.";"0.00";"0.00";"0.00"
"2017";"4";"21";"5";"1";"2642";"276.";"8.3";"7.5";"93.";"8.";"0.00";"0.00";"0.00"
"2017";"4";"21";"5";"2";"2643";"282.";"8.0";"7.7";"92.";"8.";"0.00";"0.00";"0.00"
"2017";"4";"21";"5";"3";"2644";"281.";"8.8";"7.7";"86.";"8.";"0.00";"0.00";"0.00"
"2017";"4";"21";"5";"4";"2645";"280.";"8.1";"7.3";"84.";"8.";"0.00";"0.00";"0.00"
"2017";"4";"21";"5";"5";"2646";"281.";"8.1";"7.3";"82.";"8.";"8.23";"0.00";"8.23"
"2017";"4";"21";"5";"6";"2647";"279.";"8.6";"7.5";"81.";"6.";"84.91";"97.92";"62.35"
"2017";"4";"21";"5";"7";"2648";"275.";"7.8";"8.0";"78.";"6.";"161.21";"126.12";"115.46"
"2017";"4";"21";"5";"8";"2649";"273.";"8.0";"8.2";"76.";"7.";"187.60";"72.06";"152.91"
"2017";"4";"21";"5";"9";"2650";"272.";"9.3";"8.5";"74.";"8.";"175.01";"0.00";"175.01"
"2017";"4";"21";"5";"10";"2651";"270.";"10.1";"9.3";"71.";"8.";"199.59";"0.00";"199.59"
"2017";"4";"21";"5";"11";"2652";"270.";"10.0";"8.8";"72.";"7.";"462.54";"77.33";"409.78"
"2017";"4";"21";"5";"12";"2653";"272.";"9.6";"8.8";"72.";"8.";"427.91";"0.00";"427.91"
"2017";"4";"21";"5";"13";"2654";"272.";"10.0";"8.8";"72.";"7.";"436.52";"77.93";"386.11"
"2017";"4";"21";"5";"14";"2655";"272.";"11.6";"9.4";"71.";"7.";"382.61";"76.05";"338.63"
"2017";"4";"21";"5";"15";"2656";"273.";"10.5";"8.9";"72.";"5.";"273.81";"213.08";"171.23"
"2017";"4";"21";"5";"16";"2657";"276.";"11.8";"8.5";"71.";"4.";"219.32";"252.69";"127.66"
"2017";"4";"21";"5";"17";"2658";"279.";"11.1";"8.1";"70.";"4.";"118.22";"209.67";"69.91"
"2017";"4";"21";"5";"18";"2659";"283.";"10.8";"7.2";"70.";"5.";"19.43";"61.76";"13.66"
"2017";"4";"21";"5";"19";"2660";"298.";"10.6";"6.9";"60.";"7.";"0.00";"0.00";"0.00"
"2017";"4";"21";"5";"20";"2661";"306.";"10.9";"6.7";"51.";"6.";"0.00";"0.00";"0.00"
"2017";"4";"21";"5";"21";"2662";"310.";"9.9";"6.1";"47.";"4.";"0.00";"0.00";"0.00"
"2017";"4";"21";"5";"22";"2663";"315.";"8.8";"5.8";"47.";"2.";"0.00";"0.00";"0.00"
"2017";"4";"21";"5";"23";"2664";"313.";"8.0";"5.4";"49.";"0.";"0.00";"0.00";"0.00"
"2017";"4";"22";"6";"0";"2665";"309.";"7.7";"5.3";"53.";"0.";"0.00";"0.00";"0.00"
"2017";"4";"22";"6";"1";"2666";"305.";"7.5";"5.1";"57.";"1.";"0.00";"0.00";"0.00"
"2017";"4";"22";"6";"2";"2667";"302.";"7.0";"4.9";"59.";"0.";"0.00";"0.00";"0.00"
"2017";"4";"22";"6";"3";"2668";"303.";"6.5";"4.9";"59.";"1.";"0.00";"0.00";"0.00"
"2017";"4";"22";"6";"4";"2669";"303.";"6.5";"4.9";"62.";"1.";"0.00";"0.00";"0.00"
"2017";"4";"22";"6";"5";"2670";"309.";"6.1";"5.7";"61.";"1.";"42.43";"249.75";"17.80"
"2017";"4";"22";"6";"6";"2671";"315.";"6.5";"6.9";"58.";"4.";"135.46";"311.33";"62.16"
"2017";"4";"22";"6";"7";"2672";"321.";"6.7";"8.1";"51.";"0.";"360.74";"797.85";"67.43"
"2017";"4";"22";"6";"8";"2673";"328.";"6.4";"9.3";"43.";"0.";"506.72";"843.37";"96.72"
"2017";"4";"22";"6";"9";"2674";"325.";"6.2";"9.8";"38.";"4.";"517.84";"448.46";"256.43"
"2017";"4";"22";"6";"10";"2675";"319.";"7.1";"9.9";"36.";"1.";"691.17";"833.74";"148.13"
"2017";"4";"22";"6";"11";"2676";"319.";"7.5";"10.5";"34.";"3.";"595.10";"613.06";"174.09"
"2017";"4";"22";"6";"12";"2677";"317.";"8.0";"10.7";"33.";"4.";"528.37";"477.70";"200.31"
"2017";"4";"22";"6";"13";"2678";"319.";"8.0";"10.8";"29.";"3.";"558.20";"588.23";"175.07"
"2017";"4";"22";"6";"14";"2679";"314.";"8.3";"10.7";"32.";"4.";"436.35";"451.60";"173.11"
"2017";"4";"22";"6";"15";"2680";"307.";"6.6";"10.6";"35.";"4.";"418.31";"426.81";"210.82"
"2017";"4";"22";"6";"16";"2681";"298.";"6.4";"10.0";"40.";"2.";"307.50";"583.90";"92.84"
"2017";"4";"22";"6";"17";"2682";"296.";"6.4";"9.0";"45.";"1.";"188.82";"562.62";"56.35"
"2017";"4";"22";"6";"18";"2683";"321.";"5.9";"7.9";"51.";"4.";"38.96";"147.36";"24.43"
"2017";"4";"22";"6";"19";"2684";"323.";"3.2";"5.8";"52.";"3.";"0.00";"0.00";"0.00"
"2017";"4";"22";"6";"20";"2685";"302.";"1.1";"4.8";"65.";"4.";"0.00";"0.00";"0.00"
"2017";"4";"22";"6";"21";"2686";"214.";"0.6";"3.6";"71.";"5.";"0.00";"0.00";"0.00"
"2017";"4";"22";"6";"22";"2687";"209.";"0.6";"2.3";"76.";"0.";"0.00";"0.00";"0.00"
"2017";"4";"22";"6";"23";"2688";"290.";"0.9";"1.2";"82.";"0.";"0.00";"0.00";"0.00"
"2017";"4";"23";"7";"0";"2689";"309.";"2.0";"1.3";"83.";"1.";"0.00";"0.00";"0.00"
"2017";"4";"23";"7";"1";"2690";"338.";"1.3";"0.5";"85.";"0.";"0.00";"0.00";"0.00"
"2017";"4";"23";"7";"2";"2691";"300.";"1.7";"-0.6";"87.";"1.";"0.00";"0.00";"0.00"
"2017";"4";"23";"7";"3";"2692";"254.";"0.9";"-1.1";"89.";"0.";"0.00";"0.00";"0.00"
"2017";"4";"23";"7";"4";"2693";"269.";"2.1";"-0.4";"90.";"1.";"0.00";"0.00";"0.00"
"2017";"4";"23";"7";"5";"2694";"291.";"1.5";"0.7";"86.";"1.";"48.52";"273.77";"20.11"
"2017";"4";"23";"7";"6";"2695";"314.";"2.2";"4.6";"70.";"0.";"201.34";"622.40";"51.70"
"2017";"4";"23";"7";"7";"2696";"322.";"4.2";"6.7";"50.";"0.";"376.42";"808.83";"75.17"
"2017";"4";"23";"7";"8";"2697";"321.";"4.8";"7.7";"43.";"1.";"496.37";"777.10";"114.96"
"2017";"4";"23";"7";"9";"2698";"302.";"5.5";"8.4";"44.";"6.";"462.94";"232.88";"326.14"
"2017";"4";"23";"7";"10";"2699";"303.";"5.8";"8.5";"44.";"1.";"689.24";"798.62";"165.51"
"2017";"4";"23";"7";"11";"2700";"301.";"7.0";"7.9";"40.";"2.";"702.54";"707.29";"213.69"
"2017";"4";"23";"7";"12";"2701";"302.";"7.4";"8.2";"38.";"0.";"772.42";"960.86";"108.30"
"2017";"4";"23";"7";"13";"2702";"298.";"7.7";"8.3";"38.";"0.";"745.75";"973.66";"107.23"
"2017";"4";"23";"7";"14";"2703";"296.";"7.7";"8.0";"36.";"0.";"636.74";"889.26";"114.34"
"2017";"4";"23";"7";"15";"2704";"298.";"6.9";"8.3";"36.";"0.";"519.78";"885.13";"85.35"
"2017";"4";"23";"7";"16";"2705";"290.";"6.8";"8.3";"39.";"0.";"369.89";"799.84";"71.99"
"2017";"4";"23";"7";"17";"2706";"282.";"6.2";"8.0";"43.";"0.";"206.55";"643.62";"51.81"
"2017";"4";"23";"7";"18";"2707";"282.";"5.0";"7.2";"55.";"0.";"50.63";"300.64";"19.43"
"2017";"4";"23";"7";"19";"2708";"282.";"4.8";"6.5";"68.";"2.";"0.00";"0.00";"0.00"
"2017";"4";"23";"7";"20";"2709";"284.";"4.1";"6.2";"72.";"3.";"0.00";"0.00";"0.00"
"2017";"4";"23";"7";"21";"2710";"273.";"4.6";"6.2";"75.";"8.";"0.00";"0.00";"0.00"
"2017";"4";"23";"7";"22";"2711";"273.";"5.0";"6.1";"74.";"8.";"0.00";"0.00";"0.00"
"2017";"4";"23";"7";"23";"2712";"274.";"4.9";"5.8";"74.";"8.";"0.00";"0.00";"0.00"
"2017";"4";"24";"1";"0";"2713";"265.";"4.4";"5.7";"79.";"6.";"0.00";"0.00";"0.00"
"2017";"4";"24";"1";"1";"2714";"243.";"4.6";"5.5";"80.";"7.";"0.00";"0.00";"0.00"
"2017";"4";"24";"1";"2";"2715";"218.";"4.8";"5.0";"88.";"8.";"0.00";"0.00";"0.00"
"2017";"4";"24";"1";"3";"2716";"210.";"5.9";"4.6";"91.";"8.";"0.00";"0.00";"0.00"
"2017";"4";"24";"1";"4";"2717";"221.";"5.7";"4.6";"91.";"8.";"0.00";"0.00";"0.00"
"2017";"4";"24";"1";"5";"2718";"214.";"7.3";"4.8";"91.";"8.";"7.88";"0.00";"7.88"
"2017";"4";"24";"1";"6";"2719";"204.";"8.6";"4.4";"92.";"8.";"32.57";"0.00";"32.57"
"2017";"4";"24";"1";"7";"2720";"195.";"7.1";"4.5";"93.";"8.";"55.75";"0.00";"55.75"
"2017";"4";"24";"1";"8";"2721";"219.";"6.2";"5.8";"93.";"8.";"81.13";"0.00";"81.13"
"2017";"4";"24";"1";"9";"2722";"224.";"7.9";"6.4";"92.";"8.";"102.89";"0.00";"102.89"
"2017";"4";"24";"1";"10";"2723";"225.";"7.8";"8.0";"85.";"6.";"251.76";"144.26";"156.52"
"2017";"4";"24";"1";"11";"2724";"234.";"8.6";"8.0";"79.";"6.";"369.93";"184.10";"241.88"
"2017";"4";"24";"1";"12";"2725";"248.";"8.0";"7.5";"68.";"7.";"307.59";"103.65";"235.50"
"2017";"4";"24";"1";"13";"2726";"255.";"7.5";"7.1";"66.";"7.";"286.94";"97.14";"222.81"
"2017";"4";"24";"1";"14";"2727";"255.";"7.3";"7.4";"63.";"6.";"317.52";"202.79";"197.48"
"2017";"4";"24";"1";"15";"2728";"262.";"9.0";"7.5";"53.";"7.";"210.28";"100.46";"160.51"
"2017";"4";"24";"1";"16";"2729";"269.";"9.2";"7.2";"50.";"7.";"151.15";"92.53";"116.25"
"2017";"4";"24";"1";"17";"2730";"274.";"9.5";"6.8";"48.";"6.";"106.83";"154.26";"68.98"
"2017";"4";"24";"1";"18";"2731";"274.";"9.8";"5.9";"50.";"6.";"43.21";"86.51";"33.79"
"2017";"4";"24";"1";"19";"2732";"274.";"9.9";"5.3";"50.";"4.";"0.00";"0.00";"0.00"
"2017";"4";"24";"1";"20";"2733";"274.";"10.1";"4.9";"51.";"1.";"0.00";"0.00";"0.00"
"2017";"4";"24";"1";"21";"2734";"275.";"9.6";"4.6";"53.";"3.";"0.00";"0.00";"0.00"
"2017";"4";"24";"1";"22";"2735";"274.";"9.0";"4.4";"53.";"4.";"0.00";"0.00";"0.00"
"2017";"4";"24";"1";"23";"2736";"270.";"9.1";"4.1";"57.";"4.";"0.00";"0.00";"0.00"
"2017";"4";"25";"2";"0";"2737";"269.";"8.5";"4.1";"60.";"6.";"0.00";"0.00";"0.00"
"2017";"4";"25";"2";"1";"2738";"268.";"8.3";"4.0";"62.";"7.";"0.00";"0.00";"0.00"
"2017";"4";"25";"2";"2";"2739";"267.";"8.4";"4.0";"62.";"7.";"0.00";"0.00";"0.00"
"2017";"4";"25";"2";"3";"2740";"270.";"7.7";"3.9";"64.";"8.";"0.00";"0.00";"0.00"
"2017";"4";"25";"2";"4";"2741";"271.";"7.1";"3.2";"76.";"8.";"0.00";"0.00";"0.00"
"2017";"4";"25";"2";"5";"2742";"267.";"6.7";"3.0";"82.";"8.";"17.21";"0.00";"17.21"
"2017";"4";"25";"2";"6";"2743";"270.";"6.8";"2.6";"88.";"8.";"33.90";"0.00";"33.90"
"2017";"4";"25";"2";"7";"2744";"265.";"5.6";"2.8";"90.";"8.";"61.07";"0.00";"61.07"
"2017";"4";"25";"2";"8";"2745";"265.";"4.4";"3.5";"89.";"8.";"92.72";"0.00";"92.72"
"2017";"4";"25";"2";"9";"2746";"304.";"4.0";"4.3";"83.";"8.";"114.70";"0.00";"114.70"
"2017";"4";"25";"2";"10";"2747";"297.";"4.7";"5.7";"76.";"8.";"224.69";"0.00";"224.69"
"2017";"4";"25";"2";"11";"2748";"297.";"4.4";"6.3";"70.";"7.";"310.91";"105.25";"237.26"
"2017";"4";"25";"2";"12";"2749";"301.";"3.7";"5.7";"72.";"7.";"312.13";"107.17";"237.14"
"2017";"4";"25";"2";"13";"2750";"305.";"3.8";"5.9";"71.";"8.";"224.49";"0.00";"224.49"
"2017";"4";"25";"2";"14";"2751";"321.";"3.7";"5.9";"71.";"7.";"271.25";"117.22";"201.34"
"2017";"4";"25";"2";"15";"2752";"327.";"4.1";"5.3";"72.";"8.";"160.47";"0.00";"160.47"
"2017";"4";"25";"2";"16";"2753";"323.";"4.2";"4.7";"75.";"6.";"194.95";"201.31";"118.06"
"2017";"4";"25";"2";"17";"2754";"329.";"3.7";"4.9";"76.";"8.";"129.40";"0.00";"129.40"
"2017";"4";"25";"2";"18";"2755";"313.";"2.8";"4.7";"76.";"7.";"24.12";"40.96";"19.46"
"2017";"4";"25";"2";"19";"2756";"331.";"2.2";"4.0";"76.";"5.";"0.00";"0.00";"0.00"
"2017";"4";"25";"2";"20";"2757";"328.";"2.5";"3.3";"79.";"3.";"0.00";"0.00";"0.00"
"2017";"4";"25";"2";"21";"2758";"337.";"2.5";"3.1";"79.";"4.";"0.00";"0.00";"0.00"
"2017";"4";"25";"2";"22";"2759";"334.";"2.5";"2.7";"79.";"3.";"0.00";"0.00";"0.00"
"2017";"4";"25";"2";"23";"2760";"347.";"2.0";"1.7";"82.";"3.";"0.00";"0.00";"0.00"
"2017";"4";"26";"3";"0";"2761";"354.";"2.6";"1.4";"83.";"2.";"0.00";"0.00";"0.00"
"2017";"4";"26";"3";"1";"2762";"351.";"2.1";"0.4";"86.";"1.";"0.00";"0.00";"0.00"
"2017";"4";"26";"3";"2";"2763";"340.";"1.6";"0.0";"87.";"1.";"0.00";"0.00";"0.00"
"2017";"4";"26";"3";"3";"2764";"331.";"1.4";"-0.4";"88.";"0.";"0.00";"0.00";"0.00"
"2017";"4";"26";"3";"4";"2765";"340.";"1.6";"-0.5";"89.";"0.";"0.00";"0.00";"0.00"
"2017";"4";"26";"3";"5";"2766";"352.";"1.5";"1.0";"86.";"1.";"60.98";"309.98";"24.13"
"2017";"4";"26";"3";"6";"2767";"355.";"1.8";"3.6";"73.";"0.";"220.37";"663.35";"51.19"
"2017";"4";"26";"3";"7";"2768";"348.";"1.6";"5.2";"62.";"0.";"382.95";"803.11";"72.52"
"2017";"4";"26";"3";"8";"2769";"314.";"1.8";"6.9";"56.";"0.";"531.18";"884.54";"84.99"
"2017";"4";"26";"3";"9";"2770";"306.";"3.2";"7.9";"51.";"1.";"605.34";"805.76";"121.33"
"2017";"4";"26";"3";"10";"2771";"299.";"4.1";"7.7";"50.";"3.";"570.37";"585.49";"178.81"
"2017";"4";"26";"3";"11";"2772";"301.";"4.4";"8.2";"47.";"2.";"662.65";"685.74";"179.89"
"2017";"4";"26";"3";"12";"2773";"299.";"5.1";"8.8";"45.";"2.";"670.64";"729.83";"156.84"
"2017";"4";"26";"3";"13";"2774";"300.";"5.5";"9.0";"42.";"1.";"686.23";"823.21";"135.69"
"2017";"4";"26";"3";"14";"2775";"299.";"5.5";"8.8";"41.";"1.";"608.23";"812.61";"120.09"
"2017";"4";"26";"3";"15";"2776";"298.";"5.3";"8.4";"40.";"0.";"535.96";"899.48";"82.23"
"2017";"4";"26";"3";"16";"2777";"295.";"5.0";"8.3";"42.";"0.";"385.25";"801.67";"75.38"
"2017";"4";"26";"3";"17";"2778";"297.";"4.5";"7.6";"44.";"0.";"224.11";"667.89";"53.78"
"2017";"4";"26";"3";"18";"2779";"297.";"4.2";"6.3";"50.";"1.";"67.99";"336.18";"28.02"
"2017";"4";"26";"3";"19";"2780";"291.";"2.6";"4.7";"61.";"0.";"0.00";"0.00";"0.00"
"2017";"4";"26";"3";"20";"2781";"277.";"1.7";"2.7";"71.";"0.";"0.00";"0.00";"0.00"
"2017";"4";"26";"3";"21";"2782";"227.";"1.2";"1.6";"75.";"0.";"0.00";"0.00";"0.00"
"2017";"4";"26";"3";"22";"2783";"195.";"1.5";"1.2";"81.";"0.";"0.00";"0.00";"0.00"
"2017";"4";"26";"3";"23";"2784";"180.";"1.7";"0.3";"88.";"1.";"0.00";"0.00";"0.00"
"2017";"4";"27";"4";"0";"2785";"170.";"1.6";"-0.2";"89.";"5.";"0.00";"0.00";"0.00"
"2017";"4";"27";"4";"1";"2786";"208.";"2.0";"-0.4";"85.";"3.";"0.00";"0.00";"0.00"
"2017";"4";"27";"4";"2";"2787";"208.";"2.1";"-0.9";"87.";"1.";"0.00";"0.00";"0.00"
"2017";"4";"27";"4";"3";"2788";"198.";"2.2";"-0.9";"88.";"0.";"0.00";"0.00";"0.00"
"2017";"4";"27";"4";"4";"2789";"200.";"2.4";"-0.5";"89.";"0.";"0.00";"0.00";"0.00"
"2017";"4";"27";"4";"5";"2790";"195.";"2.6";"1.5";"86.";"0.";"69.40";"350.70";"25.98"
"2017";"4";"27";"4";"6";"2791";"189.";"3.2";"4.4";"77.";"0.";"221.17";"626.02";"58.55"
"2017";"4";"27";"4";"7";"2792";"190.";"4.2";"6.5";"72.";"0.";"375.62";"716.12";"95.55"
"2017";"4";"27";"4";"8";"2793";"198.";"4.6";"7.4";"66.";"3.";"395.48";"449.11";"166.96"
"2017";"4";"27";"4";"9";"2794";"205.";"3.9";"7.8";"63.";"3.";"494.13";"511.51";"184.67"
"2017";"4";"27";"4";"10";"2795";"208.";"3.4";"8.5";"59.";"3.";"560.64";"530.71";"203.50"
"2017";"4";"27";"4";"11";"2796";"198.";"3.1";"9.1";"55.";"3.";"596.88";"546.35";"209.99"
"2017";"4";"27";"4";"12";"2797";"213.";"3.2";"9.2";"55.";"4.";"534.24";"444.83";"219.23"
"2017";"4";"27";"4";"13";"2798";"222.";"3.5";"9.4";"54.";"5.";"439.90";"330.50";"217.49"
"2017";"4";"27";"4";"14";"2799";"218.";"4.2";"9.3";"53.";"5.";"390.51";"328.41";"191.83"
"2017";"4";"27";"4";"15";"2800";"205.";"4.6";"8.6";"53.";"6.";"384.93";"213.98";"276.05"
"2017";"4";"27";"4";"16";"2801";"204.";"4.5";"7.9";"56.";"6.";"195.58";"193.66";"119.84"
"2017";"4";"27";"4";"17";"2802";"204.";"4.1";"7.2";"59.";"7.";"92.06";"80.87";"71.05"
"2017";"4";"27";"4";"18";"2803";"191.";"1.7";"7.1";"64.";"7.";"45.32";"43.73";"39.91"
"2017";"4";"27";"4";"19";"2804";"163.";"0.6";"6.7";"70.";"8.";"0.00";"0.00";"0.00"
"2017";"4";"27";"4";"20";"2805";"140.";"1.2";"6.4";"73.";"8.";"0.00";"0.00";"0.00"
"2017";"4";"27";"4";"21";"2806";"143.";"3.0";"6.1";"77.";"8.";"0.00";"0.00";"0.00"
"2017";"4";"27";"4";"22";"2807";"135.";"2.9";"5.7";"82.";"8.";"0.00";"0.00";"0.00"
"2017";"4";"27";"4";"23";"2808";"141.";"3.2";"5.5";"85.";"8.";"0.00";"0.00";"0.00"
"2017";"4";"28";"5";"0";"2809";"149.";"3.6";"5.1";"88.";"8.";"0.00";"0.00";"0.00"
"2017";"4";"28";"5";"1";"2810";"142.";"4.0";"4.8";"91.";"8.";"0.00";"0.00";"0.00"
"2017";"4";"28";"5";"2";"2811";"139.";"5.1";"4.7";"92.";"8.";"0.00";"0.00";"0.00"
"2017";"4";"28";"5";"3";"2812";"133.";"6.1";"4.6";"92.";"8.";"0.00";"0.00";"0.00"
"2017";"4";"28";"5";"4";"2813";"123.";"6.7";"4.1";"93.";"8.";"0.00";"0.00";"0.00"
"2017";"4";"28";"5";"5";"2814";"129.";"6.1";"4.1";"93.";"8.";"11.21";"0.00";"11.21"
"2017";"4";"28";"5";"6";"2815";"124.";"6.6";"4.6";"93.";"8.";"35.98";"0.00";"35.98"
"2017";"4";"28";"5";"7";"2816";"126.";"6.8";"4.8";"92.";"8.";"61.41";"0.00";"61.41"
"2017";"4";"28";"5";"8";"2817";"125.";"6.3";"5.2";"92.";"8.";"91.73";"0.00";"91.73"
"2017";"4";"28";"5";"9";"2818";"125.";"6.2";"5.1";"90.";"8.";"181.15";"0.00";"181.15"
"2017";"4";"28";"5";"10";"2819";"119.";"6.5";"4.5";"92.";"8.";"128.87";"0.00";"128.87"
"2017";"4";"28";"5";"11";"2820";"118.";"6.1";"5.0";"92.";"8.";"126.57";"0.00";"126.57"
"2017";"4";"28";"5";"12";"2821";"131.";"5.8";"5.9";"91.";"8.";"128.38";"0.00";"128.38"
"2017";"4";"28";"5";"13";"2822";"129.";"5.4";"6.1";"89.";"8.";"216.41";"0.00";"216.41"
"2017";"4";"28";"5";"14";"2823";"133.";"6.3";"5.8";"89.";"8.";"110.25";"0.00";"110.25"
"2017";"4";"28";"5";"15";"2824";"126.";"5.0";"5.7";"90.";"8.";"88.52";"0.00";"88.52"
"2017";"4";"28";"5";"16";"2825";"123.";"4.4";"5.5";"90.";"8.";"65.41";"0.00";"65.41"
"2017";"4";"28";"5";"17";"2826";"128.";"4.5";"5.4";"91.";"8.";"36.41";"0.00";"36.41"
"2017";"4";"28";"5";"18";"2827";"118.";"4.1";"5.7";"92.";"8.";"10.54";"0.00";"10.54"
"2017";"4";"28";"5";"19";"2828";"129.";"3.0";"5.8";"88.";"8.";"0.00";"0.00";"0.00"
"2017";"4";"28";"5";"20";"2829";"117.";"2.3";"5.8";"86.";"8.";"0.00";"0.00";"0.00"
"2017";"4";"28";"5";"21";"2830";"95.";"2.4";"5.6";"86.";"8.";"0.00";"0.00";"0.00"
"2017";"4";"28";"5";"22";"2831";"96.";"4.0";"5.4";"84.";"7.";"0.00";"0.00";"0.00"
"2017";"4";"28";"5";"23";"2832";"97.";"3.7";"5.3";"83.";"7.";"0.00";"0.00";"0.00"
"2017";"4";"29";"6";"0";"2833";"97.";"4.2";"5.2";"80.";"8.";"0.00";"0.00";"0.00"
"2017";"4";"29";"6";"1";"2834";"92.";"4.2";"4.7";"78.";"8.";"0.00";"0.00";"0.00"
"2017";"4";"29";"6";"2";"2835";"81.";"4.1";"4.0";"82.";"7.";"0.00";"0.00";"0.00"
"2017";"4";"29";"6";"3";"2836";"74.";"4.0";"3.2";"84.";"5.";"0.00";"0.00";"0.00"
"2017";"4";"29";"6";"4";"2837";"68.";"4.3";"2.4";"86.";"6.";"0.00";"0.00";"0.00"
"2017";"4";"29";"6";"5";"2838";"59.";"4.5";"2.2";"85.";"4.";"54.81";"199.21";"28.21"
"2017";"4";"29";"6";"6";"2839";"60.";"4.9";"3.1";"82.";"3.";"180.80";"409.42";"70.64"
"2017";"4";"29";"6";"7";"2840";"58.";"5.1";"4.4";"77.";"1.";"367.88";"709.00";"84.26"
"2017";"4";"29";"6";"8";"2841";"48.";"4.4";"5.4";"72.";"2.";"508.21";"673.19";"159.87"
"2017";"4";"29";"6";"9";"2842";"57.";"4.5";"7.3";"66.";"1.";"614.32";"796.11";"126.05"
"2017";"4";"29";"6";"10";"2843";"56.";"4.7";"8.5";"59.";"2.";"632.24";"669.25";"176.40"
"2017";"4";"29";"6";"11";"2844";"54.";"4.6";"9.2";"61.";"3.";"686.31";"588.77";"264.63"
"2017";"4";"29";"6";"12";"2845";"59.";"4.4";"9.8";"56.";"2.";"673.82";"701.16";"171.65"
"2017";"4";"29";"6";"13";"2846";"62.";"4.7";"10.3";"47.";"2.";"657.40";"729.82";"160.31"
"2017";"4";"29";"6";"14";"2847";"62.";"3.7";"11.2";"41.";"5.";"399.68";"338.16";"192.28"
"2017";"4";"29";"6";"15";"2848";"52.";"2.7";"10.6";"42.";"7.";"230.34";"112.93";"171.90"
"2017";"4";"29";"6";"16";"2849";"67.";"4.7";"10.9";"38.";"7.";"269.57";"101.83";"228.83"
"2017";"4";"29";"6";"17";"2850";"54.";"2.9";"10.1";"40.";"7.";"161.07";"85.42";"138.09"
"2017";"4";"29";"6";"18";"2851";"9.";"0.5";"9.0";"47.";"4.";"57.94";"208.15";"30.15"
"2017";"4";"29";"6";"19";"2852";"273.";"0.8";"6.6";"60.";"1.";"0.00";"0.00";"0.00"
"2017";"4";"29";"6";"20";"2853";"301.";"0.5";"4.8";"71.";"5.";"0.00";"0.00";"0.00"
"2017";"4";"29";"6";"21";"2854";"186.";"0.9";"4.0";"75.";"5.";"0.00";"0.00";"0.00"
"2017";"4";"29";"6";"22";"2855";"180.";"1.1";"3.1";"79.";"5.";"0.00";"0.00";"0.00"
"2017";"4";"29";"6";"23";"2856";"180.";"0.8";"2.3";"85.";"5.";"0.00";"0.00";"0.00"
"2017";"4";"30";"7";"0";"2857";"252.";"0.8";"2.2";"88.";"1.";"0.00";"0.00";"0.00"
"2017";"4";"30";"7";"1";"2858";"235.";"0.3";"1.3";"91.";"1.";"0.00";"0.00";"0.00"
"2017";"4";"30";"7";"2";"2859";"263.";"0.2";"0.4";"92.";"1.";"0.00";"0.00";"0.00"
"2017";"4";"30";"7";"3";"2860";"297.";"0.1";"-0.1";"89.";"0.";"0.00";"0.00";"0.00"
"2017";"4";"30";"7";"4";"2861";"206.";"0.9";"0.2";"91.";"0.";"0.00";"0.00";"0.00"
"2017";"4";"30";"7";"5";"2862";"206.";"1.4";"1.7";"89.";"1.";"78.13";"358.03";"28.64"
"2017";"4";"30";"7";"6";"2863";"220.";"1.9";"6.0";"83.";"1.";"218.14";"580.73";"59.25"
"2017";"4";"30";"7";"7";"2864";"231.";"2.4";"8.0";"74.";"2.";"338.49";"606.14";"93.37"
"2017";"4";"30";"7";"8";"2865";"204.";"2.7";"9.2";"67.";"0.";"538.21";"827.24";"106.68"
"2017";"4";"30";"7";"9";"2866";"206.";"2.8";"9.4";"65.";"3.";"513.95";"570.99";"161.43"
"2017";"4";"30";"7";"10";"2867";"215.";"3.2";"10.1";"61.";"5.";"447.76";"335.57";"217.86"
"2017";"4";"30";"7";"11";"2868";"215.";"3.8";"10.0";"61.";"2.";"673.22";"685.73";"179.40"
"2017";"4";"30";"7";"12";"2869";"217.";"4.2";"10.3";"59.";"0.";"795.16";"945.83";"114.04"
"2017";"4";"30";"7";"13";"2870";"208.";"3.6";"10.9";"52.";"1.";"694.27";"794.63";"149.88"
"2017";"4";"30";"7";"14";"2871";"216.";"3.7";"10.7";"49.";"1.";"620.62";"802.26";"125.32"
"2017";"4";"30";"7";"15";"2872";"212.";"3.5";"10.5";"48.";"0.";"550.21";"889.07";"86.43"
"2017";"4";"30";"7";"16";"2873";"211.";"3.1";"10.6";"45.";"0.";"403.83";"816.25";"73.74"
"2017";"4";"30";"7";"17";"2874";"203.";"2.7";"10.2";"48.";"0.";"241.80";"687.10";"53.80"
"2017";"4";"30";"7";"18";"2875";"199.";"2.2";"9.2";"53.";"0.";"86.02";"415.06";"28.65"
"2017";"4";"30";"7";"19";"2876";"194.";"1.4";"7.0";"64.";"0.";"0.00";"0.00";"0.00"
"2017";"4";"30";"7";"20";"2877";"157.";"1.1";"5.0";"72.";"0.";"0.00";"0.00";"0.00"
"2017";"4";"30";"7";"21";"2878";"115.";"1.2";"3.6";"79.";"0.";"0.00";"0.00";"0.00"
"2017";"4";"30";"7";"22";"2879";"103.";"1.7";"3.1";"83.";"0.";"0.00";"0.00";"0.00"
"2017";"4";"30";"7";"23";"2880";"99.";"2.3";"2.1";"83.";"0.";"0.00";"0.00";"0.00"
"2017";"5";"1";"1";"0";"2881";"96.";"1.9";"1.6";"84.";"0.";"0.00";"0.00";"0.00"
"2017";"5";"1";"1";"1";"2882";"94.";"2.2";"1.4";"83.";"0.";"0.00";"0.00";"0.00"
"2017";"5";"1";"1";"2";"2883";"92.";"2.8";"1.6";"83.";"0.";"0.00";"0.00";"0.00"
"2017";"5";"1";"1";"3";"2884";"97.";"2.7";"1.6";"83.";"0.";"0.00";"0.00";"0.00"
"2017";"5";"1";"1";"4";"2885";"106.";"2.8";"1.6";"79.";"0.";"0.00";"0.00";"0.00"
"2017";"5";"1";"1";"5";"2886";"110.";"3.2";"4.3";"66.";"0.";"85.49";"402.09";"28.04"
"2017";"5";"1";"1";"6";"2887";"114.";"3.9";"7.1";"53.";"1.";"219.90";"577.52";"59.30"
"2017";"5";"1";"1";"7";"2888";"113.";"3.7";"9.2";"42.";"0.";"406.85";"806.84";"77.11"
"2017";"5";"1";"1";"8";"2889";"111.";"4.2";"10.7";"36.";"0.";"545.54";"882.26";"81.67"
"2017";"5";"1";"1";"9";"2890";"124.";"4.3";"12.1";"32.";"0.";"661.01";"888.90";"108.67"
"2017";"5";"1";"1";"10";"2891";"125.";"3.5";"13.3";"29.";"1.";"715.48";"806.86";"159.57"
"2017";"5";"1";"1";"11";"2892";"122.";"2.9";"14.8";"28.";"0.";"791.26";"936.21";"113.47"
"2017";"5";"1";"1";"12";"2893";"118.";"3.1";"15.5";"27.";"0.";"792.11";"942.24";"109.96"
"2017";"5";"1";"1";"13";"2894";"118.";"3.0";"16.4";"28.";"0.";"746.18";"927.35";"107.25"
"2017";"5";"1";"1";"14";"2895";"112.";"3.1";"16.9";"28.";"0.";"661.41";"908.39";"96.96"
"2017";"5";"1";"1";"15";"2896";"120.";"1.8";"17.0";"26.";"0.";"543.25";"872.49";"84.52"
"2017";"5";"1";"1";"16";"2897";"116.";"2.2";"16.5";"27.";"0.";"397.26";"797.41";"71.37"
"2017";"5";"1";"1";"17";"2898";"113.";"2.8";"16.3";"30.";"0.";"241.35";"664.45";"56.57"
"2017";"5";"1";"1";"18";"2899";"113.";"2.1";"14.9";"35.";"0.";"83.53";"392.85";"27.39"
"2017";"5";"1";"1";"19";"2900";"105.";"2.0";"11.3";"42.";"2.";"0.00";"0.00";"0.00"
"2017";"5";"1";"1";"20";"2901";"109.";"2.3";"10.5";"45.";"3.";"0.00";"0.00";"0.00"
"2017";"5";"1";"1";"21";"2902";"115.";"2.6";"7.4";"48.";"7.";"0.00";"0.00";"0.00"
"2017";"5";"1";"1";"22";"2903";"115.";"3.0";"7.0";"48.";"4.";"0.00";"0.00";"0.00"
"2017";"5";"1";"1";"23";"2904";"108.";"3.0";"7.1";"47.";"5.";"0.00";"0.00";"0.00"
"2017";"5";"2";"2";"0";"2905";"107.";"2.7";"6.2";"45.";"3.";"0.00";"0.00";"0.00"
"2017";"5";"2";"2";"1";"2906";"104.";"2.6";"4.9";"47.";"1.";"0.00";"0.00";"0.00"
"2017";"5";"2";"2";"2";"2907";"107.";"2.2";"4.0";"51.";"0.";"0.00";"0.00";"0.00"
"2017";"5";"2";"2";"3";"2908";"106.";"2.2";"2.9";"56.";"2.";"0.00";"0.00";"0.00"
"2017";"5";"2";"2";"4";"2909";"99.";"2.1";"2.6";"59.";"1.";"0.00";"0.00";"0.00"
"2017";"5";"2";"2";"5";"2910";"99.";"1.9";"4.7";"55.";"0.";"91.49";"424.45";"28.89"
"2017";"5";"2";"2";"6";"2911";"101.";"2.1";"7.4";"47.";"0.";"249.42";"677.66";"57.97"
"2017";"5";"2";"2";"7";"2912";"102.";"2.2";"10.0";"41.";"0.";"402.36";"799.07";"72.41"
"2017";"5";"2";"2";"8";"2913";"102.";"2.8";"12.5";"33.";"0.";"549.40";"879.08";"83.64"
"2017";"5";"2";"2";"9";"2914";"93.";"2.6";"14.1";"29.";"2.";"605.93";"658.71";"194.03"
"2017";"5";"2";"2";"10";"2915";"87.";"2.9";"15.2";"27.";"1.";"721.95";"824.14";"150.98"
"2017";"5";"2";"2";"11";"2916";"78.";"2.5";"16.5";"26.";"1.";"759.57";"810.67";"169.60"
"2017";"5";"2";"2";"12";"2917";"76.";"3.2";"17.4";"25.";"0.";"793.71";"929.09";"117.57"
"2017";"5";"2";"2";"13";"2918";"79.";"2.8";"18.3";"25.";"0.";"752.43";"940.49";"100.85"
"2017";"5";"2";"2";"14";"2919";"81.";"2.3";"18.5";"22.";"0.";"667.23";"904.80";"101.45"
"2017";"5";"2";"2";"15";"2920";"93.";"4.5";"19.1";"20.";"0.";"562.66";"888.68";"91.81"
"2017";"5";"2";"2";"16";"2921";"98.";"4.4";"18.8";"24.";"0.";"400.44";"785.15";"76.24"
"2017";"5";"2";"2";"17";"2922";"97.";"5.0";"17.9";"22.";"1.";"234.22";"585.41";"68.83"
"2017";"5";"2";"2";"18";"2923";"92.";"4.0";"16.4";"28.";"2.";"83.37";"314.22";"37.02"
"2017";"5";"2";"2";"19";"2924";"70.";"2.2";"14.0";"34.";"0.";"0.00";"0.00";"0.00"
"2017";"5";"2";"2";"20";"2925";"53.";"2.5";"12.0";"42.";"0.";"0.00";"0.00";"0.00"
"2017";"5";"2";"2";"21";"2926";"63.";"2.4";"10.9";"47.";"0.";"0.00";"0.00";"0.00"
"2017";"5";"2";"2";"22";"2927";"83.";"1.9";"8.1";"52.";"0.";"0.00";"0.00";"0.00"
"2017";"5";"2";"2";"23";"2928";"106.";"1.8";"6.8";"58.";"0.";"0.00";"0.00";"0.00"
"2017";"5";"3";"3";"0";"2929";"111.";"1.9";"5.6";"61.";"0.";"0.00";"0.00";"0.00"
"2017";"5";"3";"3";"1";"2930";"108.";"1.8";"5.5";"65.";"0.";"0.00";"0.00";"0.00"
"2017";"5";"3";"3";"2";"2931";"88.";"1.7";"4.7";"68.";"0.";"0.00";"0.00";"0.00"
"2017";"5";"3";"3";"3";"2932";"97.";"1.7";"4.2";"70.";"2.";"0.00";"0.00";"0.00"
"2017";"5";"3";"3";"4";"2933";"101.";"1.9";"4.6";"70.";"1.";"0.00";"0.00";"0.00"
"2017";"5";"3";"3";"5";"2934";"106.";"2.1";"6.7";"61.";"1.";"89.27";"365.81";"33.65"
"2017";"5";"3";"3";"6";"2935";"106.";"2.1";"10.5";"49.";"3.";"210.55";"401.00";"95.52"
"2017";"5";"3";"3";"7";"2936";"118.";"2.6";"13.2";"37.";"2.";"369.91";"596.53";"121.11"
"2017";"5";"3";"3";"8";"2937";"125.";"1.9";"14.5";"33.";"5.";"425.48";"323.92";"252.56"
"2017";"5";"3";"3";"9";"2938";"133.";"0.6";"15.2";"30.";"7.";"449.92";"111.96";"379.47"
"2017";"5";"3";"3";"10";"2939";"306.";"1.0";"16.3";"31.";"8.";"468.58";"0.00";"468.58"
"2017";"5";"3";"3";"11";"2940";"319.";"1.9";"16.4";"30.";"8.";"490.78";"0.00";"490.78"
"2017";"5";"3";"3";"12";"2941";"304.";"3.6";"16.8";"29.";"8.";"507.67";"0.00";"507.67"
"2017";"5";"3";"3";"13";"2942";"312.";"3.9";"16.4";"31.";"5.";"583.92";"352.46";"338.41"
"2017";"5";"3";"3";"14";"2943";"320.";"3.6";"16.0";"31.";"6.";"480.33";"217.00";"343.80"
"2017";"5";"3";"3";"15";"2944";"328.";"4.1";"15.9";"32.";"2.";"514.13";"662.51";"160.47"
"2017";"5";"3";"3";"16";"2945";"331.";"3.5";"16.6";"37.";"7.";"275.50";"99.78";"233.88"
"2017";"5";"3";"3";"17";"2946";"26.";"2.2";"16.5";"41.";"5.";"184.50";"242.77";"114.86"
"2017";"5";"3";"3";"18";"2947";"84.";"2.8";"15.7";"40.";"3.";"76.79";"247.91";"39.10"
"2017";"5";"3";"3";"19";"2948";"88.";"3.4";"14.3";"38.";"2.";"0.00";"0.00";"0.00"
"2017";"5";"3";"3";"20";"2949";"94.";"3.1";"12.5";"42.";"0.";"0.00";"0.00";"0.00"
"2017";"5";"3";"3";"21";"2950";"101.";"2.6";"11.3";"47.";"3.";"0.00";"0.00";"0.00"
"2017";"5";"3";"3";"22";"2951";"113.";"2.4";"9.3";"54.";"1.";"0.00";"0.00";"0.00"
"2017";"5";"3";"3";"23";"2952";"115.";"2.6";"7.0";"60.";"0.";"0.00";"0.00";"0.00"
"2017";"5";"4";"4";"0";"2953";"95.";"2.9";"8.3";"57.";"0.";"0.00";"0.00";"0.00"
"2017";"5";"4";"4";"1";"2954";"84.";"3.5";"7.3";"56.";"0.";"0.00";"0.00";"0.00"
"2017";"5";"4";"4";"2";"2955";"74.";"2.7";"6.7";"55.";"0.";"0.00";"0.00";"0.00"
"2017";"5";"4";"4";"3";"2956";"59.";"3.1";"5.4";"60.";"0.";"0.00";"0.00";"0.00"
"2017";"5";"4";"4";"4";"2957";"48.";"3.1";"5.5";"59.";"0.";"0.00";"0.00";"0.00"
"2017";"5";"4";"4";"5";"2958";"45.";"4.0";"6.6";"55.";"0.";"100.62";"440.98";"31.60"
"2017";"5";"4";"4";"6";"2959";"55.";"5.2";"8.0";"50.";"0.";"251.61";"667.80";"57.20"
"2017";"5";"4";"4";"7";"2960";"62.";"6.6";"9.4";"44.";"0.";"411.57";"802.38";"73.64"
"2017";"5";"4";"4";"8";"2961";"60.";"7.3";"10.7";"43.";"0.";"554.30";"861.13";"91.24"
"2017";"5";"4";"4";"9";"2962";"60.";"7.3";"12.3";"37.";"1.";"644.34";"783.89";"148.19"
"2017";"5";"4";"4";"10";"2963";"59.";"7.2";"13.8";"33.";"0.";"758.02";"920.65";"113.35"
"2017";"5";"4";"4";"11";"2964";"62.";"6.6";"14.5";"31.";"0.";"801.26";"926.58";"120.15"
"2017";"5";"4";"4";"12";"2965";"59.";"5.8";"15.0";"29.";"0.";"805.95";"952.68";"105.66"
"2017";"5";"4";"4";"13";"2966";"63.";"6.1";"15.4";"28.";"0.";"754.89";"896.39";"127.21"
"2017";"5";"4";"4";"14";"2967";"59.";"5.6";"15.8";"29.";"0.";"675.14";"908.67";"100.03"
"2017";"5";"4";"4";"15";"2968";"60.";"5.8";"15.7";"30.";"0.";"555.67";"868.94";"88.41"
"2017";"5";"4";"4";"16";"2969";"62.";"5.8";"15.5";"31.";"0.";"408.39";"778.28";"80.61"
"2017";"5";"4";"4";"17";"2970";"64.";"5.5";"15.1";"33.";"0.";"251.44";"678.90";"53.79"
"2017";"5";"4";"4";"18";"2971";"71.";"5.0";"13.9";"36.";"0.";"97.07";"433.38";"29.24"
"2017";"5";"4";"4";"19";"2972";"71.";"3.5";"12.3";"40.";"0.";"0.00";"0.00";"0.00"
"2017";"5";"4";"4";"20";"2973";"59.";"3.0";"10.9";"44.";"0.";"0.00";"0.00";"0.00"
"2017";"5";"4";"4";"21";"2974";"52.";"1.8";"9.6";"48.";"0.";"0.00";"0.00";"0.00"
"2017";"5";"4";"4";"22";"2975";"60.";"2.1";"8.0";"53.";"0.";"0.00";"0.00";"0.00"
"2017";"5";"4";"4";"23";"2976";"57.";"2.0";"6.7";"59.";"0.";"0.00";"0.00";"0.00"
"2017";"5";"5";"5";"0";"2977";"53.";"2.3";"5.4";"64.";"0.";"0.00";"0.00";"0.00"
"2017";"5";"5";"5";"1";"2978";"44.";"2.2";"4.1";"68.";"0.";"0.00";"0.00";"0.00"
"2017";"5";"5";"5";"2";"2979";"47.";"2.1";"4.1";"73.";"2.";"0.00";"0.00";"0.00"
"2017";"5";"5";"5";"3";"2980";"38.";"2.0";"3.4";"74.";"6.";"0.00";"0.00";"0.00"
"2017";"5";"5";"5";"4";"2981";"28.";"2.2";"3.9";"71.";"8.";"0.00";"0.00";"0.00"
"2017";"5";"5";"5";"5";"2982";"47.";"3.1";"6.3";"61.";"8.";"62.90";"0.00";"62.90"
"2017";"5";"5";"5";"6";"2983";"52.";"3.7";"8.4";"51.";"5.";"197.34";"249.47";"123.66"
"2017";"5";"5";"5";"7";"2984";"54.";"4.5";"10.4";"43.";"1.";"396.80";"694.00";"101.74"
"2017";"5";"5";"5";"8";"2985";"53.";"5.0";"11.9";"36.";"2.";"510.88";"642.39";"162.97"
"2017";"5";"5";"5";"9";"2986";"56.";"4.5";"13.4";"31.";"1.";"647.33";"769.46";"157.47"
"2017";"5";"5";"5";"10";"2987";"59.";"4.4";"15.0";"27.";"0.";"763.86";"922.05";"114.89"
"2017";"5";"5";"5";"11";"2988";"51.";"3.8";"16.4";"25.";"0.";"805.68";"922.27";"124.47"
"2017";"5";"5";"5";"12";"2989";"58.";"4.3";"17.8";"20.";"0.";"807.10";"921.90";"126.16"
"2017";"5";"5";"5";"13";"2990";"54.";"3.2";"18.8";"18.";"0.";"767.56";"934.37";"109.92"
"2017";"5";"5";"5";"14";"2991";"64.";"3.4";"19.4";"16.";"0.";"684.25";"913.95";"102.41"
"2017";"5";"5";"5";"15";"2992";"49.";"2.8";"19.7";"17.";"0.";"564.52";"874.38";"90.98"
"2017";"5";"5";"5";"16";"2993";"42.";"2.5";"19.5";"15.";"0.";"423.20";"826.10";"71.97"
"2017";"5";"5";"5";"17";"2994";"43.";"2.7";"19.3";"17.";"0.";"262.71";"697.87";"56.61"
"2017";"5";"5";"5";"18";"2995";"28.";"2.4";"17.8";"21.";"0.";"109.56";"469.89";"33.95"
"2017";"5";"5";"5";"19";"2996";"26.";"1.5";"14.3";"32.";"0.";"0.00";"0.00";"0.00"
"2017";"5";"5";"5";"20";"2997";"28.";"1.2";"12.1";"42.";"0.";"0.00";"0.00";"0.00"
"2017";"5";"5";"5";"21";"2998";"41.";"1.0";"8.5";"47.";"0.";"0.00";"0.00";"0.00"
"2017";"5";"5";"5";"22";"2999";"48.";"1.1";"7.2";"53.";"0.";"0.00";"0.00";"0.00"
"2017";"5";"5";"5";"23";"3000";"42.";"0.9";"5.9";"60.";"0.";"0.00";"0.00";"0.00"
"2017";"5";"6";"6";"0";"3001";"57.";"0.9";"4.7";"64.";"0.";"0.00";"0.00";"0.00"
"2017";"5";"6";"6";"1";"3002";"56.";"1.0";"4.1";"69.";"0.";"0.00";"0.00";"0.00"
"2017";"5";"6";"6";"2";"3003";"51.";"0.9";"3.4";"72.";"0.";"0.00";"0.00";"0.00"
"2017";"5";"6";"6";"3";"3004";"96.";"0.8";"2.8";"75.";"2.";"0.00";"0.00";"0.00"
"2017";"5";"6";"6";"4";"3005";"162.";"1.5";"3.5";"69.";"2.";"0.00";"0.00";"0.00"
"2017";"5";"6";"6";"5";"3006";"165.";"0.4";"6.9";"58.";"2.";"99.13";"341.99";"42.62"
"2017";"5";"6";"6";"6";"3007";"339.";"0.2";"11.0";"45.";"0.";"260.17";"682.80";"55.70"
"2017";"5";"6";"6";"7";"3008";"99.";"0.6";"14.2";"40.";"0.";"416.68";"799.58";"73.58"
"2017";"5";"6";"6";"8";"3009";"42.";"0.5";"16.0";"40.";"0.";"572.05";"880.69";"91.77"
"2017";"5";"6";"6";"9";"3010";"315.";"1.1";"17.2";"42.";"0.";"677.17";"920.66";"87.71"
"2017";"5";"6";"6";"10";"3011";"294.";"1.4";"17.7";"42.";"0.";"754.10";"899.12";"118.10"
"2017";"5";"6";"6";"11";"3012";"291.";"2.0";"19.0";"42.";"2.";"724.83";"673.36";"225.12"
"2017";"5";"6";"6";"12";"3013";"276.";"2.3";"19.2";"41.";"4.";"551.89";"467.61";"204.88"
"2017";"5";"6";"6";"13";"3014";"265.";"2.8";"19.0";"41.";"3.";"585.33";"579.14";"175.67"
"2017";"5";"6";"6";"14";"3015";"272.";"3.1";"18.7";"41.";"2.";"570.86";"659.21";"148.79"
"2017";"5";"6";"6";"15";"3016";"302.";"3.4";"18.7";"43.";"0.";"548.07";"822.77";"99.38"
"2017";"5";"6";"6";"16";"3017";"324.";"3.3";"19.5";"42.";"0.";"406.06";"777.82";"72.29"
"2017";"5";"6";"6";"17";"3018";"354.";"3.5";"19.5";"40.";"0.";"254.11";"657.45";"57.23"
"2017";"5";"6";"6";"18";"3019";"2.";"3.4";"18.3";"42.";"1.";"92.03";"353.37";"33.64"
"2017";"5";"6";"6";"19";"3020";"10.";"2.8";"16.4";"48.";"0.";"0.00";"0.00";"0.00"
"2017";"5";"6";"6";"20";"3021";"17.";"2.6";"14.2";"59.";"0.";"0.00";"0.00";"0.00"
"2017";"5";"6";"6";"21";"3022";"26.";"2.0";"12.7";"64.";"0.";"0.00";"0.00";"0.00"
"2017";"5";"6";"6";"22";"3023";"52.";"2.3";"12.0";"67.";"0.";"0.00";"0.00";"0.00"
"2017";"5";"6";"6";"23";"3024";"74.";"2.9";"11.9";"67.";"0.";"0.00";"0.00";"0.00"
"2017";"5";"7";"7";"0";"3025";"99.";"3.4";"12.0";"63.";"0.";"0.00";"0.00";"0.00"
"2017";"5";"7";"7";"1";"3026";"124.";"4.0";"11.7";"61.";"1.";"0.00";"0.00";"0.00"
"2017";"5";"7";"7";"2";"3027";"132.";"3.7";"10.7";"64.";"0.";"0.00";"0.00";"0.00"
"2017";"5";"7";"7";"3";"3028";"137.";"3.5";"9.6";"62.";"7.";"0.00";"0.00";"0.00"
"2017";"5";"7";"7";"4";"3029";"140.";"3.7";"9.4";"64.";"8.";"0.00";"0.00";"0.00"
"2017";"5";"7";"7";"5";"3030";"146.";"3.9";"10.7";"64.";"3.";"89.83";"266.36";"44.69"
"2017";"5";"7";"7";"6";"3031";"147.";"4.4";"11.8";"63.";"8.";"161.45";"0.00";"161.45"
"2017";"5";"7";"7";"7";"3032";"150.";"4.6";"12.7";"59.";"8.";"262.41";"0.00";"262.41"
"2017";"5";"7";"7";"8";"3033";"167.";"4.3";"13.4";"56.";"8.";"346.82";"0.00";"346.82"
"2017";"5";"7";"7";"9";"3034";"159.";"3.6";"13.9";"55.";"8.";"420.10";"0.00";"420.10"
"2017";"5";"7";"7";"10";"3035";"170.";"3.5";"13.9";"56.";"8.";"234.89";"0.00";"234.89"
"2017";"5";"7";"7";"11";"3036";"186.";"3.4";"14.0";"56.";"8.";"253.85";"0.00";"253.85"
"2017";"5";"7";"7";"12";"3037";"194.";"2.8";"14.6";"57.";"7.";"553.62";"119.67";"464.40"
"2017";"5";"7";"7";"13";"3038";"204.";"1.8";"13.8";"59.";"8.";"239.64";"0.00";"239.64"
"2017";"5";"7";"7";"14";"3039";"244.";"1.1";"12.8";"64.";"7.";"284.39";"114.75";"210.51"
"2017";"5";"7";"7";"15";"3040";"299.";"0.3";"12.1";"73.";"7.";"147.69";"69.39";"109.60"
"2017";"5";"7";"7";"16";"3041";"31.";"1.9";"11.7";"74.";"8.";"128.70";"0.00";"128.70"
"2017";"5";"7";"7";"17";"3042";"43.";"4.6";"9.7";"78.";"8.";"43.12";"0.00";"43.12"
"2017";"5";"7";"7";"18";"3043";"50.";"5.7";"8.5";"79.";"7.";"68.23";"52.22";"59.37"
"2017";"5";"7";"7";"19";"3044";"50.";"5.5";"7.9";"83.";"8.";"0.00";"0.00";"0.00"
"2017";"5";"7";"7";"20";"3045";"47.";"5.0";"7.8";"84.";"7.";"0.00";"0.00";"0.00"
"2017";"5";"7";"7";"21";"3046";"35.";"3.8";"7.2";"88.";"5.";"0.00";"0.00";"0.00"
"2017";"5";"7";"7";"22";"3047";"30.";"3.2";"6.1";"90.";"4.";"0.00";"0.00";"0.00"
"2017";"5";"7";"7";"23";"3048";"27.";"3.5";"5.9";"86.";"3.";"0.00";"0.00";"0.00"
"2017";"5";"8";"1";"0";"3049";"19.";"5.2";"5.3";"72.";"6.";"0.00";"0.00";"0.00"
"2017";"5";"8";"1";"1";"3050";"23.";"5.5";"4.5";"66.";"3.";"0.00";"0.00";"0.00"
"2017";"5";"8";"1";"2";"3051";"27.";"5.8";"4.1";"65.";"2.";"0.00";"0.00";"0.00"
"2017";"5";"8";"1";"3";"3052";"24.";"5.4";"4.0";"63.";"2.";"0.00";"0.00";"0.00"
"2017";"5";"8";"1";"4";"3053";"24.";"5.9";"4.0";"60.";"0.";"0.00";"0.00";"0.00"
"2017";"5";"8";"1";"5";"3054";"22.";"6.1";"4.4";"56.";"0.";"117.67";"484.74";"33.49"
"2017";"5";"8";"1";"6";"3055";"23.";"6.3";"5.2";"52.";"1.";"254.80";"619.21";"64.39"
"2017";"5";"8";"1";"7";"3056";"23.";"6.2";"6.0";"49.";"5.";"266.09";"310.38";"130.53"
"2017";"5";"8";"1";"8";"3057";"31.";"6.5";"6.6";"45.";"7.";"242.92";"112.34";"180.83"
"2017";"5";"8";"1";"9";"3058";"28.";"6.6";"6.3";"41.";"7.";"286.94";"116.11";"211.78"
"2017";"5";"8";"1";"10";"3059";"29.";"6.5";"6.9";"37.";"8.";"239.98";"0.00";"239.98"
"2017";"5";"8";"1";"11";"3060";"28.";"6.0";"7.8";"33.";"8.";"254.35";"0.00";"254.35"
"2017";"5";"8";"1";"12";"3061";"25.";"5.5";"8.2";"32.";"6.";"594.47";"232.59";"420.30"
"2017";"5";"8";"1";"13";"3062";"28.";"5.2";"8.5";"31.";"4.";"638.07";"456.23";"312.23"
"2017";"5";"8";"1";"14";"3063";"31.";"5.3";"8.8";"29.";"3.";"542.42";"590.36";"160.29"
"2017";"5";"8";"1";"15";"3064";"28.";"4.8";"9.1";"29.";"2.";"530.58";"670.19";"160.20"
"2017";"5";"8";"1";"16";"3065";"12.";"4.4";"8.8";"30.";"1.";"418.55";"730.46";"99.52"
"2017";"5";"8";"1";"17";"3066";"16.";"3.7";"8.7";"32.";"0.";"277.84";"713.35";"58.48"
"2017";"5";"8";"1";"18";"3067";"19.";"2.5";"8.1";"34.";"1.";"118.80";"438.58";"42.63"
"2017";"5";"8";"1";"19";"3068";"46.";"1.1";"5.7";"45.";"2.";"1.24";"10.86";"0.75"
"2017";"5";"8";"1";"20";"3069";"181.";"0.4";"3.9";"52.";"5.";"0.00";"0.00";"0.00"
"2017";"5";"8";"1";"21";"3070";"259.";"1.5";"3.1";"59.";"2.";"0.00";"0.00";"0.00"
"2017";"5";"8";"1";"22";"3071";"318.";"1.0";"2.8";"61.";"6.";"0.00";"0.00";"0.00"
"2017";"5";"8";"1";"23";"3072";"31.";"2.4";"2.8";"61.";"4.";"0.00";"0.00";"0.00"
"2017";"5";"9";"2";"0";"3073";"21.";"2.2";"2.5";"65.";"4.";"0.00";"0.00";"0.00"
"2017";"5";"9";"2";"1";"3074";"356.";"2.1";"0.7";"68.";"2.";"0.00";"0.00";"0.00"
"2017";"5";"9";"2";"2";"3075";"354.";"1.8";"0.9";"70.";"4.";"0.00";"0.00";"0.00"
"2017";"5";"9";"2";"3";"3076";"359.";"1.5";"0.8";"70.";"6.";"0.00";"0.00";"0.00"
"2017";"5";"9";"2";"4";"3077";"354.";"1.5";"1.2";"68.";"6.";"1.74";"6.11";"1.44"
"2017";"5";"9";"2";"5";"3078";"349.";"2.0";"3.6";"60.";"6.";"87.82";"120.06";"66.48"
"2017";"5";"9";"2";"6";"3079";"345.";"3.2";"6.4";"51.";"4.";"233.11";"355.29";"122.47"
"2017";"5";"9";"2";"7";"3080";"324.";"3.9";"7.4";"44.";"6.";"323.33";"207.57";"231.90"
"2017";"5";"9";"2";"8";"3081";"325.";"4.0";"8.5";"48.";"4.";"474.50";"438.65";"230.53"
"2017";"5";"9";"2";"9";"3082";"301.";"4.2";"8.5";"54.";"5.";"537.00";"344.03";"313.14"
"2017";"5";"9";"2";"10";"3083";"282.";"4.4";"8.3";"53.";"6.";"394.97";"229.86";"230.05"
"2017";"5";"9";"2";"11";"3084";"285.";"3.7";"9.1";"47.";"6.";"418.12";"234.12";"242.05"
"2017";"5";"9";"2";"12";"3085";"285.";"4.4";"9.8";"46.";"7.";"338.66";"119.02";"249.14"
"2017";"5";"9";"2";"13";"3086";"286.";"3.6";"10.4";"37.";"6.";"408.29";"241.38";"235.10"
"2017";"5";"9";"2";"14";"3087";"283.";"2.8";"10.4";"35.";"6.";"353.22";"221.17";"209.31"
"2017";"5";"9";"2";"15";"3088";"275.";"2.8";"10.4";"33.";"5.";"350.99";"336.22";"163.98"
"2017";"5";"9";"2";"16";"3089";"265.";"2.2";"9.5";"36.";"7.";"184.11";"103.98";"138.31"
"2017";"5";"9";"2";"17";"3090";"257.";"2.7";"8.2";"40.";"7.";"192.22";"89.44";"164.36"
"2017";"5";"9";"2";"18";"3091";"251.";"2.1";"7.7";"42.";"6.";"91.00";"124.66";"68.84"
"2017";"5";"9";"2";"19";"3092";"231.";"1.2";"7.0";"49.";"7.";"0.49";"0.92";"0.45"
"2017";"5";"9";"2";"20";"3093";"205.";"0.9";"5.3";"59.";"8.";"0.00";"0.00";"0.00"
"2017";"5";"9";"2";"21";"3094";"174.";"1.4";"4.6";"67.";"7.";"0.00";"0.00";"0.00"
"2017";"5";"9";"2";"22";"3095";"152.";"1.4";"3.8";"70.";"7.";"0.00";"0.00";"0.00"
"2017";"5";"9";"2";"23";"3096";"139.";"1.0";"2.9";"74.";"6.";"0.00";"0.00";"0.00"
"2017";"5";"10";"3";"0";"3097";"134.";"1.3";"3.2";"80.";"6.";"0.00";"0.00";"0.00"
"2017";"5";"10";"3";"1";"3098";"155.";"1.6";"3.3";"79.";"8.";"0.00";"0.00";"0.00"
"2017";"5";"10";"3";"2";"3099";"141.";"1.9";"2.8";"82.";"8.";"0.00";"0.00";"0.00"
"2017";"5";"10";"3";"3";"3100";"163.";"1.4";"3.1";"83.";"8.";"0.00";"0.00";"0.00"
"2017";"5";"10";"3";"4";"3101";"145.";"1.6";"3.4";"82.";"8.";"0.00";"0.00";"0.00"
"2017";"5";"10";"3";"5";"3102";"129.";"2.0";"4.4";"78.";"8.";"37.54";"0.00";"37.54"
"2017";"5";"10";"3";"6";"3103";"128.";"2.9";"6.3";"69.";"7.";"116.14";"87.46";"88.57"
"2017";"5";"10";"3";"7";"3104";"131.";"2.6";"7.1";"62.";"7.";"183.15";"102.70";"137.54"
"2017";"5";"10";"3";"8";"3105";"128.";"3.1";"7.8";"57.";"7.";"244.15";"111.65";"181.66"
"2017";"5";"10";"3";"9";"3106";"135.";"4.1";"7.8";"53.";"7.";"481.86";"117.23";"405.19"
"2017";"5";"10";"3";"10";"3107";"139.";"4.5";"8.1";"49.";"7.";"528.95";"119.54";"442.79"
"2017";"5";"10";"3";"11";"3108";"158.";"4.3";"8.8";"49.";"7.";"340.74";"120.11";"250.02"
"2017";"5";"10";"3";"12";"3109";"170.";"4.3";"9.0";"47.";"8.";"254.05";"0.00";"254.05"
"2017";"5";"10";"3";"13";"3110";"179.";"4.8";"8.9";"51.";"8.";"240.50";"0.00";"240.50"
"2017";"5";"10";"3";"14";"3111";"177.";"5.0";"8.8";"56.";"8.";"214.10";"0.00";"214.10"
"2017";"5";"10";"3";"15";"3112";"178.";"4.9";"7.8";"63.";"8.";"176.39";"0.00";"176.39"
"2017";"5";"10";"3";"16";"3113";"177.";"4.9";"7.2";"69.";"7.";"173.49";"88.33";"134.26"
"2017";"5";"10";"3";"17";"3114";"174.";"4.8";"6.3";"76.";"7.";"110.07";"76.26";"86.03"
"2017";"5";"10";"3";"18";"3115";"159.";"4.5";"5.9";"80.";"8.";"19.65";"0.00";"19.65"
"2017";"5";"10";"3";"19";"3116";"145.";"4.7";"5.3";"81.";"8.";"0.00";"0.00";"0.00"
"2017";"5";"10";"3";"20";"3117";"147.";"5.2";"4.7";"81.";"7.";"0.00";"0.00";"0.00"
"2017";"5";"10";"3";"21";"3118";"143.";"5.8";"4.3";"76.";"8.";"0.00";"0.00";"0.00"
"2017";"5";"10";"3";"22";"3119";"143.";"6.0";"4.1";"73.";"8.";"0.00";"0.00";"0.00"
"2017";"5";"10";"3";"23";"3120";"137.";"6.0";"3.4";"81.";"8.";"0.00";"0.00";"0.00"
"2017";"5";"11";"4";"0";"3121";"135.";"5.9";"2.6";"87.";"8.";"0.00";"0.00";"0.00"
"2017";"5";"11";"4";"1";"3122";"131.";"6.0";"2.0";"90.";"8.";"0.00";"0.00";"0.00"
"2017";"5";"11";"4";"2";"3123";"133.";"5.8";"1.8";"92.";"8.";"0.00";"0.00";"0.00"
"2017";"5";"11";"4";"3";"3124";"129.";"5.6";"2.0";"91.";"8.";"0.00";"0.00";"0.00"
"2017";"5";"11";"4";"4";"3125";"125.";"5.8";"2.3";"91.";"8.";"0.00";"0.00";"0.00"
"2017";"5";"11";"4";"5";"3126";"126.";"5.8";"2.5";"91.";"8.";"36.64";"0.00";"36.64"
"2017";"5";"11";"4";"6";"3127";"124.";"6.0";"2.9";"91.";"8.";"81.90";"0.00";"81.90"
"2017";"5";"11";"4";"7";"3128";"123.";"6.1";"3.3";"90.";"8.";"128.04";"0.00";"128.04"
"2017";"5";"11";"4";"8";"3129";"125.";"6.6";"3.6";"90.";"8.";"100.91";"0.00";"100.91"
"2017";"5";"11";"4";"9";"3130";"121.";"5.7";"4.0";"90.";"8.";"208.32";"0.00";"208.32"
"2017";"5";"11";"4";"10";"3131";"125.";"6.3";"5.3";"88.";"8.";"235.15";"0.00";"235.15"
"2017";"5";"11";"4";"11";"3132";"126.";"5.9";"6.0";"87.";"8.";"252.59";"0.00";"252.59"
"2017";"5";"11";"4";"12";"3133";"126.";"5.3";"6.4";"86.";"8.";"259.26";"0.00";"259.26"
"2017";"5";"11";"4";"13";"3134";"132.";"4.9";"7.0";"84.";"8.";"237.01";"0.00";"237.01"
"2017";"5";"11";"4";"14";"3135";"136.";"4.2";"7.2";"85.";"8.";"205.56";"0.00";"205.56"
"2017";"5";"11";"4";"15";"3136";"135.";"2.9";"7.3";"86.";"8.";"174.95";"0.00";"174.95"
"2017";"5";"11";"4";"16";"3137";"136.";"3.2";"7.5";"83.";"8.";"133.05";"0.00";"133.05"
"2017";"5";"11";"4";"17";"3138";"136.";"3.3";"7.5";"83.";"7.";"112.53";"84.99";"85.41"
"2017";"5";"11";"4";"18";"3139";"124.";"3.0";"7.3";"84.";"8.";"36.41";"0.00";"36.41"
"2017";"5";"11";"4";"19";"3140";"119.";"3.5";"6.9";"85.";"7.";"0.00";"0.00";"0.00"
"2017";"5";"11";"4";"20";"3141";"116.";"4.0";"6.5";"85.";"8.";"0.00";"0.00";"0.00"
"2017";"5";"11";"4";"21";"3142";"111.";"3.7";"6.1";"86.";"7.";"0.00";"0.00";"0.00"
"2017";"5";"11";"4";"22";"3143";"112.";"3.9";"5.7";"87.";"8.";"0.00";"0.00";"0.00"
"2017";"5";"11";"4";"23";"3144";"115.";"3.6";"5.6";"86.";"8.";"0.00";"0.00";"0.00"
"2017";"5";"12";"5";"0";"3145";"114.";"3.4";"5.5";"87.";"8.";"0.00";"0.00";"0.00"
"2017";"5";"12";"5";"1";"3146";"111.";"3.2";"5.3";"86.";"8.";"0.00";"0.00";"0.00"
"2017";"5";"12";"5";"2";"3147";"114.";"3.4";"5.3";"86.";"8.";"0.00";"0.00";"0.00"
"2017";"5";"12";"5";"3";"3148";"102.";"3.0";"5.1";"86.";"8.";"0.00";"0.00";"0.00"
"2017";"5";"12";"5";"4";"3149";"99.";"3.5";"5.1";"84.";"8.";"0.00";"0.00";"0.00"
"2017";"5";"12";"5";"5";"3150";"106.";"3.6";"5.4";"80.";"8.";"39.50";"0.00";"39.50"
"2017";"5";"12";"5";"6";"3151";"108.";"4.0";"6.0";"75.";"7.";"119.19";"88.00";"90.79"
"2017";"5";"12";"5";"7";"3152";"110.";"3.7";"7.8";"68.";"5.";"271.22";"307.52";"132.48"
"2017";"5";"12";"5";"8";"3153";"109.";"3.7";"9.1";"64.";"6.";"304.05";"222.27";"178.17"
"2017";"5";"12";"5";"9";"3154";"115.";"4.0";"10.8";"56.";"7.";"288.64";"114.34";"213.12"
"2017";"5";"12";"5";"10";"3155";"116.";"3.7";"11.8";"50.";"5.";"475.02";"358.60";"214.33"
"2017";"5";"12";"5";"11";"3156";"109.";"4.0";"12.8";"46.";"4.";"567.73";"453.84";"222.18"
"2017";"5";"12";"5";"12";"3157";"109.";"3.8";"13.8";"43.";"5.";"512.00";"363.99";"234.87"
"2017";"5";"12";"5";"13";"3158";"116.";"3.1";"14.4";"40.";"6.";"400.24";"232.59";"231.15"
"2017";"5";"12";"5";"14";"3159";"120.";"2.9";"14.9";"40.";"6.";"366.71";"233.62";"212.41"
"2017";"5";"12";"5";"15";"3160";"122.";"2.0";"15.1";"40.";"5.";"452.37";"328.86";"266.11"
"2017";"5";"12";"5";"16";"3161";"112.";"2.0";"15.3";"40.";"5.";"265.72";"304.94";"128.14"
"2017";"5";"12";"5";"17";"3162";"97.";"2.1";"15.4";"40.";"1.";"268.87";"615.78";"70.18"
"2017";"5";"12";"5";"18";"3163";"96.";"2.5";"14.5";"42.";"0.";"129.18";"486.49";"36.93"
"2017";"5";"12";"5";"19";"3164";"91.";"2.1";"12.6";"51.";"1.";"0.00";"0.00";"0.00"
"2017";"5";"12";"5";"20";"3165";"105.";"1.7";"10.8";"59.";"1.";"0.00";"0.00";"0.00"
"2017";"5";"12";"5";"21";"3166";"116.";"2.6";"9.8";"61.";"8.";"0.00";"0.00";"0.00"
"2017";"5";"12";"5";"22";"3167";"132.";"3.1";"9.2";"61.";"8.";"0.00";"0.00";"0.00"
"2017";"5";"12";"5";"23";"3168";"117.";"3.8";"8.9";"59.";"8.";"0.00";"0.00";"0.00"
"2017";"5";"13";"6";"0";"3169";"112.";"3.7";"8.0";"60.";"7.";"0.00";"0.00";"0.00"
"2017";"5";"13";"6";"1";"3170";"109.";"4.1";"7.2";"62.";"7.";"0.00";"0.00";"0.00"
"2017";"5";"13";"6";"2";"3171";"107.";"4.3";"6.5";"60.";"8.";"0.00";"0.00";"0.00"
"2017";"5";"13";"6";"3";"3172";"107.";"4.3";"6.7";"58.";"8.";"0.00";"0.00";"0.00"
"2017";"5";"13";"6";"4";"3173";"105.";"4.3";"7.2";"54.";"8.";"6.53";"0.00";"6.53"
"2017";"5";"13";"6";"5";"3174";"106.";"4.4";"7.8";"50.";"8.";"86.82";"0.00";"86.82"
"2017";"5";"13";"6";"6";"3175";"102.";"5.0";"8.8";"48.";"8.";"185.77";"0.00";"185.77"
"2017";"5";"13";"6";"7";"3176";"100.";"4.4";"9.6";"47.";"8.";"285.20";"0.00";"285.20"
"2017";"5";"13";"6";"8";"3177";"101.";"4.5";"10.7";"47.";"8.";"366.25";"0.00";"366.25"
"2017";"5";"13";"6";"9";"3178";"100.";"4.2";"11.2";"52.";"8.";"222.65";"0.00";"222.65"
"2017";"5";"13";"6";"10";"3179";"87.";"4.2";"11.1";"61.";"8.";"238.97";"0.00";"238.97"
"2017";"5";"13";"6";"11";"3180";"88.";"4.1";"11.1";"62.";"8.";"261.47";"0.00";"261.47"
"2017";"5";"13";"6";"12";"3181";"96.";"4.0";"11.7";"61.";"8.";"261.27";"0.00";"261.27"
"2017";"5";"13";"6";"13";"3182";"110.";"3.7";"12.8";"57.";"8.";"247.53";"0.00";"247.53"
"2017";"5";"13";"6";"14";"3183";"100.";"3.7";"13.7";"55.";"8.";"220.91";"0.00";"220.91"
"2017";"5";"13";"6";"15";"3184";"83.";"3.9";"13.5";"59.";"8.";"368.91";"0.00";"368.91"
"2017";"5";"13";"6";"16";"3185";"86.";"3.2";"13.0";"64.";"8.";"158.33";"0.00";"158.33"
"2017";"5";"13";"6";"17";"3186";"87.";"2.6";"12.7";"67.";"8.";"100.39";"0.00";"100.39"
"2017";"5";"13";"6";"18";"3187";"93.";"2.3";"12.9";"67.";"7.";"80.17";"56.34";"69.27"
"2017";"5";"13";"6";"19";"3188";"80.";"2.2";"12.7";"69.";"7.";"0.00";"0.00";"0.00"
"2017";"5";"13";"6";"20";"3189";"76.";"2.0";"12.1";"71.";"7.";"0.00";"0.00";"0.00"
"2017";"5";"13";"6";"21";"3190";"107.";"1.7";"11.5";"75.";"8.";"0.00";"0.00";"0.00"
"2017";"5";"13";"6";"22";"3191";"131.";"2.6";"10.8";"78.";"8.";"0.00";"0.00";"0.00"
"2017";"5";"13";"6";"23";"3192";"140.";"2.8";"10.1";"82.";"8.";"0.00";"0.00";"0.00"
"2017";"5";"14";"7";"0";"3193";"136.";"2.9";"9.9";"82.";"8.";"0.00";"0.00";"0.00"
"2017";"5";"14";"7";"1";"3194";"129.";"3.2";"9.9";"77.";"8.";"0.00";"0.00";"0.00"
"2017";"5";"14";"7";"2";"3195";"127.";"3.4";"9.8";"71.";"8.";"0.00";"0.00";"0.00"
"2017";"5";"14";"7";"3";"3196";"137.";"3.2";"9.7";"68.";"8.";"0.00";"0.00";"0.00"
"2017";"5";"14";"7";"4";"3197";"137.";"3.5";"10.0";"64.";"7.";"2.14";"3.19";"1.92"
"2017";"5";"14";"7";"5";"3198";"146.";"3.3";"10.2";"62.";"7.";"88.45";"60.02";"76.62"
"2017";"5";"14";"7";"6";"3199";"143.";"3.3";"10.4";"63.";"8.";"177.31";"0.00";"177.31"
"2017";"5";"14";"7";"7";"3200";"142.";"3.1";"10.8";"67.";"7.";"182.26";"100.09";"136.43"
"2017";"5";"14";"7";"8";"3201";"142.";"3.0";"10.8";"71.";"7.";"239.49";"105.88";"178.84"
"2017";"5";"14";"7";"9";"3202";"149.";"3.1";"10.1";"83.";"8.";"116.41";"0.00";"116.41"
"2017";"5";"14";"7";"10";"3203";"155.";"3.0";"10.6";"84.";"8.";"137.15";"0.00";"137.15"
"2017";"5";"14";"7";"11";"3204";"169.";"2.6";"12.7";"79.";"8.";"252.78";"0.00";"252.78"
"2017";"5";"14";"7";"12";"3205";"190.";"1.8";"13.0";"75.";"7.";"549.17";"112.22";"463.07"
"2017";"5";"14";"7";"13";"3206";"214.";"2.1";"13.7";"69.";"8.";"238.17";"0.00";"238.17"
"2017";"5";"14";"7";"14";"3207";"220.";"1.8";"14.5";"69.";"7.";"277.38";"96.09";"213.32"
"2017";"5";"14";"7";"15";"3208";"219.";"2.5";"14.2";"73.";"8.";"173.97";"0.00";"173.97"
"2017";"5";"14";"7";"16";"3209";"235.";"2.3";"13.5";"80.";"8.";"253.00";"0.00";"253.00"
"2017";"5";"14";"7";"17";"3210";"238.";"2.3";"13.0";"84.";"8.";"74.70";"0.00";"74.70"
"2017";"5";"14";"7";"18";"3211";"224.";"1.7";"12.0";"89.";"7.";"40.43";"25.16";"35.47"
"2017";"5";"14";"7";"19";"3212";"228.";"2.2";"11.7";"90.";"7.";"0.00";"0.00";"0.00"
"2017";"5";"14";"7";"20";"3213";"232.";"1.4";"11.2";"91.";"8.";"0.00";"0.00";"0.00"
"2017";"5";"14";"7";"21";"3214";"247.";"0.8";"11.3";"94.";"8.";"0.00";"0.00";"0.00"
"2017";"5";"14";"7";"22";"3215";"276.";"1.4";"11.0";"95.";"8.";"0.00";"0.00";"0.00"
"2017";"5";"14";"7";"23";"3216";"281.";"1.6";"10.7";"97.";"8.";"0.00";"0.00";"0.00"
"2017";"5";"15";"1";"0";"3217";"253.";"1.4";"10.4";"97.";"7.";"0.00";"0.00";"0.00"
"2017";"5";"15";"1";"1";"3218";"245.";"1.0";"10.2";"98.";"8.";"0.00";"0.00";"0.00"
"2017";"5";"15";"1";"2";"3219";"259.";"1.6";"9.9";"98.";"8.";"0.00";"0.00";"0.00"
"2017";"5";"15";"1";"3";"3220";"290.";"1.8";"9.4";"98.";"8.";"0.00";"0.00";"0.00"
"2017";"5";"15";"1";"4";"3221";"274.";"0.5";"9.0";"97.";"8.";"0.00";"0.00";"0.00"
"2017";"5";"15";"1";"5";"3222";"273.";"1.3";"8.9";"97.";"7.";"36.97";"5.88";"35.79"
"2017";"5";"15";"1";"6";"3223";"236.";"0.8";"9.1";"96.";"7.";"98.54";"36.67";"86.32"
"2017";"5";"15";"1";"7";"3224";"220.";"1.1";"10.1";"92.";"7.";"157.60";"50.14";"134.48"
"2017";"5";"15";"1";"8";"3225";"192.";"1.4";"11.2";"89.";"8.";"162.40";"0.00";"162.40"
"2017";"5";"15";"1";"9";"3226";"227.";"2.3";"12.2";"85.";"7.";"271.08";"84.96";"214.20"
"2017";"5";"15";"1";"10";"3227";"237.";"2.9";"11.8";"86.";"8.";"221.60";"0.00";"221.60"
"2017";"5";"15";"1";"11";"3228";"217.";"2.3";"12.1";"85.";"8.";"235.16";"0.00";"235.16"
"2017";"5";"15";"1";"12";"3229";"239.";"3.4";"12.5";"86.";"8.";"223.72";"0.00";"223.72"
"2017";"5";"15";"1";"13";"3230";"241.";"2.7";"11.5";"91.";"8.";"204.86";"0.00";"204.86"
"2017";"5";"15";"1";"14";"3231";"258.";"2.3";"12.4";"83.";"8.";"190.89";"0.00";"190.89"
"2017";"5";"15";"1";"15";"3232";"282.";"1.6";"14.3";"72.";"3.";"427.83";"421.82";"184.92"
"2017";"5";"15";"1";"16";"3233";"296.";"1.6";"14.7";"66.";"0.";"428.53";"696.19";"107.48"
"2017";"5";"15";"1";"17";"3234";"300.";"1.9";"14.7";"65.";"1.";"256.50";"530.10";"79.85"
"2017";"5";"15";"1";"18";"3235";"294.";"1.7";"13.3";"71.";"8.";"37.68";"0.00";"37.68"
"2017";"5";"15";"1";"19";"3236";"287.";"1.1";"11.3";"81.";"8.";"0.00";"0.00";"0.00"
"2017";"5";"15";"1";"20";"3237";"338.";"0.1";"10.2";"85.";"8.";"0.00";"0.00";"0.00"
"2017";"5";"15";"1";"21";"3238";"171.";"0.9";"9.6";"89.";"6.";"0.00";"0.00";"0.00"
"2017";"5";"15";"1";"22";"3239";"141.";"1.6";"8.9";"92.";"7.";"0.00";"0.00";"0.00"
"2017";"5";"15";"1";"23";"3240";"135.";"2.2";"9.2";"91.";"8.";"0.00";"0.00";"0.00"
"2017";"5";"16";"2";"0";"3241";"142.";"2.1";"9.3";"92.";"8.";"0.00";"0.00";"0.00"
"2017";"5";"16";"2";"1";"3242";"146.";"1.8";"9.2";"91.";"8.";"0.00";"0.00";"0.00"
"2017";"5";"16";"2";"2";"3243";"143.";"2.0";"9.2";"90.";"8.";"0.00";"0.00";"0.00"
"2017";"5";"16";"2";"3";"3244";"127.";"2.3";"9.5";"89.";"8.";"0.00";"0.00";"0.00"
"2017";"5";"16";"2";"4";"3245";"139.";"2.3";"10.2";"87.";"8.";"0.00";"0.00";"0.00"
"2017";"5";"16";"2";"5";"3246";"138.";"2.7";"11.3";"82.";"8.";"38.93";"0.00";"38.93"
"2017";"5";"16";"2";"6";"3247";"141.";"3.4";"12.4";"77.";"8.";"175.71";"0.00";"175.71"
"2017";"5";"16";"2";"7";"3248";"152.";"4.1";"12.9";"74.";"8.";"274.13";"0.00";"274.13"
"2017";"5";"16";"2";"8";"3249";"155.";"4.6";"13.3";"74.";"8.";"355.38";"0.00";"355.38"
"2017";"5";"16";"2";"9";"3250";"163.";"4.7";"14.4";"69.";"7.";"464.02";"102.63";"395.02"
"2017";"5";"16";"2";"10";"3251";"167.";"4.7";"14.6";"65.";"7.";"320.44";"109.65";"239.46"
"2017";"5";"16";"2";"11";"3252";"169.";"5.2";"15.4";"56.";"8.";"252.90";"0.00";"252.90"
"2017";"5";"16";"2";"12";"3253";"170.";"6.1";"15.4";"61.";"8.";"509.52";"0.00";"509.52"
"2017";"5";"16";"2";"13";"3254";"169.";"5.6";"14.6";"64.";"8.";"239.86";"0.00";"239.86"
"2017";"5";"16";"2";"14";"3255";"167.";"5.3";"14.1";"67.";"8.";"213.49";"0.00";"213.49"
"2017";"5";"16";"2";"15";"3256";"174.";"6.4";"13.0";"77.";"8.";"171.95";"0.00";"171.95"
"2017";"5";"16";"2";"16";"3257";"166.";"5.6";"12.4";"86.";"8.";"128.47";"0.00";"128.47"
"2017";"5";"16";"2";"17";"3258";"163.";"5.3";"12.0";"87.";"8.";"83.19";"0.00";"83.19"
"2017";"5";"16";"2";"18";"3259";"162.";"5.8";"11.2";"93.";"8.";"19.08";"0.00";"19.08"
"2017";"5";"16";"2";"19";"3260";"163.";"6.3";"11.1";"95.";"8.";"0.00";"0.00";"0.00"
"2017";"5";"16";"2";"20";"3261";"165.";"6.4";"11.1";"96.";"8.";"0.00";"0.00";"0.00"
"2017";"5";"16";"2";"21";"3262";"165.";"6.4";"11.0";"97.";"8.";"0.00";"0.00";"0.00"
"2017";"5";"16";"2";"22";"3263";"163.";"6.0";"11.0";"97.";"8.";"0.00";"0.00";"0.00"
"2017";"5";"16";"2";"23";"3264";"168.";"5.7";"11.1";"95.";"8.";"0.00";"0.00";"0.00"
"2017";"5";"17";"3";"0";"3265";"170.";"5.1";"11.1";"96.";"8.";"0.00";"0.00";"0.00"
"2017";"5";"17";"3";"1";"3266";"174.";"4.9";"11.3";"96.";"8.";"0.00";"0.00";"0.00"
"2017";"5";"17";"3";"2";"3267";"169.";"4.8";"11.6";"97.";"8.";"0.00";"0.00";"0.00"
"2017";"5";"17";"3";"3";"3268";"170.";"4.1";"11.7";"97.";"8.";"0.00";"0.00";"0.00"
"2017";"5";"17";"3";"4";"3269";"176.";"3.7";"11.9";"97.";"8.";"0.00";"0.00";"0.00"
"2017";"5";"17";"3";"5";"3270";"186.";"3.5";"12.0";"97.";"8.";"17.88";"0.00";"17.88"
"2017";"5";"17";"3";"6";"3271";"185.";"3.2";"12.2";"97.";"8.";"39.74";"0.00";"39.74"
"2017";"5";"17";"3";"7";"3272";"182.";"3.0";"12.4";"97.";"8.";"98.97";"0.00";"98.97"
"2017";"5";"17";"3";"8";"3273";"197.";"2.6";"12.8";"97.";"8.";"131.15";"0.00";"131.15"
"2017";"5";"17";"3";"9";"3274";"194.";"2.8";"12.7";"97.";"8.";"147.59";"0.00";"147.59"
"2017";"5";"17";"3";"10";"3275";"192.";"2.7";"13.2";"97.";"8.";"162.28";"0.00";"162.28"
"2017";"5";"17";"3";"11";"3276";"194.";"2.4";"13.3";"97.";"8.";"189.13";"0.00";"189.13"
"2017";"5";"17";"3";"12";"3277";"191.";"2.3";"13.1";"98.";"8.";"191.78";"0.00";"191.78"
"2017";"5";"17";"3";"13";"3278";"176.";"2.4";"13.4";"97.";"8.";"185.81";"0.00";"185.81"
"2017";"5";"17";"3";"14";"3279";"173.";"2.2";"13.5";"96.";"8.";"159.94";"0.00";"159.94"
"2017";"5";"17";"3";"15";"3280";"160.";"1.9";"13.7";"96.";"8.";"139.02";"0.00";"139.02"
"2017";"5";"17";"3";"16";"3281";"170.";"1.6";"13.6";"96.";"8.";"103.51";"0.00";"103.51"
"2017";"5";"17";"3";"17";"3282";"160.";"1.9";"13.6";"96.";"8.";"64.70";"0.00";"64.70"
"2017";"5";"17";"3";"18";"3283";"143.";"1.8";"13.8";"96.";"7.";"37.73";"13.62";"34.91"
"2017";"5";"17";"3";"19";"3284";"131.";"1.6";"14.1";"95.";"8.";"0.00";"0.00";"0.00"
"2017";"5";"17";"3";"20";"3285";"122.";"2.3";"13.9";"96.";"8.";"0.00";"0.00";"0.00"
"2017";"5";"17";"3";"21";"3286";"122.";"3.1";"13.9";"96.";"7.";"0.00";"0.00";"0.00"
"2017";"5";"17";"3";"22";"3287";"125.";"3.1";"14.1";"95.";"7.";"0.00";"0.00";"0.00"
"2017";"5";"17";"3";"23";"3288";"124.";"3.2";"14.4";"95.";"7.";"0.00";"0.00";"0.00"
"2017";"5";"18";"4";"0";"3289";"125.";"3.4";"14.8";"94.";"8.";"0.00";"0.00";"0.00"
"2017";"5";"18";"4";"1";"3290";"131.";"3.6";"15.1";"92.";"8.";"0.00";"0.00";"0.00"
"2017";"5";"18";"4";"2";"3291";"135.";"3.9";"15.3";"89.";"8.";"0.00";"0.00";"0.00"
"2017";"5";"18";"4";"3";"3292";"146.";"4.7";"15.1";"88.";"8.";"0.00";"0.00";"0.00"
"2017";"5";"18";"4";"4";"3293";"146.";"5.1";"15.5";"83.";"7.";"0.00";"0.00";"0.00"
"2017";"5";"18";"4";"5";"3294";"146.";"5.5";"16.5";"76.";"2.";"111.69";"314.80";"45.21"
"2017";"5";"18";"4";"6";"3295";"147.";"6.2";"18.6";"67.";"3.";"215.09";"386.15";"82.62"
"2017";"5";"18";"4";"7";"3296";"152.";"6.2";"20.1";"61.";"4.";"356.04";"364.09";"184.75"
"2017";"5";"18";"4";"8";"3297";"156.";"6.4";"21.7";"54.";"8.";"356.86";"0.00";"356.86"
"2017";"5";"18";"4";"9";"3298";"158.";"6.6";"23.1";"49.";"8.";"426.22";"0.00";"426.22"
"2017";"5";"18";"4";"10";"3299";"163.";"7.1";"23.8";"46.";"8.";"477.58";"0.00";"477.58"
"2017";"5";"18";"4";"11";"3300";"168.";"7.5";"24.2";"45.";"8.";"505.11";"0.00";"505.11"
"2017";"5";"18";"4";"12";"3301";"175.";"7.9";"24.4";"45.";"8.";"507.15";"0.00";"507.15"
"2017";"5";"18";"4";"13";"3302";"175.";"8.2";"24.0";"46.";"8.";"474.91";"0.00";"474.91"
"2017";"5";"18";"4";"14";"3303";"183.";"7.8";"23.2";"48.";"6.";"489.55";"186.44";"363.16"
"2017";"5";"18";"4";"15";"3304";"184.";"7.5";"22.0";"52.";"4.";"468.29";"377.30";"247.70"
"2017";"5";"18";"4";"16";"3305";"182.";"7.1";"21.6";"56.";"3.";"373.87";"442.26";"165.81"
"2017";"5";"18";"4";"17";"3306";"178.";"6.8";"20.6";"60.";"2.";"251.37";"444.24";"98.97"
"2017";"5";"18";"4";"18";"3307";"182.";"5.9";"18.8";"63.";"8.";"76.39";"0.00";"76.39"
"2017";"5";"18";"4";"19";"3308";"198.";"4.2";"16.3";"76.";"8.";"0.00";"0.00";"0.00"
"2017";"5";"18";"4";"20";"3309";"222.";"2.1";"15.2";"86.";"7.";"0.00";"0.00";"0.00"
"2017";"5";"18";"4";"21";"3310";"238.";"1.2";"15.1";"84.";"6.";"0.00";"0.00";"0.00"
"2017";"5";"18";"4";"22";"3311";"265.";"1.9";"14.4";"86.";"8.";"0.00";"0.00";"0.00"
"2017";"5";"18";"4";"23";"3312";"278.";"1.3";"12.8";"90.";"6.";"0.00";"0.00";"0.00"
"2017";"5";"19";"5";"0";"3313";"285.";"1.7";"12.0";"93.";"7.";"0.00";"0.00";"0.00"
"2017";"5";"19";"5";"1";"3314";"327.";"1.3";"11.4";"94.";"8.";"0.00";"0.00";"0.00"
"2017";"5";"19";"5";"2";"3315";"2.";"0.5";"11.4";"95.";"7.";"0.00";"0.00";"0.00"
"2017";"5";"19";"5";"3";"3316";"340.";"0.1";"11.4";"95.";"8.";"0.00";"0.00";"0.00"
"2017";"5";"19";"5";"4";"3317";"311.";"0.6";"11.6";"95.";"8.";"0.00";"0.00";"0.00"
"2017";"5";"19";"5";"5";"3318";"315.";"0.9";"11.8";"94.";"8.";"34.75";"0.00";"34.75"
"2017";"5";"19";"5";"6";"3319";"7.";"0.9";"12.4";"91.";"7.";"104.65";"43.64";"89.54"
"2017";"5";"19";"5";"7";"3320";"352.";"1.0";"14.6";"84.";"7.";"164.44";"58.05";"136.96"
"2017";"5";"19";"5";"8";"3321";"316.";"0.9";"17.2";"76.";"6.";"279.76";"157.07";"187.49"
"2017";"5";"19";"5";"9";"3322";"293.";"2.0";"19.0";"68.";"5.";"403.46";"267.88";"221.15"
"2017";"5";"19";"5";"10";"3323";"293.";"2.1";"19.0";"64.";"4.";"535.66";"430.92";"214.02"
"2017";"5";"19";"5";"11";"3324";"281.";"2.1";"20.6";"61.";"6.";"420.69";"231.06";"240.36"
"2017";"5";"19";"5";"12";"3325";"272.";"2.7";"21.4";"59.";"3.";"701.56";"518.09";"297.20"
"2017";"5";"19";"5";"13";"3326";"271.";"3.3";"21.5";"58.";"4.";"658.78";"465.93";"311.01"
"2017";"5";"19";"5";"14";"3327";"273.";"3.1";"21.0";"59.";"4.";"482.16";"438.65";"183.63"
"2017";"5";"19";"5";"15";"3328";"282.";"2.7";"19.6";"63.";"6.";"433.27";"215.72";"306.55"
"2017";"5";"19";"5";"16";"3329";"299.";"1.8";"18.2";"67.";"7.";"305.25";"98.98";"258.39"
"2017";"5";"19";"5";"17";"3330";"320.";"1.9";"17.5";"69.";"8.";"181.95";"0.00";"181.95"
"2017";"5";"19";"5";"18";"3331";"323.";"2.3";"17.4";"70.";"5.";"101.12";"167.26";"65.24"
"2017";"5";"19";"5";"19";"3332";"330.";"2.0";"16.6";"75.";"6.";"0.00";"0.00";"0.00"
"2017";"5";"19";"5";"20";"3333";"346.";"1.6";"15.4";"79.";"5.";"0.00";"0.00";"0.00"
"2017";"5";"19";"5";"21";"3334";"15.";"1.5";"15.1";"83.";"0.";"0.00";"0.00";"0.00"
"2017";"5";"19";"5";"22";"3335";"35.";"2.0";"14.9";"84.";"0.";"0.00";"0.00";"0.00"
"2017";"5";"19";"5";"23";"3336";"34.";"1.9";"15.2";"86.";"0.";"0.00";"0.00";"0.00"
"2017";"5";"20";"6";"0";"3337";"50.";"2.0";"15.0";"86.";"2.";"0.00";"0.00";"0.00"
"2017";"5";"20";"6";"1";"3338";"58.";"2.4";"14.8";"86.";"2.";"0.00";"0.00";"0.00"
"2017";"5";"20";"6";"2";"3339";"76.";"2.5";"14.3";"88.";"0.";"0.00";"0.00";"0.00"
"2017";"5";"20";"6";"3";"3340";"86.";"2.2";"13.7";"89.";"3.";"0.00";"0.00";"0.00"
"2017";"5";"20";"6";"4";"3341";"80.";"2.6";"14.3";"86.";"2.";"0.00";"0.00";"0.00"
"2017";"5";"20";"6";"5";"3342";"88.";"2.8";"16.4";"78.";"1.";"119.45";"376.75";"37.44"
"2017";"5";"20";"6";"6";"3343";"105.";"3.0";"19.0";"67.";"1.";"265.89";"568.21";"67.48"
"2017";"5";"20";"6";"7";"3344";"109.";"3.7";"21.4";"59.";"1.";"408.18";"651.23";"98.05"
"2017";"5";"20";"6";"8";"3345";"132.";"3.1";"22.7";"55.";"5.";"348.50";"300.02";"171.46"
"2017";"5";"20";"6";"9";"3346";"158.";"2.5";"24.1";"55.";"3.";"596.62";"510.74";"247.72"
"2017";"5";"20";"6";"10";"3347";"224.";"2.8";"21.4";"59.";"2.";"696.25";"588.74";"255.36"
"2017";"5";"20";"6";"11";"3348";"255.";"5.7";"18.7";"65.";"2.";"684.16";"581.18";"229.14"
"2017";"5";"20";"6";"12";"3349";"281.";"5.8";"15.7";"73.";"7.";"328.82";"93.70";"255.47"
"2017";"5";"20";"6";"13";"3350";"288.";"5.7";"14.9";"75.";"8.";"238.18";"0.00";"238.18"
"2017";"5";"20";"6";"14";"3351";"288.";"5.6";"14.5";"73.";"7.";"288.20";"103.39";"217.57"
"2017";"5";"20";"6";"15";"3352";"284.";"6.3";"13.4";"75.";"7.";"242.42";"100.52";"183.10"
"2017";"5";"20";"6";"16";"3353";"288.";"6.1";"12.8";"78.";"8.";"139.37";"0.00";"139.37"
"2017";"5";"20";"6";"17";"3354";"293.";"5.7";"12.4";"79.";"7.";"122.50";"83.74";"93.25"
"2017";"5";"20";"6";"18";"3355";"293.";"4.7";"12.0";"80.";"7.";"58.22";"59.60";"45.25"
"2017";"5";"20";"6";"19";"3356";"292.";"3.9";"11.8";"81.";"7.";"3.07";"5.89";"2.54"
"2017";"5";"20";"6";"20";"3357";"284.";"4.2";"11.6";"81.";"7.";"0.00";"0.00";"0.00"
"2017";"5";"20";"6";"21";"3358";"275.";"3.6";"11.2";"83.";"8.";"0.00";"0.00";"0.00"
"2017";"5";"20";"6";"22";"3359";"266.";"3.7";"11.0";"83.";"7.";"0.00";"0.00";"0.00"
"2017";"5";"20";"6";"23";"3360";"260.";"3.2";"10.8";"83.";"7.";"0.00";"0.00";"0.00"
"2017";"5";"21";"7";"0";"3361";"256.";"3.8";"10.7";"82.";"7.";"0.00";"0.00";"0.00"
"2017";"5";"21";"7";"1";"3362";"254.";"3.5";"10.3";"83.";"6.";"0.00";"0.00";"0.00"
"2017";"5";"21";"7";"2";"3363";"250.";"3.1";"9.8";"87.";"4.";"0.00";"0.00";"0.00"
"2017";"5";"21";"7";"3";"3364";"261.";"3.6";"9.9";"91.";"3.";"0.00";"0.00";"0.00"
"2017";"5";"21";"7";"4";"3365";"259.";"3.2";"10.3";"90.";"2.";"8.37";"38.25";"4.78"
"2017";"5";"21";"7";"5";"3366";"260.";"3.3";"10.8";"86.";"6.";"71.26";"99.69";"49.25"
"2017";"5";"21";"7";"6";"3367";"259.";"3.5";"11.0";"84.";"4.";"204.32";"303.51";"97.45"
"2017";"5";"21";"7";"7";"3368";"257.";"3.9";"11.8";"81.";"3.";"345.90";"435.15";"137.46"
"2017";"5";"21";"7";"8";"3369";"257.";"4.0";"12.9";"75.";"2.";"500.28";"570.83";"161.93"
"2017";"5";"21";"7";"9";"3370";"257.";"4.1";"13.4";"71.";"0.";"700.42";"792.59";"157.02"
"2017";"5";"21";"7";"10";"3371";"257.";"4.3";"14.5";"67.";"0.";"775.63";"788.23";"183.45"
"2017";"5";"21";"7";"11";"3372";"254.";"3.7";"15.2";"64.";"0.";"818.69";"805.15";"186.43"
"2017";"5";"21";"7";"12";"3373";"248.";"3.7";"15.8";"59.";"0.";"826.37";"837.59";"168.64"
"2017";"5";"21";"7";"13";"3374";"236.";"3.4";"15.8";"59.";"3.";"610.00";"532.56";"209.90"
"2017";"5";"21";"7";"14";"3375";"237.";"3.7";"16.0";"61.";"4.";"490.65";"430.28";"195.65"
"2017";"5";"21";"7";"15";"3376";"246.";"3.8";"15.1";"67.";"7.";"245.51";"104.63";"183.49"
"2017";"5";"21";"7";"16";"3377";"277.";"3.2";"15.0";"65.";"4.";"312.65";"370.82";"135.03"
"2017";"5";"21";"7";"17";"3378";"286.";"3.4";"14.6";"63.";"2.";"260.03";"515.52";"78.50"
"2017";"5";"21";"7";"18";"3379";"280.";"3.6";"13.3";"67.";"0.";"148.69";"493.29";"39.77"
"2017";"5";"21";"7";"19";"3380";"273.";"3.2";"11.9";"75.";"1.";"12.75";"76.82";"5.54"
"2017";"5";"21";"7";"20";"3381";"267.";"2.7";"10.7";"82.";"2.";"0.00";"0.00";"0.00"
"2017";"5";"21";"7";"21";"3382";"245.";"2.0";"9.9";"89.";"7.";"0.00";"0.00";"0.00"
"2017";"5";"21";"7";"22";"3383";"252.";"2.1";"9.8";"88.";"8.";"0.00";"0.00";"0.00"
"2017";"5";"21";"7";"23";"3384";"271.";"2.9";"9.8";"87.";"8.";"0.00";"0.00";"0.00"
"2017";"5";"22";"1";"0";"3385";"274.";"3.7";"9.6";"88.";"8.";"0.00";"0.00";"0.00"
"2017";"5";"22";"1";"1";"3386";"274.";"3.4";"9.8";"89.";"8.";"0.00";"0.00";"0.00"
"2017";"5";"22";"1";"2";"3387";"283.";"3.9";"9.3";"89.";"8.";"0.00";"0.00";"0.00"
"2017";"5";"22";"1";"3";"3388";"287.";"3.8";"9.0";"89.";"8.";"0.00";"0.00";"0.00"
"2017";"5";"22";"1";"4";"3389";"293.";"3.1";"9.7";"88.";"8.";"4.84";"0.00";"4.84"
"2017";"5";"22";"1";"5";"3390";"297.";"3.3";"10.8";"85.";"6.";"73.26";"101.68";"50.50"
"2017";"5";"22";"1";"6";"3391";"287.";"3.8";"11.1";"82.";"5.";"179.92";"224.56";"100.20"
"2017";"5";"22";"1";"7";"3392";"281.";"4.2";"11.6";"79.";"6.";"327.33";"176.00";"242.55"
"2017";"5";"22";"1";"8";"3393";"274.";"4.8";"12.2";"79.";"6.";"430.21";"198.76";"311.90"
"2017";"5";"22";"1";"9";"3394";"268.";"4.5";"12.5";"76.";"7.";"290.10";"100.99";"220.62"
"2017";"5";"22";"1";"10";"3395";"268.";"4.5";"12.6";"75.";"8.";"241.84";"0.00";"241.84"
"2017";"5";"22";"1";"11";"3396";"271.";"3.8";"13.2";"73.";"8.";"254.58";"0.00";"254.58"
"2017";"5";"22";"1";"12";"3397";"269.";"4.0";"13.6";"71.";"7.";"339.79";"103.84";"258.01"
"2017";"5";"22";"1";"13";"3398";"268.";"3.5";"13.7";"69.";"5.";"604.41";"301.45";"377.24"
"2017";"5";"22";"1";"14";"3399";"270.";"2.9";"14.2";"68.";"7.";"475.93";"102.67";"405.29"
"2017";"5";"22";"1";"15";"3400";"275.";"2.6";"14.9";"64.";"8.";"369.06";"0.00";"369.06"
"2017";"5";"22";"1";"16";"3401";"278.";"2.8";"14.7";"62.";"6.";"335.54";"197.34";"240.48"
"2017";"5";"22";"1";"17";"3402";"290.";"2.4";"14.0";"62.";"8.";"190.97";"0.00";"190.97"
"2017";"5";"22";"1";"18";"3403";"288.";"1.9";"13.0";"66.";"7.";"102.19";"59.84";"88.80"
"2017";"5";"22";"1";"19";"3404";"279.";"0.9";"12.2";"73.";"6.";"12.34";"26.80";"9.73"
"2017";"5";"22";"1";"20";"3405";"238.";"0.7";"11.4";"78.";"7.";"0.00";"0.00";"0.00"
"2017";"5";"22";"1";"21";"3406";"225.";"1.1";"10.8";"83.";"8.";"0.00";"0.00";"0.00"
"2017";"5";"22";"1";"22";"3407";"225.";"1.4";"10.5";"84.";"8.";"0.00";"0.00";"0.00"
"2017";"5";"22";"1";"23";"3408";"214.";"1.5";"10.0";"85.";"5.";"0.00";"0.00";"0.00"
"2017";"5";"23";"2";"0";"3409";"226.";"1.7";"9.2";"87.";"8.";"0.00";"0.00";"0.00"
"2017";"5";"23";"2";"1";"3410";"237.";"1.5";"8.2";"88.";"8.";"0.00";"0.00";"0.00"
"2017";"5";"23";"2";"2";"3411";"260.";"1.2";"7.0";"90.";"8.";"0.00";"0.00";"0.00"
"2017";"5";"23";"2";"3";"3412";"231.";"0.8";"6.5";"91.";"5.";"0.00";"0.00";"0.00"
"2017";"5";"23";"2";"4";"3413";"248.";"0.7";"8.0";"89.";"8.";"7.08";"0.00";"7.08"
"2017";"5";"23";"2";"5";"3414";"303.";"0.7";"10.0";"86.";"6.";"76.65";"110.28";"51.64"
"2017";"5";"23";"2";"6";"3415";"318.";"1.1";"11.3";"81.";"3.";"237.68";"410.20";"90.92"
"2017";"5";"23";"2";"7";"3416";"297.";"1.1";"11.8";"76.";"3.";"356.01";"462.69";"131.93"
"2017";"5";"23";"2";"8";"3417";"276.";"1.2";"12.5";"73.";"3.";"465.97";"513.27";"159.17"
"2017";"5";"23";"2";"9";"3418";"260.";"1.1";"14.5";"66.";"1.";"663.72";"742.94";"150.83"
"2017";"5";"23";"2";"10";"3419";"249.";"1.8";"16.1";"61.";"0.";"793.52";"857.96";"145.03"
"2017";"5";"23";"2";"11";"3420";"238.";"2.2";"16.7";"58.";"2.";"711.72";"647.10";"200.67"
"2017";"5";"23";"2";"12";"3421";"244.";"2.8";"17.3";"58.";"2.";"713.29";"658.69";"193.09"
"2017";"5";"23";"2";"13";"3422";"253.";"3.2";"16.6";"58.";"2.";"719.11";"617.34";"252.50"
"2017";"5";"23";"2";"14";"3423";"262.";"2.5";"17.1";"54.";"1.";"688.21";"758.39";"164.65"
"2017";"5";"23";"2";"15";"3424";"245.";"2.1";"17.9";"48.";"0.";"605.43";"827.82";"110.62"
"2017";"5";"23";"2";"16";"3425";"262.";"2.4";"17.3";"55.";"1.";"432.05";"693.51";"96.18"
"2017";"5";"23";"2";"17";"3426";"272.";"2.6";"15.7";"59.";"2.";"283.62";"512.06";"100.41"
"2017";"5";"23";"2";"18";"3427";"265.";"3.0";"14.8";"65.";"3.";"132.53";"308.75";"62.50"
"2017";"5";"23";"2";"19";"3428";"292.";"2.0";"13.7";"72.";"2.";"14.68";"73.19";"7.34"
"2017";"5";"23";"2";"20";"3429";"330.";"0.9";"11.7";"80.";"3.";"0.00";"0.00";"0.00"
"2017";"5";"23";"2";"21";"3430";"26.";"1.2";"11.0";"84.";"4.";"0.00";"0.00";"0.00"
"2017";"5";"23";"2";"22";"3431";"62.";"1.2";"10.4";"84.";"5.";"0.00";"0.00";"0.00"
"2017";"5";"23";"2";"23";"3432";"299.";"1.2";"10.3";"86.";"8.";"0.00";"0.00";"0.00"
"2017";"5";"24";"3";"0";"3433";"329.";"1.5";"10.5";"88.";"8.";"0.00";"0.00";"0.00"
"2017";"5";"24";"3";"1";"3434";"304.";"1.9";"10.4";"87.";"7.";"0.00";"0.00";"0.00"
"2017";"5";"24";"3";"2";"3435";"324.";"2.0";"10.8";"88.";"8.";"0.00";"0.00";"0.00"
"2017";"5";"24";"3";"3";"3436";"308.";"2.5";"11.2";"84.";"8.";"0.00";"0.00";"0.00"
"2017";"5";"24";"3";"4";"3437";"323.";"2.3";"10.9";"85.";"8.";"7.40";"0.00";"7.40"
"2017";"5";"24";"3";"5";"3438";"328.";"1.7";"10.5";"86.";"8.";"54.68";"0.00";"54.68"
"2017";"5";"24";"3";"6";"3439";"301.";"1.9";"10.8";"88.";"8.";"54.63";"0.00";"54.63"
"2017";"5";"24";"3";"7";"3440";"302.";"3.2";"11.7";"87.";"7.";"122.35";"59.60";"93.34"
"2017";"5";"24";"3";"8";"3441";"305.";"3.6";"13.0";"77.";"5.";"363.99";"313.35";"175.94"
"2017";"5";"24";"3";"9";"3442";"301.";"3.3";"14.8";"67.";"5.";"557.54";"328.81";"329.80"
"2017";"5";"24";"3";"10";"3443";"292.";"3.5";"16.3";"61.";"5.";"485.20";"344.99";"223.69"
"2017";"5";"24";"3";"11";"3444";"291.";"2.6";"17.1";"57.";"5.";"507.72";"337.19";"240.70"
"2017";"5";"24";"3";"12";"3445";"272.";"3.2";"17.5";"55.";"0.";"850.27";"934.59";"110.19"
"2017";"5";"24";"3";"13";"3446";"274.";"3.7";"17.5";"58.";"0.";"801.25";"894.92";"122.88"
"2017";"5";"24";"3";"14";"3447";"273.";"4.1";"17.4";"61.";"1.";"666.66";"764.27";"137.31"
"2017";"5";"24";"3";"15";"3448";"268.";"3.5";"16.8";"61.";"2.";"515.58";"628.98";"138.12"
"2017";"5";"24";"3";"16";"3449";"265.";"3.4";"16.0";"62.";"1.";"434.85";"703.86";"92.19"
"2017";"5";"24";"3";"17";"3450";"256.";"2.9";"16.0";"66.";"1.";"286.25";"588.33";"74.17"
"2017";"5";"24";"3";"18";"3451";"254.";"2.6";"15.1";"70.";"8.";"46.43";"0.00";"46.43"
"2017";"5";"24";"3";"19";"3452";"237.";"2.4";"14.2";"76.";"7.";"5.95";"10.04";"4.91"
"2017";"5";"24";"3";"20";"3453";"231.";"2.8";"12.9";"84.";"5.";"0.00";"0.00";"0.00"
"2017";"5";"24";"3";"21";"3454";"227.";"3.2";"11.9";"88.";"3.";"0.00";"0.00";"0.00"
"2017";"5";"24";"3";"22";"3455";"218.";"3.2";"11.3";"89.";"0.";"0.00";"0.00";"0.00"
"2017";"5";"24";"3";"23";"3456";"203.";"2.8";"10.7";"92.";"2.";"0.00";"0.00";"0.00"
"2017";"5";"25";"4";"0";"3457";"191.";"2.0";"10.1";"93.";"3.";"0.00";"0.00";"0.00"
"2017";"5";"25";"4";"1";"3458";"181.";"0.6";"10.0";"94.";"1.";"0.00";"0.00";"0.00"
"2017";"5";"25";"4";"2";"3459";"293.";"1.2";"9.7";"95.";"1.";"0.00";"0.00";"0.00"
"2017";"5";"25";"4";"3";"3460";"307.";"1.4";"9.3";"95.";"1.";"0.00";"0.00";"0.00"
"2017";"5";"25";"4";"4";"3461";"318.";"1.7";"10.2";"92.";"4.";"13.72";"45.00";"8.94"
"2017";"5";"25";"4";"5";"3462";"318.";"2.0";"11.5";"88.";"5.";"88.01";"136.20";"56.35"
"2017";"5";"25";"4";"6";"3463";"316.";"2.5";"13.3";"81.";"4.";"202.30";"254.35";"109.96"
"2017";"5";"25";"4";"7";"3464";"349.";"2.4";"15.2";"73.";"5.";"272.48";"255.79";"147.33"
"2017";"5";"25";"4";"8";"3465";"335.";"3.4";"16.4";"68.";"2.";"510.66";"599.43";"149.56"
"2017";"5";"25";"4";"9";"3466";"331.";"3.5";"17.4";"63.";"5.";"428.05";"308.54";"213.68"
"2017";"5";"25";"4";"10";"3467";"315.";"4.6";"18.2";"60.";"5.";"479.27";"325.76";"231.65"
"2017";"5";"25";"4";"11";"3468";"305.";"5.6";"18.9";"57.";"6.";"427.53";"221.17";"251.93"
"2017";"5";"25";"4";"12";"3469";"304.";"5.7";"18.9";"51.";"5.";"657.58";"347.24";"381.89"
"2017";"5";"25";"4";"13";"3470";"299.";"6.3";"18.0";"48.";"4.";"666.44";"458.45";"317.96"
"2017";"5";"25";"4";"14";"3471";"295.";"5.6";"18.2";"47.";"0.";"729.35";"890.72";"110.47"
"2017";"5";"25";"4";"15";"3472";"287.";"4.6";"17.7";"47.";"5.";"476.20";"322.76";"281.77"
"2017";"5";"25";"4";"16";"3473";"278.";"4.3";"17.9";"55.";"2.";"428.46";"589.94";"139.82"
"2017";"5";"25";"4";"17";"3474";"281.";"3.8";"16.9";"67.";"5.";"238.50";"251.12";"147.32"
"2017";"5";"25";"4";"18";"3475";"285.";"3.7";"16.0";"74.";"7.";"60.22";"52.91";"47.92"
"2017";"5";"25";"4";"19";"3476";"282.";"3.8";"14.9";"79.";"4.";"8.68";"31.64";"5.31"
"2017";"5";"25";"4";"20";"3477";"274.";"3.1";"13.5";"86.";"3.";"0.00";"0.00";"0.00"
"2017";"5";"25";"4";"21";"3478";"279.";"2.0";"12.4";"89.";"1.";"0.00";"0.00";"0.00"
"2017";"5";"25";"4";"22";"3479";"289.";"1.9";"11.6";"91.";"0.";"0.00";"0.00";"0.00"
"2017";"5";"25";"4";"23";"3480";"303.";"2.4";"10.7";"91.";"0.";"0.00";"0.00";"0.00"
"2017";"5";"26";"5";"0";"3481";"310.";"3.0";"10.7";"91.";"0.";"0.00";"0.00";"0.00"
"2017";"5";"26";"5";"1";"3482";"311.";"2.8";"9.7";"91.";"0.";"0.00";"0.00";"0.00"
"2017";"5";"26";"5";"2";"3483";"313.";"2.7";"9.6";"89.";"0.";"0.00";"0.00";"0.00"
"2017";"5";"26";"5";"3";"3484";"326.";"1.8";"9.6";"91.";"0.";"0.00";"0.00";"0.00"
"2017";"5";"26";"5";"4";"3485";"334.";"2.0";"11.7";"86.";"1.";"20.26";"99.15";"9.45"
"2017";"5";"26";"5";"5";"3486";"351.";"2.0";"14.2";"77.";"0.";"155.92";"481.00";"42.82"
"2017";"5";"26";"5";"6";"3487";"16.";"2.3";"16.5";"70.";"0.";"311.39";"679.14";"63.09"
"2017";"5";"26";"5";"7";"3488";"28.";"2.1";"18.3";"60.";"0.";"470.22";"805.17";"74.37"
"2017";"5";"26";"5";"8";"3489";"24.";"1.8";"20.1";"51.";"0.";"609.74";"845.84";"98.31"
"2017";"5";"26";"5";"9";"3490";"8.";"1.1";"21.3";"48.";"0.";"726.40";"896.90";"101.34"
"2017";"5";"26";"5";"10";"3491";"342.";"1.1";"21.6";"45.";"0.";"806.92";"903.48";"118.33"
"2017";"5";"26";"5";"11";"3492";"319.";"1.1";"21.8";"45.";"0.";"850.20";"921.66";"116.63"
"2017";"5";"26";"5";"12";"3493";"285.";"2.7";"22.8";"43.";"0.";"845.87";"900.32";"129.29"
"2017";"5";"26";"5";"13";"3494";"288.";"3.5";"22.6";"42.";"1.";"751.52";"804.52";"138.35"
"2017";"5";"26";"5";"14";"3495";"293.";"4.0";"22.2";"41.";"1.";"678.91";"796.95";"123.51"
"2017";"5";"26";"5";"15";"3496";"294.";"3.7";"22.1";"40.";"0.";"612.72";"842.13";"103.53"
"2017";"5";"26";"5";"16";"3497";"294.";"3.6";"21.8";"41.";"0.";"486.79";"821.37";"82.97"
"2017";"5";"26";"5";"17";"3498";"293.";"3.1";"21.0";"42.";"0.";"328.65";"717.53";"66.32"
"2017";"5";"26";"5";"18";"3499";"302.";"2.6";"19.6";"46.";"0.";"168.06";"531.72";"43.05"
"2017";"5";"26";"5";"19";"3500";"316.";"1.9";"17.4";"54.";"0.";"27.34";"157.67";"10.14"
"2017";"5";"26";"5";"20";"3501";"312.";"1.3";"14.8";"67.";"0.";"0.00";"0.00";"0.00"
"2017";"5";"26";"5";"21";"3502";"326.";"1.2";"13.3";"77.";"0.";"0.00";"0.00";"0.00"
"2017";"5";"26";"5";"22";"3503";"306.";"1.0";"11.7";"81.";"0.";"0.00";"0.00";"0.00"
"2017";"5";"26";"5";"23";"3504";"156.";"0.9";"10.5";"83.";"0.";"0.00";"0.00";"0.00"
"2017";"5";"27";"6";"0";"3505";"175.";"1.6";"10.9";"86.";"0.";"0.00";"0.00";"0.00"
"2017";"5";"27";"6";"1";"3506";"195.";"2.0";"11.2";"90.";"0.";"0.00";"0.00";"0.00"
"2017";"5";"27";"6";"2";"3507";"190.";"2.3";"10.9";"92.";"0.";"0.00";"0.00";"0.00"
"2017";"5";"27";"6";"3";"3508";"193.";"2.2";"11.2";"92.";"0.";"0.00";"0.00";"0.00"
"2017";"5";"27";"6";"4";"3509";"189.";"2.1";"12.7";"89.";"0.";"19.84";"110.15";"7.53"
"2017";"5";"27";"6";"5";"3510";"211.";"2.8";"14.9";"86.";"0.";"150.42";"451.07";"43.20"
"2017";"5";"27";"6";"6";"3511";"220.";"3.3";"16.2";"81.";"1.";"282.23";"546.71";"81.02"
"2017";"5";"27";"6";"7";"3512";"215.";"3.2";"16.9";"77.";"1.";"427.27";"655.44";"103.54"
"2017";"5";"27";"6";"8";"3513";"211.";"3.4";"17.7";"73.";"0.";"594.56";"774.59";"124.54"
"2017";"5";"27";"6";"9";"3514";"216.";"3.1";"19.1";"68.";"0.";"712.07";"839.52";"125.29"
"2017";"5";"27";"6";"10";"3515";"226.";"2.8";"19.6";"64.";"0.";"790.80";"843.82";"146.03"
"2017";"5";"27";"6";"11";"3516";"234.";"2.3";"20.5";"59.";"0.";"830.85";"840.64";"160.15"
"2017";"5";"27";"6";"12";"3517";"231.";"2.3";"20.9";"55.";"0.";"850.70";"940.19";"100.59"
"2017";"5";"27";"6";"13";"3518";"233.";"2.4";"21.9";"54.";"0.";"798.33";"880.37";"125.64"
"2017";"5";"27";"6";"14";"3519";"235.";"2.1";"22.5";"53.";"0.";"712.68";"835.11";"128.98"
"2017";"5";"27";"6";"15";"3520";"212.";"2.8";"21.8";"53.";"0.";"597.86";"781.60";"123.60"
"2017";"5";"27";"6";"16";"3521";"203.";"3.1";"21.8";"57.";"0.";"456.37";"719.17";"101.16"
"2017";"5";"27";"6";"17";"3522";"203.";"3.6";"21.6";"60.";"0.";"303.52";"637.55";"68.88"
"2017";"5";"27";"6";"18";"3523";"201.";"3.4";"20.4";"61.";"0.";"149.86";"448.57";"43.23"
"2017";"5";"27";"6";"19";"3524";"189.";"3.1";"19.1";"66.";"0.";"13.28";"74.30";"4.97"
"2017";"5";"27";"6";"20";"3525";"175.";"2.7";"17.4";"72.";"0.";"0.00";"0.00";"0.00"
"2017";"5";"27";"6";"21";"3526";"149.";"3.2";"16.4";"75.";"0.";"0.00";"0.00";"0.00"
"2017";"5";"27";"6";"22";"3527";"159.";"3.3";"15.9";"77.";"0.";"0.00";"0.00";"0.00"
"2017";"5";"27";"6";"23";"3528";"165.";"3.1";"15.5";"79.";"0.";"0.00";"0.00";"0.00"
"2017";"5";"28";"7";"0";"3529";"161.";"3.2";"14.9";"80.";"0.";"0.00";"0.00";"0.00"
"2017";"5";"28";"7";"1";"3530";"166.";"3.1";"15.1";"80.";"0.";"0.00";"0.00";"0.00"
"2017";"5";"28";"7";"2";"3531";"164.";"3.4";"15.6";"81.";"1.";"0.00";"0.00";"0.00"
"2017";"5";"28";"7";"3";"3532";"163.";"3.5";"15.4";"81.";"1.";"0.00";"0.00";"0.00"
"2017";"5";"28";"7";"4";"3533";"166.";"4.0";"16.5";"77.";"0.";"16.71";"93.42";"6.02"
"2017";"5";"28";"7";"5";"3534";"169.";"4.8";"18.2";"70.";"2.";"130.88";"348.47";"47.17"
"2017";"5";"28";"7";"6";"3535";"166.";"5.2";"19.2";"66.";"7.";"126.84";"79.85";"97.27"
"2017";"5";"28";"7";"7";"3536";"169.";"5.7";"20.2";"61.";"8.";"286.75";"0.00";"286.75"
"2017";"5";"28";"7";"8";"3537";"181.";"6.0";"20.0";"62.";"8.";"374.45";"0.00";"374.45"
"2017";"5";"28";"7";"9";"3538";"182.";"5.5";"16.9";"80.";"8.";"249.43";"0.00";"249.43"
"2017";"5";"28";"7";"10";"3539";"184.";"5.4";"16.3";"85.";"8.";"137.63";"0.00";"137.63"
"2017";"5";"28";"7";"11";"3540";"179.";"4.7";"16.7";"90.";"8.";"144.97";"0.00";"144.97"
"2017";"5";"28";"7";"12";"3541";"184.";"4.1";"19.4";"78.";"3.";"626.40";"482.01";"240.94"
"2017";"5";"28";"7";"13";"3542";"197.";"4.0";"19.2";"73.";"5.";"472.85";"310.72";"234.85"
"2017";"5";"28";"7";"14";"3543";"201.";"3.9";"19.4";"73.";"5.";"423.62";"300.39";"213.07"
"2017";"5";"28";"7";"15";"3544";"218.";"4.8";"18.1";"76.";"6.";"302.87";"194.90";"184.20"
"2017";"5";"28";"7";"16";"3545";"247.";"3.3";"17.4";"81.";"7.";"184.54";"83.25";"143.24"
"2017";"5";"28";"7";"17";"3546";"306.";"2.2";"17.1";"82.";"7.";"124.37";"76.54";"96.02"
"2017";"5";"28";"7";"18";"3547";"271.";"3.3";"16.8";"81.";"7.";"61.96";"57.40";"48.18"
"2017";"5";"28";"7";"19";"3548";"256.";"3.9";"15.6";"88.";"6.";"5.32";"8.10";"4.40"
"2017";"5";"28";"7";"20";"3549";"258.";"4.8";"14.2";"94.";"8.";"0.00";"0.00";"0.00"
"2017";"5";"28";"7";"21";"3550";"261.";"5.2";"13.1";"94.";"8.";"0.00";"0.00";"0.00"
"2017";"5";"28";"7";"22";"3551";"263.";"4.7";"12.6";"94.";"8.";"0.00";"0.00";"0.00"
"2017";"5";"28";"7";"23";"3552";"269.";"4.8";"12.4";"96.";"8.";"0.00";"0.00";"0.00"
"2017";"5";"29";"1";"0";"3553";"272.";"4.3";"12.3";"96.";"8.";"0.00";"0.00";"0.00"
"2017";"5";"29";"1";"1";"3554";"270.";"3.9";"12.3";"97.";"8.";"0.00";"0.00";"0.00"
"2017";"5";"29";"1";"2";"3555";"262.";"3.1";"12.3";"97.";"7.";"0.00";"0.00";"0.00"
"2017";"5";"29";"1";"3";"3556";"267.";"2.8";"12.1";"96.";"8.";"0.00";"0.00";"0.00"
"2017";"5";"29";"1";"4";"3557";"270.";"2.3";"12.3";"96.";"8.";"5.82";"0.00";"5.82"
"2017";"5";"29";"1";"5";"3558";"264.";"2.4";"12.6";"96.";"8.";"41.20";"0.00";"41.20"
"2017";"5";"29";"1";"6";"3559";"261.";"2.2";"12.7";"96.";"8.";"86.05";"0.00";"86.05"
"2017";"5";"29";"1";"7";"3560";"241.";"2.6";"12.8";"95.";"8.";"134.50";"0.00";"134.50"
"2017";"5";"29";"1";"8";"3561";"225.";"2.4";"13.0";"94.";"8.";"173.89";"0.00";"173.89"
"2017";"5";"29";"1";"9";"3562";"211.";"1.5";"13.3";"93.";"8.";"217.88";"0.00";"217.88"
"2017";"5";"29";"1";"10";"3563";"216.";"1.5";"13.3";"91.";"8.";"243.88";"0.00";"243.88"
"2017";"5";"29";"1";"11";"3564";"196.";"1.5";"13.6";"89.";"8.";"252.56";"0.00";"252.56"
"2017";"5";"29";"1";"12";"3565";"199.";"1.8";"13.9";"88.";"6.";"421.04";"199.96";"260.78"
"2017";"5";"29";"1";"13";"3566";"194.";"2.0";"14.1";"88.";"7.";"326.89";"104.85";"246.39"
"2017";"5";"29";"1";"14";"3567";"188.";"2.3";"13.8";"87.";"8.";"212.50";"0.00";"212.50"
"2017";"5";"29";"1";"15";"3568";"189.";"2.4";"14.0";"88.";"8.";"181.92";"0.00";"181.92"
"2017";"5";"29";"1";"16";"3569";"202.";"3.0";"13.7";"88.";"8.";"134.80";"0.00";"134.80"
"2017";"5";"29";"1";"17";"3570";"202.";"3.4";"13.3";"90.";"8.";"92.76";"0.00";"92.76"
"2017";"5";"29";"1";"18";"3571";"175.";"3.0";"13.3";"90.";"7.";"62.88";"48.23";"51.18"
"2017";"5";"29";"1";"19";"3572";"179.";"2.6";"13.2";"89.";"8.";"6.78";"0.00";"6.78"
"2017";"5";"29";"1";"20";"3573";"176.";"2.3";"13.2";"88.";"7.";"0.00";"0.00";"0.00"
"2017";"5";"29";"1";"21";"3574";"190.";"2.9";"13.1";"88.";"8.";"0.00";"0.00";"0.00"
"2017";"5";"29";"1";"22";"3575";"185.";"2.8";"13.3";"90.";"8.";"0.00";"0.00";"0.00"
"2017";"5";"29";"1";"23";"3576";"161.";"2.7";"13.2";"92.";"8.";"0.00";"0.00";"0.00"
"2017";"5";"30";"2";"0";"3577";"178.";"2.7";"12.9";"94.";"8.";"0.00";"0.00";"0.00"
"2017";"5";"30";"2";"1";"3578";"182.";"3.1";"12.8";"95.";"8.";"0.00";"0.00";"0.00"
"2017";"5";"30";"2";"2";"3579";"186.";"2.6";"12.7";"96.";"8.";"0.00";"0.00";"0.00"
"2017";"5";"30";"2";"3";"3580";"187.";"3.0";"12.7";"96.";"8.";"0.00";"0.00";"0.00"
"2017";"5";"30";"2";"4";"3581";"206.";"2.3";"12.8";"97.";"8.";"5.48";"0.00";"5.48"
"2017";"5";"30";"2";"5";"3582";"218.";"2.2";"13.1";"95.";"8.";"40.95";"0.00";"40.95"
"2017";"5";"30";"2";"6";"3583";"218.";"2.8";"13.3";"95.";"8.";"78.60";"0.00";"78.60"
"2017";"5";"30";"2";"7";"3584";"221.";"2.7";"13.3";"95.";"8.";"118.14";"0.00";"118.14"
"2017";"5";"30";"2";"8";"3585";"240.";"1.9";"13.3";"94.";"8.";"153.83";"0.00";"153.83"
"2017";"5";"30";"2";"9";"3586";"233.";"1.9";"13.4";"94.";"8.";"179.52";"0.00";"179.52"
"2017";"5";"30";"2";"10";"3587";"231.";"2.1";"13.4";"95.";"8.";"122.56";"0.00";"122.56"
"2017";"5";"30";"2";"11";"3588";"232.";"2.8";"13.3";"95.";"8.";"131.70";"0.00";"131.70"
"2017";"5";"30";"2";"12";"3589";"233.";"2.9";"13.1";"94.";"8.";"137.91";"0.00";"137.91"
"2017";"5";"30";"2";"13";"3590";"243.";"3.7";"12.9";"93.";"7.";"312.30";"82.51";"248.81"
"2017";"5";"30";"2";"14";"3591";"247.";"3.6";"13.5";"91.";"8.";"217.55";"0.00";"217.55"
"2017";"5";"30";"2";"15";"3592";"249.";"4.0";"14.1";"86.";"8.";"186.66";"0.00";"186.66"
"2017";"5";"30";"2";"16";"3593";"250.";"4.1";"14.4";"84.";"7.";"192.68";"92.10";"146.60"
"2017";"5";"30";"2";"17";"3594";"250.";"4.4";"14.5";"83.";"5.";"190.60";"242.32";"99.78"
"2017";"5";"30";"2";"18";"3595";"253.";"4.2";"14.2";"78.";"2.";"142.31";"377.57";"49.82"
"2017";"5";"30";"2";"19";"3596";"254.";"4.8";"13.0";"81.";"4.";"21.63";"84.77";"11.50"
"2017";"5";"30";"2";"20";"3597";"247.";"4.0";"12.1";"85.";"2.";"0.00";"0.00";"0.00"
"2017";"5";"30";"2";"21";"3598";"249.";"3.9";"11.6";"86.";"5.";"0.00";"0.00";"0.00"
"2017";"5";"30";"2";"22";"3599";"246.";"3.6";"11.6";"85.";"7.";"0.00";"0.00";"0.00"
"2017";"5";"30";"2";"23";"3600";"249.";"4.6";"11.6";"85.";"8.";"0.00";"0.00";"0.00"
"2017";"5";"31";"3";"0";"3601";"254.";"4.9";"11.8";"85.";"8.";"0.00";"0.00";"0.00"
"2017";"5";"31";"3";"1";"3602";"253.";"5.4";"11.8";"88.";"8.";"0.00";"0.00";"0.00"
"2017";"5";"31";"3";"2";"3603";"248.";"5.2";"11.7";"91.";"8.";"0.00";"0.00";"0.00"
"2017";"5";"31";"3";"3";"3604";"250.";"4.7";"11.6";"96.";"8.";"0.00";"0.00";"0.00"
"2017";"5";"31";"3";"4";"3605";"253.";"4.8";"12.0";"95.";"8.";"4.82";"0.00";"4.82"
"2017";"5";"31";"3";"5";"3606";"260.";"5.1";"12.3";"95.";"8.";"26.16";"0.00";"26.16"
"2017";"5";"31";"3";"6";"3607";"274.";"5.5";"12.2";"95.";"8.";"53.00";"0.00";"53.00"
"2017";"5";"31";"3";"7";"3608";"283.";"6.8";"12.2";"92.";"8.";"81.99";"0.00";"81.99"
"2017";"5";"31";"3";"8";"3609";"282.";"6.6";"13.0";"89.";"7.";"247.15";"92.52";"190.30"
"2017";"5";"31";"3";"9";"3610";"277.";"7.2";"13.7";"86.";"7.";"293.43";"97.68";"224.44"
"2017";"5";"31";"3";"10";"3611";"280.";"6.1";"14.3";"81.";"7.";"323.67";"96.31";"249.40"
"2017";"5";"31";"3";"11";"3612";"284.";"5.9";"15.1";"78.";"6.";"423.23";"199.52";"262.66"
"2017";"5";"31";"3";"12";"3613";"285.";"5.7";"15.8";"73.";"6.";"426.08";"205.43";"260.76"
"2017";"5";"31";"3";"13";"3614";"278.";"6.3";"16.3";"69.";"5.";"478.02";"300.47";"246.30"
"2017";"5";"31";"3";"14";"3615";"275.";"7.8";"15.6";"69.";"3.";"556.81";"500.69";"203.16"
"2017";"5";"31";"3";"15";"3616";"274.";"8.0";"15.6";"72.";"8.";"178.79";"0.00";"178.79"
"2017";"5";"31";"3";"16";"3617";"272.";"9.2";"14.8";"75.";"6.";"225.34";"132.16";"158.97"
"2017";"5";"31";"3";"17";"3618";"275.";"7.7";"14.6";"75.";"5.";"183.77";"185.94";"113.68"
"2017";"5";"31";"3";"18";"3619";"279.";"7.6";"14.1";"75.";"4.";"109.81";"177.69";"65.89"
"2017";"5";"31";"3";"19";"3620";"278.";"7.8";"13.1";"79.";"2.";"27.40";"95.78";"15.73"
"2017";"5";"31";"3";"20";"3621";"278.";"6.2";"12.7";"81.";"1.";"0.00";"0.00";"0.00"
"2017";"5";"31";"3";"21";"3622";"285.";"6.3";"13.1";"79.";"6.";"0.00";"0.00";"0.00"
"2017";"5";"31";"3";"22";"3623";"289.";"6.0";"13.2";"78.";"7.";"0.00";"0.00";"0.00"
"2017";"5";"31";"3";"23";"3624";"299.";"5.8";"13.0";"78.";"7.";"0.00";"0.00";"0.00"
"2017";"6";"1";"4";"0";"3625";"303.";"4.8";"13.1";"80.";"8.";"0.00";"0.00";"0.00"
"2017";"6";"1";"4";"1";"3626";"296.";"4.3";"12.7";"82.";"7.";"0.00";"0.00";"0.00"
"2017";"6";"1";"4";"2";"3627";"306.";"2.9";"12.4";"83.";"5.";"0.00";"0.00";"0.00"
"2017";"6";"1";"4";"3";"3628";"342.";"2.2";"11.2";"83.";"8.";"0.00";"0.00";"0.00"
"2017";"6";"1";"4";"4";"3629";"53.";"2.8";"11.3";"73.";"4.";"31.55";"122.05";"16.40"
"2017";"6";"1";"4";"5";"3630";"51.";"2.9";"11.4";"62.";"3.";"127.74";"311.31";"50.12"
"2017";"6";"1";"4";"6";"3631";"61.";"4.1";"12.4";"53.";"6.";"176.81";"187.26";"105.85"
"2017";"6";"1";"4";"7";"3632";"56.";"3.3";"13.5";"46.";"3.";"386.17";"508.26";"129.96"
"2017";"6";"1";"4";"8";"3633";"49.";"2.0";"14.6";"42.";"1.";"593.38";"764.85";"121.98"
"2017";"6";"1";"4";"9";"3634";"1.";"1.2";"15.8";"39.";"0.";"755.34";"921.18";"103.17"
"2017";"6";"1";"4";"10";"3635";"301.";"2.6";"16.0";"38.";"0.";"829.52";"900.85";"133.37"
"2017";"6";"1";"4";"11";"3636";"295.";"4.1";"16.9";"36.";"0.";"875.63";"934.79";"121.90"
"2017";"6";"1";"4";"12";"3637";"295.";"4.4";"16.8";"34.";"0.";"868.89";"892.69";"149.11"
"2017";"6";"1";"4";"13";"3638";"287.";"4.4";"16.1";"35.";"0.";"832.12";"908.28";"130.23"
"2017";"6";"1";"4";"14";"3639";"284.";"4.5";"16.0";"36.";"0.";"752.81";"897.84";"117.17"
"2017";"6";"1";"4";"15";"3640";"288.";"4.0";"15.8";"39.";"4.";"443.81";"452.47";"164.94"
"2017";"6";"1";"4";"16";"3641";"283.";"4.3";"15.5";"43.";"4.";"345.15";"416.20";"135.34"
"2017";"6";"1";"4";"17";"3642";"277.";"3.7";"15.1";"50.";"1.";"317.47";"630.70";"78.50"
"2017";"6";"1";"4";"18";"3643";"245.";"2.5";"14.3";"55.";"0.";"184.14";"533.77";"51.07"
"2017";"6";"1";"4";"19";"3644";"241.";"3.8";"13.1";"63.";"0.";"46.40";"238.29";"16.82"
"2017";"6";"1";"4";"20";"3645";"243.";"3.5";"11.9";"70.";"2.";"0.00";"0.00";"0.00"
"2017";"6";"1";"4";"21";"3646";"242.";"3.0";"11.6";"69.";"3.";"0.00";"0.00";"0.00"
"2017";"6";"1";"4";"22";"3647";"239.";"2.6";"11.0";"73.";"1.";"0.00";"0.00";"0.00"
"2017";"6";"1";"4";"23";"3648";"220.";"1.9";"10.7";"78.";"6.";"0.00";"0.00";"0.00"
"2017";"6";"2";"5";"0";"3649";"231.";"1.4";"11.2";"82.";"8.";"0.00";"0.00";"0.00"
"2017";"6";"2";"5";"1";"3650";"282.";"0.1";"11.2";"84.";"8.";"0.00";"0.00";"0.00"
"2017";"6";"2";"5";"2";"3651";"333.";"1.3";"11.0";"84.";"8.";"0.00";"0.00";"0.00"
"2017";"6";"2";"5";"3";"3652";"4.";"1.4";"10.8";"84.";"8.";"0.00";"0.00";"0.00"
"2017";"6";"2";"5";"4";"3653";"30.";"2.8";"11.0";"81.";"7.";"17.55";"23.81";"14.54"
"2017";"6";"2";"5";"5";"3654";"38.";"3.2";"11.4";"76.";"8.";"55.16";"0.00";"55.16"
"2017";"6";"2";"5";"6";"3655";"47.";"3.7";"11.9";"67.";"8.";"104.81";"0.00";"104.81"
"2017";"6";"2";"5";"7";"3656";"61.";"4.2";"12.4";"56.";"8.";"153.39";"0.00";"153.39"
"2017";"6";"2";"5";"8";"3657";"63.";"3.6";"13.3";"51.";"8.";"196.45";"0.00";"196.45"
"2017";"6";"2";"5";"9";"3658";"60.";"3.2";"13.6";"47.";"8.";"480.22";"0.00";"480.22"
"2017";"6";"2";"5";"10";"3659";"59.";"3.4";"14.4";"44.";"8.";"258.24";"0.00";"258.24"
"2017";"6";"2";"5";"11";"3660";"58.";"2.3";"14.5";"46.";"8.";"270.86";"0.00";"270.86"
"2017";"6";"2";"5";"12";"3661";"72.";"1.9";"14.8";"47.";"8.";"542.31";"0.00";"542.31"
"2017";"6";"2";"5";"13";"3662";"62.";"0.9";"15.5";"47.";"8.";"516.15";"0.00";"516.15"
"2017";"6";"2";"5";"14";"3663";"74.";"1.3";"15.8";"47.";"8.";"465.55";"0.00";"465.55"
"2017";"6";"2";"5";"15";"3664";"312.";"1.0";"15.6";"48.";"8.";"395.91";"0.00";"395.91"
"2017";"6";"2";"5";"16";"3665";"284.";"1.9";"15.6";"49.";"7.";"209.89";"104.98";"156.78"
"2017";"6";"2";"5";"17";"3666";"277.";"1.9";"14.6";"53.";"8.";"105.68";"0.00";"105.68"
"2017";"6";"2";"5";"18";"3667";"266.";"1.6";"13.9";"57.";"6.";"139.35";"144.18";"103.11"
"2017";"6";"2";"5";"19";"3668";"295.";"1.1";"13.4";"60.";"7.";"21.02";"33.02";"16.85"
"2017";"6";"2";"5";"20";"3669";"327.";"1.2";"13.0";"65.";"8.";"0.00";"0.00";"0.00"
"2017";"6";"2";"5";"21";"3670";"335.";"0.7";"12.5";"70.";"8.";"0.00";"0.00";"0.00"
"2017";"6";"2";"5";"22";"3671";"292.";"0.4";"12.0";"76.";"8.";"0.00";"0.00";"0.00"
"2017";"6";"2";"5";"23";"3672";"170.";"0.3";"11.6";"81.";"8.";"0.00";"0.00";"0.00"
"2017";"6";"3";"6";"0";"3673";"168.";"1.0";"11.5";"82.";"8.";"0.00";"0.00";"0.00"
"2017";"6";"3";"6";"1";"3674";"162.";"1.0";"11.7";"83.";"8.";"0.00";"0.00";"0.00"
"2017";"6";"3";"6";"2";"3675";"150.";"1.0";"11.6";"85.";"8.";"0.00";"0.00";"0.00"
"2017";"6";"3";"6";"3";"3676";"132.";"1.5";"11.7";"85.";"8.";"0.00";"0.00";"0.00"
"2017";"6";"3";"6";"4";"3677";"150.";"2.5";"11.9";"87.";"8.";"6.94";"0.00";"6.94"
"2017";"6";"3";"6";"5";"3678";"152.";"3.4";"12.1";"93.";"8.";"59.72";"0.00";"59.72"
"2017";"6";"3";"6";"6";"3679";"153.";"4.1";"12.8";"90.";"7.";"128.54";"65.59";"103.44"
"2017";"6";"3";"6";"7";"3680";"160.";"4.2";"13.8";"85.";"8.";"143.11";"0.00";"143.11"
"2017";"6";"3";"6";"8";"3681";"156.";"4.0";"14.7";"81.";"7.";"249.51";"93.45";"191.61"
"2017";"6";"3";"6";"9";"3682";"166.";"3.9";"16.4";"69.";"7.";"489.23";"103.09";"415.93"
"2017";"6";"3";"6";"10";"3683";"173.";"4.6";"17.2";"62.";"7.";"551.63";"113.51";"463.58"
"2017";"6";"3";"6";"11";"3684";"176.";"4.6";"18.2";"58.";"6.";"616.95";"216.76";"441.55"
"2017";"6";"3";"6";"12";"3685";"171.";"4.6";"18.3";"55.";"6.";"623.48";"226.85";"439.91"
"2017";"6";"3";"6";"13";"3686";"175.";"3.9";"19.3";"51.";"6.";"590.65";"218.79";"420.93"
"2017";"6";"3";"6";"14";"3687";"172.";"4.3";"19.5";"50.";"7.";"494.91";"106.47";"419.20"
"2017";"6";"3";"6";"15";"3688";"191.";"4.5";"18.3";"52.";"7.";"425.81";"110.07";"357.61"
"2017";"6";"3";"6";"16";"3689";"186.";"4.4";"17.4";"55.";"8.";"305.48";"0.00";"305.48"
"2017";"6";"3";"6";"17";"3690";"184.";"3.6";"16.7";"60.";"8.";"103.78";"0.00";"103.78"
"2017";"6";"3";"6";"18";"3691";"196.";"2.5";"15.7";"68.";"8.";"54.39";"0.00";"54.39"
"2017";"6";"3";"6";"19";"3692";"190.";"2.0";"15.0";"76.";"8.";"22.54";"0.00";"22.54"
"2017";"6";"3";"6";"20";"3693";"159.";"2.2";"14.8";"75.";"8.";"0.00";"0.00";"0.00"
"2017";"6";"3";"6";"21";"3694";"173.";"2.7";"14.7";"74.";"8.";"0.00";"0.00";"0.00"
"2017";"6";"3";"6";"22";"3695";"177.";"2.9";"14.2";"75.";"8.";"0.00";"0.00";"0.00"
"2017";"6";"3";"6";"23";"3696";"165.";"2.6";"13.4";"80.";"8.";"0.00";"0.00";"0.00"
"2017";"6";"4";"7";"0";"3697";"155.";"2.8";"12.9";"84.";"8.";"0.00";"0.00";"0.00"
"2017";"6";"4";"7";"1";"3698";"146.";"2.8";"12.7";"84.";"8.";"0.00";"0.00";"0.00"
"2017";"6";"4";"7";"2";"3699";"131.";"2.3";"12.5";"84.";"8.";"0.00";"0.00";"0.00"
"2017";"6";"4";"7";"3";"3700";"129.";"2.1";"12.3";"84.";"7.";"0.00";"0.00";"0.00"
"2017";"6";"4";"7";"4";"3701";"122.";"2.4";"12.6";"81.";"6.";"22.71";"56.26";"15.37"
"2017";"6";"4";"7";"5";"3702";"128.";"2.9";"12.9";"76.";"8.";"116.88";"0.00";"116.88"
"2017";"6";"4";"7";"6";"3703";"128.";"2.7";"13.6";"71.";"8.";"216.16";"0.00";"216.16"
"2017";"6";"4";"7";"7";"3704";"130.";"2.6";"13.4";"70.";"8.";"152.67";"0.00";"152.67"
"2017";"6";"4";"7";"8";"3705";"129.";"2.7";"13.4";"73.";"8.";"390.26";"0.00";"390.26"
"2017";"6";"4";"7";"9";"3706";"130.";"2.9";"14.7";"70.";"7.";"501.98";"114.13";"420.67"
"2017";"6";"4";"7";"10";"3707";"143.";"2.4";"15.2";"66.";"8.";"260.79";"0.00";"260.79"
"2017";"6";"4";"7";"11";"3708";"149.";"2.3";"14.8";"67.";"7.";"358.16";"118.45";"262.15"
"2017";"6";"4";"7";"12";"3709";"156.";"2.5";"13.6";"81.";"8.";"295.68";"0.00";"295.68"
"2017";"6";"4";"7";"13";"3710";"157.";"1.9";"13.2";"88.";"8.";"132.37";"0.00";"132.37"
"2017";"6";"4";"7";"14";"3711";"169.";"1.6";"12.8";"93.";"8.";"116.09";"0.00";"116.09"
"2017";"6";"4";"7";"15";"3712";"171.";"2.6";"13.0";"94.";"8.";"101.72";"0.00";"101.72"
"2017";"6";"4";"7";"16";"3713";"188.";"2.8";"13.0";"94.";"8.";"83.77";"0.00";"83.77"
"2017";"6";"4";"7";"17";"3714";"233.";"2.6";"12.8";"95.";"8.";"53.48";"0.00";"53.48"
"2017";"6";"4";"7";"18";"3715";"279.";"4.7";"12.6";"93.";"8.";"29.27";"0.00";"29.27"
"2017";"6";"4";"7";"19";"3716";"275.";"5.0";"12.1";"90.";"7.";"16.19";"23.37";"13.15"
"2017";"6";"4";"7";"20";"3717";"260.";"4.4";"11.7";"88.";"6.";"0.00";"0.00";"0.00"
"2017";"6";"4";"7";"21";"3718";"263.";"4.7";"11.5";"86.";"8.";"0.00";"0.00";"0.00"
"2017";"6";"4";"7";"22";"3719";"261.";"5.5";"11.3";"86.";"7.";"0.00";"0.00";"0.00"
"2017";"6";"4";"7";"23";"3720";"263.";"6.3";"11.5";"84.";"6.";"0.00";"0.00";"0.00"
"2017";"6";"5";"1";"0";"3721";"264.";"6.7";"11.5";"82.";"7.";"0.00";"0.00";"0.00"
"2017";"6";"5";"1";"1";"3722";"265.";"6.6";"11.6";"82.";"6.";"0.00";"0.00";"0.00"
"2017";"6";"5";"1";"2";"3723";"267.";"6.6";"11.6";"82.";"5.";"0.00";"0.00";"0.00"
"2017";"6";"5";"1";"3";"3724";"269.";"6.4";"11.5";"84.";"6.";"0.00";"0.00";"0.00"
"2017";"6";"5";"1";"4";"3725";"265.";"6.5";"11.7";"82.";"5.";"28.34";"84.32";"17.19"
"2017";"6";"5";"1";"5";"3726";"264.";"6.6";"11.9";"80.";"5.";"111.18";"195.54";"60.94"
"2017";"6";"5";"1";"6";"3727";"266.";"6.6";"12.4";"77.";"6.";"172.23";"168.32";"107.25"
"2017";"6";"5";"1";"7";"3728";"265.";"6.5";"13.1";"72.";"5.";"294.20";"281.44";"150.46"
"2017";"6";"5";"1";"8";"3729";"262.";"6.3";"14.2";"67.";"1.";"578.21";"689.73";"148.83"
"2017";"6";"5";"1";"9";"3730";"252.";"6.7";"14.8";"65.";"3.";"562.95";"491.52";"212.09"
"2017";"6";"5";"1";"10";"3731";"251.";"6.7";"15.2";"63.";"2.";"697.28";"646.67";"193.92"
"2017";"6";"5";"1";"11";"3732";"247.";"6.5";"15.9";"60.";"3.";"662.61";"537.65";"226.15"
"2017";"6";"5";"1";"12";"3733";"238.";"5.3";"16.7";"57.";"5.";"515.30";"321.18";"254.57"
"2017";"6";"5";"1";"13";"3734";"223.";"4.7";"16.9";"60.";"7.";"546.08";"105.04";"464.31"
"2017";"6";"5";"1";"14";"3735";"218.";"4.4";"17.0";"61.";"7.";"302.21";"104.54";"227.59"
"2017";"6";"5";"1";"15";"3736";"209.";"4.8";"16.0";"66.";"8.";"190.98";"0.00";"190.98"
"2017";"6";"5";"1";"16";"3737";"207.";"5.5";"15.8";"70.";"7.";"197.68";"90.33";"151.55"
"2017";"6";"5";"1";"17";"3738";"196.";"4.9";"14.2";"84.";"7.";"86.62";"49.32";"67.58"
"2017";"6";"5";"1";"18";"3739";"196.";"4.6";"13.9";"85.";"7.";"46.51";"38.28";"36.68"
"2017";"6";"5";"1";"19";"3740";"191.";"3.4";"13.7";"86.";"8.";"11.51";"0.00";"11.51"
"2017";"6";"5";"1";"20";"3741";"177.";"3.2";"13.6";"86.";"7.";"0.00";"0.00";"0.00"
"2017";"6";"5";"1";"21";"3742";"172.";"3.2";"13.5";"88.";"6.";"0.00";"0.00";"0.00"
"2017";"6";"5";"1";"22";"3743";"171.";"2.9";"12.7";"91.";"2.";"0.00";"0.00";"0.00"
"2017";"6";"5";"1";"23";"3744";"180.";"3.0";"12.7";"90.";"1.";"0.00";"0.00";"0.00"
"2017";"6";"6";"2";"0";"3745";"170.";"3.4";"12.2";"89.";"1.";"0.00";"0.00";"0.00"
"2017";"6";"6";"2";"1";"3746";"157.";"3.9";"12.7";"88.";"3.";"0.00";"0.00";"0.00"
"2017";"6";"6";"2";"2";"3747";"160.";"4.5";"12.2";"87.";"3.";"0.00";"0.00";"0.00"
"2017";"6";"6";"2";"3";"3748";"154.";"4.4";"12.6";"86.";"8.";"0.00";"0.00";"0.00"
"2017";"6";"6";"2";"4";"3749";"152.";"5.0";"13.1";"83.";"8.";"27.27";"0.00";"27.27"
"2017";"6";"6";"2";"5";"3750";"155.";"5.0";"14.0";"77.";"7.";"123.21";"65.60";"106.25"
"2017";"6";"6";"2";"6";"3751";"149.";"5.0";"15.2";"70.";"6.";"244.49";"170.37";"178.45"
"2017";"6";"6";"2";"7";"3752";"149.";"4.8";"17.4";"60.";"0.";"486.00";"739.21";"107.39"
"2017";"6";"6";"2";"8";"3753";"146.";"5.0";"18.9";"53.";"0.";"625.46";"807.68";"121.55"
"2017";"6";"6";"2";"9";"3754";"147.";"6.0";"20.0";"47.";"2.";"635.51";"659.77";"163.70"
"2017";"6";"6";"2";"10";"3755";"146.";"5.8";"20.8";"46.";"5.";"379.33";"260.47";"176.26"
"2017";"6";"6";"2";"11";"3756";"143.";"5.7";"21.2";"45.";"6.";"440.01";"224.83";"257.23"
"2017";"6";"6";"2";"12";"3757";"140.";"5.9";"21.9";"43.";"6.";"443.90";"161.25";"312.80"
"2017";"6";"6";"2";"13";"3758";"132.";"5.5";"22.1";"42.";"8.";"300.88";"0.00";"300.88"
"2017";"6";"6";"2";"14";"3759";"128.";"6.3";"22.5";"41.";"8.";"475.78";"0.00";"475.78"
"2017";"6";"6";"2";"15";"3760";"126.";"7.0";"21.9";"44.";"7.";"275.12";"68.49";"232.39"
"2017";"6";"6";"2";"16";"3761";"126.";"7.4";"21.4";"44.";"8.";"315.23";"0.00";"315.23"
"2017";"6";"6";"2";"17";"3762";"127.";"7.4";"21.5";"45.";"8.";"217.18";"0.00";"217.18"
"2017";"6";"6";"2";"18";"3763";"127.";"6.5";"21.0";"48.";"7.";"127.65";"69.40";"109.70"
"2017";"6";"6";"2";"19";"3764";"123.";"6.5";"20.2";"50.";"7.";"31.50";"29.17";"27.59"
"2017";"6";"6";"2";"20";"3765";"118.";"6.5";"19.5";"52.";"7.";"0.00";"0.00";"0.00"
"2017";"6";"6";"2";"21";"3766";"108.";"6.2";"18.6";"54.";"7.";"0.00";"0.00";"0.00"
"2017";"6";"6";"2";"22";"3767";"114.";"6.4";"17.7";"56.";"8.";"0.00";"0.00";"0.00"
"2017";"6";"6";"2";"23";"3768";"110.";"6.8";"17.3";"58.";"8.";"0.00";"0.00";"0.00"
"2017";"6";"7";"3";"0";"3769";"112.";"5.6";"16.3";"64.";"8.";"0.00";"0.00";"0.00"
"2017";"6";"7";"3";"1";"3770";"109.";"5.4";"14.3";"72.";"8.";"0.00";"0.00";"0.00"
"2017";"6";"7";"3";"2";"3771";"92.";"4.8";"13.1";"90.";"8.";"0.00";"0.00";"0.00"
"2017";"6";"7";"3";"3";"3772";"105.";"3.9";"12.5";"93.";"8.";"0.00";"0.00";"0.00"
"2017";"6";"7";"3";"4";"3773";"94.";"2.5";"12.2";"94.";"7.";"10.39";"10.70";"8.94"
"2017";"6";"7";"3";"5";"3774";"67.";"1.0";"12.1";"95.";"8.";"30.34";"0.00";"30.34"
"2017";"6";"7";"3";"6";"3775";"330.";"1.1";"11.9";"95.";"8.";"55.75";"0.00";"55.75"
"2017";"6";"7";"3";"7";"3776";"271.";"0.9";"11.6";"95.";"8.";"82.19";"0.00";"82.19"
"2017";"6";"7";"3";"8";"3777";"246.";"5.1";"11.6";"94.";"8.";"105.98";"0.00";"105.98"
"2017";"6";"7";"3";"9";"3778";"235.";"3.2";"11.4";"93.";"7.";"184.70";"50.43";"148.58"
"2017";"6";"7";"3";"10";"3779";"209.";"4.9";"12.2";"91.";"8.";"140.98";"0.00";"140.98"
"2017";"6";"7";"3";"11";"3780";"194.";"5.1";"12.8";"90.";"8.";"150.13";"0.00";"150.13"
"2017";"6";"7";"3";"12";"3781";"189.";"5.6";"12.7";"90.";"7.";"209.89";"46.83";"171.77"
"2017";"6";"7";"3";"13";"3782";"183.";"5.8";"13.5";"87.";"7.";"215.68";"67.75";"162.78"
"2017";"6";"7";"3";"14";"3783";"178.";"5.4";"13.6";"83.";"7.";"289.89";"85.35";"228.75"
"2017";"6";"7";"3";"15";"3784";"177.";"7.1";"13.3";"85.";"3.";"411.18";"424.25";"145.94"
"2017";"6";"7";"3";"16";"3785";"169.";"6.8";"12.6";"84.";"7.";"131.61";"64.39";"98.54"
"2017";"6";"7";"3";"17";"3786";"157.";"7.6";"12.8";"85.";"7.";"82.05";"34.60";"68.59"
"2017";"6";"7";"3";"18";"3787";"144.";"8.1";"11.6";"92.";"8.";"28.26";"0.00";"28.26"
"2017";"6";"7";"3";"19";"3788";"153.";"6.7";"11.5";"93.";"8.";"8.02";"0.00";"8.02"
"2017";"6";"7";"3";"20";"3789";"165.";"6.0";"12.0";"92.";"7.";"0.00";"0.00";"0.00"
"2017";"6";"7";"3";"21";"3790";"178.";"7.3";"12.5";"91.";"7.";"0.00";"0.00";"0.00"
"2017";"6";"7";"3";"22";"3791";"187.";"6.7";"12.4";"91.";"8.";"0.00";"0.00";"0.00"
"2017";"6";"7";"3";"23";"3792";"185.";"6.6";"12.2";"90.";"8.";"0.00";"0.00";"0.00"
"2017";"6";"8";"4";"0";"3793";"188.";"6.5";"11.8";"90.";"8.";"0.00";"0.00";"0.00"
"2017";"6";"8";"4";"1";"3794";"183.";"5.8";"11.9";"90.";"8.";"0.00";"0.00";"0.00"
"2017";"6";"8";"4";"2";"3795";"166.";"4.8";"11.6";"92.";"7.";"0.00";"0.00";"0.00"
"2017";"6";"8";"4";"3";"3796";"180.";"4.5";"11.7";"93.";"8.";"0.00";"0.00";"0.00"
"2017";"6";"8";"4";"4";"3797";"216.";"3.5";"12.2";"93.";"7.";"12.29";"18.12";"9.80"
"2017";"6";"8";"4";"5";"3798";"227.";"4.4";"12.7";"92.";"8.";"31.98";"0.00";"31.98"
"2017";"6";"8";"4";"6";"3799";"239.";"5.2";"12.8";"91.";"7.";"89.90";"55.18";"68.35"
"2017";"6";"8";"4";"7";"3800";"249.";"5.3";"12.9";"90.";"8.";"87.93";"0.00";"87.93"
"2017";"6";"8";"4";"8";"3801";"255.";"5.9";"13.4";"86.";"7.";"167.47";"67.76";"125.03"
"2017";"6";"8";"4";"9";"3802";"254.";"5.9";"13.8";"82.";"7.";"308.08";"114.96";"225.61"
"2017";"6";"8";"4";"10";"3803";"243.";"5.4";"14.3";"81.";"8.";"260.41";"0.00";"260.41"
"2017";"6";"8";"4";"11";"3804";"237.";"6.1";"13.6";"83.";"8.";"232.09";"0.00";"232.09"
"2017";"6";"8";"4";"12";"3805";"256.";"6.6";"13.7";"82.";"8.";"159.98";"0.00";"159.98"
"2017";"6";"8";"4";"13";"3806";"254.";"6.1";"14.0";"77.";"7.";"342.14";"118.04";"249.85"
"2017";"6";"8";"4";"14";"3807";"250.";"5.8";"14.8";"68.";"6.";"376.97";"210.66";"225.83"
"2017";"6";"8";"4";"15";"3808";"244.";"5.1";"15.4";"62.";"4.";"438.21";"422.39";"173.63"
"2017";"6";"8";"4";"16";"3809";"242.";"4.2";"15.4";"60.";"3.";"388.08";"509.88";"125.58"
"2017";"6";"8";"4";"17";"3810";"224.";"3.5";"15.3";"60.";"1.";"317.37";"567.58";"95.77"
"2017";"6";"8";"4";"18";"3811";"200.";"3.4";"14.7";"64.";"4.";"136.70";"287.06";"61.59"
"2017";"6";"8";"4";"19";"3812";"178.";"3.0";"14.0";"71.";"3.";"41.46";"162.59";"19.14"
"2017";"6";"8";"4";"20";"3813";"163.";"3.0";"13.7";"79.";"8.";"0.00";"0.00";"0.00"
"2017";"6";"8";"4";"21";"3814";"192.";"4.4";"13.7";"84.";"7.";"0.00";"0.00";"0.00"
"2017";"6";"8";"4";"22";"3815";"187.";"4.0";"13.5";"91.";"7.";"0.00";"0.00";"0.00"
"2017";"6";"8";"4";"23";"3816";"188.";"4.1";"13.4";"95.";"8.";"0.00";"0.00";"0.00"
"2017";"6";"9";"5";"0";"3817";"186.";"4.1";"13.4";"95.";"7.";"0.00";"0.00";"0.00"
"2017";"6";"9";"5";"1";"3818";"195.";"4.1";"12.7";"93.";"8.";"0.00";"0.00";"0.00"
"2017";"6";"9";"5";"2";"3819";"187.";"4.3";"12.7";"93.";"8.";"0.00";"0.00";"0.00"
"2017";"6";"9";"5";"3";"3820";"188.";"3.9";"12.9";"94.";"8.";"0.00";"0.00";"0.00"
"2017";"6";"9";"5";"4";"3821";"170.";"3.1";"12.7";"94.";"8.";"7.62";"0.00";"7.62"
"2017";"6";"9";"5";"5";"3822";"161.";"4.3";"12.7";"94.";"7.";"44.51";"26.68";"37.49"
"2017";"6";"9";"5";"6";"3823";"159.";"4.1";"12.6";"94.";"8.";"55.26";"0.00";"55.26"
"2017";"6";"9";"5";"7";"3824";"159.";"4.0";"13.1";"93.";"8.";"143.68";"0.00";"143.68"
"2017";"6";"9";"5";"8";"3825";"164.";"3.7";"14.2";"92.";"8.";"182.80";"0.00";"182.80"
"2017";"6";"9";"5";"9";"3826";"163.";"3.4";"15.5";"88.";"8.";"215.36";"0.00";"215.36"
"2017";"6";"9";"5";"10";"3827";"172.";"3.7";"16.6";"83.";"7.";"329.41";"101.94";"249.61"
"2017";"6";"9";"5";"11";"3828";"158.";"4.2";"16.4";"82.";"8.";"254.40";"0.00";"254.40"
"2017";"6";"9";"5";"12";"3829";"149.";"4.2";"17.0";"82.";"8.";"256.04";"0.00";"256.04"
"2017";"6";"9";"5";"13";"3830";"149.";"3.8";"17.6";"79.";"8.";"502.98";"0.00";"502.98"
"2017";"6";"9";"5";"14";"3831";"157.";"3.5";"17.5";"84.";"7.";"472.05";"88.06";"408.78"
"2017";"6";"9";"5";"15";"3832";"127.";"3.6";"20.1";"75.";"5.";"276.92";"213.02";"143.25"
"2017";"6";"9";"5";"16";"3833";"121.";"3.8";"19.7";"72.";"6.";"349.31";"195.20";"248.58"
"2017";"6";"9";"5";"17";"3834";"112.";"4.0";"19.6";"76.";"8.";"202.85";"0.00";"202.85"
"2017";"6";"9";"5";"18";"3835";"113.";"3.8";"18.7";"82.";"6.";"122.76";"123.43";"90.29"
"2017";"6";"9";"5";"19";"3836";"122.";"4.4";"18.5";"84.";"7.";"18.39";"16.21";"16.14"
"2017";"6";"9";"5";"20";"3837";"124.";"5.0";"18.7";"73.";"7.";"0.00";"0.00";"0.00"
"2017";"6";"9";"5";"21";"3838";"139.";"3.9";"17.4";"74.";"5.";"0.00";"0.00";"0.00"
"2017";"6";"9";"5";"22";"3839";"120.";"4.8";"16.9";"78.";"7.";"0.00";"0.00";"0.00"
"2017";"6";"9";"5";"23";"3840";"138.";"6.0";"16.2";"84.";"7.";"0.00";"0.00";"0.00"
"2017";"6";"10";"6";"0";"3841";"177.";"4.7";"15.0";"90.";"8.";"0.00";"0.00";"0.00"
"2017";"6";"10";"6";"1";"3842";"249.";"3.6";"13.7";"93.";"7.";"0.00";"0.00";"0.00"
"2017";"6";"10";"6";"2";"3843";"233.";"3.9";"13.7";"93.";"8.";"0.00";"0.00";"0.00"
"2017";"6";"10";"6";"3";"3844";"234.";"4.7";"13.6";"92.";"7.";"0.00";"0.00";"0.00"
"2017";"6";"10";"6";"4";"3845";"233.";"4.4";"13.3";"91.";"7.";"17.86";"22.27";"14.74"
"2017";"6";"10";"6";"5";"3846";"233.";"4.2";"13.5";"90.";"7.";"71.21";"48.17";"58.47"
"2017";"6";"10";"6";"6";"3847";"233.";"3.8";"14.3";"83.";"7.";"139.81";"85.88";"106.06"
"2017";"6";"10";"6";"7";"3848";"227.";"3.9";"15.2";"77.";"4.";"341.25";"399.38";"134.71"
"2017";"6";"10";"6";"8";"3849";"230.";"4.2";"15.9";"73.";"5.";"377.35";"305.77";"185.16"
"2017";"6";"10";"6";"9";"3850";"225.";"4.2";"16.0";"71.";"3.";"568.72";"516.01";"197.47"
"2017";"6";"10";"6";"10";"3851";"219.";"4.2";"16.2";"70.";"1.";"757.36";"746.56";"172.22"
"2017";"6";"10";"6";"11";"3852";"215.";"3.9";"16.9";"69.";"1.";"800.91";"786.52";"158.26"
"2017";"6";"10";"6";"12";"3853";"211.";"3.6";"17.4";"67.";"1.";"791.63";"741.65";"185.65"
"2017";"6";"10";"6";"13";"3854";"209.";"3.9";"17.9";"66.";"4.";"546.92";"373.92";"253.85"
"2017";"6";"10";"6";"14";"3855";"209.";"3.9";"17.9";"66.";"6.";"376.34";"214.01";"222.36"
"2017";"6";"10";"6";"15";"3856";"213.";"3.9";"15.5";"81.";"7.";"164.28";"61.80";"125.44"
"2017";"6";"10";"6";"16";"3857";"206.";"3.8";"16.0";"80.";"7.";"210.35";"58.81";"179.94"
"2017";"6";"10";"6";"17";"3858";"204.";"3.6";"16.3";"78.";"7.";"226.05";"84.30";"192.93"
"2017";"6";"10";"6";"18";"3859";"190.";"3.2";"15.8";"78.";"6.";"132.44";"127.75";"98.68"
"2017";"6";"10";"6";"19";"3860";"201.";"3.3";"15.4";"81.";"3.";"33.95";"131.31";"15.56"
"2017";"6";"10";"6";"20";"3861";"199.";"2.9";"14.3";"86.";"1.";"0.00";"0.00";"0.00"
"2017";"6";"10";"6";"21";"3862";"215.";"2.8";"13.6";"89.";"2.";"0.00";"0.00";"0.00"
"2017";"6";"10";"6";"22";"3863";"205.";"2.1";"13.1";"89.";"2.";"0.00";"0.00";"0.00"
"2017";"6";"10";"6";"23";"3864";"187.";"1.8";"13.0";"89.";"4.";"0.00";"0.00";"0.00"
"2017";"6";"11";"7";"0";"3865";"178.";"2.0";"13.2";"91.";"8.";"0.00";"0.00";"0.00"
"2017";"6";"11";"7";"1";"3866";"198.";"2.4";"13.4";"89.";"8.";"0.00";"0.00";"0.00"
"2017";"6";"11";"7";"2";"3867";"207.";"2.1";"13.6";"91.";"6.";"0.00";"0.00";"0.00"
"2017";"6";"11";"7";"3";"3868";"214.";"2.5";"14.0";"90.";"7.";"0.00";"0.00";"0.00"
"2017";"6";"11";"7";"4";"3869";"220.";"3.5";"14.4";"90.";"8.";"12.78";"0.00";"12.78"
"2017";"6";"11";"7";"5";"3870";"217.";"3.8";"14.5";"89.";"7.";"71.23";"49.62";"58.05"
"2017";"6";"11";"7";"6";"3871";"202.";"2.9";"14.9";"85.";"6.";"243.98";"167.89";"177.83"
"2017";"6";"11";"7";"7";"3872";"203.";"4.4";"14.6";"85.";"8.";"145.22";"0.00";"145.22"
"2017";"6";"11";"7";"8";"3873";"175.";"4.5";"14.6";"90.";"7.";"245.06";"81.54";"193.73"
"2017";"6";"11";"7";"9";"3874";"169.";"4.8";"16.2";"85.";"8.";"217.23";"0.00";"217.23"
"2017";"6";"11";"7";"10";"3875";"171.";"5.0";"16.6";"82.";"7.";"213.22";"64.69";"162.47"
"2017";"6";"11";"7";"11";"3876";"176.";"5.0";"15.5";"89.";"7.";"210.31";"48.13";"170.95"
"2017";"6";"11";"7";"12";"3877";"173.";"4.5";"16.3";"87.";"8.";"141.77";"0.00";"141.77"
"2017";"6";"11";"7";"13";"3878";"177.";"4.4";"15.9";"88.";"8.";"138.68";"0.00";"138.68"
"2017";"6";"11";"7";"14";"3879";"186.";"4.2";"15.9";"89.";"7.";"184.99";"52.64";"147.07"
"2017";"6";"11";"7";"15";"3880";"221.";"3.0";"15.8";"93.";"7.";"146.11";"35.88";"123.52"
"2017";"6";"11";"7";"16";"3881";"223.";"3.2";"16.0";"94.";"8.";"79.85";"0.00";"79.85"
"2017";"6";"11";"7";"17";"3882";"213.";"3.3";"15.9";"94.";"8.";"89.98";"0.00";"89.98"
"2017";"6";"11";"7";"18";"3883";"215.";"3.5";"15.8";"95.";"8.";"50.29";"0.00";"50.29"
"2017";"6";"11";"7";"19";"3884";"219.";"3.3";"15.7";"95.";"8.";"9.62";"0.00";"9.62"
"2017";"6";"11";"7";"20";"3885";"239.";"3.0";"15.5";"95.";"8.";"0.00";"0.00";"0.00"
"2017";"6";"11";"7";"21";"3886";"247.";"3.3";"15.1";"95.";"7.";"0.00";"0.00";"0.00"
"2017";"6";"11";"7";"22";"3887";"254.";"3.0";"14.6";"96.";"8.";"0.00";"0.00";"0.00"
"2017";"6";"11";"7";"23";"3888";"205.";"2.0";"14.0";"95.";"8.";"0.00";"0.00";"0.00"
"2017";"6";"12";"1";"0";"3889";"190.";"2.9";"13.2";"94.";"7.";"0.00";"0.00";"0.00"
"2017";"6";"12";"1";"1";"3890";"216.";"3.8";"13.4";"94.";"7.";"0.00";"0.00";"0.00"
"2017";"6";"12";"1";"2";"3891";"245.";"5.8";"13.5";"92.";"7.";"0.00";"0.00";"0.00"
"2017";"6";"12";"1";"3";"3892";"251.";"4.6";"13.2";"91.";"1.";"0.00";"0.00";"0.00"
"2017";"6";"12";"1";"4";"3893";"239.";"4.2";"13.5";"91.";"6.";"23.28";"48.81";"16.33"
"2017";"6";"12";"1";"5";"3894";"239.";"5.5";"13.3";"92.";"7.";"45.41";"27.33";"38.12"
"2017";"6";"12";"1";"6";"3895";"244.";"6.1";"14.1";"88.";"8.";"101.52";"0.00";"101.52"
"2017";"6";"12";"1";"7";"3896";"249.";"6.3";"14.1";"84.";"7.";"200.56";"91.38";"153.13"
"2017";"6";"12";"1";"8";"3897";"247.";"6.5";"14.2";"86.";"8.";"188.59";"0.00";"188.59"
"2017";"6";"12";"1";"9";"3898";"246.";"6.5";"14.6";"83.";"7.";"300.87";"100.90";"228.10"
"2017";"6";"12";"1";"10";"3899";"250.";"6.2";"15.1";"81.";"8.";"248.84";"0.00";"248.84"
"2017";"6";"12";"1";"11";"3900";"253.";"7.0";"15.5";"77.";"7.";"353.46";"109.61";"263.72"
"2017";"6";"12";"1";"12";"3901";"251.";"7.2";"15.5";"76.";"8.";"265.51";"0.00";"265.51"
"2017";"6";"12";"1";"13";"3902";"254.";"7.6";"15.8";"73.";"8.";"251.76";"0.00";"251.76"
"2017";"6";"12";"1";"14";"3903";"260.";"7.9";"15.7";"73.";"7.";"303.07";"103.31";"228.56"
"2017";"6";"12";"1";"15";"3904";"260.";"8.0";"15.3";"74.";"7.";"253.93";"92.50";"195.63"
"2017";"6";"12";"1";"16";"3905";"257.";"9.0";"14.9";"75.";"8.";"148.52";"0.00";"148.52"
"2017";"6";"12";"1";"17";"3906";"258.";"9.2";"14.6";"76.";"8.";"104.12";"0.00";"104.12"
"2017";"6";"12";"1";"18";"3907";"259.";"9.1";"14.2";"77.";"6.";"95.17";"118.48";"63.58"
"2017";"6";"12";"1";"19";"3908";"263.";"8.3";"13.9";"79.";"4.";"35.77";"112.52";"19.73"
"2017";"6";"12";"1";"20";"3909";"267.";"7.8";"13.7";"81.";"6.";"0.00";"0.00";"0.00"
"2017";"6";"12";"1";"21";"3910";"268.";"8.6";"13.5";"81.";"8.";"0.00";"0.00";"0.00"
"2017";"6";"12";"1";"22";"3911";"266.";"8.3";"13.4";"82.";"6.";"0.00";"0.00";"0.00"
"2017";"6";"12";"1";"23";"3912";"269.";"8.4";"13.2";"83.";"6.";"0.00";"0.00";"0.00"
"2017";"6";"13";"2";"0";"3913";"275.";"7.5";"13.1";"84.";"8.";"0.00";"0.00";"0.00"
"2017";"6";"13";"2";"1";"3914";"280.";"6.7";"13.2";"85.";"5.";"0.00";"0.00";"0.00"
"2017";"6";"13";"2";"2";"3915";"285.";"6.1";"13.2";"83.";"4.";"0.00";"0.00";"0.00"
"2017";"6";"13";"2";"3";"3916";"283.";"5.9";"13.1";"83.";"0.";"0.00";"0.00";"0.00"
"2017";"6";"13";"2";"4";"3917";"286.";"5.9";"13.7";"79.";"2.";"45.92";"178.50";"20.30"
"2017";"6";"13";"2";"5";"3918";"289.";"6.6";"14.3";"75.";"2.";"162.31";"372.95";"62.52"
"2017";"6";"13";"2";"6";"3919";"296.";"6.5";"15.7";"68.";"1.";"323.98";"622.25";"77.58"
"2017";"6";"13";"2";"7";"3920";"301.";"6.2";"16.5";"64.";"0.";"500.29";"793.25";"87.80"
"2017";"6";"13";"2";"8";"3921";"296.";"7.1";"16.6";"62.";"0.";"636.10";"834.48";"109.40"
"2017";"6";"13";"2";"9";"3922";"290.";"7.0";"16.9";"61.";"0.";"752.83";"897.76";"104.68"
"2017";"6";"13";"2";"10";"3923";"290.";"6.9";"17.7";"59.";"1.";"770.77";"795.54";"145.35"
"2017";"6";"13";"2";"11";"3924";"287.";"7.1";"18.1";"58.";"0.";"868.84";"903.56";"128.47"
"2017";"6";"13";"2";"12";"3925";"285.";"7.1";"18.5";"56.";"0.";"874.21";"931.45";"110.98"
"2017";"6";"13";"2";"13";"3926";"284.";"6.7";"19.1";"54.";"0.";"825.29";"879.82";"133.61"
"2017";"6";"13";"2";"14";"3927";"281.";"6.6";"19.1";"56.";"1.";"694.96";"773.37";"136.61"
"2017";"6";"13";"2";"15";"3928";"280.";"6.9";"18.6";"58.";"0.";"624.33";"770.86";"137.78"
"2017";"6";"13";"2";"16";"3929";"282.";"6.2";"17.9";"61.";"1.";"460.52";"675.09";"109.48"
"2017";"6";"13";"2";"17";"3930";"280.";"5.9";"17.4";"66.";"2.";"289.02";"478.22";"99.66"
"2017";"6";"13";"2";"18";"3931";"281.";"5.1";"16.4";"71.";"5.";"112.44";"183.53";"63.33"
"2017";"6";"13";"2";"19";"3932";"280.";"4.5";"15.5";"75.";"3.";"38.66";"131.90";"19.72"
"2017";"6";"13";"2";"20";"3933";"274.";"3.4";"14.5";"79.";"3.";"0.00";"0.00";"0.00"
"2017";"6";"13";"2";"21";"3934";"264.";"3.8";"14.0";"82.";"2.";"0.00";"0.00";"0.00"
"2017";"6";"13";"2";"22";"3935";"259.";"3.3";"13.5";"84.";"1.";"0.00";"0.00";"0.00"
"2017";"6";"13";"2";"23";"3936";"244.";"2.8";"13.1";"86.";"1.";"0.00";"0.00";"0.00"
"2017";"6";"14";"3";"0";"3937";"239.";"2.1";"12.3";"89.";"1.";"0.00";"0.00";"0.00"
"2017";"6";"14";"3";"1";"3938";"240.";"0.8";"11.6";"92.";"4.";"0.00";"0.00";"0.00"
"2017";"6";"14";"3";"2";"3939";"282.";"1.3";"11.6";"93.";"1.";"0.00";"0.00";"0.00"
"2017";"6";"14";"3";"3";"3940";"291.";"1.5";"11.5";"93.";"1.";"0.00";"0.00";"0.00"
"2017";"6";"14";"3";"4";"3941";"288.";"2.5";"12.7";"88.";"2.";"46.78";"191.87";"19.05"
"2017";"6";"14";"3";"5";"3942";"289.";"3.2";"15.2";"79.";"1.";"172.80";"423.69";"59.05"
"2017";"6";"14";"3";"6";"3943";"284.";"3.9";"16.2";"74.";"2.";"290.40";"493.79";"94.46"
"2017";"6";"14";"3";"7";"3944";"281.";"4.1";"17.0";"70.";"2.";"451.50";"579.89";"149.51"
"2017";"6";"14";"3";"8";"3945";"277.";"4.5";"17.2";"67.";"6.";"460.60";"214.91";"324.80"
"2017";"6";"14";"3";"9";"3946";"281.";"4.7";"17.6";"62.";"3.";"651.45";"557.92";"248.28"
"2017";"6";"14";"3";"10";"3947";"274.";"4.2";"17.5";"62.";"7.";"549.36";"104.87";"466.85"
"2017";"6";"14";"3";"11";"3948";"275.";"4.1";"17.8";"60.";"8.";"537.63";"0.00";"537.63"
"2017";"6";"14";"3";"12";"3949";"282.";"4.3";"17.6";"59.";"7.";"587.06";"115.19";"492.61"
"2017";"6";"14";"3";"13";"3950";"281.";"5.5";"17.6";"59.";"4.";"671.12";"416.88";"343.11"
"2017";"6";"14";"3";"14";"3951";"277.";"5.0";"18.1";"64.";"4.";"611.61";"434.80";"297.40"
"2017";"6";"14";"3";"15";"3952";"280.";"5.1";"18.6";"63.";"7.";"426.54";"106.31";"359.37"
"2017";"6";"14";"3";"16";"3953";"281.";"4.6";"18.4";"63.";"5.";"382.22";"288.18";"232.14"
"2017";"6";"14";"3";"17";"3954";"278.";"4.7";"18.0";"63.";"2.";"316.84";"529.59";"106.69"
"2017";"6";"14";"3";"18";"3955";"279.";"4.2";"17.3";"67.";"0.";"191.14";"536.91";"46.99"
"2017";"6";"14";"3";"19";"3956";"279.";"3.0";"16.2";"73.";"0.";"51.35";"240.38";"16.61"
"2017";"6";"14";"3";"20";"3957";"269.";"2.4";"15.1";"80.";"1.";"0.00";"0.00";"0.00"
"2017";"6";"14";"3";"21";"3958";"265.";"2.5";"14.5";"83.";"5.";"0.00";"0.00";"0.00"
"2017";"6";"14";"3";"22";"3959";"258.";"2.6";"13.8";"86.";"7.";"0.00";"0.00";"0.00"
"2017";"6";"14";"3";"23";"3960";"235.";"1.8";"13.6";"88.";"8.";"0.00";"0.00";"0.00"
"2017";"6";"15";"4";"0";"3961";"220.";"2.1";"13.0";"90.";"5.";"0.00";"0.00";"0.00"
"2017";"6";"15";"4";"1";"3962";"230.";"2.8";"12.6";"92.";"3.";"0.00";"0.00";"0.00"
"2017";"6";"15";"4";"2";"3963";"231.";"2.4";"12.5";"92.";"4.";"0.00";"0.00";"0.00"
"2017";"6";"15";"4";"3";"3964";"223.";"1.9";"12.8";"92.";"6.";"0.00";"0.00";"0.00"
"2017";"6";"15";"4";"4";"3965";"228.";"1.8";"13.4";"91.";"7.";"19.89";"24.23";"16.36"
"2017";"6";"15";"4";"5";"3966";"250.";"2.4";"14.7";"88.";"8.";"55.59";"0.00";"55.59"
"2017";"6";"15";"4";"6";"3967";"256.";"2.5";"15.5";"83.";"7.";"139.24";"82.17";"106.57"
"2017";"6";"15";"4";"7";"3968";"246.";"2.6";"15.9";"81.";"7.";"330.04";"95.20";"280.40"
"2017";"6";"15";"4";"8";"3969";"242.";"2.6";"17.2";"78.";"6.";"452.64";"204.66";"323.19"
"2017";"6";"15";"4";"9";"3970";"247.";"2.1";"17.3";"75.";"8.";"456.18";"0.00";"456.18"
"2017";"6";"15";"4";"10";"3971";"255.";"3.4";"17.5";"75.";"6.";"585.72";"207.98";"421.96"
"2017";"6";"15";"4";"11";"3972";"245.";"2.6";"18.2";"71.";"6.";"625.72";"228.95";"437.84"
"2017";"6";"15";"4";"12";"3973";"242.";"3.2";"19.2";"67.";"5.";"515.57";"327.65";"246.70"
"2017";"6";"15";"4";"13";"3974";"236.";"3.6";"19.3";"67.";"7.";"543.21";"102.95";"462.15"
"2017";"6";"15";"4";"14";"3975";"215.";"3.1";"19.3";"65.";"8.";"455.42";"0.00";"455.42"
"2017";"6";"15";"4";"15";"3976";"203.";"3.3";"19.6";"63.";"2.";"538.17";"631.43";"138.75"
"2017";"6";"15";"4";"16";"3977";"200.";"3.6";"19.7";"61.";"3.";"430.05";"492.27";"173.35"
"2017";"6";"15";"4";"17";"3978";"192.";"3.5";"19.0";"65.";"5.";"263.12";"250.11";"163.68"
"2017";"6";"15";"4";"18";"3979";"186.";"3.4";"18.2";"70.";"8.";"115.69";"0.00";"115.69"
"2017";"6";"15";"4";"19";"3980";"170.";"2.8";"17.5";"72.";"8.";"30.69";"0.00";"30.69"
"2017";"6";"15";"4";"20";"3981";"149.";"2.7";"16.5";"74.";"6.";"0.00";"0.00";"0.00"
"2017";"6";"15";"4";"21";"3982";"149.";"2.6";"16.2";"76.";"8.";"0.00";"0.00";"0.00"
"2017";"6";"15";"4";"22";"3983";"136.";"2.8";"16.2";"76.";"8.";"0.00";"0.00";"0.00"
"2017";"6";"15";"4";"23";"3984";"134.";"3.1";"16.3";"76.";"8.";"0.00";"0.00";"0.00"
"2017";"6";"16";"5";"0";"3985";"131.";"3.8";"16.3";"77.";"8.";"0.00";"0.00";"0.00"
"2017";"6";"16";"5";"1";"3986";"140.";"3.5";"15.9";"78.";"7.";"0.00";"0.00";"0.00"
"2017";"6";"16";"5";"2";"3987";"155.";"4.6";"16.0";"77.";"8.";"0.00";"0.00";"0.00"
"2017";"6";"16";"5";"3";"3988";"160.";"3.8";"15.4";"88.";"7.";"0.00";"0.00";"0.00"
"2017";"6";"16";"5";"4";"3989";"149.";"4.0";"14.8";"95.";"7.";"10.54";"10.68";"8.98"
"2017";"6";"16";"5";"5";"3990";"137.";"6.0";"14.9";"96.";"8.";"29.73";"0.00";"29.73"
"2017";"6";"16";"5";"6";"3991";"131.";"4.0";"15.4";"94.";"6.";"166.97";"149.39";"107.48"
"2017";"6";"16";"5";"7";"3992";"128.";"3.2";"16.1";"91.";"7.";"199.19";"93.59";"150.33"
"2017";"6";"16";"5";"8";"3993";"158.";"2.3";"15.8";"91.";"8.";"105.79";"0.00";"105.79"
"2017";"6";"16";"5";"9";"3994";"172.";"2.7";"16.0";"94.";"8.";"123.40";"0.00";"123.40"
"2017";"6";"16";"5";"10";"3995";"240.";"2.2";"16.6";"91.";"8.";"134.44";"0.00";"134.44"
"2017";"6";"16";"5";"11";"3996";"266.";"1.2";"17.0";"88.";"7.";"338.66";"92.40";"262.79"
"2017";"6";"16";"5";"12";"3997";"268.";"2.0";"17.5";"87.";"7.";"219.98";"60.72";"170.13"
"2017";"6";"16";"5";"13";"3998";"261.";"3.0";"18.2";"84.";"7.";"214.94";"68.55";"160.93"
"2017";"6";"16";"5";"14";"3999";"273.";"3.9";"17.8";"86.";"6.";"265.21";"155.10";"152.95"
"2017";"6";"16";"5";"15";"4000";"295.";"2.0";"17.3";"87.";"4.";"345.09";"319.06";"143.08"
"2017";"6";"16";"5";"16";"4001";"300.";"4.6";"17.0";"86.";"5.";"223.31";"219.53";"108.70"
"2017";"6";"16";"5";"17";"4002";"305.";"4.8";"16.4";"91.";"6.";"109.64";"74.66";"79.90"
"2017";"6";"16";"5";"18";"4003";"315.";"4.0";"16.3";"92.";"8.";"29.06";"0.00";"29.06"
"2017";"6";"16";"5";"19";"4004";"307.";"3.0";"16.1";"92.";"7.";"10.33";"13.36";"8.38"
"2017";"6";"16";"5";"20";"4005";"314.";"2.8";"16.0";"94.";"8.";"0.00";"0.00";"0.00"
"2017";"6";"16";"5";"21";"4006";"319.";"1.9";"15.8";"95.";"6.";"0.00";"0.00";"0.00"
"2017";"6";"16";"5";"22";"4007";"315.";"2.6";"15.8";"96.";"7.";"0.00";"0.00";"0.00"
"2017";"6";"16";"5";"23";"4008";"321.";"2.7";"15.8";"95.";"6.";"0.00";"0.00";"0.00"
"2017";"6";"17";"6";"0";"4009";"320.";"2.4";"15.7";"95.";"6.";"0.00";"0.00";"0.00"
"2017";"6";"17";"6";"1";"4010";"316.";"2.2";"15.6";"95.";"7.";"0.00";"0.00";"0.00"
"2017";"6";"17";"6";"2";"4011";"314.";"2.0";"15.3";"95.";"7.";"0.00";"0.00";"0.00"
"2017";"6";"17";"6";"3";"4012";"314.";"2.1";"15.3";"95.";"5.";"0.00";"0.00";"0.00"
"2017";"6";"17";"6";"4";"4013";"306.";"2.5";"15.5";"94.";"5.";"24.23";"62.60";"15.04"
"2017";"6";"17";"6";"5";"4014";"335.";"1.6";"16.8";"87.";"3.";"135.31";"266.34";"63.23"
"2017";"6";"17";"6";"6";"4015";"311.";"2.0";"18.1";"82.";"2.";"292.82";"521.87";"84.70"
"2017";"6";"17";"6";"7";"4016";"301.";"2.5";"19.4";"77.";"1.";"453.24";"696.01";"89.50"
"2017";"6";"17";"6";"8";"4017";"297.";"2.8";"19.9";"72.";"2.";"533.72";"632.56";"132.92"
"2017";"6";"17";"6";"9";"4018";"295.";"4.0";"20.2";"67.";"0.";"741.12";"881.69";"102.55"
"2017";"6";"17";"6";"10";"4019";"294.";"5.0";"20.4";"61.";"1.";"763.23";"782.59";"146.28"
"2017";"6";"17";"6";"11";"4020";"295.";"5.1";"20.7";"61.";"2.";"738.73";"693.45";"169.05"
"2017";"6";"17";"6";"12";"4021";"293.";"5.1";"20.6";"59.";"2.";"758.54";"710.45";"174.89"
"2017";"6";"17";"6";"13";"4022";"292.";"5.3";"20.4";"57.";"1.";"770.44";"809.49";"132.28"
"2017";"6";"17";"6";"14";"4023";"292.";"4.8";"20.6";"57.";"0.";"767.02";"915.61";"103.89"
"2017";"6";"17";"6";"15";"4024";"289.";"5.2";"20.0";"52.";"3.";"507.93";"552.94";"157.58"
"2017";"6";"17";"6";"16";"4025";"288.";"4.0";"18.7";"53.";"6.";"257.35";"201.36";"152.12"
"2017";"6";"17";"6";"17";"4026";"281.";"3.6";"19.1";"54.";"5.";"210.21";"255.74";"108.23"
"2017";"6";"17";"6";"18";"4027";"270.";"3.2";"17.4";"65.";"7.";"79.98";"67.87";"61.61"
"2017";"6";"17";"6";"19";"4028";"254.";"3.2";"17.0";"74.";"5.";"38.62";"86.04";"25.99"
"2017";"6";"17";"6";"20";"4029";"241.";"3.1";"15.8";"80.";"3.";"0.00";"0.00";"0.00"
"2017";"6";"17";"6";"21";"4030";"239.";"3.6";"15.0";"84.";"3.";"0.00";"0.00";"0.00"
"2017";"6";"17";"6";"22";"4031";"225.";"3.3";"15.3";"87.";"3.";"0.00";"0.00";"0.00"
"2017";"6";"17";"6";"23";"4032";"222.";"2.9";"15.4";"88.";"6.";"0.00";"0.00";"0.00"
"2017";"6";"18";"7";"0";"4033";"230.";"3.2";"15.6";"89.";"7.";"0.00";"0.00";"0.00"
"2017";"6";"18";"7";"1";"4034";"227.";"2.4";"15.4";"90.";"8.";"0.00";"0.00";"0.00"
"2017";"6";"18";"7";"2";"4035";"252.";"2.5";"15.5";"90.";"8.";"0.00";"0.00";"0.00"
"2017";"6";"18";"7";"3";"4036";"268.";"3.5";"15.6";"89.";"7.";"0.00";"0.00";"0.00"
"2017";"6";"18";"7";"4";"4037";"277.";"4.5";"15.8";"88.";"6.";"22.65";"49.50";"15.36"
"2017";"6";"18";"7";"5";"4038";"280.";"4.7";"16.2";"86.";"6.";"93.56";"125.91";"59.42"
"2017";"6";"18";"7";"6";"4039";"283.";"5.1";"17.5";"81.";"7.";"139.09";"85.43";"104.98"
"2017";"6";"18";"7";"7";"4040";"287.";"5.2";"18.4";"75.";"5.";"290.72";"269.37";"149.83"
"2017";"6";"18";"7";"8";"4041";"290.";"5.6";"18.8";"75.";"4.";"428.14";"398.55";"175.44"
"2017";"6";"18";"7";"9";"4042";"270.";"4.8";"19.0";"74.";"3.";"566.79";"523.81";"187.22"
"2017";"6";"18";"7";"10";"4043";"263.";"3.3";"19.5";"74.";"6.";"413.71";"217.31";"242.31"
"2017";"6";"18";"7";"11";"4044";"270.";"4.0";"20.4";"72.";"4.";"584.73";"427.74";"233.18"
"2017";"6";"18";"7";"12";"4045";"272.";"4.4";"21.5";"70.";"3.";"651.76";"525.07";"220.21"
"2017";"6";"18";"7";"13";"4046";"268.";"3.9";"21.7";"69.";"2.";"694.41";"673.02";"163.59"
"2017";"6";"18";"7";"14";"4047";"270.";"4.9";"21.5";"68.";"1.";"674.06";"714.87";"156.03"
"2017";"6";"18";"7";"15";"4048";"261.";"4.9";"21.8";"67.";"2.";"533.18";"639.28";"127.86"
"2017";"6";"18";"7";"16";"4049";"258.";"4.5";"21.6";"67.";"1.";"452.95";"690.90";"91.58"
"2017";"6";"18";"7";"17";"4050";"259.";"4.7";"20.7";"69.";"1.";"310.09";"578.48";"79.12"
"2017";"6";"18";"7";"18";"4051";"256.";"5.2";"19.7";"73.";"1.";"168.25";"445.65";"47.43"
"2017";"6";"18";"7";"19";"4052";"258.";"4.5";"18.8";"76.";"1.";"38.74";"165.49";"14.36"
"2017";"6";"18";"7";"20";"4053";"263.";"4.8";"17.9";"81.";"0.";"0.00";"0.00";"0.00"
"2017";"6";"18";"7";"21";"4054";"268.";"4.5";"17.2";"85.";"0.";"0.00";"0.00";"0.00"
"2017";"6";"18";"7";"22";"4055";"261.";"4.0";"16.5";"88.";"0.";"0.00";"0.00";"0.00"
"2017";"6";"18";"7";"23";"4056";"267.";"3.7";"16.1";"89.";"1.";"0.00";"0.00";"0.00"
"2017";"6";"19";"1";"0";"4057";"273.";"4.5";"15.7";"89.";"4.";"0.00";"0.00";"0.00"
"2017";"6";"19";"1";"1";"4058";"281.";"3.9";"15.2";"89.";"6.";"0.00";"0.00";"0.00"
"2017";"6";"19";"1";"2";"4059";"280.";"4.1";"15.0";"90.";"5.";"0.00";"0.00";"0.00"
"2017";"6";"19";"1";"3";"4060";"281.";"4.3";"14.9";"89.";"3.";"0.00";"0.00";"0.00"
"2017";"6";"19";"1";"4";"4061";"284.";"4.2";"15.2";"88.";"2.";"40.76";"166.86";"16.11"
"2017";"6";"19";"1";"5";"4062";"286.";"4.2";"16.2";"83.";"1.";"173.24";"452.49";"50.37"
"2017";"6";"19";"1";"6";"4063";"285.";"4.2";"17.4";"78.";"1.";"316.02";"598.70";"76.75"
"2017";"6";"19";"1";"7";"4064";"280.";"4.4";"17.9";"75.";"1.";"452.38";"647.34";"113.55"
"2017";"6";"19";"1";"8";"4065";"276.";"4.8";"17.8";"75.";"2.";"536.33";"626.10";"139.16"
"2017";"6";"19";"1";"9";"4066";"274.";"4.7";"18.3";"75.";"3.";"574.48";"556.42";"171.10"
"2017";"6";"19";"1";"10";"4067";"269.";"4.7";"19.0";"70.";"3.";"637.42";"572.49";"185.72"
"2017";"6";"19";"1";"11";"4068";"269.";"4.8";"19.1";"68.";"4.";"593.41";"445.79";"226.89"
"2017";"6";"19";"1";"12";"4069";"267.";"4.8";"19.2";"67.";"3.";"662.69";"545.38";"214.29"
"2017";"6";"19";"1";"13";"4070";"263.";"4.4";"20.3";"66.";"3.";"626.91";"528.37";"210.02"
"2017";"6";"19";"1";"14";"4071";"255.";"3.8";"20.4";"67.";"6.";"386.87";"226.59";"222.61"
"2017";"6";"19";"1";"15";"4072";"229.";"3.7";"20.3";"71.";"5.";"373.74";"303.48";"181.22"
"2017";"6";"19";"1";"16";"4073";"218.";"4.0";"20.8";"69.";"2.";"415.35";"579.21";"112.18"
"2017";"6";"19";"1";"17";"4074";"208.";"4.6";"19.8";"74.";"3.";"251.14";"360.23";"107.17"
"2017";"6";"19";"1";"18";"4075";"185.";"4.1";"19.3";"78.";"6.";"90.06";"117.70";"58.10"
"2017";"6";"19";"1";"19";"4076";"191.";"4.0";"19.1";"79.";"7.";"15.79";"21.92";"12.55"
"2017";"6";"19";"1";"20";"4077";"214.";"4.7";"18.6";"82.";"7.";"0.00";"0.00";"0.00"
"2017";"6";"19";"1";"21";"4078";"248.";"4.1";"18.9";"83.";"7.";"0.00";"0.00";"0.00"
"2017";"6";"19";"1";"22";"4079";"269.";"5.0";"18.1";"84.";"8.";"0.00";"0.00";"0.00"
"2017";"6";"19";"1";"23";"4080";"261.";"6.6";"16.5";"89.";"8.";"0.00";"0.00";"0.00"
"2017";"6";"20";"2";"0";"4081";"264.";"7.4";"16.1";"87.";"7.";"0.00";"0.00";"0.00"
"2017";"6";"20";"2";"1";"4082";"269.";"7.3";"15.5";"84.";"7.";"0.00";"0.00";"0.00"
"2017";"6";"20";"2";"2";"4083";"284.";"6.7";"15.1";"87.";"6.";"0.00";"0.00";"0.00"
"2017";"6";"20";"2";"3";"4084";"304.";"5.9";"15.4";"76.";"6.";"0.00";"0.00";"0.00"
"2017";"6";"20";"2";"4";"4085";"310.";"5.9";"15.7";"71.";"7.";"23.68";"32.06";"18.93"
"2017";"6";"20";"2";"5";"4086";"316.";"5.8";"16.0";"57.";"3.";"162.74";"369.12";"62.39"
"2017";"6";"20";"2";"6";"4087";"314.";"6.1";"16.4";"54.";"2.";"314.44";"558.98";"90.87"
"2017";"6";"20";"2";"7";"4088";"310.";"6.4";"16.8";"53.";"1.";"467.12";"660.87";"121.03"
"2017";"6";"20";"2";"8";"4089";"301.";"7.3";"16.7";"53.";"2.";"554.74";"668.00";"130.81"
"2017";"6";"20";"2";"9";"4090";"293.";"6.9";"16.6";"54.";"4.";"515.11";"414.13";"214.78"
"2017";"6";"20";"2";"10";"4091";"292.";"7.5";"17.3";"54.";"3.";"649.78";"586.56";"186.84"
"2017";"6";"20";"2";"11";"4092";"292.";"7.5";"17.3";"53.";"2.";"746.45";"683.25";"184.54"
"2017";"6";"20";"2";"12";"4093";"290.";"7.3";"17.2";"51.";"2.";"743.73";"665.96";"196.04"
"2017";"6";"20";"2";"13";"4094";"287.";"7.0";"17.5";"48.";"3.";"649.88";"577.02";"194.47"
"2017";"6";"20";"2";"14";"4095";"286.";"7.3";"18.1";"47.";"2.";"646.79";"668.23";"162.19"
"2017";"6";"20";"2";"15";"4096";"284.";"7.1";"17.9";"50.";"3.";"497.34";"526.04";"163.50"
"2017";"6";"20";"2";"16";"4097";"283.";"7.2";"17.4";"54.";"2.";"431.52";"592.37";"121.30"
"2017";"6";"20";"2";"17";"4098";"280.";"7.2";"17.2";"61.";"0.";"353.32";"714.20";"67.68"
"2017";"6";"20";"2";"18";"4099";"281.";"7.6";"16.3";"65.";"0.";"198.31";"545.43";"50.03"
"2017";"6";"20";"2";"19";"4100";"285.";"7.2";"15.3";"70.";"0.";"58.97";"252.47";"21.58"
"2017";"6";"20";"2";"20";"4101";"288.";"6.5";"15.0";"72.";"0.";"0.00";"0.00";"0.00"
"2017";"6";"20";"2";"21";"4102";"290.";"6.3";"14.9";"73.";"0.";"0.00";"0.00";"0.00"
"2017";"6";"20";"2";"22";"4103";"295.";"5.9";"14.8";"70.";"0.";"0.00";"0.00";"0.00"
"2017";"6";"20";"2";"23";"4104";"297.";"5.6";"14.6";"69.";"0.";"0.00";"0.00";"0.00"
"2017";"6";"21";"3";"0";"4105";"302.";"5.2";"14.2";"71.";"0.";"0.00";"0.00";"0.00"
"2017";"6";"21";"3";"1";"4106";"308.";"4.5";"13.3";"73.";"0.";"0.00";"0.00";"0.00"
"2017";"6";"21";"3";"2";"4107";"310.";"3.9";"12.4";"75.";"0.";"0.00";"0.00";"0.00"
"2017";"6";"21";"3";"3";"4108";"311.";"3.0";"11.7";"77.";"0.";"0.00";"0.00";"0.00"
"2017";"6";"21";"3";"4";"4109";"318.";"2.6";"13.2";"71.";"1.";"62.52";"269.31";"22.56"
"2017";"6";"21";"3";"5";"4110";"333.";"2.8";"14.8";"59.";"1.";"197.01";"520.83";"55.31"
"2017";"6";"21";"3";"6";"4111";"331.";"2.2";"15.6";"49.";"0.";"373.81";"754.99";"71.70"
"2017";"6";"21";"3";"7";"4112";"322.";"2.6";"16.2";"47.";"0.";"518.01";"841.84";"76.99"
"2017";"6";"21";"3";"8";"4113";"319.";"2.5";"17.6";"43.";"1.";"640.40";"786.97";"140.83"
"2017";"6";"21";"3";"9";"4114";"302.";"2.7";"18.2";"41.";"0.";"758.65";"872.58";"125.71"
"2017";"6";"21";"3";"10";"4115";"286.";"3.7";"17.8";"43.";"0.";"837.54";"894.65";"131.30"
"2017";"6";"21";"3";"11";"4116";"281.";"4.3";"18.3";"45.";"0.";"887.10";"961.73";"96.02"
"2017";"6";"21";"3";"12";"4117";"285.";"4.1";"17.8";"47.";"1.";"816.59";"807.57";"152.32"
"2017";"6";"21";"3";"13";"4118";"280.";"4.3";"17.6";"46.";"4.";"570.78";"424.28";"235.85"
"2017";"6";"21";"3";"14";"4119";"279.";"4.0";"17.5";"47.";"1.";"697.87";"740.42";"160.79"
"2017";"6";"21";"3";"15";"4120";"276.";"3.6";"17.8";"49.";"0.";"644.01";"841.92";"109.56"
"2017";"6";"21";"3";"16";"4121";"274.";"3.7";"17.6";"52.";"0.";"522.62";"833.74";"85.84"
"2017";"6";"21";"3";"17";"4122";"266.";"3.2";"17.1";"55.";"1.";"331.24";"625.62";"80.89"
"2017";"6";"21";"3";"18";"4123";"275.";"2.8";"15.8";"63.";"5.";"124.67";"217.82";"65.40"
"2017";"6";"21";"3";"19";"4124";"285.";"2.6";"14.9";"67.";"8.";"19.99";"0.00";"19.99"
"2017";"6";"21";"3";"20";"4125";"280.";"3.1";"14.2";"71.";"7.";"0.00";"0.00";"0.00"
"2017";"6";"21";"3";"21";"4126";"267.";"3.6";"13.4";"75.";"7.";"0.00";"0.00";"0.00"
"2017";"6";"21";"3";"22";"4127";"261.";"3.6";"13.1";"76.";"7.";"0.00";"0.00";"0.00"
"2017";"6";"21";"3";"23";"4128";"251.";"2.9";"12.7";"79.";"3.";"0.00";"0.00";"0.00"
"2017";"6";"22";"4";"0";"4129";"250.";"3.5";"12.7";"80.";"7.";"0.00";"0.00";"0.00"
"2017";"6";"22";"4";"1";"4130";"245.";"3.3";"13.1";"79.";"7.";"0.00";"0.00";"0.00"
"2017";"6";"22";"4";"2";"4131";"247.";"3.2";"13.2";"80.";"7.";"0.00";"0.00";"0.00"
"2017";"6";"22";"4";"3";"4132";"250.";"2.4";"13.3";"79.";"7.";"0.00";"0.00";"0.00"
"2017";"6";"22";"4";"4";"4133";"233.";"2.4";"13.4";"78.";"7.";"25.72";"35.69";"20.42"
"2017";"6";"22";"4";"5";"4134";"229.";"3.2";"14.0";"78.";"7.";"83.48";"71.12";"64.12"
"2017";"6";"22";"4";"6";"4135";"244.";"4.0";"14.1";"79.";"8.";"222.97";"0.00";"222.97"
"2017";"6";"22";"4";"7";"4136";"245.";"4.1";"14.3";"80.";"8.";"154.83";"0.00";"154.83"
"2017";"6";"22";"4";"8";"4137";"241.";"3.7";"14.4";"80.";"8.";"194.43";"0.00";"194.43"
"2017";"6";"22";"4";"9";"4138";"254.";"3.2";"14.6";"86.";"8.";"216.34";"0.00";"216.34"
"2017";"6";"22";"4";"10";"4139";"247.";"3.5";"14.7";"84.";"8.";"246.60";"0.00";"246.60"
"2017";"6";"22";"4";"11";"4140";"233.";"4.0";"14.8";"83.";"8.";"263.34";"0.00";"263.34"
"2017";"6";"22";"4";"12";"4141";"237.";"3.3";"15.1";"78.";"7.";"354.98";"110.70";"263.91"
"2017";"6";"22";"4";"13";"4142";"228.";"3.1";"15.1";"77.";"8.";"261.78";"0.00";"261.78"
"2017";"6";"22";"4";"14";"4143";"210.";"2.8";"15.7";"75.";"8.";"236.48";"0.00";"236.48"
"2017";"6";"22";"4";"15";"4144";"207.";"3.1";"15.5";"74.";"7.";"269.12";"109.96";"199.31"
"2017";"6";"22";"4";"16";"4145";"207.";"2.3";"15.4";"74.";"8.";"158.22";"0.00";"158.22"
"2017";"6";"22";"4";"17";"4146";"207.";"1.8";"15.3";"72.";"8.";"110.90";"0.00";"110.90"
"2017";"6";"22";"4";"18";"4147";"195.";"1.4";"15.1";"75.";"6.";"102.56";"141.16";"64.14"
"2017";"6";"22";"4";"19";"4148";"153.";"1.8";"15.1";"76.";"7.";"23.94";"33.22";"19.00"
"2017";"6";"22";"4";"20";"4149";"75.";"1.2";"14.6";"79.";"6.";"0.00";"0.00";"0.00"
"2017";"6";"22";"4";"21";"4150";"76.";"1.3";"13.9";"82.";"7.";"0.00";"0.00";"0.00"
"2017";"6";"22";"4";"22";"4151";"71.";"1.9";"12.8";"87.";"4.";"0.00";"0.00";"0.00"
"2017";"6";"22";"4";"23";"4152";"68.";"1.8";"12.3";"90.";"4.";"0.00";"0.00";"0.00"
"2017";"6";"23";"5";"0";"4153";"65.";"1.2";"12.7";"90.";"8.";"0.00";"0.00";"0.00"
"2017";"6";"23";"5";"1";"4154";"72.";"1.5";"13.3";"90.";"8.";"0.00";"0.00";"0.00"
"2017";"6";"23";"5";"2";"4155";"58.";"1.7";"13.7";"88.";"7.";"0.00";"0.00";"0.00"
"2017";"6";"23";"5";"3";"4156";"67.";"1.8";"13.7";"88.";"8.";"0.00";"0.00";"0.00"
"2017";"6";"23";"5";"4";"4157";"71.";"1.8";"14.3";"87.";"8.";"16.50";"0.00";"16.50"
"2017";"6";"23";"5";"5";"4158";"84.";"1.6";"15.4";"82.";"7.";"80.56";"68.63";"61.88"
"2017";"6";"23";"5";"6";"4159";"108.";"1.9";"17.1";"75.";"7.";"145.09";"89.05";"109.44"
"2017";"6";"23";"5";"7";"4160";"134.";"1.6";"18.3";"70.";"8.";"156.27";"0.00";"156.27"
"2017";"6";"23";"5";"8";"4161";"133.";"1.8";"19.3";"64.";"8.";"199.91";"0.00";"199.91"
"2017";"6";"23";"5";"9";"4162";"161.";"1.7";"20.0";"63.";"7.";"314.00";"113.76";"231.47"
"2017";"6";"23";"5";"10";"4163";"205.";"1.9";"20.7";"62.";"7.";"347.02";"116.44";"255.09"
"2017";"6";"23";"5";"11";"4164";"241.";"3.5";"19.5";"66.";"8.";"272.88";"0.00";"272.88"
"2017";"6";"23";"5";"12";"4165";"233.";"3.2";"17.8";"70.";"8.";"551.06";"0.00";"551.06"
"2017";"6";"23";"5";"13";"4166";"230.";"3.2";"16.6";"83.";"7.";"204.68";"52.43";"163.29"
"2017";"6";"23";"5";"14";"4167";"221.";"3.5";"15.5";"94.";"8.";"116.06";"0.00";"116.06"
"2017";"6";"23";"5";"15";"4168";"221.";"2.3";"15.9";"91.";"7.";"163.63";"61.14";"124.81"
"2017";"6";"23";"5";"16";"4169";"239.";"3.2";"15.6";"93.";"7.";"127.98";"57.09";"98.07"
"2017";"6";"23";"5";"17";"4170";"274.";"4.0";"15.7";"92.";"7.";"84.32";"39.66";"68.44"
"2017";"6";"23";"5";"18";"4171";"278.";"5.1";"15.1";"89.";"7.";"79.16";"67.43";"60.80"
"2017";"6";"23";"5";"19";"4172";"263.";"3.9";"14.9";"89.";"7.";"19.79";"26.02";"15.92"
"2017";"6";"23";"5";"20";"4173";"250.";"4.7";"13.9";"91.";"6.";"0.00";"0.00";"0.00"
"2017";"6";"23";"5";"21";"4174";"245.";"4.2";"13.8";"92.";"8.";"0.00";"0.00";"0.00"
"2017";"6";"23";"5";"22";"4175";"235.";"4.3";"14.3";"91.";"7.";"0.00";"0.00";"0.00"
"2017";"6";"23";"5";"23";"4176";"241.";"4.5";"14.3";"92.";"8.";"0.00";"0.00";"0.00"
"2017";"6";"24";"6";"0";"4177";"249.";"4.7";"14.5";"92.";"8.";"0.00";"0.00";"0.00"
"2017";"6";"24";"6";"1";"4178";"252.";"5.6";"14.7";"91.";"8.";"0.00";"0.00";"0.00"
"2017";"6";"24";"6";"2";"4179";"257.";"4.9";"14.7";"89.";"7.";"0.00";"0.00";"0.00"
"2017";"6";"24";"6";"3";"4180";"248.";"5.7";"14.6";"89.";"8.";"0.00";"0.00";"0.00"
"2017";"6";"24";"6";"4";"4181";"250.";"5.7";"14.7";"88.";"8.";"15.30";"0.00";"15.30"
"2017";"6";"24";"6";"5";"4182";"254.";"5.5";"15.0";"84.";"8.";"58.74";"0.00";"58.74"
"2017";"6";"24";"6";"6";"4183";"259.";"6.2";"15.1";"79.";"7.";"146.55";"89.96";"110.55"
"2017";"6";"24";"6";"7";"4184";"262.";"6.3";"15.3";"71.";"7.";"204.80";"95.20";"154.92"
"2017";"6";"24";"6";"8";"4185";"260.";"6.1";"16.3";"66.";"6.";"325.92";"215.02";"189.41"
"2017";"6";"24";"6";"9";"4186";"253.";"6.2";"16.8";"61.";"4.";"616.72";"439.23";"298.09"
"2017";"6";"24";"6";"10";"4187";"246.";"6.5";"17.0";"60.";"1.";"802.01";"825.46";"150.34"
"2017";"6";"24";"6";"11";"4188";"246.";"5.7";"17.4";"62.";"4.";"720.10";"475.11";"329.27"
"2017";"6";"24";"6";"12";"4189";"241.";"4.7";"16.9";"68.";"6.";"441.00";"225.37";"255.60"
"2017";"6";"24";"6";"13";"4190";"257.";"4.8";"17.0";"71.";"6.";"421.30";"228.68";"240.77"
"2017";"6";"24";"6";"14";"4191";"269.";"6.2";"17.5";"64.";"3.";"575.07";"533.13";"188.32"
"2017";"6";"24";"6";"15";"4192";"269.";"6.1";"17.1";"63.";"8.";"193.29";"0.00";"193.29"
"2017";"6";"24";"6";"16";"4193";"263.";"7.7";"17.0";"58.";"6.";"253.31";"184.15";"156.82"
"2017";"6";"24";"6";"17";"4194";"258.";"7.3";"16.3";"61.";"5.";"212.99";"263.84";"107.39"
"2017";"6";"24";"6";"18";"4195";"263.";"8.3";"15.8";"55.";"0.";"207.37";"585.22";"48.09"
"2017";"6";"24";"6";"19";"4196";"263.";"7.9";"14.8";"60.";"1.";"63.21";"269.79";"23.16"
"2017";"6";"24";"6";"20";"4197";"262.";"7.6";"14.2";"61.";"1.";"0.00";"0.00";"0.00"
"2017";"6";"24";"6";"21";"4198";"259.";"7.4";"14.1";"67.";"5.";"0.00";"0.00";"0.00"
"2017";"6";"24";"6";"22";"4199";"255.";"7.3";"13.8";"71.";"7.";"0.00";"0.00";"0.00"
"2017";"6";"24";"6";"23";"4200";"252.";"6.4";"13.3";"74.";"8.";"0.00";"0.00";"0.00"
"2017";"6";"25";"7";"0";"4201";"252.";"6.2";"13.4";"73.";"4.";"0.00";"0.00";"0.00"
"2017";"6";"25";"7";"1";"4202";"249.";"6.6";"13.7";"74.";"6.";"0.00";"0.00";"0.00"
"2017";"6";"25";"7";"2";"4203";"241.";"5.8";"13.5";"78.";"7.";"0.00";"0.00";"0.00"
"2017";"6";"25";"7";"3";"4204";"231.";"6.7";"12.0";"83.";"8.";"0.00";"0.00";"0.00"
"2017";"6";"25";"7";"4";"4205";"229.";"6.2";"12.1";"87.";"8.";"10.18";"0.00";"10.18"
"2017";"6";"25";"7";"5";"4206";"234.";"6.8";"13.2";"80.";"8.";"35.86";"0.00";"35.86"
"2017";"6";"25";"7";"6";"4207";"239.";"6.9";"13.8";"76.";"7.";"144.17";"86.37";"109.62"
"2017";"6";"25";"7";"7";"4208";"244.";"8.0";"14.5";"71.";"6.";"362.05";"192.47";"261.23"
"2017";"6";"25";"7";"8";"4209";"247.";"7.7";"14.6";"71.";"7.";"258.67";"97.62";"196.71"
"2017";"6";"25";"7";"9";"4210";"248.";"5.6";"13.0";"79.";"8.";"246.93";"0.00";"246.93"
"2017";"6";"25";"7";"10";"4211";"250.";"5.9";"13.5";"78.";"7.";"227.53";"76.36";"167.25"
"2017";"6";"25";"7";"11";"4212";"259.";"7.1";"12.8";"74.";"7.";"380.67";"73.77";"319.99"
"2017";"6";"25";"7";"12";"4213";"258.";"7.3";"14.2";"69.";"5.";"392.56";"235.83";"198.59"
"2017";"6";"25";"7";"13";"4214";"253.";"7.3";"15.6";"62.";"6.";"417.86";"210.40";"251.78"
"2017";"6";"25";"7";"14";"4215";"252.";"7.2";"14.1";"67.";"6.";"267.16";"143.57";"163.03"
"2017";"6";"25";"7";"15";"4216";"256.";"7.2";"14.1";"68.";"5.";"288.31";"218.27";"149.77"
"2017";"6";"25";"7";"16";"4217";"252.";"7.3";"14.3";"69.";"7.";"132.94";"60.46";"101.27"
"2017";"6";"25";"7";"17";"4218";"251.";"7.5";"13.9";"74.";"6.";"124.29";"111.41";"79.72"
"2017";"6";"25";"7";"18";"4219";"255.";"8.3";"13.0";"78.";"7.";"52.22";"40.55";"41.19"
"2017";"6";"25";"7";"19";"4220";"255.";"8.1";"12.9";"78.";"7.";"16.22";"20.63";"13.16"
"2017";"6";"25";"7";"20";"4221";"252.";"8.6";"12.5";"79.";"8.";"0.00";"0.00";"0.00"
"2017";"6";"25";"7";"21";"4222";"249.";"8.8";"12.6";"78.";"7.";"0.00";"0.00";"0.00"
"2017";"6";"25";"7";"22";"4223";"252.";"7.8";"12.4";"83.";"7.";"0.00";"0.00";"0.00"
"2017";"6";"25";"7";"23";"4224";"251.";"8.3";"12.4";"80.";"8.";"0.00";"0.00";"0.00"
"2017";"6";"26";"1";"0";"4225";"253.";"8.0";"12.4";"79.";"8.";"0.00";"0.00";"0.00"
"2017";"6";"26";"1";"1";"4226";"250.";"7.6";"12.4";"79.";"8.";"0.00";"0.00";"0.00"
"2017";"6";"26";"1";"2";"4227";"248.";"8.6";"12.3";"83.";"7.";"0.00";"0.00";"0.00"
"2017";"6";"26";"1";"3";"4228";"262.";"7.9";"12.4";"78.";"7.";"0.00";"0.00";"0.00"
"2017";"6";"26";"1";"4";"4229";"274.";"8.3";"12.2";"80.";"7.";"15.74";"17.15";"13.20"
"2017";"6";"26";"1";"5";"4230";"284.";"7.1";"13.1";"76.";"4.";"110.54";"209.93";"53.49"
"2017";"6";"26";"1";"6";"4231";"293.";"7.1";"14.7";"67.";"4.";"245.69";"366.28";"99.24"
"2017";"6";"26";"1";"7";"4232";"294.";"7.2";"15.4";"64.";"3.";"392.06";"511.16";"124.43"
"2017";"6";"26";"1";"8";"4233";"289.";"7.5";"15.6";"62.";"4.";"440.97";"419.03";"175.09"
"2017";"6";"26";"1";"9";"4234";"282.";"8.2";"15.8";"61.";"6.";"381.14";"214.73";"225.44"
"2017";"6";"26";"1";"10";"4235";"280.";"7.6";"16.4";"61.";"2.";"710.93";"691.60";"165.15"
"2017";"6";"26";"1";"11";"4236";"275.";"7.4";"16.8";"60.";"3.";"669.86";"553.82";"214.45"
"2017";"6";"26";"1";"12";"4237";"273.";"7.7";"16.6";"58.";"3.";"671.97";"558.45";"212.75"
"2017";"6";"26";"1";"13";"4238";"270.";"8.4";"16.9";"59.";"3.";"636.12";"537.42";"212.01"
"2017";"6";"26";"1";"14";"4239";"269.";"8.5";"16.8";"60.";"3.";"569.96";"501.28";"206.48"
"2017";"6";"26";"1";"15";"4240";"267.";"8.0";"16.1";"61.";"1.";"589.36";"710.83";"138.32"
"2017";"6";"26";"1";"16";"4241";"265.";"7.8";"15.6";"64.";"1.";"455.26";"606.91";"137.50"
"2017";"6";"26";"1";"17";"4242";"264.";"8.3";"15.4";"65.";"1.";"327.27";"612.04";"82.56"
"2017";"6";"26";"1";"18";"4243";"260.";"7.3";"14.8";"68.";"8.";"60.16";"0.00";"60.16"
"2017";"6";"26";"1";"19";"4244";"262.";"6.9";"14.2";"70.";"7.";"25.53";"33.81";"20.52"
"2017";"6";"26";"1";"20";"4245";"268.";"7.4";"13.8";"71.";"5.";"0.00";"0.00";"0.00"
"2017";"6";"26";"1";"21";"4246";"266.";"7.0";"13.1";"73.";"3.";"0.00";"0.00";"0.00"
"2017";"6";"26";"1";"22";"4247";"261.";"6.0";"12.6";"74.";"1.";"0.00";"0.00";"0.00"
"2017";"6";"26";"1";"23";"4248";"262.";"5.5";"12.6";"76.";"0.";"0.00";"0.00";"0.00"
"2017";"6";"27";"2";"0";"4249";"266.";"5.5";"13.0";"75.";"0.";"0.00";"0.00";"0.00"
"2017";"6";"27";"2";"1";"4250";"275.";"5.0";"13.1";"73.";"0.";"0.00";"0.00";"0.00"
"2017";"6";"27";"2";"2";"4251";"279.";"4.3";"13.2";"75.";"1.";"0.00";"0.00";"0.00"
"2017";"6";"27";"2";"3";"4252";"280.";"3.9";"13.2";"76.";"2.";"0.00";"0.00";"0.00"
"2017";"6";"27";"2";"4";"4253";"308.";"2.5";"13.6";"76.";"1.";"57.47";"248.56";"20.78"
"2017";"6";"27";"2";"5";"4254";"57.";"3.1";"14.1";"68.";"1.";"188.18";"507.04";"50.59"
"2017";"6";"27";"2";"6";"4255";"63.";"2.7";"14.9";"56.";"1.";"342.58";"653.32";"81.58"
"2017";"6";"27";"2";"7";"4256";"54.";"2.7";"15.6";"49.";"6.";"268.03";"210.20";"158.04"
"2017";"6";"27";"2";"8";"4257";"47.";"1.9";"16.7";"45.";"1.";"618.85";"785.06";"120.94"
"2017";"6";"27";"2";"9";"4258";"60.";"1.1";"17.5";"42.";"1.";"732.77";"810.51";"145.29"
"2017";"6";"27";"2";"10";"4259";"326.";"1.2";"18.6";"39.";"3.";"749.59";"596.29";"279.18"
"2017";"6";"27";"2";"11";"4260";"314.";"2.3";"19.3";"38.";"7.";"608.84";"120.41";"509.85"
"2017";"6";"27";"2";"12";"4261";"304.";"3.5";"19.0";"39.";"7.";"595.31";"119.07";"497.43"
"2017";"6";"27";"2";"13";"4262";"309.";"4.1";"19.3";"39.";"5.";"666.80";"357.26";"384.95"
"2017";"6";"27";"2";"14";"4263";"307.";"4.3";"19.4";"39.";"3.";"677.70";"582.18";"255.72"
"2017";"6";"27";"2";"15";"4264";"308.";"3.7";"19.3";"38.";"6.";"463.94";"203.05";"335.16"
"2017";"6";"27";"2";"16";"4265";"296.";"3.7";"18.7";"38.";"2.";"482.21";"632.47";"151.26"
"2017";"6";"27";"2";"17";"4266";"296.";"3.0";"17.7";"40.";"6.";"263.78";"183.98";"190.28"
"2017";"6";"27";"2";"18";"4267";"299.";"2.7";"16.8";"43.";"8.";"134.50";"0.00";"134.50"
"2017";"6";"27";"2";"19";"4268";"306.";"2.1";"15.8";"48.";"8.";"46.40";"0.00";"46.40"
"2017";"6";"27";"2";"20";"4269";"303.";"1.6";"14.4";"57.";"8.";"0.00";"0.00";"0.00"
"2017";"6";"27";"2";"21";"4270";"326.";"1.3";"13.1";"64.";"8.";"0.00";"0.00";"0.00"
"2017";"6";"27";"2";"22";"4271";"11.";"1.4";"12.4";"68.";"8.";"0.00";"0.00";"0.00"
"2017";"6";"27";"2";"23";"4272";"17.";"1.3";"12.1";"72.";"8.";"0.00";"0.00";"0.00"
"2017";"6";"28";"3";"0";"4273";"349.";"1.0";"12.3";"74.";"8.";"0.00";"0.00";"0.00"
"2017";"6";"28";"3";"1";"4274";"37.";"0.8";"11.7";"75.";"8.";"0.00";"0.00";"0.00"
"2017";"6";"28";"3";"2";"4275";"72.";"0.7";"12.0";"76.";"8.";"0.00";"0.00";"0.00"
"2017";"6";"28";"3";"3";"4276";"109.";"1.0";"12.2";"75.";"8.";"0.00";"0.00";"0.00"
"2017";"6";"28";"3";"4";"4277";"98.";"1.4";"12.6";"73.";"8.";"41.01";"0.00";"41.01"
"2017";"6";"28";"3";"5";"4278";"108.";"2.1";"14.1";"69.";"7.";"138.41";"72.40";"118.79"
"2017";"6";"28";"3";"6";"4279";"119.";"2.4";"16.0";"62.";"7.";"243.55";"91.65";"206.97"
"2017";"6";"28";"3";"7";"4280";"123.";"2.9";"16.7";"58.";"8.";"320.89";"0.00";"320.89"
"2017";"6";"28";"3";"8";"4281";"114.";"3.0";"18.2";"52.";"5.";"509.00";"332.35";"298.34"
"2017";"6";"28";"3";"9";"4282";"118.";"2.9";"19.3";"49.";"8.";"468.46";"0.00";"468.46"
"2017";"6";"28";"3";"10";"4283";"110.";"2.9";"20.0";"48.";"8.";"511.17";"0.00";"511.17"
"2017";"6";"28";"3";"11";"4284";"111.";"3.5";"20.9";"44.";"8.";"542.32";"0.00";"542.32"
"2017";"6";"28";"3";"12";"4285";"111.";"3.8";"21.4";"45.";"7.";"587.80";"116.98";"491.68"
"2017";"6";"28";"3";"13";"4286";"104.";"4.2";"21.9";"43.";"6.";"598.37";"222.41";"422.98"
"2017";"6";"28";"3";"14";"4287";"107.";"3.0";"22.2";"42.";"6.";"539.12";"212.73";"385.00"
"2017";"6";"28";"3";"15";"4288";"112.";"2.5";"21.9";"42.";"7.";"442.24";"110.66";"372.10"
"2017";"6";"28";"3";"16";"4289";"113.";"2.5";"21.1";"46.";"7.";"346.96";"103.07";"293.07"
"2017";"6";"28";"3";"17";"4290";"101.";"3.1";"20.5";"44.";"7.";"239.78";"91.57";"203.23"
"2017";"6";"28";"3";"18";"4291";"113.";"3.4";"20.0";"44.";"8.";"129.27";"0.00";"129.27"
"2017";"6";"28";"3";"19";"4292";"117.";"3.9";"19.3";"41.";"8.";"44.54";"0.00";"44.54"
"2017";"6";"28";"3";"20";"4293";"109.";"4.7";"18.6";"41.";"8.";"0.00";"0.00";"0.00"
"2017";"6";"28";"3";"21";"4294";"92.";"4.4";"17.9";"45.";"8.";"0.00";"0.00";"0.00"
"2017";"6";"28";"3";"22";"4295";"93.";"5.0";"17.2";"45.";"8.";"0.00";"0.00";"0.00"
"2017";"6";"28";"3";"23";"4296";"88.";"5.7";"16.4";"49.";"8.";"0.00";"0.00";"0.00"
"2017";"6";"29";"4";"0";"4297";"81.";"5.8";"16.0";"50.";"8.";"0.00";"0.00";"0.00"
"2017";"6";"29";"4";"1";"4298";"76.";"5.5";"15.6";"51.";"8.";"0.00";"0.00";"0.00"
"2017";"6";"29";"4";"2";"4299";"77.";"5.7";"15.4";"50.";"8.";"0.00";"0.00";"0.00"
"2017";"6";"29";"4";"3";"4300";"80.";"5.6";"15.2";"53.";"8.";"0.00";"0.00";"0.00"
"2017";"6";"29";"4";"4";"4301";"79.";"6.1";"15.3";"56.";"8.";"42.82";"0.00";"42.82"
"2017";"6";"29";"4";"5";"4302";"79.";"5.7";"15.5";"59.";"8.";"125.51";"0.00";"125.51"
"2017";"6";"29";"4";"6";"4303";"78.";"6.2";"16.2";"59.";"7.";"237.98";"89.69";"202.23"
"2017";"6";"29";"4";"7";"4304";"77.";"6.6";"16.7";"56.";"7.";"341.16";"103.02";"287.34"
"2017";"6";"29";"4";"8";"4305";"75.";"7.1";"17.7";"51.";"8.";"396.74";"0.00";"396.74"
"2017";"6";"29";"4";"9";"4306";"79.";"7.0";"18.9";"47.";"8.";"467.59";"0.00";"467.59"
"2017";"6";"29";"4";"10";"4307";"79.";"6.7";"18.8";"49.";"8.";"529.63";"0.00";"529.63"
"2017";"6";"29";"4";"11";"4308";"78.";"6.0";"18.5";"53.";"8.";"554.48";"0.00";"554.48"
"2017";"6";"29";"4";"12";"4309";"76.";"6.0";"19.7";"54.";"7.";"585.36";"116.60";"489.59"
"2017";"6";"29";"4";"13";"4310";"71.";"6.0";"19.6";"54.";"7.";"570.99";"117.34";"478.50"
"2017";"6";"29";"4";"14";"4311";"70.";"5.7";"20.3";"51.";"8.";"465.28";"0.00";"465.28"
"2017";"6";"29";"4";"15";"4312";"74.";"6.5";"20.7";"48.";"5.";"506.06";"330.64";"296.63"
"2017";"6";"29";"4";"16";"4313";"75.";"6.7";"21.0";"46.";"6.";"364.80";"204.13";"258.16"
"2017";"6";"29";"4";"17";"4314";"73.";"6.9";"20.7";"45.";"7.";"243.53";"91.75";"206.97"
"2017";"6";"29";"4";"18";"4315";"71.";"6.4";"19.4";"47.";"6.";"149.58";"145.68";"110.20"
"2017";"6";"29";"4";"19";"4316";"69.";"7.1";"18.9";"50.";"7.";"43.13";"36.99";"37.71"
"2017";"6";"29";"4";"20";"4317";"67.";"7.5";"18.0";"53.";"8.";"0.00";"0.00";"0.00"
"2017";"6";"29";"4";"21";"4318";"62.";"6.4";"17.3";"55.";"8.";"0.00";"0.00";"0.00"
"2017";"6";"29";"4";"22";"4319";"60.";"6.3";"17.0";"54.";"8.";"0.00";"0.00";"0.00"
"2017";"6";"29";"4";"23";"4320";"55.";"6.8";"17.1";"55.";"8.";"0.00";"0.00";"0.00"
"2017";"6";"30";"5";"0";"4321";"54.";"6.7";"16.6";"55.";"6.";"0.00";"0.00";"0.00"
"2017";"6";"30";"5";"1";"4322";"52.";"6.6";"16.5";"55.";"6.";"0.00";"0.00";"0.00"
"2017";"6";"30";"5";"2";"4323";"49.";"6.5";"15.9";"57.";"7.";"0.00";"0.00";"0.00"
"2017";"6";"30";"5";"3";"4324";"48.";"6.4";"15.4";"60.";"8.";"0.00";"0.00";"0.00"
"2017";"6";"30";"5";"4";"4325";"48.";"6.6";"15.0";"63.";"7.";"43.19";"37.17";"37.77"
"2017";"6";"30";"5";"5";"4326";"48.";"6.7";"15.2";"63.";"8.";"126.99";"0.00";"126.99"
"2017";"6";"30";"5";"6";"4327";"46.";"6.7";"16.0";"60.";"8.";"224.16";"0.00";"224.16"
"2017";"6";"30";"5";"7";"4328";"48.";"7.2";"16.8";"58.";"7.";"339.15";"102.02";"285.92"
"2017";"6";"30";"5";"8";"4329";"46.";"6.9";"18.0";"55.";"7.";"431.49";"110.19";"361.75"
"2017";"6";"30";"5";"9";"4330";"47.";"6.7";"18.8";"55.";"8.";"462.89";"0.00";"462.89"
"2017";"6";"30";"5";"10";"4331";"52.";"7.7";"19.8";"52.";"6.";"614.39";"234.82";"429.43"
"2017";"6";"30";"5";"11";"4332";"57.";"8.5";"20.4";"49.";"7.";"585.45";"116.14";"490.11"
"2017";"6";"30";"5";"12";"4333";"58.";"8.3";"20.9";"47.";"8.";"541.98";"0.00";"541.98"
"2017";"6";"30";"5";"13";"4334";"63.";"8.8";"21.3";"46.";"8.";"510.57";"0.00";"510.57"
"2017";"6";"30";"5";"14";"4335";"67.";"7.4";"21.3";"47.";"8.";"475.90";"0.00";"475.90"
"2017";"6";"30";"5";"15";"4336";"67.";"7.4";"20.5";"50.";"8.";"404.37";"0.00";"404.37"
"2017";"6";"30";"5";"16";"4337";"70.";"7.2";"19.4";"56.";"8.";"305.38";"0.00";"305.38"
"2017";"6";"30";"5";"17";"4338";"68.";"7.0";"18.9";"57.";"8.";"220.74";"0.00";"220.74"
"2017";"6";"30";"5";"18";"4339";"68.";"6.5";"18.6";"59.";"7.";"133.30";"69.99";"114.43"
"2017";"6";"30";"5";"19";"4340";"67.";"6.3";"18.2";"61.";"7.";"36.34";"30.08";"31.96"
"2017";"6";"30";"5";"20";"4341";"56.";"4.6";"17.5";"64.";"6.";"0.00";"0.00";"0.00"
"2017";"6";"30";"5";"21";"4342";"43.";"4.1";"17.2";"66.";"7.";"0.00";"0.00";"0.00"
"2017";"6";"30";"5";"22";"4343";"41.";"3.5";"16.8";"67.";"8.";"0.00";"0.00";"0.00"
"2017";"6";"30";"5";"23";"4344";"29.";"3.6";"16.1";"70.";"8.";"0.00";"0.00";"0.00"
"2017";"7";"1";"6";"0";"4345";"20.";"3.7";"16.0";"70.";"8.";"0.00";"0.00";"0.00"
"2017";"7";"1";"6";"1";"4346";"17.";"3.6";"16.0";"69.";"8.";"0.00";"0.00";"0.00"
"2017";"7";"1";"6";"2";"4347";"10.";"3.0";"15.5";"70.";"7.";"0.00";"0.00";"0.00"
"2017";"7";"1";"6";"3";"4348";"21.";"2.9";"15.2";"70.";"7.";"0.00";"0.00";"0.00"
"2017";"7";"1";"6";"4";"4349";"20.";"2.9";"15.8";"65.";"3.";"55.21";"184.89";"28.40"
"2017";"7";"1";"6";"5";"4350";"25.";"3.5";"16.5";"63.";"1.";"197.40";"510.83";"60.01"
"2017";"7";"1";"6";"6";"4351";"24.";"3.8";"17.7";"59.";"0.";"363.89";"739.62";"70.08"
"2017";"7";"1";"6";"7";"4352";"23.";"3.9";"19.0";"55.";"0.";"518.89";"831.60";"85.49"
"2017";"7";"1";"6";"8";"4353";"17.";"3.6";"20.3";"51.";"0.";"659.22";"889.38";"96.88"
"2017";"7";"1";"6";"9";"4354";"3.";"3.0";"21.6";"47.";"0.";"774.47";"925.96";"105.01"
"2017";"7";"1";"6";"10";"4355";"9.";"2.8";"22.2";"43.";"0.";"840.86";"949.29";"93.63"
"2017";"7";"1";"6";"11";"4356";"13.";"2.7";"23.4";"39.";"1.";"813.97";"810.19";"149.33"
"2017";"7";"1";"6";"12";"4357";"359.";"2.3";"23.7";"37.";"1.";"845.36";"835.20";"160.20"
"2017";"7";"1";"6";"13";"4358";"345.";"3.3";"23.6";"37.";"0.";"838.53";"924.52";"110.79"
"2017";"7";"1";"6";"14";"4359";"329.";"4.3";"23.8";"37.";"1.";"729.17";"808.38";"144.72"
"2017";"7";"1";"6";"15";"4360";"331.";"4.1";"23.5";"38.";"6.";"448.20";"175.87";"337.00"
"2017";"7";"1";"6";"16";"4361";"310.";"5.2";"22.8";"39.";"5.";"301.11";"235.35";"178.45"
"2017";"7";"1";"6";"17";"4362";"313.";"4.9";"22.0";"38.";"3.";"314.55";"466.83";"129.10"
"2017";"7";"1";"6";"18";"4363";"305.";"5.1";"21.0";"43.";"0.";"210.22";"595.11";"50.16"
"2017";"7";"1";"6";"19";"4364";"300.";"5.0";"18.4";"58.";"0.";"59.44";"274.79";"19.59"
"2017";"7";"1";"6";"20";"4365";"297.";"3.7";"16.5";"72.";"0.";"0.00";"0.00";"0.00"
"2017";"7";"1";"6";"21";"4366";"289.";"2.7";"15.4";"80.";"0.";"0.00";"0.00";"0.00"
"2017";"7";"1";"6";"22";"4367";"280.";"3.3";"14.7";"83.";"0.";"0.00";"0.00";"0.00"
"2017";"7";"1";"6";"23";"4368";"269.";"4.0";"14.3";"87.";"2.";"0.00";"0.00";"0.00"
"2017";"7";"2";"7";"0";"4369";"262.";"4.2";"14.1";"87.";"6.";"0.00";"0.00";"0.00"
"2017";"7";"2";"7";"1";"4370";"259.";"4.4";"13.8";"83.";"8.";"0.00";"0.00";"0.00"
"2017";"7";"2";"7";"2";"4371";"255.";"4.1";"13.8";"82.";"6.";"0.00";"0.00";"0.00"
"2017";"7";"2";"7";"3";"4372";"258.";"4.6";"13.7";"81.";"5.";"0.00";"0.00";"0.00"
"2017";"7";"2";"7";"4";"4373";"261.";"5.4";"14.0";"79.";"6.";"28.57";"60.14";"19.91"
"2017";"7";"2";"7";"5";"4374";"263.";"5.4";"14.4";"78.";"7.";"79.79";"65.15";"62.33"
"2017";"7";"2";"7";"6";"4375";"265.";"5.5";"14.6";"79.";"8.";"106.47";"0.00";"106.47"
"2017";"7";"2";"7";"7";"4376";"259.";"6.2";"14.9";"80.";"8.";"150.95";"0.00";"150.95"
"2017";"7";"2";"7";"8";"4377";"250.";"6.2";"15.1";"80.";"8.";"191.86";"0.00";"191.86"
"2017";"7";"2";"7";"9";"4378";"254.";"6.6";"16.2";"74.";"8.";"227.49";"0.00";"227.49"
"2017";"7";"2";"7";"10";"4379";"262.";"6.1";"17.1";"68.";"6.";"421.87";"227.25";"243.14"
"2017";"7";"2";"7";"11";"4380";"269.";"7.6";"17.3";"67.";"5.";"523.62";"345.03";"240.79"
"2017";"7";"2";"7";"12";"4381";"270.";"9.0";"17.4";"59.";"4.";"587.12";"402.91";"256.83"
"2017";"7";"2";"7";"13";"4382";"270.";"9.0";"16.7";"62.";"6.";"298.38";"156.32";"175.43"
"2017";"7";"2";"7";"14";"4383";"268.";"8.6";"16.4";"63.";"6.";"271.36";"156.88";"158.04"
"2017";"7";"2";"7";"15";"4384";"268.";"9.3";"16.0";"66.";"6.";"317.14";"185.44";"200.02"
"2017";"7";"2";"7";"16";"4385";"267.";"9.6";"15.9";"62.";"6.";"254.20";"186.43";"157.18"
"2017";"7";"2";"7";"17";"4386";"266.";"9.9";"15.2";"68.";"7.";"142.69";"80.76";"110.67"
"2017";"7";"2";"7";"18";"4387";"267.";"9.8";"14.7";"70.";"6.";"99.80";"126.71";"65.83"
"2017";"7";"2";"7";"19";"4388";"269.";"8.9";"14.2";"69.";"4.";"42.88";"136.94";"23.15"
"2017";"7";"2";"7";"20";"4389";"270.";"9.7";"13.8";"72.";"5.";"0.00";"0.00";"0.00"
"2017";"7";"2";"7";"21";"4390";"270.";"9.4";"13.6";"75.";"7.";"0.00";"0.00";"0.00"
"2017";"7";"2";"7";"22";"4391";"277.";"9.8";"13.4";"74.";"5.";"0.00";"0.00";"0.00"
"2017";"7";"2";"7";"23";"4392";"277.";"10.3";"13.4";"73.";"5.";"0.00";"0.00";"0.00"
"2017";"7";"3";"1";"0";"4393";"278.";"9.5";"13.2";"72.";"5.";"0.00";"0.00";"0.00"
"2017";"7";"3";"1";"1";"4394";"279.";"9.2";"13.1";"70.";"5.";"0.00";"0.00";"0.00"
"2017";"7";"3";"1";"2";"4395";"280.";"9.4";"13.0";"71.";"5.";"0.00";"0.00";"0.00"
"2017";"7";"3";"1";"3";"4396";"280.";"9.6";"13.1";"69.";"1.";"0.00";"0.00";"0.00"
"2017";"7";"3";"1";"4";"4397";"281.";"9.3";"13.2";"68.";"2.";"54.85";"212.31";"24.47"
"2017";"7";"3";"1";"5";"4398";"281.";"9.6";"13.4";"68.";"3.";"155.78";"341.21";"64.63"
"2017";"7";"3";"1";"6";"4399";"282.";"9.0";"14.0";"65.";"3.";"272.46";"420.79";"106.01"
"2017";"7";"3";"1";"7";"4400";"282.";"8.6";"14.6";"63.";"2.";"425.20";"551.80";"138.47"
"2017";"7";"3";"1";"8";"4401";"279.";"9.6";"14.9";"62.";"2.";"542.56";"605.97";"160.30"
"2017";"7";"3";"1";"9";"4402";"275.";"9.0";"15.2";"62.";"4.";"518.10";"433.55";"205.23"
"2017";"7";"3";"1";"10";"4403";"272.";"9.1";"16.2";"63.";"4.";"568.66";"434.41";"227.28"
"2017";"7";"3";"1";"11";"4404";"272.";"8.2";"16.7";"60.";"4.";"599.60";"448.49";"232.25"
"2017";"7";"3";"1";"12";"4405";"269.";"7.6";"17.4";"57.";"1.";"799.03";"746.37";"187.69"
"2017";"7";"3";"1";"13";"4406";"267.";"6.9";"18.0";"58.";"3.";"633.87";"530.87";"216.69"
"2017";"7";"3";"1";"14";"4407";"260.";"6.2";"17.4";"61.";"6.";"383.32";"224.99";"220.95"
"2017";"7";"3";"1";"15";"4408";"265.";"5.1";"17.0";"63.";"8.";"389.26";"0.00";"389.26"
"2017";"7";"3";"1";"16";"4409";"252.";"5.2";"16.6";"68.";"8.";"153.50";"0.00";"153.50"
"2017";"7";"3";"1";"17";"4410";"239.";"5.6";"15.9";"73.";"7.";"92.01";"54.76";"70.35"
"2017";"7";"3";"1";"18";"4411";"248.";"3.9";"15.2";"75.";"5.";"120.17";"213.18";"63.22"
"2017";"7";"3";"1";"19";"4412";"270.";"3.9";"14.6";"79.";"6.";"20.02";"46.19";"13.41"
"2017";"7";"3";"1";"20";"4413";"267.";"5.9";"12.7";"83.";"7.";"0.00";"0.00";"0.00"
"2017";"7";"3";"1";"21";"4414";"265.";"5.6";"12.4";"82.";"8.";"0.00";"0.00";"0.00"
"2017";"7";"3";"1";"22";"4415";"262.";"5.3";"12.3";"82.";"8.";"0.00";"0.00";"0.00"
"2017";"7";"3";"1";"23";"4416";"262.";"4.9";"12.4";"82.";"7.";"0.00";"0.00";"0.00"
"2017";"7";"4";"2";"0";"4417";"267.";"5.0";"12.5";"83.";"5.";"0.00";"0.00";"0.00"
"2017";"7";"4";"2";"1";"4418";"272.";"4.2";"12.3";"84.";"6.";"0.00";"0.00";"0.00"
"2017";"7";"4";"2";"2";"4419";"270.";"3.5";"12.1";"84.";"5.";"0.00";"0.00";"0.00"
"2017";"7";"4";"2";"3";"4420";"285.";"2.7";"12.0";"83.";"5.";"0.00";"0.00";"0.00"
"2017";"7";"4";"2";"4";"4421";"298.";"2.5";"12.5";"82.";"1.";"55.24";"246.15";"20.29"
"2017";"7";"4";"2";"5";"4422";"305.";"2.8";"14.3";"77.";"1.";"185.67";"500.00";"52.62"
"2017";"7";"4";"2";"6";"4423";"332.";"2.9";"15.4";"71.";"1.";"333.03";"641.92";"79.73"
"2017";"7";"4";"2";"7";"4424";"350.";"2.7";"16.0";"68.";"2.";"438.80";"621.30";"116.52"
"2017";"7";"4";"2";"8";"4425";"345.";"2.6";"17.0";"63.";"2.";"559.19";"665.91";"139.67"
"2017";"7";"4";"2";"9";"4426";"322.";"3.1";"17.8";"57.";"5.";"354.80";"265.06";"163.73"
"2017";"7";"4";"2";"10";"4427";"306.";"4.2";"18.3";"54.";"3.";"661.61";"593.41";"195.73"
"2017";"7";"4";"2";"11";"4428";"296.";"5.0";"19.2";"50.";"3.";"670.94";"555.19";"216.60"
"2017";"7";"4";"2";"12";"4429";"301.";"5.3";"19.3";"47.";"0.";"881.12";"952.79";"101.41"
"2017";"7";"4";"2";"13";"4430";"304.";"6.2";"19.1";"45.";"0.";"831.38";"886.89";"135.09"
"2017";"7";"4";"2";"14";"4431";"304.";"6.2";"18.9";"44.";"0.";"750.40";"850.26";"137.49"
"2017";"7";"4";"2";"15";"4432";"299.";"5.4";"19.1";"41.";"0.";"640.70";"817.00";"126.00"
"2017";"7";"4";"2";"16";"4433";"302.";"4.9";"18.7";"43.";"0.";"509.81";"804.31";"92.60"
"2017";"7";"4";"2";"17";"4434";"303.";"4.0";"18.0";"44.";"0.";"370.47";"757.34";"71.62"
"2017";"7";"4";"2";"18";"4435";"301.";"3.8";"17.2";"49.";"0.";"210.86";"602.22";"50.60"
"2017";"7";"4";"2";"19";"4436";"298.";"3.4";"15.8";"58.";"0.";"65.39";"309.01";"21.51"
"2017";"7";"4";"2";"20";"4437";"288.";"2.7";"14.1";"70.";"0.";"0.00";"0.00";"0.00"
"2017";"7";"4";"2";"21";"4438";"286.";"1.3";"12.6";"78.";"2.";"0.00";"0.00";"0.00"
"2017";"7";"4";"2";"22";"4439";"249.";"1.2";"11.2";"82.";"3.";"0.00";"0.00";"0.00"
"2017";"7";"4";"2";"23";"4440";"233.";"1.5";"10.9";"85.";"4.";"0.00";"0.00";"0.00"
"2017";"7";"5";"3";"0";"4441";"230.";"1.6";"11.1";"88.";"6.";"0.00";"0.00";"0.00"
"2017";"7";"5";"3";"1";"4442";"222.";"1.4";"10.7";"89.";"5.";"0.00";"0.00";"0.00"
"2017";"7";"5";"3";"2";"4443";"209.";"1.5";"10.5";"90.";"5.";"0.00";"0.00";"0.00"
"2017";"7";"5";"3";"3";"4444";"209.";"1.1";"11.1";"90.";"5.";"0.00";"0.00";"0.00"
"2017";"7";"5";"3";"4";"4445";"192.";"0.9";"11.7";"88.";"4.";"31.44";"109.61";"16.01"
"2017";"7";"5";"3";"5";"4446";"207.";"1.2";"13.9";"82.";"4.";"132.97";"279.92";"58.80"
"2017";"7";"5";"3";"6";"4447";"202.";"1.8";"15.3";"76.";"7.";"141.25";"85.08";"107.77"
"2017";"7";"5";"3";"7";"4448";"208.";"2.5";"16.3";"71.";"1.";"459.06";"675.54";"109.31"
"2017";"7";"5";"3";"8";"4449";"221.";"2.9";"17.0";"68.";"1.";"575.19";"661.99";"158.75"
"2017";"7";"5";"3";"9";"4450";"238.";"3.2";"17.6";"66.";"0.";"738.14";"837.29";"135.31"
"2017";"7";"5";"3";"10";"4451";"231.";"3.7";"17.6";"66.";"0.";"820.79";"878.47";"131.84"
"2017";"7";"5";"3";"11";"4452";"225.";"3.6";"18.1";"64.";"0.";"865.91";"910.50";"121.53"
"2017";"7";"5";"3";"12";"4453";"229.";"3.5";"18.2";"63.";"2.";"784.16";"652.96";"250.33"
"2017";"7";"5";"3";"13";"4454";"234.";"3.7";"18.6";"58.";"0.";"827.01";"901.27";"120.17"
"2017";"7";"5";"3";"14";"4455";"241.";"3.4";"18.7";"59.";"0.";"740.21";"841.24";"134.53"
"2017";"7";"5";"3";"15";"4456";"254.";"2.6";"18.5";"59.";"1.";"603.77";"714.10";"154.55"
"2017";"7";"5";"3";"16";"4457";"262.";"2.9";"18.6";"63.";"2.";"421.20";"581.57";"120.10"
"2017";"7";"5";"3";"17";"4458";"274.";"2.3";"18.5";"66.";"1.";"326.05";"591.59";"93.23"
"2017";"7";"5";"3";"18";"4459";"290.";"2.3";"17.6";"67.";"1.";"182.33";"478.79";"55.47"
"2017";"7";"5";"3";"19";"4460";"298.";"2.8";"16.6";"73.";"0.";"48.89";"229.20";"16.63"
"2017";"7";"5";"3";"20";"4461";"310.";"2.5";"15.6";"85.";"1.";"0.00";"0.00";"0.00"
"2017";"7";"5";"3";"21";"4462";"313.";"2.1";"14.5";"88.";"4.";"0.00";"0.00";"0.00"
"2017";"7";"5";"3";"22";"4463";"296.";"1.9";"13.7";"88.";"4.";"0.00";"0.00";"0.00"
"2017";"7";"5";"3";"23";"4464";"289.";"1.7";"12.8";"88.";"3.";"0.00";"0.00";"0.00"
"2017";"7";"6";"4";"0";"4465";"286.";"1.0";"11.7";"88.";"1.";"0.00";"0.00";"0.00"
"2017";"7";"6";"4";"1";"4466";"255.";"0.4";"10.7";"89.";"1.";"0.00";"0.00";"0.00"
"2017";"7";"6";"4";"2";"4467";"186.";"0.3";"10.2";"91.";"3.";"0.00";"0.00";"0.00"
"2017";"7";"6";"4";"3";"4468";"144.";"0.4";"9.8";"92.";"3.";"0.00";"0.00";"0.00"
"2017";"7";"6";"4";"4";"4469";"192.";"0.7";"11.2";"91.";"4.";"37.58";"128.89";"19.60"
"2017";"7";"6";"4";"5";"4470";"170.";"0.7";"13.1";"87.";"3.";"151.04";"351.34";"58.38"
"2017";"7";"6";"4";"6";"4471";"170.";"1.6";"15.1";"80.";"0.";"351.90";"722.88";"68.25"
"2017";"7";"6";"4";"7";"4472";"185.";"2.5";"16.4";"73.";"1.";"459.56";"695.76";"100.09"
"2017";"7";"6";"4";"8";"4473";"210.";"3.3";"16.8";"71.";"4.";"438.99";"440.59";"162.26"
"2017";"7";"6";"4";"9";"4474";"204.";"3.0";"17.4";"67.";"3.";"571.19";"529.03";"190.79"
"2017";"7";"6";"4";"10";"4475";"208.";"3.4";"17.8";"64.";"5.";"487.10";"307.37";"246.31"
"2017";"7";"6";"4";"11";"4476";"218.";"3.8";"18.0";"64.";"6.";"437.61";"219.85";"258.06"
"2017";"7";"6";"4";"12";"4477";"225.";"4.0";"17.4";"63.";"5.";"521.29";"339.59";"243.96"
"2017";"7";"6";"4";"13";"4478";"211.";"3.3";"17.3";"63.";"5.";"637.84";"335.38";"375.11"
"2017";"7";"6";"4";"14";"4479";"209.";"3.6";"17.6";"61.";"6.";"540.00";"218.84";"382.64"
"2017";"7";"6";"4";"15";"4480";"219.";"4.0";"17.5";"59.";"4.";"522.52";"423.08";"256.80"
"2017";"7";"6";"4";"16";"4481";"218.";"3.7";"17.1";"64.";"4.";"403.57";"370.62";"212.08"
"2017";"7";"6";"4";"17";"4482";"218.";"3.2";"17.0";"68.";"6.";"246.66";"166.42";"181.36"
"2017";"7";"6";"4";"18";"4483";"225.";"3.5";"16.3";"73.";"6.";"134.69";"125.90";"101.48"
"2017";"7";"6";"4";"19";"4484";"222.";"2.4";"15.8";"74.";"8.";"30.95";"0.00";"30.95"
"2017";"7";"6";"4";"20";"4485";"237.";"2.3";"15.3";"78.";"8.";"0.00";"0.00";"0.00"
"2017";"7";"6";"4";"21";"4486";"228.";"1.7";"14.8";"81.";"8.";"0.00";"0.00";"0.00"
"2017";"7";"6";"4";"22";"4487";"198.";"0.8";"14.1";"83.";"8.";"0.00";"0.00";"0.00"
"2017";"7";"6";"4";"23";"4488";"193.";"1.2";"13.8";"84.";"8.";"0.00";"0.00";"0.00"
"2017";"7";"7";"5";"0";"4489";"218.";"1.2";"13.6";"85.";"8.";"0.00";"0.00";"0.00"
"2017";"7";"7";"5";"1";"4490";"186.";"0.4";"13.6";"85.";"8.";"0.00";"0.00";"0.00"
"2017";"7";"7";"5";"2";"4491";"227.";"0.5";"13.8";"84.";"8.";"0.00";"0.00";"0.00"
"2017";"7";"7";"5";"3";"4492";"191.";"0.4";"13.8";"82.";"8.";"0.00";"0.00";"0.00"
"2017";"7";"7";"5";"4";"4493";"187.";"1.1";"14.3";"80.";"8.";"15.57";"0.00";"15.57"
"2017";"7";"7";"5";"5";"4494";"170.";"1.2";"15.2";"77.";"8.";"59.41";"0.00";"59.41"
"2017";"7";"7";"5";"6";"4495";"168.";"1.3";"16.3";"73.";"8.";"217.63";"0.00";"217.63"
"2017";"7";"7";"5";"7";"4496";"211.";"1.6";"17.2";"71.";"8.";"313.61";"0.00";"313.61"
"2017";"7";"7";"5";"8";"4497";"227.";"2.3";"18.3";"67.";"7.";"434.91";"109.89";"366.01"
"2017";"7";"7";"5";"9";"4498";"237.";"2.5";"18.6";"62.";"7.";"492.04";"101.39";"419.24"
"2017";"7";"7";"5";"10";"4499";"230.";"2.4";"19.1";"61.";"7.";"569.25";"117.77";"477.10"
"2017";"7";"7";"5";"11";"4500";"238.";"2.6";"19.8";"58.";"6.";"441.11";"230.98";"252.70"
"2017";"7";"7";"5";"12";"4501";"248.";"2.5";"19.8";"59.";"8.";"312.52";"0.00";"312.52"
"2017";"7";"7";"5";"13";"4502";"253.";"2.7";"19.0";"61.";"8.";"306.47";"0.00";"306.47"
"2017";"7";"7";"5";"14";"4503";"264.";"2.4";"18.6";"67.";"7.";"501.70";"114.25";"419.67"
"2017";"7";"7";"5";"15";"4504";"260.";"2.8";"17.8";"72.";"8.";"190.79";"0.00";"190.79"
"2017";"7";"7";"5";"16";"4505";"262.";"2.0";"17.3";"71.";"8.";"152.40";"0.00";"152.40"
"2017";"7";"7";"5";"17";"4506";"251.";"2.2";"17.2";"69.";"7.";"91.32";"57.14";"68.96"
"2017";"7";"7";"5";"18";"4507";"240.";"1.4";"17.1";"71.";"5.";"147.63";"206.91";"93.34"
"2017";"7";"7";"5";"19";"4508";"245.";"1.2";"16.5";"73.";"7.";"32.12";"28.84";"28.14"
"2017";"7";"7";"5";"20";"4509";"225.";"1.5";"15.9";"76.";"7.";"0.00";"0.00";"0.00"
"2017";"7";"7";"5";"21";"4510";"227.";"1.7";"15.6";"80.";"6.";"0.00";"0.00";"0.00"
"2017";"7";"7";"5";"22";"4511";"205.";"1.2";"15.3";"82.";"8.";"0.00";"0.00";"0.00"
"2017";"7";"7";"5";"23";"4512";"189.";"1.5";"14.9";"84.";"7.";"0.00";"0.00";"0.00"
"2017";"7";"8";"6";"0";"4513";"193.";"1.8";"14.7";"86.";"8.";"0.00";"0.00";"0.00"
"2017";"7";"8";"6";"1";"4514";"200.";"1.9";"14.6";"86.";"7.";"0.00";"0.00";"0.00"
"2017";"7";"8";"6";"2";"4515";"192.";"2.1";"14.5";"87.";"7.";"0.00";"0.00";"0.00"
"2017";"7";"8";"6";"3";"4516";"213.";"1.8";"14.6";"89.";"8.";"0.00";"0.00";"0.00"
"2017";"7";"8";"6";"4";"4517";"241.";"2.4";"14.6";"91.";"7.";"10.03";"12.25";"8.36"
"2017";"7";"8";"6";"5";"4518";"243.";"2.8";"14.7";"90.";"7.";"47.64";"40.32";"37.11"
"2017";"7";"8";"6";"6";"4519";"248.";"3.4";"15.2";"93.";"8.";"104.88";"0.00";"104.88"
"2017";"7";"8";"6";"7";"4520";"244.";"3.2";"15.6";"91.";"7.";"204.53";"100.82";"152.68"
"2017";"7";"8";"6";"8";"4521";"251.";"3.7";"15.3";"92.";"7.";"155.37";"49.09";"124.65"
"2017";"7";"8";"6";"9";"4522";"250.";"3.6";"15.7";"90.";"7.";"266.42";"58.19";"224.70"
"2017";"7";"8";"6";"10";"4523";"252.";"4.4";"16.0";"88.";"8.";"246.54";"0.00";"246.54"
"2017";"7";"8";"6";"11";"4524";"250.";"4.2";"16.8";"83.";"7.";"350.76";"111.10";"260.25"
"2017";"7";"8";"6";"12";"4525";"255.";"5.0";"17.6";"77.";"7.";"347.76";"105.76";"261.60"
"2017";"7";"8";"6";"13";"4526";"259.";"4.6";"17.1";"78.";"8.";"246.43";"0.00";"246.43"
"2017";"7";"8";"6";"14";"4527";"247.";"3.6";"17.6";"75.";"7.";"302.62";"108.47";"224.85"
"2017";"7";"8";"6";"15";"4528";"260.";"3.7";"18.2";"73.";"4.";"431.97";"427.57";"164.38"
"2017";"7";"8";"6";"16";"4529";"270.";"5.5";"18.4";"64.";"1.";"455.64";"681.53";"105.15"
"2017";"7";"8";"6";"17";"4530";"262.";"5.2";"17.1";"63.";"0.";"339.27";"651.40";"85.33"
"2017";"7";"8";"6";"18";"4531";"260.";"5.5";"15.8";"65.";"2.";"174.82";"405.70";"68.93"
"2017";"7";"8";"6";"19";"4532";"256.";"5.4";"14.8";"70.";"6.";"38.01";"62.74";"29.45"
"2017";"7";"8";"6";"20";"4533";"250.";"5.1";"14.2";"75.";"7.";"0.00";"0.00";"0.00"
"2017";"7";"8";"6";"21";"4534";"242.";"4.1";"14.2";"76.";"8.";"0.00";"0.00";"0.00"
"2017";"7";"8";"6";"22";"4535";"235.";"3.5";"14.1";"77.";"7.";"0.00";"0.00";"0.00"
"2017";"7";"8";"6";"23";"4536";"234.";"3.6";"13.8";"77.";"6.";"0.00";"0.00";"0.00"
"2017";"7";"9";"7";"0";"4537";"241.";"3.9";"13.8";"78.";"5.";"0.00";"0.00";"0.00"
"2017";"7";"9";"7";"1";"4538";"240.";"3.3";"13.7";"80.";"4.";"0.00";"0.00";"0.00"
"2017";"7";"9";"7";"2";"4539";"245.";"4.0";"13.6";"79.";"4.";"0.00";"0.00";"0.00"
"2017";"7";"9";"7";"3";"4540";"249.";"3.9";"13.3";"78.";"4.";"0.00";"0.00";"0.00"
"2017";"7";"9";"7";"4";"4541";"260.";"4.1";"13.7";"75.";"4.";"36.25";"129.17";"18.82"
"2017";"7";"9";"7";"5";"4542";"268.";"4.7";"14.0";"73.";"4.";"131.90";"280.29";"59.17"
"2017";"7";"9";"7";"6";"4543";"273.";"5.5";"14.7";"69.";"5.";"208.08";"266.65";"104.51"
"2017";"7";"9";"7";"7";"4544";"277.";"6.2";"15.5";"63.";"4.";"342.99";"393.90";"140.94"
"2017";"7";"9";"7";"8";"4545";"284.";"6.3";"16.1";"61.";"1.";"568.96";"623.11";"179.76"
"2017";"7";"9";"7";"9";"4546";"288.";"6.2";"16.6";"63.";"4.";"507.35";"412.45";"212.12"
"2017";"7";"9";"7";"10";"4547";"284.";"6.0";"17.1";"62.";"3.";"635.14";"553.38";"203.36"
"2017";"7";"9";"7";"11";"4548";"279.";"5.7";"16.6";"65.";"5.";"520.66";"341.59";"242.73"
"2017";"7";"9";"7";"12";"4549";"274.";"5.5";"17.0";"65.";"5.";"522.14";"348.43";"238.65"
"2017";"7";"9";"7";"13";"4550";"271.";"4.6";"17.4";"64.";"6.";"414.07";"212.46";"248.30"
"2017";"7";"9";"7";"14";"4551";"260.";"4.0";"18.2";"62.";"2.";"625.41";"621.70";"180.41"
"2017";"7";"9";"7";"15";"4552";"261.";"3.3";"18.0";"59.";"4.";"438.74";"438.18";"165.04"
"2017";"7";"9";"7";"16";"4553";"242.";"3.2";"18.0";"62.";"4.";"349.73";"412.11";"138.34"
"2017";"7";"9";"7";"17";"4554";"238.";"2.2";"18.0";"64.";"4.";"234.76";"352.03";"98.03"
"2017";"7";"9";"7";"18";"4555";"228.";"2.1";"17.7";"65.";"1.";"176.41";"485.13";"50.53"
"2017";"7";"9";"7";"19";"4556";"244.";"3.0";"16.8";"71.";"1.";"41.69";"193.17";"15.62"
"2017";"7";"9";"7";"20";"4557";"247.";"2.4";"15.5";"79.";"3.";"0.00";"0.00";"0.00"
"2017";"7";"9";"7";"21";"4558";"210.";"2.0";"14.2";"86.";"1.";"0.00";"0.00";"0.00"
"2017";"7";"9";"7";"22";"4559";"207.";"1.1";"14.1";"89.";"1.";"0.00";"0.00";"0.00"
"2017";"7";"9";"7";"23";"4560";"207.";"0.4";"12.5";"89.";"0.";"0.00";"0.00";"0.00"
"2017";"7";"10";"1";"0";"4561";"196.";"0.4";"12.4";"90.";"2.";"0.00";"0.00";"0.00"
"2017";"7";"10";"1";"1";"4562";"112.";"0.5";"11.9";"91.";"3.";"0.00";"0.00";"0.00"
"2017";"7";"10";"1";"2";"4563";"106.";"1.6";"11.6";"91.";"5.";"0.00";"0.00";"0.00"
"2017";"7";"10";"1";"3";"4564";"134.";"1.9";"11.4";"90.";"4.";"0.00";"0.00";"0.00"
"2017";"7";"10";"1";"4";"4565";"188.";"1.3";"12.2";"90.";"3.";"36.02";"144.51";"16.77"
"2017";"7";"10";"1";"5";"4566";"199.";"1.7";"14.5";"87.";"1.";"165.95";"452.47";"49.27"
"2017";"7";"10";"1";"6";"4567";"202.";"2.3";"16.3";"79.";"3.";"264.77";"445.08";"92.57"
"2017";"7";"10";"1";"7";"4568";"224.";"3.4";"17.4";"69.";"4.";"346.55";"409.35";"137.15"
"2017";"7";"10";"1";"8";"4569";"208.";"3.1";"18.1";"65.";"6.";"223.77";"142.11";"135.19"
"2017";"7";"10";"1";"9";"4570";"218.";"3.6";"18.4";"62.";"6.";"374.94";"213.68";"222.26"
"2017";"7";"10";"1";"10";"4571";"207.";"3.4";"18.9";"59.";"5.";"635.17";"338.84";"371.19"
"2017";"7";"10";"1";"11";"4572";"218.";"3.5";"18.9";"59.";"5.";"663.82";"333.71";"392.70"
"2017";"7";"10";"1";"12";"4573";"215.";"3.2";"18.9";"61.";"7.";"581.86";"116.57";"487.15"
"2017";"7";"10";"1";"13";"4574";"224.";"2.9";"19.0";"61.";"7.";"552.34";"113.77";"463.70"
"2017";"7";"10";"1";"14";"4575";"234.";"2.9";"19.1";"61.";"6.";"536.62";"223.08";"377.22"
"2017";"7";"10";"1";"15";"4576";"239.";"2.3";"18.7";"62.";"8.";"384.91";"0.00";"384.91"
"2017";"7";"10";"1";"16";"4577";"254.";"2.1";"18.1";"63.";"8.";"312.70";"0.00";"312.70"
"2017";"7";"10";"1";"17";"4578";"242.";"1.8";"18.0";"65.";"8.";"214.85";"0.00";"214.85"
"2017";"7";"10";"1";"18";"4579";"248.";"1.3";"17.6";"67.";"6.";"135.34";"137.09";"99.99"
"2017";"7";"10";"1";"19";"4580";"258.";"0.7";"16.9";"72.";"8.";"26.00";"0.00";"26.00"
"2017";"7";"10";"1";"20";"4581";"319.";"0.9";"16.2";"77.";"8.";"0.00";"0.00";"0.00"
"2017";"7";"10";"1";"21";"4582";"331.";"1.1";"15.4";"81.";"8.";"0.00";"0.00";"0.00"
"2017";"7";"10";"1";"22";"4583";"337.";"1.2";"15.0";"84.";"8.";"0.00";"0.00";"0.00"
"2017";"7";"10";"1";"23";"4584";"332.";"1.0";"14.9";"87.";"6.";"0.00";"0.00";"0.00"
"2017";"7";"11";"2";"0";"4585";"322.";"0.7";"14.7";"87.";"8.";"0.00";"0.00";"0.00"
"2017";"7";"11";"2";"1";"4586";"299.";"0.8";"13.6";"89.";"7.";"0.00";"0.00";"0.00"
"2017";"7";"11";"2";"2";"4587";"274.";"0.7";"12.4";"91.";"6.";"0.00";"0.00";"0.00"
"2017";"7";"11";"2";"3";"4588";"333.";"0.4";"12.2";"93.";"7.";"0.00";"0.00";"0.00"
"2017";"7";"11";"2";"4";"4589";"62.";"0.1";"12.3";"93.";"1.";"36.97";"127.34";"20.24"
"2017";"7";"11";"2";"5";"4590";"244.";"0.3";"14.5";"89.";"5.";"139.70";"199.76";"88.53"
"2017";"7";"11";"2";"6";"4591";"220.";"0.6";"17.2";"76.";"4.";"272.23";"346.83";"138.60"
"2017";"7";"11";"2";"7";"4592";"249.";"1.9";"18.4";"66.";"3.";"433.87";"510.38";"173.54"
"2017";"7";"11";"2";"8";"4593";"242.";"1.9";"18.9";"63.";"7.";"273.61";"69.96";"230.10"
"2017";"7";"11";"2";"9";"4594";"212.";"2.2";"19.6";"61.";"3.";"548.92";"475.02";"210.12"
"2017";"7";"11";"2";"10";"4595";"219.";"3.1";"20.0";"60.";"4.";"470.61";"381.77";"173.67"
"2017";"7";"11";"2";"11";"4596";"211.";"4.0";"19.5";"64.";"6.";"434.07";"221.47";"254.40"
"2017";"7";"11";"2";"12";"4597";"211.";"4.8";"19.5";"67.";"7.";"577.89";"116.62";"483.28"
"2017";"7";"11";"2";"13";"4598";"207.";"5.0";"18.0";"77.";"8.";"290.71";"0.00";"290.71"
"2017";"7";"11";"2";"14";"4599";"192.";"5.7";"17.8";"82.";"7.";"466.41";"85.17";"405.67"
"2017";"7";"11";"2";"15";"4600";"183.";"4.4";"18.5";"81.";"7.";"248.52";"95.93";"188.86"
"2017";"7";"11";"2";"16";"4601";"190.";"4.0";"18.3";"79.";"8.";"144.58";"0.00";"144.58"
"2017";"7";"11";"2";"17";"4602";"196.";"4.5";"17.7";"84.";"8.";"57.42";"0.00";"57.42"
"2017";"7";"11";"2";"18";"4603";"207.";"4.1";"17.8";"86.";"7.";"43.42";"36.16";"34.16"
"2017";"7";"11";"2";"19";"4604";"240.";"3.1";"17.1";"85.";"7.";"7.41";"10.77";"6.00"
"2017";"7";"11";"2";"20";"4605";"298.";"1.7";"16.4";"87.";"7.";"0.00";"0.00";"0.00"
"2017";"7";"11";"2";"21";"4606";"211.";"1.8";"16.2";"89.";"6.";"0.00";"0.00";"0.00"
"2017";"7";"11";"2";"22";"4607";"236.";"4.1";"16.2";"86.";"7.";"0.00";"0.00";"0.00"
"2017";"7";"11";"2";"23";"4608";"234.";"4.8";"15.6";"85.";"6.";"0.00";"0.00";"0.00"
"2017";"7";"12";"3";"0";"4609";"232.";"5.2";"15.3";"84.";"8.";"0.00";"0.00";"0.00"
"2017";"7";"12";"3";"1";"4610";"243.";"5.6";"14.5";"83.";"7.";"0.00";"0.00";"0.00"
"2017";"7";"12";"3";"2";"4611";"249.";"5.2";"13.8";"82.";"5.";"0.00";"0.00";"0.00"
"2017";"7";"12";"3";"3";"4612";"242.";"4.7";"13.8";"81.";"8.";"0.00";"0.00";"0.00"
"2017";"7";"12";"3";"4";"4613";"245.";"4.7";"13.7";"79.";"7.";"18.20";"28.06";"14.57"
"2017";"7";"12";"3";"5";"4614";"246.";"4.5";"13.9";"78.";"7.";"75.10";"67.65";"57.89"
"2017";"7";"12";"3";"6";"4615";"244.";"5.0";"14.4";"77.";"7.";"137.85";"85.45";"105.07"
"2017";"7";"12";"3";"7";"4616";"244.";"5.1";"14.9";"73.";"6.";"245.10";"181.24";"152.95"
"2017";"7";"12";"3";"8";"4617";"245.";"4.9";"15.1";"70.";"7.";"254.53";"98.04";"193.71"
"2017";"7";"12";"3";"9";"4618";"247.";"4.8";"15.9";"64.";"3.";"642.83";"544.66";"255.11"
"2017";"7";"12";"3";"10";"4619";"245.";"4.6";"16.3";"62.";"5.";"489.08";"318.32";"241.91"
"2017";"7";"12";"3";"11";"4620";"257.";"4.6";"16.7";"59.";"4.";"482.23";"362.52";"188.60"
"2017";"7";"12";"3";"12";"4621";"264.";"4.1";"17.5";"57.";"3.";"673.75";"595.83";"191.15"
"2017";"7";"12";"3";"13";"4622";"265.";"3.8";"17.9";"56.";"1.";"770.18";"827.98";"127.27"
"2017";"7";"12";"3";"14";"4623";"274.";"3.9";"17.7";"55.";"2.";"635.59";"671.49";"157.59"
"2017";"7";"12";"3";"15";"4624";"276.";"3.9";"18.0";"54.";"3.";"502.29";"557.20";"156.58"
"2017";"7";"12";"3";"16";"4625";"289.";"4.3";"18.1";"54.";"1.";"470.99";"727.39";"101.12"
"2017";"7";"12";"3";"17";"4626";"295.";"4.5";"18.0";"54.";"1.";"325.66";"643.20";"78.91"
"2017";"7";"12";"3";"18";"4627";"295.";"5.3";"17.1";"56.";"0.";"192.61";"571.14";"47.34"
"2017";"7";"12";"3";"19";"4628";"294.";"4.9";"16.1";"62.";"0.";"48.44";"245.68";"16.63"
"2017";"7";"12";"3";"20";"4629";"290.";"3.9";"15.2";"67.";"0.";"0.00";"0.00";"0.00"
"2017";"7";"12";"3";"21";"4630";"294.";"2.7";"13.5";"73.";"1.";"0.00";"0.00";"0.00"
"2017";"7";"12";"3";"22";"4631";"302.";"1.9";"12.1";"80.";"1.";"0.00";"0.00";"0.00"
"2017";"7";"12";"3";"23";"4632";"337.";"0.9";"11.7";"82.";"5.";"0.00";"0.00";"0.00"
"2017";"7";"13";"4";"0";"4633";"65.";"1.3";"10.8";"85.";"0.";"0.00";"0.00";"0.00"
"2017";"7";"13";"4";"1";"4634";"48.";"2.1";"9.6";"88.";"0.";"0.00";"0.00";"0.00"
"2017";"7";"13";"4";"2";"4635";"16.";"1.1";"8.6";"88.";"0.";"0.00";"0.00";"0.00"
"2017";"7";"13";"4";"3";"4636";"327.";"1.2";"8.9";"87.";"0.";"0.00";"0.00";"0.00"
"2017";"7";"13";"4";"4";"4637";"330.";"1.5";"10.6";"83.";"0.";"49.59";"254.51";"17.15"
"2017";"7";"13";"4";"5";"4638";"360.";"2.0";"13.2";"74.";"0.";"189.41";"565.14";"46.74"
"2017";"7";"13";"4";"6";"4639";"342.";"2.0";"15.8";"60.";"0.";"342.74";"730.56";"63.78"
"2017";"7";"13";"4";"7";"4640";"327.";"2.0";"17.2";"52.";"0.";"509.15";"836.35";"85.26"
"2017";"7";"13";"4";"8";"4641";"299.";"3.0";"17.9";"49.";"0.";"632.85";"854.09";"104.26"
"2017";"7";"13";"4";"9";"4642";"290.";"3.8";"18.6";"44.";"1.";"700.22";"817.37";"119.57"
"2017";"7";"13";"4";"10";"4643";"290.";"4.8";"19.0";"46.";"2.";"724.99";"715.98";"170.05"
"2017";"7";"13";"4";"11";"4644";"286.";"4.9";"18.9";"48.";"1.";"827.81";"843.04";"146.14"
"2017";"7";"13";"4";"12";"4645";"282.";"5.4";"18.9";"49.";"2.";"759.82";"722.03";"176.00"
"2017";"7";"13";"4";"13";"4646";"280.";"5.6";"18.4";"50.";"2.";"704.72";"690.93";"169.19"
"2017";"7";"13";"4";"14";"4647";"277.";"5.4";"18.3";"49.";"1.";"697.35";"812.65";"120.05"
"2017";"7";"13";"4";"15";"4648";"276.";"5.3";"18.1";"47.";"1.";"605.63";"785.34";"119.59"
"2017";"7";"13";"4";"16";"4649";"271.";"5.1";"17.8";"49.";"1.";"463.06";"727.52";"94.33"
"2017";"7";"13";"4";"17";"4650";"272.";"5.1";"17.3";"54.";"1.";"318.20";"638.11";"74.54"
"2017";"7";"13";"4";"18";"4651";"272.";"5.0";"16.3";"61.";"1.";"171.50";"487.50";"48.43"
"2017";"7";"13";"4";"19";"4652";"268.";"5.2";"15.4";"66.";"1.";"40.67";"186.13";"16.94"
"2017";"7";"13";"4";"20";"4653";"263.";"4.2";"14.7";"73.";"0.";"0.00";"0.00";"0.00"
"2017";"7";"13";"4";"21";"4654";"261.";"3.6";"14.4";"78.";"3.";"0.00";"0.00";"0.00"
"2017";"7";"13";"4";"22";"4655";"256.";"3.7";"14.1";"80.";"3.";"0.00";"0.00";"0.00"
"2017";"7";"13";"4";"23";"4656";"256.";"3.5";"13.9";"82.";"4.";"0.00";"0.00";"0.00"
"2017";"7";"14";"5";"0";"4657";"261.";"3.9";"14.0";"82.";"5.";"0.00";"0.00";"0.00"
"2017";"7";"14";"5";"1";"4658";"266.";"4.0";"14.2";"81.";"4.";"0.00";"0.00";"0.00"
"2017";"7";"14";"5";"2";"4659";"269.";"4.1";"13.8";"82.";"4.";"0.00";"0.00";"0.00"
"2017";"7";"14";"5";"3";"4660";"269.";"3.8";"13.9";"80.";"5.";"0.00";"0.00";"0.00"
"2017";"7";"14";"5";"4";"4661";"268.";"3.7";"14.2";"77.";"4.";"32.49";"102.83";"19.60"
"2017";"7";"14";"5";"5";"4662";"268.";"5.0";"14.5";"77.";"7.";"79.14";"44.18";"68.08"
"2017";"7";"14";"5";"6";"4663";"264.";"4.3";"14.9";"73.";"7.";"140.86";"90.43";"106.50"
"2017";"7";"14";"5";"7";"4664";"261.";"4.1";"15.9";"69.";"6.";"246.51";"194.17";"148.43"
"2017";"7";"14";"5";"8";"4665";"260.";"3.8";"16.9";"65.";"6.";"448.07";"203.99";"322.15"
"2017";"7";"14";"5";"9";"4666";"263.";"3.7";"17.0";"64.";"6.";"536.27";"226.76";"375.53"
"2017";"7";"14";"5";"10";"4667";"264.";"3.4";"17.5";"64.";"7.";"550.91";"114.92";"462.00"
"2017";"7";"14";"5";"11";"4668";"267.";"3.8";"18.0";"63.";"7.";"376.00";"76.16";"314.53"
"2017";"7";"14";"5";"12";"4669";"267.";"3.3";"18.3";"64.";"3.";"666.42";"590.71";"189.63"
"2017";"7";"14";"5";"13";"4670";"267.";"4.1";"18.6";"61.";"3.";"606.69";"484.83";"231.62"
"2017";"7";"14";"5";"14";"4671";"280.";"4.3";"18.2";"63.";"5.";"571.01";"338.80";"330.85"
"2017";"7";"14";"5";"15";"4672";"269.";"3.6";"18.2";"65.";"1.";"572.35";"715.72";"130.56"
"2017";"7";"14";"5";"16";"4673";"263.";"3.8";"18.3";"65.";"2.";"440.03";"588.53";"142.77"
"2017";"7";"14";"5";"17";"4674";"260.";"3.5";"17.3";"68.";"2.";"298.82";"497.79";"109.66"
"2017";"7";"14";"5";"18";"4675";"251.";"3.5";"16.7";"73.";"5.";"133.60";"195.33";"84.68"
"2017";"7";"14";"5";"19";"4676";"249.";"2.5";"15.9";"76.";"2.";"28.42";"128.70";"12.29"
"2017";"7";"14";"5";"20";"4677";"244.";"1.8";"14.8";"80.";"1.";"0.00";"0.00";"0.00"
"2017";"7";"14";"5";"21";"4678";"256.";"1.6";"13.7";"85.";"0.";"0.00";"0.00";"0.00"
"2017";"7";"14";"5";"22";"4679";"264.";"1.9";"12.2";"87.";"0.";"0.00";"0.00";"0.00"
"2017";"7";"14";"5";"23";"4680";"269.";"1.9";"11.5";"89.";"0.";"0.00";"0.00";"0.00"
"2017";"7";"15";"6";"0";"4681";"243.";"1.8";"11.7";"90.";"0.";"0.00";"0.00";"0.00"
"2017";"7";"15";"6";"1";"4682";"225.";"1.2";"11.0";"92.";"0.";"0.00";"0.00";"0.00"
"2017";"7";"15";"6";"2";"4683";"245.";"1.3";"10.6";"90.";"0.";"0.00";"0.00";"0.00"
"2017";"7";"15";"6";"3";"4684";"249.";"0.9";"10.8";"90.";"0.";"0.00";"0.00";"0.00"
"2017";"7";"15";"6";"4";"4685";"242.";"1.3";"11.7";"89.";"0.";"36.59";"176.41";"14.87"
"2017";"7";"15";"6";"5";"4686";"244.";"1.4";"13.6";"84.";"0.";"177.71";"537.41";"44.23"
"2017";"7";"15";"6";"6";"4687";"253.";"2.7";"16.5";"74.";"0.";"334.85";"710.34";"66.32"
"2017";"7";"15";"6";"7";"4688";"247.";"2.6";"17.2";"67.";"1.";"445.86";"679.75";"103.76"
"2017";"7";"15";"6";"8";"4689";"247.";"3.1";"18.3";"61.";"1.";"592.77";"772.38";"117.32"
"2017";"7";"15";"6";"9";"4690";"248.";"3.3";"19.2";"58.";"0.";"728.07";"844.62";"130.72"
"2017";"7";"15";"6";"10";"4691";"245.";"3.1";"19.2";"57.";"0.";"810.53";"876.87";"133.52"
"2017";"7";"15";"6";"11";"4692";"239.";"3.3";"19.7";"54.";"0.";"858.87";"920.38";"117.38"
"2017";"7";"15";"6";"12";"4693";"236.";"3.6";"20.5";"53.";"0.";"862.37";"946.34";"99.97"
"2017";"7";"15";"6";"13";"4694";"222.";"3.3";"20.4";"52.";"0.";"839.63";"945.82";"109.39"
"2017";"7";"15";"6";"14";"4695";"218.";"3.8";"20.6";"52.";"0.";"737.68";"899.64";"101.42"
"2017";"7";"15";"6";"15";"4696";"210.";"3.9";"20.7";"51.";"0.";"624.64";"865.94";"91.60"
"2017";"7";"15";"6";"16";"4697";"209.";"4.1";"20.4";"53.";"1.";"463.65";"701.13";"110.79"
"2017";"7";"15";"6";"17";"4698";"203.";"4.1";"19.9";"55.";"3.";"287.69";"446.60";"118.86"
"2017";"7";"15";"6";"18";"4699";"198.";"4.2";"19.0";"57.";"2.";"149.94";"406.40";"49.00"
"2017";"7";"15";"6";"19";"4700";"198.";"3.5";"17.6";"67.";"3.";"25.41";"108.20";"12.08"
"2017";"7";"15";"6";"20";"4701";"196.";"2.8";"16.3";"78.";"6.";"0.00";"0.00";"0.00"
"2017";"7";"15";"6";"21";"4702";"190.";"1.7";"16.0";"83.";"8.";"0.00";"0.00";"0.00"
"2017";"7";"15";"6";"22";"4703";"253.";"0.5";"15.4";"86.";"8.";"0.00";"0.00";"0.00"
"2017";"7";"15";"6";"23";"4704";"285.";"0.5";"15.1";"86.";"5.";"0.00";"0.00";"0.00"
"2017";"7";"16";"7";"0";"4705";"185.";"0.9";"15.0";"86.";"7.";"0.00";"0.00";"0.00"
"2017";"7";"16";"7";"1";"4706";"214.";"2.2";"15.2";"87.";"7.";"0.00";"0.00";"0.00"
"2017";"7";"16";"7";"2";"4707";"212.";"2.8";"15.3";"84.";"7.";"0.00";"0.00";"0.00"
"2017";"7";"16";"7";"3";"4708";"217.";"3.4";"15.5";"83.";"6.";"0.00";"0.00";"0.00"
"2017";"7";"16";"7";"4";"4709";"214.";"4.0";"15.9";"79.";"6.";"19.73";"36.42";"15.33"
"2017";"7";"16";"7";"5";"4710";"206.";"4.8";"15.6";"78.";"7.";"113.17";"64.46";"97.30"
"2017";"7";"16";"7";"6";"4711";"195.";"5.6";"15.7";"79.";"7.";"133.14";"86.41";"100.65"
"2017";"7";"16";"7";"7";"4712";"193.";"6.1";"15.3";"85.";"8.";"143.19";"0.00";"143.19"
"2017";"7";"16";"7";"8";"4713";"188.";"6.8";"14.8";"94.";"8.";"93.04";"0.00";"93.04"
"2017";"7";"16";"7";"9";"4714";"185.";"7.2";"14.9";"95.";"8.";"108.87";"0.00";"108.87"
"2017";"7";"16";"7";"10";"4715";"184.";"7.5";"15.4";"95.";"8.";"125.39";"0.00";"125.39"
"2017";"7";"16";"7";"11";"4716";"201.";"6.7";"15.7";"95.";"7.";"192.69";"33.24";"165.97"
"2017";"7";"16";"7";"12";"4717";"218.";"5.0";"16.1";"95.";"8.";"134.62";"0.00";"134.62"
"2017";"7";"16";"7";"13";"4718";"241.";"5.1";"16.6";"94.";"7.";"186.32";"36.80";"157.96"
"2017";"7";"16";"7";"14";"4719";"257.";"5.4";"17.2";"85.";"7.";"295.96";"107.80";"219.90"
"2017";"7";"16";"7";"15";"4720";"249.";"5.7";"17.4";"76.";"5.";"370.41";"323.71";"171.72"
"2017";"7";"16";"7";"16";"4721";"256.";"6.4";"17.3";"70.";"4.";"327.75";"382.59";"135.93"
"2017";"7";"16";"7";"17";"4722";"259.";"6.5";"17.1";"69.";"2.";"273.48";"481.21";"92.55"
"2017";"7";"16";"7";"18";"4723";"263.";"6.6";"16.5";"70.";"2.";"141.99";"345.52";"56.92"
"2017";"7";"16";"7";"19";"4724";"265.";"6.7";"15.6";"72.";"1.";"29.43";"130.00";"13.72"
"2017";"7";"16";"7";"20";"4725";"267.";"7.3";"15.1";"74.";"0.";"0.00";"0.00";"0.00"
"2017";"7";"16";"7";"21";"4726";"276.";"7.4";"14.9";"74.";"0.";"0.00";"0.00";"0.00"
"2017";"7";"16";"7";"22";"4727";"278.";"7.4";"14.5";"74.";"0.";"0.00";"0.00";"0.00"
"2017";"7";"16";"7";"23";"4728";"281.";"7.0";"14.4";"75.";"1.";"0.00";"0.00";"0.00"
"2017";"7";"17";"1";"0";"4729";"283.";"6.8";"14.4";"72.";"3.";"0.00";"0.00";"0.00"
"2017";"7";"17";"1";"1";"4730";"284.";"7.3";"14.3";"70.";"1.";"0.00";"0.00";"0.00"
"2017";"7";"17";"1";"2";"4731";"286.";"7.1";"14.0";"71.";"3.";"0.00";"0.00";"0.00"
"2017";"7";"17";"1";"3";"4732";"290.";"6.8";"13.8";"70.";"1.";"0.00";"0.00";"0.00"
"2017";"7";"17";"1";"4";"4733";"292.";"7.1";"14.2";"67.";"1.";"35.18";"174.70";"14.49"
"2017";"7";"17";"1";"5";"4734";"289.";"7.8";"14.6";"68.";"2.";"147.19";"377.84";"55.02"
"2017";"7";"17";"1";"6";"4735";"288.";"7.4";"15.1";"68.";"6.";"164.69";"160.40";"104.72"
"2017";"7";"17";"1";"7";"4736";"279.";"7.2";"15.6";"71.";"6.";"239.09";"177.85";"150.28"
"2017";"7";"17";"1";"8";"4737";"268.";"7.2";"16.5";"68.";"5.";"370.61";"313.21";"178.95"
"2017";"7";"17";"1";"9";"4738";"267.";"7.5";"17.3";"62.";"5.";"439.97";"327.70";"209.34"
"2017";"7";"17";"1";"10";"4739";"269.";"8.1";"17.7";"61.";"2.";"691.72";"671.82";"175.25"
"2017";"7";"17";"1";"11";"4740";"270.";"8.4";"18.0";"60.";"3.";"645.71";"508.76";"237.49"
"2017";"7";"17";"1";"12";"4741";"272.";"8.8";"18.2";"58.";"2.";"723.68";"659.91";"194.17"
"2017";"7";"17";"1";"13";"4742";"274.";"9.0";"17.9";"58.";"3.";"629.31";"564.89";"195.05"
"2017";"7";"17";"1";"14";"4743";"272.";"9.4";"18.1";"56.";"1.";"682.93";"782.38";"132.29"
"2017";"7";"17";"1";"15";"4744";"272.";"8.3";"18.0";"59.";"0.";"616.05";"826.29";"110.44"
"2017";"7";"17";"1";"16";"4745";"269.";"8.0";"17.2";"64.";"5.";"287.16";"289.13";"142.77"
"2017";"7";"17";"1";"17";"4746";"271.";"9.0";"16.6";"66.";"4.";"223.77";"337.33";"97.65"
"2017";"7";"17";"1";"18";"4747";"273.";"8.3";"15.9";"66.";"3.";"132.83";"324.63";"53.65"
"2017";"7";"17";"1";"19";"4748";"272.";"7.9";"15.3";"72.";"2.";"26.33";"118.30";"12.32"
"2017";"7";"17";"1";"20";"4749";"275.";"7.3";"14.8";"74.";"0.";"0.00";"0.00";"0.00"
"2017";"7";"17";"1";"21";"4750";"279.";"6.7";"14.8";"76.";"2.";"0.00";"0.00";"0.00"
"2017";"7";"17";"1";"22";"4751";"280.";"6.0";"14.7";"79.";"2.";"0.00";"0.00";"0.00"
"2017";"7";"17";"1";"23";"4752";"281.";"6.6";"14.7";"79.";"2.";"0.00";"0.00";"0.00"
"2017";"7";"18";"2";"0";"4753";"283.";"6.9";"14.6";"79.";"5.";"0.00";"0.00";"0.00"
"2017";"7";"18";"2";"1";"4754";"285.";"6.6";"14.8";"79.";"5.";"0.00";"0.00";"0.00"
"2017";"7";"18";"2";"2";"4755";"287.";"5.9";"14.5";"81.";"4.";"0.00";"0.00";"0.00"
"2017";"7";"18";"2";"3";"4756";"288.";"5.8";"14.3";"83.";"1.";"0.00";"0.00";"0.00"
"2017";"7";"18";"2";"4";"4757";"288.";"6.3";"14.7";"82.";"2.";"20.48";"100.68";"8.81"
"2017";"7";"18";"2";"5";"4758";"291.";"6.6";"15.6";"79.";"3.";"124.75";"306.06";"50.82"
"2017";"7";"18";"2";"6";"4759";"293.";"6.7";"16.5";"75.";"4.";"219.48";"340.56";"92.91"
"2017";"7";"18";"2";"7";"4760";"292.";"6.4";"16.8";"71.";"3.";"360.01";"448.59";"136.93"
"2017";"7";"18";"2";"8";"4761";"289.";"6.3";"17.4";"70.";"3.";"474.55";"535.71";"147.78"
"2017";"7";"18";"2";"9";"4762";"285.";"6.0";"17.8";"68.";"3.";"555.97";"523.65";"188.39"
"2017";"7";"18";"2";"10";"4763";"282.";"5.6";"18.0";"66.";"2.";"685.29";"661.12";"178.21"
"2017";"7";"18";"2";"11";"4764";"283.";"5.3";"18.6";"63.";"4.";"477.92";"379.15";"174.35"
"2017";"7";"18";"2";"12";"4765";"282.";"5.4";"18.9";"64.";"1.";"788.22";"802.91";"145.35"
"2017";"7";"18";"2";"13";"4766";"279.";"6.0";"18.5";"64.";"2.";"682.60";"648.13";"185.49"
"2017";"7";"18";"2";"14";"4767";"276.";"5.4";"18.6";"64.";"2.";"614.32";"633.60";"169.56"
"2017";"7";"18";"2";"15";"4768";"274.";"5.0";"18.6";"63.";"3.";"475.89";"538.94";"147.15"
"2017";"7";"18";"2";"16";"4769";"273.";"4.8";"18.3";"64.";"2.";"396.50";"533.67";"131.10"
"2017";"7";"18";"2";"17";"4770";"272.";"4.5";"17.3";"69.";"3.";"242.54";"388.04";"98.33"
"2017";"7";"18";"2";"18";"4771";"274.";"3.7";"16.5";"73.";"4.";"111.41";"239.74";"53.50"
"2017";"7";"18";"2";"19";"4772";"275.";"2.8";"15.8";"77.";"6.";"11.89";"31.56";"8.23"
"2017";"7";"18";"2";"20";"4773";"263.";"2.0";"15.2";"80.";"6.";"0.00";"0.00";"0.00"
"2017";"7";"18";"2";"21";"4774";"245.";"1.7";"14.7";"82.";"7.";"0.00";"0.00";"0.00"
"2017";"7";"18";"2";"22";"4775";"227.";"1.6";"14.5";"82.";"7.";"0.00";"0.00";"0.00"
"2017";"7";"18";"2";"23";"4776";"213.";"1.9";"14.3";"83.";"7.";"0.00";"0.00";"0.00"
"2017";"7";"19";"3";"0";"4777";"197.";"1.9";"13.8";"84.";"6.";"0.00";"0.00";"0.00"
"2017";"7";"19";"3";"1";"4778";"200.";"1.8";"12.7";"87.";"5.";"0.00";"0.00";"0.00"
"2017";"7";"19";"3";"2";"4779";"176.";"1.6";"11.6";"90.";"4.";"0.00";"0.00";"0.00"
"2017";"7";"19";"3";"3";"4780";"181.";"1.4";"11.3";"91.";"1.";"0.00";"0.00";"0.00"
"2017";"7";"19";"3";"4";"4781";"176.";"1.3";"11.8";"90.";"0.";"27.29";"153.00";"9.95"
"2017";"7";"19";"3";"5";"4782";"176.";"1.2";"13.8";"84.";"1.";"154.23";"453.76";"45.73"
"2017";"7";"19";"3";"6";"4783";"197.";"2.2";"16.1";"74.";"0.";"325.90";"705.31";"65.39"
"2017";"7";"19";"3";"7";"4784";"193.";"2.4";"17.2";"68.";"1.";"450.16";"711.70";"97.76"
"2017";"7";"19";"3";"8";"4785";"191.";"2.3";"17.7";"64.";"0.";"629.80";"880.09";"94.75"
"2017";"7";"19";"3";"9";"4786";"185.";"1.8";"19.0";"61.";"1.";"674.83";"781.35";"127.85"
"2017";"7";"19";"3";"10";"4787";"192.";"1.6";"19.9";"59.";"1.";"751.38";"812.27";"129.87"
"2017";"7";"19";"3";"11";"4788";"212.";"1.9";"19.4";"59.";"3.";"654.04";"562.12";"204.98"
"2017";"7";"19";"3";"12";"4789";"233.";"2.5";"19.5";"59.";"1.";"784.94";"787.26";"156.02"
"2017";"7";"19";"3";"13";"4790";"240.";"3.1";"20.0";"59.";"2.";"681.67";"653.38";"181.73"
"2017";"7";"19";"3";"14";"4791";"247.";"3.7";"19.6";"61.";"1.";"672.75";"776.34";"129.28"
"2017";"7";"19";"3";"15";"4792";"251.";"3.3";"19.5";"61.";"0.";"610.87";"850.35";"93.91"
"2017";"7";"19";"3";"16";"4793";"251.";"2.9";"19.6";"60.";"0.";"468.36";"760.75";"91.67"
"2017";"7";"19";"3";"17";"4794";"274.";"1.9";"19.8";"60.";"0.";"317.54";"695.88";"60.51"
"2017";"7";"19";"3";"18";"4795";"289.";"1.4";"19.1";"61.";"0.";"159.67";"481.26";"44.60"
"2017";"7";"19";"3";"19";"4796";"298.";"0.7";"17.9";"66.";"0.";"22.45";"125.85";"8.19"
"2017";"7";"19";"3";"20";"4797";"49.";"1.0";"15.8";"76.";"0.";"0.00";"0.00";"0.00"
"2017";"7";"19";"3";"21";"4798";"52.";"2.0";"14.5";"80.";"0.";"0.00";"0.00";"0.00"
"2017";"7";"19";"3";"22";"4799";"58.";"1.9";"14.1";"83.";"0.";"0.00";"0.00";"0.00"
"2017";"7";"19";"3";"23";"4800";"51.";"1.6";"13.2";"86.";"0.";"0.00";"0.00";"0.00"
"2017";"7";"20";"4";"0";"4801";"68.";"1.6";"12.6";"87.";"0.";"0.00";"0.00";"0.00"
"2017";"7";"20";"4";"1";"4802";"98.";"1.3";"11.9";"89.";"0.";"0.00";"0.00";"0.00"
"2017";"7";"20";"4";"2";"4803";"104.";"1.5";"12.1";"90.";"0.";"0.00";"0.00";"0.00"
"2017";"7";"20";"4";"3";"4804";"101.";"1.5";"11.7";"91.";"0.";"0.00";"0.00";"0.00"
"2017";"7";"20";"4";"4";"4805";"98.";"1.6";"12.8";"90.";"0.";"20.94";"119.53";"7.72"
"2017";"7";"20";"4";"5";"4806";"104.";"2.1";"14.8";"83.";"0.";"160.44";"505.04";"40.96"
"2017";"7";"20";"4";"6";"4807";"119.";"2.1";"17.6";"71.";"0.";"320.35";"697.17";"64.51"
"2017";"7";"20";"4";"7";"4808";"124.";"2.2";"20.3";"59.";"0.";"467.89";"786.12";"80.39"
"2017";"7";"20";"4";"8";"4809";"152.";"2.2";"21.8";"51.";"1.";"568.92";"765.04";"105.43"
"2017";"7";"20";"4";"9";"4810";"124.";"2.7";"23.1";"39.";"1.";"695.20";"755.00";"168.18"
"2017";"7";"20";"4";"10";"4811";"116.";"3.8";"24.1";"34.";"0.";"816.20";"925.92";"109.49"
"2017";"7";"20";"4";"11";"4812";"129.";"2.5";"25.0";"33.";"2.";"784.58";"708.71";"219.74"
"2017";"7";"20";"4";"12";"4813";"137.";"1.8";"25.1";"34.";"4.";"573.26";"387.31";"264.58"
"2017";"7";"20";"4";"13";"4814";"192.";"1.7";"24.7";"38.";"8.";"503.78";"0.00";"503.78"
"2017";"7";"20";"4";"14";"4815";"236.";"2.1";"23.1";"44.";"8.";"452.68";"0.00";"452.68"
"2017";"7";"20";"4";"15";"4816";"249.";"1.7";"23.7";"43.";"3.";"534.16";"549.32";"201.36"
"2017";"7";"20";"4";"16";"4817";"244.";"2.0";"23.8";"41.";"0.";"475.71";"809.89";"76.50"
"2017";"7";"20";"4";"17";"4818";"238.";"1.6";"23.7";"41.";"1.";"305.59";"601.77";"84.76"
"2017";"7";"20";"4";"18";"4819";"247.";"1.1";"22.7";"44.";"3.";"141.39";"320.95";"65.47"
"2017";"7";"20";"4";"19";"4820";"236.";"1.1";"20.5";"52.";"4.";"19.49";"67.75";"12.00"
"2017";"7";"20";"4";"20";"4821";"192.";"0.8";"18.7";"64.";"3.";"0.00";"0.00";"0.00"
"2017";"7";"20";"4";"21";"4822";"107.";"1.2";"16.5";"71.";"8.";"0.00";"0.00";"0.00"
"2017";"7";"20";"4";"22";"4823";"120.";"1.8";"15.5";"72.";"8.";"0.00";"0.00";"0.00"
"2017";"7";"20";"4";"23";"4824";"134.";"2.1";"16.6";"68.";"8.";"0.00";"0.00";"0.00"
"2017";"7";"21";"5";"0";"4825";"122.";"2.6";"17.1";"63.";"8.";"0.00";"0.00";"0.00"
"2017";"7";"21";"5";"1";"4826";"121.";"3.0";"16.6";"63.";"8.";"0.00";"0.00";"0.00"
"2017";"7";"21";"5";"2";"4827";"119.";"3.2";"16.6";"65.";"8.";"0.00";"0.00";"0.00"
"2017";"7";"21";"5";"3";"4828";"127.";"3.3";"16.4";"61.";"8.";"0.00";"0.00";"0.00"
"2017";"7";"21";"5";"4";"4829";"141.";"4.2";"16.3";"62.";"8.";"15.87";"0.00";"15.87"
"2017";"7";"21";"5";"5";"4830";"128.";"3.9";"16.0";"68.";"8.";"99.22";"0.00";"99.22"
"2017";"7";"21";"5";"6";"4831";"124.";"3.2";"15.7";"72.";"8.";"193.74";"0.00";"193.74"
"2017";"7";"21";"5";"7";"4832";"119.";"3.2";"15.9";"72.";"8.";"169.73";"0.00";"169.73"
"2017";"7";"21";"5";"8";"4833";"119.";"3.6";"16.2";"72.";"7.";"410.81";"109.12";"344.94"
"2017";"7";"21";"5";"9";"4834";"120.";"4.4";"16.0";"76.";"8.";"267.88";"0.00";"267.88"
"2017";"7";"21";"5";"10";"4835";"122.";"4.0";"16.0";"80.";"6.";"411.25";"163.45";"286.82"
"2017";"7";"21";"5";"11";"4836";"124.";"4.3";"16.7";"80.";"8.";"151.38";"0.00";"151.38"
"2017";"7";"21";"5";"12";"4837";"129.";"4.7";"17.4";"78.";"8.";"522.69";"0.00";"522.69"
"2017";"7";"21";"5";"13";"4838";"132.";"4.5";"17.7";"75.";"8.";"488.13";"0.00";"488.13"
"2017";"7";"21";"5";"14";"4839";"132.";"3.8";"17.8";"75.";"8.";"444.27";"0.00";"444.27"
"2017";"7";"21";"5";"15";"4840";"140.";"5.2";"17.5";"65.";"8.";"192.24";"0.00";"192.24"
"2017";"7";"21";"5";"16";"4841";"139.";"4.8";"17.4";"62.";"8.";"148.69";"0.00";"148.69"
"2017";"7";"21";"5";"17";"4842";"129.";"4.6";"17.6";"63.";"8.";"99.42";"0.00";"99.42"
"2017";"7";"21";"5";"18";"4843";"125.";"4.3";"17.7";"61.";"8.";"101.22";"0.00";"101.22"
"2017";"7";"21";"5";"19";"4844";"127.";"3.4";"17.2";"63.";"6.";"11.13";"31.80";"7.70"
"2017";"7";"21";"5";"20";"4845";"121.";"3.1";"15.8";"69.";"5.";"0.00";"0.00";"0.00"
"2017";"7";"21";"5";"21";"4846";"106.";"2.4";"14.9";"76.";"2.";"0.00";"0.00";"0.00"
"2017";"7";"21";"5";"22";"4847";"103.";"2.4";"14.0";"80.";"1.";"0.00";"0.00";"0.00"
"2017";"7";"21";"5";"23";"4848";"103.";"2.3";"13.0";"84.";"0.";"0.00";"0.00";"0.00"
"2017";"7";"22";"6";"0";"4849";"96.";"2.5";"12.5";"83.";"0.";"0.00";"0.00";"0.00"
"2017";"7";"22";"6";"1";"4850";"100.";"2.4";"12.1";"84.";"0.";"0.00";"0.00";"0.00"
"2017";"7";"22";"6";"2";"4851";"103.";"2.5";"11.6";"84.";"0.";"0.00";"0.00";"0.00"
"2017";"7";"22";"6";"3";"4852";"105.";"3.2";"11.5";"83.";"6.";"0.00";"0.00";"0.00"
"2017";"7";"22";"6";"4";"4853";"104.";"2.8";"13.1";"79.";"8.";"13.07";"0.00";"13.07"
"2017";"7";"22";"6";"5";"4854";"98.";"2.9";"14.8";"76.";"8.";"98.29";"0.00";"98.29"
"2017";"7";"22";"6";"6";"4855";"114.";"3.3";"17.2";"70.";"5.";"145.15";"199.20";"73.06"
"2017";"7";"22";"6";"7";"4856";"115.";"3.1";"18.5";"61.";"8.";"85.91";"0.00";"85.91"
"2017";"7";"22";"6";"8";"4857";"112.";"2.9";"19.9";"52.";"8.";"192.35";"0.00";"192.35"
"2017";"7";"22";"6";"9";"4858";"123.";"2.8";"20.9";"47.";"8.";"129.80";"0.00";"129.80"
"2017";"7";"22";"6";"10";"4859";"118.";"2.5";"21.9";"44.";"5.";"488.47";"271.01";"282.72"
"2017";"7";"22";"6";"11";"4860";"130.";"2.2";"22.3";"42.";"5.";"503.94";"273.52";"287.03"
"2017";"7";"22";"6";"12";"4861";"161.";"1.4";"23.2";"40.";"8.";"528.78";"0.00";"528.78"
"2017";"7";"22";"6";"13";"4862";"188.";"1.0";"22.4";"44.";"5.";"621.06";"337.78";"364.62"
"2017";"7";"22";"6";"14";"4863";"250.";"1.4";"21.0";"49.";"5.";"428.38";"260.99";"247.30"
"2017";"7";"22";"6";"15";"4864";"257.";"1.1";"22.3";"47.";"6.";"432.21";"196.11";"314.27"
"2017";"7";"22";"6";"16";"4865";"284.";"1.4";"22.6";"46.";"3.";"356.16";"435.48";"143.57"
"2017";"7";"22";"6";"17";"4866";"296.";"2.1";"22.3";"48.";"2.";"291.25";"526.80";"100.59"
"2017";"7";"22";"6";"18";"4867";"310.";"2.1";"20.6";"51.";"6.";"115.69";"128.22";"86.05"
"2017";"7";"22";"6";"19";"4868";"326.";"1.6";"19.2";"59.";"8.";"9.66";"0.00";"9.66"
"2017";"7";"22";"6";"20";"4869";"331.";"1.5";"17.7";"67.";"5.";"0.00";"0.00";"0.00"
"2017";"7";"22";"6";"21";"4870";"16.";"0.1";"16.2";"73.";"6.";"0.00";"0.00";"0.00"
"2017";"7";"22";"6";"22";"4871";"115.";"1.4";"15.4";"77.";"8.";"0.00";"0.00";"0.00"
"2017";"7";"22";"6";"23";"4872";"116.";"2.2";"15.2";"79.";"8.";"0.00";"0.00";"0.00"
"2017";"7";"23";"7";"0";"4873";"127.";"1.9";"15.3";"78.";"8.";"0.00";"0.00";"0.00"
"2017";"7";"23";"7";"1";"4874";"117.";"2.3";"15.8";"75.";"8.";"0.00";"0.00";"0.00"
"2017";"7";"23";"7";"2";"4875";"103.";"2.5";"15.1";"76.";"8.";"0.00";"0.00";"0.00"
"2017";"7";"23";"7";"3";"4876";"103.";"2.5";"14.7";"75.";"1.";"0.00";"0.00";"0.00"
"2017";"7";"23";"7";"4";"4877";"98.";"3.2";"14.7";"72.";"2.";"15.97";"79.50";"7.86"
"2017";"7";"23";"7";"5";"4878";"105.";"3.8";"15.6";"65.";"4.";"131.48";"259.35";"72.24"
"2017";"7";"23";"7";"6";"4879";"108.";"4.7";"17.4";"54.";"5.";"250.37";"269.14";"153.67"
"2017";"7";"23";"7";"7";"4880";"104.";"4.9";"19.1";"50.";"5.";"364.81";"307.30";"215.56"
"2017";"7";"23";"7";"8";"4881";"103.";"5.0";"20.4";"48.";"3.";"529.92";"546.46";"202.55"
"2017";"7";"23";"7";"9";"4882";"106.";"5.3";"20.8";"46.";"8.";"460.65";"0.00";"460.65"
"2017";"7";"23";"7";"10";"4883";"119.";"5.4";"21.4";"45.";"8.";"501.62";"0.00";"501.62"
"2017";"7";"23";"7";"11";"4884";"124.";"6.1";"22.2";"47.";"8.";"523.54";"0.00";"523.54"
"2017";"7";"23";"7";"12";"4885";"126.";"4.9";"21.6";"51.";"8.";"522.65";"0.00";"522.65"
"2017";"7";"23";"7";"13";"4886";"127.";"5.1";"22.1";"46.";"8.";"510.68";"0.00";"510.68"
"2017";"7";"23";"7";"14";"4887";"147.";"4.3";"22.0";"50.";"8.";"456.69";"0.00";"456.69"
"2017";"7";"23";"7";"15";"4888";"144.";"3.3";"21.9";"50.";"8.";"383.48";"0.00";"383.48"
"2017";"7";"23";"7";"16";"4889";"118.";"3.6";"22.1";"51.";"7.";"201.68";"64.60";"170.30"
"2017";"7";"23";"7";"17";"4890";"120.";"3.7";"21.3";"51.";"7.";"212.41";"87.50";"180.97"
"2017";"7";"23";"7";"18";"4891";"170.";"2.2";"19.2";"65.";"8.";"90.16";"0.00";"90.16"
"2017";"7";"23";"7";"19";"4892";"161.";"1.4";"17.7";"76.";"8.";"1.81";"0.00";"1.81"
"2017";"7";"23";"7";"20";"4893";"187.";"2.1";"17.0";"82.";"8.";"0.00";"0.00";"0.00"
"2017";"7";"23";"7";"21";"4894";"142.";"1.2";"16.7";"82.";"8.";"0.00";"0.00";"0.00"
"2017";"7";"23";"7";"22";"4895";"82.";"0.7";"16.3";"82.";"6.";"0.00";"0.00";"0.00"
"2017";"7";"23";"7";"23";"4896";"81.";"0.8";"16.0";"82.";"8.";"0.00";"0.00";"0.00"
"2017";"7";"24";"1";"0";"4897";"124.";"2.1";"15.8";"79.";"6.";"0.00";"0.00";"0.00"
"2017";"7";"24";"1";"1";"4898";"144.";"1.1";"15.3";"85.";"8.";"0.00";"0.00";"0.00"
"2017";"7";"24";"1";"2";"4899";"99.";"0.7";"15.1";"82.";"7.";"0.00";"0.00";"0.00"
"2017";"7";"24";"1";"3";"4900";"74.";"1.3";"15.1";"82.";"7.";"0.00";"0.00";"0.00"
"2017";"7";"24";"1";"4";"4901";"85.";"2.3";"15.2";"79.";"7.";"5.10";"5.87";"4.52"
"2017";"7";"24";"1";"5";"4902";"83.";"2.6";"15.9";"76.";"7.";"99.68";"60.66";"86.00"
"2017";"7";"24";"1";"6";"4903";"85.";"3.1";"16.7";"73.";"8.";"191.77";"0.00";"191.77"
"2017";"7";"24";"1";"7";"4904";"80.";"3.3";"17.6";"67.";"8.";"291.56";"0.00";"291.56"
"2017";"7";"24";"1";"8";"4905";"86.";"3.3";"18.3";"65.";"7.";"413.16";"109.14";"348.04"
"2017";"7";"24";"1";"9";"4906";"84.";"3.0";"19.4";"60.";"7.";"493.22";"114.45";"414.33"
"2017";"7";"24";"1";"10";"4907";"85.";"3.2";"19.7";"59.";"7.";"537.85";"116.51";"449.90"
"2017";"7";"24";"1";"11";"4908";"86.";"2.9";"20.0";"61.";"8.";"532.10";"0.00";"532.10"
"2017";"7";"24";"1";"12";"4909";"84.";"4.1";"19.7";"59.";"8.";"264.92";"0.00";"264.92"
"2017";"7";"24";"1";"13";"4910";"88.";"4.8";"19.8";"61.";"8.";"250.97";"0.00";"250.97"
"2017";"7";"24";"1";"14";"4911";"86.";"4.9";"18.6";"69.";"8.";"213.10";"0.00";"213.10"
"2017";"7";"24";"1";"15";"4912";"87.";"4.3";"16.8";"80.";"8.";"101.64";"0.00";"101.64"
"2017";"7";"24";"1";"16";"4913";"83.";"3.6";"15.7";"84.";"8.";"83.64";"0.00";"83.64"
"2017";"7";"24";"1";"17";"4914";"56.";"2.6";"16.1";"76.";"8.";"54.40";"0.00";"54.40"
"2017";"7";"24";"1";"18";"4915";"43.";"2.3";"16.4";"71.";"8.";"93.00";"0.00";"93.00"
"2017";"7";"24";"1";"19";"4916";"55.";"1.5";"16.3";"70.";"8.";"6.31";"0.00";"6.31"
"2017";"7";"24";"1";"20";"4917";"32.";"1.4";"16.2";"72.";"8.";"0.00";"0.00";"0.00"
"2017";"7";"24";"1";"21";"4918";"43.";"2.4";"16.0";"72.";"8.";"0.00";"0.00";"0.00"
"2017";"7";"24";"1";"22";"4919";"41.";"2.6";"15.9";"73.";"8.";"0.00";"0.00";"0.00"
"2017";"7";"24";"1";"23";"4920";"49.";"2.9";"15.2";"76.";"5.";"0.00";"0.00";"0.00"
"2017";"7";"25";"2";"0";"4921";"62.";"2.5";"14.4";"80.";"8.";"0.00";"0.00";"0.00"
"2017";"7";"25";"2";"1";"4922";"66.";"2.7";"13.4";"81.";"8.";"0.00";"0.00";"0.00"
"2017";"7";"25";"2";"2";"4923";"71.";"2.6";"13.0";"81.";"8.";"0.00";"0.00";"0.00"
"2017";"7";"25";"2";"3";"4924";"65.";"1.9";"13.0";"81.";"5.";"0.00";"0.00";"0.00"
"2017";"7";"25";"2";"4";"4925";"58.";"2.2";"13.1";"79.";"6.";"8.69";"19.04";"6.86"
"2017";"7";"25";"2";"5";"4926";"40.";"2.0";"14.0";"77.";"7.";"101.02";"62.15";"87.19"
"2017";"7";"25";"2";"6";"4927";"46.";"2.5";"15.4";"71.";"7.";"209.34";"87.40";"178.42"
"2017";"7";"25";"2";"7";"4928";"53.";"2.9";"17.2";"64.";"6.";"333.08";"200.73";"236.63"
"2017";"7";"25";"2";"8";"4929";"51.";"3.5";"18.8";"56.";"5.";"476.66";"329.79";"280.72"
"2017";"7";"25";"2";"9";"4930";"46.";"4.1";"20.5";"52.";"7.";"493.53";"114.87";"414.62"
"2017";"7";"25";"2";"10";"4931";"56.";"4.6";"21.1";"48.";"7.";"551.27";"118.15";"462.36"
"2017";"7";"25";"2";"11";"4932";"58.";"5.4";"21.7";"47.";"7.";"580.16";"119.45";"486.20"
"2017";"7";"25";"2";"12";"4933";"53.";"5.7";"22.0";"48.";"8.";"522.44";"0.00";"522.44"
"2017";"7";"25";"2";"13";"4934";"55.";"5.6";"21.8";"50.";"5.";"616.91";"348.12";"354.92"
"2017";"7";"25";"2";"14";"4935";"57.";"5.0";"21.7";"51.";"6.";"516.14";"222.97";"362.97"
"2017";"7";"25";"2";"15";"4936";"60.";"4.5";"21.3";"53.";"5.";"459.54";"311.84";"274.26"
"2017";"7";"25";"2";"16";"4937";"58.";"4.3";"20.9";"56.";"5.";"352.68";"299.27";"208.88"
"2017";"7";"25";"2";"17";"4938";"59.";"3.6";"20.1";"60.";"7.";"205.12";"85.64";"174.83"
"2017";"7";"25";"2";"18";"4939";"57.";"3.1";"19.4";"63.";"7.";"95.97";"59.04";"82.83"
"2017";"7";"25";"2";"19";"4940";"46.";"2.4";"18.5";"67.";"8.";"0.98";"0.00";"0.98"
"2017";"7";"25";"2";"20";"4941";"39.";"2.1";"17.7";"70.";"8.";"0.00";"0.00";"0.00"
"2017";"7";"25";"2";"21";"4942";"38.";"1.9";"17.2";"72.";"8.";"0.00";"0.00";"0.00"
"2017";"7";"25";"2";"22";"4943";"29.";"1.7";"16.5";"76.";"8.";"0.00";"0.00";"0.00"
"2017";"7";"25";"2";"23";"4944";"30.";"1.6";"15.9";"79.";"8.";"0.00";"0.00";"0.00"
"2017";"7";"26";"3";"0";"4945";"33.";"1.7";"15.7";"81.";"8.";"0.00";"0.00";"0.00"
"2017";"7";"26";"3";"1";"4946";"49.";"2.1";"16.1";"80.";"8.";"0.00";"0.00";"0.00"
"2017";"7";"26";"3";"2";"4947";"39.";"2.1";"16.0";"81.";"8.";"0.00";"0.00";"0.00"
"2017";"7";"26";"3";"3";"4948";"48.";"2.1";"15.6";"83.";"6.";"0.00";"0.00";"0.00"
"2017";"7";"26";"3";"4";"4949";"57.";"2.3";"15.4";"84.";"7.";"0.00";"0.00";"0.00"
"2017";"7";"26";"3";"5";"4950";"61.";"2.3";"16.4";"81.";"5.";"104.93";"170.38";"67.55"
"2017";"7";"26";"3";"6";"4951";"57.";"2.0";"18.0";"73.";"3.";"258.88";"421.67";"110.94"
"2017";"7";"26";"3";"7";"4952";"43.";"2.1";"18.2";"69.";"7.";"303.02";"98.48";"255.97"
"2017";"7";"26";"3";"8";"4953";"42.";"2.7";"19.6";"62.";"7.";"393.49";"99.81";"334.44"
"2017";"7";"26";"3";"9";"4954";"53.";"3.2";"20.1";"56.";"7.";"490.24";"114.48";"411.88"
"2017";"7";"26";"3";"10";"4955";"49.";"2.6";"21.1";"52.";"8.";"475.44";"0.00";"475.44"
"2017";"7";"26";"3";"11";"4956";"60.";"2.1";"21.4";"50.";"8.";"531.97";"0.00";"531.97"
"2017";"7";"26";"3";"12";"4957";"66.";"2.0";"21.9";"47.";"7.";"366.85";"76.79";"306.63"
"2017";"7";"26";"3";"13";"4958";"66.";"1.8";"22.2";"48.";"7.";"533.43";"113.99";"447.91"
"2017";"7";"26";"3";"14";"4959";"58.";"1.1";"21.8";"50.";"7.";"478.85";"112.27";"402.00"
"2017";"7";"26";"3";"15";"4960";"37.";"1.0";"22.0";"52.";"7.";"395.98";"102.27";"335.48"
"2017";"7";"26";"3";"16";"4961";"24.";"0.7";"22.0";"52.";"5.";"349.11";"292.98";"209.13"
"2017";"7";"26";"3";"17";"4962";"324.";"1.2";"20.9";"57.";"5.";"227.01";"247.01";"140.35"
"2017";"7";"26";"3";"18";"4963";"342.";"1.2";"20.2";"60.";"7.";"90.84";"55.70";"78.62"
"2017";"7";"26";"3";"19";"4964";"348.";"1.2";"19.0";"65.";"5.";"0.00";"0.00";"0.00"
"2017";"7";"26";"3";"20";"4965";"332.";"0.7";"15.9";"73.";"6.";"0.00";"0.00";"0.00"
"2017";"7";"26";"3";"21";"4966";"344.";"0.7";"15.1";"79.";"7.";"0.00";"0.00";"0.00"
"2017";"7";"26";"3";"22";"4967";"3.";"0.7";"14.8";"83.";"3.";"0.00";"0.00";"0.00"
"2017";"7";"26";"3";"23";"4968";"10.";"0.6";"14.6";"84.";"7.";"0.00";"0.00";"0.00"
"2017";"7";"27";"4";"0";"4969";"68.";"0.3";"14.2";"84.";"8.";"0.00";"0.00";"0.00"
"2017";"7";"27";"4";"1";"4970";"94.";"0.9";"13.6";"85.";"8.";"0.00";"0.00";"0.00"
"2017";"7";"27";"4";"2";"4971";"102.";"1.1";"14.2";"87.";"8.";"0.00";"0.00";"0.00"
"2017";"7";"27";"4";"3";"4972";"137.";"1.1";"13.9";"88.";"7.";"0.00";"0.00";"0.00"
"2017";"7";"27";"4";"4";"4973";"134.";"1.8";"14.1";"87.";"6.";"0.00";"0.00";"0.00"
"2017";"7";"27";"4";"5";"4974";"123.";"2.4";"16.1";"81.";"2.";"116.86";"306.29";"50.62"
"2017";"7";"27";"4";"6";"4975";"139.";"2.3";"18.6";"70.";"7.";"192.97";"80.90";"164.83"
"2017";"7";"27";"4";"7";"4976";"150.";"2.6";"19.6";"64.";"6.";"330.53";"198.64";"236.19"
"2017";"7";"27";"4";"8";"4977";"172.";"2.8";"20.4";"62.";"8.";"363.47";"0.00";"363.47"
"2017";"7";"27";"4";"9";"4978";"184.";"3.3";"20.0";"63.";"8.";"435.84";"0.00";"435.84"
"2017";"7";"27";"4";"10";"4979";"178.";"3.7";"20.1";"62.";"8.";"486.78";"0.00";"486.78"
"2017";"7";"27";"4";"11";"4980";"182.";"3.6";"19.7";"63.";"7.";"557.74";"115.51";"467.43"
"2017";"7";"27";"4";"12";"4981";"182.";"3.7";"19.8";"62.";"8.";"512.27";"0.00";"512.27"
"2017";"7";"27";"4";"13";"4982";"180.";"3.9";"20.0";"62.";"7.";"542.19";"116.88";"454.79"
"2017";"7";"27";"4";"14";"4983";"180.";"3.9";"20.1";"63.";"5.";"537.90";"314.88";"323.16"
"2017";"7";"27";"4";"15";"4984";"204.";"4.3";"19.2";"67.";"6.";"416.65";"191.95";"303.61"
"2017";"7";"27";"4";"16";"4985";"197.";"4.3";"17.2";"82.";"8.";"78.15";"0.00";"78.15"
"2017";"7";"27";"4";"17";"4986";"182.";"3.8";"16.5";"87.";"8.";"50.21";"0.00";"50.21"
"2017";"7";"27";"4";"18";"4987";"161.";"3.6";"16.4";"93.";"7.";"30.24";"24.63";"24.92"
"2017";"7";"27";"4";"19";"4988";"296.";"1.3";"16.0";"94.";"7.";"0.00";"0.00";"0.00"
"2017";"7";"27";"4";"20";"4989";"290.";"1.5";"15.5";"93.";"8.";"0.00";"0.00";"0.00"
"2017";"7";"27";"4";"21";"4990";"264.";"1.6";"15.1";"92.";"6.";"0.00";"0.00";"0.00"
"2017";"7";"27";"4";"22";"4991";"243.";"1.6";"15.0";"92.";"6.";"0.00";"0.00";"0.00"
"2017";"7";"27";"4";"23";"4992";"241.";"1.5";"14.4";"91.";"6.";"0.00";"0.00";"0.00"
"2017";"7";"28";"5";"0";"4993";"236.";"1.1";"13.6";"93.";"2.";"0.00";"0.00";"0.00"
"2017";"7";"28";"5";"1";"4994";"231.";"1.1";"12.4";"92.";"1.";"0.00";"0.00";"0.00"
"2017";"7";"28";"5";"2";"4995";"221.";"1.5";"11.9";"92.";"4.";"0.00";"0.00";"0.00"
"2017";"7";"28";"5";"3";"4996";"242.";"2.1";"11.7";"93.";"7.";"0.00";"0.00";"0.00"
"2017";"7";"28";"5";"4";"4997";"240.";"2.3";"12.8";"91.";"4.";"0.00";"0.00";"0.00"
"2017";"7";"28";"5";"5";"4998";"237.";"2.9";"13.8";"89.";"3.";"114.87";"283.67";"54.44"
"2017";"7";"28";"5";"6";"4999";"242.";"3.5";"15.5";"82.";"4.";"202.34";"336.76";"86.23"
"2017";"7";"28";"5";"7";"5000";"236.";"3.1";"15.9";"75.";"2.";"379.91";"583.06";"104.66"
"2017";"7";"28";"5";"8";"5001";"231.";"3.6";"17.4";"65.";"3.";"448.50";"488.52";"162.13"
"2017";"7";"28";"5";"9";"5002";"237.";"3.7";"17.7";"63.";"2.";"594.25";"624.16";"170.20"
"2017";"7";"28";"5";"10";"5003";"227.";"4.2";"18.3";"61.";"2.";"672.22";"685.92";"161.02"
"2017";"7";"28";"5";"11";"5004";"217.";"4.2";"18.7";"55.";"2.";"705.22";"666.68";"185.62"
"2017";"7";"28";"5";"12";"5005";"205.";"4.4";"19.3";"52.";"0.";"839.02";"953.79";"95.66"
"2017";"7";"28";"5";"13";"5006";"201.";"4.5";"19.7";"53.";"0.";"787.94";"900.81";"116.59"
"2017";"7";"28";"5";"14";"5007";"193.";"4.9";"19.4";"56.";"2.";"646.62";"675.32";"187.82"
"2017";"7";"28";"5";"15";"5008";"194.";"5.1";"19.7";"59.";"5.";"447.55";"294.28";"275.04"
"2017";"7";"28";"5";"16";"5009";"199.";"4.8";"19.3";"60.";"5.";"266.09";"279.29";"134.25"
"2017";"7";"28";"5";"17";"5010";"198.";"5.3";"18.0";"69.";"5.";"221.85";"247.81";"136.40"
"2017";"7";"28";"5";"18";"5011";"188.";"4.6";"18.0";"73.";"7.";"51.32";"53.11";"40.01"
"2017";"7";"28";"5";"19";"5012";"180.";"4.0";"17.4";"76.";"6.";"0.00";"0.00";"0.00"
"2017";"7";"28";"5";"20";"5013";"175.";"3.0";"17.0";"80.";"6.";"0.00";"0.00";"0.00"
"2017";"7";"28";"5";"21";"5014";"211.";"2.5";"16.5";"80.";"7.";"0.00";"0.00";"0.00"
"2017";"7";"28";"5";"22";"5015";"234.";"2.5";"16.2";"82.";"7.";"0.00";"0.00";"0.00"
"2017";"7";"28";"5";"23";"5016";"242.";"3.0";"15.3";"84.";"5.";"0.00";"0.00";"0.00"
"2017";"7";"29";"6";"0";"5017";"240.";"3.1";"15.5";"84.";"7.";"0.00";"0.00";"0.00"
"2017";"7";"29";"6";"1";"5018";"252.";"4.0";"15.7";"81.";"8.";"0.00";"0.00";"0.00"
"2017";"7";"29";"6";"2";"5019";"245.";"3.6";"15.5";"83.";"7.";"0.00";"0.00";"0.00"
"2017";"7";"29";"6";"3";"5020";"233.";"3.1";"15.1";"81.";"8.";"0.00";"0.00";"0.00"
"2017";"7";"29";"6";"4";"5021";"214.";"2.7";"15.1";"80.";"6.";"0.00";"0.00";"0.00"
"2017";"7";"29";"6";"5";"5022";"201.";"3.1";"15.9";"78.";"6.";"65.22";"111.24";"41.89"
"2017";"7";"29";"6";"6";"5023";"195.";"4.1";"16.8";"74.";"6.";"203.43";"157.27";"149.70"
"2017";"7";"29";"6";"7";"5024";"184.";"4.8";"17.0";"71.";"7.";"292.98";"90.45";"250.55"
"2017";"7";"29";"6";"8";"5025";"176.";"5.4";"15.7";"82.";"7.";"147.60";"53.53";"116.37"
"2017";"7";"29";"6";"9";"5026";"144.";"4.6";"15.0";"90.";"8.";"111.20";"0.00";"111.20"
"2017";"7";"29";"6";"10";"5027";"121.";"4.9";"15.1";"92.";"7.";"183.51";"40.05";"153.77"
"2017";"7";"29";"6";"11";"5028";"166.";"5.7";"15.7";"94.";"7.";"184.01";"30.89";"160.02"
"2017";"7";"29";"6";"12";"5029";"190.";"6.4";"16.7";"93.";"8.";"143.96";"0.00";"143.96"
"2017";"7";"29";"6";"13";"5030";"184.";"6.3";"16.7";"92.";"8.";"129.75";"0.00";"129.75"
"2017";"7";"29";"6";"14";"5031";"183.";"6.6";"16.7";"92.";"8.";"114.87";"0.00";"114.87"
"2017";"7";"29";"6";"15";"5032";"186.";"6.1";"16.9";"92.";"8.";"93.91";"0.00";"93.91"
"2017";"7";"29";"6";"16";"5033";"195.";"5.5";"17.1";"92.";"8.";"66.97";"0.00";"66.97"
"2017";"7";"29";"6";"17";"5034";"193.";"5.4";"17.8";"90.";"8.";"48.26";"0.00";"48.26"
"2017";"7";"29";"6";"18";"5035";"234.";"5.1";"18.3";"85.";"5.";"64.65";"124.85";"38.47"
"2017";"7";"29";"6";"19";"5036";"237.";"5.4";"17.2";"82.";"2.";"0.00";"0.00";"0.00"
"2017";"7";"29";"6";"20";"5037";"238.";"6.5";"16.6";"81.";"2.";"0.00";"0.00";"0.00"
"2017";"7";"29";"6";"21";"5038";"245.";"5.9";"16.3";"81.";"8.";"0.00";"0.00";"0.00"
"2017";"7";"29";"6";"22";"5039";"244.";"5.2";"16.0";"81.";"7.";"0.00";"0.00";"0.00"
"2017";"7";"29";"6";"23";"5040";"241.";"4.9";"15.6";"82.";"4.";"0.00";"0.00";"0.00"
"2017";"7";"30";"7";"0";"5041";"239.";"4.2";"15.2";"83.";"7.";"0.00";"0.00";"0.00"
"2017";"7";"30";"7";"1";"5042";"237.";"3.1";"14.6";"87.";"8.";"0.00";"0.00";"0.00"
"2017";"7";"30";"7";"2";"5043";"228.";"2.4";"14.5";"89.";"5.";"0.00";"0.00";"0.00"
"2017";"7";"30";"7";"3";"5044";"220.";"1.3";"13.8";"90.";"5.";"0.00";"0.00";"0.00"
"2017";"7";"30";"7";"4";"5045";"189.";"1.1";"13.7";"91.";"6.";"0.00";"0.00";"0.00"
"2017";"7";"30";"7";"5";"5046";"191.";"1.7";"14.5";"89.";"8.";"37.47";"0.00";"37.47"
"2017";"7";"30";"7";"6";"5047";"186.";"2.1";"15.7";"85.";"6.";"204.84";"165.09";"148.97"
"2017";"7";"30";"7";"7";"5048";"174.";"2.8";"17.6";"76.";"7.";"176.36";"91.10";"133.90"
"2017";"7";"30";"7";"8";"5049";"170.";"3.0";"18.2";"70.";"7.";"238.05";"106.33";"176.32"
"2017";"7";"30";"7";"9";"5050";"157.";"3.9";"18.7";"67.";"8.";"128.06";"0.00";"128.06"
"2017";"7";"30";"7";"10";"5051";"152.";"3.6";"18.9";"67.";"8.";"239.62";"0.00";"239.62"
"2017";"7";"30";"7";"11";"5052";"142.";"3.8";"17.7";"73.";"7.";"216.29";"70.57";"161.65"
"2017";"7";"30";"7";"12";"5053";"141.";"3.5";"17.0";"84.";"6.";"291.49";"155.45";"171.14"
"2017";"7";"30";"7";"13";"5054";"122.";"6.4";"16.4";"90.";"7.";"194.46";"55.50";"153.38"
"2017";"7";"30";"7";"14";"5055";"123.";"5.4";"19.3";"82.";"4.";"466.60";"361.91";"222.69"
"2017";"7";"30";"7";"15";"5056";"129.";"4.4";"19.7";"81.";"7.";"150.75";"67.07";"111.82"
"2017";"7";"30";"7";"16";"5057";"149.";"4.7";"19.2";"83.";"8.";"130.16";"0.00";"130.16"
"2017";"7";"30";"7";"17";"5058";"157.";"4.4";"19.2";"86.";"7.";"107.13";"74.11";"82.05"
"2017";"7";"30";"7";"18";"5059";"163.";"4.4";"19.6";"87.";"7.";"39.51";"37.58";"31.76"
"2017";"7";"30";"7";"19";"5060";"191.";"4.4";"19.3";"87.";"2.";"0.00";"0.00";"0.00"
"2017";"7";"30";"7";"20";"5061";"238.";"5.7";"18.8";"80.";"4.";"0.00";"0.00";"0.00"
"2017";"7";"30";"7";"21";"5062";"253.";"6.5";"17.7";"77.";"4.";"0.00";"0.00";"0.00"
"2017";"7";"30";"7";"22";"5063";"246.";"5.1";"16.5";"77.";"3.";"0.00";"0.00";"0.00"
"2017";"7";"30";"7";"23";"5064";"239.";"4.2";"15.8";"81.";"4.";"0.00";"0.00";"0.00"
"2017";"7";"31";"1";"0";"5065";"248.";"4.0";"15.6";"80.";"1.";"0.00";"0.00";"0.00"
"2017";"7";"31";"1";"1";"5066";"252.";"3.7";"15.5";"82.";"1.";"0.00";"0.00";"0.00"
"2017";"7";"31";"1";"2";"5067";"255.";"4.0";"15.4";"84.";"2.";"0.00";"0.00";"0.00"
"2017";"7";"31";"1";"3";"5068";"241.";"3.8";"15.1";"85.";"2.";"0.00";"0.00";"0.00"
"2017";"7";"31";"1";"4";"5069";"238.";"3.8";"15.0";"84.";"3.";"0.00";"0.00";"0.00"
"2017";"7";"31";"1";"5";"5070";"235.";"3.6";"15.5";"83.";"3.";"91.14";"262.95";"37.82"
"2017";"7";"31";"1";"6";"5071";"233.";"4.1";"16.4";"78.";"7.";"113.04";"81.52";"85.72"
"2017";"7";"31";"1";"7";"5072";"234.";"5.1";"16.9";"75.";"4.";"299.28";"392.87";"117.40"
"2017";"7";"31";"1";"8";"5073";"224.";"5.2";"17.7";"71.";"4.";"388.74";"379.61";"169.50"
"2017";"7";"31";"1";"9";"5074";"218.";"5.2";"18.4";"69.";"1.";"624.52";"674.14";"172.09"
"2017";"7";"31";"1";"10";"5075";"212.";"5.2";"18.6";"66.";"2.";"640.03";"578.74";"213.33"
"2017";"7";"31";"1";"11";"5076";"211.";"5.4";"19.3";"66.";"6.";"588.67";"225.33";"414.82"
"2017";"7";"31";"1";"12";"5077";"202.";"5.8";"19.3";"65.";"4.";"655.95";"409.09";"340.32"
"2017";"7";"31";"1";"13";"5078";"198.";"6.0";"19.3";"67.";"7.";"310.86";"101.18";"236.26"
"2017";"7";"31";"1";"14";"5079";"207.";"6.1";"19.5";"69.";"6.";"348.47";"214.06";"204.81"
"2017";"7";"31";"1";"15";"5080";"199.";"5.9";"18.9";"67.";"6.";"290.84";"204.50";"172.73"
"2017";"7";"31";"1";"16";"5081";"201.";"4.6";"18.9";"70.";"5.";"258.18";"285.65";"125.95"
"2017";"7";"31";"1";"17";"5082";"201.";"5.0";"18.5";"72.";"6.";"138.13";"159.16";"84.79"
"2017";"7";"31";"1";"18";"5083";"202.";"4.4";"18.2";"76.";"1.";"104.75";"334.29";"36.97"
"2017";"7";"31";"1";"19";"5084";"191.";"3.8";"17.6";"76.";"5.";"0.00";"0.00";"0.00"
"2017";"7";"31";"1";"20";"5085";"206.";"3.7";"17.4";"82.";"5.";"0.00";"0.00";"0.00"
"2017";"7";"31";"1";"21";"5086";"217.";"3.1";"16.9";"86.";"8.";"0.00";"0.00";"0.00"
"2017";"7";"31";"1";"22";"5087";"228.";"2.7";"16.4";"86.";"5.";"0.00";"0.00";"0.00"
"2017";"7";"31";"1";"23";"5088";"231.";"3.0";"15.8";"84.";"2.";"0.00";"0.00";"0.00"
"2017";"8";"1";"2";"0";"5089";"225.";"2.4";"15.1";"85.";"3.";"0.00";"0.00";"0.00"
"2017";"8";"1";"2";"1";"5090";"238.";"2.3";"14.8";"88.";"3.";"0.00";"0.00";"0.00"
"2017";"8";"1";"2";"2";"5091";"236.";"2.5";"14.3";"86.";"3.";"0.00";"0.00";"0.00"
"2017";"8";"1";"2";"3";"5092";"240.";"2.5";"14.1";"88.";"3.";"0.00";"0.00";"0.00"
"2017";"8";"1";"2";"4";"5093";"234.";"2.4";"14.5";"89.";"2.";"0.00";"0.00";"0.00"
"2017";"8";"1";"2";"5";"5094";"239.";"2.7";"15.5";"83.";"1.";"113.79";"376.60";"38.78"
"2017";"8";"1";"2";"6";"5095";"246.";"2.6";"16.7";"76.";"5.";"166.05";"240.80";"86.17"
"2017";"8";"1";"2";"7";"5096";"239.";"2.8";"17.1";"72.";"5.";"335.82";"283.98";"205.27"
"2017";"8";"1";"2";"8";"5097";"234.";"2.4";"17.9";"65.";"1.";"555.69";"734.20";"133.89"
"2017";"8";"1";"2";"9";"5098";"254.";"2.6";"19.0";"62.";"1.";"641.44";"738.95";"147.66"
"2017";"8";"1";"2";"10";"5099";"257.";"2.1";"19.9";"57.";"1.";"702.31";"676.84";"205.18"
"2017";"8";"1";"2";"11";"5100";"255.";"2.3";"19.7";"53.";"4.";"562.95";"429.55";"232.71"
"2017";"8";"1";"2";"12";"5101";"247.";"2.6";"20.5";"49.";"8.";"253.75";"0.00";"253.75"
"2017";"8";"1";"2";"13";"5102";"255.";"2.5";"20.5";"47.";"5.";"474.27";"344.81";"221.01"
"2017";"8";"1";"2";"14";"5103";"249.";"2.7";"19.9";"49.";"6.";"506.14";"215.23";"362.32"
"2017";"8";"1";"2";"15";"5104";"258.";"2.6";"19.4";"53.";"8.";"360.48";"0.00";"360.48"
"2017";"8";"1";"2";"16";"5105";"251.";"2.3";"19.2";"54.";"6.";"321.64";"200.35";"229.53"
"2017";"8";"1";"2";"17";"5106";"251.";"1.5";"18.9";"57.";"8.";"176.59";"0.00";"176.59"
"2017";"8";"1";"2";"18";"5107";"265.";"0.5";"18.1";"63.";"8.";"77.30";"0.00";"77.30"
"2017";"8";"1";"2";"19";"5108";"177.";"0.2";"17.1";"70.";"8.";"0.00";"0.00";"0.00"
"2017";"8";"1";"2";"20";"5109";"213.";"0.5";"15.7";"77.";"8.";"0.00";"0.00";"0.00"
"2017";"8";"1";"2";"21";"5110";"185.";"0.8";"14.7";"82.";"8.";"0.00";"0.00";"0.00"
"2017";"8";"1";"2";"22";"5111";"147.";"1.7";"14.5";"83.";"8.";"0.00";"0.00";"0.00"
"2017";"8";"1";"2";"23";"5112";"163.";"2.2";"14.0";"82.";"8.";"0.00";"0.00";"0.00"
"2017";"8";"2";"3";"0";"5113";"191.";"2.4";"14.1";"83.";"7.";"0.00";"0.00";"0.00"
"2017";"8";"2";"3";"1";"5114";"221.";"2.3";"14.6";"85.";"8.";"0.00";"0.00";"0.00"
"2017";"8";"2";"3";"2";"5115";"128.";"1.8";"14.0";"93.";"8.";"0.00";"0.00";"0.00"
"2017";"8";"2";"3";"3";"5116";"124.";"1.5";"14.0";"92.";"8.";"0.00";"0.00";"0.00"
"2017";"8";"2";"3";"4";"5117";"235.";"1.6";"14.1";"91.";"7.";"0.00";"0.00";"0.00"
"2017";"8";"2";"3";"5";"5118";"246.";"2.3";"15.1";"91.";"6.";"56.29";"101.58";"36.43"
"2017";"8";"2";"3";"6";"5119";"258.";"4.2";"16.1";"89.";"6.";"128.64";"122.03";"88.58"
"2017";"8";"2";"3";"7";"5120";"262.";"4.8";"16.8";"85.";"5.";"249.42";"250.84";"134.93"
"2017";"8";"2";"3";"8";"5121";"266.";"4.9";"17.4";"75.";"3.";"443.61";"528.64";"141.55"
"2017";"8";"2";"3";"9";"5122";"245.";"4.8";"18.2";"69.";"1.";"631.70";"710.97";"158.74"
"2017";"8";"2";"3";"10";"5123";"238.";"5.0";"18.5";"68.";"4.";"529.17";"431.10";"213.78"
"2017";"8";"2";"3";"11";"5124";"233.";"5.0";"19.3";"67.";"5.";"486.22";"325.97";"236.54"
"2017";"8";"2";"3";"12";"5125";"222.";"4.8";"19.6";"65.";"4.";"556.81";"431.80";"226.07"
"2017";"8";"2";"3";"13";"5126";"218.";"4.7";"19.7";"66.";"5.";"461.66";"326.81";"222.56"
"2017";"8";"2";"3";"14";"5127";"214.";"5.5";"19.6";"69.";"7.";"277.24";"99.26";"211.21"
"2017";"8";"2";"3";"15";"5128";"250.";"3.6";"19.1";"69.";"4.";"464.58";"396.64";"237.95"
"2017";"8";"2";"3";"16";"5129";"265.";"3.5";"17.3";"75.";"6.";"219.58";"134.03";"158.41"
"2017";"8";"2";"3";"17";"5130";"269.";"2.5";"17.7";"76.";"6.";"141.64";"117.16";"103.18"
"2017";"8";"2";"3";"18";"5131";"269.";"2.6";"17.9";"73.";"2.";"103.13";"311.27";"42.27"
"2017";"8";"2";"3";"19";"5132";"254.";"1.8";"16.6";"78.";"2.";"0.00";"0.00";"0.00"
"2017";"8";"2";"3";"20";"5133";"250.";"1.2";"15.1";"84.";"3.";"0.00";"0.00";"0.00"
"2017";"8";"2";"3";"21";"5134";"216.";"1.1";"13.9";"87.";"6.";"0.00";"0.00";"0.00"
"2017";"8";"2";"3";"22";"5135";"161.";"1.1";"13.4";"90.";"4.";"0.00";"0.00";"0.00"
"2017";"8";"2";"3";"23";"5136";"175.";"0.8";"12.9";"91.";"4.";"0.00";"0.00";"0.00"
"2017";"8";"3";"4";"0";"5137";"189.";"0.8";"12.5";"91.";"6.";"0.00";"0.00";"0.00"
"2017";"8";"3";"4";"1";"5138";"217.";"0.6";"12.0";"93.";"1.";"0.00";"0.00";"0.00"
"2017";"8";"3";"4";"2";"5139";"197.";"0.6";"11.8";"95.";"1.";"0.00";"0.00";"0.00"
"2017";"8";"3";"4";"3";"5140";"127.";"0.7";"11.5";"96.";"3.";"0.00";"0.00";"0.00"
"2017";"8";"3";"4";"4";"5141";"102.";"1.1";"11.6";"96.";"2.";"0.00";"0.00";"0.00"
"2017";"8";"3";"4";"5";"5142";"117.";"1.9";"13.1";"94.";"3.";"74.54";"137.01";"48.27"
"2017";"8";"3";"4";"6";"5143";"123.";"2.3";"15.8";"88.";"8.";"83.32";"0.00";"83.32"
"2017";"8";"3";"4";"7";"5144";"121.";"3.0";"17.2";"82.";"7.";"178.04";"98.11";"133.59"
"2017";"8";"3";"4";"8";"5145";"128.";"4.2";"17.6";"79.";"7.";"390.91";"107.86";"329.63"
"2017";"8";"3";"4";"9";"5146";"153.";"4.5";"17.8";"82.";"7.";"273.31";"96.43";"209.45"
"2017";"8";"3";"4";"10";"5147";"155.";"4.6";"17.2";"78.";"7.";"315.01";"110.73";"234.33"
"2017";"8";"3";"4";"11";"5148";"128.";"4.8";"15.6";"84.";"8.";"134.03";"0.00";"134.03"
"2017";"8";"3";"4";"12";"5149";"119.";"5.0";"14.4";"91.";"7.";"197.41";"46.57";"161.88"
"2017";"8";"3";"4";"13";"5150";"117.";"5.1";"14.6";"93.";"8.";"130.68";"0.00";"130.68"
"2017";"8";"3";"4";"14";"5151";"124.";"5.4";"15.3";"92.";"8.";"118.07";"0.00";"118.07"
"2017";"8";"3";"4";"15";"5152";"141.";"5.3";"15.4";"95.";"8.";"93.07";"0.00";"93.07"
"2017";"8";"3";"4";"16";"5153";"169.";"4.6";"16.6";"94.";"8.";"74.46";"0.00";"74.46"
"2017";"8";"3";"4";"17";"5154";"196.";"3.8";"17.8";"92.";"8.";"76.40";"0.00";"76.40"
"2017";"8";"3";"4";"18";"5155";"205.";"5.5";"18.0";"92.";"7.";"34.38";"28.81";"28.86"
"2017";"8";"3";"4";"19";"5156";"218.";"4.9";"17.5";"90.";"7.";"0.00";"0.00";"0.00"
"2017";"8";"3";"4";"20";"5157";"229.";"2.5";"17.3";"90.";"8.";"0.00";"0.00";"0.00"
"2017";"8";"3";"4";"21";"5158";"247.";"3.4";"16.5";"88.";"8.";"0.00";"0.00";"0.00"
"2017";"8";"3";"4";"22";"5159";"224.";"4.7";"16.0";"90.";"4.";"0.00";"0.00";"0.00"
"2017";"8";"3";"4";"23";"5160";"226.";"5.0";"15.9";"87.";"5.";"0.00";"0.00";"0.00"
"2017";"8";"4";"5";"0";"5161";"223.";"5.4";"16.0";"88.";"4.";"0.00";"0.00";"0.00"
"2017";"8";"4";"5";"1";"5162";"221.";"4.3";"15.9";"88.";"5.";"0.00";"0.00";"0.00"
"2017";"8";"4";"5";"2";"5163";"226.";"5.1";"15.9";"88.";"7.";"0.00";"0.00";"0.00"
"2017";"8";"4";"5";"3";"5164";"226.";"5.2";"16.0";"87.";"7.";"0.00";"0.00";"0.00"
"2017";"8";"4";"5";"4";"5165";"226.";"5.4";"16.0";"88.";"8.";"0.00";"0.00";"0.00"
"2017";"8";"4";"5";"5";"5166";"229.";"5.2";"16.2";"87.";"8.";"17.01";"0.00";"17.01"
"2017";"8";"4";"5";"6";"5167";"228.";"5.8";"16.5";"87.";"8.";"70.67";"0.00";"70.67"
"2017";"8";"4";"5";"7";"5168";"223.";"6.4";"17.1";"84.";"8.";"125.98";"0.00";"125.98"
"2017";"8";"4";"5";"8";"5169";"223.";"7.0";"17.4";"82.";"8.";"167.34";"0.00";"167.34"
"2017";"8";"4";"5";"9";"5170";"226.";"7.0";"17.7";"82.";"6.";"344.42";"216.07";"202.01"
"2017";"8";"4";"5";"10";"5171";"230.";"6.9";"17.7";"81.";"7.";"201.59";"69.93";"150.85"
"2017";"8";"4";"5";"11";"5172";"226.";"7.4";"17.9";"80.";"7.";"306.92";"78.19";"247.49"
"2017";"8";"4";"5";"12";"5173";"234.";"7.1";"17.6";"81.";"8.";"136.57";"0.00";"136.57"
"2017";"8";"4";"5";"13";"5174";"237.";"6.4";"16.4";"82.";"7.";"329.13";"68.05";"279.76"
"2017";"8";"4";"5";"14";"5175";"216.";"5.3";"15.6";"86.";"8.";"110.99";"0.00";"110.99"
"2017";"8";"4";"5";"15";"5176";"231.";"4.3";"17.7";"76.";"3.";"374.07";"451.37";"119.08"
"2017";"8";"4";"5";"16";"5177";"233.";"4.0";"16.3";"87.";"6.";"148.60";"125.54";"92.15"
"2017";"8";"4";"5";"17";"5178";"238.";"4.5";"16.2";"91.";"6.";"83.04";"65.01";"62.17"
"2017";"8";"4";"5";"18";"5179";"232.";"5.9";"16.3";"86.";"7.";"24.02";"20.12";"20.23"
"2017";"8";"4";"5";"19";"5180";"244.";"5.0";"16.1";"88.";"6.";"0.00";"0.00";"0.00"
"2017";"8";"4";"5";"20";"5181";"238.";"6.2";"16.0";"86.";"7.";"0.00";"0.00";"0.00"
"2017";"8";"4";"5";"21";"5182";"226.";"6.9";"16.2";"86.";"7.";"0.00";"0.00";"0.00"
"2017";"8";"4";"5";"22";"5183";"227.";"6.9";"16.1";"87.";"7.";"0.00";"0.00";"0.00"
"2017";"8";"4";"5";"23";"5184";"240.";"7.0";"15.8";"90.";"7.";"0.00";"0.00";"0.00"
"2017";"8";"5";"6";"0";"5185";"252.";"6.3";"15.8";"88.";"8.";"0.00";"0.00";"0.00"
"2017";"8";"5";"6";"1";"5186";"245.";"5.9";"15.8";"88.";"7.";"0.00";"0.00";"0.00"
"2017";"8";"5";"6";"2";"5187";"251.";"6.1";"15.9";"88.";"6.";"0.00";"0.00";"0.00"
"2017";"8";"5";"6";"3";"5188";"248.";"6.4";"15.9";"87.";"7.";"0.00";"0.00";"0.00"
"2017";"8";"5";"6";"4";"5189";"252.";"6.0";"15.9";"88.";"5.";"0.00";"0.00";"0.00"
"2017";"8";"5";"6";"5";"5190";"257.";"6.0";"16.1";"87.";"4.";"64.17";"178.76";"31.27"
"2017";"8";"5";"6";"6";"5191";"262.";"6.1";"16.5";"85.";"7.";"104.73";"78.27";"79.89"
"2017";"8";"5";"6";"7";"5192";"260.";"6.2";"16.9";"82.";"7.";"171.43";"97.59";"127.90"
"2017";"8";"5";"6";"8";"5193";"259.";"6.1";"17.4";"78.";"7.";"228.53";"100.48";"172.11"
"2017";"8";"5";"6";"9";"5194";"263.";"5.9";"17.6";"77.";"6.";"345.96";"222.40";"200.11"
"2017";"8";"5";"6";"10";"5195";"265.";"6.5";"18.4";"72.";"5.";"454.03";"321.35";"221.85"
"2017";"8";"5";"6";"11";"5196";"262.";"6.5";"18.8";"70.";"6.";"407.48";"221.03";"240.16"
"2017";"8";"5";"6";"12";"5197";"260.";"6.4";"18.6";"68.";"6.";"390.54";"177.47";"256.19"
"2017";"8";"5";"6";"13";"5198";"258.";"6.6";"18.5";"68.";"7.";"311.28";"107.54";"233.59"
"2017";"8";"5";"6";"14";"5199";"256.";"7.0";"18.5";"66.";"6.";"342.74";"206.05";"207.60"
"2017";"8";"5";"6";"15";"5200";"256.";"6.9";"18.5";"62.";"3.";"434.12";"501.63";"152.43"
"2017";"8";"5";"6";"16";"5201";"256.";"7.0";"18.2";"60.";"3.";"327.95";"478.81";"114.35"
"2017";"8";"5";"6";"17";"5202";"256.";"6.9";"17.7";"62.";"3.";"203.23";"381.07";"82.30"
"2017";"8";"5";"6";"18";"5203";"256.";"7.1";"16.6";"67.";"4.";"71.82";"188.35";"37.16"
"2017";"8";"5";"6";"19";"5204";"254.";"6.2";"16.2";"71.";"7.";"0.00";"0.00";"0.00"
"2017";"8";"5";"6";"20";"5205";"254.";"6.2";"16.1";"73.";"8.";"0.00";"0.00";"0.00"
"2017";"8";"5";"6";"21";"5206";"247.";"6.6";"15.8";"76.";"7.";"0.00";"0.00";"0.00"
"2017";"8";"5";"6";"22";"5207";"247.";"6.9";"15.7";"79.";"8.";"0.00";"0.00";"0.00"
"2017";"8";"5";"6";"23";"5208";"247.";"6.5";"15.6";"80.";"8.";"0.00";"0.00";"0.00"
"2017";"8";"6";"7";"0";"5209";"251.";"6.9";"15.7";"81.";"7.";"0.00";"0.00";"0.00"
"2017";"8";"6";"7";"1";"5210";"262.";"7.0";"15.7";"79.";"6.";"0.00";"0.00";"0.00"
"2017";"8";"6";"7";"2";"5211";"263.";"7.2";"15.5";"78.";"6.";"0.00";"0.00";"0.00"
"2017";"8";"6";"7";"3";"5212";"260.";"6.4";"15.3";"77.";"7.";"0.00";"0.00";"0.00"
"2017";"8";"6";"7";"4";"5213";"263.";"6.8";"15.4";"76.";"7.";"0.00";"0.00";"0.00"
"2017";"8";"6";"7";"5";"5214";"261.";"7.1";"15.4";"76.";"7.";"40.38";"47.16";"31.89"
"2017";"8";"6";"7";"6";"5215";"259.";"7.2";"15.6";"75.";"7.";"106.64";"80.17";"81.50"
"2017";"8";"6";"7";"7";"5216";"256.";"7.4";"15.8";"76.";"8.";"128.58";"0.00";"128.58"
"2017";"8";"6";"7";"8";"5217";"258.";"8.4";"16.3";"75.";"7.";"225.10";"92.78";"173.31"
"2017";"8";"6";"7";"9";"5218";"258.";"8.4";"16.8";"71.";"6.";"346.75";"222.77";"201.39"
"2017";"8";"6";"7";"10";"5219";"266.";"8.2";"17.3";"67.";"7.";"314.27";"113.18";"232.86"
"2017";"8";"6";"7";"11";"5220";"265.";"8.9";"17.3";"68.";"7.";"327.78";"107.48";"246.75"
"2017";"8";"6";"7";"12";"5221";"261.";"8.3";"17.5";"63.";"7.";"331.65";"112.61";"246.76"
"2017";"8";"6";"7";"13";"5222";"265.";"8.8";"17.9";"63.";"5.";"595.23";"351.17";"342.63"
"2017";"8";"6";"7";"14";"5223";"267.";"8.7";"17.9";"61.";"4.";"470.15";"438.21";"184.19"
"2017";"8";"6";"7";"15";"5224";"266.";"8.6";"18.0";"62.";"7.";"229.72";"100.17";"173.81"
"2017";"8";"6";"7";"16";"5225";"264.";"8.0";"17.2";"63.";"5.";"252.71";"284.62";"126.76"
"2017";"8";"6";"7";"17";"5226";"265.";"8.5";"16.8";"63.";"3.";"203.63";"405.54";"76.48"
"2017";"8";"6";"7";"18";"5227";"265.";"7.5";"16.0";"66.";"5.";"61.99";"147.29";"35.47"
"2017";"8";"6";"7";"19";"5228";"263.";"7.5";"15.7";"67.";"3.";"0.00";"0.00";"0.00"
"2017";"8";"6";"7";"20";"5229";"264.";"7.3";"15.4";"69.";"3.";"0.00";"0.00";"0.00"
"2017";"8";"6";"7";"21";"5230";"260.";"7.2";"15.1";"72.";"3.";"0.00";"0.00";"0.00"
"2017";"8";"6";"7";"22";"5231";"263.";"6.9";"15.0";"74.";"3.";"0.00";"0.00";"0.00"
"2017";"8";"6";"7";"23";"5232";"263.";"6.1";"14.8";"75.";"3.";"0.00";"0.00";"0.00"
"2017";"8";"7";"1";"0";"5233";"262.";"6.1";"14.6";"73.";"3.";"0.00";"0.00";"0.00"
"2017";"8";"7";"1";"1";"5234";"262.";"5.7";"14.4";"75.";"1.";"0.00";"0.00";"0.00"
"2017";"8";"7";"1";"2";"5235";"260.";"5.5";"14.3";"76.";"2.";"0.00";"0.00";"0.00"
"2017";"8";"7";"1";"3";"5236";"260.";"5.7";"14.2";"77.";"1.";"0.00";"0.00";"0.00"
"2017";"8";"7";"1";"4";"5237";"257.";"4.9";"14.1";"77.";"1.";"0.00";"0.00";"0.00"
"2017";"8";"7";"1";"5";"5238";"255.";"4.9";"14.7";"76.";"2.";"84.15";"295.93";"32.08"
"2017";"8";"7";"1";"6";"5239";"251.";"5.4";"15.6";"73.";"7.";"105.24";"79.87";"80.50"
"2017";"8";"7";"1";"7";"5240";"241.";"4.9";"15.9";"73.";"7.";"170.73";"96.73";"128.28"
"2017";"8";"7";"1";"8";"5241";"238.";"4.8";"16.6";"67.";"6.";"285.62";"211.59";"168.27"
"2017";"8";"7";"1";"9";"5242";"229.";"4.5";"17.2";"63.";"6.";"341.96";"208.30";"206.73"
"2017";"8";"7";"1";"10";"5243";"219.";"4.9";"17.3";"65.";"6.";"549.15";"222.30";"389.97"
"2017";"8";"7";"1";"11";"5244";"209.";"5.3";"17.3";"69.";"7.";"539.87";"114.45";"453.95"
"2017";"8";"7";"1";"12";"5245";"205.";"5.5";"17.0";"70.";"7.";"328.54";"111.48";"244.86"
"2017";"8";"7";"1";"13";"5246";"194.";"5.9";"16.9";"76.";"7.";"498.48";"101.72";"425.65"
"2017";"8";"7";"1";"14";"5247";"188.";"6.2";"17.5";"75.";"7.";"273.36";"104.01";"205.84"
"2017";"8";"7";"1";"15";"5248";"181.";"6.5";"18.1";"70.";"7.";"369.10";"98.97";"314.20"
"2017";"8";"7";"1";"16";"5249";"176.";"6.9";"17.8";"70.";"6.";"293.43";"177.93";"215.35"
"2017";"8";"7";"1";"17";"5250";"174.";"6.4";"17.9";"71.";"8.";"76.26";"0.00";"76.26"
"2017";"8";"7";"1";"18";"5251";"178.";"6.3";"17.9";"72.";"8.";"54.18";"0.00";"54.18"
"2017";"8";"7";"1";"19";"5252";"224.";"2.9";"17.8";"75.";"8.";"0.00";"0.00";"0.00"
"2017";"8";"7";"1";"20";"5253";"230.";"2.6";"17.4";"78.";"8.";"0.00";"0.00";"0.00"
"2017";"8";"7";"1";"21";"5254";"243.";"3.1";"16.4";"87.";"8.";"0.00";"0.00";"0.00"
"2017";"8";"7";"1";"22";"5255";"232.";"2.7";"16.0";"88.";"8.";"0.00";"0.00";"0.00"
"2017";"8";"7";"1";"23";"5256";"233.";"2.2";"15.7";"88.";"8.";"0.00";"0.00";"0.00"
"2017";"8";"8";"2";"0";"5257";"233.";"2.0";"15.6";"88.";"8.";"0.00";"0.00";"0.00"
"2017";"8";"8";"2";"1";"5258";"234.";"1.7";"15.5";"89.";"6.";"0.00";"0.00";"0.00"
"2017";"8";"8";"2";"2";"5259";"222.";"1.7";"15.2";"89.";"8.";"0.00";"0.00";"0.00"
"2017";"8";"8";"2";"3";"5260";"190.";"1.6";"15.2";"90.";"7.";"0.00";"0.00";"0.00"
"2017";"8";"8";"2";"4";"5261";"184.";"1.3";"15.1";"90.";"7.";"0.00";"0.00";"0.00"
"2017";"8";"8";"2";"5";"5262";"140.";"1.5";"15.5";"91.";"7.";"53.16";"35.75";"47.02"
"2017";"8";"8";"2";"6";"5263";"136.";"2.1";"16.4";"91.";"8.";"69.87";"0.00";"69.87"
"2017";"8";"8";"2";"7";"5264";"138.";"2.3";"17.4";"85.";"8.";"121.14";"0.00";"121.14"
"2017";"8";"8";"2";"8";"5265";"147.";"1.7";"18.6";"77.";"6.";"275.74";"201.51";"164.69"
"2017";"8";"8";"2";"9";"5266";"150.";"1.2";"20.0";"68.";"5.";"512.16";"321.72";"304.41"
"2017";"8";"8";"2";"10";"5267";"146.";"1.6";"21.3";"60.";"4.";"492.67";"336.72";"252.69"
"2017";"8";"8";"2";"11";"5268";"192.";"1.9";"21.7";"56.";"7.";"341.58";"68.08";"290.70"
"2017";"8";"8";"2";"12";"5269";"177.";"2.3";"23.0";"53.";"4.";"532.70";"379.73";"248.91"
"2017";"8";"8";"2";"13";"5270";"187.";"2.0";"22.9";"48.";"6.";"398.20";"166.65";"279.43"
"2017";"8";"8";"2";"14";"5271";"169.";"1.6";"22.9";"47.";"7.";"450.67";"107.79";"381.07"
"2017";"8";"8";"2";"15";"5272";"158.";"1.5";"22.3";"50.";"8.";"340.91";"0.00";"340.91"
"2017";"8";"8";"2";"16";"5273";"120.";"1.4";"22.0";"55.";"8.";"257.82";"0.00";"257.82"
"2017";"8";"8";"2";"17";"5274";"97.";"1.8";"21.1";"55.";"6.";"184.28";"161.88";"134.79"
"2017";"8";"8";"2";"18";"5275";"76.";"1.6";"20.6";"60.";"7.";"59.79";"45.27";"52.01"
"2017";"8";"8";"2";"19";"5276";"84.";"1.6";"19.6";"63.";"6.";"0.00";"0.00";"0.00"
"2017";"8";"8";"2";"20";"5277";"119.";"2.4";"18.8";"60.";"8.";"0.00";"0.00";"0.00"
"2017";"8";"8";"2";"21";"5278";"107.";"2.6";"18.1";"61.";"8.";"0.00";"0.00";"0.00"
"2017";"8";"8";"2";"22";"5279";"96.";"3.6";"18.6";"57.";"8.";"0.00";"0.00";"0.00"
"2017";"8";"8";"2";"23";"5280";"97.";"4.9";"18.4";"57.";"8.";"0.00";"0.00";"0.00"
"2017";"8";"9";"3";"0";"5281";"96.";"5.0";"18.1";"59.";"8.";"0.00";"0.00";"0.00"
"2017";"8";"9";"3";"1";"5282";"101.";"4.4";"17.4";"63.";"8.";"0.00";"0.00";"0.00"
"2017";"8";"9";"3";"2";"5283";"100.";"4.9";"17.1";"66.";"8.";"0.00";"0.00";"0.00"
"2017";"8";"9";"3";"3";"5284";"99.";"4.2";"17.2";"67.";"8.";"0.00";"0.00";"0.00"
"2017";"8";"9";"3";"4";"5285";"100.";"4.3";"16.6";"72.";"8.";"0.00";"0.00";"0.00"
"2017";"8";"9";"3";"5";"5286";"104.";"4.3";"16.2";"77.";"7.";"22.00";"26.20";"17.61"
"2017";"8";"9";"3";"6";"5287";"108.";"4.2";"16.3";"79.";"7.";"99.45";"79.21";"75.55"
"2017";"8";"9";"3";"7";"5288";"96.";"4.2";"15.8";"89.";"8.";"66.63";"0.00";"66.63"
"2017";"8";"9";"3";"8";"5289";"120.";"5.5";"15.5";"89.";"7.";"137.95";"52.88";"109.01"
"2017";"8";"9";"3";"9";"5290";"126.";"4.5";"15.9";"89.";"7.";"174.97";"68.39";"131.05"
"2017";"8";"9";"3";"10";"5291";"145.";"5.5";"16.6";"88.";"8.";"229.54";"0.00";"229.54"
"2017";"8";"9";"3";"11";"5292";"154.";"6.1";"17.8";"91.";"8.";"224.65";"0.00";"224.65"
"2017";"8";"9";"3";"12";"5293";"166.";"5.6";"18.2";"91.";"8.";"136.00";"0.00";"136.00"
"2017";"8";"9";"3";"13";"5294";"186.";"6.0";"19.4";"81.";"6.";"250.86";"118.13";"167.07"
"2017";"8";"9";"3";"14";"5295";"184.";"6.8";"19.6";"76.";"4.";"435.99";"359.68";"204.99"
"2017";"8";"9";"3";"15";"5296";"188.";"6.3";"19.4";"75.";"7.";"219.63";"98.50";"165.71"
"2017";"8";"9";"3";"16";"5297";"189.";"6.4";"19.2";"74.";"5.";"236.76";"274.86";"118.22"
"2017";"8";"9";"3";"17";"5298";"189.";"6.8";"19.4";"71.";"6.";"168.75";"143.19";"125.55"
"2017";"8";"9";"3";"18";"5299";"192.";"6.9";"18.8";"74.";"5.";"45.31";"111.48";"26.63"
"2017";"8";"9";"3";"19";"5300";"191.";"6.4";"18.1";"76.";"5.";"0.00";"0.00";"0.00"
"2017";"8";"9";"3";"20";"5301";"188.";"6.9";"18.2";"77.";"8.";"0.00";"0.00";"0.00"
"2017";"8";"9";"3";"21";"5302";"204.";"6.8";"18.2";"77.";"7.";"0.00";"0.00";"0.00"
"2017";"8";"9";"3";"22";"5303";"203.";"7.0";"17.9";"77.";"8.";"0.00";"0.00";"0.00"
"2017";"8";"9";"3";"23";"5304";"213.";"6.9";"17.5";"76.";"8.";"0.00";"0.00";"0.00"
"2017";"8";"10";"4";"0";"5305";"216.";"6.7";"17.1";"79.";"8.";"0.00";"0.00";"0.00"
"2017";"8";"10";"4";"1";"5306";"215.";"5.8";"16.8";"83.";"8.";"0.00";"0.00";"0.00"
"2017";"8";"10";"4";"2";"5307";"220.";"5.5";"16.8";"86.";"8.";"0.00";"0.00";"0.00"
"2017";"8";"10";"4";"3";"5308";"229.";"4.4";"16.7";"89.";"8.";"0.00";"0.00";"0.00"
"2017";"8";"10";"4";"4";"5309";"237.";"4.2";"16.6";"91.";"6.";"0.00";"0.00";"0.00"
"2017";"8";"10";"4";"5";"5310";"238.";"3.9";"16.8";"89.";"6.";"33.30";"60.36";"23.44"
"2017";"8";"10";"4";"6";"5311";"240.";"4.0";"16.9";"90.";"7.";"90.61";"64.24";"71.49"
"2017";"8";"10";"4";"7";"5312";"247.";"4.1";"17.0";"90.";"8.";"115.73";"0.00";"115.73"
"2017";"8";"10";"4";"8";"5313";"246.";"4.4";"17.5";"86.";"6.";"269.63";"197.78";"162.10"
"2017";"8";"10";"4";"9";"5314";"247.";"3.3";"19.2";"77.";"5.";"393.07";"326.55";"184.52"
"2017";"8";"10";"4";"10";"5315";"240.";"4.7";"19.1";"73.";"4.";"500.67";"406.21";"213.96"
"2017";"8";"10";"4";"11";"5316";"231.";"5.0";"19.7";"70.";"3.";"511.63";"451.29";"177.42"
"2017";"8";"10";"4";"12";"5317";"247.";"4.7";"20.1";"68.";"1.";"720.69";"756.13";"160.72"
"2017";"8";"10";"4";"13";"5318";"238.";"4.2";"20.6";"65.";"2.";"627.87";"651.64";"167.94"
"2017";"8";"10";"4";"14";"5319";"253.";"3.2";"20.6";"65.";"3.";"506.28";"536.47";"163.67"
"2017";"8";"10";"4";"15";"5320";"269.";"2.6";"21.0";"64.";"2.";"455.78";"603.94";"127.43"
"2017";"8";"10";"4";"16";"5321";"269.";"2.9";"20.6";"63.";"3.";"304.42";"467.65";"104.57"
"2017";"8";"10";"4";"17";"5322";"262.";"2.7";"19.5";"66.";"1.";"218.08";"538.86";"57.69"
"2017";"8";"10";"4";"18";"5323";"268.";"1.9";"18.3";"72.";"1.";"71.28";"284.89";"24.75"
"2017";"8";"10";"4";"19";"5324";"238.";"1.0";"16.4";"80.";"0.";"0.00";"0.00";"0.00"
"2017";"8";"10";"4";"20";"5325";"213.";"1.3";"14.8";"87.";"0.";"0.00";"0.00";"0.00"
"2017";"8";"10";"4";"21";"5326";"210.";"2.2";"14.7";"89.";"1.";"0.00";"0.00";"0.00"
"2017";"8";"10";"4";"22";"5327";"216.";"2.7";"14.2";"89.";"0.";"0.00";"0.00";"0.00"
"2017";"8";"10";"4";"23";"5328";"214.";"2.8";"13.7";"91.";"1.";"0.00";"0.00";"0.00"
"2017";"8";"11";"5";"0";"5329";"216.";"2.7";"13.3";"92.";"3.";"0.00";"0.00";"0.00"
"2017";"8";"11";"5";"1";"5330";"201.";"2.0";"13.2";"93.";"6.";"0.00";"0.00";"0.00"
"2017";"8";"11";"5";"2";"5331";"179.";"1.7";"13.3";"93.";"6.";"0.00";"0.00";"0.00"
"2017";"8";"11";"5";"3";"5332";"172.";"1.2";"14.1";"95.";"3.";"0.00";"0.00";"0.00"
"2017";"8";"11";"5";"4";"5333";"169.";"1.3";"14.4";"93.";"4.";"0.00";"0.00";"0.00"
"2017";"8";"11";"5";"5";"5334";"163.";"1.0";"15.1";"89.";"6.";"36.36";"77.30";"24.07"
"2017";"8";"11";"5";"6";"5335";"232.";"1.3";"16.3";"85.";"3.";"179.88";"382.67";"67.57"
"2017";"8";"11";"5";"7";"5336";"242.";"2.1";"17.0";"79.";"6.";"197.97";"185.71";"119.35"
"2017";"8";"11";"5";"8";"5337";"251.";"2.7";"17.8";"74.";"6.";"271.46";"202.24";"162.27"
"2017";"8";"11";"5";"9";"5338";"278.";"2.3";"18.6";"71.";"6.";"334.80";"224.05";"192.54"
"2017";"8";"11";"5";"10";"5339";"277.";"2.7";"18.7";"69.";"7.";"305.44";"114.80";"224.83"
"2017";"8";"11";"5";"11";"5340";"294.";"3.2";"18.3";"69.";"8.";"241.08";"0.00";"241.08"
"2017";"8";"11";"5";"12";"5341";"288.";"3.1";"18.1";"69.";"7.";"324.30";"116.67";"238.31"
"2017";"8";"11";"5";"13";"5342";"280.";"2.7";"18.7";"66.";"7.";"297.74";"99.63";"227.77"
"2017";"8";"11";"5";"14";"5343";"267.";"2.6";"19.4";"63.";"5.";"393.63";"319.88";"190.51"
"2017";"8";"11";"5";"15";"5344";"264.";"2.9";"19.2";"63.";"4.";"371.10";"412.85";"148.21"
"2017";"8";"11";"5";"16";"5345";"260.";"2.6";"18.6";"65.";"4.";"270.09";"366.81";"114.78"
"2017";"8";"11";"5";"17";"5346";"246.";"2.2";"18.3";"68.";"6.";"172.11";"156.49";"126.18"
"2017";"8";"11";"5";"18";"5347";"247.";"2.2";"17.5";"72.";"6.";"38.07";"80.94";"25.20"
"2017";"8";"11";"5";"19";"5348";"248.";"1.7";"16.4";"79.";"6.";"0.00";"0.00";"0.00"
"2017";"8";"11";"5";"20";"5349";"202.";"1.0";"15.0";"85.";"6.";"0.00";"0.00";"0.00"
"2017";"8";"11";"5";"21";"5350";"160.";"0.6";"15.1";"86.";"7.";"0.00";"0.00";"0.00"
"2017";"8";"11";"5";"22";"5351";"185.";"0.8";"15.3";"86.";"8.";"0.00";"0.00";"0.00"
"2017";"8";"11";"5";"23";"5352";"200.";"1.5";"15.1";"87.";"8.";"0.00";"0.00";"0.00"
"2017";"8";"12";"6";"0";"5353";"235.";"1.3";"15.1";"87.";"8.";"0.00";"0.00";"0.00"
"2017";"8";"12";"6";"1";"5354";"258.";"0.8";"15.0";"88.";"6.";"0.00";"0.00";"0.00"
"2017";"8";"12";"6";"2";"5355";"243.";"0.8";"14.3";"89.";"5.";"0.00";"0.00";"0.00"
"2017";"8";"12";"6";"3";"5356";"207.";"0.7";"13.8";"91.";"8.";"0.00";"0.00";"0.00"
"2017";"8";"12";"6";"4";"5357";"276.";"1.1";"14.0";"90.";"8.";"0.00";"0.00";"0.00"
"2017";"8";"12";"6";"5";"5358";"269.";"2.1";"14.5";"90.";"7.";"45.72";"37.62";"39.91"
"2017";"8";"12";"6";"6";"5359";"253.";"1.9";"15.2";"87.";"8.";"142.64";"0.00";"142.64"
"2017";"8";"12";"6";"7";"5360";"239.";"2.2";"15.8";"82.";"8.";"245.67";"0.00";"245.67"
"2017";"8";"12";"6";"8";"5361";"231.";"2.5";"16.3";"79.";"7.";"367.51";"106.80";"310.27"
"2017";"8";"12";"6";"9";"5362";"237.";"2.2";"16.8";"73.";"8.";"206.69";"0.00";"206.69"
"2017";"8";"12";"6";"10";"5363";"238.";"2.5";"16.8";"71.";"7.";"500.08";"116.09";"418.98"
"2017";"8";"12";"6";"11";"5364";"237.";"3.0";"17.5";"70.";"8.";"247.37";"0.00";"247.37"
"2017";"8";"12";"6";"12";"5365";"221.";"2.9";"17.7";"71.";"7.";"519.36";"107.62";"440.42"
"2017";"8";"12";"6";"13";"5366";"229.";"4.0";"16.1";"83.";"7.";"297.41";"103.48";"225.12"
"2017";"8";"12";"6";"14";"5367";"215.";"3.4";"15.3";"93.";"8.";"111.66";"0.00";"111.66"
"2017";"8";"12";"6";"15";"5368";"212.";"3.0";"15.5";"94.";"8.";"87.27";"0.00";"87.27"
"2017";"8";"12";"6";"16";"5369";"216.";"3.2";"15.6";"93.";"8.";"110.57";"0.00";"110.57"
"2017";"8";"12";"6";"17";"5370";"213.";"3.3";"15.6";"94.";"8.";"37.09";"0.00";"37.09"
"2017";"8";"12";"6";"18";"5371";"198.";"3.2";"15.6";"95.";"8.";"9.36";"0.00";"9.36"
"2017";"8";"12";"6";"19";"5372";"210.";"3.3";"15.5";"95.";"8.";"0.00";"0.00";"0.00"
"2017";"8";"12";"6";"20";"5373";"222.";"3.4";"15.6";"95.";"7.";"0.00";"0.00";"0.00"
"2017";"8";"12";"6";"21";"5374";"249.";"3.4";"15.8";"93.";"7.";"0.00";"0.00";"0.00"
"2017";"8";"12";"6";"22";"5375";"252.";"4.6";"15.5";"90.";"7.";"0.00";"0.00";"0.00"
"2017";"8";"12";"6";"23";"5376";"245.";"4.3";"15.2";"89.";"6.";"0.00";"0.00";"0.00"
"2017";"8";"13";"7";"0";"5377";"241.";"4.9";"15.0";"88.";"1.";"0.00";"0.00";"0.00"
"2017";"8";"13";"7";"1";"5378";"249.";"4.9";"14.9";"84.";"2.";"0.00";"0.00";"0.00"
"2017";"8";"13";"7";"2";"5379";"253.";"4.9";"14.5";"81.";"3.";"0.00";"0.00";"0.00"
"2017";"8";"13";"7";"3";"5380";"253.";"4.9";"14.1";"80.";"4.";"0.00";"0.00";"0.00"
"2017";"8";"13";"7";"4";"5381";"251.";"5.0";"14.2";"80.";"5.";"0.00";"0.00";"0.00"
"2017";"8";"13";"7";"5";"5382";"252.";"5.0";"15.2";"77.";"6.";"35.17";"78.22";"23.43"
"2017";"8";"13";"7";"6";"5383";"286.";"4.4";"15.9";"84.";"8.";"66.80";"0.00";"66.80"
"2017";"8";"13";"7";"7";"5384";"299.";"5.6";"15.9";"81.";"6.";"199.38";"191.51";"119.86"
"2017";"8";"13";"7";"8";"5385";"300.";"5.4";"15.8";"79.";"8.";"167.16";"0.00";"167.16"
"2017";"8";"13";"7";"9";"5386";"298.";"5.3";"15.9";"74.";"6.";"340.66";"227.25";"198.07"
"2017";"8";"13";"7";"10";"5387";"294.";"5.5";"16.6";"70.";"5.";"455.48";"351.74";"211.06"
"2017";"8";"13";"7";"11";"5388";"293.";"5.3";"17.5";"65.";"3.";"602.07";"563.56";"190.78"
"2017";"8";"13";"7";"12";"5389";"288.";"5.6";"18.1";"63.";"3.";"596.01";"536.00";"204.83"
"2017";"8";"13";"7";"13";"5390";"288.";"5.4";"17.7";"59.";"3.";"569.68";"553.15";"185.29"
"2017";"8";"13";"7";"14";"5391";"289.";"4.8";"17.9";"57.";"4.";"465.26";"458.23";"177.75"
"2017";"8";"13";"7";"15";"5392";"279.";"5.2";"17.8";"57.";"3.";"426.63";"542.72";"137.87"
"2017";"8";"13";"7";"16";"5393";"283.";"4.5";"17.7";"56.";"2.";"343.55";"591.20";"98.06"
"2017";"8";"13";"7";"17";"5394";"280.";"5.0";"17.1";"57.";"1.";"216.25";"547.39";"60.28"
"2017";"8";"13";"7";"18";"5395";"276.";"5.0";"16.3";"62.";"1.";"70.84";"302.53";"25.45"
"2017";"8";"13";"7";"19";"5396";"269.";"4.5";"15.4";"72.";"1.";"0.00";"0.00";"0.00"
"2017";"8";"13";"7";"20";"5397";"266.";"4.4";"15.0";"76.";"2.";"0.00";"0.00";"0.00"
"2017";"8";"13";"7";"21";"5398";"271.";"4.5";"14.8";"78.";"1.";"0.00";"0.00";"0.00"
"2017";"8";"13";"7";"22";"5399";"275.";"4.6";"14.6";"79.";"1.";"0.00";"0.00";"0.00"
"2017";"8";"13";"7";"23";"5400";"278.";"4.1";"14.5";"81.";"2.";"0.00";"0.00";"0.00"
"2017";"8";"14";"1";"0";"5401";"275.";"3.9";"14.5";"80.";"0.";"0.00";"0.00";"0.00"
"2017";"8";"14";"1";"1";"5402";"280.";"3.6";"14.0";"77.";"0.";"0.00";"0.00";"0.00"
"2017";"8";"14";"1";"2";"5403";"279.";"3.4";"13.2";"79.";"0.";"0.00";"0.00";"0.00"
"2017";"8";"14";"1";"3";"5404";"277.";"3.3";"12.9";"80.";"0.";"0.00";"0.00";"0.00"
"2017";"8";"14";"1";"4";"5405";"277.";"3.2";"12.9";"79.";"0.";"0.00";"0.00";"0.00"
"2017";"8";"14";"1";"5";"5406";"284.";"3.2";"13.9";"74.";"1.";"65.18";"285.08";"23.71"
"2017";"8";"14";"1";"6";"5407";"287.";"3.9";"15.6";"64.";"0.";"233.05";"636.88";"54.37"
"2017";"8";"14";"1";"7";"5408";"285.";"4.6";"16.3";"60.";"2.";"339.86";"590.02";"97.33"
"2017";"8";"14";"1";"8";"5409";"281.";"4.3";"16.8";"56.";"5.";"321.73";"312.96";"156.47"
"2017";"8";"14";"1";"9";"5410";"278.";"4.3";"17.0";"54.";"5.";"396.06";"338.68";"184.87"
"2017";"8";"14";"1";"10";"5411";"269.";"4.1";"17.6";"53.";"3.";"571.53";"566.41";"180.08"
"2017";"8";"14";"1";"11";"5412";"261.";"3.8";"17.6";"53.";"3.";"623.11";"599.95";"187.50"
"2017";"8";"14";"1";"12";"5413";"254.";"3.9";"18.3";"51.";"2.";"668.24";"692.43";"165.49"
"2017";"8";"14";"1";"13";"5414";"250.";"3.7";"18.4";"52.";"4.";"509.50";"454.44";"195.43"
"2017";"8";"14";"1";"14";"5415";"244.";"3.6";"18.1";"55.";"2.";"555.17";"654.09";"147.30"
"2017";"8";"14";"1";"15";"5416";"235.";"3.7";"18.3";"53.";"0.";"532.83";"829.63";"94.75"
"2017";"8";"14";"1";"16";"5417";"213.";"3.3";"18.1";"58.";"2.";"337.05";"585.13";"96.53"
"2017";"8";"14";"1";"17";"5418";"220.";"3.2";"17.2";"63.";"3.";"177.21";"391.51";"67.37"
"2017";"8";"14";"1";"18";"5419";"213.";"2.6";"16.1";"68.";"8.";"20.72";"0.00";"20.72"
"2017";"8";"14";"1";"19";"5420";"184.";"1.8";"14.6";"76.";"5.";"0.00";"0.00";"0.00"
"2017";"8";"14";"1";"20";"5421";"177.";"1.8";"13.5";"80.";"7.";"0.00";"0.00";"0.00"
"2017";"8";"14";"1";"21";"5422";"155.";"1.9";"13.0";"83.";"8.";"0.00";"0.00";"0.00"
"2017";"8";"14";"1";"22";"5423";"148.";"1.9";"12.4";"86.";"7.";"0.00";"0.00";"0.00"
"2017";"8";"14";"1";"23";"5424";"146.";"1.7";"11.4";"88.";"6.";"0.00";"0.00";"0.00"
"2017";"8";"15";"2";"0";"5425";"131.";"2.1";"10.8";"89.";"8.";"0.00";"0.00";"0.00"
"2017";"8";"15";"2";"1";"5426";"122.";"2.2";"11.0";"88.";"8.";"0.00";"0.00";"0.00"
"2017";"8";"15";"2";"2";"5427";"118.";"2.7";"10.6";"85.";"4.";"0.00";"0.00";"0.00"
"2017";"8";"15";"2";"3";"5428";"117.";"2.7";"10.1";"85.";"8.";"0.00";"0.00";"0.00"
"2017";"8";"15";"2";"4";"5429";"118.";"3.0";"10.8";"82.";"7.";"0.00";"0.00";"0.00"
"2017";"8";"15";"2";"5";"5430";"114.";"3.5";"12.2";"77.";"0.";"68.40";"325.31";"22.58"
"2017";"8";"15";"2";"6";"5431";"124.";"4.0";"13.8";"72.";"2.";"207.86";"472.81";"77.31"
"2017";"8";"15";"2";"7";"5432";"127.";"4.1";"15.8";"61.";"6.";"285.11";"196.15";"205.32"
"2017";"8";"15";"2";"8";"5433";"126.";"4.0";"17.3";"52.";"1.";"523.09";"762.72";"123.46"
"2017";"8";"15";"2";"9";"5434";"127.";"5.0";"19.3";"50.";"5.";"504.83";"342.41";"292.66"
"2017";"8";"15";"2";"10";"5435";"140.";"5.2";"21.0";"51.";"3.";"630.09";"552.31";"250.51"
"2017";"8";"15";"2";"11";"5436";"147.";"5.1";"21.9";"53.";"7.";"517.98";"114.73";"435.12"
"2017";"8";"15";"2";"12";"5437";"149.";"4.8";"22.8";"53.";"6.";"391.55";"158.21";"277.28"
"2017";"8";"15";"2";"13";"5438";"161.";"5.2";"23.3";"49.";"8.";"260.64";"0.00";"260.64"
"2017";"8";"15";"2";"14";"5439";"160.";"6.2";"23.0";"49.";"5.";"375.47";"242.38";"225.29"
"2017";"8";"15";"2";"15";"5440";"161.";"5.8";"22.2";"55.";"7.";"225.09";"65.70";"190.67"
"2017";"8";"15";"2";"16";"5441";"168.";"5.1";"21.5";"58.";"7.";"247.17";"88.27";"211.26"
"2017";"8";"15";"2";"17";"5442";"165.";"4.8";"19.7";"65.";"8.";"75.24";"0.00";"75.24"
"2017";"8";"15";"2";"18";"5443";"174.";"6.4";"17.4";"78.";"8.";"16.49";"0.00";"16.49"
"2017";"8";"15";"2";"19";"5444";"137.";"3.6";"17.7";"81.";"7.";"0.00";"0.00";"0.00"
"2017";"8";"15";"2";"20";"5445";"132.";"4.1";"18.4";"70.";"7.";"0.00";"0.00";"0.00"
"2017";"8";"15";"2";"21";"5446";"136.";"4.7";"17.8";"71.";"8.";"0.00";"0.00";"0.00"
"2017";"8";"15";"2";"22";"5447";"176.";"3.0";"15.4";"90.";"8.";"0.00";"0.00";"0.00"
"2017";"8";"15";"2";"23";"5448";"220.";"1.1";"15.0";"96.";"7.";"0.00";"0.00";"0.00"
"2017";"8";"16";"3";"0";"5449";"146.";"3.9";"15.0";"91.";"7.";"0.00";"0.00";"0.00"
"2017";"8";"16";"3";"1";"5450";"127.";"3.1";"15.1";"93.";"8.";"0.00";"0.00";"0.00"
"2017";"8";"16";"3";"2";"5451";"162.";"2.3";"15.2";"93.";"8.";"0.00";"0.00";"0.00"
"2017";"8";"16";"3";"3";"5452";"198.";"2.4";"15.5";"95.";"8.";"0.00";"0.00";"0.00"
"2017";"8";"16";"3";"4";"5453";"283.";"1.9";"15.6";"94.";"8.";"0.00";"0.00";"0.00"
"2017";"8";"16";"3";"5";"5454";"286.";"2.7";"15.9";"94.";"6.";"16.36";"21.20";"13.48"
"2017";"8";"16";"3";"6";"5455";"273.";"3.3";"16.2";"92.";"8.";"57.66";"0.00";"57.66"
"2017";"8";"16";"3";"7";"5456";"268.";"3.6";"17.1";"87.";"8.";"104.48";"0.00";"104.48"
"2017";"8";"16";"3";"8";"5457";"269.";"4.6";"17.0";"84.";"6.";"257.78";"200.18";"153.73"
"2017";"8";"16";"3";"9";"5458";"266.";"4.6";"17.8";"77.";"4.";"446.13";"446.96";"170.99"
"2017";"8";"16";"3";"10";"5459";"267.";"4.3";"18.7";"73.";"2.";"610.42";"674.04";"149.84"
"2017";"8";"16";"3";"11";"5460";"271.";"4.3";"19.0";"70.";"2.";"649.15";"684.80";"157.20"
"2017";"8";"16";"3";"12";"5461";"271.";"4.9";"19.5";"67.";"1.";"709.84";"815.37";"124.09"
"2017";"8";"16";"3";"13";"5462";"272.";"5.2";"19.5";"62.";"1.";"669.58";"792.74";"127.88"
"2017";"8";"16";"3";"14";"5463";"276.";"4.5";"19.9";"60.";"1.";"589.53";"761.46";"120.78"
"2017";"8";"16";"3";"15";"5464";"276.";"4.2";"19.7";"60.";"4.";"352.71";"394.51";"147.65"
"2017";"8";"16";"3";"16";"5465";"275.";"4.2";"18.6";"62.";"3.";"286.20";"460.26";"100.96"
"2017";"8";"16";"3";"17";"5466";"272.";"3.7";"18.3";"65.";"4.";"143.15";"288.17";"64.89"
"2017";"8";"16";"3";"18";"5467";"266.";"2.5";"16.9";"71.";"5.";"26.93";"50.41";"20.07"
"2017";"8";"16";"3";"19";"5468";"253.";"1.7";"14.7";"81.";"8.";"0.00";"0.00";"0.00"
"2017";"8";"16";"3";"20";"5469";"215.";"0.9";"13.9";"85.";"8.";"0.00";"0.00";"0.00"
"2017";"8";"16";"3";"21";"5470";"216.";"0.8";"13.0";"87.";"8.";"0.00";"0.00";"0.00"
"2017";"8";"16";"3";"22";"5471";"206.";"1.2";"12.8";"88.";"8.";"0.00";"0.00";"0.00"
"2017";"8";"16";"3";"23";"5472";"186.";"1.4";"12.6";"90.";"8.";"0.00";"0.00";"0.00"
"2017";"8";"17";"4";"0";"5473";"174.";"1.4";"13.1";"91.";"8.";"0.00";"0.00";"0.00"
"2017";"8";"17";"4";"1";"5474";"139.";"1.6";"12.1";"93.";"3.";"0.00";"0.00";"0.00"
"2017";"8";"17";"4";"2";"5475";"132.";"1.9";"12.1";"95.";"1.";"0.00";"0.00";"0.00"
"2017";"8";"17";"4";"3";"5476";"125.";"2.3";"12.1";"96.";"3.";"0.00";"0.00";"0.00"
"2017";"8";"17";"4";"4";"5477";"122.";"2.4";"12.3";"95.";"2.";"0.00";"0.00";"0.00"
"2017";"8";"17";"4";"5";"5478";"119.";"2.8";"13.1";"93.";"1.";"42.00";"198.65";"15.90"
"2017";"8";"17";"4";"6";"5479";"130.";"3.0";"15.3";"87.";"0.";"197.65";"564.42";"46.94"
"2017";"8";"17";"4";"7";"5480";"151.";"2.8";"17.2";"80.";"3.";"273.10";"425.53";"103.71"
"2017";"8";"17";"4";"8";"5481";"158.";"2.9";"18.5";"74.";"2.";"428.44";"598.85";"119.70"
"2017";"8";"17";"4";"9";"5482";"166.";"3.9";"19.4";"65.";"7.";"419.44";"104.34";"355.63"
"2017";"8";"17";"4";"10";"5483";"182.";"4.6";"20.3";"61.";"5.";"429.71";"335.75";"201.63"
"2017";"8";"17";"4";"11";"5484";"168.";"4.6";"20.8";"57.";"3.";"576.52";"516.27";"207.68"
"2017";"8";"17";"4";"12";"5485";"176.";"4.6";"21.4";"51.";"6.";"384.63";"216.85";"229.70"
"2017";"8";"17";"4";"13";"5486";"174.";"4.7";"21.3";"51.";"8.";"220.95";"0.00";"220.95"
"2017";"8";"17";"4";"14";"5487";"170.";"4.6";"21.5";"49.";"6.";"324.10";"222.05";"188.31"
"2017";"8";"17";"4";"15";"5488";"167.";"5.7";"21.1";"52.";"6.";"372.64";"210.59";"264.07"
"2017";"8";"17";"4";"16";"5489";"156.";"5.6";"20.7";"56.";"6.";"263.87";"185.73";"189.94"
"2017";"8";"17";"4";"17";"5490";"147.";"4.8";"20.2";"59.";"8.";"125.09";"0.00";"125.09"
"2017";"8";"17";"4";"18";"5491";"149.";"3.9";"19.7";"66.";"8.";"24.10";"0.00";"24.10"
"2017";"8";"17";"4";"19";"5492";"128.";"4.0";"17.9";"74.";"8.";"0.00";"0.00";"0.00"
"2017";"8";"17";"4";"20";"5493";"137.";"6.5";"16.6";"84.";"6.";"0.00";"0.00";"0.00"
"2017";"8";"17";"4";"21";"5494";"139.";"5.9";"16.0";"90.";"8.";"0.00";"0.00";"0.00"
"2017";"8";"17";"4";"22";"5495";"156.";"5.2";"15.9";"93.";"8.";"0.00";"0.00";"0.00"
"2017";"8";"17";"4";"23";"5496";"191.";"5.8";"16.0";"93.";"8.";"0.00";"0.00";"0.00"
"2017";"8";"18";"5";"0";"5497";"205.";"4.8";"16.4";"94.";"7.";"0.00";"0.00";"0.00"
"2017";"8";"18";"5";"1";"5498";"205.";"4.6";"16.7";"94.";"7.";"0.00";"0.00";"0.00"
"2017";"8";"18";"5";"2";"5499";"220.";"4.5";"16.7";"94.";"8.";"0.00";"0.00";"0.00"
"2017";"8";"18";"5";"3";"5500";"216.";"4.1";"16.7";"93.";"8.";"0.00";"0.00";"0.00"
"2017";"8";"18";"5";"4";"5501";"226.";"3.5";"16.7";"94.";"8.";"0.00";"0.00";"0.00"
"2017";"8";"18";"5";"5";"5502";"235.";"3.0";"16.8";"93.";"7.";"9.36";"12.95";"7.72"
"2017";"8";"18";"5";"6";"5503";"232.";"2.6";"17.2";"90.";"8.";"53.95";"0.00";"53.95"
"2017";"8";"18";"5";"7";"5504";"210.";"2.4";"17.7";"87.";"8.";"109.02";"0.00";"109.02"
"2017";"8";"18";"5";"8";"5505";"213.";"2.6";"18.1";"85.";"8.";"155.62";"0.00";"155.62"
"2017";"8";"18";"5";"9";"5506";"206.";"3.0";"18.8";"81.";"7.";"259.24";"110.22";"192.30"
"2017";"8";"18";"5";"10";"5507";"208.";"3.4";"19.6";"77.";"8.";"221.12";"0.00";"221.12"
"2017";"8";"18";"5";"11";"5508";"199.";"3.9";"20.2";"72.";"7.";"307.58";"114.09";"226.53"
"2017";"8";"18";"5";"12";"5509";"196.";"4.1";"20.3";"73.";"8.";"228.91";"0.00";"228.91"
"2017";"8";"18";"5";"13";"5510";"197.";"5.0";"20.2";"75.";"7.";"285.30";"106.04";"213.70"
"2017";"8";"18";"5";"14";"5511";"193.";"4.8";"20.2";"75.";"6.";"300.74";"176.49";"193.55"
"2017";"8";"18";"5";"15";"5512";"185.";"5.3";"20.5";"73.";"7.";"194.11";"80.58";"152.92"
"2017";"8";"18";"5";"16";"5513";"180.";"5.1";"19.8";"76.";"7.";"223.88";"73.25";"195.05"
"2017";"8";"18";"5";"17";"5514";"178.";"4.9";"19.2";"79.";"6.";"128.89";"115.81";"98.51"
"2017";"8";"18";"5";"18";"5515";"174.";"4.3";"18.6";"81.";"6.";"12.52";"19.98";"9.99"
"2017";"8";"18";"5";"19";"5516";"169.";"3.3";"18.1";"85.";"6.";"0.00";"0.00";"0.00"
"2017";"8";"18";"5";"20";"5517";"156.";"3.3";"18.0";"86.";"7.";"0.00";"0.00";"0.00"
"2017";"8";"18";"5";"21";"5518";"154.";"2.5";"17.6";"88.";"7.";"0.00";"0.00";"0.00"
"2017";"8";"18";"5";"22";"5519";"152.";"2.2";"17.3";"88.";"7.";"0.00";"0.00";"0.00"
"2017";"8";"18";"5";"23";"5520";"181.";"2.5";"17.3";"93.";"7.";"0.00";"0.00";"0.00"
"2017";"8";"19";"6";"0";"5521";"230.";"3.5";"17.2";"92.";"7.";"0.00";"0.00";"0.00"
"2017";"8";"19";"6";"1";"5522";"205.";"1.9";"16.1";"90.";"8.";"0.00";"0.00";"0.00"
"2017";"8";"19";"6";"2";"5523";"214.";"2.7";"15.8";"93.";"8.";"0.00";"0.00";"0.00"
"2017";"8";"19";"6";"3";"5524";"220.";"3.3";"15.6";"93.";"8.";"0.00";"0.00";"0.00"
"2017";"8";"19";"6";"4";"5525";"257.";"3.6";"15.5";"92.";"7.";"0.00";"0.00";"0.00"
"2017";"8";"19";"6";"5";"5526";"270.";"3.6";"15.4";"91.";"8.";"7.67";"0.00";"7.67"
"2017";"8";"19";"6";"6";"5527";"269.";"5.1";"15.7";"84.";"8.";"116.07";"0.00";"116.07"
"2017";"8";"19";"6";"7";"5528";"262.";"4.9";"16.4";"77.";"7.";"148.12";"93.17";"111.87"
"2017";"8";"19";"6";"8";"5529";"253.";"5.3";"17.2";"74.";"3.";"431.84";"506.86";"174.92"
"2017";"8";"19";"6";"9";"5530";"245.";"5.2";"17.2";"68.";"4.";"440.97";"449.98";"169.60"
"2017";"8";"19";"6";"10";"5531";"242.";"5.5";"17.9";"66.";"2.";"601.87";"664.85";"155.69"
"2017";"8";"19";"6";"11";"5532";"234.";"5.8";"18.5";"62.";"5.";"452.49";"338.95";"213.09"
"2017";"8";"19";"6";"12";"5533";"231.";"6.6";"16.9";"66.";"4.";"412.35";"327.11";"181.31"
"2017";"8";"19";"6";"13";"5534";"217.";"5.8";"18.0";"65.";"6.";"357.51";"147.52";"258.50"
"2017";"8";"19";"6";"14";"5535";"243.";"5.3";"17.3";"61.";"7.";"267.13";"63.15";"229.04"
"2017";"8";"19";"6";"15";"5536";"205.";"6.5";"16.9";"65.";"4.";"281.02";"325.42";"116.07"
"2017";"8";"19";"6";"16";"5537";"200.";"6.5";"16.5";"71.";"3.";"233.69";"381.82";"85.13"
"2017";"8";"19";"6";"17";"5538";"199.";"6.9";"15.9";"75.";"4.";"135.76";"288.73";"61.36"
"2017";"8";"19";"6";"18";"5539";"208.";"6.1";"16.2";"73.";"4.";"25.38";"97.84";"13.48"
"2017";"8";"19";"6";"19";"5540";"208.";"6.2";"15.3";"79.";"6.";"0.00";"0.00";"0.00"
"2017";"8";"19";"6";"20";"5541";"227.";"6.6";"15.5";"78.";"6.";"0.00";"0.00";"0.00"
"2017";"8";"19";"6";"21";"5542";"232.";"5.2";"15.1";"80.";"7.";"0.00";"0.00";"0.00"
"2017";"8";"19";"6";"22";"5543";"230.";"4.9";"14.3";"84.";"6.";"0.00";"0.00";"0.00"
"2017";"8";"19";"6";"23";"5544";"232.";"5.1";"14.3";"82.";"3.";"0.00";"0.00";"0.00"
"2017";"8";"20";"7";"0";"5545";"228.";"4.9";"14.2";"81.";"2.";"0.00";"0.00";"0.00"
"2017";"8";"20";"7";"1";"5546";"224.";"4.5";"14.3";"77.";"2.";"0.00";"0.00";"0.00"
"2017";"8";"20";"7";"2";"5547";"227.";"4.3";"14.3";"75.";"1.";"0.00";"0.00";"0.00"
"2017";"8";"20";"7";"3";"5548";"214.";"5.2";"14.3";"78.";"3.";"0.00";"0.00";"0.00"
"2017";"8";"20";"7";"4";"5549";"215.";"4.7";"14.2";"80.";"3.";"0.00";"0.00";"0.00"
"2017";"8";"20";"7";"5";"5550";"209.";"5.2";"14.7";"76.";"4.";"28.40";"94.85";"17.33"
"2017";"8";"20";"7";"6";"5551";"210.";"6.6";"15.1";"79.";"6.";"95.22";"141.68";"59.39"
"2017";"8";"20";"7";"7";"5552";"216.";"6.9";"15.2";"80.";"7.";"140.79";"83.90";"108.53"
"2017";"8";"20";"7";"8";"5553";"219.";"7.2";"16.0";"79.";"6.";"251.72";"205.91";"148.26"
"2017";"8";"20";"7";"9";"5554";"224.";"6.5";"16.1";"76.";"8.";"194.55";"0.00";"194.55"
"2017";"8";"20";"7";"10";"5555";"229.";"6.1";"16.2";"75.";"5.";"422.87";"337.74";"197.63"
"2017";"8";"20";"7";"11";"5556";"231.";"5.4";"17.4";"71.";"6.";"372.50";"206.30";"227.65"
"2017";"8";"20";"7";"12";"5557";"242.";"5.0";"16.9";"71.";"8.";"134.34";"0.00";"134.34"
"2017";"8";"20";"7";"13";"5558";"236.";"4.2";"16.3";"75.";"8.";"117.39";"0.00";"117.39"
"2017";"8";"20";"7";"14";"5559";"250.";"3.7";"17.6";"75.";"3.";"474.08";"544.37";"148.13"
"2017";"8";"20";"7";"15";"5560";"244.";"4.2";"17.9";"68.";"4.";"338.54";"392.22";"141.47"
"2017";"8";"20";"7";"16";"5561";"243.";"3.6";"17.6";"66.";"4.";"247.05";"374.47";"103.08"
"2017";"8";"20";"7";"17";"5562";"239.";"3.8";"17.2";"62.";"3.";"170.21";"365.19";"77.85"
"2017";"8";"20";"7";"18";"5563";"243.";"4.1";"16.3";"66.";"6.";"26.42";"50.07";"20.57"
"2017";"8";"20";"7";"19";"5564";"246.";"3.7";"15.1";"74.";"7.";"0.00";"0.00";"0.00"
"2017";"8";"20";"7";"20";"5565";"244.";"3.3";"14.0";"83.";"7.";"0.00";"0.00";"0.00"
"2017";"8";"20";"7";"21";"5566";"243.";"2.8";"14.0";"85.";"6.";"0.00";"0.00";"0.00"
"2017";"8";"20";"7";"22";"5567";"243.";"2.8";"13.1";"87.";"4.";"0.00";"0.00";"0.00"
"2017";"8";"20";"7";"23";"5568";"229.";"2.5";"13.1";"87.";"2.";"0.00";"0.00";"0.00"
"2017";"8";"21";"1";"0";"5569";"219.";"2.4";"13.4";"90.";"4.";"0.00";"0.00";"0.00"
"2017";"8";"21";"1";"1";"5570";"213.";"1.5";"13.4";"91.";"6.";"0.00";"0.00";"0.00"
"2017";"8";"21";"1";"2";"5571";"207.";"1.1";"12.8";"92.";"3.";"0.00";"0.00";"0.00"
"2017";"8";"21";"1";"3";"5572";"145.";"0.8";"12.0";"93.";"4.";"0.00";"0.00";"0.00"
"2017";"8";"21";"1";"4";"5573";"105.";"1.2";"11.9";"93.";"4.";"0.00";"0.00";"0.00"
"2017";"8";"21";"1";"5";"5574";"101.";"1.7";"12.2";"94.";"4.";"14.74";"25.75";"11.86"
"2017";"8";"21";"1";"6";"5575";"112.";"1.3";"13.7";"89.";"4.";"114.57";"186.52";"68.30"
"2017";"8";"21";"1";"7";"5576";"100.";"1.0";"15.5";"82.";"4.";"240.33";"368.13";"100.51"
"2017";"8";"21";"1";"8";"5577";"57.";"0.7";"16.5";"74.";"3.";"388.21";"523.64";"127.47"
"2017";"8";"21";"1";"9";"5578";"354.";"0.6";"17.8";"67.";"5.";"365.71";"314.95";"178.50"
"2017";"8";"21";"1";"10";"5579";"294.";"1.9";"18.4";"64.";"4.";"494.14";"463.41";"187.08"
"2017";"8";"21";"1";"11";"5580";"290.";"2.8";"18.9";"63.";"4.";"513.51";"463.93";"189.73"
"2017";"8";"21";"1";"12";"5581";"287.";"3.6";"19.7";"61.";"3.";"660.28";"586.96";"250.63"
"2017";"8";"21";"1";"13";"5582";"287.";"4.3";"20.1";"59.";"3.";"462.21";"484.20";"141.38"
"2017";"8";"21";"1";"14";"5583";"293.";"4.5";"19.1";"62.";"5.";"287.89";"255.80";"135.84"
"2017";"8";"21";"1";"15";"5584";"301.";"4.0";"18.9";"65.";"8.";"151.01";"0.00";"151.01"
"2017";"8";"21";"1";"16";"5585";"306.";"4.1";"19.1";"63.";"6.";"178.23";"184.91";"107.99"
"2017";"8";"21";"1";"17";"5586";"304.";"4.4";"17.6";"70.";"5.";"110.10";"207.69";"58.58"
"2017";"8";"21";"1";"18";"5587";"297.";"3.5";"16.9";"76.";"2.";"17.91";"89.33";"7.94"
"2017";"8";"21";"1";"19";"5588";"292.";"2.8";"16.1";"80.";"5.";"0.00";"0.00";"0.00"
"2017";"8";"21";"1";"20";"5589";"297.";"2.2";"15.1";"84.";"1.";"0.00";"0.00";"0.00"
"2017";"8";"21";"1";"21";"5590";"310.";"2.6";"14.2";"86.";"3.";"0.00";"0.00";"0.00"
"2017";"8";"21";"1";"22";"5591";"318.";"3.3";"13.8";"87.";"3.";"0.00";"0.00";"0.00"
"2017";"8";"21";"1";"23";"5592";"300.";"3.3";"13.0";"90.";"5.";"0.00";"0.00";"0.00"
"2017";"8";"22";"2";"0";"5593";"307.";"3.4";"12.8";"90.";"7.";"0.00";"0.00";"0.00"
"2017";"8";"22";"2";"1";"5594";"341.";"3.1";"13.0";"90.";"6.";"0.00";"0.00";"0.00"
"2017";"8";"22";"2";"2";"5595";"337.";"2.8";"13.1";"94.";"8.";"0.00";"0.00";"0.00"
"2017";"8";"22";"2";"3";"5596";"2.";"1.0";"13.3";"95.";"8.";"0.00";"0.00";"0.00"
"2017";"8";"22";"2";"4";"5597";"1.";"1.8";"13.3";"95.";"8.";"0.00";"0.00";"0.00"
"2017";"8";"22";"2";"5";"5598";"6.";"1.5";"13.5";"94.";"6.";"8.07";"23.65";"5.55"
"2017";"8";"22";"2";"6";"5599";"26.";"2.0";"14.7";"90.";"3.";"134.11";"333.64";"52.98"
"2017";"8";"22";"2";"7";"5600";"41.";"2.7";"15.8";"84.";"6.";"246.26";"181.72";"178.10"
"2017";"8";"22";"2";"8";"5601";"47.";"3.1";"16.7";"75.";"6.";"358.31";"208.25";"255.57"
"2017";"8";"22";"2";"9";"5602";"45.";"2.8";"17.3";"68.";"2.";"531.05";"670.67";"135.38"
"2017";"8";"22";"2";"10";"5603";"42.";"3.0";"19.0";"61.";"0.";"690.87";"881.28";"110.77"
"2017";"8";"22";"2";"11";"5604";"51.";"2.8";"19.3";"55.";"0.";"738.67";"897.45";"116.20"
"2017";"8";"22";"2";"12";"5605";"4.";"2.0";"19.3";"56.";"7.";"312.68";"117.98";"230.85"
"2017";"8";"22";"2";"13";"5606";"344.";"2.2";"19.1";"56.";"4.";"493.08";"465.17";"186.89"
"2017";"8";"22";"2";"14";"5607";"336.";"2.8";"19.7";"53.";"6.";"319.24";"225.03";"186.48"
"2017";"8";"22";"2";"15";"5608";"331.";"3.0";"19.9";"54.";"7.";"133.57";"68.30";"99.88"
"2017";"8";"22";"2";"16";"5609";"320.";"3.9";"19.1";"57.";"3.";"269.75";"465.72";"95.05"
"2017";"8";"22";"2";"17";"5610";"325.";"3.8";"18.1";"60.";"2.";"156.07";"422.54";"53.32"
"2017";"8";"22";"2";"18";"5611";"327.";"3.0";"16.6";"63.";"2.";"23.20";"119.77";"10.44"
"2017";"8";"22";"2";"19";"5612";"334.";"2.0";"14.7";"69.";"1.";"0.00";"0.00";"0.00"
"2017";"8";"22";"2";"20";"5613";"39.";"2.3";"13.7";"74.";"2.";"0.00";"0.00";"0.00"
"2017";"8";"22";"2";"21";"5614";"51.";"1.8";"11.6";"79.";"1.";"0.00";"0.00";"0.00"
"2017";"8";"22";"2";"22";"5615";"42.";"1.3";"10.9";"83.";"2.";"0.00";"0.00";"0.00"
"2017";"8";"22";"2";"23";"5616";"49.";"1.1";"10.2";"85.";"1.";"0.00";"0.00";"0.00"
"2017";"8";"23";"3";"0";"5617";"30.";"1.1";"9.0";"88.";"0.";"0.00";"0.00";"0.00"
"2017";"8";"23";"3";"1";"5618";"45.";"1.5";"8.3";"89.";"0.";"0.00";"0.00";"0.00"
"2017";"8";"23";"3";"2";"5619";"26.";"1.2";"8.1";"90.";"0.";"0.00";"0.00";"0.00"
"2017";"8";"23";"3";"3";"5620";"19.";"1.1";"7.4";"90.";"0.";"0.00";"0.00";"0.00"
"2017";"8";"23";"3";"4";"5621";"35.";"1.2";"6.8";"90.";"0.";"0.00";"0.00";"0.00"
"2017";"8";"23";"3";"5";"5622";"27.";"1.0";"7.5";"86.";"0.";"34.90";"212.28";"13.36"
"2017";"8";"23";"3";"6";"5623";"34.";"1.1";"10.5";"80.";"0.";"186.03";"582.24";"47.33"
"2017";"8";"23";"3";"7";"5624";"14.";"1.1";"13.3";"72.";"0.";"348.89";"753.38";"69.90"
"2017";"8";"23";"3";"8";"5625";"19.";"1.2";"15.9";"64.";"0.";"498.68";"845.82";"85.29"
"2017";"8";"23";"3";"9";"5626";"344.";"1.2";"17.3";"52.";"2.";"556.93";"649.10";"176.92"
"2017";"8";"23";"3";"10";"5627";"343.";"1.2";"18.1";"45.";"1.";"649.23";"790.08";"132.66"
"2017";"8";"23";"3";"11";"5628";"302.";"2.2";"19.3";"43.";"1.";"690.55";"805.01";"135.72"
"2017";"8";"23";"3";"12";"5629";"314.";"2.1";"19.5";"43.";"3.";"574.58";"572.58";"179.95"
"2017";"8";"23";"3";"13";"5630";"293.";"3.5";"19.2";"43.";"1.";"651.67";"809.53";"122.38"
"2017";"8";"23";"3";"14";"5631";"294.";"3.6";"19.2";"43.";"2.";"524.54";"669.73";"132.45"
"2017";"8";"23";"3";"15";"5632";"295.";"3.0";"19.3";"43.";"3.";"438.40";"535.50";"176.68"
"2017";"8";"23";"3";"16";"5633";"304.";"2.8";"19.0";"44.";"1.";"321.00";"663.54";"75.28"
"2017";"8";"23";"3";"17";"5634";"303.";"2.4";"17.7";"47.";"0.";"188.21";"589.06";"47.88"
"2017";"8";"23";"3";"18";"5635";"308.";"1.7";"15.4";"58.";"1.";"28.17";"156.65";"12.28"
"2017";"8";"23";"3";"19";"5636";"303.";"1.3";"12.8";"71.";"1.";"0.00";"0.00";"0.00"
"2017";"8";"23";"3";"20";"5637";"294.";"0.8";"12.0";"77.";"1.";"0.00";"0.00";"0.00"
"2017";"8";"23";"3";"21";"5638";"203.";"0.7";"10.8";"82.";"0.";"0.00";"0.00";"0.00"
"2017";"8";"23";"3";"22";"5639";"158.";"0.9";"9.5";"85.";"0.";"0.00";"0.00";"0.00"
"2017";"8";"23";"3";"23";"5640";"154.";"1.4";"8.8";"89.";"0.";"0.00";"0.00";"0.00"
"2017";"8";"24";"4";"0";"5641";"162.";"1.5";"8.8";"90.";"0.";"0.00";"0.00";"0.00"
"2017";"8";"24";"4";"1";"5642";"153.";"1.6";"8.4";"90.";"0.";"0.00";"0.00";"0.00"
"2017";"8";"24";"4";"2";"5643";"150.";"1.8";"8.1";"91.";"0.";"0.00";"0.00";"0.00"
"2017";"8";"24";"4";"3";"5644";"155.";"1.7";"8.8";"90.";"1.";"0.00";"0.00";"0.00"
"2017";"8";"24";"4";"4";"5645";"151.";"1.6";"8.6";"90.";"1.";"0.00";"0.00";"0.00"
"2017";"8";"24";"4";"5";"5646";"136.";"2.0";"9.3";"89.";"2.";"21.18";"109.92";"10.59"
"2017";"8";"24";"4";"6";"5647";"142.";"2.1";"12.4";"82.";"3.";"150.69";"345.65";"70.09"
"2017";"8";"24";"4";"7";"5648";"158.";"2.6";"15.0";"75.";"3.";"292.03";"459.30";"124.17"
"2017";"8";"24";"4";"8";"5649";"171.";"3.1";"16.8";"71.";"5.";"365.26";"298.94";"220.56"
"2017";"8";"24";"4";"9";"5650";"189.";"3.8";"17.6";"68.";"8.";"378.56";"0.00";"378.56"
"2017";"8";"24";"4";"10";"5651";"190.";"4.2";"17.3";"72.";"8.";"422.62";"0.00";"422.62"
"2017";"8";"24";"4";"11";"5652";"192.";"4.5";"17.2";"68.";"6.";"522.76";"218.85";"372.90"
"2017";"8";"24";"4";"12";"5653";"186.";"4.1";"17.3";"68.";"8.";"452.39";"0.00";"452.39"
"2017";"8";"24";"4";"13";"5654";"170.";"4.1";"17.6";"65.";"8.";"423.30";"0.00";"423.30"
"2017";"8";"24";"4";"14";"5655";"169.";"3.7";"17.4";"65.";"8.";"184.35";"0.00";"184.35"
"2017";"8";"24";"4";"15";"5656";"164.";"3.8";"16.9";"69.";"7.";"327.43";"104.12";"277.04"
"2017";"8";"24";"4";"16";"5657";"159.";"3.5";"16.3";"66.";"8.";"104.12";"0.00";"104.12"
"2017";"8";"24";"4";"17";"5658";"137.";"3.4";"14.9";"72.";"8.";"30.92";"0.00";"30.92"
"2017";"8";"24";"4";"18";"5659";"139.";"3.3";"15.2";"73.";"8.";"8.44";"0.00";"8.44"
"2017";"8";"24";"4";"19";"5660";"160.";"3.2";"15.3";"78.";"7.";"0.00";"0.00";"0.00"
"2017";"8";"24";"4";"20";"5661";"178.";"1.9";"15.7";"91.";"7.";"0.00";"0.00";"0.00"
"2017";"8";"24";"4";"21";"5662";"240.";"3.5";"15.8";"95.";"8.";"0.00";"0.00";"0.00"
"2017";"8";"24";"4";"22";"5663";"254.";"5.4";"15.5";"90.";"8.";"0.00";"0.00";"0.00"
"2017";"8";"24";"4";"23";"5664";"248.";"4.7";"15.6";"86.";"7.";"0.00";"0.00";"0.00"
"2017";"8";"25";"5";"0";"5665";"244.";"5.1";"15.7";"87.";"7.";"0.00";"0.00";"0.00"
"2017";"8";"25";"5";"1";"5666";"243.";"6.3";"15.8";"88.";"7.";"0.00";"0.00";"0.00"
"2017";"8";"25";"5";"2";"5667";"241.";"6.2";"15.8";"88.";"8.";"0.00";"0.00";"0.00"
"2017";"8";"25";"5";"3";"5668";"246.";"6.7";"15.9";"90.";"8.";"0.00";"0.00";"0.00"
"2017";"8";"25";"5";"4";"5669";"242.";"6.5";"16.0";"92.";"8.";"0.00";"0.00";"0.00"
"2017";"8";"25";"5";"5";"5670";"276.";"5.0";"15.8";"94.";"8.";"0.00";"0.00";"0.00"
"2017";"8";"25";"5";"6";"5671";"299.";"4.5";"16.0";"91.";"5.";"64.81";"115.79";"38.39"
"2017";"8";"25";"5";"7";"5672";"303.";"3.7";"16.0";"90.";"6.";"107.88";"101.71";"71.21"
"2017";"8";"25";"5";"8";"5673";"298.";"4.2";"16.3";"87.";"6.";"239.96";"203.33";"142.50"
"2017";"8";"25";"5";"9";"5674";"305.";"3.2";"16.8";"83.";"7.";"245.83";"109.54";"182.71"
"2017";"8";"25";"5";"10";"5675";"300.";"3.9";"17.3";"79.";"7.";"183.43";"73.92";"135.77"
"2017";"8";"25";"5";"11";"5676";"295.";"3.9";"17.5";"79.";"7.";"294.90";"114.47";"217.03"
"2017";"8";"25";"5";"12";"5677";"296.";"3.7";"17.3";"77.";"8.";"226.26";"0.00";"226.26"
"2017";"8";"25";"5";"13";"5678";"291.";"4.4";"17.7";"76.";"7.";"283.12";"114.09";"209.56"
"2017";"8";"25";"5";"14";"5679";"292.";"4.2";"17.9";"74.";"6.";"305.50";"219.92";"178.78"
"2017";"8";"25";"5";"15";"5680";"293.";"3.7";"17.7";"76.";"7.";"194.82";"102.19";"145.84"
"2017";"8";"25";"5";"16";"5681";"290.";"3.8";"17.3";"78.";"7.";"132.01";"88.66";"100.04"
"2017";"8";"25";"5";"17";"5682";"280.";"3.6";"16.8";"76.";"6.";"79.85";"127.16";"50.84"
"2017";"8";"25";"5";"18";"5683";"279.";"3.4";"16.0";"80.";"6.";"0.00";"0.00";"0.00"
"2017";"8";"25";"5";"19";"5684";"278.";"3.5";"15.7";"85.";"5.";"0.00";"0.00";"0.00"
"2017";"8";"25";"5";"20";"5685";"270.";"4.0";"15.8";"85.";"8.";"0.00";"0.00";"0.00"
"2017";"8";"25";"5";"21";"5686";"266.";"4.2";"15.9";"83.";"7.";"0.00";"0.00";"0.00"
"2017";"8";"25";"5";"22";"5687";"264.";"3.9";"15.9";"83.";"5.";"0.00";"0.00";"0.00"
"2017";"8";"25";"5";"23";"5688";"265.";"3.3";"15.8";"83.";"5.";"0.00";"0.00";"0.00"
"2017";"8";"26";"6";"0";"5689";"262.";"3.6";"15.7";"81.";"8.";"0.00";"0.00";"0.00"
"2017";"8";"26";"6";"1";"5690";"258.";"3.9";"15.6";"80.";"7.";"0.00";"0.00";"0.00"
"2017";"8";"26";"6";"2";"5691";"253.";"3.4";"15.4";"79.";"8.";"0.00";"0.00";"0.00"
"2017";"8";"26";"6";"3";"5692";"260.";"3.7";"15.5";"77.";"8.";"0.00";"0.00";"0.00"
"2017";"8";"26";"6";"4";"5693";"255.";"3.2";"15.4";"79.";"7.";"0.00";"0.00";"0.00"
"2017";"8";"26";"6";"5";"5694";"251.";"3.1";"15.5";"81.";"8.";"0.00";"0.00";"0.00"
"2017";"8";"26";"6";"6";"5695";"253.";"3.5";"15.7";"82.";"7.";"61.81";"62.07";"47.97"
"2017";"8";"26";"6";"7";"5696";"254.";"3.7";"16.2";"81.";"7.";"130.20";"88.49";"98.73"
"2017";"8";"26";"6";"8";"5697";"256.";"3.8";"16.7";"78.";"7.";"193.16";"102.22";"144.66"
"2017";"8";"26";"6";"9";"5698";"254.";"4.2";"16.9";"77.";"7.";"244.87";"109.92";"182.05"
"2017";"8";"26";"6";"10";"5699";"252.";"3.9";"17.3";"76.";"7.";"281.30";"114.09";"208.27"
"2017";"8";"26";"6";"11";"5700";"264.";"3.9";"17.2";"77.";"6.";"349.96";"189.42";"221.98"
"2017";"8";"26";"6";"12";"5701";"273.";"3.9";"17.6";"75.";"8.";"203.84";"0.00";"203.84"
"2017";"8";"26";"6";"13";"5702";"269.";"3.6";"18.1";"73.";"8.";"204.22";"0.00";"204.22"
"2017";"8";"26";"6";"14";"5703";"268.";"3.6";"18.1";"73.";"7.";"244.38";"109.70";"181.69"
"2017";"8";"26";"6";"15";"5704";"276.";"3.4";"17.8";"75.";"7.";"186.07";"94.79";"141.10"
"2017";"8";"26";"6";"16";"5705";"285.";"2.6";"17.2";"77.";"8.";"97.19";"0.00";"97.19"
"2017";"8";"26";"6";"17";"5706";"276.";"2.1";"16.7";"76.";"8.";"46.44";"0.00";"46.44"
"2017";"8";"26";"6";"18";"5707";"283.";"1.8";"16.1";"79.";"8.";"0.00";"0.00";"0.00"
"2017";"8";"26";"6";"19";"5708";"286.";"1.1";"15.5";"85.";"7.";"0.00";"0.00";"0.00"
"2017";"8";"26";"6";"20";"5709";"286.";"1.4";"15.2";"89.";"8.";"0.00";"0.00";"0.00"
"2017";"8";"26";"6";"21";"5710";"255.";"2.0";"14.9";"91.";"7.";"0.00";"0.00";"0.00"
"2017";"8";"26";"6";"22";"5711";"107.";"1.2";"14.5";"92.";"7.";"0.00";"0.00";"0.00"
"2017";"8";"26";"6";"23";"5712";"102.";"1.2";"14.3";"92.";"7.";"0.00";"0.00";"0.00"
"2017";"8";"27";"7";"0";"5713";"63.";"1.2";"14.2";"94.";"6.";"0.00";"0.00";"0.00"
"2017";"8";"27";"7";"1";"5714";"38.";"1.8";"13.8";"95.";"7.";"0.00";"0.00";"0.00"
"2017";"8";"27";"7";"2";"5715";"34.";"1.6";"13.8";"96.";"8.";"0.00";"0.00";"0.00"
"2017";"8";"27";"7";"3";"5716";"68.";"0.7";"13.6";"95.";"7.";"0.00";"0.00";"0.00"
"2017";"8";"27";"7";"4";"5717";"35.";"1.5";"13.5";"96.";"7.";"0.00";"0.00";"0.00"
"2017";"8";"27";"7";"5";"5718";"345.";"1.5";"13.5";"96.";"8.";"0.00";"0.00";"0.00"
"2017";"8";"27";"7";"6";"5719";"340.";"1.6";"14.1";"95.";"8.";"42.52";"0.00";"42.52"
"2017";"8";"27";"7";"7";"5720";"358.";"1.5";"14.6";"93.";"7.";"126.87";"87.28";"96.27"
"2017";"8";"27";"7";"8";"5721";"13.";"1.9";"15.9";"85.";"6.";"235.14";"202.86";"139.88"
"2017";"8";"27";"7";"9";"5722";"358.";"1.5";"16.9";"79.";"8.";"177.13";"0.00";"177.13"
"2017";"8";"27";"7";"10";"5723";"347.";"1.6";"17.3";"76.";"5.";"408.17";"341.63";"191.08"
"2017";"8";"27";"7";"11";"5724";"348.";"1.8";"17.5";"75.";"6.";"254.84";"160.26";"147.31"
"2017";"8";"27";"7";"12";"5725";"344.";"2.0";"17.8";"74.";"8.";"222.87";"0.00";"222.87"
"2017";"8";"27";"7";"13";"5726";"7.";"2.0";"18.2";"73.";"8.";"202.68";"0.00";"202.68"
"2017";"8";"27";"7";"14";"5727";"5.";"2.4";"17.5";"75.";"6.";"299.83";"219.05";"175.68"
"2017";"8";"27";"7";"15";"5728";"10.";"2.2";"18.4";"69.";"7.";"190.94";"101.97";"143.05"
"2017";"8";"27";"7";"16";"5729";"350.";"2.1";"18.1";"68.";"5.";"183.71";"258.71";"93.01"
"2017";"8";"27";"7";"17";"5730";"345.";"1.9";"17.6";"70.";"4.";"100.64";"245.69";"47.12"
"2017";"8";"27";"7";"18";"5731";"338.";"1.2";"16.4";"80.";"4.";"0.00";"0.00";"0.00"
"2017";"8";"27";"7";"19";"5732";"4.";"1.0";"15.0";"85.";"4.";"0.00";"0.00";"0.00"
"2017";"8";"27";"7";"20";"5733";"43.";"0.9";"14.5";"88.";"5.";"0.00";"0.00";"0.00"
"2017";"8";"27";"7";"21";"5734";"37.";"0.8";"13.7";"90.";"2.";"0.00";"0.00";"0.00"
"2017";"8";"27";"7";"22";"5735";"83.";"0.3";"12.6";"92.";"4.";"0.00";"0.00";"0.00"
"2017";"8";"27";"7";"23";"5736";"113.";"0.6";"11.8";"93.";"1.";"0.00";"0.00";"0.00"
"2017";"8";"28";"1";"0";"5737";"121.";"1.2";"11.2";"94.";"3.";"0.00";"0.00";"0.00"
"2017";"8";"28";"1";"1";"5738";"115.";"1.4";"11.1";"94.";"2.";"0.00";"0.00";"0.00"
"2017";"8";"28";"1";"2";"5739";"115.";"1.4";"10.7";"93.";"3.";"0.00";"0.00";"0.00"
"2017";"8";"28";"1";"3";"5740";"143.";"1.4";"10.5";"95.";"3.";"0.00";"0.00";"0.00"
"2017";"8";"28";"1";"4";"5741";"142.";"1.4";"11.2";"96.";"4.";"0.00";"0.00";"0.00"
"2017";"8";"28";"1";"5";"5742";"147.";"1.4";"11.8";"95.";"3.";"0.00";"0.00";"0.00"
"2017";"8";"28";"1";"6";"5743";"182.";"1.2";"13.5";"94.";"5.";"75.47";"122.10";"49.51"
"2017";"8";"28";"1";"7";"5744";"198.";"1.7";"15.0";"91.";"6.";"129.27";"79.23";"101.89"
"2017";"8";"28";"1";"8";"5745";"209.";"2.0";"16.2";"85.";"7.";"186.97";"100.78";"140.14"
"2017";"8";"28";"1";"9";"5746";"230.";"2.9";"16.9";"80.";"6.";"290.03";"217.42";"167.86"
"2017";"8";"28";"1";"10";"5747";"231.";"3.3";"17.8";"71.";"6.";"343.20";"227.89";"199.47"
"2017";"8";"28";"1";"11";"5748";"231.";"3.2";"18.4";"66.";"5.";"434.57";"348.55";"202.33"
"2017";"8";"28";"1";"12";"5749";"228.";"3.9";"18.8";"61.";"5.";"418.91";"315.49";"208.70"
"2017";"8";"28";"1";"13";"5750";"221.";"3.9";"19.0";"59.";"6.";"345.72";"229.56";"200.93"
"2017";"8";"28";"1";"14";"5751";"215.";"4.0";"19.1";"57.";"2.";"493.16";"660.94";"121.78"
"2017";"8";"28";"1";"15";"5752";"210.";"3.8";"18.9";"59.";"3.";"350.63";"506.97";"115.08"
"2017";"8";"28";"1";"16";"5753";"207.";"4.0";"18.3";"63.";"4.";"208.99";"351.15";"87.67"
"2017";"8";"28";"1";"17";"5754";"204.";"3.8";"17.2";"71.";"4.";"96.66";"240.68";"45.49"
"2017";"8";"28";"1";"18";"5755";"198.";"3.7";"16.9";"76.";"8.";"0.00";"0.00";"0.00"
"2017";"8";"28";"1";"19";"5756";"195.";"3.7";"16.8";"79.";"8.";"0.00";"0.00";"0.00"
"2017";"8";"28";"1";"20";"5757";"189.";"3.5";"16.8";"81.";"8.";"0.00";"0.00";"0.00"
"2017";"8";"28";"1";"21";"5758";"192.";"3.4";"16.9";"83.";"8.";"0.00";"0.00";"0.00"
"2017";"8";"28";"1";"22";"5759";"190.";"3.4";"17.1";"84.";"8.";"0.00";"0.00";"0.00"
"2017";"8";"28";"1";"23";"5760";"194.";"3.8";"17.1";"84.";"8.";"0.00";"0.00";"0.00"
"2017";"8";"29";"2";"0";"5761";"194.";"4.2";"17.2";"85.";"8.";"0.00";"0.00";"0.00"
"2017";"8";"29";"2";"1";"5762";"199.";"4.4";"17.3";"85.";"8.";"0.00";"0.00";"0.00"
"2017";"8";"29";"2";"2";"5763";"196.";"3.7";"17.2";"87.";"8.";"0.00";"0.00";"0.00"
"2017";"8";"29";"2";"3";"5764";"199.";"3.8";"16.9";"90.";"7.";"0.00";"0.00";"0.00"
"2017";"8";"29";"2";"4";"5765";"192.";"4.1";"16.9";"88.";"7.";"0.00";"0.00";"0.00"
"2017";"8";"29";"2";"5";"5766";"187.";"3.7";"17.0";"88.";"7.";"0.00";"0.00";"0.00"
"2017";"8";"29";"2";"6";"5767";"198.";"4.3";"17.5";"84.";"8.";"35.68";"0.00";"35.68"
"2017";"8";"29";"2";"7";"5768";"207.";"4.8";"18.0";"81.";"7.";"114.94";"76.00";"89.07"
"2017";"8";"29";"2";"8";"5769";"202.";"5.3";"18.4";"79.";"5.";"257.52";"271.69";"132.64"
"2017";"8";"29";"2";"9";"5770";"197.";"5.6";"18.9";"75.";"5.";"426.24";"296.92";"260.85"
"2017";"8";"29";"2";"10";"5771";"191.";"5.9";"19.5";"71.";"5.";"495.23";"314.84";"298.18"
"2017";"8";"29";"2";"11";"5772";"193.";"6.3";"20.3";"69.";"3.";"590.61";"518.42";"247.67"
"2017";"8";"29";"2";"12";"5773";"194.";"6.8";"20.2";"67.";"5.";"409.88";"309.03";"205.46"
"2017";"8";"29";"2";"13";"5774";"189.";"7.3";"20.6";"63.";"1.";"613.50";"724.91";"159.81"
"2017";"8";"29";"2";"14";"5775";"187.";"7.7";"21.3";"60.";"1.";"519.40";"623.34";"172.20"
"2017";"8";"29";"2";"15";"5776";"188.";"7.7";"21.0";"60.";"8.";"263.59";"0.00";"263.59"
"2017";"8";"29";"2";"16";"5777";"185.";"7.4";"20.7";"63.";"8.";"173.89";"0.00";"173.89"
"2017";"8";"29";"2";"17";"5778";"178.";"7.0";"19.9";"65.";"3.";"107.97";"260.01";"54.06"
"2017";"8";"29";"2";"18";"5779";"177.";"6.5";"19.4";"69.";"3.";"0.00";"0.00";"0.00"
"2017";"8";"29";"2";"19";"5780";"180.";"5.8";"19.3";"73.";"5.";"0.00";"0.00";"0.00"
"2017";"8";"29";"2";"20";"5781";"194.";"5.3";"19.3";"77.";"6.";"0.00";"0.00";"0.00"
"2017";"8";"29";"2";"21";"5782";"202.";"4.8";"18.5";"85.";"8.";"0.00";"0.00";"0.00"
"2017";"8";"29";"2";"22";"5783";"237.";"3.5";"17.8";"88.";"8.";"0.00";"0.00";"0.00"
"2017";"8";"29";"2";"23";"5784";"258.";"3.7";"17.7";"91.";"8.";"0.00";"0.00";"0.00"
"2017";"8";"30";"3";"0";"5785";"268.";"4.1";"17.1";"92.";"8.";"0.00";"0.00";"0.00"
"2017";"8";"30";"3";"1";"5786";"268.";"4.4";"16.4";"90.";"8.";"0.00";"0.00";"0.00"
"2017";"8";"30";"3";"2";"5787";"269.";"4.1";"16.1";"86.";"7.";"0.00";"0.00";"0.00"
"2017";"8";"30";"3";"3";"5788";"274.";"4.3";"15.9";"80.";"7.";"0.00";"0.00";"0.00"
"2017";"8";"30";"3";"4";"5789";"273.";"3.5";"15.3";"74.";"7.";"0.00";"0.00";"0.00"
"2017";"8";"30";"3";"5";"5790";"270.";"3.0";"15.1";"74.";"6.";"0.00";"0.00";"0.00"
"2017";"8";"30";"3";"6";"5791";"272.";"3.2";"15.9";"68.";"8.";"80.68";"0.00";"80.68"
"2017";"8";"30";"3";"7";"5792";"266.";"3.9";"16.6";"60.";"5.";"222.55";"225.07";"147.11"
"2017";"8";"30";"3";"8";"5793";"266.";"3.9";"17.3";"57.";"5.";"341.91";"289.57";"210.28"
"2017";"8";"30";"3";"9";"5794";"278.";"3.4";"17.7";"56.";"5.";"436.00";"311.11";"264.26"
"2017";"8";"30";"3";"10";"5795";"290.";"2.8";"17.6";"55.";"5.";"498.22";"306.19";"308.07"
"2017";"8";"30";"3";"11";"5796";"283.";"2.2";"18.2";"54.";"5.";"543.38";"346.67";"315.73"
"2017";"8";"30";"3";"12";"5797";"285.";"2.1";"17.3";"57.";"7.";"469.09";"111.00";"396.20"
"2017";"8";"30";"3";"13";"5798";"281.";"2.1";"17.2";"58.";"8.";"400.99";"0.00";"400.99"
"2017";"8";"30";"3";"14";"5799";"286.";"1.8";"16.5";"64.";"8.";"344.46";"0.00";"344.46"
"2017";"8";"30";"3";"15";"5800";"308.";"1.8";"14.9";"75.";"8.";"152.57";"0.00";"152.57"
"2017";"8";"30";"3";"16";"5801";"322.";"1.9";"13.7";"82.";"8.";"51.01";"0.00";"51.01"
"2017";"8";"30";"3";"17";"5802";"338.";"0.5";"12.7";"86.";"8.";"23.22";"0.00";"23.22"
"2017";"8";"30";"3";"18";"5803";"142.";"0.6";"12.5";"91.";"8.";"0.00";"0.00";"0.00"
"2017";"8";"30";"3";"19";"5804";"81.";"0.6";"12.4";"94.";"8.";"0.00";"0.00";"0.00"
"2017";"8";"30";"3";"20";"5805";"35.";"1.1";"12.4";"93.";"8.";"0.00";"0.00";"0.00"
"2017";"8";"30";"3";"21";"5806";"38.";"2.3";"12.2";"91.";"8.";"0.00";"0.00";"0.00"
"2017";"8";"30";"3";"22";"5807";"33.";"2.8";"12.0";"90.";"8.";"0.00";"0.00";"0.00"
"2017";"8";"30";"3";"23";"5808";"28.";"3.0";"12.1";"88.";"8.";"0.00";"0.00";"0.00"
"2017";"8";"31";"4";"0";"5809";"23.";"3.1";"12.0";"89.";"8.";"0.00";"0.00";"0.00"
"2017";"8";"31";"4";"1";"5810";"14.";"3.4";"11.7";"91.";"8.";"0.00";"0.00";"0.00"
"2017";"8";"31";"4";"2";"5811";"6.";"3.6";"11.5";"91.";"8.";"0.00";"0.00";"0.00"
"2017";"8";"31";"4";"3";"5812";"15.";"3.6";"11.5";"93.";"8.";"0.00";"0.00";"0.00"
"2017";"8";"31";"4";"4";"5813";"20.";"3.2";"11.7";"93.";"8.";"0.00";"0.00";"0.00"
"2017";"8";"31";"4";"5";"5814";"18.";"3.8";"12.2";"93.";"8.";"0.00";"0.00";"0.00"
"2017";"8";"31";"4";"6";"5815";"19.";"3.6";"12.6";"93.";"8.";"34.80";"0.00";"34.80"
"2017";"8";"31";"4";"7";"5816";"27.";"3.9";"12.7";"92.";"8.";"84.84";"0.00";"84.84"
"2017";"8";"31";"4";"8";"5817";"23.";"3.7";"13.1";"91.";"8.";"131.20";"0.00";"131.20"
"2017";"8";"31";"4";"9";"5818";"12.";"2.8";"13.7";"87.";"8.";"175.12";"0.00";"175.12"
"2017";"8";"31";"4";"10";"5819";"6.";"2.5";"13.8";"86.";"8.";"192.46";"0.00";"192.46"
"2017";"8";"31";"4";"11";"5820";"346.";"2.3";"13.7";"87.";"8.";"211.54";"0.00";"211.54"
"2017";"8";"31";"4";"12";"5821";"331.";"3.0";"13.7";"87.";"7.";"290.09";"115.77";"214.64"
"2017";"8";"31";"4";"13";"5822";"315.";"3.0";"13.2";"90.";"8.";"109.13";"0.00";"109.13"
"2017";"8";"31";"4";"14";"5823";"311.";"2.8";"13.0";"90.";"8.";"90.92";"0.00";"90.92"
"2017";"8";"31";"4";"15";"5824";"293.";"3.1";"12.8";"90.";"8.";"124.63";"0.00";"124.63"
"2017";"8";"31";"4";"16";"5825";"294.";"3.1";"12.7";"90.";"8.";"46.24";"0.00";"46.24"
"2017";"8";"31";"4";"17";"5826";"300.";"2.5";"12.4";"89.";"8.";"20.51";"0.00";"20.51"
"2017";"8";"31";"4";"18";"5827";"309.";"1.8";"12.3";"87.";"7.";"0.00";"0.00";"0.00"
"2017";"8";"31";"4";"19";"5828";"323.";"1.2";"11.7";"88.";"7.";"0.00";"0.00";"0.00"
"2017";"8";"31";"4";"20";"5829";"317.";"1.4";"11.8";"90.";"6.";"0.00";"0.00";"0.00"
"2017";"8";"31";"4";"21";"5830";"274.";"2.3";"11.0";"91.";"1.";"0.00";"0.00";"0.00"
"2017";"8";"31";"4";"22";"5831";"252.";"2.6";"11.0";"92.";"2.";"0.00";"0.00";"0.00"
"2017";"8";"31";"4";"23";"5832";"246.";"2.9";"11.6";"93.";"0.";"0.00";"0.00";"0.00"
"2017";"9";"1";"5";"0";"5833";"258.";"3.7";"12.5";"93.";"4.";"0.00";"0.00";"0.00"
"2017";"9";"1";"5";"1";"5834";"270.";"4.0";"13.3";"88.";"1.";"0.00";"0.00";"0.00"
"2017";"9";"1";"5";"2";"5835";"275.";"3.8";"13.1";"86.";"1.";"0.00";"0.00";"0.00"
"2017";"9";"1";"5";"3";"5836";"278.";"4.0";"12.7";"87.";"0.";"0.00";"0.00";"0.00"
"2017";"9";"1";"5";"4";"5837";"276.";"3.7";"12.8";"84.";"0.";"0.00";"0.00";"0.00"
"2017";"9";"1";"5";"5";"5838";"272.";"3.8";"13.4";"80.";"0.";"0.00";"0.00";"0.00"
"2017";"9";"1";"5";"6";"5839";"270.";"4.4";"14.4";"78.";"0.";"124.10";"464.21";"35.32"
"2017";"9";"1";"5";"7";"5840";"273.";"5.1";"15.7";"73.";"0.";"291.75";"704.96";"62.88"
"2017";"9";"1";"5";"8";"5841";"270.";"4.8";"16.2";"68.";"3.";"346.10";"515.97";"116.87"
"2017";"9";"1";"5";"9";"5842";"265.";"4.6";"16.7";"67.";"3.";"432.57";"540.29";"139.76"
"2017";"9";"1";"5";"10";"5843";"265.";"5.2";"17.3";"65.";"3.";"513.05";"576.98";"160.50"
"2017";"9";"1";"5";"11";"5844";"269.";"4.5";"17.6";"61.";"3.";"538.73";"583.52";"161.33"
"2017";"9";"1";"5";"12";"5845";"270.";"5.0";"17.8";"58.";"2.";"608.37";"707.58";"150.73"
"2017";"9";"1";"5";"13";"5846";"269.";"4.9";"17.9";"57.";"3.";"505.42";"578.78";"151.76"
"2017";"9";"1";"5";"14";"5847";"276.";"4.4";"18.2";"53.";"2.";"483.72";"670.29";"120.45"
"2017";"9";"1";"5";"15";"5848";"275.";"4.3";"17.8";"55.";"3.";"349.55";"521.11";"118.03"
"2017";"9";"1";"5";"16";"5849";"279.";"4.0";"17.1";"57.";"1.";"271.41";"629.92";"66.90"
"2017";"9";"1";"5";"17";"5850";"282.";"3.6";"15.9";"63.";"1.";"120.27";"424.22";"39.15"
"2017";"9";"1";"5";"18";"5851";"282.";"3.0";"14.5";"71.";"1.";"0.00";"0.00";"0.00"
"2017";"9";"1";"5";"19";"5852";"279.";"2.2";"13.4";"77.";"3.";"0.00";"0.00";"0.00"
"2017";"9";"1";"5";"20";"5853";"269.";"1.8";"12.6";"81.";"0.";"0.00";"0.00";"0.00"
"2017";"9";"1";"5";"21";"5854";"259.";"1.8";"11.3";"81.";"5.";"0.00";"0.00";"0.00"
"2017";"9";"1";"5";"22";"5855";"236.";"1.6";"10.4";"84.";"5.";"0.00";"0.00";"0.00"
"2017";"9";"1";"5";"23";"5856";"215.";"1.4";"10.2";"87.";"4.";"0.00";"0.00";"0.00"
"2017";"9";"2";"6";"0";"5857";"217.";"1.5";"9.1";"90.";"0.";"0.00";"0.00";"0.00"
"2017";"9";"2";"6";"1";"5858";"197.";"1.1";"9.3";"90.";"0.";"0.00";"0.00";"0.00"
"2017";"9";"2";"6";"2";"5859";"170.";"1.1";"9.8";"92.";"4.";"0.00";"0.00";"0.00"
"2017";"9";"2";"6";"3";"5860";"149.";"1.1";"10.1";"91.";"7.";"0.00";"0.00";"0.00"
"2017";"9";"2";"6";"4";"5861";"146.";"0.9";"10.0";"92.";"8.";"0.00";"0.00";"0.00"
"2017";"9";"2";"6";"5";"5862";"106.";"2.0";"10.1";"92.";"6.";"0.00";"0.00";"0.00"
"2017";"9";"2";"6";"6";"5863";"113.";"1.9";"11.3";"90.";"5.";"72.49";"172.95";"40.36"
"2017";"9";"2";"6";"7";"5864";"114.";"2.1";"13.2";"83.";"4.";"160.55";"285.24";"69.47"
"2017";"9";"2";"6";"8";"5865";"105.";"2.1";"14.9";"77.";"4.";"294.96";"394.98";"121.54"
"2017";"9";"2";"6";"9";"5866";"105.";"1.7";"16.2";"70.";"7.";"233.14";"110.64";"173.74"
"2017";"9";"2";"6";"10";"5867";"88.";"1.4";"16.8";"63.";"7.";"265.87";"115.43";"195.92"
"2017";"9";"2";"6";"11";"5868";"87.";"1.1";"17.9";"57.";"6.";"349.64";"223.48";"206.22"
"2017";"9";"2";"6";"12";"5869";"117.";"0.8";"18.1";"57.";"5.";"415.10";"344.01";"194.33"
"2017";"9";"2";"6";"13";"5870";"233.";"1.1";"17.1";"62.";"4.";"442.32";"442.87";"173.96"
"2017";"9";"2";"6";"14";"5871";"252.";"1.8";"17.5";"64.";"5.";"331.38";"316.04";"161.72"
"2017";"9";"2";"6";"15";"5872";"253.";"2.6";"17.6";"66.";"1.";"398.41";"711.81";"85.88"
"2017";"9";"2";"6";"16";"5873";"282.";"2.5";"17.5";"70.";"0.";"281.44";"689.68";"61.21"
"2017";"9";"2";"6";"17";"5874";"289.";"2.3";"16.6";"72.";"2.";"94.41";"311.58";"36.53"
"2017";"9";"2";"6";"18";"5875";"299.";"1.5";"14.7";"78.";"4.";"0.00";"0.00";"0.00"
"2017";"9";"2";"6";"19";"5876";"26.";"0.8";"13.2";"83.";"7.";"0.00";"0.00";"0.00"
"2017";"9";"2";"6";"20";"5877";"67.";"2.9";"12.6";"87.";"3.";"0.00";"0.00";"0.00"
"2017";"9";"2";"6";"21";"5878";"84.";"1.8";"12.5";"87.";"5.";"0.00";"0.00";"0.00"
"2017";"9";"2";"6";"22";"5879";"79.";"2.5";"12.7";"87.";"7.";"0.00";"0.00";"0.00"
"2017";"9";"2";"6";"23";"5880";"81.";"2.1";"12.5";"89.";"8.";"0.00";"0.00";"0.00"
"2017";"9";"3";"7";"0";"5881";"87.";"1.9";"12.4";"89.";"4.";"0.00";"0.00";"0.00"
"2017";"9";"3";"7";"1";"5882";"80.";"2.0";"11.8";"89.";"7.";"0.00";"0.00";"0.00"
"2017";"9";"3";"7";"2";"5883";"88.";"2.0";"11.3";"90.";"8.";"0.00";"0.00";"0.00"
"2017";"9";"3";"7";"3";"5884";"81.";"1.5";"10.7";"91.";"2.";"0.00";"0.00";"0.00"
"2017";"9";"3";"7";"4";"5885";"75.";"1.5";"10.3";"92.";"2.";"0.00";"0.00";"0.00"
"2017";"9";"3";"7";"5";"5886";"69.";"2.0";"10.4";"92.";"5.";"0.00";"0.00";"0.00"
"2017";"9";"3";"7";"6";"5887";"65.";"1.6";"11.6";"89.";"8.";"34.87";"0.00";"34.87"
"2017";"9";"3";"7";"7";"5888";"65.";"2.0";"13.1";"83.";"7.";"115.24";"87.09";"87.90"
"2017";"9";"3";"7";"8";"5889";"57.";"2.6";"14.8";"76.";"4.";"356.07";"408.22";"178.99"
"2017";"9";"3";"7";"9";"5890";"66.";"3.5";"16.1";"63.";"4.";"464.01";"444.88";"227.49"
"2017";"9";"3";"7";"10";"5891";"65.";"3.9";"17.4";"51.";"2.";"602.60";"698.92";"182.66"
"2017";"9";"3";"7";"11";"5892";"66.";"4.4";"17.5";"47.";"2.";"647.53";"713.07";"193.55"
"2017";"9";"3";"7";"12";"5893";"59.";"4.4";"18.3";"44.";"7.";"467.09";"118.25";"391.81"
"2017";"9";"3";"7";"13";"5894";"56.";"3.9";"18.3";"45.";"1.";"618.98";"803.40";"136.27"
"2017";"9";"3";"7";"14";"5895";"55.";"3.8";"18.1";"46.";"2.";"522.01";"675.10";"163.10"
"2017";"9";"3";"7";"15";"5896";"54.";"3.4";"18.2";"47.";"0.";"443.74";"835.54";"81.29"
"2017";"9";"3";"7";"16";"5897";"50.";"3.0";"17.6";"50.";"0.";"288.93";"718.32";"63.43"
"2017";"9";"3";"7";"17";"5898";"50.";"3.1";"16.4";"56.";"3.";"104.10";"293.96";"51.11"
"2017";"9";"3";"7";"18";"5899";"42.";"2.8";"14.6";"66.";"1.";"0.00";"0.00";"0.00"
"2017";"9";"3";"7";"19";"5900";"48.";"2.4";"13.2";"75.";"5.";"0.00";"0.00";"0.00"
"2017";"9";"3";"7";"20";"5901";"55.";"1.9";"13.4";"74.";"3.";"0.00";"0.00";"0.00"
"2017";"9";"3";"7";"21";"5902";"46.";"2.8";"13.0";"76.";"6.";"0.00";"0.00";"0.00"
"2017";"9";"3";"7";"22";"5903";"23.";"2.4";"12.8";"79.";"6.";"0.00";"0.00";"0.00"
"2017";"9";"3";"7";"23";"5904";"29.";"2.7";"12.7";"80.";"7.";"0.00";"0.00";"0.00"
"2017";"9";"4";"1";"0";"5905";"19.";"2.8";"12.3";"87.";"7.";"0.00";"0.00";"0.00"
"2017";"9";"4";"1";"1";"5906";"29.";"3.3";"12.4";"89.";"8.";"0.00";"0.00";"0.00"
"2017";"9";"4";"1";"2";"5907";"19.";"3.3";"12.4";"91.";"8.";"0.00";"0.00";"0.00"
"2017";"9";"4";"1";"3";"5908";"20.";"3.8";"12.5";"92.";"8.";"0.00";"0.00";"0.00"
"2017";"9";"4";"1";"4";"5909";"31.";"4.1";"12.6";"91.";"8.";"0.00";"0.00";"0.00"
"2017";"9";"4";"1";"5";"5910";"33.";"4.2";"12.7";"90.";"8.";"0.00";"0.00";"0.00"
"2017";"9";"4";"1";"6";"5911";"34.";"4.3";"12.8";"89.";"7.";"42.15";"51.50";"33.15"
"2017";"9";"4";"1";"7";"5912";"32.";"4.2";"13.1";"87.";"7.";"111.55";"85.55";"85.16"
"2017";"9";"4";"1";"8";"5913";"36.";"4.4";"13.3";"85.";"7.";"175.30";"101.42";"131.85"
"2017";"9";"4";"1";"9";"5914";"39.";"4.8";"13.3";"83.";"7.";"220.24";"101.89";"166.60"
"2017";"9";"4";"1";"10";"5915";"38.";"4.7";"13.4";"82.";"7.";"265.37";"114.80";"196.99"
"2017";"9";"4";"1";"11";"5916";"32.";"4.3";"14.1";"79.";"8.";"212.87";"0.00";"212.87"
"2017";"9";"4";"1";"12";"5917";"33.";"4.1";"14.4";"78.";"7.";"284.37";"116.75";"210.64"
"2017";"9";"4";"1";"13";"5918";"32.";"3.7";"14.5";"78.";"8.";"198.27";"0.00";"198.27"
"2017";"9";"4";"1";"14";"5919";"36.";"4.0";"14.8";"78.";"8.";"170.19";"0.00";"170.19"
"2017";"9";"4";"1";"15";"5920";"40.";"3.5";"14.8";"79.";"8.";"127.63";"0.00";"127.63"
"2017";"9";"4";"1";"16";"5921";"31.";"3.2";"14.0";"83.";"8.";"83.29";"0.00";"83.29"
"2017";"9";"4";"1";"17";"5922";"23.";"2.8";"13.7";"85.";"8.";"31.32";"0.00";"31.32"
"2017";"9";"4";"1";"18";"5923";"9.";"2.2";"13.5";"88.";"8.";"0.00";"0.00";"0.00"
"2017";"9";"4";"1";"19";"5924";"13.";"2.1";"13.3";"91.";"8.";"0.00";"0.00";"0.00"
"2017";"9";"4";"1";"20";"5925";"33.";"2.1";"13.2";"92.";"8.";"0.00";"0.00";"0.00"
"2017";"9";"4";"1";"21";"5926";"50.";"2.4";"13.3";"93.";"8.";"0.00";"0.00";"0.00"
"2017";"9";"4";"1";"22";"5927";"49.";"2.3";"13.5";"93.";"8.";"0.00";"0.00";"0.00"
"2017";"9";"4";"1";"23";"5928";"55.";"2.3";"13.8";"93.";"8.";"0.00";"0.00";"0.00"
"2017";"9";"5";"2";"0";"5929";"52.";"1.7";"13.9";"92.";"7.";"0.00";"0.00";"0.00"
"2017";"9";"5";"2";"1";"5930";"53.";"1.7";"13.9";"92.";"8.";"0.00";"0.00";"0.00"
"2017";"9";"5";"2";"2";"5931";"53.";"1.6";"13.9";"92.";"8.";"0.00";"0.00";"0.00"
"2017";"9";"5";"2";"3";"5932";"69.";"1.9";"13.9";"92.";"8.";"0.00";"0.00";"0.00"
"2017";"9";"5";"2";"4";"5933";"66.";"1.8";"14.0";"92.";"7.";"0.00";"0.00";"0.00"
"2017";"9";"5";"2";"5";"5934";"76.";"2.0";"14.2";"91.";"7.";"0.00";"0.00";"0.00"
"2017";"9";"5";"2";"6";"5935";"88.";"2.6";"14.7";"89.";"7.";"37.67";"47.22";"29.68"
"2017";"9";"5";"2";"7";"5936";"101.";"1.9";"15.4";"86.";"8.";"79.17";"0.00";"79.17"
"2017";"9";"5";"2";"8";"5937";"116.";"1.9";"16.0";"83.";"7.";"169.47";"99.13";"127.53"
"2017";"9";"5";"2";"9";"5938";"133.";"1.8";"16.4";"82.";"7.";"221.68";"108.00";"165.39"
"2017";"9";"5";"2";"10";"5939";"127.";"2.1";"16.6";"82.";"7.";"258.67";"112.79";"192.08"
"2017";"9";"5";"2";"11";"5940";"131.";"2.1";"16.5";"84.";"8.";"189.27";"0.00";"189.27"
"2017";"9";"5";"2";"12";"5941";"132.";"1.8";"16.7";"85.";"8.";"192.13";"0.00";"192.13"
"2017";"9";"5";"2";"13";"5942";"124.";"2.3";"16.8";"86.";"8.";"172.36";"0.00";"172.36"
"2017";"9";"5";"2";"14";"5943";"146.";"1.6";"16.8";"87.";"8.";"146.81";"0.00";"146.81"
"2017";"9";"5";"2";"15";"5944";"146.";"2.0";"16.5";"88.";"8.";"114.89";"0.00";"114.89"
"2017";"9";"5";"2";"16";"5945";"146.";"2.1";"16.4";"88.";"7.";"99.32";"71.62";"77.62"
"2017";"9";"5";"2";"17";"5946";"149.";"2.0";"16.3";"89.";"8.";"24.02";"0.00";"24.02"
"2017";"9";"5";"2";"18";"5947";"133.";"2.0";"16.0";"91.";"8.";"0.00";"0.00";"0.00"
"2017";"9";"5";"2";"19";"5948";"122.";"2.8";"16.0";"91.";"8.";"0.00";"0.00";"0.00"
"2017";"9";"5";"2";"20";"5949";"135.";"2.5";"16.0";"92.";"8.";"0.00";"0.00";"0.00"
"2017";"9";"5";"2";"21";"5950";"145.";"2.8";"15.9";"91.";"7.";"0.00";"0.00";"0.00"
"2017";"9";"5";"2";"22";"5951";"147.";"3.1";"15.6";"91.";"8.";"0.00";"0.00";"0.00"
"2017";"9";"5";"2";"23";"5952";"132.";"3.4";"15.5";"92.";"8.";"0.00";"0.00";"0.00"
"2017";"9";"6";"3";"0";"5953";"131.";"3.9";"15.6";"92.";"8.";"0.00";"0.00";"0.00"
"2017";"9";"6";"3";"1";"5954";"135.";"4.1";"15.7";"93.";"8.";"0.00";"0.00";"0.00"
"2017";"9";"6";"3";"2";"5955";"141.";"4.0";"15.7";"93.";"8.";"0.00";"0.00";"0.00"
"2017";"9";"6";"3";"3";"5956";"139.";"3.9";"15.6";"93.";"7.";"0.00";"0.00";"0.00"
"2017";"9";"6";"3";"4";"5957";"136.";"4.0";"15.5";"92.";"8.";"0.00";"0.00";"0.00"
"2017";"9";"6";"3";"5";"5958";"130.";"4.5";"15.5";"91.";"8.";"0.00";"0.00";"0.00"
"2017";"9";"6";"3";"6";"5959";"131.";"4.3";"15.2";"92.";"8.";"13.67";"0.00";"13.67"
"2017";"9";"6";"3";"7";"5960";"124.";"4.5";"15.0";"94.";"8.";"39.36";"0.00";"39.36"
"2017";"9";"6";"3";"8";"5961";"126.";"3.9";"15.0";"94.";"8.";"64.07";"0.00";"64.07"
"2017";"9";"6";"3";"9";"5962";"126.";"3.4";"15.1";"95.";"8.";"79.81";"0.00";"79.81"
"2017";"9";"6";"3";"10";"5963";"119.";"3.6";"15.1";"94.";"8.";"101.41";"0.00";"101.41"
"2017";"9";"6";"3";"11";"5964";"121.";"4.1";"15.2";"93.";"8.";"113.36";"0.00";"113.36"
"2017";"9";"6";"3";"12";"5965";"120.";"3.9";"15.4";"93.";"7.";"153.99";"39.87";"129.24"
"2017";"9";"6";"3";"13";"5966";"123.";"3.8";"15.3";"93.";"7.";"145.47";"42.41";"120.65"
"2017";"9";"6";"3";"14";"5967";"116.";"3.4";"15.0";"93.";"8.";"86.60";"0.00";"86.60"
"2017";"9";"6";"3";"15";"5968";"103.";"3.7";"14.7";"94.";"8.";"64.80";"0.00";"64.80"
"2017";"9";"6";"3";"16";"5969";"97.";"3.8";"14.4";"95.";"8.";"41.31";"0.00";"41.31"
"2017";"9";"6";"3";"17";"5970";"99.";"4.5";"14.0";"94.";"8.";"13.81";"0.00";"13.81"
"2017";"9";"6";"3";"18";"5971";"99.";"4.7";"13.5";"94.";"7.";"0.00";"0.00";"0.00"
"2017";"9";"6";"3";"19";"5972";"99.";"4.9";"12.9";"93.";"8.";"0.00";"0.00";"0.00"
"2017";"9";"6";"3";"20";"5973";"97.";"5.5";"12.3";"93.";"7.";"0.00";"0.00";"0.00"
"2017";"9";"6";"3";"21";"5974";"100.";"5.5";"11.5";"92.";"8.";"0.00";"0.00";"0.00"
"2017";"9";"6";"3";"22";"5975";"102.";"4.8";"11.0";"92.";"8.";"0.00";"0.00";"0.00"
"2017";"9";"6";"3";"23";"5976";"101.";"3.8";"10.9";"93.";"8.";"0.00";"0.00";"0.00"
"2017";"9";"7";"4";"0";"5977";"98.";"3.4";"10.9";"94.";"8.";"0.00";"0.00";"0.00"
"2017";"9";"7";"4";"1";"5978";"86.";"3.1";"11.0";"94.";"8.";"0.00";"0.00";"0.00"
"2017";"9";"7";"4";"2";"5979";"79.";"2.9";"10.9";"93.";"7.";"0.00";"0.00";"0.00"
"2017";"9";"7";"4";"3";"5980";"77.";"3.2";"10.9";"93.";"8.";"0.00";"0.00";"0.00"
"2017";"9";"7";"4";"4";"5981";"76.";"2.8";"10.7";"94.";"8.";"0.00";"0.00";"0.00"
"2017";"9";"7";"4";"5";"5982";"72.";"2.4";"10.7";"93.";"8.";"0.00";"0.00";"0.00"
"2017";"9";"7";"4";"6";"5983";"69.";"2.6";"10.9";"92.";"7.";"36.93";"48.88";"29.22"
"2017";"9";"7";"4";"7";"5984";"70.";"3.0";"11.3";"90.";"8.";"78.30";"0.00";"78.30"
"2017";"9";"7";"4";"8";"5985";"77.";"3.3";"11.8";"87.";"7.";"168.24";"100.67";"126.74"
"2017";"9";"7";"4";"9";"5986";"77.";"3.3";"12.5";"84.";"7.";"220.52";"109.44";"164.66"
"2017";"9";"7";"4";"10";"5987";"87.";"3.4";"13.3";"78.";"7.";"258.14";"114.40";"191.81"
"2017";"9";"7";"4";"11";"5988";"89.";"3.1";"14.0";"73.";"7.";"277.79";"116.67";"205.96"
"2017";"9";"7";"4";"12";"5989";"93.";"2.9";"14.4";"67.";"7.";"268.91";"107.88";"202.48"
"2017";"9";"7";"4";"13";"5990";"98.";"2.7";"15.2";"63.";"7.";"410.06";"106.79";"348.15"
"2017";"9";"7";"4";"14";"5991";"103.";"1.9";"15.5";"60.";"7.";"364.19";"110.53";"307.78"
"2017";"9";"7";"4";"15";"5992";"120.";"1.4";"15.3";"61.";"7.";"278.39";"101.87";"236.40"
"2017";"9";"7";"4";"16";"5993";"148.";"0.7";"14.6";"67.";"8.";"79.29";"0.00";"79.29"
"2017";"9";"7";"4";"17";"5994";"175.";"0.8";"13.6";"73.";"8.";"57.15";"0.00";"57.15"
"2017";"9";"7";"4";"18";"5995";"178.";"0.9";"12.4";"79.";"8.";"0.00";"0.00";"0.00"
"2017";"9";"7";"4";"19";"5996";"143.";"1.3";"11.6";"83.";"8.";"0.00";"0.00";"0.00"
"2017";"9";"7";"4";"20";"5997";"141.";"1.8";"11.3";"86.";"8.";"0.00";"0.00";"0.00"
"2017";"9";"7";"4";"21";"5998";"109.";"1.6";"11.3";"87.";"8.";"0.00";"0.00";"0.00"
"2017";"9";"7";"4";"22";"5999";"104.";"1.8";"11.4";"87.";"7.";"0.00";"0.00";"0.00"
"2017";"9";"7";"4";"23";"6000";"113.";"1.9";"11.2";"89.";"7.";"0.00";"0.00";"0.00"
"2017";"9";"8";"5";"0";"6001";"111.";"2.0";"11.1";"92.";"8.";"0.00";"0.00";"0.00"
"2017";"9";"8";"5";"1";"6002";"105.";"3.1";"11.0";"92.";"7.";"0.00";"0.00";"0.00"
"2017";"9";"8";"5";"2";"6003";"101.";"4.3";"11.0";"93.";"7.";"0.00";"0.00";"0.00"
"2017";"9";"8";"5";"3";"6004";"117.";"5.1";"10.7";"94.";"8.";"0.00";"0.00";"0.00"
"2017";"9";"8";"5";"4";"6005";"124.";"4.1";"11.0";"93.";"8.";"0.00";"0.00";"0.00"
"2017";"9";"8";"5";"5";"6006";"120.";"3.5";"11.1";"93.";"8.";"0.00";"0.00";"0.00"
"2017";"9";"8";"5";"6";"6007";"114.";"4.2";"11.5";"92.";"8.";"22.82";"0.00";"22.82"
"2017";"9";"8";"5";"7";"6008";"114.";"4.6";"12.0";"93.";"8.";"67.06";"0.00";"67.06"
"2017";"9";"8";"5";"8";"6009";"121.";"4.1";"12.4";"92.";"8.";"122.45";"0.00";"122.45"
"2017";"9";"8";"5";"9";"6010";"126.";"4.2";"13.0";"90.";"8.";"89.31";"0.00";"89.31"
"2017";"9";"8";"5";"10";"6011";"133.";"4.9";"14.0";"90.";"8.";"110.10";"0.00";"110.10"
"2017";"9";"8";"5";"11";"6012";"136.";"5.0";"14.5";"85.";"7.";"172.09";"73.14";"127.45"
"2017";"9";"8";"5";"12";"6013";"122.";"5.1";"14.5";"85.";"7.";"261.92";"105.38";"197.59"
"2017";"9";"8";"5";"13";"6014";"120.";"5.5";"14.3";"87.";"8.";"161.28";"0.00";"161.28"
"2017";"9";"8";"5";"14";"6015";"138.";"5.4";"13.9";"91.";"7.";"116.59";"31.32";"100.78"
"2017";"9";"8";"5";"15";"6016";"139.";"4.3";"13.7";"93.";"8.";"65.01";"0.00";"65.01"
"2017";"9";"8";"5";"16";"6017";"126.";"4.4";"14.0";"93.";"8.";"38.28";"0.00";"38.28"
"2017";"9";"8";"5";"17";"6018";"139.";"4.6";"14.0";"94.";"7.";"16.38";"13.92";"14.26"
"2017";"9";"8";"5";"18";"6019";"162.";"3.7";"14.1";"92.";"4.";"0.00";"0.00";"0.00"
"2017";"9";"8";"5";"19";"6020";"181.";"4.6";"14.5";"92.";"6.";"0.00";"0.00";"0.00"
"2017";"9";"8";"5";"20";"6021";"229.";"3.5";"14.2";"92.";"6.";"0.00";"0.00";"0.00"
"2017";"9";"8";"5";"21";"6022";"228.";"3.4";"14.3";"92.";"8.";"0.00";"0.00";"0.00"
"2017";"9";"8";"5";"22";"6023";"226.";"3.7";"14.0";"91.";"7.";"0.00";"0.00";"0.00"
"2017";"9";"8";"5";"23";"6024";"227.";"3.6";"13.8";"91.";"5.";"0.00";"0.00";"0.00"
"2017";"9";"9";"6";"0";"6025";"212.";"2.7";"13.5";"91.";"4.";"0.00";"0.00";"0.00"
"2017";"9";"9";"6";"1";"6026";"196.";"2.3";"12.8";"92.";"5.";"0.00";"0.00";"0.00"
"2017";"9";"9";"6";"2";"6027";"188.";"2.0";"12.4";"92.";"5.";"0.00";"0.00";"0.00"
"2017";"9";"9";"6";"3";"6028";"187.";"1.5";"12.4";"93.";"7.";"0.00";"0.00";"0.00"
"2017";"9";"9";"6";"4";"6029";"174.";"1.3";"12.4";"93.";"7.";"0.00";"0.00";"0.00"
"2017";"9";"9";"6";"5";"6030";"153.";"0.6";"12.6";"94.";"7.";"0.00";"0.00";"0.00"
"2017";"9";"9";"6";"6";"6031";"118.";"1.0";"12.7";"95.";"7.";"17.29";"21.45";"14.15"
"2017";"9";"9";"6";"7";"6032";"106.";"1.7";"12.9";"95.";"7.";"58.21";"41.30";"46.62"
"2017";"9";"9";"6";"8";"6033";"102.";"2.1";"13.8";"93.";"6.";"136.13";"136.67";"81.31"
"2017";"9";"9";"6";"9";"6034";"114.";"1.6";"15.3";"86.";"8.";"157.83";"0.00";"157.83"
"2017";"9";"9";"6";"10";"6035";"141.";"1.1";"16.4";"77.";"7.";"249.12";"112.27";"185.24"
"2017";"9";"9";"6";"11";"6036";"206.";"1.2";"16.6";"75.";"7.";"268.77";"114.68";"199.40"
"2017";"9";"9";"6";"12";"6037";"219.";"1.9";"15.9";"80.";"7.";"268.39";"114.52";"199.12"
"2017";"9";"9";"6";"13";"6038";"238.";"2.4";"15.7";"80.";"7.";"249.26";"112.34";"185.35"
"2017";"9";"9";"6";"14";"6039";"254.";"2.1";"15.5";"80.";"7.";"212.14";"107.31";"158.54"
"2017";"9";"9";"6";"15";"6040";"304.";"2.2";"15.2";"84.";"7.";"259.85";"97.35";"220.80"
"2017";"9";"9";"6";"16";"6041";"298.";"2.0";"14.3";"88.";"6.";"118.79";"112.10";"87.32"
"2017";"9";"9";"6";"17";"6042";"323.";"1.8";"13.9";"91.";"7.";"17.30";"24.36";"13.73"
"2017";"9";"9";"6";"18";"6043";"311.";"2.1";"13.6";"93.";"7.";"0.00";"0.00";"0.00"
"2017";"9";"9";"6";"19";"6044";"303.";"2.1";"13.4";"93.";"7.";"0.00";"0.00";"0.00"
"2017";"9";"9";"6";"20";"6045";"282.";"1.9";"13.1";"93.";"7.";"0.00";"0.00";"0.00"
"2017";"9";"9";"6";"21";"6046";"246.";"1.7";"12.9";"92.";"3.";"0.00";"0.00";"0.00"
"2017";"9";"9";"6";"22";"6047";"237.";"2.5";"12.5";"92.";"4.";"0.00";"0.00";"0.00"
"2017";"9";"9";"6";"23";"6048";"238.";"2.2";"12.3";"93.";"1.";"0.00";"0.00";"0.00"
"2017";"9";"10";"7";"0";"6049";"225.";"1.9";"12.4";"93.";"2.";"0.00";"0.00";"0.00"
"2017";"9";"10";"7";"1";"6050";"224.";"2.2";"11.9";"93.";"2.";"0.00";"0.00";"0.00"
"2017";"9";"10";"7";"2";"6051";"231.";"2.2";"11.1";"94.";"1.";"0.00";"0.00";"0.00"
"2017";"9";"10";"7";"3";"6052";"219.";"2.1";"10.8";"93.";"6.";"0.00";"0.00";"0.00"
"2017";"9";"10";"7";"4";"6053";"219.";"1.8";"11.1";"92.";"6.";"0.00";"0.00";"0.00"
"2017";"9";"10";"7";"5";"6054";"212.";"2.5";"11.0";"94.";"4.";"0.00";"0.00";"0.00"
"2017";"9";"10";"7";"6";"6055";"212.";"3.0";"12.4";"92.";"1.";"60.05";"269.47";"22.13"
"2017";"9";"10";"7";"7";"6056";"207.";"3.8";"14.2";"87.";"1.";"209.46";"548.69";"58.53"
"2017";"9";"10";"7";"8";"6057";"210.";"4.6";"15.1";"82.";"1.";"353.46";"679.91";"84.53"
"2017";"9";"10";"7";"9";"6058";"213.";"5.4";"15.7";"78.";"4.";"343.52";"422.70";"134.74"
"2017";"9";"10";"7";"10";"6059";"211.";"6.0";"16.2";"76.";"8.";"178.37";"0.00";"178.37"
"2017";"9";"10";"7";"11";"6060";"211.";"6.3";"16.5";"72.";"4.";"350.55";"343.34";"144.73"
"2017";"9";"10";"7";"12";"6061";"206.";"6.5";"16.7";"68.";"4.";"352.94";"351.15";"142.44"
"2017";"9";"10";"7";"13";"6062";"200.";"6.7";"16.5";"72.";"7.";"240.44";"107.54";"179.85"
"2017";"9";"10";"7";"14";"6063";"199.";"7.1";"16.5";"73.";"8.";"149.46";"0.00";"149.46"
"2017";"9";"10";"7";"15";"6064";"203.";"7.5";"16.3";"76.";"8.";"114.44";"0.00";"114.44"
"2017";"9";"10";"7";"16";"6065";"193.";"7.4";"16.0";"75.";"7.";"89.10";"68.49";"70.26"
"2017";"9";"10";"7";"17";"6066";"195.";"6.7";"15.8";"79.";"7.";"24.34";"35.08";"19.40"
"2017";"9";"10";"7";"18";"6067";"199.";"6.4";"15.0";"79.";"8.";"0.00";"0.00";"0.00"
"2017";"9";"10";"7";"19";"6068";"192.";"6.3";"15.0";"79.";"6.";"0.00";"0.00";"0.00"
"2017";"9";"10";"7";"20";"6069";"197.";"6.6";"15.2";"80.";"6.";"0.00";"0.00";"0.00"
"2017";"9";"10";"7";"21";"6070";"195.";"6.8";"15.3";"78.";"6.";"0.00";"0.00";"0.00"
"2017";"9";"10";"7";"22";"6071";"193.";"7.2";"15.5";"75.";"7.";"0.00";"0.00";"0.00"
"2017";"9";"10";"7";"23";"6072";"183.";"6.4";"15.3";"77.";"7.";"0.00";"0.00";"0.00"
"2017";"9";"11";"1";"0";"6073";"173.";"6.2";"14.8";"81.";"7.";"0.00";"0.00";"0.00"
"2017";"9";"11";"1";"1";"6074";"166.";"5.8";"14.7";"82.";"8.";"0.00";"0.00";"0.00"
"2017";"9";"11";"1";"2";"6075";"164.";"5.5";"14.6";"82.";"6.";"0.00";"0.00";"0.00"
"2017";"9";"11";"1";"3";"6076";"165.";"6.5";"14.4";"83.";"7.";"0.00";"0.00";"0.00"
"2017";"9";"11";"1";"4";"6077";"152.";"7.1";"14.2";"84.";"7.";"0.00";"0.00";"0.00"
"2017";"9";"11";"1";"5";"6078";"149.";"7.4";"14.1";"83.";"6.";"0.00";"0.00";"0.00"
"2017";"9";"11";"1";"6";"6079";"147.";"7.5";"14.2";"81.";"5.";"34.49";"107.51";"19.98"
"2017";"9";"11";"1";"7";"6080";"152.";"7.1";"14.4";"80.";"7.";"89.07";"76.47";"68.47"
"2017";"9";"11";"1";"8";"6081";"161.";"7.8";"14.6";"78.";"8.";"112.57";"0.00";"112.57"
"2017";"9";"11";"1";"9";"6082";"165.";"8.3";"14.3";"81.";"7.";"130.35";"65.15";"98.53"
"2017";"9";"11";"1";"10";"6083";"164.";"8.0";"13.9";"89.";"7.";"137.88";"40.51";"115.28"
"2017";"9";"11";"1";"11";"6084";"177.";"7.5";"13.7";"92.";"7.";"151.70";"45.81";"124.48"
"2017";"9";"11";"1";"12";"6085";"176.";"7.1";"14.5";"90.";"8.";"101.19";"0.00";"101.19"
"2017";"9";"11";"1";"13";"6086";"172.";"7.4";"15.3";"85.";"7.";"153.97";"71.32";"114.19"
"2017";"9";"11";"1";"14";"6087";"171.";"7.4";"15.7";"80.";"7.";"206.10";"106.34";"154.17"
"2017";"9";"11";"1";"15";"6088";"177.";"7.6";"14.5";"83.";"7.";"95.75";"55.64";"74.06"
"2017";"9";"11";"1";"16";"6089";"183.";"6.9";"14.1";"84.";"6.";"106.62";"90.86";"82.14"
"2017";"9";"11";"1";"17";"6090";"175.";"6.8";"13.8";"84.";"4.";"46.42";"138.69";"27.70"
"2017";"9";"11";"1";"18";"6091";"169.";"5.2";"13.3";"89.";"3.";"0.00";"0.00";"0.00"
"2017";"9";"11";"1";"19";"6092";"159.";"4.6";"13.6";"90.";"3.";"0.00";"0.00";"0.00"
"2017";"9";"11";"1";"20";"6093";"176.";"5.5";"13.9";"86.";"4.";"0.00";"0.00";"0.00"
"2017";"9";"11";"1";"21";"6094";"167.";"5.5";"14.0";"88.";"8.";"0.00";"0.00";"0.00"
"2017";"9";"11";"1";"22";"6095";"159.";"5.0";"13.9";"90.";"8.";"0.00";"0.00";"0.00"
"2017";"9";"11";"1";"23";"6096";"176.";"4.9";"14.1";"89.";"6.";"0.00";"0.00";"0.00"
"2017";"9";"12";"2";"0";"6097";"171.";"5.5";"14.2";"87.";"8.";"0.00";"0.00";"0.00"
"2017";"9";"12";"2";"1";"6098";"178.";"6.0";"14.2";"87.";"8.";"0.00";"0.00";"0.00"
"2017";"9";"12";"2";"2";"6099";"184.";"6.7";"13.0";"87.";"8.";"0.00";"0.00";"0.00"
"2017";"9";"12";"2";"3";"6100";"194.";"7.4";"12.3";"87.";"7.";"0.00";"0.00";"0.00"
"2017";"9";"12";"2";"4";"6101";"192.";"6.5";"13.7";"88.";"6.";"0.00";"0.00";"0.00"
"2017";"9";"12";"2";"5";"6102";"208.";"7.3";"14.2";"86.";"6.";"0.00";"0.00";"0.00"
"2017";"9";"12";"2";"6";"6103";"213.";"6.5";"14.6";"84.";"7.";"19.43";"30.11";"15.54"
"2017";"9";"12";"2";"7";"6104";"216.";"6.5";"14.8";"82.";"3.";"158.56";"353.70";"65.31"
"2017";"9";"12";"2";"8";"6105";"226.";"5.8";"15.6";"78.";"3.";"276.99";"467.71";"97.28"
"2017";"9";"12";"2";"9";"6106";"210.";"6.6";"16.2";"75.";"0.";"472.31";"735.99";"117.04"
"2017";"9";"12";"2";"10";"6107";"213.";"7.0";"16.5";"70.";"0.";"564.61";"799.90";"122.80"
"2017";"9";"12";"2";"11";"6108";"212.";"6.7";"17.3";"67.";"3.";"466.27";"483.90";"181.56"
"2017";"9";"12";"2";"12";"6109";"212.";"7.1";"17.2";"66.";"4.";"425.38";"430.82";"171.90"
"2017";"9";"12";"2";"13";"6110";"206.";"7.2";"16.8";"66.";"6.";"292.78";"217.17";"172.83"
"2017";"9";"12";"2";"14";"6111";"207.";"7.3";"16.8";"65.";"6.";"248.16";"207.96";"147.77"
"2017";"9";"12";"2";"15";"6112";"210.";"6.9";"16.6";"68.";"7.";"241.27";"90.68";"206.43"
"2017";"9";"12";"2";"16";"6113";"207.";"6.8";"16.1";"70.";"7.";"141.81";"76.15";"121.74"
"2017";"9";"12";"2";"17";"6114";"209.";"6.8";"15.2";"79.";"6.";"24.91";"44.49";"19.17"
"2017";"9";"12";"2";"18";"6115";"206.";"4.9";"15.1";"80.";"6.";"0.00";"0.00";"0.00"
"2017";"9";"12";"2";"19";"6116";"224.";"5.0";"14.6";"81.";"4.";"0.00";"0.00";"0.00"
"2017";"9";"12";"2";"20";"6117";"230.";"4.7";"14.1";"82.";"4.";"0.00";"0.00";"0.00"
"2017";"9";"12";"2";"21";"6118";"229.";"4.7";"14.1";"83.";"0.";"0.00";"0.00";"0.00"
"2017";"9";"12";"2";"22";"6119";"226.";"4.5";"14.0";"85.";"6.";"0.00";"0.00";"0.00"
"2017";"9";"12";"2";"23";"6120";"226.";"4.6";"14.1";"85.";"6.";"0.00";"0.00";"0.00"
"2017";"9";"13";"3";"0";"6121";"236.";"5.3";"13.9";"85.";"5.";"0.00";"0.00";"0.00"
"2017";"9";"13";"3";"1";"6122";"235.";"5.0";"13.8";"84.";"6.";"0.00";"0.00";"0.00"
"2017";"9";"13";"3";"2";"6123";"223.";"4.8";"13.7";"85.";"7.";"0.00";"0.00";"0.00"
"2017";"9";"13";"3";"3";"6124";"223.";"4.2";"13.5";"84.";"8.";"0.00";"0.00";"0.00"
"2017";"9";"13";"3";"4";"6125";"216.";"3.9";"13.4";"85.";"7.";"0.00";"0.00";"0.00"
"2017";"9";"13";"3";"5";"6126";"214.";"4.0";"13.5";"85.";"7.";"0.00";"0.00";"0.00"
"2017";"9";"13";"3";"6";"6127";"208.";"4.2";"13.7";"82.";"7.";"31.22";"30.54";"27.45"
"2017";"9";"13";"3";"7";"6128";"198.";"4.2";"13.9";"79.";"7.";"141.13";"76.91";"121.30"
"2017";"9";"13";"3";"8";"6129";"172.";"3.8";"13.7";"80.";"7.";"87.14";"40.07";"71.97"
"2017";"9";"13";"3";"9";"6130";"167.";"5.3";"13.6";"83.";"6.";"251.82";"150.76";"179.91"
"2017";"9";"13";"3";"10";"6131";"159.";"5.7";"14.6";"80.";"7.";"247.03";"70.20";"208.65"
"2017";"9";"13";"3";"11";"6132";"149.";"6.1";"14.7";"79.";"7.";"162.98";"70.74";"121.75"
"2017";"9";"13";"3";"12";"6133";"133.";"5.1";"14.3";"73.";"8.";"176.55";"0.00";"176.55"
"2017";"9";"13";"3";"13";"6134";"139.";"5.3";"13.3";"80.";"7.";"151.75";"70.00";"113.48"
"2017";"9";"13";"3";"14";"6135";"110.";"4.9";"13.4";"81.";"6.";"244.53";"206.66";"145.95"
"2017";"9";"13";"3";"15";"6136";"99.";"5.0";"12.5";"83.";"6.";"174.53";"153.24";"116.52"
"2017";"9";"13";"3";"16";"6137";"86.";"4.7";"11.8";"86.";"7.";"54.44";"45.68";"42.66"
"2017";"9";"13";"3";"17";"6138";"72.";"4.5";"11.3";"88.";"6.";"24.69";"57.60";"17.58"
"2017";"9";"13";"3";"18";"6139";"68.";"4.3";"11.1";"89.";"8.";"0.00";"0.00";"0.00"
"2017";"9";"13";"3";"19";"6140";"62.";"3.8";"11.1";"89.";"8.";"0.00";"0.00";"0.00"
"2017";"9";"13";"3";"20";"6141";"54.";"3.4";"11.1";"88.";"8.";"0.00";"0.00";"0.00"
"2017";"9";"13";"3";"21";"6142";"47.";"2.9";"11.0";"90.";"8.";"0.00";"0.00";"0.00"
"2017";"9";"13";"3";"22";"6143";"28.";"2.7";"10.6";"90.";"8.";"0.00";"0.00";"0.00"
"2017";"9";"13";"3";"23";"6144";"14.";"2.6";"10.6";"91.";"7.";"0.00";"0.00";"0.00"
"2017";"9";"14";"4";"0";"6145";"12.";"2.9";"10.5";"90.";"7.";"0.00";"0.00";"0.00"
"2017";"9";"14";"4";"1";"6146";"9.";"3.0";"10.1";"91.";"6.";"0.00";"0.00";"0.00"
"2017";"9";"14";"4";"2";"6147";"7.";"2.7";"9.6";"91.";"4.";"0.00";"0.00";"0.00"
"2017";"9";"14";"4";"3";"6148";"1.";"2.6";"9.1";"93.";"4.";"0.00";"0.00";"0.00"
"2017";"9";"14";"4";"4";"6149";"355.";"2.3";"9.0";"94.";"4.";"0.00";"0.00";"0.00"
"2017";"9";"14";"4";"5";"6150";"350.";"1.9";"9.2";"94.";"6.";"0.00";"0.00";"0.00"
"2017";"9";"14";"4";"6";"6151";"352.";"1.9";"10.0";"93.";"5.";"26.01";"75.83";"17.10"
"2017";"9";"14";"4";"7";"6152";"351.";"2.1";"11.0";"91.";"6.";"104.36";"153.09";"65.77"
"2017";"9";"14";"4";"8";"6153";"7.";"1.0";"12.5";"84.";"7.";"147.57";"96.31";"111.67"
"2017";"9";"14";"4";"9";"6154";"330.";"1.0";"14.1";"77.";"3.";"375.87";"532.08";"125.08"
"2017";"9";"14";"4";"10";"6155";"317.";"1.4";"15.5";"71.";"3.";"381.98";"478.77";"122.95"
"2017";"9";"14";"4";"11";"6156";"292.";"2.1";"15.1";"70.";"7.";"257.33";"114.51";"191.25"
"2017";"9";"14";"4";"12";"6157";"288.";"2.7";"15.1";"71.";"4.";"421.69";"452.61";"160.48"
"2017";"9";"14";"4";"13";"6158";"290.";"3.8";"15.5";"70.";"6.";"293.98";"223.82";"172.88"
"2017";"9";"14";"4";"14";"6159";"290.";"4.3";"15.3";"72.";"7.";"326.61";"106.31";"276.50"
"2017";"9";"14";"4";"15";"6160";"300.";"4.7";"15.6";"70.";"7.";"147.19";"96.06";"111.38"
"2017";"9";"14";"4";"16";"6161";"318.";"3.5";"13.4";"80.";"8.";"73.68";"0.00";"73.68"
"2017";"9";"14";"4";"17";"6162";"308.";"3.4";"13.3";"83.";"6.";"14.66";"39.29";"10.04"
"2017";"9";"14";"4";"18";"6163";"294.";"2.5";"12.0";"86.";"7.";"0.00";"0.00";"0.00"
"2017";"9";"14";"4";"19";"6164";"304.";"1.7";"11.3";"89.";"7.";"0.00";"0.00";"0.00"
"2017";"9";"14";"4";"20";"6165";"353.";"1.1";"11.2";"89.";"6.";"0.00";"0.00";"0.00"
"2017";"9";"14";"4";"21";"6166";"339.";"2.5";"11.2";"92.";"4.";"0.00";"0.00";"0.00"
"2017";"9";"14";"4";"22";"6167";"315.";"2.2";"10.5";"92.";"3.";"0.00";"0.00";"0.00"
"2017";"9";"14";"4";"23";"6168";"322.";"2.4";"9.7";"94.";"3.";"0.00";"0.00";"0.00"
"2017";"9";"15";"5";"0";"6169";"297.";"1.3";"9.0";"94.";"2.";"0.00";"0.00";"0.00"
"2017";"9";"15";"5";"1";"6170";"108.";"0.8";"9.4";"94.";"7.";"0.00";"0.00";"0.00"
"2017";"9";"15";"5";"2";"6171";"154.";"0.6";"9.8";"94.";"8.";"0.00";"0.00";"0.00"
"2017";"9";"15";"5";"3";"6172";"188.";"0.6";"10.0";"95.";"3.";"0.00";"0.00";"0.00"
"2017";"9";"15";"5";"4";"6173";"245.";"1.2";"10.0";"95.";"5.";"0.00";"0.00";"0.00"
"2017";"9";"15";"5";"5";"6174";"251.";"0.9";"10.0";"95.";"7.";"0.00";"0.00";"0.00"
"2017";"9";"15";"5";"6";"6175";"287.";"1.1";"11.0";"95.";"6.";"25.44";"49.84";"19.87"
"2017";"9";"15";"5";"7";"6176";"253.";"1.6";"12.5";"92.";"6.";"139.26";"146.54";"103.17"
"2017";"9";"15";"5";"8";"6177";"251.";"2.0";"14.4";"82.";"5.";"268.26";"283.15";"164.34"
"2017";"9";"15";"5";"9";"6178";"257.";"1.7";"15.5";"74.";"8.";"295.40";"0.00";"295.40"
"2017";"9";"15";"5";"10";"6179";"260.";"2.2";"16.6";"68.";"7.";"382.24";"111.21";"322.71"
"2017";"9";"15";"5";"11";"6180";"261.";"2.3";"17.2";"68.";"5.";"474.73";"340.09";"280.40"
"2017";"9";"15";"5";"12";"6181";"244.";"2.3";"17.7";"67.";"1.";"587.03";"792.54";"134.17"
"2017";"9";"15";"5";"13";"6182";"231.";"2.7";"17.0";"69.";"4.";"373.70";"390.69";"164.56"
"2017";"9";"15";"5";"14";"6183";"228.";"3.0";"16.5";"69.";"7.";"187.10";"91.91";"144.31"
"2017";"9";"15";"5";"15";"6184";"177.";"1.8";"13.8";"74.";"7.";"91.33";"58.84";"69.73"
"2017";"9";"15";"5";"16";"6185";"205.";"1.6";"11.1";"83.";"7.";"51.90";"46.20";"40.52"
"2017";"9";"15";"5";"17";"6186";"116.";"2.6";"10.7";"90.";"8.";"6.61";"0.00";"6.61"
"2017";"9";"15";"5";"18";"6187";"124.";"2.0";"10.6";"90.";"8.";"0.00";"0.00";"0.00"
"2017";"9";"15";"5";"19";"6188";"168.";"2.3";"10.5";"88.";"8.";"0.00";"0.00";"0.00"
"2017";"9";"15";"5";"20";"6189";"123.";"2.2";"10.4";"91.";"6.";"0.00";"0.00";"0.00"
"2017";"9";"15";"5";"21";"6190";"159.";"2.1";"10.1";"93.";"7.";"0.00";"0.00";"0.00"
"2017";"9";"15";"5";"22";"6191";"161.";"1.6";"10.2";"93.";"8.";"0.00";"0.00";"0.00"
"2017";"9";"15";"5";"23";"6192";"179.";"1.7";"10.1";"93.";"7.";"0.00";"0.00";"0.00"
"2017";"9";"16";"6";"0";"6193";"188.";"1.4";"10.1";"93.";"7.";"0.00";"0.00";"0.00"
"2017";"9";"16";"6";"1";"6194";"185.";"1.4";"9.6";"93.";"7.";"0.00";"0.00";"0.00"
"2017";"9";"16";"6";"2";"6195";"164.";"1.4";"9.4";"95.";"7.";"0.00";"0.00";"0.00"
"2017";"9";"16";"6";"3";"6196";"113.";"2.1";"9.4";"95.";"8.";"0.00";"0.00";"0.00"
"2017";"9";"16";"6";"4";"6197";"98.";"1.9";"8.9";"95.";"4.";"0.00";"0.00";"0.00"
"2017";"9";"16";"6";"5";"6198";"104.";"1.9";"8.5";"95.";"4.";"0.00";"0.00";"0.00"
"2017";"9";"16";"6";"6";"6199";"106.";"1.3";"9.6";"94.";"0.";"34.01";"200.76";"12.79"
"2017";"9";"16";"6";"7";"6200";"109.";"1.3";"11.6";"90.";"0.";"189.11";"587.43";"47.88"
"2017";"9";"16";"6";"8";"6201";"129.";"1.4";"14.4";"84.";"0.";"338.48";"746.69";"68.76"
"2017";"9";"16";"6";"9";"6202";"134.";"1.7";"15.9";"78.";"1.";"432.16";"729.15";"96.87"
"2017";"9";"16";"6";"10";"6203";"131.";"1.9";"16.1";"74.";"0.";"558.84";"883.02";"91.21"
"2017";"9";"16";"6";"11";"6204";"162.";"1.4";"15.7";"74.";"2.";"539.83";"654.66";"169.51"
"2017";"9";"16";"6";"12";"6205";"199.";"1.8";"14.9";"72.";"1.";"566.76";"796.37";"116.27"
"2017";"9";"16";"6";"13";"6206";"207.";"2.0";"14.6";"74.";"6.";"202.96";"157.48";"119.56"
"2017";"9";"16";"6";"14";"6207";"202.";"2.2";"15.5";"72.";"4.";"256.63";"330.69";"104.57"
"2017";"9";"16";"6";"15";"6208";"201.";"1.8";"15.8";"69.";"1.";"328.66";"662.76";"89.26"
"2017";"9";"16";"6";"16";"6209";"167.";"1.1";"15.2";"67.";"3.";"166.36";"372.15";"76.89"
"2017";"9";"16";"6";"17";"6210";"37.";"1.4";"13.6";"76.";"2.";"26.71";"138.70";"12.04"
"2017";"9";"16";"6";"18";"6211";"9.";"0.8";"11.9";"89.";"4.";"0.00";"0.00";"0.00"
"2017";"9";"16";"6";"19";"6212";"67.";"0.3";"11.3";"91.";"6.";"0.00";"0.00";"0.00"
"2017";"9";"16";"6";"20";"6213";"71.";"0.5";"10.5";"91.";"3.";"0.00";"0.00";"0.00"
"2017";"9";"16";"6";"21";"6214";"101.";"1.3";"10.0";"93.";"3.";"0.00";"0.00";"0.00"
"2017";"9";"16";"6";"22";"6215";"94.";"1.3";"10.1";"94.";"8.";"0.00";"0.00";"0.00"
"2017";"9";"16";"6";"23";"6216";"94.";"0.7";"10.4";"94.";"8.";"0.00";"0.00";"0.00"
"2017";"9";"17";"7";"0";"6217";"103.";"0.4";"9.9";"95.";"6.";"0.00";"0.00";"0.00"
"2017";"9";"17";"7";"1";"6218";"101.";"1.4";"10.0";"95.";"8.";"0.00";"0.00";"0.00"
"2017";"9";"17";"7";"2";"6219";"93.";"0.9";"9.9";"94.";"8.";"0.00";"0.00";"0.00"
"2017";"9";"17";"7";"3";"6220";"80.";"1.1";"9.9";"94.";"5.";"0.00";"0.00";"0.00"
"2017";"9";"17";"7";"4";"6221";"85.";"1.4";"10.0";"95.";"6.";"0.00";"0.00";"0.00"
"2017";"9";"17";"7";"5";"6222";"85.";"1.3";"10.0";"95.";"8.";"0.00";"0.00";"0.00"
"2017";"9";"17";"7";"6";"6223";"73.";"1.9";"10.3";"94.";"8.";"15.74";"0.00";"15.74"
"2017";"9";"17";"7";"7";"6224";"63.";"1.6";"10.9";"93.";"8.";"56.14";"0.00";"56.14"
"2017";"9";"17";"7";"8";"6225";"98.";"1.1";"11.9";"90.";"7.";"137.99";"93.84";"104.65"
"2017";"9";"17";"7";"9";"6226";"130.";"1.1";"13.0";"84.";"8.";"142.65";"0.00";"142.65"
"2017";"9";"17";"7";"10";"6227";"113.";"1.2";"14.0";"80.";"8.";"163.01";"0.00";"163.01"
"2017";"9";"17";"7";"11";"6228";"114.";"0.8";"14.7";"77.";"8.";"372.55";"0.00";"372.55"
"2017";"9";"17";"7";"12";"6229";"360.";"0.5";"15.5";"73.";"8.";"372.58";"0.00";"372.58"
"2017";"9";"17";"7";"13";"6230";"214.";"1.5";"14.9";"74.";"7.";"144.69";"70.87";"107.56"
"2017";"9";"17";"7";"14";"6231";"244.";"1.7";"13.4";"76.";"7.";"119.16";"60.70";"91.60"
"2017";"9";"17";"7";"15";"6232";"345.";"1.1";"12.2";"82.";"8.";"56.19";"0.00";"56.19"
"2017";"9";"17";"7";"16";"6233";"39.";"1.8";"11.5";"88.";"8.";"30.61";"0.00";"30.61"
"2017";"9";"17";"7";"17";"6234";"67.";"2.2";"11.1";"88.";"6.";"9.37";"28.34";"6.54"
"2017";"9";"17";"7";"18";"6235";"62.";"1.6";"10.8";"89.";"6.";"0.00";"0.00";"0.00"
"2017";"9";"17";"7";"19";"6236";"56.";"1.7";"10.0";"91.";"3.";"0.00";"0.00";"0.00"
"2017";"9";"17";"7";"20";"6237";"51.";"1.5";"8.8";"92.";"1.";"0.00";"0.00";"0.00"
"2017";"9";"17";"7";"21";"6238";"64.";"1.4";"8.4";"95.";"4.";"0.00";"0.00";"0.00"
"2017";"9";"17";"7";"22";"6239";"70.";"1.6";"8.6";"95.";"6.";"0.00";"0.00";"0.00"
"2017";"9";"17";"7";"23";"6240";"71.";"1.6";"8.4";"95.";"2.";"0.00";"0.00";"0.00"
"2017";"9";"18";"1";"0";"6241";"71.";"1.6";"8.1";"96.";"3.";"0.00";"0.00";"0.00"
"2017";"9";"18";"1";"1";"6242";"78.";"1.8";"7.8";"96.";"3.";"0.00";"0.00";"0.00"
"2017";"9";"18";"1";"2";"6243";"74.";"1.5";"7.4";"95.";"1.";"0.00";"0.00";"0.00"
"2017";"9";"18";"1";"3";"6244";"60.";"1.8";"7.2";"95.";"2.";"0.00";"0.00";"0.00"
"2017";"9";"18";"1";"4";"6245";"62.";"1.9";"7.4";"95.";"4.";"0.00";"0.00";"0.00"
"2017";"9";"18";"1";"5";"6246";"60.";"1.9";"7.3";"97.";"3.";"0.00";"0.00";"0.00"
"2017";"9";"18";"1";"6";"6247";"54.";"1.9";"7.9";"97.";"5.";"9.15";"6.36";"8.55"
"2017";"9";"18";"1";"7";"6248";"51.";"1.6";"8.7";"97.";"7.";"55.45";"13.80";"52.29"
"2017";"9";"18";"1";"8";"6249";"50.";"1.0";"9.9";"96.";"8.";"73.30";"0.00";"73.30"
"2017";"9";"18";"1";"9";"6250";"73.";"1.0";"11.3";"92.";"6.";"212.68";"147.56";"146.55"
"2017";"9";"18";"1";"10";"6251";"78.";"0.9";"12.7";"84.";"6.";"279.15";"220.89";"164.73"
"2017";"9";"18";"1";"11";"6252";"301.";"0.2";"14.0";"78.";"5.";"358.17";"338.80";"170.45"
"2017";"9";"18";"1";"12";"6253";"283.";"1.5";"15.1";"73.";"8.";"104.60";"0.00";"104.60"
"2017";"9";"18";"1";"13";"6254";"272.";"2.6";"16.0";"69.";"2.";"457.16";"659.97";"115.32"
"2017";"9";"18";"1";"14";"6255";"279.";"3.2";"15.9";"69.";"3.";"352.93";"522.12";"118.91"
"2017";"9";"18";"1";"15";"6256";"285.";"2.9";"15.1";"74.";"4.";"225.84";"371.52";"95.98"
"2017";"9";"18";"1";"16";"6257";"290.";"3.2";"14.1";"74.";"2.";"149.90";"426.85";"52.29"
"2017";"9";"18";"1";"17";"6258";"298.";"2.6";"13.2";"77.";"2.";"16.59";"93.92";"7.77"
"2017";"9";"18";"1";"18";"6259";"285.";"1.9";"11.7";"85.";"1.";"0.00";"0.00";"0.00"
"2017";"9";"18";"1";"19";"6260";"272.";"1.9";"10.5";"88.";"4.";"0.00";"0.00";"0.00"
"2017";"9";"18";"1";"20";"6261";"274.";"1.9";"9.7";"89.";"0.";"0.00";"0.00";"0.00"
"2017";"9";"18";"1";"21";"6262";"280.";"2.0";"9.2";"91.";"5.";"0.00";"0.00";"0.00"
"2017";"9";"18";"1";"22";"6263";"272.";"2.3";"10.0";"90.";"8.";"0.00";"0.00";"0.00"
"2017";"9";"18";"1";"23";"6264";"253.";"2.0";"11.5";"88.";"8.";"0.00";"0.00";"0.00"
"2017";"9";"19";"2";"0";"6265";"253.";"2.8";"12.1";"87.";"7.";"0.00";"0.00";"0.00"
"2017";"9";"19";"2";"1";"6266";"251.";"3.1";"12.3";"88.";"7.";"0.00";"0.00";"0.00"
"2017";"9";"19";"2";"2";"6267";"250.";"3.3";"13.3";"89.";"8.";"0.00";"0.00";"0.00"
"2017";"9";"19";"2";"3";"6268";"251.";"3.0";"13.6";"90.";"8.";"0.00";"0.00";"0.00"
"2017";"9";"19";"2";"4";"6269";"259.";"3.0";"13.5";"92.";"8.";"0.00";"0.00";"0.00"
"2017";"9";"19";"2";"5";"6270";"264.";"2.0";"13.4";"92.";"8.";"0.00";"0.00";"0.00"
"2017";"9";"19";"2";"6";"6271";"281.";"1.4";"13.3";"93.";"7.";"0.63";"1.30";"0.52"
"2017";"9";"19";"2";"7";"6272";"300.";"1.3";"12.8";"93.";"7.";"40.26";"34.10";"32.66"
"2017";"9";"19";"2";"8";"6273";"350.";"1.0";"12.8";"92.";"7.";"84.51";"59.14";"64.19"
"2017";"9";"19";"2";"9";"6274";"339.";"1.4";"13.3";"91.";"7.";"176.92";"96.60";"134.19"
"2017";"9";"19";"2";"10";"6275";"356.";"0.9";"12.8";"92.";"7.";"140.23";"70.77";"103.99"
"2017";"9";"19";"2";"11";"6276";"80.";"1.5";"13.1";"91.";"7.";"155.64";"72.49";"115.89"
"2017";"9";"19";"2";"12";"6277";"74.";"1.0";"13.0";"91.";"7.";"155.72";"72.53";"115.95"
"2017";"9";"19";"2";"13";"6278";"67.";"1.8";"13.0";"90.";"8.";"96.50";"0.00";"96.50"
"2017";"9";"19";"2";"14";"6279";"79.";"2.9";"13.1";"88.";"8.";"80.22";"0.00";"80.22"
"2017";"9";"19";"2";"15";"6280";"70.";"3.5";"12.9";"86.";"8.";"95.76";"0.00";"95.76"
"2017";"9";"19";"2";"16";"6281";"76.";"3.5";"12.4";"87.";"8.";"51.14";"0.00";"51.14"
"2017";"9";"19";"2";"17";"6282";"75.";"3.3";"11.8";"88.";"7.";"4.62";"9.47";"3.79"
"2017";"9";"19";"2";"18";"6283";"72.";"3.2";"11.2";"89.";"8.";"0.00";"0.00";"0.00"
"2017";"9";"19";"2";"19";"6284";"65.";"2.9";"10.7";"90.";"5.";"0.00";"0.00";"0.00"
"2017";"9";"19";"2";"20";"6285";"63.";"3.2";"10.4";"90.";"6.";"0.00";"0.00";"0.00"
"2017";"9";"19";"2";"21";"6286";"60.";"3.1";"10.1";"91.";"3.";"0.00";"0.00";"0.00"
"2017";"9";"19";"2";"22";"6287";"62.";"3.3";"9.6";"91.";"4.";"0.00";"0.00";"0.00"
"2017";"9";"19";"2";"23";"6288";"55.";"2.5";"9.2";"92.";"4.";"0.00";"0.00";"0.00"
"2017";"9";"20";"3";"0";"6289";"46.";"2.6";"8.8";"93.";"4.";"0.00";"0.00";"0.00"
"2017";"9";"20";"3";"1";"6290";"39.";"2.7";"8.7";"94.";"5.";"0.00";"0.00";"0.00"
"2017";"9";"20";"3";"2";"6291";"38.";"2.8";"8.9";"93.";"7.";"0.00";"0.00";"0.00"
"2017";"9";"20";"3";"3";"6292";"29.";"3.0";"8.9";"93.";"8.";"0.00";"0.00";"0.00"
"2017";"9";"20";"3";"4";"6293";"42.";"3.2";"8.9";"93.";"6.";"0.00";"0.00";"0.00"
"2017";"9";"20";"3";"5";"6294";"47.";"3.6";"8.8";"92.";"4.";"0.00";"0.00";"0.00"
"2017";"9";"20";"3";"6";"6295";"46.";"2.9";"9.1";"91.";"1.";"11.60";"77.53";"5.24"
"2017";"9";"20";"3";"7";"6296";"54.";"3.5";"9.8";"89.";"5.";"99.65";"209.87";"54.14"
"2017";"9";"20";"3";"8";"6297";"54.";"3.3";"10.3";"86.";"6.";"162.69";"186.67";"99.65"
"2017";"9";"20";"3";"9";"6298";"55.";"3.9";"10.8";"83.";"8.";"137.74";"0.00";"137.74"
"2017";"9";"20";"3";"10";"6299";"58.";"4.3";"11.7";"80.";"6.";"266.10";"211.30";"159.13"
"2017";"9";"20";"3";"11";"6300";"61.";"4.4";"11.7";"80.";"7.";"234.78";"110.40";"174.90"
"2017";"9";"20";"3";"12";"6301";"60.";"4.0";"11.7";"78.";"8.";"180.39";"0.00";"180.39"
"2017";"9";"20";"3";"13";"6302";"59.";"3.1";"11.8";"78.";"8.";"165.74";"0.00";"165.74"
"2017";"9";"20";"3";"14";"6303";"56.";"2.7";"11.6";"79.";"7.";"184.02";"104.77";"138.29"
"2017";"9";"20";"3";"15";"6304";"56.";"2.5";"11.5";"81.";"8.";"98.08";"0.00";"98.08"
"2017";"9";"20";"3";"16";"6305";"48.";"2.2";"11.0";"84.";"7.";"61.50";"47.66";"51.16"
"2017";"9";"20";"3";"17";"6306";"58.";"2.6";"10.6";"87.";"7.";"4.05";"8.72";"3.33"
"2017";"9";"20";"3";"18";"6307";"58.";"1.7";"10.4";"88.";"5.";"0.00";"0.00";"0.00"
"2017";"9";"20";"3";"19";"6308";"52.";"1.2";"10.3";"89.";"7.";"0.00";"0.00";"0.00"
"2017";"9";"20";"3";"20";"6309";"49.";"1.4";"10.4";"89.";"7.";"0.00";"0.00";"0.00"
"2017";"9";"20";"3";"21";"6310";"55.";"1.1";"10.3";"90.";"8.";"0.00";"0.00";"0.00"
"2017";"9";"20";"3";"22";"6311";"59.";"1.5";"10.2";"91.";"8.";"0.00";"0.00";"0.00"
"2017";"9";"20";"3";"23";"6312";"65.";"1.9";"10.3";"91.";"8.";"0.00";"0.00";"0.00"
"2017";"9";"21";"4";"0";"6313";"74.";"2.0";"10.1";"92.";"8.";"0.00";"0.00";"0.00"
"2017";"9";"21";"4";"1";"6314";"82.";"1.8";"10.0";"92.";"8.";"0.00";"0.00";"0.00"
"2017";"9";"21";"4";"2";"6315";"87.";"1.6";"9.9";"92.";"7.";"0.00";"0.00";"0.00"
"2017";"9";"21";"4";"3";"6316";"73.";"2.1";"9.8";"91.";"8.";"0.00";"0.00";"0.00"
"2017";"9";"21";"4";"4";"6317";"66.";"2.0";"9.9";"91.";"8.";"0.00";"0.00";"0.00"
"2017";"9";"21";"4";"5";"6318";"65.";"2.6";"9.9";"90.";"7.";"0.00";"0.00";"0.00"
"2017";"9";"21";"4";"6";"6319";"62.";"2.3";"10.1";"87.";"7.";"2.29";"5.19";"1.89"
"2017";"9";"21";"4";"7";"6320";"68.";"2.5";"10.6";"83.";"7.";"65.34";"68.66";"50.86"
"2017";"9";"21";"4";"8";"6321";"73.";"2.5";"10.7";"82.";"8.";"96.27";"0.00";"96.27"
"2017";"9";"21";"4";"9";"6322";"84.";"2.3";"11.4";"79.";"8.";"135.53";"0.00";"135.53"
"2017";"9";"21";"4";"10";"6323";"91.";"2.2";"11.7";"78.";"8.";"163.51";"0.00";"163.51"
"2017";"9";"21";"4";"11";"6324";"86.";"2.4";"11.9";"76.";"8.";"178.22";"0.00";"178.22"
"2017";"9";"21";"4";"12";"6325";"71.";"2.7";"12.2";"75.";"8.";"178.15";"0.00";"178.15"
"2017";"9";"21";"4";"13";"6326";"62.";"3.0";"12.3";"75.";"8.";"163.50";"0.00";"163.50"
"2017";"9";"21";"4";"14";"6327";"65.";"2.7";"12.4";"75.";"7.";"180.91";"104.23";"136.03"
"2017";"9";"21";"4";"15";"6328";"65.";"2.7";"12.2";"76.";"5.";"187.72";"277.47";"95.65"
"2017";"9";"21";"4";"16";"6329";"60.";"2.7";"12.0";"77.";"7.";"65.02";"68.32";"50.61"
"2017";"9";"21";"4";"17";"6330";"67.";"2.9";"11.7";"80.";"7.";"1.82";"4.14";"1.51"
"2017";"9";"21";"4";"18";"6331";"73.";"3.0";"11.5";"81.";"8.";"0.00";"0.00";"0.00"
"2017";"9";"21";"4";"19";"6332";"79.";"2.8";"11.1";"83.";"8.";"0.00";"0.00";"0.00"
"2017";"9";"21";"4";"20";"6333";"83.";"2.7";"10.7";"83.";"8.";"0.00";"0.00";"0.00"
"2017";"9";"21";"4";"21";"6334";"72.";"1.7";"9.2";"88.";"3.";"0.00";"0.00";"0.00"
"2017";"9";"21";"4";"22";"6335";"61.";"1.6";"8.0";"91.";"2.";"0.00";"0.00";"0.00"
"2017";"9";"21";"4";"23";"6336";"49.";"1.6";"8.4";"93.";"5.";"0.00";"0.00";"0.00"
"2017";"9";"22";"5";"0";"6337";"44.";"1.5";"7.4";"94.";"6.";"0.00";"0.00";"0.00"
"2017";"9";"22";"5";"1";"6338";"64.";"1.9";"7.9";"95.";"6.";"0.00";"0.00";"0.00"
"2017";"9";"22";"5";"2";"6339";"81.";"2.7";"8.6";"95.";"6.";"0.00";"0.00";"0.00"
"2017";"9";"22";"5";"3";"6340";"76.";"2.1";"8.9";"96.";"8.";"0.00";"0.00";"0.00"
"2017";"9";"22";"5";"4";"6341";"55.";"1.6";"9.2";"95.";"8.";"0.00";"0.00";"0.00"
"2017";"9";"22";"5";"5";"6342";"77.";"2.1";"9.4";"95.";"8.";"0.00";"0.00";"0.00"
"2017";"9";"22";"5";"6";"6343";"62.";"1.6";"9.5";"94.";"7.";"0.00";"0.00";"0.00"
"2017";"9";"22";"5";"7";"6344";"36.";"1.9";"10.1";"91.";"7.";"59.40";"62.12";"46.67"
"2017";"9";"22";"5";"8";"6345";"30.";"2.3";"11.1";"87.";"7.";"124.18";"90.92";"94.55"
"2017";"9";"22";"5";"9";"6346";"46.";"3.2";"12.3";"81.";"6.";"218.74";"206.07";"131.24"
"2017";"9";"22";"5";"10";"6347";"45.";"3.1";"13.3";"77.";"5.";"313.10";"327.61";"151.14"
"2017";"9";"22";"5";"11";"6348";"54.";"3.9";"14.0";"76.";"7.";"232.90";"111.69";"173.65"
"2017";"9";"22";"5";"12";"6349";"50.";"3.8";"13.7";"78.";"6.";"288.20";"223.28";"169.75"
"2017";"9";"22";"5";"13";"6350";"59.";"3.5";"13.2";"82.";"8.";"152.09";"0.00";"152.09"
"2017";"9";"22";"5";"14";"6351";"57.";"2.3";"12.6";"89.";"8.";"72.05";"0.00";"72.05"
"2017";"9";"22";"5";"15";"6352";"48.";"2.1";"12.5";"90.";"8.";"50.96";"0.00";"50.96"
"2017";"9";"22";"5";"16";"6353";"32.";"2.2";"12.3";"91.";"8.";"24.13";"0.00";"24.13"
"2017";"9";"22";"5";"17";"6354";"34.";"2.2";"12.2";"92.";"8.";"0.00";"0.00";"0.00"
"2017";"9";"22";"5";"18";"6355";"36.";"1.9";"12.1";"95.";"8.";"0.00";"0.00";"0.00"
"2017";"9";"22";"5";"19";"6356";"35.";"1.6";"12.1";"95.";"8.";"0.00";"0.00";"0.00"
"2017";"9";"22";"5";"20";"6357";"26.";"1.4";"12.2";"95.";"8.";"0.00";"0.00";"0.00"
"2017";"9";"22";"5";"21";"6358";"17.";"1.5";"12.0";"95.";"5.";"0.00";"0.00";"0.00"
"2017";"9";"22";"5";"22";"6359";"33.";"1.6";"12.1";"96.";"6.";"0.00";"0.00";"0.00"
"2017";"9";"22";"5";"23";"6360";"36.";"1.4";"12.1";"96.";"8.";"0.00";"0.00";"0.00"
"2017";"9";"23";"6";"0";"6361";"46.";"1.0";"12.0";"96.";"8.";"0.00";"0.00";"0.00"
"2017";"9";"23";"6";"1";"6362";"50.";"1.4";"12.1";"96.";"8.";"0.00";"0.00";"0.00"
"2017";"9";"23";"6";"2";"6363";"65.";"2.1";"12.1";"96.";"7.";"0.00";"0.00";"0.00"
"2017";"9";"23";"6";"3";"6364";"30.";"1.1";"12.1";"96.";"8.";"0.00";"0.00";"0.00"
"2017";"9";"23";"6";"4";"6365";"32.";"1.0";"12.1";"96.";"8.";"0.00";"0.00";"0.00"
"2017";"9";"23";"6";"5";"6366";"46.";"1.2";"12.1";"96.";"8.";"0.00";"0.00";"0.00"
"2017";"9";"23";"6";"6";"6367";"44.";"1.1";"12.3";"96.";"8.";"0.00";"0.00";"0.00"
"2017";"9";"23";"6";"7";"6368";"40.";"1.6";"12.6";"95.";"8.";"34.22";"0.00";"34.22"
"2017";"9";"23";"6";"8";"6369";"47.";"1.7";"13.1";"94.";"8.";"78.83";"0.00";"78.83"
"2017";"9";"23";"6";"9";"6370";"63.";"1.3";"13.7";"94.";"8.";"112.52";"0.00";"112.52"
"2017";"9";"23";"6";"10";"6371";"56.";"1.4";"14.4";"92.";"8.";"151.12";"0.00";"151.12"
"2017";"9";"23";"6";"11";"6372";"64.";"1.5";"15.1";"87.";"8.";"169.03";"0.00";"169.03"
"2017";"9";"23";"6";"12";"6373";"57.";"1.7";"15.9";"83.";"7.";"225.80";"109.37";"168.43"
"2017";"9";"23";"6";"13";"6374";"40.";"1.7";"16.5";"81.";"8.";"154.11";"0.00";"154.11"
"2017";"9";"23";"6";"14";"6375";"23.";"1.5";"16.6";"80.";"7.";"168.47";"99.46";"126.83"
"2017";"9";"23";"6";"15";"6376";"39.";"2.1";"16.5";"81.";"7.";"115.50";"85.90";"88.02"
"2017";"9";"23";"6";"16";"6377";"36.";"2.0";"16.0";"84.";"8.";"38.69";"0.00";"38.69"
"2017";"9";"23";"6";"17";"6378";"33.";"2.0";"15.4";"86.";"8.";"0.00";"0.00";"0.00"
"2017";"9";"23";"6";"18";"6379";"35.";"2.1";"14.9";"89.";"7.";"0.00";"0.00";"0.00"
"2017";"9";"23";"6";"19";"6380";"40.";"2.4";"14.7";"91.";"7.";"0.00";"0.00";"0.00"
"2017";"9";"23";"6";"20";"6381";"27.";"2.1";"14.6";"91.";"8.";"0.00";"0.00";"0.00"
"2017";"9";"23";"6";"21";"6382";"36.";"2.0";"14.4";"91.";"8.";"0.00";"0.00";"0.00"
"2017";"9";"23";"6";"22";"6383";"43.";"2.1";"14.4";"91.";"8.";"0.00";"0.00";"0.00"
"2017";"9";"23";"6";"23";"6384";"47.";"2.5";"14.3";"92.";"8.";"0.00";"0.00";"0.00"
"2017";"9";"24";"7";"0";"6385";"31.";"1.7";"14.2";"93.";"8.";"0.00";"0.00";"0.00"
"2017";"9";"24";"7";"1";"6386";"63.";"2.6";"14.3";"93.";"8.";"0.00";"0.00";"0.00"
"2017";"9";"24";"7";"2";"6387";"73.";"2.6";"14.2";"93.";"7.";"0.00";"0.00";"0.00"
"2017";"9";"24";"7";"3";"6388";"65.";"2.1";"14.3";"92.";"6.";"0.00";"0.00";"0.00"
"2017";"9";"24";"7";"4";"6389";"80.";"1.7";"14.3";"91.";"8.";"0.00";"0.00";"0.00"
"2017";"9";"24";"7";"5";"6390";"79.";"2.0";"14.2";"91.";"8.";"0.00";"0.00";"0.00"
"2017";"9";"24";"7";"6";"6391";"78.";"2.5";"14.1";"90.";"8.";"0.00";"0.00";"0.00"
"2017";"9";"24";"7";"7";"6392";"82.";"2.8";"14.6";"87.";"8.";"37.41";"0.00";"37.41"
"2017";"9";"24";"7";"8";"6393";"88.";"2.9";"14.7";"87.";"8.";"75.99";"0.00";"75.99"
"2017";"9";"24";"7";"9";"6394";"99.";"3.8";"15.1";"85.";"8.";"120.85";"0.00";"120.85"
"2017";"9";"24";"7";"10";"6395";"101.";"3.9";"15.7";"82.";"7.";"198.73";"103.82";"148.65"
"2017";"9";"24";"7";"11";"6396";"107.";"3.7";"17.5";"76.";"7.";"222.34";"108.80";"165.92"
"2017";"9";"24";"7";"12";"6397";"105.";"3.9";"17.9";"74.";"6.";"267.67";"208.71";"159.44"
"2017";"9";"24";"7";"13";"6398";"104.";"3.4";"18.2";"73.";"5.";"296.65";"317.15";"143.65"
"2017";"9";"24";"7";"14";"6399";"108.";"3.4";"18.4";"70.";"5.";"242.51";"297.20";"119.87"
"2017";"9";"24";"7";"15";"6400";"99.";"2.4";"18.5";"69.";"4.";"189.66";"341.84";"82.34"
"2017";"9";"24";"7";"16";"6401";"80.";"2.5";"17.7";"73.";"2.";"102.39";"334.42";"37.83"
"2017";"9";"24";"7";"17";"6402";"63.";"2.0";"15.7";"82.";"0.";"0.00";"0.00";"0.00"
"2017";"9";"24";"7";"18";"6403";"66.";"2.2";"14.5";"88.";"0.";"0.00";"0.00";"0.00"
"2017";"9";"24";"7";"19";"6404";"71.";"2.6";"14.1";"90.";"0.";"0.00";"0.00";"0.00"
"2017";"9";"24";"7";"20";"6405";"72.";"2.6";"13.8";"91.";"0.";"0.00";"0.00";"0.00"
"2017";"9";"24";"7";"21";"6406";"63.";"2.3";"13.3";"92.";"0.";"0.00";"0.00";"0.00"
"2017";"9";"24";"7";"22";"6407";"61.";"2.5";"12.8";"93.";"0.";"0.00";"0.00";"0.00"
"2017";"9";"24";"7";"23";"6408";"59.";"3.0";"13.5";"94.";"6.";"0.00";"0.00";"0.00"
"2017";"9";"25";"1";"0";"6409";"45.";"2.2";"13.9";"94.";"7.";"0.00";"0.00";"0.00"
"2017";"9";"25";"1";"1";"6410";"53.";"2.4";"14.1";"93.";"8.";"0.00";"0.00";"0.00"
"2017";"9";"25";"1";"2";"6411";"51.";"1.7";"13.8";"93.";"5.";"0.00";"0.00";"0.00"
"2017";"9";"25";"1";"3";"6412";"52.";"2.1";"13.1";"93.";"3.";"0.00";"0.00";"0.00"
"2017";"9";"25";"1";"4";"6413";"47.";"2.1";"12.8";"93.";"3.";"0.00";"0.00";"0.00"
"2017";"9";"25";"1";"5";"6414";"60.";"3.1";"12.8";"92.";"2.";"0.00";"0.00";"0.00"
"2017";"9";"25";"1";"6";"6415";"77.";"3.6";"13.2";"90.";"4.";"0.00";"0.00";"0.00"
"2017";"9";"25";"1";"7";"6416";"77.";"3.7";"14.0";"85.";"6.";"58.34";"108.60";"38.03"
"2017";"9";"25";"1";"8";"6417";"80.";"4.2";"15.6";"76.";"4.";"187.59";"343.67";"81.76"
"2017";"9";"25";"1";"9";"6418";"79.";"4.7";"16.8";"69.";"1.";"361.62";"667.81";"90.05"
"2017";"9";"25";"1";"10";"6419";"81.";"4.9";"17.8";"65.";"1.";"446.15";"734.01";"96.45"
"2017";"9";"25";"1";"11";"6420";"87.";"4.3";"18.7";"62.";"1.";"483.46";"712.45";"118.28"
"2017";"9";"25";"1";"12";"6421";"90.";"4.9";"19.4";"60.";"2.";"447.94";"641.21";"119.28"
"2017";"9";"25";"1";"13";"6422";"89.";"4.4";"19.5";"60.";"3.";"371.01";"525.22";"120.78"
"2017";"9";"25";"1";"14";"6423";"87.";"4.1";"19.3";"61.";"5.";"234.73";"293.06";"115.56"
"2017";"9";"25";"1";"15";"6424";"77.";"3.7";"18.7";"65.";"5.";"158.79";"252.63";"80.99"
"2017";"9";"25";"1";"16";"6425";"78.";"3.6";"17.8";"70.";"2.";"97.79";"327.52";"36.51"
"2017";"9";"25";"1";"17";"6426";"75.";"3.0";"16.2";"78.";"2.";"0.00";"0.00";"0.00"
"2017";"9";"25";"1";"18";"6427";"69.";"2.8";"14.9";"82.";"4.";"0.00";"0.00";"0.00"
"2017";"9";"25";"1";"19";"6428";"72.";"3.2";"14.2";"84.";"3.";"0.00";"0.00";"0.00"
"2017";"9";"25";"1";"20";"6429";"77.";"3.6";"14.0";"84.";"1.";"0.00";"0.00";"0.00"
"2017";"9";"25";"1";"21";"6430";"77.";"3.5";"13.6";"82.";"2.";"0.00";"0.00";"0.00"
"2017";"9";"25";"1";"22";"6431";"81.";"4.1";"13.5";"82.";"3.";"0.00";"0.00";"0.00"
"2017";"9";"25";"1";"23";"6432";"83.";"4.0";"13.4";"82.";"8.";"0.00";"0.00";"0.00"
"2017";"9";"26";"2";"0";"6433";"79.";"3.8";"13.1";"83.";"7.";"0.00";"0.00";"0.00"
"2017";"9";"26";"2";"1";"6434";"75.";"3.8";"12.6";"84.";"7.";"0.00";"0.00";"0.00"
"2017";"9";"26";"2";"2";"6435";"75.";"4.1";"12.3";"86.";"8.";"0.00";"0.00";"0.00"
"2017";"9";"26";"2";"3";"6436";"71.";"4.2";"12.1";"87.";"8.";"0.00";"0.00";"0.00"
"2017";"9";"26";"2";"4";"6437";"72.";"4.2";"12.2";"87.";"7.";"0.00";"0.00";"0.00"
"2017";"9";"26";"2";"5";"6438";"74.";"4.2";"12.0";"88.";"6.";"0.00";"0.00";"0.00"
"2017";"9";"26";"2";"6";"6439";"76.";"3.8";"12.5";"87.";"5.";"0.00";"0.00";"0.00"
"2017";"9";"26";"2";"7";"6440";"77.";"4.2";"13.0";"89.";"5.";"48.88";"110.21";"28.92"
"2017";"9";"26";"2";"8";"6441";"78.";"4.1";"14.0";"86.";"7.";"105.04";"79.95";"80.90"
"2017";"9";"26";"2";"9";"6442";"91.";"4.6";"15.8";"78.";"3.";"292.92";"466.39";"106.07"
"2017";"9";"26";"2";"10";"6443";"102.";"5.3";"16.2";"75.";"7.";"192.86";"101.18";"145.27"
"2017";"9";"26";"2";"11";"6444";"110.";"4.9";"17.4";"70.";"6.";"269.68";"217.65";"159.43"
"2017";"9";"26";"2";"12";"6445";"111.";"4.9";"17.4";"69.";"8.";"159.87";"0.00";"159.87"
"2017";"9";"26";"2";"13";"6446";"109.";"4.4";"18.4";"67.";"7.";"197.91";"105.53";"148.27"
"2017";"9";"26";"2";"14";"6447";"108.";"3.6";"19.2";"62.";"4.";"263.22";"385.35";"108.83"
"2017";"9";"26";"2";"15";"6448";"97.";"3.0";"18.2";"66.";"3.";"198.94";"418.04";"72.71"
"2017";"9";"26";"2";"16";"6449";"92.";"3.3";"17.6";"70.";"4.";"72.41";"202.20";"35.79"
"2017";"9";"26";"2";"17";"6450";"82.";"2.5";"16.0";"79.";"2.";"0.00";"0.00";"0.00"
"2017";"9";"26";"2";"18";"6451";"72.";"2.9";"15.3";"81.";"3.";"0.00";"0.00";"0.00"
"2017";"9";"26";"2";"19";"6452";"79.";"3.5";"14.6";"83.";"2.";"0.00";"0.00";"0.00"
"2017";"9";"26";"2";"20";"6453";"85.";"3.3";"15.0";"81.";"6.";"0.00";"0.00";"0.00"
"2017";"9";"26";"2";"21";"6454";"97.";"3.7";"15.0";"80.";"7.";"0.00";"0.00";"0.00"
"2017";"9";"26";"2";"22";"6455";"95.";"3.7";"14.5";"82.";"8.";"0.00";"0.00";"0.00"
"2017";"9";"26";"2";"23";"6456";"96.";"3.6";"13.8";"83.";"5.";"0.00";"0.00";"0.00"
"2017";"9";"27";"3";"0";"6457";"98.";"3.6";"13.7";"82.";"8.";"0.00";"0.00";"0.00"
"2017";"9";"27";"3";"1";"6458";"100.";"4.1";"13.6";"83.";"8.";"0.00";"0.00";"0.00"
"2017";"9";"27";"3";"2";"6459";"98.";"4.3";"13.6";"83.";"8.";"0.00";"0.00";"0.00"
"2017";"9";"27";"3";"3";"6460";"95.";"4.4";"13.7";"84.";"8.";"0.00";"0.00";"0.00"
"2017";"9";"27";"3";"4";"6461";"93.";"3.9";"13.4";"86.";"7.";"0.00";"0.00";"0.00"
"2017";"9";"27";"3";"5";"6462";"90.";"4.5";"13.3";"87.";"8.";"0.00";"0.00";"0.00"
"2017";"9";"27";"3";"6";"6463";"90.";"4.1";"13.7";"86.";"7.";"0.00";"0.00";"0.00"
"2017";"9";"27";"3";"7";"6464";"94.";"4.6";"14.7";"82.";"8.";"30.57";"0.00";"30.57"
"2017";"9";"27";"3";"8";"6465";"96.";"4.6";"15.3";"78.";"7.";"105.47";"83.77";"80.68"
"2017";"9";"27";"3";"9";"6466";"102.";"5.2";"16.4";"73.";"7.";"153.86";"94.87";"116.43"
"2017";"9";"27";"3";"10";"6467";"104.";"4.8";"17.4";"69.";"6.";"336.56";"209.36";"239.34"
"2017";"9";"27";"3";"11";"6468";"106.";"4.8";"18.4";"64.";"6.";"368.72";"210.29";"263.48"
"2017";"9";"27";"3";"12";"6469";"101.";"4.9";"19.4";"62.";"6.";"362.85";"195.93";"264.79"
"2017";"9";"27";"3";"13";"6470";"101.";"5.1";"19.7";"59.";"6.";"327.60";"181.61";"243.27"
"2017";"9";"27";"3";"14";"6471";"97.";"5.4";"19.7";"58.";"3.";"325.37";"474.61";"138.09"
"2017";"9";"27";"3";"15";"6472";"96.";"4.6";"19.5";"59.";"3.";"214.76";"383.18";"101.35"
"2017";"9";"27";"3";"16";"6473";"89.";"3.6";"18.2";"65.";"4.";"84.23";"205.75";"48.19"
"2017";"9";"27";"3";"17";"6474";"84.";"3.5";"16.9";"70.";"2.";"0.00";"0.00";"0.00"
"2017";"9";"27";"3";"18";"6475";"89.";"3.6";"16.2";"75.";"5.";"0.00";"0.00";"0.00"
"2017";"9";"27";"3";"19";"6476";"96.";"3.9";"15.7";"77.";"4.";"0.00";"0.00";"0.00"
"2017";"9";"27";"3";"20";"6477";"98.";"4.5";"14.7";"78.";"5.";"0.00";"0.00";"0.00"
"2017";"9";"27";"3";"21";"6478";"91.";"4.0";"13.8";"80.";"6.";"0.00";"0.00";"0.00"
"2017";"9";"27";"3";"22";"6479";"91.";"4.3";"13.4";"81.";"6.";"0.00";"0.00";"0.00"
"2017";"9";"27";"3";"23";"6480";"97.";"4.5";"12.8";"81.";"7.";"0.00";"0.00";"0.00"
"2017";"9";"28";"4";"0";"6481";"98.";"4.5";"12.3";"83.";"5.";"0.00";"0.00";"0.00"
"2017";"9";"28";"4";"1";"6482";"96.";"4.7";"11.9";"85.";"2.";"0.00";"0.00";"0.00"
"2017";"9";"28";"4";"2";"6483";"94.";"4.3";"11.7";"87.";"1.";"0.00";"0.00";"0.00"
"2017";"9";"28";"4";"3";"6484";"91.";"4.5";"11.5";"88.";"0.";"0.00";"0.00";"0.00"
"2017";"9";"28";"4";"4";"6485";"89.";"4.8";"11.4";"88.";"0.";"0.00";"0.00";"0.00"
"2017";"9";"28";"4";"5";"6486";"91.";"5.0";"11.4";"89.";"3.";"0.00";"0.00";"0.00"
"2017";"9";"28";"4";"6";"6487";"96.";"5.1";"11.8";"87.";"5.";"0.00";"0.00";"0.00"
"2017";"9";"28";"4";"7";"6488";"105.";"5.9";"12.9";"82.";"3.";"78.09";"257.42";"34.54"
"2017";"9";"28";"4";"8";"6489";"108.";"6.3";"14.3";"76.";"2.";"211.16";"500.10";"66.15"
"2017";"9";"28";"4";"9";"6490";"111.";"6.5";"15.3";"70.";"3.";"286.26";"468.23";"104.31"
"2017";"9";"28";"4";"10";"6491";"117.";"6.0";"16.3";"63.";"5.";"279.08";"314.65";"134.87"
"2017";"9";"28";"4";"11";"6492";"122.";"5.9";"17.3";"57.";"4.";"348.00";"403.66";"148.42"
"2017";"9";"28";"4";"12";"6493";"123.";"5.6";"17.4";"53.";"3.";"396.44";"537.79";"130.55"
"2017";"9";"28";"4";"13";"6494";"124.";"4.6";"18.0";"50.";"1.";"429.01";"693.43";"111.19"
"2017";"9";"28";"4";"14";"6495";"121.";"3.9";"18.2";"50.";"1.";"360.05";"667.00";"100.87"
"2017";"9";"28";"4";"15";"6496";"110.";"3.8";"17.6";"55.";"0.";"252.34";"679.87";"55.21"
"2017";"9";"28";"4";"16";"6497";"96.";"2.7";"16.2";"63.";"1.";"101.52";"382.66";"36.79"
"2017";"9";"28";"4";"17";"6498";"87.";"2.9";"14.6";"72.";"7.";"0.00";"0.00";"0.00"
"2017";"9";"28";"4";"18";"6499";"92.";"2.9";"13.4";"74.";"7.";"0.00";"0.00";"0.00"
"2017";"9";"28";"4";"19";"6500";"96.";"3.4";"13.5";"73.";"8.";"0.00";"0.00";"0.00"
"2017";"9";"28";"4";"20";"6501";"99.";"3.9";"13.1";"74.";"2.";"0.00";"0.00";"0.00"
"2017";"9";"28";"4";"21";"6502";"100.";"4.5";"12.8";"77.";"5.";"0.00";"0.00";"0.00"
"2017";"9";"28";"4";"22";"6503";"101.";"4.8";"12.4";"79.";"8.";"0.00";"0.00";"0.00"
"2017";"9";"28";"4";"23";"6504";"99.";"4.5";"12.3";"81.";"7.";"0.00";"0.00";"0.00"
"2017";"9";"29";"5";"0";"6505";"97.";"4.9";"12.3";"82.";"6.";"0.00";"0.00";"0.00"
"2017";"9";"29";"5";"1";"6506";"95.";"4.7";"12.3";"83.";"7.";"0.00";"0.00";"0.00"
"2017";"9";"29";"5";"2";"6507";"101.";"4.5";"12.3";"83.";"8.";"0.00";"0.00";"0.00"
"2017";"9";"29";"5";"3";"6508";"97.";"4.5";"12.3";"84.";"8.";"0.00";"0.00";"0.00"
"2017";"9";"29";"5";"4";"6509";"93.";"4.4";"12.3";"84.";"8.";"0.00";"0.00";"0.00"
"2017";"9";"29";"5";"5";"6510";"94.";"4.5";"12.4";"84.";"8.";"0.00";"0.00";"0.00"
"2017";"9";"29";"5";"6";"6511";"100.";"4.2";"12.5";"83.";"7.";"0.00";"0.00";"0.00"
"2017";"9";"29";"5";"7";"6512";"102.";"4.3";"12.7";"82.";"6.";"47.41";"91.32";"32.50"
"2017";"9";"29";"5";"8";"6513";"104.";"4.8";"13.1";"80.";"7.";"97.29";"74.42";"76.16"
"2017";"9";"29";"5";"9";"6514";"105.";"4.5";"14.0";"76.";"8.";"226.50";"0.00";"226.50"
"2017";"9";"29";"5";"10";"6515";"105.";"4.6";"15.5";"71.";"8.";"279.00";"0.00";"279.00"
"2017";"9";"29";"5";"11";"6516";"105.";"4.8";"16.2";"66.";"8.";"309.79";"0.00";"309.79"
"2017";"9";"29";"5";"12";"6517";"106.";"5.2";"17.3";"64.";"7.";"205.42";"107.14";"153.10"
"2017";"9";"29";"5";"13";"6518";"115.";"5.1";"17.5";"59.";"8.";"282.58";"0.00";"282.58"
"2017";"9";"29";"5";"14";"6519";"115.";"5.2";"17.9";"59.";"6.";"262.49";"185.70";"191.45"
"2017";"9";"29";"5";"15";"6520";"117.";"5.0";"17.2";"60.";"8.";"153.52";"0.00";"153.52"
"2017";"9";"29";"5";"16";"6521";"112.";"5.0";"16.3";"63.";"7.";"66.30";"52.28";"57.77"
"2017";"9";"29";"5";"17";"6522";"108.";"4.4";"14.9";"68.";"8.";"0.00";"0.00";"0.00"
"2017";"9";"29";"5";"18";"6523";"111.";"4.4";"14.5";"71.";"8.";"0.00";"0.00";"0.00"
"2017";"9";"29";"5";"19";"6524";"117.";"5.0";"13.9";"74.";"8.";"0.00";"0.00";"0.00"
"2017";"9";"29";"5";"20";"6525";"118.";"5.7";"13.2";"76.";"6.";"0.00";"0.00";"0.00"
"2017";"9";"29";"5";"21";"6526";"123.";"5.6";"12.9";"74.";"8.";"0.00";"0.00";"0.00"
"2017";"9";"29";"5";"22";"6527";"120.";"5.6";"12.2";"73.";"8.";"0.00";"0.00";"0.00"
"2017";"9";"29";"5";"23";"6528";"118.";"5.9";"11.4";"76.";"8.";"0.00";"0.00";"0.00"
"2017";"9";"30";"6";"0";"6529";"121.";"5.7";"11.1";"78.";"8.";"0.00";"0.00";"0.00"
"2017";"9";"30";"6";"1";"6530";"119.";"5.6";"10.9";"81.";"8.";"0.00";"0.00";"0.00"
"2017";"9";"30";"6";"2";"6531";"117.";"5.7";"10.6";"82.";"8.";"0.00";"0.00";"0.00"
"2017";"9";"30";"6";"3";"6532";"118.";"5.2";"10.3";"83.";"8.";"0.00";"0.00";"0.00"
"2017";"9";"30";"6";"4";"6533";"117.";"5.5";"10.2";"84.";"4.";"0.00";"0.00";"0.00"
"2017";"9";"30";"6";"5";"6534";"119.";"5.8";"9.9";"83.";"5.";"0.00";"0.00";"0.00"
"2017";"9";"30";"6";"6";"6535";"119.";"6.3";"10.2";"80.";"6.";"0.00";"0.00";"0.00"
"2017";"9";"30";"6";"7";"6536";"121.";"6.7";"11.4";"76.";"7.";"39.17";"52.59";"30.90"
"2017";"9";"30";"6";"8";"6537";"123.";"6.4";"12.9";"68.";"6.";"121.31";"158.22";"77.33"
"2017";"9";"30";"6";"9";"6538";"123.";"6.3";"14.3";"61.";"2.";"334.46";"593.71";"110.94"
"2017";"9";"30";"6";"10";"6539";"124.";"5.9";"15.4";"57.";"0.";"450.90";"808.22";"90.29"
"2017";"9";"30";"6";"11";"6540";"119.";"6.6";"16.1";"54.";"4.";"343.72";"422.06";"140.18"
"2017";"9";"30";"6";"12";"6541";"119.";"7.1";"16.5";"52.";"2.";"424.98";"631.98";"120.20"
"2017";"9";"30";"6";"13";"6542";"119.";"6.7";"16.2";"52.";"3.";"351.68";"522.53";"118.53"
"2017";"9";"30";"6";"14";"6543";"117.";"6.6";"16.4";"52.";"4.";"252.95";"395.17";"104.17"
"2017";"9";"30";"6";"15";"6544";"115.";"6.8";"15.9";"53.";"3.";"187.58";"420.92";"70.60"
"2017";"9";"30";"6";"16";"6545";"112.";"6.2";"14.9";"57.";"1.";"90.13";"370.06";"31.95"
"2017";"9";"30";"6";"17";"6546";"110.";"5.8";"13.7";"60.";"5.";"0.00";"0.00";"0.00"
"2017";"9";"30";"6";"18";"6547";"109.";"5.7";"13.0";"63.";"0.";"0.00";"0.00";"0.00"
"2017";"9";"30";"6";"19";"6548";"111.";"6.1";"12.4";"65.";"0.";"0.00";"0.00";"0.00"
"2017";"9";"30";"6";"20";"6549";"113.";"6.3";"11.7";"69.";"0.";"0.00";"0.00";"0.00"
"2017";"9";"30";"6";"21";"6550";"113.";"6.1";"11.1";"73.";"0.";"0.00";"0.00";"0.00"
"2017";"9";"30";"6";"22";"6551";"114.";"5.6";"11.0";"77.";"0.";"0.00";"0.00";"0.00"
"2017";"9";"30";"6";"23";"6552";"114.";"5.5";"11.0";"81.";"3.";"0.00";"0.00";"0.00"
"2017";"10";"1";"7";"0";"6553";"112.";"5.8";"11.2";"83.";"7.";"0.00";"0.00";"0.00"
"2017";"10";"1";"7";"1";"6554";"116.";"5.4";"11.4";"83.";"6.";"0.00";"0.00";"0.00"
"2017";"10";"1";"7";"2";"6555";"118.";"5.8";"11.5";"83.";"8.";"0.00";"0.00";"0.00"
"2017";"10";"1";"7";"3";"6556";"119.";"6.2";"11.5";"83.";"8.";"0.00";"0.00";"0.00"
"2017";"10";"1";"7";"4";"6557";"119.";"6.6";"11.4";"83.";"8.";"0.00";"0.00";"0.00"
"2017";"10";"1";"7";"5";"6558";"119.";"6.8";"11.4";"82.";"8.";"0.00";"0.00";"0.00"
"2017";"10";"1";"7";"6";"6559";"120.";"6.9";"11.3";"80.";"7.";"0.00";"0.00";"0.00"
"2017";"10";"1";"7";"7";"6560";"128.";"6.9";"12.3";"76.";"6.";"64.58";"94.55";"50.27"
"2017";"10";"1";"7";"8";"6561";"134.";"6.5";"13.6";"70.";"7.";"157.53";"78.75";"136.11"
"2017";"10";"1";"7";"9";"6562";"139.";"6.6";"14.3";"66.";"8.";"223.63";"0.00";"223.63"
"2017";"10";"1";"7";"10";"6563";"139.";"6.6";"14.6";"65.";"8.";"276.82";"0.00";"276.82"
"2017";"10";"1";"7";"11";"6564";"151.";"6.1";"15.3";"63.";"8.";"306.84";"0.00";"306.84"
"2017";"10";"1";"7";"12";"6565";"162.";"5.7";"15.1";"65.";"8.";"306.06";"0.00";"306.06"
"2017";"10";"1";"7";"13";"6566";"164.";"5.1";"14.7";"72.";"7.";"180.69";"95.31";"138.74"
"2017";"10";"1";"7";"14";"6567";"171.";"4.6";"13.9";"84.";"8.";"209.84";"0.00";"209.84"
"2017";"10";"1";"7";"15";"6568";"177.";"4.2";"13.8";"84.";"7.";"87.81";"57.60";"72.15"
"2017";"10";"1";"7";"16";"6569";"175.";"4.4";"13.5";"83.";"7.";"32.93";"39.38";"26.97"
"2017";"10";"1";"7";"17";"6570";"167.";"4.7";"13.2";"83.";"8.";"0.00";"0.00";"0.00"
"2017";"10";"1";"7";"18";"6571";"163.";"4.7";"12.1";"88.";"7.";"0.00";"0.00";"0.00"
"2017";"10";"1";"7";"19";"6572";"165.";"4.8";"12.1";"90.";"6.";"0.00";"0.00";"0.00"
"2017";"10";"1";"7";"20";"6573";"161.";"5.0";"12.1";"92.";"7.";"0.00";"0.00";"0.00"
"2017";"10";"1";"7";"21";"6574";"161.";"5.2";"12.2";"89.";"7.";"0.00";"0.00";"0.00"
"2017";"10";"1";"7";"22";"6575";"146.";"5.1";"11.9";"90.";"8.";"0.00";"0.00";"0.00"
"2017";"10";"1";"7";"23";"6576";"148.";"4.8";"11.9";"90.";"7.";"0.00";"0.00";"0.00"
"2017";"10";"2";"1";"0";"6577";"150.";"5.4";"11.9";"89.";"8.";"0.00";"0.00";"0.00"
"2017";"10";"2";"1";"1";"6578";"148.";"5.9";"12.0";"87.";"8.";"0.00";"0.00";"0.00"
"2017";"10";"2";"1";"2";"6579";"147.";"7.2";"12.1";"86.";"8.";"0.00";"0.00";"0.00"
"2017";"10";"2";"1";"3";"6580";"152.";"7.8";"12.2";"85.";"8.";"0.00";"0.00";"0.00"
"2017";"10";"2";"1";"4";"6581";"156.";"8.4";"12.4";"83.";"7.";"0.00";"0.00";"0.00"
"2017";"10";"2";"1";"5";"6582";"159.";"9.2";"12.3";"84.";"7.";"0.00";"0.00";"0.00"
"2017";"10";"2";"1";"6";"6583";"160.";"9.9";"11.7";"92.";"7.";"0.00";"0.00";"0.00"
"2017";"10";"2";"1";"7";"6584";"159.";"10.3";"11.5";"94.";"8.";"12.14";"0.00";"12.14"
"2017";"10";"2";"1";"8";"6585";"169.";"10.6";"11.7";"95.";"7.";"50.10";"21.90";"44.27"
"2017";"10";"2";"1";"9";"6586";"176.";"10.2";"12.0";"95.";"8.";"52.69";"0.00";"52.69"
"2017";"10";"2";"1";"10";"6587";"187.";"9.5";"12.6";"95.";"8.";"66.02";"0.00";"66.02"
"2017";"10";"2";"1";"11";"6588";"196.";"8.3";"13.5";"94.";"7.";"125.18";"62.38";"95.86"
"2017";"10";"2";"1";"12";"6589";"203.";"7.3";"14.5";"89.";"7.";"190.64";"90.83";"147.95"
"2017";"10";"2";"1";"13";"6590";"204.";"5.5";"14.2";"90.";"7.";"159.69";"60.60";"133.38"
"2017";"10";"2";"1";"14";"6591";"214.";"6.2";"13.7";"89.";"7.";"89.10";"53.00";"69.79"
"2017";"10";"2";"1";"15";"6592";"204.";"6.3";"13.7";"83.";"7.";"58.05";"46.87";"45.59"
"2017";"10";"2";"1";"16";"6593";"214.";"6.4";"14.2";"82.";"8.";"44.45";"0.00";"44.45"
"2017";"10";"2";"1";"17";"6594";"208.";"6.8";"13.6";"83.";"8.";"0.00";"0.00";"0.00"
"2017";"10";"2";"1";"18";"6595";"216.";"6.8";"13.8";"85.";"8.";"0.00";"0.00";"0.00"
"2017";"10";"2";"1";"19";"6596";"218.";"7.6";"13.4";"86.";"8.";"0.00";"0.00";"0.00"
"2017";"10";"2";"1";"20";"6597";"217.";"7.2";"13.3";"86.";"7.";"0.00";"0.00";"0.00"
"2017";"10";"2";"1";"21";"6598";"220.";"7.6";"13.0";"87.";"7.";"0.00";"0.00";"0.00"
"2017";"10";"2";"1";"22";"6599";"219.";"7.8";"12.9";"86.";"7.";"0.00";"0.00";"0.00"
"2017";"10";"2";"1";"23";"6600";"223.";"7.1";"12.9";"88.";"7.";"0.00";"0.00";"0.00"
"2017";"10";"3";"2";"0";"6601";"244.";"5.2";"12.5";"87.";"7.";"0.00";"0.00";"0.00"
"2017";"10";"3";"2";"1";"6602";"242.";"5.1";"12.3";"89.";"8.";"0.00";"0.00";"0.00"
"2017";"10";"3";"2";"2";"6603";"248.";"4.8";"12.3";"87.";"7.";"0.00";"0.00";"0.00"
"2017";"10";"3";"2";"3";"6604";"238.";"5.6";"12.1";"88.";"8.";"0.00";"0.00";"0.00"
"2017";"10";"3";"2";"4";"6605";"239.";"5.8";"12.0";"89.";"8.";"0.00";"0.00";"0.00"
"2017";"10";"3";"2";"5";"6606";"234.";"6.5";"11.8";"89.";"8.";"0.00";"0.00";"0.00"
"2017";"10";"3";"2";"6";"6607";"233.";"6.6";"11.9";"88.";"7.";"0.00";"0.00";"0.00"
"2017";"10";"3";"2";"7";"6608";"227.";"6.5";"12.4";"86.";"7.";"27.96";"34.58";"23.14"
"2017";"10";"3";"2";"8";"6609";"232.";"7.3";"12.3";"86.";"7.";"80.63";"48.02";"68.15"
"2017";"10";"3";"2";"9";"6610";"228.";"7.7";"13.0";"84.";"8.";"95.21";"0.00";"95.21"
"2017";"10";"3";"2";"10";"6611";"230.";"7.9";"12.9";"87.";"7.";"152.88";"49.65";"131.63"
"2017";"10";"3";"2";"11";"6612";"237.";"7.8";"13.7";"84.";"8.";"142.75";"0.00";"142.75"
"2017";"10";"3";"2";"12";"6613";"246.";"8.2";"14.0";"80.";"8.";"131.78";"0.00";"131.78"
"2017";"10";"3";"2";"13";"6614";"254.";"9.2";"14.4";"74.";"7.";"171.92";"87.80";"134.35"
"2017";"10";"3";"2";"14";"6615";"259.";"10.2";"14.3";"75.";"7.";"136.74";"82.52";"107.17"
"2017";"10";"3";"2";"15";"6616";"260.";"9.6";"14.1";"74.";"7.";"86.56";"66.39";"69.30"
"2017";"10";"3";"2";"16";"6617";"264.";"10.0";"14.0";"76.";"7.";"28.38";"35.49";"23.43"
"2017";"10";"3";"2";"17";"6618";"268.";"10.8";"13.8";"75.";"6.";"0.00";"0.00";"0.00"
"2017";"10";"3";"2";"18";"6619";"270.";"10.8";"13.8";"73.";"7.";"0.00";"0.00";"0.00"
"2017";"10";"3";"2";"19";"6620";"273.";"10.7";"13.6";"70.";"6.";"0.00";"0.00";"0.00"
"2017";"10";"3";"2";"20";"6621";"276.";"10.7";"13.3";"67.";"5.";"0.00";"0.00";"0.00"
"2017";"10";"3";"2";"21";"6622";"276.";"9.9";"13.0";"66.";"6.";"0.00";"0.00";"0.00"
"2017";"10";"3";"2";"22";"6623";"279.";"9.2";"13.0";"68.";"5.";"0.00";"0.00";"0.00"
"2017";"10";"3";"2";"23";"6624";"276.";"9.0";"13.0";"67.";"8.";"0.00";"0.00";"0.00"
"2017";"10";"4";"3";"0";"6625";"275.";"9.5";"13.0";"66.";"7.";"0.00";"0.00";"0.00"
"2017";"10";"4";"3";"1";"6626";"274.";"9.1";"12.9";"67.";"6.";"0.00";"0.00";"0.00"
"2017";"10";"4";"3";"2";"6627";"275.";"8.4";"12.8";"66.";"7.";"0.00";"0.00";"0.00"
"2017";"10";"4";"3";"3";"6628";"274.";"8.2";"12.8";"65.";"7.";"0.00";"0.00";"0.00"
"2017";"10";"4";"3";"4";"6629";"273.";"8.9";"11.8";"70.";"7.";"0.00";"0.00";"0.00"
"2017";"10";"4";"3";"5";"6630";"270.";"8.4";"10.5";"75.";"7.";"0.00";"0.00";"0.00"
"2017";"10";"4";"3";"6";"6631";"260.";"8.2";"10.3";"77.";"7.";"0.00";"0.00";"0.00"
"2017";"10";"4";"3";"7";"6632";"255.";"7.2";"11.1";"83.";"8.";"12.47";"0.00";"12.47"
"2017";"10";"4";"3";"8";"6633";"271.";"7.2";"11.5";"79.";"8.";"63.32";"0.00";"63.32"
"2017";"10";"4";"3";"9";"6634";"245.";"6.8";"11.6";"82.";"8.";"60.51";"0.00";"60.51"
"2017";"10";"4";"3";"10";"6635";"248.";"7.0";"11.1";"83.";"7.";"174.74";"99.77";"132.66"
"2017";"10";"4";"3";"11";"6636";"241.";"7.2";"10.1";"89.";"7.";"112.64";"38.90";"94.83"
"2017";"10";"4";"3";"12";"6637";"236.";"9.2";"10.1";"90.";"7.";"113.42";"40.48";"94.89"
"2017";"10";"4";"3";"13";"6638";"260.";"6.8";"11.0";"82.";"7.";"117.10";"68.68";"88.13"
"2017";"10";"4";"3";"14";"6639";"276.";"8.4";"11.4";"70.";"7.";"149.48";"61.71";"127.74"
"2017";"10";"4";"3";"15";"6640";"269.";"9.3";"10.4";"72.";"8.";"39.48";"0.00";"39.48"
"2017";"10";"4";"3";"16";"6641";"280.";"9.9";"10.9";"68.";"5.";"46.68";"139.98";"28.00"
"2017";"10";"4";"3";"17";"6642";"275.";"9.7";"11.0";"67.";"7.";"0.00";"0.00";"0.00"
"2017";"10";"4";"3";"18";"6643";"282.";"10.1";"10.9";"66.";"8.";"0.00";"0.00";"0.00"
"2017";"10";"4";"3";"19";"6644";"283.";"9.2";"10.9";"66.";"4.";"0.00";"0.00";"0.00"
"2017";"10";"4";"3";"20";"6645";"283.";"8.7";"11.1";"66.";"5.";"0.00";"0.00";"0.00"
"2017";"10";"4";"3";"21";"6646";"269.";"7.7";"10.6";"74.";"8.";"0.00";"0.00";"0.00"
"2017";"10";"4";"3";"22";"6647";"272.";"6.8";"10.2";"78.";"8.";"0.00";"0.00";"0.00"
"2017";"10";"4";"3";"23";"6648";"299.";"5.4";"9.8";"83.";"7.";"0.00";"0.00";"0.00"
"2017";"10";"5";"4";"0";"6649";"292.";"5.6";"9.6";"84.";"4.";"0.00";"0.00";"0.00"
"2017";"10";"5";"4";"1";"6650";"292.";"5.3";"9.7";"80.";"4.";"0.00";"0.00";"0.00"
"2017";"10";"5";"4";"2";"6651";"291.";"4.3";"9.8";"78.";"2.";"0.00";"0.00";"0.00"
"2017";"10";"5";"4";"3";"6652";"290.";"4.2";"10.0";"77.";"3.";"0.00";"0.00";"0.00"
"2017";"10";"5";"4";"4";"6653";"294.";"3.5";"9.6";"78.";"3.";"0.00";"0.00";"0.00"
"2017";"10";"5";"4";"5";"6654";"300.";"2.9";"8.7";"80.";"3.";"0.00";"0.00";"0.00"
"2017";"10";"5";"4";"6";"6655";"293.";"2.5";"8.3";"84.";"2.";"0.00";"0.00";"0.00"
"2017";"10";"5";"4";"7";"6656";"321.";"0.9";"9.0";"82.";"1.";"65.95";"319.08";"25.27"
"2017";"10";"5";"4";"8";"6657";"336.";"1.7";"11.3";"71.";"1.";"201.79";"576.25";"58.93"
"2017";"10";"5";"4";"9";"6658";"332.";"1.8";"12.1";"64.";"0.";"335.35";"743.93";"77.78"
"2017";"10";"5";"4";"10";"6659";"329.";"2.5";"12.7";"61.";"2.";"360.98";"600.43";"111.35"
"2017";"10";"5";"4";"11";"6660";"334.";"2.5";"13.1";"58.";"2.";"403.39";"642.54";"113.13"
"2017";"10";"5";"4";"12";"6661";"320.";"3.2";"13.7";"55.";"0.";"475.50";"875.89";"79.84"
"2017";"10";"5";"4";"13";"6662";"310.";"4.2";"13.3";"58.";"1.";"394.24";"710.13";"99.01"
"2017";"10";"5";"4";"14";"6663";"311.";"4.4";"13.2";"60.";"0.";"339.08";"791.14";"65.16"
"2017";"10";"5";"4";"15";"6664";"310.";"4.7";"12.2";"65.";"0.";"218.43";"661.56";"54.42"
"2017";"10";"5";"4";"16";"6665";"310.";"3.6";"11.0";"69.";"0.";"72.49";"371.95";"25.06"
"2017";"10";"5";"4";"17";"6666";"306.";"3.1";"9.7";"75.";"1.";"0.00";"0.00";"0.00"
"2017";"10";"5";"4";"18";"6667";"307.";"2.7";"7.9";"82.";"4.";"0.00";"0.00";"0.00"
"2017";"10";"5";"4";"19";"6668";"302.";"2.0";"6.8";"86.";"5.";"0.00";"0.00";"0.00"
"2017";"10";"5";"4";"20";"6669";"311.";"0.3";"5.9";"90.";"6.";"0.00";"0.00";"0.00"
"2017";"10";"5";"4";"21";"6670";"270.";"1.8";"5.3";"91.";"5.";"0.00";"0.00";"0.00"
"2017";"10";"5";"4";"22";"6671";"273.";"2.1";"5.0";"91.";"1.";"0.00";"0.00";"0.00"
"2017";"10";"5";"4";"23";"6672";"279.";"1.7";"4.3";"92.";"0.";"0.00";"0.00";"0.00"
"2017";"10";"6";"5";"0";"6673";"278.";"2.3";"4.3";"91.";"0.";"0.00";"0.00";"0.00"
"2017";"10";"6";"5";"1";"6674";"302.";"2.1";"3.5";"93.";"1.";"0.00";"0.00";"0.00"
"2017";"10";"6";"5";"2";"6675";"314.";"1.6";"3.3";"93.";"3.";"0.00";"0.00";"0.00"
"2017";"10";"6";"5";"3";"6676";"60.";"1.5";"3.4";"94.";"2.";"0.00";"0.00";"0.00"
"2017";"10";"6";"5";"4";"6677";"41.";"1.4";"3.1";"95.";"2.";"0.00";"0.00";"0.00"
"2017";"10";"6";"5";"5";"6678";"15.";"1.4";"2.7";"94.";"1.";"0.00";"0.00";"0.00"
"2017";"10";"6";"5";"6";"6679";"9.";"1.9";"3.3";"94.";"0.";"0.00";"0.00";"0.00"
"2017";"10";"6";"5";"7";"6680";"4.";"1.8";"5.3";"91.";"1.";"64.79";"324.87";"25.28"
"2017";"10";"6";"5";"8";"6681";"0.";"2.3";"8.0";"82.";"0.";"212.64";"657.10";"53.66"
"2017";"10";"6";"5";"9";"6682";"346.";"3.2";"10.2";"70.";"1.";"315.32";"690.40";"80.46"
"2017";"10";"6";"5";"10";"6683";"342.";"3.1";"11.8";"62.";"1.";"400.02";"746.45";"94.23"
"2017";"10";"6";"5";"11";"6684";"332.";"3.7";"13.1";"57.";"0.";"466.18";"854.93";"85.21"
"2017";"10";"6";"5";"12";"6685";"322.";"4.1";"14.0";"55.";"0.";"477.54";"878.32";"86.15"
"2017";"10";"6";"5";"13";"6686";"312.";"4.8";"14.3";"55.";"0.";"429.66";"850.33";"81.32"
"2017";"10";"6";"5";"14";"6687";"315.";"4.6";"13.9";"57.";"0.";"331.61";"784.79";"64.64"
"2017";"10";"6";"5";"15";"6688";"314.";"4.6";"13.6";"61.";"0.";"209.86";"648.51";"52.96"
"2017";"10";"6";"5";"16";"6689";"314.";"3.0";"12.3";"67.";"0.";"63.55";"337.94";"22.45"
"2017";"10";"6";"5";"17";"6690";"301.";"2.4";"10.7";"75.";"3.";"0.00";"0.00";"0.00"
"2017";"10";"6";"5";"18";"6691";"292.";"2.2";"9.4";"82.";"6.";"0.00";"0.00";"0.00"
"2017";"10";"6";"5";"19";"6692";"281.";"2.3";"7.7";"86.";"3.";"0.00";"0.00";"0.00"
"2017";"10";"6";"5";"20";"6693";"264.";"2.8";"7.1";"88.";"7.";"0.00";"0.00";"0.00"
"2017";"10";"6";"5";"21";"6694";"246.";"2.5";"7.4";"90.";"8.";"0.00";"0.00";"0.00"
"2017";"10";"6";"5";"22";"6695";"224.";"2.3";"7.5";"91.";"1.";"0.00";"0.00";"0.00"
"2017";"10";"6";"5";"23";"6696";"243.";"1.3";"7.6";"92.";"8.";"0.00";"0.00";"0.00"
"2017";"10";"7";"6";"0";"6697";"260.";"2.5";"7.9";"91.";"6.";"0.00";"0.00";"0.00"
"2017";"10";"7";"6";"1";"6698";"269.";"2.8";"8.7";"90.";"7.";"0.00";"0.00";"0.00"
"2017";"10";"7";"6";"2";"6699";"276.";"3.7";"8.7";"89.";"6.";"0.00";"0.00";"0.00"
"2017";"10";"7";"6";"3";"6700";"276.";"3.8";"9.3";"83.";"8.";"0.00";"0.00";"0.00"
"2017";"10";"7";"6";"4";"6701";"273.";"4.9";"10.4";"79.";"7.";"0.00";"0.00";"0.00"
"2017";"10";"7";"6";"5";"6702";"273.";"5.1";"10.6";"73.";"7.";"0.00";"0.00";"0.00"
"2017";"10";"7";"6";"6";"6703";"274.";"5.8";"10.8";"70.";"8.";"0.00";"0.00";"0.00"
"2017";"10";"7";"6";"7";"6704";"273.";"6.3";"10.7";"67.";"7.";"25.07";"42.07";"20.21"
"2017";"10";"7";"6";"8";"6705";"274.";"5.8";"10.7";"65.";"7.";"83.24";"81.17";"64.08"
"2017";"10";"7";"6";"9";"6706";"278.";"6.1";"10.9";"65.";"7.";"136.90";"98.12";"104.11"
"2017";"10";"7";"6";"10";"6707";"277.";"6.5";"10.9";"67.";"8.";"126.55";"0.00";"126.55"
"2017";"10";"7";"6";"11";"6708";"276.";"5.2";"8.9";"80.";"8.";"78.05";"0.00";"78.05"
"2017";"10";"7";"6";"12";"6709";"272.";"4.4";"8.8";"85.";"8.";"78.62";"0.00";"78.62"
"2017";"10";"7";"6";"13";"6710";"271.";"3.7";"9.3";"82.";"8.";"73.48";"0.00";"73.48"
"2017";"10";"7";"6";"14";"6711";"274.";"3.4";"10.0";"81.";"7.";"134.75";"96.58";"102.48"
"2017";"10";"7";"6";"15";"6712";"286.";"3.3";"10.0";"78.";"7.";"83.12";"79.70";"64.31"
"2017";"10";"7";"6";"16";"6713";"291.";"2.3";"9.6";"80.";"6.";"29.05";"78.74";"19.94"
"2017";"10";"7";"6";"17";"6714";"301.";"1.8";"8.1";"83.";"2.";"0.00";"0.00";"0.00"
"2017";"10";"7";"6";"18";"6715";"300.";"2.4";"6.7";"87.";"3.";"0.00";"0.00";"0.00"
"2017";"10";"7";"6";"19";"6716";"313.";"2.1";"5.5";"89.";"1.";"0.00";"0.00";"0.00"
"2017";"10";"7";"6";"20";"6717";"358.";"1.5";"4.1";"91.";"0.";"0.00";"0.00";"0.00"
"2017";"10";"7";"6";"21";"6718";"9.";"1.2";"3.2";"92.";"0.";"0.00";"0.00";"0.00"
"2017";"10";"7";"6";"22";"6719";"353.";"1.3";"3.1";"93.";"0.";"0.00";"0.00";"0.00"
"2017";"10";"7";"6";"23";"6720";"9.";"3.1";"3.5";"90.";"5.";"0.00";"0.00";"0.00"
"2017";"10";"8";"7";"0";"6721";"3.";"2.1";"3.3";"90.";"2.";"0.00";"0.00";"0.00"
"2017";"10";"8";"7";"1";"6722";"359.";"2.8";"3.3";"87.";"1.";"0.00";"0.00";"0.00"
"2017";"10";"8";"7";"2";"6723";"351.";"2.9";"3.2";"86.";"1.";"0.00";"0.00";"0.00"
"2017";"10";"8";"7";"3";"6724";"7.";"3.1";"3.1";"87.";"2.";"0.00";"0.00";"0.00"
"2017";"10";"8";"7";"4";"6725";"359.";"3.0";"2.6";"89.";"0.";"0.00";"0.00";"0.00"
"2017";"10";"8";"7";"5";"6726";"348.";"3.2";"2.7";"91.";"4.";"0.00";"0.00";"0.00"
"2017";"10";"8";"7";"6";"6727";"348.";"3.2";"2.8";"91.";"0.";"0.00";"0.00";"0.00"
"2017";"10";"8";"7";"7";"6728";"343.";"3.2";"4.5";"87.";"0.";"59.98";"344.11";"22.18"
"2017";"10";"8";"7";"8";"6729";"342.";"3.4";"6.2";"78.";"0.";"202.97";"653.76";"52.58"
"2017";"10";"8";"7";"9";"6730";"335.";"3.5";"7.5";"69.";"1.";"306.25";"691.45";"79.36"
"2017";"10";"8";"7";"10";"6731";"325.";"4.2";"9.2";"59.";"1.";"391.16";"749.20";"93.35"
"2017";"10";"8";"7";"11";"6732";"330.";"5.1";"10.1";"52.";"3.";"363.45";"553.67";"123.48"
"2017";"10";"8";"7";"12";"6733";"337.";"5.0";"10.3";"53.";"4.";"323.72";"442.25";"132.04"
"2017";"10";"8";"7";"13";"6734";"336.";"5.0";"10.6";"53.";"5.";"253.83";"321.31";"126.11"
"2017";"10";"8";"7";"14";"6735";"333.";"4.8";"10.6";"55.";"6.";"168.21";"197.79";"103.30"
"2017";"10";"8";"7";"15";"6736";"333.";"4.8";"10.8";"56.";"4.";"140.30";"327.63";"64.93"
"2017";"10";"8";"7";"16";"6737";"332.";"3.7";"10.0";"58.";"2.";"51.81";"261.48";"23.08"
"2017";"10";"8";"7";"17";"6738";"332.";"2.8";"8.6";"65.";"3.";"0.00";"0.00";"0.00"
"2017";"10";"8";"7";"18";"6739";"329.";"3.0";"7.5";"70.";"2.";"0.00";"0.00";"0.00"
"2017";"10";"8";"7";"19";"6740";"333.";"3.1";"7.1";"73.";"4.";"0.00";"0.00";"0.00"
"2017";"10";"8";"7";"20";"6741";"344.";"2.9";"7.1";"75.";"1.";"0.00";"0.00";"0.00"
"2017";"10";"8";"7";"21";"6742";"343.";"2.9";"5.8";"77.";"1.";"0.00";"0.00";"0.00"
"2017";"10";"8";"7";"22";"6743";"0.";"2.7";"4.9";"81.";"0.";"0.00";"0.00";"0.00"
"2017";"10";"8";"7";"23";"6744";"5.";"2.4";"4.5";"83.";"0.";"0.00";"0.00";"0.00"
"2017";"10";"9";"1";"0";"6745";"347.";"2.4";"4.0";"84.";"0.";"0.00";"0.00";"0.00"
"2017";"10";"9";"1";"1";"6746";"342.";"2.3";"3.2";"86.";"0.";"0.00";"0.00";"0.00"
"2017";"10";"9";"1";"2";"6747";"351.";"2.4";"3.2";"85.";"0.";"0.00";"0.00";"0.00"
"2017";"10";"9";"1";"3";"6748";"351.";"2.6";"3.7";"86.";"0.";"0.00";"0.00";"0.00"
"2017";"10";"9";"1";"4";"6749";"348.";"2.6";"3.1";"85.";"1.";"0.00";"0.00";"0.00"
"2017";"10";"9";"1";"5";"6750";"353.";"2.6";"3.3";"86.";"0.";"0.00";"0.00";"0.00"
"2017";"10";"9";"1";"6";"6751";"353.";"2.7";"3.6";"86.";"0.";"0.00";"0.00";"0.00"
"2017";"10";"9";"1";"7";"6752";"353.";"2.8";"4.9";"82.";"2.";"46.51";"244.38";"21.08"
"2017";"10";"9";"1";"8";"6753";"350.";"3.3";"6.8";"73.";"1.";"182.09";"564.96";"55.49"
"2017";"10";"9";"1";"9";"6754";"351.";"3.5";"8.3";"66.";"1.";"298.90";"685.52";"78.07"
"2017";"10";"9";"1";"10";"6755";"355.";"3.6";"9.7";"61.";"1.";"382.42";"742.26";"91.87"
"2017";"10";"9";"1";"11";"6756";"347.";"3.6";"11.1";"58.";"1.";"425.07";"764.60";"98.33"
"2017";"10";"9";"1";"12";"6757";"332.";"4.0";"11.9";"57.";"1.";"424.17";"762.98";"98.12"
"2017";"10";"9";"1";"13";"6758";"331.";"4.0";"11.9";"56.";"2.";"349.89";"633.68";"101.83"
"2017";"10";"9";"1";"14";"6759";"338.";"3.8";"12.0";"56.";"3.";"247.22";"486.14";"90.62"
"2017";"10";"9";"1";"15";"6760";"344.";"3.6";"11.9";"58.";"3.";"149.08";"396.57";"60.21"
"2017";"10";"9";"1";"16";"6761";"351.";"2.6";"10.6";"64.";"3.";"38.59";"186.32";"19.20"
"2017";"10";"9";"1";"17";"6762";"334.";"2.3";"9.1";"72.";"4.";"0.00";"0.00";"0.00"
"2017";"10";"9";"1";"18";"6763";"4.";"2.1";"8.2";"76.";"5.";"0.00";"0.00";"0.00"
"2017";"10";"9";"1";"19";"6764";"353.";"1.9";"6.8";"81.";"4.";"0.00";"0.00";"0.00"
"2017";"10";"9";"1";"20";"6765";"350.";"1.6";"5.3";"86.";"2.";"0.00";"0.00";"0.00"
"2017";"10";"9";"1";"21";"6766";"358.";"1.9";"4.8";"89.";"1.";"0.00";"0.00";"0.00"
"2017";"10";"9";"1";"22";"6767";"359.";"1.7";"3.5";"90.";"1.";"0.00";"0.00";"0.00"
"2017";"10";"9";"1";"23";"6768";"4.";"1.6";"2.7";"92.";"1.";"0.00";"0.00";"0.00"
"2017";"10";"10";"2";"0";"6769";"14.";"1.6";"2.4";"93.";"1.";"0.00";"0.00";"0.00"
"2017";"10";"10";"2";"1";"6770";"358.";"1.3";"1.7";"93.";"0.";"0.00";"0.00";"0.00"
"2017";"10";"10";"2";"2";"6771";"347.";"1.2";"1.1";"93.";"0.";"0.00";"0.00";"0.00"
"2017";"10";"10";"2";"3";"6772";"13.";"1.0";"0.6";"93.";"0.";"0.00";"0.00";"0.00"
"2017";"10";"10";"2";"4";"6773";"24.";"0.6";"0.5";"94.";"0.";"0.00";"0.00";"0.00"
"2017";"10";"10";"2";"5";"6774";"65.";"0.7";"0.2";"95.";"0.";"0.00";"0.00";"0.00"
"2017";"10";"10";"2";"6";"6775";"83.";"0.7";"0.1";"94.";"0.";"0.00";"0.00";"0.00"
"2017";"10";"10";"2";"7";"6776";"93.";"0.5";"1.8";"92.";"0.";"51.31";"319.59";"19.91"
"2017";"10";"10";"2";"8";"6777";"92.";"0.5";"4.4";"88.";"1.";"174.74";"554.06";"53.84"
"2017";"10";"10";"2";"9";"6778";"216.";"0.4";"7.9";"78.";"2.";"264.75";"575.67";"82.76"
"2017";"10";"10";"2";"10";"6779";"200.";"0.9";"9.8";"68.";"7.";"164.99";"104.64";"124.66"
"2017";"10";"10";"2";"11";"6780";"199.";"1.0";"10.5";"63.";"5.";"270.26";"325.32";"133.22"
"2017";"10";"10";"2";"12";"6781";"209.";"1.8";"10.3";"65.";"7.";"184.48";"108.32";"138.85"
"2017";"10";"10";"2";"13";"6782";"194.";"2.4";"10.6";"67.";"8.";"144.79";"0.00";"144.79"
"2017";"10";"10";"2";"14";"6783";"180.";"2.8";"10.3";"72.";"8.";"190.86";"0.00";"190.86"
"2017";"10";"10";"2";"15";"6784";"175.";"3.5";"9.9";"73.";"7.";"74.97";"76.64";"58.25"
"2017";"10";"10";"2";"16";"6785";"165.";"3.5";"8.9";"86.";"8.";"6.22";"0.00";"6.22"
"2017";"10";"10";"2";"17";"6786";"142.";"4.2";"8.5";"91.";"8.";"0.00";"0.00";"0.00"
"2017";"10";"10";"2";"18";"6787";"136.";"4.1";"8.5";"94.";"8.";"0.00";"0.00";"0.00"
"2017";"10";"10";"2";"19";"6788";"181.";"3.9";"9.1";"95.";"8.";"0.00";"0.00";"0.00"
"2017";"10";"10";"2";"20";"6789";"249.";"3.7";"10.6";"93.";"8.";"0.00";"0.00";"0.00"
"2017";"10";"10";"2";"21";"6790";"265.";"6.9";"11.3";"89.";"8.";"0.00";"0.00";"0.00"
"2017";"10";"10";"2";"22";"6791";"276.";"7.1";"11.2";"86.";"8.";"0.00";"0.00";"0.00"
"2017";"10";"10";"2";"23";"6792";"285.";"7.8";"11.3";"85.";"7.";"0.00";"0.00";"0.00"
"2017";"10";"11";"3";"0";"6793";"298.";"6.7";"10.3";"86.";"8.";"0.00";"0.00";"0.00"
"2017";"10";"11";"3";"1";"6794";"308.";"4.7";"9.8";"86.";"7.";"0.00";"0.00";"0.00"
"2017";"10";"11";"3";"2";"6795";"313.";"3.3";"9.3";"89.";"6.";"0.00";"0.00";"0.00"
"2017";"10";"11";"3";"3";"6796";"293.";"2.4";"8.9";"90.";"5.";"0.00";"0.00";"0.00"
"2017";"10";"11";"3";"4";"6797";"271.";"1.9";"7.8";"90.";"5.";"0.00";"0.00";"0.00"
"2017";"10";"11";"3";"5";"6798";"261.";"1.8";"6.9";"91.";"8.";"0.00";"0.00";"0.00"
"2017";"10";"11";"3";"6";"6799";"239.";"1.5";"6.8";"91.";"8.";"0.00";"0.00";"0.00"
"2017";"10";"11";"3";"7";"6800";"218.";"1.4";"8.2";"90.";"8.";"9.42";"0.00";"9.42"
"2017";"10";"11";"3";"8";"6801";"219.";"2.0";"9.9";"85.";"8.";"52.09";"0.00";"52.09"
"2017";"10";"11";"3";"9";"6802";"220.";"3.0";"11.8";"79.";"8.";"181.83";"0.00";"181.83"
"2017";"10";"11";"3";"10";"6803";"221.";"3.4";"12.4";"73.";"8.";"231.14";"0.00";"231.14"
"2017";"10";"11";"3";"11";"6804";"201.";"3.0";"12.5";"75.";"8.";"258.29";"0.00";"258.29"
"2017";"10";"11";"3";"12";"6805";"192.";"3.5";"12.3";"82.";"7.";"164.77";"82.76";"130.40"
"2017";"10";"11";"3";"13";"6806";"169.";"3.8";"12.1";"91.";"7.";"148.17";"87.30";"115.04"
"2017";"10";"11";"3";"14";"6807";"185.";"4.7";"12.7";"93.";"8.";"81.87";"0.00";"81.87"
"2017";"10";"11";"3";"15";"6808";"180.";"4.1";"12.8";"93.";"8.";"45.25";"0.00";"45.25"
"2017";"10";"11";"3";"16";"6809";"184.";"4.8";"12.4";"95.";"8.";"2.26";"0.00";"2.26"
"2017";"10";"11";"3";"17";"6810";"192.";"6.5";"12.5";"96.";"8.";"0.00";"0.00";"0.00"
"2017";"10";"11";"3";"18";"6811";"214.";"6.9";"13.1";"96.";"8.";"0.00";"0.00";"0.00"
"2017";"10";"11";"3";"19";"6812";"218.";"7.2";"13.5";"97.";"8.";"0.00";"0.00";"0.00"
"2017";"10";"11";"3";"20";"6813";"216.";"7.3";"13.6";"96.";"8.";"0.00";"0.00";"0.00"
"2017";"10";"11";"3";"21";"6814";"216.";"7.2";"13.5";"95.";"8.";"0.00";"0.00";"0.00"
"2017";"10";"11";"3";"22";"6815";"219.";"7.3";"13.3";"95.";"8.";"0.00";"0.00";"0.00"
"2017";"10";"11";"3";"23";"6816";"218.";"7.4";"13.1";"95.";"8.";"0.00";"0.00";"0.00"
"2017";"10";"12";"4";"0";"6817";"208.";"7.2";"13.2";"94.";"8.";"0.00";"0.00";"0.00"
"2017";"10";"12";"4";"1";"6818";"203.";"7.3";"13.1";"94.";"8.";"0.00";"0.00";"0.00"
"2017";"10";"12";"4";"2";"6819";"204.";"7.8";"13.0";"94.";"8.";"0.00";"0.00";"0.00"
"2017";"10";"12";"4";"3";"6820";"202.";"8.4";"12.9";"95.";"8.";"0.00";"0.00";"0.00"
"2017";"10";"12";"4";"4";"6821";"211.";"9.2";"12.8";"96.";"8.";"0.00";"0.00";"0.00"
"2017";"10";"12";"4";"5";"6822";"218.";"6.2";"12.6";"97.";"7.";"0.00";"0.00";"0.00"
"2017";"10";"12";"4";"6";"6823";"240.";"4.8";"12.3";"95.";"8.";"0.00";"0.00";"0.00"
"2017";"10";"12";"4";"7";"6824";"245.";"6.5";"12.3";"92.";"8.";"1.57";"0.00";"1.57"
"2017";"10";"12";"4";"8";"6825";"254.";"7.3";"12.3";"90.";"8.";"23.72";"0.00";"23.72"
"2017";"10";"12";"4";"9";"6826";"274.";"8.1";"12.5";"80.";"8.";"84.65";"0.00";"84.65"
"2017";"10";"12";"4";"10";"6827";"281.";"8.2";"12.7";"75.";"8.";"104.69";"0.00";"104.69"
"2017";"10";"12";"4";"11";"6828";"284.";"9.3";"13.3";"70.";"6.";"210.84";"205.96";"126.57"
"2017";"10";"12";"4";"12";"6829";"282.";"10.4";"13.6";"69.";"1.";"382.32";"702.66";"94.82"
"2017";"10";"12";"4";"13";"6830";"281.";"11.9";"12.8";"68.";"5.";"217.76";"265.45";"118.65"
"2017";"10";"12";"4";"14";"6831";"282.";"11.3";"12.7";"64.";"6.";"203.44";"171.64";"151.23"
"2017";"10";"12";"4";"15";"6832";"281.";"11.6";"12.5";"65.";"2.";"134.07";"372.70";"57.12"
"2017";"10";"12";"4";"16";"6833";"284.";"11.1";"11.9";"68.";"3.";"19.16";"99.06";"10.57"
"2017";"10";"12";"4";"17";"6834";"289.";"10.4";"11.7";"66.";"3.";"0.00";"0.00";"0.00"
"2017";"10";"12";"4";"18";"6835";"289.";"10.7";"11.6";"66.";"3.";"0.00";"0.00";"0.00"
"2017";"10";"12";"4";"19";"6836";"293.";"9.8";"11.8";"66.";"1.";"0.00";"0.00";"0.00"
"2017";"10";"12";"4";"20";"6837";"296.";"9.2";"11.7";"66.";"0.";"0.00";"0.00";"0.00"
"2017";"10";"12";"4";"21";"6838";"299.";"9.4";"11.6";"66.";"0.";"0.00";"0.00";"0.00"
"2017";"10";"12";"4";"22";"6839";"304.";"8.6";"11.6";"65.";"0.";"0.00";"0.00";"0.00"
"2017";"10";"12";"4";"23";"6840";"309.";"6.9";"11.4";"65.";"0.";"0.00";"0.00";"0.00"
"2017";"10";"13";"5";"0";"6841";"309.";"6.0";"11.1";"66.";"0.";"0.00";"0.00";"0.00"
"2017";"10";"13";"5";"1";"6842";"311.";"5.1";"10.6";"67.";"0.";"0.00";"0.00";"0.00"
"2017";"10";"13";"5";"2";"6843";"312.";"4.2";"9.8";"69.";"0.";"0.00";"0.00";"0.00"
"2017";"10";"13";"5";"3";"6844";"306.";"3.9";"8.4";"77.";"0.";"0.00";"0.00";"0.00"
"2017";"10";"13";"5";"4";"6845";"310.";"2.7";"7.1";"81.";"1.";"0.00";"0.00";"0.00"
"2017";"10";"13";"5";"5";"6846";"327.";"1.3";"6.1";"86.";"0.";"0.00";"0.00";"0.00"
"2017";"10";"13";"5";"6";"6847";"329.";"0.7";"5.5";"89.";"4.";"0.00";"0.00";"0.00"
"2017";"10";"13";"5";"7";"6848";"145.";"0.3";"6.7";"87.";"6.";"12.24";"43.02";"8.76"
"2017";"10";"13";"5";"8";"6849";"151.";"0.6";"9.0";"80.";"1.";"152.40";"501.45";"51.80"
"2017";"10";"13";"5";"9";"6850";"193.";"1.0";"12.2";"64.";"4.";"233.95";"369.74";"123.66"
"2017";"10";"13";"5";"10";"6851";"251.";"2.7";"13.2";"63.";"8.";"225.90";"0.00";"225.90"
"2017";"10";"13";"5";"11";"6852";"245.";"3.3";"13.2";"68.";"8.";"250.45";"0.00";"250.45"
"2017";"10";"13";"5";"12";"6853";"224.";"3.1";"13.5";"70.";"6.";"288.36";"185.70";"213.50"
"2017";"10";"13";"5";"13";"6854";"207.";"3.8";"13.0";"74.";"6.";"254.87";"177.06";"189.82"
"2017";"10";"13";"5";"14";"6855";"197.";"4.2";"13.0";"77.";"7.";"108.86";"80.11";"84.97"
"2017";"10";"13";"5";"15";"6856";"188.";"4.4";"12.8";"81.";"8.";"44.01";"0.00";"44.01"
"2017";"10";"13";"5";"16";"6857";"183.";"5.0";"12.7";"85.";"7.";"2.65";"5.39";"2.22"
"2017";"10";"13";"5";"17";"6858";"183.";"5.0";"12.5";"91.";"8.";"0.00";"0.00";"0.00"
"2017";"10";"13";"5";"18";"6859";"196.";"6.0";"12.8";"94.";"7.";"0.00";"0.00";"0.00"
"2017";"10";"13";"5";"19";"6860";"204.";"6.8";"13.3";"95.";"8.";"0.00";"0.00";"0.00"
"2017";"10";"13";"5";"20";"6861";"206.";"6.5";"13.4";"96.";"8.";"0.00";"0.00";"0.00"
"2017";"10";"13";"5";"21";"6862";"212.";"6.1";"13.4";"96.";"8.";"0.00";"0.00";"0.00"
"2017";"10";"13";"5";"22";"6863";"214.";"5.5";"13.5";"97.";"8.";"0.00";"0.00";"0.00"
"2017";"10";"13";"5";"23";"6864";"219.";"5.0";"13.7";"97.";"8.";"0.00";"0.00";"0.00"
"2017";"10";"14";"6";"0";"6865";"224.";"4.9";"13.9";"97.";"8.";"0.00";"0.00";"0.00"
"2017";"10";"14";"6";"1";"6866";"224.";"4.9";"14.0";"97.";"8.";"0.00";"0.00";"0.00"
"2017";"10";"14";"6";"2";"6867";"227.";"4.8";"14.3";"97.";"8.";"0.00";"0.00";"0.00"
"2017";"10";"14";"6";"3";"6868";"237.";"5.0";"14.3";"97.";"8.";"0.00";"0.00";"0.00"
"2017";"10";"14";"6";"4";"6869";"246.";"5.3";"14.3";"97.";"8.";"0.00";"0.00";"0.00"
"2017";"10";"14";"6";"5";"6870";"254.";"5.4";"13.9";"95.";"8.";"0.00";"0.00";"0.00"
"2017";"10";"14";"6";"6";"6871";"249.";"5.2";"13.4";"96.";"8.";"0.00";"0.00";"0.00"
"2017";"10";"14";"6";"7";"6872";"261.";"5.7";"13.4";"96.";"7.";"0.00";"0.00";"0.00"
"2017";"10";"14";"6";"8";"6873";"255.";"5.7";"13.4";"95.";"8.";"33.62";"0.00";"33.62"
"2017";"10";"14";"6";"9";"6874";"261.";"6.7";"13.5";"90.";"8.";"73.69";"0.00";"73.69"
"2017";"10";"14";"6";"10";"6875";"258.";"6.0";"14.1";"86.";"7.";"139.84";"91.54";"106.75"
"2017";"10";"14";"6";"11";"6876";"255.";"5.5";"14.0";"85.";"7.";"157.52";"91.53";"121.17"
"2017";"10";"14";"6";"12";"6877";"254.";"6.2";"14.1";"86.";"8.";"115.81";"0.00";"115.81"
"2017";"10";"14";"6";"13";"6878";"253.";"5.9";"14.0";"86.";"8.";"101.64";"0.00";"101.64"
"2017";"10";"14";"6";"14";"6879";"255.";"5.9";"14.4";"82.";"8.";"76.42";"0.00";"76.42"
"2017";"10";"14";"6";"15";"6880";"251.";"5.6";"13.9";"83.";"7.";"53.37";"54.42";"42.77"
"2017";"10";"14";"6";"16";"6881";"262.";"5.5";"13.5";"83.";"7.";"0.00";"0.00";"0.00"
"2017";"10";"14";"6";"17";"6882";"256.";"4.9";"13.4";"84.";"5.";"0.00";"0.00";"0.00"
"2017";"10";"14";"6";"18";"6883";"257.";"5.1";"13.5";"84.";"8.";"0.00";"0.00";"0.00"
"2017";"10";"14";"6";"19";"6884";"257.";"5.1";"13.7";"85.";"8.";"0.00";"0.00";"0.00"
"2017";"10";"14";"6";"20";"6885";"258.";"5.6";"13.6";"85.";"7.";"0.00";"0.00";"0.00"
"2017";"10";"14";"6";"21";"6886";"270.";"5.9";"13.4";"84.";"8.";"0.00";"0.00";"0.00"
"2017";"10";"14";"6";"22";"6887";"273.";"5.3";"13.0";"86.";"6.";"0.00";"0.00";"0.00"
"2017";"10";"14";"6";"23";"6888";"275.";"5.3";"12.9";"86.";"7.";"0.00";"0.00";"0.00"
"2017";"10";"15";"7";"0";"6889";"275.";"5.3";"12.7";"85.";"8.";"0.00";"0.00";"0.00"
"2017";"10";"15";"7";"1";"6890";"275.";"5.7";"12.7";"84.";"7.";"0.00";"0.00";"0.00"
"2017";"10";"15";"7";"2";"6891";"273.";"5.1";"12.4";"84.";"6.";"0.00";"0.00";"0.00"
"2017";"10";"15";"7";"3";"6892";"276.";"4.2";"12.3";"85.";"7.";"0.00";"0.00";"0.00"
"2017";"10";"15";"7";"4";"6893";"272.";"4.2";"12.2";"86.";"6.";"0.00";"0.00";"0.00"
"2017";"10";"15";"7";"5";"6894";"270.";"4.0";"12.3";"88.";"7.";"0.00";"0.00";"0.00"
"2017";"10";"15";"7";"6";"6895";"263.";"3.4";"12.2";"89.";"8.";"0.00";"0.00";"0.00"
"2017";"10";"15";"7";"7";"6896";"251.";"3.1";"12.3";"88.";"6.";"0.00";"0.00";"0.00"
"2017";"10";"15";"7";"8";"6897";"239.";"3.4";"12.8";"86.";"7.";"83.13";"51.44";"73.41"
"2017";"10";"15";"7";"9";"6898";"219.";"3.4";"13.0";"88.";"7.";"97.55";"65.95";"78.65"
"2017";"10";"15";"7";"10";"6899";"199.";"3.8";"13.5";"89.";"8.";"205.15";"0.00";"205.15"
"2017";"10";"15";"7";"11";"6900";"196.";"4.9";"14.5";"84.";"6.";"190.65";"180.97";"119.87"
"2017";"10";"15";"7";"12";"6901";"197.";"4.7";"14.3";"89.";"7.";"152.65";"88.58";"118.00"
"2017";"10";"15";"7";"13";"6902";"186.";"5.0";"14.3";"89.";"8.";"101.03";"0.00";"101.03"
"2017";"10";"15";"7";"14";"6903";"198.";"6.5";"14.2";"94.";"8.";"64.96";"0.00";"64.96"
"2017";"10";"15";"7";"15";"6904";"201.";"5.9";"14.3";"94.";"8.";"30.32";"0.00";"30.32"
"2017";"10";"15";"7";"16";"6905";"197.";"6.1";"14.0";"94.";"8.";"0.00";"0.00";"0.00"
"2017";"10";"15";"7";"17";"6906";"192.";"5.9";"14.0";"93.";"8.";"0.00";"0.00";"0.00"
"2017";"10";"15";"7";"18";"6907";"188.";"6.0";"14.1";"92.";"8.";"0.00";"0.00";"0.00"
"2017";"10";"15";"7";"19";"6908";"184.";"6.4";"14.2";"92.";"8.";"0.00";"0.00";"0.00"
"2017";"10";"15";"7";"20";"6909";"195.";"7.1";"14.1";"92.";"8.";"0.00";"0.00";"0.00"
"2017";"10";"15";"7";"21";"6910";"199.";"7.0";"14.1";"94.";"8.";"0.00";"0.00";"0.00"
"2017";"10";"15";"7";"22";"6911";"206.";"6.2";"14.4";"94.";"8.";"0.00";"0.00";"0.00"
"2017";"10";"15";"7";"23";"6912";"215.";"5.7";"14.5";"92.";"8.";"0.00";"0.00";"0.00"
"2017";"10";"16";"1";"0";"6913";"222.";"5.7";"14.5";"92.";"8.";"0.00";"0.00";"0.00"
"2017";"10";"16";"1";"1";"6914";"222.";"5.2";"14.3";"93.";"8.";"0.00";"0.00";"0.00"
"2017";"10";"16";"1";"2";"6915";"231.";"4.7";"14.2";"94.";"8.";"0.00";"0.00";"0.00"
"2017";"10";"16";"1";"3";"6916";"251.";"4.0";"13.9";"92.";"7.";"0.00";"0.00";"0.00"
"2017";"10";"16";"1";"4";"6917";"240.";"4.4";"13.8";"92.";"8.";"0.00";"0.00";"0.00"
"2017";"10";"16";"1";"5";"6918";"241.";"4.4";"13.8";"91.";"8.";"0.00";"0.00";"0.00"
"2017";"10";"16";"1";"6";"6919";"240.";"4.9";"13.8";"92.";"8.";"0.00";"0.00";"0.00"
"2017";"10";"16";"1";"7";"6920";"242.";"4.9";"13.8";"92.";"8.";"0.00";"0.00";"0.00"
"2017";"10";"16";"1";"8";"6921";"250.";"5.2";"14.1";"91.";"7.";"41.87";"32.67";"35.88"
"2017";"10";"16";"1";"9";"6922";"258.";"5.3";"14.2";"89.";"7.";"90.90";"57.40";"74.78"
"2017";"10";"16";"1";"10";"6923";"264.";"5.7";"14.3";"87.";"7.";"124.85";"65.09";"102.09"
"2017";"10";"16";"1";"11";"6924";"263.";"4.9";"14.6";"81.";"6.";"181.67";"154.05";"122.33"
"2017";"10";"16";"1";"12";"6925";"272.";"4.6";"15.0";"78.";"4.";"251.73";"342.22";"119.91"
"2017";"10";"16";"1";"13";"6926";"273.";"3.8";"15.0";"76.";"4.";"220.93";"321.92";"108.41"
"2017";"10";"16";"1";"14";"6927";"275.";"3.6";"14.7";"77.";"6.";"119.44";"140.47";"80.01"
"2017";"10";"16";"1";"15";"6928";"268.";"2.8";"13.8";"82.";"6.";"59.17";"100.31";"40.78"
"2017";"10";"16";"1";"16";"6929";"265.";"2.7";"13.0";"85.";"1.";"0.00";"0.00";"0.00"
"2017";"10";"16";"1";"17";"6930";"251.";"1.1";"11.6";"89.";"4.";"0.00";"0.00";"0.00"
"2017";"10";"16";"1";"18";"6931";"213.";"1.1";"11.1";"90.";"8.";"0.00";"0.00";"0.00"
"2017";"10";"16";"1";"19";"6932";"168.";"1.2";"11.0";"93.";"7.";"0.00";"0.00";"0.00"
"2017";"10";"16";"1";"20";"6933";"178.";"1.5";"11.2";"94.";"5.";"0.00";"0.00";"0.00"
"2017";"10";"16";"1";"21";"6934";"150.";"2.1";"12.0";"95.";"7.";"0.00";"0.00";"0.00"
"2017";"10";"16";"1";"22";"6935";"151.";"2.6";"12.7";"95.";"6.";"0.00";"0.00";"0.00"
"2017";"10";"16";"1";"23";"6936";"177.";"2.9";"13.2";"96.";"7.";"0.00";"0.00";"0.00"
"2017";"10";"17";"2";"0";"6937";"163.";"3.7";"13.4";"94.";"8.";"0.00";"0.00";"0.00"
"2017";"10";"17";"2";"1";"6938";"161.";"5.1";"13.7";"95.";"8.";"0.00";"0.00";"0.00"
"2017";"10";"17";"2";"2";"6939";"164.";"6.6";"14.2";"95.";"8.";"0.00";"0.00";"0.00"
"2017";"10";"17";"2";"3";"6940";"179.";"6.9";"14.6";"94.";"8.";"0.00";"0.00";"0.00"
"2017";"10";"17";"2";"4";"6941";"198.";"6.5";"14.4";"94.";"7.";"0.00";"0.00";"0.00"
"2017";"10";"17";"2";"5";"6942";"209.";"6.0";"14.4";"93.";"6.";"0.00";"0.00";"0.00"
"2017";"10";"17";"2";"6";"6943";"215.";"5.4";"14.4";"92.";"6.";"0.00";"0.00";"0.00"
"2017";"10";"17";"2";"7";"6944";"234.";"7.0";"14.2";"86.";"8.";"0.00";"0.00";"0.00"
"2017";"10";"17";"2";"8";"6945";"227.";"6.6";"14.1";"77.";"6.";"54.99";"84.61";"39.97"
"2017";"10";"17";"2";"9";"6946";"224.";"7.1";"14.2";"74.";"7.";"93.40";"65.12";"75.50"
"2017";"10";"17";"2";"10";"6947";"226.";"7.4";"14.1";"76.";"8.";"94.64";"0.00";"94.64"
"2017";"10";"17";"2";"11";"6948";"226.";"7.8";"13.9";"77.";"7.";"144.21";"74.16";"116.09"
"2017";"10";"17";"2";"12";"6949";"219.";"7.0";"13.7";"80.";"7.";"143.21";"72.47";"115.72"
"2017";"10";"17";"2";"13";"6950";"223.";"7.4";"13.5";"81.";"7.";"125.29";"68.53";"101.74"
"2017";"10";"17";"2";"14";"6951";"225.";"7.4";"13.5";"80.";"7.";"92.14";"62.36";"75.00"
"2017";"10";"17";"2";"15";"6952";"224.";"7.2";"13.5";"80.";"6.";"55.41";"87.64";"39.85"
"2017";"10";"17";"2";"16";"6953";"228.";"7.2";"13.2";"82.";"8.";"0.00";"0.00";"0.00"
"2017";"10";"17";"2";"17";"6954";"224.";"7.1";"13.1";"82.";"7.";"0.00";"0.00";"0.00"
"2017";"10";"17";"2";"18";"6955";"228.";"7.7";"12.8";"82.";"8.";"0.00";"0.00";"0.00"
"2017";"10";"17";"2";"19";"6956";"228.";"7.0";"12.2";"88.";"7.";"0.00";"0.00";"0.00"
"2017";"10";"17";"2";"20";"6957";"229.";"6.8";"12.3";"88.";"8.";"0.00";"0.00";"0.00"
"2017";"10";"17";"2";"21";"6958";"228.";"7.8";"12.4";"86.";"7.";"0.00";"0.00";"0.00"
"2017";"10";"17";"2";"22";"6959";"224.";"7.7";"11.8";"90.";"8.";"0.00";"0.00";"0.00"
"2017";"10";"17";"2";"23";"6960";"226.";"7.7";"12.2";"87.";"7.";"0.00";"0.00";"0.00"
"2017";"10";"18";"3";"0";"6961";"233.";"7.6";"12.3";"87.";"8.";"0.00";"0.00";"0.00"
"2017";"10";"18";"3";"1";"6962";"239.";"7.2";"12.0";"91.";"7.";"0.00";"0.00";"0.00"
"2017";"10";"18";"3";"2";"6963";"238.";"6.2";"11.9";"94.";"8.";"0.00";"0.00";"0.00"
"2017";"10";"18";"3";"3";"6964";"258.";"5.0";"12.0";"95.";"7.";"0.00";"0.00";"0.00"
"2017";"10";"18";"3";"4";"6965";"263.";"4.4";"12.1";"94.";"7.";"0.00";"0.00";"0.00"
"2017";"10";"18";"3";"5";"6966";"262.";"3.2";"12.2";"96.";"8.";"0.00";"0.00";"0.00"
"2017";"10";"18";"3";"6";"6967";"314.";"2.5";"12.3";"96.";"7.";"0.00";"0.00";"0.00"
"2017";"10";"18";"3";"7";"6968";"33.";"4.3";"11.1";"94.";"7.";"0.00";"0.00";"0.00"
"2017";"10";"18";"3";"8";"6969";"48.";"4.4";"9.2";"90.";"8.";"37.17";"0.00";"37.17"
"2017";"10";"18";"3";"9";"6970";"49.";"3.9";"8.9";"85.";"8.";"75.55";"0.00";"75.55"
"2017";"10";"18";"3";"10";"6971";"54.";"3.9";"8.8";"82.";"7.";"138.38";"98.26";"105.18"
"2017";"10";"18";"3";"11";"6972";"57.";"4.3";"9.6";"78.";"6.";"195.00";"205.32";"118.34"
"2017";"10";"18";"3";"12";"6973";"64.";"4.3";"10.2";"75.";"7.";"157.49";"102.65";"119.16"
"2017";"10";"18";"3";"13";"6974";"62.";"4.0";"11.4";"68.";"3.";"260.45";"491.86";"94.29"
"2017";"10";"18";"3";"14";"6975";"58.";"3.9";"11.5";"64.";"0.";"249.21";"705.16";"59.45"
"2017";"10";"18";"3";"15";"6976";"60.";"3.5";"10.7";"66.";"0.";"128.57";"523.42";"38.58"
"2017";"10";"18";"3";"16";"6977";"64.";"2.7";"9.0";"75.";"5.";"0.00";"0.00";"0.00"
"2017";"10";"18";"3";"17";"6978";"53.";"2.2";"7.5";"81.";"4.";"0.00";"0.00";"0.00"
"2017";"10";"18";"3";"18";"6979";"64.";"2.4";"6.4";"85.";"2.";"0.00";"0.00";"0.00"
"2017";"10";"18";"3";"19";"6980";"67.";"2.4";"5.7";"89.";"3.";"0.00";"0.00";"0.00"
"2017";"10";"18";"3";"20";"6981";"71.";"2.3";"4.9";"90.";"4.";"0.00";"0.00";"0.00"
"2017";"10";"18";"3";"21";"6982";"72.";"2.8";"4.9";"90.";"4.";"0.00";"0.00";"0.00"
"2017";"10";"18";"3";"22";"6983";"79.";"2.8";"4.7";"88.";"1.";"0.00";"0.00";"0.00"
"2017";"10";"18";"3";"23";"6984";"76.";"2.9";"4.5";"86.";"0.";"0.00";"0.00";"0.00"
"2017";"10";"19";"4";"0";"6985";"78.";"2.7";"4.5";"87.";"0.";"0.00";"0.00";"0.00"
"2017";"10";"19";"4";"1";"6986";"86.";"2.7";"4.0";"88.";"0.";"0.00";"0.00";"0.00"
"2017";"10";"19";"4";"2";"6987";"86.";"2.6";"3.8";"89.";"1.";"0.00";"0.00";"0.00"
"2017";"10";"19";"4";"3";"6988";"88.";"2.6";"3.7";"89.";"2.";"0.00";"0.00";"0.00"
"2017";"10";"19";"4";"4";"6989";"94.";"2.7";"3.5";"89.";"2.";"0.00";"0.00";"0.00"
"2017";"10";"19";"4";"5";"6990";"91.";"2.8";"3.7";"88.";"1.";"0.00";"0.00";"0.00"
"2017";"10";"19";"4";"6";"6991";"91.";"3.1";"3.9";"87.";"1.";"0.00";"0.00";"0.00"
"2017";"10";"19";"4";"7";"6992";"94.";"3.0";"4.7";"85.";"5.";"0.00";"0.00";"0.00"
"2017";"10";"19";"4";"8";"6993";"99.";"3.3";"6.0";"82.";"4.";"86.25";"261.34";"42.79"
"2017";"10";"19";"4";"9";"6994";"108.";"3.3";"7.9";"74.";"7.";"100.72";"88.20";"77.49"
"2017";"10";"19";"4";"10";"6995";"107.";"3.8";"9.6";"68.";"6.";"169.61";"197.47";"104.05"
"2017";"10";"19";"4";"11";"6996";"106.";"3.5";"10.2";"65.";"7.";"156.19";"103.19";"118.27"
"2017";"10";"19";"4";"12";"6997";"106.";"3.3";"10.6";"66.";"8.";"116.49";"0.00";"116.49"
"2017";"10";"19";"4";"13";"6998";"106.";"4.0";"10.7";"68.";"8.";"101.82";"0.00";"101.82"
"2017";"10";"19";"4";"14";"6999";"107.";"3.7";"10.2";"71.";"7.";"96.44";"83.05";"74.57"
"2017";"10";"19";"4";"15";"7000";"106.";"3.5";"9.8";"73.";"8.";"35.82";"0.00";"35.82"
"2017";"10";"19";"4";"16";"7001";"110.";"3.6";"10.0";"70.";"8.";"0.00";"0.00";"0.00"
"2017";"10";"19";"4";"17";"7002";"109.";"3.7";"10.2";"66.";"8.";"0.00";"0.00";"0.00"
"2017";"10";"19";"4";"18";"7003";"109.";"3.5";"9.9";"66.";"8.";"0.00";"0.00";"0.00"
"2017";"10";"19";"4";"19";"7004";"110.";"3.8";"9.6";"67.";"7.";"0.00";"0.00";"0.00"
"2017";"10";"19";"4";"20";"7005";"112.";"4.5";"9.5";"69.";"8.";"0.00";"0.00";"0.00"
"2017";"10";"19";"4";"21";"7006";"114.";"4.3";"9.4";"69.";"7.";"0.00";"0.00";"0.00"
"2017";"10";"19";"4";"22";"7007";"120.";"4.1";"9.0";"72.";"6.";"0.00";"0.00";"0.00"
"2017";"10";"19";"4";"23";"7008";"118.";"4.1";"8.6";"78.";"8.";"0.00";"0.00";"0.00"
"2017";"10";"20";"5";"0";"7009";"112.";"4.0";"8.2";"81.";"7.";"0.00";"0.00";"0.00"
"2017";"10";"20";"5";"1";"7010";"109.";"3.9";"8.1";"81.";"8.";"0.00";"0.00";"0.00"
"2017";"10";"20";"5";"2";"7011";"101.";"4.2";"8.0";"83.";"8.";"0.00";"0.00";"0.00"
"2017";"10";"20";"5";"3";"7012";"107.";"4.2";"8.0";"85.";"8.";"0.00";"0.00";"0.00"
"2017";"10";"20";"5";"4";"7013";"110.";"4.2";"8.3";"86.";"8.";"0.00";"0.00";"0.00"
"2017";"10";"20";"5";"5";"7014";"111.";"4.4";"8.7";"86.";"8.";"0.00";"0.00";"0.00"
"2017";"10";"20";"5";"6";"7015";"113.";"4.9";"9.0";"87.";"8.";"0.00";"0.00";"0.00"
"2017";"10";"20";"5";"7";"7016";"117.";"4.5";"9.4";"87.";"8.";"0.00";"0.00";"0.00"
"2017";"10";"20";"5";"8";"7017";"120.";"4.1";"10.0";"86.";"8.";"32.19";"0.00";"32.19"
"2017";"10";"20";"5";"9";"7018";"117.";"4.4";"10.7";"84.";"8.";"68.38";"0.00";"68.38"
"2017";"10";"20";"5";"10";"7019";"109.";"5.0";"11.3";"82.";"8.";"97.08";"0.00";"97.08"
"2017";"10";"20";"5";"11";"7020";"108.";"5.0";"11.6";"81.";"8.";"111.33";"0.00";"111.33"
"2017";"10";"20";"5";"12";"7021";"103.";"5.1";"11.8";"80.";"8.";"111.32";"0.00";"111.32"
"2017";"10";"20";"5";"13";"7022";"99.";"5.3";"12.0";"80.";"8.";"96.81";"0.00";"96.81"
"2017";"10";"20";"5";"14";"7023";"98.";"5.1";"12.0";"81.";"8.";"67.47";"0.00";"67.47"
"2017";"10";"20";"5";"15";"7024";"103.";"4.2";"11.5";"84.";"8.";"18.09";"0.00";"18.09"
"2017";"10";"20";"5";"16";"7025";"107.";"3.7";"11.1";"87.";"8.";"0.00";"0.00";"0.00"
"2017";"10";"20";"5";"17";"7026";"106.";"3.6";"11.1";"88.";"8.";"0.00";"0.00";"0.00"
"2017";"10";"20";"5";"18";"7027";"108.";"3.8";"11.0";"88.";"8.";"0.00";"0.00";"0.00"
"2017";"10";"20";"5";"19";"7028";"104.";"4.0";"10.9";"88.";"8.";"0.00";"0.00";"0.00"
"2017";"10";"20";"5";"20";"7029";"101.";"4.1";"10.5";"90.";"7.";"0.00";"0.00";"0.00"
"2017";"10";"20";"5";"21";"7030";"95.";"4.1";"10.2";"92.";"8.";"0.00";"0.00";"0.00"
"2017";"10";"20";"5";"22";"7031";"92.";"4.7";"10.2";"92.";"8.";"0.00";"0.00";"0.00"
"2017";"10";"20";"5";"23";"7032";"90.";"5.7";"10.0";"91.";"8.";"0.00";"0.00";"0.00"
"2017";"10";"21";"6";"0";"7033";"87.";"5.6";"9.5";"91.";"8.";"0.00";"0.00";"0.00"
"2017";"10";"21";"6";"1";"7034";"89.";"4.8";"9.2";"90.";"7.";"0.00";"0.00";"0.00"
"2017";"10";"21";"6";"2";"7035";"90.";"4.2";"9.2";"90.";"7.";"0.00";"0.00";"0.00"
"2017";"10";"21";"6";"3";"7036";"91.";"4.2";"9.1";"90.";"8.";"0.00";"0.00";"0.00"
"2017";"10";"21";"6";"4";"7037";"89.";"4.7";"9.1";"89.";"8.";"0.00";"0.00";"0.00"
"2017";"10";"21";"6";"5";"7038";"88.";"4.6";"9.2";"88.";"7.";"0.00";"0.00";"0.00"
"2017";"10";"21";"6";"6";"7039";"86.";"4.5";"9.2";"87.";"7.";"0.00";"0.00";"0.00"
"2017";"10";"21";"6";"7";"7040";"86.";"4.9";"9.2";"87.";"7.";"0.00";"0.00";"0.00"
"2017";"10";"21";"6";"8";"7041";"91.";"4.5";"9.4";"86.";"7.";"41.84";"56.12";"33.13"
"2017";"10";"21";"6";"9";"7042";"93.";"4.5";"9.7";"85.";"8.";"68.23";"0.00";"68.23"
"2017";"10";"21";"6";"10";"7043";"95.";"5.1";"10.2";"84.";"7.";"127.50";"94.69";"97.15"
"2017";"10";"21";"6";"11";"7044";"99.";"5.5";"10.6";"82.";"8.";"109.68";"0.00";"109.68"
"2017";"10";"21";"6";"12";"7045";"100.";"5.7";"11.0";"81.";"8.";"109.51";"0.00";"109.51"
"2017";"10";"21";"6";"13";"7046";"100.";"6.0";"11.4";"79.";"8.";"95.17";"0.00";"95.17"
"2017";"10";"21";"6";"14";"7047";"101.";"6.1";"11.3";"77.";"8.";"68.13";"0.00";"68.13"
"2017";"10";"21";"6";"15";"7048";"104.";"6.4";"11.0";"75.";"6.";"52.39";"113.51";"34.77"
"2017";"10";"21";"6";"16";"7049";"106.";"6.1";"10.8";"74.";"8.";"0.00";"0.00";"0.00"
"2017";"10";"21";"6";"17";"7050";"105.";"6.3";"10.7";"72.";"8.";"0.00";"0.00";"0.00"
"2017";"10";"21";"6";"18";"7051";"108.";"6.4";"10.3";"71.";"8.";"0.00";"0.00";"0.00"
"2017";"10";"21";"6";"19";"7052";"108.";"6.7";"9.9";"74.";"8.";"0.00";"0.00";"0.00"
"2017";"10";"21";"6";"20";"7053";"112.";"6.7";"9.4";"80.";"8.";"0.00";"0.00";"0.00"
"2017";"10";"21";"6";"21";"7054";"115.";"6.1";"9.5";"84.";"8.";"0.00";"0.00";"0.00"
"2017";"10";"21";"6";"22";"7055";"113.";"6.2";"9.4";"86.";"8.";"0.00";"0.00";"0.00"
"2017";"10";"21";"6";"23";"7056";"111.";"5.7";"9.4";"89.";"8.";"0.00";"0.00";"0.00"
"2017";"10";"22";"7";"0";"7057";"110.";"5.8";"9.7";"88.";"8.";"0.00";"0.00";"0.00"
"2017";"10";"22";"7";"1";"7058";"110.";"6.5";"9.7";"88.";"8.";"0.00";"0.00";"0.00"
"2017";"10";"22";"7";"2";"7059";"113.";"6.2";"9.4";"89.";"8.";"0.00";"0.00";"0.00"
"2017";"10";"22";"7";"3";"7060";"113.";"5.5";"9.2";"91.";"8.";"0.00";"0.00";"0.00"
"2017";"10";"22";"7";"4";"7061";"112.";"5.3";"9.0";"92.";"8.";"0.00";"0.00";"0.00"
"2017";"10";"22";"7";"5";"7062";"110.";"5.2";"8.9";"93.";"8.";"0.00";"0.00";"0.00"
"2017";"10";"22";"7";"6";"7063";"111.";"5.1";"8.8";"93.";"8.";"0.00";"0.00";"0.00"
"2017";"10";"22";"7";"7";"7064";"107.";"4.8";"8.8";"93.";"8.";"0.00";"0.00";"0.00"
"2017";"10";"22";"7";"8";"7065";"104.";"4.5";"8.8";"93.";"8.";"15.52";"0.00";"15.52"
"2017";"10";"22";"7";"9";"7066";"105.";"4.2";"9.1";"93.";"8.";"37.41";"0.00";"37.41"
"2017";"10";"22";"7";"10";"7067";"102.";"4.5";"9.2";"93.";"7.";"74.33";"45.29";"60.07"
"2017";"10";"22";"7";"11";"7068";"95.";"4.2";"9.4";"93.";"8.";"56.52";"0.00";"56.52"
"2017";"10";"22";"7";"12";"7069";"94.";"4.0";"9.5";"93.";"8.";"57.42";"0.00";"57.42"
"2017";"10";"22";"7";"13";"7070";"87.";"4.3";"9.4";"93.";"8.";"49.94";"0.00";"49.94"
"2017";"10";"22";"7";"14";"7071";"85.";"4.0";"9.1";"94.";"8.";"34.96";"0.00";"34.96"
"2017";"10";"22";"7";"15";"7072";"86.";"4.3";"8.9";"94.";"8.";"15.71";"0.00";"15.71"
"2017";"10";"22";"7";"16";"7073";"86.";"4.0";"8.7";"94.";"8.";"0.00";"0.00";"0.00"
"2017";"10";"22";"7";"17";"7074";"81.";"4.2";"8.5";"93.";"7.";"0.00";"0.00";"0.00"
"2017";"10";"22";"7";"18";"7075";"77.";"4.0";"8.3";"94.";"8.";"0.00";"0.00";"0.00"
"2017";"10";"22";"7";"19";"7076";"74.";"3.6";"8.2";"94.";"8.";"0.00";"0.00";"0.00"
"2017";"10";"22";"7";"20";"7077";"72.";"4.0";"8.2";"93.";"8.";"0.00";"0.00";"0.00"
"2017";"10";"22";"7";"21";"7078";"73.";"3.8";"8.1";"93.";"7.";"0.00";"0.00";"0.00"
"2017";"10";"22";"7";"22";"7079";"71.";"4.1";"7.9";"94.";"7.";"0.00";"0.00";"0.00"
"2017";"10";"22";"7";"23";"7080";"69.";"4.5";"7.8";"94.";"7.";"0.00";"0.00";"0.00"
"2017";"10";"23";"1";"0";"7081";"70.";"4.2";"7.7";"93.";"7.";"0.00";"0.00";"0.00"
"2017";"10";"23";"1";"1";"7082";"73.";"4.3";"7.6";"92.";"8.";"0.00";"0.00";"0.00"
"2017";"10";"23";"1";"2";"7083";"72.";"4.7";"7.5";"91.";"8.";"0.00";"0.00";"0.00"
"2017";"10";"23";"1";"3";"7084";"68.";"4.3";"7.1";"89.";"8.";"0.00";"0.00";"0.00"
"2017";"10";"23";"1";"4";"7085";"69.";"4.2";"6.9";"88.";"8.";"0.00";"0.00";"0.00"
"2017";"10";"23";"1";"5";"7086";"73.";"4.6";"6.8";"87.";"8.";"0.00";"0.00";"0.00"
"2017";"10";"23";"1";"6";"7087";"72.";"5.8";"6.6";"85.";"7.";"0.00";"0.00";"0.00"
"2017";"10";"23";"1";"7";"7088";"71.";"4.9";"6.0";"85.";"7.";"0.00";"0.00";"0.00"
"2017";"10";"23";"1";"8";"7089";"74.";"5.0";"5.8";"85.";"7.";"40.31";"57.23";"32.06"
"2017";"10";"23";"1";"9";"7090";"78.";"5.8";"5.5";"84.";"7.";"86.68";"79.53";"67.53"
"2017";"10";"23";"1";"10";"7091";"84.";"6.0";"5.3";"85.";"8.";"94.13";"0.00";"94.13"
"2017";"10";"23";"1";"11";"7092";"85.";"5.9";"5.9";"78.";"7.";"145.28";"101.46";"110.33"
"2017";"10";"23";"1";"12";"7093";"87.";"5.5";"6.7";"75.";"7.";"145.10";"101.34";"110.20"
"2017";"10";"23";"1";"13";"7094";"87.";"4.2";"7.2";"75.";"8.";"91.26";"0.00";"91.26"
"2017";"10";"23";"1";"14";"7095";"88.";"4.7";"7.5";"74.";"7.";"89.30";"84.21";"69.02"
"2017";"10";"23";"1";"15";"7096";"87.";"4.3";"7.4";"73.";"8.";"30.56";"0.00";"30.56"
"2017";"10";"23";"1";"16";"7097";"82.";"3.5";"7.2";"73.";"8.";"0.00";"0.00";"0.00"
"2017";"10";"23";"1";"17";"7098";"83.";"3.3";"7.0";"74.";"8.";"0.00";"0.00";"0.00"
"2017";"10";"23";"1";"18";"7099";"96.";"4.1";"6.7";"74.";"7.";"0.00";"0.00";"0.00"
"2017";"10";"23";"1";"19";"7100";"107.";"3.3";"5.7";"77.";"5.";"0.00";"0.00";"0.00"
"2017";"10";"23";"1";"20";"7101";"103.";"3.3";"4.5";"82.";"8.";"0.00";"0.00";"0.00"
"2017";"10";"23";"1";"21";"7102";"103.";"2.8";"3.8";"84.";"6.";"0.00";"0.00";"0.00"
"2017";"10";"23";"1";"22";"7103";"100.";"2.6";"3.2";"86.";"5.";"0.00";"0.00";"0.00"
"2017";"10";"23";"1";"23";"7104";"96.";"2.8";"2.7";"88.";"6.";"0.00";"0.00";"0.00"
"2017";"10";"24";"2";"0";"7105";"95.";"3.3";"3.3";"86.";"7.";"0.00";"0.00";"0.00"
"2017";"10";"24";"2";"1";"7106";"101.";"3.4";"4.4";"79.";"7.";"0.00";"0.00";"0.00"
"2017";"10";"24";"2";"2";"7107";"109.";"4.5";"4.7";"77.";"8.";"0.00";"0.00";"0.00"
"2017";"10";"24";"2";"3";"7108";"113.";"4.7";"4.7";"75.";"8.";"0.00";"0.00";"0.00"
"2017";"10";"24";"2";"4";"7109";"112.";"4.8";"5.0";"73.";"8.";"0.00";"0.00";"0.00"
"2017";"10";"24";"2";"5";"7110";"119.";"4.8";"5.3";"72.";"8.";"0.00";"0.00";"0.00"
"2017";"10";"24";"2";"6";"7111";"124.";"5.3";"5.3";"72.";"8.";"0.00";"0.00";"0.00"
"2017";"10";"24";"2";"7";"7112";"123.";"5.4";"5.3";"74.";"8.";"0.00";"0.00";"0.00"
"2017";"10";"24";"2";"8";"7113";"126.";"5.8";"5.4";"76.";"8.";"28.69";"0.00";"28.69"
"2017";"10";"24";"2";"9";"7114";"128.";"6.0";"5.6";"77.";"8.";"63.13";"0.00";"63.13"
"2017";"10";"24";"2";"10";"7115";"127.";"5.7";"5.4";"84.";"8.";"49.32";"0.00";"49.32"
"2017";"10";"24";"2";"11";"7116";"127.";"6.3";"5.5";"86.";"8.";"56.49";"0.00";"56.49"
"2017";"10";"24";"2";"12";"7117";"126.";"6.3";"5.7";"86.";"8.";"93.59";"0.00";"93.59"
"2017";"10";"24";"2";"13";"7118";"127.";"6.9";"6.0";"88.";"7.";"70.55";"38.64";"58.83"
"2017";"10";"24";"2";"14";"7119";"131.";"7.1";"6.4";"86.";"8.";"62.18";"0.00";"62.18"
"2017";"10";"24";"2";"15";"7120";"131.";"6.8";"6.9";"85.";"8.";"26.82";"0.00";"26.82"
"2017";"10";"24";"2";"16";"7121";"134.";"7.3";"6.8";"87.";"8.";"0.00";"0.00";"0.00"
"2017";"10";"24";"2";"17";"7122";"138.";"8.0";"6.6";"92.";"8.";"0.00";"0.00";"0.00"
"2017";"10";"24";"2";"18";"7123";"140.";"8.5";"6.8";"94.";"8.";"0.00";"0.00";"0.00"
"2017";"10";"24";"2";"19";"7124";"135.";"8.9";"7.1";"94.";"8.";"0.00";"0.00";"0.00"
"2017";"10";"24";"2";"20";"7125";"137.";"8.9";"7.3";"93.";"7.";"0.00";"0.00";"0.00"
"2017";"10";"24";"2";"21";"7126";"138.";"8.9";"7.4";"92.";"8.";"0.00";"0.00";"0.00"
"2017";"10";"24";"2";"22";"7127";"139.";"8.0";"7.7";"94.";"8.";"0.00";"0.00";"0.00"
"2017";"10";"24";"2";"23";"7128";"131.";"5.5";"8.0";"94.";"8.";"0.00";"0.00";"0.00"
"2017";"10";"25";"3";"0";"7129";"136.";"5.6";"8.4";"95.";"8.";"0.00";"0.00";"0.00"
"2017";"10";"25";"3";"1";"7130";"133.";"5.1";"8.8";"96.";"8.";"0.00";"0.00";"0.00"
"2017";"10";"25";"3";"2";"7131";"157.";"3.1";"9.3";"97.";"8.";"0.00";"0.00";"0.00"
"2017";"10";"25";"3";"3";"7132";"221.";"1.9";"9.9";"97.";"8.";"0.00";"0.00";"0.00"
"2017";"10";"25";"3";"4";"7133";"248.";"2.7";"10.8";"97.";"8.";"0.00";"0.00";"0.00"
"2017";"10";"25";"3";"5";"7134";"245.";"3.0";"11.6";"96.";"8.";"0.00";"0.00";"0.00"
"2017";"10";"25";"3";"6";"7135";"225.";"2.9";"11.6";"95.";"8.";"0.00";"0.00";"0.00"
"2017";"10";"25";"3";"7";"7136";"227.";"3.7";"11.7";"95.";"8.";"0.00";"0.00";"0.00"
"2017";"10";"25";"3";"8";"7137";"230.";"4.3";"11.9";"96.";"8.";"9.89";"0.00";"9.89"
"2017";"10";"25";"3";"9";"7138";"236.";"4.5";"10.7";"98.";"8.";"29.49";"0.00";"29.49"
"2017";"10";"25";"3";"10";"7139";"254.";"1.8";"10.3";"97.";"8.";"44.45";"0.00";"44.45"
"2017";"10";"25";"3";"11";"7140";"270.";"2.7";"10.3";"98.";"8.";"51.16";"0.00";"51.16"
"2017";"10";"25";"3";"12";"7141";"303.";"4.3";"10.5";"94.";"7.";"80.23";"48.46";"64.08"
"2017";"10";"25";"3";"13";"7142";"308.";"4.6";"10.2";"94.";"7.";"71.49";"54.94";"55.12"
"2017";"10";"25";"3";"14";"7143";"297.";"5.6";"10.5";"93.";"8.";"54.85";"0.00";"54.85"
"2017";"10";"25";"3";"15";"7144";"295.";"4.6";"10.4";"91.";"2.";"60.11";"262.09";"25.13"
"2017";"10";"25";"3";"16";"7145";"274.";"4.1";"10.2";"92.";"1.";"0.00";"0.00";"0.00"
"2017";"10";"25";"3";"17";"7146";"262.";"4.0";"10.9";"92.";"1.";"0.00";"0.00";"0.00"
"2017";"10";"25";"3";"18";"7147";"276.";"5.8";"11.7";"91.";"8.";"0.00";"0.00";"0.00"
"2017";"10";"25";"3";"19";"7148";"275.";"6.9";"11.7";"91.";"8.";"0.00";"0.00";"0.00"
"2017";"10";"25";"3";"20";"7149";"279.";"6.9";"11.6";"88.";"2.";"0.00";"0.00";"0.00"
"2017";"10";"25";"3";"21";"7150";"275.";"7.0";"11.7";"88.";"6.";"0.00";"0.00";"0.00"
"2017";"10";"25";"3";"22";"7151";"276.";"6.9";"11.6";"89.";"7.";"0.00";"0.00";"0.00"
"2017";"10";"25";"3";"23";"7152";"277.";"6.2";"11.5";"87.";"5.";"0.00";"0.00";"0.00"
"2017";"10";"26";"4";"0";"7153";"275.";"6.9";"11.4";"86.";"1.";"0.00";"0.00";"0.00"
"2017";"10";"26";"4";"1";"7154";"273.";"6.7";"11.4";"85.";"2.";"0.00";"0.00";"0.00"
"2017";"10";"26";"4";"2";"7155";"276.";"6.5";"11.4";"85.";"0.";"0.00";"0.00";"0.00"
"2017";"10";"26";"4";"3";"7156";"275.";"6.3";"11.4";"86.";"5.";"0.00";"0.00";"0.00"
"2017";"10";"26";"4";"4";"7157";"280.";"5.7";"11.4";"86.";"5.";"0.00";"0.00";"0.00"
"2017";"10";"26";"4";"5";"7158";"280.";"5.7";"11.4";"88.";"6.";"0.00";"0.00";"0.00"
"2017";"10";"26";"4";"6";"7159";"272.";"4.2";"11.1";"90.";"5.";"0.00";"0.00";"0.00"
"2017";"10";"26";"4";"7";"7160";"259.";"4.6";"11.1";"91.";"2.";"0.00";"0.00";"0.00"
"2017";"10";"26";"4";"8";"7161";"257.";"5.4";"11.4";"90.";"3.";"44.48";"154.52";"24.68"
"2017";"10";"26";"4";"9";"7162";"264.";"5.3";"11.8";"87.";"5.";"100.18";"167.02";"62.70"
"2017";"10";"26";"4";"10";"7163";"265.";"5.6";"12.2";"83.";"5.";"152.84";"219.98";"88.52"
"2017";"10";"26";"4";"11";"7164";"264.";"5.0";"12.8";"80.";"6.";"151.89";"158.27";"100.03"
"2017";"10";"26";"4";"12";"7165";"263.";"4.5";"13.1";"79.";"6.";"153.20";"165.84";"98.87"
"2017";"10";"26";"4";"13";"7166";"264.";"5.7";"13.4";"75.";"7.";"106.73";"80.58";"83.17"
"2017";"10";"26";"4";"14";"7167";"263.";"5.6";"12.6";"75.";"7.";"73.25";"71.14";"57.29"
"2017";"10";"26";"4";"15";"7168";"265.";"4.5";"12.3";"78.";"6.";"32.41";"79.73";"22.19"
"2017";"10";"26";"4";"16";"7169";"267.";"5.2";"11.7";"81.";"6.";"0.00";"0.00";"0.00"
"2017";"10";"26";"4";"17";"7170";"251.";"4.1";"11.3";"84.";"6.";"0.00";"0.00";"0.00"
"2017";"10";"26";"4";"18";"7171";"251.";"4.3";"11.0";"89.";"7.";"0.00";"0.00";"0.00"
"2017";"10";"26";"4";"19";"7172";"254.";"4.2";"10.6";"92.";"7.";"0.00";"0.00";"0.00"
"2017";"10";"26";"4";"20";"7173";"260.";"3.8";"10.6";"92.";"8.";"0.00";"0.00";"0.00"
"2017";"10";"26";"4";"21";"7174";"283.";"3.2";"10.5";"94.";"7.";"0.00";"0.00";"0.00"
"2017";"10";"26";"4";"22";"7175";"341.";"2.7";"10.2";"95.";"8.";"0.00";"0.00";"0.00"
"2017";"10";"26";"4";"23";"7176";"18.";"2.1";"9.6";"95.";"8.";"0.00";"0.00";"0.00"
"2017";"10";"27";"5";"0";"7177";"28.";"2.9";"9.2";"96.";"2.";"0.00";"0.00";"0.00"
"2017";"10";"27";"5";"1";"7178";"32.";"5.2";"8.7";"93.";"8.";"0.00";"0.00";"0.00"
"2017";"10";"27";"5";"2";"7179";"24.";"3.6";"7.4";"92.";"6.";"0.00";"0.00";"0.00"
"2017";"10";"27";"5";"3";"7180";"21.";"4.0";"6.5";"91.";"8.";"0.00";"0.00";"0.00"
"2017";"10";"27";"5";"4";"7181";"16.";"4.3";"6.4";"89.";"8.";"0.00";"0.00";"0.00"
"2017";"10";"27";"5";"5";"7182";"15.";"3.7";"6.2";"88.";"8.";"0.00";"0.00";"0.00"
"2017";"10";"27";"5";"6";"7183";"15.";"3.5";"5.7";"88.";"8.";"0.00";"0.00";"0.00"
"2017";"10";"27";"5";"7";"7184";"14.";"2.9";"5.3";"89.";"8.";"0.00";"0.00";"0.00"
"2017";"10";"27";"5";"8";"7185";"360.";"2.4";"5.2";"88.";"3.";"56.91";"242.67";"27.08"
"2017";"10";"27";"5";"9";"7186";"350.";"2.3";"6.5";"83.";"6.";"95.86";"157.83";"61.30"
"2017";"10";"27";"5";"10";"7187";"333.";"2.8";"7.9";"76.";"6.";"140.35";"184.82";"87.31"
"2017";"10";"27";"5";"11";"7188";"321.";"2.5";"8.7";"72.";"5.";"193.50";"293.31";"99.02"
"2017";"10";"27";"5";"12";"7189";"313.";"2.4";"8.5";"71.";"5.";"193.98";"294.03";"99.26"
"2017";"10";"27";"5";"13";"7190";"305.";"1.8";"9.5";"68.";"6.";"199.51";"184.86";"146.46"
"2017";"10";"27";"5";"14";"7191";"254.";"1.8";"9.8";"68.";"8.";"116.18";"0.00";"116.18"
"2017";"10";"27";"5";"15";"7192";"253.";"2.4";"9.1";"74.";"8.";"43.61";"0.00";"43.61"
"2017";"10";"27";"5";"16";"7193";"266.";"2.3";"9.2";"77.";"7.";"0.00";"0.00";"0.00"
"2017";"10";"27";"5";"17";"7194";"270.";"4.0";"10.2";"75.";"7.";"0.00";"0.00";"0.00"
"2017";"10";"27";"5";"18";"7195";"285.";"4.8";"10.5";"73.";"6.";"0.00";"0.00";"0.00"
"2017";"10";"27";"5";"19";"7196";"291.";"4.9";"10.3";"74.";"6.";"0.00";"0.00";"0.00"
"2017";"10";"27";"5";"20";"7197";"290.";"7.2";"10.6";"74.";"7.";"0.00";"0.00";"0.00"
"2017";"10";"27";"5";"21";"7198";"289.";"7.9";"10.8";"77.";"7.";"0.00";"0.00";"0.00"
"2017";"10";"27";"5";"22";"7199";"285.";"7.2";"11.1";"75.";"8.";"0.00";"0.00";"0.00"
"2017";"10";"27";"5";"23";"7200";"280.";"8.2";"11.3";"73.";"8.";"0.00";"0.00";"0.00"
"2017";"10";"28";"6";"0";"7201";"276.";"8.3";"11.5";"73.";"7.";"0.00";"0.00";"0.00"
"2017";"10";"28";"6";"1";"7202";"273.";"9.0";"11.6";"72.";"7.";"0.00";"0.00";"0.00"
"2017";"10";"28";"6";"2";"7203";"278.";"10.8";"11.5";"69.";"7.";"0.00";"0.00";"0.00"
"2017";"10";"28";"6";"3";"7204";"275.";"12.0";"11.4";"71.";"6.";"0.00";"0.00";"0.00"
"2017";"10";"28";"6";"4";"7205";"275.";"11.7";"11.4";"72.";"4.";"0.00";"0.00";"0.00"
"2017";"10";"28";"6";"5";"7206";"275.";"11.9";"11.1";"74.";"4.";"0.00";"0.00";"0.00"
"2017";"10";"28";"6";"6";"7207";"276.";"10.6";"11.2";"73.";"1.";"0.00";"0.00";"0.00"
"2017";"10";"28";"6";"7";"7208";"286.";"9.8";"11.5";"74.";"1.";"0.00";"0.00";"0.00"
"2017";"10";"28";"6";"8";"7209";"298.";"9.8";"12.3";"70.";"0.";"56.66";"303.73";"20.90"
"2017";"10";"28";"6";"9";"7210";"305.";"9.0";"13.0";"62.";"3.";"131.39";"342.94";"58.11"
"2017";"10";"28";"6";"10";"7211";"315.";"8.4";"13.4";"51.";"1.";"250.89";"616.08";"77.44"
"2017";"10";"28";"6";"11";"7212";"314.";"9.0";"13.6";"50.";"0.";"308.25";"765.24";"65.92"
"2017";"10";"28";"6";"12";"7213";"315.";"8.5";"13.2";"51.";"1.";"284.88";"653.55";"77.92"
"2017";"10";"28";"6";"13";"7214";"312.";"7.8";"12.8";"53.";"2.";"224.59";"542.32";"71.90"
"2017";"10";"28";"6";"14";"7215";"310.";"7.0";"12.2";"58.";"4.";"143.76";"290.80";"81.61"
"2017";"10";"28";"6";"15";"7216";"302.";"5.5";"11.2";"64.";"0.";"62.97";"342.06";"22.69"
"2017";"10";"28";"6";"16";"7217";"296.";"4.1";"10.3";"70.";"3.";"0.00";"0.00";"0.00"
"2017";"10";"28";"6";"17";"7218";"293.";"3.5";"9.8";"72.";"8.";"0.00";"0.00";"0.00"
"2017";"10";"28";"6";"18";"7219";"290.";"3.2";"8.7";"76.";"3.";"0.00";"0.00";"0.00"
"2017";"10";"28";"6";"19";"7220";"285.";"4.1";"8.5";"77.";"5.";"0.00";"0.00";"0.00"
"2017";"10";"28";"6";"20";"7221";"280.";"3.6";"9.6";"73.";"5.";"0.00";"0.00";"0.00"
"2017";"10";"28";"6";"21";"7222";"308.";"2.5";"8.9";"76.";"6.";"0.00";"0.00";"0.00"
"2017";"10";"28";"6";"22";"7223";"314.";"2.6";"8.3";"82.";"7.";"0.00";"0.00";"0.00"
"2017";"10";"28";"6";"23";"7224";"53.";"3.5";"7.7";"90.";"8.";"0.00";"0.00";"0.00"
"2017";"10";"29";"7";"0";"7225";"69.";"4.1";"6.8";"93.";"8.";"0.00";"0.00";"0.00"
"2017";"10";"29";"7";"1";"7226";"29.";"4.3";"6.1";"92.";"8.";"0.00";"0.00";"0.00"
"2017";"10";"29";"7";"2";"7227";"2.";"4.7";"5.9";"90.";"8.";"0.00";"0.00";"0.00"
"2017";"10";"29";"7";"3";"7228";"10.";"5.4";"6.0";"88.";"7.";"0.00";"0.00";"0.00"
"2017";"10";"29";"7";"4";"7229";"19.";"7.3";"5.9";"84.";"8.";"0.00";"0.00";"0.00"
"2017";"10";"29";"7";"5";"7230";"5.";"5.7";"5.1";"87.";"7.";"0.00";"0.00";"0.00"
"2017";"10";"29";"7";"6";"7231";"10.";"5.7";"4.8";"86.";"7.";"0.00";"0.00";"0.00"
"2017";"10";"29";"7";"7";"7232";"354.";"5.2";"4.9";"81.";"3.";"0.00";"0.00";"0.00"
"2017";"10";"29";"7";"8";"7233";"346.";"5.7";"5.6";"73.";"2.";"56.92";"282.04";"25.15"
"2017";"10";"29";"7";"9";"7234";"344.";"6.3";"6.4";"62.";"0.";"182.99";"638.64";"49.87"
"2017";"10";"29";"7";"10";"7235";"340.";"6.6";"7.4";"54.";"1.";"251.73";"657.18";"70.22"
"2017";"10";"29";"7";"11";"7236";"334.";"6.7";"8.1";"48.";"0.";"318.14";"796.66";"70.16"
"2017";"10";"29";"7";"12";"7237";"337.";"6.8";"8.7";"43.";"0.";"319.38";"799.78";"70.44"
"2017";"10";"29";"7";"13";"7238";"338.";"6.7";"8.9";"41.";"0.";"274.49";"760.02";"64.58"
"2017";"10";"29";"7";"14";"7239";"338.";"6.1";"8.8";"41.";"5.";"113.16";"246.10";"61.86"
"2017";"10";"29";"7";"15";"7240";"333.";"6.6";"8.3";"43.";"1.";"69.43";"368.72";"27.90"
"2017";"10";"29";"7";"16";"7241";"339.";"5.2";"7.6";"44.";"1.";"0.00";"0.00";"0.00"
"2017";"10";"29";"7";"17";"7242";"340.";"5.2";"7.3";"44.";"1.";"0.00";"0.00";"0.00"
"2017";"10";"29";"7";"18";"7243";"343.";"5.5";"6.7";"44.";"0.";"0.00";"0.00";"0.00"
"2017";"10";"29";"7";"19";"7244";"344.";"4.9";"6.0";"46.";"0.";"0.00";"0.00";"0.00"
"2017";"10";"29";"7";"20";"7245";"337.";"4.7";"5.9";"45.";"2.";"0.00";"0.00";"0.00"
"2017";"10";"29";"7";"21";"7246";"347.";"5.0";"5.6";"43.";"3.";"0.00";"0.00";"0.00"
"2017";"10";"29";"7";"22";"7247";"344.";"4.7";"5.3";"44.";"2.";"0.00";"0.00";"0.00"
"2017";"10";"29";"7";"23";"7248";"340.";"4.6";"4.8";"46.";"2.";"0.00";"0.00";"0.00"
"2017";"10";"30";"1";"0";"7249";"338.";"4.2";"4.4";"49.";"0.";"0.00";"0.00";"0.00"
"2017";"10";"30";"1";"1";"7250";"343.";"4.6";"4.0";"50.";"0.";"0.00";"0.00";"0.00"
"2017";"10";"30";"1";"2";"7251";"344.";"4.7";"4.0";"49.";"0.";"0.00";"0.00";"0.00"
"2017";"10";"30";"1";"3";"7252";"347.";"4.8";"4.4";"46.";"1.";"0.00";"0.00";"0.00"
"2017";"10";"30";"1";"4";"7253";"354.";"4.7";"4.4";"46.";"2.";"0.00";"0.00";"0.00"
"2017";"10";"30";"1";"5";"7254";"348.";"4.1";"3.9";"47.";"1.";"0.00";"0.00";"0.00"
"2017";"10";"30";"1";"6";"7255";"354.";"4.0";"3.6";"49.";"0.";"0.00";"0.00";"0.00"
"2017";"10";"30";"1";"7";"7256";"351.";"3.8";"3.5";"48.";"0.";"0.00";"0.00";"0.00"
"2017";"10";"30";"1";"8";"7257";"351.";"4.0";"4.2";"46.";"0.";"71.57";"422.72";"26.10"
"2017";"10";"30";"1";"9";"7258";"355.";"4.5";"5.2";"43.";"1.";"168.04";"574.67";"51.24"
"2017";"10";"30";"1";"10";"7259";"353.";"5.0";"6.0";"40.";"0.";"262.84";"719.22";"68.00"
"2017";"10";"30";"1";"11";"7260";"354.";"4.8";"6.4";"37.";"0.";"310.44";"800.18";"65.64"
"2017";"10";"30";"1";"12";"7261";"358.";"4.7";"6.7";"36.";"0.";"308.93";"778.96";"70.63"
"2017";"10";"30";"1";"13";"7262";"344.";"4.6";"7.2";"34.";"0.";"266.72";"764.23";"59.69"
"2017";"10";"30";"1";"14";"7263";"336.";"4.2";"6.8";"35.";"2.";"166.13";"489.53";"66.63"
"2017";"10";"30";"1";"15";"7264";"344.";"2.1";"6.0";"38.";"8.";"45.95";"0.00";"45.95"
"2017";"10";"30";"1";"16";"7265";"334.";"1.6";"4.9";"44.";"8.";"0.00";"0.00";"0.00"
"2017";"10";"30";"1";"17";"7266";"352.";"1.4";"4.4";"50.";"4.";"0.00";"0.00";"0.00"
"2017";"10";"30";"1";"18";"7267";"345.";"1.6";"3.2";"58.";"2.";"0.00";"0.00";"0.00"
"2017";"10";"30";"1";"19";"7268";"347.";"1.2";"1.3";"68.";"4.";"0.00";"0.00";"0.00"
"2017";"10";"30";"1";"20";"7269";"16.";"0.8";"0.1";"76.";"3.";"0.00";"0.00";"0.00"
"2017";"10";"30";"1";"21";"7270";"107.";"0.8";"-0.5";"79.";"2.";"0.00";"0.00";"0.00"
"2017";"10";"30";"1";"22";"7271";"106.";"0.9";"-0.8";"83.";"1.";"0.00";"0.00";"0.00"
"2017";"10";"30";"1";"23";"7272";"133.";"1.0";"-1.4";"85.";"1.";"0.00";"0.00";"0.00"
"2017";"10";"31";"2";"0";"7273";"202.";"0.9";"-1.6";"86.";"1.";"0.00";"0.00";"0.00"
"2017";"10";"31";"2";"1";"7274";"182.";"0.8";"-1.5";"86.";"3.";"0.00";"0.00";"0.00"
"2017";"10";"31";"2";"2";"7275";"251.";"0.8";"-1.5";"86.";"5.";"0.00";"0.00";"0.00"
"2017";"10";"31";"2";"3";"7276";"265.";"1.2";"-2.2";"86.";"6.";"0.00";"0.00";"0.00"
"2017";"10";"31";"2";"4";"7277";"279.";"1.4";"-1.3";"85.";"7.";"0.00";"0.00";"0.00"
"2017";"10";"31";"2";"5";"7278";"284.";"1.7";"-0.1";"84.";"8.";"0.00";"0.00";"0.00"
"2017";"10";"31";"2";"6";"7279";"285.";"2.4";"0.7";"84.";"8.";"0.00";"0.00";"0.00"
"2017";"10";"31";"2";"7";"7280";"283.";"2.1";"3.3";"83.";"6.";"0.00";"0.00";"0.00"
"2017";"10";"31";"2";"8";"7281";"279.";"2.7";"4.4";"80.";"7.";"37.33";"41.87";"33.03"
"2017";"10";"31";"2";"9";"7282";"266.";"3.6";"6.6";"76.";"8.";"101.92";"0.00";"101.92"
"2017";"10";"31";"2";"10";"7283";"281.";"4.7";"8.7";"69.";"5.";"193.08";"267.85";"121.92"
"2017";"10";"31";"2";"11";"7284";"282.";"6.0";"10.1";"64.";"6.";"213.22";"189.97";"156.10"
"2017";"10";"31";"2";"12";"7285";"283.";"6.1";"10.0";"65.";"4.";"198.82";"377.85";"85.22"
"2017";"10";"31";"2";"13";"7286";"285.";"5.8";"9.9";"66.";"3.";"208.90";"416.54";"98.23"
"2017";"10";"31";"2";"14";"7287";"281.";"5.6";"9.9";"69.";"8.";"99.46";"0.00";"99.46"
"2017";"10";"31";"2";"15";"7288";"278.";"4.7";"9.7";"71.";"6.";"34.43";"71.80";"27.07"
"2017";"10";"31";"2";"16";"7289";"275.";"4.2";"9.6";"78.";"4.";"0.00";"0.00";"0.00"
"2017";"10";"31";"2";"17";"7290";"261.";"3.7";"9.8";"85.";"8.";"0.00";"0.00";"0.00"
"2017";"10";"31";"2";"18";"7291";"255.";"4.2";"9.4";"92.";"7.";"0.00";"0.00";"0.00"
"2017";"10";"31";"2";"19";"7292";"272.";"4.5";"9.5";"91.";"8.";"0.00";"0.00";"0.00"
"2017";"10";"31";"2";"20";"7293";"264.";"4.4";"9.5";"89.";"7.";"0.00";"0.00";"0.00"
"2017";"10";"31";"2";"21";"7294";"250.";"5.2";"9.6";"87.";"8.";"0.00";"0.00";"0.00"
"2017";"10";"31";"2";"22";"7295";"246.";"4.6";"9.6";"85.";"8.";"0.00";"0.00";"0.00"
"2017";"10";"31";"2";"23";"7296";"247.";"4.3";"9.8";"85.";"8.";"0.00";"0.00";"0.00"
"2017";"11";"1";"3";"0";"7297";"243.";"4.0";"9.8";"87.";"8.";"0.00";"0.00";"0.00"
"2017";"11";"1";"3";"1";"7298";"249.";"4.1";"9.9";"89.";"8.";"0.00";"0.00";"0.00"
"2017";"11";"1";"3";"2";"7299";"253.";"4.1";"9.9";"89.";"8.";"0.00";"0.00";"0.00"
"2017";"11";"1";"3";"3";"7300";"253.";"4.0";"9.9";"89.";"7.";"0.00";"0.00";"0.00"
"2017";"11";"1";"3";"4";"7301";"251.";"3.0";"10.1";"89.";"8.";"0.00";"0.00";"0.00"
"2017";"11";"1";"3";"5";"7302";"251.";"3.0";"10.4";"90.";"8.";"0.00";"0.00";"0.00"
"2017";"11";"1";"3";"6";"7303";"259.";"3.7";"10.8";"92.";"8.";"0.00";"0.00";"0.00"
"2017";"11";"1";"3";"7";"7304";"254.";"4.1";"11.0";"93.";"5.";"0.00";"0.00";"0.00"
"2017";"11";"1";"3";"8";"7305";"256.";"4.4";"11.1";"94.";"8.";"9.20";"0.00";"9.20"
"2017";"11";"1";"3";"9";"7306";"247.";"5.0";"11.1";"94.";"8.";"42.66";"0.00";"42.66"
"2017";"11";"1";"3";"10";"7307";"242.";"5.2";"11.1";"96.";"8.";"32.69";"0.00";"32.69"
"2017";"11";"1";"3";"11";"7308";"244.";"4.6";"11.4";"96.";"8.";"45.75";"0.00";"45.75"
"2017";"11";"1";"3";"12";"7309";"252.";"6.2";"11.3";"97.";"8.";"59.63";"0.00";"59.63"
"2017";"11";"1";"3";"13";"7310";"261.";"6.9";"11.5";"96.";"8.";"53.00";"0.00";"53.00"
"2017";"11";"1";"3";"14";"7311";"257.";"6.5";"11.5";"95.";"8.";"39.18";"0.00";"39.18"
"2017";"11";"1";"3";"15";"7312";"254.";"6.3";"11.7";"94.";"8.";"8.87";"0.00";"8.87"
"2017";"11";"1";"3";"16";"7313";"261.";"7.1";"11.8";"91.";"8.";"0.00";"0.00";"0.00"
"2017";"11";"1";"3";"17";"7314";"260.";"7.2";"11.8";"89.";"8.";"0.00";"0.00";"0.00"
"2017";"11";"1";"3";"18";"7315";"260.";"7.1";"11.8";"89.";"8.";"0.00";"0.00";"0.00"
"2017";"11";"1";"3";"19";"7316";"258.";"7.2";"11.7";"89.";"8.";"0.00";"0.00";"0.00"
"2017";"11";"1";"3";"20";"7317";"258.";"6.7";"11.6";"89.";"8.";"0.00";"0.00";"0.00"
"2017";"11";"1";"3";"21";"7318";"249.";"6.6";"11.5";"89.";"8.";"0.00";"0.00";"0.00"
"2017";"11";"1";"3";"22";"7319";"254.";"6.5";"11.3";"90.";"8.";"0.00";"0.00";"0.00"
"2017";"11";"1";"3";"23";"7320";"260.";"6.0";"11.2";"88.";"7.";"0.00";"0.00";"0.00"
"2017";"11";"2";"4";"0";"7321";"255.";"5.9";"11.2";"88.";"8.";"0.00";"0.00";"0.00"
"2017";"11";"2";"4";"1";"7322";"260.";"6.4";"11.1";"88.";"8.";"0.00";"0.00";"0.00"
"2017";"11";"2";"4";"2";"7323";"273.";"4.6";"10.8";"93.";"8.";"0.00";"0.00";"0.00"
"2017";"11";"2";"4";"3";"7324";"282.";"5.0";"11.1";"90.";"6.";"0.00";"0.00";"0.00"
"2017";"11";"2";"4";"4";"7325";"286.";"4.8";"11.1";"90.";"5.";"0.00";"0.00";"0.00"
"2017";"11";"2";"4";"5";"7326";"285.";"5.2";"11.0";"89.";"7.";"0.00";"0.00";"0.00"
"2017";"11";"2";"4";"6";"7327";"289.";"4.6";"10.8";"87.";"7.";"0.00";"0.00";"0.00"
"2017";"11";"2";"4";"7";"7328";"291.";"4.1";"10.5";"88.";"3.";"0.00";"0.00";"0.00"
"2017";"11";"2";"4";"8";"7329";"292.";"3.5";"11.0";"86.";"3.";"25.78";"135.29";"13.23"
"2017";"11";"2";"4";"9";"7330";"310.";"3.3";"12.2";"80.";"0.";"148.28";"562.19";"42.57"
"2017";"11";"2";"4";"10";"7331";"321.";"3.7";"13.2";"72.";"0.";"238.60";"705.10";"58.52"
"2017";"11";"2";"4";"11";"7332";"335.";"3.0";"13.3";"68.";"1.";"260.49";"662.01";"68.33"
"2017";"11";"2";"4";"12";"7333";"348.";"3.2";"13.5";"66.";"0.";"279.22";"728.89";"67.65"
"2017";"11";"2";"4";"13";"7334";"5.";"3.1";"13.1";"63.";"1.";"221.54";"626.16";"61.62"
"2017";"11";"2";"4";"14";"7335";"21.";"3.5";"12.4";"62.";"0.";"157.91";"598.70";"45.33"
"2017";"11";"2";"4";"15";"7336";"28.";"3.1";"10.8";"65.";"0.";"45.66";"296.44";"18.16"
"2017";"11";"2";"4";"16";"7337";"38.";"2.2";"9.5";"68.";"1.";"0.00";"0.00";"0.00"
"2017";"11";"2";"4";"17";"7338";"18.";"2.1";"7.9";"74.";"1.";"0.00";"0.00";"0.00"
"2017";"11";"2";"4";"18";"7339";"6.";"2.0";"6.8";"77.";"3.";"0.00";"0.00";"0.00"
"2017";"11";"2";"4";"19";"7340";"6.";"2.0";"6.1";"77.";"3.";"0.00";"0.00";"0.00"
"2017";"11";"2";"4";"20";"7341";"18.";"2.1";"4.8";"80.";"0.";"0.00";"0.00";"0.00"
"2017";"11";"2";"4";"21";"7342";"21.";"1.4";"3.4";"84.";"0.";"0.00";"0.00";"0.00"
"2017";"11";"2";"4";"22";"7343";"6.";"1.2";"2.8";"87.";"0.";"0.00";"0.00";"0.00"
"2017";"11";"2";"4";"23";"7344";"13.";"1.1";"1.9";"90.";"0.";"0.00";"0.00";"0.00"
"2017";"11";"3";"5";"0";"7345";"44.";"1.3";"1.1";"92.";"0.";"0.00";"0.00";"0.00"
"2017";"11";"3";"5";"1";"7346";"87.";"1.1";"1.0";"92.";"1.";"0.00";"0.00";"0.00"
"2017";"11";"3";"5";"2";"7347";"124.";"1.9";"0.5";"93.";"1.";"0.00";"0.00";"0.00"
"2017";"11";"3";"5";"3";"7348";"139.";"2.2";"0.3";"93.";"0.";"0.00";"0.00";"0.00"
"2017";"11";"3";"5";"4";"7349";"133.";"2.4";"0.3";"92.";"0.";"0.00";"0.00";"0.00"
"2017";"11";"3";"5";"5";"7350";"139.";"2.4";"0.9";"93.";"2.";"0.00";"0.00";"0.00"
"2017";"11";"3";"5";"6";"7351";"178.";"2.2";"1.9";"92.";"7.";"0.00";"0.00";"0.00"
"2017";"11";"3";"5";"7";"7352";"196.";"2.6";"4.1";"89.";"7.";"0.00";"0.00";"0.00"
"2017";"11";"3";"5";"8";"7353";"209.";"3.1";"5.9";"90.";"8.";"12.51";"0.00";"12.51"
"2017";"11";"3";"5";"9";"7354";"212.";"3.9";"8.1";"84.";"8.";"46.49";"0.00";"46.49"
"2017";"11";"3";"5";"10";"7355";"236.";"5.3";"9.4";"83.";"7.";"91.76";"73.32";"73.40"
"2017";"11";"3";"5";"11";"7356";"243.";"6.0";"9.7";"80.";"8.";"84.55";"0.00";"84.55"
"2017";"11";"3";"5";"12";"7357";"242.";"6.4";"9.5";"79.";"7.";"112.15";"86.17";"87.57"
"2017";"11";"3";"5";"13";"7358";"242.";"6.5";"8.8";"80.";"8.";"67.24";"0.00";"67.24"
"2017";"11";"3";"5";"14";"7359";"241.";"6.3";"8.6";"79.";"8.";"43.74";"0.00";"43.74"
"2017";"11";"3";"5";"15";"7360";"237.";"5.8";"8.0";"82.";"8.";"11.92";"0.00";"11.92"
"2017";"11";"3";"5";"16";"7361";"242.";"6.1";"8.3";"81.";"4.";"0.00";"0.00";"0.00"
"2017";"11";"3";"5";"17";"7362";"237.";"4.9";"8.5";"79.";"7.";"0.00";"0.00";"0.00"
"2017";"11";"3";"5";"18";"7363";"240.";"5.2";"8.7";"78.";"8.";"0.00";"0.00";"0.00"
"2017";"11";"3";"5";"19";"7364";"231.";"5.1";"8.3";"83.";"7.";"0.00";"0.00";"0.00"
"2017";"11";"3";"5";"20";"7365";"220.";"4.9";"8.3";"89.";"4.";"0.00";"0.00";"0.00"
"2017";"11";"3";"5";"21";"7366";"230.";"5.9";"8.8";"88.";"3.";"0.00";"0.00";"0.00"
"2017";"11";"3";"5";"22";"7367";"229.";"5.8";"8.8";"86.";"7.";"0.00";"0.00";"0.00"
"2017";"11";"3";"5";"23";"7368";"231.";"6.0";"9.0";"85.";"7.";"0.00";"0.00";"0.00"
"2017";"11";"4";"6";"0";"7369";"235.";"5.5";"9.0";"86.";"7.";"0.00";"0.00";"0.00"
"2017";"11";"4";"6";"1";"7370";"229.";"6.3";"9.1";"85.";"7.";"0.00";"0.00";"0.00"
"2017";"11";"4";"6";"2";"7371";"216.";"5.9";"9.0";"88.";"8.";"0.00";"0.00";"0.00"
"2017";"11";"4";"6";"3";"7372";"219.";"6.0";"8.7";"89.";"8.";"0.00";"0.00";"0.00"
"2017";"11";"4";"6";"4";"7373";"229.";"6.1";"9.2";"89.";"5.";"0.00";"0.00";"0.00"
"2017";"11";"4";"6";"5";"7374";"226.";"6.1";"9.4";"87.";"8.";"0.00";"0.00";"0.00"
"2017";"11";"4";"6";"6";"7375";"223.";"5.8";"9.6";"86.";"3.";"0.00";"0.00";"0.00"
"2017";"11";"4";"6";"7";"7376";"233.";"5.2";"9.7";"84.";"8.";"0.00";"0.00";"0.00"
"2017";"11";"4";"6";"8";"7377";"228.";"4.1";"9.7";"83.";"4.";"18.70";"88.35";"11.35"
"2017";"11";"4";"6";"9";"7378";"217.";"4.6";"9.7";"80.";"8.";"43.88";"0.00";"43.88"
"2017";"11";"4";"6";"10";"7379";"220.";"5.7";"10.2";"84.";"8.";"67.91";"0.00";"67.91"
"2017";"11";"4";"6";"11";"7380";"217.";"5.7";"10.3";"83.";"7.";"109.11";"88.44";"84.33"
"2017";"11";"4";"6";"12";"7381";"208.";"5.5";"10.6";"79.";"8.";"77.04";"0.00";"77.04"
"2017";"11";"4";"6";"13";"7382";"209.";"5.1";"10.7";"84.";"8.";"66.39";"0.00";"66.39"
"2017";"11";"4";"6";"14";"7383";"199.";"5.6";"10.7";"83.";"7.";"85.65";"49.98";"76.74"
"2017";"11";"4";"6";"15";"7384";"193.";"5.2";"10.5";"86.";"7.";"8.80";"12.62";"7.75"
"2017";"11";"4";"6";"16";"7385";"193.";"4.8";"10.2";"88.";"8.";"0.00";"0.00";"0.00"
"2017";"11";"4";"6";"17";"7386";"173.";"4.8";"9.9";"88.";"8.";"0.00";"0.00";"0.00"
"2017";"11";"4";"6";"18";"7387";"167.";"4.7";"9.7";"86.";"7.";"0.00";"0.00";"0.00"
"2017";"11";"4";"6";"19";"7388";"161.";"4.8";"9.6";"83.";"8.";"0.00";"0.00";"0.00"
"2017";"11";"4";"6";"20";"7389";"159.";"5.7";"9.3";"85.";"7.";"0.00";"0.00";"0.00"
"2017";"11";"4";"6";"21";"7390";"167.";"6.3";"9.5";"85.";"7.";"0.00";"0.00";"0.00"
"2017";"11";"4";"6";"22";"7391";"167.";"5.9";"9.4";"85.";"7.";"0.00";"0.00";"0.00"
"2017";"11";"4";"6";"23";"7392";"167.";"5.3";"9.1";"85.";"7.";"0.00";"0.00";"0.00"
"2017";"11";"5";"7";"0";"7393";"168.";"4.8";"9.1";"86.";"8.";"0.00";"0.00";"0.00"
"2017";"11";"5";"7";"1";"7394";"162.";"4.7";"9.3";"87.";"8.";"0.00";"0.00";"0.00"
"2017";"11";"5";"7";"2";"7395";"159.";"5.1";"9.3";"90.";"8.";"0.00";"0.00";"0.00"
"2017";"11";"5";"7";"3";"7396";"159.";"5.3";"9.4";"92.";"8.";"0.00";"0.00";"0.00"
"2017";"11";"5";"7";"4";"7397";"162.";"5.6";"9.5";"94.";"8.";"0.00";"0.00";"0.00"
"2017";"11";"5";"7";"5";"7398";"166.";"5.4";"9.7";"94.";"8.";"0.00";"0.00";"0.00"
"2017";"11";"5";"7";"6";"7399";"168.";"5.1";"9.8";"95.";"8.";"0.00";"0.00";"0.00"
"2017";"11";"5";"7";"7";"7400";"193.";"5.2";"10.4";"95.";"8.";"0.00";"0.00";"0.00"
"2017";"11";"5";"7";"8";"7401";"215.";"6.4";"10.6";"95.";"8.";"2.15";"0.00";"2.15"
"2017";"11";"5";"7";"9";"7402";"248.";"4.3";"10.1";"90.";"7.";"51.78";"56.43";"42.00"
"2017";"11";"5";"7";"10";"7403";"228.";"5.3";"10.0";"87.";"6.";"112.13";"170.99";"71.00"
"2017";"11";"5";"7";"11";"7404";"227.";"6.3";"10.0";"87.";"7.";"109.47";"92.41";"84.04"
"2017";"11";"5";"7";"12";"7405";"229.";"5.8";"10.2";"84.";"8.";"82.17";"0.00";"82.17"
"2017";"11";"5";"7";"13";"7406";"245.";"5.5";"10.2";"81.";"7.";"91.50";"86.37";"70.73"
"2017";"11";"5";"7";"14";"7407";"247.";"4.9";"10.0";"77.";"7.";"56.11";"69.74";"44.02"
"2017";"11";"5";"7";"15";"7408";"242.";"5.2";"9.8";"76.";"7.";"17.88";"24.29";"15.97"
"2017";"11";"5";"7";"16";"7409";"252.";"4.7";"9.7";"74.";"5.";"0.00";"0.00";"0.00"
"2017";"11";"5";"7";"17";"7410";"254.";"4.5";"9.5";"74.";"6.";"0.00";"0.00";"0.00"
"2017";"11";"5";"7";"18";"7411";"255.";"4.4";"9.2";"75.";"6.";"0.00";"0.00";"0.00"
"2017";"11";"5";"7";"19";"7412";"256.";"4.4";"9.2";"75.";"8.";"0.00";"0.00";"0.00"
"2017";"11";"5";"7";"20";"7413";"251.";"3.7";"9.2";"75.";"6.";"0.00";"0.00";"0.00"
"2017";"11";"5";"7";"21";"7414";"252.";"4.2";"9.0";"77.";"4.";"0.00";"0.00";"0.00"
"2017";"11";"5";"7";"22";"7415";"251.";"3.5";"8.5";"80.";"0.";"0.00";"0.00";"0.00"
"2017";"11";"5";"7";"23";"7416";"245.";"3.9";"8.2";"80.";"0.";"0.00";"0.00";"0.00"
"2017";"11";"6";"1";"0";"7417";"245.";"3.7";"7.7";"83.";"0.";"0.00";"0.00";"0.00"
"2017";"11";"6";"1";"1";"7418";"240.";"3.6";"7.7";"83.";"0.";"0.00";"0.00";"0.00"
"2017";"11";"6";"1";"2";"7419";"254.";"3.4";"7.9";"80.";"6.";"0.00";"0.00";"0.00"
"2017";"11";"6";"1";"3";"7420";"259.";"3.2";"7.3";"79.";"2.";"0.00";"0.00";"0.00"
"2017";"11";"6";"1";"4";"7421";"266.";"3.4";"7.1";"78.";"2.";"0.00";"0.00";"0.00"
"2017";"11";"6";"1";"5";"7422";"269.";"3.3";"6.9";"78.";"2.";"0.00";"0.00";"0.00"
"2017";"11";"6";"1";"6";"7423";"265.";"2.5";"6.1";"80.";"2.";"0.00";"0.00";"0.00"
"2017";"11";"6";"1";"7";"7424";"269.";"2.6";"5.9";"81.";"0.";"0.00";"0.00";"0.00"
"2017";"11";"6";"1";"8";"7425";"274.";"1.9";"6.9";"79.";"0.";"27.61";"210.35";"12.04"
"2017";"11";"6";"1";"9";"7426";"271.";"2.3";"8.5";"72.";"1.";"129.34";"503.95";"44.32"
"2017";"11";"6";"1";"10";"7427";"280.";"3.1";"9.7";"66.";"2.";"191.23";"531.27";"66.03"
"2017";"11";"6";"1";"11";"7428";"296.";"3.1";"9.8";"64.";"2.";"230.73";"572.21";"76.04"
"2017";"11";"6";"1";"12";"7429";"307.";"3.2";"10.1";"65.";"4.";"185.95";"380.00";"83.22"
"2017";"11";"6";"1";"13";"7430";"300.";"3.6";"9.9";"66.";"2.";"190.88";"530.30";"65.91"
"2017";"11";"6";"1";"14";"7431";"295.";"3.7";"9.3";"68.";"1.";"129.42";"504.25";"44.35"
"2017";"11";"6";"1";"15";"7432";"295.";"2.4";"7.9";"74.";"1.";"25.51";"183.25";"11.94"
"2017";"11";"6";"1";"16";"7433";"287.";"1.3";"6.3";"82.";"1.";"0.00";"0.00";"0.00"
"2017";"11";"6";"1";"17";"7434";"265.";"1.0";"4.5";"87.";"0.";"0.00";"0.00";"0.00"
"2017";"11";"6";"1";"18";"7435";"233.";"1.5";"3.6";"89.";"1.";"0.00";"0.00";"0.00"
"2017";"11";"6";"1";"19";"7436";"235.";"1.3";"3.7";"87.";"3.";"0.00";"0.00";"0.00"
"2017";"11";"6";"1";"20";"7437";"241.";"1.8";"3.0";"88.";"5.";"0.00";"0.00";"0.00"
"2017";"11";"6";"1";"21";"7438";"242.";"2.9";"2.7";"89.";"0.";"0.00";"0.00";"0.00"
"2017";"11";"6";"1";"22";"7439";"243.";"2.8";"3.0";"89.";"1.";"0.00";"0.00";"0.00"
"2017";"11";"6";"1";"23";"7440";"240.";"2.9";"2.9";"87.";"1.";"0.00";"0.00";"0.00"
"2017";"11";"7";"2";"0";"7441";"235.";"3.3";"2.5";"88.";"0.";"0.00";"0.00";"0.00"
"2017";"11";"7";"2";"1";"7442";"226.";"2.7";"3.0";"88.";"2.";"0.00";"0.00";"0.00"
"2017";"11";"7";"2";"2";"7443";"235.";"3.3";"3.4";"88.";"3.";"0.00";"0.00";"0.00"
"2017";"11";"7";"2";"3";"7444";"225.";"2.5";"2.7";"87.";"3.";"0.00";"0.00";"0.00"
"2017";"11";"7";"2";"4";"7445";"228.";"1.8";"2.1";"86.";"1.";"0.00";"0.00";"0.00"
"2017";"11";"7";"2";"5";"7446";"211.";"1.9";"2.0";"90.";"4.";"0.00";"0.00";"0.00"
"2017";"11";"7";"2";"6";"7447";"204.";"2.3";"1.7";"90.";"6.";"0.00";"0.00";"0.00"
"2017";"11";"7";"2";"7";"7448";"207.";"2.5";"1.9";"88.";"1.";"0.00";"0.00";"0.00"
"2017";"11";"7";"2";"8";"7449";"190.";"2.5";"3.4";"86.";"3.";"21.62";"139.09";"11.95"
"2017";"11";"7";"2";"9";"7450";"185.";"2.5";"5.4";"85.";"1.";"125.33";"499.19";"43.44"
"2017";"11";"7";"2";"10";"7451";"192.";"2.8";"7.3";"80.";"3.";"168.03";"436.15";"67.31"
"2017";"11";"7";"2";"11";"7452";"199.";"3.7";"8.7";"78.";"2.";"222.23";"559.42";"73.69"
"2017";"11";"7";"2";"12";"7453";"203.";"4.0";"9.1";"74.";"2.";"218.44";"560.87";"69.51"
"2017";"11";"7";"2";"13";"7454";"206.";"3.9";"9.3";"71.";"4.";"146.39";"346.42";"66.40"
"2017";"11";"7";"2";"14";"7455";"193.";"3.1";"9.0";"72.";"3.";"102.41";"349.72";"45.04"
"2017";"11";"7";"2";"15";"7456";"197.";"2.9";"8.1";"76.";"1.";"19.76";"148.24";"9.45"
"2017";"11";"7";"2";"16";"7457";"184.";"2.4";"7.4";"81.";"7.";"0.00";"0.00";"0.00"
"2017";"11";"7";"2";"17";"7458";"174.";"2.8";"7.0";"83.";"8.";"0.00";"0.00";"0.00"
"2017";"11";"7";"2";"18";"7459";"158.";"3.2";"6.5";"85.";"6.";"0.00";"0.00";"0.00"
"2017";"11";"7";"2";"19";"7460";"146.";"3.3";"5.3";"87.";"2.";"0.00";"0.00";"0.00"
"2017";"11";"7";"2";"20";"7461";"127.";"3.2";"4.4";"91.";"0.";"0.00";"0.00";"0.00"
"2017";"11";"7";"2";"21";"7462";"128.";"4.0";"4.0";"92.";"5.";"0.00";"0.00";"0.00"
"2017";"11";"7";"2";"22";"7463";"129.";"4.3";"4.3";"92.";"1.";"0.00";"0.00";"0.00"
"2017";"11";"7";"2";"23";"7464";"126.";"5.2";"4.6";"93.";"5.";"0.00";"0.00";"0.00"
"2017";"11";"8";"3";"0";"7465";"123.";"5.0";"4.2";"92.";"7.";"0.00";"0.00";"0.00"
"2017";"11";"8";"3";"1";"7466";"132.";"3.6";"3.7";"92.";"5.";"0.00";"0.00";"0.00"
"2017";"11";"8";"3";"2";"7467";"128.";"3.5";"2.7";"92.";"0.";"0.00";"0.00";"0.00"
"2017";"11";"8";"3";"3";"7468";"122.";"3.3";"2.1";"92.";"0.";"0.00";"0.00";"0.00"
"2017";"11";"8";"3";"4";"7469";"112.";"3.5";"1.5";"92.";"0.";"0.00";"0.00";"0.00"
"2017";"11";"8";"3";"5";"7470";"115.";"3.1";"1.2";"94.";"7.";"0.00";"0.00";"0.00"
"2017";"11";"8";"3";"6";"7471";"118.";"3.3";"1.1";"95.";"4.";"0.00";"0.00";"0.00"
"2017";"11";"8";"3";"7";"7472";"117.";"2.8";"1.0";"95.";"3.";"0.00";"0.00";"0.00"
"2017";"11";"8";"3";"8";"7473";"113.";"2.4";"1.8";"93.";"2.";"20.82";"152.51";"10.90"
"2017";"11";"8";"3";"9";"7474";"121.";"2.8";"3.3";"90.";"3.";"102.05";"356.29";"45.23"
"2017";"11";"8";"3";"10";"7475";"118.";"3.1";"5.0";"88.";"3.";"159.57";"407.53";"67.36"
"2017";"11";"8";"3";"11";"7476";"122.";"2.2";"6.7";"83.";"3.";"191.56";"428.84";"79.72"
"2017";"11";"8";"3";"12";"7477";"142.";"1.7";"7.6";"80.";"5.";"147.67";"248.03";"82.98"
"2017";"11";"8";"3";"13";"7478";"142.";"1.0";"7.2";"81.";"7.";"83.09";"76.20";"65.85"
"2017";"11";"8";"3";"14";"7479";"121.";"1.3";"6.2";"85.";"3.";"94.07";"298.94";"46.39"
"2017";"11";"8";"3";"15";"7480";"116.";"1.9";"4.5";"91.";"3.";"12.99";"57.80";"9.23"
"2017";"11";"8";"3";"16";"7481";"101.";"1.7";"4.1";"95.";"4.";"0.00";"0.00";"0.00"
"2017";"11";"8";"3";"17";"7482";"121.";"1.8";"3.8";"96.";"1.";"0.00";"0.00";"0.00"
"2017";"11";"8";"3";"18";"7483";"136.";"1.5";"3.9";"96.";"3.";"0.00";"0.00";"0.00"
"2017";"11";"8";"3";"19";"7484";"136.";"1.9";"4.1";"96.";"6.";"0.00";"0.00";"0.00"
"2017";"11";"8";"3";"20";"7485";"132.";"2.6";"4.5";"97.";"7.";"0.00";"0.00";"0.00"
"2017";"11";"8";"3";"21";"7486";"127.";"3.0";"4.9";"98.";"8.";"0.00";"0.00";"0.00"
"2017";"11";"8";"3";"22";"7487";"125.";"3.1";"5.3";"97.";"8.";"0.00";"0.00";"0.00"
"2017";"11";"8";"3";"23";"7488";"127.";"3.9";"5.7";"97.";"8.";"0.00";"0.00";"0.00"
"2017";"11";"9";"4";"0";"7489";"138.";"2.9";"6.2";"98.";"8.";"0.00";"0.00";"0.00"
"2017";"11";"9";"4";"1";"7490";"193.";"2.3";"7.1";"96.";"8.";"0.00";"0.00";"0.00"
"2017";"11";"9";"4";"2";"7491";"209.";"3.2";"7.7";"94.";"5.";"0.00";"0.00";"0.00"
"2017";"11";"9";"4";"3";"7492";"218.";"4.2";"8.1";"90.";"8.";"0.00";"0.00";"0.00"
"2017";"11";"9";"4";"4";"7493";"219.";"4.6";"8.2";"87.";"8.";"0.00";"0.00";"0.00"
"2017";"11";"9";"4";"5";"7494";"222.";"5.6";"8.4";"82.";"8.";"0.00";"0.00";"0.00"
"2017";"11";"9";"4";"6";"7495";"220.";"6.9";"8.5";"79.";"7.";"0.00";"0.00";"0.00"
"2017";"11";"9";"4";"7";"7496";"215.";"7.4";"8.5";"77.";"7.";"0.00";"0.00";"0.00"
"2017";"11";"9";"4";"8";"7497";"210.";"8.1";"8.6";"75.";"8.";"3.18";"0.00";"3.18"
"2017";"11";"9";"4";"9";"7498";"210.";"8.5";"8.7";"75.";"8.";"33.01";"0.00";"33.01"
"2017";"11";"9";"4";"10";"7499";"212.";"8.5";"8.7";"78.";"8.";"54.97";"0.00";"54.97"
"2017";"11";"9";"4";"11";"7500";"208.";"8.6";"8.3";"86.";"8.";"38.22";"0.00";"38.22"
"2017";"11";"9";"4";"12";"7501";"210.";"9.4";"8.2";"91.";"8.";"35.71";"0.00";"35.71"
"2017";"11";"9";"4";"13";"7502";"217.";"9.4";"8.5";"92.";"8.";"28.06";"0.00";"28.06"
"2017";"11";"9";"4";"14";"7503";"230.";"8.0";"8.8";"93.";"8.";"16.38";"0.00";"16.38"
"2017";"11";"9";"4";"15";"7504";"239.";"6.3";"9.1";"93.";"8.";"0.25";"0.00";"0.25"
"2017";"11";"9";"4";"16";"7505";"246.";"5.7";"9.3";"89.";"8.";"0.00";"0.00";"0.00"
"2017";"11";"9";"4";"17";"7506";"254.";"6.3";"9.3";"79.";"6.";"0.00";"0.00";"0.00"
"2017";"11";"9";"4";"18";"7507";"254.";"6.4";"9.1";"75.";"7.";"0.00";"0.00";"0.00"
"2017";"11";"9";"4";"19";"7508";"253.";"6.6";"8.9";"73.";"5.";"0.00";"0.00";"0.00"
"2017";"11";"9";"4";"20";"7509";"255.";"7.1";"8.6";"74.";"1.";"0.00";"0.00";"0.00"
"2017";"11";"9";"4";"21";"7510";"253.";"7.6";"7.8";"79.";"8.";"0.00";"0.00";"0.00"
"2017";"11";"9";"4";"22";"7511";"262.";"6.9";"8.0";"79.";"7.";"0.00";"0.00";"0.00"
"2017";"11";"9";"4";"23";"7512";"263.";"6.5";"8.0";"78.";"8.";"0.00";"0.00";"0.00"
"2017";"11";"10";"5";"0";"7513";"261.";"5.5";"7.9";"82.";"6.";"0.00";"0.00";"0.00"
"2017";"11";"10";"5";"1";"7514";"257.";"6.3";"8.2";"78.";"7.";"0.00";"0.00";"0.00"
"2017";"11";"10";"5";"2";"7515";"251.";"6.4";"7.8";"80.";"8.";"0.00";"0.00";"0.00"
"2017";"11";"10";"5";"3";"7516";"245.";"5.6";"7.1";"86.";"7.";"0.00";"0.00";"0.00"
"2017";"11";"10";"5";"4";"7517";"236.";"6.3";"7.4";"85.";"7.";"0.00";"0.00";"0.00"
"2017";"11";"10";"5";"5";"7518";"236.";"5.8";"7.5";"86.";"8.";"0.00";"0.00";"0.00"
"2017";"11";"10";"5";"6";"7519";"234.";"7.1";"7.4";"85.";"8.";"0.00";"0.00";"0.00"
"2017";"11";"10";"5";"7";"7520";"243.";"6.8";"7.0";"86.";"8.";"0.00";"0.00";"0.00"
"2017";"11";"10";"5";"8";"7521";"216.";"6.9";"7.1";"86.";"8.";"1.64";"0.00";"1.64"
"2017";"11";"10";"5";"9";"7522";"217.";"5.9";"7.4";"84.";"8.";"33.81";"0.00";"33.81"
"2017";"11";"10";"5";"10";"7523";"215.";"7.8";"7.8";"81.";"7.";"78.86";"78.44";"61.83"
"2017";"11";"10";"5";"11";"7524";"217.";"8.1";"7.7";"79.";"8.";"72.50";"0.00";"72.50"
"2017";"11";"10";"5";"12";"7525";"205.";"7.0";"6.6";"81.";"7.";"96.71";"81.04";"76.32"
"2017";"11";"10";"5";"13";"7526";"203.";"7.2";"6.5";"82.";"8.";"59.27";"0.00";"59.27"
"2017";"11";"10";"5";"14";"7527";"220.";"4.6";"6.2";"87.";"8.";"20.13";"0.00";"20.13"
"2017";"11";"10";"5";"15";"7528";"239.";"4.4";"5.8";"90.";"8.";"1.28";"0.00";"1.28"
"2017";"11";"10";"5";"16";"7529";"238.";"4.3";"5.9";"88.";"8.";"0.00";"0.00";"0.00"
"2017";"11";"10";"5";"17";"7530";"225.";"3.4";"6.0";"86.";"7.";"0.00";"0.00";"0.00"
"2017";"11";"10";"5";"18";"7531";"238.";"3.8";"5.6";"86.";"6.";"0.00";"0.00";"0.00"
"2017";"11";"10";"5";"19";"7532";"271.";"3.9";"4.7";"88.";"7.";"0.00";"0.00";"0.00"
"2017";"11";"10";"5";"20";"7533";"307.";"3.9";"4.6";"91.";"8.";"0.00";"0.00";"0.00"
"2017";"11";"10";"5";"21";"7534";"325.";"4.5";"4.4";"91.";"8.";"0.00";"0.00";"0.00"
"2017";"11";"10";"5";"22";"7535";"318.";"7.4";"4.5";"89.";"8.";"0.00";"0.00";"0.00"
"2017";"11";"10";"5";"23";"7536";"312.";"7.9";"4.5";"81.";"8.";"0.00";"0.00";"0.00"
"2017";"11";"11";"6";"0";"7537";"310.";"7.9";"5.1";"71.";"8.";"0.00";"0.00";"0.00"
"2017";"11";"11";"6";"1";"7538";"311.";"7.9";"5.3";"67.";"8.";"0.00";"0.00";"0.00"
"2017";"11";"11";"6";"2";"7539";"314.";"6.8";"4.9";"70.";"7.";"0.00";"0.00";"0.00"
"2017";"11";"11";"6";"3";"7540";"313.";"4.4";"4.7";"74.";"5.";"0.00";"0.00";"0.00"
"2017";"11";"11";"6";"4";"7541";"309.";"4.9";"4.7";"70.";"8.";"0.00";"0.00";"0.00"
"2017";"11";"11";"6";"5";"7542";"305.";"5.8";"5.3";"63.";"7.";"0.00";"0.00";"0.00"
"2017";"11";"11";"6";"6";"7543";"304.";"5.8";"5.3";"60.";"2.";"0.00";"0.00";"0.00"
"2017";"11";"11";"6";"7";"7544";"302.";"4.9";"5.3";"59.";"2.";"0.00";"0.00";"0.00"
"2017";"11";"11";"6";"8";"7545";"297.";"5.7";"6.0";"56.";"1.";"15.55";"141.77";"8.15"
"2017";"11";"11";"6";"9";"7546";"292.";"6.3";"6.9";"55.";"1.";"109.42";"463.28";"41.67"
"2017";"11";"11";"6";"10";"7547";"296.";"6.9";"7.2";"54.";"1.";"182.60";"561.53";"63.16"
"2017";"11";"11";"6";"11";"7548";"294.";"7.7";"7.5";"56.";"2.";"206.12";"550.14";"70.17"
"2017";"11";"11";"6";"12";"7549";"295.";"7.3";"7.6";"59.";"4.";"170.08";"374.47";"77.55"
"2017";"11";"11";"6";"13";"7550";"295.";"6.8";"7.3";"60.";"3.";"150.51";"399.52";"65.53"
"2017";"11";"11";"6";"14";"7551";"299.";"7.1";"7.0";"63.";"0.";"114.54";"512.62";"39.58"
"2017";"11";"11";"6";"15";"7552";"294.";"5.3";"6.9";"65.";"8.";"3.48";"0.00";"3.48"
"2017";"11";"11";"6";"16";"7553";"304.";"4.9";"6.9";"64.";"6.";"0.00";"0.00";"0.00"
"2017";"11";"11";"6";"17";"7554";"304.";"4.5";"6.7";"63.";"4.";"0.00";"0.00";"0.00"
"2017";"11";"11";"6";"18";"7555";"307.";"3.5";"5.9";"66.";"4.";"0.00";"0.00";"0.00"
"2017";"11";"11";"6";"19";"7556";"304.";"3.2";"5.0";"69.";"0.";"0.00";"0.00";"0.00"
"2017";"11";"11";"6";"20";"7557";"296.";"4.1";"5.1";"72.";"1.";"0.00";"0.00";"0.00"
"2017";"11";"11";"6";"21";"7558";"294.";"4.1";"4.6";"74.";"5.";"0.00";"0.00";"0.00"
"2017";"11";"11";"6";"22";"7559";"286.";"3.8";"5.1";"76.";"2.";"0.00";"0.00";"0.00"
"2017";"11";"11";"6";"23";"7560";"280.";"4.0";"4.1";"80.";"8.";"0.00";"0.00";"0.00"
"2017";"11";"12";"7";"0";"7561";"286.";"1.9";"3.9";"84.";"1.";"0.00";"0.00";"0.00"
"2017";"11";"12";"7";"1";"7562";"269.";"2.6";"4.1";"86.";"4.";"0.00";"0.00";"0.00"
"2017";"11";"12";"7";"2";"7563";"285.";"2.1";"2.5";"87.";"1.";"0.00";"0.00";"0.00"
"2017";"11";"12";"7";"3";"7564";"276.";"2.0";"1.4";"89.";"1.";"0.00";"0.00";"0.00"
"2017";"11";"12";"7";"4";"7565";"288.";"1.5";"0.9";"89.";"0.";"0.00";"0.00";"0.00"
"2017";"11";"12";"7";"5";"7566";"291.";"2.3";"-0.2";"88.";"1.";"0.00";"0.00";"0.00"
"2017";"11";"12";"7";"6";"7567";"301.";"1.4";"-0.7";"88.";"1.";"0.00";"0.00";"0.00"
"2017";"11";"12";"7";"7";"7568";"276.";"1.6";"-0.6";"90.";"2.";"0.00";"0.00";"0.00"
"2017";"11";"12";"7";"8";"7569";"271.";"1.5";"-0.1";"90.";"1.";"11.42";"109.45";"6.16"
"2017";"11";"12";"7";"9";"7570";"257.";"1.0";"1.9";"87.";"3.";"88.17";"336.92";"40.34"
"2017";"11";"12";"7";"10";"7571";"215.";"0.6";"4.5";"83.";"1.";"174.23";"568.57";"55.77"
"2017";"11";"12";"7";"11";"7572";"274.";"0.8";"6.2";"75.";"2.";"197.61";"538.28";"66.96"
"2017";"11";"12";"7";"12";"7573";"351.";"1.1";"7.1";"72.";"1.";"212.98";"602.23";"66.81"
"2017";"11";"12";"7";"13";"7574";"1.";"1.6";"7.5";"67.";"1.";"179.12";"589.64";"56.27"
"2017";"11";"12";"7";"14";"7575";"353.";"1.9";"6.5";"65.";"0.";"113.23";"535.19";"37.25"
"2017";"11";"12";"7";"15";"7576";"339.";"1.5";"4.5";"76.";"0.";"8.05";"81.83";"4.12"
"2017";"11";"12";"7";"16";"7577";"329.";"1.7";"2.3";"81.";"0.";"0.00";"0.00";"0.00"
"2017";"11";"12";"7";"17";"7578";"329.";"2.0";"1.1";"84.";"0.";"0.00";"0.00";"0.00"
"2017";"11";"12";"7";"18";"7579";"336.";"2.0";"0.7";"88.";"0.";"0.00";"0.00";"0.00"
"2017";"11";"12";"7";"19";"7580";"352.";"1.8";"-0.1";"89.";"1.";"0.00";"0.00";"0.00"
"2017";"11";"12";"7";"20";"7581";"349.";"1.7";"-0.5";"91.";"0.";"0.00";"0.00";"0.00"
"2017";"11";"12";"7";"21";"7582";"25.";"1.5";"-0.8";"90.";"0.";"0.00";"0.00";"0.00"
"2017";"11";"12";"7";"22";"7583";"341.";"1.2";"-1.1";"90.";"0.";"0.00";"0.00";"0.00"
"2017";"11";"12";"7";"23";"7584";"40.";"1.0";"-1.5";"89.";"0.";"0.00";"0.00";"0.00"
"2017";"11";"13";"1";"0";"7585";"354.";"2.3";"-1.2";"90.";"0.";"0.00";"0.00";"0.00"
"2017";"11";"13";"1";"1";"7586";"24.";"2.2";"-0.6";"90.";"5.";"0.00";"0.00";"0.00"
"2017";"11";"13";"1";"2";"7587";"17.";"2.3";"-0.1";"89.";"4.";"0.00";"0.00";"0.00"
"2017";"11";"13";"1";"3";"7588";"11.";"2.7";"-0.2";"90.";"0.";"0.00";"0.00";"0.00"
"2017";"11";"13";"1";"4";"7589";"9.";"2.2";"-0.5";"93.";"0.";"0.00";"0.00";"0.00"
"2017";"11";"13";"1";"5";"7590";"20.";"2.3";"-0.6";"93.";"1.";"0.00";"0.00";"0.00"
"2017";"11";"13";"1";"6";"7591";"349.";"2.1";"-1.1";"91.";"0.";"0.00";"0.00";"0.00"
"2017";"11";"13";"1";"7";"7592";"3.";"1.9";"-1.5";"91.";"1.";"0.00";"0.00";"0.00"
"2017";"11";"13";"1";"8";"7593";"352.";"1.7";"-0.4";"89.";"1.";"8.72";"88.32";"4.83"
"2017";"11";"13";"1";"9";"7594";"7.";"2.1";"1.2";"85.";"0.";"108.34";"530.10";"35.29"
"2017";"11";"13";"1";"10";"7595";"13.";"2.3";"2.9";"76.";"1.";"170.68";"526.41";"63.25"
"2017";"11";"13";"1";"11";"7596";"8.";"2.4";"4.1";"67.";"0.";"229.71";"688.03";"65.69"
"2017";"11";"13";"1";"12";"7597";"359.";"2.1";"4.7";"63.";"3.";"177.51";"426.17";"75.92"
"2017";"11";"13";"1";"13";"7598";"344.";"2.0";"4.8";"62.";"6.";"94.57";"153.34";"63.28"
"2017";"11";"13";"1";"14";"7599";"343.";"1.5";"4.0";"65.";"2.";"92.70";"382.49";"39.99"
"2017";"11";"13";"1";"15";"7600";"334.";"1.4";"2.3";"72.";"0.";"9.47";"98.16";"5.15"
"2017";"11";"13";"1";"16";"7601";"331.";"1.1";"0.8";"80.";"0.";"0.00";"0.00";"0.00"
"2017";"11";"13";"1";"17";"7602";"45.";"0.8";"-0.7";"84.";"1.";"0.00";"0.00";"0.00"
"2017";"11";"13";"1";"18";"7603";"69.";"0.5";"-1.5";"88.";"1.";"0.00";"0.00";"0.00"
"2017";"11";"13";"1";"19";"7604";"88.";"0.8";"-1.7";"90.";"1.";"0.00";"0.00";"0.00"
"2017";"11";"13";"1";"20";"7605";"118.";"1.1";"-2.4";"89.";"2.";"0.00";"0.00";"0.00"
"2017";"11";"13";"1";"21";"7606";"126.";"1.4";"-2.7";"89.";"5.";"0.00";"0.00";"0.00"
"2017";"11";"13";"1";"22";"7607";"121.";"2.0";"-2.7";"89.";"7.";"0.00";"0.00";"0.00"
"2017";"11";"13";"1";"23";"7608";"115.";"3.2";"-2.3";"89.";"8.";"0.00";"0.00";"0.00"
"2017";"11";"14";"2";"0";"7609";"122.";"3.2";"-1.8";"90.";"8.";"0.00";"0.00";"0.00"
"2017";"11";"14";"2";"1";"7610";"126.";"3.6";"-1.2";"92.";"8.";"0.00";"0.00";"0.00"
"2017";"11";"14";"2";"2";"7611";"129.";"3.7";"-0.5";"92.";"8.";"0.00";"0.00";"0.00"
"2017";"11";"14";"2";"3";"7612";"148.";"2.8";"0.3";"92.";"6.";"0.00";"0.00";"0.00"
"2017";"11";"14";"2";"4";"7613";"162.";"2.4";"1.0";"92.";"6.";"0.00";"0.00";"0.00"
"2017";"11";"14";"2";"5";"7614";"235.";"2.2";"2.0";"85.";"8.";"0.00";"0.00";"0.00"
"2017";"11";"14";"2";"6";"7615";"247.";"3.2";"3.3";"82.";"7.";"0.00";"0.00";"0.00"
"2017";"11";"14";"2";"7";"7616";"238.";"4.3";"4.1";"85.";"8.";"0.00";"0.00";"0.00"
"2017";"11";"14";"2";"8";"7617";"219.";"4.0";"3.9";"88.";"8.";"0.00";"0.00";"0.00"
"2017";"11";"14";"2";"9";"7618";"209.";"4.7";"4.3";"91.";"8.";"15.64";"0.00";"15.64"
"2017";"11";"14";"2";"10";"7619";"198.";"4.4";"4.6";"92.";"8.";"28.27";"0.00";"28.27"
"2017";"11";"14";"2";"11";"7620";"184.";"3.9";"5.0";"91.";"8.";"36.01";"0.00";"36.01"
"2017";"11";"14";"2";"12";"7621";"156.";"3.7";"5.5";"93.";"8.";"35.22";"0.00";"35.22"
"2017";"11";"14";"2";"13";"7622";"116.";"3.4";"5.5";"94.";"7.";"57.81";"26.04";"52.61"
"2017";"11";"14";"2";"14";"7623";"81.";"2.3";"5.5";"94.";"7.";"34.31";"35.07";"29.62"
"2017";"11";"14";"2";"15";"7624";"38.";"1.8";"5.2";"94.";"8.";"0.00";"0.00";"0.00"
"2017";"11";"14";"2";"16";"7625";"12.";"1.2";"4.7";"94.";"8.";"0.00";"0.00";"0.00"
"2017";"11";"14";"2";"17";"7626";"289.";"2.3";"5.2";"94.";"8.";"0.00";"0.00";"0.00"
"2017";"11";"14";"2";"18";"7627";"298.";"3.6";"5.3";"92.";"4.";"0.00";"0.00";"0.00"
"2017";"11";"14";"2";"19";"7628";"299.";"2.7";"4.3";"91.";"1.";"0.00";"0.00";"0.00"
"2017";"11";"14";"2";"20";"7629";"283.";"2.1";"2.8";"92.";"3.";"0.00";"0.00";"0.00"
"2017";"11";"14";"2";"21";"7630";"269.";"2.7";"1.8";"92.";"6.";"0.00";"0.00";"0.00"
"2017";"11";"14";"2";"22";"7631";"278.";"2.5";"1.2";"92.";"5.";"0.00";"0.00";"0.00"
"2017";"11";"14";"2";"23";"7632";"283.";"2.4";"0.8";"92.";"8.";"0.00";"0.00";"0.00"
"2017";"11";"15";"3";"0";"7633";"275.";"2.8";"1.3";"93.";"8.";"0.00";"0.00";"0.00"
"2017";"11";"15";"3";"1";"7634";"270.";"3.2";"1.9";"93.";"5.";"0.00";"0.00";"0.00"
"2017";"11";"15";"3";"2";"7635";"272.";"2.4";"3.9";"93.";"6.";"0.00";"0.00";"0.00"
"2017";"11";"15";"3";"3";"7636";"261.";"3.4";"4.8";"93.";"5.";"0.00";"0.00";"0.00"
"2017";"11";"15";"3";"4";"7637";"257.";"4.1";"6.7";"94.";"8.";"0.00";"0.00";"0.00"
"2017";"11";"15";"3";"5";"7638";"253.";"4.9";"6.9";"90.";"3.";"0.00";"0.00";"0.00"
"2017";"11";"15";"3";"6";"7639";"253.";"5.5";"7.6";"91.";"6.";"0.00";"0.00";"0.00"
"2017";"11";"15";"3";"7";"7640";"252.";"5.5";"7.6";"90.";"5.";"0.00";"0.00";"0.00"
"2017";"11";"15";"3";"8";"7641";"249.";"5.7";"7.8";"88.";"7.";"0.00";"0.00";"0.00"
"2017";"11";"15";"3";"9";"7642";"253.";"5.8";"8.4";"86.";"7.";"32.84";"42.71";"27.30"
"2017";"11";"15";"3";"10";"7643";"268.";"5.6";"8.9";"85.";"6.";"78.36";"114.79";"55.88"
"2017";"11";"15";"3";"11";"7644";"282.";"6.8";"9.5";"76.";"5.";"120.13";"202.49";"73.55"
"2017";"11";"15";"3";"12";"7645";"285.";"6.5";"9.4";"68.";"2.";"177.97";"471.37";"69.55"
"2017";"11";"15";"3";"13";"7646";"290.";"5.7";"9.0";"64.";"1.";"155.45";"493.46";"58.82"
"2017";"11";"15";"3";"14";"7647";"288.";"5.2";"8.3";"65.";"0.";"91.22";"431.15";"35.29"
"2017";"11";"15";"3";"15";"7648";"288.";"4.0";"7.4";"71.";"0.";"0.00";"0.00";"0.00"
"2017";"11";"15";"3";"16";"7649";"289.";"3.6";"6.7";"74.";"1.";"0.00";"0.00";"0.00"
"2017";"11";"15";"3";"17";"7650";"289.";"3.4";"6.2";"77.";"6.";"0.00";"0.00";"0.00"
"2017";"11";"15";"3";"18";"7651";"290.";"3.2";"5.5";"79.";"8.";"0.00";"0.00";"0.00"
"2017";"11";"15";"3";"19";"7652";"290.";"2.4";"4.8";"80.";"8.";"0.00";"0.00";"0.00"
"2017";"11";"15";"3";"20";"7653";"289.";"2.1";"4.1";"82.";"8.";"0.00";"0.00";"0.00"
"2017";"11";"15";"3";"21";"7654";"294.";"2.3";"3.2";"84.";"8.";"0.00";"0.00";"0.00"
"2017";"11";"15";"3";"22";"7655";"285.";"2.0";"3.0";"86.";"8.";"0.00";"0.00";"0.00"
"2017";"11";"15";"3";"23";"7656";"285.";"1.6";"2.2";"88.";"8.";"0.00";"0.00";"0.00"
"2017";"11";"16";"4";"0";"7657";"261.";"1.3";"1.8";"89.";"7.";"0.00";"0.00";"0.00"
"2017";"11";"16";"4";"1";"7658";"259.";"1.6";"1.9";"89.";"3.";"0.00";"0.00";"0.00"
"2017";"11";"16";"4";"2";"7659";"249.";"2.4";"1.2";"90.";"3.";"0.00";"0.00";"0.00"
"2017";"11";"16";"4";"3";"7660";"227.";"2.1";"1.1";"93.";"2.";"0.00";"0.00";"0.00"
"2017";"11";"16";"4";"4";"7661";"235.";"2.2";"1.1";"93.";"4.";"0.00";"0.00";"0.00"
"2017";"11";"16";"4";"5";"7662";"210.";"1.6";"1.0";"93.";"6.";"0.00";"0.00";"0.00"
"2017";"11";"16";"4";"6";"7663";"215.";"2.2";"0.8";"93.";"2.";"0.00";"0.00";"0.00"
"2017";"11";"16";"4";"7";"7664";"211.";"2.5";"1.3";"93.";"3.";"0.00";"0.00";"0.00"
"2017";"11";"16";"4";"8";"7665";"200.";"2.4";"1.8";"93.";"1.";"0.00";"0.00";"0.00"
"2017";"11";"16";"4";"9";"7666";"181.";"2.8";"4.4";"91.";"1.";"77.40";"329.99";"35.88"
"2017";"11";"16";"4";"10";"7667";"186.";"4.3";"6.3";"89.";"1.";"144.40";"435.06";"60.95"
"2017";"11";"16";"4";"11";"7668";"186.";"5.5";"7.6";"89.";"6.";"98.48";"131.76";"68.71"
"2017";"11";"16";"4";"12";"7669";"180.";"6.1";"7.5";"89.";"8.";"59.02";"0.00";"59.02"
"2017";"11";"16";"4";"13";"7670";"176.";"6.3";"7.6";"90.";"7.";"62.62";"60.82";"50.95"
"2017";"11";"16";"4";"14";"7671";"176.";"6.6";"7.8";"92.";"8.";"21.37";"0.00";"21.37"
"2017";"11";"16";"4";"15";"7672";"194.";"7.3";"8.1";"94.";"8.";"0.00";"0.00";"0.00"
"2017";"11";"16";"4";"16";"7673";"206.";"7.5";"8.4";"95.";"8.";"0.00";"0.00";"0.00"
"2017";"11";"16";"4";"17";"7674";"207.";"8.4";"8.7";"94.";"8.";"0.00";"0.00";"0.00"
"2017";"11";"16";"4";"18";"7675";"205.";"9.0";"8.8";"94.";"8.";"0.00";"0.00";"0.00"
"2017";"11";"16";"4";"19";"7676";"207.";"9.8";"9.0";"94.";"8.";"0.00";"0.00";"0.00"
"2017";"11";"16";"4";"20";"7677";"275.";"5.9";"7.7";"91.";"8.";"0.00";"0.00";"0.00"
"2017";"11";"16";"4";"21";"7678";"268.";"7.3";"7.6";"84.";"8.";"0.00";"0.00";"0.00"
"2017";"11";"16";"4";"22";"7679";"280.";"8.5";"7.5";"74.";"0.";"0.00";"0.00";"0.00"
"2017";"11";"16";"4";"23";"7680";"278.";"8.0";"7.6";"69.";"3.";"0.00";"0.00";"0.00"
"2017";"11";"17";"5";"0";"7681";"278.";"8.4";"7.5";"67.";"2.";"0.00";"0.00";"0.00"
"2017";"11";"17";"5";"1";"7682";"276.";"8.5";"7.3";"69.";"1.";"0.00";"0.00";"0.00"
"2017";"11";"17";"5";"2";"7683";"282.";"8.4";"7.5";"65.";"3.";"0.00";"0.00";"0.00"
"2017";"11";"17";"5";"3";"7684";"282.";"8.7";"7.4";"65.";"1.";"0.00";"0.00";"0.00"
"2017";"11";"17";"5";"4";"7685";"283.";"7.8";"7.5";"65.";"2.";"0.00";"0.00";"0.00"
"2017";"11";"17";"5";"5";"7686";"282.";"7.8";"7.3";"64.";"0.";"0.00";"0.00";"0.00"
"2017";"11";"17";"5";"6";"7687";"280.";"8.0";"7.5";"65.";"2.";"0.00";"0.00";"0.00"
"2017";"11";"17";"5";"7";"7688";"282.";"7.2";"7.6";"66.";"4.";"0.00";"0.00";"0.00"
"2017";"11";"17";"5";"8";"7689";"275.";"7.3";"7.8";"67.";"2.";"0.00";"0.00";"0.00"
"2017";"11";"17";"5";"9";"7690";"262.";"6.4";"8.3";"67.";"1.";"73.24";"301.07";"36.51"
"2017";"11";"17";"5";"10";"7691";"257.";"6.9";"8.8";"69.";"4.";"102.21";"210.77";"62.60"
"2017";"11";"17";"5";"11";"7692";"258.";"7.9";"8.8";"69.";"5.";"113.22";"173.53";"74.69"
"2017";"11";"17";"5";"12";"7693";"256.";"8.4";"8.9";"69.";"7.";"77.71";"59.33";"64.54"
"2017";"11";"17";"5";"13";"7694";"258.";"8.2";"8.8";"68.";"8.";"46.13";"0.00";"46.13"
"2017";"11";"17";"5";"14";"7695";"255.";"8.2";"8.5";"70.";"7.";"31.47";"40.20";"26.56"
"2017";"11";"17";"5";"15";"7696";"248.";"7.8";"8.3";"71.";"7.";"0.00";"0.00";"0.00"
"2017";"11";"17";"5";"16";"7697";"247.";"7.3";"8.0";"73.";"7.";"0.00";"0.00";"0.00"
"2017";"11";"17";"5";"17";"7698";"243.";"7.2";"7.8";"75.";"6.";"0.00";"0.00";"0.00"
"2017";"11";"17";"5";"18";"7699";"238.";"7.1";"7.6";"78.";"7.";"0.00";"0.00";"0.00"
"2017";"11";"17";"5";"19";"7700";"232.";"7.2";"7.4";"80.";"7.";"0.00";"0.00";"0.00"
"2017";"11";"17";"5";"20";"7701";"232.";"7.8";"7.5";"80.";"7.";"0.00";"0.00";"0.00"
"2017";"11";"17";"5";"21";"7702";"229.";"8.3";"7.5";"81.";"8.";"0.00";"0.00";"0.00"
"2017";"11";"17";"5";"22";"7703";"228.";"7.8";"7.3";"84.";"8.";"0.00";"0.00";"0.00"
"2017";"11";"17";"5";"23";"7704";"232.";"7.8";"7.4";"84.";"8.";"0.00";"0.00";"0.00"
"2017";"11";"18";"6";"0";"7705";"229.";"8.5";"7.3";"83.";"5.";"0.00";"0.00";"0.00"
"2017";"11";"18";"6";"1";"7706";"235.";"9.1";"6.5";"84.";"3.";"0.00";"0.00";"0.00"
"2017";"11";"18";"6";"2";"7707";"229.";"9.7";"6.8";"84.";"8.";"0.00";"0.00";"0.00"
"2017";"11";"18";"6";"3";"7708";"241.";"7.8";"6.4";"85.";"8.";"0.00";"0.00";"0.00"
"2017";"11";"18";"6";"4";"7709";"242.";"6.7";"6.5";"83.";"7.";"0.00";"0.00";"0.00"
"2017";"11";"18";"6";"5";"7710";"251.";"7.2";"6.1";"84.";"8.";"0.00";"0.00";"0.00"
"2017";"11";"18";"6";"6";"7711";"255.";"6.5";"5.5";"87.";"8.";"0.00";"0.00";"0.00"
"2017";"11";"18";"6";"7";"7712";"261.";"4.2";"5.7";"85.";"7.";"0.00";"0.00";"0.00"
"2017";"11";"18";"6";"8";"7713";"252.";"6.2";"5.5";"85.";"8.";"0.00";"0.00";"0.00"
"2017";"11";"18";"6";"9";"7714";"245.";"5.2";"6.0";"81.";"7.";"20.49";"32.32";"16.66"
"2017";"11";"18";"6";"10";"7715";"261.";"5.7";"5.9";"79.";"7.";"63.95";"72.98";"50.52"
"2017";"11";"18";"6";"11";"7716";"290.";"5.7";"6.2";"76.";"6.";"101.19";"161.63";"65.93"
"2017";"11";"18";"6";"12";"7717";"282.";"5.9";"6.5";"72.";"5.";"121.36";"256.80";"65.34"
"2017";"11";"18";"6";"13";"7718";"283.";"5.6";"6.6";"66.";"4.";"113.11";"316.23";"54.90"
"2017";"11";"18";"6";"14";"7719";"281.";"5.7";"6.3";"65.";"7.";"57.36";"57.90";"50.51"
"2017";"11";"18";"6";"15";"7720";"269.";"5.0";"6.4";"70.";"5.";"0.00";"0.00";"0.00"
"2017";"11";"18";"6";"16";"7721";"262.";"5.5";"6.9";"73.";"6.";"0.00";"0.00";"0.00"
"2017";"11";"18";"6";"17";"7722";"247.";"5.8";"6.9";"77.";"7.";"0.00";"0.00";"0.00"
"2017";"11";"18";"6";"18";"7723";"260.";"5.6";"6.9";"79.";"5.";"0.00";"0.00";"0.00"
"2017";"11";"18";"6";"19";"7724";"267.";"5.9";"7.5";"74.";"8.";"0.00";"0.00";"0.00"
"2017";"11";"18";"6";"20";"7725";"266.";"5.4";"7.7";"71.";"4.";"0.00";"0.00";"0.00"
"2017";"11";"18";"6";"21";"7726";"270.";"5.7";"7.5";"72.";"8.";"0.00";"0.00";"0.00"
"2017";"11";"18";"6";"22";"7727";"275.";"5.6";"7.6";"73.";"7.";"0.00";"0.00";"0.00"
"2017";"11";"18";"6";"23";"7728";"269.";"5.4";"6.8";"80.";"8.";"0.00";"0.00";"0.00"
"2017";"11";"19";"7";"0";"7729";"281.";"4.4";"6.8";"80.";"5.";"0.00";"0.00";"0.00"
"2017";"11";"19";"7";"1";"7730";"281.";"3.6";"6.7";"80.";"5.";"0.00";"0.00";"0.00"
"2017";"11";"19";"7";"2";"7731";"293.";"3.1";"5.9";"83.";"8.";"0.00";"0.00";"0.00"
"2017";"11";"19";"7";"3";"7732";"306.";"2.4";"4.6";"87.";"6.";"0.00";"0.00";"0.00"
"2017";"11";"19";"7";"4";"7733";"310.";"3.1";"4.0";"91.";"7.";"0.00";"0.00";"0.00"
"2017";"11";"19";"7";"5";"7734";"343.";"4.5";"3.7";"91.";"8.";"0.00";"0.00";"0.00"
"2017";"11";"19";"7";"6";"7735";"355.";"4.8";"2.7";"90.";"7.";"0.00";"0.00";"0.00"
"2017";"11";"19";"7";"7";"7736";"351.";"5.5";"2.1";"88.";"8.";"0.00";"0.00";"0.00"
"2017";"11";"19";"7";"8";"7737";"350.";"6.1";"1.9";"87.";"8.";"0.00";"0.00";"0.00"
"2017";"11";"19";"7";"9";"7738";"345.";"6.1";"1.6";"88.";"8.";"23.30";"0.00";"23.30"
"2017";"11";"19";"7";"10";"7739";"350.";"6.2";"0.4";"93.";"8.";"21.22";"0.00";"21.22"
"2017";"11";"19";"7";"11";"7740";"357.";"6.1";"0.2";"95.";"8.";"29.29";"0.00";"29.29"
"2017";"11";"19";"7";"12";"7741";"5.";"6.2";"0.4";"94.";"8.";"30.90";"0.00";"30.90"
"2017";"11";"19";"7";"13";"7742";"5.";"5.4";"0.5";"92.";"8.";"48.68";"0.00";"48.68"
"2017";"11";"19";"7";"14";"7743";"358.";"4.4";"0.4";"91.";"4.";"56.00";"227.40";"29.93"
"2017";"11";"19";"7";"15";"7744";"1.";"3.5";"0.1";"90.";"3.";"0.00";"0.00";"0.00"
"2017";"11";"19";"7";"16";"7745";"345.";"3.1";"-0.6";"89.";"4.";"0.00";"0.00";"0.00"
"2017";"11";"19";"7";"17";"7746";"0.";"2.5";"-0.9";"87.";"4.";"0.00";"0.00";"0.00"
"2017";"11";"19";"7";"18";"7747";"6.";"2.2";"-1.5";"88.";"3.";"0.00";"0.00";"0.00"
"2017";"11";"19";"7";"19";"7748";"13.";"1.9";"-1.9";"89.";"3.";"0.00";"0.00";"0.00"
"2017";"11";"19";"7";"20";"7749";"15.";"1.9";"-2.4";"89.";"1.";"0.00";"0.00";"0.00"
"2017";"11";"19";"7";"21";"7750";"14.";"2.0";"-3.0";"89.";"3.";"0.00";"0.00";"0.00"
"2017";"11";"19";"7";"22";"7751";"22.";"1.9";"-3.2";"90.";"6.";"0.00";"0.00";"0.00"
"2017";"11";"19";"7";"23";"7752";"22.";"1.6";"-3.3";"90.";"7.";"0.00";"0.00";"0.00"
"2017";"11";"20";"1";"0";"7753";"0.";"1.3";"-3.2";"91.";"8.";"0.00";"0.00";"0.00"
"2017";"11";"20";"1";"1";"7754";"26.";"1.5";"-3.3";"90.";"5.";"0.00";"0.00";"0.00"
"2017";"11";"20";"1";"2";"7755";"26.";"1.4";"-3.1";"91.";"8.";"0.00";"0.00";"0.00"
"2017";"11";"20";"1";"3";"7756";"53.";"1.2";"-3.3";"91.";"8.";"0.00";"0.00";"0.00"
"2017";"11";"20";"1";"4";"7757";"349.";"0.7";"-3.4";"91.";"7.";"0.00";"0.00";"0.00"
"2017";"11";"20";"1";"5";"7758";"40.";"1.1";"-3.3";"91.";"5.";"0.00";"0.00";"0.00"
"2017";"11";"20";"1";"6";"7759";"48.";"1.2";"-4.1";"91.";"2.";"0.00";"0.00";"0.00"
"2017";"11";"20";"1";"7";"7760";"53.";"0.9";"-4.8";"90.";"2.";"0.00";"0.00";"0.00"
"2017";"11";"20";"1";"8";"7761";"44.";"0.9";"-4.6";"90.";"1.";"0.00";"0.00";"0.00"
"2017";"11";"20";"1";"9";"7762";"53.";"1.1";"-3.0";"89.";"4.";"65.14";"240.90";"38.37"
"2017";"11";"20";"1";"10";"7763";"61.";"1.1";"-1.9";"85.";"3.";"135.74";"404.05";"64.33"
"2017";"11";"20";"1";"11";"7764";"56.";"0.8";"-0.9";"81.";"1.";"191.39";"617.33";"61.32"
"2017";"11";"20";"1";"12";"7765";"70.";"0.7";"-1.0";"79.";"2.";"179.78";"512.44";"71.81"
"2017";"11";"20";"1";"13";"7766";"59.";"0.4";"-1.0";"81.";"2.";"145.22";"483.89";"59.70"
"2017";"11";"20";"1";"14";"7767";"51.";"0.8";"-2.1";"85.";"1.";"80.15";"419.67";"33.53"
"2017";"11";"20";"1";"15";"7768";"74.";"0.9";"-2.9";"86.";"7.";"0.00";"0.00";"0.00"
"2017";"11";"20";"1";"16";"7769";"88.";"1.2";"-3.2";"88.";"6.";"0.00";"0.00";"0.00"
"2017";"11";"20";"1";"17";"7770";"90.";"1.8";"-3.3";"90.";"7.";"0.00";"0.00";"0.00"
"2017";"11";"20";"1";"18";"7771";"95.";"2.0";"-3.4";"92.";"8.";"0.00";"0.00";"0.00"
"2017";"11";"20";"1";"19";"7772";"94.";"1.9";"-3.5";"92.";"7.";"0.00";"0.00";"0.00"
"2017";"11";"20";"1";"20";"7773";"101.";"1.9";"-3.6";"92.";"8.";"0.00";"0.00";"0.00"
"2017";"11";"20";"1";"21";"7774";"97.";"2.4";"-3.8";"92.";"8.";"0.00";"0.00";"0.00"
"2017";"11";"20";"1";"22";"7775";"98.";"2.9";"-3.9";"93.";"8.";"0.00";"0.00";"0.00"
"2017";"11";"20";"1";"23";"7776";"105.";"2.6";"-4.0";"93.";"7.";"0.00";"0.00";"0.00"
"2017";"11";"21";"2";"0";"7777";"106.";"2.8";"-4.1";"93.";"5.";"0.00";"0.00";"0.00"
"2017";"11";"21";"2";"1";"7778";"108.";"2.7";"-4.2";"93.";"7.";"0.00";"0.00";"0.00"
"2017";"11";"21";"2";"2";"7779";"104.";"2.4";"-4.5";"92.";"6.";"0.00";"0.00";"0.00"
"2017";"11";"21";"2";"3";"7780";"92.";"2.2";"-4.7";"93.";"5.";"0.00";"0.00";"0.00"
"2017";"11";"21";"2";"4";"7781";"86.";"2.5";"-4.6";"92.";"4.";"0.00";"0.00";"0.00"
"2017";"11";"21";"2";"5";"7782";"92.";"1.8";"-4.6";"92.";"4.";"0.00";"0.00";"0.00"
"2017";"11";"21";"2";"6";"7783";"90.";"2.6";"-4.5";"92.";"1.";"0.00";"0.00";"0.00"
"2017";"11";"21";"2";"7";"7784";"97.";"2.3";"-4.3";"91.";"4.";"0.00";"0.00";"0.00"
"2017";"11";"21";"2";"8";"7785";"98.";"2.7";"-4.3";"91.";"0.";"0.00";"0.00";"0.00"
"2017";"11";"21";"2";"9";"7786";"95.";"2.8";"-3.9";"89.";"3.";"72.54";"290.82";"41.23"
"2017";"11";"21";"2";"10";"7787";"99.";"2.5";"-3.3";"87.";"8.";"62.03";"0.00";"62.03"
"2017";"11";"21";"2";"11";"7788";"96.";"2.8";"-2.6";"85.";"5.";"135.37";"243.65";"84.90"
"2017";"11";"21";"2";"12";"7789";"86.";"2.6";"-1.7";"84.";"1.";"189.37";"578.23";"69.61"
"2017";"11";"21";"2";"13";"7790";"92.";"2.4";"-1.5";"83.";"2.";"138.26";"448.26";"60.62"
"2017";"11";"21";"2";"14";"7791";"85.";"2.2";"-1.7";"84.";"6.";"47.68";"115.84";"35.21"
"2017";"11";"21";"2";"15";"7792";"82.";"2.7";"-2.2";"87.";"6.";"0.00";"0.00";"0.00"
"2017";"11";"21";"2";"16";"7793";"88.";"2.9";"-2.5";"88.";"7.";"0.00";"0.00";"0.00"
"2017";"11";"21";"2";"17";"7794";"94.";"3.1";"-2.7";"89.";"8.";"0.00";"0.00";"0.00"
"2017";"11";"21";"2";"18";"7795";"95.";"3.3";"-3.4";"90.";"8.";"0.00";"0.00";"0.00"
"2017";"11";"21";"2";"19";"7796";"105.";"2.9";"-3.6";"90.";"7.";"0.00";"0.00";"0.00"
"2017";"11";"21";"2";"20";"7797";"105.";"3.0";"-3.6";"90.";"7.";"0.00";"0.00";"0.00"
"2017";"11";"21";"2";"21";"7798";"100.";"3.4";"-3.7";"90.";"7.";"0.00";"0.00";"0.00"
"2017";"11";"21";"2";"22";"7799";"106.";"3.7";"-3.3";"89.";"7.";"0.00";"0.00";"0.00"
"2017";"11";"21";"2";"23";"7800";"108.";"4.4";"-3.1";"89.";"5.";"0.00";"0.00";"0.00"
"2017";"11";"22";"3";"0";"7801";"111.";"4.6";"-2.8";"88.";"8.";"0.00";"0.00";"0.00"
"2017";"11";"22";"3";"1";"7802";"108.";"4.9";"-2.6";"87.";"8.";"0.00";"0.00";"0.00"
"2017";"11";"22";"3";"2";"7803";"111.";"5.0";"-2.3";"86.";"8.";"0.00";"0.00";"0.00"
"2017";"11";"22";"3";"3";"7804";"112.";"5.9";"-2.2";"88.";"7.";"0.00";"0.00";"0.00"
"2017";"11";"22";"3";"4";"7805";"111.";"6.7";"-1.8";"92.";"8.";"0.00";"0.00";"0.00"
"2017";"11";"22";"3";"5";"7806";"107.";"6.6";"-1.1";"93.";"8.";"0.00";"0.00";"0.00"
"2017";"11";"22";"3";"6";"7807";"114.";"7.0";"-0.7";"95.";"8.";"0.00";"0.00";"0.00"
"2017";"11";"22";"3";"7";"7808";"120.";"8.3";"-0.2";"96.";"8.";"0.00";"0.00";"0.00"
"2017";"11";"22";"3";"8";"7809";"122.";"8.2";"0.4";"97.";"8.";"0.00";"0.00";"0.00"
"2017";"11";"22";"3";"9";"7810";"129.";"7.6";"1.0";"97.";"8.";"13.76";"0.00";"13.76"
"2017";"11";"22";"3";"10";"7811";"133.";"7.3";"1.3";"96.";"8.";"28.43";"0.00";"28.43"
"2017";"11";"22";"3";"11";"7812";"138.";"7.4";"1.8";"95.";"8.";"60.87";"0.00";"60.87"
"2017";"11";"22";"3";"12";"7813";"139.";"6.8";"2.1";"95.";"8.";"36.15";"0.00";"36.15"
"2017";"11";"22";"3";"13";"7814";"132.";"6.5";"2.5";"96.";"8.";"49.88";"0.00";"49.88"
"2017";"11";"22";"3";"14";"7815";"132.";"6.1";"3.1";"97.";"8.";"12.36";"0.00";"12.36"
"2017";"11";"22";"3";"15";"7816";"133.";"6.1";"3.7";"97.";"8.";"0.00";"0.00";"0.00"
"2017";"11";"22";"3";"16";"7817";"124.";"5.8";"4.4";"97.";"8.";"0.00";"0.00";"0.00"
"2017";"11";"22";"3";"17";"7818";"139.";"5.9";"5.1";"97.";"8.";"0.00";"0.00";"0.00"
"2017";"11";"22";"3";"18";"7819";"185.";"7.3";"6.4";"97.";"8.";"0.00";"0.00";"0.00"
"2017";"11";"22";"3";"19";"7820";"198.";"7.7";"8.5";"97.";"8.";"0.00";"0.00";"0.00"
"2017";"11";"22";"3";"20";"7821";"196.";"8.1";"9.1";"97.";"8.";"0.00";"0.00";"0.00"
"2017";"11";"22";"3";"21";"7822";"194.";"8.0";"8.9";"96.";"8.";"0.00";"0.00";"0.00"
"2017";"11";"22";"3";"22";"7823";"185.";"8.1";"8.9";"94.";"8.";"0.00";"0.00";"0.00"
"2017";"11";"22";"3";"23";"7824";"184.";"8.1";"8.7";"93.";"8.";"0.00";"0.00";"0.00"
"2017";"11";"23";"4";"0";"7825";"184.";"8.3";"8.6";"90.";"7.";"0.00";"0.00";"0.00"
"2017";"11";"23";"4";"1";"7826";"179.";"8.2";"8.5";"89.";"7.";"0.00";"0.00";"0.00"
"2017";"11";"23";"4";"2";"7827";"180.";"8.4";"8.4";"86.";"4.";"0.00";"0.00";"0.00"
"2017";"11";"23";"4";"3";"7828";"176.";"8.5";"8.2";"85.";"5.";"0.00";"0.00";"0.00"
"2017";"11";"23";"4";"4";"7829";"178.";"8.5";"8.5";"83.";"8.";"0.00";"0.00";"0.00"
"2017";"11";"23";"4";"5";"7830";"176.";"8.4";"8.7";"80.";"8.";"0.00";"0.00";"0.00"
"2017";"11";"23";"4";"6";"7831";"174.";"8.6";"8.7";"79.";"7.";"0.00";"0.00";"0.00"
"2017";"11";"23";"4";"7";"7832";"168.";"8.6";"8.8";"78.";"7.";"0.00";"0.00";"0.00"
"2017";"11";"23";"4";"8";"7833";"172.";"8.4";"9.3";"76.";"8.";"0.00";"0.00";"0.00"
"2017";"11";"23";"4";"9";"7834";"170.";"8.8";"9.9";"74.";"8.";"31.41";"0.00";"31.41"
"2017";"11";"23";"4";"10";"7835";"174.";"9.4";"10.1";"73.";"8.";"75.68";"0.00";"75.68"
"2017";"11";"23";"4";"11";"7836";"177.";"8.9";"10.0";"74.";"8.";"49.18";"0.00";"49.18"
"2017";"11";"23";"4";"12";"7837";"169.";"8.7";"9.8";"75.";"8.";"101.00";"0.00";"101.00"
"2017";"11";"23";"4";"13";"7838";"172.";"8.9";"9.4";"76.";"7.";"52.04";"58.26";"42.34"
"2017";"11";"23";"4";"14";"7839";"175.";"9.0";"8.5";"87.";"8.";"8.14";"0.00";"8.14"
"2017";"11";"23";"4";"15";"7840";"184.";"9.6";"8.6";"91.";"8.";"0.00";"0.00";"0.00"
"2017";"11";"23";"4";"16";"7841";"201.";"9.6";"9.1";"92.";"8.";"0.00";"0.00";"0.00"
"2017";"11";"23";"4";"17";"7842";"219.";"8.9";"9.5";"92.";"8.";"0.00";"0.00";"0.00"
"2017";"11";"23";"4";"18";"7843";"238.";"8.1";"8.7";"80.";"3.";"0.00";"0.00";"0.00"
"2017";"11";"23";"4";"19";"7844";"229.";"7.2";"8.0";"78.";"1.";"0.00";"0.00";"0.00"
"2017";"11";"23";"4";"20";"7845";"223.";"7.0";"7.5";"78.";"2.";"0.00";"0.00";"0.00"
"2017";"11";"23";"4";"21";"7846";"217.";"7.4";"7.5";"78.";"1.";"0.00";"0.00";"0.00"
"2017";"11";"23";"4";"22";"7847";"211.";"8.3";"7.7";"76.";"2.";"0.00";"0.00";"0.00"
"2017";"11";"23";"4";"23";"7848";"204.";"9.6";"8.0";"76.";"8.";"0.00";"0.00";"0.00"
"2017";"11";"24";"5";"0";"7849";"211.";"10.9";"8.0";"78.";"8.";"0.00";"0.00";"0.00"
"2017";"11";"24";"5";"1";"7850";"220.";"10.3";"7.6";"80.";"7.";"0.00";"0.00";"0.00"
"2017";"11";"24";"5";"2";"7851";"234.";"7.4";"7.2";"80.";"5.";"0.00";"0.00";"0.00"
"2017";"11";"24";"5";"3";"7852";"235.";"6.9";"7.0";"82.";"8.";"0.00";"0.00";"0.00"
"2017";"11";"24";"5";"4";"7853";"230.";"5.9";"6.6";"82.";"2.";"0.00";"0.00";"0.00"
"2017";"11";"24";"5";"5";"7854";"225.";"5.5";"6.2";"82.";"7.";"0.00";"0.00";"0.00"
"2017";"11";"24";"5";"6";"7855";"222.";"5.0";"6.3";"81.";"4.";"0.00";"0.00";"0.00"
"2017";"11";"24";"5";"7";"7856";"224.";"5.1";"6.2";"79.";"5.";"0.00";"0.00";"0.00"
"2017";"11";"24";"5";"8";"7857";"216.";"4.7";"6.3";"80.";"3.";"0.00";"0.00";"0.00"
"2017";"11";"24";"5";"9";"7858";"223.";"4.8";"6.6";"79.";"6.";"27.04";"76.84";"19.52"
"2017";"11";"24";"5";"10";"7859";"221.";"5.0";"6.7";"75.";"8.";"80.16";"0.00";"80.16"
"2017";"11";"24";"5";"11";"7860";"219.";"4.1";"6.9";"76.";"6.";"120.72";"133.05";"94.51"
"2017";"11";"24";"5";"12";"7861";"227.";"3.6";"6.9";"75.";"7.";"69.86";"72.14";"55.65"
"2017";"11";"24";"5";"13";"7862";"239.";"3.0";"6.5";"77.";"5.";"78.20";"191.02";"47.03"
"2017";"11";"24";"5";"14";"7863";"245.";"3.0";"6.1";"78.";"6.";"39.70";"81.16";"31.75"
"2017";"11";"24";"5";"15";"7864";"232.";"2.1";"4.5";"82.";"5.";"0.00";"0.00";"0.00"
"2017";"11";"24";"5";"16";"7865";"228.";"2.4";"3.6";"85.";"7.";"0.00";"0.00";"0.00"
"2017";"11";"24";"5";"17";"7866";"240.";"3.3";"3.1";"88.";"4.";"0.00";"0.00";"0.00"
"2017";"11";"24";"5";"18";"7867";"230.";"2.8";"2.1";"89.";"4.";"0.00";"0.00";"0.00"
"2017";"11";"24";"5";"19";"7868";"243.";"3.3";"2.9";"84.";"7.";"0.00";"0.00";"0.00"
"2017";"11";"24";"5";"20";"7869";"261.";"2.7";"3.7";"89.";"7.";"0.00";"0.00";"0.00"
"2017";"11";"24";"5";"21";"7870";"247.";"3.0";"2.9";"87.";"3.";"0.00";"0.00";"0.00"
"2017";"11";"24";"5";"22";"7871";"240.";"3.4";"2.9";"86.";"6.";"0.00";"0.00";"0.00"
"2017";"11";"24";"5";"23";"7872";"230.";"2.5";"2.9";"88.";"8.";"0.00";"0.00";"0.00"
"2017";"11";"25";"6";"0";"7873";"222.";"2.0";"2.3";"89.";"1.";"0.00";"0.00";"0.00"
"2017";"11";"25";"6";"1";"7874";"218.";"2.4";"1.0";"91.";"3.";"0.00";"0.00";"0.00"
"2017";"11";"25";"6";"2";"7875";"220.";"2.3";"1.0";"90.";"2.";"0.00";"0.00";"0.00"
"2017";"11";"25";"6";"3";"7876";"210.";"2.9";"1.3";"92.";"1.";"0.00";"0.00";"0.00"
"2017";"11";"25";"6";"4";"7877";"199.";"3.3";"2.0";"91.";"0.";"0.00";"0.00";"0.00"
"2017";"11";"25";"6";"5";"7878";"207.";"4.0";"2.8";"89.";"0.";"0.00";"0.00";"0.00"
"2017";"11";"25";"6";"6";"7879";"199.";"4.1";"3.7";"86.";"1.";"0.00";"0.00";"0.00"
"2017";"11";"25";"6";"7";"7880";"204.";"4.0";"3.8";"87.";"1.";"0.00";"0.00";"0.00"
"2017";"11";"25";"6";"8";"7881";"206.";"4.7";"4.1";"84.";"2.";"0.00";"0.00";"0.00"
"2017";"11";"25";"6";"9";"7882";"207.";"5.1";"4.9";"82.";"0.";"52.82";"326.95";"21.81"
"2017";"11";"25";"6";"10";"7883";"208.";"5.4";"5.6";"78.";"6.";"65.69";"134.35";"44.18"
"2017";"11";"25";"6";"11";"7884";"207.";"5.7";"6.1";"73.";"3.";"131.43";"381.97";"57.40"
"2017";"11";"25";"6";"12";"7885";"208.";"5.6";"6.4";"73.";"0.";"169.74";"614.51";"50.64"
"2017";"11";"25";"6";"13";"7886";"211.";"4.9";"5.9";"73.";"1.";"120.87";"474.94";"44.86"
"2017";"11";"25";"6";"14";"7887";"227.";"3.9";"5.3";"79.";"3.";"41.01";"204.53";"21.62"
"2017";"11";"25";"6";"15";"7888";"210.";"3.9";"5.0";"79.";"1.";"0.00";"0.00";"0.00"
"2017";"11";"25";"6";"16";"7889";"212.";"3.8";"4.2";"81.";"3.";"0.00";"0.00";"0.00"
"2017";"11";"25";"6";"17";"7890";"220.";"2.9";"4.2";"84.";"3.";"0.00";"0.00";"0.00"
"2017";"11";"25";"6";"18";"7891";"219.";"2.8";"3.6";"86.";"8.";"0.00";"0.00";"0.00"
"2017";"11";"25";"6";"19";"7892";"222.";"2.5";"2.7";"88.";"7.";"0.00";"0.00";"0.00"
"2017";"11";"25";"6";"20";"7893";"212.";"2.2";"2.8";"89.";"1.";"0.00";"0.00";"0.00"
"2017";"11";"25";"6";"21";"7894";"210.";"2.9";"2.5";"88.";"6.";"0.00";"0.00";"0.00"
"2017";"11";"25";"6";"22";"7895";"212.";"2.9";"2.5";"89.";"4.";"0.00";"0.00";"0.00"
"2017";"11";"25";"6";"23";"7896";"197.";"2.6";"2.1";"89.";"4.";"0.00";"0.00";"0.00"
"2017";"11";"26";"7";"0";"7897";"205.";"3.1";"2.4";"90.";"6.";"0.00";"0.00";"0.00"
"2017";"11";"26";"7";"1";"7898";"219.";"3.1";"2.7";"88.";"6.";"0.00";"0.00";"0.00"
"2017";"11";"26";"7";"2";"7899";"200.";"3.3";"2.3";"90.";"3.";"0.00";"0.00";"0.00"
"2017";"11";"26";"7";"3";"7900";"198.";"3.4";"2.7";"88.";"4.";"0.00";"0.00";"0.00"
"2017";"11";"26";"7";"4";"7901";"198.";"4.0";"3.4";"86.";"5.";"0.00";"0.00";"0.00"
"2017";"11";"26";"7";"5";"7902";"191.";"4.9";"3.8";"85.";"6.";"0.00";"0.00";"0.00"
"2017";"11";"26";"7";"6";"7903";"195.";"5.4";"3.9";"84.";"6.";"0.00";"0.00";"0.00"
"2017";"11";"26";"7";"7";"7904";"205.";"6.1";"4.3";"86.";"8.";"0.00";"0.00";"0.00"
"2017";"11";"26";"7";"8";"7905";"209.";"5.8";"4.4";"88.";"7.";"0.00";"0.00";"0.00"
"2017";"11";"26";"7";"9";"7906";"217.";"4.9";"4.4";"93.";"8.";"7.16";"0.00";"7.16"
"2017";"11";"26";"7";"10";"7907";"219.";"4.4";"4.9";"92.";"8.";"34.59";"0.00";"34.59"
"2017";"11";"26";"7";"11";"7908";"220.";"4.7";"5.6";"90.";"7.";"65.70";"70.06";"52.34"
"2017";"11";"26";"7";"12";"7909";"215.";"5.5";"6.0";"88.";"8.";"49.02";"0.00";"49.02"
"2017";"11";"26";"7";"13";"7910";"211.";"6.8";"6.3";"86.";"8.";"36.97";"0.00";"36.97"
"2017";"11";"26";"7";"14";"7911";"215.";"7.4";"5.9";"87.";"8.";"7.79";"0.00";"7.79"
"2017";"11";"26";"7";"15";"7912";"215.";"7.5";"5.4";"88.";"8.";"0.00";"0.00";"0.00"
"2017";"11";"26";"7";"16";"7913";"219.";"7.3";"6.0";"89.";"8.";"0.00";"0.00";"0.00"
"2017";"11";"26";"7";"17";"7914";"227.";"8.2";"5.6";"88.";"8.";"0.00";"0.00";"0.00"
"2017";"11";"26";"7";"18";"7915";"228.";"7.1";"5.9";"87.";"8.";"0.00";"0.00";"0.00"
"2017";"11";"26";"7";"19";"7916";"232.";"8.1";"6.1";"86.";"7.";"0.00";"0.00";"0.00"
"2017";"11";"26";"7";"20";"7917";"231.";"7.4";"6.3";"84.";"7.";"0.00";"0.00";"0.00"
"2017";"11";"26";"7";"21";"7918";"234.";"7.9";"6.2";"86.";"8.";"0.00";"0.00";"0.00"
"2017";"11";"26";"7";"22";"7919";"242.";"7.1";"6.2";"88.";"8.";"0.00";"0.00";"0.00"
"2017";"11";"26";"7";"23";"7920";"262.";"4.3";"6.3";"85.";"8.";"0.00";"0.00";"0.00"
"2017";"11";"27";"1";"0";"7921";"264.";"3.8";"5.9";"85.";"7.";"0.00";"0.00";"0.00"
"2017";"11";"27";"1";"1";"7922";"270.";"3.7";"5.5";"88.";"8.";"0.00";"0.00";"0.00"
"2017";"11";"27";"1";"2";"7923";"269.";"3.7";"5.3";"86.";"8.";"0.00";"0.00";"0.00"
"2017";"11";"27";"1";"3";"7924";"267.";"2.5";"4.5";"85.";"7.";"0.00";"0.00";"0.00"
"2017";"11";"27";"1";"4";"7925";"255.";"1.8";"4.2";"86.";"7.";"0.00";"0.00";"0.00"
"2017";"11";"27";"1";"5";"7926";"241.";"1.3";"4.4";"88.";"6.";"0.00";"0.00";"0.00"
"2017";"11";"27";"1";"6";"7927";"242.";"1.7";"4.6";"86.";"6.";"0.00";"0.00";"0.00"
"2017";"11";"27";"1";"7";"7928";"252.";"2.6";"4.8";"87.";"7.";"0.00";"0.00";"0.00"
"2017";"11";"27";"1";"8";"7929";"251.";"3.7";"5.0";"88.";"8.";"0.00";"0.00";"0.00"
"2017";"11";"27";"1";"9";"7930";"236.";"4.8";"5.8";"88.";"8.";"7.27";"0.00";"7.27"
"2017";"11";"27";"1";"10";"7931";"229.";"5.6";"6.1";"86.";"7.";"46.82";"52.96";"38.66"
"2017";"11";"27";"1";"11";"7932";"222.";"4.9";"6.0";"84.";"8.";"47.80";"0.00";"47.80"
"2017";"11";"27";"1";"12";"7933";"205.";"4.8";"6.3";"83.";"6.";"80.10";"140.56";"53.70"
"2017";"11";"27";"1";"13";"7934";"191.";"4.6";"6.0";"82.";"6.";"59.73";"116.20";"41.83"
"2017";"11";"27";"1";"14";"7935";"178.";"5.8";"5.5";"84.";"7.";"17.10";"25.79";"14.81"
"2017";"11";"27";"1";"15";"7936";"161.";"5.7";"4.9";"88.";"7.";"0.00";"0.00";"0.00"
"2017";"11";"27";"1";"16";"7937";"152.";"6.7";"4.4";"89.";"8.";"0.00";"0.00";"0.00"
"2017";"11";"27";"1";"17";"7938";"140.";"6.6";"4.0";"91.";"8.";"0.00";"0.00";"0.00"
"2017";"11";"27";"1";"18";"7939";"132.";"6.7";"3.6";"92.";"8.";"0.00";"0.00";"0.00"
"2017";"11";"27";"1";"19";"7940";"128.";"6.9";"3.1";"93.";"8.";"0.00";"0.00";"0.00"
"2017";"11";"27";"1";"20";"7941";"125.";"6.5";"2.6";"93.";"8.";"0.00";"0.00";"0.00"
"2017";"11";"27";"1";"21";"7942";"133.";"5.1";"2.4";"94.";"8.";"0.00";"0.00";"0.00"
"2017";"11";"27";"1";"22";"7943";"140.";"3.7";"2.3";"94.";"8.";"0.00";"0.00";"0.00"
"2017";"11";"27";"1";"23";"7944";"142.";"2.4";"2.5";"94.";"8.";"0.00";"0.00";"0.00"
"2017";"11";"28";"2";"0";"7945";"177.";"2.0";"2.7";"95.";"8.";"0.00";"0.00";"0.00"
"2017";"11";"28";"2";"1";"7946";"175.";"2.1";"3.1";"94.";"7.";"0.00";"0.00";"0.00"
"2017";"11";"28";"2";"2";"7947";"151.";"1.7";"3.2";"94.";"8.";"0.00";"0.00";"0.00"
"2017";"11";"28";"2";"3";"7948";"103.";"1.8";"3.0";"95.";"8.";"0.00";"0.00";"0.00"
"2017";"11";"28";"2";"4";"7949";"110.";"3.9";"2.7";"96.";"8.";"0.00";"0.00";"0.00"
"2017";"11";"28";"2";"5";"7950";"102.";"2.0";"2.8";"95.";"8.";"0.00";"0.00";"0.00"
"2017";"11";"28";"2";"6";"7951";"100.";"2.6";"2.9";"95.";"8.";"0.00";"0.00";"0.00"
"2017";"11";"28";"2";"7";"7952";"113.";"2.3";"2.9";"95.";"8.";"0.00";"0.00";"0.00"
"2017";"11";"28";"2";"8";"7953";"103.";"2.3";"2.6";"95.";"8.";"0.00";"0.00";"0.00"
"2017";"11";"28";"2";"9";"7954";"91.";"2.2";"2.2";"95.";"8.";"7.56";"0.00";"7.56"
"2017";"11";"28";"2";"10";"7955";"76.";"2.2";"2.4";"95.";"8.";"20.23";"0.00";"20.23"
"2017";"11";"28";"2";"11";"7956";"79.";"2.5";"2.9";"95.";"8.";"27.95";"0.00";"27.95"
"2017";"11";"28";"2";"12";"7957";"60.";"2.9";"3.0";"95.";"8.";"26.98";"0.00";"26.98"
"2017";"11";"28";"2";"13";"7958";"52.";"2.7";"2.6";"94.";"8.";"19.66";"0.00";"19.66"
"2017";"11";"28";"2";"14";"7959";"37.";"2.9";"2.3";"94.";"8.";"7.62";"0.00";"7.62"
"2017";"11";"28";"2";"15";"7960";"41.";"2.8";"2.1";"95.";"8.";"0.00";"0.00";"0.00"
"2017";"11";"28";"2";"16";"7961";"45.";"3.1";"2.3";"95.";"8.";"0.00";"0.00";"0.00"
"2017";"11";"28";"2";"17";"7962";"41.";"3.0";"2.2";"94.";"8.";"0.00";"0.00";"0.00"
"2017";"11";"28";"2";"18";"7963";"32.";"2.8";"2.0";"95.";"8.";"0.00";"0.00";"0.00"
"2017";"11";"28";"2";"19";"7964";"19.";"2.6";"2.0";"95.";"8.";"0.00";"0.00";"0.00"
"2017";"11";"28";"2";"20";"7965";"17.";"2.8";"1.9";"95.";"8.";"0.00";"0.00";"0.00"
"2017";"11";"28";"2";"21";"7966";"6.";"2.5";"1.7";"94.";"8.";"0.00";"0.00";"0.00"
"2017";"11";"28";"2";"22";"7967";"350.";"2.8";"1.6";"94.";"8.";"0.00";"0.00";"0.00"
"2017";"11";"28";"2";"23";"7968";"355.";"2.4";"1.4";"94.";"8.";"0.00";"0.00";"0.00"
"2017";"11";"29";"3";"0";"7969";"347.";"2.0";"1.1";"94.";"8.";"0.00";"0.00";"0.00"
"2017";"11";"29";"3";"1";"7970";"341.";"1.9";"1.2";"94.";"8.";"0.00";"0.00";"0.00"
"2017";"11";"29";"3";"2";"7971";"324.";"1.6";"1.2";"94.";"8.";"0.00";"0.00";"0.00"
"2017";"11";"29";"3";"3";"7972";"335.";"1.2";"1.1";"93.";"8.";"0.00";"0.00";"0.00"
"2017";"11";"29";"3";"4";"7973";"351.";"0.9";"1.1";"94.";"8.";"0.00";"0.00";"0.00"
"2017";"11";"29";"3";"5";"7974";"60.";"0.3";"1.0";"94.";"8.";"0.00";"0.00";"0.00"
"2017";"11";"29";"3";"6";"7975";"9.";"0.4";"0.7";"95.";"8.";"0.00";"0.00";"0.00"
"2017";"11";"29";"3";"7";"7976";"10.";"0.6";"0.6";"95.";"8.";"0.00";"0.00";"0.00"
"2017";"11";"29";"3";"8";"7977";"345.";"0.3";"0.7";"95.";"8.";"0.00";"0.00";"0.00"
"2017";"11";"29";"3";"9";"7978";"14.";"0.4";"0.9";"95.";"8.";"13.66";"0.00";"13.66"
"2017";"11";"29";"3";"10";"7979";"40.";"0.8";"1.0";"94.";"6.";"61.08";"137.45";"40.66"
"2017";"11";"29";"3";"11";"7980";"52.";"0.9";"1.1";"94.";"8.";"47.43";"0.00";"47.43"
"2017";"11";"29";"3";"12";"7981";"19.";"1.2";"1.2";"92.";"8.";"49.01";"0.00";"49.01"
"2017";"11";"29";"3";"13";"7982";"320.";"0.8";"1.4";"90.";"7.";"50.68";"70.31";"40.23"
"2017";"11";"29";"3";"14";"7983";"300.";"0.9";"1.4";"89.";"6.";"23.84";"81.85";"16.99"
"2017";"11";"29";"3";"15";"7984";"360.";"0.5";"1.3";"89.";"8.";"0.00";"0.00";"0.00"
"2017";"11";"29";"3";"16";"7985";"61.";"0.8";"1.0";"90.";"8.";"0.00";"0.00";"0.00"
"2017";"11";"29";"3";"17";"7986";"49.";"1.0";"1.0";"92.";"6.";"0.00";"0.00";"0.00"
"2017";"11";"29";"3";"18";"7987";"60.";"1.2";"1.0";"93.";"8.";"0.00";"0.00";"0.00"
"2017";"11";"29";"3";"19";"7988";"71.";"1.1";"1.0";"93.";"8.";"0.00";"0.00";"0.00"
"2017";"11";"29";"3";"20";"7989";"73.";"1.1";"1.0";"93.";"8.";"0.00";"0.00";"0.00"
"2017";"11";"29";"3";"21";"7990";"60.";"0.2";"1.1";"93.";"8.";"0.00";"0.00";"0.00"
"2017";"11";"29";"3";"22";"7991";"122.";"0.9";"1.0";"93.";"8.";"0.00";"0.00";"0.00"
"2017";"11";"29";"3";"23";"7992";"124.";"0.4";"0.9";"93.";"8.";"0.00";"0.00";"0.00"
"2017";"11";"30";"4";"0";"7993";"64.";"0.2";"0.8";"93.";"8.";"0.00";"0.00";"0.00"
"2017";"11";"30";"4";"1";"7994";"95.";"0.8";"0.5";"94.";"8.";"0.00";"0.00";"0.00"
"2017";"11";"30";"4";"2";"7995";"96.";"1.5";"0.4";"95.";"8.";"0.00";"0.00";"0.00"
"2017";"11";"30";"4";"3";"7996";"97.";"1.3";"0.1";"95.";"8.";"0.00";"0.00";"0.00"
"2017";"11";"30";"4";"4";"7997";"47.";"1.0";"-0.1";"95.";"8.";"0.00";"0.00";"0.00"
"2017";"11";"30";"4";"5";"7998";"50.";"0.5";"0.0";"95.";"7.";"0.00";"0.00";"0.00"
"2017";"11";"30";"4";"6";"7999";"54.";"1.0";"0.1";"95.";"6.";"0.00";"0.00";"0.00"
"2017";"11";"30";"4";"7";"8000";"39.";"1.2";"-0.1";"96.";"6.";"0.00";"0.00";"0.00"
"2017";"11";"30";"4";"8";"8001";"45.";"1.5";"-0.2";"95.";"7.";"0.00";"0.00";"0.00"
"2017";"11";"30";"4";"9";"8002";"60.";"1.8";"-0.1";"96.";"7.";"17.13";"30.41";"14.66"
"2017";"11";"30";"4";"10";"8003";"68.";"1.8";"0.4";"96.";"6.";"56.54";"103.36";"41.46"
"2017";"11";"30";"4";"11";"8004";"59.";"2.0";"0.8";"95.";"4.";"103.53";"251.47";"58.39"
"2017";"11";"30";"4";"12";"8005";"52.";"1.9";"1.2";"93.";"8.";"46.81";"0.00";"46.81"
"2017";"11";"30";"4";"13";"8006";"33.";"1.7";"1.1";"92.";"5.";"68.95";"181.82";"42.42"
"2017";"11";"30";"4";"14";"8007";"36.";"1.9";"0.5";"93.";"6.";"21.65";"69.15";"16.04"
"2017";"11";"30";"4";"15";"8008";"49.";"1.4";"-0";"93.";"7.";"0.00";"0.00";"0.00"
"2017";"11";"30";"4";"16";"8009";"41.";"1.4";"-0.2";"94.";"7.";"0.00";"0.00";"0.00"
"2017";"11";"30";"4";"17";"8010";"64.";"1.5";"0.1";"94.";"8.";"0.00";"0.00";"0.00"
"2017";"11";"30";"4";"18";"8011";"49.";"1.5";"0.4";"94.";"8.";"0.00";"0.00";"0.00"
"2017";"11";"30";"4";"19";"8012";"37.";"1.9";"0.6";"94.";"8.";"0.00";"0.00";"0.00"
"2017";"11";"30";"4";"20";"8013";"34.";"2.5";"0.9";"94.";"7.";"0.00";"0.00";"0.00"
"2017";"11";"30";"4";"21";"8014";"53.";"3.2";"1.1";"94.";"8.";"0.00";"0.00";"0.00"
"2017";"11";"30";"4";"22";"8015";"55.";"2.8";"1.1";"92.";"8.";"0.00";"0.00";"0.00"
"2017";"11";"30";"4";"23";"8016";"51.";"3.2";"1.1";"92.";"6.";"0.00";"0.00";"0.00"
"2017";"12";"1";"5";"0";"8017";"37.";"3.0";"1.2";"91.";"8.";"0.00";"0.00";"0.00"
"2017";"12";"1";"5";"1";"8018";"41.";"3.0";"1.0";"89.";"8.";"0.00";"0.00";"0.00"
"2017";"12";"1";"5";"2";"8019";"46.";"3.9";"1.0";"89.";"8.";"0.00";"0.00";"0.00"
"2017";"12";"1";"5";"3";"8020";"45.";"3.0";"0.8";"89.";"6.";"0.00";"0.00";"0.00"
"2017";"12";"1";"5";"4";"8021";"32.";"2.8";"0.2";"90.";"5.";"0.00";"0.00";"0.00"
"2017";"12";"1";"5";"5";"8022";"29.";"3.4";"0.7";"91.";"8.";"0.00";"0.00";"0.00"
"2017";"12";"1";"5";"6";"8023";"19.";"3.3";"1.1";"91.";"8.";"0.00";"0.00";"0.00"
"2017";"12";"1";"5";"7";"8024";"20.";"3.4";"0.9";"90.";"6.";"0.00";"0.00";"0.00"
"2017";"12";"1";"5";"8";"8025";"14.";"3.1";"0.7";"91.";"5.";"0.00";"0.00";"0.00"
"2017";"12";"1";"5";"9";"8026";"13.";"3.1";"0.6";"90.";"6.";"21.70";"77.81";"15.58"
"2017";"12";"1";"5";"10";"8027";"16.";"3.1";"0.7";"89.";"5.";"71.30";"208.36";"41.42"
"2017";"12";"1";"5";"11";"8028";"15.";"3.1";"0.8";"87.";"8.";"47.83";"0.00";"47.83"
"2017";"12";"1";"5";"12";"8029";"18.";"3.0";"0.6";"87.";"4.";"105.08";"279.29";"55.65"
"2017";"12";"1";"5";"13";"8030";"7.";"2.9";"0.6";"87.";"8.";"34.84";"0.00";"34.84"
"2017";"12";"1";"5";"14";"8031";"1.";"2.5";"0.4";"87.";"8.";"13.16";"0.00";"13.16"
"2017";"12";"1";"5";"15";"8032";"359.";"2.1";"0.1";"88.";"5.";"0.00";"0.00";"0.00"
"2017";"12";"1";"5";"16";"8033";"5.";"1.4";"-0.2";"88.";"8.";"0.00";"0.00";"0.00"
"2017";"12";"1";"5";"17";"8034";"344.";"1.0";"-0.4";"88.";"8.";"0.00";"0.00";"0.00"
"2017";"12";"1";"5";"18";"8035";"17.";"1.0";"-0.5";"89.";"6.";"0.00";"0.00";"0.00"
"2017";"12";"1";"5";"19";"8036";"25.";"0.9";"-0.9";"90.";"6.";"0.00";"0.00";"0.00"
"2017";"12";"1";"5";"20";"8037";"355.";"0.9";"-1.5";"91.";"5.";"0.00";"0.00";"0.00"
"2017";"12";"1";"5";"21";"8038";"41.";"0.8";"-2.2";"93.";"5.";"0.00";"0.00";"0.00"
"2017";"12";"1";"5";"22";"8039";"41.";"0.7";"-2.6";"94.";"4.";"0.00";"0.00";"0.00"
"2017";"12";"1";"5";"23";"8040";"86.";"1.3";"-2.8";"93.";"5.";"0.00";"0.00";"0.00"
"2017";"12";"2";"6";"0";"8041";"109.";"0.9";"-2.6";"93.";"5.";"0.00";"0.00";"0.00"
"2017";"12";"2";"6";"1";"8042";"186.";"0.9";"-2.8";"93.";"3.";"0.00";"0.00";"0.00"
"2017";"12";"2";"6";"2";"8043";"184.";"1.6";"-2.7";"92.";"4.";"0.00";"0.00";"0.00"
"2017";"12";"2";"6";"3";"8044";"206.";"2.2";"-2.1";"91.";"7.";"0.00";"0.00";"0.00"
"2017";"12";"2";"6";"4";"8045";"209.";"3.1";"-1.1";"90.";"6.";"0.00";"0.00";"0.00"
"2017";"12";"2";"6";"5";"8046";"221.";"3.7";"0.3";"89.";"5.";"0.00";"0.00";"0.00"
"2017";"12";"2";"6";"6";"8047";"221.";"3.5";"0.4";"90.";"8.";"0.00";"0.00";"0.00"
"2017";"12";"2";"6";"7";"8048";"224.";"3.9";"1.9";"91.";"8.";"0.00";"0.00";"0.00"
"2017";"12";"2";"6";"8";"8049";"230.";"4.3";"3.2";"91.";"8.";"0.00";"0.00";"0.00"
"2017";"12";"2";"6";"9";"8050";"230.";"5.1";"4.1";"91.";"7.";"12.91";"27.53";"10.81"
"2017";"12";"2";"6";"10";"8051";"235.";"5.4";"4.7";"90.";"8.";"31.87";"0.00";"31.87"
"2017";"12";"2";"6";"11";"8052";"237.";"5.4";"4.9";"92.";"8.";"39.10";"0.00";"39.10"
"2017";"12";"2";"6";"12";"8053";"241.";"5.2";"4.9";"94.";"8.";"39.75";"0.00";"39.75"
"2017";"12";"2";"6";"13";"8054";"241.";"5.3";"5.2";"94.";"8.";"27.59";"0.00";"27.59"
"2017";"12";"2";"6";"14";"8055";"242.";"5.3";"5.3";"93.";"8.";"7.78";"0.00";"7.78"
"2017";"12";"2";"6";"15";"8056";"233.";"6.2";"5.4";"91.";"8.";"0.00";"0.00";"0.00"
"2017";"12";"2";"6";"16";"8057";"234.";"6.7";"5.5";"92.";"8.";"0.00";"0.00";"0.00"
"2017";"12";"2";"6";"17";"8058";"229.";"7.0";"5.5";"92.";"8.";"0.00";"0.00";"0.00"
"2017";"12";"2";"6";"18";"8059";"227.";"6.8";"5.5";"94.";"8.";"0.00";"0.00";"0.00"
"2017";"12";"2";"6";"19";"8060";"227.";"6.5";"5.5";"94.";"8.";"0.00";"0.00";"0.00"
"2017";"12";"2";"6";"20";"8061";"225.";"6.6";"5.6";"95.";"8.";"0.00";"0.00";"0.00"
"2017";"12";"2";"6";"21";"8062";"221.";"6.8";"5.8";"95.";"8.";"0.00";"0.00";"0.00"
"2017";"12";"2";"6";"22";"8063";"221.";"6.8";"5.9";"95.";"8.";"0.00";"0.00";"0.00"
"2017";"12";"2";"6";"23";"8064";"226.";"5.7";"6.0";"96.";"8.";"0.00";"0.00";"0.00"
"2017";"12";"3";"7";"0";"8065";"230.";"6.2";"6.2";"96.";"8.";"0.00";"0.00";"0.00"
"2017";"12";"3";"7";"1";"8066";"227.";"5.8";"6.4";"96.";"8.";"0.00";"0.00";"0.00"
"2017";"12";"3";"7";"2";"8067";"230.";"6.2";"6.6";"96.";"8.";"0.00";"0.00";"0.00"
"2017";"12";"3";"7";"3";"8068";"233.";"6.4";"6.7";"96.";"8.";"0.00";"0.00";"0.00"
"2017";"12";"3";"7";"4";"8069";"238.";"5.4";"6.9";"96.";"8.";"0.00";"0.00";"0.00"
"2017";"12";"3";"7";"5";"8070";"243.";"5.4";"6.7";"94.";"7.";"0.00";"0.00";"0.00"
"2017";"12";"3";"7";"6";"8071";"253.";"5.0";"6.5";"89.";"8.";"0.00";"0.00";"0.00"
"2017";"12";"3";"7";"7";"8072";"265.";"3.9";"6.4";"88.";"3.";"0.00";"0.00";"0.00"
"2017";"12";"3";"7";"8";"8073";"272.";"3.8";"6.3";"87.";"6.";"0.00";"0.00";"0.00"
"2017";"12";"3";"7";"9";"8074";"286.";"4.0";"6.8";"85.";"5.";"14.30";"51.46";"10.48"
"2017";"12";"3";"7";"10";"8075";"292.";"4.4";"7.2";"80.";"5.";"56.41";"128.35";"38.60"
"2017";"12";"3";"7";"11";"8076";"291.";"4.5";"7.6";"78.";"5.";"80.16";"159.02";"52.78"
"2017";"12";"3";"7";"12";"8077";"299.";"4.3";"7.0";"74.";"5.";"82.03";"164.88";"53.63"
"2017";"12";"3";"7";"13";"8078";"302.";"3.9";"6.9";"73.";"2.";"84.08";"288.80";"44.00"
"2017";"12";"3";"7";"14";"8079";"304.";"3.7";"5.8";"74.";"1.";"28.36";"164.91";"16.13"
"2017";"12";"3";"7";"15";"8080";"312.";"3.4";"4.6";"75.";"0.";"0.00";"0.00";"0.00"
"2017";"12";"3";"7";"16";"8081";"325.";"2.9";"3.2";"77.";"1.";"0.00";"0.00";"0.00"
"2017";"12";"3";"7";"17";"8082";"329.";"2.1";"1.8";"83.";"1.";"0.00";"0.00";"0.00"
"2017";"12";"3";"7";"18";"8083";"333.";"2.1";"0.8";"86.";"1.";"0.00";"0.00";"0.00"
"2017";"12";"3";"7";"19";"8084";"342.";"1.8";"0.5";"88.";"0.";"0.00";"0.00";"0.00"
"2017";"12";"3";"7";"20";"8085";"354.";"1.8";"-0.5";"89.";"0.";"0.00";"0.00";"0.00"
"2017";"12";"3";"7";"21";"8086";"352.";"1.2";"-1.1";"92.";"0.";"0.00";"0.00";"0.00"
"2017";"12";"3";"7";"22";"8087";"353.";"1.0";"-1.7";"92.";"0.";"0.00";"0.00";"0.00"
"2017";"12";"3";"7";"23";"8088";"333.";"1.2";"-1.8";"92.";"1.";"0.00";"0.00";"0.00"
"2017";"12";"4";"1";"0";"8089";"327.";"1.5";"-2.5";"92.";"3.";"0.00";"0.00";"0.00"
"2017";"12";"4";"1";"1";"8090";"339.";"1.2";"-2.7";"92.";"0.";"0.00";"0.00";"0.00"
"2017";"12";"4";"1";"2";"8091";"333.";"1.6";"-2.7";"92.";"0.";"0.00";"0.00";"0.00"
"2017";"12";"4";"1";"3";"8092";"328.";"1.7";"-2.8";"93.";"0.";"0.00";"0.00";"0.00"
"2017";"12";"4";"1";"4";"8093";"344.";"1.4";"-3.0";"93.";"0.";"0.00";"0.00";"0.00"
"2017";"12";"4";"1";"5";"8094";"321.";"1.5";"-3.2";"92.";"3.";"0.00";"0.00";"0.00"
"2017";"12";"4";"1";"6";"8095";"338.";"1.1";"-2.9";"90.";"0.";"0.00";"0.00";"0.00"
"2017";"12";"4";"1";"7";"8096";"33.";"1.0";"-3.3";"90.";"0.";"0.00";"0.00";"0.00"
"2017";"12";"4";"1";"8";"8097";"47.";"0.9";"-3.3";"90.";"0.";"0.00";"0.00";"0.00"
"2017";"12";"4";"1";"9";"8098";"342.";"0.4";"-2.2";"89.";"1.";"35.85";"240.95";"18.50"
"2017";"12";"4";"1";"10";"8099";"292.";"1.2";"-0.5";"87.";"0.";"107.92";"487.68";"41.31"
"2017";"12";"4";"1";"11";"8100";"318.";"1.8";"1.2";"83.";"0.";"146.35";"557.44";"51.57"
"2017";"12";"4";"1";"12";"8101";"320.";"2.2";"2.3";"81.";"0.";"143.48";"521.50";"54.81"
"2017";"12";"4";"1";"13";"8102";"319.";"1.8";"2.6";"80.";"5.";"62.89";"174.21";"39.09"
"2017";"12";"4";"1";"14";"8103";"315.";"1.9";"1.3";"83.";"7.";"14.49";"33.47";"12.08"
"2017";"12";"4";"1";"15";"8104";"332.";"1.5";"0.7";"87.";"6.";"0.00";"0.00";"0.00"
"2017";"12";"4";"1";"16";"8105";"315.";"1.7";"0.5";"88.";"8.";"0.00";"0.00";"0.00"
"2017";"12";"4";"1";"17";"8106";"299.";"2.4";"-0.5";"90.";"6.";"0.00";"0.00";"0.00"
"2017";"12";"4";"1";"18";"8107";"300.";"1.9";"-1.8";"90.";"7.";"0.00";"0.00";"0.00"
"2017";"12";"4";"1";"19";"8108";"294.";"1.2";"-2.4";"90.";"7.";"0.00";"0.00";"0.00"
"2017";"12";"4";"1";"20";"8109";"282.";"0.6";"-2.4";"89.";"8.";"0.00";"0.00";"0.00"
"2017";"12";"4";"1";"21";"8110";"230.";"1.5";"-2.7";"91.";"6.";"0.00";"0.00";"0.00"
"2017";"12";"4";"1";"22";"8111";"242.";"1.3";"-2.7";"88.";"3.";"0.00";"0.00";"0.00"
"2017";"12";"4";"1";"23";"8112";"238.";"1.3";"-2.5";"89.";"5.";"0.00";"0.00";"0.00"
"2017";"12";"5";"2";"0";"8113";"246.";"1.8";"-1.3";"90.";"7.";"0.00";"0.00";"0.00"
"2017";"12";"5";"2";"1";"8114";"244.";"2.4";"0.1";"92.";"7.";"0.00";"0.00";"0.00"
"2017";"12";"5";"2";"2";"8115";"236.";"2.8";"1.8";"96.";"8.";"0.00";"0.00";"0.00"
"2017";"12";"5";"2";"3";"8116";"225.";"2.9";"3.1";"97.";"8.";"0.00";"0.00";"0.00"
"2017";"12";"5";"2";"4";"8117";"242.";"3.3";"4.2";"95.";"8.";"0.00";"0.00";"0.00"
"2017";"12";"5";"2";"5";"8118";"262.";"3.6";"5.5";"94.";"8.";"0.00";"0.00";"0.00"
"2017";"12";"5";"2";"6";"8119";"269.";"4.7";"6.2";"93.";"8.";"0.00";"0.00";"0.00"
"2017";"12";"5";"2";"7";"8120";"270.";"4.8";"6.5";"92.";"8.";"0.00";"0.00";"0.00"
"2017";"12";"5";"2";"8";"8121";"277.";"4.5";"6.4";"91.";"8.";"0.00";"0.00";"0.00"
"2017";"12";"5";"2";"9";"8122";"284.";"6.7";"7.5";"87.";"6.";"8.86";"26.93";"6.97"
"2017";"12";"5";"2";"10";"8123";"282.";"7.3";"8.1";"87.";"5.";"51.28";"124.29";"34.56"
"2017";"12";"5";"2";"11";"8124";"275.";"7.8";"8.1";"89.";"8.";"36.88";"0.00";"36.88"
"2017";"12";"5";"2";"12";"8125";"276.";"9.4";"8.2";"89.";"8.";"36.88";"0.00";"36.88"
"2017";"12";"5";"2";"13";"8126";"276.";"9.6";"8.3";"88.";"8.";"25.09";"0.00";"25.09"
"2017";"12";"5";"2";"14";"8127";"280.";"9.5";"8.3";"88.";"8.";"4.49";"0.00";"4.49"
"2017";"12";"5";"2";"15";"8128";"282.";"9.3";"8.4";"88.";"8.";"0.00";"0.00";"0.00"
"2017";"12";"5";"2";"16";"8129";"281.";"8.8";"8.6";"89.";"8.";"0.00";"0.00";"0.00"
"2017";"12";"5";"2";"17";"8130";"282.";"8.9";"8.7";"88.";"8.";"0.00";"0.00";"0.00"
"2017";"12";"5";"2";"18";"8131";"284.";"8.1";"8.6";"89.";"8.";"0.00";"0.00";"0.00"
"2017";"12";"5";"2";"19";"8132";"287.";"7.8";"8.5";"89.";"8.";"0.00";"0.00";"0.00"
"2017";"12";"5";"2";"20";"8133";"289.";"7.1";"8.6";"90.";"8.";"0.00";"0.00";"0.00"
"2017";"12";"5";"2";"21";"8134";"290.";"7.4";"8.6";"90.";"8.";"0.00";"0.00";"0.00"
"2017";"12";"5";"2";"22";"8135";"290.";"6.4";"8.6";"90.";"7.";"0.00";"0.00";"0.00"
"2017";"12";"5";"2";"23";"8136";"293.";"5.6";"8.6";"91.";"8.";"0.00";"0.00";"0.00"
"2017";"12";"6";"3";"0";"8137";"288.";"6.5";"8.4";"93.";"8.";"0.00";"0.00";"0.00"
"2017";"12";"6";"3";"1";"8138";"285.";"7.2";"8.2";"94.";"8.";"0.00";"0.00";"0.00"
"2017";"12";"6";"3";"2";"8139";"280.";"8.5";"8.1";"94.";"8.";"0.00";"0.00";"0.00"
"2017";"12";"6";"3";"3";"8140";"277.";"8.4";"7.9";"94.";"8.";"0.00";"0.00";"0.00"
"2017";"12";"6";"3";"4";"8141";"276.";"7.9";"7.8";"94.";"8.";"0.00";"0.00";"0.00"
"2017";"12";"6";"3";"5";"8142";"274.";"7.1";"7.7";"94.";"8.";"0.00";"0.00";"0.00"
"2017";"12";"6";"3";"6";"8143";"274.";"6.5";"7.7";"94.";"8.";"0.00";"0.00";"0.00"
"2017";"12";"6";"3";"7";"8144";"271.";"6.1";"7.7";"95.";"8.";"0.00";"0.00";"0.00"
"2017";"12";"6";"3";"8";"8145";"263.";"4.7";"7.7";"96.";"8.";"0.00";"0.00";"0.00"
"2017";"12";"6";"3";"9";"8146";"263.";"4.7";"8.0";"96.";"8.";"3.04";"0.00";"3.04"
"2017";"12";"6";"3";"10";"8147";"275.";"4.9";"8.3";"96.";"8.";"22.20";"0.00";"22.20"
"2017";"12";"6";"3";"11";"8148";"280.";"5.1";"8.4";"96.";"8.";"32.53";"0.00";"32.53"
"2017";"12";"6";"3";"12";"8149";"281.";"4.8";"8.5";"96.";"8.";"33.24";"0.00";"33.24"
"2017";"12";"6";"3";"13";"8150";"279.";"5.7";"8.6";"95.";"8.";"22.38";"0.00";"22.38"
"2017";"12";"6";"3";"14";"8151";"276.";"5.4";"8.4";"96.";"8.";"2.25";"0.00";"2.25"
"2017";"12";"6";"3";"15";"8152";"281.";"6.3";"8.4";"96.";"8.";"0.00";"0.00";"0.00"
"2017";"12";"6";"3";"16";"8153";"275.";"6.2";"8.4";"96.";"8.";"0.00";"0.00";"0.00"
"2017";"12";"6";"3";"17";"8154";"269.";"7.2";"8.4";"96.";"8.";"0.00";"0.00";"0.00"
"2017";"12";"6";"3";"18";"8155";"261.";"6.1";"8.4";"96.";"8.";"0.00";"0.00";"0.00"
"2017";"12";"6";"3";"19";"8156";"254.";"6.4";"8.1";"96.";"8.";"0.00";"0.00";"0.00"
"2017";"12";"6";"3";"20";"8157";"255.";"6.2";"8.0";"95.";"8.";"0.00";"0.00";"0.00"
"2017";"12";"6";"3";"21";"8158";"248.";"6.0";"8.0";"94.";"8.";"0.00";"0.00";"0.00"
"2017";"12";"6";"3";"22";"8159";"237.";"5.8";"8.0";"93.";"8.";"0.00";"0.00";"0.00"
"2017";"12";"6";"3";"23";"8160";"233.";"6.0";"7.9";"93.";"8.";"0.00";"0.00";"0.00"
"2017";"12";"7";"4";"0";"8161";"229.";"6.4";"7.8";"93.";"8.";"0.00";"0.00";"0.00"
"2017";"12";"7";"4";"1";"8162";"227.";"6.8";"7.8";"94.";"8.";"0.00";"0.00";"0.00"
"2017";"12";"7";"4";"2";"8163";"230.";"7.2";"7.8";"94.";"8.";"0.00";"0.00";"0.00"
"2017";"12";"7";"4";"3";"8164";"227.";"6.9";"7.7";"95.";"8.";"0.00";"0.00";"0.00"
"2017";"12";"7";"4";"4";"8165";"226.";"7.0";"7.7";"96.";"8.";"0.00";"0.00";"0.00"
"2017";"12";"7";"4";"5";"8166";"223.";"7.5";"7.8";"94.";"8.";"0.00";"0.00";"0.00"
"2017";"12";"7";"4";"6";"8167";"223.";"8.2";"7.9";"94.";"8.";"0.00";"0.00";"0.00"
"2017";"12";"7";"4";"7";"8168";"221.";"8.4";"8.0";"94.";"8.";"0.00";"0.00";"0.00"
"2017";"12";"7";"4";"8";"8169";"221.";"8.9";"7.9";"95.";"8.";"0.00";"0.00";"0.00"
"2017";"12";"7";"4";"9";"8170";"217.";"9.5";"7.8";"94.";"8.";"2.91";"0.00";"2.91"
"2017";"12";"7";"4";"10";"8171";"210.";"10.0";"7.5";"95.";"8.";"21.42";"0.00";"21.42"
"2017";"12";"7";"4";"11";"8172";"205.";"10.6";"7.1";"95.";"8.";"31.25";"0.00";"31.25"
"2017";"12";"7";"4";"12";"8173";"202.";"10.2";"6.9";"95.";"8.";"31.14";"0.00";"31.14"
"2017";"12";"7";"4";"13";"8174";"203.";"10.0";"6.7";"95.";"8.";"12.83";"0.00";"12.83"
"2017";"12";"7";"4";"14";"8175";"203.";"10.3";"6.7";"93.";"8.";"2.28";"0.00";"2.28"
"2017";"12";"7";"4";"15";"8176";"205.";"10.9";"6.6";"94.";"8.";"0.00";"0.00";"0.00"
"2017";"12";"7";"4";"16";"8177";"204.";"11.0";"6.6";"93.";"8.";"0.00";"0.00";"0.00"
"2017";"12";"7";"4";"17";"8178";"205.";"10.9";"6.6";"94.";"8.";"0.00";"0.00";"0.00"
"2017";"12";"7";"4";"18";"8179";"215.";"9.4";"6.7";"94.";"8.";"0.00";"0.00";"0.00"
"2017";"12";"7";"4";"19";"8180";"215.";"7.3";"6.6";"94.";"8.";"0.00";"0.00";"0.00"
"2017";"12";"7";"4";"20";"8181";"220.";"7.2";"6.8";"94.";"6.";"0.00";"0.00";"0.00"
"2017";"12";"7";"4";"21";"8182";"220.";"8.5";"6.9";"89.";"8.";"0.00";"0.00";"0.00"
"2017";"12";"7";"4";"22";"8183";"223.";"8.5";"6.8";"86.";"6.";"0.00";"0.00";"0.00"
"2017";"12";"7";"4";"23";"8184";"229.";"8.9";"6.7";"80.";"8.";"0.00";"0.00";"0.00"
"2017";"12";"8";"5";"0";"8185";"233.";"10.3";"6.4";"77.";"2.";"0.00";"0.00";"0.00"
"2017";"12";"8";"5";"1";"8186";"231.";"10.2";"6.1";"77.";"6.";"0.00";"0.00";"0.00"
"2017";"12";"8";"5";"2";"8187";"236.";"9.8";"5.3";"81.";"8.";"0.00";"0.00";"0.00"
"2017";"12";"8";"5";"3";"8188";"237.";"9.9";"5.4";"79.";"7.";"0.00";"0.00";"0.00"
"2017";"12";"8";"5";"4";"8189";"237.";"8.7";"4.5";"83.";"7.";"0.00";"0.00";"0.00"
"2017";"12";"8";"5";"5";"8190";"237.";"9.2";"5.0";"79.";"6.";"0.00";"0.00";"0.00"
"2017";"12";"8";"5";"6";"8191";"233.";"8.5";"4.7";"82.";"8.";"0.00";"0.00";"0.00"
"2017";"12";"8";"5";"7";"8192";"234.";"9.1";"4.8";"80.";"7.";"0.00";"0.00";"0.00"
"2017";"12";"8";"5";"8";"8193";"236.";"9.0";"4.9";"78.";"7.";"0.00";"0.00";"0.00"
"2017";"12";"8";"5";"9";"8194";"237.";"10.4";"5.1";"78.";"8.";"6.43";"0.00";"6.43"
"2017";"12";"8";"5";"10";"8195";"234.";"9.6";"5.1";"77.";"7.";"36.45";"43.66";"30.82"
"2017";"12";"8";"5";"11";"8196";"240.";"10.3";"5.6";"75.";"7.";"51.28";"48.81";"43.36"
"2017";"12";"8";"5";"12";"8197";"242.";"10.9";"5.5";"75.";"7.";"52.26";"53.24";"43.61"
"2017";"12";"8";"5";"13";"8198";"242.";"10.3";"5.5";"73.";"8.";"27.71";"0.00";"27.71"
"2017";"12";"8";"5";"14";"8199";"238.";"10.3";"5.4";"76.";"6.";"10.81";"34.81";"8.56"
"2017";"12";"8";"5";"15";"8200";"239.";"9.7";"5.2";"78.";"6.";"0.00";"0.00";"0.00"
"2017";"12";"8";"5";"16";"8201";"246.";"9.5";"5.6";"78.";"6.";"0.00";"0.00";"0.00"
"2017";"12";"8";"5";"17";"8202";"250.";"9.5";"5.9";"75.";"6.";"0.00";"0.00";"0.00"
"2017";"12";"8";"5";"18";"8203";"248.";"9.3";"6.0";"73.";"8.";"0.00";"0.00";"0.00"
"2017";"12";"8";"5";"19";"8204";"250.";"10.8";"5.9";"73.";"8.";"0.00";"0.00";"0.00"
"2017";"12";"8";"5";"20";"8205";"242.";"9.4";"5.5";"78.";"7.";"0.00";"0.00";"0.00"
"2017";"12";"8";"5";"21";"8206";"246.";"9.4";"5.5";"78.";"8.";"0.00";"0.00";"0.00"
"2017";"12";"8";"5";"22";"8207";"237.";"8.9";"5.6";"80.";"8.";"0.00";"0.00";"0.00"
"2017";"12";"8";"5";"23";"8208";"238.";"8.3";"5.5";"83.";"8.";"0.00";"0.00";"0.00"
"2017";"12";"9";"6";"0";"8209";"249.";"6.5";"5.5";"82.";"8.";"0.00";"0.00";"0.00"
"2017";"12";"9";"6";"1";"8210";"260.";"5.2";"5.6";"76.";"8.";"0.00";"0.00";"0.00"
"2017";"12";"9";"6";"2";"8211";"268.";"5.2";"5.8";"71.";"8.";"0.00";"0.00";"0.00"
"2017";"12";"9";"6";"3";"8212";"272.";"4.9";"5.5";"67.";"5.";"0.00";"0.00";"0.00"
"2017";"12";"9";"6";"4";"8213";"278.";"5.2";"5.5";"66.";"4.";"0.00";"0.00";"0.00"
"2017";"12";"9";"6";"5";"8214";"288.";"4.7";"5.4";"68.";"3.";"0.00";"0.00";"0.00"
"2017";"12";"9";"6";"6";"8215";"290.";"5.5";"5.2";"69.";"5.";"0.00";"0.00";"0.00"
"2017";"12";"9";"6";"7";"8216";"286.";"3.7";"4.8";"68.";"4.";"0.00";"0.00";"0.00"
"2017";"12";"9";"6";"8";"8217";"276.";"3.4";"4.9";"66.";"4.";"0.00";"0.00";"0.00"
"2017";"12";"9";"6";"9";"8218";"277.";"4.1";"5.2";"64.";"5.";"20.18";"84.55";"14.85"
"2017";"12";"9";"6";"10";"8219";"281.";"5.0";"5.8";"62.";"8.";"60.02";"0.00";"60.02"
"2017";"12";"9";"6";"11";"8220";"291.";"5.8";"5.8";"62.";"7.";"91.76";"71.79";"80.23"
"2017";"12";"9";"6";"12";"8221";"291.";"6.2";"6.0";"61.";"7.";"91.66";"71.25";"80.21"
"2017";"12";"9";"6";"13";"8222";"286.";"6.0";"5.8";"61.";"7.";"64.94";"60.24";"57.27"
"2017";"12";"9";"6";"14";"8223";"282.";"5.3";"5.4";"62.";"6.";"19.01";"54.42";"15.58"
"2017";"12";"9";"6";"15";"8224";"277.";"4.7";"4.8";"65.";"4.";"0.00";"0.00";"0.00"
"2017";"12";"9";"6";"16";"8225";"277.";"3.5";"4.3";"66.";"4.";"0.00";"0.00";"0.00"
"2017";"12";"9";"6";"17";"8226";"264.";"3.6";"4.1";"69.";"5.";"0.00";"0.00";"0.00"
"2017";"12";"9";"6";"18";"8227";"262.";"3.8";"4.0";"70.";"6.";"0.00";"0.00";"0.00"
"2017";"12";"9";"6";"19";"8228";"257.";"3.5";"4.0";"71.";"6.";"0.00";"0.00";"0.00"
"2017";"12";"9";"6";"20";"8229";"254.";"4.6";"4.3";"72.";"8.";"0.00";"0.00";"0.00"
"2017";"12";"9";"6";"21";"8230";"245.";"5.0";"4.0";"72.";"7.";"0.00";"0.00";"0.00"
"2017";"12";"9";"6";"22";"8231";"238.";"5.3";"3.8";"76.";"7.";"0.00";"0.00";"0.00"
"2017";"12";"9";"6";"23";"8232";"235.";"5.8";"3.4";"80.";"8.";"0.00";"0.00";"0.00"
"2017";"12";"10";"7";"0";"8233";"238.";"6.2";"3.2";"82.";"7.";"0.00";"0.00";"0.00"
"2017";"12";"10";"7";"1";"8234";"234.";"5.8";"2.8";"86.";"7.";"0.00";"0.00";"0.00"
"2017";"12";"10";"7";"2";"8235";"240.";"5.8";"2.8";"83.";"7.";"0.00";"0.00";"0.00"
"2017";"12";"10";"7";"3";"8236";"238.";"6.3";"2.4";"86.";"8.";"0.00";"0.00";"0.00"
"2017";"12";"10";"7";"4";"8237";"231.";"6.6";"1.9";"85.";"8.";"0.00";"0.00";"0.00"
"2017";"12";"10";"7";"5";"8238";"231.";"6.0";"1.6";"92.";"8.";"0.00";"0.00";"0.00"
"2017";"12";"10";"7";"6";"8239";"225.";"6.2";"1.8";"87.";"7.";"0.00";"0.00";"0.00"
"2017";"12";"10";"7";"7";"8240";"226.";"5.6";"1.8";"86.";"8.";"0.00";"0.00";"0.00"
"2017";"12";"10";"7";"8";"8241";"221.";"5.2";"1.8";"83.";"7.";"0.00";"0.00";"0.00"
"2017";"12";"10";"7";"9";"8242";"218.";"3.6";"1.8";"81.";"4.";"17.46";"109.35";"10.73"
"2017";"12";"10";"7";"10";"8243";"222.";"4.6";"1.6";"84.";"8.";"29.96";"0.00";"29.96"
"2017";"12";"10";"7";"11";"8244";"218.";"4.5";"1.7";"83.";"8.";"42.67";"0.00";"42.67"
"2017";"12";"10";"7";"12";"8245";"206.";"4.0";"2.2";"80.";"8.";"42.67";"0.00";"42.67"
"2017";"12";"10";"7";"13";"8246";"188.";"3.8";"2.0";"79.";"2.";"83.66";"381.31";"35.65"
"2017";"12";"10";"7";"14";"8247";"177.";"2.6";"1.4";"82.";"7.";"10.31";"26.92";"8.65"
"2017";"12";"10";"7";"15";"8248";"116.";"2.5";"0.9";"86.";"6.";"0.00";"0.00";"0.00"
"2017";"12";"10";"7";"16";"8249";"105.";"4.2";"0.4";"93.";"8.";"0.00";"0.00";"0.00"
"2017";"12";"10";"7";"17";"8250";"132.";"2.5";"0.4";"94.";"8.";"0.00";"0.00";"0.00"
"2017";"12";"10";"7";"18";"8251";"155.";"5.2";"0.3";"92.";"8.";"0.00";"0.00";"0.00"
"2017";"12";"10";"7";"19";"8252";"171.";"5.1";"0.4";"92.";"8.";"0.00";"0.00";"0.00"
"2017";"12";"10";"7";"20";"8253";"149.";"4.3";"0.2";"89.";"6.";"0.00";"0.00";"0.00"
"2017";"12";"10";"7";"21";"8254";"130.";"3.7";"-0.2";"92.";"7.";"0.00";"0.00";"0.00"
"2017";"12";"10";"7";"22";"8255";"121.";"3.3";"-0.5";"92.";"4.";"0.00";"0.00";"0.00"
"2017";"12";"10";"7";"23";"8256";"109.";"3.2";"-1.1";"93.";"1.";"0.00";"0.00";"0.00"
"2017";"12";"11";"1";"0";"8257";"107.";"3.2";"-1.6";"93.";"4.";"0.00";"0.00";"0.00"
"2017";"12";"11";"1";"1";"8258";"98.";"2.7";"-2.0";"92.";"5.";"0.00";"0.00";"0.00"
"2017";"12";"11";"1";"2";"8259";"90.";"2.8";"-2.0";"92.";"7.";"0.00";"0.00";"0.00"
"2017";"12";"11";"1";"3";"8260";"90.";"3.3";"-1.8";"92.";"5.";"0.00";"0.00";"0.00"
"2017";"12";"11";"1";"4";"8261";"88.";"3.2";"-1.9";"92.";"4.";"0.00";"0.00";"0.00"
"2017";"12";"11";"1";"5";"8262";"84.";"2.9";"-2.3";"93.";"5.";"0.00";"0.00";"0.00"
"2017";"12";"11";"1";"6";"8263";"81.";"2.7";"-2.6";"92.";"8.";"0.00";"0.00";"0.00"
"2017";"12";"11";"1";"7";"8264";"72.";"2.2";"-2.9";"92.";"4.";"0.00";"0.00";"0.00"
"2017";"12";"11";"1";"8";"8265";"59.";"2.1";"-3.3";"92.";"6.";"0.00";"0.00";"0.00"
"2017";"12";"11";"1";"9";"8266";"50.";"2.4";"-2.8";"92.";"8.";"18.84";"0.00";"18.84"
"2017";"12";"11";"1";"10";"8267";"53.";"2.7";"-1.9";"91.";"2.";"82.81";"296.19";"45.93"
"2017";"12";"11";"1";"11";"8268";"50.";"3.0";"-1.0";"89.";"7.";"66.65";"59.26";"57.30"
"2017";"12";"11";"1";"12";"8269";"37.";"2.5";"-0.7";"90.";"7.";"66.24";"58.60";"56.99"
"2017";"12";"11";"1";"13";"8270";"37.";"3.4";"-0.4";"91.";"8.";"35.18";"0.00";"35.18"
"2017";"12";"11";"1";"14";"8271";"43.";"3.7";"-0.5";"91.";"8.";"9.00";"0.00";"9.00"
"2017";"12";"11";"1";"15";"8272";"45.";"4.1";"-0.5";"92.";"8.";"0.00";"0.00";"0.00"
"2017";"12";"11";"1";"16";"8273";"46.";"4.3";"-0.4";"92.";"8.";"0.00";"0.00";"0.00"
"2017";"12";"11";"1";"17";"8274";"50.";"4.9";"-0.3";"92.";"8.";"0.00";"0.00";"0.00"
"2017";"12";"11";"1";"18";"8275";"53.";"4.3";"-0";"92.";"7.";"0.00";"0.00";"0.00"
"2017";"12";"11";"1";"19";"8276";"53.";"5.0";"0.2";"92.";"8.";"0.00";"0.00";"0.00"
"2017";"12";"11";"1";"20";"8277";"41.";"3.9";"0.2";"93.";"8.";"0.00";"0.00";"0.00"
"2017";"12";"11";"1";"21";"8278";"37.";"4.4";"0.1";"95.";"8.";"0.00";"0.00";"0.00"
"2017";"12";"11";"1";"22";"8279";"37.";"4.8";"0.1";"96.";"8.";"0.00";"0.00";"0.00"
"2017";"12";"11";"1";"23";"8280";"36.";"5.0";"0.1";"96.";"8.";"0.00";"0.00";"0.00"
"2017";"12";"12";"2";"0";"8281";"40.";"5.5";"-0.1";"96.";"8.";"0.00";"0.00";"0.00"
"2017";"12";"12";"2";"1";"8282";"34.";"5.4";"-0.1";"96.";"8.";"0.00";"0.00";"0.00"
"2017";"12";"12";"2";"2";"8283";"32.";"5.7";"-0.1";"95.";"8.";"0.00";"0.00";"0.00"
"2017";"12";"12";"2";"3";"8284";"30.";"5.8";"-0.1";"94.";"8.";"0.00";"0.00";"0.00"
"2017";"12";"12";"2";"4";"8285";"26.";"5.5";"-0.2";"93.";"8.";"0.00";"0.00";"0.00"
"2017";"12";"12";"2";"5";"8286";"19.";"5.3";"-0.3";"93.";"8.";"0.00";"0.00";"0.00"
"2017";"12";"12";"2";"6";"8287";"16.";"4.9";"-0.3";"93.";"8.";"0.00";"0.00";"0.00"
"2017";"12";"12";"2";"7";"8288";"9.";"4.7";"-0.2";"94.";"8.";"0.00";"0.00";"0.00"
"2017";"12";"12";"2";"8";"8289";"358.";"4.9";"-0.5";"93.";"8.";"0.00";"0.00";"0.00"
"2017";"12";"12";"2";"9";"8290";"353.";"4.9";"-0.7";"92.";"5.";"16.07";"73.04";"11.76"
"2017";"12";"12";"2";"10";"8291";"346.";"4.7";"-0.7";"91.";"7.";"47.83";"60.40";"40.38"
"2017";"12";"12";"2";"11";"8292";"350.";"4.4";"-0.9";"89.";"5.";"93.25";"219.61";"58.88"
"2017";"12";"12";"2";"12";"8293";"342.";"3.9";"-1.0";"88.";"2.";"120.43";"433.08";"52.65"
"2017";"12";"12";"2";"13";"8294";"338.";"3.4";"-1.2";"88.";"3.";"79.14";"301.76";"41.95"
"2017";"12";"12";"2";"14";"8295";"309.";"3.5";"-1.6";"88.";"5.";"17.89";"84.40";"12.91"
"2017";"12";"12";"2";"15";"8296";"305.";"3.4";"-2.2";"89.";"4.";"0.00";"0.00";"0.00"
"2017";"12";"12";"2";"16";"8297";"307.";"3.1";"-2.8";"88.";"3.";"0.00";"0.00";"0.00"
"2017";"12";"12";"2";"17";"8298";"327.";"2.1";"-3.9";"89.";"0.";"0.00";"0.00";"0.00"
"2017";"12";"12";"2";"18";"8299";"2.";"1.0";"-4.4";"90.";"4.";"0.00";"0.00";"0.00"
"2017";"12";"12";"2";"19";"8300";"95.";"1.1";"-4.9";"92.";"6.";"0.00";"0.00";"0.00"
"2017";"12";"12";"2";"20";"8301";"129.";"1.8";"-3.4";"93.";"7.";"0.00";"0.00";"0.00"
"2017";"12";"12";"2";"21";"8302";"175.";"1.7";"-2.3";"92.";"8.";"0.00";"0.00";"0.00"
"2017";"12";"12";"2";"22";"8303";"195.";"2.6";"-0.6";"93.";"8.";"0.00";"0.00";"0.00"
"2017";"12";"12";"2";"23";"8304";"214.";"3.5";"0.7";"93.";"7.";"0.00";"0.00";"0.00"
"2017";"12";"13";"3";"0";"8305";"233.";"5.1";"1.8";"94.";"8.";"0.00";"0.00";"0.00"
"2017";"12";"13";"3";"1";"8306";"237.";"7.2";"2.5";"93.";"8.";"0.00";"0.00";"0.00"
"2017";"12";"13";"3";"2";"8307";"235.";"5.5";"2.8";"92.";"8.";"0.00";"0.00";"0.00"
"2017";"12";"13";"3";"3";"8308";"227.";"7.1";"3.2";"87.";"7.";"0.00";"0.00";"0.00"
"2017";"12";"13";"3";"4";"8309";"229.";"7.2";"3.5";"85.";"8.";"0.00";"0.00";"0.00"
"2017";"12";"13";"3";"5";"8310";"224.";"7.4";"3.7";"85.";"7.";"0.00";"0.00";"0.00"
"2017";"12";"13";"3";"6";"8311";"225.";"7.4";"3.8";"85.";"7.";"0.00";"0.00";"0.00"
"2017";"12";"13";"3";"7";"8312";"217.";"7.9";"3.9";"84.";"7.";"0.00";"0.00";"0.00"
"2017";"12";"13";"3";"8";"8313";"214.";"8.4";"3.9";"86.";"7.";"0.00";"0.00";"0.00"
"2017";"12";"13";"3";"9";"8314";"207.";"9.3";"3.7";"84.";"7.";"7.76";"12.15";"7.05"
"2017";"12";"13";"3";"10";"8315";"199.";"8.8";"3.6";"83.";"7.";"41.04";"37.85";"36.42"
"2017";"12";"13";"3";"11";"8316";"190.";"9.0";"3.4";"85.";"7.";"59.73";"45.81";"52.62"
"2017";"12";"13";"3";"12";"8317";"179.";"9.3";"2.8";"90.";"8.";"25.89";"0.00";"25.89"
"2017";"12";"13";"3";"13";"8318";"185.";"9.8";"2.5";"92.";"8.";"16.85";"0.00";"16.85"
"2017";"12";"13";"3";"14";"8319";"184.";"9.6";"2.6";"93.";"8.";"3.27";"0.00";"3.27"
"2017";"12";"13";"3";"15";"8320";"189.";"9.1";"2.7";"93.";"8.";"0.00";"0.00";"0.00"
"2017";"12";"13";"3";"16";"8321";"191.";"8.9";"2.8";"92.";"8.";"0.00";"0.00";"0.00"
"2017";"12";"13";"3";"17";"8322";"185.";"8.3";"2.8";"92.";"8.";"0.00";"0.00";"0.00"
"2017";"12";"13";"3";"18";"8323";"185.";"8.1";"2.7";"92.";"8.";"0.00";"0.00";"0.00"
"2017";"12";"13";"3";"19";"8324";"178.";"7.9";"2.3";"93.";"8.";"0.00";"0.00";"0.00"
"2017";"12";"13";"3";"20";"8325";"166.";"6.6";"1.9";"94.";"8.";"0.00";"0.00";"0.00"
"2017";"12";"13";"3";"21";"8326";"167.";"5.4";"1.9";"94.";"8.";"0.00";"0.00";"0.00"
"2017";"12";"13";"3";"22";"8327";"164.";"4.9";"1.7";"94.";"8.";"0.00";"0.00";"0.00"
"2017";"12";"13";"3";"23";"8328";"157.";"4.5";"1.3";"94.";"8.";"0.00";"0.00";"0.00"
"2017";"12";"14";"4";"0";"8329";"157.";"4.0";"1.3";"94.";"8.";"0.00";"0.00";"0.00"
"2017";"12";"14";"4";"1";"8330";"146.";"3.8";"1.4";"94.";"8.";"0.00";"0.00";"0.00"
"2017";"12";"14";"4";"2";"8331";"139.";"3.8";"1.4";"94.";"8.";"0.00";"0.00";"0.00"
"2017";"12";"14";"4";"3";"8332";"138.";"4.0";"1.4";"94.";"8.";"0.00";"0.00";"0.00"
"2017";"12";"14";"4";"4";"8333";"126.";"4.7";"1.3";"94.";"8.";"0.00";"0.00";"0.00"
"2017";"12";"14";"4";"5";"8334";"128.";"4.4";"1.5";"94.";"8.";"0.00";"0.00";"0.00"
"2017";"12";"14";"4";"6";"8335";"127.";"3.8";"1.7";"94.";"8.";"0.00";"0.00";"0.00"
"2017";"12";"14";"4";"7";"8336";"113.";"3.1";"1.8";"94.";"8.";"0.00";"0.00";"0.00"
"2017";"12";"14";"4";"8";"8337";"108.";"3.1";"1.7";"94.";"8.";"0.00";"0.00";"0.00"
"2017";"12";"14";"4";"9";"8338";"98.";"3.0";"1.8";"94.";"8.";"6.14";"0.00";"6.14"
"2017";"12";"14";"4";"10";"8339";"100.";"2.8";"2.0";"93.";"8.";"34.21";"0.00";"34.21"
"2017";"12";"14";"4";"11";"8340";"102.";"2.4";"2.1";"92.";"8.";"50.04";"0.00";"50.04"
"2017";"12";"14";"4";"12";"8341";"99.";"2.6";"2.0";"92.";"8.";"47.03";"0.00";"47.03"
"2017";"12";"14";"4";"13";"8342";"105.";"2.2";"1.8";"93.";"8.";"31.94";"0.00";"31.94"
"2017";"12";"14";"4";"14";"8343";"100.";"1.3";"1.2";"94.";"8.";"3.41";"0.00";"3.41"
"2017";"12";"14";"4";"15";"8344";"25.";"0.8";"0.8";"95.";"8.";"0.00";"0.00";"0.00"
"2017";"12";"14";"4";"16";"8345";"32.";"0.5";"0.5";"95.";"8.";"0.00";"0.00";"0.00"
"2017";"12";"14";"4";"17";"8346";"77.";"0.5";"0.4";"96.";"8.";"0.00";"0.00";"0.00"
"2017";"12";"14";"4";"18";"8347";"183.";"0.9";"0.4";"96.";"8.";"0.00";"0.00";"0.00"
"2017";"12";"14";"4";"19";"8348";"203.";"1.0";"0.4";"96.";"8.";"0.00";"0.00";"0.00"
"2017";"12";"14";"4";"20";"8349";"99.";"1.6";"0.3";"96.";"8.";"0.00";"0.00";"0.00"
"2017";"12";"14";"4";"21";"8350";"60.";"1.8";"0.2";"96.";"8.";"0.00";"0.00";"0.00"
"2017";"12";"14";"4";"22";"8351";"28.";"2.2";"0.2";"97.";"8.";"0.00";"0.00";"0.00"
"2017";"12";"14";"4";"23";"8352";"31.";"2.5";"0.1";"97.";"8.";"0.00";"0.00";"0.00"
"2017";"12";"15";"5";"0";"8353";"25.";"2.0";"0.2";"97.";"8.";"0.00";"0.00";"0.00"
"2017";"12";"15";"5";"1";"8354";"15.";"1.8";"0.2";"97.";"8.";"0.00";"0.00";"0.00"
"2017";"12";"15";"5";"2";"8355";"357.";"1.4";"0.4";"96.";"8.";"0.00";"0.00";"0.00"
"2017";"12";"15";"5";"3";"8356";"338.";"1.8";"0.4";"96.";"8.";"0.00";"0.00";"0.00"
"2017";"12";"15";"5";"4";"8357";"337.";"1.5";"0.6";"96.";"8.";"0.00";"0.00";"0.00"
"2017";"12";"15";"5";"5";"8358";"349.";"1.2";"0.7";"96.";"8.";"0.00";"0.00";"0.00"
"2017";"12";"15";"5";"6";"8359";"336.";"1.5";"0.8";"95.";"8.";"0.00";"0.00";"0.00"
"2017";"12";"15";"5";"7";"8360";"320.";"1.9";"0.8";"94.";"8.";"0.00";"0.00";"0.00"
"2017";"12";"15";"5";"8";"8361";"327.";"1.6";"0.8";"95.";"7.";"0.00";"0.00";"0.00"
"2017";"12";"15";"5";"9";"8362";"339.";"1.5";"1.0";"95.";"7.";"8.50";"18.89";"7.44"
"2017";"12";"15";"5";"10";"8363";"345.";"1.9";"1.2";"94.";"8.";"34.53";"0.00";"34.53"
"2017";"12";"15";"5";"11";"8364";"320.";"2.1";"1.5";"92.";"8.";"51.81";"0.00";"51.81"
"2017";"12";"15";"5";"12";"8365";"318.";"2.4";"1.6";"91.";"7.";"66.31";"72.14";"55.25"
"2017";"12";"15";"5";"13";"8366";"324.";"2.4";"1.5";"90.";"3.";"74.58";"299.08";"38.64"
"2017";"12";"15";"5";"14";"8367";"311.";"1.7";"1.5";"90.";"3.";"14.70";"101.10";"9.04"
"2017";"12";"15";"5";"15";"8368";"302.";"2.1";"1.4";"88.";"7.";"0.00";"0.00";"0.00"
"2017";"12";"15";"5";"16";"8369";"309.";"1.8";"1.2";"88.";"6.";"0.00";"0.00";"0.00"
"2017";"12";"15";"5";"17";"8370";"328.";"1.6";"0.8";"90.";"7.";"0.00";"0.00";"0.00"
"2017";"12";"15";"5";"18";"8371";"353.";"1.2";"0.6";"92.";"6.";"0.00";"0.00";"0.00"
"2017";"12";"15";"5";"19";"8372";"43.";"1.3";"-0.3";"92.";"5.";"0.00";"0.00";"0.00"
"2017";"12";"15";"5";"20";"8373";"58.";"0.9";"-0.7";"91.";"5.";"0.00";"0.00";"0.00"
"2017";"12";"15";"5";"21";"8374";"65.";"1.1";"-0.7";"90.";"7.";"0.00";"0.00";"0.00"
"2017";"12";"15";"5";"22";"8375";"65.";"1.6";"-0.4";"91.";"8.";"0.00";"0.00";"0.00"
"2017";"12";"15";"5";"23";"8376";"53.";"1.3";"-0.6";"91.";"8.";"0.00";"0.00";"0.00"
"2017";"12";"16";"6";"0";"8377";"47.";"1.3";"-0.7";"91.";"8.";"0.00";"0.00";"0.00"
"2017";"12";"16";"6";"1";"8378";"64.";"1.7";"-0.7";"93.";"8.";"0.00";"0.00";"0.00"
"2017";"12";"16";"6";"2";"8379";"45.";"1.4";"-0.9";"93.";"8.";"0.00";"0.00";"0.00"
"2017";"12";"16";"6";"3";"8380";"0.";"1.2";"-1.0";"94.";"6.";"0.00";"0.00";"0.00"
"2017";"12";"16";"6";"4";"8381";"3.";"1.6";"-1.4";"94.";"7.";"0.00";"0.00";"0.00"
"2017";"12";"16";"6";"5";"8382";"336.";"1.4";"-1.4";"94.";"7.";"0.00";"0.00";"0.00"
"2017";"12";"16";"6";"6";"8383";"328.";"1.5";"-1.2";"93.";"7.";"0.00";"0.00";"0.00"
"2017";"12";"16";"6";"7";"8384";"10.";"1.3";"-1.2";"92.";"3.";"0.00";"0.00";"0.00"
"2017";"12";"16";"6";"8";"8385";"5.";"1.4";"-1.1";"92.";"8.";"0.00";"0.00";"0.00"
"2017";"12";"16";"6";"9";"8386";"5.";"1.7";"-0.9";"90.";"7.";"10.84";"24.60";"9.48"
"2017";"12";"16";"6";"10";"8387";"345.";"1.5";"-0.6";"87.";"4.";"71.20";"249.63";"41.41"
"2017";"12";"16";"6";"11";"8388";"12.";"1.5";"-0.1";"86.";"6.";"80.80";"148.39";"58.16"
"2017";"12";"16";"6";"12";"8389";"336.";"1.8";"-0.1";"86.";"8.";"46.82";"0.00";"46.82"
"2017";"12";"16";"6";"13";"8390";"349.";"1.8";"-0.5";"90.";"8.";"17.14";"0.00";"17.14"
"2017";"12";"16";"6";"14";"8391";"23.";"1.8";"-1.0";"91.";"8.";"4.34";"0.00";"4.34"
"2017";"12";"16";"6";"15";"8392";"32.";"2.0";"-1.4";"90.";"8.";"0.00";"0.00";"0.00"
"2017";"12";"16";"6";"16";"8393";"10.";"1.7";"-1.6";"90.";"7.";"0.00";"0.00";"0.00"
"2017";"12";"16";"6";"17";"8394";"26.";"1.9";"-1.5";"90.";"8.";"0.00";"0.00";"0.00"
"2017";"12";"16";"6";"18";"8395";"10.";"1.7";"-1.6";"92.";"7.";"0.00";"0.00";"0.00"
"2017";"12";"16";"6";"19";"8396";"6.";"1.4";"-1.5";"93.";"7.";"0.00";"0.00";"0.00"
"2017";"12";"16";"6";"20";"8397";"7.";"1.9";"-1.3";"93.";"8.";"0.00";"0.00";"0.00"
"2017";"12";"16";"6";"21";"8398";"7.";"1.9";"-1.0";"94.";"8.";"0.00";"0.00";"0.00"
"2017";"12";"16";"6";"22";"8399";"9.";"3.1";"-0.6";"94.";"7.";"0.00";"0.00";"0.00"
"2017";"12";"16";"6";"23";"8400";"16.";"3.3";"-0";"93.";"8.";"0.00";"0.00";"0.00"
"2017";"12";"17";"7";"0";"8401";"15.";"3.2";"0.2";"92.";"3.";"0.00";"0.00";"0.00"
"2017";"12";"17";"7";"1";"8402";"14.";"3.1";"0.0";"91.";"3.";"0.00";"0.00";"0.00"
"2017";"12";"17";"7";"2";"8403";"15.";"2.7";"-0.8";"91.";"3.";"0.00";"0.00";"0.00"
"2017";"12";"17";"7";"3";"8404";"8.";"2.4";"-1.2";"91.";"5.";"0.00";"0.00";"0.00"
"2017";"12";"17";"7";"4";"8405";"13.";"2.2";"-1.9";"90.";"4.";"0.00";"0.00";"0.00"
"2017";"12";"17";"7";"5";"8406";"5.";"1.6";"-2.4";"91.";"5.";"0.00";"0.00";"0.00"
"2017";"12";"17";"7";"6";"8407";"4.";"1.3";"-3.0";"90.";"4.";"0.00";"0.00";"0.00"
"2017";"12";"17";"7";"7";"8408";"19.";"1.3";"-4.2";"91.";"6.";"0.00";"0.00";"0.00"
"2017";"12";"17";"7";"8";"8409";"35.";"1.0";"-5.0";"91.";"6.";"0.00";"0.00";"0.00"
"2017";"12";"17";"7";"9";"8410";"86.";"1.0";"-4.3";"91.";"7.";"12.44";"25.97";"11.02"
"2017";"12";"17";"7";"10";"8411";"141.";"0.6";"-3.0";"89.";"6.";"54.79";"109.12";"41.84"
"2017";"12";"17";"7";"11";"8412";"156.";"1.0";"-1.5";"84.";"8.";"50.95";"0.00";"50.95"
"2017";"12";"17";"7";"12";"8413";"136.";"1.7";"-1.2";"84.";"7.";"65.26";"64.76";"55.43"
"2017";"12";"17";"7";"13";"8414";"135.";"2.2";"-1.0";"86.";"1.";"85.96";"429.48";"35.00"
"2017";"12";"17";"7";"14";"8415";"148.";"2.2";"-1.4";"88.";"1.";"20.34";"177.03";"10.68"
"2017";"12";"17";"7";"15";"8416";"175.";"2.0";"-2.1";"90.";"3.";"0.00";"0.00";"0.00"
"2017";"12";"17";"7";"16";"8417";"174.";"2.3";"-1.9";"90.";"5.";"0.00";"0.00";"0.00"
"2017";"12";"17";"7";"17";"8418";"168.";"2.7";"-1.6";"88.";"4.";"0.00";"0.00";"0.00"
"2017";"12";"17";"7";"18";"8419";"168.";"3.1";"-1.6";"88.";"3.";"0.00";"0.00";"0.00"
"2017";"12";"17";"7";"19";"8420";"177.";"3.6";"-1.1";"89.";"1.";"0.00";"0.00";"0.00"
"2017";"12";"17";"7";"20";"8421";"177.";"3.7";"-0.5";"89.";"7.";"0.00";"0.00";"0.00"
"2017";"12";"17";"7";"21";"8422";"186.";"3.8";"-0.1";"90.";"6.";"0.00";"0.00";"0.00"
"2017";"12";"17";"7";"22";"8423";"188.";"4.0";"0.3";"90.";"7.";"0.00";"0.00";"0.00"
"2017";"12";"17";"7";"23";"8424";"183.";"4.2";"1.2";"89.";"7.";"0.00";"0.00";"0.00"
"2017";"12";"18";"1";"0";"8425";"180.";"4.4";"1.9";"89.";"8.";"0.00";"0.00";"0.00"
"2017";"12";"18";"1";"1";"8426";"179.";"4.6";"2.3";"88.";"7.";"0.00";"0.00";"0.00"
"2017";"12";"18";"1";"2";"8427";"177.";"4.8";"2.6";"89.";"8.";"0.00";"0.00";"0.00"
"2017";"12";"18";"1";"3";"8428";"185.";"4.4";"2.8";"88.";"8.";"0.00";"0.00";"0.00"
"2017";"12";"18";"1";"4";"8429";"205.";"4.3";"3.0";"88.";"8.";"0.00";"0.00";"0.00"
"2017";"12";"18";"1";"5";"8430";"194.";"4.1";"3.0";"89.";"8.";"0.00";"0.00";"0.00"
"2017";"12";"18";"1";"6";"8431";"207.";"4.3";"3.1";"88.";"8.";"0.00";"0.00";"0.00"
"2017";"12";"18";"1";"7";"8432";"207.";"4.6";"3.1";"88.";"8.";"0.00";"0.00";"0.00"
"2017";"12";"18";"1";"8";"8433";"214.";"4.6";"3.0";"86.";"8.";"0.00";"0.00";"0.00"
"2017";"12";"18";"1";"9";"8434";"218.";"4.3";"3.1";"85.";"7.";"6.86";"14.45";"6.08"
"2017";"12";"18";"1";"10";"8435";"208.";"4.1";"3.4";"85.";"8.";"31.69";"0.00";"31.69"
"2017";"12";"18";"1";"11";"8436";"208.";"4.7";"3.5";"85.";"7.";"58.80";"50.46";"51.17"
"2017";"12";"18";"1";"12";"8437";"202.";"4.8";"3.4";"86.";"7.";"57.07";"43.70";"50.46"
"2017";"12";"18";"1";"13";"8438";"208.";"4.5";"3.3";"89.";"8.";"16.64";"0.00";"16.64"
"2017";"12";"18";"1";"14";"8439";"207.";"4.3";"3.1";"91.";"8.";"3.95";"0.00";"3.95"
"2017";"12";"18";"1";"15";"8440";"207.";"4.1";"3.2";"93.";"8.";"0.00";"0.00";"0.00"
"2017";"12";"18";"1";"16";"8441";"196.";"3.2";"3.3";"93.";"8.";"0.00";"0.00";"0.00"
"2017";"12";"18";"1";"17";"8442";"189.";"2.5";"3.2";"93.";"8.";"0.00";"0.00";"0.00"
"2017";"12";"18";"1";"18";"8443";"167.";"1.9";"3.1";"93.";"8.";"0.00";"0.00";"0.00"
"2017";"12";"18";"1";"19";"8444";"150.";"1.5";"2.9";"93.";"8.";"0.00";"0.00";"0.00"
"2017";"12";"18";"1";"20";"8445";"139.";"0.9";"2.8";"93.";"8.";"0.00";"0.00";"0.00"
"2017";"12";"18";"1";"21";"8446";"143.";"0.7";"2.8";"94.";"7.";"0.00";"0.00";"0.00"
"2017";"12";"18";"1";"22";"8447";"147.";"1.3";"2.6";"94.";"8.";"0.00";"0.00";"0.00"
"2017";"12";"18";"1";"23";"8448";"139.";"1.6";"2.6";"94.";"8.";"0.00";"0.00";"0.00"
"2017";"12";"19";"2";"0";"8449";"131.";"1.6";"2.4";"94.";"7.";"0.00";"0.00";"0.00"
"2017";"12";"19";"2";"1";"8450";"138.";"1.2";"1.7";"95.";"8.";"0.00";"0.00";"0.00"
"2017";"12";"19";"2";"2";"8451";"154.";"1.4";"1.3";"95.";"7.";"0.00";"0.00";"0.00"
"2017";"12";"19";"2";"3";"8452";"136.";"1.4";"0.9";"96.";"8.";"0.00";"0.00";"0.00"
"2017";"12";"19";"2";"4";"8453";"129.";"1.4";"0.6";"95.";"7.";"0.00";"0.00";"0.00"
"2017";"12";"19";"2";"5";"8454";"113.";"1.2";"0.7";"96.";"8.";"0.00";"0.00";"0.00"
"2017";"12";"19";"2";"6";"8455";"108.";"1.1";"0.8";"95.";"8.";"0.00";"0.00";"0.00"
"2017";"12";"19";"2";"7";"8456";"116.";"1.1";"0.4";"95.";"7.";"0.00";"0.00";"0.00"
"2017";"12";"19";"2";"8";"8457";"133.";"1.5";"0.3";"95.";"8.";"0.00";"0.00";"0.00"
"2017";"12";"19";"2";"9";"8458";"123.";"0.6";"0.5";"96.";"8.";"5.48";"0.00";"5.48"
"2017";"12";"19";"2";"10";"8459";"88.";"0.3";"1.2";"95.";"7.";"39.86";"40.54";"35.09"
"2017";"12";"19";"2";"11";"8460";"162.";"0.3";"1.9";"94.";"7.";"59.91";"55.65";"51.52"
"2017";"12";"19";"2";"12";"8461";"145.";"1.3";"2.4";"94.";"6.";"70.02";"105.15";"54.16"
"2017";"12";"19";"2";"13";"8462";"151.";"1.8";"2.3";"93.";"8.";"31.05";"0.00";"31.05"
"2017";"12";"19";"2";"14";"8463";"167.";"2.0";"1.9";"93.";"5.";"8.52";"33.12";"6.75"
"2017";"12";"19";"2";"15";"8464";"147.";"2.2";"1.9";"94.";"5.";"0.00";"0.00";"0.00"
"2017";"12";"19";"2";"16";"8465";"153.";"2.0";"1.6";"95.";"6.";"0.00";"0.00";"0.00"
"2017";"12";"19";"2";"17";"8466";"147.";"2.3";"1.8";"94.";"8.";"0.00";"0.00";"0.00"
"2017";"12";"19";"2";"18";"8467";"177.";"2.2";"2.1";"92.";"7.";"0.00";"0.00";"0.00"
"2017";"12";"19";"2";"19";"8468";"181.";"2.8";"2.4";"93.";"7.";"0.00";"0.00";"0.00"
"2017";"12";"19";"2";"20";"8469";"176.";"3.2";"2.5";"94.";"8.";"0.00";"0.00";"0.00"
"2017";"12";"19";"2";"21";"8470";"175.";"3.5";"2.8";"95.";"7.";"0.00";"0.00";"0.00"
"2017";"12";"19";"2";"22";"8471";"169.";"3.8";"3.2";"95.";"8.";"0.00";"0.00";"0.00"
"2017";"12";"19";"2";"23";"8472";"173.";"3.9";"3.5";"95.";"8.";"0.00";"0.00";"0.00"
"2017";"12";"20";"3";"0";"8473";"182.";"3.8";"3.7";"95.";"8.";"0.00";"0.00";"0.00"
"2017";"12";"20";"3";"1";"8474";"191.";"3.9";"4.0";"95.";"8.";"0.00";"0.00";"0.00"
"2017";"12";"20";"3";"2";"8475";"183.";"3.6";"4.2";"96.";"7.";"0.00";"0.00";"0.00"
"2017";"12";"20";"3";"3";"8476";"190.";"3.4";"4.6";"96.";"6.";"0.00";"0.00";"0.00"
"2017";"12";"20";"3";"4";"8477";"194.";"3.4";"4.9";"97.";"8.";"0.00";"0.00";"0.00"
"2017";"12";"20";"3";"5";"8478";"194.";"3.2";"5.0";"97.";"8.";"0.00";"0.00";"0.00"
"2017";"12";"20";"3";"6";"8479";"192.";"2.8";"5.1";"97.";"8.";"0.00";"0.00";"0.00"
"2017";"12";"20";"3";"7";"8480";"202.";"3.1";"5.2";"97.";"8.";"0.00";"0.00";"0.00"
"2017";"12";"20";"3";"8";"8481";"203.";"3.9";"5.4";"97.";"8.";"0.00";"0.00";"0.00"
"2017";"12";"20";"3";"9";"8482";"218.";"4.9";"5.4";"97.";"8.";"0.93";"0.00";"0.93"
"2017";"12";"20";"3";"10";"8483";"218.";"4.4";"5.4";"97.";"8.";"20.80";"0.00";"20.80"
"2017";"12";"20";"3";"11";"8484";"212.";"4.3";"5.3";"97.";"8.";"32.61";"0.00";"32.61"
"2017";"12";"20";"3";"12";"8485";"213.";"4.3";"5.3";"97.";"8.";"33.84";"0.00";"33.84"
"2017";"12";"20";"3";"13";"8486";"218.";"4.3";"5.5";"97.";"8.";"21.77";"0.00";"21.77"
"2017";"12";"20";"3";"14";"8487";"221.";"3.9";"5.5";"97.";"8.";"0.91";"0.00";"0.91"
"2017";"12";"20";"3";"15";"8488";"224.";"3.8";"5.8";"97.";"8.";"0.00";"0.00";"0.00"
"2017";"12";"20";"3";"16";"8489";"229.";"3.9";"6.0";"97.";"8.";"0.00";"0.00";"0.00"
"2017";"12";"20";"3";"17";"8490";"231.";"4.0";"6.2";"97.";"8.";"0.00";"0.00";"0.00"
"2017";"12";"20";"3";"18";"8491";"232.";"4.2";"6.4";"98.";"8.";"0.00";"0.00";"0.00"
"2017";"12";"20";"3";"19";"8492";"243.";"3.4";"6.8";"98.";"8.";"0.00";"0.00";"0.00"
"2017";"12";"20";"3";"20";"8493";"269.";"3.4";"6.9";"98.";"8.";"0.00";"0.00";"0.00"
"2017";"12";"20";"3";"21";"8494";"280.";"3.9";"6.5";"98.";"8.";"0.00";"0.00";"0.00"
"2017";"12";"20";"3";"22";"8495";"291.";"4.3";"6.1";"98.";"8.";"0.00";"0.00";"0.00"
"2017";"12";"20";"3";"23";"8496";"289.";"4.3";"5.8";"98.";"7.";"0.00";"0.00";"0.00"
"2017";"12";"21";"4";"0";"8497";"299.";"3.1";"5.6";"97.";"5.";"0.00";"0.00";"0.00"
"2017";"12";"21";"4";"1";"8498";"297.";"2.8";"5.1";"97.";"4.";"0.00";"0.00";"0.00"
"2017";"12";"21";"4";"2";"8499";"301.";"2.8";"4.0";"97.";"3.";"0.00";"0.00";"0.00"
"2017";"12";"21";"4";"3";"8500";"306.";"3.7";"3.6";"96.";"0.";"0.00";"0.00";"0.00"
"2017";"12";"21";"4";"4";"8501";"312.";"3.4";"2.5";"98.";"4.";"0.00";"0.00";"0.00"
"2017";"12";"21";"4";"5";"8502";"316.";"2.5";"2.4";"98.";"7.";"0.00";"0.00";"0.00"
"2017";"12";"21";"4";"6";"8503";"304.";"1.9";"2.8";"97.";"3.";"0.00";"0.00";"0.00"
"2017";"12";"21";"4";"7";"8504";"281.";"2.2";"3.2";"96.";"1.";"0.00";"0.00";"0.00"
"2017";"12";"21";"4";"8";"8505";"285.";"1.9";"3.2";"94.";"0.";"0.00";"0.00";"0.00"
"2017";"12";"21";"4";"9";"8506";"288.";"3.6";"3.8";"95.";"4.";"5.15";"29.00";"3.61"
"2017";"12";"21";"4";"10";"8507";"290.";"4.5";"5.5";"94.";"8.";"21.76";"0.00";"21.76"
"2017";"12";"21";"4";"11";"8508";"286.";"5.5";"6.3";"93.";"8.";"32.28";"0.00";"32.28"
"2017";"12";"21";"4";"12";"8509";"289.";"5.9";"6.5";"93.";"7.";"43.36";"46.70";"36.35"
"2017";"12";"21";"4";"13";"8510";"287.";"6.8";"6.6";"91.";"7.";"27.56";"33.54";"23.63"
"2017";"12";"21";"4";"14";"8511";"292.";"5.6";"6.2";"89.";"2.";"3.32";"19.63";"2.28"
"2017";"12";"21";"4";"15";"8512";"299.";"5.1";"5.6";"88.";"4.";"0.00";"0.00";"0.00"
"2017";"12";"21";"4";"16";"8513";"295.";"4.5";"5.5";"86.";"8.";"0.00";"0.00";"0.00"
"2017";"12";"21";"4";"17";"8514";"288.";"4.6";"5.3";"84.";"3.";"0.00";"0.00";"0.00"
"2017";"12";"21";"4";"18";"8515";"294.";"4.2";"4.9";"86.";"3.";"0.00";"0.00";"0.00"
"2017";"12";"21";"4";"19";"8516";"292.";"3.9";"4.8";"85.";"6.";"0.00";"0.00";"0.00"
"2017";"12";"21";"4";"20";"8517";"289.";"4.3";"5.0";"84.";"0.";"0.00";"0.00";"0.00"
"2017";"12";"21";"4";"21";"8518";"304.";"4.7";"4.8";"84.";"0.";"0.00";"0.00";"0.00"
"2017";"12";"21";"4";"22";"8519";"296.";"4.6";"4.5";"86.";"5.";"0.00";"0.00";"0.00"
"2017";"12";"21";"4";"23";"8520";"289.";"4.9";"4.5";"86.";"8.";"0.00";"0.00";"0.00"
"2017";"12";"22";"5";"0";"8521";"287.";"5.0";"4.9";"83.";"8.";"0.00";"0.00";"0.00"
"2017";"12";"22";"5";"1";"8522";"291.";"4.8";"5.0";"82.";"8.";"0.00";"0.00";"0.00"
"2017";"12";"22";"5";"2";"8523";"292.";"5.7";"5.2";"83.";"8.";"0.00";"0.00";"0.00"
"2017";"12";"22";"5";"3";"8524";"303.";"5.2";"5.1";"83.";"8.";"0.00";"0.00";"0.00"
"2017";"12";"22";"5";"4";"8525";"301.";"5.0";"4.9";"80.";"8.";"0.00";"0.00";"0.00"
"2017";"12";"22";"5";"5";"8526";"301.";"5.0";"4.9";"78.";"4.";"0.00";"0.00";"0.00"
"2017";"12";"22";"5";"6";"8527";"302.";"4.9";"4.8";"79.";"0.";"0.00";"0.00";"0.00"
"2017";"12";"22";"5";"7";"8528";"300.";"4.5";"4.6";"80.";"0.";"0.00";"0.00";"0.00"
"2017";"12";"22";"5";"8";"8529";"297.";"4.5";"4.7";"82.";"5.";"0.00";"0.00";"0.00"
"2017";"12";"22";"5";"9";"8530";"291.";"4.8";"5.6";"80.";"8.";"2.69";"0.00";"2.69"
"2017";"12";"22";"5";"10";"8531";"289.";"5.4";"6.1";"77.";"8.";"22.82";"0.00";"22.82"
"2017";"12";"22";"5";"11";"8532";"293.";"5.5";"6.3";"77.";"7.";"74.72";"48.63";"67.42"
"2017";"12";"22";"5";"12";"8533";"295.";"5.5";"6.5";"77.";"7.";"45.15";"46.48";"38.17"
"2017";"12";"22";"5";"13";"8534";"303.";"5.6";"6.4";"76.";"6.";"38.17";"84.10";"28.33"
"2017";"12";"22";"5";"14";"8535";"295.";"6.1";"6.2";"78.";"3.";"6.43";"40.75";"4.27"
"2017";"12";"22";"5";"15";"8536";"306.";"5.9";"5.8";"82.";"6.";"0.00";"0.00";"0.00"
"2017";"12";"22";"5";"16";"8537";"288.";"5.3";"6.2";"84.";"8.";"0.00";"0.00";"0.00"
"2017";"12";"22";"5";"17";"8538";"274.";"4.9";"6.2";"86.";"8.";"0.00";"0.00";"0.00"
"2017";"12";"22";"5";"18";"8539";"266.";"5.0";"6.3";"85.";"6.";"0.00";"0.00";"0.00"
"2017";"12";"22";"5";"19";"8540";"266.";"5.1";"6.3";"83.";"7.";"0.00";"0.00";"0.00"
"2017";"12";"22";"5";"20";"8541";"272.";"5.7";"6.1";"83.";"7.";"0.00";"0.00";"0.00"
"2017";"12";"22";"5";"21";"8542";"271.";"3.9";"5.7";"87.";"7.";"0.00";"0.00";"0.00"
"2017";"12";"22";"5";"22";"8543";"246.";"3.4";"5.3";"94.";"8.";"0.00";"0.00";"0.00"
"2017";"12";"22";"5";"23";"8544";"248.";"4.6";"5.4";"96.";"8.";"0.00";"0.00";"0.00"
"2017";"12";"23";"6";"0";"8545";"254.";"5.4";"5.5";"96.";"8.";"0.00";"0.00";"0.00"
"2017";"12";"23";"6";"1";"8546";"262.";"5.4";"6.1";"96.";"8.";"0.00";"0.00";"0.00"
"2017";"12";"23";"6";"2";"8547";"274.";"6.7";"6.9";"95.";"8.";"0.00";"0.00";"0.00"
"2017";"12";"23";"6";"3";"8548";"270.";"6.3";"7.2";"95.";"8.";"0.00";"0.00";"0.00"
"2017";"12";"23";"6";"4";"8549";"271.";"8.8";"7.7";"95.";"8.";"0.00";"0.00";"0.00"
"2017";"12";"23";"6";"5";"8550";"267.";"9.7";"7.9";"95.";"8.";"0.00";"0.00";"0.00"
"2017";"12";"23";"6";"6";"8551";"265.";"9.4";"8.0";"95.";"8.";"0.00";"0.00";"0.00"
"2017";"12";"23";"6";"7";"8552";"266.";"9.6";"8.1";"94.";"8.";"0.00";"0.00";"0.00"
"2017";"12";"23";"6";"8";"8553";"265.";"10.2";"8.1";"93.";"8.";"0.00";"0.00";"0.00"
"2017";"12";"23";"6";"9";"8554";"270.";"10.8";"8.3";"92.";"8.";"0.00";"0.00";"0.00"
"2017";"12";"23";"6";"10";"8555";"268.";"10.6";"8.7";"93.";"8.";"18.31";"0.00";"18.31"
"2017";"12";"23";"6";"11";"8556";"269.";"10.4";"8.9";"93.";"8.";"29.59";"0.00";"29.59"
"2017";"12";"23";"6";"12";"8557";"265.";"10.8";"8.8";"93.";"7.";"39.06";"34.58";"33.87"
"2017";"12";"23";"6";"13";"8558";"262.";"9.4";"8.8";"92.";"8.";"18.21";"0.00";"18.21"
"2017";"12";"23";"6";"14";"8559";"261.";"9.7";"8.9";"92.";"8.";"0.00";"0.00";"0.00"
"2017";"12";"23";"6";"15";"8560";"267.";"10.5";"9.0";"91.";"8.";"0.00";"0.00";"0.00"
"2017";"12";"23";"6";"16";"8561";"265.";"10.6";"9.3";"89.";"8.";"0.00";"0.00";"0.00"
"2017";"12";"23";"6";"17";"8562";"267.";"9.8";"9.1";"86.";"8.";"0.00";"0.00";"0.00"
"2017";"12";"23";"6";"18";"8563";"272.";"11.4";"9.2";"83.";"8.";"0.00";"0.00";"0.00"
"2017";"12";"23";"6";"19";"8564";"274.";"11.3";"9.3";"84.";"8.";"0.00";"0.00";"0.00"
"2017";"12";"23";"6";"20";"8565";"274.";"11.6";"9.1";"86.";"8.";"0.00";"0.00";"0.00"
"2017";"12";"23";"6";"21";"8566";"272.";"12.2";"9.2";"87.";"8.";"0.00";"0.00";"0.00"
"2017";"12";"23";"6";"22";"8567";"271.";"11.9";"9.0";"88.";"8.";"0.00";"0.00";"0.00"
"2017";"12";"23";"6";"23";"8568";"278.";"11.2";"8.8";"89.";"8.";"0.00";"0.00";"0.00"
"2017";"12";"24";"7";"0";"8569";"291.";"9.5";"8.6";"89.";"8.";"0.00";"0.00";"0.00"
"2017";"12";"24";"7";"1";"8570";"297.";"8.8";"8.4";"87.";"8.";"0.00";"0.00";"0.00"
"2017";"12";"24";"7";"2";"8571";"296.";"7.2";"8.0";"87.";"7.";"0.00";"0.00";"0.00"
"2017";"12";"24";"7";"3";"8572";"285.";"4.2";"7.5";"89.";"5.";"0.00";"0.00";"0.00"
"2017";"12";"24";"7";"4";"8573";"280.";"3.0";"6.5";"90.";"8.";"0.00";"0.00";"0.00"
"2017";"12";"24";"7";"5";"8574";"279.";"3.1";"6.6";"90.";"8.";"0.00";"0.00";"0.00"
"2017";"12";"24";"7";"6";"8575";"281.";"5.4";"7.0";"88.";"8.";"0.00";"0.00";"0.00"
"2017";"12";"24";"7";"7";"8576";"279.";"4.8";"6.9";"86.";"8.";"0.00";"0.00";"0.00"
"2017";"12";"24";"7";"8";"8577";"272.";"3.7";"6.4";"87.";"8.";"0.00";"0.00";"0.00"
"2017";"12";"24";"7";"9";"8578";"261.";"5.8";"6.4";"88.";"8.";"1.22";"0.00";"1.22"
"2017";"12";"24";"7";"10";"8579";"260.";"5.3";"6.5";"87.";"8.";"21.86";"0.00";"21.86"
"2017";"12";"24";"7";"11";"8580";"256.";"5.5";"6.6";"88.";"8.";"32.54";"0.00";"32.54"
"2017";"12";"24";"7";"12";"8581";"248.";"4.2";"6.3";"93.";"8.";"18.19";"0.00";"18.19"
"2017";"12";"24";"7";"13";"8582";"238.";"3.0";"6.2";"95.";"8.";"11.57";"0.00";"11.57"
"2017";"12";"24";"7";"14";"8583";"245.";"2.4";"6.3";"96.";"8.";"0.19";"0.00";"0.19"
"2017";"12";"24";"7";"15";"8584";"204.";"1.5";"6.2";"97.";"8.";"0.00";"0.00";"0.00"
"2017";"12";"24";"7";"16";"8585";"189.";"0.9";"6.1";"97.";"7.";"0.00";"0.00";"0.00"
"2017";"12";"24";"7";"17";"8586";"221.";"0.7";"6.0";"97.";"8.";"0.00";"0.00";"0.00"
"2017";"12";"24";"7";"18";"8587";"253.";"1.1";"5.8";"97.";"8.";"0.00";"0.00";"0.00"
"2017";"12";"24";"7";"19";"8588";"248.";"0.7";"5.7";"97.";"7.";"0.00";"0.00";"0.00"
"2017";"12";"24";"7";"20";"8589";"264.";"1.2";"5.6";"97.";"8.";"0.00";"0.00";"0.00"
"2017";"12";"24";"7";"21";"8590";"274.";"1.4";"5.0";"97.";"8.";"0.00";"0.00";"0.00"
"2017";"12";"24";"7";"22";"8591";"279.";"1.7";"5.3";"97.";"7.";"0.00";"0.00";"0.00"
"2017";"12";"24";"7";"23";"8592";"263.";"2.4";"5.9";"98.";"8.";"0.00";"0.00";"0.00"
"2017";"12";"25";"1";"0";"8593";"254.";"3.4";"5.9";"97.";"8.";"0.00";"0.00";"0.00"
"2017";"12";"25";"1";"1";"8594";"244.";"3.5";"6.0";"96.";"7.";"0.00";"0.00";"0.00"
"2017";"12";"25";"1";"2";"8595";"244.";"3.9";"6.1";"96.";"7.";"0.00";"0.00";"0.00"
"2017";"12";"25";"1";"3";"8596";"242.";"3.7";"6.0";"95.";"8.";"0.00";"0.00";"0.00"
"2017";"12";"25";"1";"4";"8597";"224.";"3.1";"6.2";"95.";"8.";"0.00";"0.00";"0.00"
"2017";"12";"25";"1";"5";"8598";"197.";"3.3";"6.1";"96.";"8.";"0.00";"0.00";"0.00"
"2017";"12";"25";"1";"6";"8599";"192.";"3.6";"6.3";"96.";"8.";"0.00";"0.00";"0.00"
"2017";"12";"25";"1";"7";"8600";"208.";"5.4";"6.8";"97.";"8.";"0.00";"0.00";"0.00"
"2017";"12";"25";"1";"8";"8601";"217.";"6.8";"7.0";"97.";"8.";"0.00";"0.00";"0.00"
"2017";"12";"25";"1";"9";"8602";"219.";"6.8";"7.1";"97.";"8.";"0.00";"0.00";"0.00"
"2017";"12";"25";"1";"10";"8603";"223.";"7.3";"7.1";"97.";"8.";"11.36";"0.00";"11.36"
"2017";"12";"25";"1";"11";"8604";"224.";"7.7";"7.2";"97.";"8.";"18.14";"0.00";"18.14"
"2017";"12";"25";"1";"12";"8605";"221.";"7.5";"7.1";"97.";"8.";"15.80";"0.00";"15.80"
"2017";"12";"25";"1";"13";"8606";"222.";"7.5";"7.1";"97.";"8.";"9.69";"0.00";"9.69"
"2017";"12";"25";"1";"14";"8607";"223.";"7.4";"7.3";"97.";"8.";"0.00";"0.00";"0.00"
"2017";"12";"25";"1";"15";"8608";"225.";"7.1";"7.3";"97.";"8.";"0.00";"0.00";"0.00"
"2017";"12";"25";"1";"16";"8609";"225.";"7.1";"7.2";"97.";"8.";"0.00";"0.00";"0.00"
"2017";"12";"25";"1";"17";"8610";"221.";"7.5";"7.2";"97.";"8.";"0.00";"0.00";"0.00"
"2017";"12";"25";"1";"18";"8611";"219.";"7.7";"7.1";"97.";"8.";"0.00";"0.00";"0.00"
"2017";"12";"25";"1";"19";"8612";"219.";"7.6";"7.1";"98.";"8.";"0.00";"0.00";"0.00"
"2017";"12";"25";"1";"20";"8613";"218.";"7.5";"7.0";"98.";"8.";"0.00";"0.00";"0.00"
"2017";"12";"25";"1";"21";"8614";"216.";"7.5";"7.1";"97.";"8.";"0.00";"0.00";"0.00"
"2017";"12";"25";"1";"22";"8615";"216.";"7.9";"7.0";"97.";"8.";"0.00";"0.00";"0.00"
"2017";"12";"25";"1";"23";"8616";"214.";"7.7";"6.9";"97.";"8.";"0.00";"0.00";"0.00"
"2017";"12";"26";"2";"0";"8617";"208.";"7.8";"6.8";"96.";"8.";"0.00";"0.00";"0.00"
"2017";"12";"26";"2";"1";"8618";"206.";"7.9";"6.6";"96.";"8.";"0.00";"0.00";"0.00"
"2017";"12";"26";"2";"2";"8619";"199.";"7.9";"6.4";"96.";"8.";"0.00";"0.00";"0.00"
"2017";"12";"26";"2";"3";"8620";"197.";"8.2";"6.1";"96.";"8.";"0.00";"0.00";"0.00"
"2017";"12";"26";"2";"4";"8621";"198.";"8.4";"6.0";"95.";"8.";"0.00";"0.00";"0.00"
"2017";"12";"26";"2";"5";"8622";"196.";"8.0";"5.7";"94.";"8.";"0.00";"0.00";"0.00"
"2017";"12";"26";"2";"6";"8623";"190.";"7.9";"5.7";"93.";"8.";"0.00";"0.00";"0.00"
"2017";"12";"26";"2";"7";"8624";"190.";"9.1";"5.6";"91.";"8.";"0.00";"0.00";"0.00"
"2017";"12";"26";"2";"8";"8625";"182.";"8.8";"5.6";"89.";"8.";"0.00";"0.00";"0.00"
"2017";"12";"26";"2";"9";"8626";"179.";"9.1";"5.7";"88.";"8.";"1.93";"0.00";"1.93"
"2017";"12";"26";"2";"10";"8627";"178.";"9.6";"5.4";"87.";"8.";"22.84";"0.00";"22.84"
"2017";"12";"26";"2";"11";"8628";"180.";"10.2";"5.1";"89.";"8.";"19.76";"0.00";"19.76"
"2017";"12";"26";"2";"12";"8629";"180.";"10.9";"4.8";"91.";"8.";"18.87";"0.00";"18.87"
"2017";"12";"26";"2";"13";"8630";"185.";"11.0";"5.2";"90.";"8.";"13.06";"0.00";"13.06"
"2017";"12";"26";"2";"14";"8631";"192.";"11.3";"5.8";"87.";"8.";"1.98";"0.00";"1.98"
"2017";"12";"26";"2";"15";"8632";"209.";"10.6";"5.8";"82.";"8.";"0.00";"0.00";"0.00"
"2017";"12";"26";"2";"16";"8633";"218.";"10.0";"5.6";"81.";"3.";"0.00";"0.00";"0.00"
"2017";"12";"26";"2";"17";"8634";"218.";"10.0";"5.4";"80.";"7.";"0.00";"0.00";"0.00"
"2017";"12";"26";"2";"18";"8635";"223.";"9.0";"5.3";"81.";"8.";"0.00";"0.00";"0.00"
"2017";"12";"26";"2";"19";"8636";"220.";"8.2";"5.2";"82.";"8.";"0.00";"0.00";"0.00"
"2017";"12";"26";"2";"20";"8637";"222.";"8.2";"5.2";"83.";"8.";"0.00";"0.00";"0.00"
"2017";"12";"26";"2";"21";"8638";"221.";"8.3";"5.1";"84.";"8.";"0.00";"0.00";"0.00"
"2017";"12";"26";"2";"22";"8639";"223.";"9.1";"4.9";"84.";"8.";"0.00";"0.00";"0.00"
"2017";"12";"26";"2";"23";"8640";"228.";"8.9";"4.8";"82.";"8.";"0.00";"0.00";"0.00"
"2017";"12";"27";"3";"0";"8641";"226.";"7.8";"4.6";"83.";"8.";"0.00";"0.00";"0.00"
"2017";"12";"27";"3";"1";"8642";"224.";"8.5";"4.6";"83.";"7.";"0.00";"0.00";"0.00"
"2017";"12";"27";"3";"2";"8643";"228.";"8.2";"4.5";"83.";"8.";"0.00";"0.00";"0.00"
"2017";"12";"27";"3";"3";"8644";"222.";"8.3";"4.3";"83.";"5.";"0.00";"0.00";"0.00"
"2017";"12";"27";"3";"4";"8645";"220.";"6.7";"4.5";"84.";"7.";"0.00";"0.00";"0.00"
"2017";"12";"27";"3";"5";"8646";"212.";"6.8";"4.4";"85.";"6.";"0.00";"0.00";"0.00"
"2017";"12";"27";"3";"6";"8647";"218.";"6.8";"4.5";"85.";"5.";"0.00";"0.00";"0.00"
"2017";"12";"27";"3";"7";"8648";"215.";"5.6";"4.4";"87.";"6.";"0.00";"0.00";"0.00"
"2017";"12";"27";"3";"8";"8649";"213.";"5.8";"4.5";"87.";"5.";"0.00";"0.00";"0.00"
"2017";"12";"27";"3";"9";"8650";"213.";"6.6";"4.7";"86.";"8.";"3.08";"0.00";"3.08"
"2017";"12";"27";"3";"10";"8651";"216.";"5.8";"4.8";"85.";"7.";"32.25";"47.78";"26.60"
"2017";"12";"27";"3";"11";"8652";"200.";"5.1";"4.9";"85.";"8.";"35.62";"0.00";"35.62"
"2017";"12";"27";"3";"12";"8653";"195.";"5.4";"4.8";"87.";"8.";"33.89";"0.00";"33.89"
"2017";"12";"27";"3";"13";"8654";"183.";"4.6";"4.0";"91.";"8.";"13.45";"0.00";"13.45"
"2017";"12";"27";"3";"14";"8655";"145.";"3.5";"4.0";"92.";"7.";"3.71";"8.01";"3.27"
"2017";"12";"27";"3";"15";"8656";"139.";"3.8";"3.9";"92.";"7.";"0.00";"0.00";"0.00"
"2017";"12";"27";"3";"16";"8657";"140.";"4.4";"3.7";"91.";"7.";"0.00";"0.00";"0.00"
"2017";"12";"27";"3";"17";"8658";"130.";"4.3";"3.6";"89.";"7.";"0.00";"0.00";"0.00"
"2017";"12";"27";"3";"18";"8659";"123.";"4.6";"3.4";"89.";"7.";"0.00";"0.00";"0.00"
"2017";"12";"27";"3";"19";"8660";"127.";"4.9";"3.4";"89.";"8.";"0.00";"0.00";"0.00"
"2017";"12";"27";"3";"20";"8661";"129.";"4.9";"3.1";"91.";"8.";"0.00";"0.00";"0.00"
"2017";"12";"27";"3";"21";"8662";"136.";"5.1";"2.6";"93.";"8.";"0.00";"0.00";"0.00"
"2017";"12";"27";"3";"22";"8663";"137.";"5.3";"2.4";"94.";"8.";"0.00";"0.00";"0.00"
"2017";"12";"27";"3";"23";"8664";"151.";"4.6";"2.5";"94.";"8.";"0.00";"0.00";"0.00"
"2017";"12";"28";"4";"0";"8665";"161.";"4.9";"2.9";"94.";"8.";"0.00";"0.00";"0.00"
"2017";"12";"28";"4";"1";"8666";"162.";"4.8";"3.3";"94.";"8.";"0.00";"0.00";"0.00"
"2017";"12";"28";"4";"2";"8667";"166.";"5.0";"3.4";"94.";"8.";"0.00";"0.00";"0.00"
"2017";"12";"28";"4";"3";"8668";"166.";"4.7";"3.6";"94.";"8.";"0.00";"0.00";"0.00"
"2017";"12";"28";"4";"4";"8669";"153.";"4.5";"3.7";"94.";"8.";"0.00";"0.00";"0.00"
"2017";"12";"28";"4";"5";"8670";"152.";"4.5";"4.0";"95.";"8.";"0.00";"0.00";"0.00"
"2017";"12";"28";"4";"6";"8671";"161.";"4.6";"4.2";"95.";"8.";"0.00";"0.00";"0.00"
"2017";"12";"28";"4";"7";"8672";"178.";"3.8";"4.5";"94.";"8.";"0.00";"0.00";"0.00"
"2017";"12";"28";"4";"8";"8673";"176.";"3.8";"4.5";"94.";"8.";"0.00";"0.00";"0.00"
"2017";"12";"28";"4";"9";"8674";"213.";"2.7";"4.4";"93.";"7.";"2.35";"6.24";"2.01"
"2017";"12";"28";"4";"10";"8675";"223.";"3.0";"4.3";"92.";"8.";"13.61";"0.00";"13.61"
"2017";"12";"28";"4";"11";"8676";"230.";"3.2";"4.0";"91.";"8.";"36.76";"0.00";"36.76"
"2017";"12";"28";"4";"12";"8677";"220.";"2.5";"3.8";"91.";"7.";"48.74";"60.02";"39.62"
"2017";"12";"28";"4";"13";"8678";"214.";"2.1";"3.4";"90.";"7.";"33.29";"50.66";"27.27"
"2017";"12";"28";"4";"14";"8679";"197.";"2.2";"2.7";"92.";"7.";"5.21";"12.75";"4.51"
"2017";"12";"28";"4";"15";"8680";"191.";"2.9";"2.8";"96.";"7.";"0.00";"0.00";"0.00"
"2017";"12";"28";"4";"16";"8681";"174.";"3.4";"3.0";"94.";"8.";"0.00";"0.00";"0.00"
"2017";"12";"28";"4";"17";"8682";"175.";"3.2";"3.4";"94.";"8.";"0.00";"0.00";"0.00"
"2017";"12";"28";"4";"18";"8683";"188.";"2.6";"3.7";"94.";"8.";"0.00";"0.00";"0.00"
"2017";"12";"28";"4";"19";"8684";"182.";"2.5";"3.9";"94.";"8.";"0.00";"0.00";"0.00"
"2017";"12";"28";"4";"20";"8685";"185.";"2.5";"3.9";"93.";"7.";"0.00";"0.00";"0.00"
"2017";"12";"28";"4";"21";"8686";"193.";"2.6";"3.9";"91.";"8.";"0.00";"0.00";"0.00"
"2017";"12";"28";"4";"22";"8687";"194.";"3.0";"3.7";"91.";"6.";"0.00";"0.00";"0.00"
"2017";"12";"28";"4";"23";"8688";"190.";"3.0";"3.3";"91.";"7.";"0.00";"0.00";"0.00"
"2017";"12";"29";"5";"0";"8689";"189.";"3.3";"3.6";"91.";"7.";"0.00";"0.00";"0.00"
"2017";"12";"29";"5";"1";"8690";"182.";"3.2";"3.8";"91.";"4.";"0.00";"0.00";"0.00"
"2017";"12";"29";"5";"2";"8691";"165.";"3.5";"3.9";"91.";"8.";"0.00";"0.00";"0.00"
"2017";"12";"29";"5";"3";"8692";"189.";"4.4";"3.7";"91.";"8.";"0.00";"0.00";"0.00"
"2017";"12";"29";"5";"4";"8693";"202.";"4.6";"3.8";"92.";"8.";"0.00";"0.00";"0.00"
"2017";"12";"29";"5";"5";"8694";"213.";"4.2";"3.3";"92.";"8.";"0.00";"0.00";"0.00"
"2017";"12";"29";"5";"6";"8695";"222.";"4.3";"3.2";"92.";"8.";"0.00";"0.00";"0.00"
"2017";"12";"29";"5";"7";"8696";"236.";"4.1";"3.4";"92.";"8.";"0.00";"0.00";"0.00"
"2017";"12";"29";"5";"8";"8697";"257.";"4.5";"3.6";"91.";"7.";"0.00";"0.00";"0.00"
"2017";"12";"29";"5";"9";"8698";"251.";"4.9";"3.6";"84.";"5.";"9.04";"52.15";"6.14"
"2017";"12";"29";"5";"10";"8699";"252.";"5.0";"3.7";"81.";"6.";"44.72";"118.25";"30.57"
"2017";"12";"29";"5";"11";"8700";"236.";"4.3";"3.7";"86.";"3.";"95.62";"338.76";"43.86"
"2017";"12";"29";"5";"12";"8701";"232.";"4.9";"3.8";"88.";"8.";"37.94";"0.00";"37.94"
"2017";"12";"29";"5";"13";"8702";"236.";"4.8";"3.9";"86.";"8.";"26.39";"0.00";"26.39"
"2017";"12";"29";"5";"14";"8703";"240.";"4.6";"3.7";"86.";"8.";"4.23";"0.00";"4.23"
"2017";"12";"29";"5";"15";"8704";"233.";"4.7";"3.6";"86.";"7.";"0.00";"0.00";"0.00"
"2017";"12";"29";"5";"16";"8705";"233.";"4.8";"3.4";"86.";"5.";"0.00";"0.00";"0.00"
"2017";"12";"29";"5";"17";"8706";"238.";"4.4";"3.6";"85.";"5.";"0.00";"0.00";"0.00"
"2017";"12";"29";"5";"18";"8707";"238.";"4.5";"3.4";"86.";"2.";"0.00";"0.00";"0.00"
"2017";"12";"29";"5";"19";"8708";"233.";"3.7";"3.3";"87.";"5.";"0.00";"0.00";"0.00"
"2017";"12";"29";"5";"20";"8709";"233.";"4.1";"3.2";"87.";"5.";"0.00";"0.00";"0.00"
"2017";"12";"29";"5";"21";"8710";"228.";"3.8";"3.0";"88.";"3.";"0.00";"0.00";"0.00"
"2017";"12";"29";"5";"22";"8711";"224.";"3.8";"2.8";"88.";"5.";"0.00";"0.00";"0.00"
"2017";"12";"29";"5";"23";"8712";"222.";"3.4";"2.6";"90.";"6.";"0.00";"0.00";"0.00"
"2017";"12";"30";"6";"0";"8713";"221.";"3.6";"2.9";"91.";"8.";"0.00";"0.00";"0.00"
"2017";"12";"30";"6";"1";"8714";"210.";"3.9";"3.0";"88.";"7.";"0.00";"0.00";"0.00"
"2017";"12";"30";"6";"2";"8715";"193.";"3.7";"2.8";"84.";"8.";"0.00";"0.00";"0.00"
"2017";"12";"30";"6";"3";"8716";"177.";"3.7";"2.8";"83.";"7.";"0.00";"0.00";"0.00"
"2017";"12";"30";"6";"4";"8717";"156.";"3.9";"2.2";"81.";"4.";"0.00";"0.00";"0.00"
"2017";"12";"30";"6";"5";"8718";"147.";"3.7";"1.1";"88.";"7.";"0.00";"0.00";"0.00"
"2017";"12";"30";"6";"6";"8719";"133.";"4.3";"0.6";"90.";"7.";"0.00";"0.00";"0.00"
"2017";"12";"30";"6";"7";"8720";"127.";"4.6";"0.2";"89.";"7.";"0.00";"0.00";"0.00"
"2017";"12";"30";"6";"8";"8721";"126.";"4.6";"0.3";"88.";"6.";"0.00";"0.00";"0.00"
"2017";"12";"30";"6";"9";"8722";"133.";"4.8";"0.7";"86.";"8.";"6.19";"0.00";"6.19"
"2017";"12";"30";"6";"10";"8723";"130.";"5.0";"0.9";"85.";"7.";"35.07";"45.31";"29.61"
"2017";"12";"30";"6";"11";"8724";"126.";"4.7";"1.2";"86.";"8.";"39.26";"0.00";"39.26"
"2017";"12";"30";"6";"12";"8725";"119.";"4.7";"1.3";"88.";"8.";"35.57";"0.00";"35.57"
"2017";"12";"30";"6";"13";"8726";"111.";"4.4";"1.2";"92.";"8.";"24.62";"0.00";"24.62"
"2017";"12";"30";"6";"14";"8727";"110.";"4.5";"0.8";"94.";"8.";"2.61";"0.00";"2.61"
"2017";"12";"30";"6";"15";"8728";"120.";"4.5";"0.9";"94.";"8.";"0.00";"0.00";"0.00"
"2017";"12";"30";"6";"16";"8729";"125.";"4.0";"1.2";"95.";"8.";"0.00";"0.00";"0.00"
"2017";"12";"30";"6";"17";"8730";"139.";"4.5";"1.5";"96.";"8.";"0.00";"0.00";"0.00"
"2017";"12";"30";"6";"18";"8731";"148.";"4.2";"1.8";"96.";"8.";"0.00";"0.00";"0.00"
"2017";"12";"30";"6";"19";"8732";"158.";"4.3";"2.3";"95.";"8.";"0.00";"0.00";"0.00"
"2017";"12";"30";"6";"20";"8733";"162.";"4.5";"2.3";"94.";"8.";"0.00";"0.00";"0.00"
"2017";"12";"30";"6";"21";"8734";"175.";"3.8";"2.2";"94.";"8.";"0.00";"0.00";"0.00"
"2017";"12";"30";"6";"22";"8735";"171.";"3.4";"2.3";"95.";"8.";"0.00";"0.00";"0.00"
"2017";"12";"30";"6";"23";"8736";"180.";"3.2";"2.7";"95.";"8.";"0.00";"0.00";"0.00"
"2017";"12";"31";"7";"0";"8737";"187.";"2.8";"2.7";"95.";"8.";"0.00";"0.00";"0.00"
"2017";"12";"31";"7";"1";"8738";"209.";"3.3";"2.8";"94.";"8.";"0.00";"0.00";"0.00"
"2017";"12";"31";"7";"2";"8739";"215.";"3.3";"2.9";"94.";"8.";"0.00";"0.00";"0.00"
"2017";"12";"31";"7";"3";"8740";"217.";"2.6";"3.1";"94.";"8.";"0.00";"0.00";"0.00"
"2017";"12";"31";"7";"4";"8741";"218.";"3.1";"3.2";"93.";"7.";"0.00";"0.00";"0.00"
"2017";"12";"31";"7";"5";"8742";"208.";"2.5";"3.3";"94.";"8.";"0.00";"0.00";"0.00"
"2017";"12";"31";"7";"6";"8743";"208.";"3.0";"3.4";"94.";"8.";"0.00";"0.00";"0.00"
"2017";"12";"31";"7";"7";"8744";"189.";"3.6";"3.3";"93.";"8.";"0.00";"0.00";"0.00"
"2017";"12";"31";"7";"8";"8745";"184.";"4.3";"3.3";"93.";"8.";"0.00";"0.00";"0.00"
"2017";"12";"31";"7";"9";"8746";"179.";"4.4";"3.2";"92.";"8.";"4.09";"0.00";"4.09"
"2017";"12";"31";"7";"10";"8747";"163.";"4.6";"3.3";"92.";"8.";"25.44";"0.00";"25.44"
"2017";"12";"31";"7";"11";"8748";"147.";"5.3";"3.1";"92.";"8.";"36.92";"0.00";"36.92"
"2017";"12";"31";"7";"12";"8749";"148.";"5.8";"2.8";"93.";"8.";"35.87";"0.00";"35.87"
"2017";"12";"31";"7";"13";"8750";"145.";"5.5";"2.3";"94.";"8.";"13.09";"0.00";"13.09"
"2017";"12";"31";"7";"14";"8751";"140.";"6.1";"1.5";"94.";"8.";"2.71";"0.00";"2.71"
"2017";"12";"31";"7";"15";"8752";"144.";"6.9";"1.1";"95.";"8.";"0.00";"0.00";"0.00"
"2017";"12";"31";"7";"16";"8753";"146.";"6.0";"0.7";"96.";"8.";"0.00";"0.00";"0.00"
"2017";"12";"31";"7";"17";"8754";"141.";"6.7";"0.7";"95.";"8.";"0.00";"0.00";"0.00"
"2017";"12";"31";"7";"18";"8755";"156.";"6.3";"1.7";"95.";"8.";"0.00";"0.00";"0.00"
"2017";"12";"31";"7";"19";"8756";"156.";"5.4";"2.7";"95.";"8.";"0.00";"0.00";"0.00"
"2017";"12";"31";"7";"20";"8757";"175.";"4.0";"4.2";"96.";"7.";"0.00";"0.00";"0.00"
"2017";"12";"31";"7";"21";"8758";"192.";"3.6";"5.0";"96.";"7.";"0.00";"0.00";"0.00"
"2017";"12";"31";"7";"22";"8759";"197.";"4.0";"5.4";"95.";"8.";"0.00";"0.00";"0.00"
"2017";"12";"31";"7";"23";"8760";"187.";"3.9";"5.4";"94.";"8.";"0.00";"0.00";"0.00"
