"year";"month";"day";"weekday";"time";"hour";"Wind direction [Degrees]";"Wind speed [m/s]";"temperature";"Relative Humidity [%]";"Total cloud cover [Octas]";"Global horizontal irradiance [W/m2]";"Direct normal irradiance [W/m2]";"Diffuse horizontal irradiance [W/m2]"
"2019";"1";"1";"2";"0";"1";"238.";"7.2";"7.0";"93.";"7.";"0.00";"0.00";"0.00"
"2019";"1";"1";"2";"1";"2";"255.";"8.8";"7.7";"91.";"7.";"0.00";"0.00";"0.00"
"2019";"1";"1";"2";"2";"3";"269.";"11.5";"7.6";"81.";"3.";"0.00";"0.00";"0.00"
"2019";"1";"1";"2";"3";"4";"276.";"11.9";"6.8";"75.";"4.";"0.00";"0.00";"0.00"
"2019";"1";"1";"2";"4";"5";"271.";"12.4";"6.7";"75.";"5.";"0.00";"0.00";"0.00"
"2019";"1";"1";"2";"5";"6";"270.";"12.8";"6.5";"76.";"3.";"0.00";"0.00";"0.00"
"2019";"1";"1";"2";"6";"7";"270.";"12.5";"6.4";"75.";"6.";"0.00";"0.00";"0.00"
"2019";"1";"1";"2";"7";"8";"273.";"12.4";"6.4";"73.";"2.";"0.00";"0.00";"0.00"
"2019";"1";"1";"2";"8";"9";"279.";"11.3";"6.5";"72.";"1.";"0.00";"0.00";"0.00"
"2019";"1";"1";"2";"9";"10";"292.";"10.6";"6.8";"69.";"1.";"14.74";"98.98";"8.95"
"2019";"1";"1";"2";"10";"11";"292.";"11.7";"7.1";"65.";"2.";"74.35";"318.54";"35.29"
"2019";"1";"1";"2";"11";"12";"295.";"11.3";"7.3";"64.";"1.";"113.58";"377.17";"54.80"
"2019";"1";"1";"2";"12";"13";"299.";"10.7";"7.0";"63.";"5.";"74.34";"164.63";"48.69"
"2019";"1";"1";"2";"13";"14";"309.";"10.0";"7.1";"60.";"8.";"54.98";"0.00";"54.98"
"2019";"1";"1";"2";"14";"15";"321.";"10.2";"7.1";"56.";"8.";"13.39";"0.00";"13.39"
"2019";"1";"1";"2";"15";"16";"328.";"9.2";"7.2";"54.";"8.";"0.00";"0.00";"0.00"
"2019";"1";"1";"2";"16";"17";"338.";"8.7";"7.1";"50.";"7.";"0.00";"0.00";"0.00"
"2019";"1";"1";"2";"17";"18";"335.";"7.8";"6.5";"50.";"8.";"0.00";"0.00";"0.00"
"2019";"1";"1";"2";"18";"19";"329.";"8.9";"6.0";"50.";"8.";"0.00";"0.00";"0.00"
"2019";"1";"1";"2";"19";"20";"331.";"9.0";"5.5";"49.";"1.";"0.00";"0.00";"0.00"
"2019";"1";"1";"2";"20";"21";"345.";"8.6";"5.3";"47.";"3.";"0.00";"0.00";"0.00"
"2019";"1";"1";"2";"21";"22";"344.";"8.9";"5.1";"40.";"8.";"0.00";"0.00";"0.00"
"2019";"1";"1";"2";"22";"23";"347.";"9.6";"4.9";"40.";"7.";"0.00";"0.00";"0.00"
"2019";"1";"1";"2";"23";"24";"349.";"8.6";"4.2";"43.";"5.";"0.00";"0.00";"0.00"
"2019";"1";"2";"3";"0";"25";"348.";"8.4";"3.7";"42.";"2.";"0.00";"0.00";"0.00"
"2019";"1";"2";"3";"1";"26";"352.";"8.4";"3.2";"42.";"2.";"0.00";"0.00";"0.00"
"2019";"1";"2";"3";"2";"27";"352.";"7.8";"2.8";"44.";"0.";"0.00";"0.00";"0.00"
"2019";"1";"2";"3";"3";"28";"356.";"7.7";"2.4";"45.";"1.";"0.00";"0.00";"0.00"
"2019";"1";"2";"3";"4";"29";"355.";"7.2";"2.0";"46.";"1.";"0.00";"0.00";"0.00"
"2019";"1";"2";"3";"5";"30";"351.";"6.8";"1.5";"49.";"0.";"0.00";"0.00";"0.00"
"2019";"1";"2";"3";"6";"31";"349.";"6.6";"1.3";"50.";"1.";"0.00";"0.00";"0.00"
"2019";"1";"2";"3";"7";"32";"353.";"6.0";"1.1";"49.";"0.";"0.00";"0.00";"0.00"
"2019";"1";"2";"3";"8";"33";"351.";"5.6";"0.9";"48.";"0.";"0.00";"0.00";"0.00"
"2019";"1";"2";"3";"9";"34";"342.";"5.9";"1.0";"52.";"0.";"32.70";"286.63";"15.63"
"2019";"1";"2";"3";"10";"35";"342.";"6.1";"1.6";"51.";"2.";"87.72";"408.59";"37.13"
"2019";"1";"2";"3";"11";"36";"344.";"6.4";"2.0";"49.";"0.";"142.71";"620.43";"45.26"
"2019";"1";"2";"3";"12";"37";"349.";"6.3";"2.6";"47.";"0.";"143.31";"634.84";"43.60"
"2019";"1";"2";"3";"13";"38";"349.";"6.2";"2.7";"45.";"0.";"103.15";"537.28";"36.63"
"2019";"1";"2";"3";"14";"39";"350.";"5.3";"2.3";"48.";"0.";"33.38";"294.87";"15.81"
"2019";"1";"2";"3";"15";"40";"349.";"4.4";"1.8";"50.";"0.";"0.00";"0.00";"0.00"
"2019";"1";"2";"3";"16";"41";"343.";"4.0";"1.5";"50.";"1.";"0.00";"0.00";"0.00"
"2019";"1";"2";"3";"17";"42";"346.";"3.6";"1.3";"52.";"0.";"0.00";"0.00";"0.00"
"2019";"1";"2";"3";"18";"43";"340.";"3.2";"0.6";"56.";"0.";"0.00";"0.00";"0.00"
"2019";"1";"2";"3";"19";"44";"329.";"2.9";"-0.3";"61.";"0.";"0.00";"0.00";"0.00"
"2019";"1";"2";"3";"20";"45";"328.";"2.7";"-0.7";"64.";"2.";"0.00";"0.00";"0.00"
"2019";"1";"2";"3";"21";"46";"319.";"3.2";"-0.4";"66.";"2.";"0.00";"0.00";"0.00"
"2019";"1";"2";"3";"22";"47";"323.";"3.5";"0.9";"65.";"0.";"0.00";"0.00";"0.00"
"2019";"1";"2";"3";"23";"48";"325.";"3.5";"0.3";"68.";"2.";"0.00";"0.00";"0.00"
"2019";"1";"3";"4";"0";"49";"319.";"3.3";"-0.6";"72.";"4.";"0.00";"0.00";"0.00"
"2019";"1";"3";"4";"1";"50";"317.";"3.0";"0.3";"73.";"8.";"0.00";"0.00";"0.00"
"2019";"1";"3";"4";"2";"51";"318.";"3.1";"0.3";"75.";"7.";"0.00";"0.00";"0.00"
"2019";"1";"3";"4";"3";"52";"321.";"3.0";"1.1";"74.";"8.";"0.00";"0.00";"0.00"
"2019";"1";"3";"4";"4";"53";"314.";"2.8";"1.2";"74.";"8.";"0.00";"0.00";"0.00"
"2019";"1";"3";"4";"5";"54";"332.";"2.2";"1.0";"75.";"8.";"0.00";"0.00";"0.00"
"2019";"1";"3";"4";"6";"55";"349.";"1.9";"0.2";"75.";"3.";"0.00";"0.00";"0.00"
"2019";"1";"3";"4";"7";"56";"336.";"2.1";"0.2";"73.";"5.";"0.00";"0.00";"0.00"
"2019";"1";"3";"4";"8";"57";"343.";"1.9";"0.1";"74.";"8.";"0.00";"0.00";"0.00"
"2019";"1";"3";"4";"9";"58";"4.";"1.0";"0.2";"74.";"7.";"11.45";"25.91";"9.87"
"2019";"1";"3";"4";"10";"59";"7.";"1.0";"0.9";"71.";"3.";"74.29";"269.96";"40.51"
"2019";"1";"3";"4";"11";"60";"6.";"1.6";"2.3";"66.";"6.";"99.86";"143.53";"77.12"
"2019";"1";"3";"4";"12";"61";"32.";"1.6";"2.8";"63.";"8.";"42.52";"0.00";"42.52"
"2019";"1";"3";"4";"13";"62";"21.";"1.1";"2.8";"65.";"7.";"37.85";"45.36";"32.17"
"2019";"1";"3";"4";"14";"63";"326.";"1.0";"2.4";"68.";"6.";"12.98";"41.71";"10.44"
"2019";"1";"3";"4";"15";"64";"204.";"0.7";"1.5";"70.";"7.";"0.00";"0.00";"0.00"
"2019";"1";"3";"4";"16";"65";"223.";"1.1";"0.7";"74.";"8.";"0.00";"0.00";"0.00"
"2019";"1";"3";"4";"17";"66";"238.";"1.1";"-0.2";"77.";"8.";"0.00";"0.00";"0.00"
"2019";"1";"3";"4";"18";"67";"230.";"1.4";"-0.6";"79.";"8.";"0.00";"0.00";"0.00"
"2019";"1";"3";"4";"19";"68";"236.";"1.8";"0.6";"82.";"8.";"0.00";"0.00";"0.00"
"2019";"1";"3";"4";"20";"69";"244.";"1.8";"0.4";"82.";"7.";"0.00";"0.00";"0.00"
"2019";"1";"3";"4";"21";"70";"228.";"1.9";"0.4";"85.";"8.";"0.00";"0.00";"0.00"
"2019";"1";"3";"4";"22";"71";"229.";"1.6";"0.3";"87.";"8.";"0.00";"0.00";"0.00"
"2019";"1";"3";"4";"23";"72";"230.";"1.3";"0.3";"88.";"8.";"0.00";"0.00";"0.00"
"2019";"1";"4";"5";"0";"73";"247.";"1.1";"0.1";"88.";"6.";"0.00";"0.00";"0.00"
"2019";"1";"4";"5";"1";"74";"293.";"1.0";"-0.3";"88.";"8.";"0.00";"0.00";"0.00"
"2019";"1";"4";"5";"2";"75";"315.";"1.1";"-0.2";"90.";"7.";"0.00";"0.00";"0.00"
"2019";"1";"4";"5";"3";"76";"289.";"1.3";"-0.7";"91.";"7.";"0.00";"0.00";"0.00"
"2019";"1";"4";"5";"4";"77";"310.";"1.3";"-0.7";"92.";"8.";"0.00";"0.00";"0.00"
"2019";"1";"4";"5";"5";"78";"310.";"1.2";"-0.5";"91.";"8.";"0.00";"0.00";"0.00"
"2019";"1";"4";"5";"6";"79";"334.";"1.5";"0.1";"91.";"8.";"0.00";"0.00";"0.00"
"2019";"1";"4";"5";"7";"80";"332.";"1.9";"0.2";"91.";"8.";"0.00";"0.00";"0.00"
"2019";"1";"4";"5";"8";"81";"309.";"2.7";"-0.3";"92.";"8.";"0.00";"0.00";"0.00"
"2019";"1";"4";"5";"9";"82";"290.";"2.5";"0.9";"91.";"6.";"16.99";"42.52";"14.34"
"2019";"1";"4";"5";"10";"83";"286.";"2.2";"2.4";"89.";"8.";"28.69";"0.00";"28.69"
"2019";"1";"4";"5";"11";"84";"273.";"2.6";"4.2";"85.";"6.";"67.13";"139.54";"44.83"
"2019";"1";"4";"5";"12";"85";"281.";"3.5";"6.0";"80.";"4.";"89.31";"269.32";"46.26"
"2019";"1";"4";"5";"13";"86";"289.";"3.7";"6.1";"78.";"7.";"36.51";"53.23";"29.78"
"2019";"1";"4";"5";"14";"87";"298.";"4.4";"6.0";"79.";"7.";"7.28";"17.06";"6.22"
"2019";"1";"4";"5";"15";"88";"297.";"4.4";"5.9";"81.";"8.";"0.00";"0.00";"0.00"
"2019";"1";"4";"5";"16";"89";"298.";"4.1";"5.5";"82.";"8.";"0.00";"0.00";"0.00"
"2019";"1";"4";"5";"17";"90";"307.";"4.2";"5.4";"83.";"8.";"0.00";"0.00";"0.00"
"2019";"1";"4";"5";"18";"91";"312.";"3.9";"4.6";"85.";"8.";"0.00";"0.00";"0.00"
"2019";"1";"4";"5";"19";"92";"315.";"3.4";"3.9";"86.";"7.";"0.00";"0.00";"0.00"
"2019";"1";"4";"5";"20";"93";"357.";"2.0";"3.1";"88.";"8.";"0.00";"0.00";"0.00"
"2019";"1";"4";"5";"21";"94";"336.";"0.7";"1.3";"90.";"8.";"0.00";"0.00";"0.00"
"2019";"1";"4";"5";"22";"95";"287.";"1.5";"1.4";"92.";"6.";"0.00";"0.00";"0.00"
"2019";"1";"4";"5";"23";"96";"288.";"1.4";"2.0";"92.";"7.";"0.00";"0.00";"0.00"
"2019";"1";"5";"6";"0";"97";"324.";"0.7";"2.1";"92.";"7.";"0.00";"0.00";"0.00"
"2019";"1";"5";"6";"1";"98";"311.";"1.7";"1.7";"93.";"7.";"0.00";"0.00";"0.00"
"2019";"1";"5";"6";"2";"99";"303.";"2.2";"1.9";"92.";"8.";"0.00";"0.00";"0.00"
"2019";"1";"5";"6";"3";"100";"310.";"2.3";"2.8";"92.";"7.";"0.00";"0.00";"0.00"
"2019";"1";"5";"6";"4";"101";"337.";"2.3";"2.5";"91.";"6.";"0.00";"0.00";"0.00"
"2019";"1";"5";"6";"5";"102";"354.";"2.7";"1.7";"89.";"8.";"0.00";"0.00";"0.00"
"2019";"1";"5";"6";"6";"103";"1.";"2.9";"1.2";"89.";"5.";"0.00";"0.00";"0.00"
"2019";"1";"5";"6";"7";"104";"8.";"2.9";"1.7";"89.";"3.";"0.00";"0.00";"0.00"
"2019";"1";"5";"6";"8";"105";"26.";"2.8";"1.1";"89.";"3.";"0.00";"0.00";"0.00"
"2019";"1";"5";"6";"9";"106";"42.";"2.1";"2.8";"89.";"6.";"11.95";"49.51";"8.79"
"2019";"1";"5";"6";"10";"107";"23.";"1.8";"3.8";"86.";"4.";"66.46";"246.34";"34.90"
"2019";"1";"5";"6";"11";"108";"8.";"1.9";"4.4";"82.";"1.";"128.36";"517.76";"44.78"
"2019";"1";"5";"6";"12";"109";"1.";"1.8";"5.2";"80.";"0.";"137.45";"588.00";"42.53"
"2019";"1";"5";"6";"13";"110";"350.";"1.4";"5.4";"78.";"5.";"57.74";"183.94";"34.17"
"2019";"1";"5";"6";"14";"111";"10.";"0.9";"4.1";"81.";"7.";"9.67";"24.82";"8.09"
"2019";"1";"5";"6";"15";"112";"45.";"1.3";"2.0";"85.";"5.";"0.00";"0.00";"0.00"
"2019";"1";"5";"6";"16";"113";"55.";"1.5";"0.6";"88.";"2.";"0.00";"0.00";"0.00"
"2019";"1";"5";"6";"17";"114";"71.";"1.4";"0.0";"89.";"5.";"0.00";"0.00";"0.00"
"2019";"1";"5";"6";"18";"115";"82.";"1.0";"-0.1";"90.";"3.";"0.00";"0.00";"0.00"
"2019";"1";"5";"6";"19";"116";"93.";"1.1";"-0.5";"91.";"0.";"0.00";"0.00";"0.00"
"2019";"1";"5";"6";"20";"117";"93.";"0.6";"-1.1";"92.";"6.";"0.00";"0.00";"0.00"
"2019";"1";"5";"6";"21";"118";"238.";"0.4";"-1.2";"93.";"4.";"0.00";"0.00";"0.00"
"2019";"1";"5";"6";"22";"119";"129.";"0.1";"-1.5";"93.";"5.";"0.00";"0.00";"0.00"
"2019";"1";"5";"6";"23";"120";"184.";"0.5";"-0.9";"92.";"5.";"0.00";"0.00";"0.00"
"2019";"1";"6";"7";"0";"121";"205.";"1.1";"-0.6";"92.";"7.";"0.00";"0.00";"0.00"
"2019";"1";"6";"7";"1";"122";"231.";"1.5";"0.0";"92.";"8.";"0.00";"0.00";"0.00"
"2019";"1";"6";"7";"2";"123";"231.";"1.3";"-0.8";"92.";"6.";"0.00";"0.00";"0.00"
"2019";"1";"6";"7";"3";"124";"245.";"2.2";"-1.5";"93.";"6.";"0.00";"0.00";"0.00"
"2019";"1";"6";"7";"4";"125";"254.";"2.3";"-1.5";"93.";"8.";"0.00";"0.00";"0.00"
"2019";"1";"6";"7";"5";"126";"256.";"2.3";"-1.1";"94.";"8.";"0.00";"0.00";"0.00"
"2019";"1";"6";"7";"6";"127";"257.";"2.9";"-1.4";"94.";"6.";"0.00";"0.00";"0.00"
"2019";"1";"6";"7";"7";"128";"257.";"2.7";"-1.0";"93.";"6.";"0.00";"0.00";"0.00"
"2019";"1";"6";"7";"8";"129";"257.";"2.1";"-0.2";"93.";"4.";"0.00";"0.00";"0.00"
"2019";"1";"6";"7";"9";"130";"259.";"2.3";"0.5";"93.";"5.";"16.62";"83.59";"11.15"
"2019";"1";"6";"7";"10";"131";"256.";"1.7";"1.6";"93.";"6.";"49.26";"116.06";"34.20"
"2019";"1";"6";"7";"11";"132";"245.";"1.6";"3.4";"93.";"6.";"70.70";"147.31";"46.67"
"2019";"1";"6";"7";"12";"133";"252.";"1.8";"3.8";"92.";"6.";"68.61";"142.15";"45.43"
"2019";"1";"6";"7";"13";"134";"239.";"1.7";"3.8";"91.";"7.";"37.99";"53.62";"31.03"
"2019";"1";"6";"7";"14";"135";"208.";"1.2";"3.4";"92.";"7.";"8.84";"19.33";"7.57"
"2019";"1";"6";"7";"15";"136";"200.";"1.0";"3.5";"92.";"8.";"0.00";"0.00";"0.00"
"2019";"1";"6";"7";"16";"137";"204.";"1.2";"3.4";"92.";"8.";"0.00";"0.00";"0.00"
"2019";"1";"6";"7";"17";"138";"223.";"1.3";"3.4";"93.";"8.";"0.00";"0.00";"0.00"
"2019";"1";"6";"7";"18";"139";"249.";"1.8";"3.0";"93.";"8.";"0.00";"0.00";"0.00"
"2019";"1";"6";"7";"19";"140";"244.";"0.9";"2.6";"94.";"8.";"0.00";"0.00";"0.00"
"2019";"1";"6";"7";"20";"141";"262.";"0.7";"2.5";"95.";"8.";"0.00";"0.00";"0.00"
"2019";"1";"6";"7";"21";"142";"271.";"0.1";"2.3";"95.";"8.";"0.00";"0.00";"0.00"
"2019";"1";"6";"7";"22";"143";"136.";"0.2";"2.2";"96.";"8.";"0.00";"0.00";"0.00"
"2019";"1";"6";"7";"23";"144";"259.";"0.2";"2.4";"95.";"8.";"0.00";"0.00";"0.00"
"2019";"1";"7";"1";"0";"145";"262.";"1.3";"2.6";"94.";"8.";"0.00";"0.00";"0.00"
"2019";"1";"7";"1";"1";"146";"233.";"0.8";"2.8";"94.";"8.";"0.00";"0.00";"0.00"
"2019";"1";"7";"1";"2";"147";"246.";"1.1";"2.9";"94.";"7.";"0.00";"0.00";"0.00"
"2019";"1";"7";"1";"3";"148";"231.";"0.9";"2.9";"94.";"7.";"0.00";"0.00";"0.00"
"2019";"1";"7";"1";"4";"149";"242.";"1.6";"2.8";"94.";"7.";"0.00";"0.00";"0.00"
"2019";"1";"7";"1";"5";"150";"194.";"1.1";"2.6";"94.";"6.";"0.00";"0.00";"0.00"
"2019";"1";"7";"1";"6";"151";"210.";"1.3";"2.5";"94.";"7.";"0.00";"0.00";"0.00"
"2019";"1";"7";"1";"7";"152";"209.";"1.6";"2.4";"94.";"8.";"0.00";"0.00";"0.00"
"2019";"1";"7";"1";"8";"153";"195.";"1.9";"2.4";"93.";"8.";"0.00";"0.00";"0.00"
"2019";"1";"7";"1";"9";"154";"174.";"2.9";"2.4";"94.";"8.";"6.59";"0.00";"6.59"
"2019";"1";"7";"1";"10";"155";"195.";"3.9";"2.9";"95.";"8.";"22.95";"0.00";"22.95"
"2019";"1";"7";"1";"11";"156";"207.";"3.4";"3.5";"96.";"8.";"35.71";"0.00";"35.71"
"2019";"1";"7";"1";"12";"157";"225.";"4.5";"3.8";"94.";"8.";"38.13";"0.00";"38.13"
"2019";"1";"7";"1";"13";"158";"222.";"4.4";"4.0";"91.";"8.";"28.79";"0.00";"28.79"
"2019";"1";"7";"1";"14";"159";"228.";"4.3";"4.1";"92.";"8.";"6.58";"0.00";"6.58"
"2019";"1";"7";"1";"15";"160";"221.";"4.7";"4.1";"88.";"7.";"0.00";"0.00";"0.00"
"2019";"1";"7";"1";"16";"161";"199.";"4.8";"4.4";"86.";"8.";"0.00";"0.00";"0.00"
"2019";"1";"7";"1";"17";"162";"181.";"5.9";"4.0";"89.";"8.";"0.00";"0.00";"0.00"
"2019";"1";"7";"1";"18";"163";"175.";"7.0";"3.8";"92.";"8.";"0.00";"0.00";"0.00"
"2019";"1";"7";"1";"19";"164";"186.";"8.0";"4.2";"94.";"8.";"0.00";"0.00";"0.00"
"2019";"1";"7";"1";"20";"165";"199.";"8.2";"5.0";"95.";"8.";"0.00";"0.00";"0.00"
"2019";"1";"7";"1";"21";"166";"227.";"6.4";"5.7";"95.";"8.";"0.00";"0.00";"0.00"
"2019";"1";"7";"1";"22";"167";"240.";"4.8";"5.6";"93.";"3.";"0.00";"0.00";"0.00"
"2019";"1";"7";"1";"23";"168";"232.";"4.1";"5.4";"92.";"7.";"0.00";"0.00";"0.00"
"2019";"1";"8";"2";"0";"169";"226.";"4.5";"5.3";"91.";"8.";"0.00";"0.00";"0.00"
"2019";"1";"8";"2";"1";"170";"216.";"4.2";"5.4";"92.";"8.";"0.00";"0.00";"0.00"
"2019";"1";"8";"2";"2";"171";"211.";"3.9";"5.3";"93.";"8.";"0.00";"0.00";"0.00"
"2019";"1";"8";"2";"3";"172";"212.";"3.7";"5.1";"93.";"8.";"0.00";"0.00";"0.00"
"2019";"1";"8";"2";"4";"173";"217.";"2.5";"5.1";"94.";"8.";"0.00";"0.00";"0.00"
"2019";"1";"8";"2";"5";"174";"229.";"1.4";"5.0";"94.";"8.";"0.00";"0.00";"0.00"
"2019";"1";"8";"2";"6";"175";"233.";"0.2";"4.7";"94.";"8.";"0.00";"0.00";"0.00"
"2019";"1";"8";"2";"7";"176";"328.";"0.9";"4.3";"94.";"7.";"0.00";"0.00";"0.00"
"2019";"1";"8";"2";"8";"177";"346.";"3.9";"3.3";"96.";"6.";"0.00";"0.00";"0.00"
"2019";"1";"8";"2";"9";"178";"8.";"5.4";"2.0";"92.";"8.";"7.83";"0.00";"7.83"
"2019";"1";"8";"2";"10";"179";"13.";"4.5";"2.0";"90.";"8.";"32.31";"0.00";"32.31"
"2019";"1";"8";"2";"11";"180";"4.";"4.9";"2.2";"90.";"7.";"57.29";"65.11";"46.43"
"2019";"1";"8";"2";"12";"181";"0.";"5.5";"1.9";"90.";"8.";"40.95";"0.00";"40.95"
"2019";"1";"8";"2";"13";"182";"10.";"6.6";"1.7";"89.";"8.";"30.76";"0.00";"30.76"
"2019";"1";"8";"2";"14";"183";"10.";"6.9";"1.6";"88.";"8.";"9.07";"0.00";"9.07"
"2019";"1";"8";"2";"15";"184";"11.";"7.2";"1.6";"88.";"8.";"0.00";"0.00";"0.00"
"2019";"1";"8";"2";"16";"185";"12.";"7.4";"1.4";"87.";"8.";"0.00";"0.00";"0.00"
"2019";"1";"8";"2";"17";"186";"10.";"7.2";"1.4";"85.";"8.";"0.00";"0.00";"0.00"
"2019";"1";"8";"2";"18";"187";"11.";"6.9";"1.4";"85.";"8.";"0.00";"0.00";"0.00"
"2019";"1";"8";"2";"19";"188";"10.";"6.7";"1.1";"86.";"8.";"0.00";"0.00";"0.00"
"2019";"1";"8";"2";"20";"189";"13.";"6.7";"1.0";"84.";"8.";"0.00";"0.00";"0.00"
"2019";"1";"8";"2";"21";"190";"7.";"6.3";"0.9";"81.";"7.";"0.00";"0.00";"0.00"
"2019";"1";"8";"2";"22";"191";"11.";"5.9";"0.7";"81.";"7.";"0.00";"0.00";"0.00"
"2019";"1";"8";"2";"23";"192";"9.";"5.6";"0.7";"79.";"5.";"0.00";"0.00";"0.00"
"2019";"1";"9";"3";"0";"193";"10.";"5.6";"0.6";"76.";"5.";"0.00";"0.00";"0.00"
"2019";"1";"9";"3";"1";"194";"10.";"6.0";"0.7";"76.";"6.";"0.00";"0.00";"0.00"
"2019";"1";"9";"3";"2";"195";"10.";"6.0";"0.7";"75.";"5.";"0.00";"0.00";"0.00"
"2019";"1";"9";"3";"3";"196";"17.";"6.6";"0.7";"73.";"2.";"0.00";"0.00";"0.00"
"2019";"1";"9";"3";"4";"197";"20.";"6.1";"0.4";"72.";"5.";"0.00";"0.00";"0.00"
"2019";"1";"9";"3";"5";"198";"19.";"5.7";"0.2";"72.";"4.";"0.00";"0.00";"0.00"
"2019";"1";"9";"3";"6";"199";"22.";"5.8";"0.0";"73.";"4.";"0.00";"0.00";"0.00"
"2019";"1";"9";"3";"7";"200";"18.";"5.6";"0.0";"72.";"1.";"0.00";"0.00";"0.00"
"2019";"1";"9";"3";"8";"201";"19.";"5.1";"-0.1";"72.";"1.";"0.00";"0.00";"0.00"
"2019";"1";"9";"3";"9";"202";"23.";"5.4";"0.1";"72.";"0.";"40.66";"319.17";"18.03"
"2019";"1";"9";"3";"10";"203";"21.";"5.6";"0.7";"70.";"1.";"106.68";"492.93";"39.92"
"2019";"1";"9";"3";"11";"204";"20.";"5.6";"1.2";"68.";"2.";"129.74";"462.31";"51.67"
"2019";"1";"9";"3";"12";"205";"22.";"5.7";"1.6";"68.";"2.";"129.40";"462.55";"51.30"
"2019";"1";"9";"3";"13";"206";"23.";"5.8";"1.5";"67.";"2.";"94.88";"400.18";"40.68"
"2019";"1";"9";"3";"14";"207";"24.";"5.1";"1.2";"68.";"1.";"36.04";"255.74";"17.91"
"2019";"1";"9";"3";"15";"208";"19.";"4.1";"0.4";"71.";"0.";"0.00";"0.00";"0.00"
"2019";"1";"9";"3";"16";"209";"12.";"3.6";"-0.1";"73.";"2.";"0.00";"0.00";"0.00"
"2019";"1";"9";"3";"17";"210";"11.";"3.3";"-0.7";"75.";"4.";"0.00";"0.00";"0.00"
"2019";"1";"9";"3";"18";"211";"22.";"3.1";"-1.3";"77.";"6.";"0.00";"0.00";"0.00"
"2019";"1";"9";"3";"19";"212";"16.";"2.7";"-1.5";"78.";"7.";"0.00";"0.00";"0.00"
"2019";"1";"9";"3";"20";"213";"12.";"2.4";"-2.0";"80.";"6.";"0.00";"0.00";"0.00"
"2019";"1";"9";"3";"21";"214";"16.";"2.1";"-2.4";"83.";"7.";"0.00";"0.00";"0.00"
"2019";"1";"9";"3";"22";"215";"31.";"2.2";"-2.6";"84.";"7.";"0.00";"0.00";"0.00"
"2019";"1";"9";"3";"23";"216";"19.";"1.7";"-3.2";"85.";"8.";"0.00";"0.00";"0.00"
"2019";"1";"10";"4";"0";"217";"19.";"1.4";"-3.6";"86.";"8.";"0.00";"0.00";"0.00"
"2019";"1";"10";"4";"1";"218";"16.";"1.3";"-3.6";"87.";"7.";"0.00";"0.00";"0.00"
"2019";"1";"10";"4";"2";"219";"8.";"1.0";"-3.7";"87.";"8.";"0.00";"0.00";"0.00"
"2019";"1";"10";"4";"3";"220";"339.";"0.6";"-4.7";"89.";"8.";"0.00";"0.00";"0.00"
"2019";"1";"10";"4";"4";"221";"64.";"0.3";"-5.1";"89.";"8.";"0.00";"0.00";"0.00"
"2019";"1";"10";"4";"5";"222";"103.";"0.5";"-5.0";"91.";"8.";"0.00";"0.00";"0.00"
"2019";"1";"10";"4";"6";"223";"110.";"0.7";"-4.8";"90.";"7.";"0.00";"0.00";"0.00"
"2019";"1";"10";"4";"7";"224";"121.";"1.1";"-3.9";"90.";"8.";"0.00";"0.00";"0.00"
"2019";"1";"10";"4";"8";"225";"129.";"1.4";"-3.3";"89.";"8.";"0.00";"0.00";"0.00"
"2019";"1";"10";"4";"9";"226";"136.";"1.6";"-2.9";"88.";"8.";"25.92";"0.00";"25.92"
"2019";"1";"10";"4";"10";"227";"166.";"1.8";"-1.5";"89.";"8.";"34.77";"0.00";"34.77"
"2019";"1";"10";"4";"11";"228";"195.";"2.4";"-0.4";"88.";"8.";"48.22";"0.00";"48.22"
"2019";"1";"10";"4";"12";"229";"204.";"3.3";"0.7";"88.";"6.";"76.80";"152.79";"50.68"
"2019";"1";"10";"4";"13";"230";"207.";"4.0";"1.6";"85.";"8.";"34.49";"0.00";"34.49"
"2019";"1";"10";"4";"14";"231";"209.";"4.5";"2.0";"85.";"7.";"14.41";"33.60";"11.96"
"2019";"1";"10";"4";"15";"232";"219.";"4.5";"2.4";"90.";"8.";"0.00";"0.00";"0.00"
"2019";"1";"10";"4";"16";"233";"227.";"4.9";"2.6";"92.";"8.";"0.00";"0.00";"0.00"
"2019";"1";"10";"4";"17";"234";"227.";"4.7";"2.8";"92.";"8.";"0.00";"0.00";"0.00"
"2019";"1";"10";"4";"18";"235";"226.";"4.5";"3.0";"93.";"7.";"0.00";"0.00";"0.00"
"2019";"1";"10";"4";"19";"236";"225.";"4.3";"3.1";"94.";"6.";"0.00";"0.00";"0.00"
"2019";"1";"10";"4";"20";"237";"226.";"4.3";"3.4";"95.";"8.";"0.00";"0.00";"0.00"
"2019";"1";"10";"4";"21";"238";"224.";"4.1";"3.7";"96.";"8.";"0.00";"0.00";"0.00"
"2019";"1";"10";"4";"22";"239";"211.";"3.0";"3.7";"96.";"8.";"0.00";"0.00";"0.00"
"2019";"1";"10";"4";"23";"240";"217.";"3.2";"3.8";"96.";"8.";"0.00";"0.00";"0.00"
"2019";"1";"11";"5";"0";"241";"225.";"3.2";"4.1";"95.";"8.";"0.00";"0.00";"0.00"
"2019";"1";"11";"5";"1";"242";"235.";"2.9";"4.5";"95.";"8.";"0.00";"0.00";"0.00"
"2019";"1";"11";"5";"2";"243";"256.";"2.3";"4.4";"95.";"8.";"0.00";"0.00";"0.00"
"2019";"1";"11";"5";"3";"244";"280.";"2.3";"3.7";"94.";"8.";"0.00";"0.00";"0.00"
"2019";"1";"11";"5";"4";"245";"267.";"2.2";"3.0";"94.";"8.";"0.00";"0.00";"0.00"
"2019";"1";"11";"5";"5";"246";"260.";"2.5";"3.0";"94.";"8.";"0.00";"0.00";"0.00"
"2019";"1";"11";"5";"6";"247";"277.";"2.8";"3.7";"93.";"8.";"0.00";"0.00";"0.00"
"2019";"1";"11";"5";"7";"248";"282.";"3.6";"4.2";"92.";"8.";"0.00";"0.00";"0.00"
"2019";"1";"11";"5";"8";"249";"281.";"3.1";"4.2";"90.";"8.";"0.00";"0.00";"0.00"
"2019";"1";"11";"5";"9";"250";"287.";"3.9";"4.2";"88.";"7.";"12.12";"20.24";"10.60"
"2019";"1";"11";"5";"10";"251";"318.";"2.0";"5.2";"87.";"8.";"30.45";"0.00";"30.45"
"2019";"1";"11";"5";"11";"252";"316.";"2.3";"7.0";"81.";"8.";"42.31";"0.00";"42.31"
"2019";"1";"11";"5";"12";"253";"335.";"2.2";"6.5";"78.";"8.";"43.60";"0.00";"43.60"
"2019";"1";"11";"5";"13";"254";"18.";"2.0";"5.8";"74.";"8.";"32.05";"0.00";"32.05"
"2019";"1";"11";"5";"14";"255";"25.";"1.6";"4.3";"74.";"8.";"11.13";"0.00";"11.13"
"2019";"1";"11";"5";"15";"256";"39.";"1.4";"2.3";"79.";"7.";"0.00";"0.00";"0.00"
"2019";"1";"11";"5";"16";"257";"5.";"0.7";"1.1";"81.";"8.";"0.00";"0.00";"0.00"
"2019";"1";"11";"5";"17";"258";"295.";"0.5";"0.6";"85.";"8.";"0.00";"0.00";"0.00"
"2019";"1";"11";"5";"18";"259";"313.";"0.8";"0.0";"87.";"8.";"0.00";"0.00";"0.00"
"2019";"1";"11";"5";"19";"260";"341.";"0.8";"-0.6";"87.";"8.";"0.00";"0.00";"0.00"
"2019";"1";"11";"5";"20";"261";"25.";"0.2";"-1.0";"89.";"8.";"0.00";"0.00";"0.00"
"2019";"1";"11";"5";"21";"262";"272.";"0.6";"-1.2";"89.";"7.";"0.00";"0.00";"0.00"
"2019";"1";"11";"5";"22";"263";"312.";"0.2";"-1.5";"90.";"5.";"0.00";"0.00";"0.00"
"2019";"1";"11";"5";"23";"264";"252.";"0.8";"-1.5";"92.";"8.";"0.00";"0.00";"0.00"
"2019";"1";"12";"6";"0";"265";"251.";"1.0";"-1.3";"91.";"7.";"0.00";"0.00";"0.00"
"2019";"1";"12";"6";"1";"266";"188.";"0.7";"-1.7";"92.";"8.";"0.00";"0.00";"0.00"
"2019";"1";"12";"6";"2";"267";"141.";"1.0";"-1.6";"94.";"6.";"0.00";"0.00";"0.00"
"2019";"1";"12";"6";"3";"268";"156.";"1.3";"-1.3";"96.";"8.";"0.00";"0.00";"0.00"
"2019";"1";"12";"6";"4";"269";"124.";"2.3";"-1.3";"97.";"8.";"0.00";"0.00";"0.00"
"2019";"1";"12";"6";"5";"270";"166.";"1.2";"-0.7";"95.";"7.";"0.00";"0.00";"0.00"
"2019";"1";"12";"6";"6";"271";"190.";"1.6";"-0.5";"96.";"7.";"0.00";"0.00";"0.00"
"2019";"1";"12";"6";"7";"272";"178.";"2.1";"-0.2";"95.";"7.";"0.00";"0.00";"0.00"
"2019";"1";"12";"6";"8";"273";"182.";"2.3";"-0.1";"95.";"8.";"0.00";"0.00";"0.00"
"2019";"1";"12";"6";"9";"274";"201.";"1.6";"0.2";"94.";"7.";"15.66";"27.66";"13.51"
"2019";"1";"12";"6";"10";"275";"228.";"1.6";"1.0";"90.";"7.";"45.05";"54.31";"37.33"
"2019";"1";"12";"6";"11";"276";"224.";"1.3";"2.3";"86.";"6.";"74.50";"123.43";"52.82"
"2019";"1";"12";"6";"12";"277";"230.";"1.2";"2.6";"87.";"8.";"43.98";"0.00";"43.98"
"2019";"1";"12";"6";"13";"278";"240.";"1.1";"2.9";"93.";"8.";"31.72";"0.00";"31.72"
"2019";"1";"12";"6";"14";"279";"233.";"0.6";"3.2";"94.";"8.";"9.76";"0.00";"9.76"
"2019";"1";"12";"6";"15";"280";"20.";"0.4";"2.8";"93.";"7.";"0.00";"0.00";"0.00"
"2019";"1";"12";"6";"16";"281";"13.";"1.3";"2.3";"92.";"7.";"0.00";"0.00";"0.00"
"2019";"1";"12";"6";"17";"282";"13.";"1.5";"1.6";"90.";"6.";"0.00";"0.00";"0.00"
"2019";"1";"12";"6";"18";"283";"24.";"1.4";"1.0";"91.";"6.";"0.00";"0.00";"0.00"
"2019";"1";"12";"6";"19";"284";"358.";"1.3";"0.2";"92.";"8.";"0.00";"0.00";"0.00"
"2019";"1";"12";"6";"20";"285";"0.";"1.5";"-0.3";"94.";"4.";"0.00";"0.00";"0.00"
"2019";"1";"12";"6";"21";"286";"13.";"2.1";"-0.8";"95.";"8.";"0.00";"0.00";"0.00"
"2019";"1";"12";"6";"22";"287";"358.";"1.7";"-1.3";"95.";"8.";"0.00";"0.00";"0.00"
"2019";"1";"12";"6";"23";"288";"342.";"1.4";"-1.7";"95.";"7.";"0.00";"0.00";"0.00"
"2019";"1";"13";"7";"0";"289";"342.";"1.2";"-2.1";"94.";"8.";"0.00";"0.00";"0.00"
"2019";"1";"13";"7";"1";"290";"356.";"0.5";"-2.3";"94.";"8.";"0.00";"0.00";"0.00"
"2019";"1";"13";"7";"2";"291";"201.";"0.5";"-2.4";"94.";"8.";"0.00";"0.00";"0.00"
"2019";"1";"13";"7";"3";"292";"136.";"1.8";"-2.2";"94.";"8.";"0.00";"0.00";"0.00"
"2019";"1";"13";"7";"4";"293";"191.";"1.4";"-1.6";"94.";"8.";"0.00";"0.00";"0.00"
"2019";"1";"13";"7";"5";"294";"203.";"2.0";"-0.7";"93.";"7.";"0.00";"0.00";"0.00"
"2019";"1";"13";"7";"6";"295";"180.";"2.2";"0.5";"95.";"8.";"0.00";"0.00";"0.00"
"2019";"1";"13";"7";"7";"296";"255.";"3.0";"2.0";"95.";"8.";"0.00";"0.00";"0.00"
"2019";"1";"13";"7";"8";"297";"256.";"4.2";"3.9";"94.";"8.";"0.00";"0.00";"0.00"
"2019";"1";"13";"7";"9";"298";"237.";"4.1";"4.4";"95.";"8.";"5.07";"0.00";"5.07"
"2019";"1";"13";"7";"10";"299";"239.";"4.5";"4.7";"95.";"6.";"43.41";"30.40";"39.02"
"2019";"1";"13";"7";"11";"300";"245.";"4.0";"5.1";"96.";"8.";"21.27";"0.00";"21.27"
"2019";"1";"13";"7";"12";"301";"271.";"4.4";"5.4";"95.";"8.";"42.78";"0.00";"42.78"
"2019";"1";"13";"7";"13";"302";"278.";"6.0";"6.1";"94.";"8.";"29.64";"0.00";"29.64"
"2019";"1";"13";"7";"14";"303";"290.";"5.3";"5.9";"93.";"8.";"8.95";"0.00";"8.95"
"2019";"1";"13";"7";"15";"304";"300.";"5.7";"5.7";"92.";"7.";"0.00";"0.00";"0.00"
"2019";"1";"13";"7";"16";"305";"317.";"5.0";"5.1";"91.";"7.";"0.00";"0.00";"0.00"
"2019";"1";"13";"7";"17";"306";"339.";"5.1";"4.3";"89.";"1.";"0.00";"0.00";"0.00"
"2019";"1";"13";"7";"18";"307";"8.";"5.4";"3.5";"85.";"4.";"0.00";"0.00";"0.00"
"2019";"1";"13";"7";"19";"308";"17.";"5.1";"2.2";"82.";"6.";"0.00";"0.00";"0.00"
"2019";"1";"13";"7";"20";"309";"359.";"4.9";"1.5";"77.";"6.";"0.00";"0.00";"0.00"
"2019";"1";"13";"7";"21";"310";"4.";"4.3";"1.1";"69.";"4.";"0.00";"0.00";"0.00"
"2019";"1";"13";"7";"22";"311";"1.";"4.2";"0.6";"64.";"4.";"0.00";"0.00";"0.00"
"2019";"1";"13";"7";"23";"312";"360.";"4.4";"0.5";"60.";"7.";"0.00";"0.00";"0.00"
"2019";"1";"14";"1";"0";"313";"333.";"4.6";"0.6";"55.";"8.";"0.00";"0.00";"0.00"
"2019";"1";"14";"1";"1";"314";"325.";"4.0";"0.8";"58.";"8.";"0.00";"0.00";"0.00"
"2019";"1";"14";"1";"2";"315";"329.";"6.4";"1.1";"52.";"8.";"0.00";"0.00";"0.00"
"2019";"1";"14";"1";"3";"316";"326.";"6.3";"0.6";"48.";"7.";"0.00";"0.00";"0.00"
"2019";"1";"14";"1";"4";"317";"329.";"7.2";"0.5";"49.";"8.";"0.00";"0.00";"0.00"
"2019";"1";"14";"1";"5";"318";"328.";"7.4";"0.0";"47.";"5.";"0.00";"0.00";"0.00"
"2019";"1";"14";"1";"6";"319";"333.";"6.9";"-0.3";"47.";"2.";"0.00";"0.00";"0.00"
"2019";"1";"14";"1";"7";"320";"334.";"7.1";"-0.2";"46.";"3.";"0.00";"0.00";"0.00"
"2019";"1";"14";"1";"8";"321";"329.";"6.6";"-0.2";"46.";"1.";"0.00";"0.00";"0.00"
"2019";"1";"14";"1";"9";"322";"319.";"6.3";"0.6";"44.";"4.";"45.84";"165.46";"32.23"
"2019";"1";"14";"1";"10";"323";"315.";"7.0";"1.3";"44.";"8.";"79.51";"0.00";"79.51"
"2019";"1";"14";"1";"11";"324";"311.";"7.6";"2.1";"46.";"7.";"111.31";"72.06";"98.29"
"2019";"1";"14";"1";"12";"325";"315.";"8.3";"2.5";"44.";"2.";"153.08";"458.31";"70.27"
"2019";"1";"14";"1";"13";"326";"317.";"7.7";"2.7";"47.";"5.";"99.20";"210.35";"68.26"
"2019";"1";"14";"1";"14";"327";"318.";"7.9";"2.9";"47.";"1.";"52.20";"319.55";"25.92"
"2019";"1";"14";"1";"15";"328";"317.";"7.9";"2.7";"48.";"1.";"0.00";"0.00";"0.00"
"2019";"1";"14";"1";"16";"329";"317.";"7.6";"2.9";"49.";"0.";"0.00";"0.00";"0.00"
"2019";"1";"14";"1";"17";"330";"319.";"7.3";"3.0";"49.";"0.";"0.00";"0.00";"0.00"
"2019";"1";"14";"1";"18";"331";"320.";"6.8";"3.0";"49.";"0.";"0.00";"0.00";"0.00"
"2019";"1";"14";"1";"19";"332";"319.";"6.8";"2.8";"50.";"2.";"0.00";"0.00";"0.00"
"2019";"1";"14";"1";"20";"333";"318.";"6.4";"2.6";"50.";"1.";"0.00";"0.00";"0.00"
"2019";"1";"14";"1";"21";"334";"323.";"6.1";"2.2";"51.";"1.";"0.00";"0.00";"0.00"
"2019";"1";"14";"1";"22";"335";"318.";"5.3";"1.8";"51.";"1.";"0.00";"0.00";"0.00"
"2019";"1";"14";"1";"23";"336";"319.";"4.6";"1.6";"51.";"0.";"0.00";"0.00";"0.00"
"2019";"1";"15";"2";"0";"337";"320.";"4.2";"1.1";"52.";"1.";"0.00";"0.00";"0.00"
"2019";"1";"15";"2";"1";"338";"314.";"4.1";"0.6";"52.";"6.";"0.00";"0.00";"0.00"
"2019";"1";"15";"2";"2";"339";"313.";"3.5";"0.1";"55.";"8.";"0.00";"0.00";"0.00"
"2019";"1";"15";"2";"3";"340";"316.";"3.0";"-0.5";"59.";"4.";"0.00";"0.00";"0.00"
"2019";"1";"15";"2";"4";"341";"309.";"2.8";"-1.5";"65.";"4.";"0.00";"0.00";"0.00"
"2019";"1";"15";"2";"5";"342";"324.";"1.9";"-2.6";"69.";"8.";"0.00";"0.00";"0.00"
"2019";"1";"15";"2";"6";"343";"309.";"1.7";"-2.6";"71.";"8.";"0.00";"0.00";"0.00"
"2019";"1";"15";"2";"7";"344";"318.";"0.8";"-2.1";"72.";"8.";"0.00";"0.00";"0.00"
"2019";"1";"15";"2";"8";"345";"115.";"0.5";"-2.0";"72.";"8.";"0.00";"0.00";"0.00"
"2019";"1";"15";"2";"9";"346";"183.";"1.0";"-1.0";"71.";"8.";"16.28";"0.00";"16.28"
"2019";"1";"15";"2";"10";"347";"184.";"1.7";"-1.0";"87.";"8.";"16.57";"0.00";"16.57"
"2019";"1";"15";"2";"11";"348";"158.";"3.0";"-0.7";"93.";"8.";"22.73";"0.00";"22.73"
"2019";"1";"15";"2";"12";"349";"164.";"4.3";"-0.3";"93.";"8.";"23.14";"0.00";"23.14"
"2019";"1";"15";"2";"13";"350";"163.";"4.1";"0.4";"94.";"8.";"17.07";"0.00";"17.07"
"2019";"1";"15";"2";"14";"351";"196.";"2.1";"0.8";"94.";"7.";"10.69";"11.33";"9.73"
"2019";"1";"15";"2";"15";"352";"293.";"3.6";"1.0";"93.";"7.";"0.00";"0.00";"0.00"
"2019";"1";"15";"2";"16";"353";"310.";"3.4";"2.0";"93.";"7.";"0.00";"0.00";"0.00"
"2019";"1";"15";"2";"17";"354";"290.";"4.1";"3.2";"92.";"8.";"0.00";"0.00";"0.00"
"2019";"1";"15";"2";"18";"355";"284.";"3.5";"3.6";"92.";"6.";"0.00";"0.00";"0.00"
"2019";"1";"15";"2";"19";"356";"286.";"4.9";"4.3";"87.";"7.";"0.00";"0.00";"0.00"
"2019";"1";"15";"2";"20";"357";"290.";"5.0";"4.2";"86.";"2.";"0.00";"0.00";"0.00"
"2019";"1";"15";"2";"21";"358";"287.";"4.9";"4.3";"85.";"3.";"0.00";"0.00";"0.00"
"2019";"1";"15";"2";"22";"359";"287.";"4.0";"3.9";"85.";"8.";"0.00";"0.00";"0.00"
"2019";"1";"15";"2";"23";"360";"281.";"2.9";"3.9";"87.";"8.";"0.00";"0.00";"0.00"
"2019";"1";"16";"3";"0";"361";"281.";"2.4";"3.0";"88.";"8.";"0.00";"0.00";"0.00"
"2019";"1";"16";"3";"1";"362";"270.";"2.3";"2.9";"89.";"8.";"0.00";"0.00";"0.00"
"2019";"1";"16";"3";"2";"363";"261.";"1.4";"1.9";"90.";"6.";"0.00";"0.00";"0.00"
"2019";"1";"16";"3";"3";"364";"203.";"0.7";"1.2";"93.";"8.";"0.00";"0.00";"0.00"
"2019";"1";"16";"3";"4";"365";"194.";"1.2";"1.1";"94.";"8.";"0.00";"0.00";"0.00"
"2019";"1";"16";"3";"5";"366";"216.";"2.2";"1.8";"93.";"8.";"0.00";"0.00";"0.00"
"2019";"1";"16";"3";"6";"367";"218.";"2.9";"2.7";"93.";"7.";"0.00";"0.00";"0.00"
"2019";"1";"16";"3";"7";"368";"176.";"2.9";"3.1";"93.";"8.";"0.00";"0.00";"0.00"
"2019";"1";"16";"3";"8";"369";"171.";"4.3";"3.3";"94.";"8.";"0.00";"0.00";"0.00"
"2019";"1";"16";"3";"9";"370";"216.";"5.3";"4.9";"95.";"8.";"6.42";"0.00";"6.42"
"2019";"1";"16";"3";"10";"371";"221.";"6.7";"5.5";"94.";"8.";"40.65";"0.00";"40.65"
"2019";"1";"16";"3";"11";"372";"221.";"7.3";"5.5";"95.";"8.";"51.57";"0.00";"51.57"
"2019";"1";"16";"3";"12";"373";"222.";"7.1";"5.6";"94.";"8.";"55.75";"0.00";"55.75"
"2019";"1";"16";"3";"13";"374";"224.";"6.9";"5.8";"93.";"7.";"52.33";"33.91";"47.16"
"2019";"1";"16";"3";"14";"375";"224.";"7.1";"5.8";"93.";"8.";"14.25";"0.00";"14.25"
"2019";"1";"16";"3";"15";"376";"219.";"7.6";"5.8";"93.";"8.";"0.00";"0.00";"0.00"
"2019";"1";"16";"3";"16";"377";"215.";"7.6";"6.0";"93.";"8.";"0.00";"0.00";"0.00"
"2019";"1";"16";"3";"17";"378";"214.";"7.7";"6.0";"93.";"8.";"0.00";"0.00";"0.00"
"2019";"1";"16";"3";"18";"379";"221.";"7.7";"5.9";"94.";"8.";"0.00";"0.00";"0.00"
"2019";"1";"16";"3";"19";"380";"226.";"7.7";"5.9";"94.";"8.";"0.00";"0.00";"0.00"
"2019";"1";"16";"3";"20";"381";"228.";"7.5";"5.9";"93.";"8.";"0.00";"0.00";"0.00"
"2019";"1";"16";"3";"21";"382";"249.";"6.1";"5.8";"92.";"8.";"0.00";"0.00";"0.00"
"2019";"1";"16";"3";"22";"383";"252.";"5.7";"5.3";"89.";"8.";"0.00";"0.00";"0.00"
"2019";"1";"16";"3";"23";"384";"249.";"5.8";"5.0";"90.";"8.";"0.00";"0.00";"0.00"
"2019";"1";"17";"4";"0";"385";"248.";"4.9";"4.9";"87.";"7.";"0.00";"0.00";"0.00"
"2019";"1";"17";"4";"1";"386";"258.";"3.5";"3.9";"90.";"8.";"0.00";"0.00";"0.00"
"2019";"1";"17";"4";"2";"387";"284.";"2.7";"3.1";"90.";"7.";"0.00";"0.00";"0.00"
"2019";"1";"17";"4";"3";"388";"0.";"2.9";"2.0";"93.";"8.";"0.00";"0.00";"0.00"
"2019";"1";"17";"4";"4";"389";"16.";"4.0";"0.2";"87.";"8.";"0.00";"0.00";"0.00"
"2019";"1";"17";"4";"5";"390";"26.";"3.8";"-1.4";"83.";"6.";"0.00";"0.00";"0.00"
"2019";"1";"17";"4";"6";"391";"24.";"3.2";"-2.2";"81.";"7.";"0.00";"0.00";"0.00"
"2019";"1";"17";"4";"7";"392";"21.";"2.6";"-2.8";"80.";"6.";"0.00";"0.00";"0.00"
"2019";"1";"17";"4";"8";"393";"25.";"2.6";"-3.3";"80.";"8.";"0.00";"0.00";"0.00"
"2019";"1";"17";"4";"9";"394";"29.";"2.0";"-2.9";"77.";"8.";"25.74";"0.00";"25.74"
"2019";"1";"17";"4";"10";"395";"25.";"3.2";"-2.8";"73.";"8.";"101.28";"0.00";"101.28"
"2019";"1";"17";"4";"11";"396";"28.";"3.6";"-2.2";"70.";"8.";"134.67";"0.00";"134.67"
"2019";"1";"17";"4";"12";"397";"27.";"3.7";"-2.2";"67.";"8.";"130.90";"0.00";"130.90"
"2019";"1";"17";"4";"13";"398";"19.";"4.0";"-2.2";"64.";"6.";"118.53";"158.58";"93.88"
"2019";"1";"17";"4";"14";"399";"13.";"4.2";"-2.4";"65.";"8.";"45.97";"0.00";"45.97"
"2019";"1";"17";"4";"15";"400";"5.";"3.7";"-2.9";"67.";"8.";"0.00";"0.00";"0.00"
"2019";"1";"17";"4";"16";"401";"13.";"4.3";"-3.6";"71.";"3.";"0.00";"0.00";"0.00"
"2019";"1";"17";"4";"17";"402";"19.";"4.2";"-4.3";"72.";"5.";"0.00";"0.00";"0.00"
"2019";"1";"17";"4";"18";"403";"12.";"4.6";"-4.8";"75.";"4.";"0.00";"0.00";"0.00"
"2019";"1";"17";"4";"19";"404";"11.";"3.5";"-4.9";"78.";"2.";"0.00";"0.00";"0.00"
"2019";"1";"17";"4";"20";"405";"18.";"2.4";"-5.4";"82.";"3.";"0.00";"0.00";"0.00"
"2019";"1";"17";"4";"21";"406";"353.";"1.9";"-6.1";"85.";"1.";"0.00";"0.00";"0.00"
"2019";"1";"17";"4";"22";"407";"351.";"1.2";"-6.7";"87.";"1.";"0.00";"0.00";"0.00"
"2019";"1";"17";"4";"23";"408";"289.";"1.9";"-6.6";"88.";"1.";"0.00";"0.00";"0.00"
"2019";"1";"18";"5";"0";"409";"295.";"2.7";"-6.6";"88.";"1.";"0.00";"0.00";"0.00"
"2019";"1";"18";"5";"1";"410";"308.";"2.3";"-6.8";"88.";"2.";"0.00";"0.00";"0.00"
"2019";"1";"18";"5";"2";"411";"6.";"1.5";"-7.0";"87.";"3.";"0.00";"0.00";"0.00"
"2019";"1";"18";"5";"3";"412";"341.";"1.4";"-6.4";"85.";"4.";"0.00";"0.00";"0.00"
"2019";"1";"18";"5";"4";"413";"346.";"1.0";"-6.9";"84.";"2.";"0.00";"0.00";"0.00"
"2019";"1";"18";"5";"5";"414";"290.";"0.7";"-7.0";"84.";"0.";"0.00";"0.00";"0.00"
"2019";"1";"18";"5";"6";"415";"287.";"0.8";"-6.7";"83.";"0.";"0.00";"0.00";"0.00"
"2019";"1";"18";"5";"7";"416";"254.";"0.8";"-6.6";"82.";"2.";"0.00";"0.00";"0.00"
"2019";"1";"18";"5";"8";"417";"236.";"1.1";"-6.6";"82.";"6.";"0.00";"0.00";"0.00"
"2019";"1";"18";"5";"9";"418";"241.";"1.3";"-5.4";"82.";"6.";"53.05";"100.00";"43.73"
"2019";"1";"18";"5";"10";"419";"267.";"2.4";"-3.4";"78.";"4.";"118.89";"246.44";"79.87"
"2019";"1";"18";"5";"11";"420";"285.";"3.6";"0.2";"69.";"1.";"170.57";"511.08";"72.39"
"2019";"1";"18";"5";"12";"421";"294.";"5.2";"2.9";"59.";"1.";"179.20";"601.85";"63.59"
"2019";"1";"18";"5";"13";"422";"299.";"5.7";"3.1";"58.";"2.";"125.40";"458.05";"52.87"
"2019";"1";"18";"5";"14";"423";"305.";"4.7";"2.6";"58.";"0.";"63.26";"391.24";"26.79"
"2019";"1";"18";"5";"15";"424";"304.";"4.0";"1.7";"61.";"1.";"0.00";"0.00";"0.00"
"2019";"1";"18";"5";"16";"425";"311.";"2.8";"0.4";"66.";"1.";"0.00";"0.00";"0.00"
"2019";"1";"18";"5";"17";"426";"304.";"2.3";"-0.9";"72.";"0.";"0.00";"0.00";"0.00"
"2019";"1";"18";"5";"18";"427";"304.";"2.0";"-1.5";"72.";"2.";"0.00";"0.00";"0.00"
"2019";"1";"18";"5";"19";"428";"310.";"1.1";"-2.2";"74.";"0.";"0.00";"0.00";"0.00"
"2019";"1";"18";"5";"20";"429";"289.";"0.9";"-2.8";"76.";"3.";"0.00";"0.00";"0.00"
"2019";"1";"18";"5";"21";"430";"261.";"0.9";"-4.8";"82.";"1.";"0.00";"0.00";"0.00"
"2019";"1";"18";"5";"22";"431";"259.";"1.0";"-5.2";"82.";"0.";"0.00";"0.00";"0.00"
"2019";"1";"18";"5";"23";"432";"257.";"1.2";"-5.2";"82.";"0.";"0.00";"0.00";"0.00"
"2019";"1";"19";"6";"0";"433";"257.";"1.2";"-4.7";"82.";"2.";"0.00";"0.00";"0.00"
"2019";"1";"19";"6";"1";"434";"256.";"1.6";"-4.6";"83.";"6.";"0.00";"0.00";"0.00"
"2019";"1";"19";"6";"2";"435";"268.";"1.7";"-4.7";"84.";"3.";"0.00";"0.00";"0.00"
"2019";"1";"19";"6";"3";"436";"278.";"1.8";"-5.1";"84.";"2.";"0.00";"0.00";"0.00"
"2019";"1";"19";"6";"4";"437";"276.";"1.5";"-5.1";"85.";"3.";"0.00";"0.00";"0.00"
"2019";"1";"19";"6";"5";"438";"279.";"3.3";"-5.2";"85.";"6.";"0.00";"0.00";"0.00"
"2019";"1";"19";"6";"6";"439";"283.";"3.9";"-3.0";"85.";"7.";"0.00";"0.00";"0.00"
"2019";"1";"19";"6";"7";"440";"285.";"3.5";"-1.3";"82.";"7.";"0.00";"0.00";"0.00"
"2019";"1";"19";"6";"8";"441";"284.";"3.9";"0.8";"81.";"7.";"0.00";"0.00";"0.00"
"2019";"1";"19";"6";"9";"442";"277.";"3.4";"1.8";"81.";"5.";"36.97";"144.44";"23.08"
"2019";"1";"19";"6";"10";"443";"274.";"3.8";"3.0";"77.";"6.";"70.45";"149.85";"46.25"
"2019";"1";"19";"6";"11";"444";"257.";"3.9";"3.8";"77.";"6.";"90.52";"165.62";"58.19"
"2019";"1";"19";"6";"12";"445";"252.";"4.5";"3.8";"79.";"8.";"54.27";"0.00";"54.27"
"2019";"1";"19";"6";"13";"446";"250.";"4.9";"3.5";"80.";"5.";"81.35";"209.84";"47.48"
"2019";"1";"19";"6";"14";"447";"250.";"4.5";"3.4";"83.";"5.";"34.64";"131.51";"21.99"
"2019";"1";"19";"6";"15";"448";"256.";"4.2";"2.9";"87.";"6.";"0.00";"0.00";"0.00"
"2019";"1";"19";"6";"16";"449";"256.";"4.5";"3.0";"87.";"8.";"0.00";"0.00";"0.00"
"2019";"1";"19";"6";"17";"450";"263.";"4.7";"2.8";"89.";"8.";"0.00";"0.00";"0.00"
"2019";"1";"19";"6";"18";"451";"258.";"4.0";"3.0";"90.";"8.";"0.00";"0.00";"0.00"
"2019";"1";"19";"6";"19";"452";"260.";"5.1";"3.3";"88.";"8.";"0.00";"0.00";"0.00"
"2019";"1";"19";"6";"20";"453";"259.";"4.6";"3.2";"88.";"8.";"0.00";"0.00";"0.00"
"2019";"1";"19";"6";"21";"454";"255.";"4.0";"3.0";"87.";"8.";"0.00";"0.00";"0.00"
"2019";"1";"19";"6";"22";"455";"269.";"3.4";"2.6";"87.";"5.";"0.00";"0.00";"0.00"
"2019";"1";"19";"6";"23";"456";"275.";"3.7";"2.8";"86.";"8.";"0.00";"0.00";"0.00"
"2019";"1";"20";"7";"0";"457";"289.";"3.7";"2.8";"84.";"6.";"0.00";"0.00";"0.00"
"2019";"1";"20";"7";"1";"458";"289.";"3.5";"2.7";"84.";"8.";"0.00";"0.00";"0.00"
"2019";"1";"20";"7";"2";"459";"285.";"3.5";"2.7";"84.";"7.";"0.00";"0.00";"0.00"
"2019";"1";"20";"7";"3";"460";"283.";"2.9";"2.4";"85.";"5.";"0.00";"0.00";"0.00"
"2019";"1";"20";"7";"4";"461";"284.";"2.3";"1.4";"86.";"5.";"0.00";"0.00";"0.00"
"2019";"1";"20";"7";"5";"462";"349.";"1.6";"0.0";"91.";"5.";"0.00";"0.00";"0.00"
"2019";"1";"20";"7";"6";"463";"40.";"2.1";"-1.3";"94.";"5.";"0.00";"0.00";"0.00"
"2019";"1";"20";"7";"7";"464";"39.";"1.1";"-2.1";"93.";"2.";"0.00";"0.00";"0.00"
"2019";"1";"20";"7";"8";"465";"57.";"1.5";"-2.4";"91.";"3.";"0.00";"0.00";"0.00"
"2019";"1";"20";"7";"9";"466";"64.";"1.6";"-1.7";"88.";"5.";"33.90";"54.56";"28.48"
"2019";"1";"20";"7";"10";"467";"67.";"2.0";"-1.4";"90.";"5.";"72.28";"83.34";"58.56"
"2019";"1";"20";"7";"11";"468";"60.";"1.7";"-0.8";"89.";"8.";"52.96";"0.00";"52.96"
"2019";"1";"20";"7";"12";"469";"61.";"1.6";"-0.4";"88.";"7.";"70.75";"58.68";"59.11"
"2019";"1";"20";"7";"13";"470";"55.";"0.9";"-0.6";"88.";"6.";"65.78";"87.19";"51.43"
"2019";"1";"20";"7";"14";"471";"86.";"0.7";"-0.8";"88.";"7.";"26.96";"45.47";"22.45"
"2019";"1";"20";"7";"15";"472";"91.";"1.3";"-1.4";"87.";"7.";"0.00";"0.00";"0.00"
"2019";"1";"20";"7";"16";"473";"94.";"1.0";"-2.3";"89.";"1.";"0.00";"0.00";"0.00"
"2019";"1";"20";"7";"17";"474";"110.";"1.3";"-3.3";"89.";"0.";"0.00";"0.00";"0.00"
"2019";"1";"20";"7";"18";"475";"108.";"1.4";"-3.9";"88.";"0.";"0.00";"0.00";"0.00"
"2019";"1";"20";"7";"19";"476";"110.";"1.6";"-3.9";"88.";"0.";"0.00";"0.00";"0.00"
"2019";"1";"20";"7";"20";"477";"129.";"1.4";"-3.7";"87.";"8.";"0.00";"0.00";"0.00"
"2019";"1";"20";"7";"21";"478";"136.";"2.3";"-3.1";"89.";"8.";"0.00";"0.00";"0.00"
"2019";"1";"20";"7";"22";"479";"158.";"2.0";"-2.0";"90.";"8.";"0.00";"0.00";"0.00"
"2019";"1";"20";"7";"23";"480";"178.";"1.8";"-0.6";"92.";"8.";"0.00";"0.00";"0.00"
"2019";"1";"21";"1";"0";"481";"194.";"2.1";"0.3";"90.";"8.";"0.00";"0.00";"0.00"
"2019";"1";"21";"1";"1";"482";"213.";"2.6";"0.7";"89.";"8.";"0.00";"0.00";"0.00"
"2019";"1";"21";"1";"2";"483";"212.";"3.2";"1.1";"88.";"8.";"0.00";"0.00";"0.00"
"2019";"1";"21";"1";"3";"484";"213.";"3.1";"1.4";"88.";"7.";"0.00";"0.00";"0.00"
"2019";"1";"21";"1";"4";"485";"202.";"3.7";"1.4";"86.";"7.";"0.00";"0.00";"0.00"
"2019";"1";"21";"1";"5";"486";"206.";"4.7";"2.1";"89.";"8.";"0.00";"0.00";"0.00"
"2019";"1";"21";"1";"6";"487";"196.";"4.4";"2.0";"91.";"8.";"0.00";"0.00";"0.00"
"2019";"1";"21";"1";"7";"488";"181.";"4.2";"1.2";"94.";"8.";"0.00";"0.00";"0.00"
"2019";"1";"21";"1";"8";"489";"164.";"3.6";"1.0";"93.";"8.";"0.00";"0.00";"0.00"
"2019";"1";"21";"1";"9";"490";"147.";"2.5";"1.1";"93.";"8.";"18.81";"0.00";"18.81"
"2019";"1";"21";"1";"10";"491";"130.";"1.7";"1.2";"93.";"8.";"38.99";"0.00";"38.99"
"2019";"1";"21";"1";"11";"492";"105.";"2.5";"1.3";"93.";"8.";"49.80";"0.00";"49.80"
"2019";"1";"21";"1";"12";"493";"89.";"2.5";"1.4";"92.";"8.";"53.83";"0.00";"53.83"
"2019";"1";"21";"1";"13";"494";"86.";"2.3";"1.6";"91.";"8.";"43.32";"0.00";"43.32"
"2019";"1";"21";"1";"14";"495";"84.";"1.7";"1.5";"90.";"7.";"27.40";"50.67";"22.21"
"2019";"1";"21";"1";"15";"496";"58.";"1.7";"1.4";"90.";"7.";"0.00";"0.00";"0.00"
"2019";"1";"21";"1";"16";"497";"70.";"1.4";"1.2";"89.";"8.";"0.00";"0.00";"0.00"
"2019";"1";"21";"1";"17";"498";"67.";"1.1";"1.1";"88.";"8.";"0.00";"0.00";"0.00"
"2019";"1";"21";"1";"18";"499";"76.";"1.4";"0.9";"89.";"8.";"0.00";"0.00";"0.00"
"2019";"1";"21";"1";"19";"500";"81.";"1.0";"0.8";"89.";"8.";"0.00";"0.00";"0.00"
"2019";"1";"21";"1";"20";"501";"90.";"1.4";"0.6";"90.";"7.";"0.00";"0.00";"0.00"
"2019";"1";"21";"1";"21";"502";"109.";"1.7";"0.5";"90.";"8.";"0.00";"0.00";"0.00"
"2019";"1";"21";"1";"22";"503";"123.";"1.9";"0.5";"91.";"8.";"0.00";"0.00";"0.00"
"2019";"1";"21";"1";"23";"504";"140.";"1.8";"0.4";"92.";"8.";"0.00";"0.00";"0.00"
"2019";"1";"22";"2";"0";"505";"158.";"1.6";"0.4";"92.";"8.";"0.00";"0.00";"0.00"
"2019";"1";"22";"2";"1";"506";"155.";"1.8";"0.3";"93.";"8.";"0.00";"0.00";"0.00"
"2019";"1";"22";"2";"2";"507";"151.";"2.4";"0.2";"92.";"8.";"0.00";"0.00";"0.00"
"2019";"1";"22";"2";"3";"508";"148.";"2.6";"0.1";"92.";"8.";"0.00";"0.00";"0.00"
"2019";"1";"22";"2";"4";"509";"140.";"2.6";"0.1";"93.";"8.";"0.00";"0.00";"0.00"
"2019";"1";"22";"2";"5";"510";"143.";"2.8";"0.2";"93.";"8.";"0.00";"0.00";"0.00"
"2019";"1";"22";"2";"6";"511";"141.";"2.8";"0.2";"91.";"8.";"0.00";"0.00";"0.00"
"2019";"1";"22";"2";"7";"512";"135.";"3.1";"0.2";"90.";"8.";"0.00";"0.00";"0.00"
"2019";"1";"22";"2";"8";"513";"140.";"3.0";"0.1";"91.";"8.";"0.00";"0.00";"0.00"
"2019";"1";"22";"2";"9";"514";"140.";"3.1";"0.4";"90.";"7.";"28.56";"43.90";"23.92"
"2019";"1";"22";"2";"10";"515";"133.";"3.3";"0.5";"91.";"8.";"57.00";"0.00";"57.00"
"2019";"1";"22";"2";"11";"516";"147.";"2.8";"0.8";"91.";"8.";"72.96";"0.00";"72.96"
"2019";"1";"22";"2";"12";"517";"136.";"3.0";"1.2";"88.";"6.";"113.29";"148.01";"82.92"
"2019";"1";"22";"2";"13";"518";"131.";"3.0";"1.3";"87.";"5.";"103.29";"220.81";"65.47"
"2019";"1";"22";"2";"14";"519";"130.";"3.1";"0.9";"86.";"7.";"36.58";"50.12";"31.28"
"2019";"1";"22";"2";"15";"520";"129.";"2.9";"0.3";"89.";"6.";"0.00";"0.00";"0.00"
"2019";"1";"22";"2";"16";"521";"129.";"3.2";"0.4";"88.";"8.";"0.00";"0.00";"0.00"
"2019";"1";"22";"2";"17";"522";"121.";"3.8";"0.5";"88.";"8.";"0.00";"0.00";"0.00"
"2019";"1";"22";"2";"18";"523";"135.";"3.4";"0.3";"89.";"7.";"0.00";"0.00";"0.00"
"2019";"1";"22";"2";"19";"524";"125.";"3.7";"0.4";"89.";"7.";"0.00";"0.00";"0.00"
"2019";"1";"22";"2";"20";"525";"126.";"3.9";"0.4";"88.";"7.";"0.00";"0.00";"0.00"
"2019";"1";"22";"2";"21";"526";"134.";"4.0";"0.3";"87.";"8.";"0.00";"0.00";"0.00"
"2019";"1";"22";"2";"22";"527";"123.";"4.2";"0.2";"85.";"7.";"0.00";"0.00";"0.00"
"2019";"1";"22";"2";"23";"528";"127.";"4.3";"0.2";"84.";"8.";"0.00";"0.00";"0.00"
"2019";"1";"23";"3";"0";"529";"126.";"4.1";"0.1";"83.";"8.";"0.00";"0.00";"0.00"
"2019";"1";"23";"3";"1";"530";"127.";"4.2";"-0.1";"84.";"7.";"0.00";"0.00";"0.00"
"2019";"1";"23";"3";"2";"531";"129.";"4.4";"-0.2";"84.";"7.";"0.00";"0.00";"0.00"
"2019";"1";"23";"3";"3";"532";"120.";"3.6";"-0.9";"83.";"7.";"0.00";"0.00";"0.00"
"2019";"1";"23";"3";"4";"533";"115.";"3.4";"-1.5";"84.";"5.";"0.00";"0.00";"0.00"
"2019";"1";"23";"3";"5";"534";"120.";"3.1";"-1.8";"85.";"6.";"0.00";"0.00";"0.00"
"2019";"1";"23";"3";"6";"535";"124.";"3.4";"-2.0";"86.";"6.";"0.00";"0.00";"0.00"
"2019";"1";"23";"3";"7";"536";"130.";"3.6";"-2.2";"85.";"6.";"0.00";"0.00";"0.00"
"2019";"1";"23";"3";"8";"537";"129.";"3.7";"-2.1";"85.";"5.";"0.00";"0.00";"0.00"
"2019";"1";"23";"3";"9";"538";"130.";"3.8";"-1.8";"84.";"8.";"29.43";"0.00";"29.43"
"2019";"1";"23";"3";"10";"539";"137.";"4.0";"-1.2";"81.";"6.";"87.57";"101.52";"69.83"
"2019";"1";"23";"3";"11";"540";"145.";"3.9";"-1.0";"80.";"7.";"92.76";"53.15";"81.66"
"2019";"1";"23";"3";"12";"541";"143.";"3.9";"-1.0";"79.";"7.";"92.70";"52.75";"81.69"
"2019";"1";"23";"3";"13";"542";"140.";"3.7";"-1.1";"78.";"7.";"76.64";"61.07";"65.96"
"2019";"1";"23";"3";"14";"543";"135.";"3.5";"-1.5";"78.";"4.";"57.41";"150.65";"40.97"
"2019";"1";"23";"3";"15";"544";"120.";"3.0";"-2.2";"79.";"4.";"0.00";"0.00";"0.00"
"2019";"1";"23";"3";"16";"545";"113.";"2.6";"-2.9";"80.";"6.";"0.00";"0.00";"0.00"
"2019";"1";"23";"3";"17";"546";"107.";"2.5";"-3.7";"82.";"8.";"0.00";"0.00";"0.00"
"2019";"1";"23";"3";"18";"547";"104.";"3.0";"-4.0";"84.";"8.";"0.00";"0.00";"0.00"
"2019";"1";"23";"3";"19";"548";"113.";"2.9";"-4.1";"86.";"8.";"0.00";"0.00";"0.00"
"2019";"1";"23";"3";"20";"549";"123.";"3.4";"-4.5";"87.";"8.";"0.00";"0.00";"0.00"
"2019";"1";"23";"3";"21";"550";"129.";"3.2";"-4.6";"87.";"8.";"0.00";"0.00";"0.00"
"2019";"1";"23";"3";"22";"551";"129.";"3.4";"-4.8";"87.";"8.";"0.00";"0.00";"0.00"
"2019";"1";"23";"3";"23";"552";"124.";"3.4";"-4.4";"87.";"8.";"0.00";"0.00";"0.00"
"2019";"1";"24";"4";"0";"553";"119.";"3.4";"-4.7";"87.";"8.";"0.00";"0.00";"0.00"
"2019";"1";"24";"4";"1";"554";"116.";"3.8";"-5.1";"87.";"8.";"0.00";"0.00";"0.00"
"2019";"1";"24";"4";"2";"555";"116.";"3.9";"-4.9";"87.";"8.";"0.00";"0.00";"0.00"
"2019";"1";"24";"4";"3";"556";"121.";"3.6";"-5.0";"87.";"8.";"0.00";"0.00";"0.00"
"2019";"1";"24";"4";"4";"557";"118.";"3.9";"-5.1";"87.";"8.";"0.00";"0.00";"0.00"
"2019";"1";"24";"4";"5";"558";"122.";"3.2";"-4.5";"86.";"8.";"0.00";"0.00";"0.00"
"2019";"1";"24";"4";"6";"559";"117.";"3.4";"-3.7";"84.";"8.";"0.00";"0.00";"0.00"
"2019";"1";"24";"4";"7";"560";"124.";"3.3";"-3.3";"83.";"8.";"0.00";"0.00";"0.00"
"2019";"1";"24";"4";"8";"561";"123.";"3.6";"-3.1";"82.";"8.";"0.00";"0.00";"0.00"
"2019";"1";"24";"4";"9";"562";"126.";"4.2";"-2.8";"80.";"8.";"32.06";"0.00";"32.06"
"2019";"1";"24";"4";"10";"563";"128.";"4.7";"-2.4";"78.";"8.";"60.21";"0.00";"60.21"
"2019";"1";"24";"4";"11";"564";"132.";"4.7";"-2.0";"77.";"8.";"76.03";"0.00";"76.03"
"2019";"1";"24";"4";"12";"565";"135.";"4.6";"-1.7";"76.";"7.";"97.83";"60.55";"84.98"
"2019";"1";"24";"4";"13";"566";"141.";"4.4";"-1.6";"75.";"8.";"60.94";"0.00";"60.94"
"2019";"1";"24";"4";"14";"567";"143.";"4.4";"-1.4";"74.";"8.";"32.08";"0.00";"32.08"
"2019";"1";"24";"4";"15";"568";"130.";"4.8";"-1.6";"74.";"8.";"0.00";"0.00";"0.00"
"2019";"1";"24";"4";"16";"569";"125.";"4.5";"-1.7";"73.";"8.";"0.00";"0.00";"0.00"
"2019";"1";"24";"4";"17";"570";"122.";"4.0";"-1.5";"71.";"7.";"0.00";"0.00";"0.00"
"2019";"1";"24";"4";"18";"571";"116.";"3.8";"-1.6";"73.";"6.";"0.00";"0.00";"0.00"
"2019";"1";"24";"4";"19";"572";"111.";"3.5";"-1.7";"76.";"8.";"0.00";"0.00";"0.00"
"2019";"1";"24";"4";"20";"573";"111.";"3.7";"-1.7";"79.";"8.";"0.00";"0.00";"0.00"
"2019";"1";"24";"4";"21";"574";"128.";"3.7";"-1.6";"76.";"7.";"0.00";"0.00";"0.00"
"2019";"1";"24";"4";"22";"575";"128.";"3.7";"-1.5";"73.";"7.";"0.00";"0.00";"0.00"
"2019";"1";"24";"4";"23";"576";"125.";"3.3";"-1.4";"71.";"8.";"0.00";"0.00";"0.00"
"2019";"1";"25";"5";"0";"577";"118.";"3.2";"-1.6";"74.";"8.";"0.00";"0.00";"0.00"
"2019";"1";"25";"5";"1";"578";"109.";"3.8";"-1.8";"77.";"8.";"0.00";"0.00";"0.00"
"2019";"1";"25";"5";"2";"579";"109.";"3.6";"-1.9";"78.";"7.";"0.00";"0.00";"0.00"
"2019";"1";"25";"5";"3";"580";"115.";"4.1";"-1.9";"79.";"8.";"0.00";"0.00";"0.00"
"2019";"1";"25";"5";"4";"581";"120.";"3.7";"-1.9";"78.";"8.";"0.00";"0.00";"0.00"
"2019";"1";"25";"5";"5";"582";"124.";"3.6";"-1.9";"76.";"8.";"0.00";"0.00";"0.00"
"2019";"1";"25";"5";"6";"583";"123.";"4.1";"-2.1";"77.";"7.";"0.00";"0.00";"0.00"
"2019";"1";"25";"5";"7";"584";"126.";"4.5";"-2.5";"78.";"8.";"0.00";"0.00";"0.00"
"2019";"1";"25";"5";"8";"585";"132.";"4.2";"-2.9";"79.";"8.";"0.00";"0.00";"0.00"
"2019";"1";"25";"5";"9";"586";"129.";"3.6";"-3.0";"78.";"8.";"34.31";"0.00";"34.31"
"2019";"1";"25";"5";"10";"587";"138.";"3.4";"-2.6";"77.";"7.";"80.79";"58.97";"70.06"
"2019";"1";"25";"5";"11";"588";"158.";"3.5";"-2.0";"76.";"5.";"166.15";"196.73";"123.65"
"2019";"1";"25";"5";"12";"589";"162.";"3.8";"-1.5";"76.";"5.";"137.84";"198.75";"94.90"
"2019";"1";"25";"5";"13";"590";"163.";"3.5";"-1.6";"73.";"4.";"123.48";"257.36";"76.64"
"2019";"1";"25";"5";"14";"591";"158.";"3.5";"-1.9";"73.";"8.";"34.54";"0.00";"34.54"
"2019";"1";"25";"5";"15";"592";"141.";"3.1";"-2.1";"73.";"8.";"0.00";"0.00";"0.00"
"2019";"1";"25";"5";"16";"593";"131.";"3.2";"-2.8";"74.";"6.";"0.00";"0.00";"0.00"
"2019";"1";"25";"5";"17";"594";"126.";"3.6";"-3.8";"75.";"5.";"0.00";"0.00";"0.00"
"2019";"1";"25";"5";"18";"595";"126.";"4.0";"-4.0";"78.";"8.";"0.00";"0.00";"0.00"
"2019";"1";"25";"5";"19";"596";"122.";"4.6";"-4.0";"78.";"8.";"0.00";"0.00";"0.00"
"2019";"1";"25";"5";"20";"597";"121.";"4.1";"-4.1";"78.";"8.";"0.00";"0.00";"0.00"
"2019";"1";"25";"5";"21";"598";"116.";"4.0";"-4.2";"78.";"7.";"0.00";"0.00";"0.00"
"2019";"1";"25";"5";"22";"599";"118.";"3.9";"-4.1";"77.";"8.";"0.00";"0.00";"0.00"
"2019";"1";"25";"5";"23";"600";"118.";"4.0";"-4.2";"76.";"8.";"0.00";"0.00";"0.00"
"2019";"1";"26";"6";"0";"601";"114.";"4.0";"-4.2";"75.";"8.";"0.00";"0.00";"0.00"
"2019";"1";"26";"6";"1";"602";"111.";"3.8";"-4.3";"75.";"8.";"0.00";"0.00";"0.00"
"2019";"1";"26";"6";"2";"603";"112.";"3.8";"-4.6";"78.";"8.";"0.00";"0.00";"0.00"
"2019";"1";"26";"6";"3";"604";"115.";"3.7";"-4.8";"80.";"8.";"0.00";"0.00";"0.00"
"2019";"1";"26";"6";"4";"605";"115.";"3.7";"-4.8";"80.";"8.";"0.00";"0.00";"0.00"
"2019";"1";"26";"6";"5";"606";"111.";"4.1";"-4.8";"79.";"8.";"0.00";"0.00";"0.00"
"2019";"1";"26";"6";"6";"607";"107.";"4.0";"-4.7";"78.";"7.";"0.00";"0.00";"0.00"
"2019";"1";"26";"6";"7";"608";"105.";"3.9";"-4.4";"76.";"7.";"0.00";"0.00";"0.00"
"2019";"1";"26";"6";"8";"609";"101.";"3.5";"-4.3";"77.";"8.";"1.17";"0.00";"1.17"
"2019";"1";"26";"6";"9";"610";"104.";"3.7";"-4.2";"79.";"8.";"18.81";"0.00";"18.81"
"2019";"1";"26";"6";"10";"611";"100.";"4.0";"-3.8";"80.";"7.";"48.52";"21.62";"44.51"
"2019";"1";"26";"6";"11";"612";"98.";"4.2";"-3.3";"77.";"7.";"101.42";"57.32";"88.82"
"2019";"1";"26";"6";"12";"613";"100.";"4.0";"-3.0";"75.";"8.";"78.13";"0.00";"78.13"
"2019";"1";"26";"6";"13";"614";"99.";"4.4";"-2.8";"75.";"8.";"65.47";"0.00";"65.47"
"2019";"1";"26";"6";"14";"615";"97.";"3.6";"-2.7";"73.";"7.";"46.26";"47.14";"40.60"
"2019";"1";"26";"6";"15";"616";"94.";"4.1";"-2.8";"72.";"8.";"1.04";"0.00";"1.04"
"2019";"1";"26";"6";"16";"617";"93.";"4.2";"-3.0";"71.";"8.";"0.00";"0.00";"0.00"
"2019";"1";"26";"6";"17";"618";"96.";"4.4";"-3.1";"70.";"8.";"0.00";"0.00";"0.00"
"2019";"1";"26";"6";"18";"619";"99.";"4.5";"-3.1";"70.";"8.";"0.00";"0.00";"0.00"
"2019";"1";"26";"6";"19";"620";"104.";"4.5";"-3.1";"71.";"8.";"0.00";"0.00";"0.00"
"2019";"1";"26";"6";"20";"621";"104.";"5.1";"-3.0";"74.";"8.";"0.00";"0.00";"0.00"
"2019";"1";"26";"6";"21";"622";"107.";"5.0";"-2.8";"76.";"8.";"0.00";"0.00";"0.00"
"2019";"1";"26";"6";"22";"623";"104.";"5.6";"-2.6";"77.";"8.";"0.00";"0.00";"0.00"
"2019";"1";"26";"6";"23";"624";"104.";"5.7";"-2.5";"78.";"8.";"0.00";"0.00";"0.00"
"2019";"1";"27";"7";"0";"625";"104.";"5.8";"-2.4";"79.";"8.";"0.00";"0.00";"0.00"
"2019";"1";"27";"7";"1";"626";"105.";"5.5";"-2.8";"84.";"8.";"0.00";"0.00";"0.00"
"2019";"1";"27";"7";"2";"627";"104.";"6.2";"-2.9";"87.";"8.";"0.00";"0.00";"0.00"
"2019";"1";"27";"7";"3";"628";"103.";"6.1";"-2.7";"87.";"8.";"0.00";"0.00";"0.00"
"2019";"1";"27";"7";"4";"629";"101.";"6.4";"-2.7";"86.";"8.";"0.00";"0.00";"0.00"
"2019";"1";"27";"7";"5";"630";"99.";"6.5";"-2.8";"88.";"8.";"0.00";"0.00";"0.00"
"2019";"1";"27";"7";"6";"631";"101.";"6.7";"-2.7";"87.";"8.";"0.00";"0.00";"0.00"
"2019";"1";"27";"7";"7";"632";"101.";"6.8";"-2.7";"88.";"8.";"0.00";"0.00";"0.00"
"2019";"1";"27";"7";"8";"633";"100.";"6.7";"-2.5";"87.";"8.";"0.34";"0.00";"0.34"
"2019";"1";"27";"7";"9";"634";"98.";"6.7";"-2.4";"88.";"8.";"17.02";"0.00";"17.02"
"2019";"1";"27";"7";"10";"635";"98.";"6.9";"-2.0";"88.";"8.";"32.00";"0.00";"32.00"
"2019";"1";"27";"7";"11";"636";"98.";"6.4";"-1.6";"87.";"8.";"43.23";"0.00";"43.23"
"2019";"1";"27";"7";"12";"637";"96.";"6.6";"-1.0";"85.";"8.";"74.48";"0.00";"74.48"
"2019";"1";"27";"7";"13";"638";"96.";"6.4";"-0.9";"86.";"8.";"32.64";"0.00";"32.64"
"2019";"1";"27";"7";"14";"639";"95.";"5.7";"-1.0";"87.";"8.";"17.25";"0.00";"17.25"
"2019";"1";"27";"7";"15";"640";"91.";"5.7";"-1.0";"88.";"8.";"0.00";"0.00";"0.00"
"2019";"1";"27";"7";"16";"641";"90.";"5.8";"-1.1";"88.";"8.";"0.00";"0.00";"0.00"
"2019";"1";"27";"7";"17";"642";"88.";"5.1";"-1.0";"88.";"7.";"0.00";"0.00";"0.00"
"2019";"1";"27";"7";"18";"643";"85.";"4.9";"-1.1";"90.";"8.";"0.00";"0.00";"0.00"
"2019";"1";"27";"7";"19";"644";"80.";"4.7";"-1.1";"91.";"8.";"0.00";"0.00";"0.00"
"2019";"1";"27";"7";"20";"645";"78.";"4.8";"-1.0";"91.";"8.";"0.00";"0.00";"0.00"
"2019";"1";"27";"7";"21";"646";"77.";"4.6";"-1.0";"91.";"8.";"0.00";"0.00";"0.00"
"2019";"1";"27";"7";"22";"647";"76.";"4.5";"-0.9";"90.";"8.";"0.00";"0.00";"0.00"
"2019";"1";"27";"7";"23";"648";"73.";"4.4";"-0.9";"90.";"8.";"0.00";"0.00";"0.00"
"2019";"1";"28";"1";"0";"649";"69.";"4.3";"-0.9";"91.";"8.";"0.00";"0.00";"0.00"
"2019";"1";"28";"1";"1";"650";"67.";"4.2";"-0.9";"91.";"8.";"0.00";"0.00";"0.00"
"2019";"1";"28";"1";"2";"651";"63.";"3.8";"-0.8";"91.";"8.";"0.00";"0.00";"0.00"
"2019";"1";"28";"1";"3";"652";"59.";"3.5";"-0.8";"91.";"8.";"0.00";"0.00";"0.00"
"2019";"1";"28";"1";"4";"653";"60.";"3.2";"-0.7";"91.";"8.";"0.00";"0.00";"0.00"
"2019";"1";"28";"1";"5";"654";"56.";"3.0";"-0.7";"91.";"7.";"0.00";"0.00";"0.00"
"2019";"1";"28";"1";"6";"655";"54.";"2.9";"-0.6";"91.";"7.";"0.00";"0.00";"0.00"
"2019";"1";"28";"1";"7";"656";"54.";"2.9";"-0.6";"91.";"8.";"0.00";"0.00";"0.00"
"2019";"1";"28";"1";"8";"657";"50.";"2.8";"-0.5";"93.";"8.";"0.04";"0.00";"0.04"
"2019";"1";"28";"1";"9";"658";"47.";"2.5";"-0.3";"91.";"8.";"20.01";"0.00";"20.01"
"2019";"1";"28";"1";"10";"659";"39.";"2.4";"-0.1";"91.";"8.";"33.14";"0.00";"33.14"
"2019";"1";"28";"1";"11";"660";"41.";"2.5";"0.1";"92.";"8.";"43.37";"0.00";"43.37"
"2019";"1";"28";"1";"12";"661";"32.";"2.4";"0.2";"92.";"8.";"48.88";"0.00";"48.88"
"2019";"1";"28";"1";"13";"662";"17.";"2.4";"0.3";"92.";"8.";"38.72";"0.00";"38.72"
"2019";"1";"28";"1";"14";"663";"9.";"2.3";"0.3";"93.";"8.";"18.33";"0.00";"18.33"
"2019";"1";"28";"1";"15";"664";"358.";"1.7";"0.3";"94.";"8.";"0.00";"0.00";"0.00"
"2019";"1";"28";"1";"16";"665";"338.";"2.1";"0.2";"94.";"8.";"0.00";"0.00";"0.00"
"2019";"1";"28";"1";"17";"666";"331.";"2.4";"0.0";"94.";"8.";"0.00";"0.00";"0.00"
"2019";"1";"28";"1";"18";"667";"327.";"2.7";"0.0";"95.";"8.";"0.00";"0.00";"0.00"
"2019";"1";"28";"1";"19";"668";"332.";"3.2";"-0.3";"94.";"8.";"0.00";"0.00";"0.00"
"2019";"1";"28";"1";"20";"669";"338.";"3.3";"-0.8";"93.";"8.";"0.00";"0.00";"0.00"
"2019";"1";"28";"1";"21";"670";"333.";"3.5";"-1.2";"92.";"7.";"0.00";"0.00";"0.00"
"2019";"1";"28";"1";"22";"671";"329.";"3.1";"-1.4";"91.";"8.";"0.00";"0.00";"0.00"
"2019";"1";"28";"1";"23";"672";"317.";"3.5";"-1.6";"90.";"8.";"0.00";"0.00";"0.00"
"2019";"1";"29";"2";"0";"673";"328.";"2.9";"-2.1";"90.";"8.";"0.00";"0.00";"0.00"
"2019";"1";"29";"2";"1";"674";"316.";"3.4";"-2.6";"89.";"7.";"0.00";"0.00";"0.00"
"2019";"1";"29";"2";"2";"675";"313.";"3.1";"-2.9";"89.";"5.";"0.00";"0.00";"0.00"
"2019";"1";"29";"2";"3";"676";"333.";"2.6";"-3.6";"89.";"4.";"0.00";"0.00";"0.00"
"2019";"1";"29";"2";"4";"677";"329.";"2.0";"-4.6";"89.";"3.";"0.00";"0.00";"0.00"
"2019";"1";"29";"2";"5";"678";"310.";"2.2";"-5.6";"88.";"2.";"0.00";"0.00";"0.00"
"2019";"1";"29";"2";"6";"679";"311.";"1.7";"-6.6";"87.";"1.";"0.00";"0.00";"0.00"
"2019";"1";"29";"2";"7";"680";"322.";"0.9";"-7.5";"87.";"3.";"0.00";"0.00";"0.00"
"2019";"1";"29";"2";"8";"681";"70.";"1.4";"-8.3";"88.";"3.";"11.66";"82.89";"8.51"
"2019";"1";"29";"2";"9";"682";"65.";"1.4";"-7.0";"88.";"5.";"74.72";"175.17";"51.69"
"2019";"1";"29";"2";"10";"683";"32.";"0.9";"-4.9";"84.";"3.";"154.17";"375.45";"79.97"
"2019";"1";"29";"2";"11";"684";"45.";"1.0";"-3.0";"79.";"1.";"226.08";"665.81";"71.71"
"2019";"1";"29";"2";"12";"685";"54.";"0.8";"-1.5";"74.";"0.";"227.10";"674.01";"70.82"
"2019";"1";"29";"2";"13";"686";"56.";"0.4";"-1.0";"76.";"0.";"184.71";"644.77";"57.29"
"2019";"1";"29";"2";"14";"687";"90.";"0.8";"-1.1";"77.";"0.";"105.49";"498.13";"39.99"
"2019";"1";"29";"2";"15";"688";"102.";"1.3";"-2.6";"81.";"1.";"9.05";"92.33";"5.54"
"2019";"1";"29";"2";"16";"689";"117.";"1.5";"-4.7";"85.";"2.";"0.00";"0.00";"0.00"
"2019";"1";"29";"2";"17";"690";"104.";"1.7";"-6.3";"86.";"1.";"0.00";"0.00";"0.00"
"2019";"1";"29";"2";"18";"691";"108.";"2.0";"-6.7";"87.";"1.";"0.00";"0.00";"0.00"
"2019";"1";"29";"2";"19";"692";"117.";"1.9";"-7.5";"86.";"0.";"0.00";"0.00";"0.00"
"2019";"1";"29";"2";"20";"693";"110.";"2.3";"-7.7";"87.";"4.";"0.00";"0.00";"0.00"
"2019";"1";"29";"2";"21";"694";"102.";"2.6";"-7.6";"86.";"3.";"0.00";"0.00";"0.00"
"2019";"1";"29";"2";"22";"695";"106.";"2.7";"-6.6";"86.";"4.";"0.00";"0.00";"0.00"
"2019";"1";"29";"2";"23";"696";"106.";"3.0";"-6.3";"86.";"8.";"0.00";"0.00";"0.00"
"2019";"1";"30";"3";"0";"697";"105.";"4.1";"-5.7";"85.";"8.";"0.00";"0.00";"0.00"
"2019";"1";"30";"3";"1";"698";"103.";"4.7";"-4.9";"89.";"7.";"0.00";"0.00";"0.00"
"2019";"1";"30";"3";"2";"699";"108.";"3.9";"-4.2";"88.";"8.";"0.00";"0.00";"0.00"
"2019";"1";"30";"3";"3";"700";"104.";"3.5";"-3.9";"90.";"8.";"0.00";"0.00";"0.00"
"2019";"1";"30";"3";"4";"701";"105.";"3.4";"-3.7";"90.";"8.";"0.00";"0.00";"0.00"
"2019";"1";"30";"3";"5";"702";"108.";"3.2";"-3.4";"89.";"5.";"0.00";"0.00";"0.00"
"2019";"1";"30";"3";"6";"703";"106.";"3.5";"-3.3";"90.";"5.";"0.00";"0.00";"0.00"
"2019";"1";"30";"3";"7";"704";"110.";"3.4";"-2.9";"90.";"8.";"0.00";"0.00";"0.00"
"2019";"1";"30";"3";"8";"705";"126.";"2.6";"-2.6";"89.";"8.";"3.97";"0.00";"3.97"
"2019";"1";"30";"3";"9";"706";"129.";"2.9";"-1.8";"89.";"8.";"38.61";"0.00";"38.61"
"2019";"1";"30";"3";"10";"707";"142.";"3.4";"-1.3";"88.";"7.";"87.77";"51.68";"77.34"
"2019";"1";"30";"3";"11";"708";"151.";"3.9";"-0.8";"86.";"6.";"129.16";"115.10";"101.99"
"2019";"1";"30";"3";"12";"709";"145.";"3.3";"-0.3";"84.";"6.";"127.06";"106.30";"101.97"
"2019";"1";"30";"3";"13";"710";"137.";"3.3";"0.0";"81.";"3.";"145.73";"280.71";"89.09"
"2019";"1";"30";"3";"14";"711";"132.";"2.9";"-0.7";"82.";"8.";"40.68";"0.00";"40.68"
"2019";"1";"30";"3";"15";"712";"112.";"2.8";"-1.6";"85.";"8.";"3.80";"0.00";"3.80"
"2019";"1";"30";"3";"16";"713";"108.";"2.7";"-2.1";"86.";"8.";"0.00";"0.00";"0.00"
"2019";"1";"30";"3";"17";"714";"88.";"2.5";"-3.1";"87.";"5.";"0.00";"0.00";"0.00"
"2019";"1";"30";"3";"18";"715";"98.";"2.9";"-3.3";"88.";"8.";"0.00";"0.00";"0.00"
"2019";"1";"30";"3";"19";"716";"101.";"3.8";"-2.7";"87.";"8.";"0.00";"0.00";"0.00"
"2019";"1";"30";"3";"20";"717";"97.";"3.8";"-2.5";"87.";"8.";"0.00";"0.00";"0.00"
"2019";"1";"30";"3";"21";"718";"103.";"3.9";"-2.4";"86.";"8.";"0.00";"0.00";"0.00"
"2019";"1";"30";"3";"22";"719";"112.";"3.7";"-2.2";"86.";"7.";"0.00";"0.00";"0.00"
"2019";"1";"30";"3";"23";"720";"100.";"3.9";"-1.9";"86.";"8.";"0.00";"0.00";"0.00"
"2019";"1";"31";"4";"0";"721";"98.";"4.2";"-2.0";"85.";"8.";"0.00";"0.00";"0.00"
"2019";"1";"31";"4";"1";"722";"99.";"4.9";"-2.3";"85.";"8.";"0.00";"0.00";"0.00"
"2019";"1";"31";"4";"2";"723";"99.";"4.4";"-2.6";"85.";"7.";"0.00";"0.00";"0.00"
"2019";"1";"31";"4";"3";"724";"98.";"3.9";"-2.4";"86.";"7.";"0.00";"0.00";"0.00"
"2019";"1";"31";"4";"4";"725";"92.";"4.4";"-2.3";"85.";"6.";"0.00";"0.00";"0.00"
"2019";"1";"31";"4";"5";"726";"93.";"4.9";"-2.2";"85.";"7.";"0.00";"0.00";"0.00"
"2019";"1";"31";"4";"6";"727";"94.";"5.6";"-1.8";"83.";"7.";"0.00";"0.00";"0.00"
"2019";"1";"31";"4";"7";"728";"92.";"5.6";"-2.3";"83.";"5.";"0.00";"0.00";"0.00"
"2019";"1";"31";"4";"8";"729";"98.";"4.9";"-1.9";"83.";"8.";"6.10";"0.00";"6.10"
"2019";"1";"31";"4";"9";"730";"104.";"5.5";"-1.0";"81.";"8.";"46.29";"0.00";"46.29"
"2019";"1";"31";"4";"10";"731";"104.";"5.7";"-0.3";"81.";"8.";"77.88";"0.00";"77.88"
"2019";"1";"31";"4";"11";"732";"100.";"5.4";"0.2";"80.";"8.";"94.08";"0.00";"94.08"
"2019";"1";"31";"4";"12";"733";"102.";"5.9";"0.6";"81.";"7.";"118.60";"81.10";"99.12"
"2019";"1";"31";"4";"13";"734";"103.";"5.9";"0.6";"81.";"7.";"97.09";"76.61";"81.31"
"2019";"1";"31";"4";"14";"735";"104.";"5.7";"0.6";"83.";"8.";"40.35";"0.00";"40.35"
"2019";"1";"31";"4";"15";"736";"104.";"5.4";"0.7";"83.";"8.";"4.07";"0.00";"4.07"
"2019";"1";"31";"4";"16";"737";"103.";"5.5";"0.7";"85.";"8.";"0.00";"0.00";"0.00"
"2019";"1";"31";"4";"17";"738";"104.";"4.9";"0.6";"86.";"8.";"0.00";"0.00";"0.00"
"2019";"1";"31";"4";"18";"739";"104.";"4.4";"0.9";"85.";"8.";"0.00";"0.00";"0.00"
"2019";"1";"31";"4";"19";"740";"101.";"4.3";"0.9";"85.";"8.";"0.00";"0.00";"0.00"
"2019";"1";"31";"4";"20";"741";"105.";"4.0";"0.7";"85.";"7.";"0.00";"0.00";"0.00"
"2019";"1";"31";"4";"21";"742";"101.";"3.9";"0.7";"86.";"8.";"0.00";"0.00";"0.00"
"2019";"1";"31";"4";"22";"743";"98.";"3.4";"0.7";"86.";"8.";"0.00";"0.00";"0.00"
"2019";"1";"31";"4";"23";"744";"100.";"3.4";"0.6";"87.";"8.";"0.00";"0.00";"0.00"
"2019";"2";"1";"5";"0";"745";"97.";"3.7";"0.6";"87.";"8.";"0.00";"0.00";"0.00"
"2019";"2";"1";"5";"1";"746";"94.";"3.6";"0.6";"87.";"8.";"0.00";"0.00";"0.00"
"2019";"2";"1";"5";"2";"747";"87.";"3.9";"0.6";"86.";"8.";"0.00";"0.00";"0.00"
"2019";"2";"1";"5";"3";"748";"87.";"3.9";"0.5";"87.";"7.";"0.00";"0.00";"0.00"
"2019";"2";"1";"5";"4";"749";"85.";"4.1";"0.5";"85.";"8.";"0.00";"0.00";"0.00"
"2019";"2";"1";"5";"5";"750";"80.";"3.9";"0.1";"84.";"2.";"0.00";"0.00";"0.00"
"2019";"2";"1";"5";"6";"751";"79.";"3.6";"-0.2";"84.";"8.";"0.00";"0.00";"0.00"
"2019";"2";"1";"5";"7";"752";"76.";"3.7";"-0.3";"84.";"7.";"0.00";"0.00";"0.00"
"2019";"2";"1";"5";"8";"753";"75.";"3.4";"-0.3";"84.";"7.";"7.29";"11.32";"6.73"
"2019";"2";"1";"5";"9";"754";"77.";"3.3";"0.0";"84.";"8.";"45.61";"0.00";"45.61"
"2019";"2";"1";"5";"10";"755";"81.";"3.6";"0.6";"82.";"7.";"101.26";"83.77";"83.64"
"2019";"2";"1";"5";"11";"756";"86.";"3.8";"0.6";"83.";"7.";"120.26";"78.79";"100.98"
"2019";"2";"1";"5";"12";"757";"81.";"3.8";"0.9";"83.";"7.";"117.89";"71.98";"100.28"
"2019";"2";"1";"5";"13";"758";"76.";"3.7";"0.7";"85.";"8.";"75.51";"0.00";"75.51"
"2019";"2";"1";"5";"14";"759";"73.";"3.8";"0.8";"85.";"7.";"56.36";"50.70";"49.06"
"2019";"2";"1";"5";"15";"760";"77.";"3.7";"0.6";"86.";"8.";"5.06";"0.00";"5.06"
"2019";"2";"1";"5";"16";"761";"73.";"3.6";"0.4";"87.";"8.";"0.00";"0.00";"0.00"
"2019";"2";"1";"5";"17";"762";"70.";"3.6";"0.1";"88.";"8.";"0.00";"0.00";"0.00"
"2019";"2";"1";"5";"18";"763";"76.";"3.8";"-0.2";"88.";"8.";"0.00";"0.00";"0.00"
"2019";"2";"1";"5";"19";"764";"70.";"3.1";"-0.3";"87.";"8.";"0.00";"0.00";"0.00"
"2019";"2";"1";"5";"20";"765";"77.";"3.2";"-0.3";"87.";"8.";"0.00";"0.00";"0.00"
"2019";"2";"1";"5";"21";"766";"73.";"2.7";"-0.6";"89.";"7.";"0.00";"0.00";"0.00"
"2019";"2";"1";"5";"22";"767";"70.";"2.4";"-0.9";"89.";"7.";"0.00";"0.00";"0.00"
"2019";"2";"1";"5";"23";"768";"72.";"2.5";"-0.9";"88.";"7.";"0.00";"0.00";"0.00"
"2019";"2";"2";"6";"0";"769";"87.";"2.3";"-0.4";"87.";"8.";"0.00";"0.00";"0.00"
"2019";"2";"2";"6";"1";"770";"78.";"2.5";"-0.3";"87.";"8.";"0.00";"0.00";"0.00"
"2019";"2";"2";"6";"2";"771";"68.";"2.6";"-0.1";"87.";"8.";"0.00";"0.00";"0.00"
"2019";"2";"2";"6";"3";"772";"71.";"3.2";"0.1";"88.";"8.";"0.00";"0.00";"0.00"
"2019";"2";"2";"6";"4";"773";"72.";"2.6";"0.2";"87.";"8.";"0.00";"0.00";"0.00"
"2019";"2";"2";"6";"5";"774";"75.";"2.3";"0.2";"87.";"8.";"0.00";"0.00";"0.00"
"2019";"2";"2";"6";"6";"775";"77.";"2.3";"0.2";"86.";"8.";"0.00";"0.00";"0.00"
"2019";"2";"2";"6";"7";"776";"73.";"2.2";"0.2";"85.";"8.";"0.00";"0.00";"0.00"
"2019";"2";"2";"6";"8";"777";"69.";"2.4";"0.3";"85.";"8.";"6.85";"0.00";"6.85"
"2019";"2";"2";"6";"9";"778";"68.";"3.5";"0.4";"82.";"8.";"46.02";"0.00";"46.02"
"2019";"2";"2";"6";"10";"779";"59.";"3.2";"0.5";"83.";"8.";"76.19";"0.00";"76.19"
"2019";"2";"2";"6";"11";"780";"51.";"2.6";"0.6";"83.";"8.";"92.11";"0.00";"92.11"
"2019";"2";"2";"6";"12";"781";"46.";"2.4";"0.7";"82.";"8.";"93.53";"0.00";"93.53"
"2019";"2";"2";"6";"13";"782";"56.";"3.0";"0.8";"85.";"8.";"76.40";"0.00";"76.40"
"2019";"2";"2";"6";"14";"783";"53.";"3.3";"0.7";"85.";"8.";"45.38";"0.00";"45.38"
"2019";"2";"2";"6";"15";"784";"48.";"3.6";"0.6";"86.";"8.";"6.62";"0.00";"6.62"
"2019";"2";"2";"6";"16";"785";"44.";"3.9";"0.5";"86.";"8.";"0.00";"0.00";"0.00"
"2019";"2";"2";"6";"17";"786";"34.";"3.5";"0.5";"86.";"7.";"0.00";"0.00";"0.00"
"2019";"2";"2";"6";"18";"787";"24.";"2.8";"0.5";"87.";"8.";"0.00";"0.00";"0.00"
"2019";"2";"2";"6";"19";"788";"13.";"2.6";"0.4";"87.";"8.";"0.00";"0.00";"0.00"
"2019";"2";"2";"6";"20";"789";"9.";"2.7";"0.6";"87.";"8.";"0.00";"0.00";"0.00"
"2019";"2";"2";"6";"21";"790";"4.";"3.2";"0.6";"87.";"7.";"0.00";"0.00";"0.00"
"2019";"2";"2";"6";"22";"791";"359.";"3.4";"0.7";"87.";"8.";"0.00";"0.00";"0.00"
"2019";"2";"2";"6";"23";"792";"10.";"3.5";"0.2";"88.";"7.";"0.00";"0.00";"0.00"
"2019";"2";"3";"7";"0";"793";"8.";"3.4";"-0.3";"89.";"8.";"0.00";"0.00";"0.00"
"2019";"2";"3";"7";"1";"794";"4.";"3.1";"-0.6";"89.";"8.";"0.00";"0.00";"0.00"
"2019";"2";"3";"7";"2";"795";"19.";"3.7";"-1.0";"87.";"8.";"0.00";"0.00";"0.00"
"2019";"2";"3";"7";"3";"796";"20.";"3.8";"-1.3";"86.";"8.";"0.00";"0.00";"0.00"
"2019";"2";"3";"7";"4";"797";"9.";"3.1";"-1.5";"85.";"8.";"0.00";"0.00";"0.00"
"2019";"2";"3";"7";"5";"798";"359.";"2.8";"-1.6";"85.";"8.";"0.00";"0.00";"0.00"
"2019";"2";"3";"7";"6";"799";"352.";"3.0";"-1.8";"84.";"8.";"0.00";"0.00";"0.00"
"2019";"2";"3";"7";"7";"800";"348.";"3.0";"-1.8";"84.";"7.";"0.00";"0.00";"0.00"
"2019";"2";"3";"7";"8";"801";"355.";"2.3";"-1.8";"83.";"4.";"20.82";"121.26";"13.75"
"2019";"2";"3";"7";"9";"802";"344.";"2.7";"-1.8";"82.";"7.";"69.08";"75.47";"57.57"
"2019";"2";"3";"7";"10";"803";"353.";"2.5";"-1.4";"79.";"7.";"109.37";"90.24";"89.60"
"2019";"2";"3";"7";"11";"804";"345.";"2.6";"-0.9";"77.";"7.";"131.53";"94.96";"107.44"
"2019";"2";"3";"7";"12";"805";"346.";"2.2";"-0.5";"75.";"6.";"154.89";"180.29";"109.17"
"2019";"2";"3";"7";"13";"806";"339.";"2.0";"-0.4";"73.";"6.";"130.27";"181.24";"90.55"
"2019";"2";"3";"7";"14";"807";"310.";"2.5";"-0.6";"74.";"3.";"110.56";"372.28";"53.77"
"2019";"2";"3";"7";"15";"808";"313.";"1.9";"-1.4";"78.";"5.";"19.22";"93.09";"13.79"
"2019";"2";"3";"7";"16";"809";"310.";"1.4";"-1.2";"78.";"7.";"0.00";"0.00";"0.00"
"2019";"2";"3";"7";"17";"810";"298.";"1.3";"-1.5";"79.";"6.";"0.00";"0.00";"0.00"
"2019";"2";"3";"7";"18";"811";"286.";"1.0";"-2.4";"82.";"6.";"0.00";"0.00";"0.00"
"2019";"2";"3";"7";"19";"812";"207.";"0.4";"-3.4";"85.";"3.";"0.00";"0.00";"0.00"
"2019";"2";"3";"7";"20";"813";"163.";"0.8";"-3.8";"86.";"4.";"0.00";"0.00";"0.00"
"2019";"2";"3";"7";"21";"814";"212.";"1.7";"-3.7";"87.";"4.";"0.00";"0.00";"0.00"
"2019";"2";"3";"7";"22";"815";"210.";"2.2";"-2.9";"89.";"7.";"0.00";"0.00";"0.00"
"2019";"2";"3";"7";"23";"816";"206.";"2.1";"-1.9";"89.";"6.";"0.00";"0.00";"0.00"
"2019";"2";"4";"1";"0";"817";"223.";"2.6";"-1.7";"89.";"8.";"0.00";"0.00";"0.00"
"2019";"2";"4";"1";"1";"818";"224.";"2.1";"-2.2";"91.";"8.";"0.00";"0.00";"0.00"
"2019";"2";"4";"1";"2";"819";"223.";"2.1";"-2.5";"90.";"3.";"0.00";"0.00";"0.00"
"2019";"2";"4";"1";"3";"820";"227.";"2.3";"-2.2";"92.";"3.";"0.00";"0.00";"0.00"
"2019";"2";"4";"1";"4";"821";"199.";"1.9";"-1.4";"93.";"7.";"0.00";"0.00";"0.00"
"2019";"2";"4";"1";"5";"822";"209.";"2.2";"-1.3";"93.";"8.";"0.00";"0.00";"0.00"
"2019";"2";"4";"1";"6";"823";"185.";"2.2";"-0.4";"91.";"6.";"0.00";"0.00";"0.00"
"2019";"2";"4";"1";"7";"824";"188.";"2.8";"-0.3";"92.";"8.";"0.00";"0.00";"0.00"
"2019";"2";"4";"1";"8";"825";"169.";"3.2";"0.2";"91.";"6.";"14.60";"40.43";"12.06"
"2019";"2";"4";"1";"9";"826";"172.";"4.1";"1.0";"90.";"7.";"64.83";"60.24";"55.37"
"2019";"2";"4";"1";"10";"827";"173.";"5.2";"1.7";"89.";"8.";"81.19";"0.00";"81.19"
"2019";"2";"4";"1";"11";"828";"171.";"6.1";"1.3";"91.";"8.";"51.33";"0.00";"51.33"
"2019";"2";"4";"1";"12";"829";"169.";"6.8";"0.6";"92.";"8.";"47.51";"0.00";"47.51"
"2019";"2";"4";"1";"13";"830";"180.";"6.7";"0.5";"94.";"8.";"37.57";"0.00";"37.57"
"2019";"2";"4";"1";"14";"831";"190.";"7.1";"1.0";"94.";"8.";"24.54";"0.00";"24.54"
"2019";"2";"4";"1";"15";"832";"194.";"7.5";"1.7";"94.";"8.";"4.28";"0.00";"4.28"
"2019";"2";"4";"1";"16";"833";"191.";"7.4";"1.5";"94.";"8.";"0.00";"0.00";"0.00"
"2019";"2";"4";"1";"17";"834";"186.";"7.8";"1.2";"95.";"8.";"0.00";"0.00";"0.00"
"2019";"2";"4";"1";"18";"835";"185.";"8.3";"0.8";"95.";"8.";"0.00";"0.00";"0.00"
"2019";"2";"4";"1";"19";"836";"184.";"8.9";"0.5";"94.";"8.";"0.00";"0.00";"0.00"
"2019";"2";"4";"1";"20";"837";"185.";"9.0";"0.6";"95.";"8.";"0.00";"0.00";"0.00"
"2019";"2";"4";"1";"21";"838";"186.";"9.3";"0.7";"95.";"8.";"0.00";"0.00";"0.00"
"2019";"2";"4";"1";"22";"839";"193.";"9.1";"1.2";"94.";"8.";"0.00";"0.00";"0.00"
"2019";"2";"4";"1";"23";"840";"195.";"8.6";"1.8";"94.";"8.";"0.00";"0.00";"0.00"
"2019";"2";"5";"2";"0";"841";"200.";"9.0";"2.0";"92.";"8.";"0.00";"0.00";"0.00"
"2019";"2";"5";"2";"1";"842";"191.";"8.8";"2.2";"92.";"8.";"0.00";"0.00";"0.00"
"2019";"2";"5";"2";"2";"843";"189.";"9.0";"2.3";"92.";"8.";"0.00";"0.00";"0.00"
"2019";"2";"5";"2";"3";"844";"199.";"9.8";"2.6";"93.";"8.";"0.00";"0.00";"0.00"
"2019";"2";"5";"2";"4";"845";"209.";"9.4";"2.9";"93.";"8.";"0.00";"0.00";"0.00"
"2019";"2";"5";"2";"5";"846";"223.";"7.0";"3.1";"94.";"8.";"0.00";"0.00";"0.00"
"2019";"2";"5";"2";"6";"847";"246.";"4.5";"3.0";"94.";"8.";"0.00";"0.00";"0.00"
"2019";"2";"5";"2";"7";"848";"267.";"4.7";"1.9";"94.";"8.";"0.00";"0.00";"0.00"
"2019";"2";"5";"2";"8";"849";"282.";"4.7";"1.5";"93.";"8.";"5.78";"0.00";"5.78"
"2019";"2";"5";"2";"9";"850";"284.";"5.5";"1.6";"91.";"8.";"47.04";"0.00";"47.04"
"2019";"2";"5";"2";"10";"851";"287.";"5.4";"1.5";"91.";"8.";"71.78";"0.00";"71.78"
"2019";"2";"5";"2";"11";"852";"296.";"4.8";"1.5";"90.";"8.";"91.38";"0.00";"91.38"
"2019";"2";"5";"2";"12";"853";"302.";"4.4";"1.4";"90.";"8.";"101.52";"0.00";"101.52"
"2019";"2";"5";"2";"13";"854";"301.";"4.4";"1.2";"88.";"7.";"108.17";"73.81";"91.32"
"2019";"2";"5";"2";"14";"855";"306.";"4.5";"0.9";"87.";"6.";"83.94";"148.96";"59.88"
"2019";"2";"5";"2";"15";"856";"304.";"4.1";"1.0";"86.";"6.";"17.95";"57.40";"14.10"
"2019";"2";"5";"2";"16";"857";"307.";"3.6";"0.9";"86.";"4.";"0.00";"0.00";"0.00"
"2019";"2";"5";"2";"17";"858";"314.";"3.8";"0.7";"86.";"7.";"0.00";"0.00";"0.00"
"2019";"2";"5";"2";"18";"859";"320.";"4.4";"0.6";"85.";"7.";"0.00";"0.00";"0.00"
"2019";"2";"5";"2";"19";"860";"320.";"4.1";"0.5";"84.";"7.";"0.00";"0.00";"0.00"
"2019";"2";"5";"2";"20";"861";"327.";"3.5";"0.3";"84.";"8.";"0.00";"0.00";"0.00"
"2019";"2";"5";"2";"21";"862";"335.";"2.7";"0.0";"84.";"8.";"0.00";"0.00";"0.00"
"2019";"2";"5";"2";"22";"863";"5.";"1.8";"-0.2";"87.";"7.";"0.00";"0.00";"0.00"
"2019";"2";"5";"2";"23";"864";"6.";"1.1";"-0.2";"88.";"4.";"0.00";"0.00";"0.00"
"2019";"2";"6";"3";"0";"865";"66.";"1.1";"-0.2";"87.";"4.";"0.00";"0.00";"0.00"
"2019";"2";"6";"3";"1";"866";"246.";"0.4";"-0.3";"88.";"5.";"0.00";"0.00";"0.00"
"2019";"2";"6";"3";"2";"867";"109.";"0.3";"-0.5";"89.";"7.";"0.00";"0.00";"0.00"
"2019";"2";"6";"3";"3";"868";"150.";"1.0";"-0.6";"89.";"8.";"0.00";"0.00";"0.00"
"2019";"2";"6";"3";"4";"869";"143.";"1.1";"-0.6";"89.";"8.";"0.00";"0.00";"0.00"
"2019";"2";"6";"3";"5";"870";"137.";"2.2";"-0.7";"88.";"8.";"0.00";"0.00";"0.00"
"2019";"2";"6";"3";"6";"871";"133.";"2.8";"-0.7";"89.";"8.";"0.00";"0.00";"0.00"
"2019";"2";"6";"3";"7";"872";"137.";"2.9";"-0.7";"88.";"8.";"0.00";"0.00";"0.00"
"2019";"2";"6";"3";"8";"873";"148.";"3.1";"-0.3";"89.";"8.";"14.18";"0.00";"14.18"
"2019";"2";"6";"3";"9";"874";"142.";"4.0";"0.3";"88.";"8.";"53.75";"0.00";"53.75"
"2019";"2";"6";"3";"10";"875";"155.";"3.7";"0.7";"93.";"8.";"73.57";"0.00";"73.57"
"2019";"2";"6";"3";"11";"876";"160.";"4.4";"0.4";"94.";"8.";"47.87";"0.00";"47.87"
"2019";"2";"6";"3";"12";"877";"158.";"5.7";"0.6";"93.";"8.";"52.25";"0.00";"52.25"
"2019";"2";"6";"3";"13";"878";"162.";"6.7";"0.8";"93.";"8.";"73.74";"0.00";"73.74"
"2019";"2";"6";"3";"14";"879";"167.";"7.2";"1.1";"94.";"8.";"26.31";"0.00";"26.31"
"2019";"2";"6";"3";"15";"880";"171.";"6.2";"1.3";"94.";"8.";"10.29";"0.00";"10.29"
"2019";"2";"6";"3";"16";"881";"171.";"6.0";"1.3";"94.";"8.";"0.00";"0.00";"0.00"
"2019";"2";"6";"3";"17";"882";"172.";"5.4";"1.5";"94.";"8.";"0.00";"0.00";"0.00"
"2019";"2";"6";"3";"18";"883";"183.";"4.7";"1.9";"95.";"8.";"0.00";"0.00";"0.00"
"2019";"2";"6";"3";"19";"884";"196.";"3.7";"2.4";"95.";"8.";"0.00";"0.00";"0.00"
"2019";"2";"6";"3";"20";"885";"209.";"3.4";"2.9";"95.";"8.";"0.00";"0.00";"0.00"
"2019";"2";"6";"3";"21";"886";"225.";"3.4";"3.2";"95.";"8.";"0.00";"0.00";"0.00"
"2019";"2";"6";"3";"22";"887";"245.";"3.6";"3.4";"95.";"8.";"0.00";"0.00";"0.00"
"2019";"2";"6";"3";"23";"888";"242.";"3.1";"3.2";"97.";"8.";"0.00";"0.00";"0.00"
"2019";"2";"7";"4";"0";"889";"236.";"2.9";"3.1";"95.";"8.";"0.00";"0.00";"0.00"
"2019";"2";"7";"4";"1";"890";"234.";"3.1";"3.0";"95.";"8.";"0.00";"0.00";"0.00"
"2019";"2";"7";"4";"2";"891";"228.";"3.5";"3.0";"93.";"8.";"0.00";"0.00";"0.00"
"2019";"2";"7";"4";"3";"892";"216.";"2.5";"2.8";"93.";"8.";"0.00";"0.00";"0.00"
"2019";"2";"7";"4";"4";"893";"191.";"2.1";"2.6";"92.";"8.";"0.00";"0.00";"0.00"
"2019";"2";"7";"4";"5";"894";"176.";"1.9";"2.4";"92.";"8.";"0.00";"0.00";"0.00"
"2019";"2";"7";"4";"6";"895";"153.";"1.6";"2.4";"92.";"8.";"0.00";"0.00";"0.00"
"2019";"2";"7";"4";"7";"896";"132.";"1.9";"2.3";"92.";"8.";"0.00";"0.00";"0.00"
"2019";"2";"7";"4";"8";"897";"128.";"2.1";"2.3";"93.";"8.";"12.76";"0.00";"12.76"
"2019";"2";"7";"4";"9";"898";"130.";"2.9";"2.4";"94.";"8.";"50.35";"0.00";"50.35"
"2019";"2";"7";"4";"10";"899";"126.";"3.3";"2.7";"92.";"8.";"82.65";"0.00";"82.65"
"2019";"2";"7";"4";"11";"900";"122.";"3.8";"2.8";"92.";"8.";"99.67";"0.00";"99.67"
"2019";"2";"7";"4";"12";"901";"129.";"4.3";"2.9";"92.";"8.";"98.54";"0.00";"98.54"
"2019";"2";"7";"4";"13";"902";"129.";"4.8";"3.0";"93.";"8.";"80.78";"0.00";"80.78"
"2019";"2";"7";"4";"14";"903";"140.";"5.1";"3.0";"93.";"8.";"30.97";"0.00";"30.97"
"2019";"2";"7";"4";"15";"904";"157.";"5.7";"2.4";"94.";"8.";"7.04";"0.00";"7.04"
"2019";"2";"7";"4";"16";"905";"153.";"4.8";"2.3";"93.";"8.";"0.00";"0.00";"0.00"
"2019";"2";"7";"4";"17";"906";"171.";"5.8";"3.2";"93.";"8.";"0.00";"0.00";"0.00"
"2019";"2";"7";"4";"18";"907";"175.";"6.5";"3.5";"90.";"7.";"0.00";"0.00";"0.00"
"2019";"2";"7";"4";"19";"908";"171.";"6.2";"3.9";"84.";"7.";"0.00";"0.00";"0.00"
"2019";"2";"7";"4";"20";"909";"165.";"7.0";"4.1";"83.";"8.";"0.00";"0.00";"0.00"
"2019";"2";"7";"4";"21";"910";"168.";"9.8";"4.4";"83.";"7.";"0.00";"0.00";"0.00"
"2019";"2";"7";"4";"22";"911";"172.";"10.9";"4.1";"86.";"8.";"0.00";"0.00";"0.00"
"2019";"2";"7";"4";"23";"912";"183.";"10.8";"3.8";"89.";"8.";"0.00";"0.00";"0.00"
"2019";"2";"8";"5";"0";"913";"196.";"10.4";"3.7";"91.";"8.";"0.00";"0.00";"0.00"
"2019";"2";"8";"5";"1";"914";"208.";"9.9";"3.8";"91.";"8.";"0.00";"0.00";"0.00"
"2019";"2";"8";"5";"2";"915";"217.";"8.9";"3.8";"92.";"8.";"0.00";"0.00";"0.00"
"2019";"2";"8";"5";"3";"916";"225.";"8.1";"3.8";"91.";"8.";"0.00";"0.00";"0.00"
"2019";"2";"8";"5";"4";"917";"232.";"8.2";"3.8";"91.";"8.";"0.00";"0.00";"0.00"
"2019";"2";"8";"5";"5";"918";"231.";"8.2";"3.8";"90.";"8.";"0.00";"0.00";"0.00"
"2019";"2";"8";"5";"6";"919";"238.";"7.7";"3.5";"92.";"8.";"0.00";"0.00";"0.00"
"2019";"2";"8";"5";"7";"920";"245.";"7.0";"3.7";"89.";"7.";"0.00";"0.00";"0.00"
"2019";"2";"8";"5";"8";"921";"238.";"6.7";"3.8";"88.";"7.";"18.36";"25.82";"16.28"
"2019";"2";"8";"5";"9";"922";"231.";"6.8";"4.0";"88.";"4.";"107.92";"233.26";"66.96"
"2019";"2";"8";"5";"10";"923";"231.";"6.2";"4.3";"89.";"8.";"88.46";"0.00";"88.46"
"2019";"2";"8";"5";"11";"924";"230.";"5.9";"4.7";"88.";"7.";"135.39";"76.63";"114.13"
"2019";"2";"8";"5";"12";"925";"225.";"5.7";"4.7";"88.";"7.";"132.78";"69.71";"113.44"
"2019";"2";"8";"5";"13";"926";"215.";"5.4";"5.0";"85.";"6.";"131.86";"127.70";"100.88"
"2019";"2";"8";"5";"14";"927";"197.";"4.9";"4.7";"84.";"7.";"71.23";"56.32";"61.35"
"2019";"2";"8";"5";"15";"928";"174.";"5.2";"4.2";"86.";"7.";"18.23";"25.31";"16.19"
"2019";"2";"8";"5";"16";"929";"171.";"5.6";"3.9";"90.";"7.";"0.00";"0.00";"0.00"
"2019";"2";"8";"5";"17";"930";"171.";"6.6";"4.0";"93.";"8.";"0.00";"0.00";"0.00"
"2019";"2";"8";"5";"18";"931";"175.";"8.2";"4.3";"93.";"8.";"0.00";"0.00";"0.00"
"2019";"2";"8";"5";"19";"932";"183.";"8.9";"4.4";"93.";"8.";"0.00";"0.00";"0.00"
"2019";"2";"8";"5";"20";"933";"182.";"9.1";"4.6";"93.";"8.";"0.00";"0.00";"0.00"
"2019";"2";"8";"5";"21";"934";"182.";"9.6";"4.7";"93.";"8.";"0.00";"0.00";"0.00"
"2019";"2";"8";"5";"22";"935";"182.";"9.8";"4.8";"93.";"8.";"0.00";"0.00";"0.00"
"2019";"2";"8";"5";"23";"936";"182.";"9.9";"4.9";"93.";"8.";"0.00";"0.00";"0.00"
"2019";"2";"9";"6";"0";"937";"182.";"9.8";"4.9";"93.";"8.";"0.00";"0.00";"0.00"
"2019";"2";"9";"6";"1";"938";"184.";"9.7";"4.7";"93.";"8.";"0.00";"0.00";"0.00"
"2019";"2";"9";"6";"2";"939";"184.";"9.5";"4.7";"93.";"8.";"0.00";"0.00";"0.00"
"2019";"2";"9";"6";"3";"940";"183.";"9.6";"4.8";"93.";"8.";"0.00";"0.00";"0.00"
"2019";"2";"9";"6";"4";"941";"182.";"9.4";"4.8";"93.";"8.";"0.00";"0.00";"0.00"
"2019";"2";"9";"6";"5";"942";"185.";"9.4";"4.7";"93.";"8.";"0.00";"0.00";"0.00"
"2019";"2";"9";"6";"6";"943";"191.";"8.8";"4.6";"93.";"8.";"0.00";"0.00";"0.00"
"2019";"2";"9";"6";"7";"944";"193.";"7.6";"4.6";"94.";"8.";"0.00";"0.00";"0.00"
"2019";"2";"9";"6";"8";"945";"189.";"6.6";"4.7";"94.";"8.";"14.47";"0.00";"14.47"
"2019";"2";"9";"6";"9";"946";"193.";"7.1";"4.8";"94.";"8.";"55.15";"0.00";"55.15"
"2019";"2";"9";"6";"10";"947";"196.";"7.6";"5.1";"93.";"8.";"88.98";"0.00";"88.98"
"2019";"2";"9";"6";"11";"948";"193.";"6.8";"5.4";"91.";"7.";"137.70";"77.51";"115.81"
"2019";"2";"9";"6";"12";"949";"190.";"6.6";"5.2";"91.";"8.";"60.69";"0.00";"60.69"
"2019";"2";"9";"6";"13";"950";"185.";"6.8";"5.1";"89.";"4.";"169.30";"250.68";"107.23"
"2019";"2";"9";"6";"14";"951";"175.";"7.7";"5.1";"88.";"7.";"70.93";"48.73";"62.14"
"2019";"2";"9";"6";"15";"952";"177.";"9.0";"4.8";"87.";"8.";"14.86";"0.00";"14.86"
"2019";"2";"9";"6";"16";"953";"181.";"10.0";"4.3";"88.";"8.";"0.00";"0.00";"0.00"
"2019";"2";"9";"6";"17";"954";"190.";"9.7";"3.7";"90.";"8.";"0.00";"0.00";"0.00"
"2019";"2";"9";"6";"18";"955";"193.";"9.3";"3.8";"92.";"8.";"0.00";"0.00";"0.00"
"2019";"2";"9";"6";"19";"956";"203.";"9.6";"4.5";"93.";"8.";"0.00";"0.00";"0.00"
"2019";"2";"9";"6";"20";"957";"210.";"8.9";"4.9";"93.";"8.";"0.00";"0.00";"0.00"
"2019";"2";"9";"6";"21";"958";"212.";"8.4";"4.8";"93.";"8.";"0.00";"0.00";"0.00"
"2019";"2";"9";"6";"22";"959";"222.";"8.0";"4.8";"94.";"8.";"0.00";"0.00";"0.00"
"2019";"2";"9";"6";"23";"960";"229.";"7.9";"4.9";"93.";"8.";"0.00";"0.00";"0.00"
"2019";"2";"10";"7";"0";"961";"230.";"8.7";"5.3";"90.";"8.";"0.00";"0.00";"0.00"
"2019";"2";"10";"7";"1";"962";"225.";"8.4";"5.3";"87.";"8.";"0.00";"0.00";"0.00"
"2019";"2";"10";"7";"2";"963";"228.";"8.7";"5.3";"86.";"8.";"0.00";"0.00";"0.00"
"2019";"2";"10";"7";"3";"964";"226.";"8.3";"5.1";"85.";"8.";"0.00";"0.00";"0.00"
"2019";"2";"10";"7";"4";"965";"226.";"8.2";"5.0";"84.";"6.";"0.00";"0.00";"0.00"
"2019";"2";"10";"7";"5";"966";"226.";"7.9";"4.9";"84.";"7.";"0.00";"0.00";"0.00"
"2019";"2";"10";"7";"6";"967";"222.";"7.3";"4.7";"82.";"8.";"0.00";"0.00";"0.00"
"2019";"2";"10";"7";"7";"968";"214.";"7.0";"4.9";"80.";"8.";"0.00";"0.00";"0.00"
"2019";"2";"10";"7";"8";"969";"206.";"6.7";"4.6";"86.";"7.";"22.14";"25.60";"19.83"
"2019";"2";"10";"7";"9";"970";"200.";"7.1";"4.3";"87.";"7.";"74.68";"50.10";"65.40"
"2019";"2";"10";"7";"10";"971";"198.";"7.2";"4.5";"88.";"7.";"114.03";"57.68";"99.46"
"2019";"2";"10";"7";"11";"972";"194.";"6.9";"4.5";"89.";"7.";"133.20";"57.39";"116.71"
"2019";"2";"10";"7";"12";"973";"198.";"6.7";"4.5";"90.";"7.";"132.19";"55.41";"116.26"
"2019";"2";"10";"7";"13";"974";"199.";"6.0";"4.5";"91.";"8.";"86.17";"0.00";"86.17"
"2019";"2";"10";"7";"14";"975";"200.";"5.2";"4.5";"90.";"7.";"72.26";"43.92";"64.13"
"2019";"2";"10";"7";"15";"976";"197.";"4.2";"4.1";"91.";"7.";"21.23";"21.94";"19.26"
"2019";"2";"10";"7";"16";"977";"196.";"3.1";"3.8";"92.";"7.";"0.00";"0.00";"0.00"
"2019";"2";"10";"7";"17";"978";"190.";"2.6";"3.6";"94.";"7.";"0.00";"0.00";"0.00"
"2019";"2";"10";"7";"18";"979";"184.";"2.1";"3.4";"94.";"7.";"0.00";"0.00";"0.00"
"2019";"2";"10";"7";"19";"980";"174.";"2.1";"3.2";"94.";"7.";"0.00";"0.00";"0.00"
"2019";"2";"10";"7";"20";"981";"184.";"2.1";"2.9";"94.";"8.";"0.00";"0.00";"0.00"
"2019";"2";"10";"7";"21";"982";"161.";"1.9";"2.6";"95.";"8.";"0.00";"0.00";"0.00"
"2019";"2";"10";"7";"22";"983";"162.";"2.0";"2.5";"95.";"7.";"0.00";"0.00";"0.00"
"2019";"2";"10";"7";"23";"984";"160.";"2.2";"2.3";"95.";"7.";"0.00";"0.00";"0.00"
"2019";"2";"11";"1";"0";"985";"162.";"2.4";"2.0";"95.";"8.";"0.00";"0.00";"0.00"
"2019";"2";"11";"1";"1";"986";"182.";"1.9";"2.0";"95.";"8.";"0.00";"0.00";"0.00"
"2019";"2";"11";"1";"2";"987";"307.";"0.7";"1.9";"95.";"8.";"0.00";"0.00";"0.00"
"2019";"2";"11";"1";"3";"988";"326.";"2.1";"2.1";"93.";"8.";"0.00";"0.00";"0.00"
"2019";"2";"11";"1";"4";"989";"354.";"2.3";"2.1";"95.";"8.";"0.00";"0.00";"0.00"
"2019";"2";"11";"1";"5";"990";"348.";"4.1";"2.2";"93.";"8.";"0.00";"0.00";"0.00"
"2019";"2";"11";"1";"6";"991";"352.";"5.1";"1.9";"91.";"7.";"0.00";"0.00";"0.00"
"2019";"2";"11";"1";"7";"992";"347.";"5.9";"1.7";"89.";"8.";"0.00";"0.00";"0.00"
"2019";"2";"11";"1";"8";"993";"352.";"5.6";"1.6";"84.";"2.";"50.00";"277.63";"23.64"
"2019";"2";"11";"1";"9";"994";"350.";"5.7";"1.8";"78.";"3.";"136.31";"413.91";"57.56"
"2019";"2";"11";"1";"10";"995";"351.";"5.7";"2.8";"71.";"1.";"238.12";"638.73";"73.54"
"2019";"2";"11";"1";"11";"996";"346.";"5.4";"3.5";"64.";"2.";"257.39";"576.50";"88.73"
"2019";"2";"11";"1";"12";"997";"344.";"5.0";"4.3";"58.";"1.";"278.69";"647.95";"89.12"
"2019";"2";"11";"1";"13";"998";"328.";"5.3";"4.5";"56.";"0.";"257.20";"714.51";"73.10"
"2019";"2";"11";"1";"14";"999";"324.";"5.4";"3.8";"56.";"0.";"172.75";"606.80";"57.30"
"2019";"2";"11";"1";"15";"1000";"322.";"5.2";"3.1";"56.";"0.";"64.50";"398.73";"26.65"
"2019";"2";"11";"1";"16";"1001";"320.";"4.5";"2.3";"62.";"0.";"0.00";"0.00";"0.00"
"2019";"2";"11";"1";"17";"1002";"310.";"3.5";"1.8";"65.";"0.";"0.00";"0.00";"0.00"
"2019";"2";"11";"1";"18";"1003";"309.";"3.6";"1.9";"66.";"2.";"0.00";"0.00";"0.00"
"2019";"2";"11";"1";"19";"1004";"316.";"3.8";"2.3";"64.";"1.";"0.00";"0.00";"0.00"
"2019";"2";"11";"1";"20";"1005";"320.";"4.4";"2.2";"64.";"1.";"0.00";"0.00";"0.00"
"2019";"2";"11";"1";"21";"1006";"320.";"4.8";"2.1";"62.";"0.";"0.00";"0.00";"0.00"
"2019";"2";"11";"1";"22";"1007";"315.";"4.4";"1.6";"63.";"0.";"0.00";"0.00";"0.00"
"2019";"2";"11";"1";"23";"1008";"323.";"3.8";"1.5";"63.";"0.";"0.00";"0.00";"0.00"
"2019";"2";"12";"2";"0";"1009";"333.";"4.0";"1.0";"64.";"0.";"0.00";"0.00";"0.00"
"2019";"2";"12";"2";"1";"1010";"336.";"3.7";"0.7";"63.";"2.";"0.00";"0.00";"0.00"
"2019";"2";"12";"2";"2";"1011";"336.";"3.1";"0.1";"64.";"4.";"0.00";"0.00";"0.00"
"2019";"2";"12";"2";"3";"1012";"334.";"2.8";"-0.3";"66.";"7.";"0.00";"0.00";"0.00"
"2019";"2";"12";"2";"4";"1013";"331.";"2.3";"-0.4";"66.";"7.";"0.00";"0.00";"0.00"
"2019";"2";"12";"2";"5";"1014";"333.";"1.7";"-0.8";"66.";"7.";"0.00";"0.00";"0.00"
"2019";"2";"12";"2";"6";"1015";"321.";"1.7";"-1.7";"70.";"7.";"0.00";"0.00";"0.00"
"2019";"2";"12";"2";"7";"1016";"308.";"1.5";"-1.9";"73.";"6.";"0.00";"0.00";"0.00"
"2019";"2";"12";"2";"8";"1017";"288.";"1.1";"-0.3";"70.";"6.";"51.01";"106.96";"40.33"
"2019";"2";"12";"2";"9";"1018";"277.";"1.1";"0.8";"65.";"8.";"112.00";"0.00";"112.00"
"2019";"2";"12";"2";"10";"1019";"258.";"1.1";"2.6";"61.";"7.";"178.33";"91.72";"154.23"
"2019";"2";"12";"2";"11";"1020";"248.";"2.0";"3.3";"60.";"8.";"191.66";"0.00";"191.66"
"2019";"2";"12";"2";"12";"1021";"266.";"3.4";"4.0";"60.";"6.";"221.89";"186.53";"166.35"
"2019";"2";"12";"2";"13";"1022";"262.";"3.5";"3.9";"60.";"4.";"218.98";"385.11";"117.78"
"2019";"2";"12";"2";"14";"1023";"255.";"3.3";"3.5";"63.";"6.";"128.55";"154.42";"98.40"
"2019";"2";"12";"2";"15";"1024";"232.";"2.8";"2.7";"69.";"7.";"28.19";"52.75";"22.92"
"2019";"2";"12";"2";"16";"1025";"229.";"2.3";"2.6";"74.";"8.";"0.00";"0.00";"0.00"
"2019";"2";"12";"2";"17";"1026";"228.";"3.4";"3.0";"75.";"8.";"0.00";"0.00";"0.00"
"2019";"2";"12";"2";"18";"1027";"232.";"5.2";"2.9";"82.";"8.";"0.00";"0.00";"0.00"
"2019";"2";"12";"2";"19";"1028";"215.";"5.0";"2.4";"90.";"8.";"0.00";"0.00";"0.00"
"2019";"2";"12";"2";"20";"1029";"211.";"5.6";"2.9";"90.";"8.";"0.00";"0.00";"0.00"
"2019";"2";"12";"2";"21";"1030";"224.";"5.5";"3.3";"89.";"8.";"0.00";"0.00";"0.00"
"2019";"2";"12";"2";"22";"1031";"229.";"5.7";"3.6";"92.";"8.";"0.00";"0.00";"0.00"
"2019";"2";"12";"2";"23";"1032";"223.";"4.9";"3.8";"94.";"8.";"0.00";"0.00";"0.00"
"2019";"2";"13";"3";"0";"1033";"230.";"5.8";"4.5";"95.";"8.";"0.00";"0.00";"0.00"
"2019";"2";"13";"3";"1";"1034";"240.";"6.6";"5.1";"95.";"8.";"0.00";"0.00";"0.00"
"2019";"2";"13";"3";"2";"1035";"251.";"7.3";"5.3";"95.";"8.";"0.00";"0.00";"0.00"
"2019";"2";"13";"3";"3";"1036";"273.";"7.0";"5.3";"94.";"7.";"0.00";"0.00";"0.00"
"2019";"2";"13";"3";"4";"1037";"282.";"8.0";"5.6";"90.";"6.";"0.00";"0.00";"0.00"
"2019";"2";"13";"3";"5";"1038";"286.";"8.2";"5.7";"86.";"8.";"0.00";"0.00";"0.00"
"2019";"2";"13";"3";"6";"1039";"289.";"7.9";"5.6";"85.";"2.";"0.00";"0.00";"0.00"
"2019";"2";"13";"3";"7";"1040";"286.";"7.8";"5.4";"84.";"1.";"0.00";"0.00";"0.00"
"2019";"2";"13";"3";"8";"1041";"285.";"7.5";"5.6";"84.";"0.";"55.48";"212.03";"33.26"
"2019";"2";"13";"3";"9";"1042";"288.";"7.4";"6.5";"79.";"0.";"160.56";"400.43";"80.32"
"2019";"2";"13";"3";"10";"1043";"291.";"6.0";"7.0";"76.";"1.";"221.90";"406.18";"113.04"
"2019";"2";"13";"3";"11";"1044";"286.";"5.7";"7.4";"76.";"1.";"266.41";"418.22";"139.70"
"2019";"2";"13";"3";"12";"1045";"283.";"5.9";"7.5";"74.";"1.";"266.57";"405.94";"143.58"
"2019";"2";"13";"3";"13";"1046";"277.";"5.3";"7.2";"75.";"7.";"96.68";"53.24";"82.42"
"2019";"2";"13";"3";"14";"1047";"273.";"5.2";"7.3";"75.";"8.";"48.55";"0.00";"48.55"
"2019";"2";"13";"3";"15";"1048";"280.";"3.7";"6.4";"76.";"8.";"17.51";"0.00";"17.51"
"2019";"2";"13";"3";"16";"1049";"279.";"4.0";"5.6";"79.";"8.";"0.00";"0.00";"0.00"
"2019";"2";"13";"3";"17";"1050";"282.";"3.1";"5.1";"82.";"8.";"0.00";"0.00";"0.00"
"2019";"2";"13";"3";"18";"1051";"276.";"3.0";"4.2";"87.";"8.";"0.00";"0.00";"0.00"
"2019";"2";"13";"3";"19";"1052";"271.";"2.9";"4.4";"89.";"8.";"0.00";"0.00";"0.00"
"2019";"2";"13";"3";"20";"1053";"264.";"2.8";"4.7";"92.";"6.";"0.00";"0.00";"0.00"
"2019";"2";"13";"3";"21";"1054";"255.";"1.6";"4.7";"94.";"8.";"0.00";"0.00";"0.00"
"2019";"2";"13";"3";"22";"1055";"244.";"1.6";"4.7";"95.";"8.";"0.00";"0.00";"0.00"
"2019";"2";"13";"3";"23";"1056";"228.";"2.2";"4.7";"96.";"8.";"0.00";"0.00";"0.00"
"2019";"2";"14";"4";"0";"1057";"225.";"2.5";"4.9";"96.";"7.";"0.00";"0.00";"0.00"
"2019";"2";"14";"4";"1";"1058";"221.";"2.4";"5.0";"96.";"8.";"0.00";"0.00";"0.00"
"2019";"2";"14";"4";"2";"1059";"231.";"2.6";"5.1";"96.";"8.";"0.00";"0.00";"0.00"
"2019";"2";"14";"4";"3";"1060";"221.";"2.4";"5.1";"96.";"8.";"0.00";"0.00";"0.00"
"2019";"2";"14";"4";"4";"1061";"228.";"3.2";"5.0";"96.";"8.";"0.00";"0.00";"0.00"
"2019";"2";"14";"4";"5";"1062";"244.";"3.3";"5.4";"96.";"8.";"0.00";"0.00";"0.00"
"2019";"2";"14";"4";"6";"1063";"244.";"3.5";"5.4";"96.";"8.";"0.00";"0.00";"0.00"
"2019";"2";"14";"4";"7";"1064";"244.";"4.0";"5.2";"96.";"8.";"0.00";"0.00";"0.00"
"2019";"2";"14";"4";"8";"1065";"236.";"4.1";"5.5";"95.";"7.";"22.55";"21.09";"20.24"
"2019";"2";"14";"4";"9";"1066";"235.";"4.6";"5.8";"94.";"8.";"48.28";"0.00";"48.28"
"2019";"2";"14";"4";"10";"1067";"231.";"4.3";"5.8";"93.";"8.";"73.39";"0.00";"73.39"
"2019";"2";"14";"4";"11";"1068";"221.";"4.4";"6.1";"92.";"8.";"87.33";"0.00";"87.33"
"2019";"2";"14";"4";"12";"1069";"229.";"4.8";"6.0";"92.";"8.";"88.69";"0.00";"88.69"
"2019";"2";"14";"4";"13";"1070";"231.";"5.0";"5.6";"92.";"7.";"98.91";"55.31";"83.79"
"2019";"2";"14";"4";"14";"1071";"231.";"4.6";"5.5";"92.";"8.";"49.06";"0.00";"49.06"
"2019";"2";"14";"4";"15";"1072";"232.";"4.1";"5.4";"92.";"8.";"17.17";"0.00";"17.17"
"2019";"2";"14";"4";"16";"1073";"233.";"4.3";"5.3";"92.";"8.";"0.00";"0.00";"0.00"
"2019";"2";"14";"4";"17";"1074";"234.";"4.0";"5.3";"92.";"8.";"0.00";"0.00";"0.00"
"2019";"2";"14";"4";"18";"1075";"229.";"3.4";"5.2";"92.";"7.";"0.00";"0.00";"0.00"
"2019";"2";"14";"4";"19";"1076";"238.";"3.7";"5.2";"93.";"8.";"0.00";"0.00";"0.00"
"2019";"2";"14";"4";"20";"1077";"242.";"3.6";"5.1";"93.";"8.";"0.00";"0.00";"0.00"
"2019";"2";"14";"4";"21";"1078";"241.";"2.9";"5.0";"94.";"8.";"0.00";"0.00";"0.00"
"2019";"2";"14";"4";"22";"1079";"236.";"2.7";"4.9";"94.";"8.";"0.00";"0.00";"0.00"
"2019";"2";"14";"4";"23";"1080";"236.";"2.4";"4.9";"94.";"8.";"0.00";"0.00";"0.00"
"2019";"2";"15";"5";"0";"1081";"237.";"2.3";"4.9";"95.";"8.";"0.00";"0.00";"0.00"
"2019";"2";"15";"5";"1";"1082";"240.";"2.4";"4.8";"95.";"8.";"0.00";"0.00";"0.00"
"2019";"2";"15";"5";"2";"1083";"238.";"2.6";"4.8";"96.";"8.";"0.00";"0.00";"0.00"
"2019";"2";"15";"5";"3";"1084";"246.";"2.8";"4.6";"96.";"8.";"0.00";"0.00";"0.00"
"2019";"2";"15";"5";"4";"1085";"244.";"3.1";"4.4";"96.";"8.";"0.00";"0.00";"0.00"
"2019";"2";"15";"5";"5";"1086";"240.";"3.2";"4.3";"97.";"8.";"0.00";"0.00";"0.00"
"2019";"2";"15";"5";"6";"1087";"229.";"2.6";"4.1";"96.";"8.";"0.00";"0.00";"0.00"
"2019";"2";"15";"5";"7";"1088";"228.";"3.2";"4.0";"96.";"8.";"0.00";"0.00";"0.00"
"2019";"2";"15";"5";"8";"1089";"221.";"3.6";"3.8";"96.";"8.";"17.78";"0.00";"17.78"
"2019";"2";"15";"5";"9";"1090";"211.";"3.7";"3.3";"95.";"5.";"91.84";"71.10";"76.85"
"2019";"2";"15";"5";"10";"1091";"208.";"3.8";"3.4";"95.";"8.";"73.71";"0.00";"73.71"
"2019";"2";"15";"5";"11";"1092";"203.";"4.0";"3.5";"94.";"8.";"86.49";"0.00";"86.49"
"2019";"2";"15";"5";"12";"1093";"204.";"4.1";"3.3";"94.";"8.";"84.43";"0.00";"84.43"
"2019";"2";"15";"5";"13";"1094";"180.";"3.8";"3.4";"94.";"8.";"72.20";"0.00";"72.20"
"2019";"2";"15";"5";"14";"1095";"175.";"3.9";"3.2";"93.";"8.";"49.60";"0.00";"49.60"
"2019";"2";"15";"5";"15";"1096";"172.";"3.9";"3.0";"92.";"8.";"20.19";"0.00";"20.19"
"2019";"2";"15";"5";"16";"1097";"165.";"3.6";"2.4";"91.";"7.";"0.00";"0.00";"0.00"
"2019";"2";"15";"5";"17";"1098";"164.";"3.8";"2.1";"91.";"5.";"0.00";"0.00";"0.00"
"2019";"2";"15";"5";"18";"1099";"160.";"3.8";"2.1";"90.";"8.";"0.00";"0.00";"0.00"
"2019";"2";"15";"5";"19";"1100";"163.";"3.6";"2.5";"91.";"6.";"0.00";"0.00";"0.00"
"2019";"2";"15";"5";"20";"1101";"162.";"3.5";"2.6";"90.";"0.";"0.00";"0.00";"0.00"
"2019";"2";"15";"5";"21";"1102";"178.";"3.7";"3.1";"86.";"1.";"0.00";"0.00";"0.00"
"2019";"2";"15";"5";"22";"1103";"183.";"3.9";"3.9";"83.";"0.";"0.00";"0.00";"0.00"
"2019";"2";"15";"5";"23";"1104";"189.";"3.7";"4.0";"81.";"1.";"0.00";"0.00";"0.00"
"2019";"2";"16";"6";"0";"1105";"191.";"3.8";"3.9";"80.";"0.";"0.00";"0.00";"0.00"
"2019";"2";"16";"6";"1";"1106";"192.";"3.9";"3.4";"79.";"0.";"0.00";"0.00";"0.00"
"2019";"2";"16";"6";"2";"1107";"184.";"4.0";"3.5";"79.";"0.";"0.00";"0.00";"0.00"
"2019";"2";"16";"6";"3";"1108";"184.";"3.5";"3.7";"79.";"0.";"0.00";"0.00";"0.00"
"2019";"2";"16";"6";"4";"1109";"171.";"3.8";"3.6";"81.";"0.";"0.00";"0.00";"0.00"
"2019";"2";"16";"6";"5";"1110";"176.";"3.8";"3.6";"81.";"0.";"0.00";"0.00";"0.00"
"2019";"2";"16";"6";"6";"1111";"180.";"3.8";"3.7";"82.";"0.";"0.00";"0.00";"0.00"
"2019";"2";"16";"6";"7";"1112";"184.";"4.0";"3.5";"83.";"0.";"0.00";"0.00";"0.00"
"2019";"2";"16";"6";"8";"1113";"192.";"4.5";"4.4";"81.";"3.";"59.10";"185.95";"36.78"
"2019";"2";"16";"6";"9";"1114";"193.";"5.2";"5.5";"79.";"2.";"155.86";"340.15";"82.37"
"2019";"2";"16";"6";"10";"1115";"191.";"5.0";"6.3";"78.";"4.";"179.31";"247.71";"108.97"
"2019";"2";"16";"6";"11";"1116";"219.";"4.4";"6.9";"75.";"3.";"233.89";"330.11";"128.56"
"2019";"2";"16";"6";"12";"1117";"240.";"5.2";"7.1";"74.";"5.";"182.05";"198.06";"118.85"
"2019";"2";"16";"6";"13";"1118";"235.";"5.1";"7.3";"76.";"5.";"155.93";"185.66";"103.21"
"2019";"2";"16";"6";"14";"1119";"231.";"5.2";"7.4";"80.";"8.";"54.19";"0.00";"54.19"
"2019";"2";"16";"6";"15";"1120";"239.";"5.3";"7.3";"84.";"6.";"34.92";"62.76";"27.38"
"2019";"2";"16";"6";"16";"1121";"247.";"4.9";"6.6";"87.";"8.";"0.00";"0.00";"0.00"
"2019";"2";"16";"6";"17";"1122";"246.";"4.3";"6.3";"88.";"8.";"0.00";"0.00";"0.00"
"2019";"2";"16";"6";"18";"1123";"254.";"4.6";"6.3";"89.";"8.";"0.00";"0.00";"0.00"
"2019";"2";"16";"6";"19";"1124";"260.";"4.7";"6.2";"90.";"7.";"0.00";"0.00";"0.00"
"2019";"2";"16";"6";"20";"1125";"262.";"3.8";"5.8";"91.";"8.";"0.00";"0.00";"0.00"
"2019";"2";"16";"6";"21";"1126";"258.";"3.6";"5.8";"93.";"8.";"0.00";"0.00";"0.00"
"2019";"2";"16";"6";"22";"1127";"251.";"3.3";"5.7";"94.";"8.";"0.00";"0.00";"0.00"
"2019";"2";"16";"6";"23";"1128";"245.";"3.0";"5.5";"94.";"8.";"0.00";"0.00";"0.00"
"2019";"2";"17";"7";"0";"1129";"258.";"3.1";"5.3";"94.";"8.";"0.00";"0.00";"0.00"
"2019";"2";"17";"7";"1";"1130";"254.";"3.0";"5.3";"95.";"8.";"0.00";"0.00";"0.00"
"2019";"2";"17";"7";"2";"1131";"253.";"2.5";"5.1";"95.";"8.";"0.00";"0.00";"0.00"
"2019";"2";"17";"7";"3";"1132";"244.";"2.6";"5.1";"95.";"8.";"0.00";"0.00";"0.00"
"2019";"2";"17";"7";"4";"1133";"239.";"3.2";"5.1";"95.";"8.";"0.00";"0.00";"0.00"
"2019";"2";"17";"7";"5";"1134";"229.";"3.7";"5.0";"93.";"8.";"0.00";"0.00";"0.00"
"2019";"2";"17";"7";"6";"1135";"228.";"3.4";"4.9";"94.";"8.";"0.00";"0.00";"0.00"
"2019";"2";"17";"7";"7";"1136";"241.";"4.2";"4.3";"95.";"8.";"0.00";"0.00";"0.00"
"2019";"2";"17";"7";"8";"1137";"243.";"3.8";"4.2";"95.";"8.";"17.35";"0.00";"17.35"
"2019";"2";"17";"7";"9";"1138";"245.";"3.1";"4.4";"94.";"8.";"41.36";"0.00";"41.36"
"2019";"2";"17";"7";"10";"1139";"242.";"2.6";"4.6";"93.";"8.";"73.48";"0.00";"73.48"
"2019";"2";"17";"7";"11";"1140";"234.";"2.3";"5.1";"92.";"8.";"89.56";"0.00";"89.56"
"2019";"2";"17";"7";"12";"1141";"191.";"1.8";"4.5";"92.";"8.";"94.53";"0.00";"94.53"
"2019";"2";"17";"7";"13";"1142";"174.";"2.2";"4.8";"90.";"8.";"86.05";"0.00";"86.05"
"2019";"2";"17";"7";"14";"1143";"170.";"2.2";"4.9";"90.";"8.";"58.16";"0.00";"58.16"
"2019";"2";"17";"7";"15";"1144";"162.";"2.2";"4.9";"93.";"7.";"29.24";"23.26";"26.32"
"2019";"2";"17";"7";"16";"1145";"156.";"2.3";"4.8";"94.";"7.";"0.00";"0.00";"0.00"
"2019";"2";"17";"7";"17";"1146";"150.";"2.3";"4.8";"95.";"8.";"0.00";"0.00";"0.00"
"2019";"2";"17";"7";"18";"1147";"160.";"2.6";"5.0";"95.";"8.";"0.00";"0.00";"0.00"
"2019";"2";"17";"7";"19";"1148";"153.";"2.9";"5.4";"96.";"8.";"0.00";"0.00";"0.00"
"2019";"2";"17";"7";"20";"1149";"157.";"2.6";"5.4";"96.";"8.";"0.00";"0.00";"0.00"
"2019";"2";"17";"7";"21";"1150";"165.";"2.9";"5.4";"96.";"8.";"0.00";"0.00";"0.00"
"2019";"2";"17";"7";"22";"1151";"162.";"3.8";"5.8";"96.";"8.";"0.00";"0.00";"0.00"
"2019";"2";"17";"7";"23";"1152";"161.";"4.2";"6.1";"95.";"8.";"0.00";"0.00";"0.00"
"2019";"2";"18";"1";"0";"1153";"169.";"4.5";"6.4";"94.";"8.";"0.00";"0.00";"0.00"
"2019";"2";"18";"1";"1";"1154";"167.";"5.5";"6.6";"93.";"8.";"0.00";"0.00";"0.00"
"2019";"2";"18";"1";"2";"1155";"167.";"5.5";"6.6";"92.";"7.";"0.00";"0.00";"0.00"
"2019";"2";"18";"1";"3";"1156";"168.";"6.2";"6.5";"92.";"7.";"0.00";"0.00";"0.00"
"2019";"2";"18";"1";"4";"1157";"168.";"6.3";"6.1";"92.";"8.";"0.00";"0.00";"0.00"
"2019";"2";"18";"1";"5";"1158";"171.";"5.9";"5.7";"92.";"8.";"0.00";"0.00";"0.00"
"2019";"2";"18";"1";"6";"1159";"169.";"5.7";"5.0";"92.";"8.";"0.00";"0.00";"0.00"
"2019";"2";"18";"1";"7";"1160";"175.";"5.6";"4.3";"93.";"7.";"0.00";"0.00";"0.00"
"2019";"2";"18";"1";"8";"1161";"182.";"5.8";"4.1";"93.";"8.";"22.26";"0.00";"22.26"
"2019";"2";"18";"1";"9";"1162";"177.";"5.6";"4.1";"92.";"7.";"68.37";"22.26";"63.32"
"2019";"2";"18";"1";"10";"1163";"174.";"5.6";"5.2";"89.";"7.";"104.94";"45.19";"91.62"
"2019";"2";"18";"1";"11";"1164";"179.";"5.5";"6.2";"84.";"5.";"179.05";"151.09";"129.18"
"2019";"2";"18";"1";"12";"1165";"180.";"5.4";"6.4";"82.";"6.";"151.38";"100.00";"118.37"
"2019";"2";"18";"1";"13";"1166";"182.";"5.3";"6.7";"82.";"7.";"106.72";"50.15";"91.94"
"2019";"2";"18";"1";"14";"1167";"189.";"4.6";"6.4";"84.";"6.";"92.85";"87.62";"72.98"
"2019";"2";"18";"1";"15";"1168";"181.";"3.7";"6.3";"87.";"6.";"39.17";"53.61";"32.18"
"2019";"2";"18";"1";"16";"1169";"187.";"3.6";"5.7";"89.";"8.";"0.00";"0.00";"0.00"
"2019";"2";"18";"1";"17";"1170";"182.";"3.6";"5.7";"89.";"8.";"0.00";"0.00";"0.00"
"2019";"2";"18";"1";"18";"1171";"197.";"4.0";"6.2";"89.";"8.";"0.00";"0.00";"0.00"
"2019";"2";"18";"1";"19";"1172";"199.";"4.5";"6.5";"89.";"8.";"0.00";"0.00";"0.00"
"2019";"2";"18";"1";"20";"1173";"197.";"5.1";"6.8";"89.";"8.";"0.00";"0.00";"0.00"
"2019";"2";"18";"1";"21";"1174";"194.";"4.9";"6.5";"90.";"7.";"0.00";"0.00";"0.00"
"2019";"2";"18";"1";"22";"1175";"196.";"4.9";"5.9";"90.";"7.";"0.00";"0.00";"0.00"
"2019";"2";"18";"1";"23";"1176";"202.";"4.3";"5.9";"91.";"8.";"0.00";"0.00";"0.00"
"2019";"2";"19";"2";"0";"1177";"217.";"4.7";"5.8";"91.";"8.";"0.00";"0.00";"0.00"
"2019";"2";"19";"2";"1";"1178";"212.";"4.2";"5.5";"92.";"8.";"0.00";"0.00";"0.00"
"2019";"2";"19";"2";"2";"1179";"201.";"3.7";"5.2";"95.";"8.";"0.00";"0.00";"0.00"
"2019";"2";"19";"2";"3";"1180";"202.";"4.3";"5.2";"94.";"8.";"0.00";"0.00";"0.00"
"2019";"2";"19";"2";"4";"1181";"207.";"4.8";"5.4";"94.";"8.";"0.00";"0.00";"0.00"
"2019";"2";"19";"2";"5";"1182";"209.";"5.1";"5.2";"94.";"8.";"0.00";"0.00";"0.00"
"2019";"2";"19";"2";"6";"1183";"216.";"5.3";"5.2";"93.";"8.";"0.00";"0.00";"0.00"
"2019";"2";"19";"2";"7";"1184";"210.";"4.9";"5.2";"94.";"8.";"0.00";"0.00";"0.00"
"2019";"2";"19";"2";"8";"1185";"220.";"5.5";"5.2";"93.";"8.";"25.86";"0.00";"25.86"
"2019";"2";"19";"2";"9";"1186";"216.";"5.4";"5.1";"93.";"8.";"58.45";"0.00";"58.45"
"2019";"2";"19";"2";"10";"1187";"220.";"6.3";"5.1";"94.";"8.";"47.11";"0.00";"47.11"
"2019";"2";"19";"2";"11";"1188";"227.";"6.1";"5.2";"92.";"8.";"99.76";"0.00";"99.76"
"2019";"2";"19";"2";"12";"1189";"235.";"6.1";"5.8";"89.";"8.";"105.83";"0.00";"105.83"
"2019";"2";"19";"2";"13";"1190";"240.";"6.4";"6.3";"87.";"7.";"118.64";"77.48";"95.36"
"2019";"2";"19";"2";"14";"1191";"251.";"6.7";"6.5";"81.";"6.";"104.27";"133.19";"73.34"
"2019";"2";"19";"2";"15";"1192";"251.";"6.9";"6.1";"83.";"8.";"28.18";"0.00";"28.18"
"2019";"2";"19";"2";"16";"1193";"258.";"7.1";"5.5";"85.";"7.";"0.00";"0.00";"0.00"
"2019";"2";"19";"2";"17";"1194";"264.";"7.2";"5.1";"87.";"3.";"0.00";"0.00";"0.00"
"2019";"2";"19";"2";"18";"1195";"271.";"7.1";"4.8";"87.";"8.";"0.00";"0.00";"0.00"
"2019";"2";"19";"2";"19";"1196";"279.";"7.9";"4.7";"84.";"5.";"0.00";"0.00";"0.00"
"2019";"2";"19";"2";"20";"1197";"281.";"8.5";"4.7";"83.";"3.";"0.00";"0.00";"0.00"
"2019";"2";"19";"2";"21";"1198";"282.";"7.3";"4.4";"85.";"5.";"0.00";"0.00";"0.00"
"2019";"2";"19";"2";"22";"1199";"283.";"7.0";"4.3";"83.";"2.";"0.00";"0.00";"0.00"
"2019";"2";"19";"2";"23";"1200";"286.";"6.7";"4.3";"82.";"3.";"0.00";"0.00";"0.00"
"2019";"2";"20";"3";"0";"1201";"286.";"6.3";"4.3";"83.";"1.";"0.00";"0.00";"0.00"
"2019";"2";"20";"3";"1";"1202";"284.";"5.5";"4.2";"85.";"2.";"0.00";"0.00";"0.00"
"2019";"2";"20";"3";"2";"1203";"286.";"4.0";"3.7";"87.";"3.";"0.00";"0.00";"0.00"
"2019";"2";"20";"3";"3";"1204";"281.";"3.3";"2.9";"90.";"6.";"0.00";"0.00";"0.00"
"2019";"2";"20";"3";"4";"1205";"280.";"3.3";"2.4";"91.";"7.";"0.00";"0.00";"0.00"
"2019";"2";"20";"3";"5";"1206";"293.";"2.4";"1.7";"92.";"7.";"0.00";"0.00";"0.00"
"2019";"2";"20";"3";"6";"1207";"287.";"2.3";"1.3";"92.";"6.";"0.00";"0.00";"0.00"
"2019";"2";"20";"3";"7";"1208";"21.";"0.9";"0.8";"93.";"2.";"0.00";"0.00";"0.00"
"2019";"2";"20";"3";"8";"1209";"60.";"0.5";"1.5";"91.";"0.";"104.28";"399.95";"47.80"
"2019";"2";"20";"3";"9";"1210";"102.";"0.5";"4.0";"84.";"0.";"215.19";"551.40";"84.10"
"2019";"2";"20";"3";"10";"1211";"88.";"2.0";"6.0";"59.";"0.";"302.57";"622.99";"111.94"
"2019";"2";"20";"3";"11";"1212";"108.";"1.4";"7.1";"46.";"1.";"346.30";"684.57";"112.64"
"2019";"2";"20";"3";"12";"1213";"125.";"1.5";"7.9";"43.";"2.";"334.72";"608.76";"126.94"
"2019";"2";"20";"3";"13";"1214";"188.";"1.5";"7.7";"45.";"1.";"305.75";"671.58";"100.25"
"2019";"2";"20";"3";"14";"1215";"219.";"2.6";"6.8";"62.";"6.";"163.99";"157.82";"126.47"
"2019";"2";"20";"3";"15";"1216";"209.";"2.0";"5.7";"79.";"8.";"67.10";"0.00";"67.10"
"2019";"2";"20";"3";"16";"1217";"209.";"1.9";"5.1";"87.";"8.";"0.00";"0.00";"0.00"
"2019";"2";"20";"3";"17";"1218";"182.";"1.6";"4.8";"88.";"7.";"0.00";"0.00";"0.00"
"2019";"2";"20";"3";"18";"1219";"187.";"1.7";"4.8";"88.";"7.";"0.00";"0.00";"0.00"
"2019";"2";"20";"3";"19";"1220";"191.";"2.0";"4.5";"92.";"8.";"0.00";"0.00";"0.00"
"2019";"2";"20";"3";"20";"1221";"182.";"2.0";"4.6";"95.";"8.";"0.00";"0.00";"0.00"
"2019";"2";"20";"3";"21";"1222";"156.";"2.3";"4.6";"96.";"8.";"0.00";"0.00";"0.00"
"2019";"2";"20";"3";"22";"1223";"153.";"2.7";"4.7";"95.";"8.";"0.00";"0.00";"0.00"
"2019";"2";"20";"3";"23";"1224";"145.";"2.6";"4.8";"96.";"8.";"0.00";"0.00";"0.00"
"2019";"2";"21";"4";"0";"1225";"155.";"3.1";"4.9";"96.";"8.";"0.00";"0.00";"0.00"
"2019";"2";"21";"4";"1";"1226";"165.";"2.4";"4.9";"96.";"8.";"0.00";"0.00";"0.00"
"2019";"2";"21";"4";"2";"1227";"174.";"2.4";"4.8";"96.";"8.";"0.00";"0.00";"0.00"
"2019";"2";"21";"4";"3";"1228";"178.";"2.5";"4.7";"96.";"8.";"0.00";"0.00";"0.00"
"2019";"2";"21";"4";"4";"1229";"180.";"2.4";"4.7";"97.";"8.";"0.00";"0.00";"0.00"
"2019";"2";"21";"4";"5";"1230";"169.";"2.2";"4.9";"97.";"8.";"0.00";"0.00";"0.00"
"2019";"2";"21";"4";"6";"1231";"211.";"1.9";"5.0";"96.";"8.";"0.00";"0.00";"0.00"
"2019";"2";"21";"4";"7";"1232";"208.";"1.8";"5.1";"96.";"8.";"0.00";"0.00";"0.00"
"2019";"2";"21";"4";"8";"1233";"224.";"1.9";"5.5";"97.";"8.";"16.45";"0.00";"16.45"
"2019";"2";"21";"4";"9";"1234";"235.";"1.9";"5.8";"96.";"8.";"32.29";"0.00";"32.29"
"2019";"2";"21";"4";"10";"1235";"262.";"2.0";"5.6";"96.";"8.";"78.47";"0.00";"78.47"
"2019";"2";"21";"4";"11";"1236";"290.";"2.3";"5.5";"97.";"8.";"59.21";"0.00";"59.21"
"2019";"2";"21";"4";"12";"1237";"307.";"2.4";"5.2";"96.";"8.";"51.25";"0.00";"51.25"
"2019";"2";"21";"4";"13";"1238";"314.";"2.6";"5.1";"95.";"8.";"88.31";"0.00";"88.31"
"2019";"2";"21";"4";"14";"1239";"318.";"2.7";"4.7";"95.";"8.";"60.24";"0.00";"60.24"
"2019";"2";"21";"4";"15";"1240";"352.";"2.3";"5.0";"95.";"7.";"36.61";"21.82";"33.41"
"2019";"2";"21";"4";"16";"1241";"17.";"3.3";"5.0";"95.";"8.";"0.00";"0.00";"0.00"
"2019";"2";"21";"4";"17";"1242";"34.";"3.7";"4.3";"96.";"8.";"0.00";"0.00";"0.00"
"2019";"2";"21";"4";"18";"1243";"57.";"4.2";"3.2";"97.";"8.";"0.00";"0.00";"0.00"
"2019";"2";"21";"4";"19";"1244";"80.";"4.7";"2.7";"92.";"8.";"0.00";"0.00";"0.00"
"2019";"2";"21";"4";"20";"1245";"78.";"3.7";"2.4";"89.";"6.";"0.00";"0.00";"0.00"
"2019";"2";"21";"4";"21";"1246";"85.";"3.6";"2.2";"88.";"5.";"0.00";"0.00";"0.00"
"2019";"2";"21";"4";"22";"1247";"89.";"3.7";"1.9";"86.";"5.";"0.00";"0.00";"0.00"
"2019";"2";"21";"4";"23";"1248";"92.";"3.7";"1.4";"86.";"5.";"0.00";"0.00";"0.00"
"2019";"2";"22";"5";"0";"1249";"95.";"3.0";"1.0";"85.";"5.";"0.00";"0.00";"0.00"
"2019";"2";"22";"5";"1";"1250";"101.";"3.1";"0.8";"83.";"8.";"0.00";"0.00";"0.00"
"2019";"2";"22";"5";"2";"1251";"103.";"2.8";"0.3";"83.";"6.";"0.00";"0.00";"0.00"
"2019";"2";"22";"5";"3";"1252";"105.";"2.7";"-0.2";"83.";"6.";"0.00";"0.00";"0.00"
"2019";"2";"22";"5";"4";"1253";"99.";"3.0";"-0.6";"83.";"7.";"0.00";"0.00";"0.00"
"2019";"2";"22";"5";"5";"1254";"105.";"2.6";"-0.7";"83.";"5.";"0.00";"0.00";"0.00"
"2019";"2";"22";"5";"6";"1255";"121.";"2.0";"-1.2";"83.";"4.";"0.00";"0.00";"0.00"
"2019";"2";"22";"5";"7";"1256";"135.";"2.0";"-1.2";"82.";"4.";"2.33";"21.48";"1.61"
"2019";"2";"22";"5";"8";"1257";"136.";"3.2";"-0.4";"75.";"0.";"129.87";"583.56";"41.11"
"2019";"2";"22";"5";"9";"1258";"145.";"3.7";"0.3";"67.";"6.";"127.29";"188.70";"80.33"
"2019";"2";"22";"5";"10";"1259";"154.";"3.9";"0.9";"62.";"6.";"245.69";"212.06";"178.40"
"2019";"2";"22";"5";"11";"1260";"157.";"3.7";"1.1";"60.";"8.";"236.93";"0.00";"236.93"
"2019";"2";"22";"5";"12";"1261";"171.";"3.5";"2.0";"58.";"8.";"234.99";"0.00";"234.99"
"2019";"2";"22";"5";"13";"1262";"179.";"4.2";"2.1";"59.";"7.";"227.32";"104.24";"194.24"
"2019";"2";"22";"5";"14";"1263";"182.";"4.4";"2.2";"63.";"7.";"102.58";"95.12";"78.91"
"2019";"2";"22";"5";"15";"1264";"194.";"4.4";"1.6";"67.";"7.";"53.13";"72.29";"42.13"
"2019";"2";"22";"5";"16";"1265";"192.";"4.1";"1.3";"70.";"8.";"0.87";"0.00";"0.87"
"2019";"2";"22";"5";"17";"1266";"195.";"3.6";"1.2";"72.";"8.";"0.00";"0.00";"0.00"
"2019";"2";"22";"5";"18";"1267";"192.";"3.7";"1.1";"75.";"6.";"0.00";"0.00";"0.00"
"2019";"2";"22";"5";"19";"1268";"197.";"3.7";"1.5";"76.";"8.";"0.00";"0.00";"0.00"
"2019";"2";"22";"5";"20";"1269";"210.";"4.3";"2.0";"76.";"8.";"0.00";"0.00";"0.00"
"2019";"2";"22";"5";"21";"1270";"210.";"4.0";"2.3";"74.";"8.";"0.00";"0.00";"0.00"
"2019";"2";"22";"5";"22";"1271";"217.";"4.4";"2.4";"76.";"8.";"0.00";"0.00";"0.00"
"2019";"2";"22";"5";"23";"1272";"215.";"4.6";"2.2";"78.";"8.";"0.00";"0.00";"0.00"
"2019";"2";"23";"6";"0";"1273";"219.";"5.4";"2.2";"79.";"8.";"0.00";"0.00";"0.00"
"2019";"2";"23";"6";"1";"1274";"221.";"5.3";"2.2";"80.";"8.";"0.00";"0.00";"0.00"
"2019";"2";"23";"6";"2";"1275";"226.";"5.2";"2.1";"81.";"8.";"0.00";"0.00";"0.00"
"2019";"2";"23";"6";"3";"1276";"230.";"4.6";"1.9";"84.";"7.";"0.00";"0.00";"0.00"
"2019";"2";"23";"6";"4";"1277";"232.";"4.5";"2.0";"84.";"8.";"0.00";"0.00";"0.00"
"2019";"2";"23";"6";"5";"1278";"231.";"4.3";"2.1";"84.";"8.";"0.00";"0.00";"0.00"
"2019";"2";"23";"6";"6";"1279";"225.";"3.2";"2.1";"84.";"8.";"0.00";"0.00";"0.00"
"2019";"2";"23";"6";"7";"1280";"234.";"3.2";"2.3";"85.";"7.";"0.38";"1.24";"0.33"
"2019";"2";"23";"6";"8";"1281";"234.";"3.5";"2.6";"84.";"7.";"52.85";"67.48";"42.21"
"2019";"2";"23";"6";"9";"1282";"229.";"3.5";"3.2";"83.";"7.";"100.08";"81.87";"79.24"
"2019";"2";"23";"6";"10";"1283";"232.";"3.7";"3.5";"81.";"7.";"217.64";"82.84";"190.88"
"2019";"2";"23";"6";"11";"1284";"233.";"4.0";"4.2";"80.";"7.";"149.70";"82.58";"120.09"
"2019";"2";"23";"6";"12";"1285";"232.";"4.0";"4.0";"80.";"7.";"150.03";"83.22";"120.20"
"2019";"2";"23";"6";"13";"1286";"228.";"3.6";"3.9";"81.";"5.";"192.31";"235.36";"116.29"
"2019";"2";"23";"6";"14";"1287";"217.";"3.3";"3.9";"82.";"7.";"95.74";"66.83";"78.73"
"2019";"2";"23";"6";"15";"1288";"217.";"3.4";"3.8";"83.";"6.";"60.85";"99.80";"45.11"
"2019";"2";"23";"6";"16";"1289";"214.";"2.8";"3.4";"85.";"2.";"0.00";"0.00";"0.00"
"2019";"2";"23";"6";"17";"1290";"200.";"2.1";"2.5";"88.";"8.";"0.00";"0.00";"0.00"
"2019";"2";"23";"6";"18";"1291";"209.";"2.3";"2.0";"89.";"7.";"0.00";"0.00";"0.00"
"2019";"2";"23";"6";"19";"1292";"193.";"2.2";"1.9";"90.";"7.";"0.00";"0.00";"0.00"
"2019";"2";"23";"6";"20";"1293";"199.";"2.4";"2.1";"90.";"8.";"0.00";"0.00";"0.00"
"2019";"2";"23";"6";"21";"1294";"201.";"2.6";"2.4";"90.";"5.";"0.00";"0.00";"0.00"
"2019";"2";"23";"6";"22";"1295";"215.";"2.6";"2.6";"90.";"7.";"0.00";"0.00";"0.00"
"2019";"2";"23";"6";"23";"1296";"208.";"2.2";"2.4";"89.";"7.";"0.00";"0.00";"0.00"
"2019";"2";"24";"7";"0";"1297";"208.";"2.2";"2.4";"89.";"8.";"0.00";"0.00";"0.00"
"2019";"2";"24";"7";"1";"1298";"200.";"2.2";"2.5";"88.";"7.";"0.00";"0.00";"0.00"
"2019";"2";"24";"7";"2";"1299";"207.";"2.5";"2.4";"86.";"4.";"0.00";"0.00";"0.00"
"2019";"2";"24";"7";"3";"1300";"222.";"2.1";"2.1";"87.";"2.";"0.00";"0.00";"0.00"
"2019";"2";"24";"7";"4";"1301";"227.";"2.0";"1.9";"86.";"3.";"0.00";"0.00";"0.00"
"2019";"2";"24";"7";"5";"1302";"225.";"1.8";"1.4";"86.";"3.";"0.00";"0.00";"0.00"
"2019";"2";"24";"7";"6";"1303";"207.";"2.1";"1.5";"88.";"6.";"0.00";"0.00";"0.00"
"2019";"2";"24";"7";"7";"1304";"196.";"2.2";"2.3";"90.";"5.";"2.21";"9.89";"1.77"
"2019";"2";"24";"7";"8";"1305";"221.";"3.0";"3.6";"90.";"8.";"35.79";"0.00";"35.79"
"2019";"2";"24";"7";"9";"1306";"216.";"2.3";"4.2";"90.";"8.";"69.49";"0.00";"69.49"
"2019";"2";"24";"7";"10";"1307";"221.";"2.5";"4.5";"92.";"8.";"85.06";"0.00";"85.06"
"2019";"2";"24";"7";"11";"1308";"230.";"2.7";"4.7";"95.";"8.";"88.10";"0.00";"88.10"
"2019";"2";"24";"7";"12";"1309";"242.";"3.2";"5.0";"96.";"8.";"78.70";"0.00";"78.70"
"2019";"2";"24";"7";"13";"1310";"240.";"2.1";"4.9";"96.";"8.";"70.57";"0.00";"70.57"
"2019";"2";"24";"7";"14";"1311";"276.";"2.5";"4.9";"96.";"8.";"57.89";"0.00";"57.89"
"2019";"2";"24";"7";"15";"1312";"289.";"3.2";"4.7";"98.";"8.";"29.03";"0.00";"29.03"
"2019";"2";"24";"7";"16";"1313";"294.";"2.1";"4.6";"97.";"8.";"0.00";"0.00";"0.00"
"2019";"2";"24";"7";"17";"1314";"279.";"2.5";"4.5";"97.";"8.";"0.00";"0.00";"0.00"
"2019";"2";"24";"7";"18";"1315";"265.";"1.9";"4.3";"97.";"8.";"0.00";"0.00";"0.00"
"2019";"2";"24";"7";"19";"1316";"252.";"2.8";"4.3";"97.";"8.";"0.00";"0.00";"0.00"
"2019";"2";"24";"7";"20";"1317";"251.";"2.7";"4.0";"97.";"8.";"0.00";"0.00";"0.00"
"2019";"2";"24";"7";"21";"1318";"271.";"3.0";"3.7";"97.";"8.";"0.00";"0.00";"0.00"
"2019";"2";"24";"7";"22";"1319";"262.";"2.5";"3.9";"97.";"8.";"0.00";"0.00";"0.00"
"2019";"2";"24";"7";"23";"1320";"253.";"2.2";"3.8";"97.";"8.";"0.00";"0.00";"0.00"
"2019";"2";"25";"1";"0";"1321";"229.";"2.0";"4.0";"97.";"7.";"0.00";"0.00";"0.00"
"2019";"2";"25";"1";"1";"1322";"235.";"2.1";"3.8";"96.";"6.";"0.00";"0.00";"0.00"
"2019";"2";"25";"1";"2";"1323";"236.";"1.8";"3.8";"96.";"8.";"0.00";"0.00";"0.00"
"2019";"2";"25";"1";"3";"1324";"257.";"1.7";"3.9";"94.";"8.";"0.00";"0.00";"0.00"
"2019";"2";"25";"1";"4";"1325";"270.";"1.4";"3.5";"94.";"8.";"0.00";"0.00";"0.00"
"2019";"2";"25";"1";"5";"1326";"265.";"1.2";"2.6";"94.";"8.";"0.00";"0.00";"0.00"
"2019";"2";"25";"1";"6";"1327";"278.";"0.9";"2.1";"93.";"8.";"0.00";"0.00";"0.00"
"2019";"2";"25";"1";"7";"1328";"243.";"1.2";"1.7";"93.";"7.";"3.05";"3.12";"2.89"
"2019";"2";"25";"1";"8";"1329";"241.";"1.4";"2.9";"92.";"8.";"40.26";"0.00";"40.26"
"2019";"2";"25";"1";"9";"1330";"250.";"0.8";"4.0";"88.";"8.";"73.96";"0.00";"73.96"
"2019";"2";"25";"1";"10";"1331";"284.";"1.3";"4.8";"86.";"7.";"225.52";"84.36";"197.29"
"2019";"2";"25";"1";"11";"1332";"282.";"2.3";"5.5";"81.";"5.";"228.01";"258.99";"132.15"
"2019";"2";"25";"1";"12";"1333";"285.";"3.0";"6.9";"73.";"0.";"377.99";"681.55";"125.73"
"2019";"2";"25";"1";"13";"1334";"288.";"3.8";"7.7";"74.";"5.";"265.90";"245.93";"183.62"
"2019";"2";"25";"1";"14";"1335";"281.";"3.4";"7.2";"84.";"8.";"73.41";"0.00";"73.41"
"2019";"2";"25";"1";"15";"1336";"288.";"4.0";"6.2";"87.";"7.";"53.33";"56.56";"43.78"
"2019";"2";"25";"1";"16";"1337";"297.";"2.9";"5.6";"91.";"7.";"0.44";"0.95";"0.40"
"2019";"2";"25";"1";"17";"1338";"290.";"3.1";"5.4";"94.";"8.";"0.00";"0.00";"0.00"
"2019";"2";"25";"1";"18";"1339";"288.";"3.8";"5.2";"95.";"8.";"0.00";"0.00";"0.00"
"2019";"2";"25";"1";"19";"1340";"291.";"3.3";"5.2";"96.";"8.";"0.00";"0.00";"0.00"
"2019";"2";"25";"1";"20";"1341";"293.";"2.8";"5.3";"96.";"6.";"0.00";"0.00";"0.00"
"2019";"2";"25";"1";"21";"1342";"302.";"1.7";"4.7";"94.";"7.";"0.00";"0.00";"0.00"
"2019";"2";"25";"1";"22";"1343";"335.";"0.7";"4.4";"94.";"7.";"0.00";"0.00";"0.00"
"2019";"2";"25";"1";"23";"1344";"343.";"0.3";"3.5";"95.";"6.";"0.00";"0.00";"0.00"
"2019";"2";"26";"2";"0";"1345";"283.";"1.2";"2.6";"95.";"7.";"0.00";"0.00";"0.00"
"2019";"2";"26";"2";"1";"1346";"317.";"0.5";"2.8";"96.";"8.";"0.00";"0.00";"0.00"
"2019";"2";"26";"2";"2";"1347";"295.";"0.6";"2.6";"96.";"8.";"0.00";"0.00";"0.00"
"2019";"2";"26";"2";"3";"1348";"141.";"0.4";"2.1";"97.";"8.";"0.00";"0.00";"0.00"
"2019";"2";"26";"2";"4";"1349";"299.";"0.5";"2.1";"96.";"8.";"0.00";"0.00";"0.00"
"2019";"2";"26";"2";"5";"1350";"80.";"1.5";"2.5";"97.";"8.";"0.00";"0.00";"0.00"
"2019";"2";"26";"2";"6";"1351";"15.";"0.5";"2.7";"95.";"8.";"0.00";"0.00";"0.00"
"2019";"2";"26";"2";"7";"1352";"42.";"0.7";"3.1";"94.";"8.";"6.26";"0.00";"6.26"
"2019";"2";"26";"2";"8";"1353";"320.";"0.8";"4.6";"93.";"5.";"98.30";"125.89";"76.34"
"2019";"2";"26";"2";"9";"1354";"281.";"1.5";"6.6";"89.";"4.";"197.88";"240.82";"132.46"
"2019";"2";"26";"2";"10";"1355";"283.";"1.7";"8.5";"83.";"0.";"324.37";"558.42";"134.28"
"2019";"2";"26";"2";"11";"1356";"282.";"1.1";"10.3";"75.";"3.";"282.59";"356.28";"148.63"
"2019";"2";"26";"2";"12";"1357";"291.";"1.1";"10.1";"73.";"4.";"307.33";"315.92";"188.55"
"2019";"2";"26";"2";"13";"1358";"279.";"1.7";"10.4";"70.";"1.";"314.80";"599.20";"110.83"
"2019";"2";"26";"2";"14";"1359";"273.";"1.8";"10.2";"71.";"0.";"252.88";"615.63";"85.64"
"2019";"2";"26";"2";"15";"1360";"258.";"1.8";"8.6";"80.";"0.";"126.42";"367.88";"62.25"
"2019";"2";"26";"2";"16";"1361";"239.";"1.4";"6.8";"86.";"4.";"3.36";"14.93";"2.53"
"2019";"2";"26";"2";"17";"1362";"202.";"1.6";"5.8";"90.";"7.";"0.00";"0.00";"0.00"
"2019";"2";"26";"2";"18";"1363";"188.";"2.4";"5.1";"92.";"8.";"0.00";"0.00";"0.00"
"2019";"2";"26";"2";"19";"1364";"168.";"2.6";"5.4";"95.";"8.";"0.00";"0.00";"0.00"
"2019";"2";"26";"2";"20";"1365";"175.";"2.8";"5.3";"95.";"8.";"0.00";"0.00";"0.00"
"2019";"2";"26";"2";"21";"1366";"194.";"2.8";"4.5";"95.";"8.";"0.00";"0.00";"0.00"
"2019";"2";"26";"2";"22";"1367";"203.";"3.0";"3.9";"95.";"4.";"0.00";"0.00";"0.00"
"2019";"2";"26";"2";"23";"1368";"197.";"2.8";"3.0";"95.";"8.";"0.00";"0.00";"0.00"
"2019";"2";"27";"3";"0";"1369";"210.";"2.6";"2.2";"95.";"1.";"0.00";"0.00";"0.00"
"2019";"2";"27";"3";"1";"1370";"218.";"2.2";"1.7";"95.";"0.";"0.00";"0.00";"0.00"
"2019";"2";"27";"3";"2";"1371";"228.";"1.9";"1.6";"95.";"0.";"0.00";"0.00";"0.00"
"2019";"2";"27";"3";"3";"1372";"205.";"1.8";"1.7";"96.";"3.";"0.00";"0.00";"0.00"
"2019";"2";"27";"3";"4";"1373";"209.";"1.6";"1.4";"96.";"3.";"0.00";"0.00";"0.00"
"2019";"2";"27";"3";"5";"1374";"237.";"1.0";"1.7";"96.";"3.";"0.00";"0.00";"0.00"
"2019";"2";"27";"3";"6";"1375";"217.";"0.8";"1.9";"95.";"6.";"0.00";"0.00";"0.00"
"2019";"2";"27";"3";"7";"1376";"203.";"1.3";"2.3";"95.";"1.";"13.06";"31.48";"11.15"
"2019";"2";"27";"3";"8";"1377";"196.";"1.6";"3.2";"94.";"2.";"104.31";"139.07";"79.26"
"2019";"2";"27";"3";"9";"1378";"237.";"1.4";"4.9";"91.";"4.";"127.60";"39.98";"116.51"
"2019";"2";"27";"3";"10";"1379";"260.";"2.0";"6.1";"87.";"4.";"217.44";"208.89";"145.11"
"2019";"2";"27";"3";"11";"1380";"277.";"2.3";"7.7";"84.";"6.";"186.43";"129.06";"137.15"
"2019";"2";"27";"3";"12";"1381";"281.";"2.2";"8.0";"83.";"6.";"187.08";"131.67";"136.79"
"2019";"2";"27";"3";"13";"1382";"267.";"2.3";"8.7";"80.";"4.";"224.31";"254.33";"136.24"
"2019";"2";"27";"3";"14";"1383";"262.";"1.6";"8.8";"79.";"5.";"147.58";"176.12";"98.71"
"2019";"2";"27";"3";"15";"1384";"262.";"1.9";"8.5";"78.";"6.";"95.97";"90.33";"79.70"
"2019";"2";"27";"3";"16";"1385";"255.";"1.6";"7.5";"83.";"8.";"5.85";"0.00";"5.85"
"2019";"2";"27";"3";"17";"1386";"262.";"2.1";"6.8";"85.";"8.";"0.00";"0.00";"0.00"
"2019";"2";"27";"3";"18";"1387";"255.";"2.6";"6.3";"78.";"8.";"0.00";"0.00";"0.00"
"2019";"2";"27";"3";"19";"1388";"261.";"3.0";"5.8";"76.";"5.";"0.00";"0.00";"0.00"
"2019";"2";"27";"3";"20";"1389";"272.";"2.9";"5.5";"81.";"1.";"0.00";"0.00";"0.00"
"2019";"2";"27";"3";"21";"1390";"285.";"3.3";"5.0";"86.";"0.";"0.00";"0.00";"0.00"
"2019";"2";"27";"3";"22";"1391";"284.";"2.8";"4.4";"90.";"2.";"0.00";"0.00";"0.00"
"2019";"2";"27";"3";"23";"1392";"287.";"4.1";"4.3";"92.";"7.";"0.00";"0.00";"0.00"
"2019";"2";"28";"4";"0";"1393";"296.";"3.3";"4.3";"92.";"4.";"0.00";"0.00";"0.00"
"2019";"2";"28";"4";"1";"1394";"306.";"2.8";"3.5";"93.";"7.";"0.00";"0.00";"0.00"
"2019";"2";"28";"4";"2";"1395";"320.";"2.5";"2.3";"94.";"3.";"0.00";"0.00";"0.00"
"2019";"2";"28";"4";"3";"1396";"328.";"1.9";"1.3";"95.";"1.";"0.00";"0.00";"0.00"
"2019";"2";"28";"4";"4";"1397";"335.";"2.8";"2.0";"91.";"1.";"0.00";"0.00";"0.00"
"2019";"2";"28";"4";"5";"1398";"345.";"2.0";"1.2";"89.";"0.";"0.00";"0.00";"0.00"
"2019";"2";"28";"4";"6";"1399";"341.";"2.3";"1.0";"86.";"0.";"0.00";"0.00";"0.00"
"2019";"2";"28";"4";"7";"1400";"346.";"2.2";"1.4";"83.";"0.";"27.88";"197.23";"14.76"
"2019";"2";"28";"4";"8";"1401";"337.";"2.3";"4.2";"71.";"0.";"160.37";"567.57";"54.89"
"2019";"2";"28";"4";"9";"1402";"345.";"2.8";"6.4";"59.";"1.";"259.08";"583.33";"93.84"
"2019";"2";"28";"4";"10";"1403";"349.";"2.7";"8.2";"49.";"0.";"364.74";"710.13";"114.65"
"2019";"2";"28";"4";"11";"1404";"335.";"2.8";"9.2";"41.";"0.";"414.95";"770.20";"116.23"
"2019";"2";"28";"4";"12";"1405";"340.";"2.6";"9.4";"40.";"0.";"413.71";"757.61";"119.87"
"2019";"2";"28";"4";"13";"1406";"312.";"3.2";"9.6";"45.";"0.";"373.58";"801.56";"91.29"
"2019";"2";"28";"4";"14";"1407";"313.";"3.3";"9.3";"46.";"0.";"281.17";"681.19";"88.20"
"2019";"2";"28";"4";"15";"1408";"307.";"3.2";"7.7";"52.";"0.";"163.26";"598.99";"51.94"
"2019";"2";"28";"4";"16";"1409";"319.";"2.0";"6.9";"56.";"0.";"29.05";"238.06";"13.21"
"2019";"2";"28";"4";"17";"1410";"311.";"1.7";"4.2";"67.";"0.";"0.00";"0.00";"0.00"
"2019";"2";"28";"4";"18";"1411";"333.";"1.0";"2.4";"74.";"2.";"0.00";"0.00";"0.00"
"2019";"2";"28";"4";"19";"1412";"354.";"0.9";"1.3";"80.";"0.";"0.00";"0.00";"0.00"
"2019";"2";"28";"4";"20";"1413";"30.";"0.9";"-0.2";"82.";"1.";"0.00";"0.00";"0.00"
"2019";"2";"28";"4";"21";"1414";"80.";"1.2";"-0.7";"85.";"0.";"0.00";"0.00";"0.00"
"2019";"2";"28";"4";"22";"1415";"76.";"0.7";"-1.1";"87.";"7.";"0.00";"0.00";"0.00"
"2019";"2";"28";"4";"23";"1416";"73.";"0.5";"-1.6";"86.";"8.";"0.00";"0.00";"0.00"
"2019";"3";"1";"5";"0";"1417";"85.";"0.6";"-2.1";"86.";"8.";"0.00";"0.00";"0.00"
"2019";"3";"1";"5";"1";"1418";"79.";"1.1";"-2.0";"85.";"8.";"0.00";"0.00";"0.00"
"2019";"3";"1";"5";"2";"1419";"64.";"0.9";"-2.0";"84.";"6.";"0.00";"0.00";"0.00"
"2019";"3";"1";"5";"3";"1420";"73.";"1.5";"-2.4";"84.";"4.";"0.00";"0.00";"0.00"
"2019";"3";"1";"5";"4";"1421";"73.";"2.1";"-3.0";"82.";"4.";"0.00";"0.00";"0.00"
"2019";"3";"1";"5";"5";"1422";"79.";"2.2";"-2.1";"83.";"8.";"0.00";"0.00";"0.00"
"2019";"3";"1";"5";"6";"1423";"65.";"2.1";"-0.9";"78.";"7.";"0.00";"0.00";"0.00"
"2019";"3";"1";"5";"7";"1424";"55.";"2.6";"0.0";"75.";"8.";"20.50";"0.00";"20.50"
"2019";"3";"1";"5";"8";"1425";"56.";"3.0";"1.2";"71.";"7.";"108.44";"72.09";"94.63"
"2019";"3";"1";"5";"9";"1426";"61.";"3.0";"3.2";"63.";"8.";"85.48";"0.00";"85.48"
"2019";"3";"1";"5";"10";"1427";"60.";"1.9";"4.9";"59.";"8.";"111.20";"0.00";"111.20"
"2019";"3";"1";"5";"11";"1428";"36.";"1.5";"5.9";"53.";"3.";"313.65";"460.37";"132.35"
"2019";"3";"1";"5";"12";"1429";"36.";"1.9";"6.4";"49.";"2.";"354.19";"618.52";"110.61"
"2019";"3";"1";"5";"13";"1430";"15.";"1.6";"6.8";"48.";"1.";"339.62";"660.95";"102.93"
"2019";"3";"1";"5";"14";"1431";"18.";"1.2";"6.4";"50.";"2.";"240.23";"542.16";"83.48"
"2019";"3";"1";"5";"15";"1432";"350.";"1.3";"5.8";"52.";"4.";"133.22";"299.44";"75.85"
"2019";"3";"1";"5";"16";"1433";"333.";"1.3";"4.0";"56.";"2.";"29.44";"185.23";"16.07"
"2019";"3";"1";"5";"17";"1434";"333.";"1.1";"1.8";"65.";"3.";"0.00";"0.00";"0.00"
"2019";"3";"1";"5";"18";"1435";"339.";"0.7";"0.3";"72.";"0.";"0.00";"0.00";"0.00"
"2019";"3";"1";"5";"19";"1436";"68.";"0.8";"-0.4";"78.";"1.";"0.00";"0.00";"0.00"
"2019";"3";"1";"5";"20";"1437";"81.";"0.6";"-1.2";"83.";"0.";"0.00";"0.00";"0.00"
"2019";"3";"1";"5";"21";"1438";"120.";"0.7";"-2.2";"85.";"0.";"0.00";"0.00";"0.00"
"2019";"3";"1";"5";"22";"1439";"133.";"0.8";"-2.4";"88.";"0.";"0.00";"0.00";"0.00"
"2019";"3";"1";"5";"23";"1440";"182.";"0.7";"-2.5";"90.";"0.";"0.00";"0.00";"0.00"
"2019";"3";"2";"6";"0";"1441";"195.";"1.0";"-2.8";"91.";"1.";"0.00";"0.00";"0.00"
"2019";"3";"2";"6";"1";"1442";"207.";"1.2";"-3.1";"91.";"5.";"0.00";"0.00";"0.00"
"2019";"3";"2";"6";"2";"1443";"212.";"1.6";"-3.3";"91.";"6.";"0.00";"0.00";"0.00"
"2019";"3";"2";"6";"3";"1444";"223.";"2.3";"-2.9";"92.";"6.";"0.00";"0.00";"0.00"
"2019";"3";"2";"6";"4";"1445";"206.";"2.0";"-2.6";"93.";"4.";"0.00";"0.00";"0.00"
"2019";"3";"2";"6";"5";"1446";"202.";"2.1";"-2.1";"92.";"5.";"0.00";"0.00";"0.00"
"2019";"3";"2";"6";"6";"1447";"211.";"2.5";"-1.1";"92.";"4.";"0.00";"0.00";"0.00"
"2019";"3";"2";"6";"7";"1448";"213.";"2.9";"0.6";"93.";"3.";"23.88";"124.06";"14.23"
"2019";"3";"2";"6";"8";"1449";"214.";"3.8";"1.5";"94.";"5.";"80.03";"71.76";"65.86"
"2019";"3";"2";"6";"9";"1450";"227.";"4.0";"3.0";"91.";"7.";"101.43";"45.30";"88.07"
"2019";"3";"2";"6";"10";"1451";"233.";"4.8";"3.5";"89.";"8.";"102.85";"0.00";"102.85"
"2019";"3";"2";"6";"11";"1452";"225.";"5.1";"3.7";"86.";"7.";"157.87";"68.69";"130.40"
"2019";"3";"2";"6";"12";"1453";"220.";"5.4";"4.2";"82.";"8.";"119.93";"0.00";"119.93"
"2019";"3";"2";"6";"13";"1454";"221.";"5.9";"4.3";"80.";"8.";"108.26";"0.00";"108.26"
"2019";"3";"2";"6";"14";"1455";"219.";"5.7";"3.7";"83.";"8.";"82.66";"0.00";"82.66"
"2019";"3";"2";"6";"15";"1456";"219.";"5.2";"3.5";"84.";"7.";"62.17";"51.35";"52.04"
"2019";"3";"2";"6";"16";"1457";"217.";"5.1";"3.5";"84.";"8.";"8.43";"0.00";"8.43"
"2019";"3";"2";"6";"17";"1458";"218.";"5.1";"3.4";"83.";"8.";"0.00";"0.00";"0.00"
"2019";"3";"2";"6";"18";"1459";"210.";"4.7";"3.5";"81.";"8.";"0.00";"0.00";"0.00"
"2019";"3";"2";"6";"19";"1460";"218.";"4.9";"3.7";"82.";"8.";"0.00";"0.00";"0.00"
"2019";"3";"2";"6";"20";"1461";"208.";"4.5";"3.6";"84.";"8.";"0.00";"0.00";"0.00"
"2019";"3";"2";"6";"21";"1462";"202.";"4.8";"3.9";"84.";"8.";"0.00";"0.00";"0.00"
"2019";"3";"2";"6";"22";"1463";"200.";"4.7";"3.7";"88.";"8.";"0.00";"0.00";"0.00"
"2019";"3";"2";"6";"23";"1464";"196.";"5.1";"3.6";"92.";"8.";"0.00";"0.00";"0.00"
"2019";"3";"3";"7";"0";"1465";"200.";"5.0";"3.8";"92.";"8.";"0.00";"0.00";"0.00"
"2019";"3";"3";"7";"1";"1466";"201.";"5.0";"4.1";"93.";"8.";"0.00";"0.00";"0.00"
"2019";"3";"3";"7";"2";"1467";"198.";"5.4";"4.4";"92.";"8.";"0.00";"0.00";"0.00"
"2019";"3";"3";"7";"3";"1468";"200.";"5.8";"4.6";"92.";"8.";"0.00";"0.00";"0.00"
"2019";"3";"3";"7";"4";"1469";"190.";"5.1";"4.4";"94.";"8.";"0.00";"0.00";"0.00"
"2019";"3";"3";"7";"5";"1470";"184.";"5.3";"4.7";"94.";"8.";"0.00";"0.00";"0.00"
"2019";"3";"3";"7";"6";"1471";"192.";"7.4";"5.1";"94.";"8.";"0.00";"0.00";"0.00"
"2019";"3";"3";"7";"7";"1472";"217.";"7.6";"5.6";"95.";"8.";"3.89";"0.00";"3.89"
"2019";"3";"3";"7";"8";"1473";"239.";"6.5";"6.0";"93.";"8.";"44.58";"0.00";"44.58"
"2019";"3";"3";"7";"9";"1474";"240.";"7.0";"6.4";"90.";"2.";"218.48";"322.43";"121.45"
"2019";"3";"3";"7";"10";"1475";"243.";"6.4";"6.5";"88.";"3.";"260.47";"298.49";"150.02"
"2019";"3";"3";"7";"11";"1476";"250.";"6.2";"7.0";"84.";"2.";"322.88";"371.84";"171.98"
"2019";"3";"3";"7";"12";"1477";"247.";"5.3";"7.1";"82.";"5.";"229.39";"191.20";"151.80"
"2019";"3";"3";"7";"13";"1478";"243.";"4.5";"7.0";"80.";"5.";"204.92";"185.60";"136.24"
"2019";"3";"3";"7";"14";"1479";"245.";"4.3";"6.8";"79.";"6.";"133.83";"117.21";"98.56"
"2019";"3";"3";"7";"15";"1480";"237.";"4.6";"6.8";"79.";"8.";"46.37";"0.00";"46.37"
"2019";"3";"3";"7";"16";"1481";"238.";"4.2";"6.5";"80.";"8.";"8.33";"0.00";"8.33"
"2019";"3";"3";"7";"17";"1482";"235.";"3.7";"6.0";"81.";"7.";"0.00";"0.00";"0.00"
"2019";"3";"3";"7";"18";"1483";"234.";"4.0";"6.0";"80.";"7.";"0.00";"0.00";"0.00"
"2019";"3";"3";"7";"19";"1484";"225.";"3.5";"6.0";"80.";"7.";"0.00";"0.00";"0.00"
"2019";"3";"3";"7";"20";"1485";"214.";"3.1";"5.5";"83.";"7.";"0.00";"0.00";"0.00"
"2019";"3";"3";"7";"21";"1486";"203.";"2.6";"5.0";"85.";"8.";"0.00";"0.00";"0.00"
"2019";"3";"3";"7";"22";"1487";"197.";"3.0";"4.9";"86.";"7.";"0.00";"0.00";"0.00"
"2019";"3";"3";"7";"23";"1488";"190.";"2.7";"4.9";"86.";"8.";"0.00";"0.00";"0.00"
"2019";"3";"4";"1";"0";"1489";"193.";"2.8";"4.8";"88.";"8.";"0.00";"0.00";"0.00"
"2019";"3";"4";"1";"1";"1490";"197.";"3.3";"4.7";"90.";"8.";"0.00";"0.00";"0.00"
"2019";"3";"4";"1";"2";"1491";"189.";"3.6";"4.3";"92.";"8.";"0.00";"0.00";"0.00"
"2019";"3";"4";"1";"3";"1492";"165.";"3.9";"4.0";"92.";"8.";"0.00";"0.00";"0.00"
"2019";"3";"4";"1";"4";"1493";"133.";"3.6";"3.6";"93.";"8.";"0.00";"0.00";"0.00"
"2019";"3";"4";"1";"5";"1494";"114.";"3.6";"3.6";"93.";"8.";"0.00";"0.00";"0.00"
"2019";"3";"4";"1";"6";"1495";"123.";"4.1";"3.7";"93.";"8.";"0.00";"0.00";"0.00"
"2019";"3";"4";"1";"7";"1496";"138.";"4.2";"4.5";"94.";"7.";"7.55";"5.78";"7.03"
"2019";"3";"4";"1";"8";"1497";"180.";"3.5";"6.0";"93.";"8.";"47.75";"0.00";"47.75"
"2019";"3";"4";"1";"9";"1498";"176.";"2.6";"6.8";"91.";"8.";"83.43";"0.00";"83.43"
"2019";"3";"4";"1";"10";"1499";"164.";"3.2";"7.4";"89.";"2.";"299.68";"413.06";"144.35"
"2019";"3";"4";"1";"11";"1500";"146.";"3.1";"7.4";"91.";"7.";"156.33";"59.72";"131.73"
"2019";"3";"4";"1";"12";"1501";"165.";"3.4";"6.8";"94.";"8.";"69.41";"0.00";"69.41"
"2019";"3";"4";"1";"13";"1502";"179.";"2.4";"6.0";"93.";"8.";"61.00";"0.00";"61.00"
"2019";"3";"4";"1";"14";"1503";"89.";"1.0";"6.3";"93.";"8.";"50.25";"0.00";"50.25"
"2019";"3";"4";"1";"15";"1504";"157.";"1.6";"6.3";"93.";"8.";"50.48";"0.00";"50.48"
"2019";"3";"4";"1";"16";"1505";"203.";"3.8";"5.6";"94.";"8.";"5.17";"0.00";"5.17"
"2019";"3";"4";"1";"17";"1506";"228.";"2.6";"5.0";"94.";"8.";"0.00";"0.00";"0.00"
"2019";"3";"4";"1";"18";"1507";"202.";"2.2";"4.7";"93.";"8.";"0.00";"0.00";"0.00"
"2019";"3";"4";"1";"19";"1508";"199.";"2.5";"4.5";"94.";"8.";"0.00";"0.00";"0.00"
"2019";"3";"4";"1";"20";"1509";"200.";"2.7";"4.5";"94.";"8.";"0.00";"0.00";"0.00"
"2019";"3";"4";"1";"21";"1510";"247.";"1.0";"4.4";"94.";"8.";"0.00";"0.00";"0.00"
"2019";"3";"4";"1";"22";"1511";"306.";"1.9";"4.4";"94.";"8.";"0.00";"0.00";"0.00"
"2019";"3";"4";"1";"23";"1512";"342.";"2.1";"3.9";"94.";"8.";"0.00";"0.00";"0.00"
"2019";"3";"5";"2";"0";"1513";"358.";"3.2";"2.9";"92.";"8.";"0.00";"0.00";"0.00"
"2019";"3";"5";"2";"1";"1514";"8.";"3.1";"1.9";"93.";"8.";"0.00";"0.00";"0.00"
"2019";"3";"5";"2";"2";"1515";"348.";"3.3";"1.4";"93.";"8.";"0.00";"0.00";"0.00"
"2019";"3";"5";"2";"3";"1516";"350.";"3.6";"1.2";"93.";"8.";"0.00";"0.00";"0.00"
"2019";"3";"5";"2";"4";"1517";"349.";"3.3";"1.1";"93.";"8.";"0.00";"0.00";"0.00"
"2019";"3";"5";"2";"5";"1518";"351.";"2.9";"1.0";"93.";"8.";"0.00";"0.00";"0.00"
"2019";"3";"5";"2";"6";"1519";"354.";"2.8";"0.8";"94.";"8.";"0.00";"0.00";"0.00"
"2019";"3";"5";"2";"7";"1520";"3.";"2.7";"0.9";"93.";"8.";"7.27";"0.00";"7.27"
"2019";"3";"5";"2";"8";"1521";"15.";"2.7";"0.8";"93.";"8.";"27.41";"0.00";"27.41"
"2019";"3";"5";"2";"9";"1522";"39.";"2.7";"0.9";"94.";"8.";"48.07";"0.00";"48.07"
"2019";"3";"5";"2";"10";"1523";"54.";"3.4";"1.4";"92.";"8.";"67.30";"0.00";"67.30"
"2019";"3";"5";"2";"11";"1524";"63.";"3.7";"1.7";"91.";"8.";"127.25";"0.00";"127.25"
"2019";"3";"5";"2";"12";"1525";"67.";"4.1";"1.8";"88.";"8.";"127.14";"0.00";"127.14"
"2019";"3";"5";"2";"13";"1526";"67.";"3.9";"1.6";"85.";"8.";"121.06";"0.00";"121.06"
"2019";"3";"5";"2";"14";"1527";"71.";"3.9";"1.6";"84.";"8.";"92.81";"0.00";"92.81"
"2019";"3";"5";"2";"15";"1528";"74.";"4.0";"1.3";"83.";"8.";"58.00";"0.00";"58.00"
"2019";"3";"5";"2";"16";"1529";"74.";"4.1";"1.0";"82.";"8.";"16.28";"0.00";"16.28"
"2019";"3";"5";"2";"17";"1530";"74.";"3.1";"0.7";"82.";"8.";"0.00";"0.00";"0.00"
"2019";"3";"5";"2";"18";"1531";"80.";"2.9";"0.4";"84.";"8.";"0.00";"0.00";"0.00"
"2019";"3";"5";"2";"19";"1532";"85.";"2.5";"0.1";"87.";"8.";"0.00";"0.00";"0.00"
"2019";"3";"5";"2";"20";"1533";"91.";"2.3";"-0.1";"89.";"8.";"0.00";"0.00";"0.00"
"2019";"3";"5";"2";"21";"1534";"86.";"2.1";"-0.2";"90.";"8.";"0.00";"0.00";"0.00"
"2019";"3";"5";"2";"22";"1535";"100.";"2.1";"-0.2";"90.";"8.";"0.00";"0.00";"0.00"
"2019";"3";"5";"2";"23";"1536";"103.";"1.9";"0.0";"90.";"8.";"0.00";"0.00";"0.00"
"2019";"3";"6";"3";"0";"1537";"116.";"1.8";"0.2";"90.";"8.";"0.00";"0.00";"0.00"
"2019";"3";"6";"3";"1";"1538";"120.";"2.6";"0.3";"91.";"8.";"0.00";"0.00";"0.00"
"2019";"3";"6";"3";"2";"1539";"119.";"2.4";"0.4";"92.";"8.";"0.00";"0.00";"0.00"
"2019";"3";"6";"3";"3";"1540";"133.";"2.8";"0.7";"93.";"8.";"0.00";"0.00";"0.00"
"2019";"3";"6";"3";"4";"1541";"140.";"2.9";"1.0";"93.";"8.";"0.00";"0.00";"0.00"
"2019";"3";"6";"3";"5";"1542";"140.";"2.8";"1.5";"93.";"8.";"0.00";"0.00";"0.00"
"2019";"3";"6";"3";"6";"1543";"164.";"2.7";"2.1";"94.";"8.";"0.00";"0.00";"0.00"
"2019";"3";"6";"3";"7";"1544";"159.";"2.6";"2.9";"93.";"7.";"17.89";"17.21";"16.15"
"2019";"3";"6";"3";"8";"1545";"152.";"3.4";"3.6";"92.";"8.";"52.01";"0.00";"52.01"
"2019";"3";"6";"3";"9";"1546";"146.";"3.5";"4.2";"92.";"8.";"87.83";"0.00";"87.83"
"2019";"3";"6";"3";"10";"1547";"159.";"4.1";"4.7";"91.";"8.";"113.23";"0.00";"113.23"
"2019";"3";"6";"3";"11";"1548";"162.";"5.1";"4.6";"90.";"8.";"127.31";"0.00";"127.31"
"2019";"3";"6";"3";"12";"1549";"161.";"5.1";"4.6";"91.";"8.";"126.70";"0.00";"126.70"
"2019";"3";"6";"3";"13";"1550";"159.";"5.0";"5.1";"89.";"8.";"113.47";"0.00";"113.47"
"2019";"3";"6";"3";"14";"1551";"153.";"4.9";"5.5";"87.";"8.";"89.44";"0.00";"89.44"
"2019";"3";"6";"3";"15";"1552";"146.";"5.0";"5.7";"86.";"8.";"54.13";"0.00";"54.13"
"2019";"3";"6";"3";"16";"1553";"148.";"5.2";"5.5";"86.";"8.";"13.97";"0.00";"13.97"
"2019";"3";"6";"3";"17";"1554";"152.";"5.0";"5.0";"88.";"8.";"0.00";"0.00";"0.00"
"2019";"3";"6";"3";"18";"1555";"150.";"5.2";"4.5";"90.";"8.";"0.00";"0.00";"0.00"
"2019";"3";"6";"3";"19";"1556";"143.";"6.0";"4.0";"90.";"8.";"0.00";"0.00";"0.00"
"2019";"3";"6";"3";"20";"1557";"133.";"6.2";"3.5";"91.";"8.";"0.00";"0.00";"0.00"
"2019";"3";"6";"3";"21";"1558";"130.";"6.8";"3.2";"90.";"8.";"0.00";"0.00";"0.00"
"2019";"3";"6";"3";"22";"1559";"136.";"6.0";"3.7";"91.";"8.";"0.00";"0.00";"0.00"
"2019";"3";"6";"3";"23";"1560";"143.";"5.6";"4.3";"92.";"8.";"0.00";"0.00";"0.00"
"2019";"3";"7";"4";"0";"1561";"153.";"5.4";"4.9";"92.";"8.";"0.00";"0.00";"0.00"
"2019";"3";"7";"4";"1";"1562";"167.";"5.2";"5.5";"93.";"8.";"0.00";"0.00";"0.00"
"2019";"3";"7";"4";"2";"1563";"168.";"4.9";"5.8";"94.";"8.";"0.00";"0.00";"0.00"
"2019";"3";"7";"4";"3";"1564";"172.";"5.1";"5.8";"95.";"8.";"0.00";"0.00";"0.00"
"2019";"3";"7";"4";"4";"1565";"175.";"4.7";"5.8";"94.";"8.";"0.00";"0.00";"0.00"
"2019";"3";"7";"4";"5";"1566";"173.";"4.1";"5.8";"95.";"8.";"0.00";"0.00";"0.00"
"2019";"3";"7";"4";"6";"1567";"166.";"4.0";"5.8";"95.";"8.";"0.00";"0.00";"0.00"
"2019";"3";"7";"4";"7";"1568";"170.";"3.7";"6.0";"95.";"8.";"11.62";"0.00";"11.62"
"2019";"3";"7";"4";"8";"1569";"170.";"3.4";"6.0";"95.";"8.";"27.71";"0.00";"27.71"
"2019";"3";"7";"4";"9";"1570";"164.";"3.1";"6.2";"95.";"8.";"45.59";"0.00";"45.59"
"2019";"3";"7";"4";"10";"1571";"166.";"3.5";"6.5";"95.";"7.";"87.84";"22.43";"79.00"
"2019";"3";"7";"4";"11";"1572";"163.";"3.4";"6.9";"95.";"8.";"112.11";"0.00";"112.11"
"2019";"3";"7";"4";"12";"1573";"146.";"3.4";"7.3";"95.";"8.";"107.00";"0.00";"107.00"
"2019";"3";"7";"4";"13";"1574";"143.";"3.4";"7.7";"94.";"8.";"58.48";"0.00";"58.48"
"2019";"3";"7";"4";"14";"1575";"137.";"3.9";"8.0";"94.";"8.";"47.85";"0.00";"47.85"
"2019";"3";"7";"4";"15";"1576";"144.";"4.6";"8.0";"94.";"8.";"29.45";"0.00";"29.45"
"2019";"3";"7";"4";"16";"1577";"166.";"5.3";"7.6";"93.";"8.";"7.00";"0.00";"7.00"
"2019";"3";"7";"4";"17";"1578";"198.";"7.9";"5.9";"92.";"8.";"0.00";"0.00";"0.00"
"2019";"3";"7";"4";"18";"1579";"219.";"10.1";"4.9";"90.";"8.";"0.00";"0.00";"0.00"
"2019";"3";"7";"4";"19";"1580";"205.";"8.9";"4.9";"91.";"8.";"0.00";"0.00";"0.00"
"2019";"3";"7";"4";"20";"1581";"204.";"8.9";"5.2";"91.";"8.";"0.00";"0.00";"0.00"
"2019";"3";"7";"4";"21";"1582";"202.";"9.9";"5.4";"86.";"7.";"0.00";"0.00";"0.00"
"2019";"3";"7";"4";"22";"1583";"203.";"9.0";"5.3";"85.";"8.";"0.00";"0.00";"0.00"
"2019";"3";"7";"4";"23";"1584";"202.";"8.1";"5.3";"87.";"8.";"0.00";"0.00";"0.00"
"2019";"3";"8";"5";"0";"1585";"201.";"7.8";"5.3";"87.";"8.";"0.00";"0.00";"0.00"
"2019";"3";"8";"5";"1";"1586";"199.";"8.0";"5.2";"89.";"8.";"0.00";"0.00";"0.00"
"2019";"3";"8";"5";"2";"1587";"202.";"7.6";"5.1";"90.";"8.";"0.00";"0.00";"0.00"
"2019";"3";"8";"5";"3";"1588";"205.";"8.2";"5.0";"90.";"8.";"0.00";"0.00";"0.00"
"2019";"3";"8";"5";"4";"1589";"205.";"8.1";"4.8";"91.";"8.";"0.00";"0.00";"0.00"
"2019";"3";"8";"5";"5";"1590";"212.";"7.1";"4.7";"93.";"8.";"0.00";"0.00";"0.00"
"2019";"3";"8";"5";"6";"1591";"218.";"5.7";"4.6";"93.";"8.";"0.00";"0.00";"0.00"
"2019";"3";"8";"5";"7";"1592";"232.";"5.8";"4.7";"93.";"8.";"9.40";"0.00";"9.40"
"2019";"3";"8";"5";"8";"1593";"251.";"6.3";"4.3";"92.";"8.";"33.96";"0.00";"33.96"
"2019";"3";"8";"5";"9";"1594";"302.";"6.4";"3.4";"89.";"8.";"100.40";"0.00";"100.40"
"2019";"3";"8";"5";"10";"1595";"305.";"7.2";"3.1";"88.";"8.";"120.37";"0.00";"120.37"
"2019";"3";"8";"5";"11";"1596";"308.";"7.8";"3.3";"82.";"7.";"189.73";"103.31";"144.67"
"2019";"3";"8";"5";"12";"1597";"309.";"7.0";"3.0";"81.";"8.";"140.12";"0.00";"140.12"
"2019";"3";"8";"5";"13";"1598";"300.";"7.2";"2.1";"85.";"8.";"75.40";"0.00";"75.40"
"2019";"3";"8";"5";"14";"1599";"298.";"7.4";"3.7";"73.";"8.";"213.53";"0.00";"213.53"
"2019";"3";"8";"5";"15";"1600";"300.";"7.2";"3.5";"73.";"3.";"165.91";"427.99";"66.33"
"2019";"3";"8";"5";"16";"1601";"297.";"6.8";"2.8";"77.";"6.";"34.97";"97.60";"23.99"
"2019";"3";"8";"5";"17";"1602";"292.";"6.3";"2.8";"77.";"3.";"0.00";"0.00";"0.00"
"2019";"3";"8";"5";"18";"1603";"284.";"7.7";"4.1";"70.";"1.";"0.00";"0.00";"0.00"
"2019";"3";"8";"5";"19";"1604";"279.";"7.5";"4.1";"72.";"3.";"0.00";"0.00";"0.00"
"2019";"3";"8";"5";"20";"1605";"276.";"7.9";"3.9";"70.";"5.";"0.00";"0.00";"0.00"
"2019";"3";"8";"5";"21";"1606";"277.";"6.9";"3.8";"71.";"7.";"0.00";"0.00";"0.00"
"2019";"3";"8";"5";"22";"1607";"270.";"5.9";"3.8";"72.";"7.";"0.00";"0.00";"0.00"
"2019";"3";"8";"5";"23";"1608";"252.";"4.4";"3.7";"80.";"7.";"0.00";"0.00";"0.00"
"2019";"3";"9";"6";"0";"1609";"235.";"4.5";"3.4";"83.";"8.";"0.00";"0.00";"0.00"
"2019";"3";"9";"6";"1";"1610";"227.";"5.2";"3.6";"85.";"8.";"0.00";"0.00";"0.00"
"2019";"3";"9";"6";"2";"1611";"223.";"5.6";"3.7";"84.";"8.";"0.00";"0.00";"0.00"
"2019";"3";"9";"6";"3";"1612";"202.";"5.1";"3.5";"86.";"7.";"0.00";"0.00";"0.00"
"2019";"3";"9";"6";"4";"1613";"197.";"5.2";"3.7";"87.";"8.";"0.00";"0.00";"0.00"
"2019";"3";"9";"6";"5";"1614";"186.";"5.2";"3.7";"89.";"8.";"0.00";"0.00";"0.00"
"2019";"3";"9";"6";"6";"1615";"183.";"6.2";"3.4";"90.";"8.";"0.00";"0.00";"0.00"
"2019";"3";"9";"6";"7";"1616";"175.";"7.1";"3.2";"90.";"8.";"11.40";"0.00";"11.40"
"2019";"3";"9";"6";"8";"1617";"168.";"6.9";"2.7";"91.";"8.";"33.89";"0.00";"33.89"
"2019";"3";"9";"6";"9";"1618";"151.";"5.7";"1.9";"93.";"8.";"52.69";"0.00";"52.69"
"2019";"3";"9";"6";"10";"1619";"137.";"6.0";"1.7";"93.";"8.";"67.37";"0.00";"67.37"
"2019";"3";"9";"6";"11";"1620";"202.";"3.9";"3.3";"91.";"8.";"73.08";"0.00";"73.08"
"2019";"3";"9";"6";"12";"1621";"260.";"7.1";"3.8";"91.";"8.";"75.43";"0.00";"75.43"
"2019";"3";"9";"6";"13";"1622";"274.";"8.7";"4.2";"91.";"8.";"66.44";"0.00";"66.44"
"2019";"3";"9";"6";"14";"1623";"279.";"9.1";"4.4";"89.";"8.";"54.29";"0.00";"54.29"
"2019";"3";"9";"6";"15";"1624";"275.";"10.4";"4.2";"88.";"8.";"34.53";"0.00";"34.53"
"2019";"3";"9";"6";"16";"1625";"274.";"10.5";"4.3";"87.";"8.";"11.11";"0.00";"11.11"
"2019";"3";"9";"6";"17";"1626";"271.";"9.6";"3.8";"88.";"8.";"0.00";"0.00";"0.00"
"2019";"3";"9";"6";"18";"1627";"270.";"8.1";"3.6";"89.";"8.";"0.00";"0.00";"0.00"
"2019";"3";"9";"6";"19";"1628";"263.";"6.4";"3.5";"88.";"8.";"0.00";"0.00";"0.00"
"2019";"3";"9";"6";"20";"1629";"263.";"5.2";"3.2";"91.";"8.";"0.00";"0.00";"0.00"
"2019";"3";"9";"6";"21";"1630";"259.";"3.8";"3.1";"91.";"8.";"0.00";"0.00";"0.00"
"2019";"3";"9";"6";"22";"1631";"251.";"2.3";"3.1";"91.";"8.";"0.00";"0.00";"0.00"
"2019";"3";"9";"6";"23";"1632";"311.";"1.6";"2.9";"92.";"8.";"0.00";"0.00";"0.00"
"2019";"3";"10";"7";"0";"1633";"357.";"1.5";"2.4";"93.";"8.";"0.00";"0.00";"0.00"
"2019";"3";"10";"7";"1";"1634";"315.";"1.9";"1.9";"92.";"7.";"0.00";"0.00";"0.00"
"2019";"3";"10";"7";"2";"1635";"1.";"1.7";"1.3";"91.";"7.";"0.00";"0.00";"0.00"
"2019";"3";"10";"7";"3";"1636";"6.";"3.1";"0.5";"92.";"8.";"0.00";"0.00";"0.00"
"2019";"3";"10";"7";"4";"1637";"1.";"2.0";"-0.1";"90.";"8.";"0.00";"0.00";"0.00"
"2019";"3";"10";"7";"5";"1638";"353.";"1.9";"-0.3";"90.";"7.";"0.00";"0.00";"0.00"
"2019";"3";"10";"7";"6";"1639";"346.";"1.6";"-0.4";"88.";"8.";"0.00";"0.00";"0.00"
"2019";"3";"10";"7";"7";"1640";"20.";"1.4";"-0.4";"86.";"8.";"24.19";"0.00";"24.19"
"2019";"3";"10";"7";"8";"1641";"30.";"1.5";"-0.3";"86.";"8.";"69.39";"0.00";"69.39"
"2019";"3";"10";"7";"9";"1642";"28.";"1.2";"0.6";"82.";"7.";"147.55";"103.46";"112.08"
"2019";"3";"10";"7";"10";"1643";"15.";"1.2";"1.9";"75.";"7.";"185.08";"110.70";"139.43"
"2019";"3";"10";"7";"11";"1644";"352.";"1.5";"2.0";"65.";"7.";"205.57";"114.32";"154.31"
"2019";"3";"10";"7";"12";"1645";"328.";"2.1";"2.9";"57.";"7.";"205.98";"114.55";"154.62"
"2019";"3";"10";"7";"13";"1646";"332.";"2.6";"2.9";"52.";"5.";"273.63";"335.53";"135.27"
"2019";"3";"10";"7";"14";"1647";"325.";"3.2";"3.0";"48.";"4.";"251.36";"420.34";"107.23"
"2019";"3";"10";"7";"15";"1648";"329.";"3.3";"2.6";"44.";"0.";"238.96";"731.82";"59.96"
"2019";"3";"10";"7";"16";"1649";"332.";"3.5";"1.9";"42.";"2.";"86.78";"372.97";"40.44"
"2019";"3";"10";"7";"17";"1650";"326.";"2.9";"0.6";"48.";"1.";"0.00";"0.00";"0.00"
"2019";"3";"10";"7";"18";"1651";"318.";"2.5";"-0.6";"58.";"0.";"0.00";"0.00";"0.00"
"2019";"3";"10";"7";"19";"1652";"302.";"2.5";"-1.1";"65.";"1.";"0.00";"0.00";"0.00"
"2019";"3";"10";"7";"20";"1653";"289.";"2.7";"-1.2";"69.";"1.";"0.00";"0.00";"0.00"
"2019";"3";"10";"7";"21";"1654";"286.";"2.4";"-1.1";"73.";"1.";"0.00";"0.00";"0.00"
"2019";"3";"10";"7";"22";"1655";"298.";"2.1";"-1.2";"77.";"0.";"0.00";"0.00";"0.00"
"2019";"3";"10";"7";"23";"1656";"300.";"1.7";"-2.1";"81.";"2.";"0.00";"0.00";"0.00"
"2019";"3";"11";"1";"0";"1657";"305.";"1.7";"-2.1";"79.";"4.";"0.00";"0.00";"0.00"
"2019";"3";"11";"1";"1";"1658";"339.";"1.0";"-2.4";"81.";"0.";"0.00";"0.00";"0.00"
"2019";"3";"11";"1";"2";"1659";"350.";"1.0";"-3.1";"85.";"0.";"0.00";"0.00";"0.00"
"2019";"3";"11";"1";"3";"1660";"47.";"1.1";"-4.0";"85.";"0.";"0.00";"0.00";"0.00"
"2019";"3";"11";"1";"4";"1661";"65.";"1.4";"-4.5";"86.";"1.";"0.00";"0.00";"0.00"
"2019";"3";"11";"1";"5";"1662";"49.";"0.9";"-4.5";"86.";"0.";"0.00";"0.00";"0.00"
"2019";"3";"11";"1";"6";"1663";"58.";"1.4";"-4.9";"86.";"0.";"0.00";"0.00";"0.00"
"2019";"3";"11";"1";"7";"1664";"55.";"1.2";"-3.3";"83.";"0.";"92.28";"413.33";"38.49"
"2019";"3";"11";"1";"8";"1665";"52.";"1.6";"-1.1";"74.";"0.";"230.51";"617.38";"75.80"
"2019";"3";"11";"1";"9";"1666";"27.";"1.6";"0.6";"61.";"0.";"359.98";"797.25";"81.81"
"2019";"3";"11";"1";"10";"1667";"3.";"1.9";"1.9";"53.";"0.";"446.46";"825.05";"101.22"
"2019";"3";"11";"1";"11";"1668";"327.";"2.4";"2.8";"49.";"0.";"495.73";"876.30";"97.50"
"2019";"3";"11";"1";"12";"1669";"320.";"3.1";"3.0";"45.";"0.";"493.48";"850.20";"107.11"
"2019";"3";"11";"1";"13";"1670";"305.";"4.2";"3.0";"48.";"1.";"414.61";"722.88";"112.12"
"2019";"3";"11";"1";"14";"1671";"309.";"5.1";"3.3";"49.";"0.";"360.37";"798.53";"81.75"
"2019";"3";"11";"1";"15";"1672";"311.";"5.2";"2.8";"51.";"1.";"218.82";"592.04";"70.47"
"2019";"3";"11";"1";"16";"1673";"314.";"4.7";"1.6";"53.";"0.";"95.48";"462.98";"35.23"
"2019";"3";"11";"1";"17";"1674";"311.";"4.0";"0.7";"58.";"0.";"0.00";"0.00";"0.00"
"2019";"3";"11";"1";"18";"1675";"309.";"3.2";"0.0";"63.";"0.";"0.00";"0.00";"0.00"
"2019";"3";"11";"1";"19";"1676";"318.";"2.1";"-0.9";"68.";"0.";"0.00";"0.00";"0.00"
"2019";"3";"11";"1";"20";"1677";"304.";"1.7";"-1.8";"72.";"0.";"0.00";"0.00";"0.00"
"2019";"3";"11";"1";"21";"1678";"268.";"1.6";"-2.6";"76.";"0.";"0.00";"0.00";"0.00"
"2019";"3";"11";"1";"22";"1679";"246.";"1.7";"-3.1";"79.";"0.";"0.00";"0.00";"0.00"
"2019";"3";"11";"1";"23";"1680";"242.";"1.9";"-3.0";"81.";"0.";"0.00";"0.00";"0.00"
"2019";"3";"12";"2";"0";"1681";"225.";"1.5";"-3.8";"85.";"1.";"0.00";"0.00";"0.00"
"2019";"3";"12";"2";"1";"1682";"198.";"1.2";"-4.1";"87.";"0.";"0.00";"0.00";"0.00"
"2019";"3";"12";"2";"2";"1683";"209.";"0.9";"-4.2";"90.";"0.";"0.00";"0.00";"0.00"
"2019";"3";"12";"2";"3";"1684";"147.";"0.5";"-4.2";"88.";"0.";"0.00";"0.00";"0.00"
"2019";"3";"12";"2";"4";"1685";"105.";"0.6";"-4.5";"88.";"7.";"0.00";"0.00";"0.00"
"2019";"3";"12";"2";"5";"1686";"103.";"1.2";"-4.1";"89.";"8.";"0.00";"0.00";"0.00"
"2019";"3";"12";"2";"6";"1687";"110.";"1.2";"-3.5";"87.";"6.";"0.00";"0.00";"0.00"
"2019";"3";"12";"2";"7";"1688";"113.";"1.6";"-1.8";"87.";"8.";"28.81";"0.00";"28.81"
"2019";"3";"12";"2";"8";"1689";"112.";"2.7";"-0.3";"89.";"8.";"62.06";"0.00";"62.06"
"2019";"3";"12";"2";"9";"1690";"121.";"3.4";"0.7";"94.";"8.";"101.52";"0.00";"101.52"
"2019";"3";"12";"2";"10";"1691";"130.";"3.9";"1.5";"88.";"7.";"174.93";"80.29";"140.84"
"2019";"3";"12";"2";"11";"1692";"141.";"4.3";"2.4";"87.";"8.";"141.20";"0.00";"141.20"
"2019";"3";"12";"2";"12";"1693";"149.";"4.4";"2.8";"88.";"8.";"147.05";"0.00";"147.05"
"2019";"3";"12";"2";"13";"1694";"154.";"5.7";"3.7";"88.";"8.";"131.18";"0.00";"131.18"
"2019";"3";"12";"2";"14";"1695";"159.";"6.8";"4.4";"83.";"8.";"105.99";"0.00";"105.99"
"2019";"3";"12";"2";"15";"1696";"161.";"7.5";"4.1";"83.";"8.";"66.91";"0.00";"66.91"
"2019";"3";"12";"2";"16";"1697";"164.";"8.5";"3.3";"89.";"8.";"14.52";"0.00";"14.52"
"2019";"3";"12";"2";"17";"1698";"162.";"8.7";"3.0";"91.";"8.";"0.00";"0.00";"0.00"
"2019";"3";"12";"2";"18";"1699";"165.";"8.8";"3.0";"92.";"8.";"0.00";"0.00";"0.00"
"2019";"3";"12";"2";"19";"1700";"167.";"8.9";"3.0";"92.";"8.";"0.00";"0.00";"0.00"
"2019";"3";"12";"2";"20";"1701";"168.";"8.8";"3.1";"92.";"8.";"0.00";"0.00";"0.00"
"2019";"3";"12";"2";"21";"1702";"166.";"9.3";"2.6";"93.";"8.";"0.00";"0.00";"0.00"
"2019";"3";"12";"2";"22";"1703";"165.";"9.0";"2.1";"94.";"8.";"0.00";"0.00";"0.00"
"2019";"3";"12";"2";"23";"1704";"163.";"9.0";"1.7";"93.";"8.";"0.00";"0.00";"0.00"
"2019";"3";"13";"3";"0";"1705";"167.";"8.6";"1.7";"94.";"8.";"0.00";"0.00";"0.00"
"2019";"3";"13";"3";"1";"1706";"162.";"8.2";"1.6";"94.";"8.";"0.00";"0.00";"0.00"
"2019";"3";"13";"3";"2";"1707";"159.";"7.8";"1.1";"95.";"8.";"0.00";"0.00";"0.00"
"2019";"3";"13";"3";"3";"1708";"164.";"7.2";"0.8";"95.";"8.";"0.00";"0.00";"0.00"
"2019";"3";"13";"3";"4";"1709";"180.";"6.0";"0.7";"96.";"8.";"0.00";"0.00";"0.00"
"2019";"3";"13";"3";"5";"1710";"210.";"3.8";"1.1";"96.";"8.";"0.00";"0.00";"0.00"
"2019";"3";"13";"3";"6";"1711";"221.";"3.6";"2.0";"95.";"8.";"0.00";"0.00";"0.00"
"2019";"3";"13";"3";"7";"1712";"201.";"4.7";"2.8";"95.";"8.";"21.20";"0.00";"21.20"
"2019";"3";"13";"3";"8";"1713";"189.";"5.3";"3.8";"93.";"5.";"155.61";"185.78";"106.83"
"2019";"3";"13";"3";"9";"1714";"187.";"6.3";"4.0";"93.";"8.";"78.02";"0.00";"78.02"
"2019";"3";"13";"3";"10";"1715";"186.";"7.4";"4.3";"93.";"8.";"97.32";"0.00";"97.32"
"2019";"3";"13";"3";"11";"1716";"186.";"7.8";"4.6";"92.";"8.";"106.10";"0.00";"106.10"
"2019";"3";"13";"3";"12";"1717";"186.";"8.2";"4.5";"92.";"8.";"105.62";"0.00";"105.62"
"2019";"3";"13";"3";"13";"1718";"182.";"8.0";"5.0";"91.";"8.";"100.81";"0.00";"100.81"
"2019";"3";"13";"3";"14";"1719";"177.";"8.0";"5.0";"90.";"8.";"141.87";"0.00";"141.87"
"2019";"3";"13";"3";"15";"1720";"176.";"7.9";"5.1";"89.";"8.";"52.58";"0.00";"52.58"
"2019";"3";"13";"3";"16";"1721";"176.";"7.2";"5.0";"89.";"8.";"35.70";"0.00";"35.70"
"2019";"3";"13";"3";"17";"1722";"175.";"6.0";"4.8";"90.";"8.";"0.00";"0.00";"0.00"
"2019";"3";"13";"3";"18";"1723";"176.";"4.6";"4.5";"93.";"8.";"0.00";"0.00";"0.00"
"2019";"3";"13";"3";"19";"1724";"175.";"3.6";"4.6";"94.";"8.";"0.00";"0.00";"0.00"
"2019";"3";"13";"3";"20";"1725";"193.";"3.6";"4.8";"94.";"8.";"0.00";"0.00";"0.00"
"2019";"3";"13";"3";"21";"1726";"208.";"2.4";"4.7";"94.";"8.";"0.00";"0.00";"0.00"
"2019";"3";"13";"3";"22";"1727";"208.";"2.2";"4.6";"95.";"8.";"0.00";"0.00";"0.00"
"2019";"3";"13";"3";"23";"1728";"264.";"1.3";"4.5";"95.";"8.";"0.00";"0.00";"0.00"
"2019";"3";"14";"4";"0";"1729";"330.";"0.9";"4.2";"95.";"8.";"0.00";"0.00";"0.00"
"2019";"3";"14";"4";"1";"1730";"317.";"1.5";"4.0";"96.";"8.";"0.00";"0.00";"0.00"
"2019";"3";"14";"4";"2";"1731";"320.";"3.7";"3.8";"95.";"8.";"0.00";"0.00";"0.00"
"2019";"3";"14";"4";"3";"1732";"312.";"4.0";"3.8";"95.";"7.";"0.00";"0.00";"0.00"
"2019";"3";"14";"4";"4";"1733";"301.";"3.5";"3.2";"93.";"8.";"0.00";"0.00";"0.00"
"2019";"3";"14";"4";"5";"1734";"284.";"3.4";"2.8";"91.";"8.";"0.00";"0.00";"0.00"
"2019";"3";"14";"4";"6";"1735";"233.";"0.7";"2.7";"89.";"8.";"0.00";"0.00";"0.00"
"2019";"3";"14";"4";"7";"1736";"177.";"1.7";"3.4";"90.";"5.";"71.70";"178.79";"45.25"
"2019";"3";"14";"4";"8";"1737";"202.";"3.0";"4.1";"89.";"7.";"126.69";"87.13";"103.29"
"2019";"3";"14";"4";"9";"1738";"206.";"2.9";"4.6";"88.";"7.";"185.99";"89.34";"153.20"
"2019";"3";"14";"4";"10";"1739";"200.";"3.6";"5.0";"91.";"8.";"170.55";"0.00";"170.55"
"2019";"3";"14";"4";"11";"1740";"201.";"3.7";"5.5";"89.";"8.";"190.72";"0.00";"190.72"
"2019";"3";"14";"4";"12";"1741";"189.";"3.9";"5.7";"88.";"8.";"191.26";"0.00";"191.26"
"2019";"3";"14";"4";"13";"1742";"179.";"4.1";"5.6";"89.";"8.";"166.79";"0.00";"166.79"
"2019";"3";"14";"4";"14";"1743";"184.";"3.5";"5.5";"90.";"8.";"131.21";"0.00";"131.21"
"2019";"3";"14";"4";"15";"1744";"182.";"4.0";"4.6";"90.";"8.";"53.07";"0.00";"53.07"
"2019";"3";"14";"4";"16";"1745";"170.";"3.8";"4.0";"91.";"8.";"21.73";"0.00";"21.73"
"2019";"3";"14";"4";"17";"1746";"147.";"3.7";"3.8";"93.";"8.";"0.00";"0.00";"0.00"
"2019";"3";"14";"4";"18";"1747";"149.";"3.3";"3.8";"94.";"8.";"0.00";"0.00";"0.00"
"2019";"3";"14";"4";"19";"1748";"148.";"3.1";"3.6";"93.";"8.";"0.00";"0.00";"0.00"
"2019";"3";"14";"4";"20";"1749";"141.";"2.8";"3.5";"94.";"8.";"0.00";"0.00";"0.00"
"2019";"3";"14";"4";"21";"1750";"135.";"2.7";"3.6";"94.";"8.";"0.00";"0.00";"0.00"
"2019";"3";"14";"4";"22";"1751";"126.";"2.0";"3.5";"94.";"8.";"0.00";"0.00";"0.00"
"2019";"3";"14";"4";"23";"1752";"114.";"1.6";"3.5";"95.";"8.";"0.00";"0.00";"0.00"
"2019";"3";"15";"5";"0";"1753";"110.";"1.1";"3.5";"95.";"8.";"0.00";"0.00";"0.00"
"2019";"3";"15";"5";"1";"1754";"119.";"0.7";"3.4";"95.";"8.";"0.00";"0.00";"0.00"
"2019";"3";"15";"5";"2";"1755";"108.";"0.8";"3.3";"96.";"8.";"0.00";"0.00";"0.00"
"2019";"3";"15";"5";"3";"1756";"17.";"1.1";"3.2";"96.";"8.";"0.00";"0.00";"0.00"
"2019";"3";"15";"5";"4";"1757";"342.";"1.4";"3.2";"96.";"8.";"0.00";"0.00";"0.00"
"2019";"3";"15";"5";"5";"1758";"322.";"1.9";"3.0";"95.";"8.";"0.00";"0.00";"0.00"
"2019";"3";"15";"5";"6";"1759";"309.";"1.8";"2.6";"94.";"8.";"0.00";"0.00";"0.00"
"2019";"3";"15";"5";"7";"1760";"302.";"1.1";"3.0";"93.";"8.";"45.07";"0.00";"45.07"
"2019";"3";"15";"5";"8";"1761";"254.";"1.7";"3.5";"92.";"8.";"97.78";"0.00";"97.78"
"2019";"3";"15";"5";"9";"1762";"236.";"2.2";"4.0";"92.";"8.";"155.90";"0.00";"155.90"
"2019";"3";"15";"5";"10";"1763";"237.";"3.1";"4.4";"90.";"7.";"240.12";"108.18";"192.22"
"2019";"3";"15";"5";"11";"1764";"215.";"3.1";"4.9";"86.";"8.";"207.16";"0.00";"207.16"
"2019";"3";"15";"5";"12";"1765";"190.";"3.4";"5.0";"85.";"7.";"262.25";"107.06";"210.99"
"2019";"3";"15";"5";"13";"1766";"178.";"3.7";"4.9";"87.";"7.";"238.62";"104.74";"192.24"
"2019";"3";"15";"5";"14";"1767";"165.";"3.8";"4.9";"89.";"7.";"172.12";"55.77";"151.31"
"2019";"3";"15";"5";"15";"1768";"163.";"3.3";"4.7";"90.";"8.";"56.32";"0.00";"56.32"
"2019";"3";"15";"5";"16";"1769";"141.";"2.3";"4.6";"88.";"8.";"41.53";"0.00";"41.53"
"2019";"3";"15";"5";"17";"1770";"122.";"1.1";"4.2";"91.";"8.";"0.00";"0.00";"0.00"
"2019";"3";"15";"5";"18";"1771";"107.";"0.4";"3.9";"92.";"7.";"0.00";"0.00";"0.00"
"2019";"3";"15";"5";"19";"1772";"282.";"1.2";"3.6";"93.";"7.";"0.00";"0.00";"0.00"
"2019";"3";"15";"5";"20";"1773";"279.";"2.0";"3.4";"94.";"8.";"0.00";"0.00";"0.00"
"2019";"3";"15";"5";"21";"1774";"283.";"1.3";"3.5";"94.";"8.";"0.00";"0.00";"0.00"
"2019";"3";"15";"5";"22";"1775";"267.";"1.6";"3.3";"94.";"8.";"0.00";"0.00";"0.00"
"2019";"3";"15";"5";"23";"1776";"257.";"1.2";"3.3";"94.";"8.";"0.00";"0.00";"0.00"
"2019";"3";"16";"6";"0";"1777";"241.";"1.2";"3.5";"94.";"8.";"0.00";"0.00";"0.00"
"2019";"3";"16";"6";"1";"1778";"286.";"3.9";"3.8";"94.";"8.";"0.00";"0.00";"0.00"
"2019";"3";"16";"6";"2";"1779";"290.";"4.6";"3.8";"94.";"8.";"0.00";"0.00";"0.00"
"2019";"3";"16";"6";"3";"1780";"287.";"4.3";"3.3";"90.";"8.";"0.00";"0.00";"0.00"
"2019";"3";"16";"6";"4";"1781";"287.";"3.4";"3.3";"88.";"8.";"0.00";"0.00";"0.00"
"2019";"3";"16";"6";"5";"1782";"286.";"2.7";"3.4";"87.";"8.";"0.00";"0.00";"0.00"
"2019";"3";"16";"6";"6";"1783";"284.";"2.0";"3.6";"88.";"7.";"0.00";"0.00";"0.00"
"2019";"3";"16";"6";"7";"1784";"259.";"2.0";"4.1";"87.";"7.";"48.00";"63.29";"37.88"
"2019";"3";"16";"6";"8";"1785";"248.";"2.0";"4.8";"87.";"7.";"107.83";"89.56";"82.70"
"2019";"3";"16";"6";"9";"1786";"262.";"3.4";"5.5";"88.";"7.";"149.44";"75.51";"120.80"
"2019";"3";"16";"6";"10";"1787";"274.";"4.5";"5.9";"84.";"8.";"142.87";"0.00";"142.87"
"2019";"3";"16";"6";"11";"1788";"276.";"4.7";"6.5";"82.";"8.";"151.87";"0.00";"151.87"
"2019";"3";"16";"6";"12";"1789";"273.";"3.7";"6.9";"80.";"7.";"207.18";"92.88";"162.14"
"2019";"3";"16";"6";"13";"1790";"266.";"3.8";"6.9";"80.";"8.";"138.07";"0.00";"138.07"
"2019";"3";"16";"6";"14";"1791";"253.";"3.3";"6.7";"78.";"8.";"112.71";"0.00";"112.71"
"2019";"3";"16";"6";"15";"1792";"231.";"2.6";"6.3";"80.";"7.";"101.81";"67.83";"82.78"
"2019";"3";"16";"6";"16";"1793";"211.";"2.7";"6.0";"81.";"7.";"45.35";"50.54";"37.27"
"2019";"3";"16";"6";"17";"1794";"189.";"2.7";"5.4";"82.";"8.";"0.00";"0.00";"0.00"
"2019";"3";"16";"6";"18";"1795";"167.";"2.8";"5.0";"84.";"8.";"0.00";"0.00";"0.00"
"2019";"3";"16";"6";"19";"1796";"170.";"2.8";"4.8";"85.";"8.";"0.00";"0.00";"0.00"
"2019";"3";"16";"6";"20";"1797";"180.";"4.0";"3.9";"91.";"8.";"0.00";"0.00";"0.00"
"2019";"3";"16";"6";"21";"1798";"144.";"4.8";"3.3";"92.";"8.";"0.00";"0.00";"0.00"
"2019";"3";"16";"6";"22";"1799";"136.";"5.5";"2.9";"92.";"8.";"0.00";"0.00";"0.00"
"2019";"3";"16";"6";"23";"1800";"136.";"6.5";"2.6";"92.";"8.";"0.00";"0.00";"0.00"
"2019";"3";"17";"7";"0";"1801";"134.";"6.5";"2.2";"93.";"8.";"0.00";"0.00";"0.00"
"2019";"3";"17";"7";"1";"1802";"142.";"6.7";"2.7";"94.";"8.";"0.00";"0.00";"0.00"
"2019";"3";"17";"7";"2";"1803";"162.";"6.3";"4.3";"95.";"8.";"0.00";"0.00";"0.00"
"2019";"3";"17";"7";"3";"1804";"186.";"7.2";"6.0";"95.";"8.";"0.00";"0.00";"0.00"
"2019";"3";"17";"7";"4";"1805";"196.";"7.9";"6.2";"95.";"8.";"0.00";"0.00";"0.00"
"2019";"3";"17";"7";"5";"1806";"204.";"8.6";"6.3";"95.";"8.";"0.00";"0.00";"0.00"
"2019";"3";"17";"7";"6";"1807";"212.";"8.9";"6.1";"93.";"8.";"0.00";"0.00";"0.00"
"2019";"3";"17";"7";"7";"1808";"222.";"6.9";"5.3";"86.";"8.";"35.22";"0.00";"35.22"
"2019";"3";"17";"7";"8";"1809";"213.";"7.4";"5.4";"82.";"7.";"174.86";"74.79";"153.42"
"2019";"3";"17";"7";"9";"1810";"212.";"9.1";"5.9";"81.";"5.";"226.50";"242.42";"133.11"
"2019";"3";"17";"7";"10";"1811";"211.";"9.5";"6.4";"76.";"7.";"192.27";"90.59";"151.05"
"2019";"3";"17";"7";"11";"1812";"207.";"9.8";"6.3";"76.";"8.";"158.79";"0.00";"158.79"
"2019";"3";"17";"7";"12";"1813";"212.";"10.7";"5.7";"78.";"7.";"199.03";"69.87";"164.72"
"2019";"3";"17";"7";"13";"1814";"212.";"10.9";"5.9";"78.";"8.";"145.27";"0.00";"145.27"
"2019";"3";"17";"7";"14";"1815";"214.";"11.5";"6.0";"81.";"7.";"157.52";"88.20";"123.54"
"2019";"3";"17";"7";"15";"1816";"217.";"11.0";"4.2";"87.";"8.";"47.39";"0.00";"47.39"
"2019";"3";"17";"7";"16";"1817";"219.";"11.1";"4.5";"87.";"8.";"20.91";"0.00";"20.91"
"2019";"3";"17";"7";"17";"1818";"218.";"11.1";"4.7";"85.";"7.";"0.00";"0.00";"0.00"
"2019";"3";"17";"7";"18";"1819";"219.";"11.3";"4.7";"87.";"7.";"0.00";"0.00";"0.00"
"2019";"3";"17";"7";"19";"1820";"220.";"11.4";"4.3";"88.";"8.";"0.00";"0.00";"0.00"
"2019";"3";"17";"7";"20";"1821";"221.";"11.2";"4.3";"88.";"7.";"0.00";"0.00";"0.00"
"2019";"3";"17";"7";"21";"1822";"226.";"9.4";"4.3";"88.";"8.";"0.00";"0.00";"0.00"
"2019";"3";"17";"7";"22";"1823";"229.";"9.6";"4.1";"88.";"8.";"0.00";"0.00";"0.00"
"2019";"3";"17";"7";"23";"1824";"230.";"8.4";"4.0";"85.";"7.";"0.00";"0.00";"0.00"
"2019";"3";"18";"1";"0";"1825";"230.";"8.3";"4.3";"84.";"8.";"0.00";"0.00";"0.00"
"2019";"3";"18";"1";"1";"1826";"232.";"7.8";"4.3";"83.";"8.";"0.00";"0.00";"0.00"
"2019";"3";"18";"1";"2";"1827";"235.";"7.2";"4.2";"83.";"8.";"0.00";"0.00";"0.00"
"2019";"3";"18";"1";"3";"1828";"258.";"5.2";"4.3";"84.";"8.";"0.00";"0.00";"0.00"
"2019";"3";"18";"1";"4";"1829";"285.";"4.5";"3.5";"88.";"8.";"0.00";"0.00";"0.00"
"2019";"3";"18";"1";"5";"1830";"299.";"5.0";"3.0";"92.";"8.";"0.00";"0.00";"0.00"
"2019";"3";"18";"1";"6";"1831";"306.";"4.8";"2.9";"87.";"8.";"0.00";"0.00";"0.00"
"2019";"3";"18";"1";"7";"1832";"319.";"4.8";"2.9";"83.";"7.";"56.48";"69.94";"44.47"
"2019";"3";"18";"1";"8";"1833";"326.";"4.9";"3.0";"80.";"8.";"89.03";"0.00";"89.03"
"2019";"3";"18";"1";"9";"1834";"331.";"4.7";"3.0";"77.";"8.";"128.86";"0.00";"128.86"
"2019";"3";"18";"1";"10";"1835";"328.";"4.9";"3.5";"76.";"7.";"203.01";"106.49";"153.92"
"2019";"3";"18";"1";"11";"1836";"319.";"5.3";"4.1";"70.";"5.";"329.06";"347.41";"156.35"
"2019";"3";"18";"1";"12";"1837";"329.";"5.3";"4.8";"66.";"2.";"464.01";"677.20";"127.36"
"2019";"3";"18";"1";"13";"1838";"328.";"5.2";"5.5";"61.";"2.";"425.92";"671.45";"116.37"
"2019";"3";"18";"1";"14";"1839";"329.";"5.2";"6.1";"58.";"1.";"377.50";"710.84";"99.37"
"2019";"3";"18";"1";"15";"1840";"329.";"5.6";"5.9";"57.";"7.";"116.94";"93.00";"89.73"
"2019";"3";"18";"1";"16";"1841";"333.";"4.9";"5.6";"56.";"7.";"57.14";"72.04";"44.76"
"2019";"3";"18";"1";"17";"1842";"334.";"3.6";"5.4";"57.";"7.";"0.00";"0.00";"0.00"
"2019";"3";"18";"1";"18";"1843";"333.";"2.7";"4.9";"58.";"7.";"0.00";"0.00";"0.00"
"2019";"3";"18";"1";"19";"1844";"324.";"2.7";"3.8";"60.";"5.";"0.00";"0.00";"0.00"
"2019";"3";"18";"1";"20";"1845";"339.";"2.5";"3.7";"57.";"2.";"0.00";"0.00";"0.00"
"2019";"3";"18";"1";"21";"1846";"336.";"2.7";"2.9";"56.";"1.";"0.00";"0.00";"0.00"
"2019";"3";"18";"1";"22";"1847";"342.";"2.6";"1.9";"57.";"0.";"0.00";"0.00";"0.00"
"2019";"3";"18";"1";"23";"1848";"340.";"2.6";"1.3";"58.";"0.";"0.00";"0.00";"0.00"
"2019";"3";"19";"2";"0";"1849";"340.";"2.6";"1.0";"59.";"0.";"0.00";"0.00";"0.00"
"2019";"3";"19";"2";"1";"1850";"337.";"2.4";"0.3";"62.";"0.";"0.00";"0.00";"0.00"
"2019";"3";"19";"2";"2";"1851";"339.";"2.2";"-0.1";"65.";"0.";"0.00";"0.00";"0.00"
"2019";"3";"19";"2";"3";"1852";"333.";"1.8";"-0.2";"67.";"0.";"0.00";"0.00";"0.00"
"2019";"3";"19";"2";"4";"1853";"342.";"1.6";"-0.7";"70.";"0.";"0.00";"0.00";"0.00"
"2019";"3";"19";"2";"5";"1854";"339.";"1.7";"-0.7";"70.";"0.";"0.00";"0.00";"0.00"
"2019";"3";"19";"2";"6";"1855";"339.";"1.9";"-0.3";"70.";"0.";"7.75";"76.75";"4.45"
"2019";"3";"19";"2";"7";"1856";"344.";"2.5";"1.9";"60.";"0.";"143.07";"509.11";"52.56"
"2019";"3";"19";"2";"8";"1857";"344.";"3.1";"3.7";"51.";"0.";"293.89";"731.94";"75.31"
"2019";"3";"19";"2";"9";"1858";"345.";"3.0";"4.8";"45.";"0.";"416.13";"792.51";"101.27"
"2019";"3";"19";"2";"10";"1859";"340.";"2.8";"5.4";"42.";"0.";"498.54";"785.77";"131.53"
"2019";"3";"19";"2";"11";"1860";"323.";"3.2";"6.6";"40.";"0.";"546.23";"823.19";"132.01"
"2019";"3";"19";"2";"12";"1861";"310.";"4.1";"7.1";"41.";"0.";"550.73";"862.72";"116.63"
"2019";"3";"19";"2";"13";"1862";"303.";"4.7";"7.2";"41.";"0.";"508.72";"879.34";"98.01"
"2019";"3";"19";"2";"14";"1863";"300.";"4.4";"6.8";"41.";"0.";"419.24";"828.08";"90.24"
"2019";"3";"19";"2";"15";"1864";"299.";"3.6";"6.7";"43.";"0.";"294.17";"741.43";"72.75"
"2019";"3";"19";"2";"16";"1865";"292.";"2.8";"6.0";"48.";"1.";"135.26";"505.07";"45.46"
"2019";"3";"19";"2";"17";"1866";"279.";"1.6";"4.8";"57.";"0.";"4.88";"53.25";"2.59"
"2019";"3";"19";"2";"18";"1867";"223.";"1.4";"3.0";"70.";"0.";"0.00";"0.00";"0.00"
"2019";"3";"19";"2";"19";"1868";"211.";"2.0";"2.2";"77.";"4.";"0.00";"0.00";"0.00"
"2019";"3";"19";"2";"20";"1869";"227.";"2.8";"2.6";"78.";"6.";"0.00";"0.00";"0.00"
"2019";"3";"19";"2";"21";"1870";"221.";"2.6";"2.4";"81.";"2.";"0.00";"0.00";"0.00"
"2019";"3";"19";"2";"22";"1871";"225.";"3.2";"2.2";"85.";"2.";"0.00";"0.00";"0.00"
"2019";"3";"19";"2";"23";"1872";"223.";"3.4";"3.1";"84.";"8.";"0.00";"0.00";"0.00"
"2019";"3";"20";"3";"0";"1873";"220.";"3.7";"3.6";"84.";"7.";"0.00";"0.00";"0.00"
"2019";"3";"20";"3";"1";"1874";"221.";"4.7";"3.7";"84.";"4.";"0.00";"0.00";"0.00"
"2019";"3";"20";"3";"2";"1875";"216.";"4.8";"4.0";"85.";"6.";"0.00";"0.00";"0.00"
"2019";"3";"20";"3";"3";"1876";"219.";"5.1";"4.2";"86.";"7.";"0.00";"0.00";"0.00"
"2019";"3";"20";"3";"4";"1877";"216.";"5.2";"4.3";"89.";"8.";"0.00";"0.00";"0.00"
"2019";"3";"20";"3";"5";"1878";"211.";"5.6";"4.3";"93.";"8.";"0.00";"0.00";"0.00"
"2019";"3";"20";"3";"6";"1879";"211.";"5.3";"4.4";"94.";"8.";"0.00";"0.00";"0.00"
"2019";"3";"20";"3";"7";"1880";"224.";"5.3";"4.8";"95.";"8.";"37.73";"0.00";"37.73"
"2019";"3";"20";"3";"8";"1881";"228.";"5.3";"5.4";"95.";"8.";"74.16";"0.00";"74.16"
"2019";"3";"20";"3";"9";"1882";"244.";"6.4";"6.4";"95.";"8.";"113.01";"0.00";"113.01"
"2019";"3";"20";"3";"10";"1883";"257.";"5.8";"6.9";"94.";"8.";"141.05";"0.00";"141.05"
"2019";"3";"20";"3";"11";"1884";"274.";"4.9";"7.9";"87.";"6.";"255.76";"145.10";"181.87"
"2019";"3";"20";"3";"12";"1885";"282.";"5.9";"9.0";"76.";"7.";"210.76";"79.07";"170.50"
"2019";"3";"20";"3";"13";"1886";"285.";"5.1";"8.9";"70.";"8.";"291.16";"0.00";"291.16"
"2019";"3";"20";"3";"14";"1887";"290.";"5.5";"8.7";"69.";"7.";"269.77";"73.09";"240.29"
"2019";"3";"20";"3";"15";"1888";"290.";"5.4";"8.4";"71.";"7.";"182.80";"66.28";"162.61"
"2019";"3";"20";"3";"16";"1889";"291.";"4.7";"7.5";"76.";"7.";"53.01";"45.10";"44.72"
"2019";"3";"20";"3";"17";"1890";"287.";"4.3";"6.7";"81.";"8.";"0.00";"0.00";"0.00"
"2019";"3";"20";"3";"18";"1891";"279.";"3.8";"6.2";"83.";"8.";"0.00";"0.00";"0.00"
"2019";"3";"20";"3";"19";"1892";"273.";"2.9";"6.2";"83.";"8.";"0.00";"0.00";"0.00"
"2019";"3";"20";"3";"20";"1893";"272.";"3.1";"6.3";"83.";"8.";"0.00";"0.00";"0.00"
"2019";"3";"20";"3";"21";"1894";"272.";"3.3";"6.3";"82.";"5.";"0.00";"0.00";"0.00"
"2019";"3";"20";"3";"22";"1895";"269.";"3.4";"6.4";"81.";"6.";"0.00";"0.00";"0.00"
"2019";"3";"20";"3";"23";"1896";"255.";"3.7";"6.2";"84.";"7.";"0.00";"0.00";"0.00"
"2019";"3";"21";"4";"0";"1897";"233.";"3.7";"6.5";"87.";"7.";"0.00";"0.00";"0.00"
"2019";"3";"21";"4";"1";"1898";"229.";"5.0";"6.5";"90.";"7.";"0.00";"0.00";"0.00"
"2019";"3";"21";"4";"2";"1899";"225.";"4.7";"6.2";"94.";"8.";"0.00";"0.00";"0.00"
"2019";"3";"21";"4";"3";"1900";"224.";"4.4";"6.3";"94.";"7.";"0.00";"0.00";"0.00"
"2019";"3";"21";"4";"4";"1901";"214.";"4.6";"6.5";"95.";"8.";"0.00";"0.00";"0.00"
"2019";"3";"21";"4";"5";"1902";"215.";"5.3";"6.6";"95.";"7.";"0.00";"0.00";"0.00"
"2019";"3";"21";"4";"6";"1903";"213.";"5.1";"6.9";"96.";"8.";"0.00";"0.00";"0.00"
"2019";"3";"21";"4";"7";"1904";"217.";"4.9";"7.0";"96.";"8.";"29.79";"0.00";"29.79"
"2019";"3";"21";"4";"8";"1905";"220.";"4.8";"7.2";"96.";"8.";"68.98";"0.00";"68.98"
"2019";"3";"21";"4";"9";"1906";"234.";"5.3";"7.3";"96.";"8.";"98.80";"0.00";"98.80"
"2019";"3";"21";"4";"10";"1907";"246.";"4.9";"7.7";"96.";"8.";"126.72";"0.00";"126.72"
"2019";"3";"21";"4";"11";"1908";"251.";"5.2";"8.1";"93.";"8.";"150.87";"0.00";"150.87"
"2019";"3";"21";"4";"12";"1909";"256.";"5.6";"8.4";"91.";"8.";"155.34";"0.00";"155.34"
"2019";"3";"21";"4";"13";"1910";"261.";"5.9";"8.5";"90.";"8.";"142.77";"0.00";"142.77"
"2019";"3";"21";"4";"14";"1911";"257.";"5.8";"8.5";"90.";"8.";"114.74";"0.00";"114.74"
"2019";"3";"21";"4";"15";"1912";"260.";"5.5";"8.3";"91.";"8.";"80.40";"0.00";"80.40"
"2019";"3";"21";"4";"16";"1913";"266.";"5.8";"8.0";"91.";"8.";"38.70";"0.00";"38.70"
"2019";"3";"21";"4";"17";"1914";"274.";"5.3";"8.0";"92.";"7.";"0.00";"0.00";"0.00"
"2019";"3";"21";"4";"18";"1915";"277.";"6.6";"7.7";"93.";"7.";"0.00";"0.00";"0.00"
"2019";"3";"21";"4";"19";"1916";"283.";"5.2";"6.6";"95.";"8.";"0.00";"0.00";"0.00"
"2019";"3";"21";"4";"20";"1917";"279.";"5.6";"5.9";"96.";"7.";"0.00";"0.00";"0.00"
"2019";"3";"21";"4";"21";"1918";"298.";"3.7";"5.3";"93.";"7.";"0.00";"0.00";"0.00"
"2019";"3";"21";"4";"22";"1919";"309.";"1.8";"4.4";"92.";"7.";"0.00";"0.00";"0.00"
"2019";"3";"21";"4";"23";"1920";"294.";"2.5";"3.6";"92.";"5.";"0.00";"0.00";"0.00"
"2019";"3";"22";"5";"0";"1921";"321.";"1.4";"2.3";"92.";"4.";"0.00";"0.00";"0.00"
"2019";"3";"22";"5";"1";"1922";"23.";"0.7";"1.4";"93.";"1.";"0.00";"0.00";"0.00"
"2019";"3";"22";"5";"2";"1923";"58.";"1.3";"0.6";"94.";"1.";"0.00";"0.00";"0.00"
"2019";"3";"22";"5";"3";"1924";"81.";"2.5";"0.8";"94.";"2.";"0.00";"0.00";"0.00"
"2019";"3";"22";"5";"4";"1925";"106.";"2.4";"0.5";"93.";"1.";"0.00";"0.00";"0.00"
"2019";"3";"22";"5";"5";"1926";"115.";"1.7";"0.7";"92.";"6.";"0.00";"0.00";"0.00"
"2019";"3";"22";"5";"6";"1927";"130.";"1.9";"1.4";"93.";"4.";"9.23";"49.75";"6.21"
"2019";"3";"22";"5";"7";"1928";"163.";"2.4";"2.2";"95.";"6.";"79.06";"131.16";"53.39"
"2019";"3";"22";"5";"8";"1929";"158.";"2.9";"3.4";"94.";"7.";"117.85";"66.84";"96.68"
"2019";"3";"22";"5";"9";"1930";"154.";"3.8";"4.6";"93.";"7.";"171.71";"89.23";"134.66"
"2019";"3";"22";"5";"10";"1931";"164.";"4.5";"5.7";"90.";"7.";"210.66";"102.45";"160.96"
"2019";"3";"22";"5";"11";"1932";"162.";"4.8";"6.9";"82.";"7.";"227.90";"100.88";"175.32"
"2019";"3";"22";"5";"12";"1933";"169.";"5.0";"8.3";"77.";"5.";"334.56";"309.40";"173.29"
"2019";"3";"22";"5";"13";"1934";"172.";"5.6";"8.0";"75.";"5.";"305.59";"292.81";"163.54"
"2019";"3";"22";"5";"14";"1935";"181.";"6.0";"6.6";"81.";"5.";"251.94";"271.22";"139.30"
"2019";"3";"22";"5";"15";"1936";"170.";"5.6";"6.2";"84.";"7.";"120.57";"76.86";"96.23"
"2019";"3";"22";"5";"16";"1937";"172.";"5.4";"6.2";"84.";"8.";"46.03";"0.00";"46.03"
"2019";"3";"22";"5";"17";"1938";"180.";"6.0";"6.4";"86.";"6.";"2.52";"8.22";"2.02"
"2019";"3";"22";"5";"18";"1939";"186.";"6.4";"6.1";"92.";"7.";"0.00";"0.00";"0.00"
"2019";"3";"22";"5";"19";"1940";"190.";"7.0";"5.9";"96.";"8.";"0.00";"0.00";"0.00"
"2019";"3";"22";"5";"20";"1941";"192.";"7.4";"5.9";"95.";"7.";"0.00";"0.00";"0.00"
"2019";"3";"22";"5";"21";"1942";"189.";"7.1";"5.9";"96.";"8.";"0.00";"0.00";"0.00"
"2019";"3";"22";"5";"22";"1943";"189.";"7.1";"6.2";"96.";"8.";"0.00";"0.00";"0.00"
"2019";"3";"22";"5";"23";"1944";"197.";"7.1";"6.5";"96.";"8.";"0.00";"0.00";"0.00"
"2019";"3";"23";"6";"0";"1945";"206.";"7.2";"6.5";"96.";"8.";"0.00";"0.00";"0.00"
"2019";"3";"23";"6";"1";"1946";"204.";"6.1";"6.3";"97.";"8.";"0.00";"0.00";"0.00"
"2019";"3";"23";"6";"2";"1947";"211.";"5.7";"6.3";"97.";"8.";"0.00";"0.00";"0.00"
"2019";"3";"23";"6";"3";"1948";"218.";"6.0";"6.3";"95.";"8.";"0.00";"0.00";"0.00"
"2019";"3";"23";"6";"4";"1949";"225.";"5.7";"6.2";"95.";"8.";"0.00";"0.00";"0.00"
"2019";"3";"23";"6";"5";"1950";"231.";"5.4";"6.3";"95.";"8.";"0.00";"0.00";"0.00"
"2019";"3";"23";"6";"6";"1951";"239.";"5.6";"6.4";"95.";"8.";"1.78";"0.00";"1.78"
"2019";"3";"23";"6";"7";"1952";"250.";"5.6";"6.6";"94.";"7.";"56.23";"35.28";"49.12"
"2019";"3";"23";"6";"8";"1953";"267.";"5.7";"6.5";"91.";"7.";"113.33";"52.47";"96.41"
"2019";"3";"23";"6";"9";"1954";"270.";"7.0";"7.3";"78.";"2.";"348.91";"450.02";"159.32"
"2019";"3";"23";"6";"10";"1955";"270.";"6.8";"8.0";"68.";"5.";"302.87";"257.61";"176.37"
"2019";"3";"23";"6";"11";"1956";"269.";"7.8";"8.2";"62.";"1.";"514.47";"644.65";"174.60"
"2019";"3";"23";"6";"12";"1957";"269.";"8.3";"8.3";"64.";"2.";"465.48";"516.28";"193.29"
"2019";"3";"23";"6";"13";"1958";"265.";"8.3";"8.2";"62.";"2.";"430.19";"515.07";"177.25"
"2019";"3";"23";"6";"14";"1959";"267.";"8.7";"7.8";"63.";"2.";"354.13";"465.46";"158.03"
"2019";"3";"23";"6";"15";"1960";"270.";"8.8";"7.5";"63.";"1.";"277.60";"500.48";"116.16"
"2019";"3";"23";"6";"16";"1961";"271.";"8.6";"7.0";"65.";"1.";"146.75";"401.37";"65.81"
"2019";"3";"23";"6";"17";"1962";"269.";"7.8";"6.2";"71.";"1.";"15.03";"86.30";"9.26"
"2019";"3";"23";"6";"18";"1963";"271.";"7.7";"5.7";"74.";"1.";"0.00";"0.00";"0.00"
"2019";"3";"23";"6";"19";"1964";"276.";"7.8";"5.7";"77.";"1.";"0.00";"0.00";"0.00"
"2019";"3";"23";"6";"20";"1965";"274.";"7.5";"5.6";"78.";"5.";"0.00";"0.00";"0.00"
"2019";"3";"23";"6";"21";"1966";"277.";"7.3";"5.4";"78.";"6.";"0.00";"0.00";"0.00"
"2019";"3";"23";"6";"22";"1967";"281.";"6.9";"5.3";"81.";"7.";"0.00";"0.00";"0.00"
"2019";"3";"23";"6";"23";"1968";"278.";"6.1";"5.2";"81.";"7.";"0.00";"0.00";"0.00"
"2019";"3";"24";"7";"0";"1969";"280.";"6.3";"5.1";"81.";"7.";"0.00";"0.00";"0.00"
"2019";"3";"24";"7";"1";"1970";"284.";"5.9";"4.9";"81.";"5.";"0.00";"0.00";"0.00"
"2019";"3";"24";"7";"2";"1971";"285.";"6.0";"4.7";"81.";"5.";"0.00";"0.00";"0.00"
"2019";"3";"24";"7";"3";"1972";"280.";"5.5";"4.6";"81.";"8.";"0.00";"0.00";"0.00"
"2019";"3";"24";"7";"4";"1973";"278.";"4.8";"4.7";"82.";"4.";"0.00";"0.00";"0.00"
"2019";"3";"24";"7";"5";"1974";"276.";"3.8";"4.7";"84.";"8.";"0.00";"0.00";"0.00"
"2019";"3";"24";"7";"6";"1975";"274.";"4.3";"4.9";"84.";"8.";"5.88";"0.00";"5.88"
"2019";"3";"24";"7";"7";"1976";"269.";"5.8";"5.5";"85.";"8.";"48.11";"0.00";"48.11"
"2019";"3";"24";"7";"8";"1977";"264.";"5.5";"5.9";"83.";"4.";"204.84";"261.17";"119.04"
"2019";"3";"24";"7";"9";"1978";"257.";"5.0";"6.8";"77.";"3.";"328.82";"413.99";"151.94"
"2019";"3";"24";"7";"10";"1979";"249.";"5.6";"7.3";"75.";"4.";"344.82";"314.54";"188.48"
"2019";"3";"24";"7";"11";"1980";"239.";"5.6";"7.9";"69.";"5.";"332.98";"261.42";"193.60"
"2019";"3";"24";"7";"12";"1981";"234.";"5.8";"7.7";"67.";"7.";"380.12";"96.05";"328.91"
"2019";"3";"24";"7";"13";"1982";"237.";"5.1";"7.3";"66.";"5.";"315.08";"289.04";"171.41"
"2019";"3";"24";"7";"14";"1983";"249.";"6.2";"6.6";"65.";"6.";"226.62";"199.65";"141.32"
"2019";"3";"24";"7";"15";"1984";"247.";"6.1";"5.7";"75.";"8.";"99.51";"0.00";"99.51"
"2019";"3";"24";"7";"16";"1985";"239.";"4.5";"5.9";"75.";"6.";"86.79";"142.80";"57.14"
"2019";"3";"24";"7";"17";"1986";"241.";"4.9";"5.2";"76.";"7.";"9.32";"20.07";"7.86"
"2019";"3";"24";"7";"18";"1987";"240.";"4.3";"3.9";"83.";"8.";"0.00";"0.00";"0.00"
"2019";"3";"24";"7";"19";"1988";"232.";"4.1";"4.3";"87.";"8.";"0.00";"0.00";"0.00"
"2019";"3";"24";"7";"20";"1989";"239.";"4.4";"4.6";"88.";"8.";"0.00";"0.00";"0.00"
"2019";"3";"24";"7";"21";"1990";"228.";"5.2";"4.7";"86.";"8.";"0.00";"0.00";"0.00"
"2019";"3";"24";"7";"22";"1991";"220.";"4.7";"4.7";"87.";"8.";"0.00";"0.00";"0.00"
"2019";"3";"24";"7";"23";"1992";"216.";"4.7";"4.7";"87.";"8.";"0.00";"0.00";"0.00"
"2019";"3";"25";"1";"0";"1993";"212.";"3.9";"4.8";"87.";"8.";"0.00";"0.00";"0.00"
"2019";"3";"25";"1";"1";"1994";"199.";"3.5";"4.6";"90.";"8.";"0.00";"0.00";"0.00"
"2019";"3";"25";"1";"2";"1995";"213.";"2.1";"4.2";"91.";"8.";"0.00";"0.00";"0.00"
"2019";"3";"25";"1";"3";"1996";"181.";"0.8";"3.7";"92.";"7.";"0.00";"0.00";"0.00"
"2019";"3";"25";"1";"4";"1997";"125.";"1.7";"3.6";"93.";"8.";"0.00";"0.00";"0.00"
"2019";"3";"25";"1";"5";"1998";"81.";"1.8";"3.7";"93.";"8.";"0.00";"0.00";"0.00"
"2019";"3";"25";"1";"6";"1999";"74.";"2.0";"3.9";"92.";"8.";"7.88";"0.00";"7.88"
"2019";"3";"25";"1";"7";"2000";"56.";"2.8";"4.6";"90.";"8.";"53.75";"0.00";"53.75"
"2019";"3";"25";"1";"8";"2001";"38.";"3.4";"5.4";"85.";"7.";"133.49";"90.71";"103.16"
"2019";"3";"25";"1";"9";"2002";"35.";"4.4";"6.4";"77.";"7.";"185.77";"102.72";"141.28"
"2019";"3";"25";"1";"10";"2003";"35.";"4.9";"6.1";"73.";"7.";"222.10";"105.73";"168.92"
"2019";"3";"25";"1";"11";"2004";"28.";"5.0";"6.2";"71.";"7.";"241.97";"109.74";"182.81"
"2019";"3";"25";"1";"12";"2005";"13.";"4.1";"7.0";"66.";"6.";"298.09";"213.51";"182.99"
"2019";"3";"25";"1";"13";"2006";"13.";"4.2";"7.1";"63.";"3.";"420.53";"541.23";"148.31"
"2019";"3";"25";"1";"14";"2007";"358.";"3.5";"8.0";"57.";"2.";"387.57";"612.60";"122.21"
"2019";"3";"25";"1";"15";"2008";"350.";"3.5";"8.6";"51.";"1.";"309.83";"675.07";"84.05"
"2019";"3";"25";"1";"16";"2009";"320.";"3.3";"7.5";"57.";"5.";"109.56";"226.32";"61.23"
"2019";"3";"25";"1";"17";"2010";"309.";"3.1";"6.3";"58.";"8.";"10.47";"0.00";"10.47"
"2019";"3";"25";"1";"18";"2011";"295.";"2.6";"4.6";"62.";"8.";"0.00";"0.00";"0.00"
"2019";"3";"25";"1";"19";"2012";"281.";"2.4";"3.1";"71.";"4.";"0.00";"0.00";"0.00"
"2019";"3";"25";"1";"20";"2013";"261.";"1.9";"2.6";"78.";"0.";"0.00";"0.00";"0.00"
"2019";"3";"25";"1";"21";"2014";"239.";"2.3";"1.9";"81.";"1.";"0.00";"0.00";"0.00"
"2019";"3";"25";"1";"22";"2015";"256.";"3.4";"3.6";"83.";"2.";"0.00";"0.00";"0.00"
"2019";"3";"25";"1";"23";"2016";"303.";"2.6";"3.3";"80.";"2.";"0.00";"0.00";"0.00"
"2019";"3";"26";"2";"0";"2017";"318.";"2.7";"2.8";"78.";"2.";"0.00";"0.00";"0.00"
"2019";"3";"26";"2";"1";"2018";"302.";"3.7";"2.3";"77.";"0.";"0.00";"0.00";"0.00"
"2019";"3";"26";"2";"2";"2019";"304.";"4.0";"2.7";"79.";"0.";"0.00";"0.00";"0.00"
"2019";"3";"26";"2";"3";"2020";"303.";"4.6";"3.4";"80.";"0.";"0.00";"0.00";"0.00"
"2019";"3";"26";"2";"4";"2021";"312.";"4.1";"3.5";"80.";"2.";"0.00";"0.00";"0.00"
"2019";"3";"26";"2";"5";"2022";"328.";"3.2";"2.8";"82.";"6.";"0.00";"0.00";"0.00"
"2019";"3";"26";"2";"6";"2023";"341.";"3.6";"3.4";"76.";"8.";"11.38";"0.00";"11.38"
"2019";"3";"26";"2";"7";"2024";"351.";"4.1";"4.6";"63.";"5.";"114.84";"229.62";"64.44"
"2019";"3";"26";"2";"8";"2025";"356.";"5.2";"5.7";"49.";"0.";"343.59";"765.45";"83.05"
"2019";"3";"26";"2";"9";"2026";"2.";"5.7";"6.7";"38.";"4.";"315.58";"365.82";"154.96"
"2019";"3";"26";"2";"10";"2027";"4.";"5.3";"6.9";"37.";"6.";"282.31";"210.01";"175.45"
"2019";"3";"26";"2";"11";"2028";"360.";"4.4";"7.6";"36.";"2.";"514.69";"662.23";"153.78"
"2019";"3";"26";"2";"12";"2029";"342.";"3.8";"8.4";"35.";"8.";"375.75";"0.00";"375.75"
"2019";"3";"26";"2";"13";"2030";"324.";"4.1";"8.0";"40.";"8.";"367.98";"0.00";"367.98"
"2019";"3";"26";"2";"14";"2031";"314.";"4.6";"7.1";"46.";"8.";"286.02";"0.00";"286.02"
"2019";"3";"26";"2";"15";"2032";"302.";"4.6";"7.2";"45.";"4.";"279.64";"367.03";"154.71"
"2019";"3";"26";"2";"16";"2033";"304.";"4.1";"6.3";"46.";"7.";"132.09";"82.40";"114.00"
"2019";"3";"26";"2";"17";"2034";"300.";"3.4";"5.4";"51.";"5.";"35.94";"116.79";"26.05"
"2019";"3";"26";"2";"18";"2035";"285.";"2.7";"5.0";"60.";"8.";"0.00";"0.00";"0.00"
"2019";"3";"26";"2";"19";"2036";"268.";"1.8";"4.9";"64.";"8.";"0.00";"0.00";"0.00"
"2019";"3";"26";"2";"20";"2037";"255.";"2.4";"4.7";"65.";"8.";"0.00";"0.00";"0.00"
"2019";"3";"26";"2";"21";"2038";"238.";"3.3";"4.9";"72.";"7.";"0.00";"0.00";"0.00"
"2019";"3";"26";"2";"22";"2039";"233.";"3.4";"5.2";"83.";"7.";"0.00";"0.00";"0.00"
"2019";"3";"26";"2";"23";"2040";"247.";"4.0";"5.7";"89.";"8.";"0.00";"0.00";"0.00"
"2019";"3";"27";"3";"0";"2041";"258.";"4.5";"6.0";"90.";"8.";"0.00";"0.00";"0.00"
"2019";"3";"27";"3";"1";"2042";"270.";"5.0";"5.9";"90.";"8.";"0.00";"0.00";"0.00"
"2019";"3";"27";"3";"2";"2043";"275.";"5.1";"5.8";"91.";"8.";"0.00";"0.00";"0.00"
"2019";"3";"27";"3";"3";"2044";"271.";"4.7";"5.8";"93.";"8.";"0.00";"0.00";"0.00"
"2019";"3";"27";"3";"4";"2045";"273.";"3.4";"5.5";"95.";"8.";"0.00";"0.00";"0.00"
"2019";"3";"27";"3";"5";"2046";"277.";"2.0";"5.4";"95.";"7.";"0.00";"0.00";"0.00"
"2019";"3";"27";"3";"6";"2047";"278.";"2.7";"5.6";"95.";"7.";"11.79";"13.88";"10.53"
"2019";"3";"27";"3";"7";"2048";"275.";"3.0";"5.8";"96.";"8.";"49.83";"0.00";"49.83"
"2019";"3";"27";"3";"8";"2049";"270.";"3.2";"5.9";"96.";"8.";"92.06";"0.00";"92.06"
"2019";"3";"27";"3";"9";"2050";"269.";"2.8";"6.9";"91.";"8.";"134.30";"0.00";"134.30"
"2019";"3";"27";"3";"10";"2051";"247.";"2.1";"8.1";"84.";"7.";"222.04";"98.00";"171.59"
"2019";"3";"27";"3";"11";"2052";"231.";"1.4";"9.3";"76.";"5.";"348.50";"283.75";"192.20"
"2019";"3";"27";"3";"12";"2053";"257.";"1.5";"10.6";"69.";"2.";"501.23";"610.50";"164.94"
"2019";"3";"27";"3";"13";"2054";"271.";"2.1";"11.3";"65.";"2.";"466.76";"625.24";"144.93"
"2019";"3";"27";"3";"14";"2055";"282.";"3.4";"10.7";"64.";"2.";"391.47";"589.11";"129.35"
"2019";"3";"27";"3";"15";"2056";"292.";"2.6";"10.1";"63.";"1.";"312.83";"629.23";"94.95"
"2019";"3";"27";"3";"16";"2057";"297.";"2.5";"9.9";"62.";"0.";"196.50";"643.53";"51.45"
"2019";"3";"27";"3";"17";"2058";"293.";"2.4";"8.8";"63.";"6.";"28.92";"65.99";"22.94"
"2019";"3";"27";"3";"18";"2059";"283.";"1.2";"7.0";"72.";"8.";"0.00";"0.00";"0.00"
"2019";"3";"27";"3";"19";"2060";"256.";"1.0";"5.7";"78.";"8.";"0.00";"0.00";"0.00"
"2019";"3";"27";"3";"20";"2061";"245.";"0.9";"4.4";"82.";"6.";"0.00";"0.00";"0.00"
"2019";"3";"27";"3";"21";"2062";"181.";"1.2";"4.2";"87.";"8.";"0.00";"0.00";"0.00"
"2019";"3";"27";"3";"22";"2063";"179.";"1.5";"3.7";"88.";"5.";"0.00";"0.00";"0.00"
"2019";"3";"27";"3";"23";"2064";"161.";"1.4";"3.3";"89.";"8.";"0.00";"0.00";"0.00"
"2019";"3";"28";"4";"0";"2065";"158.";"1.3";"3.3";"91.";"3.";"0.00";"0.00";"0.00"
"2019";"3";"28";"4";"1";"2066";"179.";"1.1";"4.0";"93.";"8.";"0.00";"0.00";"0.00"
"2019";"3";"28";"4";"2";"2067";"149.";"1.6";"4.7";"94.";"8.";"0.00";"0.00";"0.00"
"2019";"3";"28";"4";"3";"2068";"148.";"1.9";"4.8";"95.";"8.";"0.00";"0.00";"0.00"
"2019";"3";"28";"4";"4";"2069";"163.";"2.3";"5.1";"95.";"8.";"0.00";"0.00";"0.00"
"2019";"3";"28";"4";"5";"2070";"176.";"1.7";"5.2";"95.";"7.";"0.00";"0.00";"0.00"
"2019";"3";"28";"4";"6";"2071";"183.";"1.6";"5.5";"95.";"6.";"16.89";"26.34";"14.35"
"2019";"3";"28";"4";"7";"2072";"194.";"1.4";"5.9";"93.";"4.";"121.46";"188.63";"77.83"
"2019";"3";"28";"4";"8";"2073";"235.";"1.3";"7.0";"90.";"5.";"198.94";"233.00";"116.89"
"2019";"3";"28";"4";"9";"2074";"256.";"2.7";"8.0";"88.";"3.";"354.21";"466.38";"143.97"
"2019";"3";"28";"4";"10";"2075";"258.";"2.7";"9.4";"83.";"7.";"218.93";"87.50";"173.38"
"2019";"3";"28";"4";"11";"2076";"267.";"3.1";"10.0";"80.";"7.";"239.21";"93.18";"187.34"
"2019";"3";"28";"4";"12";"2077";"256.";"2.9";"10.8";"76.";"5.";"355.78";"302.84";"187.19"
"2019";"3";"28";"4";"13";"2078";"257.";"3.0";"10.8";"73.";"7.";"227.08";"103.98";"172.95"
"2019";"3";"28";"4";"14";"2079";"275.";"5.2";"11.3";"74.";"3.";"344.51";"412.74";"158.45"
"2019";"3";"28";"4";"15";"2080";"280.";"5.9";"11.4";"73.";"1.";"305.87";"553.72";"110.89"
"2019";"3";"28";"4";"16";"2081";"281.";"6.5";"10.6";"73.";"1.";"167.60";"394.72";"76.30"
"2019";"3";"28";"4";"17";"2082";"280.";"6.6";"9.7";"74.";"4.";"24.86";"95.01";"15.69"
"2019";"3";"28";"4";"18";"2083";"276.";"5.8";"8.8";"78.";"3.";"0.00";"0.00";"0.00"
"2019";"3";"28";"4";"19";"2084";"262.";"4.4";"8.3";"81.";"5.";"0.00";"0.00";"0.00"
"2019";"3";"28";"4";"20";"2085";"254.";"5.0";"7.8";"83.";"8.";"0.00";"0.00";"0.00"
"2019";"3";"28";"4";"21";"2086";"257.";"5.1";"7.3";"87.";"6.";"0.00";"0.00";"0.00"
"2019";"3";"28";"4";"22";"2087";"251.";"4.4";"7.0";"86.";"7.";"0.00";"0.00";"0.00"
"2019";"3";"28";"4";"23";"2088";"250.";"3.6";"6.7";"85.";"4.";"0.00";"0.00";"0.00"
"2019";"3";"29";"5";"0";"2089";"250.";"3.5";"6.6";"85.";"8.";"0.00";"0.00";"0.00"
"2019";"3";"29";"5";"1";"2090";"247.";"4.1";"6.5";"84.";"6.";"0.00";"0.00";"0.00"
"2019";"3";"29";"5";"2";"2091";"243.";"4.2";"6.1";"84.";"8.";"0.00";"0.00";"0.00"
"2019";"3";"29";"5";"3";"2092";"243.";"4.5";"5.8";"86.";"5.";"0.00";"0.00";"0.00"
"2019";"3";"29";"5";"4";"2093";"242.";"4.2";"6.1";"87.";"8.";"0.00";"0.00";"0.00"
"2019";"3";"29";"5";"5";"2094";"240.";"4.3";"6.4";"86.";"6.";"0.00";"0.00";"0.00"
"2019";"3";"29";"5";"6";"2095";"237.";"4.5";"6.8";"84.";"5.";"26.43";"79.44";"18.29"
"2019";"3";"29";"5";"7";"2096";"234.";"5.1";"7.5";"82.";"5.";"116.07";"186.47";"71.85"
"2019";"3";"29";"5";"8";"2097";"236.";"5.9";"8.0";"82.";"3.";"255.89";"352.43";"129.72"
"2019";"3";"29";"5";"9";"2098";"232.";"5.5";"8.4";"81.";"8.";"138.18";"0.00";"138.18"
"2019";"3";"29";"5";"10";"2099";"234.";"4.6";"8.9";"78.";"8.";"162.47";"0.00";"162.47"
"2019";"3";"29";"5";"11";"2100";"235.";"4.6";"9.9";"75.";"5.";"344.23";"240.39";"209.01"
"2019";"3";"29";"5";"12";"2101";"242.";"4.4";"10.6";"72.";"4.";"395.42";"324.60";"212.84"
"2019";"3";"29";"5";"13";"2102";"242.";"5.1";"10.9";"70.";"4.";"367.43";"326.13";"195.76"
"2019";"3";"29";"5";"14";"2103";"234.";"4.5";"10.6";"69.";"0.";"448.74";"617.97";"166.56"
"2019";"3";"29";"5";"15";"2104";"241.";"5.4";"11.0";"68.";"1.";"312.20";"537.07";"119.94"
"2019";"3";"29";"5";"16";"2105";"242.";"4.8";"10.8";"66.";"0.";"191.06";"476.95";"77.94"
"2019";"3";"29";"5";"17";"2106";"243.";"3.6";"9.7";"70.";"0.";"44.27";"230.99";"20.61"
"2019";"3";"29";"5";"18";"2107";"248.";"3.9";"8.2";"76.";"1.";"0.00";"0.00";"0.00"
"2019";"3";"29";"5";"19";"2108";"246.";"4.0";"7.6";"78.";"4.";"0.00";"0.00";"0.00"
"2019";"3";"29";"5";"20";"2109";"244.";"4.3";"7.2";"81.";"3.";"0.00";"0.00";"0.00"
"2019";"3";"29";"5";"21";"2110";"249.";"5.5";"7.1";"83.";"7.";"0.00";"0.00";"0.00"
"2019";"3";"29";"5";"22";"2111";"248.";"5.5";"7.0";"83.";"6.";"0.00";"0.00";"0.00"
"2019";"3";"29";"5";"23";"2112";"249.";"5.4";"6.9";"84.";"5.";"0.00";"0.00";"0.00"
"2019";"3";"30";"6";"0";"2113";"257.";"4.8";"6.7";"85.";"7.";"0.00";"0.00";"0.00"
"2019";"3";"30";"6";"1";"2114";"255.";"5.1";"6.5";"85.";"8.";"0.00";"0.00";"0.00"
"2019";"3";"30";"6";"2";"2115";"255.";"5.1";"6.4";"86.";"8.";"0.00";"0.00";"0.00"
"2019";"3";"30";"6";"3";"2116";"248.";"4.6";"6.3";"86.";"7.";"0.00";"0.00";"0.00"
"2019";"3";"30";"6";"4";"2117";"246.";"4.9";"6.3";"87.";"5.";"0.00";"0.00";"0.00"
"2019";"3";"30";"6";"5";"2118";"246.";"4.4";"6.1";"87.";"5.";"0.00";"0.00";"0.00"
"2019";"3";"30";"6";"6";"2119";"239.";"3.9";"6.3";"87.";"8.";"14.96";"0.00";"14.96"
"2019";"3";"30";"6";"7";"2120";"246.";"4.2";"6.5";"87.";"8.";"59.38";"0.00";"59.38"
"2019";"3";"30";"6";"8";"2121";"242.";"4.8";"6.3";"87.";"8.";"100.96";"0.00";"100.96"
"2019";"3";"30";"6";"9";"2122";"223.";"4.7";"6.3";"86.";"8.";"135.56";"0.00";"135.56"
"2019";"3";"30";"6";"10";"2123";"216.";"5.0";"6.3";"86.";"8.";"159.21";"0.00";"159.21"
"2019";"3";"30";"6";"11";"2124";"209.";"4.8";"6.5";"84.";"8.";"173.24";"0.00";"173.24"
"2019";"3";"30";"6";"12";"2125";"196.";"4.7";"7.3";"81.";"7.";"229.32";"65.45";"192.14"
"2019";"3";"30";"6";"13";"2126";"196.";"5.0";"7.5";"82.";"8.";"156.08";"0.00";"156.08"
"2019";"3";"30";"6";"14";"2127";"201.";"5.0";"7.9";"84.";"8.";"129.99";"0.00";"129.99"
"2019";"3";"30";"6";"15";"2128";"204.";"4.6";"7.7";"85.";"8.";"97.62";"0.00";"97.62"
"2019";"3";"30";"6";"16";"2129";"215.";"4.4";"8.0";"85.";"8.";"55.88";"0.00";"55.88"
"2019";"3";"30";"6";"17";"2130";"249.";"5.8";"7.9";"84.";"7.";"18.66";"22.27";"16.25"
"2019";"3";"30";"6";"18";"2131";"246.";"6.6";"7.2";"88.";"8.";"0.00";"0.00";"0.00"
"2019";"3";"30";"6";"19";"2132";"260.";"6.8";"7.1";"87.";"8.";"0.00";"0.00";"0.00"
"2019";"3";"30";"6";"20";"2133";"270.";"7.2";"6.5";"85.";"8.";"0.00";"0.00";"0.00"
"2019";"3";"30";"6";"21";"2134";"275.";"7.8";"6.1";"81.";"5.";"0.00";"0.00";"0.00"
"2019";"3";"30";"6";"22";"2135";"274.";"7.7";"5.7";"79.";"5.";"0.00";"0.00";"0.00"
"2019";"3";"30";"6";"23";"2136";"273.";"8.8";"5.5";"80.";"4.";"0.00";"0.00";"0.00"
"2019";"3";"31";"7";"0";"2137";"273.";"8.3";"5.3";"79.";"4.";"0.00";"0.00";"0.00"
"2019";"3";"31";"7";"1";"2138";"278.";"8.8";"5.1";"73.";"4.";"0.00";"0.00";"0.00"
"2019";"3";"31";"7";"2";"2139";"283.";"9.1";"5.0";"72.";"3.";"0.00";"0.00";"0.00"
"2019";"3";"31";"7";"3";"2140";"294.";"9.5";"4.9";"68.";"1.";"0.00";"0.00";"0.00"
"2019";"3";"31";"7";"4";"2141";"305.";"9.4";"4.7";"58.";"0.";"0.00";"0.00";"0.00"
"2019";"3";"31";"7";"5";"2142";"315.";"8.3";"4.5";"54.";"0.";"0.00";"0.00";"0.00"
"2019";"3";"31";"7";"6";"2143";"321.";"7.4";"4.6";"51.";"0.";"74.81";"405.99";"28.45"
"2019";"3";"31";"7";"7";"2144";"326.";"6.9";"5.4";"48.";"0.";"238.16";"719.07";"59.22"
"2019";"3";"31";"7";"8";"2145";"324.";"7.0";"6.1";"45.";"0.";"385.11";"842.77";"73.63"
"2019";"3";"31";"7";"9";"2146";"325.";"6.0";"6.5";"39.";"0.";"513.60";"921.99";"81.95"
"2019";"3";"31";"7";"10";"2147";"325.";"5.3";"7.3";"37.";"1.";"556.15";"808.55";"121.25"
"2019";"3";"31";"7";"11";"2148";"322.";"5.3";"7.6";"34.";"1.";"603.17";"847.56";"116.71"
"2019";"3";"31";"7";"12";"2149";"314.";"6.5";"7.2";"32.";"1.";"603.52";"844.72";"118.69"
"2019";"3";"31";"7";"13";"2150";"317.";"6.5";"6.8";"33.";"0.";"602.37";"937.82";"97.94"
"2019";"3";"31";"7";"14";"2151";"314.";"6.3";"6.9";"34.";"0.";"512.64";"902.91";"89.93"
"2019";"3";"31";"7";"15";"2152";"309.";"5.7";"6.8";"37.";"0.";"395.77";"856.06";"79.38"
"2019";"3";"31";"7";"16";"2153";"305.";"5.8";"6.0";"38.";"0.";"240.97";"727.53";"59.91"
"2019";"3";"31";"7";"17";"2154";"308.";"4.2";"5.4";"36.";"0.";"81.76";"455.75";"29.71"
"2019";"3";"31";"7";"18";"2155";"301.";"2.9";"4.2";"43.";"1.";"0.00";"0.00";"0.00"
"2019";"3";"31";"7";"19";"2156";"300.";"2.4";"3.0";"52.";"0.";"0.00";"0.00";"0.00"
"2019";"3";"31";"7";"20";"2157";"305.";"2.1";"2.0";"60.";"0.";"0.00";"0.00";"0.00"
"2019";"3";"31";"7";"21";"2158";"299.";"2.1";"-0.1";"65.";"0.";"0.00";"0.00";"0.00"
"2019";"3";"31";"7";"22";"2159";"303.";"1.4";"-0.7";"70.";"0.";"0.00";"0.00";"0.00"
"2019";"3";"31";"7";"23";"2160";"313.";"0.9";"-1.1";"75.";"0.";"0.00";"0.00";"0.00"
"2019";"4";"1";"1";"0";"2161";"3.";"0.5";"-2.0";"77.";"0.";"0.00";"0.00";"0.00"
"2019";"4";"1";"1";"1";"2162";"13.";"0.3";"-2.4";"79.";"0.";"0.00";"0.00";"0.00"
"2019";"4";"1";"1";"2";"2163";"69.";"0.8";"-3.1";"82.";"0.";"0.00";"0.00";"0.00"
"2019";"4";"1";"1";"3";"2164";"83.";"1.0";"-3.2";"82.";"0.";"0.00";"0.00";"0.00"
"2019";"4";"1";"1";"4";"2165";"100.";"1.0";"-3.6";"83.";"0.";"0.00";"0.00";"0.00"
"2019";"4";"1";"1";"5";"2166";"100.";"1.1";"-3.5";"82.";"0.";"0.00";"0.00";"0.00"
"2019";"4";"1";"1";"6";"2167";"111.";"1.5";"-1.8";"77.";"0.";"71.96";"342.27";"30.87"
"2019";"4";"1";"1";"7";"2168";"126.";"2.2";"1.3";"66.";"0.";"219.41";"571.43";"73.89"
"2019";"4";"1";"1";"8";"2169";"148.";"2.6";"4.7";"49.";"0.";"374.85";"782.27";"81.23"
"2019";"4";"1";"1";"9";"2170";"170.";"3.0";"6.7";"38.";"0.";"497.46";"828.17";"105.00"
"2019";"4";"1";"1";"10";"2171";"196.";"3.6";"7.2";"37.";"0.";"592.03";"916.56";"93.82"
"2019";"4";"1";"1";"11";"2172";"213.";"4.2";"7.6";"42.";"0.";"633.42";"909.24";"106.39"
"2019";"4";"1";"1";"12";"2173";"214.";"4.3";"7.9";"38.";"0.";"637.39";"932.83";"96.69"
"2019";"4";"1";"1";"13";"2174";"211.";"4.3";"7.7";"39.";"0.";"591.35";"918.44";"92.12"
"2019";"4";"1";"1";"14";"2175";"205.";"4.4";"7.5";"40.";"0.";"499.01";"851.20";"95.64"
"2019";"4";"1";"1";"15";"2176";"198.";"4.0";"7.4";"42.";"0.";"374.41";"781.77";"80.97"
"2019";"4";"1";"1";"16";"2177";"196.";"3.7";"6.8";"36.";"0.";"229.38";"676.52";"57.10"
"2019";"4";"1";"1";"17";"2178";"186.";"3.0";"6.0";"37.";"0.";"78.74";"422.78";"27.98"
"2019";"4";"1";"1";"18";"2179";"173.";"1.6";"3.9";"49.";"1.";"0.00";"0.00";"0.00"
"2019";"4";"1";"1";"19";"2180";"133.";"1.6";"1.8";"59.";"2.";"0.00";"0.00";"0.00"
"2019";"4";"1";"1";"20";"2181";"133.";"1.9";"0.7";"64.";"0.";"0.00";"0.00";"0.00"
"2019";"4";"1";"1";"21";"2182";"131.";"2.7";"1.0";"63.";"7.";"0.00";"0.00";"0.00"
"2019";"4";"1";"1";"22";"2183";"136.";"3.7";"1.5";"66.";"8.";"0.00";"0.00";"0.00"
"2019";"4";"1";"1";"23";"2184";"146.";"3.7";"2.2";"63.";"8.";"0.00";"0.00";"0.00"
"2019";"4";"2";"2";"0";"2185";"158.";"3.6";"1.9";"64.";"8.";"0.00";"0.00";"0.00"
"2019";"4";"2";"2";"1";"2186";"143.";"3.9";"1.6";"64.";"8.";"0.00";"0.00";"0.00"
"2019";"4";"2";"2";"2";"2187";"136.";"4.0";"1.1";"62.";"8.";"0.00";"0.00";"0.00"
"2019";"4";"2";"2";"3";"2188";"132.";"4.0";"0.5";"62.";"8.";"0.00";"0.00";"0.00"
"2019";"4";"2";"2";"4";"2189";"131.";"4.1";"0.6";"65.";"8.";"0.00";"0.00";"0.00"
"2019";"4";"2";"2";"5";"2190";"133.";"4.2";"1.3";"69.";"6.";"0.00";"0.00";"0.00"
"2019";"4";"2";"2";"6";"2191";"138.";"4.5";"3.1";"65.";"6.";"38.68";"93.84";"26.87"
"2019";"4";"2";"2";"7";"2192";"150.";"5.2";"4.9";"57.";"7.";"153.32";"77.71";"133.09"
"2019";"4";"2";"2";"8";"2193";"151.";"5.7";"6.8";"46.";"3.";"328.27";"474.61";"147.41"
"2019";"4";"2";"2";"9";"2194";"154.";"5.8";"7.9";"38.";"0.";"497.93";"785.29";"121.33"
"2019";"4";"2";"2";"10";"2195";"153.";"6.0";"9.0";"35.";"1.";"561.15";"724.13";"163.45"
"2019";"4";"2";"2";"11";"2196";"147.";"6.0";"9.8";"32.";"2.";"585.25";"660.62";"198.61"
"2019";"4";"2";"2";"12";"2197";"143.";"5.7";"10.9";"31.";"0.";"633.17";"854.31";"133.17"
"2019";"4";"2";"2";"13";"2198";"149.";"5.0";"11.4";"30.";"0.";"589.82";"853.96";"120.81"
"2019";"4";"2";"2";"14";"2199";"146.";"4.8";"11.8";"28.";"0.";"501.00";"806.41";"114.28"
"2019";"4";"2";"2";"15";"2200";"141.";"5.1";"11.6";"28.";"0.";"380.70";"764.76";"89.27"
"2019";"4";"2";"2";"16";"2201";"140.";"4.6";"11.0";"28.";"1.";"224.78";"584.13";"72.65"
"2019";"4";"2";"2";"17";"2202";"131.";"4.2";"9.2";"30.";"1.";"77.05";"382.44";"28.90"
"2019";"4";"2";"2";"18";"2203";"130.";"3.2";"7.6";"32.";"1.";"0.00";"0.00";"0.00"
"2019";"4";"2";"2";"19";"2204";"115.";"3.2";"6.6";"33.";"6.";"0.00";"0.00";"0.00"
"2019";"4";"2";"2";"20";"2205";"108.";"3.9";"6.0";"35.";"3.";"0.00";"0.00";"0.00"
"2019";"4";"2";"2";"21";"2206";"107.";"4.7";"5.8";"41.";"8.";"0.00";"0.00";"0.00"
"2019";"4";"2";"2";"22";"2207";"105.";"4.6";"5.4";"43.";"8.";"0.00";"0.00";"0.00"
"2019";"4";"2";"2";"23";"2208";"110.";"4.3";"5.1";"46.";"8.";"0.00";"0.00";"0.00"
"2019";"4";"3";"3";"0";"2209";"112.";"4.5";"5.0";"49.";"7.";"0.00";"0.00";"0.00"
"2019";"4";"3";"3";"1";"2210";"109.";"4.4";"5.2";"50.";"7.";"0.00";"0.00";"0.00"
"2019";"4";"3";"3";"2";"2211";"109.";"4.6";"5.7";"50.";"7.";"0.00";"0.00";"0.00"
"2019";"4";"3";"3";"3";"2212";"109.";"4.5";"5.9";"51.";"7.";"0.00";"0.00";"0.00"
"2019";"4";"3";"3";"4";"2213";"109.";"4.8";"6.0";"51.";"8.";"0.00";"0.00";"0.00"
"2019";"4";"3";"3";"5";"2214";"110.";"4.7";"6.1";"51.";"8.";"0.00";"0.00";"0.00"
"2019";"4";"3";"3";"6";"2215";"112.";"4.3";"6.4";"53.";"8.";"24.93";"0.00";"24.93"
"2019";"4";"3";"3";"7";"2216";"114.";"3.6";"6.9";"54.";"8.";"71.70";"0.00";"71.70"
"2019";"4";"3";"3";"8";"2217";"115.";"3.9";"7.5";"53.";"8.";"235.46";"0.00";"235.46"
"2019";"4";"3";"3";"9";"2218";"114.";"4.3";"9.5";"46.";"6.";"363.79";"200.39";"266.56"
"2019";"4";"3";"3";"10";"2219";"126.";"3.6";"10.7";"45.";"8.";"363.92";"0.00";"363.92"
"2019";"4";"3";"3";"11";"2220";"124.";"3.7";"12.2";"43.";"8.";"393.21";"0.00";"393.21"
"2019";"4";"3";"3";"12";"2221";"126.";"3.1";"13.2";"43.";"6.";"471.92";"197.78";"355.06"
"2019";"4";"3";"3";"13";"2222";"119.";"1.9";"13.9";"44.";"7.";"393.59";"103.67";"336.07"
"2019";"4";"3";"3";"14";"2223";"100.";"1.9";"14.5";"41.";"7.";"354.13";"98.02";"306.57"
"2019";"4";"3";"3";"15";"2224";"118.";"1.6";"13.9";"45.";"8.";"231.48";"0.00";"231.48"
"2019";"4";"3";"3";"16";"2225";"89.";"2.2";"13.4";"44.";"6.";"164.69";"150.68";"124.58"
"2019";"4";"3";"3";"17";"2226";"90.";"2.0";"13.0";"46.";"8.";"45.99";"0.00";"45.99"
"2019";"4";"3";"3";"18";"2227";"93.";"2.3";"11.6";"56.";"8.";"0.00";"0.00";"0.00"
"2019";"4";"3";"3";"19";"2228";"90.";"2.7";"11.4";"52.";"4.";"0.00";"0.00";"0.00"
"2019";"4";"3";"3";"20";"2229";"95.";"3.0";"10.8";"56.";"8.";"0.00";"0.00";"0.00"
"2019";"4";"3";"3";"21";"2230";"107.";"3.0";"10.3";"55.";"5.";"0.00";"0.00";"0.00"
"2019";"4";"3";"3";"22";"2231";"104.";"3.2";"9.8";"56.";"8.";"0.00";"0.00";"0.00"
"2019";"4";"3";"3";"23";"2232";"110.";"3.3";"9.2";"57.";"5.";"0.00";"0.00";"0.00"
"2019";"4";"4";"4";"0";"2233";"110.";"3.7";"8.4";"59.";"7.";"0.00";"0.00";"0.00"
"2019";"4";"4";"4";"1";"2234";"108.";"3.5";"7.7";"61.";"6.";"0.00";"0.00";"0.00"
"2019";"4";"4";"4";"2";"2235";"105.";"3.1";"7.0";"62.";"4.";"0.00";"0.00";"0.00"
"2019";"4";"4";"4";"3";"2236";"109.";"3.6";"6.2";"64.";"1.";"0.00";"0.00";"0.00"
"2019";"4";"4";"4";"4";"2237";"102.";"3.8";"6.1";"63.";"2.";"0.00";"0.00";"0.00"
"2019";"4";"4";"4";"5";"2238";"99.";"4.3";"5.7";"63.";"4.";"0.00";"0.00";"0.00"
"2019";"4";"4";"4";"6";"2239";"97.";"4.7";"6.7";"58.";"8.";"55.52";"0.00";"55.52"
"2019";"4";"4";"4";"7";"2240";"98.";"4.4";"8.0";"53.";"8.";"159.10";"0.00";"159.10"
"2019";"4";"4";"4";"8";"2241";"101.";"4.4";"9.6";"44.";"7.";"259.62";"91.07";"223.88"
"2019";"4";"4";"4";"9";"2242";"104.";"4.3";"11.1";"41.";"8.";"313.21";"0.00";"313.21"
"2019";"4";"4";"4";"10";"2243";"109.";"3.9";"13.0";"37.";"2.";"536.98";"584.35";"209.52"
"2019";"4";"4";"4";"11";"2244";"112.";"4.0";"16.0";"34.";"0.";"627.99";"774.17";"166.27"
"2019";"4";"4";"4";"12";"2245";"111.";"4.3";"17.5";"32.";"0.";"628.72";"782.06";"162.30"
"2019";"4";"4";"4";"13";"2246";"105.";"3.9";"18.0";"32.";"4.";"483.15";"399.79";"259.11"
"2019";"4";"4";"4";"14";"2247";"101.";"4.4";"18.6";"32.";"0.";"502.03";"774.57";"121.86"
"2019";"4";"4";"4";"15";"2248";"99.";"4.3";"18.4";"32.";"0.";"380.58";"715.98";"99.62"
"2019";"4";"4";"4";"16";"2249";"91.";"3.2";"18.1";"34.";"3.";"178.84";"364.03";"79.85"
"2019";"4";"4";"4";"17";"2250";"83.";"3.9";"16.9";"37.";"0.";"78.70";"349.46";"30.65"
"2019";"4";"4";"4";"18";"2251";"83.";"3.2";"14.8";"45.";"0.";"0.00";"0.00";"0.00"
"2019";"4";"4";"4";"19";"2252";"95.";"2.9";"12.9";"50.";"0.";"0.00";"0.00";"0.00"
"2019";"4";"4";"4";"20";"2253";"97.";"3.2";"12.4";"52.";"0.";"0.00";"0.00";"0.00"
"2019";"4";"4";"4";"21";"2254";"108.";"3.5";"11.1";"53.";"0.";"0.00";"0.00";"0.00"
"2019";"4";"4";"4";"22";"2255";"103.";"3.6";"10.0";"58.";"0.";"0.00";"0.00";"0.00"
"2019";"4";"4";"4";"23";"2256";"101.";"3.4";"8.9";"57.";"0.";"0.00";"0.00";"0.00"
"2019";"4";"5";"5";"0";"2257";"96.";"3.1";"8.3";"57.";"0.";"0.00";"0.00";"0.00"
"2019";"4";"5";"5";"1";"2258";"93.";"3.4";"7.4";"60.";"0.";"0.00";"0.00";"0.00"
"2019";"4";"5";"5";"2";"2259";"91.";"3.3";"6.6";"62.";"0.";"0.00";"0.00";"0.00"
"2019";"4";"5";"5";"3";"2260";"91.";"3.3";"6.3";"63.";"0.";"0.00";"0.00";"0.00"
"2019";"4";"5";"5";"4";"2261";"84.";"3.5";"6.0";"65.";"0.";"0.00";"0.00";"0.00"
"2019";"4";"5";"5";"5";"2262";"86.";"3.2";"5.7";"66.";"0.";"0.00";"0.00";"0.00"
"2019";"4";"5";"5";"6";"2263";"88.";"3.9";"6.7";"61.";"0.";"87.92";"353.39";"37.30"
"2019";"4";"5";"5";"7";"2264";"90.";"3.9";"8.5";"55.";"0.";"239.87";"577.57";"79.54"
"2019";"4";"5";"5";"8";"2265";"93.";"4.6";"11.1";"47.";"1.";"372.41";"630.67";"121.38"
"2019";"4";"5";"5";"9";"2266";"93.";"4.9";"12.9";"41.";"6.";"367.05";"187.79";"273.84"
"2019";"4";"5";"5";"10";"2267";"92.";"5.5";"15.1";"36.";"5.";"473.83";"291.19";"309.05"
"2019";"4";"5";"5";"11";"2268";"94.";"5.1";"16.4";"33.";"4.";"525.16";"402.93";"282.63"
"2019";"4";"5";"5";"12";"2269";"93.";"4.9";"17.4";"32.";"7.";"430.87";"102.13";"369.40"
"2019";"4";"5";"5";"13";"2270";"92.";"4.8";"17.9";"31.";"7.";"404.34";"105.07";"344.88"
"2019";"4";"5";"5";"14";"2271";"93.";"4.0";"17.8";"32.";"8.";"318.59";"0.00";"318.59"
"2019";"4";"5";"5";"15";"2272";"91.";"3.7";"17.4";"33.";"7.";"262.06";"92.06";"225.42"
"2019";"4";"5";"5";"16";"2273";"87.";"3.9";"16.8";"35.";"8.";"149.65";"0.00";"149.65"
"2019";"4";"5";"5";"17";"2274";"82.";"3.8";"16.0";"37.";"8.";"53.90";"0.00";"53.90"
"2019";"4";"5";"5";"18";"2275";"81.";"3.8";"14.6";"40.";"8.";"0.00";"0.00";"0.00"
"2019";"4";"5";"5";"19";"2276";"86.";"3.6";"13.2";"44.";"8.";"0.00";"0.00";"0.00"
"2019";"4";"5";"5";"20";"2277";"92.";"3.8";"12.3";"45.";"6.";"0.00";"0.00";"0.00"
"2019";"4";"5";"5";"21";"2278";"93.";"4.0";"11.1";"46.";"5.";"0.00";"0.00";"0.00"
"2019";"4";"5";"5";"22";"2279";"97.";"3.3";"10.1";"47.";"8.";"0.00";"0.00";"0.00"
"2019";"4";"5";"5";"23";"2280";"99.";"3.6";"9.5";"51.";"8.";"0.00";"0.00";"0.00"
"2019";"4";"6";"6";"0";"2281";"96.";"3.2";"8.9";"51.";"8.";"0.00";"0.00";"0.00"
"2019";"4";"6";"6";"1";"2282";"93.";"3.0";"8.6";"50.";"8.";"0.00";"0.00";"0.00"
"2019";"4";"6";"6";"2";"2283";"70.";"3.2";"7.6";"53.";"8.";"0.00";"0.00";"0.00"
"2019";"4";"6";"6";"3";"2284";"60.";"2.7";"6.5";"58.";"2.";"0.00";"0.00";"0.00"
"2019";"4";"6";"6";"4";"2285";"72.";"3.5";"5.7";"62.";"3.";"0.00";"0.00";"0.00"
"2019";"4";"6";"6";"5";"2286";"65.";"3.0";"5.3";"65.";"8.";"0.00";"0.00";"0.00"
"2019";"4";"6";"6";"6";"2287";"72.";"3.4";"5.7";"65.";"6.";"69.57";"102.02";"54.37"
"2019";"4";"6";"6";"7";"2288";"82.";"2.7";"6.7";"63.";"7.";"168.38";"79.19";"145.95"
"2019";"4";"6";"6";"8";"2289";"97.";"2.5";"8.2";"61.";"8.";"246.01";"0.00";"246.01"
"2019";"4";"6";"6";"9";"2290";"123.";"2.5";"8.6";"64.";"7.";"208.48";"90.40";"163.11"
"2019";"4";"6";"6";"10";"2291";"114.";"3.1";"9.5";"65.";"8.";"370.63";"0.00";"370.63"
"2019";"4";"6";"6";"11";"2292";"112.";"2.5";"12.7";"56.";"8.";"393.83";"0.00";"393.83"
"2019";"4";"6";"6";"12";"2293";"97.";"2.6";"15.1";"48.";"8.";"196.41";"0.00";"196.41"
"2019";"4";"6";"6";"13";"2294";"90.";"2.2";"16.2";"44.";"8.";"369.48";"0.00";"369.48"
"2019";"4";"6";"6";"14";"2295";"82.";"1.3";"16.6";"42.";"6.";"368.75";"189.33";"273.73"
"2019";"4";"6";"6";"15";"2296";"110.";"1.2";"15.2";"46.";"8.";"244.03";"0.00";"244.03"
"2019";"4";"6";"6";"16";"2297";"47.";"0.4";"15.2";"47.";"8.";"149.84";"0.00";"149.84"
"2019";"4";"6";"6";"17";"2298";"8.";"1.0";"14.7";"49.";"8.";"53.57";"0.00";"53.57"
"2019";"4";"6";"6";"18";"2299";"343.";"0.9";"13.6";"55.";"8.";"0.00";"0.00";"0.00"
"2019";"4";"6";"6";"19";"2300";"35.";"0.6";"12.8";"61.";"8.";"0.00";"0.00";"0.00"
"2019";"4";"6";"6";"20";"2301";"79.";"0.8";"11.9";"70.";"8.";"0.00";"0.00";"0.00"
"2019";"4";"6";"6";"21";"2302";"102.";"0.6";"11.5";"74.";"8.";"0.00";"0.00";"0.00"
"2019";"4";"6";"6";"22";"2303";"153.";"1.4";"11.1";"78.";"6.";"0.00";"0.00";"0.00"
"2019";"4";"6";"6";"23";"2304";"194.";"2.1";"10.3";"74.";"6.";"0.00";"0.00";"0.00"
"2019";"4";"7";"7";"0";"2305";"200.";"2.0";"8.4";"74.";"3.";"0.00";"0.00";"0.00"
"2019";"4";"7";"7";"1";"2306";"207.";"2.2";"7.7";"74.";"6.";"0.00";"0.00";"0.00"
"2019";"4";"7";"7";"2";"2307";"226.";"1.4";"7.5";"77.";"7.";"0.00";"0.00";"0.00"
"2019";"4";"7";"7";"3";"2308";"183.";"0.6";"6.8";"81.";"8.";"0.00";"0.00";"0.00"
"2019";"4";"7";"7";"4";"2309";"144.";"0.6";"5.8";"85.";"3.";"0.00";"0.00";"0.00"
"2019";"4";"7";"7";"5";"2310";"60.";"0.9";"5.4";"86.";"5.";"0.00";"0.00";"0.00"
"2019";"4";"7";"7";"6";"2311";"55.";"3.1";"6.5";"82.";"0.";"92.74";"351.19";"38.41"
"2019";"4";"7";"7";"7";"2312";"58.";"4.8";"7.3";"74.";"1.";"235.03";"560.70";"73.06"
"2019";"4";"7";"7";"8";"2313";"51.";"4.5";"8.5";"68.";"1.";"383.36";"649.73";"117.52"
"2019";"4";"7";"7";"9";"2314";"45.";"4.3";"9.7";"55.";"0.";"527.27";"816.82";"112.85"
"2019";"4";"7";"7";"10";"2315";"40.";"3.9";"11.3";"48.";"0.";"613.15";"835.80";"131.06"
"2019";"4";"7";"7";"11";"2316";"35.";"3.6";"12.4";"44.";"0.";"666.53";"903.80";"112.73"
"2019";"4";"7";"7";"12";"2317";"25.";"3.5";"13.3";"39.";"0.";"662.04";"866.60";"131.03"
"2019";"4";"7";"7";"13";"2318";"8.";"3.8";"13.0";"35.";"0.";"622.22";"878.27";"115.63"
"2019";"4";"7";"7";"14";"2319";"20.";"4.2";"12.9";"34.";"1.";"517.82";"784.56";"119.76"
"2019";"4";"7";"7";"15";"2320";"34.";"4.7";"12.8";"34.";"0.";"414.99";"818.60";"80.06"
"2019";"4";"7";"7";"16";"2321";"28.";"4.2";"11.8";"36.";"0.";"272.29";"726.15";"62.54"
"2019";"4";"7";"7";"17";"2322";"32.";"4.0";"10.8";"40.";"0.";"109.76";"485.41";"34.66"
"2019";"4";"7";"7";"18";"2323";"43.";"3.1";"9.2";"47.";"0.";"0.00";"0.00";"0.00"
"2019";"4";"7";"7";"19";"2324";"59.";"3.2";"7.7";"52.";"0.";"0.00";"0.00";"0.00"
"2019";"4";"7";"7";"20";"2325";"59.";"3.0";"6.8";"55.";"0.";"0.00";"0.00";"0.00"
"2019";"4";"7";"7";"21";"2326";"50.";"2.3";"5.0";"62.";"0.";"0.00";"0.00";"0.00"
"2019";"4";"7";"7";"22";"2327";"28.";"1.9";"3.2";"67.";"0.";"0.00";"0.00";"0.00"
"2019";"4";"7";"7";"23";"2328";"8.";"1.8";"2.6";"72.";"0.";"0.00";"0.00";"0.00"
"2019";"4";"8";"1";"0";"2329";"18.";"2.2";"2.5";"75.";"3.";"0.00";"0.00";"0.00"
"2019";"4";"8";"1";"1";"2330";"27.";"2.6";"1.9";"77.";"3.";"0.00";"0.00";"0.00"
"2019";"4";"8";"1";"2";"2331";"18.";"2.9";"1.9";"77.";"3.";"0.00";"0.00";"0.00"
"2019";"4";"8";"1";"3";"2332";"23.";"3.2";"1.6";"76.";"4.";"0.00";"0.00";"0.00"
"2019";"4";"8";"1";"4";"2333";"21.";"3.4";"1.2";"76.";"1.";"0.00";"0.00";"0.00"
"2019";"4";"8";"1";"5";"2334";"20.";"3.7";"1.3";"76.";"0.";"0.00";"0.00";"0.00"
"2019";"4";"8";"1";"6";"2335";"30.";"4.6";"3.1";"69.";"1.";"105.38";"434.49";"35.69"
"2019";"4";"8";"1";"7";"2336";"43.";"5.0";"4.4";"64.";"1.";"249.31";"593.85";"74.46"
"2019";"4";"8";"1";"8";"2337";"40.";"4.5";"5.9";"60.";"0.";"418.15";"800.66";"86.16"
"2019";"4";"8";"1";"9";"2338";"39.";"4.3";"7.1";"55.";"3.";"416.76";"523.89";"148.13"
"2019";"4";"8";"1";"10";"2339";"41.";"4.4";"7.0";"50.";"7.";"259.79";"112.15";"194.49"
"2019";"4";"8";"1";"11";"2340";"37.";"4.3";"7.8";"48.";"4.";"466.07";"450.93";"187.35"
"2019";"4";"8";"1";"12";"2341";"43.";"4.9";"8.4";"47.";"3.";"525.21";"580.38";"166.48"
"2019";"4";"8";"1";"13";"2342";"32.";"4.4";"9.0";"45.";"3.";"490.17";"573.37";"156.37"
"2019";"4";"8";"1";"14";"2343";"29.";"4.6";"9.3";"43.";"2.";"465.65";"664.76";"124.78"
"2019";"4";"8";"1";"15";"2344";"16.";"3.9";"9.4";"43.";"0.";"421.27";"818.65";"81.83"
"2019";"4";"8";"1";"16";"2345";"23.";"3.7";"8.9";"41.";"0.";"273.52";"718.41";"61.99"
"2019";"4";"8";"1";"17";"2346";"41.";"3.9";"8.3";"38.";"0.";"120.31";"517.34";"37.34"
"2019";"4";"8";"1";"18";"2347";"48.";"2.5";"6.8";"40.";"0.";"0.00";"0.00";"0.00"
"2019";"4";"8";"1";"19";"2348";"32.";"1.4";"4.2";"48.";"0.";"0.00";"0.00";"0.00"
"2019";"4";"8";"1";"20";"2349";"39.";"2.1";"2.5";"53.";"0.";"0.00";"0.00";"0.00"
"2019";"4";"8";"1";"21";"2350";"51.";"2.9";"3.0";"54.";"0.";"0.00";"0.00";"0.00"
"2019";"4";"8";"1";"22";"2351";"34.";"2.4";"1.6";"54.";"0.";"0.00";"0.00";"0.00"
"2019";"4";"8";"1";"23";"2352";"21.";"2.4";"0.7";"54.";"0.";"0.00";"0.00";"0.00"
"2019";"4";"9";"2";"0";"2353";"30.";"2.8";"0.5";"57.";"1.";"0.00";"0.00";"0.00"
"2019";"4";"9";"2";"1";"2354";"28.";"2.6";"-0.1";"58.";"0.";"0.00";"0.00";"0.00"
"2019";"4";"9";"2";"2";"2355";"20.";"2.6";"-0.7";"59.";"0.";"0.00";"0.00";"0.00"
"2019";"4";"9";"2";"3";"2356";"14.";"2.9";"-1.3";"61.";"0.";"0.00";"0.00";"0.00"
"2019";"4";"9";"2";"4";"2357";"20.";"3.0";"-1.4";"60.";"0.";"0.00";"0.00";"0.00"
"2019";"4";"9";"2";"5";"2358";"23.";"3.0";"-1.4";"56.";"0.";"0.00";"0.00";"0.00"
"2019";"4";"9";"2";"6";"2359";"22.";"3.9";"0.1";"49.";"0.";"128.65";"548.71";"37.56"
"2019";"4";"9";"2";"7";"2360";"24.";"4.2";"1.2";"45.";"0.";"284.74";"720.75";"68.53"
"2019";"4";"9";"2";"8";"2361";"18.";"3.9";"2.2";"39.";"1.";"404.76";"737.18";"95.08"
"2019";"4";"9";"2";"9";"2362";"9.";"3.6";"3.4";"37.";"0.";"552.13";"837.38";"118.24"
"2019";"4";"9";"2";"10";"2363";"4.";"3.6";"4.4";"32.";"0.";"645.00";"904.22";"113.77"
"2019";"4";"9";"2";"11";"2364";"3.";"3.5";"5.1";"30.";"0.";"688.71";"904.83";"124.65"
"2019";"4";"9";"2";"12";"2365";"359.";"3.4";"6.3";"27.";"0.";"691.05";"919.74";"117.70"
"2019";"4";"9";"2";"13";"2366";"356.";"3.4";"7.0";"30.";"0.";"644.68";"908.18";"111.13"
"2019";"4";"9";"2";"14";"2367";"343.";"3.7";"7.2";"27.";"1.";"537.61";"797.77";"124.25"
"2019";"4";"9";"2";"15";"2368";"353.";"3.6";"7.0";"27.";"0.";"437.66";"855.51";"78.27"
"2019";"4";"9";"2";"16";"2369";"7.";"3.1";"6.8";"26.";"0.";"288.28";"752.17";"62.64"
"2019";"4";"9";"2";"17";"2370";"31.";"3.1";"5.8";"28.";"0.";"133.01";"556.66";"40.60"
"2019";"4";"9";"2";"18";"2371";"56.";"3.4";"4.3";"29.";"0.";"1.49";"21.34";"0.91"
"2019";"4";"9";"2";"19";"2372";"53.";"2.2";"2.4";"35.";"1.";"0.00";"0.00";"0.00"
"2019";"4";"9";"2";"20";"2373";"48.";"1.9";"0.8";"41.";"0.";"0.00";"0.00";"0.00"
"2019";"4";"9";"2";"21";"2374";"12.";"1.8";"-1.0";"47.";"0.";"0.00";"0.00";"0.00"
"2019";"4";"9";"2";"22";"2375";"26.";"2.2";"-0.8";"55.";"4.";"0.00";"0.00";"0.00"
"2019";"4";"9";"2";"23";"2376";"35.";"3.0";"0.1";"55.";"4.";"0.00";"0.00";"0.00"
"2019";"4";"10";"3";"0";"2377";"48.";"3.5";"0.2";"59.";"7.";"0.00";"0.00";"0.00"
"2019";"4";"10";"3";"1";"2378";"48.";"3.3";"0.0";"62.";"5.";"0.00";"0.00";"0.00"
"2019";"4";"10";"3";"2";"2379";"51.";"3.3";"-0.6";"63.";"1.";"0.00";"0.00";"0.00"
"2019";"4";"10";"3";"3";"2380";"42.";"3.2";"-1.2";"66.";"7.";"0.00";"0.00";"0.00"
"2019";"4";"10";"3";"4";"2381";"47.";"3.3";"-0.7";"67.";"5.";"0.00";"0.00";"0.00"
"2019";"4";"10";"3";"5";"2382";"34.";"2.9";"-0.2";"69.";"8.";"0.00";"0.00";"0.00"
"2019";"4";"10";"3";"6";"2383";"42.";"3.9";"0.5";"69.";"8.";"39.89";"0.00";"39.89"
"2019";"4";"10";"3";"7";"2384";"49.";"4.7";"0.9";"68.";"8.";"90.75";"0.00";"90.75"
"2019";"4";"10";"3";"8";"2385";"50.";"4.6";"1.4";"64.";"7.";"180.16";"105.10";"135.44"
"2019";"4";"10";"3";"9";"2386";"44.";"4.0";"1.6";"62.";"7.";"228.59";"105.77";"173.22"
"2019";"4";"10";"3";"10";"2387";"45.";"4.3";"2.1";"61.";"7.";"274.15";"119.12";"203.54"
"2019";"4";"10";"3";"11";"2388";"41.";"3.9";"2.3";"60.";"7.";"293.49";"120.99";"217.43"
"2019";"4";"10";"3";"12";"2389";"51.";"4.2";"2.7";"55.";"7.";"293.82";"121.12";"217.67"
"2019";"4";"10";"3";"13";"2390";"51.";"4.0";"3.2";"53.";"7.";"264.85";"109.92";"199.69"
"2019";"4";"10";"3";"14";"2391";"45.";"3.6";"3.6";"51.";"7.";"231.64";"112.71";"172.64"
"2019";"4";"10";"3";"15";"2392";"46.";"3.2";"4.0";"53.";"7.";"179.15";"102.01";"135.75"
"2019";"4";"10";"3";"16";"2393";"42.";"2.6";"3.7";"53.";"7.";"121.60";"94.04";"92.87"
"2019";"4";"10";"3";"17";"2394";"54.";"2.5";"3.4";"54.";"7.";"53.39";"66.25";"42.02"
"2019";"4";"10";"3";"18";"2395";"49.";"1.4";"2.4";"54.";"6.";"0.00";"0.00";"0.00"
"2019";"4";"10";"3";"19";"2396";"60.";"1.0";"1.1";"60.";"5.";"0.00";"0.00";"0.00"
"2019";"4";"10";"3";"20";"2397";"72.";"1.0";"0.0";"65.";"5.";"0.00";"0.00";"0.00"
"2019";"4";"10";"3";"21";"2398";"88.";"1.0";"-1.3";"71.";"3.";"0.00";"0.00";"0.00"
"2019";"4";"10";"3";"22";"2399";"78.";"0.7";"-2.0";"74.";"0.";"0.00";"0.00";"0.00"
"2019";"4";"10";"3";"23";"2400";"74.";"0.9";"-2.3";"77.";"0.";"0.00";"0.00";"0.00"
"2019";"4";"11";"4";"0";"2401";"66.";"0.6";"-3.1";"79.";"1.";"0.00";"0.00";"0.00"
"2019";"4";"11";"4";"1";"2402";"77.";"1.0";"-3.6";"81.";"0.";"0.00";"0.00";"0.00"
"2019";"4";"11";"4";"2";"2403";"85.";"1.4";"-3.8";"83.";"0.";"0.00";"0.00";"0.00"
"2019";"4";"11";"4";"3";"2404";"96.";"1.4";"-3.7";"83.";"0.";"0.00";"0.00";"0.00"
"2019";"4";"11";"4";"4";"2405";"103.";"1.6";"-3.9";"83.";"0.";"0.00";"0.00";"0.00"
"2019";"4";"11";"4";"5";"2406";"103.";"1.5";"-3.6";"83.";"3.";"1.58";"15.00";"1.00"
"2019";"4";"11";"4";"6";"2407";"78.";"1.7";"-1.8";"79.";"6.";"66.53";"116.96";"45.80"
"2019";"4";"11";"4";"7";"2408";"96.";"1.5";"1.0";"65.";"1.";"272.23";"629.36";"76.54"
"2019";"4";"11";"4";"8";"2409";"65.";"3.1";"3.0";"45.";"1.";"429.34";"750.81";"105.86"
"2019";"4";"11";"4";"9";"2410";"53.";"3.3";"3.8";"43.";"0.";"571.00";"901.30";"94.45"
"2019";"4";"11";"4";"10";"2411";"54.";"3.5";"4.7";"37.";"2.";"559.30";"678.66";"153.48"
"2019";"4";"11";"4";"11";"2412";"38.";"2.8";"5.3";"36.";"4.";"483.09";"455.97";"194.09"
"2019";"4";"11";"4";"12";"2413";"42.";"3.0";"6.0";"34.";"3.";"542.70";"575.92";"177.67"
"2019";"4";"11";"4";"13";"2414";"40.";"3.1";"6.3";"32.";"7.";"269.65";"112.55";"202.35"
"2019";"4";"11";"4";"14";"2415";"24.";"2.9";"6.4";"32.";"7.";"232.49";"106.10";"176.39"
"2019";"4";"11";"4";"15";"2416";"25.";"3.1";"6.2";"33.";"8.";"137.81";"0.00";"137.81"
"2019";"4";"11";"4";"16";"2417";"34.";"3.5";"5.7";"34.";"4.";"205.89";"372.16";"90.18"
"2019";"4";"11";"4";"17";"2418";"40.";"3.5";"4.8";"35.";"4.";"95.69";"275.35";"46.90"
"2019";"4";"11";"4";"18";"2419";"43.";"2.4";"3.6";"39.";"5.";"3.45";"25.02";"2.48"
"2019";"4";"11";"4";"19";"2420";"36.";"1.6";"2.0";"43.";"2.";"0.00";"0.00";"0.00"
"2019";"4";"11";"4";"20";"2421";"30.";"1.3";"0.7";"47.";"0.";"0.00";"0.00";"0.00"
"2019";"4";"11";"4";"21";"2422";"52.";"1.7";"-0.5";"54.";"5.";"0.00";"0.00";"0.00"
"2019";"4";"11";"4";"22";"2423";"58.";"1.8";"-1.1";"59.";"1.";"0.00";"0.00";"0.00"
"2019";"4";"11";"4";"23";"2424";"61.";"1.6";"-1.9";"64.";"0.";"0.00";"0.00";"0.00"
"2019";"4";"12";"5";"0";"2425";"49.";"1.3";"-2.3";"67.";"1.";"0.00";"0.00";"0.00"
"2019";"4";"12";"5";"1";"2426";"56.";"1.4";"-3.4";"70.";"1.";"0.00";"0.00";"0.00"
"2019";"4";"12";"5";"2";"2427";"59.";"1.3";"-3.5";"72.";"0.";"0.00";"0.00";"0.00"
"2019";"4";"12";"5";"3";"2428";"53.";"1.2";"-4.0";"73.";"0.";"0.00";"0.00";"0.00"
"2019";"4";"12";"5";"4";"2429";"50.";"1.2";"-3.8";"75.";"0.";"0.00";"0.00";"0.00"
"2019";"4";"12";"5";"5";"2430";"63.";"1.3";"-3.4";"74.";"0.";"7.53";"76.80";"4.12"
"2019";"4";"12";"5";"6";"2431";"74.";"0.7";"-0.6";"64.";"0.";"140.61";"518.84";"45.81"
"2019";"4";"12";"5";"7";"2432";"71.";"0.5";"2.3";"53.";"0.";"292.65";"628.15";"93.94"
"2019";"4";"12";"5";"8";"2433";"358.";"0.9";"4.4";"44.";"0.";"449.31";"812.92";"94.76"
"2019";"4";"12";"5";"9";"2434";"1.";"1.2";"5.6";"35.";"4.";"393.08";"420.04";"168.80"
"2019";"4";"12";"5";"10";"2435";"18.";"2.0";"6.3";"31.";"1.";"614.60";"789.62";"138.36"
"2019";"4";"12";"5";"11";"2436";"19.";"2.3";"7.2";"29.";"0.";"707.41";"913.81";"123.55"
"2019";"4";"12";"5";"12";"2437";"27.";"2.3";"8.0";"27.";"0.";"707.66";"914.65";"123.26"
"2019";"4";"12";"5";"13";"2438";"36.";"2.1";"8.3";"27.";"2.";"604.55";"675.39";"197.20"
"2019";"4";"12";"5";"14";"2439";"29.";"1.7";"8.7";"27.";"3.";"441.36";"527.63";"159.63"
"2019";"4";"12";"5";"15";"2440";"31.";"2.3";"8.8";"27.";"3.";"396.08";"540.84";"160.19"
"2019";"4";"12";"5";"16";"2441";"51.";"3.0";"8.6";"29.";"2.";"278.98";"570.10";"98.64"
"2019";"4";"12";"5";"17";"2442";"66.";"3.8";"7.7";"25.";"1.";"140.91";"508.80";"47.94"
"2019";"4";"12";"5";"18";"2443";"57.";"3.1";"6.2";"31.";"1.";"9.66";"97.44";"5.34"
"2019";"4";"12";"5";"19";"2444";"50.";"3.1";"3.6";"38.";"1.";"0.00";"0.00";"0.00"
"2019";"4";"12";"5";"20";"2445";"54.";"2.7";"2.4";"45.";"0.";"0.00";"0.00";"0.00"
"2019";"4";"12";"5";"21";"2446";"64.";"2.5";"1.5";"49.";"1.";"0.00";"0.00";"0.00"
"2019";"4";"12";"5";"22";"2447";"62.";"2.0";"0.8";"51.";"0.";"0.00";"0.00";"0.00"
"2019";"4";"12";"5";"23";"2448";"67.";"2.5";"-0.2";"55.";"0.";"0.00";"0.00";"0.00"
"2019";"4";"13";"6";"0";"2449";"79.";"3.0";"-0.5";"56.";"0.";"0.00";"0.00";"0.00"
"2019";"4";"13";"6";"1";"2450";"86.";"2.4";"-0.8";"59.";"0.";"0.00";"0.00";"0.00"
"2019";"4";"13";"6";"2";"2451";"88.";"2.5";"-1.4";"63.";"0.";"0.00";"0.00";"0.00"
"2019";"4";"13";"6";"3";"2452";"73.";"1.9";"-2.0";"66.";"0.";"0.00";"0.00";"0.00"
"2019";"4";"13";"6";"4";"2453";"60.";"1.7";"-2.5";"69.";"0.";"0.00";"0.00";"0.00"
"2019";"4";"13";"6";"5";"2454";"72.";"2.3";"-1.8";"68.";"0.";"11.51";"114.14";"5.81"
"2019";"4";"13";"6";"6";"2455";"82.";"2.2";"0.3";"61.";"0.";"152.11";"576.34";"43.65"
"2019";"4";"13";"6";"7";"2456";"69.";"2.5";"2.0";"56.";"0.";"309.95";"764.64";"63.96"
"2019";"4";"13";"6";"8";"2457";"56.";"2.6";"3.5";"51.";"1.";"427.04";"759.13";"91.97"
"2019";"4";"13";"6";"9";"2458";"63.";"3.5";"5.3";"45.";"2.";"508.80";"696.22";"133.45"
"2019";"4";"13";"6";"10";"2459";"53.";"3.4";"7.0";"41.";"2.";"570.43";"697.66";"146.10"
"2019";"4";"13";"6";"11";"2460";"51.";"3.7";"7.7";"39.";"0.";"711.57";"921.79";"117.93"
"2019";"4";"13";"6";"12";"2461";"54.";"3.9";"8.3";"36.";"1.";"660.11";"802.80";"143.11"
"2019";"4";"13";"6";"13";"2462";"42.";"3.2";"9.3";"34.";"0.";"687.19";"959.89";"103.35"
"2019";"4";"13";"6";"14";"2463";"53.";"3.8";"9.8";"31.";"0.";"584.58";"919.86";"88.66"
"2019";"4";"13";"6";"15";"2464";"62.";"4.2";"9.8";"29.";"0.";"457.71";"830.85";"90.98"
"2019";"4";"13";"6";"16";"2465";"64.";"4.8";"9.7";"29.";"1.";"288.96";"670.67";"73.20"
"2019";"4";"13";"6";"17";"2466";"66.";"4.1";"8.7";"32.";"0.";"149.76";"577.53";"41.07"
"2019";"4";"13";"6";"18";"2467";"66.";"3.8";"7.3";"40.";"0.";"9.47";"93.87";"4.78"
"2019";"4";"13";"6";"19";"2468";"67.";"4.1";"6.0";"43.";"0.";"0.00";"0.00";"0.00"
"2019";"4";"13";"6";"20";"2469";"73.";"4.5";"5.0";"49.";"0.";"0.00";"0.00";"0.00"
"2019";"4";"13";"6";"21";"2470";"81.";"3.6";"3.9";"49.";"0.";"0.00";"0.00";"0.00"
"2019";"4";"13";"6";"22";"2471";"81.";"3.0";"2.7";"53.";"1.";"0.00";"0.00";"0.00"
"2019";"4";"13";"6";"23";"2472";"75.";"2.2";"1.0";"59.";"1.";"0.00";"0.00";"0.00"
"2019";"4";"14";"7";"0";"2473";"76.";"2.3";"1.0";"60.";"5.";"0.00";"0.00";"0.00"
"2019";"4";"14";"7";"1";"2474";"68.";"2.1";"0.9";"62.";"3.";"0.00";"0.00";"0.00"
"2019";"4";"14";"7";"2";"2475";"57.";"2.2";"-0.5";"66.";"2.";"0.00";"0.00";"0.00"
"2019";"4";"14";"7";"3";"2476";"56.";"2.5";"-1.2";"69.";"0.";"0.00";"0.00";"0.00"
"2019";"4";"14";"7";"4";"2477";"56.";"2.7";"-1.7";"70.";"0.";"0.00";"0.00";"0.00"
"2019";"4";"14";"7";"5";"2478";"59.";"3.0";"-0.7";"66.";"0.";"15.10";"139.66";"7.34"
"2019";"4";"14";"7";"6";"2479";"65.";"3.6";"1.4";"58.";"0.";"158.13";"585.60";"44.73"
"2019";"4";"14";"7";"7";"2480";"68.";"4.4";"3.6";"53.";"0.";"322.54";"774.59";"69.24"
"2019";"4";"14";"7";"8";"2481";"69.";"5.1";"5.1";"48.";"1.";"441.51";"764.20";"100.22"
"2019";"4";"14";"7";"9";"2482";"76.";"5.6";"6.2";"40.";"1.";"548.43";"808.32";"108.52"
"2019";"4";"14";"7";"10";"2483";"82.";"4.8";"7.4";"37.";"1.";"626.48";"809.11";"130.28"
"2019";"4";"14";"7";"11";"2484";"80.";"4.1";"8.7";"34.";"0.";"716.58";"911.70";"124.88"
"2019";"4";"14";"7";"12";"2485";"75.";"3.5";"9.8";"32.";"0.";"715.91";"908.23";"126.46"
"2019";"4";"14";"7";"13";"2486";"76.";"3.6";"10.2";"32.";"0.";"677.52";"945.83";"97.48"
"2019";"4";"14";"7";"14";"2487";"72.";"3.2";"10.8";"31.";"1.";"543.33";"773.76";"122.23"
"2019";"4";"14";"7";"15";"2488";"73.";"3.2";"11.0";"31.";"1.";"444.49";"744.78";"111.88"
"2019";"4";"14";"7";"16";"2489";"72.";"3.1";"10.7";"32.";"0.";"315.77";"768.25";"64.55"
"2019";"4";"14";"7";"17";"2490";"74.";"3.8";"9.9";"34.";"0.";"157.19";"582.15";"44.47"
"2019";"4";"14";"7";"18";"2491";"68.";"3.3";"8.2";"42.";"0.";"11.77";"108.89";"5.72"
"2019";"4";"14";"7";"19";"2492";"66.";"2.8";"6.3";"49.";"0.";"0.00";"0.00";"0.00"
"2019";"4";"14";"7";"20";"2493";"69.";"2.9";"5.2";"51.";"0.";"0.00";"0.00";"0.00"
"2019";"4";"14";"7";"21";"2494";"81.";"2.8";"4.3";"52.";"0.";"0.00";"0.00";"0.00"
"2019";"4";"14";"7";"22";"2495";"103.";"3.3";"3.6";"54.";"0.";"0.00";"0.00";"0.00"
"2019";"4";"14";"7";"23";"2496";"105.";"3.0";"2.7";"54.";"0.";"0.00";"0.00";"0.00"
"2019";"4";"15";"1";"0";"2497";"100.";"2.0";"1.7";"58.";"0.";"0.00";"0.00";"0.00"
"2019";"4";"15";"1";"1";"2498";"95.";"1.2";"-0.2";"65.";"0.";"0.00";"0.00";"0.00"
"2019";"4";"15";"1";"2";"2499";"91.";"1.2";"-1.1";"69.";"0.";"0.00";"0.00";"0.00"
"2019";"4";"15";"1";"3";"2500";"81.";"1.1";"-1.6";"73.";"0.";"0.00";"0.00";"0.00"
"2019";"4";"15";"1";"4";"2501";"74.";"1.5";"-1.8";"74.";"0.";"0.00";"0.00";"0.00"
"2019";"4";"15";"1";"5";"2502";"73.";"1.6";"-1.7";"73.";"0.";"18.56";"154.97";"9.09"
"2019";"4";"15";"1";"6";"2503";"75.";"1.8";"0.6";"67.";"3.";"122.33";"349.52";"52.76"
"2019";"4";"15";"1";"7";"2504";"75.";"2.3";"3.4";"55.";"2.";"272.24";"557.72";"86.92"
"2019";"4";"15";"1";"8";"2505";"74.";"2.7";"5.8";"44.";"3.";"364.96";"542.05";"120.10"
"2019";"4";"15";"1";"9";"2506";"77.";"3.5";"7.3";"37.";"2.";"540.90";"665.14";"175.55"
"2019";"4";"15";"1";"10";"2507";"80.";"3.0";"8.2";"34.";"0.";"678.76";"907.62";"117.63"
"2019";"4";"15";"1";"11";"2508";"83.";"2.8";"9.5";"32.";"0.";"727.37";"944.72";"109.57"
"2019";"4";"15";"1";"12";"2509";"83.";"2.8";"10.6";"30.";"0.";"731.34";"973.11";"94.98"
"2019";"4";"15";"1";"13";"2510";"81.";"2.3";"11.2";"29.";"0.";"682.37";"936.13";"103.61"
"2019";"4";"15";"1";"14";"2511";"78.";"2.1";"11.6";"28.";"1.";"584.05";"816.70";"135.45"
"2019";"4";"15";"1";"15";"2512";"60.";"1.5";"11.8";"29.";"0.";"471.54";"861.28";"82.47"
"2019";"4";"15";"1";"16";"2513";"72.";"2.4";"11.5";"29.";"0.";"321.82";"762.37";"68.50"
"2019";"4";"15";"1";"17";"2514";"63.";"2.0";"10.8";"35.";"0.";"162.10";"587.21";"45.22"
"2019";"4";"15";"1";"18";"2515";"59.";"2.5";"9.3";"38.";"0.";"16.87";"146.54";"7.92"
"2019";"4";"15";"1";"19";"2516";"69.";"2.9";"6.9";"42.";"0.";"0.00";"0.00";"0.00"
"2019";"4";"15";"1";"20";"2517";"76.";"2.6";"5.9";"49.";"0.";"0.00";"0.00";"0.00"
"2019";"4";"15";"1";"21";"2518";"82.";"2.6";"5.1";"48.";"0.";"0.00";"0.00";"0.00"
"2019";"4";"15";"1";"22";"2519";"101.";"3.9";"5.3";"48.";"0.";"0.00";"0.00";"0.00"
"2019";"4";"15";"1";"23";"2520";"105.";"3.7";"4.2";"50.";"0.";"0.00";"0.00";"0.00"
"2019";"4";"16";"2";"0";"2521";"101.";"2.8";"2.8";"55.";"1.";"0.00";"0.00";"0.00"
"2019";"4";"16";"2";"1";"2522";"89.";"2.1";"1.7";"60.";"2.";"0.00";"0.00";"0.00"
"2019";"4";"16";"2";"2";"2523";"69.";"1.6";"0.8";"65.";"6.";"0.00";"0.00";"0.00"
"2019";"4";"16";"2";"3";"2524";"67.";"2.2";"1.0";"64.";"7.";"0.00";"0.00";"0.00"
"2019";"4";"16";"2";"4";"2525";"65.";"2.7";"1.4";"62.";"8.";"0.00";"0.00";"0.00"
"2019";"4";"16";"2";"5";"2526";"66.";"3.0";"1.7";"62.";"8.";"13.88";"0.00";"13.88"
"2019";"4";"16";"2";"6";"2527";"69.";"3.5";"3.7";"54.";"2.";"154.74";"450.64";"62.64"
"2019";"4";"16";"2";"7";"2528";"73.";"4.3";"5.4";"50.";"3.";"282.97";"475.05";"122.65"
"2019";"4";"16";"2";"8";"2529";"71.";"4.1";"7.1";"48.";"7.";"318.81";"106.30";"270.26"
"2019";"4";"16";"2";"9";"2530";"67.";"3.6";"7.9";"44.";"8.";"181.95";"0.00";"181.95"
"2019";"4";"16";"2";"10";"2531";"78.";"4.1";"8.5";"40.";"8.";"211.82";"0.00";"211.82"
"2019";"4";"16";"2";"11";"2532";"98.";"4.4";"8.3";"51.";"8.";"221.13";"0.00";"221.13"
"2019";"4";"16";"2";"12";"2533";"105.";"4.5";"10.2";"39.";"7.";"299.10";"115.58";"222.95"
"2019";"4";"16";"2";"13";"2534";"115.";"4.3";"9.9";"35.";"8.";"211.65";"0.00";"211.65"
"2019";"4";"16";"2";"14";"2535";"121.";"3.3";"10.7";"35.";"8.";"184.84";"0.00";"184.84"
"2019";"4";"16";"2";"15";"2536";"148.";"1.9";"10.2";"37.";"8.";"295.26";"0.00";"295.26"
"2019";"4";"16";"2";"16";"2537";"132.";"1.7";"10.6";"37.";"7.";"218.95";"95.41";"186.75"
"2019";"4";"16";"2";"17";"2538";"104.";"1.9";"11.1";"40.";"2.";"145.64";"402.40";"63.39"
"2019";"4";"16";"2";"18";"2539";"65.";"1.3";"9.5";"44.";"1.";"17.40";"130.29";"8.72"
"2019";"4";"16";"2";"19";"2540";"118.";"1.0";"7.5";"51.";"0.";"0.00";"0.00";"0.00"
"2019";"4";"16";"2";"20";"2541";"127.";"0.8";"4.6";"58.";"0.";"0.00";"0.00";"0.00"
"2019";"4";"16";"2";"21";"2542";"92.";"1.1";"3.5";"60.";"0.";"0.00";"0.00";"0.00"
"2019";"4";"16";"2";"22";"2543";"105.";"1.6";"2.7";"64.";"0.";"0.00";"0.00";"0.00"
"2019";"4";"16";"2";"23";"2544";"95.";"2.1";"1.8";"66.";"0.";"0.00";"0.00";"0.00"
"2019";"4";"17";"3";"0";"2545";"98.";"2.5";"2.8";"63.";"0.";"0.00";"0.00";"0.00"
"2019";"4";"17";"3";"1";"2546";"103.";"1.8";"1.3";"66.";"0.";"0.00";"0.00";"0.00"
"2019";"4";"17";"3";"2";"2547";"87.";"1.0";"0.8";"68.";"0.";"0.00";"0.00";"0.00"
"2019";"4";"17";"3";"3";"2548";"80.";"1.7";"-0.2";"72.";"0.";"0.00";"0.00";"0.00"
"2019";"4";"17";"3";"4";"2549";"79.";"1.6";"-1.0";"73.";"0.";"0.00";"0.00";"0.00"
"2019";"4";"17";"3";"5";"2550";"64.";"1.4";"-0.2";"73.";"0.";"25.49";"180.69";"12.48"
"2019";"4";"17";"3";"6";"2551";"69.";"2.3";"2.5";"64.";"0.";"169.26";"576.28";"48.42"
"2019";"4";"17";"3";"7";"2552";"78.";"1.9";"5.6";"54.";"0.";"328.88";"738.10";"75.96"
"2019";"4";"17";"3";"8";"2553";"85.";"2.0";"8.6";"48.";"1.";"442.71";"732.08";"104.59"
"2019";"4";"17";"3";"9";"2554";"84.";"1.8";"11.0";"37.";"5.";"358.64";"318.44";"180.57"
"2019";"4";"17";"3";"10";"2555";"72.";"1.2";"13.1";"33.";"1.";"653.82";"772.09";"168.93"
"2019";"4";"17";"3";"11";"2556";"76.";"1.1";"13.8";"32.";"2.";"626.84";"707.91";"157.04"
"2019";"4";"17";"3";"12";"2557";"67.";"0.8";"14.8";"31.";"6.";"527.62";"226.68";"377.19"
"2019";"4";"17";"3";"13";"2558";"64.";"1.0";"15.8";"31.";"2.";"629.11";"699.94";"189.53"
"2019";"4";"17";"3";"14";"2559";"57.";"0.8";"16.7";"31.";"3.";"519.36";"555.18";"208.91"
"2019";"4";"17";"3";"15";"2560";"340.";"0.8";"16.7";"35.";"4.";"386.32";"404.55";"199.47"
"2019";"4";"17";"3";"16";"2561";"337.";"0.8";"16.2";"36.";"4.";"267.30";"378.33";"137.66"
"2019";"4";"17";"3";"17";"2562";"329.";"0.7";"14.8";"42.";"2.";"150.64";"429.71";"60.54"
"2019";"4";"17";"3";"18";"2563";"25.";"1.0";"13.0";"48.";"0.";"14.31";"111.08";"6.31"
"2019";"4";"17";"3";"19";"2564";"45.";"1.5";"11.1";"51.";"0.";"0.00";"0.00";"0.00"
"2019";"4";"17";"3";"20";"2565";"64.";"1.6";"10.2";"52.";"0.";"0.00";"0.00";"0.00"
"2019";"4";"17";"3";"21";"2566";"48.";"1.4";"8.9";"53.";"0.";"0.00";"0.00";"0.00"
"2019";"4";"17";"3";"22";"2567";"77.";"2.8";"7.9";"56.";"0.";"0.00";"0.00";"0.00"
"2019";"4";"17";"3";"23";"2568";"91.";"2.6";"7.5";"58.";"0.";"0.00";"0.00";"0.00"
"2019";"4";"18";"4";"0";"2569";"106.";"2.8";"7.2";"60.";"0.";"0.00";"0.00";"0.00"
"2019";"4";"18";"4";"1";"2570";"120.";"2.0";"6.4";"61.";"0.";"0.00";"0.00";"0.00"
"2019";"4";"18";"4";"2";"2571";"107.";"2.3";"5.2";"66.";"0.";"0.00";"0.00";"0.00"
"2019";"4";"18";"4";"3";"2572";"102.";"1.6";"4.6";"70.";"0.";"0.00";"0.00";"0.00"
"2019";"4";"18";"4";"4";"2573";"100.";"1.7";"3.8";"74.";"0.";"0.00";"0.00";"0.00"
"2019";"4";"18";"4";"5";"2574";"95.";"1.2";"4.8";"72.";"0.";"22.93";"161.08";"10.45"
"2019";"4";"18";"4";"6";"2575";"97.";"1.8";"7.6";"62.";"0.";"167.61";"544.70";"50.53"
"2019";"4";"18";"4";"7";"2576";"96.";"1.5";"10.8";"53.";"0.";"326.76";"710.45";"79.69"
"2019";"4";"18";"4";"8";"2577";"75.";"1.1";"13.7";"44.";"0.";"476.25";"815.11";"95.72"
"2019";"4";"18";"4";"9";"2578";"67.";"1.4";"15.4";"35.";"0.";"603.77";"890.21";"101.63"
"2019";"4";"18";"4";"10";"2579";"45.";"1.2";"16.4";"34.";"0.";"681.44";"859.14";"137.76"
"2019";"4";"18";"4";"11";"2580";"43.";"1.2";"17.2";"31.";"0.";"739.65";"954.03";"101.98"
"2019";"4";"18";"4";"12";"2581";"46.";"1.2";"17.6";"31.";"0.";"737.37";"941.34";"108.18"
"2019";"4";"18";"4";"13";"2582";"60.";"1.9";"18.0";"30.";"0.";"689.13";"907.36";"114.94"
"2019";"4";"18";"4";"14";"2583";"60.";"1.9";"18.5";"26.";"0.";"608.72";"917.28";"91.31"
"2019";"4";"18";"4";"15";"2584";"49.";"2.1";"18.1";"27.";"0.";"485.42";"868.00";"80.20"
"2019";"4";"18";"4";"16";"2585";"44.";"1.7";"17.7";"28.";"0.";"342.88";"781.39";"71.14"
"2019";"4";"18";"4";"17";"2586";"60.";"2.2";"16.9";"31.";"0.";"170.83";"576.19";"46.98"
"2019";"4";"18";"4";"18";"2587";"67.";"1.3";"14.8";"33.";"0.";"26.42";"195.00";"11.31"
"2019";"4";"18";"4";"19";"2588";"75.";"1.5";"12.1";"41.";"0.";"0.00";"0.00";"0.00"
"2019";"4";"18";"4";"20";"2589";"61.";"1.5";"11.1";"44.";"0.";"0.00";"0.00";"0.00"
"2019";"4";"18";"4";"21";"2590";"67.";"1.9";"9.2";"50.";"0.";"0.00";"0.00";"0.00"
"2019";"4";"18";"4";"22";"2591";"88.";"1.6";"8.3";"54.";"0.";"0.00";"0.00";"0.00"
"2019";"4";"18";"4";"23";"2592";"94.";"2.2";"7.7";"58.";"0.";"0.00";"0.00";"0.00"
"2019";"4";"19";"5";"0";"2593";"97.";"1.9";"7.2";"61.";"1.";"0.00";"0.00";"0.00"
"2019";"4";"19";"5";"1";"2594";"102.";"2.1";"6.3";"64.";"0.";"0.00";"0.00";"0.00"
"2019";"4";"19";"5";"2";"2595";"99.";"2.0";"4.9";"66.";"0.";"0.00";"0.00";"0.00"
"2019";"4";"19";"5";"3";"2596";"100.";"1.9";"2.8";"70.";"0.";"0.00";"0.00";"0.00"
"2019";"4";"19";"5";"4";"2597";"102.";"1.4";"3.2";"73.";"0.";"0.00";"0.00";"0.00"
"2019";"4";"19";"5";"5";"2598";"97.";"1.3";"3.2";"72.";"0.";"31.69";"223.13";"13.21"
"2019";"4";"19";"5";"6";"2599";"109.";"1.0";"6.5";"62.";"0.";"181.84";"607.08";"48.19"
"2019";"4";"19";"5";"7";"2600";"121.";"1.0";"10.5";"52.";"0.";"337.57";"760.48";"69.26"
"2019";"4";"19";"5";"8";"2601";"135.";"0.6";"12.7";"45.";"0.";"499.03";"873.15";"87.12"
"2019";"4";"19";"5";"9";"2602";"182.";"0.6";"15.5";"39.";"0.";"606.97";"886.84";"102.46"
"2019";"4";"19";"5";"10";"2603";"227.";"1.2";"16.0";"38.";"0.";"691.67";"899.75";"118.04"
"2019";"4";"19";"5";"11";"2604";"247.";"1.9";"15.1";"40.";"0.";"742.71";"951.09";"102.54"
"2019";"4";"19";"5";"12";"2605";"258.";"2.9";"15.5";"41.";"0.";"742.11";"953.34";"100.42"
"2019";"4";"19";"5";"13";"2606";"268.";"2.5";"16.2";"41.";"0.";"697.36";"951.32";"90.85"
"2019";"4";"19";"5";"14";"2607";"282.";"3.3";"15.7";"40.";"0.";"604.03";"870.02";"109.10"
"2019";"4";"19";"5";"15";"2608";"297.";"3.4";"15.6";"38.";"0.";"484.68";"836.06";"90.26"
"2019";"4";"19";"5";"16";"2609";"314.";"3.1";"15.9";"37.";"0.";"337.61";"764.77";"67.79"
"2019";"4";"19";"5";"17";"2610";"322.";"2.9";"15.1";"36.";"5.";"139.95";"226.64";"90.06"
"2019";"4";"19";"5";"18";"2611";"327.";"2.0";"13.4";"38.";"3.";"26.15";"132.93";"15.14"
"2019";"4";"19";"5";"19";"2612";"334.";"1.7";"11.0";"45.";"6.";"0.00";"0.00";"0.00"
"2019";"4";"19";"5";"20";"2613";"347.";"1.7";"8.6";"51.";"8.";"0.00";"0.00";"0.00"
"2019";"4";"19";"5";"21";"2614";"3.";"1.6";"7.3";"56.";"8.";"0.00";"0.00";"0.00"
"2019";"4";"19";"5";"22";"2615";"26.";"1.5";"6.9";"59.";"7.";"0.00";"0.00";"0.00"
"2019";"4";"19";"5";"23";"2616";"34.";"0.8";"5.5";"62.";"4.";"0.00";"0.00";"0.00"
"2019";"4";"20";"6";"0";"2617";"59.";"1.1";"4.7";"66.";"0.";"0.00";"0.00";"0.00"
"2019";"4";"20";"6";"1";"2618";"70.";"1.6";"4.0";"68.";"0.";"0.00";"0.00";"0.00"
"2019";"4";"20";"6";"2";"2619";"70.";"1.8";"3.7";"71.";"3.";"0.00";"0.00";"0.00"
"2019";"4";"20";"6";"3";"2620";"76.";"1.9";"3.1";"72.";"2.";"0.00";"0.00";"0.00"
"2019";"4";"20";"6";"4";"2621";"75.";"1.6";"2.8";"74.";"1.";"0.00";"0.00";"0.00"
"2019";"4";"20";"6";"5";"2622";"76.";"1.6";"3.9";"73.";"0.";"34.45";"235.35";"13.71"
"2019";"4";"20";"6";"6";"2623";"32.";"0.4";"6.9";"66.";"1.";"172.53";"532.95";"52.45"
"2019";"4";"20";"6";"7";"2624";"56.";"0.7";"10.9";"53.";"0.";"343.87";"778.08";"65.46"
"2019";"4";"20";"6";"8";"2625";"342.";"0.4";"14.2";"42.";"0.";"492.24";"855.06";"84.70"
"2019";"4";"20";"6";"9";"2626";"313.";"1.1";"16.0";"36.";"0.";"617.99";"923.06";"88.50"
"2019";"4";"20";"6";"10";"2627";"314.";"1.3";"17.8";"33.";"0.";"705.87";"957.86";"90.73"
"2019";"4";"20";"6";"11";"2628";"309.";"2.3";"18.6";"31.";"0.";"748.85";"952.63";"103.24"
"2019";"4";"20";"6";"12";"2629";"297.";"4.2";"18.5";"29.";"1.";"700.41";"716.56";"214.78"
"2019";"4";"20";"6";"13";"2630";"302.";"4.2";"18.0";"28.";"0.";"707.83";"954.00";"95.16"
"2019";"4";"20";"6";"14";"2631";"303.";"4.5";"18.0";"28.";"0.";"611.80";"861.22";"117.79"
"2019";"4";"20";"6";"15";"2632";"309.";"4.6";"17.3";"28.";"0.";"493.07";"832.35";"96.36"
"2019";"4";"20";"6";"16";"2633";"315.";"4.1";"16.5";"30.";"0.";"355.55";"790.73";"72.61"
"2019";"4";"20";"6";"17";"2634";"312.";"3.4";"15.8";"32.";"0.";"184.78";"612.74";"46.73"
"2019";"4";"20";"6";"18";"2635";"318.";"2.5";"13.9";"35.";"0.";"36.52";"246.04";"14.84"
"2019";"4";"20";"6";"19";"2636";"316.";"1.1";"10.2";"46.";"0.";"0.00";"0.00";"0.00"
"2019";"4";"20";"6";"20";"2637";"278.";"0.8";"7.7";"54.";"1.";"0.00";"0.00";"0.00"
"2019";"4";"20";"6";"21";"2638";"266.";"1.6";"5.2";"60.";"2.";"0.00";"0.00";"0.00"
"2019";"4";"20";"6";"22";"2639";"272.";"1.4";"4.9";"64.";"6.";"0.00";"0.00";"0.00"
"2019";"4";"20";"6";"23";"2640";"269.";"1.6";"3.9";"69.";"8.";"0.00";"0.00";"0.00"
"2019";"4";"21";"7";"0";"2641";"238.";"1.2";"3.6";"74.";"3.";"0.00";"0.00";"0.00"
"2019";"4";"21";"7";"1";"2642";"209.";"1.3";"3.5";"79.";"2.";"0.00";"0.00";"0.00"
"2019";"4";"21";"7";"2";"2643";"204.";"1.3";"1.4";"83.";"1.";"0.00";"0.00";"0.00"
"2019";"4";"21";"7";"3";"2644";"202.";"1.3";"2.3";"86.";"0.";"0.00";"0.00";"0.00"
"2019";"4";"21";"7";"4";"2645";"202.";"1.2";"2.1";"88.";"0.";"0.00";"0.00";"0.00"
"2019";"4";"21";"7";"5";"2646";"208.";"1.4";"3.3";"87.";"1.";"31.56";"155.60";"17.03"
"2019";"4";"21";"7";"6";"2647";"216.";"1.6";"7.9";"75.";"1.";"159.57";"385.22";"70.81"
"2019";"4";"21";"7";"7";"2648";"227.";"1.6";"10.8";"64.";"0.";"339.45";"707.90";"82.66"
"2019";"4";"21";"7";"8";"2649";"238.";"1.8";"12.3";"56.";"1.";"452.74";"697.04";"117.18"
"2019";"4";"21";"7";"9";"2650";"248.";"2.1";"13.3";"51.";"1.";"586.71";"759.15";"147.69"
"2019";"4";"21";"7";"10";"2651";"255.";"2.2";"13.5";"49.";"1.";"640.69";"627.45";"234.86"
"2019";"4";"21";"7";"11";"2652";"264.";"2.2";"14.6";"46.";"1.";"700.19";"725.65";"205.10"
"2019";"4";"21";"7";"12";"2653";"270.";"2.5";"15.4";"43.";"3.";"631.25";"503.10";"288.00"
"2019";"4";"21";"7";"13";"2654";"274.";"2.6";"15.3";"40.";"5.";"541.53";"332.88";"326.22"
"2019";"4";"21";"7";"14";"2655";"275.";"2.5";"15.5";"39.";"0.";"602.73";"782.27";"150.34"
"2019";"4";"21";"7";"15";"2656";"286.";"2.2";"16.0";"38.";"0.";"485.22";"753.00";"122.72"
"2019";"4";"21";"7";"16";"2657";"298.";"2.1";"15.4";"39.";"0.";"339.54";"669.30";"96.75"
"2019";"4";"21";"7";"17";"2658";"308.";"2.0";"14.4";"42.";"0.";"184.53";"573.38";"52.42"
"2019";"4";"21";"7";"18";"2659";"301.";"1.4";"12.8";"46.";"0.";"34.99";"214.11";"15.00"
"2019";"4";"21";"7";"19";"2660";"268.";"0.7";"9.4";"56.";"0.";"0.00";"0.00";"0.00"
"2019";"4";"21";"7";"20";"2661";"244.";"0.5";"8.0";"63.";"0.";"0.00";"0.00";"0.00"
"2019";"4";"21";"7";"21";"2662";"317.";"0.4";"5.8";"65.";"0.";"0.00";"0.00";"0.00"
"2019";"4";"21";"7";"22";"2663";"197.";"0.3";"4.6";"69.";"0.";"0.00";"0.00";"0.00"
"2019";"4";"21";"7";"23";"2664";"99.";"0.8";"3.7";"72.";"0.";"0.00";"0.00";"0.00"
"2019";"4";"22";"1";"0";"2665";"101.";"1.4";"4.3";"74.";"0.";"0.00";"0.00";"0.00"
"2019";"4";"22";"1";"1";"2666";"102.";"1.8";"3.3";"75.";"0.";"0.00";"0.00";"0.00"
"2019";"4";"22";"1";"2";"2667";"111.";"1.8";"3.1";"75.";"0.";"0.00";"0.00";"0.00"
"2019";"4";"22";"1";"3";"2668";"115.";"2.0";"2.7";"77.";"0.";"0.00";"0.00";"0.00"
"2019";"4";"22";"1";"4";"2669";"113.";"2.1";"3.7";"78.";"0.";"0.00";"0.00";"0.00"
"2019";"4";"22";"1";"5";"2670";"118.";"2.5";"4.6";"73.";"0.";"43.20";"269.34";"16.65"
"2019";"4";"22";"1";"6";"2671";"133.";"3.0";"8.4";"61.";"0.";"191.96";"596.24";"51.58"
"2019";"4";"22";"1";"7";"2672";"139.";"3.2";"10.8";"51.";"0.";"353.94";"755.11";"76.33"
"2019";"4";"22";"1";"8";"2673";"159.";"3.0";"12.7";"47.";"0.";"491.24";"757.67";"122.90"
"2019";"4";"22";"1";"9";"2674";"171.";"3.1";"14.7";"43.";"0.";"611.88";"813.09";"137.92"
"2019";"4";"22";"1";"10";"2675";"181.";"2.5";"15.9";"41.";"0.";"701.30";"867.35";"136.36"
"2019";"4";"22";"1";"11";"2676";"191.";"2.4";"16.0";"40.";"0.";"748.15";"891.26";"136.07"
"2019";"4";"22";"1";"12";"2677";"213.";"2.7";"16.9";"40.";"0.";"744.66";"876.93";"142.42"
"2019";"4";"22";"1";"13";"2678";"226.";"2.9";"16.7";"40.";"0.";"703.05";"881.68";"128.78"
"2019";"4";"22";"1";"14";"2679";"218.";"2.8";"16.3";"39.";"0.";"625.20";"908.72";"95.50"
"2019";"4";"22";"1";"15";"2680";"223.";"2.7";"16.3";"38.";"0.";"496.73";"804.63";"105.56"
"2019";"4";"22";"1";"16";"2681";"230.";"1.5";"16.1";"39.";"0.";"352.40";"755.31";"74.73"
"2019";"4";"22";"1";"17";"2682";"228.";"0.6";"15.4";"39.";"0.";"192.16";"606.06";"49.47"
"2019";"4";"22";"1";"18";"2683";"272.";"0.9";"14.2";"42.";"0.";"40.63";"256.33";"15.35"
"2019";"4";"22";"1";"19";"2684";"17.";"0.6";"11.0";"51.";"0.";"0.00";"0.00";"0.00"
"2019";"4";"22";"1";"20";"2685";"89.";"1.3";"8.8";"56.";"1.";"0.00";"0.00";"0.00"
"2019";"4";"22";"1";"21";"2686";"113.";"1.5";"8.0";"60.";"3.";"0.00";"0.00";"0.00"
"2019";"4";"22";"1";"22";"2687";"119.";"2.3";"8.5";"61.";"1.";"0.00";"0.00";"0.00"
"2019";"4";"22";"1";"23";"2688";"124.";"2.8";"8.8";"62.";"0.";"0.00";"0.00";"0.00"
"2019";"4";"23";"2";"0";"2689";"115.";"3.3";"9.5";"64.";"1.";"0.00";"0.00";"0.00"
"2019";"4";"23";"2";"1";"2690";"111.";"3.4";"9.2";"67.";"0.";"0.00";"0.00";"0.00"
"2019";"4";"23";"2";"2";"2691";"109.";"3.8";"8.5";"70.";"0.";"0.00";"0.00";"0.00"
"2019";"4";"23";"2";"3";"2692";"108.";"3.8";"8.1";"72.";"0.";"0.00";"0.00";"0.00"
"2019";"4";"23";"2";"4";"2693";"104.";"4.0";"7.9";"74.";"0.";"0.00";"0.00";"0.00"
"2019";"4";"23";"2";"5";"2694";"105.";"4.1";"8.9";"71.";"0.";"40.34";"241.27";"15.31"
"2019";"4";"23";"2";"6";"2695";"110.";"4.4";"11.0";"63.";"0.";"191.97";"583.63";"51.65"
"2019";"4";"23";"2";"7";"2696";"112.";"4.8";"13.4";"54.";"0.";"355.60";"765.44";"70.51"
"2019";"4";"23";"2";"8";"2697";"119.";"5.0";"15.5";"44.";"0.";"502.95";"827.40";"96.85"
"2019";"4";"23";"2";"9";"2698";"129.";"6.5";"17.0";"32.";"0.";"606.42";"731.99";"176.40"
"2019";"4";"23";"2";"10";"2699";"138.";"5.6";"18.0";"27.";"0.";"719.85";"923.72";"114.07"
"2019";"4";"23";"2";"11";"2700";"133.";"5.4";"18.8";"25.";"0.";"745.09";"818.83";"179.13"
"2019";"4";"23";"2";"12";"2701";"121.";"6.8";"19.7";"23.";"0.";"758.70";"894.10";"140.72"
"2019";"4";"23";"2";"13";"2702";"117.";"7.6";"20.7";"20.";"0.";"721.29";"921.71";"116.83"
"2019";"4";"23";"2";"14";"2703";"114.";"8.2";"20.8";"19.";"0.";"627.73";"841.80";"133.20"
"2019";"4";"23";"2";"15";"2704";"111.";"7.9";"20.6";"19.";"0.";"515.73";"866.02";"90.67"
"2019";"4";"23";"2";"16";"2705";"110.";"7.6";"19.9";"19.";"0.";"368.80";"793.50";"73.27"
"2019";"4";"23";"2";"17";"2706";"110.";"7.2";"18.9";"20.";"0.";"207.15";"643.39";"52.46"
"2019";"4";"23";"2";"18";"2707";"113.";"7.2";"17.1";"21.";"0.";"56.70";"338.53";"21.58"
"2019";"4";"23";"2";"19";"2708";"111.";"6.7";"15.7";"25.";"0.";"0.00";"0.00";"0.00"
"2019";"4";"23";"2";"20";"2709";"95.";"4.6";"14.6";"27.";"0.";"0.00";"0.00";"0.00"
"2019";"4";"23";"2";"21";"2710";"91.";"5.5";"13.9";"28.";"0.";"0.00";"0.00";"0.00"
"2019";"4";"23";"2";"22";"2711";"92.";"6.5";"13.5";"29.";"0.";"0.00";"0.00";"0.00"
"2019";"4";"23";"2";"23";"2712";"93.";"6.5";"13.0";"32.";"0.";"0.00";"0.00";"0.00"
"2019";"4";"24";"3";"0";"2713";"95.";"6.2";"12.4";"33.";"0.";"0.00";"0.00";"0.00"
"2019";"4";"24";"3";"1";"2714";"94.";"5.7";"12.1";"35.";"0.";"0.00";"0.00";"0.00"
"2019";"4";"24";"3";"2";"2715";"95.";"5.7";"11.7";"37.";"0.";"0.00";"0.00";"0.00"
"2019";"4";"24";"3";"3";"2716";"93.";"5.3";"11.6";"38.";"2.";"0.00";"0.00";"0.00"
"2019";"4";"24";"3";"4";"2717";"98.";"6.0";"11.6";"40.";"7.";"0.00";"0.00";"0.00"
"2019";"4";"24";"3";"5";"2718";"100.";"6.6";"12.1";"39.";"8.";"36.80";"0.00";"36.80"
"2019";"4";"24";"3";"6";"2719";"102.";"6.8";"13.1";"38.";"7.";"146.54";"74.90";"128.16"
"2019";"4";"24";"3";"7";"2720";"104.";"7.3";"14.7";"36.";"8.";"239.44";"0.00";"239.44"
"2019";"4";"24";"3";"8";"2721";"107.";"7.5";"16.7";"32.";"4.";"424.67";"380.91";"235.96"
"2019";"4";"24";"3";"9";"2722";"106.";"8.2";"18.2";"29.";"7.";"443.36";"99.60";"384.40"
"2019";"4";"24";"3";"10";"2723";"113.";"8.6";"18.3";"28.";"8.";"481.31";"0.00";"481.31"
"2019";"4";"24";"3";"11";"2724";"117.";"8.4";"18.3";"31.";"8.";"497.36";"0.00";"497.36"
"2019";"4";"24";"3";"12";"2725";"114.";"8.1";"19.7";"28.";"7.";"536.72";"106.48";"462.66"
"2019";"4";"24";"3";"13";"2726";"121.";"7.7";"19.2";"30.";"8.";"446.26";"0.00";"446.26"
"2019";"4";"24";"3";"14";"2727";"134.";"5.1";"18.7";"33.";"8.";"405.68";"0.00";"405.68"
"2019";"4";"24";"3";"15";"2728";"126.";"5.3";"18.1";"36.";"8.";"312.63";"0.00";"312.63"
"2019";"4";"24";"3";"16";"2729";"136.";"4.2";"16.9";"40.";"8.";"109.96";"0.00";"109.96"
"2019";"4";"24";"3";"17";"2730";"123.";"4.6";"16.4";"39.";"8.";"130.00";"0.00";"130.00"
"2019";"4";"24";"3";"18";"2731";"115.";"5.2";"16.0";"40.";"6.";"35.22";"70.19";"27.58"
"2019";"4";"24";"3";"19";"2732";"109.";"4.4";"15.4";"41.";"7.";"0.00";"0.00";"0.00"
"2019";"4";"24";"3";"20";"2733";"101.";"3.7";"15.0";"43.";"7.";"0.00";"0.00";"0.00"
"2019";"4";"24";"3";"21";"2734";"100.";"4.0";"14.7";"45.";"6.";"0.00";"0.00";"0.00"
"2019";"4";"24";"3";"22";"2735";"97.";"3.8";"14.2";"46.";"3.";"0.00";"0.00";"0.00"
"2019";"4";"24";"3";"23";"2736";"90.";"3.6";"13.6";"49.";"6.";"0.00";"0.00";"0.00"
"2019";"4";"25";"4";"0";"2737";"86.";"3.3";"13.0";"52.";"7.";"0.00";"0.00";"0.00"
"2019";"4";"25";"4";"1";"2738";"88.";"3.5";"12.5";"56.";"2.";"0.00";"0.00";"0.00"
"2019";"4";"25";"4";"2";"2739";"97.";"4.0";"12.2";"58.";"4.";"0.00";"0.00";"0.00"
"2019";"4";"25";"4";"3";"2740";"93.";"4.2";"11.8";"60.";"0.";"0.00";"0.00";"0.00"
"2019";"4";"25";"4";"4";"2741";"96.";"4.2";"11.5";"62.";"0.";"0.00";"0.00";"0.00"
"2019";"4";"25";"4";"5";"2742";"100.";"3.8";"11.9";"62.";"0.";"47.64";"250.21";"19.15"
"2019";"4";"25";"4";"6";"2743";"98.";"4.2";"13.3";"59.";"0.";"199.10";"565.25";"57.67"
"2019";"4";"25";"4";"7";"2744";"100.";"4.5";"14.6";"56.";"3.";"307.47";"419.36";"147.32"
"2019";"4";"25";"4";"8";"2745";"105.";"4.8";"16.7";"52.";"1.";"483.01";"683.52";"141.27"
"2019";"4";"25";"4";"9";"2746";"112.";"6.0";"18.8";"47.";"4.";"505.78";"395.29";"270.05"
"2019";"4";"25";"4";"10";"2747";"120.";"6.4";"20.3";"45.";"7.";"472.50";"104.49";"403.07"
"2019";"4";"25";"4";"11";"2748";"131.";"5.1";"20.9";"46.";"7.";"308.71";"110.04";"231.70"
"2019";"4";"25";"4";"12";"2749";"160.";"3.1";"19.7";"54.";"7.";"307.58";"109.91";"230.66"
"2019";"4";"25";"4";"13";"2750";"172.";"2.0";"20.0";"52.";"7.";"283.71";"97.92";"218.64"
"2019";"4";"25";"4";"14";"2751";"167.";"1.9";"18.0";"65.";"7.";"245.81";"91.06";"191.50"
"2019";"4";"25";"4";"15";"2752";"211.";"1.6";"17.3";"61.";"6.";"246.80";"173.65";"159.98"
"2019";"4";"25";"4";"16";"2753";"213.";"1.5";"16.8";"63.";"4.";"232.82";"293.63";"120.68"
"2019";"4";"25";"4";"17";"2754";"206.";"2.1";"15.4";"69.";"5.";"108.29";"161.44";"67.90"
"2019";"4";"25";"4";"18";"2755";"202.";"1.8";"13.7";"76.";"2.";"28.23";"112.61";"15.41"
"2019";"4";"25";"4";"19";"2756";"125.";"0.7";"12.6";"81.";"5.";"0.00";"0.00";"0.00"
"2019";"4";"25";"4";"20";"2757";"86.";"1.8";"11.8";"83.";"4.";"0.00";"0.00";"0.00"
"2019";"4";"25";"4";"21";"2758";"103.";"1.9";"11.3";"85.";"1.";"0.00";"0.00";"0.00"
"2019";"4";"25";"4";"22";"2759";"153.";"0.9";"10.6";"88.";"0.";"0.00";"0.00";"0.00"
"2019";"4";"25";"4";"23";"2760";"97.";"1.6";"9.7";"89.";"3.";"0.00";"0.00";"0.00"
"2019";"4";"26";"5";"0";"2761";"86.";"1.7";"9.4";"91.";"4.";"0.00";"0.00";"0.00"
"2019";"4";"26";"5";"1";"2762";"93.";"1.6";"9.4";"91.";"0.";"0.00";"0.00";"0.00"
"2019";"4";"26";"5";"2";"2763";"90.";"1.7";"9.0";"91.";"2.";"0.00";"0.00";"0.00"
"2019";"4";"26";"5";"3";"2764";"86.";"2.7";"9.3";"91.";"3.";"0.00";"0.00";"0.00"
"2019";"4";"26";"5";"4";"2765";"94.";"2.8";"9.7";"90.";"2.";"0.00";"0.00";"0.00"
"2019";"4";"26";"5";"5";"2766";"101.";"1.9";"10.5";"87.";"4.";"28.42";"87.55";"18.01"
"2019";"4";"26";"5";"6";"2767";"90.";"3.1";"12.3";"79.";"3.";"167.52";"313.52";"87.56"
"2019";"4";"26";"5";"7";"2768";"86.";"3.5";"14.2";"71.";"5.";"278.73";"241.80";"185.26"
"2019";"4";"26";"5";"8";"2769";"83.";"3.7";"16.8";"63.";"7.";"348.87";"86.85";"305.07"
"2019";"4";"26";"5";"9";"2770";"80.";"3.4";"19.0";"56.";"0.";"619.36";"815.91";"129.24"
"2019";"4";"26";"5";"10";"2771";"88.";"2.3";"20.3";"51.";"0.";"699.45";"810.09";"157.68"
"2019";"4";"26";"5";"11";"2772";"97.";"1.8";"21.6";"44.";"3.";"651.87";"489.97";"306.92"
"2019";"4";"26";"5";"12";"2773";"99.";"2.1";"23.0";"39.";"6.";"573.57";"222.21";"417.13"
"2019";"4";"26";"5";"13";"2774";"59.";"0.6";"24.0";"37.";"2.";"656.37";"647.42";"223.39"
"2019";"4";"26";"5";"14";"2775";"23.";"0.4";"24.1";"36.";"3.";"550.52";"511.47";"243.28"
"2019";"4";"26";"5";"15";"2776";"225.";"0.7";"23.2";"39.";"4.";"418.99";"367.07";"233.82"
"2019";"4";"26";"5";"16";"2777";"233.";"0.8";"22.0";"42.";"6.";"259.14";"176.90";"190.76"
"2019";"4";"26";"5";"17";"2778";"276.";"1.4";"20.4";"46.";"4.";"161.49";"271.52";"92.25"
"2019";"4";"26";"5";"18";"2779";"255.";"0.3";"18.5";"53.";"7.";"28.69";"26.95";"25.49"
"2019";"4";"26";"5";"19";"2780";"41.";"0.6";"17.2";"56.";"6.";"0.00";"0.00";"0.00"
"2019";"4";"26";"5";"20";"2781";"67.";"1.8";"17.2";"57.";"8.";"0.00";"0.00";"0.00"
"2019";"4";"26";"5";"21";"2782";"187.";"1.2";"17.0";"63.";"8.";"0.00";"0.00";"0.00"
"2019";"4";"26";"5";"22";"2783";"211.";"1.5";"14.7";"67.";"8.";"0.00";"0.00";"0.00"
"2019";"4";"26";"5";"23";"2784";"140.";"1.6";"13.1";"77.";"8.";"0.00";"0.00";"0.00"
"2019";"4";"27";"6";"0";"2785";"118.";"2.8";"11.8";"84.";"7.";"0.00";"0.00";"0.00"
"2019";"4";"27";"6";"1";"2786";"70.";"1.5";"12.2";"83.";"8.";"0.00";"0.00";"0.00"
"2019";"4";"27";"6";"2";"2787";"60.";"2.4";"12.7";"84.";"7.";"0.00";"0.00";"0.00"
"2019";"4";"27";"6";"3";"2788";"76.";"2.0";"12.2";"85.";"8.";"0.00";"0.00";"0.00"
"2019";"4";"27";"6";"4";"2789";"83.";"1.2";"12.6";"86.";"7.";"0.00";"0.00";"0.00"
"2019";"4";"27";"6";"5";"2790";"348.";"0.6";"12.8";"87.";"8.";"11.99";"0.00";"11.99"
"2019";"4";"27";"6";"6";"2791";"358.";"0.8";"13.4";"83.";"7.";"124.96";"50.96";"111.72"
"2019";"4";"27";"6";"7";"2792";"1.";"0.9";"14.1";"78.";"8.";"215.93";"0.00";"215.93"
"2019";"4";"27";"6";"8";"2793";"289.";"0.9";"13.9";"78.";"8.";"147.81";"0.00";"147.81"
"2019";"4";"27";"6";"9";"2794";"272.";"1.6";"12.9";"81.";"8.";"184.03";"0.00";"184.03"
"2019";"4";"27";"6";"10";"2795";"262.";"2.7";"11.7";"88.";"6.";"342.78";"162.32";"233.55"
"2019";"4";"27";"6";"11";"2796";"269.";"4.4";"10.2";"96.";"7.";"162.21";"19.74";"148.23"
"2019";"4";"27";"6";"12";"2797";"300.";"3.5";"10.0";"97.";"8.";"113.88";"0.00";"113.88"
"2019";"4";"27";"6";"13";"2798";"299.";"4.6";"9.8";"94.";"8.";"115.64";"0.00";"115.64"
"2019";"4";"27";"6";"14";"2799";"308.";"3.2";"9.8";"93.";"7.";"160.56";"54.18";"127.79"
"2019";"4";"27";"6";"15";"2800";"297.";"3.1";"9.6";"93.";"8.";"138.82";"0.00";"138.82"
"2019";"4";"27";"6";"16";"2801";"303.";"3.0";"9.4";"93.";"8.";"103.94";"0.00";"103.94"
"2019";"4";"27";"6";"17";"2802";"306.";"2.7";"9.4";"94.";"8.";"34.32";"0.00";"34.32"
"2019";"4";"27";"6";"18";"2803";"310.";"3.5";"9.4";"94.";"7.";"18.36";"20.51";"15.82"
"2019";"4";"27";"6";"19";"2804";"318.";"1.8";"9.5";"94.";"8.";"0.00";"0.00";"0.00"
"2019";"4";"27";"6";"20";"2805";"332.";"2.6";"9.4";"95.";"7.";"0.00";"0.00";"0.00"
"2019";"4";"27";"6";"21";"2806";"306.";"2.2";"9.4";"95.";"8.";"0.00";"0.00";"0.00"
"2019";"4";"27";"6";"22";"2807";"317.";"2.2";"9.3";"95.";"8.";"0.00";"0.00";"0.00"
"2019";"4";"27";"6";"23";"2808";"305.";"2.1";"9.3";"95.";"8.";"0.00";"0.00";"0.00"
"2019";"4";"28";"7";"0";"2809";"321.";"2.9";"9.3";"95.";"8.";"0.00";"0.00";"0.00"
"2019";"4";"28";"7";"1";"2810";"283.";"2.5";"9.4";"95.";"8.";"0.00";"0.00";"0.00"
"2019";"4";"28";"7";"2";"2811";"311.";"4.5";"9.4";"95.";"7.";"0.00";"0.00";"0.00"
"2019";"4";"28";"7";"3";"2812";"325.";"4.3";"9.2";"96.";"8.";"0.00";"0.00";"0.00"
"2019";"4";"28";"7";"4";"2813";"313.";"2.8";"9.4";"96.";"8.";"0.00";"0.00";"0.00"
"2019";"4";"28";"7";"5";"2814";"313.";"1.4";"9.7";"96.";"8.";"8.27";"0.00";"8.27"
"2019";"4";"28";"7";"6";"2815";"11.";"2.2";"9.6";"97.";"7.";"49.68";"27.05";"42.52"
"2019";"4";"28";"7";"7";"2816";"51.";"2.3";"9.7";"96.";"8.";"60.58";"0.00";"60.58"
"2019";"4";"28";"7";"8";"2817";"40.";"1.7";"10.0";"94.";"8.";"86.55";"0.00";"86.55"
"2019";"4";"28";"7";"9";"2818";"64.";"2.0";"10.2";"93.";"7.";"154.01";"42.68";"128.01"
"2019";"4";"28";"7";"10";"2819";"23.";"1.6";"11.0";"92.";"6.";"244.75";"115.95";"166.24"
"2019";"4";"28";"7";"11";"2820";"9.";"1.0";"11.5";"94.";"6.";"363.23";"159.65";"249.53"
"2019";"4";"28";"7";"12";"2821";"267.";"0.9";"12.0";"96.";"8.";"123.04";"0.00";"123.04"
"2019";"4";"28";"7";"13";"2822";"270.";"1.8";"13.8";"89.";"6.";"350.08";"180.18";"228.09"
"2019";"4";"28";"7";"14";"2823";"259.";"3.2";"15.3";"85.";"6.";"308.55";"178.33";"199.91"
"2019";"4";"28";"7";"15";"2824";"273.";"2.6";"15.0";"80.";"8.";"146.69";"0.00";"146.69"
"2019";"4";"28";"7";"16";"2825";"256.";"2.2";"13.4";"81.";"7.";"141.40";"66.01";"115.28"
"2019";"4";"28";"7";"17";"2826";"245.";"2.1";"12.0";"84.";"8.";"59.79";"0.00";"59.79"
"2019";"4";"28";"7";"18";"2827";"202.";"0.7";"11.4";"87.";"8.";"14.97";"0.00";"14.97"
"2019";"4";"28";"7";"19";"2828";"73.";"1.4";"10.9";"89.";"6.";"0.00";"0.00";"0.00"
"2019";"4";"28";"7";"20";"2829";"76.";"3.0";"10.4";"80.";"8.";"0.00";"0.00";"0.00"
"2019";"4";"28";"7";"21";"2830";"85.";"3.7";"10.5";"74.";"8.";"0.00";"0.00";"0.00"
"2019";"4";"28";"7";"22";"2831";"88.";"3.2";"10.6";"70.";"7.";"0.00";"0.00";"0.00"
"2019";"4";"28";"7";"23";"2832";"90.";"2.7";"10.1";"68.";"4.";"0.00";"0.00";"0.00"
"2019";"4";"29";"1";"0";"2833";"88.";"3.7";"8.9";"72.";"0.";"0.00";"0.00";"0.00"
"2019";"4";"29";"1";"1";"2834";"83.";"2.7";"8.1";"72.";"3.";"0.00";"0.00";"0.00"
"2019";"4";"29";"1";"2";"2835";"81.";"3.0";"7.9";"72.";"5.";"0.00";"0.00";"0.00"
"2019";"4";"29";"1";"3";"2836";"73.";"2.4";"6.9";"73.";"4.";"0.00";"0.00";"0.00"
"2019";"4";"29";"1";"4";"2837";"61.";"1.8";"6.4";"74.";"0.";"0.00";"0.00";"0.00"
"2019";"4";"29";"1";"5";"2838";"54.";"2.3";"7.2";"68.";"0.";"74.97";"352.03";"27.98"
"2019";"4";"29";"1";"6";"2839";"50.";"2.4";"9.3";"54.";"0.";"234.24";"664.37";"55.49"
"2019";"4";"29";"1";"7";"2840";"44.";"2.6";"11.1";"45.";"0.";"396.91";"801.41";"76.32"
"2019";"4";"29";"1";"8";"2841";"39.";"2.4";"13.2";"39.";"1.";"514.79";"720.54";"141.95"
"2019";"4";"29";"1";"9";"2842";"34.";"2.6";"15.2";"37.";"0.";"665.64";"930.42";"94.99"
"2019";"4";"29";"1";"10";"2843";"22.";"2.7";"16.8";"35.";"0.";"747.58";"932.80";"112.23"
"2019";"4";"29";"1";"11";"2844";"21.";"2.6";"17.7";"34.";"0.";"773.56";"840.09";"171.88"
"2019";"4";"29";"1";"12";"2845";"18.";"2.7";"18.6";"34.";"0.";"785.92";"915.96";"129.90"
"2019";"4";"29";"1";"13";"2846";"15.";"2.8";"19.4";"35.";"0.";"737.55";"889.00";"132.04"
"2019";"4";"29";"1";"14";"2847";"2.";"2.7";"19.7";"36.";"0.";"658.54";"915.08";"97.30"
"2019";"4";"29";"1";"15";"2848";"341.";"3.4";"19.1";"39.";"0.";"519.75";"742.53";"135.52"
"2019";"4";"29";"1";"16";"2849";"341.";"3.6";"18.8";"43.";"0.";"378.02";"706.24";"95.50"
"2019";"4";"29";"1";"17";"2850";"341.";"3.3";"17.5";"47.";"0.";"222.80";"630.16";"53.25"
"2019";"4";"29";"1";"18";"2851";"330.";"3.0";"15.7";"54.";"7.";"26.71";"40.55";"21.30"
"2019";"4";"29";"1";"19";"2852";"319.";"2.5";"13.4";"61.";"2.";"0.00";"0.00";"0.00"
"2019";"4";"29";"1";"20";"2853";"305.";"2.5";"11.6";"68.";"2.";"0.00";"0.00";"0.00"
"2019";"4";"29";"1";"21";"2854";"309.";"1.6";"10.2";"73.";"6.";"0.00";"0.00";"0.00"
"2019";"4";"29";"1";"22";"2855";"309.";"1.4";"9.7";"77.";"5.";"0.00";"0.00";"0.00"
"2019";"4";"29";"1";"23";"2856";"305.";"1.2";"9.9";"77.";"8.";"0.00";"0.00";"0.00"
"2019";"4";"30";"2";"0";"2857";"347.";"0.5";"10.0";"78.";"7.";"0.00";"0.00";"0.00"
"2019";"4";"30";"2";"1";"2858";"322.";"0.8";"9.9";"80.";"3.";"0.00";"0.00";"0.00"
"2019";"4";"30";"2";"2";"2859";"120.";"0.8";"9.6";"82.";"8.";"0.00";"0.00";"0.00"
"2019";"4";"30";"2";"3";"2860";"220.";"1.0";"9.6";"81.";"6.";"0.00";"0.00";"0.00"
"2019";"4";"30";"2";"4";"2861";"238.";"1.3";"9.8";"82.";"6.";"0.00";"0.00";"0.00"
"2019";"4";"30";"2";"5";"2862";"248.";"1.0";"10.5";"80.";"8.";"41.59";"0.00";"41.59"
"2019";"4";"30";"2";"6";"2863";"209.";"1.0";"12.5";"74.";"8.";"143.19";"0.00";"143.19"
"2019";"4";"30";"2";"7";"2864";"200.";"0.4";"14.5";"65.";"1.";"363.55";"622.43";"111.84"
"2019";"4";"30";"2";"8";"2865";"109.";"0.3";"15.9";"57.";"2.";"481.63";"596.37";"170.53"
"2019";"4";"30";"2";"9";"2866";"307.";"1.1";"18.1";"55.";"6.";"466.76";"211.42";"336.23"
"2019";"4";"30";"2";"10";"2867";"314.";"0.8";"18.7";"54.";"8.";"471.63";"0.00";"471.63"
"2019";"4";"30";"2";"11";"2868";"323.";"1.4";"18.4";"53.";"8.";"519.42";"0.00";"519.42"
"2019";"4";"30";"2";"12";"2869";"345.";"2.7";"18.7";"51.";"8.";"510.71";"0.00";"510.71"
"2019";"4";"30";"2";"13";"2870";"329.";"3.5";"18.7";"52.";"8.";"485.07";"0.00";"485.07"
"2019";"4";"30";"2";"14";"2871";"320.";"3.5";"19.7";"51.";"3.";"564.79";"509.09";"250.48"
"2019";"4";"30";"2";"15";"2872";"319.";"4.0";"18.9";"52.";"7.";"357.05";"105.82";"301.85"
"2019";"4";"30";"2";"16";"2873";"313.";"4.9";"17.2";"57.";"8.";"236.79";"0.00";"236.79"
"2019";"4";"30";"2";"17";"2874";"320.";"3.9";"15.9";"64.";"8.";"135.55";"0.00";"135.55"
"2019";"4";"30";"2";"18";"2875";"320.";"3.3";"14.8";"70.";"7.";"41.12";"36.19";"36.12"
"2019";"4";"30";"2";"19";"2876";"317.";"3.1";"13.7";"72.";"8.";"0.00";"0.00";"0.00"
"2019";"4";"30";"2";"20";"2877";"317.";"3.1";"12.8";"75.";"8.";"0.00";"0.00";"0.00"
"2019";"4";"30";"2";"21";"2878";"303.";"2.3";"11.8";"80.";"8.";"0.00";"0.00";"0.00"
"2019";"4";"30";"2";"22";"2879";"301.";"2.0";"11.1";"85.";"8.";"0.00";"0.00";"0.00"
"2019";"4";"30";"2";"23";"2880";"285.";"1.9";"10.3";"90.";"8.";"0.00";"0.00";"0.00"
"2019";"5";"1";"3";"0";"2881";"261.";"2.0";"9.7";"92.";"7.";"0.00";"0.00";"0.00"
"2019";"5";"1";"3";"1";"2882";"249.";"2.6";"9.2";"94.";"7.";"0.00";"0.00";"0.00"
"2019";"5";"1";"3";"2";"2883";"233.";"2.4";"8.7";"96.";"8.";"0.00";"0.00";"0.00"
"2019";"5";"1";"3";"3";"2884";"232.";"2.8";"8.4";"95.";"8.";"0.00";"0.00";"0.00"
"2019";"5";"1";"3";"4";"2885";"232.";"3.0";"8.4";"96.";"8.";"0.00";"0.00";"0.00"
"2019";"5";"1";"3";"5";"2886";"221.";"3.2";"8.4";"97.";"8.";"12.25";"0.00";"12.25"
"2019";"5";"1";"3";"6";"2887";"216.";"3.6";"8.4";"97.";"8.";"39.25";"0.00";"39.25"
"2019";"5";"1";"3";"7";"2888";"206.";"3.4";"8.6";"96.";"8.";"81.15";"0.00";"81.15"
"2019";"5";"1";"3";"8";"2889";"213.";"3.1";"9.0";"95.";"8.";"112.51";"0.00";"112.51"
"2019";"5";"1";"3";"9";"2890";"237.";"2.3";"9.5";"93.";"7.";"187.28";"11.70";"180.01"
"2019";"5";"1";"3";"10";"2891";"262.";"2.4";"9.7";"92.";"7.";"264.10";"60.44";"222.46"
"2019";"5";"1";"3";"11";"2892";"283.";"2.2";"9.8";"89.";"8.";"208.03";"0.00";"208.03"
"2019";"5";"1";"3";"12";"2893";"285.";"4.0";"12.3";"85.";"6.";"357.43";"145.95";"251.77"
"2019";"5";"1";"3";"13";"2894";"285.";"4.2";"12.9";"79.";"8.";"214.01";"0.00";"214.01"
"2019";"5";"1";"3";"14";"2895";"287.";"4.2";"12.3";"78.";"6.";"309.50";"167.06";"205.69"
"2019";"5";"1";"3";"15";"2896";"277.";"4.8";"11.3";"80.";"5.";"299.92";"244.24";"171.50"
"2019";"5";"1";"3";"16";"2897";"276.";"4.8";"11.4";"81.";"7.";"142.69";"62.34";"117.21"
"2019";"5";"1";"3";"17";"2898";"271.";"4.5";"10.7";"83.";"8.";"60.85";"0.00";"60.85"
"2019";"5";"1";"3";"18";"2899";"261.";"3.8";"10.6";"84.";"7.";"23.35";"22.75";"20.10"
"2019";"5";"1";"3";"19";"2900";"256.";"4.0";"10.4";"84.";"8.";"0.00";"0.00";"0.00"
"2019";"5";"1";"3";"20";"2901";"261.";"4.5";"10.0";"84.";"8.";"0.00";"0.00";"0.00"
"2019";"5";"1";"3";"21";"2902";"252.";"4.4";"9.7";"85.";"7.";"0.00";"0.00";"0.00"
"2019";"5";"1";"3";"22";"2903";"245.";"2.3";"9.6";"87.";"6.";"0.00";"0.00";"0.00"
"2019";"5";"1";"3";"23";"2904";"293.";"3.0";"9.9";"86.";"7.";"0.00";"0.00";"0.00"
"2019";"5";"2";"4";"0";"2905";"294.";"5.0";"10.2";"85.";"8.";"0.00";"0.00";"0.00"
"2019";"5";"2";"4";"1";"2906";"292.";"7.1";"10.5";"83.";"8.";"0.00";"0.00";"0.00"
"2019";"5";"2";"4";"2";"2907";"290.";"7.7";"10.4";"77.";"6.";"0.00";"0.00";"0.00"
"2019";"5";"2";"4";"3";"2908";"288.";"8.1";"9.9";"73.";"8.";"0.00";"0.00";"0.00"
"2019";"5";"2";"4";"4";"2909";"290.";"8.1";"9.9";"70.";"8.";"0.00";"0.00";"0.00"
"2019";"5";"2";"4";"5";"2910";"293.";"8.6";"9.9";"66.";"8.";"48.35";"0.00";"48.35"
"2019";"5";"2";"4";"6";"2911";"299.";"8.7";"10.1";"67.";"8.";"142.56";"0.00";"142.56"
"2019";"5";"2";"4";"7";"2912";"301.";"8.5";"10.3";"65.";"7.";"158.68";"89.84";"121.59"
"2019";"5";"2";"4";"8";"2913";"343.";"4.8";"8.2";"72.";"8.";"164.63";"0.00";"164.63"
"2019";"5";"2";"4";"9";"2914";"0.";"4.3";"7.5";"70.";"8.";"208.15";"0.00";"208.15"
"2019";"5";"2";"4";"10";"2915";"328.";"3.4";"9.8";"58.";"5.";"460.16";"356.32";"213.30"
"2019";"5";"2";"4";"11";"2916";"304.";"3.9";"9.9";"50.";"2.";"693.10";"724.76";"165.66"
"2019";"5";"2";"4";"12";"2917";"303.";"4.6";"11.3";"43.";"3.";"706.57";"604.77";"266.45"
"2019";"5";"2";"4";"13";"2918";"306.";"5.0";"11.1";"47.";"7.";"308.24";"117.17";"227.06"
"2019";"5";"2";"4";"14";"2919";"298.";"6.8";"10.6";"45.";"5.";"410.05";"348.19";"192.32"
"2019";"5";"2";"4";"15";"2920";"302.";"5.5";"9.8";"49.";"4.";"448.13";"436.76";"216.71"
"2019";"5";"2";"4";"16";"2921";"306.";"6.3";"9.1";"55.";"6.";"294.44";"199.96";"211.88"
"2019";"5";"2";"4";"17";"2922";"338.";"5.2";"7.7";"55.";"4.";"169.64";"334.16";"75.24"
"2019";"5";"2";"4";"18";"2923";"358.";"4.7";"6.8";"54.";"4.";"76.61";"208.77";"45.82"
"2019";"5";"2";"4";"19";"2924";"347.";"3.3";"5.2";"61.";"6.";"0.00";"0.00";"0.00"
"2019";"5";"2";"4";"20";"2925";"312.";"2.3";"5.0";"67.";"6.";"0.00";"0.00";"0.00"
"2019";"5";"2";"4";"21";"2926";"346.";"2.8";"5.2";"63.";"4.";"0.00";"0.00";"0.00"
"2019";"5";"2";"4";"22";"2927";"338.";"2.1";"4.7";"58.";"1.";"0.00";"0.00";"0.00"
"2019";"5";"2";"4";"23";"2928";"285.";"2.7";"3.6";"63.";"1.";"0.00";"0.00";"0.00"
"2019";"5";"3";"5";"0";"2929";"335.";"0.7";"2.2";"70.";"3.";"0.00";"0.00";"0.00"
"2019";"5";"3";"5";"1";"2930";"20.";"1.2";"0.7";"76.";"2.";"0.00";"0.00";"0.00"
"2019";"5";"3";"5";"2";"2931";"329.";"1.4";"0.5";"79.";"1.";"0.00";"0.00";"0.00"
"2019";"5";"3";"5";"3";"2932";"303.";"0.8";"-0.5";"81.";"0.";"0.00";"0.00";"0.00"
"2019";"5";"3";"5";"4";"2933";"299.";"0.4";"0.0";"81.";"0.";"0.00";"0.00";"0.00"
"2019";"5";"3";"5";"5";"2934";"161.";"0.2";"2.4";"74.";"0.";"95.74";"429.18";"30.49"
"2019";"5";"3";"5";"6";"2935";"95.";"1.4";"5.4";"54.";"1.";"236.29";"597.64";"64.86"
"2019";"5";"3";"5";"7";"2936";"67.";"2.6";"7.2";"39.";"0.";"420.32";"818.98";"78.75"
"2019";"5";"3";"5";"8";"2937";"101.";"1.0";"7.8";"36.";"7.";"234.28";"111.74";"174.64"
"2019";"5";"3";"5";"9";"2938";"292.";"1.5";"7.8";"63.";"8.";"205.35";"0.00";"205.35"
"2019";"5";"3";"5";"10";"2939";"240.";"1.5";"7.5";"49.";"4.";"534.89";"479.52";"200.87"
"2019";"5";"3";"5";"11";"2940";"261.";"1.2";"8.1";"57.";"6.";"577.35";"236.86";"404.10"
"2019";"5";"3";"5";"12";"2941";"269.";"2.6";"7.9";"63.";"8.";"244.50";"0.00";"244.50"
"2019";"5";"3";"5";"13";"2942";"276.";"3.9";"8.8";"52.";"3.";"657.26";"596.75";"241.59"
"2019";"5";"3";"5";"14";"2943";"291.";"4.3";"8.4";"49.";"3.";"531.33";"582.09";"165.10"
"2019";"5";"3";"5";"15";"2944";"268.";"3.2";"8.0";"50.";"5.";"420.52";"304.02";"258.23"
"2019";"5";"3";"5";"16";"2945";"269.";"2.9";"7.0";"52.";"8.";"124.37";"0.00";"124.37"
"2019";"5";"3";"5";"17";"2946";"278.";"1.7";"6.0";"60.";"7.";"169.34";"84.44";"145.12"
"2019";"5";"3";"5";"18";"2947";"267.";"2.5";"3.2";"75.";"8.";"15.31";"0.00";"15.31"
"2019";"5";"3";"5";"19";"2948";"189.";"0.6";"2.6";"81.";"8.";"0.00";"0.00";"0.00"
"2019";"5";"3";"5";"20";"2949";"106.";"1.8";"2.3";"89.";"7.";"0.00";"0.00";"0.00"
"2019";"5";"3";"5";"21";"2950";"84.";"2.7";"2.1";"90.";"8.";"0.00";"0.00";"0.00"
"2019";"5";"3";"5";"22";"2951";"70.";"1.2";"1.8";"91.";"8.";"0.00";"0.00";"0.00"
"2019";"5";"3";"5";"23";"2952";"46.";"2.9";"1.9";"91.";"8.";"0.00";"0.00";"0.00"
"2019";"5";"4";"6";"0";"2953";"48.";"3.4";"1.9";"90.";"7.";"0.00";"0.00";"0.00"
"2019";"5";"4";"6";"1";"2954";"19.";"2.5";"1.4";"92.";"6.";"0.00";"0.00";"0.00"
"2019";"5";"4";"6";"2";"2955";"22.";"3.7";"1.5";"91.";"7.";"0.00";"0.00";"0.00"
"2019";"5";"4";"6";"3";"2956";"14.";"3.5";"1.9";"90.";"6.";"0.00";"0.00";"0.00"
"2019";"5";"4";"6";"4";"2957";"20.";"4.5";"1.9";"90.";"7.";"0.00";"0.00";"0.00"
"2019";"5";"4";"6";"5";"2958";"25.";"4.9";"2.3";"86.";"7.";"40.01";"53.30";"31.67"
"2019";"5";"4";"6";"6";"2959";"31.";"5.0";"3.1";"82.";"3.";"196.85";"421.62";"74.11"
"2019";"5";"4";"6";"7";"2960";"32.";"5.0";"3.9";"77.";"3.";"322.81";"504.20";"110.46"
"2019";"5";"4";"6";"8";"2961";"21.";"4.7";"4.6";"67.";"7.";"233.68";"110.73";"174.14"
"2019";"5";"4";"6";"9";"2962";"8.";"4.2";"5.9";"56.";"6.";"344.94";"231.30";"198.54"
"2019";"5";"4";"6";"10";"2963";"2.";"3.8";"6.8";"44.";"7.";"312.67";"115.14";"232.05"
"2019";"5";"4";"6";"11";"2964";"337.";"3.8";"7.3";"40.";"7.";"540.14";"115.31";"455.38"
"2019";"5";"4";"6";"12";"2965";"328.";"3.9";"8.2";"40.";"2.";"685.51";"698.88";"171.77"
"2019";"5";"4";"6";"13";"2966";"317.";"4.4";"8.1";"42.";"5.";"460.24";"357.42";"209.96"
"2019";"5";"4";"6";"14";"2967";"316.";"4.6";"8.3";"43.";"8.";"209.29";"0.00";"209.29"
"2019";"5";"4";"6";"15";"2968";"317.";"4.5";"8.7";"44.";"8.";"175.60";"0.00";"175.60"
"2019";"5";"4";"6";"16";"2969";"317.";"4.4";"8.8";"42.";"5.";"254.28";"306.14";"125.34"
"2019";"5";"4";"6";"17";"2970";"311.";"5.2";"8.5";"45.";"5.";"152.79";"256.97";"77.98"
"2019";"5";"4";"6";"18";"2971";"314.";"4.3";"7.4";"52.";"3.";"77.80";"275.66";"34.66"
"2019";"5";"4";"6";"19";"2972";"299.";"4.0";"6.5";"59.";"6.";"0.00";"0.00";"0.00"
"2019";"5";"4";"6";"20";"2973";"316.";"3.6";"6.6";"62.";"6.";"0.00";"0.00";"0.00"
"2019";"5";"4";"6";"21";"2974";"311.";"3.3";"6.5";"68.";"4.";"0.00";"0.00";"0.00"
"2019";"5";"4";"6";"22";"2975";"339.";"1.5";"4.8";"77.";"8.";"0.00";"0.00";"0.00"
"2019";"5";"4";"6";"23";"2976";"311.";"1.5";"3.5";"82.";"7.";"0.00";"0.00";"0.00"
"2019";"5";"5";"7";"0";"2977";"338.";"0.4";"3.1";"85.";"8.";"0.00";"0.00";"0.00"
"2019";"5";"5";"7";"1";"2978";"280.";"1.2";"1.7";"87.";"7.";"0.00";"0.00";"0.00"
"2019";"5";"5";"7";"2";"2979";"300.";"0.6";"0.9";"89.";"6.";"0.00";"0.00";"0.00"
"2019";"5";"5";"7";"3";"2980";"70.";"0.7";"0.4";"92.";"7.";"0.00";"0.00";"0.00"
"2019";"5";"5";"7";"4";"2981";"89.";"1.0";"0.6";"92.";"3.";"0.00";"0.00";"0.00"
"2019";"5";"5";"7";"5";"2982";"100.";"0.9";"3.2";"89.";"8.";"29.36";"0.00";"29.36"
"2019";"5";"5";"7";"6";"2983";"163.";"0.7";"6.5";"77.";"7.";"101.66";"78.40";"78.50"
"2019";"5";"5";"7";"7";"2984";"172.";"1.2";"8.5";"54.";"6.";"298.54";"197.26";"214.67"
"2019";"5";"5";"7";"8";"2985";"215.";"1.8";"9.4";"53.";"8.";"170.73";"0.00";"170.73"
"2019";"5";"5";"7";"9";"2986";"225.";"3.6";"10.1";"49.";"5.";"408.97";"347.24";"187.91"
"2019";"5";"5";"7";"10";"2987";"231.";"3.9";"10.3";"48.";"7.";"321.28";"119.63";"237.07"
"2019";"5";"5";"7";"11";"2988";"240.";"4.8";"9.5";"53.";"6.";"408.37";"231.37";"237.47"
"2019";"5";"5";"7";"12";"2989";"251.";"5.3";"9.3";"63.";"6.";"407.35";"232.54";"235.59"
"2019";"5";"5";"7";"13";"2990";"244.";"3.8";"10.1";"58.";"4.";"521.49";"457.30";"199.63"
"2019";"5";"5";"7";"14";"2991";"262.";"4.9";"10.2";"49.";"6.";"338.71";"207.57";"206.57"
"2019";"5";"5";"7";"15";"2992";"268.";"5.6";"9.8";"48.";"0.";"550.37";"802.65";"115.67"
"2019";"5";"5";"7";"16";"2993";"270.";"5.7";"9.2";"55.";"4.";"333.57";"369.01";"176.68"
"2019";"5";"5";"7";"17";"2994";"267.";"5.9";"8.7";"63.";"4.";"170.98";"311.63";"78.95"
"2019";"5";"5";"7";"18";"2995";"255.";"6.4";"8.3";"64.";"6.";"71.14";"94.16";"55.99"
"2019";"5";"5";"7";"19";"2996";"253.";"6.3";"7.9";"63.";"7.";"0.00";"0.00";"0.00"
"2019";"5";"5";"7";"20";"2997";"253.";"6.3";"7.6";"67.";"7.";"0.00";"0.00";"0.00"
"2019";"5";"5";"7";"21";"2998";"253.";"7.2";"7.2";"70.";"7.";"0.00";"0.00";"0.00"
"2019";"5";"5";"7";"22";"2999";"250.";"6.8";"6.7";"73.";"6.";"0.00";"0.00";"0.00"
"2019";"5";"5";"7";"23";"3000";"247.";"6.3";"6.0";"78.";"7.";"0.00";"0.00";"0.00"
"2019";"5";"6";"1";"0";"3001";"245.";"7.0";"5.9";"77.";"7.";"0.00";"0.00";"0.00"
"2019";"5";"6";"1";"1";"3002";"248.";"6.3";"6.0";"75.";"7.";"0.00";"0.00";"0.00"
"2019";"5";"6";"1";"2";"3003";"250.";"5.7";"5.9";"80.";"6.";"0.00";"0.00";"0.00"
"2019";"5";"6";"1";"3";"3004";"242.";"5.8";"5.7";"77.";"4.";"0.00";"0.00";"0.00"
"2019";"5";"6";"1";"4";"3005";"243.";"6.1";"5.8";"78.";"4.";"0.00";"0.00";"0.00"
"2019";"5";"6";"1";"5";"3006";"256.";"5.8";"6.2";"74.";"6.";"52.76";"108.84";"34.78"
"2019";"5";"6";"1";"6";"3007";"252.";"5.9";"6.7";"68.";"7.";"108.20";"85.09";"82.72"
"2019";"5";"6";"1";"7";"3008";"246.";"6.4";"7.1";"68.";"7.";"169.20";"94.71";"128.56"
"2019";"5";"6";"1";"8";"3009";"241.";"6.1";"7.3";"66.";"8.";"172.56";"0.00";"172.56"
"2019";"5";"6";"1";"9";"3010";"243.";"6.6";"8.1";"63.";"6.";"316.57";"146.47";"222.79"
"2019";"5";"6";"1";"10";"3011";"241.";"6.6";"8.1";"59.";"5.";"461.05";"352.44";"211.75"
"2019";"5";"6";"1";"11";"3012";"235.";"6.6";"7.5";"65.";"3.";"623.75";"585.40";"189.32"
"2019";"5";"6";"1";"12";"3013";"226.";"6.1";"8.3";"59.";"6.";"411.73";"236.07";"236.54"
"2019";"5";"6";"1";"13";"3014";"226.";"5.5";"7.0";"69.";"7.";"304.20";"99.24";"234.01"
"2019";"5";"6";"1";"14";"3015";"250.";"4.8";"7.0";"69.";"8.";"421.25";"0.00";"421.25"
"2019";"5";"6";"1";"15";"3016";"241.";"4.0";"4.8";"72.";"6.";"421.83";"215.78";"304.16"
"2019";"5";"6";"1";"16";"3017";"206.";"3.0";"5.0";"85.";"7.";"89.75";"20.88";"80.79"
"2019";"5";"6";"1";"17";"3018";"267.";"1.7";"5.7";"77.";"2.";"223.14";"507.92";"71.04"
"2019";"5";"6";"1";"18";"3019";"277.";"1.6";"5.8";"72.";"3.";"81.28";"276.00";"35.67"
"2019";"5";"6";"1";"19";"3020";"287.";"1.8";"4.6";"76.";"1.";"0.00";"0.00";"0.00"
"2019";"5";"6";"1";"20";"3021";"282.";"1.5";"3.1";"80.";"1.";"0.00";"0.00";"0.00"
"2019";"5";"6";"1";"21";"3022";"266.";"1.6";"2.7";"80.";"0.";"0.00";"0.00";"0.00"
"2019";"5";"6";"1";"22";"3023";"262.";"2.0";"2.2";"83.";"1.";"0.00";"0.00";"0.00"
"2019";"5";"6";"1";"23";"3024";"237.";"1.5";"2.4";"83.";"3.";"0.00";"0.00";"0.00"
"2019";"5";"7";"2";"0";"3025";"245.";"2.1";"2.1";"84.";"7.";"0.00";"0.00";"0.00"
"2019";"5";"7";"2";"1";"3026";"250.";"2.3";"2.3";"87.";"8.";"0.00";"0.00";"0.00"
"2019";"5";"7";"2";"2";"3027";"288.";"0.3";"2.3";"88.";"3.";"0.00";"0.00";"0.00"
"2019";"5";"7";"2";"3";"3028";"289.";"1.9";"1.9";"88.";"5.";"0.00";"0.00";"0.00"
"2019";"5";"7";"2";"4";"3029";"328.";"0.6";"2.5";"85.";"3.";"0.00";"0.00";"0.00"
"2019";"5";"7";"2";"5";"3030";"130.";"0.3";"3.8";"83.";"7.";"45.16";"56.52";"35.58"
"2019";"5";"7";"2";"6";"3031";"187.";"1.6";"5.8";"72.";"8.";"82.50";"0.00";"82.50"
"2019";"5";"7";"2";"7";"3032";"281.";"3.6";"7.4";"56.";"8.";"133.38";"0.00";"133.38"
"2019";"5";"7";"2";"8";"3033";"279.";"3.0";"7.0";"64.";"5.";"348.78";"332.60";"166.16"
"2019";"5";"7";"2";"9";"3034";"274.";"4.3";"6.7";"66.";"3.";"531.02";"579.28";"158.07"
"2019";"5";"7";"2";"10";"3035";"271.";"5.1";"8.2";"56.";"1.";"714.51";"817.49";"133.42"
"2019";"5";"7";"2";"11";"3036";"270.";"5.9";"8.5";"48.";"2.";"693.95";"701.71";"170.82"
"2019";"5";"7";"2";"12";"3037";"267.";"5.8";"8.3";"47.";"4.";"563.90";"477.34";"208.04"
"2019";"5";"7";"2";"13";"3038";"268.";"5.5";"8.7";"46.";"3.";"598.95";"593.73";"176.91"
"2019";"5";"7";"2";"14";"3039";"269.";"4.8";"9.2";"46.";"4.";"471.05";"440.12";"187.70"
"2019";"5";"7";"2";"15";"3040";"273.";"5.6";"9.4";"47.";"2.";"476.24";"598.02";"147.91"
"2019";"5";"7";"2";"16";"3041";"267.";"5.8";"8.9";"51.";"2.";"359.36";"589.67";"104.05"
"2019";"5";"7";"2";"17";"3042";"266.";"6.0";"8.3";"53.";"5.";"159.01";"252.49";"82.37"
"2019";"5";"7";"2";"18";"3043";"265.";"5.7";"7.7";"55.";"3.";"85.14";"279.95";"37.69"
"2019";"5";"7";"2";"19";"3044";"258.";"5.1";"6.9";"59.";"1.";"0.00";"0.00";"0.00"
"2019";"5";"7";"2";"20";"3045";"253.";"5.2";"6.6";"61.";"1.";"0.00";"0.00";"0.00"
"2019";"5";"7";"2";"21";"3046";"254.";"5.4";"6.4";"65.";"3.";"0.00";"0.00";"0.00"
"2019";"5";"7";"2";"22";"3047";"253.";"5.3";"6.1";"66.";"5.";"0.00";"0.00";"0.00"
"2019";"5";"7";"2";"23";"3048";"253.";"5.5";"6.0";"68.";"3.";"0.00";"0.00";"0.00"
"2019";"5";"8";"3";"0";"3049";"251.";"5.6";"5.8";"69.";"6.";"0.00";"0.00";"0.00"
"2019";"5";"8";"3";"1";"3050";"247.";"5.1";"5.5";"70.";"4.";"0.00";"0.00";"0.00"
"2019";"5";"8";"3";"2";"3051";"246.";"5.0";"5.1";"73.";"4.";"0.00";"0.00";"0.00"
"2019";"5";"8";"3";"3";"3052";"241.";"3.7";"5.1";"75.";"3.";"0.00";"0.00";"0.00"
"2019";"5";"8";"3";"4";"3053";"241.";"3.7";"5.1";"74.";"4.";"0.00";"0.00";"0.00"
"2019";"5";"8";"3";"5";"3054";"242.";"4.1";"6.0";"70.";"3.";"97.75";"284.31";"48.37"
"2019";"5";"8";"3";"6";"3055";"242.";"4.3";"6.5";"65.";"5.";"164.99";"260.13";"85.00"
"2019";"5";"8";"3";"7";"3056";"235.";"3.9";"6.9";"63.";"3.";"328.31";"491.74";"113.53"
"2019";"5";"8";"3";"8";"3057";"227.";"3.4";"7.8";"58.";"2.";"498.59";"667.39";"129.75"
"2019";"5";"8";"3";"9";"3058";"225.";"3.2";"8.4";"52.";"2.";"633.15";"698.31";"181.14"
"2019";"5";"8";"3";"10";"3059";"213.";"3.2";"8.5";"50.";"3.";"599.55";"585.35";"181.50"
"2019";"5";"8";"3";"11";"3060";"201.";"3.2";"8.3";"53.";"6.";"418.60";"242.63";"236.91"
"2019";"5";"8";"3";"12";"3061";"184.";"3.0";"8.4";"61.";"8.";"250.55";"0.00";"250.55"
"2019";"5";"8";"3";"13";"3062";"172.";"2.8";"8.5";"62.";"8.";"235.75";"0.00";"235.75"
"2019";"5";"8";"3";"14";"3063";"158.";"2.4";"9.5";"58.";"6.";"347.85";"220.51";"205.11"
"2019";"5";"8";"3";"15";"3064";"140.";"2.7";"10.3";"53.";"6.";"296.89";"221.81";"174.30"
"2019";"5";"8";"3";"16";"3065";"153.";"2.2";"10.3";"54.";"8.";"130.31";"0.00";"130.31"
"2019";"5";"8";"3";"17";"3066";"127.";"2.6";"9.5";"62.";"7.";"104.38";"68.89";"83.20"
"2019";"5";"8";"3";"18";"3067";"110.";"2.8";"9.1";"69.";"8.";"66.23";"0.00";"66.23"
"2019";"5";"8";"3";"19";"3068";"99.";"3.3";"8.6";"72.";"7.";"0.00";"0.00";"0.00"
"2019";"5";"8";"3";"20";"3069";"98.";"2.7";"8.1";"78.";"7.";"0.00";"0.00";"0.00"
"2019";"5";"8";"3";"21";"3070";"98.";"3.0";"8.0";"78.";"8.";"0.00";"0.00";"0.00"
"2019";"5";"8";"3";"22";"3071";"100.";"3.6";"8.3";"68.";"8.";"0.00";"0.00";"0.00"
"2019";"5";"8";"3";"23";"3072";"103.";"3.6";"8.1";"63.";"7.";"0.00";"0.00";"0.00"
"2019";"5";"9";"4";"0";"3073";"101.";"4.0";"8.4";"61.";"7.";"0.00";"0.00";"0.00"
"2019";"5";"9";"4";"1";"3074";"94.";"4.4";"7.2";"71.";"7.";"0.00";"0.00";"0.00"
"2019";"5";"9";"4";"2";"3075";"96.";"5.0";"6.5";"81.";"8.";"0.00";"0.00";"0.00"
"2019";"5";"9";"4";"3";"3076";"99.";"5.2";"6.5";"84.";"8.";"0.00";"0.00";"0.00"
"2019";"5";"9";"4";"4";"3077";"104.";"4.9";"6.7";"85.";"8.";"0.00";"0.00";"0.00"
"2019";"5";"9";"4";"5";"3078";"104.";"6.0";"7.2";"85.";"8.";"17.84";"0.00";"17.84"
"2019";"5";"9";"4";"6";"3079";"111.";"6.1";"7.3";"84.";"8.";"43.88";"0.00";"43.88"
"2019";"5";"9";"4";"7";"3080";"111.";"5.9";"7.4";"85.";"8.";"68.57";"0.00";"68.57"
"2019";"5";"9";"4";"8";"3081";"113.";"5.9";"7.9";"85.";"8.";"94.12";"0.00";"94.12"
"2019";"5";"9";"4";"9";"3082";"117.";"5.1";"8.5";"84.";"8.";"114.15";"0.00";"114.15"
"2019";"5";"9";"4";"10";"3083";"124.";"4.7";"9.0";"82.";"8.";"128.53";"0.00";"128.53"
"2019";"5";"9";"4";"11";"3084";"125.";"4.7";"8.8";"87.";"8.";"136.17";"0.00";"136.17"
"2019";"5";"9";"4";"12";"3085";"133.";"4.8";"9.0";"89.";"8.";"137.87";"0.00";"137.87"
"2019";"5";"9";"4";"13";"3086";"141.";"4.3";"9.2";"90.";"8.";"122.25";"0.00";"122.25"
"2019";"5";"9";"4";"14";"3087";"141.";"4.5";"9.4";"92.";"7.";"244.99";"58.07";"207.20"
"2019";"5";"9";"4";"15";"3088";"139.";"4.3";"9.8";"89.";"8.";"168.27";"0.00";"168.27"
"2019";"5";"9";"4";"16";"3089";"141.";"3.6";"10.1";"86.";"7.";"170.80";"96.36";"128.35"
"2019";"5";"9";"4";"17";"3090";"142.";"2.9";"10.7";"84.";"7.";"105.20";"79.70";"80.38"
"2019";"5";"9";"4";"18";"3091";"131.";"2.5";"10.4";"85.";"8.";"30.13";"0.00";"30.13"
"2019";"5";"9";"4";"19";"3092";"120.";"2.6";"9.6";"88.";"8.";"0.00";"0.00";"0.00"
"2019";"5";"9";"4";"20";"3093";"121.";"2.7";"8.8";"89.";"6.";"0.00";"0.00";"0.00"
"2019";"5";"9";"4";"21";"3094";"119.";"2.9";"8.7";"89.";"8.";"0.00";"0.00";"0.00"
"2019";"5";"9";"4";"22";"3095";"116.";"2.8";"8.3";"90.";"7.";"0.00";"0.00";"0.00"
"2019";"5";"9";"4";"23";"3096";"123.";"2.6";"8.3";"91.";"8.";"0.00";"0.00";"0.00"
"2019";"5";"10";"5";"0";"3097";"122.";"2.8";"8.3";"91.";"8.";"0.00";"0.00";"0.00"
"2019";"5";"10";"5";"1";"3098";"121.";"2.8";"8.7";"91.";"7.";"0.00";"0.00";"0.00"
"2019";"5";"10";"5";"2";"3099";"127.";"2.2";"8.9";"91.";"8.";"0.00";"0.00";"0.00"
"2019";"5";"10";"5";"3";"3100";"129.";"2.6";"8.9";"92.";"7.";"0.00";"0.00";"0.00"
"2019";"5";"10";"5";"4";"3101";"132.";"2.7";"8.8";"92.";"7.";"0.00";"0.00";"0.00"
"2019";"5";"10";"5";"5";"3102";"145.";"3.1";"9.2";"90.";"6.";"48.92";"69.24";"36.33"
"2019";"5";"10";"5";"6";"3103";"142.";"3.5";"10.4";"85.";"6.";"125.01";"119.49";"87.34"
"2019";"5";"10";"5";"7";"3104";"141.";"2.9";"11.5";"80.";"5.";"243.60";"243.57";"135.42"
"2019";"5";"10";"5";"8";"3105";"156.";"2.6";"12.9";"75.";"5.";"328.01";"270.89";"176.40"
"2019";"5";"10";"5";"9";"3106";"175.";"3.5";"12.5";"74.";"6.";"483.95";"201.34";"352.27"
"2019";"5";"10";"5";"10";"3107";"184.";"3.8";"10.8";"83.";"7.";"284.55";"69.04";"234.79"
"2019";"5";"10";"5";"11";"3108";"173.";"2.7";"10.9";"91.";"8.";"133.32";"0.00";"133.32"
"2019";"5";"10";"5";"12";"3109";"183.";"3.8";"12.0";"89.";"8.";"237.77";"0.00";"237.77"
"2019";"5";"10";"5";"13";"3110";"198.";"4.3";"12.0";"83.";"8.";"221.10";"0.00";"221.10"
"2019";"5";"10";"5";"14";"3111";"191.";"4.2";"12.1";"81.";"7.";"262.06";"80.49";"209.42"
"2019";"5";"10";"5";"15";"3112";"217.";"3.6";"11.7";"77.";"7.";"226.73";"94.30";"173.95"
"2019";"5";"10";"5";"16";"3113";"199.";"3.9";"10.6";"79.";"6.";"211.92";"182.14";"131.03"
"2019";"5";"10";"5";"17";"3114";"228.";"3.9";"10.5";"79.";"8.";"81.12";"0.00";"81.12"
"2019";"5";"10";"5";"18";"3115";"236.";"4.1";"9.8";"78.";"7.";"44.20";"52.05";"34.74"
"2019";"5";"10";"5";"19";"3116";"240.";"3.3";"9.3";"77.";"3.";"0.00";"0.00";"0.00"
"2019";"5";"10";"5";"20";"3117";"229.";"4.1";"9.1";"75.";"8.";"0.00";"0.00";"0.00"
"2019";"5";"10";"5";"21";"3118";"227.";"5.0";"8.9";"74.";"8.";"0.00";"0.00";"0.00"
"2019";"5";"10";"5";"22";"3119";"226.";"5.4";"8.5";"77.";"8.";"0.00";"0.00";"0.00"
"2019";"5";"10";"5";"23";"3120";"230.";"5.2";"8.2";"79.";"8.";"0.00";"0.00";"0.00"
"2019";"5";"11";"6";"0";"3121";"235.";"4.4";"7.8";"82.";"4.";"0.00";"0.00";"0.00"
"2019";"5";"11";"6";"1";"3122";"236.";"3.6";"7.4";"83.";"4.";"0.00";"0.00";"0.00"
"2019";"5";"11";"6";"2";"3123";"239.";"3.3";"7.2";"84.";"4.";"0.00";"0.00";"0.00"
"2019";"5";"11";"6";"3";"3124";"244.";"3.3";"7.0";"83.";"3.";"0.00";"0.00";"0.00"
"2019";"5";"11";"6";"4";"3125";"250.";"3.2";"6.9";"80.";"3.";"0.00";"0.00";"0.00"
"2019";"5";"11";"6";"5";"3126";"257.";"3.6";"7.9";"72.";"1.";"109.26";"377.67";"39.10"
"2019";"5";"11";"6";"6";"3127";"259.";"3.6";"8.4";"67.";"2.";"232.45";"469.43";"82.71"
"2019";"5";"11";"6";"7";"3128";"259.";"3.1";"9.2";"63.";"1.";"399.21";"657.87";"104.70"
"2019";"5";"11";"6";"8";"3129";"257.";"3.6";"9.7";"62.";"2.";"490.69";"632.62";"134.48"
"2019";"5";"11";"6";"9";"3130";"256.";"4.3";"10.4";"60.";"1.";"638.15";"743.37";"149.55"
"2019";"5";"11";"6";"10";"3131";"260.";"4.4";"10.6";"57.";"1.";"718.79";"780.06";"154.11"
"2019";"5";"11";"6";"11";"3132";"263.";"4.2";"11.6";"55.";"1.";"760.90";"803.56";"151.51"
"2019";"5";"11";"6";"12";"3133";"269.";"4.6";"11.7";"54.";"1.";"766.25";"832.47";"134.93"
"2019";"5";"11";"6";"13";"3134";"274.";"4.7";"11.6";"53.";"1.";"720.18";"787.33";"150.24"
"2019";"5";"11";"6";"14";"3135";"279.";"4.6";"11.8";"50.";"1.";"669.77";"803.54";"141.63"
"2019";"5";"11";"6";"15";"3136";"276.";"4.4";"12.2";"50.";"0.";"576.51";"843.47";"101.58"
"2019";"5";"11";"6";"16";"3137";"276.";"5.0";"12.1";"51.";"0.";"431.69";"762.56";"90.30"
"2019";"5";"11";"6";"17";"3138";"273.";"4.6";"11.6";"56.";"0.";"270.62";"611.12";"75.68"
"2019";"5";"11";"6";"18";"3139";"268.";"4.5";"10.8";"63.";"0.";"114.79";"405.81";"39.40"
"2019";"5";"11";"6";"19";"3140";"273.";"4.1";"9.6";"70.";"0.";"0.00";"0.00";"0.00"
"2019";"5";"11";"6";"20";"3141";"280.";"3.1";"8.7";"78.";"0.";"0.00";"0.00";"0.00"
"2019";"5";"11";"6";"21";"3142";"278.";"2.9";"8.3";"84.";"0.";"0.00";"0.00";"0.00"
"2019";"5";"11";"6";"22";"3143";"294.";"2.6";"7.4";"86.";"0.";"0.00";"0.00";"0.00"
"2019";"5";"11";"6";"23";"3144";"303.";"2.5";"6.2";"85.";"0.";"0.00";"0.00";"0.00"
"2019";"5";"12";"7";"0";"3145";"309.";"2.0";"5.0";"87.";"0.";"0.00";"0.00";"0.00"
"2019";"5";"12";"7";"1";"3146";"310.";"2.1";"4.3";"89.";"0.";"0.00";"0.00";"0.00"
"2019";"5";"12";"7";"2";"3147";"315.";"2.1";"4.2";"87.";"1.";"0.00";"0.00";"0.00"
"2019";"5";"12";"7";"3";"3148";"314.";"2.1";"5.4";"87.";"0.";"0.00";"0.00";"0.00"
"2019";"5";"12";"7";"4";"3149";"316.";"2.8";"6.0";"86.";"2.";"0.00";"0.00";"0.00"
"2019";"5";"12";"7";"5";"3150";"319.";"4.2";"6.9";"79.";"8.";"38.67";"0.00";"38.67"
"2019";"5";"12";"7";"6";"3151";"317.";"4.5";"8.0";"70.";"7.";"115.51";"85.20";"88.02"
"2019";"5";"12";"7";"7";"3152";"314.";"4.7";"7.8";"68.";"7.";"180.80";"100.04";"135.67"
"2019";"5";"12";"7";"8";"3153";"311.";"5.6";"8.3";"64.";"7.";"240.91";"110.63";"178.25"
"2019";"5";"12";"7";"9";"3154";"311.";"5.7";"8.3";"63.";"6.";"357.75";"228.42";"206.89"
"2019";"5";"12";"7";"10";"3155";"315.";"5.9";"8.2";"67.";"7.";"322.92";"116.99";"237.88"
"2019";"5";"12";"7";"11";"3156";"333.";"5.1";"7.1";"68.";"6.";"407.82";"198.12";"256.97"
"2019";"5";"12";"7";"12";"3157";"338.";"4.8";"7.3";"68.";"6.";"419.78";"229.31";"245.18"
"2019";"5";"12";"7";"13";"3158";"334.";"4.5";"9.7";"55.";"5.";"469.22";"334.48";"226.07"
"2019";"5";"12";"7";"14";"3159";"320.";"5.0";"9.8";"51.";"6.";"367.75";"234.29";"213.02"
"2019";"5";"12";"7";"15";"3160";"296.";"4.9";"10.1";"52.";"2.";"531.27";"631.29";"173.72"
"2019";"5";"12";"7";"16";"3161";"290.";"5.2";"10.6";"49.";"1.";"426.62";"711.14";"105.78"
"2019";"5";"12";"7";"17";"3162";"289.";"4.9";"10.4";"49.";"1.";"272.04";"591.83";"81.08"
"2019";"5";"12";"7";"18";"3163";"296.";"4.1";"9.8";"50.";"1.";"127.05";"437.36";"44.11"
"2019";"5";"12";"7";"19";"3164";"294.";"3.0";"8.6";"55.";"3.";"3.42";"23.99";"1.95"
"2019";"5";"12";"7";"20";"3165";"291.";"1.8";"6.8";"66.";"3.";"0.00";"0.00";"0.00"
"2019";"5";"12";"7";"21";"3166";"283.";"1.7";"4.9";"75.";"0.";"0.00";"0.00";"0.00"
"2019";"5";"12";"7";"22";"3167";"275.";"1.5";"3.9";"81.";"2.";"0.00";"0.00";"0.00"
"2019";"5";"12";"7";"23";"3168";"291.";"1.0";"3.4";"85.";"0.";"0.00";"0.00";"0.00"
"2019";"5";"13";"1";"0";"3169";"1.";"0.8";"2.3";"89.";"0.";"0.00";"0.00";"0.00"
"2019";"5";"13";"1";"1";"3170";"33.";"0.7";"3.0";"90.";"0.";"0.00";"0.00";"0.00"
"2019";"5";"13";"1";"2";"3171";"2.";"0.7";"1.8";"89.";"0.";"0.00";"0.00";"0.00"
"2019";"5";"13";"1";"3";"3172";"35.";"0.7";"1.8";"88.";"0.";"0.00";"0.00";"0.00"
"2019";"5";"13";"1";"4";"3173";"71.";"0.5";"2.3";"88.";"2.";"5.77";"42.21";"3.02"
"2019";"5";"13";"1";"5";"3174";"82.";"1.5";"4.1";"86.";"6.";"65.36";"112.87";"43.52"
"2019";"5";"13";"1";"6";"3175";"49.";"1.6";"5.7";"80.";"7.";"191.29";"83.84";"163.94"
"2019";"5";"13";"1";"7";"3176";"64.";"1.9";"8.7";"62.";"8.";"282.33";"0.00";"282.33"
"2019";"5";"13";"1";"8";"3177";"56.";"2.1";"10.5";"46.";"7.";"243.09";"109.22";"180.87"
"2019";"5";"13";"1";"9";"3178";"27.";"2.4";"11.8";"38.";"4.";"582.79";"454.43";"281.25"
"2019";"5";"13";"1";"10";"3179";"41.";"2.1";"11.5";"39.";"7.";"540.69";"119.76";"453.27"
"2019";"5";"13";"1";"11";"3180";"47.";"1.1";"12.0";"38.";"6.";"420.38";"220.80";"251.61"
"2019";"5";"13";"1";"12";"3181";"358.";"1.9";"12.8";"34.";"6.";"606.63";"237.69";"424.95"
"2019";"5";"13";"1";"13";"3182";"0.";"2.9";"12.5";"37.";"8.";"493.71";"0.00";"493.71"
"2019";"5";"13";"1";"14";"3183";"349.";"3.4";"13.0";"34.";"5.";"549.20";"329.36";"330.65"
"2019";"5";"13";"1";"15";"3184";"339.";"4.1";"13.1";"33.";"5.";"451.33";"301.34";"279.68"
"2019";"5";"13";"1";"16";"3185";"356.";"4.3";"12.8";"33.";"6.";"325.43";"200.27";"234.39"
"2019";"5";"13";"1";"17";"3186";"356.";"3.9";"12.3";"36.";"4.";"239.60";"343.03";"127.68"
"2019";"5";"13";"1";"18";"3187";"346.";"3.6";"11.5";"39.";"2.";"127.89";"389.34";"52.58"
"2019";"5";"13";"1";"19";"3188";"342.";"2.4";"9.6";"45.";"0.";"10.97";"91.24";"5.03"
"2019";"5";"13";"1";"20";"3189";"0.";"1.5";"7.9";"55.";"2.";"0.00";"0.00";"0.00"
"2019";"5";"13";"1";"21";"3190";"4.";"1.1";"6.1";"62.";"2.";"0.00";"0.00";"0.00"
"2019";"5";"13";"1";"22";"3191";"354.";"0.6";"4.2";"67.";"1.";"0.00";"0.00";"0.00"
"2019";"5";"13";"1";"23";"3192";"338.";"0.7";"3.5";"75.";"0.";"0.00";"0.00";"0.00"
"2019";"5";"14";"2";"0";"3193";"25.";"0.8";"2.3";"79.";"0.";"0.00";"0.00";"0.00"
"2019";"5";"14";"2";"1";"3194";"315.";"0.9";"1.4";"81.";"0.";"0.00";"0.00";"0.00"
"2019";"5";"14";"2";"2";"3195";"37.";"0.5";"0.9";"83.";"1.";"0.00";"0.00";"0.00"
"2019";"5";"14";"2";"3";"3196";"71.";"0.6";"1.9";"84.";"3.";"0.00";"0.00";"0.00"
"2019";"5";"14";"2";"4";"3197";"86.";"0.8";"1.9";"82.";"3.";"10.67";"61.79";"6.40"
"2019";"5";"14";"2";"5";"3198";"98.";"0.6";"5.0";"75.";"5.";"108.29";"181.28";"72.56"
"2019";"5";"14";"2";"6";"3199";"205.";"0.5";"9.0";"61.";"4.";"241.14";"319.05";"135.92"
"2019";"5";"14";"2";"7";"3200";"231.";"1.3";"11.5";"42.";"5.";"360.47";"297.96";"224.03"
"2019";"5";"14";"2";"8";"3201";"254.";"2.2";"12.3";"40.";"5.";"476.06";"327.92";"288.24"
"2019";"5";"14";"2";"9";"3202";"252.";"2.5";"12.0";"43.";"6.";"515.94";"230.61";"362.23"
"2019";"5";"14";"2";"10";"3203";"253.";"2.8";"11.9";"43.";"8.";"493.81";"0.00";"493.81"
"2019";"5";"14";"2";"11";"3204";"254.";"3.3";"13.1";"39.";"8.";"516.80";"0.00";"516.80"
"2019";"5";"14";"2";"12";"3205";"250.";"3.6";"13.2";"41.";"7.";"565.46";"120.64";"472.90"
"2019";"5";"14";"2";"13";"3206";"250.";"3.5";"12.8";"42.";"5.";"614.43";"351.27";"356.98"
"2019";"5";"14";"2";"14";"3207";"253.";"3.4";"13.6";"43.";"5.";"543.73";"326.08";"326.38"
"2019";"5";"14";"2";"15";"3208";"257.";"3.0";"13.5";"42.";"7.";"394.20";"102.97";"335.22"
"2019";"5";"14";"2";"16";"3209";"270.";"3.1";"12.9";"45.";"6.";"227.14";"194.70";"137.98"
"2019";"5";"14";"2";"17";"3210";"293.";"2.8";"12.5";"50.";"2.";"264.57";"514.87";"94.78"
"2019";"5";"14";"2";"18";"3211";"308.";"2.4";"11.5";"56.";"4.";"91.10";"242.21";"43.35"
"2019";"5";"14";"2";"19";"3212";"310.";"2.3";"9.9";"65.";"6.";"1.47";"5.76";"1.07"
"2019";"5";"14";"2";"20";"3213";"321.";"1.0";"7.9";"75.";"0.";"0.00";"0.00";"0.00"
"2019";"5";"14";"2";"21";"3214";"7.";"0.5";"6.3";"81.";"1.";"0.00";"0.00";"0.00"
"2019";"5";"14";"2";"22";"3215";"58.";"0.4";"5.4";"84.";"0.";"0.00";"0.00";"0.00"
"2019";"5";"14";"2";"23";"3216";"117.";"0.1";"4.0";"87.";"0.";"0.00";"0.00";"0.00"
"2019";"5";"15";"3";"0";"3217";"89.";"0.4";"3.7";"87.";"0.";"0.00";"0.00";"0.00"
"2019";"5";"15";"3";"1";"3218";"71.";"0.5";"3.3";"89.";"3.";"0.00";"0.00";"0.00"
"2019";"5";"15";"3";"2";"3219";"84.";"0.8";"3.5";"89.";"3.";"0.00";"0.00";"0.00"
"2019";"5";"15";"3";"3";"3220";"78.";"1.3";"3.2";"89.";"1.";"0.00";"0.00";"0.00"
"2019";"5";"15";"3";"4";"3221";"72.";"1.3";"3.6";"89.";"0.";"9.73";"71.51";"4.53"
"2019";"5";"15";"3";"5";"3222";"77.";"1.4";"5.4";"85.";"1.";"126.35";"429.91";"40.04"
"2019";"5";"15";"3";"6";"3223";"60.";"1.6";"8.7";"76.";"3.";"221.35";"402.52";"87.22"
"2019";"5";"15";"3";"7";"3224";"39.";"1.2";"11.2";"61.";"6.";"318.97";"183.46";"234.36"
"2019";"5";"15";"3";"8";"3225";"60.";"0.8";"13.6";"49.";"5.";"467.51";"313.28";"287.10"
"2019";"5";"15";"3";"9";"3226";"291.";"0.7";"14.4";"44.";"5.";"542.93";"319.18";"329.23"
"2019";"5";"15";"3";"10";"3227";"311.";"1.3";"14.6";"41.";"6.";"571.91";"225.27";"406.17"
"2019";"5";"15";"3";"11";"3228";"317.";"2.0";"15.0";"42.";"7.";"340.71";"111.24";"255.06"
"2019";"5";"15";"3";"12";"3229";"309.";"3.3";"15.3";"43.";"6.";"420.18";"219.22";"251.38"
"2019";"5";"15";"3";"13";"3230";"321.";"3.5";"16.1";"43.";"5.";"472.10";"330.92";"228.63"
"2019";"5";"15";"3";"14";"3231";"322.";"4.2";"15.7";"42.";"5.";"424.42";"327.95";"204.85"
"2019";"5";"15";"3";"15";"3232";"322.";"4.3";"15.8";"41.";"2.";"540.62";"625.68";"180.31"
"2019";"5";"15";"3";"16";"3233";"323.";"4.4";"16.0";"43.";"5.";"266.93";"281.69";"137.02"
"2019";"5";"15";"3";"17";"3234";"333.";"4.1";"15.5";"45.";"5.";"175.08";"254.87";"90.16"
"2019";"5";"15";"3";"18";"3235";"339.";"3.4";"14.6";"50.";"6.";"69.56";"122.88";"44.89"
"2019";"5";"15";"3";"19";"3236";"10.";"2.2";"13.6";"54.";"4.";"3.18";"14.94";"2.10"
"2019";"5";"15";"3";"20";"3237";"45.";"2.3";"11.7";"56.";"6.";"0.00";"0.00";"0.00"
"2019";"5";"15";"3";"21";"3238";"54.";"2.0";"10.2";"60.";"8.";"0.00";"0.00";"0.00"
"2019";"5";"15";"3";"22";"3239";"53.";"1.8";"9.1";"65.";"4.";"0.00";"0.00";"0.00"
"2019";"5";"15";"3";"23";"3240";"65.";"2.1";"8.7";"68.";"0.";"0.00";"0.00";"0.00"
"2019";"5";"16";"4";"0";"3241";"71.";"2.1";"6.9";"71.";"0.";"0.00";"0.00";"0.00"
"2019";"5";"16";"4";"1";"3242";"61.";"1.5";"6.0";"75.";"0.";"0.00";"0.00";"0.00"
"2019";"5";"16";"4";"2";"3243";"46.";"2.0";"6.2";"78.";"0.";"0.00";"0.00";"0.00"
"2019";"5";"16";"4";"3";"3244";"44.";"2.2";"6.6";"78.";"7.";"0.00";"0.00";"0.00"
"2019";"5";"16";"4";"4";"3245";"47.";"2.2";"7.5";"73.";"4.";"8.97";"40.65";"5.86"
"2019";"5";"16";"4";"5";"3246";"57.";"2.4";"10.0";"60.";"2.";"127.58";"357.97";"54.44"
"2019";"5";"16";"4";"6";"3247";"64.";"3.5";"12.8";"49.";"0.";"297.62";"692.38";"64.58"
"2019";"5";"16";"4";"7";"3248";"70.";"4.8";"15.1";"42.";"0.";"452.91";"788.15";"86.95"
"2019";"5";"16";"4";"8";"3249";"68.";"5.5";"16.5";"39.";"0.";"591.15";"826.40";"112.77"
"2019";"5";"16";"4";"9";"3250";"69.";"6.0";"17.5";"36.";"0.";"702.72";"834.90";"141.34"
"2019";"5";"16";"4";"10";"3251";"70.";"5.9";"18.2";"34.";"0.";"791.69";"895.35";"130.44"
"2019";"5";"16";"4";"11";"3252";"65.";"5.8";"19.1";"32.";"0.";"829.01";"875.59";"152.39"
"2019";"5";"16";"4";"12";"3253";"60.";"5.8";"19.7";"31.";"0.";"828.32";"872.51";"154.08"
"2019";"5";"16";"4";"13";"3254";"61.";"5.9";"20.3";"29.";"1.";"762.70";"786.78";"181.64"
"2019";"5";"16";"4";"14";"3255";"62.";"5.6";"20.4";"28.";"0.";"714.63";"902.11";"108.06"
"2019";"5";"16";"4";"15";"3256";"67.";"5.6";"20.2";"28.";"0.";"599.26";"873.57";"93.57"
"2019";"5";"16";"4";"16";"3257";"72.";"5.5";"20.1";"29.";"0.";"455.64";"804.50";"82.08"
"2019";"5";"16";"4";"17";"3258";"73.";"5.4";"19.6";"29.";"0.";"301.33";"718.11";"59.63"
"2019";"5";"16";"4";"18";"3259";"73.";"5.4";"18.5";"29.";"0.";"145.89";"526.67";"38.28"
"2019";"5";"16";"4";"19";"3260";"72.";"4.6";"17.0";"32.";"0.";"16.70";"124.26";"7.19"
"2019";"5";"16";"4";"20";"3261";"71.";"3.8";"15.5";"35.";"0.";"0.00";"0.00";"0.00"
"2019";"5";"16";"4";"21";"3262";"72.";"3.8";"14.3";"36.";"0.";"0.00";"0.00";"0.00"
"2019";"5";"16";"4";"22";"3263";"75.";"3.4";"13.2";"38.";"1.";"0.00";"0.00";"0.00"
"2019";"5";"16";"4";"23";"3264";"72.";"3.5";"11.7";"42.";"4.";"0.00";"0.00";"0.00"
"2019";"5";"17";"5";"0";"3265";"69.";"3.6";"10.3";"46.";"5.";"0.00";"0.00";"0.00"
"2019";"5";"17";"5";"1";"3266";"64.";"4.1";"10.0";"47.";"8.";"0.00";"0.00";"0.00"
"2019";"5";"17";"5";"2";"3267";"65.";"4.6";"9.4";"49.";"8.";"0.00";"0.00";"0.00"
"2019";"5";"17";"5";"3";"3268";"67.";"4.6";"9.0";"50.";"7.";"0.00";"0.00";"0.00"
"2019";"5";"17";"5";"4";"3269";"70.";"4.9";"9.7";"49.";"8.";"13.23";"0.00";"13.23"
"2019";"5";"17";"5";"5";"3270";"72.";"5.6";"10.5";"47.";"6.";"111.37";"134.64";"83.39"
"2019";"5";"17";"5";"6";"3271";"69.";"5.8";"11.7";"47.";"8.";"193.58";"0.00";"193.58"
"2019";"5";"17";"5";"7";"3272";"68.";"6.2";"12.7";"47.";"4.";"376.18";"398.11";"190.10"
"2019";"5";"17";"5";"8";"3273";"71.";"6.0";"14.9";"43.";"8.";"399.89";"0.00";"399.89"
"2019";"5";"17";"5";"9";"3274";"75.";"6.7";"16.3";"40.";"7.";"481.59";"112.92";"405.35"
"2019";"5";"17";"5";"10";"3275";"77.";"6.2";"17.6";"37.";"8.";"492.25";"0.00";"492.25"
"2019";"5";"17";"5";"11";"3276";"79.";"6.4";"18.4";"35.";"8.";"557.18";"0.00";"557.18"
"2019";"5";"17";"5";"12";"3277";"81.";"7.0";"18.2";"36.";"8.";"555.30";"0.00";"555.30"
"2019";"5";"17";"5";"13";"3278";"83.";"6.6";"15.5";"50.";"8.";"520.61";"0.00";"520.61"
"2019";"5";"17";"5";"14";"3279";"81.";"5.2";"14.0";"63.";"7.";"301.61";"64.38";"258.14"
"2019";"5";"17";"5";"15";"3280";"70.";"5.2";"12.7";"77.";"8.";"199.49";"0.00";"199.49"
"2019";"5";"17";"5";"16";"3281";"69.";"5.0";"11.9";"79.";"8.";"75.05";"0.00";"75.05"
"2019";"5";"17";"5";"17";"3282";"69.";"4.5";"11.3";"81.";"8.";"49.06";"0.00";"49.06"
"2019";"5";"17";"5";"18";"3283";"67.";"4.1";"10.7";"83.";"8.";"22.75";"0.00";"22.75"
"2019";"5";"17";"5";"19";"3284";"67.";"5.0";"10.2";"84.";"8.";"0.25";"0.00";"0.25"
"2019";"5";"17";"5";"20";"3285";"64.";"4.6";"9.7";"86.";"8.";"0.00";"0.00";"0.00"
"2019";"5";"17";"5";"21";"3286";"74.";"4.7";"10.0";"82.";"8.";"0.00";"0.00";"0.00"
"2019";"5";"17";"5";"22";"3287";"80.";"4.3";"10.0";"84.";"8.";"0.00";"0.00";"0.00"
"2019";"5";"17";"5";"23";"3288";"87.";"3.3";"10.2";"83.";"8.";"0.00";"0.00";"0.00"
"2019";"5";"18";"6";"0";"3289";"81.";"2.6";"10.6";"81.";"8.";"0.00";"0.00";"0.00"
"2019";"5";"18";"6";"1";"3290";"73.";"2.2";"10.3";"85.";"8.";"0.00";"0.00";"0.00"
"2019";"5";"18";"6";"2";"3291";"73.";"2.4";"10.0";"90.";"8.";"0.00";"0.00";"0.00"
"2019";"5";"18";"6";"3";"3292";"65.";"1.4";"10.2";"93.";"8.";"0.00";"0.00";"0.00"
"2019";"5";"18";"6";"4";"3293";"70.";"2.2";"10.6";"91.";"8.";"0.00";"0.00";"0.00"
"2019";"5";"18";"6";"5";"3294";"88.";"2.4";"11.3";"91.";"8.";"39.09";"0.00";"39.09"
"2019";"5";"18";"6";"6";"3295";"105.";"2.0";"11.7";"91.";"8.";"85.83";"0.00";"85.83"
"2019";"5";"18";"6";"7";"3296";"116.";"1.9";"12.2";"91.";"8.";"130.91";"0.00";"130.91"
"2019";"5";"18";"6";"8";"3297";"118.";"2.0";"12.8";"90.";"8.";"171.04";"0.00";"171.04"
"2019";"5";"18";"6";"9";"3298";"125.";"1.8";"13.5";"89.";"8.";"205.53";"0.00";"205.53"
"2019";"5";"18";"6";"10";"3299";"137.";"1.0";"14.6";"84.";"7.";"317.37";"105.90";"238.59"
"2019";"5";"18";"6";"11";"3300";"148.";"1.2";"15.5";"80.";"7.";"336.47";"110.21";"250.73"
"2019";"5";"18";"6";"12";"3301";"150.";"0.7";"16.5";"78.";"8.";"250.82";"0.00";"250.82"
"2019";"5";"18";"6";"13";"3302";"296.";"0.3";"17.4";"74.";"7.";"314.90";"103.14";"238.18"
"2019";"5";"18";"6";"14";"3303";"18.";"0.8";"18.2";"71.";"7.";"286.39";"110.10";"211.75"
"2019";"5";"18";"6";"15";"3304";"331.";"0.9";"19.2";"66.";"7.";"238.58";"105.18";"177.09"
"2019";"5";"18";"6";"16";"3305";"12.";"0.9";"18.8";"67.";"7.";"179.99";"96.13";"134.76"
"2019";"5";"18";"6";"17";"3306";"347.";"1.3";"18.0";"70.";"5.";"166.77";"228.05";"88.54"
"2019";"5";"18";"6";"18";"3307";"322.";"2.0";"16.7";"75.";"7.";"50.19";"51.90";"39.24"
"2019";"5";"18";"6";"19";"3308";"322.";"1.7";"15.3";"80.";"5.";"0.00";"0.00";"0.00"
"2019";"5";"18";"6";"20";"3309";"345.";"1.4";"14.0";"84.";"6.";"0.00";"0.00";"0.00"
"2019";"5";"18";"6";"21";"3310";"355.";"1.4";"13.5";"85.";"7.";"0.00";"0.00";"0.00"
"2019";"5";"18";"6";"22";"3311";"23.";"1.2";"13.4";"87.";"4.";"0.00";"0.00";"0.00"
"2019";"5";"18";"6";"23";"3312";"24.";"0.9";"12.7";"89.";"8.";"0.00";"0.00";"0.00"
"2019";"5";"19";"7";"0";"3313";"88.";"1.2";"11.9";"91.";"7.";"0.00";"0.00";"0.00"
"2019";"5";"19";"7";"1";"3314";"110.";"1.6";"10.9";"93.";"0.";"0.00";"0.00";"0.00"
"2019";"5";"19";"7";"2";"3315";"114.";"1.9";"10.0";"93.";"0.";"0.00";"0.00";"0.00"
"2019";"5";"19";"7";"3";"3316";"110.";"1.9";"9.6";"93.";"0.";"0.00";"0.00";"0.00"
"2019";"5";"19";"7";"4";"3317";"111.";"2.0";"10.5";"93.";"1.";"1.75";"8.86";"0.97"
"2019";"5";"19";"7";"5";"3318";"120.";"2.4";"12.8";"91.";"1.";"117.09";"338.24";"44.55"
"2019";"5";"19";"7";"6";"3319";"136.";"2.2";"15.5";"87.";"0.";"265.94";"487.30";"97.26"
"2019";"5";"19";"7";"7";"3320";"150.";"2.0";"16.7";"82.";"8.";"126.92";"0.00";"126.92"
"2019";"5";"19";"7";"8";"3321";"179.";"1.0";"17.4";"77.";"5.";"331.79";"241.45";"189.95"
"2019";"5";"19";"7";"9";"3322";"262.";"0.6";"18.4";"71.";"1.";"599.55";"522.36";"244.06"
"2019";"5";"19";"7";"10";"3323";"292.";"0.8";"19.0";"68.";"4.";"508.26";"337.41";"256.42"
"2019";"5";"19";"7";"11";"3324";"302.";"2.2";"19.5";"66.";"3.";"613.34";"471.50";"245.34"
"2019";"5";"19";"7";"12";"3325";"311.";"2.8";"19.9";"64.";"2.";"663.50";"514.96";"261.58"
"2019";"5";"19";"7";"13";"3326";"327.";"2.9";"21.4";"62.";"0.";"730.32";"654.96";"241.46"
"2019";"5";"19";"7";"14";"3327";"339.";"3.1";"22.0";"58.";"0.";"688.80";"823.15";"128.61"
"2019";"5";"19";"7";"15";"3328";"345.";"3.2";"22.1";"55.";"3.";"449.41";"516.65";"145.91"
"2019";"5";"19";"7";"16";"3329";"0.";"2.8";"21.3";"58.";"7.";"295.78";"95.50";"250.57"
"2019";"5";"19";"7";"17";"3330";"41.";"3.1";"21.4";"56.";"3.";"248.86";"398.74";"110.83"
"2019";"5";"19";"7";"18";"3331";"60.";"4.1";"20.6";"56.";"5.";"102.63";"162.31";"67.82"
"2019";"5";"19";"7";"19";"3332";"60.";"4.2";"19.6";"62.";"6.";"0.00";"0.00";"0.00"
"2019";"5";"19";"7";"20";"3333";"49.";"3.1";"18.0";"68.";"8.";"0.00";"0.00";"0.00"
"2019";"5";"19";"7";"21";"3334";"69.";"3.2";"16.6";"70.";"8.";"0.00";"0.00";"0.00"
"2019";"5";"19";"7";"22";"3335";"67.";"3.4";"16.3";"74.";"8.";"0.00";"0.00";"0.00"
"2019";"5";"19";"7";"23";"3336";"72.";"2.9";"15.9";"77.";"8.";"0.00";"0.00";"0.00"
"2019";"5";"20";"1";"0";"3337";"71.";"3.0";"15.5";"80.";"8.";"0.00";"0.00";"0.00"
"2019";"5";"20";"1";"1";"3338";"57.";"2.3";"14.9";"83.";"8.";"0.00";"0.00";"0.00"
"2019";"5";"20";"1";"2";"3339";"47.";"2.4";"14.3";"89.";"7.";"0.00";"0.00";"0.00"
"2019";"5";"20";"1";"3";"3340";"44.";"2.5";"14.3";"91.";"7.";"0.00";"0.00";"0.00"
"2019";"5";"20";"1";"4";"3341";"37.";"2.1";"14.4";"92.";"8.";"0.00";"0.00";"0.00"
"2019";"5";"20";"1";"5";"3342";"44.";"2.4";"14.9";"92.";"8.";"37.07";"0.00";"37.07"
"2019";"5";"20";"1";"6";"3343";"39.";"2.8";"15.2";"91.";"8.";"87.03";"0.00";"87.03"
"2019";"5";"20";"1";"7";"3344";"56.";"3.0";"15.6";"92.";"8.";"131.71";"0.00";"131.71"
"2019";"5";"20";"1";"8";"3345";"70.";"3.6";"16.4";"89.";"8.";"174.70";"0.00";"174.70"
"2019";"5";"20";"1";"9";"3346";"88.";"2.6";"17.2";"83.";"8.";"213.41";"0.00";"213.41"
"2019";"5";"20";"1";"10";"3347";"109.";"2.4";"17.9";"81.";"7.";"320.66";"112.77";"236.21"
"2019";"5";"20";"1";"11";"3348";"111.";"1.4";"19.0";"78.";"7.";"339.25";"116.99";"247.65"
"2019";"5";"20";"1";"12";"3349";"145.";"0.8";"18.9";"76.";"8.";"259.59";"0.00";"259.59"
"2019";"5";"20";"1";"13";"3350";"212.";"0.9";"18.5";"75.";"6.";"394.94";"217.21";"232.28"
"2019";"5";"20";"1";"14";"3351";"194.";"1.4";"18.5";"77.";"8.";"206.96";"0.00";"206.96"
"2019";"5";"20";"1";"15";"3352";"214.";"1.3";"18.3";"77.";"4.";"395.03";"386.45";"166.98"
"2019";"5";"20";"1";"16";"3353";"279.";"1.1";"18.9";"73.";"2.";"371.22";"544.61";"111.86"
"2019";"5";"20";"1";"17";"3354";"315.";"1.5";"19.1";"72.";"4.";"193.35";"308.36";"85.67"
"2019";"5";"20";"1";"18";"3355";"331.";"1.9";"18.8";"74.";"2.";"111.30";"295.27";"47.02"
"2019";"5";"20";"1";"19";"3356";"348.";"2.0";"17.3";"80.";"2.";"0.00";"0.00";"0.00"
"2019";"5";"20";"1";"20";"3357";"359.";"1.4";"15.8";"85.";"2.";"0.00";"0.00";"0.00"
"2019";"5";"20";"1";"21";"3358";"21.";"1.5";"14.8";"88.";"2.";"0.00";"0.00";"0.00"
"2019";"5";"20";"1";"22";"3359";"38.";"2.2";"15.0";"88.";"1.";"0.00";"0.00";"0.00"
"2019";"5";"20";"1";"23";"3360";"45.";"2.0";"15.0";"90.";"2.";"0.00";"0.00";"0.00"
"2019";"5";"21";"2";"0";"3361";"52.";"2.6";"14.8";"91.";"2.";"0.00";"0.00";"0.00"
"2019";"5";"21";"2";"1";"3362";"56.";"1.9";"14.2";"91.";"2.";"0.00";"0.00";"0.00"
"2019";"5";"21";"2";"2";"3363";"57.";"1.9";"13.8";"91.";"0.";"0.00";"0.00";"0.00"
"2019";"5";"21";"2";"3";"3364";"57.";"2.3";"13.3";"92.";"0.";"0.00";"0.00";"0.00"
"2019";"5";"21";"2";"4";"3365";"51.";"2.0";"13.8";"91.";"2.";"0.00";"0.00";"0.00"
"2019";"5";"21";"2";"5";"3366";"45.";"2.7";"15.0";"87.";"5.";"98.26";"138.07";"67.77"
"2019";"5";"21";"2";"6";"3367";"42.";"3.1";"16.6";"83.";"8.";"87.19";"0.00";"87.19"
"2019";"5";"21";"2";"7";"3368";"37.";"3.0";"18.2";"75.";"4.";"303.76";"368.30";"127.34"
"2019";"5";"21";"2";"8";"3369";"52.";"3.7";"19.4";"70.";"4.";"489.89";"404.11";"250.36"
"2019";"5";"21";"2";"9";"3370";"63.";"3.5";"21.6";"65.";"5.";"522.97";"278.42";"332.09"
"2019";"5";"21";"2";"10";"3371";"74.";"5.7";"21.6";"65.";"7.";"555.45";"111.24";"471.88"
"2019";"5";"21";"2";"11";"3372";"69.";"4.6";"21.7";"63.";"7.";"586.73";"112.77";"498.18"
"2019";"5";"21";"2";"12";"3373";"71.";"2.6";"23.0";"59.";"7.";"585.82";"112.31";"497.63"
"2019";"5";"21";"2";"13";"3374";"72.";"2.3";"23.4";"59.";"4.";"644.85";"407.37";"338.80"
"2019";"5";"21";"2";"14";"3375";"52.";"1.6";"23.2";"68.";"8.";"188.02";"0.00";"188.02"
"2019";"5";"21";"2";"15";"3376";"71.";"3.5";"17.5";"81.";"6.";"208.74";"141.05";"125.13"
"2019";"5";"21";"2";"16";"3377";"135.";"2.3";"16.8";"95.";"8.";"146.00";"0.00";"146.00"
"2019";"5";"21";"2";"17";"3378";"137.";"0.8";"17.5";"99.";"7.";"66.88";"32.97";"55.27"
"2019";"5";"21";"2";"18";"3379";"159.";"0.8";"18.6";"95.";"7.";"43.66";"37.52";"35.38"
"2019";"5";"21";"2";"19";"3380";"335.";"0.7";"18.2";"95.";"8.";"0.00";"0.00";"0.00"
"2019";"5";"21";"2";"20";"3381";"153.";"1.1";"17.5";"95.";"6.";"0.00";"0.00";"0.00"
"2019";"5";"21";"2";"21";"3382";"145.";"2.4";"17.0";"98.";"4.";"0.00";"0.00";"0.00"
"2019";"5";"21";"2";"22";"3383";"134.";"2.7";"16.8";"95.";"6.";"0.00";"0.00";"0.00"
"2019";"5";"21";"2";"23";"3384";"141.";"2.5";"16.3";"94.";"5.";"0.00";"0.00";"0.00"
"2019";"5";"22";"3";"0";"3385";"160.";"2.6";"15.6";"96.";"7.";"0.00";"0.00";"0.00"
"2019";"5";"22";"3";"1";"3386";"162.";"3.2";"15.4";"96.";"8.";"0.00";"0.00";"0.00"
"2019";"5";"22";"3";"2";"3387";"150.";"2.9";"15.1";"95.";"7.";"0.00";"0.00";"0.00"
"2019";"5";"22";"3";"3";"3388";"157.";"2.8";"14.6";"96.";"6.";"0.00";"0.00";"0.00"
"2019";"5";"22";"3";"4";"3389";"156.";"2.9";"14.7";"94.";"6.";"0.00";"0.00";"0.00"
"2019";"5";"22";"3";"5";"3390";"153.";"2.6";"15.2";"91.";"6.";"64.05";"86.14";"44.77"
"2019";"5";"22";"3";"6";"3391";"158.";"2.4";"15.1";"89.";"7.";"115.22";"66.63";"91.57"
"2019";"5";"22";"3";"7";"3392";"177.";"2.3";"15.1";"90.";"5.";"251.75";"205.76";"152.64"
"2019";"5";"22";"3";"8";"3393";"174.";"2.4";"15.5";"87.";"7.";"228.91";"78.49";"182.19"
"2019";"5";"22";"3";"9";"3394";"210.";"3.0";"15.3";"89.";"6.";"334.36";"153.93";"228.45"
"2019";"5";"22";"3";"10";"3395";"231.";"3.5";"15.2";"90.";"5.";"462.37";"298.06";"237.75"
"2019";"5";"22";"3";"11";"3396";"250.";"3.2";"14.2";"90.";"7.";"321.85";"83.87";"255.80"
"2019";"5";"22";"3";"12";"3397";"257.";"3.3";"13.7";"89.";"7.";"324.87";"86.96";"256.38"
"2019";"5";"22";"3";"13";"3398";"262.";"3.7";"13.6";"87.";"8.";"226.21";"0.00";"226.21"
"2019";"5";"22";"3";"14";"3399";"268.";"4.5";"12.9";"88.";"8.";"205.73";"0.00";"205.73"
"2019";"5";"22";"3";"15";"3400";"279.";"4.4";"11.9";"90.";"7.";"222.84";"64.66";"184.35"
"2019";"5";"22";"3";"16";"3401";"285.";"4.4";"11.5";"90.";"7.";"168.84";"56.72";"141.52"
"2019";"5";"22";"3";"17";"3402";"281.";"4.7";"11.2";"91.";"8.";"82.91";"0.00";"82.91"
"2019";"5";"22";"3";"18";"3403";"270.";"5.8";"11.1";"88.";"8.";"42.99";"0.00";"42.99"
"2019";"5";"22";"3";"19";"3404";"270.";"5.0";"11.0";"83.";"8.";"4.55";"0.00";"4.55"
"2019";"5";"22";"3";"20";"3405";"270.";"4.9";"10.8";"82.";"7.";"0.00";"0.00";"0.00"
"2019";"5";"22";"3";"21";"3406";"267.";"4.5";"10.5";"80.";"8.";"0.00";"0.00";"0.00"
"2019";"5";"22";"3";"22";"3407";"262.";"3.9";"10.3";"80.";"7.";"0.00";"0.00";"0.00"
"2019";"5";"22";"3";"23";"3408";"260.";"3.9";"10.1";"80.";"8.";"0.00";"0.00";"0.00"
"2019";"5";"23";"4";"0";"3409";"263.";"3.7";"9.9";"81.";"6.";"0.00";"0.00";"0.00"
"2019";"5";"23";"4";"1";"3410";"261.";"3.1";"9.5";"84.";"4.";"0.00";"0.00";"0.00"
"2019";"5";"23";"4";"2";"3411";"257.";"2.4";"8.9";"84.";"3.";"0.00";"0.00";"0.00"
"2019";"5";"23";"4";"3";"3412";"267.";"3.0";"7.9";"89.";"3.";"0.00";"0.00";"0.00"
"2019";"5";"23";"4";"4";"3413";"256.";"1.9";"8.3";"90.";"0.";"22.09";"132.19";"8.84"
"2019";"5";"23";"4";"5";"3414";"258.";"2.6";"10.4";"83.";"4.";"109.49";"258.67";"50.83"
"2019";"5";"23";"4";"6";"3415";"256.";"4.1";"11.7";"76.";"4.";"214.94";"345.92";"91.18"
"2019";"5";"23";"4";"7";"3416";"246.";"3.6";"12.1";"73.";"4.";"323.00";"401.48";"128.57"
"2019";"5";"23";"4";"8";"3417";"237.";"3.4";"12.9";"67.";"6.";"318.64";"222.00";"185.94"
"2019";"5";"23";"4";"9";"3418";"232.";"4.6";"13.4";"65.";"2.";"616.22";"661.48";"159.56"
"2019";"5";"23";"4";"10";"3419";"222.";"4.9";"14.5";"65.";"2.";"683.96";"676.02";"172.99"
"2019";"5";"23";"4";"11";"3420";"212.";"4.5";"15.1";"59.";"1.";"782.26";"781.68";"164.92"
"2019";"5";"23";"4";"12";"3421";"206.";"4.8";"15.3";"58.";"1.";"782.49";"782.37";"164.60"
"2019";"5";"23";"4";"13";"3422";"191.";"5.0";"15.8";"60.";"2.";"721.74";"626.75";"248.01"
"2019";"5";"23";"4";"14";"3423";"187.";"5.2";"16.0";"57.";"5.";"434.89";"332.72";"205.20"
"2019";"5";"23";"4";"15";"3424";"185.";"5.1";"15.9";"60.";"3.";"460.94";"488.89";"168.71"
"2019";"5";"23";"4";"16";"3425";"181.";"5.3";"16.0";"63.";"3.";"350.83";"442.07";"136.73"
"2019";"5";"23";"4";"17";"3426";"191.";"4.4";"15.8";"67.";"0.";"301.62";"629.94";"76.25"
"2019";"5";"23";"4";"18";"3427";"214.";"3.5";"15.1";"71.";"6.";"74.90";"115.84";"48.63"
"2019";"5";"23";"4";"19";"3428";"226.";"2.1";"14.0";"77.";"0.";"11.82";"71.78";"4.63"
"2019";"5";"23";"4";"20";"3429";"193.";"1.3";"12.4";"87.";"4.";"0.00";"0.00";"0.00"
"2019";"5";"23";"4";"21";"3430";"175.";"1.6";"11.3";"90.";"3.";"0.00";"0.00";"0.00"
"2019";"5";"23";"4";"22";"3431";"182.";"2.3";"10.6";"88.";"2.";"0.00";"0.00";"0.00"
"2019";"5";"23";"4";"23";"3432";"206.";"2.8";"11.0";"81.";"2.";"0.00";"0.00";"0.00"
"2019";"5";"24";"5";"0";"3433";"205.";"2.6";"10.3";"80.";"3.";"0.00";"0.00";"0.00"
"2019";"5";"24";"5";"1";"3434";"219.";"3.3";"10.3";"78.";"6.";"0.00";"0.00";"0.00"
"2019";"5";"24";"5";"2";"3435";"215.";"3.8";"10.1";"80.";"8.";"0.00";"0.00";"0.00"
"2019";"5";"24";"5";"3";"3436";"215.";"4.0";"10.5";"83.";"7.";"0.00";"0.00";"0.00"
"2019";"5";"24";"5";"4";"3437";"215.";"4.2";"10.8";"82.";"7.";"9.21";"16.80";"7.47"
"2019";"5";"24";"5";"5";"3438";"208.";"4.8";"10.7";"86.";"8.";"27.83";"0.00";"27.83"
"2019";"5";"24";"5";"6";"3439";"215.";"6.2";"10.4";"92.";"8.";"47.68";"0.00";"47.68"
"2019";"5";"24";"5";"7";"3440";"216.";"7.1";"10.3";"93.";"8.";"74.43";"0.00";"74.43"
"2019";"5";"24";"5";"8";"3441";"215.";"6.7";"10.5";"92.";"8.";"97.15";"0.00";"97.15"
"2019";"5";"24";"5";"9";"3442";"221.";"6.3";"10.7";"90.";"7.";"188.49";"64.51";"143.81"
"2019";"5";"24";"5";"10";"3443";"224.";"6.2";"10.8";"87.";"8.";"135.71";"0.00";"135.71"
"2019";"5";"24";"5";"11";"3444";"230.";"6.1";"10.9";"87.";"7.";"209.50";"51.42";"168.79"
"2019";"5";"24";"5";"12";"3445";"232.";"5.7";"10.9";"85.";"7.";"211.97";"54.25";"169.01"
"2019";"5";"24";"5";"13";"3446";"244.";"5.2";"11.8";"80.";"7.";"348.88";"71.30";"294.84"
"2019";"5";"24";"5";"14";"3447";"254.";"5.5";"12.5";"75.";"8.";"127.16";"0.00";"127.16"
"2019";"5";"24";"5";"15";"3448";"255.";"5.7";"12.9";"72.";"6.";"308.12";"205.79";"184.62"
"2019";"5";"24";"5";"16";"3449";"253.";"5.7";"12.7";"70.";"7.";"192.33";"96.55";"145.32"
"2019";"5";"24";"5";"17";"3450";"257.";"5.9";"12.2";"73.";"7.";"128.48";"83.18";"98.49"
"2019";"5";"24";"5";"18";"3451";"271.";"5.2";"11.9";"78.";"8.";"47.32";"0.00";"47.32"
"2019";"5";"24";"5";"19";"3452";"276.";"4.8";"11.6";"81.";"8.";"6.13";"0.00";"6.13"
"2019";"5";"24";"5";"20";"3453";"275.";"4.5";"11.3";"85.";"4.";"0.00";"0.00";"0.00"
"2019";"5";"24";"5";"21";"3454";"272.";"3.8";"11.0";"87.";"4.";"0.00";"0.00";"0.00"
"2019";"5";"24";"5";"22";"3455";"272.";"3.1";"10.5";"91.";"3.";"0.00";"0.00";"0.00"
"2019";"5";"24";"5";"23";"3456";"272.";"2.3";"10.1";"92.";"1.";"0.00";"0.00";"0.00"
"2019";"5";"25";"6";"0";"3457";"270.";"2.2";"9.7";"93.";"3.";"0.00";"0.00";"0.00"
"2019";"5";"25";"6";"1";"3458";"262.";"2.5";"9.8";"94.";"2.";"0.00";"0.00";"0.00"
"2019";"5";"25";"6";"2";"3459";"256.";"2.5";"10.3";"94.";"3.";"0.00";"0.00";"0.00"
"2019";"5";"25";"6";"3";"3460";"238.";"1.3";"10.2";"95.";"5.";"0.00";"0.00";"0.00"
"2019";"5";"25";"6";"4";"3461";"240.";"1.7";"10.5";"94.";"7.";"7.27";"9.33";"6.28"
"2019";"5";"25";"6";"5";"3462";"239.";"1.9";"11.3";"92.";"4.";"100.23";"182.33";"57.85"
"2019";"5";"25";"6";"6";"3463";"246.";"2.3";"12.2";"85.";"0.";"301.70";"575.78";"92.64"
"2019";"5";"25";"6";"7";"3464";"244.";"2.4";"12.5";"81.";"4.";"310.09";"321.43";"152.82"
"2019";"5";"25";"6";"8";"3465";"236.";"2.4";"13.3";"80.";"4.";"406.19";"363.39";"187.28"
"2019";"5";"25";"6";"9";"3466";"220.";"2.6";"13.6";"78.";"3.";"543.75";"482.59";"208.45"
"2019";"5";"25";"6";"10";"3467";"221.";"3.1";"13.9";"75.";"2.";"671.24";"608.69";"208.55"
"2019";"5";"25";"6";"11";"3468";"220.";"3.1";"14.7";"74.";"2.";"707.10";"622.34";"213.00"
"2019";"5";"25";"6";"12";"3469";"207.";"3.1";"15.5";"73.";"5.";"497.14";"307.18";"253.26"
"2019";"5";"25";"6";"13";"3470";"244.";"3.8";"16.0";"69.";"6.";"400.08";"203.00";"245.77"
"2019";"5";"25";"6";"14";"3471";"262.";"5.0";"15.8";"63.";"3.";"550.54";"505.96";"199.00"
"2019";"5";"25";"6";"15";"3472";"266.";"5.7";"14.6";"65.";"4.";"418.77";"410.80";"171.29"
"2019";"5";"25";"6";"16";"3473";"253.";"6.0";"13.1";"70.";"8.";"143.12";"0.00";"143.12"
"2019";"5";"25";"6";"17";"3474";"248.";"5.8";"12.4";"70.";"8.";"96.98";"0.00";"96.98"
"2019";"5";"25";"6";"18";"3475";"245.";"6.3";"11.7";"71.";"6.";"85.52";"134.13";"54.35"
"2019";"5";"25";"6";"19";"3476";"245.";"6.4";"11.2";"74.";"8.";"8.60";"0.00";"8.60"
"2019";"5";"25";"6";"20";"3477";"241.";"6.3";"11.3";"76.";"8.";"0.00";"0.00";"0.00"
"2019";"5";"25";"6";"21";"3478";"254.";"7.7";"11.0";"77.";"7.";"0.00";"0.00";"0.00"
"2019";"5";"25";"6";"22";"3479";"254.";"7.7";"10.9";"79.";"8.";"0.00";"0.00";"0.00"
"2019";"5";"25";"6";"23";"3480";"253.";"8.2";"10.8";"79.";"8.";"0.00";"0.00";"0.00"
"2019";"5";"26";"7";"0";"3481";"256.";"7.7";"10.6";"81.";"8.";"0.00";"0.00";"0.00"
"2019";"5";"26";"7";"1";"3482";"256.";"7.9";"10.0";"84.";"8.";"0.00";"0.00";"0.00"
"2019";"5";"26";"7";"2";"3483";"255.";"8.5";"9.9";"85.";"8.";"0.00";"0.00";"0.00"
"2019";"5";"26";"7";"3";"3484";"254.";"7.9";"10.0";"84.";"8.";"0.00";"0.00";"0.00"
"2019";"5";"26";"7";"4";"3485";"257.";"8.0";"9.8";"84.";"8.";"8.73";"0.00";"8.73"
"2019";"5";"26";"7";"5";"3486";"258.";"8.7";"10.0";"83.";"8.";"49.94";"0.00";"49.94"
"2019";"5";"26";"7";"6";"3487";"261.";"7.5";"10.7";"79.";"5.";"189.09";"233.04";"103.89"
"2019";"5";"26";"7";"7";"3488";"262.";"7.6";"11.2";"72.";"5.";"284.57";"283.71";"145.08"
"2019";"5";"26";"7";"8";"3489";"266.";"7.7";"11.8";"65.";"4.";"424.64";"415.68";"173.30"
"2019";"5";"26";"7";"9";"3490";"266.";"8.4";"12.0";"65.";"2.";"619.61";"637.24";"175.51"
"2019";"5";"26";"7";"10";"3491";"272.";"8.1";"12.4";"64.";"4.";"556.09";"432.35";"226.58"
"2019";"5";"26";"7";"11";"3492";"275.";"7.9";"12.8";"61.";"1.";"789.05";"772.46";"174.23"
"2019";"5";"26";"7";"12";"3493";"278.";"7.0";"13.1";"59.";"3.";"653.45";"534.49";"228.03"
"2019";"5";"26";"7";"13";"3494";"277.";"6.8";"13.7";"57.";"4.";"553.99";"422.41";"232.05"
"2019";"5";"26";"7";"14";"3495";"281.";"6.1";"13.5";"57.";"5.";"585.04";"327.04";"357.12"
"2019";"5";"26";"7";"15";"3496";"285.";"5.4";"13.3";"57.";"5.";"372.71";"319.38";"179.59"
"2019";"5";"26";"7";"16";"3497";"280.";"4.1";"13.4";"57.";"1.";"457.15";"680.72";"122.48"
"2019";"5";"26";"7";"17";"3498";"274.";"3.0";"13.2";"59.";"3.";"252.11";"445.57";"89.21"
"2019";"5";"26";"7";"18";"3499";"268.";"2.1";"12.4";"64.";"1.";"159.29";"432.86";"57.52"
"2019";"5";"26";"7";"19";"3500";"259.";"3.0";"11.3";"70.";"4.";"26.63";"92.94";"16.49"
"2019";"5";"26";"7";"20";"3501";"237.";"2.1";"10.1";"76.";"8.";"0.00";"0.00";"0.00"
"2019";"5";"26";"7";"21";"3502";"207.";"1.3";"9.4";"79.";"7.";"0.00";"0.00";"0.00"
"2019";"5";"26";"7";"22";"3503";"149.";"1.0";"9.1";"79.";"6.";"0.00";"0.00";"0.00"
"2019";"5";"26";"7";"23";"3504";"122.";"1.4";"9.2";"81.";"8.";"0.00";"0.00";"0.00"
"2019";"5";"27";"1";"0";"3505";"116.";"2.1";"9.1";"85.";"7.";"0.00";"0.00";"0.00"
"2019";"5";"27";"1";"1";"3506";"104.";"2.4";"9.1";"85.";"8.";"0.00";"0.00";"0.00"
"2019";"5";"27";"1";"2";"3507";"102.";"2.0";"9.0";"87.";"8.";"0.00";"0.00";"0.00"
"2019";"5";"27";"1";"3";"3508";"125.";"2.4";"8.8";"90.";"8.";"0.00";"0.00";"0.00"
"2019";"5";"27";"1";"4";"3509";"147.";"1.5";"9.0";"91.";"7.";"12.37";"19.39";"10.21"
"2019";"5";"27";"1";"5";"3510";"126.";"1.4";"9.1";"91.";"8.";"48.48";"0.00";"48.48"
"2019";"5";"27";"1";"6";"3511";"150.";"0.4";"9.4";"91.";"8.";"95.76";"0.00";"95.76"
"2019";"5";"27";"1";"7";"3512";"213.";"0.4";"9.3";"90.";"7.";"119.00";"46.14";"96.21"
"2019";"5";"27";"1";"8";"3513";"258.";"2.1";"8.8";"92.";"8.";"96.69";"0.00";"96.69"
"2019";"5";"27";"1";"9";"3514";"237.";"3.0";"9.1";"90.";"8.";"123.93";"0.00";"123.93"
"2019";"5";"27";"1";"10";"3515";"230.";"3.3";"10.5";"84.";"7.";"335.43";"115.88";"246.88"
"2019";"5";"27";"1";"11";"3516";"227.";"3.8";"10.7";"82.";"7.";"349.77";"111.77";"260.60"
"2019";"5";"27";"1";"12";"3517";"216.";"3.5";"10.6";"84.";"7.";"335.32";"90.96";"262.75"
"2019";"5";"27";"1";"13";"3518";"203.";"3.4";"10.9";"84.";"7.";"343.53";"118.74";"252.80"
"2019";"5";"27";"1";"14";"3519";"215.";"3.8";"11.5";"85.";"7.";"301.55";"114.42";"221.57"
"2019";"5";"27";"1";"15";"3520";"221.";"3.3";"11.4";"88.";"7.";"160.84";"63.29";"122.44"
"2019";"5";"27";"1";"16";"3521";"224.";"3.8";"11.3";"91.";"8.";"84.32";"0.00";"84.32"
"2019";"5";"27";"1";"17";"3522";"227.";"5.0";"10.9";"92.";"8.";"55.66";"0.00";"55.66"
"2019";"5";"27";"1";"18";"3523";"225.";"5.8";"11.2";"89.";"8.";"48.72";"0.00";"48.72"
"2019";"5";"27";"1";"19";"3524";"226.";"5.3";"11.1";"89.";"8.";"4.15";"0.00";"4.15"
"2019";"5";"27";"1";"20";"3525";"226.";"4.6";"11.1";"92.";"7.";"0.00";"0.00";"0.00"
"2019";"5";"27";"1";"21";"3526";"233.";"5.2";"10.9";"90.";"8.";"0.00";"0.00";"0.00"
"2019";"5";"27";"1";"22";"3527";"241.";"4.5";"10.6";"91.";"8.";"0.00";"0.00";"0.00"
"2019";"5";"27";"1";"23";"3528";"242.";"4.7";"10.0";"89.";"8.";"0.00";"0.00";"0.00"
"2019";"5";"28";"2";"0";"3529";"231.";"4.5";"9.3";"83.";"8.";"0.00";"0.00";"0.00"
"2019";"5";"28";"2";"1";"3530";"226.";"4.4";"8.7";"83.";"7.";"0.00";"0.00";"0.00"
"2019";"5";"28";"2";"2";"3531";"223.";"4.6";"8.5";"84.";"7.";"0.00";"0.00";"0.00"
"2019";"5";"28";"2";"3";"3532";"218.";"4.2";"8.5";"83.";"7.";"0.00";"0.00";"0.00"
"2019";"5";"28";"2";"4";"3533";"218.";"3.7";"8.7";"83.";"7.";"15.11";"22.56";"12.53"
"2019";"5";"28";"2";"5";"3534";"228.";"3.7";"9.1";"81.";"5.";"100.90";"167.36";"60.70"
"2019";"5";"28";"2";"6";"3535";"232.";"3.6";"9.5";"78.";"5.";"194.17";"236.64";"106.52"
"2019";"5";"28";"2";"7";"3536";"233.";"3.8";"10.0";"73.";"7.";"194.93";"89.48";"150.54"
"2019";"5";"28";"2";"8";"3537";"226.";"3.5";"10.8";"70.";"4.";"420.38";"381.44";"188.13"
"2019";"5";"28";"2";"9";"3538";"234.";"4.4";"11.0";"67.";"6.";"369.35";"203.32";"226.85"
"2019";"5";"28";"2";"10";"3539";"237.";"4.6";"11.3";"63.";"4.";"563.55";"445.72";"222.13"
"2019";"5";"28";"2";"11";"3540";"243.";"4.5";"12.0";"61.";"3.";"666.45";"574.42";"207.10"
"2019";"5";"28";"2";"12";"3541";"254.";"5.1";"12.4";"58.";"5.";"516.51";"336.06";"247.77"
"2019";"5";"28";"2";"13";"3542";"257.";"4.3";"12.7";"56.";"4.";"552.83";"403.54";"243.72"
"2019";"5";"28";"2";"14";"3543";"259.";"4.5";"12.6";"55.";"4.";"505.28";"421.55";"209.82"
"2019";"5";"28";"2";"15";"3544";"262.";"4.8";"12.7";"55.";"6.";"314.41";"199.54";"192.91"
"2019";"5";"28";"2";"16";"3545";"260.";"5.8";"12.0";"56.";"6.";"247.18";"195.93";"149.97"
"2019";"5";"28";"2";"17";"3546";"257.";"6.4";"11.1";"56.";"3.";"258.43";"436.45";"96.77"
"2019";"5";"28";"2";"18";"3547";"257.";"6.6";"10.4";"57.";"3.";"139.78";"340.08";"58.09"
"2019";"5";"28";"2";"19";"3548";"255.";"6.0";"9.8";"60.";"3.";"35.52";"154.61";"17.82"
"2019";"5";"28";"2";"20";"3549";"256.";"6.6";"9.0";"64.";"2.";"0.00";"0.00";"0.00"
"2019";"5";"28";"2";"21";"3550";"256.";"6.5";"8.6";"71.";"1.";"0.00";"0.00";"0.00"
"2019";"5";"28";"2";"22";"3551";"265.";"6.0";"8.6";"73.";"1.";"0.00";"0.00";"0.00"
"2019";"5";"28";"2";"23";"3552";"278.";"6.6";"9.1";"66.";"3.";"0.00";"0.00";"0.00"
"2019";"5";"29";"3";"0";"3553";"285.";"6.6";"8.7";"59.";"1.";"0.00";"0.00";"0.00"
"2019";"5";"29";"3";"1";"3554";"288.";"6.6";"8.3";"56.";"0.";"0.00";"0.00";"0.00"
"2019";"5";"29";"3";"2";"3555";"291.";"6.6";"8.1";"55.";"0.";"0.00";"0.00";"0.00"
"2019";"5";"29";"3";"3";"3556";"290.";"6.3";"7.9";"56.";"0.";"0.00";"0.00";"0.00"
"2019";"5";"29";"3";"4";"3557";"294.";"5.8";"8.3";"55.";"0.";"53.78";"292.53";"19.55"
"2019";"5";"29";"3";"5";"3558";"294.";"6.5";"9.1";"54.";"0.";"188.61";"584.13";"46.88"
"2019";"5";"29";"3";"6";"3559";"292.";"6.7";"9.7";"52.";"2.";"291.85";"544.24";"89.04"
"2019";"5";"29";"3";"7";"3560";"291.";"6.4";"9.8";"53.";"2.";"421.98";"609.13";"118.48"
"2019";"5";"29";"3";"8";"3561";"287.";"6.5";"10.1";"53.";"2.";"540.44";"651.30";"142.60"
"2019";"5";"29";"3";"9";"3562";"284.";"6.3";"10.8";"53.";"4.";"508.67";"421.61";"212.37"
"2019";"5";"29";"3";"10";"3563";"281.";"6.6";"11.5";"50.";"3.";"643.79";"591.64";"189.53"
"2019";"5";"29";"3";"11";"3564";"280.";"6.3";"11.4";"50.";"3.";"671.12";"573.21";"211.72"
"2019";"5";"29";"3";"12";"3565";"277.";"6.8";"11.2";"51.";"2.";"729.59";"640.60";"216.18"
"2019";"5";"29";"3";"13";"3566";"274.";"6.1";"12.2";"51.";"2.";"696.48";"648.36";"198.67"
"2019";"5";"29";"3";"14";"3567";"272.";"5.6";"12.3";"49.";"0.";"741.68";"869.59";"130.55"
"2019";"5";"29";"3";"15";"3568";"267.";"5.2";"12.0";"51.";"2.";"533.84";"619.29";"155.55"
"2019";"5";"29";"3";"16";"3569";"265.";"5.0";"12.0";"53.";"6.";"249.82";"199.71";"150.32"
"2019";"5";"29";"3";"17";"3570";"259.";"4.4";"11.9";"52.";"2.";"285.67";"508.22";"96.28"
"2019";"5";"29";"3";"18";"3571";"257.";"4.4";"11.1";"53.";"1.";"172.85";"510.34";"49.02"
"2019";"5";"29";"3";"19";"3572";"255.";"3.6";"10.4";"57.";"1.";"45.75";"240.51";"17.60"
"2019";"5";"29";"3";"20";"3573";"257.";"2.7";"9.1";"65.";"0.";"0.00";"0.00";"0.00"
"2019";"5";"29";"3";"21";"3574";"226.";"2.2";"7.5";"71.";"6.";"0.00";"0.00";"0.00"
"2019";"5";"29";"3";"22";"3575";"205.";"1.4";"6.5";"76.";"1.";"0.00";"0.00";"0.00"
"2019";"5";"29";"3";"23";"3576";"166.";"1.6";"6.5";"81.";"1.";"0.00";"0.00";"0.00"
"2019";"5";"30";"4";"0";"3577";"167.";"1.7";"6.4";"82.";"4.";"0.00";"0.00";"0.00"
"2019";"5";"30";"4";"1";"3578";"181.";"2.1";"6.8";"81.";"6.";"0.00";"0.00";"0.00"
"2019";"5";"30";"4";"2";"3579";"184.";"3.2";"7.6";"78.";"7.";"0.00";"0.00";"0.00"
"2019";"5";"30";"4";"3";"3580";"184.";"4.4";"9.1";"74.";"8.";"0.00";"0.00";"0.00"
"2019";"5";"30";"4";"4";"3581";"178.";"5.1";"10.6";"73.";"8.";"26.57";"0.00";"26.57"
"2019";"5";"30";"4";"5";"3582";"170.";"5.6";"11.1";"72.";"8.";"53.99";"0.00";"53.99"
"2019";"5";"30";"4";"6";"3583";"174.";"6.7";"11.4";"71.";"8.";"101.02";"0.00";"101.02"
"2019";"5";"30";"4";"7";"3584";"178.";"7.6";"11.9";"68.";"7.";"198.13";"94.03";"151.09"
"2019";"5";"30";"4";"8";"3585";"187.";"8.0";"12.0";"73.";"7.";"251.07";"95.30";"192.68"
"2019";"5";"30";"4";"9";"3586";"176.";"8.8";"11.3";"82.";"8.";"124.53";"0.00";"124.53"
"2019";"5";"30";"4";"10";"3587";"177.";"9.0";"10.9";"86.";"8.";"129.71";"0.00";"129.71"
"2019";"5";"30";"4";"11";"3588";"176.";"8.9";"10.7";"91.";"8.";"126.83";"0.00";"126.83"
"2019";"5";"30";"4";"12";"3589";"184.";"8.6";"10.8";"92.";"8.";"127.46";"0.00";"127.46"
"2019";"5";"30";"4";"13";"3590";"192.";"8.6";"11.2";"94.";"8.";"128.24";"0.00";"128.24"
"2019";"5";"30";"4";"14";"3591";"194.";"8.2";"11.7";"94.";"8.";"118.10";"0.00";"118.10"
"2019";"5";"30";"4";"15";"3592";"204.";"8.0";"12.2";"94.";"8.";"100.30";"0.00";"100.30"
"2019";"5";"30";"4";"16";"3593";"217.";"7.8";"12.6";"94.";"8.";"125.60";"0.00";"125.60"
"2019";"5";"30";"4";"17";"3594";"232.";"7.1";"13.0";"94.";"8.";"84.21";"0.00";"84.21"
"2019";"5";"30";"4";"18";"3595";"246.";"6.0";"12.4";"94.";"7.";"58.93";"31.55";"51.20"
"2019";"5";"30";"4";"19";"3596";"251.";"6.3";"11.9";"93.";"8.";"8.08";"0.00";"8.08"
"2019";"5";"30";"4";"20";"3597";"249.";"6.6";"11.5";"91.";"7.";"0.00";"0.00";"0.00"
"2019";"5";"30";"4";"21";"3598";"251.";"6.0";"11.1";"90.";"8.";"0.00";"0.00";"0.00"
"2019";"5";"30";"4";"22";"3599";"253.";"5.7";"10.9";"86.";"7.";"0.00";"0.00";"0.00"
"2019";"5";"30";"4";"23";"3600";"262.";"5.4";"10.5";"83.";"7.";"0.00";"0.00";"0.00"
"2019";"5";"31";"5";"0";"3601";"263.";"4.5";"10.4";"86.";"8.";"0.00";"0.00";"0.00"
"2019";"5";"31";"5";"1";"3602";"269.";"4.0";"10.5";"86.";"8.";"0.00";"0.00";"0.00"
"2019";"5";"31";"5";"2";"3603";"271.";"3.6";"10.0";"87.";"5.";"0.00";"0.00";"0.00"
"2019";"5";"31";"5";"3";"3604";"268.";"3.0";"9.5";"89.";"1.";"0.00";"0.00";"0.00"
"2019";"5";"31";"5";"4";"3605";"275.";"2.7";"9.9";"88.";"2.";"33.22";"147.44";"15.26"
"2019";"5";"31";"5";"5";"3606";"289.";"3.1";"11.3";"72.";"2.";"154.28";"411.31";"52.61"
"2019";"5";"31";"5";"6";"3607";"295.";"3.0";"11.8";"63.";"1.";"324.88";"628.27";"88.08"
"2019";"5";"31";"5";"7";"3608";"279.";"3.3";"11.9";"58.";"1.";"459.35";"711.67";"101.93"
"2019";"5";"31";"5";"8";"3609";"273.";"3.8";"12.5";"57.";"5.";"503.19";"337.78";"295.60"
"2019";"5";"31";"5";"9";"3610";"273.";"3.9";"13.0";"55.";"2.";"683.25";"643.16";"228.97"
"2019";"5";"31";"5";"10";"3611";"272.";"4.4";"12.8";"55.";"0.";"824.94";"901.12";"130.01"
"2019";"5";"31";"5";"11";"3612";"270.";"4.4";"13.6";"56.";"0.";"862.08";"893.83";"142.76"
"2019";"5";"31";"5";"12";"3613";"273.";"4.2";"13.8";"56.";"1.";"795.81";"762.76";"181.96"
"2019";"5";"31";"5";"13";"3614";"276.";"4.3";"13.8";"55.";"0.";"812.83";"843.27";"162.52"
"2019";"5";"31";"5";"14";"3615";"273.";"3.8";"14.0";"51.";"4.";"607.66";"427.57";"305.66"
"2019";"5";"31";"5";"15";"3616";"268.";"4.0";"14.7";"50.";"5.";"374.59";"298.52";"191.12"
"2019";"5";"31";"5";"16";"3617";"265.";"3.5";"14.5";"49.";"1.";"456.14";"686.78";"111.22"
"2019";"5";"31";"5";"17";"3618";"263.";"3.2";"14.1";"49.";"0.";"340.29";"703.03";"75.31"
"2019";"5";"31";"5";"18";"3619";"259.";"2.8";"13.4";"51.";"0.";"186.58";"553.58";"49.75"
"2019";"5";"31";"5";"19";"3620";"244.";"2.5";"12.4";"54.";"0.";"52.65";"279.56";"18.58"
"2019";"5";"31";"5";"20";"3621";"241.";"2.1";"10.4";"62.";"2.";"0.00";"0.00";"0.00"
"2019";"5";"31";"5";"21";"3622";"212.";"1.9";"9.1";"70.";"8.";"0.00";"0.00";"0.00"
"2019";"5";"31";"5";"22";"3623";"205.";"1.8";"8.6";"71.";"8.";"0.00";"0.00";"0.00"
"2019";"5";"31";"5";"23";"3624";"183.";"1.6";"8.8";"78.";"6.";"0.00";"0.00";"0.00"
"2019";"6";"1";"6";"0";"3625";"183.";"1.9";"9.7";"83.";"8.";"0.00";"0.00";"0.00"
"2019";"6";"1";"6";"1";"3626";"170.";"2.0";"10.3";"84.";"8.";"0.00";"0.00";"0.00"
"2019";"6";"1";"6";"2";"3627";"175.";"2.3";"10.9";"87.";"8.";"0.00";"0.00";"0.00"
"2019";"6";"1";"6";"3";"3628";"180.";"3.6";"11.2";"91.";"8.";"0.00";"0.00";"0.00"
"2019";"6";"1";"6";"4";"3629";"186.";"4.1";"11.3";"92.";"8.";"5.32";"0.00";"5.32"
"2019";"6";"1";"6";"5";"3630";"197.";"4.2";"12.0";"95.";"8.";"48.99";"0.00";"48.99"
"2019";"6";"1";"6";"6";"3631";"197.";"4.8";"13.0";"93.";"8.";"93.29";"0.00";"93.29"
"2019";"6";"1";"6";"7";"3632";"201.";"5.7";"13.2";"92.";"8.";"135.64";"0.00";"135.64"
"2019";"6";"1";"6";"8";"3633";"197.";"5.8";"13.1";"93.";"8.";"97.44";"0.00";"97.44"
"2019";"6";"1";"6";"9";"3634";"206.";"6.5";"13.4";"92.";"8.";"120.29";"0.00";"120.29"
"2019";"6";"1";"6";"10";"3635";"209.";"6.5";"13.9";"91.";"8.";"229.35";"0.00";"229.35"
"2019";"6";"1";"6";"11";"3636";"223.";"6.7";"14.7";"88.";"8.";"245.84";"0.00";"245.84"
"2019";"6";"1";"6";"12";"3637";"248.";"7.5";"14.1";"85.";"8.";"249.60";"0.00";"249.60"
"2019";"6";"1";"6";"13";"3638";"248.";"7.4";"14.8";"79.";"3.";"622.90";"536.39";"208.39"
"2019";"6";"1";"6";"14";"3639";"250.";"8.3";"14.3";"78.";"7.";"294.84";"97.61";"225.74"
"2019";"6";"1";"6";"15";"3640";"252.";"8.2";"13.5";"76.";"8.";"182.08";"0.00";"182.08"
"2019";"6";"1";"6";"16";"3641";"251.";"7.9";"13.2";"77.";"7.";"189.68";"77.24";"150.75"
"2019";"6";"1";"6";"17";"3642";"255.";"7.8";"13.0";"79.";"8.";"99.16";"0.00";"99.16"
"2019";"6";"1";"6";"18";"3643";"265.";"8.1";"12.7";"80.";"5.";"103.26";"175.86";"59.42"
"2019";"6";"1";"6";"19";"3644";"269.";"7.0";"12.6";"82.";"3.";"27.26";"98.72";"15.01"
"2019";"6";"1";"6";"20";"3645";"266.";"7.6";"12.3";"84.";"4.";"0.00";"0.00";"0.00"
"2019";"6";"1";"6";"21";"3646";"268.";"7.8";"11.8";"85.";"8.";"0.00";"0.00";"0.00"
"2019";"6";"1";"6";"22";"3647";"269.";"6.5";"11.5";"87.";"8.";"0.00";"0.00";"0.00"
"2019";"6";"1";"6";"23";"3648";"271.";"7.2";"11.4";"86.";"8.";"0.00";"0.00";"0.00"
"2019";"6";"2";"7";"0";"3649";"272.";"6.4";"11.3";"88.";"8.";"0.00";"0.00";"0.00"
"2019";"6";"2";"7";"1";"3650";"274.";"6.1";"11.0";"89.";"8.";"0.00";"0.00";"0.00"
"2019";"6";"2";"7";"2";"3651";"274.";"4.9";"11.0";"89.";"8.";"0.00";"0.00";"0.00"
"2019";"6";"2";"7";"3";"3652";"278.";"5.0";"11.1";"88.";"8.";"0.00";"0.00";"0.00"
"2019";"6";"2";"7";"4";"3653";"275.";"4.5";"11.2";"88.";"6.";"19.44";"41.22";"14.23"
"2019";"6";"2";"7";"5";"3654";"274.";"3.4";"11.5";"88.";"7.";"69.84";"53.39";"56.42"
"2019";"6";"2";"7";"6";"3655";"262.";"3.3";"12.0";"86.";"7.";"132.85";"75.41";"104.13"
"2019";"6";"2";"7";"7";"3656";"256.";"2.9";"12.7";"82.";"8.";"143.90";"0.00";"143.90"
"2019";"6";"2";"7";"8";"3657";"246.";"3.4";"12.8";"79.";"8.";"187.81";"0.00";"187.81"
"2019";"6";"2";"7";"9";"3658";"224.";"3.4";"13.1";"77.";"8.";"225.09";"0.00";"225.09"
"2019";"6";"2";"7";"10";"3659";"209.";"2.9";"14.5";"73.";"4.";"551.44";"401.45";"240.60"
"2019";"6";"2";"7";"11";"3660";"214.";"3.2";"15.6";"69.";"8.";"259.53";"0.00";"259.53"
"2019";"6";"2";"7";"12";"3661";"209.";"3.7";"15.3";"69.";"8.";"515.87";"0.00";"515.87"
"2019";"6";"2";"7";"13";"3662";"194.";"3.2";"15.5";"67.";"7.";"540.24";"102.37";"460.98"
"2019";"6";"2";"7";"14";"3663";"194.";"3.1";"15.8";"69.";"7.";"491.38";"105.59";"416.46"
"2019";"6";"2";"7";"15";"3664";"176.";"2.9";"16.6";"60.";"8.";"406.69";"0.00";"406.69"
"2019";"6";"2";"7";"16";"3665";"164.";"2.8";"17.1";"58.";"8.";"321.30";"0.00";"321.30"
"2019";"6";"2";"7";"17";"3666";"153.";"2.8";"17.2";"55.";"7.";"239.17";"87.09";"206.00"
"2019";"6";"2";"7";"18";"3667";"138.";"2.5";"16.7";"57.";"7.";"132.36";"69.55";"114.88"
"2019";"6";"2";"7";"19";"3668";"122.";"2.4";"16.3";"60.";"5.";"33.36";"83.62";"22.80"
"2019";"6";"2";"7";"20";"3669";"116.";"3.0";"16.0";"61.";"6.";"0.00";"0.00";"0.00"
"2019";"6";"2";"7";"21";"3670";"125.";"3.3";"16.0";"60.";"4.";"0.00";"0.00";"0.00"
"2019";"6";"2";"7";"22";"3671";"133.";"3.5";"15.7";"63.";"7.";"0.00";"0.00";"0.00"
"2019";"6";"2";"7";"23";"3672";"135.";"4.1";"15.9";"65.";"4.";"0.00";"0.00";"0.00"
"2019";"6";"3";"1";"0";"3673";"137.";"4.5";"16.3";"66.";"3.";"0.00";"0.00";"0.00"
"2019";"6";"3";"1";"1";"3674";"138.";"4.7";"16.5";"67.";"7.";"0.00";"0.00";"0.00"
"2019";"6";"3";"1";"2";"3675";"146.";"4.4";"16.4";"70.";"8.";"0.00";"0.00";"0.00"
"2019";"6";"3";"1";"3";"3676";"149.";"4.5";"16.6";"68.";"6.";"0.00";"0.00";"0.00"
"2019";"6";"3";"1";"4";"3677";"175.";"3.8";"16.9";"67.";"7.";"25.47";"24.17";"22.37"
"2019";"6";"3";"1";"5";"3678";"166.";"4.3";"17.6";"66.";"6.";"124.04";"118.59";"94.00"
"2019";"6";"3";"1";"6";"3679";"147.";"6.2";"16.9";"72.";"8.";"122.73";"0.00";"122.73"
"2019";"6";"3";"1";"7";"3680";"156.";"6.5";"16.4";"81.";"7.";"192.46";"42.64";"170.81"
"2019";"6";"3";"1";"8";"3681";"153.";"6.0";"18.5";"75.";"6.";"440.68";"200.67";"316.35"
"2019";"6";"3";"1";"9";"3682";"170.";"5.0";"19.4";"70.";"8.";"470.43";"0.00";"470.43"
"2019";"6";"3";"1";"10";"3683";"170.";"5.3";"20.3";"73.";"8.";"511.61";"0.00";"511.61"
"2019";"6";"3";"1";"11";"3684";"174.";"4.0";"20.0";"70.";"8.";"525.06";"0.00";"525.06"
"2019";"6";"3";"1";"12";"3685";"202.";"3.1";"20.0";"71.";"8.";"533.81";"0.00";"533.81"
"2019";"6";"3";"1";"13";"3686";"236.";"3.5";"18.6";"75.";"8.";"492.55";"0.00";"492.55"
"2019";"6";"3";"1";"14";"3687";"225.";"2.3";"19.1";"76.";"6.";"511.80";"191.99";"375.28"
"2019";"6";"3";"1";"15";"3688";"205.";"2.3";"18.7";"82.";"7.";"387.19";"78.83";"338.35"
"2019";"6";"3";"1";"16";"3689";"237.";"1.8";"17.4";"87.";"7.";"190.10";"42.62";"168.47"
"2019";"6";"3";"1";"17";"3690";"255.";"2.3";"15.5";"89.";"6.";"107.76";"82.40";"76.22"
"2019";"6";"3";"1";"18";"3691";"237.";"1.7";"14.0";"92.";"8.";"27.78";"0.00";"27.78"
"2019";"6";"3";"1";"19";"3692";"230.";"1.3";"13.7";"92.";"8.";"9.24";"0.00";"9.24"
"2019";"6";"3";"1";"20";"3693";"206.";"0.3";"13.2";"92.";"6.";"0.00";"0.00";"0.00"
"2019";"6";"3";"1";"21";"3694";"19.";"1.6";"13.1";"86.";"7.";"0.00";"0.00";"0.00"
"2019";"6";"3";"1";"22";"3695";"360.";"0.8";"12.2";"89.";"7.";"0.00";"0.00";"0.00"
"2019";"6";"3";"1";"23";"3696";"320.";"0.4";"11.1";"92.";"1.";"0.00";"0.00";"0.00"
"2019";"6";"4";"2";"0";"3697";"245.";"0.3";"10.4";"93.";"3.";"0.00";"0.00";"0.00"
"2019";"6";"4";"2";"1";"3698";"164.";"0.7";"9.6";"94.";"1.";"0.00";"0.00";"0.00"
"2019";"6";"4";"2";"2";"3699";"233.";"1.5";"9.0";"95.";"3.";"0.00";"0.00";"0.00"
"2019";"6";"4";"2";"3";"3700";"227.";"1.1";"9.2";"93.";"6.";"0.00";"0.00";"0.00"
"2019";"6";"4";"2";"4";"3701";"214.";"1.0";"9.9";"93.";"0.";"42.90";"171.49";"20.55"
"2019";"6";"4";"2";"5";"3702";"234.";"1.6";"11.5";"92.";"6.";"86.43";"100.07";"60.90"
"2019";"6";"4";"2";"6";"3703";"243.";"1.6";"12.7";"85.";"2.";"273.40";"420.35";"111.83"
"2019";"6";"4";"2";"7";"3704";"234.";"1.6";"13.6";"78.";"2.";"399.42";"479.81";"155.10"
"2019";"6";"4";"2";"8";"3705";"232.";"2.0";"14.6";"73.";"2.";"514.89";"526.44";"187.92"
"2019";"6";"4";"2";"9";"3706";"233.";"2.2";"15.3";"66.";"2.";"619.53";"594.75";"195.78"
"2019";"6";"4";"2";"10";"3707";"234.";"2.4";"16.1";"61.";"1.";"752.79";"732.38";"183.67"
"2019";"6";"4";"2";"11";"3708";"240.";"2.6";"16.6";"58.";"2.";"727.22";"635.79";"211.89"
"2019";"6";"4";"2";"12";"3709";"238.";"2.8";"17.4";"58.";"2.";"784.08";"662.55";"247.06"
"2019";"6";"4";"2";"13";"3710";"246.";"2.9";"17.3";"58.";"1.";"785.61";"780.76";"178.88"
"2019";"6";"4";"2";"14";"3711";"249.";"2.9";"16.9";"58.";"3.";"635.83";"513.40";"270.04"
"2019";"6";"4";"2";"15";"3712";"262.";"3.3";"16.9";"60.";"4.";"511.31";"403.38";"260.76"
"2019";"6";"4";"2";"16";"3713";"271.";"3.0";"16.8";"60.";"6.";"350.34";"184.94";"256.17"
"2019";"6";"4";"2";"17";"3714";"267.";"2.4";"16.0";"61.";"0.";"338.24";"691.55";"72.42"
"2019";"6";"4";"2";"18";"3715";"251.";"1.7";"15.4";"64.";"0.";"181.29";"501.07";"53.44"
"2019";"6";"4";"2";"19";"3716";"236.";"1.7";"14.3";"72.";"4.";"30.14";"109.63";"15.85"
"2019";"6";"4";"2";"20";"3717";"241.";"1.1";"12.5";"80.";"1.";"0.00";"0.00";"0.00"
"2019";"6";"4";"2";"21";"3718";"91.";"0.6";"11.2";"85.";"8.";"0.00";"0.00";"0.00"
"2019";"6";"4";"2";"22";"3719";"85.";"1.0";"10.0";"87.";"8.";"0.00";"0.00";"0.00"
"2019";"6";"4";"2";"23";"3720";"55.";"1.4";"9.3";"88.";"6.";"0.00";"0.00";"0.00"
"2019";"6";"5";"3";"0";"3721";"67.";"2.1";"9.3";"88.";"1.";"0.00";"0.00";"0.00"
"2019";"6";"5";"3";"1";"3722";"77.";"2.1";"9.2";"86.";"8.";"0.00";"0.00";"0.00"
"2019";"6";"5";"3";"2";"3723";"81.";"2.8";"10.1";"86.";"5.";"0.00";"0.00";"0.00"
"2019";"6";"5";"3";"3";"3724";"92.";"3.0";"10.8";"84.";"8.";"0.00";"0.00";"0.00"
"2019";"6";"5";"3";"4";"3725";"101.";"3.8";"13.0";"76.";"6.";"34.03";"58.18";"26.33"
"2019";"6";"5";"3";"5";"3726";"120.";"3.0";"14.1";"74.";"8.";"112.11";"0.00";"112.11"
"2019";"6";"5";"3";"6";"3727";"107.";"4.0";"14.8";"75.";"8.";"121.05";"0.00";"121.05"
"2019";"6";"5";"3";"7";"3728";"122.";"5.3";"18.4";"66.";"7.";"339.45";"97.56";"289.63"
"2019";"6";"5";"3";"8";"3729";"144.";"5.8";"21.9";"56.";"7.";"417.33";"105.05";"351.94"
"2019";"6";"5";"3";"9";"3730";"177.";"7.6";"22.9";"56.";"7.";"483.46";"100.22";"411.92"
"2019";"6";"5";"3";"10";"3731";"188.";"7.2";"22.9";"59.";"0.";"792.79";"805.57";"165.75"
"2019";"6";"5";"3";"11";"3732";"185.";"6.2";"23.2";"60.";"0.";"839.44";"851.08";"148.53"
"2019";"6";"5";"3";"12";"3733";"190.";"4.8";"23.5";"59.";"0.";"832.33";"815.93";"169.96"
"2019";"6";"5";"3";"13";"3734";"208.";"4.0";"23.0";"62.";"1.";"761.88";"729.76";"193.84"
"2019";"6";"5";"3";"14";"3735";"226.";"3.3";"23.0";"62.";"4.";"585.58";"397.03";"302.16"
"2019";"6";"5";"3";"15";"3736";"226.";"2.9";"23.0";"64.";"2.";"547.35";"566.64";"194.59"
"2019";"6";"5";"3";"16";"3737";"261.";"2.5";"22.6";"65.";"1.";"446.54";"615.43";"132.22"
"2019";"6";"5";"3";"17";"3738";"288.";"2.6";"22.1";"67.";"2.";"287.49";"444.34";"115.96"
"2019";"6";"5";"3";"18";"3739";"304.";"2.1";"20.8";"71.";"4.";"134.13";"212.30";"79.58"
"2019";"6";"5";"3";"19";"3740";"333.";"1.6";"19.4";"75.";"4.";"20.07";"53.92";"12.95"
"2019";"6";"5";"3";"20";"3741";"1.";"1.5";"18.1";"82.";"3.";"0.00";"0.00";"0.00"
"2019";"6";"5";"3";"21";"3742";"22.";"1.9";"17.7";"85.";"4.";"0.00";"0.00";"0.00"
"2019";"6";"5";"3";"22";"3743";"30.";"1.8";"17.2";"85.";"1.";"0.00";"0.00";"0.00"
"2019";"6";"5";"3";"23";"3744";"66.";"1.5";"17.1";"88.";"1.";"0.00";"0.00";"0.00"
"2019";"6";"6";"4";"0";"3745";"109.";"1.8";"17.0";"88.";"0.";"0.00";"0.00";"0.00"
"2019";"6";"6";"4";"1";"3746";"97.";"1.7";"17.0";"87.";"0.";"0.00";"0.00";"0.00"
"2019";"6";"6";"4";"2";"3747";"103.";"2.3";"17.7";"82.";"0.";"0.00";"0.00";"0.00"
"2019";"6";"6";"4";"3";"3748";"105.";"2.6";"18.3";"81.";"0.";"0.00";"0.00";"0.00"
"2019";"6";"6";"4";"4";"3749";"102.";"4.6";"19.9";"74.";"0.";"25.16";"123.55";"8.61"
"2019";"6";"6";"4";"5";"3750";"113.";"3.7";"21.6";"68.";"0.";"162.22";"446.70";"46.70"
"2019";"6";"6";"4";"6";"3751";"115.";"4.6";"23.3";"63.";"0.";"317.76";"645.73";"67.49"
"2019";"6";"6";"4";"7";"3752";"114.";"4.8";"24.9";"56.";"4.";"390.50";"365.42";"203.34"
"2019";"6";"6";"4";"8";"3753";"118.";"5.5";"25.9";"53.";"7.";"420.23";"101.08";"357.17"
"2019";"6";"6";"4";"9";"3754";"121.";"6.3";"27.5";"43.";"2.";"668.63";"657.35";"198.55"
"2019";"6";"6";"4";"10";"3755";"136.";"6.6";"28.3";"37.";"4.";"677.97";"417.73";"352.30"
"2019";"6";"6";"4";"11";"3756";"146.";"5.7";"28.1";"41.";"5.";"648.55";"309.64";"396.81"
"2019";"6";"6";"4";"12";"3757";"153.";"5.7";"27.3";"43.";"7.";"568.45";"107.27";"481.24"
"2019";"6";"6";"4";"13";"3758";"162.";"5.1";"27.4";"42.";"7.";"535.85";"100.91";"457.18"
"2019";"6";"6";"4";"14";"3759";"165.";"4.5";"27.7";"42.";"7.";"488.46";"104.80";"413.52"
"2019";"6";"6";"4";"15";"3760";"191.";"4.1";"27.4";"45.";"7.";"412.92";"97.96";"351.81"
"2019";"6";"6";"4";"16";"3761";"200.";"4.1";"25.7";"49.";"7.";"195.14";"92.55";"147.74"
"2019";"6";"6";"4";"17";"3762";"228.";"3.8";"24.2";"56.";"2.";"271.67";"468.44";"90.11"
"2019";"6";"6";"4";"18";"3763";"233.";"2.0";"23.4";"59.";"5.";"99.02";"171.77";"54.60"
"2019";"6";"6";"4";"19";"3764";"254.";"1.5";"21.5";"66.";"8.";"8.00";"0.00";"8.00"
"2019";"6";"6";"4";"20";"3765";"260.";"1.4";"16.8";"78.";"4.";"0.00";"0.00";"0.00"
"2019";"6";"6";"4";"21";"3766";"311.";"3.3";"15.9";"86.";"8.";"0.00";"0.00";"0.00"
"2019";"6";"6";"4";"22";"3767";"311.";"3.7";"15.3";"90.";"7.";"0.00";"0.00";"0.00"
"2019";"6";"6";"4";"23";"3768";"288.";"4.7";"14.3";"91.";"7.";"0.00";"0.00";"0.00"
"2019";"6";"7";"5";"0";"3769";"291.";"3.8";"13.7";"95.";"8.";"0.00";"0.00";"0.00"
"2019";"6";"7";"5";"1";"3770";"293.";"4.1";"13.6";"93.";"8.";"0.00";"0.00";"0.00"
"2019";"6";"7";"5";"2";"3771";"286.";"4.5";"13.4";"93.";"8.";"0.00";"0.00";"0.00"
"2019";"6";"7";"5";"3";"3772";"285.";"4.8";"13.0";"91.";"8.";"0.00";"0.00";"0.00"
"2019";"6";"7";"5";"4";"3773";"289.";"3.6";"12.9";"92.";"8.";"11.96";"0.00";"11.96"
"2019";"6";"7";"5";"5";"3774";"288.";"2.7";"13.0";"92.";"8.";"30.55";"0.00";"30.55"
"2019";"6";"7";"5";"6";"3775";"273.";"2.3";"13.1";"90.";"7.";"129.91";"63.32";"105.27"
"2019";"6";"7";"5";"7";"3776";"276.";"2.5";"13.2";"88.";"7.";"194.30";"82.21";"152.09"
"2019";"6";"7";"5";"8";"3777";"267.";"3.0";"13.5";"86.";"7.";"250.08";"89.94";"193.86"
"2019";"6";"7";"5";"9";"3778";"247.";"2.3";"13.5";"86.";"7.";"190.21";"58.96";"147.98"
"2019";"6";"7";"5";"10";"3779";"245.";"1.8";"14.5";"80.";"7.";"338.37";"113.70";"249.60"
"2019";"6";"7";"5";"11";"3780";"231.";"2.3";"15.4";"73.";"8.";"532.19";"0.00";"532.19"
"2019";"6";"7";"5";"12";"3781";"247.";"2.7";"16.6";"67.";"6.";"626.69";"230.29";"439.20"
"2019";"6";"7";"5";"13";"3782";"248.";"2.5";"17.2";"60.";"3.";"708.16";"532.55";"292.37"
"2019";"6";"7";"5";"14";"3783";"252.";"2.3";"17.5";"53.";"0.";"745.93";"868.75";"123.64"
"2019";"6";"7";"5";"15";"3784";"263.";"1.7";"18.4";"49.";"0.";"634.81";"840.88";"109.11"
"2019";"6";"7";"5";"16";"3785";"301.";"1.1";"18.5";"49.";"0.";"499.03";"801.22";"87.56"
"2019";"6";"7";"5";"17";"3786";"299.";"1.1";"18.5";"49.";"0.";"346.28";"706.85";"71.28"
"2019";"6";"7";"5";"18";"3787";"287.";"1.7";"17.4";"56.";"1.";"175.31";"469.09";"53.28"
"2019";"6";"7";"5";"19";"3788";"294.";"1.9";"16.4";"61.";"5.";"30.47";"94.07";"17.71"
"2019";"6";"7";"5";"20";"3789";"326.";"1.2";"14.8";"69.";"0.";"0.00";"0.00";"0.00"
"2019";"6";"7";"5";"21";"3790";"342.";"1.5";"14.1";"71.";"6.";"0.00";"0.00";"0.00"
"2019";"6";"7";"5";"22";"3791";"43.";"1.2";"12.5";"74.";"3.";"0.00";"0.00";"0.00"
"2019";"6";"7";"5";"23";"3792";"104.";"0.9";"11.5";"78.";"4.";"0.00";"0.00";"0.00"
"2019";"6";"8";"6";"0";"3793";"105.";"1.0";"11.6";"80.";"4.";"0.00";"0.00";"0.00"
"2019";"6";"8";"6";"1";"3794";"121.";"1.2";"10.8";"85.";"0.";"0.00";"0.00";"0.00"
"2019";"6";"8";"6";"2";"3795";"114.";"1.7";"10.2";"93.";"0.";"0.00";"0.00";"0.00"
"2019";"6";"8";"6";"3";"3796";"102.";"2.2";"10.5";"91.";"2.";"0.00";"0.00";"0.00"
"2019";"6";"8";"6";"4";"3797";"124.";"2.4";"12.5";"87.";"5.";"37.52";"88.30";"25.40"
"2019";"6";"8";"6";"5";"3798";"122.";"3.1";"14.5";"83.";"8.";"115.92";"0.00";"115.92"
"2019";"6";"8";"6";"6";"3799";"124.";"3.4";"16.1";"76.";"7.";"241.06";"88.72";"206.42"
"2019";"6";"8";"6";"7";"3800";"150.";"4.6";"16.3";"78.";"7.";"342.86";"91.65";"295.67"
"2019";"6";"8";"6";"8";"3801";"136.";"3.1";"14.9";"96.";"8.";"97.01";"0.00";"97.01"
"2019";"6";"8";"6";"9";"3802";"166.";"4.9";"15.0";"97.";"7.";"171.33";"36.55";"145.11"
"2019";"6";"8";"6";"10";"3803";"155.";"3.4";"15.1";"92.";"8.";"135.30";"0.00";"135.30"
"2019";"6";"8";"6";"11";"3804";"161.";"4.8";"16.1";"89.";"7.";"228.47";"74.17";"168.01"
"2019";"6";"8";"6";"12";"3805";"174.";"5.9";"17.3";"78.";"6.";"437.25";"228.65";"250.86"
"2019";"6";"8";"6";"13";"3806";"179.";"6.6";"17.8";"74.";"7.";"545.68";"108.43";"460.91"
"2019";"6";"8";"6";"14";"3807";"189.";"7.0";"17.6";"69.";"8.";"449.37";"0.00";"449.37"
"2019";"6";"8";"6";"15";"3808";"187.";"7.1";"17.4";"66.";"7.";"253.27";"94.57";"194.03"
"2019";"6";"8";"6";"16";"3809";"206.";"7.1";"17.0";"67.";"8.";"303.68";"0.00";"303.68"
"2019";"6";"8";"6";"17";"3810";"210.";"6.8";"16.2";"67.";"6.";"173.34";"171.35";"106.45"
"2019";"6";"8";"6";"18";"3811";"205.";"6.4";"15.2";"74.";"6.";"93.03";"123.59";"60.70"
"2019";"6";"8";"6";"19";"3812";"195.";"7.0";"14.6";"74.";"6.";"24.52";"56.71";"16.73"
"2019";"6";"8";"6";"20";"3813";"192.";"6.7";"14.6";"74.";"8.";"0.00";"0.00";"0.00"
"2019";"6";"8";"6";"21";"3814";"188.";"7.7";"14.8";"75.";"8.";"0.00";"0.00";"0.00"
"2019";"6";"8";"6";"22";"3815";"202.";"7.5";"14.2";"76.";"6.";"0.00";"0.00";"0.00"
"2019";"6";"8";"6";"23";"3816";"214.";"5.1";"14.0";"77.";"8.";"0.00";"0.00";"0.00"
"2019";"6";"9";"7";"0";"3817";"213.";"5.8";"13.9";"80.";"8.";"0.00";"0.00";"0.00"
"2019";"6";"9";"7";"1";"3818";"202.";"8.0";"14.0";"78.";"8.";"0.00";"0.00";"0.00"
"2019";"6";"9";"7";"2";"3819";"200.";"7.9";"13.7";"80.";"8.";"0.00";"0.00";"0.00"
"2019";"6";"9";"7";"3";"3820";"201.";"8.1";"14.0";"79.";"8.";"0.00";"0.00";"0.00"
"2019";"6";"9";"7";"4";"3821";"203.";"8.7";"13.6";"82.";"8.";"14.43";"0.00";"14.43"
"2019";"6";"9";"7";"5";"3822";"211.";"8.6";"12.5";"90.";"8.";"29.87";"0.00";"29.87"
"2019";"6";"9";"7";"6";"3823";"207.";"8.0";"12.6";"84.";"8.";"59.98";"0.00";"59.98"
"2019";"6";"9";"7";"7";"3824";"200.";"7.6";"12.6";"89.";"8.";"81.36";"0.00";"81.36"
"2019";"6";"9";"7";"8";"3825";"209.";"8.8";"12.8";"88.";"8.";"108.53";"0.00";"108.53"
"2019";"6";"9";"7";"9";"3826";"222.";"9.1";"13.6";"85.";"7.";"301.55";"102.72";"227.75"
"2019";"6";"9";"7";"10";"3827";"231.";"7.0";"13.8";"84.";"8.";"235.22";"0.00";"235.22"
"2019";"6";"9";"7";"11";"3828";"238.";"7.5";"13.9";"80.";"8.";"265.45";"0.00";"265.45"
"2019";"6";"9";"7";"12";"3829";"238.";"7.3";"13.4";"84.";"8.";"144.22";"0.00";"144.22"
"2019";"6";"9";"7";"13";"3830";"242.";"6.7";"13.8";"79.";"7.";"210.57";"58.67";"164.64"
"2019";"6";"9";"7";"14";"3831";"246.";"5.7";"15.5";"71.";"7.";"300.68";"100.03";"228.81"
"2019";"6";"9";"7";"15";"3832";"239.";"5.5";"16.0";"65.";"7.";"256.14";"96.57";"195.55"
"2019";"6";"9";"7";"16";"3833";"239.";"5.5";"16.3";"62.";"7.";"201.82";"92.18";"154.25"
"2019";"6";"9";"7";"17";"3834";"234.";"5.6";"16.2";"64.";"5.";"206.82";"258.41";"105.60"
"2019";"6";"9";"7";"18";"3835";"234.";"4.0";"15.6";"66.";"5.";"115.55";"211.37";"59.96"
"2019";"6";"9";"7";"19";"3836";"234.";"3.0";"14.7";"73.";"7.";"20.77";"30.83";"16.49"
"2019";"6";"9";"7";"20";"3837";"224.";"1.8";"13.5";"77.";"5.";"0.00";"0.00";"0.00"
"2019";"6";"9";"7";"21";"3838";"233.";"2.0";"12.3";"83.";"7.";"0.00";"0.00";"0.00"
"2019";"6";"9";"7";"22";"3839";"229.";"2.1";"11.1";"87.";"8.";"0.00";"0.00";"0.00"
"2019";"6";"9";"7";"23";"3840";"215.";"2.0";"10.6";"87.";"7.";"0.00";"0.00";"0.00"
"2019";"6";"10";"1";"0";"3841";"217.";"1.7";"10.1";"88.";"4.";"0.00";"0.00";"0.00"
"2019";"6";"10";"1";"1";"3842";"212.";"1.4";"9.3";"90.";"4.";"0.00";"0.00";"0.00"
"2019";"6";"10";"1";"2";"3843";"217.";"1.2";"9.2";"92.";"0.";"0.00";"0.00";"0.00"
"2019";"6";"10";"1";"3";"3844";"189.";"0.7";"9.1";"93.";"0.";"0.00";"0.00";"0.00"
"2019";"6";"10";"1";"4";"3845";"227.";"0.7";"10.0";"92.";"0.";"55.39";"261.72";"18.73"
"2019";"6";"10";"1";"5";"3846";"211.";"0.2";"12.2";"88.";"3.";"144.85";"318.31";"60.72"
"2019";"6";"10";"1";"6";"3847";"270.";"1.0";"13.9";"79.";"5.";"204.53";"247.03";"107.47"
"2019";"6";"10";"1";"7";"3848";"263.";"1.3";"14.7";"72.";"1.";"459.66";"678.23";"108.91"
"2019";"6";"10";"1";"8";"3849";"248.";"1.6";"15.8";"66.";"1.";"588.31";"733.65";"127.18"
"2019";"6";"10";"1";"9";"3850";"255.";"2.1";"16.5";"61.";"0.";"741.66";"839.09";"137.96"
"2019";"6";"10";"1";"10";"3851";"264.";"2.1";"17.2";"55.";"1.";"793.04";"780.29";"181.46"
"2019";"6";"10";"1";"11";"3852";"264.";"1.8";"18.1";"49.";"3.";"762.07";"586.54";"282.82"
"2019";"6";"10";"1";"12";"3853";"262.";"2.4";"18.5";"46.";"3.";"773.22";"592.04";"289.49"
"2019";"6";"10";"1";"13";"3854";"265.";"2.3";"19.1";"45.";"5.";"666.00";"338.44";"400.74"
"2019";"6";"10";"1";"14";"3855";"285.";"2.8";"19.2";"44.";"6.";"572.45";"225.68";"410.08"
"2019";"6";"10";"1";"15";"3856";"314.";"2.7";"19.5";"43.";"4.";"540.18";"426.68";"272.00"
"2019";"6";"10";"1";"16";"3857";"325.";"2.9";"18.7";"43.";"5.";"407.62";"312.49";"246.01"
"2019";"6";"10";"1";"17";"3858";"336.";"3.1";"18.3";"43.";"6.";"276.48";"187.41";"202.85"
"2019";"6";"10";"1";"18";"3859";"342.";"3.0";"18.1";"42.";"6.";"156.62";"149.70";"117.05"
"2019";"6";"10";"1";"19";"3860";"351.";"2.9";"17.1";"45.";"6.";"50.67";"79.95";"39.47"
"2019";"6";"10";"1";"20";"3861";"4.";"2.6";"15.6";"51.";"6.";"0.00";"0.00";"0.00"
"2019";"6";"10";"1";"21";"3862";"19.";"2.5";"14.3";"58.";"7.";"0.00";"0.00";"0.00"
"2019";"6";"10";"1";"22";"3863";"40.";"2.8";"14.1";"59.";"7.";"0.00";"0.00";"0.00"
"2019";"6";"10";"1";"23";"3864";"41.";"2.8";"13.5";"62.";"3.";"0.00";"0.00";"0.00"
"2019";"6";"11";"2";"0";"3865";"47.";"3.2";"13.2";"66.";"5.";"0.00";"0.00";"0.00"
"2019";"6";"11";"2";"1";"3866";"57.";"3.3";"13.7";"68.";"8.";"0.00";"0.00";"0.00"
"2019";"6";"11";"2";"2";"3867";"58.";"3.4";"14.2";"68.";"8.";"0.00";"0.00";"0.00"
"2019";"6";"11";"2";"3";"3868";"57.";"3.4";"14.3";"70.";"8.";"0.00";"0.00";"0.00"
"2019";"6";"11";"2";"4";"3869";"58.";"3.6";"14.5";"68.";"8.";"17.06";"0.00";"17.06"
"2019";"6";"11";"2";"5";"3870";"57.";"3.9";"14.9";"68.";"7.";"130.53";"68.66";"112.30"
"2019";"6";"11";"2";"6";"3871";"68.";"4.7";"15.8";"66.";"8.";"221.14";"0.00";"221.14"
"2019";"6";"11";"2";"7";"3872";"68.";"5.1";"16.5";"66.";"7.";"205.14";"100.53";"153.05"
"2019";"6";"11";"2";"8";"3873";"69.";"5.1";"16.9";"68.";"8.";"195.48";"0.00";"195.48"
"2019";"6";"11";"2";"9";"3874";"72.";"5.3";"15.8";"74.";"8.";"133.34";"0.00";"133.34"
"2019";"6";"11";"2";"10";"3875";"74.";"5.2";"15.0";"85.";"7.";"212.04";"61.98";"163.41"
"2019";"6";"11";"2";"11";"3876";"70.";"5.8";"15.3";"85.";"8.";"296.62";"0.00";"296.62"
"2019";"6";"11";"2";"12";"3877";"69.";"6.6";"16.3";"79.";"7.";"596.29";"118.48";"499.39"
"2019";"6";"11";"2";"13";"3878";"67.";"7.9";"17.5";"72.";"7.";"550.98";"110.98";"463.90"
"2019";"6";"11";"2";"14";"3879";"66.";"7.7";"17.7";"70.";"6.";"538.31";"222.56";"377.98"
"2019";"6";"11";"2";"15";"3880";"67.";"7.3";"17.2";"72.";"7.";"266.10";"109.56";"197.13"
"2019";"6";"11";"2";"16";"3881";"70.";"6.8";"17.4";"71.";"6.";"251.71";"201.54";"147.28"
"2019";"6";"11";"2";"17";"3882";"74.";"6.7";"17.1";"71.";"8.";"105.14";"0.00";"105.14"
"2019";"6";"11";"2";"18";"3883";"80.";"5.7";"17.1";"70.";"7.";"77.12";"68.26";"59.00"
"2019";"6";"11";"2";"19";"3884";"87.";"5.6";"17.2";"70.";"8.";"14.77";"0.00";"14.77"
"2019";"6";"11";"2";"20";"3885";"90.";"6.5";"17.2";"70.";"8.";"0.00";"0.00";"0.00"
"2019";"6";"11";"2";"21";"3886";"88.";"5.7";"16.9";"65.";"8.";"0.00";"0.00";"0.00"
"2019";"6";"11";"2";"22";"3887";"88.";"5.4";"16.1";"64.";"7.";"0.00";"0.00";"0.00"
"2019";"6";"11";"2";"23";"3888";"86.";"5.6";"15.5";"66.";"8.";"0.00";"0.00";"0.00"
"2019";"6";"12";"3";"0";"3889";"82.";"5.7";"14.9";"69.";"7.";"0.00";"0.00";"0.00"
"2019";"6";"12";"3";"1";"3890";"78.";"5.7";"14.5";"70.";"7.";"0.00";"0.00";"0.00"
"2019";"6";"12";"3";"2";"3891";"73.";"5.6";"14.2";"69.";"7.";"0.00";"0.00";"0.00"
"2019";"6";"12";"3";"3";"3892";"75.";"6.6";"13.9";"68.";"6.";"0.00";"0.00";"0.00"
"2019";"6";"12";"3";"4";"3893";"67.";"6.3";"13.7";"66.";"6.";"32.17";"74.45";"21.56"
"2019";"6";"12";"3";"5";"3894";"66.";"6.2";"13.9";"65.";"7.";"84.39";"73.15";"64.89"
"2019";"6";"12";"3";"6";"3895";"68.";"6.0";"14.3";"65.";"7.";"149.01";"92.51";"112.47"
"2019";"6";"12";"3";"7";"3896";"70.";"6.7";"14.4";"67.";"8.";"320.45";"0.00";"320.45"
"2019";"6";"12";"3";"8";"3897";"65.";"5.9";"14.0";"73.";"8.";"406.67";"0.00";"406.67"
"2019";"6";"12";"3";"9";"3898";"64.";"5.0";"14.4";"75.";"8.";"228.96";"0.00";"228.96"
"2019";"6";"12";"3";"10";"3899";"48.";"4.6";"14.3";"89.";"8.";"141.20";"0.00";"141.20"
"2019";"6";"12";"3";"11";"3900";"62.";"3.6";"13.6";"90.";"8.";"145.42";"0.00";"145.42"
"2019";"6";"12";"3";"12";"3901";"65.";"4.5";"14.0";"89.";"8.";"156.46";"0.00";"156.46"
"2019";"6";"12";"3";"13";"3902";"55.";"4.1";"14.7";"87.";"7.";"347.51";"117.15";"255.49"
"2019";"6";"12";"3";"14";"3903";"60.";"5.1";"15.0";"87.";"7.";"306.57";"113.23";"224.91"
"2019";"6";"12";"3";"15";"3904";"62.";"5.7";"15.2";"84.";"6.";"329.27";"218.74";"191.38"
"2019";"6";"12";"3";"16";"3905";"66.";"6.6";"15.3";"83.";"4.";"348.59";"406.44";"137.59"
"2019";"6";"12";"3";"17";"3906";"69.";"5.9";"14.7";"84.";"5.";"210.79";"268.27";"104.81"
"2019";"6";"12";"3";"18";"3907";"72.";"6.0";"14.9";"83.";"8.";"58.87";"0.00";"58.87"
"2019";"6";"12";"3";"19";"3908";"70.";"6.1";"15.1";"80.";"8.";"14.74";"0.00";"14.74"
"2019";"6";"12";"3";"20";"3909";"72.";"5.6";"14.7";"81.";"8.";"0.00";"0.00";"0.00"
"2019";"6";"12";"3";"21";"3910";"77.";"4.2";"14.3";"81.";"6.";"0.00";"0.00";"0.00"
"2019";"6";"12";"3";"22";"3911";"71.";"4.0";"14.4";"82.";"8.";"0.00";"0.00";"0.00"
"2019";"6";"12";"3";"23";"3912";"78.";"2.9";"14.5";"84.";"8.";"0.00";"0.00";"0.00"
"2019";"6";"13";"4";"0";"3913";"75.";"2.6";"14.2";"93.";"7.";"0.00";"0.00";"0.00"
"2019";"6";"13";"4";"1";"3914";"90.";"2.3";"14.2";"94.";"8.";"0.00";"0.00";"0.00"
"2019";"6";"13";"4";"2";"3915";"100.";"2.6";"14.5";"94.";"8.";"0.00";"0.00";"0.00"
"2019";"6";"13";"4";"3";"3916";"143.";"4.1";"14.7";"95.";"8.";"0.00";"0.00";"0.00"
"2019";"6";"13";"4";"4";"3917";"155.";"3.5";"15.1";"96.";"8.";"9.56";"0.00";"9.56"
"2019";"6";"13";"4";"5";"3918";"170.";"2.7";"15.4";"96.";"8.";"44.60";"0.00";"44.60"
"2019";"6";"13";"4";"6";"3919";"201.";"2.6";"15.7";"96.";"8.";"87.81";"0.00";"87.81"
"2019";"6";"13";"4";"7";"3920";"221.";"3.9";"15.4";"91.";"8.";"136.56";"0.00";"136.56"
"2019";"6";"13";"4";"8";"3921";"213.";"4.5";"15.6";"87.";"8.";"187.03";"0.00";"187.03"
"2019";"6";"13";"4";"9";"3922";"217.";"4.6";"15.7";"81.";"6.";"370.66";"198.33";"227.47"
"2019";"6";"13";"4";"10";"3923";"212.";"3.9";"16.2";"77.";"8.";"504.01";"0.00";"504.01"
"2019";"6";"13";"4";"11";"3924";"219.";"4.4";"16.9";"73.";"6.";"624.54";"225.01";"440.16"
"2019";"6";"13";"4";"12";"3925";"207.";"3.9";"17.9";"70.";"6.";"630.99";"212.08";"457.21"
"2019";"6";"13";"4";"13";"3926";"199.";"3.7";"18.4";"67.";"4.";"558.77";"414.82";"232.66"
"2019";"6";"13";"4";"14";"3927";"200.";"3.5";"18.9";"64.";"1.";"682.72";"726.01";"158.56"
"2019";"6";"13";"4";"15";"3928";"184.";"3.8";"19.4";"61.";"1.";"587.72";"745.90";"116.92"
"2019";"6";"13";"4";"16";"3929";"193.";"3.8";"19.6";"56.";"0.";"498.06";"792.47";"85.98"
"2019";"6";"13";"4";"17";"3930";"186.";"3.5";"20.0";"52.";"0.";"350.39";"727.81";"62.20"
"2019";"6";"13";"4";"18";"3931";"171.";"3.1";"19.8";"52.";"0.";"194.93";"554.65";"46.52"
"2019";"6";"13";"4";"19";"3932";"156.";"2.6";"18.7";"56.";"2.";"51.51";"199.05";"22.94"
"2019";"6";"13";"4";"20";"3933";"150.";"2.3";"16.7";"67.";"3.";"0.00";"0.00";"0.00"
"2019";"6";"13";"4";"21";"3934";"152.";"1.6";"14.7";"75.";"1.";"0.00";"0.00";"0.00"
"2019";"6";"13";"4";"22";"3935";"143.";"1.4";"13.6";"80.";"1.";"0.00";"0.00";"0.00"
"2019";"6";"13";"4";"23";"3936";"123.";"1.3";"13.0";"84.";"2.";"0.00";"0.00";"0.00"
"2019";"6";"14";"5";"0";"3937";"113.";"1.7";"12.8";"87.";"7.";"0.00";"0.00";"0.00"
"2019";"6";"14";"5";"1";"3938";"102.";"1.9";"13.1";"87.";"8.";"0.00";"0.00";"0.00"
"2019";"6";"14";"5";"2";"3939";"144.";"4.1";"13.5";"84.";"8.";"0.00";"0.00";"0.00"
"2019";"6";"14";"5";"3";"3940";"158.";"5.1";"14.3";"85.";"7.";"0.00";"0.00";"0.00"
"2019";"6";"14";"5";"4";"3941";"112.";"2.3";"14.5";"86.";"8.";"14.87";"0.00";"14.87"
"2019";"6";"14";"5";"5";"3942";"136.";"3.7";"15.1";"83.";"6.";"95.76";"133.68";"59.87"
"2019";"6";"14";"5";"6";"3943";"156.";"3.5";"16.4";"78.";"8.";"212.41";"0.00";"212.41"
"2019";"6";"14";"5";"7";"3944";"157.";"3.5";"18.1";"71.";"6.";"250.39";"194.51";"149.09"
"2019";"6";"14";"5";"8";"3945";"174.";"3.6";"18.9";"66.";"1.";"584.16";"729.23";"123.35"
"2019";"6";"14";"5";"9";"3946";"186.";"4.2";"19.3";"66.";"4.";"513.98";"448.34";"189.98"
"2019";"6";"14";"5";"10";"3947";"186.";"3.7";"19.9";"63.";"3.";"627.00";"523.44";"215.14"
"2019";"6";"14";"5";"11";"3948";"194.";"3.9";"20.4";"58.";"4.";"595.47";"448.89";"227.37"
"2019";"6";"14";"5";"12";"3949";"200.";"4.2";"21.5";"52.";"1.";"825.92";"776.32";"189.31"
"2019";"6";"14";"5";"13";"3950";"199.";"3.9";"22.3";"48.";"4.";"692.91";"439.03";"347.48"
"2019";"6";"14";"5";"14";"3951";"209.";"3.8";"22.3";"47.";"2.";"679.11";"640.71";"216.10"
"2019";"6";"14";"5";"15";"3952";"206.";"3.2";"21.5";"46.";"8.";"395.64";"0.00";"395.64"
"2019";"6";"14";"5";"16";"3953";"196.";"2.7";"21.1";"48.";"8.";"334.91";"0.00";"334.91"
"2019";"6";"14";"5";"17";"3954";"212.";"1.9";"20.1";"52.";"8.";"238.83";"0.00";"238.83"
"2019";"6";"14";"5";"18";"3955";"219.";"1.3";"19.9";"55.";"8.";"131.94";"0.00";"131.94"
"2019";"6";"14";"5";"19";"3956";"279.";"1.8";"18.2";"63.";"8.";"20.08";"0.00";"20.08"
"2019";"6";"14";"5";"20";"3957";"75.";"1.6";"15.6";"75.";"7.";"0.00";"0.00";"0.00"
"2019";"6";"14";"5";"21";"3958";"84.";"2.0";"15.2";"80.";"3.";"0.00";"0.00";"0.00"
"2019";"6";"14";"5";"22";"3959";"92.";"2.1";"14.9";"84.";"5.";"0.00";"0.00";"0.00"
"2019";"6";"14";"5";"23";"3960";"91.";"1.8";"14.6";"85.";"7.";"0.00";"0.00";"0.00"
"2019";"6";"15";"6";"0";"3961";"103.";"2.0";"13.7";"86.";"2.";"0.00";"0.00";"0.00"
"2019";"6";"15";"6";"1";"3962";"76.";"1.9";"13.2";"88.";"1.";"0.00";"0.00";"0.00"
"2019";"6";"15";"6";"2";"3963";"68.";"1.8";"12.8";"87.";"2.";"0.00";"0.00";"0.00"
"2019";"6";"15";"6";"3";"3964";"76.";"2.6";"13.2";"86.";"5.";"0.00";"0.00";"0.00"
"2019";"6";"15";"6";"4";"3965";"79.";"2.6";"14.5";"81.";"7.";"36.21";"31.24";"31.67"
"2019";"6";"15";"6";"5";"3966";"82.";"3.4";"15.7";"75.";"4.";"161.60";"278.24";"86.67"
"2019";"6";"15";"6";"6";"3967";"84.";"3.3";"17.4";"70.";"7.";"237.56";"89.69";"201.90"
"2019";"6";"15";"6";"7";"3968";"85.";"3.8";"20.4";"59.";"2.";"458.88";"603.44";"144.20"
"2019";"6";"15";"6";"8";"3969";"89.";"3.9";"22.1";"52.";"6.";"481.28";"216.46";"344.36"
"2019";"6";"15";"6";"9";"3970";"103.";"4.4";"24.1";"49.";"8.";"492.12";"0.00";"492.12"
"2019";"6";"15";"6";"10";"3971";"104.";"4.6";"25.8";"46.";"5.";"657.65";"339.95";"389.97"
"2019";"6";"15";"6";"11";"3972";"106.";"4.3";"26.4";"41.";"7.";"620.27";"117.66";"523.72"
"2019";"6";"15";"6";"12";"3973";"110.";"3.7";"26.7";"40.";"8.";"574.59";"0.00";"574.59"
"2019";"6";"15";"6";"13";"3974";"114.";"3.0";"26.3";"40.";"8.";"552.61";"0.00";"552.61"
"2019";"6";"15";"6";"14";"3975";"113.";"2.8";"25.4";"39.";"7.";"548.53";"115.05";"465.32"
"2019";"6";"15";"6";"15";"3976";"170.";"1.9";"23.7";"50.";"8.";"421.11";"0.00";"421.11"
"2019";"6";"15";"6";"16";"3977";"249.";"1.5";"22.5";"54.";"8.";"327.84";"0.00";"327.84"
"2019";"6";"15";"6";"17";"3978";"221.";"1.7";"21.1";"60.";"6.";"257.50";"172.03";"189.11"
"2019";"6";"15";"6";"18";"3979";"52.";"0.9";"19.9";"66.";"8.";"112.44";"0.00";"112.44"
"2019";"6";"15";"6";"19";"3980";"67.";"1.8";"19.3";"66.";"7.";"32.19";"27.77";"28.15"
"2019";"6";"15";"6";"20";"3981";"49.";"2.5";"19.4";"63.";"8.";"0.00";"0.00";"0.00"
"2019";"6";"15";"6";"21";"3982";"89.";"2.5";"19.0";"61.";"8.";"0.00";"0.00";"0.00"
"2019";"6";"15";"6";"22";"3983";"115.";"2.8";"19.1";"60.";"8.";"0.00";"0.00";"0.00"
"2019";"6";"15";"6";"23";"3984";"119.";"3.5";"18.9";"57.";"8.";"0.00";"0.00";"0.00"
"2019";"6";"16";"7";"0";"3985";"130.";"3.4";"18.4";"57.";"8.";"0.00";"0.00";"0.00"
"2019";"6";"16";"7";"1";"3986";"140.";"2.9";"18.0";"62.";"8.";"0.00";"0.00";"0.00"
"2019";"6";"16";"7";"2";"3987";"121.";"2.2";"17.7";"67.";"8.";"0.00";"0.00";"0.00"
"2019";"6";"16";"7";"3";"3988";"123.";"2.4";"17.5";"63.";"8.";"0.00";"0.00";"0.00"
"2019";"6";"16";"7";"4";"3989";"124.";"2.5";"17.4";"65.";"8.";"17.33";"0.00";"17.33"
"2019";"6";"16";"7";"5";"3990";"137.";"2.1";"17.2";"70.";"7.";"78.75";"67.86";"60.43"
"2019";"6";"16";"7";"6";"3991";"156.";"2.4";"16.5";"77.";"8.";"103.85";"0.00";"103.85"
"2019";"6";"16";"7";"7";"3992";"179.";"2.4";"16.3";"84.";"8.";"149.61";"0.00";"149.61"
"2019";"6";"16";"7";"8";"3993";"214.";"2.3";"15.9";"89.";"8.";"95.74";"0.00";"95.74"
"2019";"6";"16";"7";"9";"3994";"230.";"2.6";"16.0";"92.";"8.";"123.33";"0.00";"123.33"
"2019";"6";"16";"7";"10";"3995";"261.";"4.3";"15.7";"92.";"8.";"237.13";"0.00";"237.13"
"2019";"6";"16";"7";"11";"3996";"265.";"4.2";"15.1";"93.";"8.";"133.01";"0.00";"133.01"
"2019";"6";"16";"7";"12";"3997";"274.";"4.3";"15.9";"87.";"8.";"261.35";"0.00";"261.35"
"2019";"6";"16";"7";"13";"3998";"288.";"3.9";"17.6";"69.";"7.";"339.39";"112.59";"250.68"
"2019";"6";"16";"7";"14";"3999";"284.";"4.2";"18.9";"60.";"3.";"579.72";"558.13";"175.74"
"2019";"6";"16";"7";"15";"4000";"278.";"3.2";"19.1";"57.";"0.";"637.09";"846.79";"100.96"
"2019";"6";"16";"7";"16";"4001";"267.";"2.2";"18.9";"55.";"6.";"372.09";"199.54";"267.92"
"2019";"6";"16";"7";"17";"4002";"262.";"2.6";"17.9";"60.";"8.";"233.94";"0.00";"233.94"
"2019";"6";"16";"7";"18";"4003";"261.";"2.0";"17.2";"66.";"8.";"132.69";"0.00";"132.69"
"2019";"6";"16";"7";"19";"4004";"270.";"1.1";"16.5";"70.";"7.";"37.94";"32.05";"33.25"
"2019";"6";"16";"7";"20";"4005";"309.";"1.7";"15.6";"75.";"8.";"0.00";"0.00";"0.00"
"2019";"6";"16";"7";"21";"4006";"309.";"2.5";"14.0";"84.";"3.";"0.00";"0.00";"0.00"
"2019";"6";"16";"7";"22";"4007";"308.";"2.2";"13.4";"88.";"6.";"0.00";"0.00";"0.00"
"2019";"6";"16";"7";"23";"4008";"296.";"1.9";"12.8";"91.";"0.";"0.00";"0.00";"0.00"
"2019";"6";"17";"1";"0";"4009";"275.";"1.7";"12.9";"92.";"7.";"0.00";"0.00";"0.00"
"2019";"6";"17";"1";"1";"4010";"260.";"1.6";"12.6";"91.";"5.";"0.00";"0.00";"0.00"
"2019";"6";"17";"1";"2";"4011";"233.";"1.3";"11.6";"91.";"2.";"0.00";"0.00";"0.00"
"2019";"6";"17";"1";"3";"4012";"244.";"1.8";"11.5";"90.";"6.";"0.00";"0.00";"0.00"
"2019";"6";"17";"1";"4";"4013";"234.";"2.1";"12.7";"88.";"1.";"51.01";"208.31";"20.43"
"2019";"6";"17";"1";"5";"4014";"244.";"3.0";"14.6";"82.";"0.";"190.98";"520.75";"50.06"
"2019";"6";"17";"1";"6";"4015";"239.";"3.3";"15.6";"73.";"1.";"317.17";"554.83";"95.91"
"2019";"6";"17";"1";"7";"4016";"229.";"3.6";"16.4";"67.";"1.";"460.55";"659.10";"116.10"
"2019";"6";"17";"1";"8";"4017";"222.";"3.7";"17.2";"62.";"0.";"631.63";"800.25";"124.58"
"2019";"6";"17";"1";"9";"4018";"221.";"4.1";"17.7";"60.";"0.";"772.67";"922.35";"104.65"
"2019";"6";"17";"1";"10";"4019";"221.";"4.4";"17.9";"62.";"0.";"823.56";"873.19";"135.18"
"2019";"6";"17";"1";"11";"4020";"227.";"5.2";"18.5";"66.";"0.";"863.74";"896.61";"127.15"
"2019";"6";"17";"1";"12";"4021";"211.";"4.5";"18.8";"68.";"1.";"799.19";"780.95";"157.62"
"2019";"6";"17";"1";"13";"4022";"203.";"4.7";"19.6";"65.";"0.";"810.25";"831.15";"155.01"
"2019";"6";"17";"1";"14";"4023";"199.";"4.6";"19.8";"65.";"5.";"443.12";"314.87";"215.07"
"2019";"6";"17";"1";"15";"4024";"204.";"4.6";"19.3";"69.";"8.";"192.54";"0.00";"192.54"
"2019";"6";"17";"1";"16";"4025";"207.";"4.4";"19.2";"72.";"2.";"412.70";"548.66";"125.96"
"2019";"6";"17";"1";"17";"4026";"219.";"4.2";"19.4";"71.";"7.";"137.83";"81.41";"105.36"
"2019";"6";"17";"1";"18";"4027";"232.";"3.5";"18.8";"70.";"7.";"76.42";"64.34";"59.01"
"2019";"6";"17";"1";"19";"4028";"233.";"2.5";"18.0";"72.";"7.";"19.57";"26.78";"15.64"
"2019";"6";"17";"1";"20";"4029";"223.";"2.1";"17.2";"76.";"8.";"0.00";"0.00";"0.00"
"2019";"6";"17";"1";"21";"4030";"215.";"1.6";"16.9";"79.";"8.";"0.00";"0.00";"0.00"
"2019";"6";"17";"1";"22";"4031";"198.";"1.6";"16.1";"84.";"8.";"0.00";"0.00";"0.00"
"2019";"6";"17";"1";"23";"4032";"206.";"1.5";"14.8";"87.";"2.";"0.00";"0.00";"0.00"
"2019";"6";"18";"2";"0";"4033";"167.";"1.4";"14.2";"90.";"2.";"0.00";"0.00";"0.00"
"2019";"6";"18";"2";"1";"4034";"178.";"1.6";"13.9";"90.";"4.";"0.00";"0.00";"0.00"
"2019";"6";"18";"2";"2";"4035";"174.";"1.9";"13.9";"89.";"5.";"0.00";"0.00";"0.00"
"2019";"6";"18";"2";"3";"4036";"162.";"2.8";"14.9";"88.";"6.";"0.00";"0.00";"0.00"
"2019";"6";"18";"2";"4";"4037";"154.";"3.4";"15.4";"87.";"6.";"35.21";"50.70";"27.74"
"2019";"6";"18";"2";"5";"4038";"163.";"4.8";"17.1";"81.";"8.";"113.14";"0.00";"113.14"
"2019";"6";"18";"2";"6";"4039";"167.";"5.9";"18.2";"76.";"7.";"226.68";"82.88";"193.59"
"2019";"6";"18";"2";"7";"4040";"169.";"6.7";"19.3";"70.";"8.";"147.55";"0.00";"147.55"
"2019";"6";"18";"2";"8";"4041";"182.";"6.8";"18.8";"69.";"8.";"192.93";"0.00";"192.93"
"2019";"6";"18";"2";"9";"4042";"178.";"5.9";"19.8";"69.";"8.";"287.64";"0.00";"287.64"
"2019";"6";"18";"2";"10";"4043";"187.";"6.0";"20.7";"65.";"6.";"586.28";"211.12";"419.76"
"2019";"6";"18";"2";"11";"4044";"189.";"5.8";"21.2";"62.";"7.";"347.81";"103.12";"263.06"
"2019";"6";"18";"2";"12";"4045";"193.";"5.6";"22.2";"58.";"5.";"654.81";"311.18";"399.05"
"2019";"6";"18";"2";"13";"4046";"200.";"5.6";"22.5";"59.";"7.";"545.94";"107.04";"461.52"
"2019";"6";"18";"2";"14";"4047";"190.";"5.4";"22.0";"60.";"8.";"484.59";"0.00";"484.59"
"2019";"6";"18";"2";"15";"4048";"205.";"5.8";"20.7";"65.";"8.";"416.07";"0.00";"416.07"
"2019";"6";"18";"2";"16";"4049";"224.";"4.9";"20.1";"70.";"6.";"353.48";"185.95";"256.22"
"2019";"6";"18";"2";"17";"4050";"194.";"2.1";"19.6";"76.";"7.";"134.58";"75.82";"104.31"
"2019";"6";"18";"2";"18";"4051";"179.";"1.3";"19.1";"80.";"7.";"72.40";"59.12";"56.37"
"2019";"6";"18";"2";"19";"4052";"153.";"2.1";"19.0";"78.";"6.";"28.29";"43.92";"21.82"
"2019";"6";"18";"2";"20";"4053";"155.";"1.2";"18.5";"80.";"6.";"0.00";"0.00";"0.00"
"2019";"6";"18";"2";"21";"4054";"197.";"0.9";"17.7";"82.";"6.";"0.00";"0.00";"0.00"
"2019";"6";"18";"2";"22";"4055";"167.";"1.3";"17.3";"86.";"8.";"0.00";"0.00";"0.00"
"2019";"6";"18";"2";"23";"4056";"195.";"1.0";"16.4";"90.";"8.";"0.00";"0.00";"0.00"
"2019";"6";"19";"3";"0";"4057";"251.";"0.5";"15.9";"93.";"8.";"0.00";"0.00";"0.00"
"2019";"6";"19";"3";"1";"4058";"330.";"0.5";"15.6";"93.";"8.";"0.00";"0.00";"0.00"
"2019";"6";"19";"3";"2";"4059";"32.";"0.6";"14.8";"93.";"5.";"0.00";"0.00";"0.00"
"2019";"6";"19";"3";"3";"4060";"87.";"0.5";"14.9";"92.";"8.";"0.00";"0.00";"0.00"
"2019";"6";"19";"3";"4";"4061";"46.";"0.2";"15.9";"91.";"8.";"11.98";"0.00";"11.98"
"2019";"6";"19";"3";"5";"4062";"93.";"0.6";"16.8";"90.";"8.";"50.46";"0.00";"50.46"
"2019";"6";"19";"3";"6";"4063";"15.";"0.2";"18.1";"86.";"8.";"95.15";"0.00";"95.15"
"2019";"6";"19";"3";"7";"4064";"78.";"0.1";"19.4";"80.";"6.";"234.81";"151.09";"155.73"
"2019";"6";"19";"3";"8";"4065";"165.";"0.4";"21.5";"71.";"5.";"482.93";"270.47";"311.36"
"2019";"6";"19";"3";"9";"4066";"221.";"1.2";"22.1";"67.";"3.";"616.65";"423.04";"309.96"
"2019";"6";"19";"3";"10";"4067";"236.";"2.2";"22.6";"66.";"3.";"707.90";"517.82";"299.33"
"2019";"6";"19";"3";"11";"4068";"213.";"1.6";"23.8";"61.";"1.";"810.19";"732.11";"208.26"
"2019";"6";"19";"3";"12";"4069";"239.";"2.2";"24.0";"54.";"1.";"814.53";"731.42";"213.17"
"2019";"6";"19";"3";"13";"4070";"226.";"2.2";"24.4";"53.";"1.";"772.48";"728.35";"197.79"
"2019";"6";"19";"3";"14";"4071";"219.";"2.8";"25.1";"52.";"5.";"593.63";"337.23";"349.16"
"2019";"6";"19";"3";"15";"4072";"188.";"3.4";"24.9";"51.";"2.";"571.74";"589.09";"198.05"
"2019";"6";"19";"3";"16";"4073";"185.";"3.1";"25.3";"52.";"3.";"423.98";"488.35";"168.37"
"2019";"6";"19";"3";"17";"4074";"176.";"4.1";"24.5";"52.";"4.";"276.25";"329.62";"144.51"
"2019";"6";"19";"3";"18";"4075";"175.";"4.8";"23.9";"48.";"3.";"172.55";"342.95";"79.42"
"2019";"6";"19";"3";"19";"4076";"162.";"4.3";"23.4";"51.";"8.";"33.60";"0.00";"33.60"
"2019";"6";"19";"3";"20";"4077";"159.";"3.9";"22.5";"55.";"7.";"0.00";"0.00";"0.00"
"2019";"6";"19";"3";"21";"4078";"140.";"4.8";"21.7";"58.";"7.";"0.00";"0.00";"0.00"
"2019";"6";"19";"3";"22";"4079";"176.";"6.3";"21.5";"66.";"7.";"0.00";"0.00";"0.00"
"2019";"6";"19";"3";"23";"4080";"167.";"5.0";"21.3";"65.";"8.";"0.00";"0.00";"0.00"
"2019";"6";"20";"4";"0";"4081";"164.";"3.4";"20.1";"77.";"5.";"0.00";"0.00";"0.00"
"2019";"6";"20";"4";"1";"4082";"164.";"3.6";"19.1";"80.";"8.";"0.00";"0.00";"0.00"
"2019";"6";"20";"4";"2";"4083";"157.";"2.5";"18.5";"83.";"7.";"0.00";"0.00";"0.00"
"2019";"6";"20";"4";"3";"4084";"162.";"3.8";"18.3";"82.";"6.";"0.00";"0.00";"0.00"
"2019";"6";"20";"4";"4";"4085";"162.";"3.7";"18.6";"81.";"5.";"29.92";"62.82";"20.61"
"2019";"6";"20";"4";"5";"4086";"176.";"3.4";"19.4";"78.";"7.";"72.65";"58.56";"56.73"
"2019";"6";"20";"4";"6";"4087";"189.";"3.2";"20.0";"74.";"6.";"168.87";"160.92";"104.51"
"2019";"6";"20";"4";"7";"4088";"214.";"3.8";"18.9";"81.";"8.";"297.78";"0.00";"297.78"
"2019";"6";"20";"4";"8";"4089";"212.";"3.8";"17.9";"89.";"6.";"295.11";"101.48";"230.71"
"2019";"6";"20";"4";"9";"4090";"194.";"3.1";"18.2";"92.";"8.";"120.58";"0.00";"120.58"
"2019";"6";"20";"4";"10";"4091";"217.";"3.5";"19.2";"82.";"8.";"494.19";"0.00";"494.19"
"2019";"6";"20";"4";"11";"4092";"217.";"4.3";"19.3";"79.";"8.";"513.86";"0.00";"513.86"
"2019";"6";"20";"4";"12";"4093";"220.";"4.2";"20.0";"80.";"7.";"557.19";"97.39";"477.09"
"2019";"6";"20";"4";"13";"4094";"211.";"4.3";"18.6";"83.";"8.";"235.12";"0.00";"235.12"
"2019";"6";"20";"4";"14";"4095";"214.";"4.2";"18.2";"81.";"8.";"210.24";"0.00";"210.24"
"2019";"6";"20";"4";"15";"4096";"206.";"3.7";"18.7";"81.";"8.";"182.58";"0.00";"182.58"
"2019";"6";"20";"4";"16";"4097";"287.";"3.2";"17.5";"86.";"7.";"115.42";"34.78";"97.20"
"2019";"6";"20";"4";"17";"4098";"284.";"4.2";"16.2";"88.";"8.";"59.36";"0.00";"59.36"
"2019";"6";"20";"4";"18";"4099";"280.";"4.4";"15.6";"88.";"8.";"53.26";"0.00";"53.26"
"2019";"6";"20";"4";"19";"4100";"283.";"4.3";"15.2";"87.";"4.";"33.21";"105.53";"17.58"
"2019";"6";"20";"4";"20";"4101";"280.";"5.0";"14.6";"84.";"8.";"0.00";"0.00";"0.00"
"2019";"6";"20";"4";"21";"4102";"269.";"4.5";"14.2";"79.";"7.";"0.00";"0.00";"0.00"
"2019";"6";"20";"4";"22";"4103";"260.";"3.8";"14.1";"80.";"8.";"0.00";"0.00";"0.00"
"2019";"6";"20";"4";"23";"4104";"258.";"3.6";"14.1";"81.";"7.";"0.00";"0.00";"0.00"
"2019";"6";"21";"5";"0";"4105";"264.";"3.6";"14.0";"80.";"8.";"0.00";"0.00";"0.00"
"2019";"6";"21";"5";"1";"4106";"265.";"4.2";"13.9";"82.";"6.";"0.00";"0.00";"0.00"
"2019";"6";"21";"5";"2";"4107";"264.";"3.6";"13.9";"82.";"7.";"0.00";"0.00";"0.00"
"2019";"6";"21";"5";"3";"4108";"254.";"3.5";"13.9";"83.";"4.";"0.00";"0.00";"0.00"
"2019";"6";"21";"5";"4";"4109";"254.";"3.6";"14.4";"81.";"6.";"29.10";"65.29";"19.41"
"2019";"6";"21";"5";"5";"4110";"253.";"3.8";"14.8";"78.";"6.";"99.23";"134.77";"62.56"
"2019";"6";"21";"5";"6";"4111";"254.";"4.5";"15.3";"74.";"7.";"144.55";"89.99";"108.55"
"2019";"6";"21";"5";"7";"4112";"249.";"4.7";"15.3";"71.";"7.";"206.62";"99.18";"154.66"
"2019";"6";"21";"5";"8";"4113";"251.";"4.6";"16.0";"64.";"6.";"323.21";"202.31";"194.78"
"2019";"6";"21";"5";"9";"4114";"249.";"4.3";"16.7";"58.";"3.";"581.73";"545.46";"186.07"
"2019";"6";"21";"5";"10";"4115";"240.";"3.6";"17.1";"55.";"3.";"723.90";"564.47";"278.30"
"2019";"6";"21";"5";"11";"4116";"237.";"3.9";"17.3";"50.";"1.";"811.12";"783.30";"166.81"
"2019";"6";"21";"5";"12";"4117";"228.";"3.9";"18.1";"48.";"2.";"753.38";"712.45";"167.34"
"2019";"6";"21";"5";"13";"4118";"216.";"4.0";"17.6";"54.";"6.";"426.01";"230.16";"244.32"
"2019";"6";"21";"5";"14";"4119";"240.";"4.9";"15.9";"65.";"8.";"231.89";"0.00";"231.89"
"2019";"6";"21";"5";"15";"4120";"241.";"3.5";"13.7";"80.";"6.";"229.61";"148.44";"135.38"
"2019";"6";"21";"5";"16";"4121";"262.";"3.6";"14.7";"73.";"6.";"373.95";"206.13";"265.97"
"2019";"6";"21";"5";"17";"4122";"241.";"2.9";"13.6";"77.";"7.";"145.86";"90.96";"109.47"
"2019";"6";"21";"5";"18";"4123";"271.";"2.7";"13.0";"80.";"8.";"36.80";"0.00";"36.80"
"2019";"6";"21";"5";"19";"4124";"277.";"3.7";"13.2";"75.";"2.";"59.28";"222.43";"26.28"
"2019";"6";"21";"5";"20";"4125";"266.";"4.7";"13.2";"76.";"5.";"0.00";"0.00";"0.00"
"2019";"6";"21";"5";"21";"4126";"259.";"5.5";"13.1";"72.";"2.";"0.00";"0.00";"0.00"
"2019";"6";"21";"5";"22";"4127";"260.";"6.0";"13.2";"75.";"6.";"0.00";"0.00";"0.00"
"2019";"6";"21";"5";"23";"4128";"266.";"6.4";"13.0";"74.";"2.";"0.00";"0.00";"0.00"
"2019";"6";"22";"6";"0";"4129";"268.";"6.4";"13.0";"73.";"6.";"0.00";"0.00";"0.00"
"2019";"6";"22";"6";"1";"4130";"270.";"6.0";"12.9";"75.";"6.";"0.00";"0.00";"0.00"
"2019";"6";"22";"6";"2";"4131";"273.";"6.5";"12.9";"73.";"1.";"0.00";"0.00";"0.00"
"2019";"6";"22";"6";"3";"4132";"277.";"6.0";"12.8";"73.";"2.";"0.00";"0.00";"0.00"
"2019";"6";"22";"6";"4";"4133";"279.";"6.0";"13.2";"71.";"3.";"50.11";"173.80";"24.31"
"2019";"6";"22";"6";"5";"4134";"282.";"6.4";"13.6";"69.";"3.";"157.42";"352.17";"61.56"
"2019";"6";"22";"6";"6";"4135";"280.";"6.9";"14.3";"65.";"5.";"214.95";"267.46";"107.89"
"2019";"6";"22";"6";"7";"4136";"284.";"6.4";"14.7";"63.";"4.";"348.43";"388.76";"144.72"
"2019";"6";"22";"6";"8";"4137";"279.";"5.6";"15.1";"59.";"5.";"389.62";"325.71";"182.83"
"2019";"6";"22";"6";"9";"4138";"276.";"5.7";"15.2";"57.";"4.";"517.65";"422.52";"211.12"
"2019";"6";"22";"6";"10";"4139";"276.";"5.5";"16.1";"57.";"4.";"569.68";"428.09";"231.70"
"2019";"6";"22";"6";"11";"4140";"271.";"5.5";"16.4";"55.";"3.";"673.26";"552.79";"218.50"
"2019";"6";"22";"6";"12";"4141";"272.";"5.4";"16.5";"55.";"3.";"670.71";"542.77";"224.20"
"2019";"6";"22";"6";"13";"4142";"273.";"5.3";"16.8";"57.";"2.";"701.09";"632.80";"201.50"
"2019";"6";"22";"6";"14";"4143";"273.";"5.3";"16.9";"56.";"3.";"577.51";"523.91";"197.43"
"2019";"6";"22";"6";"15";"4144";"275.";"4.9";"16.4";"58.";"3.";"493.60";"512.36";"168.30"
"2019";"6";"22";"6";"16";"4145";"276.";"5.3";"16.5";"58.";"3.";"391.77";"498.55";"130.54"
"2019";"6";"22";"6";"17";"4146";"278.";"4.9";"16.3";"58.";"3.";"273.96";"430.75";"101.55"
"2019";"6";"22";"6";"18";"4147";"280.";"4.7";"15.6";"58.";"3.";"159.08";"359.90";"61.12"
"2019";"6";"22";"6";"19";"4148";"277.";"3.8";"14.5";"62.";"1.";"64.56";"277.95";"23.29"
"2019";"6";"22";"6";"20";"4149";"272.";"3.2";"13.5";"69.";"0.";"0.00";"0.00";"0.00"
"2019";"6";"22";"6";"21";"4150";"274.";"2.6";"12.8";"73.";"8.";"0.00";"0.00";"0.00"
"2019";"6";"22";"6";"22";"4151";"271.";"2.7";"12.5";"77.";"8.";"0.00";"0.00";"0.00"
"2019";"6";"22";"6";"23";"4152";"266.";"2.5";"12.2";"82.";"6.";"0.00";"0.00";"0.00"
"2019";"6";"23";"7";"0";"4153";"267.";"2.0";"11.9";"84.";"5.";"0.00";"0.00";"0.00"
"2019";"6";"23";"7";"1";"4154";"265.";"2.1";"11.8";"85.";"6.";"0.00";"0.00";"0.00"
"2019";"6";"23";"7";"2";"4155";"263.";"1.8";"11.4";"87.";"7.";"0.00";"0.00";"0.00"
"2019";"6";"23";"7";"3";"4156";"259.";"1.6";"11.4";"88.";"2.";"0.00";"0.00";"0.00"
"2019";"6";"23";"7";"4";"4157";"257.";"1.1";"12.3";"85.";"3.";"46.87";"176.28";"20.69"
"2019";"6";"23";"7";"5";"4158";"282.";"1.9";"14.3";"77.";"1.";"183.07";"480.01";"52.40"
"2019";"6";"23";"7";"6";"4159";"299.";"2.2";"15.5";"70.";"6.";"179.11";"177.07";"108.23"
"2019";"6";"23";"7";"7";"4160";"294.";"2.6";"16.7";"63.";"7.";"206.04";"97.04";"155.20"
"2019";"6";"23";"7";"8";"4161";"288.";"3.0";"17.2";"59.";"4.";"526.48";"426.28";"255.83"
"2019";"6";"23";"7";"9";"4162";"291.";"3.1";"17.7";"54.";"5.";"581.36";"326.66";"344.37"
"2019";"6";"23";"7";"10";"4163";"293.";"3.0";"18.0";"49.";"2.";"761.52";"672.08";"230.90"
"2019";"6";"23";"7";"11";"4164";"293.";"3.4";"19.1";"46.";"1.";"843.16";"800.56";"184.57"
"2019";"6";"23";"7";"12";"4165";"293.";"3.4";"19.1";"43.";"7.";"623.70";"112.66";"531.02"
"2019";"6";"23";"7";"13";"4166";"292.";"3.4";"18.6";"43.";"8.";"534.98";"0.00";"534.98"
"2019";"6";"23";"7";"14";"4167";"293.";"3.2";"19.2";"42.";"7.";"539.70";"110.13";"459.80"
"2019";"6";"23";"7";"15";"4168";"294.";"3.1";"19.0";"42.";"5.";"533.31";"336.01";"319.97"
"2019";"6";"23";"7";"16";"4169";"297.";"2.8";"18.8";"39.";"5.";"398.73";"307.72";"237.48"
"2019";"6";"23";"7";"17";"4170";"300.";"2.2";"18.4";"39.";"7.";"252.20";"94.66";"214.31"
"2019";"6";"23";"7";"18";"4171";"296.";"1.9";"18.1";"39.";"5.";"165.68";"228.65";"103.43"
"2019";"6";"23";"7";"19";"4172";"303.";"1.9";"16.4";"45.";"6.";"58.23";"87.81";"45.18"
"2019";"6";"23";"7";"20";"4173";"312.";"1.6";"14.3";"57.";"7.";"0.00";"0.00";"0.00"
"2019";"6";"23";"7";"21";"4174";"319.";"0.9";"13.0";"68.";"8.";"0.00";"0.00";"0.00"
"2019";"6";"23";"7";"22";"4175";"325.";"1.2";"11.7";"75.";"7.";"0.00";"0.00";"0.00"
"2019";"6";"23";"7";"23";"4176";"2.";"1.0";"10.2";"81.";"7.";"0.00";"0.00";"0.00"
"2019";"6";"24";"1";"0";"4177";"47.";"1.0";"10.2";"84.";"2.";"0.00";"0.00";"0.00"
"2019";"6";"24";"1";"1";"4178";"69.";"1.0";"9.4";"86.";"8.";"0.00";"0.00";"0.00"
"2019";"6";"24";"1";"2";"4179";"72.";"0.8";"8.9";"86.";"8.";"0.00";"0.00";"0.00"
"2019";"6";"24";"1";"3";"4180";"66.";"1.1";"9.2";"86.";"8.";"0.00";"0.00";"0.00"
"2019";"6";"24";"1";"4";"4181";"70.";"1.3";"9.5";"84.";"6.";"35.96";"80.65";"23.99"
"2019";"6";"24";"1";"5";"4182";"77.";"1.4";"12.1";"76.";"5.";"160.87";"213.11";"102.87"
"2019";"6";"24";"1";"6";"4183";"73.";"1.6";"15.0";"66.";"8.";"237.84";"0.00";"237.84"
"2019";"6";"24";"1";"7";"4184";"90.";"1.4";"17.0";"54.";"5.";"407.12";"303.67";"248.02"
"2019";"6";"24";"1";"8";"4185";"99.";"1.3";"18.4";"48.";"5.";"517.06";"324.54";"311.02"
"2019";"6";"24";"1";"9";"4186";"96.";"1.6";"19.6";"44.";"8.";"506.95";"0.00";"506.95"
"2019";"6";"24";"1";"10";"4187";"94.";"0.6";"20.9";"41.";"5.";"668.90";"341.75";"399.10"
"2019";"6";"24";"1";"11";"4188";"43.";"0.5";"22.4";"39.";"1.";"834.60";"766.26";"204.26"
"2019";"6";"24";"1";"12";"4189";"15.";"0.8";"23.3";"37.";"1.";"834.76";"767.37";"203.51"
"2019";"6";"24";"1";"13";"4190";"39.";"1.6";"23.9";"37.";"3.";"736.45";"569.77";"286.63"
"2019";"6";"24";"1";"14";"4191";"8.";"1.3";"23.8";"37.";"4.";"627.77";"418.02";"324.53"
"2019";"6";"24";"1";"15";"4192";"272.";"2.3";"23.7";"38.";"8.";"426.89";"0.00";"426.89"
"2019";"6";"24";"1";"16";"4193";"282.";"2.0";"23.2";"40.";"8.";"311.58";"0.00";"311.58"
"2019";"6";"24";"1";"17";"4194";"290.";"2.5";"22.8";"41.";"8.";"236.01";"0.00";"236.01"
"2019";"6";"24";"1";"18";"4195";"300.";"1.5";"22.3";"43.";"4.";"168.95";"281.56";"92.32"
"2019";"6";"24";"1";"19";"4196";"287.";"1.5";"20.7";"49.";"5.";"49.70";"106.40";"33.91"
"2019";"6";"24";"1";"20";"4197";"359.";"0.4";"17.9";"59.";"5.";"0.00";"0.00";"0.00"
"2019";"6";"24";"1";"21";"4198";"64.";"0.9";"15.5";"68.";"8.";"0.00";"0.00";"0.00"
"2019";"6";"24";"1";"22";"4199";"87.";"1.2";"15.7";"71.";"8.";"0.00";"0.00";"0.00"
"2019";"6";"24";"1";"23";"4200";"105.";"1.4";"14.7";"71.";"6.";"0.00";"0.00";"0.00"
"2019";"6";"25";"2";"0";"4201";"135.";"2.4";"16.0";"62.";"8.";"0.00";"0.00";"0.00"
"2019";"6";"25";"2";"1";"4202";"137.";"3.0";"15.8";"59.";"8.";"0.00";"0.00";"0.00"
"2019";"6";"25";"2";"2";"4203";"129.";"3.0";"14.6";"57.";"8.";"0.00";"0.00";"0.00"
"2019";"6";"25";"2";"3";"4204";"123.";"3.2";"14.3";"60.";"4.";"0.00";"0.00";"0.00"
"2019";"6";"25";"2";"4";"4205";"128.";"3.3";"15.2";"58.";"6.";"53.00";"80.04";"41.13"
"2019";"6";"25";"2";"5";"4206";"124.";"4.0";"16.7";"54.";"7.";"146.30";"72.16";"126.68"
"2019";"6";"25";"2";"6";"4207";"129.";"3.5";"18.1";"53.";"7.";"252.78";"88.56";"217.35"
"2019";"6";"25";"2";"7";"4208";"129.";"3.4";"19.3";"51.";"8.";"336.30";"0.00";"336.30"
"2019";"6";"25";"2";"8";"4209";"134.";"3.2";"21.1";"49.";"8.";"420.42";"0.00";"420.42"
"2019";"6";"25";"2";"9";"4210";"140.";"3.1";"22.8";"46.";"8.";"496.82";"0.00";"496.82"
"2019";"6";"25";"2";"10";"4211";"154.";"2.5";"23.8";"43.";"6.";"626.06";"225.34";"448.19"
"2019";"6";"25";"2";"11";"4212";"176.";"2.3";"24.3";"43.";"7.";"614.62";"110.85";"523.44"
"2019";"6";"25";"2";"12";"4213";"196.";"2.7";"23.8";"47.";"8.";"576.37";"0.00";"576.37"
"2019";"6";"25";"2";"13";"4214";"204.";"3.0";"25.2";"46.";"7.";"578.94";"106.35";"495.00"
"2019";"6";"25";"2";"14";"4215";"195.";"2.2";"25.7";"42.";"6.";"565.41";"223.69";"403.16"
"2019";"6";"25";"2";"15";"4216";"197.";"2.4";"25.6";"43.";"4.";"529.52";"410.38";"269.04"
"2019";"6";"25";"2";"16";"4217";"225.";"2.5";"24.6";"52.";"7.";"349.12";"98.06";"297.76"
"2019";"6";"25";"2";"17";"4218";"218.";"1.3";"24.1";"56.";"8.";"224.73";"0.00";"224.73"
"2019";"6";"25";"2";"18";"4219";"206.";"0.6";"23.1";"60.";"7.";"128.41";"62.65";"111.37"
"2019";"6";"25";"2";"19";"4220";"135.";"1.0";"22.8";"61.";"7.";"28.95";"23.64";"25.44"
"2019";"6";"25";"2";"20";"4221";"126.";"0.5";"21.6";"64.";"8.";"0.00";"0.00";"0.00"
"2019";"6";"25";"2";"21";"4222";"89.";"1.4";"20.9";"66.";"8.";"0.00";"0.00";"0.00"
"2019";"6";"25";"2";"22";"4223";"111.";"1.4";"19.7";"70.";"7.";"0.00";"0.00";"0.00"
"2019";"6";"25";"2";"23";"4224";"117.";"1.6";"19.5";"74.";"8.";"0.00";"0.00";"0.00"
"2019";"6";"26";"3";"0";"4225";"121.";"1.4";"18.5";"77.";"8.";"0.00";"0.00";"0.00"
"2019";"6";"26";"3";"1";"4226";"129.";"1.2";"18.0";"81.";"8.";"0.00";"0.00";"0.00"
"2019";"6";"26";"3";"2";"4227";"94.";"1.5";"17.5";"83.";"4.";"0.00";"0.00";"0.00"
"2019";"6";"26";"3";"3";"4228";"99.";"2.1";"17.0";"84.";"4.";"0.00";"0.00";"0.00"
"2019";"6";"26";"3";"4";"4229";"92.";"1.6";"17.8";"83.";"6.";"29.37";"44.68";"22.76"
"2019";"6";"26";"3";"5";"4230";"74.";"1.5";"18.9";"78.";"7.";"119.44";"58.59";"103.52"
"2019";"6";"26";"3";"6";"4231";"47.";"1.8";"19.9";"71.";"8.";"218.59";"0.00";"218.59"
"2019";"6";"26";"3";"7";"4232";"26.";"1.8";"21.2";"68.";"5.";"370.53";"270.61";"228.85"
"2019";"6";"26";"3";"8";"4233";"355.";"2.4";"22.4";"64.";"7.";"437.67";"97.88";"375.57"
"2019";"6";"26";"3";"9";"4234";"7.";"2.5";"23.0";"64.";"7.";"517.96";"104.93";"441.87"
"2019";"6";"26";"3";"10";"4235";"354.";"1.9";"23.9";"63.";"3.";"689.98";"507.79";"289.26"
"2019";"6";"26";"3";"11";"4236";"323.";"2.9";"24.3";"60.";"3.";"736.00";"550.61";"283.22"
"2019";"6";"26";"3";"12";"4237";"307.";"4.1";"23.7";"63.";"4.";"694.42";"421.53";"347.79"
"2019";"6";"26";"3";"13";"4238";"306.";"4.2";"22.7";"65.";"4.";"654.53";"406.37";"333.84"
"2019";"6";"26";"3";"14";"4239";"299.";"5.8";"22.6";"64.";"5.";"427.37";"277.61";"226.08"
"2019";"6";"26";"3";"15";"4240";"301.";"6.5";"21.1";"68.";"2.";"520.61";"565.45";"161.82"
"2019";"6";"26";"3";"16";"4241";"296.";"6.1";"19.4";"75.";"3.";"367.53";"429.93";"142.43"
"2019";"6";"26";"3";"17";"4242";"298.";"5.6";"17.9";"79.";"3.";"258.79";"407.75";"95.76"
"2019";"6";"26";"3";"18";"4243";"296.";"4.9";"18.5";"78.";"1.";"167.04";"423.81";"51.88"
"2019";"6";"26";"3";"19";"4244";"291.";"3.9";"17.7";"82.";"0.";"40.41";"161.24";"16.55"
"2019";"6";"26";"3";"20";"4245";"281.";"3.3";"17.1";"86.";"1.";"0.00";"0.00";"0.00"
"2019";"6";"26";"3";"21";"4246";"259.";"2.7";"16.8";"88.";"4.";"0.00";"0.00";"0.00"
"2019";"6";"26";"3";"22";"4247";"249.";"2.2";"16.3";"89.";"4.";"0.00";"0.00";"0.00"
"2019";"6";"26";"3";"23";"4248";"245.";"2.3";"15.8";"89.";"4.";"0.00";"0.00";"0.00"
"2019";"6";"27";"4";"0";"4249";"234.";"1.9";"15.3";"90.";"3.";"0.00";"0.00";"0.00"
"2019";"6";"27";"4";"1";"4250";"224.";"0.9";"14.4";"92.";"0.";"0.00";"0.00";"0.00"
"2019";"6";"27";"4";"2";"4251";"245.";"0.9";"13.6";"92.";"8.";"0.00";"0.00";"0.00"
"2019";"6";"27";"4";"3";"4252";"203.";"0.7";"14.0";"92.";"8.";"0.00";"0.00";"0.00"
"2019";"6";"27";"4";"4";"4253";"254.";"1.1";"14.9";"89.";"0.";"45.56";"175.92";"19.59"
"2019";"6";"27";"4";"5";"4254";"47.";"1.1";"16.5";"87.";"6.";"87.90";"97.44";"61.46"
"2019";"6";"27";"4";"6";"4255";"45.";"2.1";"17.9";"80.";"4.";"220.78";"265.70";"114.64"
"2019";"6";"27";"4";"7";"4256";"34.";"2.9";"19.4";"71.";"5.";"285.51";"250.76";"154.30"
"2019";"6";"27";"4";"8";"4257";"41.";"4.7";"20.2";"70.";"5.";"369.41";"288.66";"186.33"
"2019";"6";"27";"4";"9";"4258";"44.";"4.7";"20.5";"68.";"6.";"368.31";"199.52";"223.70"
"2019";"6";"27";"4";"10";"4259";"29.";"4.3";"20.3";"63.";"7.";"334.94";"108.57";"249.29"
"2019";"6";"27";"4";"11";"4260";"19.";"4.1";"21.1";"57.";"6.";"437.29";"221.93";"254.85"
"2019";"6";"27";"4";"12";"4261";"5.";"4.0";"22.4";"50.";"1.";"824.74";"780.86";"182.82"
"2019";"6";"27";"4";"13";"4262";"337.";"4.4";"22.9";"47.";"3.";"722.56";"539.58";"296.89"
"2019";"6";"27";"4";"14";"4263";"327.";"4.9";"22.7";"45.";"2.";"675.63";"625.62";"222.16"
"2019";"6";"27";"4";"15";"4264";"335.";"4.4";"22.9";"42.";"1.";"607.81";"723.31";"149.07"
"2019";"6";"27";"4";"16";"4265";"332.";"4.3";"22.6";"39.";"0.";"505.97";"803.34";"85.61"
"2019";"6";"27";"4";"17";"4266";"327.";"3.9";"21.7";"43.";"0.";"353.62";"711.10";"69.54"
"2019";"6";"27";"4";"18";"4267";"328.";"3.7";"20.2";"47.";"0.";"201.11";"565.57";"47.63"
"2019";"6";"27";"4";"19";"4268";"320.";"3.9";"18.7";"54.";"0.";"62.46";"286.51";"20.17"
"2019";"6";"27";"4";"20";"4269";"312.";"3.4";"17.2";"64.";"0.";"0.00";"0.00";"0.00"
"2019";"6";"27";"4";"21";"4270";"313.";"2.6";"15.8";"72.";"0.";"0.00";"0.00";"0.00"
"2019";"6";"27";"4";"22";"4271";"308.";"2.3";"14.9";"80.";"0.";"0.00";"0.00";"0.00"
"2019";"6";"27";"4";"23";"4272";"314.";"1.5";"13.9";"84.";"0.";"0.00";"0.00";"0.00"
"2019";"6";"28";"5";"0";"4273";"291.";"1.1";"12.7";"88.";"0.";"0.00";"0.00";"0.00"
"2019";"6";"28";"5";"1";"4274";"141.";"0.2";"11.8";"91.";"0.";"0.00";"0.00";"0.00"
"2019";"6";"28";"5";"2";"4275";"182.";"0.4";"11.1";"93.";"0.";"0.00";"0.00";"0.00"
"2019";"6";"28";"5";"3";"4276";"139.";"1.0";"10.7";"92.";"0.";"0.00";"0.00";"0.00"
"2019";"6";"28";"5";"4";"4277";"136.";"1.0";"12.2";"89.";"1.";"52.34";"222.03";"19.68"
"2019";"6";"28";"5";"5";"4278";"159.";"1.4";"15.4";"83.";"0.";"185.29";"486.94";"53.38"
"2019";"6";"28";"5";"6";"4279";"177.";"1.8";"17.9";"72.";"1.";"312.15";"560.98";"88.28"
"2019";"6";"28";"5";"7";"4280";"217.";"2.8";"18.7";"68.";"1.";"456.18";"679.03";"101.14"
"2019";"6";"28";"5";"8";"4281";"222.";"3.6";"19.3";"67.";"0.";"622.23";"801.55";"114.15"
"2019";"6";"28";"5";"9";"4282";"228.";"3.8";"20.1";"66.";"0.";"721.57";"779.38";"156.92"
"2019";"6";"28";"5";"10";"4283";"235.";"3.3";"20.7";"58.";"0.";"814.76";"862.10";"134.93"
"2019";"6";"28";"5";"11";"4284";"260.";"3.3";"20.8";"53.";"0.";"851.46";"836.81";"163.82"
"2019";"6";"28";"5";"12";"4285";"275.";"3.5";"20.7";"54.";"0.";"860.78";"886.46";"132.35"
"2019";"6";"28";"5";"13";"4286";"277.";"4.0";"21.4";"58.";"1.";"745.55";"709.80";"185.83"
"2019";"6";"28";"5";"14";"4287";"284.";"4.0";"21.2";"64.";"1.";"664.99";"665.80";"182.62"
"2019";"6";"28";"5";"15";"4288";"287.";"3.0";"20.9";"61.";"1.";"563.01";"619.69";"170.21"
"2019";"6";"28";"5";"16";"4289";"273.";"2.9";"21.1";"63.";"1.";"455.95";"597.33";"143.63"
"2019";"6";"28";"5";"17";"4290";"264.";"2.9";"21.0";"65.";"0.";"326.50";"586.05";"92.63"
"2019";"6";"28";"5";"18";"4291";"264.";"2.1";"20.3";"67.";"0.";"177.55";"442.95";"57.55"
"2019";"6";"28";"5";"19";"4292";"258.";"2.2";"19.3";"73.";"1.";"38.84";"146.04";"17.35"
"2019";"6";"28";"5";"20";"4293";"244.";"2.0";"18.1";"81.";"0.";"0.00";"0.00";"0.00"
"2019";"6";"28";"5";"21";"4294";"207.";"1.8";"16.6";"88.";"0.";"0.00";"0.00";"0.00"
"2019";"6";"28";"5";"22";"4295";"225.";"2.1";"15.5";"91.";"3.";"0.00";"0.00";"0.00"
"2019";"6";"28";"5";"23";"4296";"224.";"3.0";"14.7";"90.";"4.";"0.00";"0.00";"0.00"
"2019";"6";"29";"6";"0";"4297";"226.";"3.2";"14.9";"90.";"3.";"0.00";"0.00";"0.00"
"2019";"6";"29";"6";"1";"4298";"231.";"3.7";"14.9";"89.";"6.";"0.00";"0.00";"0.00"
"2019";"6";"29";"6";"2";"4299";"234.";"3.5";"15.2";"87.";"7.";"0.00";"0.00";"0.00"
"2019";"6";"29";"6";"3";"4300";"229.";"3.1";"15.1";"88.";"7.";"0.00";"0.00";"0.00"
"2019";"6";"29";"6";"4";"4301";"218.";"3.3";"15.3";"88.";"7.";"17.77";"20.45";"14.78"
"2019";"6";"29";"6";"5";"4302";"218.";"3.5";"15.6";"87.";"7.";"72.42";"51.66";"58.45"
"2019";"6";"29";"6";"6";"4303";"230.";"3.7";"16.4";"85.";"7.";"132.62";"68.61";"105.27"
"2019";"6";"29";"6";"7";"4304";"241.";"4.2";"17.1";"81.";"7.";"192.21";"78.28";"151.32"
"2019";"6";"29";"6";"8";"4305";"250.";"4.2";"18.3";"77.";"6.";"306.09";"174.12";"195.80"
"2019";"6";"29";"6";"9";"4306";"269.";"3.7";"19.0";"73.";"2.";"610.03";"568.68";"198.27"
"2019";"6";"29";"6";"10";"4307";"263.";"4.1";"20.1";"70.";"0.";"795.48";"795.96";"168.13"
"2019";"6";"29";"6";"11";"4308";"264.";"4.4";"20.8";"64.";"0.";"842.82";"831.08";"160.21"
"2019";"6";"29";"6";"12";"4309";"258.";"4.2";"21.2";"62.";"0.";"841.60";"823.82";"164.96"
"2019";"6";"29";"6";"13";"4310";"259.";"4.3";"21.5";"61.";"1.";"778.96";"771.70";"170.73"
"2019";"6";"29";"6";"14";"4311";"250.";"3.9";"21.8";"62.";"3.";"629.85";"495.36";"271.18"
"2019";"6";"29";"6";"15";"4312";"252.";"5.3";"21.4";"63.";"1.";"592.11";"701.01";"148.09"
"2019";"6";"29";"6";"16";"4313";"254.";"4.9";"20.5";"65.";"1.";"449.74";"654.76";"107.71"
"2019";"6";"29";"6";"17";"4314";"259.";"4.9";"20.2";"64.";"1.";"312.13";"576.83";"82.23"
"2019";"6";"29";"6";"18";"4315";"251.";"4.9";"19.6";"65.";"2.";"169.36";"384.96";"65.29"
"2019";"6";"29";"6";"19";"4316";"244.";"4.1";"18.5";"65.";"1.";"47.12";"201.44";"17.60"
"2019";"6";"29";"6";"20";"4317";"245.";"4.1";"17.7";"66.";"0.";"0.00";"0.00";"0.00"
"2019";"6";"29";"6";"21";"4318";"246.";"5.3";"17.5";"68.";"0.";"0.00";"0.00";"0.00"
"2019";"6";"29";"6";"22";"4319";"251.";"4.6";"17.3";"69.";"0.";"0.00";"0.00";"0.00"
"2019";"6";"29";"6";"23";"4320";"249.";"5.0";"16.8";"72.";"0.";"0.00";"0.00";"0.00"
"2019";"6";"30";"7";"0";"4321";"246.";"3.9";"16.3";"74.";"0.";"0.00";"0.00";"0.00"
"2019";"6";"30";"7";"1";"4322";"239.";"3.0";"15.8";"77.";"0.";"0.00";"0.00";"0.00"
"2019";"6";"30";"7";"2";"4323";"232.";"2.8";"15.6";"80.";"0.";"0.00";"0.00";"0.00"
"2019";"6";"30";"7";"3";"4324";"229.";"2.5";"15.2";"83.";"0.";"0.00";"0.00";"0.00"
"2019";"6";"30";"7";"4";"4325";"212.";"2.6";"15.8";"82.";"0.";"46.15";"200.25";"16.95"
"2019";"6";"30";"7";"5";"4326";"206.";"2.7";"17.5";"75.";"0.";"181.96";"480.96";"52.25"
"2019";"6";"30";"7";"6";"4327";"203.";"2.5";"19.2";"66.";"0.";"337.58";"666.60";"72.32"
"2019";"6";"30";"7";"7";"4328";"185.";"2.7";"20.7";"57.";"0.";"488.51";"748.85";"97.75"
"2019";"6";"30";"7";"8";"4329";"187.";"3.5";"22.1";"53.";"0.";"623.46";"805.70";"113.55"
"2019";"6";"30";"7";"9";"4330";"169.";"4.8";"24.1";"52.";"0.";"729.21";"833.24";"126.31"
"2019";"6";"30";"7";"10";"4331";"174.";"6.1";"25.2";"48.";"2.";"738.58";"642.49";"232.49"
"2019";"6";"30";"7";"11";"4332";"179.";"6.8";"25.9";"47.";"2.";"781.63";"642.30";"254.38"
"2019";"6";"30";"7";"12";"4333";"187.";"7.5";"26.5";"46.";"3.";"739.94";"509.36";"321.81"
"2019";"6";"30";"7";"13";"4334";"193.";"7.8";"25.4";"52.";"5.";"613.02";"297.69";"378.53"
"2019";"6";"30";"7";"14";"4335";"213.";"7.2";"25.6";"55.";"5.";"428.60";"289.98";"218.78"
"2019";"6";"30";"7";"15";"4336";"269.";"7.4";"22.0";"70.";"8.";"183.81";"0.00";"183.81"
"2019";"6";"30";"7";"16";"4337";"258.";"7.3";"20.7";"67.";"0.";"460.58";"597.57";"148.76"
"2019";"6";"30";"7";"17";"4338";"260.";"8.4";"19.5";"68.";"0.";"323.20";"552.79";"103.22"
"2019";"6";"30";"7";"18";"4339";"257.";"8.8";"18.0";"74.";"0.";"174.17";"396.35";"67.27"
"2019";"6";"30";"7";"19";"4340";"253.";"8.7";"16.9";"79.";"1.";"39.33";"136.89";"19.37"
"2019";"6";"30";"7";"20";"4341";"252.";"8.7";"16.1";"82.";"4.";"0.00";"0.00";"0.00"
"2019";"6";"30";"7";"21";"4342";"255.";"8.9";"15.8";"82.";"4.";"0.00";"0.00";"0.00"
"2019";"6";"30";"7";"22";"4343";"256.";"9.0";"15.9";"79.";"5.";"0.00";"0.00";"0.00"
"2019";"6";"30";"7";"23";"4344";"260.";"9.0";"15.9";"77.";"8.";"0.00";"0.00";"0.00"
"2019";"7";"1";"1";"0";"4345";"259.";"7.6";"15.8";"79.";"7.";"0.00";"0.00";"0.00"
"2019";"7";"1";"1";"1";"4346";"254.";"7.0";"15.7";"82.";"5.";"0.00";"0.00";"0.00"
"2019";"7";"1";"1";"2";"4347";"251.";"6.5";"15.7";"83.";"4.";"0.00";"0.00";"0.00"
"2019";"7";"1";"1";"3";"4348";"251.";"6.5";"15.6";"83.";"7.";"0.00";"0.00";"0.00"
"2019";"7";"1";"1";"4";"4349";"245.";"7.1";"15.9";"81.";"5.";"29.52";"77.24";"18.32"
"2019";"7";"1";"1";"5";"4350";"246.";"6.9";"16.1";"80.";"7.";"49.63";"38.40";"39.30"
"2019";"7";"1";"1";"6";"4351";"244.";"7.5";"16.6";"74.";"6.";"170.79";"146.91";"112.43"
"2019";"7";"1";"1";"7";"4352";"244.";"8.0";"16.8";"71.";"5.";"290.84";"250.58";"160.24"
"2019";"7";"1";"1";"8";"4353";"243.";"8.7";"17.4";"66.";"6.";"318.51";"192.22";"196.98"
"2019";"7";"1";"1";"9";"4354";"247.";"8.4";"18.4";"61.";"3.";"571.10";"509.72";"202.57"
"2019";"7";"1";"1";"10";"4355";"251.";"7.6";"18.6";"61.";"6.";"414.81";"206.65";"252.15"
"2019";"7";"1";"1";"11";"4356";"251.";"7.5";"18.2";"63.";"7.";"346.29";"96.90";"266.79"
"2019";"7";"1";"1";"12";"4357";"256.";"8.2";"18.5";"59.";"6.";"429.40";"193.71";"270.49"
"2019";"7";"1";"1";"13";"4358";"260.";"8.6";"17.9";"60.";"6.";"409.46";"191.60";"258.65"
"2019";"7";"1";"1";"14";"4359";"261.";"8.9";"17.8";"62.";"7.";"298.60";"93.23";"231.20"
"2019";"7";"1";"1";"15";"4360";"259.";"8.7";"17.0";"66.";"8.";"193.28";"0.00";"193.28"
"2019";"7";"1";"1";"16";"4361";"262.";"8.2";"16.6";"72.";"7.";"201.88";"90.28";"154.83"
"2019";"7";"1";"1";"17";"4362";"261.";"8.5";"16.4";"75.";"7.";"138.35";"74.50";"108.75"
"2019";"7";"1";"1";"18";"4363";"258.";"8.6";"16.2";"76.";"7.";"77.53";"60.24";"61.33"
"2019";"7";"1";"1";"19";"4364";"260.";"8.9";"15.8";"77.";"6.";"26.97";"59.01";"18.41"
"2019";"7";"1";"1";"20";"4365";"262.";"8.4";"15.5";"77.";"6.";"0.00";"0.00";"0.00"
"2019";"7";"1";"1";"21";"4366";"267.";"8.0";"15.3";"78.";"7.";"0.00";"0.00";"0.00"
"2019";"7";"1";"1";"22";"4367";"268.";"7.8";"15.1";"80.";"7.";"0.00";"0.00";"0.00"
"2019";"7";"1";"1";"23";"4368";"268.";"7.9";"14.9";"79.";"7.";"0.00";"0.00";"0.00"
"2019";"7";"2";"2";"0";"4369";"267.";"7.8";"14.5";"78.";"8.";"0.00";"0.00";"0.00"
"2019";"7";"2";"2";"1";"4370";"265.";"7.3";"14.2";"80.";"8.";"0.00";"0.00";"0.00"
"2019";"7";"2";"2";"2";"4371";"265.";"7.3";"13.9";"79.";"8.";"0.00";"0.00";"0.00"
"2019";"7";"2";"2";"3";"4372";"273.";"8.2";"13.8";"72.";"7.";"0.00";"0.00";"0.00"
"2019";"7";"2";"2";"4";"4373";"278.";"8.1";"13.7";"71.";"8.";"19.03";"0.00";"19.03"
"2019";"7";"2";"2";"5";"4374";"281.";"7.9";"13.4";"78.";"7.";"77.33";"52.68";"63.20"
"2019";"7";"2";"2";"6";"4375";"293.";"7.0";"14.0";"74.";"7.";"142.10";"79.34";"110.65"
"2019";"7";"2";"2";"7";"4376";"292.";"7.8";"14.4";"72.";"8.";"153.80";"0.00";"153.80"
"2019";"7";"2";"2";"8";"4377";"308.";"6.0";"14.4";"76.";"6.";"321.53";"200.35";"194.98"
"2019";"7";"2";"2";"9";"4378";"326.";"5.4";"15.0";"67.";"7.";"319.06";"116.05";"235.23"
"2019";"7";"2";"2";"10";"4379";"332.";"4.3";"15.4";"61.";"4.";"575.20";"450.89";"220.56"
"2019";"7";"2";"2";"11";"4380";"324.";"4.8";"15.6";"56.";"6.";"449.65";"236.49";"255.79"
"2019";"7";"2";"2";"12";"4381";"314.";"5.1";"15.8";"51.";"6.";"451.68";"239.37";"255.46"
"2019";"7";"2";"2";"13";"4382";"296.";"5.6";"16.5";"55.";"6.";"420.37";"213.10";"252.76"
"2019";"7";"2";"2";"14";"4383";"282.";"5.3";"16.6";"54.";"3.";"585.62";"556.49";"183.64"
"2019";"7";"2";"2";"15";"4384";"280.";"5.8";"16.6";"50.";"1.";"622.37";"765.32";"139.00"
"2019";"7";"2";"2";"16";"4385";"275.";"6.7";"16.5";"46.";"0.";"511.03";"784.27";"102.87"
"2019";"7";"2";"2";"17";"4386";"274.";"7.2";"16.3";"52.";"0.";"360.12";"719.15";"75.01"
"2019";"7";"2";"2";"18";"4387";"274.";"7.0";"15.6";"58.";"0.";"201.92";"531.17";"59.52"
"2019";"7";"2";"2";"19";"4388";"276.";"6.8";"14.9";"63.";"0.";"64.65";"295.04";"22.13"
"2019";"7";"2";"2";"20";"4389";"280.";"6.5";"14.2";"66.";"0.";"0.00";"0.00";"0.00"
"2019";"7";"2";"2";"21";"4390";"285.";"6.9";"13.9";"67.";"2.";"0.00";"0.00";"0.00"
"2019";"7";"2";"2";"22";"4391";"289.";"6.9";"14.0";"67.";"0.";"0.00";"0.00";"0.00"
"2019";"7";"2";"2";"23";"4392";"291.";"6.1";"13.9";"64.";"0.";"0.00";"0.00";"0.00"
"2019";"7";"3";"3";"0";"4393";"298.";"5.3";"13.7";"63.";"0.";"0.00";"0.00";"0.00"
"2019";"7";"3";"3";"1";"4394";"302.";"5.1";"13.2";"63.";"3.";"0.00";"0.00";"0.00"
"2019";"7";"3";"3";"2";"4395";"300.";"4.8";"12.7";"64.";"5.";"0.00";"0.00";"0.00"
"2019";"7";"3";"3";"3";"4396";"303.";"5.1";"12.7";"64.";"2.";"0.00";"0.00";"0.00"
"2019";"7";"3";"3";"4";"4397";"298.";"5.7";"13.1";"62.";"1.";"64.20";"283.67";"23.60"
"2019";"7";"3";"3";"5";"4398";"297.";"6.2";"13.7";"59.";"3.";"180.93";"372.79";"81.34"
"2019";"7";"3";"3";"6";"4399";"293.";"7.0";"14.0";"57.";"6.";"261.46";"182.05";"189.44"
"2019";"7";"3";"3";"7";"4400";"293.";"6.5";"14.6";"56.";"4.";"416.89";"390.10";"214.19"
"2019";"7";"3";"3";"8";"4401";"290.";"6.5";"14.7";"55.";"7.";"263.43";"101.65";"199.31"
"2019";"7";"3";"3";"9";"4402";"286.";"6.7";"14.1";"55.";"6.";"385.51";"218.63";"227.73"
"2019";"7";"3";"3";"10";"4403";"286.";"6.7";"14.5";"54.";"6.";"418.41";"205.12";"257.21"
"2019";"7";"3";"3";"11";"4404";"288.";"7.0";"15.3";"50.";"5.";"522.90";"322.35";"258.87"
"2019";"7";"3";"3";"12";"4405";"286.";"6.6";"15.1";"48.";"7.";"359.70";"110.39";"269.29"
"2019";"7";"3";"3";"13";"4406";"282.";"6.4";"15.2";"46.";"6.";"427.90";"226.39";"250.00"
"2019";"7";"3";"3";"14";"4407";"282.";"6.1";"16.2";"47.";"7.";"310.68";"107.71";"232.95"
"2019";"7";"3";"3";"15";"4408";"276.";"6.1";"15.7";"47.";"6.";"329.06";"209.31";"197.02"
"2019";"7";"3";"3";"16";"4409";"276.";"6.3";"15.5";"49.";"0.";"507.73";"767.11";"109.13"
"2019";"7";"3";"3";"17";"4410";"279.";"7.2";"15.3";"55.";"2.";"324.49";"510.15";"122.69"
"2019";"7";"3";"3";"18";"4411";"279.";"6.6";"14.9";"58.";"2.";"172.53";"400.76";"65.47"
"2019";"7";"3";"3";"19";"4412";"278.";"6.1";"14.2";"62.";"5.";"39.34";"107.70";"23.93"
"2019";"7";"3";"3";"20";"4413";"280.";"6.2";"13.7";"66.";"6.";"0.00";"0.00";"0.00"
"2019";"7";"3";"3";"21";"4414";"287.";"6.4";"13.6";"63.";"7.";"0.00";"0.00";"0.00"
"2019";"7";"3";"3";"22";"4415";"290.";"6.7";"13.5";"60.";"2.";"0.00";"0.00";"0.00"
"2019";"7";"3";"3";"23";"4416";"290.";"6.3";"13.0";"62.";"0.";"0.00";"0.00";"0.00"
"2019";"7";"4";"4";"0";"4417";"292.";"6.1";"12.6";"62.";"4.";"0.00";"0.00";"0.00"
"2019";"7";"4";"4";"1";"4418";"293.";"6.1";"12.3";"65.";"1.";"0.00";"0.00";"0.00"
"2019";"7";"4";"4";"2";"4419";"293.";"5.6";"12.0";"64.";"1.";"0.00";"0.00";"0.00"
"2019";"7";"4";"4";"3";"4420";"292.";"5.9";"12.2";"64.";"6.";"0.00";"0.00";"0.00"
"2019";"7";"4";"4";"4";"4421";"285.";"6.1";"12.7";"67.";"4.";"45.03";"146.00";"24.29"
"2019";"7";"4";"4";"5";"4422";"275.";"6.9";"13.3";"66.";"2.";"167.99";"366.05";"70.58"
"2019";"7";"4";"4";"6";"4423";"270.";"7.1";"13.1";"66.";"8.";"106.16";"0.00";"106.16"
"2019";"7";"4";"4";"7";"4424";"267.";"7.1";"13.1";"72.";"7.";"205.72";"95.06";"156.41"
"2019";"7";"4";"4";"8";"4425";"257.";"6.0";"13.0";"83.";"7.";"228.05";"52.62";"194.90"
"2019";"7";"4";"4";"9";"4426";"264.";"6.9";"13.4";"86.";"8.";"128.99";"0.00";"128.99"
"2019";"7";"4";"4";"10";"4427";"265.";"8.7";"14.0";"82.";"7.";"214.01";"63.15";"164.43"
"2019";"7";"4";"4";"11";"4428";"266.";"9.7";"14.0";"82.";"8.";"252.55";"0.00";"252.55"
"2019";"7";"4";"4";"12";"4429";"268.";"9.7";"14.1";"82.";"7.";"337.42";"86.66";"266.50"
"2019";"7";"4";"4";"13";"4430";"267.";"10.2";"14.3";"80.";"7.";"326.62";"92.50";"254.00"
"2019";"7";"4";"4";"14";"4431";"268.";"10.0";"14.6";"76.";"7.";"297.87";"93.74";"230.30"
"2019";"7";"4";"4";"15";"4432";"269.";"10.3";"14.5";"78.";"7.";"245.11";"77.14";"196.52"
"2019";"7";"4";"4";"16";"4433";"270.";"9.3";"14.1";"81.";"8.";"144.58";"0.00";"144.58"
"2019";"7";"4";"4";"17";"4434";"270.";"9.0";"13.9";"81.";"7.";"134.96";"66.00";"108.92"
"2019";"7";"4";"4";"18";"4435";"273.";"8.6";"13.9";"80.";"6.";"93.78";"105.66";"65.66"
"2019";"7";"4";"4";"19";"4436";"278.";"8.2";"13.8";"81.";"4.";"35.50";"97.28";"21.69"
"2019";"7";"4";"4";"20";"4437";"281.";"6.8";"13.5";"81.";"4.";"0.00";"0.00";"0.00"
"2019";"7";"4";"4";"21";"4438";"283.";"5.4";"13.1";"81.";"3.";"0.00";"0.00";"0.00"
"2019";"7";"4";"4";"22";"4439";"286.";"3.9";"12.9";"82.";"4.";"0.00";"0.00";"0.00"
"2019";"7";"4";"4";"23";"4440";"344.";"1.3";"12.0";"85.";"5.";"0.00";"0.00";"0.00"
"2019";"7";"5";"5";"0";"4441";"20.";"3.0";"10.6";"78.";"3.";"0.00";"0.00";"0.00"
"2019";"7";"5";"5";"1";"4442";"14.";"2.6";"9.4";"77.";"2.";"0.00";"0.00";"0.00"
"2019";"7";"5";"5";"2";"4443";"349.";"2.1";"8.1";"75.";"0.";"0.00";"0.00";"0.00"
"2019";"7";"5";"5";"3";"4444";"330.";"1.9";"7.0";"79.";"0.";"0.00";"0.00";"0.00"
"2019";"7";"5";"5";"4";"4445";"327.";"1.7";"9.3";"72.";"0.";"72.36";"344.22";"23.89"
"2019";"7";"5";"5";"5";"4446";"328.";"2.6";"11.6";"57.";"0.";"216.55";"620.67";"52.09"
"2019";"7";"5";"5";"6";"4447";"336.";"3.3";"13.3";"50.";"0.";"374.52";"767.40";"72.51"
"2019";"7";"5";"5";"7";"4448";"326.";"3.9";"14.4";"46.";"0.";"518.97";"850.10";"78.85"
"2019";"7";"5";"5";"8";"4449";"312.";"4.9";"15.1";"43.";"0.";"650.52";"858.31";"110.58"
"2019";"7";"5";"5";"9";"4450";"310.";"5.4";"16.3";"42.";"0.";"763.78";"906.42";"111.17"
"2019";"7";"5";"5";"10";"4451";"303.";"6.5";"16.6";"42.";"0.";"840.41";"912.02";"125.14"
"2019";"7";"5";"5";"11";"4452";"300.";"5.9";"16.6";"41.";"0.";"881.51";"918.61";"130.49"
"2019";"7";"5";"5";"12";"4453";"294.";"6.0";"17.0";"39.";"0.";"876.64";"890.47";"148.63"
"2019";"7";"5";"5";"13";"4454";"288.";"5.5";"17.5";"37.";"0.";"841.20";"908.94";"128.34"
"2019";"7";"5";"5";"14";"4455";"286.";"4.7";"17.7";"37.";"0.";"765.21";"910.81";"109.43"
"2019";"7";"5";"5";"15";"4456";"290.";"4.5";"17.8";"35.";"0.";"644.13";"812.50";"133.01"
"2019";"7";"5";"5";"16";"4457";"286.";"4.1";"17.3";"42.";"0.";"511.12";"801.27";"96.28"
"2019";"7";"5";"5";"17";"4458";"284.";"3.2";"16.8";"49.";"0.";"357.11";"713.13";"76.46"
"2019";"7";"5";"5";"18";"4459";"273.";"3.1";"16.0";"53.";"0.";"204.23";"583.09";"49.72"
"2019";"7";"5";"5";"19";"4460";"270.";"3.9";"14.8";"57.";"2.";"56.30";"239.03";"22.65"
"2019";"7";"5";"5";"20";"4461";"260.";"3.3";"13.6";"62.";"7.";"0.00";"0.00";"0.00"
"2019";"7";"5";"5";"21";"4462";"258.";"3.6";"13.0";"68.";"7.";"0.00";"0.00";"0.00"
"2019";"7";"5";"5";"22";"4463";"253.";"3.9";"12.7";"71.";"7.";"0.00";"0.00";"0.00"
"2019";"7";"5";"5";"23";"4464";"251.";"3.3";"12.5";"73.";"6.";"0.00";"0.00";"0.00"
"2019";"7";"6";"6";"0";"4465";"248.";"3.6";"12.5";"73.";"6.";"0.00";"0.00";"0.00"
"2019";"7";"6";"6";"1";"4466";"247.";"3.2";"12.4";"74.";"6.";"0.00";"0.00";"0.00"
"2019";"7";"6";"6";"2";"4467";"251.";"2.8";"12.6";"78.";"8.";"0.00";"0.00";"0.00"
"2019";"7";"6";"6";"3";"4468";"254.";"3.1";"13.1";"79.";"8.";"0.00";"0.00";"0.00"
"2019";"7";"6";"6";"4";"4469";"254.";"3.4";"13.1";"79.";"8.";"9.82";"0.00";"9.82"
"2019";"7";"6";"6";"5";"4470";"243.";"3.4";"13.1";"80.";"7.";"51.06";"41.93";"40.00"
"2019";"7";"6";"6";"6";"4471";"245.";"3.4";"13.0";"80.";"7.";"142.32";"85.50";"108.77"
"2019";"7";"6";"6";"7";"4472";"225.";"3.5";"12.6";"87.";"8.";"144.88";"0.00";"144.88"
"2019";"7";"6";"6";"8";"4473";"220.";"4.0";"13.0";"86.";"7.";"257.15";"98.88";"195.04"
"2019";"7";"6";"6";"9";"4474";"202.";"4.1";"13.6";"86.";"8.";"224.19";"0.00";"224.19"
"2019";"7";"6";"6";"10";"4475";"188.";"4.6";"12.7";"89.";"8.";"137.09";"0.00";"137.09"
"2019";"7";"6";"6";"11";"4476";"159.";"4.0";"12.5";"95.";"8.";"143.31";"0.00";"143.31"
"2019";"7";"6";"6";"12";"4477";"127.";"3.8";"12.3";"93.";"8.";"135.84";"0.00";"135.84"
"2019";"7";"6";"6";"13";"4478";"231.";"2.7";"12.8";"93.";"8.";"135.74";"0.00";"135.74"
"2019";"7";"6";"6";"14";"4479";"283.";"5.3";"13.4";"80.";"7.";"196.32";"66.16";"148.75"
"2019";"7";"6";"6";"15";"4480";"275.";"4.4";"14.2";"72.";"8.";"193.62";"0.00";"193.62"
"2019";"7";"6";"6";"16";"4481";"262.";"3.4";"14.1";"69.";"5.";"299.04";"283.16";"152.74"
"2019";"7";"6";"6";"17";"4482";"280.";"3.3";"13.6";"67.";"4.";"240.23";"332.52";"109.75"
"2019";"7";"6";"6";"18";"4483";"275.";"3.7";"13.4";"68.";"4.";"137.76";"284.75";"62.66"
"2019";"7";"6";"6";"19";"4484";"278.";"2.9";"12.6";"75.";"8.";"18.68";"0.00";"18.68"
"2019";"7";"6";"6";"20";"4485";"277.";"1.9";"11.7";"81.";"5.";"0.00";"0.00";"0.00"
"2019";"7";"6";"6";"21";"4486";"304.";"1.3";"10.8";"83.";"6.";"0.00";"0.00";"0.00"
"2019";"7";"6";"6";"22";"4487";"306.";"1.6";"10.3";"86.";"4.";"0.00";"0.00";"0.00"
"2019";"7";"6";"6";"23";"4488";"346.";"1.7";"9.4";"89.";"5.";"0.00";"0.00";"0.00"
"2019";"7";"7";"7";"0";"4489";"344.";"2.8";"9.2";"91.";"5.";"0.00";"0.00";"0.00"
"2019";"7";"7";"7";"1";"4490";"2.";"1.9";"9.2";"91.";"5.";"0.00";"0.00";"0.00"
"2019";"7";"7";"7";"2";"4491";"317.";"2.0";"9.0";"91.";"8.";"0.00";"0.00";"0.00"
"2019";"7";"7";"7";"3";"4492";"329.";"1.7";"9.1";"93.";"1.";"0.00";"0.00";"0.00"
"2019";"7";"7";"7";"4";"4493";"26.";"1.0";"9.5";"92.";"2.";"50.63";"215.12";"20.93"
"2019";"7";"7";"7";"5";"4494";"23.";"1.7";"11.5";"88.";"3.";"149.18";"345.10";"58.62"
"2019";"7";"7";"7";"6";"4495";"11.";"1.8";"13.1";"84.";"1.";"328.83";"638.65";"79.02"
"2019";"7";"7";"7";"7";"4496";"4.";"2.1";"14.3";"78.";"2.";"426.11";"617.74";"107.66"
"2019";"7";"7";"7";"8";"4497";"10.";"2.1";"15.8";"71.";"7.";"262.38";"110.45";"193.13"
"2019";"7";"7";"7";"9";"4498";"19.";"2.0";"16.8";"65.";"8.";"229.84";"0.00";"229.84"
"2019";"7";"7";"7";"10";"4499";"12.";"1.9";"16.8";"67.";"8.";"147.86";"0.00";"147.86"
"2019";"7";"7";"7";"11";"4500";"314.";"2.5";"15.3";"77.";"8.";"154.03";"0.00";"154.03"
"2019";"7";"7";"7";"12";"4501";"283.";"2.6";"15.5";"84.";"7.";"226.74";"69.35";"170.18"
"2019";"7";"7";"7";"13";"4502";"280.";"3.3";"16.0";"83.";"6.";"289.93";"145.78";"175.87"
"2019";"7";"7";"7";"14";"4503";"286.";"3.3";"16.2";"82.";"7.";"196.18";"69.69";"146.14"
"2019";"7";"7";"7";"15";"4504";"280.";"3.0";"16.4";"81.";"8.";"192.37";"0.00";"192.37"
"2019";"7";"7";"7";"16";"4505";"271.";"3.4";"18.2";"71.";"3.";"379.79";"499.77";"122.15"
"2019";"7";"7";"7";"17";"4506";"288.";"1.8";"17.1";"71.";"6.";"244.39";"166.25";"179.36"
"2019";"7";"7";"7";"18";"4507";"328.";"2.0";"14.4";"74.";"6.";"96.40";"87.53";"73.43"
"2019";"7";"7";"7";"19";"4508";"333.";"2.3";"13.6";"85.";"7.";"12.98";"19.23";"10.33"
"2019";"7";"7";"7";"20";"4509";"285.";"1.9";"13.3";"90.";"8.";"0.00";"0.00";"0.00"
"2019";"7";"7";"7";"21";"4510";"320.";"0.7";"12.8";"91.";"6.";"0.00";"0.00";"0.00"
"2019";"7";"7";"7";"22";"4511";"319.";"0.6";"12.0";"92.";"3.";"0.00";"0.00";"0.00"
"2019";"7";"7";"7";"23";"4512";"353.";"1.3";"11.6";"92.";"5.";"0.00";"0.00";"0.00"
"2019";"7";"8";"1";"0";"4513";"26.";"1.2";"11.7";"93.";"8.";"0.00";"0.00";"0.00"
"2019";"7";"8";"1";"1";"4514";"348.";"0.6";"11.6";"92.";"8.";"0.00";"0.00";"0.00"
"2019";"7";"8";"1";"2";"4515";"312.";"1.0";"11.7";"92.";"5.";"0.00";"0.00";"0.00"
"2019";"7";"8";"1";"3";"4516";"310.";"1.0";"11.7";"93.";"5.";"0.00";"0.00";"0.00"
"2019";"7";"8";"1";"4";"4517";"297.";"1.1";"12.3";"93.";"6.";"24.44";"58.44";"16.46"
"2019";"7";"8";"1";"5";"4518";"287.";"2.3";"13.5";"89.";"4.";"130.88";"275.41";"59.00"
"2019";"7";"8";"1";"6";"4519";"319.";"1.9";"14.8";"85.";"4.";"284.98";"358.46";"145.24"
"2019";"7";"8";"1";"7";"4520";"313.";"2.0";"15.8";"82.";"8.";"151.05";"0.00";"151.05"
"2019";"7";"8";"1";"8";"4521";"311.";"2.7";"17.4";"74.";"7.";"420.54";"104.72";"355.00"
"2019";"7";"8";"1";"9";"4522";"315.";"3.0";"19.3";"62.";"3.";"575.26";"562.29";"172.13"
"2019";"7";"8";"1";"10";"4523";"304.";"3.9";"20.2";"55.";"0.";"822.38";"898.32";"120.47"
"2019";"7";"8";"1";"11";"4524";"295.";"4.9";"19.9";"52.";"0.";"860.48";"878.47";"144.78"
"2019";"7";"8";"1";"12";"4525";"297.";"5.3";"20.0";"48.";"0.";"864.32";"887.24";"141.47"
"2019";"7";"8";"1";"13";"4526";"303.";"6.5";"19.9";"47.";"0.";"825.07";"883.45";"134.76"
"2019";"7";"8";"1";"14";"4527";"304.";"6.1";"19.9";"48.";"1.";"710.74";"741.67";"179.00"
"2019";"7";"8";"1";"15";"4528";"303.";"6.2";"19.3";"49.";"2.";"541.09";"626.82";"148.79"
"2019";"7";"8";"1";"16";"4529";"299.";"6.1";"19.2";"50.";"0.";"501.41";"812.27";"83.68"
"2019";"7";"8";"1";"17";"4530";"300.";"6.0";"18.7";"54.";"1.";"323.40";"638.18";"74.62"
"2019";"7";"8";"1";"18";"4531";"307.";"5.2";"17.3";"61.";"0.";"191.48";"559.04";"45.57"
"2019";"7";"8";"1";"19";"4532";"308.";"4.2";"16.3";"65.";"2.";"44.24";"193.34";"17.84"
"2019";"7";"8";"1";"20";"4533";"308.";"2.9";"15.2";"72.";"4.";"0.00";"0.00";"0.00"
"2019";"7";"8";"1";"21";"4534";"317.";"1.8";"14.6";"77.";"7.";"0.00";"0.00";"0.00"
"2019";"7";"8";"1";"22";"4535";"304.";"1.6";"14.6";"80.";"8.";"0.00";"0.00";"0.00"
"2019";"7";"8";"1";"23";"4536";"284.";"2.7";"14.7";"82.";"8.";"0.00";"0.00";"0.00"
"2019";"7";"9";"2";"0";"4537";"283.";"2.3";"14.9";"84.";"8.";"0.00";"0.00";"0.00"
"2019";"7";"9";"2";"1";"4538";"283.";"2.7";"14.7";"86.";"6.";"0.00";"0.00";"0.00"
"2019";"7";"9";"2";"2";"4539";"292.";"2.0";"14.2";"89.";"5.";"0.00";"0.00";"0.00"
"2019";"7";"9";"2";"3";"4540";"298.";"1.4";"13.6";"91.";"5.";"0.00";"0.00";"0.00"
"2019";"7";"9";"2";"4";"4541";"322.";"1.2";"13.9";"92.";"3.";"29.82";"103.78";"15.82"
"2019";"7";"9";"2";"5";"4542";"357.";"1.5";"15.0";"83.";"3.";"139.63";"319.11";"56.83"
"2019";"7";"9";"2";"6";"4543";"19.";"2.0";"16.2";"74.";"2.";"287.37";"510.37";"89.13"
"2019";"7";"9";"2";"7";"4544";"3.";"2.8";"17.2";"70.";"1.";"457.79";"712.26";"92.43"
"2019";"7";"9";"2";"8";"4545";"6.";"3.2";"17.5";"68.";"6.";"320.86";"215.09";"186.51"
"2019";"7";"9";"2";"9";"4546";"9.";"2.8";"18.1";"61.";"6.";"379.15";"222.68";"219.75"
"2019";"7";"9";"2";"10";"4547";"5.";"3.0";"18.9";"56.";"6.";"595.56";"224.11";"420.69"
"2019";"7";"9";"2";"11";"4548";"359.";"2.6";"19.5";"52.";"6.";"628.20";"230.29";"440.84"
"2019";"7";"9";"2";"12";"4549";"347.";"3.8";"19.7";"50.";"6.";"622.91";"219.45";"444.36"
"2019";"7";"9";"2";"13";"4550";"348.";"3.9";"20.1";"51.";"5.";"638.07";"339.74";"372.98"
"2019";"7";"9";"2";"14";"4551";"339.";"3.9";"20.5";"53.";"3.";"574.46";"551.55";"179.67"
"2019";"7";"9";"2";"15";"4552";"317.";"4.5";"20.3";"54.";"5.";"374.52";"297.91";"188.44"
"2019";"7";"9";"2";"16";"4553";"324.";"3.9";"19.8";"56.";"5.";"295.38";"290.94";"146.15"
"2019";"7";"9";"2";"17";"4554";"318.";"3.8";"19.6";"58.";"6.";"173.53";"177.65";"104.53"
"2019";"7";"9";"2";"18";"4555";"310.";"4.0";"18.9";"62.";"6.";"93.79";"135.06";"58.74"
"2019";"7";"9";"2";"19";"4556";"316.";"3.9";"16.8";"70.";"8.";"13.78";"0.00";"13.78"
"2019";"7";"9";"2";"20";"4557";"321.";"3.3";"16.0";"75.";"6.";"0.00";"0.00";"0.00"
"2019";"7";"9";"2";"21";"4558";"319.";"3.0";"14.9";"80.";"5.";"0.00";"0.00";"0.00"
"2019";"7";"9";"2";"22";"4559";"314.";"2.2";"13.9";"83.";"5.";"0.00";"0.00";"0.00"
"2019";"7";"9";"2";"23";"4560";"332.";"1.2";"13.1";"87.";"4.";"0.00";"0.00";"0.00"
"2019";"7";"10";"3";"0";"4561";"315.";"0.9";"11.8";"90.";"0.";"0.00";"0.00";"0.00"
"2019";"7";"10";"3";"1";"4562";"293.";"1.0";"11.3";"91.";"0.";"0.00";"0.00";"0.00"
"2019";"7";"10";"3";"2";"4563";"282.";"1.2";"11.0";"93.";"0.";"0.00";"0.00";"0.00"
"2019";"7";"10";"3";"3";"4564";"290.";"1.8";"10.6";"93.";"1.";"0.00";"0.00";"0.00"
"2019";"7";"10";"3";"4";"4565";"294.";"2.5";"11.2";"92.";"3.";"36.43";"139.11";"17.90"
"2019";"7";"10";"3";"5";"4566";"297.";"3.0";"13.9";"91.";"2.";"146.40";"319.01";"64.15"
"2019";"7";"10";"3";"6";"4567";"296.";"3.4";"15.9";"88.";"4.";"215.76";"263.61";"113.77"
"2019";"7";"10";"3";"7";"4568";"295.";"4.0";"17.8";"80.";"0.";"463.89";"649.97";"131.40"
"2019";"7";"10";"3";"8";"4569";"294.";"4.2";"18.9";"73.";"1.";"577.50";"640.75";"178.11"
"2019";"7";"10";"3";"9";"4570";"290.";"4.8";"19.6";"70.";"0.";"719.21";"797.16";"149.60"
"2019";"7";"10";"3";"10";"4571";"290.";"5.5";"19.9";"66.";"2.";"732.15";"622.17";"247.43"
"2019";"7";"10";"3";"11";"4572";"288.";"5.9";"20.5";"64.";"0.";"838.63";"820.83";"171.72"
"2019";"7";"10";"3";"12";"4573";"296.";"4.4";"19.8";"67.";"2.";"720.76";"641.60";"199.48"
"2019";"7";"10";"3";"13";"4574";"294.";"5.4";"19.1";"64.";"2.";"689.91";"640.15";"191.19"
"2019";"7";"10";"3";"14";"4575";"296.";"5.5";"19.4";"62.";"2.";"660.42";"593.70";"236.19"
"2019";"7";"10";"3";"15";"4576";"295.";"5.4";"19.7";"62.";"5.";"368.62";"285.94";"190.39"
"2019";"7";"10";"3";"16";"4577";"293.";"5.3";"19.2";"65.";"3.";"370.47";"454.14";"138.15"
"2019";"7";"10";"3";"17";"4578";"292.";"5.2";"18.6";"67.";"2.";"280.09";"473.51";"96.89"
"2019";"7";"10";"3";"18";"4579";"297.";"4.6";"17.7";"71.";"6.";"89.13";"116.71";"59.04"
"2019";"7";"10";"3";"19";"4580";"301.";"4.4";"16.3";"75.";"5.";"24.05";"68.33";"14.95"
"2019";"7";"10";"3";"20";"4581";"296.";"3.8";"15.3";"79.";"0.";"0.00";"0.00";"0.00"
"2019";"7";"10";"3";"21";"4582";"300.";"3.0";"14.7";"82.";"1.";"0.00";"0.00";"0.00"
"2019";"7";"10";"3";"22";"4583";"305.";"2.3";"14.0";"86.";"2.";"0.00";"0.00";"0.00"
"2019";"7";"10";"3";"23";"4584";"297.";"1.8";"13.5";"88.";"2.";"0.00";"0.00";"0.00"
"2019";"7";"11";"4";"0";"4585";"278.";"1.7";"13.2";"89.";"3.";"0.00";"0.00";"0.00"
"2019";"7";"11";"4";"1";"4586";"276.";"1.2";"12.8";"90.";"6.";"0.00";"0.00";"0.00"
"2019";"7";"11";"4";"2";"4587";"283.";"1.3";"12.6";"90.";"7.";"0.00";"0.00";"0.00"
"2019";"7";"11";"4";"3";"4588";"284.";"1.2";"12.7";"90.";"5.";"0.00";"0.00";"0.00"
"2019";"7";"11";"4";"4";"4589";"273.";"1.2";"13.3";"88.";"5.";"24.26";"71.35";"14.89"
"2019";"7";"11";"4";"5";"4590";"284.";"1.5";"14.5";"83.";"6.";"90.82";"127.00";"58.29"
"2019";"7";"11";"4";"6";"4591";"288.";"1.9";"15.7";"77.";"3.";"256.34";"412.09";"97.56"
"2019";"7";"11";"4";"7";"4592";"296.";"1.5";"16.4";"73.";"0.";"484.50";"761.84";"95.91"
"2019";"7";"11";"4";"8";"4593";"288.";"1.5";"17.5";"67.";"0.";"616.77";"783.80";"129.32"
"2019";"7";"11";"4";"9";"4594";"269.";"2.0";"18.7";"59.";"0.";"731.80";"828.93";"140.57"
"2019";"7";"11";"4";"10";"4595";"265.";"2.1";"19.7";"53.";"0.";"824.38";"916.17";"111.76"
"2019";"7";"11";"4";"11";"4596";"262.";"2.2";"19.9";"48.";"0.";"868.63";"926.80";"116.77"
"2019";"7";"11";"4";"12";"4597";"258.";"2.4";"20.6";"44.";"0.";"870.71";"931.75";"114.83"
"2019";"7";"11";"4";"13";"4598";"250.";"2.4";"20.7";"44.";"1.";"786.23";"769.09";"188.01"
"2019";"7";"11";"4";"14";"4599";"249.";"2.7";"20.5";"47.";"2.";"669.22";"611.59";"233.00"
"2019";"7";"11";"4";"15";"4600";"256.";"2.5";"20.4";"48.";"0.";"628.29";"828.17";"113.24"
"2019";"7";"11";"4";"16";"4601";"251.";"2.4";"20.0";"51.";"0.";"488.45";"758.90";"101.37"
"2019";"7";"11";"4";"17";"4602";"248.";"2.1";"19.8";"53.";"0.";"338.10";"686.12";"73.73"
"2019";"7";"11";"4";"18";"4603";"250.";"1.9";"18.9";"56.";"0.";"184.47";"536.67";"47.00"
"2019";"7";"11";"4";"19";"4604";"244.";"1.6";"17.9";"61.";"0.";"45.54";"228.40";"15.53"
"2019";"7";"11";"4";"20";"4605";"224.";"0.9";"15.8";"72.";"0.";"0.00";"0.00";"0.00"
"2019";"7";"11";"4";"21";"4606";"178.";"0.6";"14.5";"81.";"0.";"0.00";"0.00";"0.00"
"2019";"7";"11";"4";"22";"4607";"164.";"0.7";"12.4";"85.";"0.";"0.00";"0.00";"0.00"
"2019";"7";"11";"4";"23";"4608";"134.";"0.8";"10.8";"88.";"0.";"0.00";"0.00";"0.00"
"2019";"7";"12";"5";"0";"4609";"120.";"0.7";"10.6";"88.";"0.";"0.00";"0.00";"0.00"
"2019";"7";"12";"5";"1";"4610";"104.";"0.4";"10.2";"88.";"0.";"0.00";"0.00";"0.00"
"2019";"7";"12";"5";"2";"4611";"76.";"0.3";"9.8";"88.";"1.";"0.00";"0.00";"0.00"
"2019";"7";"12";"5";"3";"4612";"104.";"0.4";"9.5";"88.";"0.";"0.00";"0.00";"0.00"
"2019";"7";"12";"5";"4";"4613";"81.";"0.5";"10.7";"87.";"0.";"49.27";"249.88";"16.92"
"2019";"7";"12";"5";"5";"4614";"99.";"1.1";"14.0";"79.";"0.";"180.57";"520.70";"48.14"
"2019";"7";"12";"5";"6";"4615";"126.";"0.6";"16.5";"68.";"1.";"322.60";"619.39";"84.99"
"2019";"7";"12";"5";"7";"4616";"155.";"0.4";"19.3";"52.";"1.";"469.49";"684.34";"121.52"
"2019";"7";"12";"5";"8";"4617";"243.";"0.6";"20.5";"47.";"1.";"601.14";"729.19";"148.71"
"2019";"7";"12";"5";"9";"4618";"253.";"0.9";"21.7";"44.";"2.";"675.20";"646.89";"214.70"
"2019";"7";"12";"5";"10";"4619";"266.";"1.6";"22.7";"44.";"1.";"784.58";"784.55";"175.38"
"2019";"7";"12";"5";"11";"4620";"268.";"3.1";"22.7";"47.";"0.";"852.59";"872.35";"146.03"
"2019";"7";"12";"5";"12";"4621";"275.";"3.2";"22.6";"47.";"0.";"850.11";"858.54";"154.73"
"2019";"7";"12";"5";"13";"4622";"281.";"4.1";"23.2";"47.";"0.";"807.26";"846.03";"150.32"
"2019";"7";"12";"5";"14";"4623";"292.";"3.2";"23.3";"47.";"0.";"734.66";"865.78";"118.35"
"2019";"7";"12";"5";"15";"4624";"303.";"2.9";"22.3";"51.";"3.";"542.04";"533.57";"210.99"
"2019";"7";"12";"5";"16";"4625";"309.";"2.1";"22.0";"53.";"3.";"373.61";"484.71";"127.14"
"2019";"7";"12";"5";"17";"4626";"322.";"2.2";"22.1";"53.";"3.";"287.03";"426.45";"123.44"
"2019";"7";"12";"5";"18";"4627";"302.";"2.8";"21.4";"54.";"0.";"177.93";"536.56";"41.46"
"2019";"7";"12";"5";"19";"4628";"295.";"2.3";"19.8";"60.";"4.";"30.23";"92.36";"18.27"
"2019";"7";"12";"5";"20";"4629";"301.";"1.6";"18.0";"71.";"4.";"0.00";"0.00";"0.00"
"2019";"7";"12";"5";"21";"4630";"298.";"1.4";"15.7";"78.";"2.";"0.00";"0.00";"0.00"
"2019";"7";"12";"5";"22";"4631";"299.";"0.9";"14.2";"85.";"0.";"0.00";"0.00";"0.00"
"2019";"7";"12";"5";"23";"4632";"309.";"0.6";"13.6";"87.";"1.";"0.00";"0.00";"0.00"
"2019";"7";"13";"6";"0";"4633";"274.";"1.1";"12.8";"90.";"5.";"0.00";"0.00";"0.00"
"2019";"7";"13";"6";"1";"4634";"309.";"1.4";"13.6";"91.";"6.";"0.00";"0.00";"0.00"
"2019";"7";"13";"6";"2";"4635";"331.";"1.0";"13.6";"91.";"8.";"0.00";"0.00";"0.00"
"2019";"7";"13";"6";"3";"4636";"322.";"0.5";"13.9";"93.";"8.";"0.00";"0.00";"0.00"
"2019";"7";"13";"6";"4";"4637";"272.";"0.1";"14.2";"91.";"8.";"9.56";"0.00";"9.56"
"2019";"7";"13";"6";"5";"4638";"211.";"0.6";"16.4";"88.";"3.";"125.38";"276.98";"55.46"
"2019";"7";"13";"6";"6";"4639";"237.";"1.0";"18.5";"83.";"2.";"264.10";"440.10";"96.04"
"2019";"7";"13";"6";"7";"4640";"255.";"2.2";"19.1";"77.";"3.";"358.87";"437.46";"137.15"
"2019";"7";"13";"6";"8";"4641";"247.";"1.8";"19.9";"73.";"2.";"512.96";"574.38";"157.48"
"2019";"7";"13";"6";"9";"4642";"246.";"2.4";"20.0";"69.";"4.";"496.57";"413.62";"202.74"
"2019";"7";"13";"6";"10";"4643";"250.";"2.6";"20.7";"64.";"2.";"740.05";"676.65";"215.58"
"2019";"7";"13";"6";"11";"4644";"257.";"2.8";"21.5";"61.";"5.";"655.27";"333.10";"385.93"
"2019";"7";"13";"6";"12";"4645";"260.";"3.0";"21.4";"60.";"5.";"510.44";"332.62";"241.49"
"2019";"7";"13";"6";"13";"4646";"262.";"3.0";"21.0";"61.";"8.";"245.97";"0.00";"245.97"
"2019";"7";"13";"6";"14";"4647";"264.";"3.0";"21.2";"63.";"4.";"490.34";"386.63";"215.68"
"2019";"7";"13";"6";"15";"4648";"289.";"2.8";"21.1";"62.";"4.";"495.71";"377.51";"262.07"
"2019";"7";"13";"6";"16";"4649";"295.";"3.2";"20.5";"65.";"5.";"364.17";"262.88";"230.93"
"2019";"7";"13";"6";"17";"4650";"299.";"3.5";"19.6";"69.";"7.";"218.97";"70.47";"192.06"
"2019";"7";"13";"6";"18";"4651";"317.";"3.4";"18.1";"75.";"8.";"99.36";"0.00";"99.36"
"2019";"7";"13";"6";"19";"4652";"319.";"2.6";"17.4";"80.";"8.";"7.77";"0.00";"7.77"
"2019";"7";"13";"6";"20";"4653";"313.";"2.5";"16.0";"85.";"6.";"0.00";"0.00";"0.00"
"2019";"7";"13";"6";"21";"4654";"322.";"1.8";"15.3";"88.";"8.";"0.00";"0.00";"0.00"
"2019";"7";"13";"6";"22";"4655";"309.";"2.1";"14.3";"91.";"4.";"0.00";"0.00";"0.00"
"2019";"7";"13";"6";"23";"4656";"321.";"1.4";"13.9";"92.";"7.";"0.00";"0.00";"0.00"
"2019";"7";"14";"7";"0";"4657";"323.";"1.0";"14.3";"91.";"7.";"0.00";"0.00";"0.00"
"2019";"7";"14";"7";"1";"4658";"333.";"0.6";"14.5";"90.";"6.";"0.00";"0.00";"0.00"
"2019";"7";"14";"7";"2";"4659";"2.";"0.5";"14.6";"90.";"8.";"0.00";"0.00";"0.00"
"2019";"7";"14";"7";"3";"4660";"90.";"1.8";"14.9";"89.";"4.";"0.00";"0.00";"0.00"
"2019";"7";"14";"7";"4";"4661";"99.";"1.6";"15.2";"87.";"7.";"11.04";"14.36";"9.24"
"2019";"7";"14";"7";"5";"4662";"95.";"1.8";"15.5";"86.";"6.";"81.61";"99.57";"56.68"
"2019";"7";"14";"7";"6";"4663";"103.";"1.7";"16.5";"82.";"6.";"157.32";"135.50";"105.83"
"2019";"7";"14";"7";"7";"4664";"154.";"1.3";"17.3";"79.";"8.";"139.84";"0.00";"139.84"
"2019";"7";"14";"7";"8";"4665";"186.";"1.6";"17.8";"78.";"8.";"185.16";"0.00";"185.16"
"2019";"7";"14";"7";"9";"4666";"206.";"1.8";"18.1";"76.";"8.";"218.47";"0.00";"218.47"
"2019";"7";"14";"7";"10";"4667";"218.";"2.7";"17.7";"76.";"7.";"325.24";"100.12";"247.78"
"2019";"7";"14";"7";"11";"4668";"223.";"2.9";"18.1";"75.";"5.";"502.16";"309.81";"252.10"
"2019";"7";"14";"7";"12";"4669";"220.";"2.9";"18.9";"71.";"6.";"425.40";"207.76";"257.70"
"2019";"7";"14";"7";"13";"4670";"217.";"3.1";"18.8";"71.";"8.";"245.17";"0.00";"245.17"
"2019";"7";"14";"7";"14";"4671";"200.";"2.8";"19.1";"70.";"5.";"434.17";"313.03";"212.28"
"2019";"7";"14";"7";"15";"4672";"209.";"3.1";"19.2";"67.";"4.";"417.99";"385.18";"180.22"
"2019";"7";"14";"7";"16";"4673";"206.";"2.9";"18.6";"70.";"5.";"284.76";"278.44";"144.12"
"2019";"7";"14";"7";"17";"4674";"182.";"2.3";"17.9";"72.";"4.";"220.53";"312.71";"101.70"
"2019";"7";"14";"7";"18";"4675";"179.";"2.3";"17.4";"75.";"4.";"113.54";"222.84";"57.73"
"2019";"7";"14";"7";"19";"4676";"191.";"2.2";"16.3";"79.";"4.";"20.15";"70.91";"11.26"
"2019";"7";"14";"7";"20";"4677";"175.";"2.5";"15.8";"82.";"4.";"0.00";"0.00";"0.00"
"2019";"7";"14";"7";"21";"4678";"147.";"2.8";"15.8";"80.";"7.";"0.00";"0.00";"0.00"
"2019";"7";"14";"7";"22";"4679";"150.";"2.2";"15.7";"80.";"8.";"0.00";"0.00";"0.00"
"2019";"7";"14";"7";"23";"4680";"144.";"2.4";"15.6";"82.";"7.";"0.00";"0.00";"0.00"
"2019";"7";"15";"1";"0";"4681";"136.";"2.5";"15.8";"82.";"8.";"0.00";"0.00";"0.00"
"2019";"7";"15";"1";"1";"4682";"134.";"2.5";"15.9";"83.";"7.";"0.00";"0.00";"0.00"
"2019";"7";"15";"1";"2";"4683";"165.";"1.5";"16.2";"85.";"8.";"0.00";"0.00";"0.00"
"2019";"7";"15";"1";"3";"4684";"202.";"1.4";"16.2";"85.";"7.";"0.00";"0.00";"0.00"
"2019";"7";"15";"1";"4";"4685";"201.";"1.9";"15.8";"86.";"8.";"6.94";"0.00";"6.94"
"2019";"7";"15";"1";"5";"4686";"195.";"3.2";"15.5";"84.";"8.";"48.44";"0.00";"48.44"
"2019";"7";"15";"1";"6";"4687";"199.";"3.7";"15.3";"82.";"7.";"127.41";"67.52";"101.88"
"2019";"7";"15";"1";"7";"4688";"202.";"3.5";"15.4";"78.";"8.";"141.72";"0.00";"141.72"
"2019";"7";"15";"1";"8";"4689";"202.";"3.4";"15.2";"78.";"7.";"244.77";"86.65";"191.43"
"2019";"7";"15";"1";"9";"4690";"190.";"3.5";"15.3";"77.";"8.";"219.96";"0.00";"219.96"
"2019";"7";"15";"1";"10";"4691";"196.";"3.5";"15.3";"74.";"8.";"245.93";"0.00";"245.93"
"2019";"7";"15";"1";"11";"4692";"201.";"3.3";"15.3";"71.";"8.";"258.75";"0.00";"258.75"
"2019";"7";"15";"1";"12";"4693";"196.";"2.6";"15.6";"69.";"8.";"257.33";"0.00";"257.33"
"2019";"7";"15";"1";"13";"4694";"199.";"2.0";"16.4";"68.";"6.";"399.07";"185.61";"255.77"
"2019";"7";"15";"1";"14";"4695";"211.";"1.0";"16.8";"66.";"8.";"222.57";"0.00";"222.57"
"2019";"7";"15";"1";"15";"4696";"265.";"0.9";"16.7";"66.";"8.";"186.25";"0.00";"186.25"
"2019";"7";"15";"1";"16";"4697";"356.";"2.1";"16.2";"69.";"8.";"145.77";"0.00";"145.77"
"2019";"7";"15";"1";"17";"4698";"56.";"3.6";"16.0";"74.";"8.";"103.51";"0.00";"103.51"
"2019";"7";"15";"1";"18";"4699";"67.";"2.4";"16.5";"70.";"4.";"119.80";"267.35";"53.40"
"2019";"7";"15";"1";"19";"4700";"73.";"0.9";"15.8";"70.";"0.";"36.78";"193.76";"12.92"
"2019";"7";"15";"1";"20";"4701";"246.";"0.9";"13.8";"78.";"3.";"0.00";"0.00";"0.00"
"2019";"7";"15";"1";"21";"4702";"248.";"1.5";"12.6";"81.";"3.";"0.00";"0.00";"0.00"
"2019";"7";"15";"1";"22";"4703";"217.";"1.7";"13.4";"84.";"8.";"0.00";"0.00";"0.00"
"2019";"7";"15";"1";"23";"4704";"249.";"1.1";"13.8";"86.";"7.";"0.00";"0.00";"0.00"
"2019";"7";"16";"2";"0";"4705";"231.";"1.4";"13.7";"89.";"8.";"0.00";"0.00";"0.00"
"2019";"7";"16";"2";"1";"4706";"224.";"1.2";"13.4";"92.";"8.";"0.00";"0.00";"0.00"
"2019";"7";"16";"2";"2";"4707";"258.";"1.3";"13.4";"92.";"7.";"0.00";"0.00";"0.00"
"2019";"7";"16";"2";"3";"4708";"287.";"0.8";"12.9";"92.";"7.";"0.00";"0.00";"0.00"
"2019";"7";"16";"2";"4";"4709";"292.";"0.9";"13.0";"92.";"7.";"11.28";"15.22";"9.44"
"2019";"7";"16";"2";"5";"4710";"309.";"1.7";"14.1";"91.";"8.";"100.64";"0.00";"100.64"
"2019";"7";"16";"2";"6";"4711";"312.";"1.9";"15.1";"88.";"8.";"98.76";"0.00";"98.76"
"2019";"7";"16";"2";"7";"4712";"329.";"2.2";"15.8";"78.";"8.";"150.80";"0.00";"150.80"
"2019";"7";"16";"2";"8";"4713";"333.";"3.3";"17.3";"64.";"0.";"622.85";"869.25";"89.32"
"2019";"7";"16";"2";"9";"4714";"321.";"4.5";"18.2";"54.";"0.";"738.97";"896.26";"106.60"
"2019";"7";"16";"2";"10";"4715";"319.";"4.9";"18.8";"48.";"0.";"822.63";"922.17";"112.14"
"2019";"7";"16";"2";"11";"4716";"318.";"5.2";"19.4";"47.";"1.";"794.94";"780.10";"167.70"
"2019";"7";"16";"2";"12";"4717";"315.";"5.9";"20.1";"46.";"3.";"685.19";"601.35";"201.67"
"2019";"7";"16";"2";"13";"4718";"324.";"5.1";"19.9";"47.";"8.";"251.80";"0.00";"251.80"
"2019";"7";"16";"2";"14";"4719";"321.";"5.2";"20.5";"48.";"8.";"227.01";"0.00";"227.01"
"2019";"7";"16";"2";"15";"4720";"326.";"4.2";"21.1";"46.";"8.";"193.19";"0.00";"193.19"
"2019";"7";"16";"2";"16";"4721";"326.";"4.2";"20.7";"48.";"6.";"246.47";"198.49";"146.95"
"2019";"7";"16";"2";"17";"4722";"329.";"4.1";"20.1";"49.";"8.";"102.36";"0.00";"102.36"
"2019";"7";"16";"2";"18";"4723";"319.";"3.9";"19.7";"55.";"8.";"53.11";"0.00";"53.11"
"2019";"7";"16";"2";"19";"4724";"326.";"3.0";"18.7";"59.";"8.";"20.80";"0.00";"20.80"
"2019";"7";"16";"2";"20";"4725";"315.";"2.8";"17.5";"67.";"8.";"0.00";"0.00";"0.00"
"2019";"7";"16";"2";"21";"4726";"300.";"2.4";"17.0";"72.";"6.";"0.00";"0.00";"0.00"
"2019";"7";"16";"2";"22";"4727";"300.";"2.1";"15.4";"78.";"1.";"0.00";"0.00";"0.00"
"2019";"7";"16";"2";"23";"4728";"324.";"1.8";"14.2";"84.";"0.";"0.00";"0.00";"0.00"
"2019";"7";"17";"3";"0";"4729";"316.";"1.7";"13.3";"84.";"0.";"0.00";"0.00";"0.00"
"2019";"7";"17";"3";"1";"4730";"321.";"1.2";"12.6";"85.";"0.";"0.00";"0.00";"0.00"
"2019";"7";"17";"3";"2";"4731";"307.";"1.5";"11.4";"88.";"0.";"0.00";"0.00";"0.00"
"2019";"7";"17";"3";"3";"4732";"341.";"1.2";"11.1";"88.";"1.";"0.00";"0.00";"0.00"
"2019";"7";"17";"3";"4";"4733";"354.";"1.0";"11.4";"85.";"0.";"36.70";"199.11";"13.12"
"2019";"7";"17";"3";"5";"4734";"9.";"0.9";"14.5";"78.";"0.";"169.49";"527.04";"40.93"
"2019";"7";"17";"3";"6";"4735";"17.";"1.0";"17.0";"67.";"1.";"309.16";"624.32";"75.75"
"2019";"7";"17";"3";"7";"4736";"39.";"1.1";"18.6";"58.";"0.";"482.65";"815.85";"75.23"
"2019";"7";"17";"3";"8";"4737";"25.";"0.8";"20.3";"52.";"6.";"315.61";"214.60";"184.30"
"2019";"7";"17";"3";"9";"4738";"38.";"0.1";"21.1";"48.";"7.";"302.84";"113.08";"223.26"
"2019";"7";"17";"3";"10";"4739";"271.";"1.1";"21.5";"47.";"5.";"491.12";"344.76";"226.08"
"2019";"7";"17";"3";"11";"4740";"267.";"2.7";"21.6";"47.";"6.";"437.44";"234.38";"249.37"
"2019";"7";"17";"3";"12";"4741";"268.";"2.7";"21.7";"48.";"2.";"728.68";"687.80";"176.79"
"2019";"7";"17";"3";"13";"4742";"271.";"3.6";"22.1";"50.";"2.";"686.00";"654.33";"182.97"
"2019";"7";"17";"3";"14";"4743";"275.";"3.8";"21.4";"51.";"2.";"618.87";"641.36";"167.49"
"2019";"7";"17";"3";"15";"4744";"296.";"3.5";"21.5";"52.";"1.";"569.96";"730.76";"122.79"
"2019";"7";"17";"3";"16";"4745";"299.";"3.2";"21.1";"55.";"0.";"477.30";"801.20";"77.20"
"2019";"7";"17";"3";"17";"4746";"297.";"3.4";"20.4";"56.";"0.";"324.12";"702.01";"61.66"
"2019";"7";"17";"3";"18";"4747";"304.";"2.8";"19.5";"59.";"0.";"167.36";"519.73";"40.58"
"2019";"7";"17";"3";"19";"4748";"312.";"2.2";"18.4";"63.";"2.";"23.76";"114.25";"10.23"
"2019";"7";"17";"3";"20";"4749";"325.";"1.6";"16.6";"73.";"3.";"0.00";"0.00";"0.00"
"2019";"7";"17";"3";"21";"4750";"343.";"1.5";"14.8";"80.";"5.";"0.00";"0.00";"0.00"
"2019";"7";"17";"3";"22";"4751";"323.";"1.2";"13.5";"83.";"1.";"0.00";"0.00";"0.00"
"2019";"7";"17";"3";"23";"4752";"305.";"0.9";"12.3";"86.";"0.";"0.00";"0.00";"0.00"
"2019";"7";"18";"4";"0";"4753";"279.";"0.8";"12.9";"87.";"0.";"0.00";"0.00";"0.00"
"2019";"7";"18";"4";"1";"4754";"281.";"0.9";"11.8";"88.";"0.";"0.00";"0.00";"0.00"
"2019";"7";"18";"4";"2";"4755";"275.";"0.7";"11.1";"89.";"0.";"0.00";"0.00";"0.00"
"2019";"7";"18";"4";"3";"4756";"89.";"0.4";"10.8";"90.";"0.";"0.00";"0.00";"0.00"
"2019";"7";"18";"4";"4";"4757";"93.";"0.8";"12.5";"89.";"3.";"21.16";"94.27";"10.24"
"2019";"7";"18";"4";"5";"4758";"90.";"1.0";"14.2";"83.";"1.";"152.61";"447.86";"44.42"
"2019";"7";"18";"4";"6";"4759";"89.";"0.7";"17.0";"75.";"0.";"316.25";"673.20";"66.05"
"2019";"7";"18";"4";"7";"4760";"145.";"0.8";"19.4";"63.";"0.";"467.40";"744.88";"96.96"
"2019";"7";"18";"4";"8";"4761";"153.";"1.1";"20.7";"54.";"0.";"610.90";"823.58";"108.54"
"2019";"7";"18";"4";"9";"4762";"198.";"1.7";"21.9";"51.";"4.";"498.01";"424.79";"199.82"
"2019";"7";"18";"4";"10";"4763";"209.";"2.7";"22.4";"50.";"1.";"744.15";"761.37";"160.17"
"2019";"7";"18";"4";"11";"4764";"223.";"2.9";"22.1";"53.";"0.";"838.18";"859.43";"150.06"
"2019";"7";"18";"4";"12";"4765";"224.";"2.5";"22.2";"53.";"1.";"783.65";"782.20";"157.36"
"2019";"7";"18";"4";"13";"4766";"235.";"3.2";"22.4";"52.";"0.";"799.70";"865.69";"135.72"
"2019";"7";"18";"4";"14";"4767";"233.";"2.9";"22.5";"50.";"0.";"724.33";"866.84";"115.85"
"2019";"7";"18";"4";"15";"4768";"222.";"3.0";"22.4";"50.";"0.";"615.20";"861.82";"89.52"
"2019";"7";"18";"4";"16";"4769";"198.";"2.5";"22.2";"50.";"0.";"467.29";"727.98";"105.26"
"2019";"7";"18";"4";"17";"4770";"201.";"2.6";"21.8";"47.";"3.";"282.20";"440.67";"118.43"
"2019";"7";"18";"4";"18";"4771";"186.";"2.2";"21.3";"46.";"5.";"135.11";"202.78";"86.13"
"2019";"7";"18";"4";"19";"4772";"175.";"1.9";"19.4";"53.";"0.";"31.08";"174.27";"10.88"
"2019";"7";"18";"4";"20";"4773";"145.";"1.4";"16.9";"59.";"4.";"0.00";"0.00";"0.00"
"2019";"7";"18";"4";"21";"4774";"131.";"1.9";"16.5";"64.";"7.";"0.00";"0.00";"0.00"
"2019";"7";"18";"4";"22";"4775";"133.";"1.8";"16.0";"68.";"7.";"0.00";"0.00";"0.00"
"2019";"7";"18";"4";"23";"4776";"132.";"1.6";"14.1";"72.";"7.";"0.00";"0.00";"0.00"
"2019";"7";"19";"5";"0";"4777";"127.";"1.9";"14.8";"72.";"6.";"0.00";"0.00";"0.00"
"2019";"7";"19";"5";"1";"4778";"123.";"2.3";"15.7";"71.";"8.";"0.00";"0.00";"0.00"
"2019";"7";"19";"5";"2";"4779";"129.";"2.6";"16.1";"72.";"8.";"0.00";"0.00";"0.00"
"2019";"7";"19";"5";"3";"4780";"140.";"2.9";"16.5";"78.";"8.";"0.00";"0.00";"0.00"
"2019";"7";"19";"5";"4";"4781";"143.";"3.1";"16.4";"80.";"8.";"10.35";"0.00";"10.35"
"2019";"7";"19";"5";"5";"4782";"137.";"3.2";"17.4";"74.";"6.";"116.15";"125.22";"86.20"
"2019";"7";"19";"5";"6";"4783";"138.";"3.3";"18.1";"70.";"8.";"199.71";"0.00";"199.71"
"2019";"7";"19";"5";"7";"4784";"155.";"3.0";"19.6";"63.";"8.";"291.44";"0.00";"291.44"
"2019";"7";"19";"5";"8";"4785";"150.";"3.5";"19.4";"64.";"8.";"373.62";"0.00";"373.62"
"2019";"7";"19";"5";"9";"4786";"156.";"4.3";"20.2";"62.";"5.";"560.43";"337.51";"324.15"
"2019";"7";"19";"5";"10";"4787";"174.";"3.9";"21.4";"59.";"5.";"644.42";"346.63";"379.19"
"2019";"7";"19";"5";"11";"4788";"176.";"2.9";"22.8";"55.";"2.";"767.87";"674.78";"228.81"
"2019";"7";"19";"5";"12";"4789";"189.";"3.2";"22.8";"49.";"4.";"699.55";"453.55";"337.22"
"2019";"7";"19";"5";"13";"4790";"204.";"3.6";"21.4";"55.";"3.";"706.50";"547.90";"287.27"
"2019";"7";"19";"5";"14";"4791";"222.";"3.1";"21.0";"60.";"6.";"522.73";"222.10";"367.25"
"2019";"7";"19";"5";"15";"4792";"210.";"2.0";"21.4";"64.";"6.";"433.24";"202.75";"309.98"
"2019";"7";"19";"5";"16";"4793";"241.";"2.4";"20.3";"69.";"8.";"165.71";"0.00";"165.71"
"2019";"7";"19";"5";"17";"4794";"274.";"2.3";"19.7";"76.";"3.";"233.10";"392.82";"88.01"
"2019";"7";"19";"5";"18";"4795";"263.";"2.0";"19.3";"77.";"8.";"44.74";"0.00";"44.74"
"2019";"7";"19";"5";"19";"4796";"280.";"2.4";"18.5";"81.";"8.";"2.01";"0.00";"2.01"
"2019";"7";"19";"5";"20";"4797";"280.";"2.4";"17.7";"84.";"8.";"0.00";"0.00";"0.00"
"2019";"7";"19";"5";"21";"4798";"298.";"2.4";"17.2";"86.";"6.";"0.00";"0.00";"0.00"
"2019";"7";"19";"5";"22";"4799";"295.";"2.1";"17.1";"83.";"7.";"0.00";"0.00";"0.00"
"2019";"7";"19";"5";"23";"4800";"302.";"1.7";"16.8";"80.";"8.";"0.00";"0.00";"0.00"
"2019";"7";"20";"6";"0";"4801";"290.";"1.8";"16.4";"80.";"7.";"0.00";"0.00";"0.00"
"2019";"7";"20";"6";"1";"4802";"290.";"1.3";"15.4";"82.";"8.";"0.00";"0.00";"0.00"
"2019";"7";"20";"6";"2";"4803";"297.";"0.4";"14.3";"85.";"3.";"0.00";"0.00";"0.00"
"2019";"7";"20";"6";"3";"4804";"254.";"0.6";"13.3";"86.";"8.";"0.00";"0.00";"0.00"
"2019";"7";"20";"6";"4";"4805";"213.";"0.3";"13.5";"87.";"8.";"6.23";"0.00";"6.23"
"2019";"7";"20";"6";"5";"4806";"151.";"0.6";"14.7";"85.";"4.";"106.21";"232.09";"51.30"
"2019";"7";"20";"6";"6";"4807";"137.";"1.2";"17.4";"77.";"1.";"285.26";"572.62";"75.13"
"2019";"7";"20";"6";"7";"4808";"141.";"1.4";"19.7";"60.";"5.";"281.80";"293.49";"137.13"
"2019";"7";"20";"6";"8";"4809";"154.";"1.4";"20.8";"53.";"8.";"405.08";"0.00";"405.08"
"2019";"7";"20";"6";"9";"4810";"182.";"1.8";"22.0";"51.";"4.";"590.83";"429.84";"290.78"
"2019";"7";"20";"6";"10";"4811";"183.";"2.5";"22.2";"52.";"7.";"540.21";"113.26";"453.76"
"2019";"7";"20";"6";"11";"4812";"198.";"3.1";"22.5";"54.";"6.";"634.62";"222.50";"457.28"
"2019";"7";"20";"6";"12";"4813";"196.";"3.1";"22.6";"55.";"7.";"595.39";"110.00";"507.72"
"2019";"7";"20";"6";"13";"4814";"170.";"3.2";"23.1";"53.";"6.";"602.41";"219.93";"434.55"
"2019";"7";"20";"6";"14";"4815";"174.";"3.4";"23.6";"48.";"6.";"546.01";"220.25";"392.27"
"2019";"7";"20";"6";"15";"4816";"177.";"4.0";"24.0";"48.";"7.";"443.43";"109.07";"377.35"
"2019";"7";"20";"6";"16";"4817";"171.";"3.6";"23.5";"48.";"4.";"394.24";"393.10";"200.47"
"2019";"7";"20";"6";"17";"4818";"163.";"3.7";"23.1";"49.";"6.";"243.35";"174.96";"179.15"
"2019";"7";"20";"6";"18";"4819";"160.";"4.2";"22.8";"52.";"7.";"110.25";"61.70";"95.66"
"2019";"7";"20";"6";"19";"4820";"157.";"3.7";"22.3";"54.";"8.";"10.08";"0.00";"10.08"
"2019";"7";"20";"6";"20";"4821";"135.";"3.2";"21.6";"54.";"8.";"0.00";"0.00";"0.00"
"2019";"7";"20";"6";"21";"4822";"112.";"3.3";"21.4";"55.";"8.";"0.00";"0.00";"0.00"
"2019";"7";"20";"6";"22";"4823";"169.";"4.0";"20.6";"63.";"8.";"0.00";"0.00";"0.00"
"2019";"7";"20";"6";"23";"4824";"181.";"4.9";"19.6";"71.";"8.";"0.00";"0.00";"0.00"
"2019";"7";"21";"7";"0";"4825";"159.";"4.0";"18.7";"69.";"8.";"0.00";"0.00";"0.00"
"2019";"7";"21";"7";"1";"4826";"139.";"3.6";"15.8";"86.";"8.";"0.00";"0.00";"0.00"
"2019";"7";"21";"7";"2";"4827";"120.";"4.1";"15.6";"88.";"7.";"0.00";"0.00";"0.00"
"2019";"7";"21";"7";"3";"4828";"145.";"4.1";"15.9";"90.";"8.";"0.00";"0.00";"0.00"
"2019";"7";"21";"7";"4";"4829";"157.";"3.4";"17.1";"92.";"8.";"0.00";"0.00";"0.00"
"2019";"7";"21";"7";"5";"4830";"181.";"3.2";"17.5";"91.";"7.";"53.40";"40.92";"43.83"
"2019";"7";"21";"7";"6";"4831";"178.";"3.5";"17.9";"90.";"8.";"86.29";"0.00";"86.29"
"2019";"7";"21";"7";"7";"4832";"164.";"3.9";"18.5";"87.";"4.";"295.80";"297.53";"149.84"
"2019";"7";"21";"7";"8";"4833";"176.";"4.3";"18.0";"88.";"7.";"155.27";"61.69";"118.03"
"2019";"7";"21";"7";"9";"4834";"184.";"4.0";"18.9";"84.";"6.";"250.70";"142.09";"151.81"
"2019";"7";"21";"7";"10";"4835";"201.";"4.5";"19.5";"78.";"6.";"396.51";"208.19";"238.02"
"2019";"7";"21";"7";"11";"4836";"196.";"4.4";"19.7";"75.";"7.";"338.83";"106.91";"253.83"
"2019";"7";"21";"7";"12";"4837";"192.";"4.3";"20.7";"74.";"8.";"250.34";"0.00";"250.34"
"2019";"7";"21";"7";"13";"4838";"213.";"4.1";"20.4";"76.";"8.";"239.99";"0.00";"239.99"
"2019";"7";"21";"7";"14";"4839";"213.";"3.8";"20.4";"77.";"8.";"212.87";"0.00";"212.87"
"2019";"7";"21";"7";"15";"4840";"280.";"3.0";"20.0";"78.";"6.";"213.06";"145.93";"124.97"
"2019";"7";"21";"7";"16";"4841";"279.";"4.4";"19.3";"78.";"7.";"120.95";"61.79";"90.63"
"2019";"7";"21";"7";"17";"4842";"271.";"4.1";"18.1";"80.";"8.";"92.69";"0.00";"92.69"
"2019";"7";"21";"7";"18";"4843";"262.";"4.5";"17.0";"81.";"8.";"44.33";"0.00";"44.33"
"2019";"7";"21";"7";"19";"4844";"252.";"4.2";"16.4";"80.";"8.";"3.29";"0.00";"3.29"
"2019";"7";"21";"7";"20";"4845";"251.";"4.3";"16.2";"81.";"8.";"0.00";"0.00";"0.00"
"2019";"7";"21";"7";"21";"4846";"253.";"4.5";"16.0";"80.";"8.";"0.00";"0.00";"0.00"
"2019";"7";"21";"7";"22";"4847";"259.";"4.8";"16.1";"80.";"8.";"0.00";"0.00";"0.00"
"2019";"7";"21";"7";"23";"4848";"266.";"4.2";"15.9";"80.";"7.";"0.00";"0.00";"0.00"
"2019";"7";"22";"1";"0";"4849";"270.";"4.7";"15.5";"82.";"3.";"0.00";"0.00";"0.00"
"2019";"7";"22";"1";"1";"4850";"273.";"4.0";"15.4";"81.";"4.";"0.00";"0.00";"0.00"
"2019";"7";"22";"1";"2";"4851";"274.";"4.2";"15.3";"81.";"2.";"0.00";"0.00";"0.00"
"2019";"7";"22";"1";"3";"4852";"278.";"3.9";"15.2";"82.";"5.";"0.00";"0.00";"0.00"
"2019";"7";"22";"1";"4";"4853";"273.";"3.4";"15.5";"83.";"6.";"4.67";"13.15";"3.29"
"2019";"7";"22";"1";"5";"4854";"270.";"3.8";"15.7";"82.";"8.";"44.88";"0.00";"44.88"
"2019";"7";"22";"1";"6";"4855";"263.";"4.0";"16.3";"80.";"8.";"92.51";"0.00";"92.51"
"2019";"7";"22";"1";"7";"4856";"258.";"3.7";"16.8";"78.";"7.";"186.13";"89.83";"142.27"
"2019";"7";"22";"1";"8";"4857";"253.";"4.3";"17.7";"73.";"7.";"242.81";"96.72";"184.64"
"2019";"7";"22";"1";"9";"4858";"253.";"4.5";"17.9";"71.";"7.";"291.45";"104.63";"218.85"
"2019";"7";"22";"1";"10";"4859";"252.";"4.1";"17.9";"70.";"7.";"328.54";"113.84";"242.11"
"2019";"7";"22";"1";"11";"4860";"242.";"3.6";"18.1";"68.";"7.";"345.40";"113.85";"255.11"
"2019";"7";"22";"1";"12";"4861";"214.";"3.1";"18.4";"66.";"8.";"253.55";"0.00";"253.55"
"2019";"7";"22";"1";"13";"4862";"206.";"4.0";"17.7";"73.";"8.";"486.51";"0.00";"486.51"
"2019";"7";"22";"1";"14";"4863";"192.";"4.0";"16.8";"78.";"7.";"286.59";"96.79";"219.44"
"2019";"7";"22";"1";"15";"4864";"180.";"4.4";"16.5";"81.";"8.";"102.96";"0.00";"102.96"
"2019";"7";"22";"1";"16";"4865";"174.";"4.5";"16.0";"86.";"8.";"78.38";"0.00";"78.38"
"2019";"7";"22";"1";"17";"4866";"171.";"4.6";"15.9";"89.";"8.";"51.77";"0.00";"51.77"
"2019";"7";"22";"1";"18";"4867";"176.";"4.8";"16.0";"91.";"8.";"42.30";"0.00";"42.30"
"2019";"7";"22";"1";"19";"4868";"172.";"4.9";"15.8";"93.";"8.";"0.09";"0.00";"0.09"
"2019";"7";"22";"1";"20";"4869";"173.";"4.7";"15.8";"95.";"8.";"0.00";"0.00";"0.00"
"2019";"7";"22";"1";"21";"4870";"182.";"4.5";"16.2";"95.";"8.";"0.00";"0.00";"0.00"
"2019";"7";"22";"1";"22";"4871";"197.";"3.8";"16.6";"95.";"8.";"0.00";"0.00";"0.00"
"2019";"7";"22";"1";"23";"4872";"212.";"3.1";"16.9";"93.";"8.";"0.00";"0.00";"0.00"
"2019";"7";"23";"2";"0";"4873";"242.";"3.1";"17.1";"93.";"8.";"0.00";"0.00";"0.00"
"2019";"7";"23";"2";"1";"4874";"258.";"2.9";"17.1";"93.";"7.";"0.00";"0.00";"0.00"
"2019";"7";"23";"2";"2";"4875";"270.";"3.3";"16.7";"94.";"8.";"0.00";"0.00";"0.00"
"2019";"7";"23";"2";"3";"4876";"273.";"2.9";"16.7";"94.";"8.";"0.00";"0.00";"0.00"
"2019";"7";"23";"2";"4";"4877";"277.";"3.0";"16.7";"94.";"8.";"0.00";"0.00";"0.00"
"2019";"7";"23";"2";"5";"4878";"273.";"2.7";"16.8";"93.";"8.";"34.85";"0.00";"34.85"
"2019";"7";"23";"2";"6";"4879";"267.";"3.1";"16.6";"93.";"8.";"76.29";"0.00";"76.29"
"2019";"7";"23";"2";"7";"4880";"266.";"3.2";"16.8";"93.";"7.";"143.05";"20.83";"132.94"
"2019";"7";"23";"2";"8";"4881";"270.";"2.9";"16.8";"93.";"7.";"206.94";"46.55";"179.05"
"2019";"7";"23";"2";"9";"4882";"270.";"3.4";"16.9";"92.";"8.";"200.36";"0.00";"200.36"
"2019";"7";"23";"2";"10";"4883";"283.";"3.2";"17.4";"89.";"8.";"216.24";"0.00";"216.24"
"2019";"7";"23";"2";"11";"4884";"289.";"2.7";"18.1";"86.";"4.";"521.85";"291.16";"291.55"
"2019";"7";"23";"2";"12";"4885";"294.";"2.8";"19.0";"83.";"7.";"311.56";"73.71";"253.26"
"2019";"7";"23";"2";"13";"4886";"298.";"3.1";"19.9";"78.";"6.";"364.50";"142.51";"256.61"
"2019";"7";"23";"2";"14";"4887";"295.";"3.3";"20.8";"75.";"5.";"387.75";"214.10";"239.67"
"2019";"7";"23";"2";"15";"4888";"293.";"3.2";"20.8";"74.";"3.";"434.93";"419.07";"183.87"
"2019";"7";"23";"2";"16";"4889";"303.";"2.7";"21.0";"73.";"1.";"395.21";"527.76";"138.87"
"2019";"7";"23";"2";"17";"4890";"301.";"3.1";"20.9";"72.";"1.";"261.06";"474.50";"90.58"
"2019";"7";"23";"2";"18";"4891";"297.";"2.6";"20.5";"74.";"0.";"128.97";"376.63";"42.95"
"2019";"7";"23";"2";"19";"4892";"292.";"2.6";"19.2";"78.";"0.";"0.00";"0.00";"0.00"
"2019";"7";"23";"2";"20";"4893";"297.";"1.5";"18.2";"82.";"0.";"0.00";"0.00";"0.00"
"2019";"7";"23";"2";"21";"4894";"326.";"0.2";"17.2";"86.";"0.";"0.00";"0.00";"0.00"
"2019";"7";"23";"2";"22";"4895";"140.";"0.3";"16.3";"88.";"0.";"0.00";"0.00";"0.00"
"2019";"7";"23";"2";"23";"4896";"136.";"0.9";"15.6";"90.";"0.";"0.00";"0.00";"0.00"
"2019";"7";"24";"3";"0";"4897";"130.";"0.8";"15.2";"91.";"1.";"0.00";"0.00";"0.00"
"2019";"7";"24";"3";"1";"4898";"171.";"0.6";"14.5";"92.";"2.";"0.00";"0.00";"0.00"
"2019";"7";"24";"3";"2";"4899";"187.";"0.7";"14.1";"92.";"0.";"0.00";"0.00";"0.00"
"2019";"7";"24";"3";"3";"4900";"148.";"0.3";"14.3";"93.";"3.";"0.00";"0.00";"0.00"
"2019";"7";"24";"3";"4";"4901";"140.";"0.5";"14.6";"93.";"6.";"0.00";"0.00";"0.00"
"2019";"7";"24";"3";"5";"4902";"137.";"0.6";"16.3";"91.";"6.";"61.30";"66.74";"46.25"
"2019";"7";"24";"3";"6";"4903";"152.";"0.8";"17.7";"89.";"7.";"109.08";"53.87";"89.87"
"2019";"7";"24";"3";"7";"4904";"150.";"0.7";"19.1";"84.";"5.";"257.79";"242.69";"140.54"
"2019";"7";"24";"3";"8";"4905";"188.";"0.8";"21.0";"76.";"1.";"533.43";"678.12";"128.82"
"2019";"7";"24";"3";"9";"4906";"234.";"1.6";"22.5";"69.";"0.";"687.98";"807.45";"131.38"
"2019";"7";"24";"3";"10";"4907";"252.";"2.4";"22.5";"68.";"2.";"662.62";"656.05";"167.39"
"2019";"7";"24";"3";"11";"4908";"242.";"1.8";"23.3";"64.";"3.";"626.43";"520.70";"215.72"
"2019";"7";"24";"3";"12";"4909";"243.";"2.1";"24.8";"61.";"2.";"687.67";"618.99";"199.42"
"2019";"7";"24";"3";"13";"4910";"253.";"3.1";"24.5";"60.";"1.";"710.19";"706.74";"176.70"
"2019";"7";"24";"3";"14";"4911";"253.";"3.2";"23.9";"61.";"3.";"529.56";"487.53";"193.49"
"2019";"7";"24";"3";"15";"4912";"235.";"2.1";"24.2";"60.";"0.";"576.55";"774.37";"114.52"
"2019";"7";"24";"3";"16";"4913";"241.";"2.0";"24.8";"62.";"0.";"430.30";"681.30";"101.13"
"2019";"7";"24";"3";"17";"4914";"258.";"2.3";"23.9";"63.";"0.";"280.67";"590.60";"70.08"
"2019";"7";"24";"3";"18";"4915";"264.";"2.0";"22.7";"66.";"0.";"127.43";"418.31";"33.10"
"2019";"7";"24";"3";"19";"4916";"269.";"1.4";"21.2";"74.";"0.";"0.00";"0.00";"0.00"
"2019";"7";"24";"3";"20";"4917";"256.";"0.8";"19.1";"83.";"0.";"0.00";"0.00";"0.00"
"2019";"7";"24";"3";"21";"4918";"87.";"0.4";"17.7";"89.";"0.";"0.00";"0.00";"0.00"
"2019";"7";"24";"3";"22";"4919";"102.";"0.9";"17.3";"92.";"0.";"0.00";"0.00";"0.00"
"2019";"7";"24";"3";"23";"4920";"106.";"0.6";"15.4";"95.";"0.";"0.00";"0.00";"0.00"
"2019";"7";"25";"4";"0";"4921";"108.";"1.1";"15.6";"92.";"0.";"0.00";"0.00";"0.00"
"2019";"7";"25";"4";"1";"4922";"105.";"1.4";"15.8";"92.";"0.";"0.00";"0.00";"0.00"
"2019";"7";"25";"4";"2";"4923";"107.";"1.6";"15.1";"91.";"0.";"0.00";"0.00";"0.00"
"2019";"7";"25";"4";"3";"4924";"121.";"1.7";"15.5";"91.";"0.";"0.00";"0.00";"0.00"
"2019";"7";"25";"4";"4";"4925";"125.";"2.1";"16.5";"89.";"0.";"0.00";"0.00";"0.00"
"2019";"7";"25";"4";"5";"4926";"142.";"2.3";"18.7";"86.";"1.";"112.97";"338.37";"37.68"
"2019";"7";"25";"4";"6";"4927";"169.";"2.5";"20.7";"81.";"0.";"274.40";"585.44";"67.31"
"2019";"7";"25";"4";"7";"4928";"168.";"2.8";"22.6";"74.";"0.";"427.54";"699.69";"91.33"
"2019";"7";"25";"4";"8";"4929";"188.";"2.8";"23.7";"67.";"0.";"574.50";"806.65";"95.22"
"2019";"7";"25";"4";"9";"4930";"200.";"2.7";"25.3";"62.";"0.";"688.28";"844.85";"107.90"
"2019";"7";"25";"4";"10";"4931";"199.";"2.9";"26.1";"59.";"0.";"769.09";"863.70";"119.09"
"2019";"7";"25";"4";"11";"4932";"204.";"3.1";"26.6";"57.";"0.";"805.57";"842.23";"143.11"
"2019";"7";"25";"4";"12";"4933";"198.";"3.1";"27.1";"53.";"4.";"670.03";"443.66";"321.08"
"2019";"7";"25";"4";"13";"4934";"205.";"2.9";"27.4";"51.";"2.";"704.60";"644.11";"219.85"
"2019";"7";"25";"4";"14";"4935";"211.";"2.6";"27.8";"53.";"1.";"659.24";"721.05";"163.91"
"2019";"7";"25";"4";"15";"4936";"220.";"2.8";"27.2";"53.";"0.";"571.21";"775.43";"110.47"
"2019";"7";"25";"4";"16";"4937";"228.";"2.5";"26.6";"54.";"2.";"399.28";"563.74";"128.40"
"2019";"7";"25";"4";"17";"4938";"236.";"2.2";"25.9";"55.";"0.";"281.06";"620.42";"61.60"
"2019";"7";"25";"4";"18";"4939";"244.";"1.8";"25.5";"56.";"3.";"107.37";"259.38";"49.66"
"2019";"7";"25";"4";"19";"4940";"223.";"0.7";"24.0";"61.";"1.";"0.00";"0.00";"0.00"
"2019";"7";"25";"4";"20";"4941";"153.";"0.2";"21.5";"69.";"0.";"0.00";"0.00";"0.00"
"2019";"7";"25";"4";"21";"4942";"76.";"0.5";"21.0";"75.";"0.";"0.00";"0.00";"0.00"
"2019";"7";"25";"4";"22";"4943";"83.";"0.9";"20.3";"79.";"0.";"0.00";"0.00";"0.00"
"2019";"7";"25";"4";"23";"4944";"101.";"1.1";"18.9";"81.";"1.";"0.00";"0.00";"0.00"
"2019";"7";"26";"5";"0";"4945";"64.";"0.5";"18.4";"83.";"2.";"0.00";"0.00";"0.00"
"2019";"7";"26";"5";"1";"4946";"106.";"0.8";"17.8";"84.";"2.";"0.00";"0.00";"0.00"
"2019";"7";"26";"5";"2";"4947";"100.";"0.7";"17.7";"85.";"0.";"0.00";"0.00";"0.00"
"2019";"7";"26";"5";"3";"4948";"9.";"0.3";"17.0";"86.";"0.";"0.00";"0.00";"0.00"
"2019";"7";"26";"5";"4";"4949";"13.";"0.5";"17.0";"86.";"0.";"0.00";"0.00";"0.00"
"2019";"7";"26";"5";"5";"4950";"32.";"0.7";"19.9";"80.";"1.";"110.92";"356.06";"32.80"
"2019";"7";"26";"5";"6";"4951";"19.";"1.3";"22.2";"70.";"0.";"278.00";"629.89";"57.01"
"2019";"7";"26";"5";"7";"4952";"16.";"1.5";"25.1";"61.";"0.";"430.35";"731.13";"81.04"
"2019";"7";"26";"5";"8";"4953";"27.";"1.6";"27.8";"53.";"0.";"571.78";"812.81";"90.93"
"2019";"7";"26";"5";"9";"4954";"28.";"1.4";"29.1";"46.";"0.";"684.47";"815.77";"126.07"
"2019";"7";"26";"5";"10";"4955";"25.";"1.4";"29.9";"42.";"0.";"768.26";"842.25";"136.39"
"2019";"7";"26";"5";"11";"4956";"33.";"1.7";"31.1";"40.";"0.";"811.81";"866.37";"132.37"
"2019";"7";"26";"5";"12";"4957";"29.";"2.0";"31.4";"38.";"0.";"812.06";"859.39";"138.10"
"2019";"7";"26";"5";"13";"4958";"13.";"2.2";"31.7";"39.";"1.";"733.88";"736.38";"181.43"
"2019";"7";"26";"5";"14";"4959";"18.";"2.4";"31.3";"40.";"1.";"663.62";"740.13";"156.99"
"2019";"7";"26";"5";"15";"4960";"15.";"2.7";"30.7";"40.";"4.";"489.19";"420.24";"240.59"
"2019";"7";"26";"5";"16";"4961";"45.";"2.7";"31.3";"38.";"5.";"337.18";"276.24";"205.19"
"2019";"7";"26";"5";"17";"4962";"84.";"2.3";"30.5";"40.";"2.";"256.50";"471.64";"91.03"
"2019";"7";"26";"5";"18";"4963";"109.";"3.9";"29.6";"40.";"0.";"128.91";"431.52";"34.22"
"2019";"7";"26";"5";"19";"4964";"119.";"3.6";"28.0";"40.";"1.";"0.00";"0.00";"0.00"
"2019";"7";"26";"5";"20";"4965";"128.";"3.0";"26.2";"46.";"0.";"0.00";"0.00";"0.00"
"2019";"7";"26";"5";"21";"4966";"128.";"2.9";"24.0";"52.";"0.";"0.00";"0.00";"0.00"
"2019";"7";"26";"5";"22";"4967";"113.";"3.3";"23.0";"57.";"0.";"0.00";"0.00";"0.00"
"2019";"7";"26";"5";"23";"4968";"110.";"2.9";"21.9";"60.";"0.";"0.00";"0.00";"0.00"
"2019";"7";"27";"6";"0";"4969";"108.";"2.6";"21.0";"64.";"1.";"0.00";"0.00";"0.00"
"2019";"7";"27";"6";"1";"4970";"105.";"2.7";"20.1";"65.";"0.";"0.00";"0.00";"0.00"
"2019";"7";"27";"6";"2";"4971";"99.";"2.5";"19.2";"69.";"0.";"0.00";"0.00";"0.00"
"2019";"7";"27";"6";"3";"4972";"99.";"2.5";"18.5";"71.";"2.";"0.00";"0.00";"0.00"
"2019";"7";"27";"6";"4";"4973";"96.";"2.1";"18.7";"70.";"2.";"0.00";"0.00";"0.00"
"2019";"7";"27";"6";"5";"4974";"89.";"2.4";"19.9";"68.";"1.";"119.77";"382.52";"37.04"
"2019";"7";"27";"6";"6";"4975";"84.";"2.8";"21.1";"65.";"0.";"283.12";"645.28";"58.65"
"2019";"7";"27";"6";"7";"4976";"83.";"2.9";"22.6";"62.";"1.";"405.40";"661.64";"91.14"
"2019";"7";"27";"6";"8";"4977";"89.";"3.7";"24.1";"59.";"1.";"534.17";"717.10";"111.84"
"2019";"7";"27";"6";"9";"4978";"94.";"4.5";"25.5";"54.";"1.";"658.74";"734.36";"157.92"
"2019";"7";"27";"6";"10";"4979";"92.";"4.8";"26.4";"50.";"5.";"464.22";"324.78";"221.36"
"2019";"7";"27";"6";"11";"4980";"93.";"4.4";"27.2";"48.";"2.";"739.97";"644.95";"235.72"
"2019";"7";"27";"6";"12";"4981";"89.";"4.9";"27.5";"45.";"0.";"817.14";"886.41";"124.11"
"2019";"7";"27";"6";"13";"4982";"89.";"4.6";"28.7";"43.";"3.";"689.07";"572.41";"261.03"
"2019";"7";"27";"6";"14";"4983";"89.";"4.9";"29.4";"41.";"2.";"634.84";"654.29";"188.62"
"2019";"7";"27";"6";"15";"4984";"71.";"4.4";"29.5";"41.";"2.";"525.08";"601.58";"170.78"
"2019";"7";"27";"6";"16";"4985";"75.";"4.6";"28.9";"42.";"4.";"370.11";"388.87";"185.41"
"2019";"7";"27";"6";"17";"4986";"73.";"4.4";"28.6";"42.";"2.";"256.90";"476.77";"91.05"
"2019";"7";"27";"6";"18";"4987";"72.";"4.4";"28.0";"42.";"6.";"94.77";"107.16";"71.60"
"2019";"7";"27";"6";"19";"4988";"82.";"3.5";"26.8";"45.";"6.";"0.00";"0.00";"0.00"
"2019";"7";"27";"6";"20";"4989";"87.";"2.6";"25.5";"50.";"5.";"0.00";"0.00";"0.00"
"2019";"7";"27";"6";"21";"4990";"62.";"1.9";"24.0";"57.";"8.";"0.00";"0.00";"0.00"
"2019";"7";"27";"6";"22";"4991";"59.";"2.3";"23.4";"58.";"4.";"0.00";"0.00";"0.00"
"2019";"7";"27";"6";"23";"4992";"57.";"2.7";"22.7";"61.";"2.";"0.00";"0.00";"0.00"
"2019";"7";"28";"7";"0";"4993";"52.";"2.9";"22.1";"65.";"4.";"0.00";"0.00";"0.00"
"2019";"7";"28";"7";"1";"4994";"57.";"2.8";"21.4";"68.";"3.";"0.00";"0.00";"0.00"
"2019";"7";"28";"7";"2";"4995";"69.";"2.8";"20.8";"72.";"7.";"0.00";"0.00";"0.00"
"2019";"7";"28";"7";"3";"4996";"64.";"2.5";"20.5";"73.";"2.";"0.00";"0.00";"0.00"
"2019";"7";"28";"7";"4";"4997";"74.";"2.7";"20.5";"73.";"4.";"0.00";"0.00";"0.00"
"2019";"7";"28";"7";"5";"4998";"55.";"2.2";"21.3";"73.";"2.";"101.69";"273.72";"43.38"
"2019";"7";"28";"7";"6";"4999";"69.";"2.9";"22.1";"68.";"4.";"223.29";"306.76";"117.52"
"2019";"7";"28";"7";"7";"5000";"63.";"2.7";"22.4";"69.";"8.";"261.82";"0.00";"261.82"
"2019";"7";"28";"7";"8";"5001";"69.";"2.7";"22.9";"68.";"7.";"379.19";"97.50";"322.04"
"2019";"7";"28";"7";"9";"5002";"75.";"2.0";"23.0";"66.";"7.";"445.10";"89.60";"384.22"
"2019";"7";"28";"7";"10";"5003";"166.";"2.9";"21.0";"86.";"7.";"188.01";"48.98";"151.51"
"2019";"7";"28";"7";"11";"5004";"96.";"2.2";"24.0";"79.";"4.";"527.20";"346.11";"257.45"
"2019";"7";"28";"7";"12";"5005";"92.";"3.7";"24.6";"71.";"3.";"610.99";"518.01";"207.26"
"2019";"7";"28";"7";"13";"5006";"97.";"4.0";"25.3";"75.";"3.";"575.16";"516.33";"190.36"
"2019";"7";"28";"7";"14";"5007";"113.";"4.7";"26.6";"60.";"5.";"515.42";"291.54";"317.35"
"2019";"7";"28";"7";"15";"5008";"93.";"4.6";"27.8";"54.";"5.";"336.64";"289.82";"166.75"
"2019";"7";"28";"7";"16";"5009";"99.";"4.4";"27.0";"53.";"6.";"309.65";"188.53";"220.65"
"2019";"7";"28";"7";"17";"5010";"102.";"4.2";"26.7";"53.";"5.";"207.82";"223.92";"130.62"
"2019";"7";"28";"7";"18";"5011";"103.";"4.0";"26.2";"55.";"6.";"80.07";"95.43";"59.74"
"2019";"7";"28";"7";"19";"5012";"322.";"0.4";"24.1";"65.";"8.";"0.00";"0.00";"0.00"
"2019";"7";"28";"7";"20";"5013";"71.";"0.3";"21.4";"72.";"8.";"0.00";"0.00";"0.00"
"2019";"7";"28";"7";"21";"5014";"116.";"0.7";"20.4";"74.";"5.";"0.00";"0.00";"0.00"
"2019";"7";"28";"7";"22";"5015";"155.";"0.7";"20.2";"74.";"8.";"0.00";"0.00";"0.00"
"2019";"7";"28";"7";"23";"5016";"147.";"1.0";"19.4";"76.";"3.";"0.00";"0.00";"0.00"
"2019";"7";"29";"1";"0";"5017";"137.";"0.9";"19.4";"78.";"3.";"0.00";"0.00";"0.00"
"2019";"7";"29";"1";"1";"5018";"109.";"1.4";"19.9";"78.";"4.";"0.00";"0.00";"0.00"
"2019";"7";"29";"1";"2";"5019";"104.";"1.4";"20.0";"78.";"5.";"0.00";"0.00";"0.00"
"2019";"7";"29";"1";"3";"5020";"96.";"1.0";"18.7";"79.";"2.";"0.00";"0.00";"0.00"
"2019";"7";"29";"1";"4";"5021";"96.";"1.2";"19.2";"79.";"1.";"0.00";"0.00";"0.00"
"2019";"7";"29";"1";"5";"5022";"95.";"1.1";"20.0";"78.";"5.";"64.23";"127.62";"37.47"
"2019";"7";"29";"1";"6";"5023";"89.";"1.2";"21.7";"74.";"5.";"156.43";"207.03";"85.70"
"2019";"7";"29";"1";"7";"5024";"80.";"1.7";"23.6";"67.";"4.";"282.58";"319.68";"132.62"
"2019";"7";"29";"1";"8";"5025";"76.";"1.4";"25.6";"62.";"5.";"325.26";"251.63";"178.46"
"2019";"7";"29";"1";"9";"5026";"101.";"1.4";"27.2";"55.";"5.";"399.76";"286.87";"205.63"
"2019";"7";"29";"1";"10";"5027";"104.";"1.8";"28.8";"48.";"0.";"748.62";"796.32";"157.20"
"2019";"7";"29";"1";"11";"5028";"106.";"1.4";"29.0";"46.";"7.";"537.05";"105.22";"455.32"
"2019";"7";"29";"1";"12";"5029";"111.";"0.5";"29.3";"46.";"8.";"493.39";"0.00";"493.39"
"2019";"7";"29";"1";"13";"5030";"25.";"0.3";"29.5";"45.";"8.";"464.69";"0.00";"464.69"
"2019";"7";"29";"1";"14";"5031";"339.";"1.1";"29.0";"45.";"6.";"512.31";"203.29";"374.74"
"2019";"7";"29";"1";"15";"5032";"335.";"2.1";"28.4";"45.";"8.";"346.74";"0.00";"346.74"
"2019";"7";"29";"1";"16";"5033";"339.";"2.1";"28.9";"48.";"8.";"128.63";"0.00";"128.63"
"2019";"7";"29";"1";"17";"5034";"5.";"2.3";"28.4";"49.";"5.";"201.59";"209.52";"130.01"
"2019";"7";"29";"1";"18";"5035";"12.";"2.4";"27.4";"51.";"5.";"81.18";"127.39";"54.47"
"2019";"7";"29";"1";"19";"5036";"38.";"2.1";"25.6";"61.";"2.";"0.00";"0.00";"0.00"
"2019";"7";"29";"1";"20";"5037";"64.";"1.7";"23.7";"68.";"1.";"0.00";"0.00";"0.00"
"2019";"7";"29";"1";"21";"5038";"44.";"1.1";"22.0";"74.";"8.";"0.00";"0.00";"0.00"
"2019";"7";"29";"1";"22";"5039";"66.";"1.7";"20.8";"77.";"6.";"0.00";"0.00";"0.00"
"2019";"7";"29";"1";"23";"5040";"54.";"1.7";"21.1";"79.";"8.";"0.00";"0.00";"0.00"
"2019";"7";"30";"2";"0";"5041";"63.";"1.6";"20.7";"80.";"8.";"0.00";"0.00";"0.00"
"2019";"7";"30";"2";"1";"5042";"90.";"2.3";"20.1";"82.";"7.";"0.00";"0.00";"0.00"
"2019";"7";"30";"2";"2";"5043";"102.";"3.1";"20.2";"85.";"4.";"0.00";"0.00";"0.00"
"2019";"7";"30";"2";"3";"5044";"98.";"2.7";"19.9";"85.";"8.";"0.00";"0.00";"0.00"
"2019";"7";"30";"2";"4";"5045";"90.";"2.7";"19.9";"85.";"3.";"0.00";"0.00";"0.00"
"2019";"7";"30";"2";"5";"5046";"90.";"1.9";"21.6";"80.";"3.";"71.87";"181.98";"34.34"
"2019";"7";"30";"2";"6";"5047";"66.";"1.7";"22.1";"78.";"8.";"154.69";"0.00";"154.69"
"2019";"7";"30";"2";"7";"5048";"52.";"3.7";"22.4";"78.";"8.";"72.59";"0.00";"72.59"
"2019";"7";"30";"2";"8";"5049";"61.";"4.9";"21.1";"79.";"6.";"198.26";"131.02";"122.20"
"2019";"7";"30";"2";"9";"5050";"63.";"6.8";"18.4";"80.";"7.";"183.22";"70.87";"135.45"
"2019";"7";"30";"2";"10";"5051";"68.";"6.1";"17.6";"74.";"8.";"139.12";"0.00";"139.12"
"2019";"7";"30";"2";"11";"5052";"67.";"5.0";"16.8";"74.";"8.";"148.13";"0.00";"148.13"
"2019";"7";"30";"2";"12";"5053";"76.";"4.5";"16.4";"74.";"7.";"225.04";"76.86";"165.53"
"2019";"7";"30";"2";"13";"5054";"67.";"3.6";"15.5";"80.";"8.";"133.29";"0.00";"133.29"
"2019";"7";"30";"2";"14";"5055";"71.";"4.2";"15.0";"83.";"7.";"186.06";"72.67";"137.08"
"2019";"7";"30";"2";"15";"5056";"83.";"4.7";"15.1";"81.";"7.";"158.62";"70.22";"117.86"
"2019";"7";"30";"2";"16";"5057";"83.";"3.8";"14.9";"81.";"8.";"74.16";"0.00";"74.16"
"2019";"7";"30";"2";"17";"5058";"81.";"3.6";"14.6";"83.";"7.";"72.12";"43.83";"57.28"
"2019";"7";"30";"2";"18";"5059";"80.";"3.4";"14.5";"84.";"7.";"32.39";"34.12";"25.36"
"2019";"7";"30";"2";"19";"5060";"81.";"3.2";"14.5";"82.";"8.";"0.00";"0.00";"0.00"
"2019";"7";"30";"2";"20";"5061";"86.";"3.5";"14.7";"77.";"7.";"0.00";"0.00";"0.00"
"2019";"7";"30";"2";"21";"5062";"94.";"3.3";"14.8";"75.";"7.";"0.00";"0.00";"0.00"
"2019";"7";"30";"2";"22";"5063";"96.";"3.4";"14.9";"75.";"8.";"0.00";"0.00";"0.00"
"2019";"7";"30";"2";"23";"5064";"108.";"3.4";"15.0";"74.";"7.";"0.00";"0.00";"0.00"
"2019";"7";"31";"3";"0";"5065";"112.";"3.6";"14.9";"70.";"8.";"0.00";"0.00";"0.00"
"2019";"7";"31";"3";"1";"5066";"105.";"3.9";"14.8";"66.";"8.";"0.00";"0.00";"0.00"
"2019";"7";"31";"3";"2";"5067";"110.";"3.6";"14.8";"63.";"7.";"0.00";"0.00";"0.00"
"2019";"7";"31";"3";"3";"5068";"109.";"3.8";"14.6";"63.";"7.";"0.00";"0.00";"0.00"
"2019";"7";"31";"3";"4";"5069";"106.";"3.7";"14.4";"64.";"8.";"0.00";"0.00";"0.00"
"2019";"7";"31";"3";"5";"5070";"102.";"4.3";"14.2";"65.";"8.";"40.25";"0.00";"40.25"
"2019";"7";"31";"3";"6";"5071";"103.";"4.2";"14.0";"65.";"8.";"89.01";"0.00";"89.01"
"2019";"7";"31";"3";"7";"5072";"95.";"4.1";"13.9";"66.";"8.";"136.74";"0.00";"136.74"
"2019";"7";"31";"3";"8";"5073";"98.";"4.0";"14.4";"66.";"8.";"105.28";"0.00";"105.28"
"2019";"7";"31";"3";"9";"5074";"106.";"3.4";"15.2";"65.";"8.";"215.72";"0.00";"215.72"
"2019";"7";"31";"3";"10";"5075";"105.";"2.3";"15.4";"67.";"8.";"240.48";"0.00";"240.48"
"2019";"7";"31";"3";"11";"5076";"90.";"2.1";"15.3";"70.";"8.";"244.71";"0.00";"244.71"
"2019";"7";"31";"3";"12";"5077";"82.";"2.2";"15.4";"72.";"8.";"145.47";"0.00";"145.47"
"2019";"7";"31";"3";"13";"5078";"88.";"1.6";"15.3";"72.";"8.";"140.74";"0.00";"140.74"
"2019";"7";"31";"3";"14";"5079";"88.";"1.7";"15.4";"74.";"7.";"285.35";"108.90";"212.26"
"2019";"7";"31";"3";"15";"5080";"118.";"1.1";"15.1";"80.";"8.";"100.25";"0.00";"100.25"
"2019";"7";"31";"3";"16";"5081";"65.";"1.7";"15.1";"82.";"8.";"77.67";"0.00";"77.67"
"2019";"7";"31";"3";"17";"5082";"41.";"1.0";"14.9";"83.";"8.";"49.02";"0.00";"49.02"
"2019";"7";"31";"3";"18";"5083";"4.";"1.1";"14.9";"85.";"8.";"36.54";"0.00";"36.54"
"2019";"7";"31";"3";"19";"5084";"36.";"1.8";"14.8";"86.";"8.";"0.00";"0.00";"0.00"
"2019";"7";"31";"3";"20";"5085";"13.";"1.5";"14.4";"90.";"8.";"0.00";"0.00";"0.00"
"2019";"7";"31";"3";"21";"5086";"24.";"0.8";"14.2";"88.";"8.";"0.00";"0.00";"0.00"
"2019";"7";"31";"3";"22";"5087";"16.";"0.7";"14.2";"88.";"8.";"0.00";"0.00";"0.00"
"2019";"7";"31";"3";"23";"5088";"5.";"0.2";"14.3";"88.";"8.";"0.00";"0.00";"0.00"
"2019";"8";"1";"4";"0";"5089";"80.";"1.1";"14.3";"86.";"8.";"0.00";"0.00";"0.00"
"2019";"8";"1";"4";"1";"5090";"74.";"1.4";"14.1";"84.";"8.";"0.00";"0.00";"0.00"
"2019";"8";"1";"4";"2";"5091";"87.";"1.9";"13.7";"81.";"8.";"0.00";"0.00";"0.00"
"2019";"8";"1";"4";"3";"5092";"95.";"1.9";"13.1";"84.";"8.";"0.00";"0.00";"0.00"
"2019";"8";"1";"4";"4";"5093";"104.";"1.6";"13.1";"84.";"8.";"0.00";"0.00";"0.00"
"2019";"8";"1";"4";"5";"5094";"97.";"1.9";"13.5";"83.";"8.";"38.74";"0.00";"38.74"
"2019";"8";"1";"4";"6";"5095";"91.";"1.7";"14.5";"80.";"6.";"143.60";"168.46";"87.73"
"2019";"8";"1";"4";"7";"5096";"97.";"1.9";"16.7";"69.";"7.";"180.75";"97.72";"135.82"
"2019";"8";"1";"4";"8";"5097";"121.";"1.7";"18.4";"62.";"7.";"238.20";"103.21";"178.90"
"2019";"8";"1";"4";"9";"5098";"74.";"1.0";"19.7";"55.";"5.";"419.64";"325.19";"202.34"
"2019";"8";"1";"4";"10";"5099";"67.";"0.5";"20.5";"52.";"5.";"472.50";"345.21";"218.95"
"2019";"8";"1";"4";"11";"5100";"296.";"0.8";"20.3";"51.";"4.";"587.24";"481.45";"217.10"
"2019";"8";"1";"4";"12";"5101";"281.";"1.8";"20.7";"51.";"4.";"566.41";"445.19";"224.15"
"2019";"8";"1";"4";"13";"5102";"280.";"2.3";"21.4";"50.";"6.";"398.83";"228.27";"231.16"
"2019";"8";"1";"4";"14";"5103";"276.";"2.8";"21.0";"52.";"6.";"354.67";"217.07";"209.62"
"2019";"8";"1";"4";"15";"5104";"315.";"3.1";"20.8";"52.";"6.";"425.75";"213.63";"303.02"
"2019";"8";"1";"4";"16";"5105";"312.";"3.1";"21.1";"51.";"8.";"273.52";"0.00";"273.52"
"2019";"8";"1";"4";"17";"5106";"313.";"3.0";"20.9";"55.";"8.";"173.34";"0.00";"173.34"
"2019";"8";"1";"4";"18";"5107";"315.";"3.2";"20.1";"59.";"8.";"75.28";"0.00";"75.28"
"2019";"8";"1";"4";"19";"5108";"317.";"2.8";"18.8";"63.";"7.";"0.00";"0.00";"0.00"
"2019";"8";"1";"4";"20";"5109";"311.";"2.1";"17.3";"72.";"1.";"0.00";"0.00";"0.00"
"2019";"8";"1";"4";"21";"5110";"316.";"2.1";"16.0";"78.";"2.";"0.00";"0.00";"0.00"
"2019";"8";"1";"4";"22";"5111";"313.";"1.9";"15.0";"83.";"2.";"0.00";"0.00";"0.00"
"2019";"8";"1";"4";"23";"5112";"330.";"1.4";"14.4";"86.";"0.";"0.00";"0.00";"0.00"
"2019";"8";"2";"5";"0";"5113";"333.";"1.0";"13.4";"88.";"0.";"0.00";"0.00";"0.00"
"2019";"8";"2";"5";"1";"5114";"351.";"0.7";"12.7";"90.";"0.";"0.00";"0.00";"0.00"
"2019";"8";"2";"5";"2";"5115";"15.";"0.8";"12.4";"91.";"0.";"0.00";"0.00";"0.00"
"2019";"8";"2";"5";"3";"5116";"312.";"1.0";"11.4";"90.";"0.";"0.00";"0.00";"0.00"
"2019";"8";"2";"5";"4";"5117";"297.";"1.3";"11.7";"89.";"0.";"0.00";"0.00";"0.00"
"2019";"8";"2";"5";"5";"5118";"304.";"1.1";"13.6";"84.";"0.";"120.58";"443.14";"33.95"
"2019";"8";"2";"5";"6";"5119";"299.";"1.5";"16.8";"77.";"0.";"278.92";"667.73";"59.75"
"2019";"8";"2";"5";"7";"5120";"303.";"1.8";"19.4";"68.";"0.";"427.30";"758.34";"81.16"
"2019";"8";"2";"5";"8";"5121";"315.";"2.2";"21.0";"58.";"1.";"530.14";"715.97";"121.04"
"2019";"8";"2";"5";"9";"5122";"314.";"2.6";"21.4";"57.";"3.";"596.95";"537.06";"239.68"
"2019";"8";"2";"5";"10";"5123";"304.";"3.6";"21.7";"57.";"2.";"658.96";"676.09";"164.33"
"2019";"8";"2";"5";"11";"5124";"303.";"4.0";"22.6";"52.";"5.";"493.21";"347.05";"227.39"
"2019";"8";"2";"5";"12";"5125";"305.";"4.3";"23.3";"50.";"5.";"492.71";"345.52";"228.06"
"2019";"8";"2";"5";"13";"5126";"300.";"4.8";"22.7";"48.";"3.";"605.55";"587.88";"175.45"
"2019";"8";"2";"5";"14";"5127";"300.";"4.6";"22.9";"46.";"0.";"697.13";"892.04";"103.71"
"2019";"8";"2";"5";"15";"5128";"302.";"4.8";"22.8";"47.";"0.";"580.35";"860.27";"88.81"
"2019";"8";"2";"5";"16";"5129";"308.";"4.3";"22.1";"50.";"4.";"357.86";"393.86";"178.09"
"2019";"8";"2";"5";"17";"5130";"307.";"4.0";"21.4";"52.";"1.";"265.74";"587.07";"73.05"
"2019";"8";"2";"5";"18";"5131";"307.";"3.3";"20.7";"52.";"3.";"105.64";"279.60";"50.98"
"2019";"8";"2";"5";"19";"5132";"312.";"2.6";"19.1";"58.";"5.";"0.00";"0.00";"0.00"
"2019";"8";"2";"5";"20";"5133";"319.";"1.8";"17.4";"67.";"1.";"0.00";"0.00";"0.00"
"2019";"8";"2";"5";"21";"5134";"315.";"1.3";"15.9";"76.";"0.";"0.00";"0.00";"0.00"
"2019";"8";"2";"5";"22";"5135";"296.";"1.4";"14.5";"82.";"0.";"0.00";"0.00";"0.00"
"2019";"8";"2";"5";"23";"5136";"306.";"1.3";"13.5";"85.";"0.";"0.00";"0.00";"0.00"
"2019";"8";"3";"6";"0";"5137";"299.";"1.1";"13.2";"86.";"1.";"0.00";"0.00";"0.00"
"2019";"8";"3";"6";"1";"5138";"303.";"0.9";"12.7";"87.";"0.";"0.00";"0.00";"0.00"
"2019";"8";"3";"6";"2";"5139";"4.";"0.3";"12.5";"88.";"0.";"0.00";"0.00";"0.00"
"2019";"8";"3";"6";"3";"5140";"266.";"0.2";"12.4";"89.";"0.";"0.00";"0.00";"0.00"
"2019";"8";"3";"6";"4";"5141";"7.";"0.3";"12.5";"91.";"0.";"0.00";"0.00";"0.00"
"2019";"8";"3";"6";"5";"5142";"267.";"0.6";"13.9";"88.";"2.";"95.97";"315.15";"35.54"
"2019";"8";"3";"6";"6";"5143";"273.";"1.3";"17.1";"78.";"3.";"205.97";"404.16";"74.75"
"2019";"8";"3";"6";"7";"5144";"309.";"1.5";"19.1";"67.";"0.";"427.49";"782.65";"72.89"
"2019";"8";"3";"6";"8";"5145";"290.";"2.0";"20.4";"60.";"4.";"470.41";"428.24";"227.09"
"2019";"8";"3";"6";"9";"5146";"299.";"2.3";"21.4";"58.";"1.";"652.54";"740.13";"162.44"
"2019";"8";"3";"6";"10";"5147";"288.";"2.5";"21.6";"56.";"4.";"632.48";"449.35";"305.06"
"2019";"8";"3";"6";"11";"5148";"287.";"2.8";"21.6";"55.";"2.";"618.69";"596.25";"163.72"
"2019";"8";"3";"6";"12";"5149";"281.";"3.3";"21.9";"55.";"2.";"684.31";"638.43";"197.16"
"2019";"8";"3";"6";"13";"5150";"277.";"3.1";"22.2";"51.";"7.";"319.98";"116.93";"234.78"
"2019";"8";"3";"6";"14";"5151";"278.";"3.6";"21.8";"56.";"2.";"578.68";"619.16";"168.68"
"2019";"8";"3";"6";"15";"5152";"285.";"3.9";"21.2";"63.";"3.";"430.41";"479.01";"158.24"
"2019";"8";"3";"6";"16";"5153";"289.";"3.5";"20.9";"66.";"1.";"384.21";"610.78";"107.49"
"2019";"8";"3";"6";"17";"5154";"298.";"3.1";"20.3";"68.";"3.";"200.44";"371.93";"79.68"
"2019";"8";"3";"6";"18";"5155";"301.";"3.2";"19.0";"72.";"1.";"93.21";"302.69";"35.17"
"2019";"8";"3";"6";"19";"5156";"305.";"3.0";"17.8";"79.";"3.";"0.00";"0.00";"0.00"
"2019";"8";"3";"6";"20";"5157";"306.";"2.2";"16.7";"86.";"3.";"0.00";"0.00";"0.00"
"2019";"8";"3";"6";"21";"5158";"303.";"1.7";"16.9";"86.";"7.";"0.00";"0.00";"0.00"
"2019";"8";"3";"6";"22";"5159";"289.";"1.5";"17.0";"86.";"7.";"0.00";"0.00";"0.00"
"2019";"8";"3";"6";"23";"5160";"279.";"1.1";"16.6";"86.";"7.";"0.00";"0.00";"0.00"
"2019";"8";"4";"7";"0";"5161";"254.";"1.7";"15.9";"88.";"3.";"0.00";"0.00";"0.00"
"2019";"8";"4";"7";"1";"5162";"251.";"2.3";"16.0";"88.";"3.";"0.00";"0.00";"0.00"
"2019";"8";"4";"7";"2";"5163";"254.";"2.0";"16.2";"87.";"5.";"0.00";"0.00";"0.00"
"2019";"8";"4";"7";"3";"5164";"263.";"1.4";"16.2";"87.";"3.";"0.00";"0.00";"0.00"
"2019";"8";"4";"7";"4";"5165";"241.";"1.0";"16.2";"87.";"4.";"0.00";"0.00";"0.00"
"2019";"8";"4";"7";"5";"5166";"243.";"1.6";"16.7";"85.";"7.";"39.57";"44.56";"31.19"
"2019";"8";"4";"7";"6";"5167";"225.";"1.5";"17.5";"79.";"5.";"153.91";"219.55";"83.43"
"2019";"8";"4";"7";"7";"5168";"222.";"1.3";"18.1";"75.";"6.";"211.60";"181.68";"129.91"
"2019";"8";"4";"7";"8";"5169";"241.";"1.8";"18.8";"70.";"8.";"171.46";"0.00";"171.46"
"2019";"8";"4";"7";"9";"5170";"237.";"2.4";"19.5";"68.";"2.";"579.83";"651.38";"150.54"
"2019";"8";"4";"7";"10";"5171";"233.";"2.8";"20.0";"67.";"5.";"449.82";"302.09";"230.61"
"2019";"8";"4";"7";"11";"5172";"229.";"3.0";"20.1";"65.";"4.";"549.19";"422.53";"228.04"
"2019";"8";"4";"7";"12";"5173";"223.";"3.0";"20.0";"65.";"4.";"557.10";"453.82";"212.16"
"2019";"8";"4";"7";"13";"5174";"224.";"3.5";"20.1";"65.";"4.";"526.92";"447.22";"202.42"
"2019";"8";"4";"7";"14";"5175";"224.";"3.6";"20.2";"64.";"6.";"342.68";"204.84";"207.68"
"2019";"8";"4";"7";"15";"5176";"244.";"2.7";"19.9";"64.";"8.";"172.74";"0.00";"172.74"
"2019";"8";"4";"7";"16";"5177";"256.";"2.3";"19.8";"64.";"6.";"213.86";"187.08";"129.74"
"2019";"8";"4";"7";"17";"5178";"277.";"1.8";"19.4";"66.";"5.";"157.67";"236.29";"81.81"
"2019";"8";"4";"7";"18";"5179";"289.";"2.3";"18.5";"68.";"4.";"70.66";"188.97";"35.15"
"2019";"8";"4";"7";"19";"5180";"298.";"2.2";"17.5";"73.";"6.";"0.00";"0.00";"0.00"
"2019";"8";"4";"7";"20";"5181";"305.";"1.8";"16.2";"79.";"6.";"0.00";"0.00";"0.00"
"2019";"8";"4";"7";"21";"5182";"300.";"1.9";"15.2";"84.";"6.";"0.00";"0.00";"0.00"
"2019";"8";"4";"7";"22";"5183";"310.";"1.3";"14.7";"86.";"8.";"0.00";"0.00";"0.00"
"2019";"8";"4";"7";"23";"5184";"315.";"0.8";"14.7";"86.";"6.";"0.00";"0.00";"0.00"
"2019";"8";"5";"1";"0";"5185";"290.";"0.6";"14.3";"86.";"8.";"0.00";"0.00";"0.00"
"2019";"8";"5";"1";"1";"5186";"286.";"0.6";"13.9";"87.";"6.";"0.00";"0.00";"0.00"
"2019";"8";"5";"1";"2";"5187";"317.";"0.3";"14.5";"87.";"7.";"0.00";"0.00";"0.00"
"2019";"8";"5";"1";"3";"5188";"74.";"0.3";"14.3";"86.";"7.";"0.00";"0.00";"0.00"
"2019";"8";"5";"1";"4";"5189";"149.";"0.3";"14.7";"85.";"7.";"0.00";"0.00";"0.00"
"2019";"8";"5";"1";"5";"5190";"155.";"0.6";"15.4";"84.";"8.";"62.20";"0.00";"62.20"
"2019";"8";"5";"1";"6";"5191";"209.";"0.8";"16.0";"80.";"7.";"106.19";"77.54";"81.58"
"2019";"8";"5";"1";"7";"5192";"202.";"1.5";"16.7";"78.";"7.";"171.29";"93.99";"129.36"
"2019";"8";"5";"1";"8";"5193";"219.";"1.9";"16.8";"75.";"7.";"225.68";"91.80";"174.13"
"2019";"8";"5";"1";"9";"5194";"194.";"1.6";"17.7";"70.";"6.";"345.48";"215.03";"204.45"
"2019";"8";"5";"1";"10";"5195";"212.";"2.1";"18.5";"64.";"7.";"316.59";"115.65";"233.03"
"2019";"8";"5";"1";"11";"5196";"217.";"2.6";"20.0";"59.";"7.";"333.48";"115.64";"245.94"
"2019";"8";"5";"1";"12";"5197";"206.";"2.7";"20.1";"58.";"6.";"407.52";"215.79";"244.17"
"2019";"8";"5";"1";"13";"5198";"217.";"3.1";"20.0";"55.";"4.";"523.43";"424.29";"216.88"
"2019";"8";"5";"1";"14";"5199";"220.";"2.8";"20.6";"55.";"1.";"655.61";"777.51";"145.69"
"2019";"8";"5";"1";"15";"5200";"226.";"2.3";"20.7";"57.";"5.";"435.86";"312.79";"260.20"
"2019";"8";"5";"1";"16";"5201";"210.";"1.7";"20.5";"57.";"3.";"359.60";"442.25";"162.30"
"2019";"8";"5";"1";"17";"5202";"200.";"2.2";"20.1";"60.";"3.";"201.02";"393.49";"76.15"
"2019";"8";"5";"1";"18";"5203";"200.";"2.5";"18.8";"66.";"1.";"95.05";"337.14";"33.01"
"2019";"8";"5";"1";"19";"5204";"180.";"2.4";"18.5";"70.";"7.";"0.00";"0.00";"0.00"
"2019";"8";"5";"1";"20";"5205";"168.";"2.3";"17.6";"73.";"6.";"0.00";"0.00";"0.00"
"2019";"8";"5";"1";"21";"5206";"197.";"2.4";"17.0";"81.";"7.";"0.00";"0.00";"0.00"
"2019";"8";"5";"1";"22";"5207";"190.";"2.1";"16.7";"90.";"8.";"0.00";"0.00";"0.00"
"2019";"8";"5";"1";"23";"5208";"223.";"2.4";"16.5";"94.";"8.";"0.00";"0.00";"0.00"
"2019";"8";"6";"2";"0";"5209";"195.";"1.9";"16.1";"95.";"8.";"0.00";"0.00";"0.00"
"2019";"8";"6";"2";"1";"5210";"205.";"2.1";"15.8";"93.";"8.";"0.00";"0.00";"0.00"
"2019";"8";"6";"2";"2";"5211";"163.";"0.8";"15.5";"93.";"8.";"0.00";"0.00";"0.00"
"2019";"8";"6";"2";"3";"5212";"134.";"1.5";"15.4";"94.";"8.";"0.00";"0.00";"0.00"
"2019";"8";"6";"2";"4";"5213";"124.";"2.2";"15.4";"94.";"8.";"0.00";"0.00";"0.00"
"2019";"8";"6";"2";"5";"5214";"126.";"3.3";"15.7";"94.";"8.";"14.86";"0.00";"14.86"
"2019";"8";"6";"2";"6";"5215";"136.";"3.2";"16.1";"93.";"7.";"56.59";"23.13";"49.33"
"2019";"8";"6";"2";"7";"5216";"141.";"3.3";"16.5";"94.";"8.";"62.46";"0.00";"62.46"
"2019";"8";"6";"2";"8";"5217";"152.";"3.7";"18.1";"90.";"7.";"140.61";"55.96";"109.38"
"2019";"8";"6";"2";"9";"5218";"180.";"3.1";"17.6";"91.";"8.";"99.54";"0.00";"99.54"
"2019";"8";"6";"2";"10";"5219";"188.";"3.0";"19.1";"88.";"7.";"184.95";"50.42";"148.69"
"2019";"8";"6";"2";"11";"5220";"231.";"3.5";"19.5";"83.";"7.";"317.48";"99.89";"242.18"
"2019";"8";"6";"2";"12";"5221";"236.";"3.5";"20.1";"76.";"6.";"396.79";"206.36";"241.22"
"2019";"8";"6";"2";"13";"5222";"260.";"4.9";"19.5";"77.";"8.";"133.29";"0.00";"133.29"
"2019";"8";"6";"2";"14";"5223";"275.";"4.8";"19.7";"71.";"3.";"514.12";"519.73";"174.97"
"2019";"8";"6";"2";"15";"5224";"279.";"4.6";"20.5";"62.";"1.";"529.53";"703.14";"137.08"
"2019";"8";"6";"2";"16";"5225";"282.";"4.3";"20.4";"62.";"0.";"411.87";"747.95";"80.89"
"2019";"8";"6";"2";"17";"5226";"274.";"3.3";"19.8";"63.";"0.";"252.23";"599.27";"64.33"
"2019";"8";"6";"2";"18";"5227";"265.";"1.5";"19.0";"68.";"1.";"86.30";"284.04";"35.17"
"2019";"8";"6";"2";"19";"5228";"251.";"1.7";"17.5";"74.";"1.";"0.00";"0.00";"0.00"
"2019";"8";"6";"2";"20";"5229";"223.";"0.9";"16.1";"79.";"2.";"0.00";"0.00";"0.00"
"2019";"8";"6";"2";"21";"5230";"206.";"0.9";"15.8";"80.";"0.";"0.00";"0.00";"0.00"
"2019";"8";"6";"2";"22";"5231";"166.";"1.0";"15.0";"83.";"5.";"0.00";"0.00";"0.00"
"2019";"8";"6";"2";"23";"5232";"149.";"1.0";"14.8";"84.";"3.";"0.00";"0.00";"0.00"
"2019";"8";"7";"3";"0";"5233";"155.";"0.9";"14.9";"86.";"3.";"0.00";"0.00";"0.00"
"2019";"8";"7";"3";"1";"5234";"221.";"1.3";"14.9";"91.";"2.";"0.00";"0.00";"0.00"
"2019";"8";"7";"3";"2";"5235";"238.";"1.6";"14.5";"88.";"0.";"0.00";"0.00";"0.00"
"2019";"8";"7";"3";"3";"5236";"220.";"1.3";"13.3";"88.";"0.";"0.00";"0.00";"0.00"
"2019";"8";"7";"3";"4";"5237";"199.";"1.1";"14.2";"89.";"1.";"0.00";"0.00";"0.00"
"2019";"8";"7";"3";"5";"5238";"213.";"1.7";"15.6";"86.";"0.";"85.02";"318.68";"28.95"
"2019";"8";"7";"3";"6";"5239";"207.";"2.6";"17.1";"82.";"5.";"180.04";"178.00";"124.92"
"2019";"8";"7";"3";"7";"5240";"218.";"3.2";"17.4";"79.";"7.";"162.12";"81.00";"126.58"
"2019";"8";"7";"3";"8";"5241";"212.";"3.3";"18.5";"76.";"6.";"272.97";"183.09";"171.42"
"2019";"8";"7";"3";"9";"5242";"197.";"4.0";"19.7";"70.";"6.";"336.11";"205.28";"202.85"
"2019";"8";"7";"3";"10";"5243";"199.";"4.3";"19.4";"72.";"4.";"605.87";"408.41";"313.42"
"2019";"8";"7";"3";"11";"5244";"190.";"4.0";"20.2";"69.";"8.";"239.54";"0.00";"239.54"
"2019";"8";"7";"3";"12";"5245";"196.";"4.2";"21.0";"64.";"3.";"613.47";"560.06";"193.06"
"2019";"8";"7";"3";"13";"5246";"194.";"4.8";"20.3";"68.";"6.";"539.44";"215.26";"385.31"
"2019";"8";"7";"3";"14";"5247";"195.";"4.8";"18.7";"74.";"8.";"239.28";"0.00";"239.28"
"2019";"8";"7";"3";"15";"5248";"186.";"5.3";"16.9";"84.";"7.";"233.73";"59.19";"200.90"
"2019";"8";"7";"3";"16";"5249";"177.";"5.4";"15.8";"89.";"7.";"148.88";"24.87";"137.97"
"2019";"8";"7";"3";"17";"5250";"158.";"6.2";"16.2";"87.";"8.";"43.08";"0.00";"43.08"
"2019";"8";"7";"3";"18";"5251";"133.";"1.4";"15.9";"91.";"7.";"33.19";"38.42";"26.42"
"2019";"8";"7";"3";"19";"5252";"124.";"2.6";"15.4";"91.";"8.";"0.00";"0.00";"0.00"
"2019";"8";"7";"3";"20";"5253";"149.";"2.1";"14.6";"91.";"5.";"0.00";"0.00";"0.00"
"2019";"8";"7";"3";"21";"5254";"159.";"1.6";"14.4";"91.";"8.";"0.00";"0.00";"0.00"
"2019";"8";"7";"3";"22";"5255";"158.";"1.8";"14.4";"91.";"3.";"0.00";"0.00";"0.00"
"2019";"8";"7";"3";"23";"5256";"153.";"1.7";"14.0";"92.";"8.";"0.00";"0.00";"0.00"
"2019";"8";"8";"4";"0";"5257";"158.";"1.7";"14.2";"93.";"7.";"0.00";"0.00";"0.00"
"2019";"8";"8";"4";"1";"5258";"174.";"1.0";"14.6";"92.";"5.";"0.00";"0.00";"0.00"
"2019";"8";"8";"4";"2";"5259";"194.";"1.7";"14.8";"92.";"7.";"0.00";"0.00";"0.00"
"2019";"8";"8";"4";"3";"5260";"213.";"1.4";"15.0";"92.";"8.";"0.00";"0.00";"0.00"
"2019";"8";"8";"4";"4";"5261";"233.";"1.4";"15.2";"89.";"8.";"0.00";"0.00";"0.00"
"2019";"8";"8";"4";"5";"5262";"221.";"1.8";"15.8";"91.";"8.";"23.30";"0.00";"23.30"
"2019";"8";"8";"4";"6";"5263";"215.";"2.0";"16.9";"87.";"7.";"96.33";"69.62";"75.05"
"2019";"8";"8";"4";"7";"5264";"220.";"2.3";"17.9";"79.";"5.";"235.84";"252.59";"125.94"
"2019";"8";"8";"4";"8";"5265";"220.";"2.6";"18.3";"76.";"7.";"360.99";"95.06";"308.61"
"2019";"8";"8";"4";"9";"5266";"216.";"2.6";"18.9";"74.";"4.";"448.51";"392.42";"195.10"
"2019";"8";"8";"4";"10";"5267";"215.";"3.0";"19.7";"68.";"0.";"746.01";"876.75";"121.14"
"2019";"8";"8";"4";"11";"5268";"202.";"3.3";"20.5";"61.";"3.";"611.07";"550.77";"199.44"
"2019";"8";"8";"4";"12";"5269";"190.";"3.9";"20.8";"63.";"3.";"604.41";"527.62";"210.08"
"2019";"8";"8";"4";"13";"5270";"204.";"4.0";"19.9";"64.";"6.";"380.35";"218.02";"224.96"
"2019";"8";"8";"4";"14";"5271";"206.";"4.5";"20.6";"61.";"3.";"581.33";"507.97";"253.31"
"2019";"8";"8";"4";"15";"5272";"208.";"4.7";"20.3";"66.";"4.";"375.89";"408.56";"150.75"
"2019";"8";"8";"4";"16";"5273";"218.";"3.6";"19.6";"62.";"6.";"207.67";"192.74";"123.81"
"2019";"8";"8";"4";"17";"5274";"250.";"2.2";"18.9";"65.";"5.";"195.79";"241.45";"121.97"
"2019";"8";"8";"4";"18";"5275";"248.";"1.5";"17.9";"67.";"5.";"71.37";"141.01";"47.15"
"2019";"8";"8";"4";"19";"5276";"221.";"2.0";"17.1";"76.";"5.";"0.00";"0.00";"0.00"
"2019";"8";"8";"4";"20";"5277";"206.";"0.7";"16.1";"83.";"4.";"0.00";"0.00";"0.00"
"2019";"8";"8";"4";"21";"5278";"98.";"0.4";"15.3";"87.";"8.";"0.00";"0.00";"0.00"
"2019";"8";"8";"4";"22";"5279";"83.";"0.9";"14.4";"89.";"5.";"0.00";"0.00";"0.00"
"2019";"8";"8";"4";"23";"5280";"32.";"0.8";"14.0";"90.";"3.";"0.00";"0.00";"0.00"
"2019";"8";"9";"5";"0";"5281";"340.";"0.3";"13.2";"89.";"7.";"0.00";"0.00";"0.00"
"2019";"8";"9";"5";"1";"5282";"354.";"0.4";"12.5";"89.";"1.";"0.00";"0.00";"0.00"
"2019";"8";"9";"5";"2";"5283";"62.";"0.5";"12.0";"90.";"0.";"0.00";"0.00";"0.00"
"2019";"8";"9";"5";"3";"5284";"40.";"0.2";"12.0";"92.";"0.";"0.00";"0.00";"0.00"
"2019";"8";"9";"5";"4";"5285";"81.";"1.1";"11.5";"94.";"0.";"0.00";"0.00";"0.00"
"2019";"8";"9";"5";"5";"5286";"81.";"1.3";"12.5";"93.";"0.";"86.22";"352.52";"27.13"
"2019";"8";"9";"5";"6";"5287";"98.";"1.0";"15.2";"86.";"0.";"239.08";"603.79";"56.90"
"2019";"8";"9";"5";"7";"5288";"130.";"0.4";"17.7";"77.";"0.";"397.70";"750.83";"73.89"
"2019";"8";"9";"5";"8";"5289";"122.";"0.3";"19.2";"66.";"3.";"419.25";"503.77";"143.48"
"2019";"8";"9";"5";"9";"5290";"160.";"0.5";"20.5";"58.";"4.";"459.01";"436.02";"178.98"
"2019";"8";"9";"5";"10";"5291";"192.";"1.6";"21.1";"56.";"5.";"464.18";"351.88";"214.60"
"2019";"8";"9";"5";"11";"5292";"206.";"2.5";"21.8";"58.";"3.";"607.30";"550.90";"197.43"
"2019";"8";"9";"5";"12";"5293";"222.";"2.6";"21.7";"60.";"3.";"604.31";"541.00";"201.81"
"2019";"8";"9";"5";"13";"5294";"225.";"3.4";"21.4";"60.";"8.";"229.98";"0.00";"229.98"
"2019";"8";"9";"5";"14";"5295";"220.";"3.6";"21.7";"62.";"3.";"510.55";"546.70";"159.44"
"2019";"8";"9";"5";"15";"5296";"209.";"2.9";"21.6";"63.";"3.";"414.71";"496.06";"143.17"
"2019";"8";"9";"5";"16";"5297";"186.";"2.0";"21.5";"62.";"2.";"336.72";"550.77";"99.19"
"2019";"8";"9";"5";"17";"5298";"187.";"2.0";"20.8";"63.";"8.";"72.05";"0.00";"72.05"
"2019";"8";"9";"5";"18";"5299";"187.";"2.6";"19.4";"71.";"8.";"23.30";"0.00";"23.30"
"2019";"8";"9";"5";"19";"5300";"166.";"2.2";"18.2";"75.";"8.";"0.00";"0.00";"0.00"
"2019";"8";"9";"5";"20";"5301";"151.";"2.5";"17.4";"81.";"7.";"0.00";"0.00";"0.00"
"2019";"8";"9";"5";"21";"5302";"126.";"2.9";"17.0";"84.";"7.";"0.00";"0.00";"0.00"
"2019";"8";"9";"5";"22";"5303";"121.";"3.2";"16.9";"83.";"6.";"0.00";"0.00";"0.00"
"2019";"8";"9";"5";"23";"5304";"124.";"2.8";"16.9";"79.";"6.";"0.00";"0.00";"0.00"
"2019";"8";"10";"6";"0";"5305";"121.";"3.3";"17.2";"78.";"8.";"0.00";"0.00";"0.00"
"2019";"8";"10";"6";"1";"5306";"121.";"3.9";"17.4";"77.";"7.";"0.00";"0.00";"0.00"
"2019";"8";"10";"6";"2";"5307";"123.";"4.4";"17.5";"78.";"7.";"0.00";"0.00";"0.00"
"2019";"8";"10";"6";"3";"5308";"138.";"4.8";"17.4";"83.";"8.";"0.00";"0.00";"0.00"
"2019";"8";"10";"6";"4";"5309";"121.";"4.5";"15.8";"89.";"8.";"0.00";"0.00";"0.00"
"2019";"8";"10";"6";"5";"5310";"127.";"4.4";"15.2";"94.";"8.";"10.41";"0.00";"10.41"
"2019";"8";"10";"6";"6";"5311";"112.";"5.8";"15.3";"93.";"8.";"35.00";"0.00";"35.00"
"2019";"8";"10";"6";"7";"5312";"129.";"7.1";"15.9";"93.";"8.";"68.76";"0.00";"68.76"
"2019";"8";"10";"6";"8";"5313";"128.";"6.5";"16.4";"91.";"8.";"164.19";"0.00";"164.19"
"2019";"8";"10";"6";"9";"5314";"128.";"6.4";"17.3";"89.";"8.";"200.44";"0.00";"200.44"
"2019";"8";"10";"6";"10";"5315";"134.";"6.4";"17.6";"87.";"8.";"226.41";"0.00";"226.41"
"2019";"8";"10";"6";"11";"5316";"135.";"5.8";"18.5";"84.";"8.";"237.33";"0.00";"237.33"
"2019";"8";"10";"6";"12";"5317";"142.";"6.0";"18.7";"85.";"8.";"236.01";"0.00";"236.01"
"2019";"8";"10";"6";"13";"5318";"151.";"5.3";"19.6";"84.";"8.";"221.26";"0.00";"221.26"
"2019";"8";"10";"6";"14";"5319";"172.";"4.9";"19.6";"90.";"8.";"190.21";"0.00";"190.21"
"2019";"8";"10";"6";"15";"5320";"178.";"6.2";"18.3";"91.";"8.";"88.25";"0.00";"88.25"
"2019";"8";"10";"6";"16";"5321";"168.";"6.0";"18.2";"90.";"8.";"62.41";"0.00";"62.41"
"2019";"8";"10";"6";"17";"5322";"178.";"5.3";"18.4";"92.";"7.";"91.02";"36.59";"80.13"
"2019";"8";"10";"6";"18";"5323";"185.";"4.7";"18.4";"92.";"7.";"23.36";"27.55";"18.86"
"2019";"8";"10";"6";"19";"5324";"214.";"6.1";"17.3";"89.";"8.";"0.00";"0.00";"0.00"
"2019";"8";"10";"6";"20";"5325";"194.";"5.0";"17.4";"89.";"7.";"0.00";"0.00";"0.00"
"2019";"8";"10";"6";"21";"5326";"190.";"5.2";"17.7";"86.";"8.";"0.00";"0.00";"0.00"
"2019";"8";"10";"6";"22";"5327";"177.";"5.1";"17.4";"87.";"7.";"0.00";"0.00";"0.00"
"2019";"8";"10";"6";"23";"5328";"183.";"5.7";"17.4";"88.";"8.";"0.00";"0.00";"0.00"
"2019";"8";"11";"7";"0";"5329";"188.";"6.8";"17.5";"88.";"8.";"0.00";"0.00";"0.00"
"2019";"8";"11";"7";"1";"5330";"192.";"6.7";"17.3";"92.";"8.";"0.00";"0.00";"0.00"
"2019";"8";"11";"7";"2";"5331";"202.";"6.6";"17.5";"91.";"8.";"0.00";"0.00";"0.00"
"2019";"8";"11";"7";"3";"5332";"202.";"6.1";"17.8";"88.";"8.";"0.00";"0.00";"0.00"
"2019";"8";"11";"7";"4";"5333";"206.";"6.3";"17.9";"86.";"7.";"0.00";"0.00";"0.00"
"2019";"8";"11";"7";"5";"5334";"201.";"6.6";"18.1";"84.";"7.";"23.20";"22.45";"19.63"
"2019";"8";"11";"7";"6";"5335";"202.";"7.0";"17.8";"82.";"7.";"85.61";"51.77";"70.42"
"2019";"8";"11";"7";"7";"5336";"203.";"6.9";"17.7";"82.";"7.";"95.82";"42.60";"77.79"
"2019";"8";"11";"7";"8";"5337";"202.";"7.1";"17.8";"79.";"7.";"204.27";"73.06";"164.83"
"2019";"8";"11";"7";"9";"5338";"201.";"7.0";"18.1";"78.";"7.";"254.02";"83.49";"201.00"
"2019";"8";"11";"7";"10";"5339";"205.";"6.6";"18.0";"79.";"8.";"215.91";"0.00";"215.91"
"2019";"8";"11";"7";"11";"5340";"213.";"6.9";"16.8";"86.";"8.";"124.10";"0.00";"124.10"
"2019";"8";"11";"7";"12";"5341";"214.";"7.0";"16.9";"87.";"8.";"125.40";"0.00";"125.40"
"2019";"8";"11";"7";"13";"5342";"217.";"6.4";"17.6";"83.";"7.";"185.42";"55.24";"146.62"
"2019";"8";"11";"7";"14";"5343";"208.";"5.6";"18.8";"74.";"8.";"191.17";"0.00";"191.17"
"2019";"8";"11";"7";"15";"5344";"217.";"6.0";"19.5";"68.";"8.";"161.20";"0.00";"161.20"
"2019";"8";"11";"7";"16";"5345";"217.";"5.3";"20.2";"67.";"7.";"99.69";"50.43";"78.33"
"2019";"8";"11";"7";"17";"5346";"230.";"6.2";"19.3";"67.";"8.";"69.19";"0.00";"69.19"
"2019";"8";"11";"7";"18";"5347";"214.";"4.4";"18.7";"71.";"7.";"18.06";"21.64";"14.62"
"2019";"8";"11";"7";"19";"5348";"220.";"4.3";"18.6";"72.";"8.";"0.00";"0.00";"0.00"
"2019";"8";"11";"7";"20";"5349";"220.";"4.9";"18.4";"71.";"6.";"0.00";"0.00";"0.00"
"2019";"8";"11";"7";"21";"5350";"212.";"5.3";"18.1";"72.";"7.";"0.00";"0.00";"0.00"
"2019";"8";"11";"7";"22";"5351";"205.";"5.0";"17.9";"74.";"7.";"0.00";"0.00";"0.00"
"2019";"8";"11";"7";"23";"5352";"204.";"4.7";"17.6";"74.";"7.";"0.00";"0.00";"0.00"
"2019";"8";"12";"1";"0";"5353";"203.";"4.5";"17.5";"77.";"7.";"0.00";"0.00";"0.00"
"2019";"8";"12";"1";"1";"5354";"198.";"4.1";"17.5";"77.";"7.";"0.00";"0.00";"0.00"
"2019";"8";"12";"1";"2";"5355";"197.";"5.1";"17.5";"79.";"7.";"0.00";"0.00";"0.00"
"2019";"8";"12";"1";"3";"5356";"199.";"6.2";"17.4";"81.";"7.";"0.00";"0.00";"0.00"
"2019";"8";"12";"1";"4";"5357";"197.";"6.0";"17.4";"83.";"7.";"0.00";"0.00";"0.00"
"2019";"8";"12";"1";"5";"5358";"198.";"6.1";"17.3";"85.";"8.";"9.83";"0.00";"9.83"
"2019";"8";"12";"1";"6";"5359";"202.";"6.3";"17.2";"87.";"7.";"54.80";"35.65";"44.49"
"2019";"8";"12";"1";"7";"5360";"203.";"6.4";"18.1";"81.";"5.";"222.80";"243.49";"120.69"
"2019";"8";"12";"1";"8";"5361";"202.";"6.8";"18.8";"74.";"5.";"310.96";"276.59";"162.71"
"2019";"8";"12";"1";"9";"5362";"209.";"6.1";"19.0";"70.";"5.";"387.35";"311.91";"190.45"
"2019";"8";"12";"1";"10";"5363";"202.";"6.1";"19.2";"70.";"4.";"495.72";"404.37";"213.22"
"2019";"8";"12";"1";"11";"5364";"202.";"6.3";"19.4";"66.";"5.";"460.87";"312.05";"231.99"
"2019";"8";"12";"1";"12";"5365";"211.";"6.8";"20.7";"63.";"6.";"392.41";"216.84";"233.37"
"2019";"8";"12";"1";"13";"5366";"211.";"6.1";"20.2";"63.";"8.";"222.90";"0.00";"222.90"
"2019";"8";"12";"1";"14";"5367";"215.";"5.7";"19.9";"62.";"8.";"192.69";"0.00";"192.69"
"2019";"8";"12";"1";"15";"5368";"227.";"5.4";"19.6";"64.";"7.";"217.79";"100.70";"163.82"
"2019";"8";"12";"1";"16";"5369";"228.";"5.3";"19.2";"61.";"8.";"119.95";"0.00";"119.95"
"2019";"8";"12";"1";"17";"5370";"235.";"4.5";"18.5";"67.";"8.";"69.62";"0.00";"69.62"
"2019";"8";"12";"1";"18";"5371";"236.";"4.4";"18.1";"70.";"7.";"27.70";"37.21";"21.95"
"2019";"8";"12";"1";"19";"5372";"241.";"4.3";"17.4";"74.";"7.";"0.00";"0.00";"0.00"
"2019";"8";"12";"1";"20";"5373";"230.";"3.6";"16.5";"82.";"7.";"0.00";"0.00";"0.00"
"2019";"8";"12";"1";"21";"5374";"229.";"2.9";"15.9";"86.";"8.";"0.00";"0.00";"0.00"
"2019";"8";"12";"1";"22";"5375";"229.";"3.2";"15.7";"86.";"5.";"0.00";"0.00";"0.00"
"2019";"8";"12";"1";"23";"5376";"235.";"3.7";"15.6";"84.";"5.";"0.00";"0.00";"0.00"
"2019";"8";"13";"2";"0";"5377";"243.";"4.0";"15.7";"81.";"5.";"0.00";"0.00";"0.00"
"2019";"8";"13";"2";"1";"5378";"243.";"4.0";"15.5";"81.";"3.";"0.00";"0.00";"0.00"
"2019";"8";"13";"2";"2";"5379";"246.";"3.9";"15.0";"81.";"3.";"0.00";"0.00";"0.00"
"2019";"8";"13";"2";"3";"5380";"246.";"3.7";"15.0";"79.";"7.";"0.00";"0.00";"0.00"
"2019";"8";"13";"2";"4";"5381";"239.";"3.3";"14.8";"80.";"6.";"0.00";"0.00";"0.00"
"2019";"8";"13";"2";"5";"5382";"241.";"3.2";"15.0";"76.";"5.";"52.80";"112.93";"35.86"
"2019";"8";"13";"2";"6";"5383";"252.";"4.5";"15.8";"73.";"4.";"183.91";"289.59";"101.40"
"2019";"8";"13";"2";"7";"5384";"250.";"3.8";"15.6";"70.";"3.";"300.92";"473.99";"104.10"
"2019";"8";"13";"2";"8";"5385";"250.";"4.7";"16.7";"66.";"5.";"317.93";"295.22";"160.85"
"2019";"8";"13";"2";"9";"5386";"247.";"4.3";"17.0";"65.";"5.";"520.96";"323.30";"318.10"
"2019";"8";"13";"2";"10";"5387";"248.";"4.6";"17.0";"61.";"4.";"504.16";"423.89";"209.59"
"2019";"8";"13";"2";"11";"5388";"247.";"4.4";"17.7";"61.";"5.";"469.13";"336.28";"223.71"
"2019";"8";"13";"2";"12";"5389";"247.";"4.7";"18.2";"59.";"6.";"398.80";"229.80";"231.08"
"2019";"8";"13";"2";"13";"5390";"245.";"4.7";"17.8";"60.";"6.";"376.30";"225.99";"219.26"
"2019";"8";"13";"2";"14";"5391";"244.";"5.0";"17.6";"60.";"6.";"476.64";"226.54";"334.49"
"2019";"8";"13";"2";"15";"5392";"255.";"4.7";"18.1";"58.";"6.";"271.75";"204.99";"162.69"
"2019";"8";"13";"2";"16";"5393";"256.";"4.9";"17.4";"60.";"6.";"197.92";"185.27";"120.99"
"2019";"8";"13";"2";"17";"5394";"253.";"4.9";"16.7";"62.";"7.";"94.36";"75.37";"72.89"
"2019";"8";"13";"2";"18";"5395";"251.";"5.0";"16.0";"64.";"7.";"50.94";"42.89";"44.51"
"2019";"8";"13";"2";"19";"5396";"251.";"5.3";"15.5";"65.";"7.";"0.00";"0.00";"0.00"
"2019";"8";"13";"2";"20";"5397";"249.";"5.6";"15.4";"65.";"5.";"0.00";"0.00";"0.00"
"2019";"8";"13";"2";"21";"5398";"250.";"5.5";"15.1";"67.";"5.";"0.00";"0.00";"0.00"
"2019";"8";"13";"2";"22";"5399";"248.";"5.1";"14.9";"69.";"3.";"0.00";"0.00";"0.00"
"2019";"8";"13";"2";"23";"5400";"247.";"5.0";"14.7";"71.";"0.";"0.00";"0.00";"0.00"
"2019";"8";"14";"3";"0";"5401";"250.";"5.0";"14.4";"72.";"0.";"0.00";"0.00";"0.00"
"2019";"8";"14";"3";"1";"5402";"256.";"4.7";"14.4";"69.";"4.";"0.00";"0.00";"0.00"
"2019";"8";"14";"3";"2";"5403";"259.";"4.7";"14.4";"67.";"1.";"0.00";"0.00";"0.00"
"2019";"8";"14";"3";"3";"5404";"263.";"4.3";"14.4";"66.";"1.";"0.00";"0.00";"0.00"
"2019";"8";"14";"3";"4";"5405";"262.";"4.5";"14.4";"68.";"0.";"0.00";"0.00";"0.00"
"2019";"8";"14";"3";"5";"5406";"263.";"4.7";"14.6";"68.";"0.";"70.33";"327.59";"22.68"
"2019";"8";"14";"3";"6";"5407";"264.";"4.8";"15.1";"67.";"4.";"156.87";"314.87";"68.54"
"2019";"8";"14";"3";"7";"5408";"261.";"5.2";"15.6";"67.";"5.";"231.89";"281.97";"115.99"
"2019";"8";"14";"3";"8";"5409";"249.";"5.1";"16.0";"69.";"2.";"445.50";"583.43";"137.42"
"2019";"8";"14";"3";"9";"5410";"248.";"5.3";"16.7";"65.";"0.";"645.93";"851.84";"114.75"
"2019";"8";"14";"3";"10";"5411";"247.";"4.9";"17.1";"64.";"6.";"372.63";"222.33";"218.97"
"2019";"8";"14";"3";"11";"5412";"244.";"5.4";"17.4";"60.";"6.";"397.30";"230.12";"230.21"
"2019";"8";"14";"3";"12";"5413";"258.";"4.7";"17.4";"65.";"4.";"532.18";"441.58";"211.56"
"2019";"8";"14";"3";"13";"5414";"252.";"3.5";"18.1";"66.";"6.";"368.00";"213.25";"220.62"
"2019";"8";"14";"3";"14";"5415";"266.";"4.2";"18.0";"59.";"4.";"448.87";"441.54";"173.53"
"2019";"8";"14";"3";"15";"5416";"266.";"4.1";"17.3";"59.";"7.";"219.01";"104.81";"163.67"
"2019";"8";"14";"3";"16";"5417";"276.";"3.7";"17.4";"58.";"5.";"230.70";"271.31";"119.18"
"2019";"8";"14";"3";"17";"5418";"275.";"3.7";"17.1";"58.";"2.";"194.57";"475.56";"61.15"
"2019";"8";"14";"3";"18";"5419";"269.";"3.5";"16.3";"62.";"0.";"71.19";"330.23";"23.15"
"2019";"8";"14";"3";"19";"5420";"260.";"2.4";"15.2";"66.";"0.";"0.00";"0.00";"0.00"
"2019";"8";"14";"3";"20";"5421";"255.";"2.6";"14.0";"71.";"3.";"0.00";"0.00";"0.00"
"2019";"8";"14";"3";"21";"5422";"251.";"2.4";"13.5";"74.";"5.";"0.00";"0.00";"0.00"
"2019";"8";"14";"3";"22";"5423";"239.";"2.0";"13.3";"77.";"8.";"0.00";"0.00";"0.00"
"2019";"8";"14";"3";"23";"5424";"234.";"2.1";"12.8";"79.";"8.";"0.00";"0.00";"0.00"
"2019";"8";"15";"4";"0";"5425";"234.";"1.7";"12.6";"80.";"7.";"0.00";"0.00";"0.00"
"2019";"8";"15";"4";"1";"5426";"222.";"1.3";"12.2";"82.";"6.";"0.00";"0.00";"0.00"
"2019";"8";"15";"4";"2";"5427";"207.";"1.4";"11.5";"84.";"6.";"0.00";"0.00";"0.00"
"2019";"8";"15";"4";"3";"5428";"196.";"1.5";"10.7";"85.";"4.";"0.00";"0.00";"0.00"
"2019";"8";"15";"4";"4";"5429";"165.";"1.2";"10.3";"85.";"4.";"0.00";"0.00";"0.00"
"2019";"8";"15";"4";"5";"5430";"134.";"2.2";"12.0";"83.";"6.";"47.44";"77.96";"36.46"
"2019";"8";"15";"4";"6";"5431";"139.";"3.3";"13.4";"81.";"6.";"110.40";"146.49";"69.95"
"2019";"8";"15";"4";"7";"5432";"149.";"3.2";"13.2";"87.";"8.";"66.97";"0.00";"66.97"
"2019";"8";"15";"4";"8";"5433";"140.";"3.6";"13.5";"90.";"7.";"212.69";"99.90";"160.35"
"2019";"8";"15";"4";"9";"5434";"134.";"4.0";"14.2";"86.";"5.";"395.87";"338.91";"185.88"
"2019";"8";"15";"4";"10";"5435";"145.";"4.8";"15.8";"80.";"8.";"224.15";"0.00";"224.15"
"2019";"8";"15";"4";"11";"5436";"147.";"4.4";"18.3";"70.";"6.";"557.68";"233.19";"389.25"
"2019";"8";"15";"4";"12";"5437";"152.";"5.1";"19.8";"63.";"3.";"668.28";"578.54";"250.42"
"2019";"8";"15";"4";"13";"5438";"156.";"6.0";"19.4";"66.";"7.";"484.33";"110.29";"408.53"
"2019";"8";"15";"4";"14";"5439";"152.";"6.1";"18.7";"69.";"7.";"429.64";"110.12";"361.41"
"2019";"8";"15";"4";"15";"5440";"161.";"6.6";"18.1";"66.";"7.";"139.31";"67.94";"103.71"
"2019";"8";"15";"4";"16";"5441";"146.";"6.0";"17.9";"62.";"7.";"155.63";"94.41";"117.23"
"2019";"8";"15";"4";"17";"5442";"135.";"5.2";"17.4";"62.";"8.";"68.90";"0.00";"68.90"
"2019";"8";"15";"4";"18";"5443";"136.";"4.6";"16.5";"69.";"7.";"23.98";"34.05";"19.18"
"2019";"8";"15";"4";"19";"5444";"126.";"3.5";"16.4";"73.";"8.";"0.00";"0.00";"0.00"
"2019";"8";"15";"4";"20";"5445";"125.";"3.9";"15.8";"77.";"8.";"0.00";"0.00";"0.00"
"2019";"8";"15";"4";"21";"5446";"130.";"4.6";"14.7";"83.";"7.";"0.00";"0.00";"0.00"
"2019";"8";"15";"4";"22";"5447";"124.";"4.3";"14.4";"88.";"8.";"0.00";"0.00";"0.00"
"2019";"8";"15";"4";"23";"5448";"121.";"4.3";"14.6";"89.";"7.";"0.00";"0.00";"0.00"
"2019";"8";"16";"5";"0";"5449";"125.";"4.1";"14.7";"91.";"8.";"0.00";"0.00";"0.00"
"2019";"8";"16";"5";"1";"5450";"125.";"3.7";"14.9";"93.";"7.";"0.00";"0.00";"0.00"
"2019";"8";"16";"5";"2";"5451";"126.";"3.1";"15.0";"95.";"5.";"0.00";"0.00";"0.00"
"2019";"8";"16";"5";"3";"5452";"134.";"3.4";"15.3";"94.";"7.";"0.00";"0.00";"0.00"
"2019";"8";"16";"5";"4";"5453";"158.";"2.5";"15.3";"96.";"7.";"0.00";"0.00";"0.00"
"2019";"8";"16";"5";"5";"5454";"162.";"1.5";"15.6";"96.";"7.";"15.24";"22.18";"12.22"
"2019";"8";"16";"5";"6";"5455";"175.";"1.3";"16.4";"95.";"7.";"78.11";"61.66";"61.37"
"2019";"8";"16";"5";"7";"5456";"195.";"1.7";"17.7";"88.";"7.";"143.19";"80.17";"110.92"
"2019";"8";"16";"5";"8";"5457";"238.";"2.9";"17.8";"86.";"8.";"154.20";"0.00";"154.20"
"2019";"8";"16";"5";"9";"5458";"236.";"3.1";"18.3";"81.";"7.";"255.70";"103.99";"191.69"
"2019";"8";"16";"5";"10";"5459";"250.";"3.5";"18.0";"78.";"8.";"215.99";"0.00";"215.99"
"2019";"8";"16";"5";"11";"5460";"253.";"3.9";"17.8";"76.";"7.";"308.74";"106.25";"232.41"
"2019";"8";"16";"5";"12";"5461";"250.";"3.6";"17.3";"75.";"7.";"310.59";"108.25";"232.82"
"2019";"8";"16";"5";"13";"5462";"250.";"3.9";"17.1";"73.";"8.";"220.12";"0.00";"220.12"
"2019";"8";"16";"5";"14";"5463";"243.";"3.6";"17.6";"68.";"7.";"257.01";"99.47";"195.77"
"2019";"8";"16";"5";"15";"5464";"245.";"3.4";"17.5";"63.";"8.";"158.58";"0.00";"158.58"
"2019";"8";"16";"5";"16";"5465";"238.";"2.9";"17.7";"64.";"8.";"112.35";"0.00";"112.35"
"2019";"8";"16";"5";"17";"5466";"227.";"2.6";"17.0";"66.";"7.";"86.28";"71.37";"66.89"
"2019";"8";"16";"5";"18";"5467";"241.";"1.6";"16.7";"65.";"7.";"22.91";"33.76";"18.31"
"2019";"8";"16";"5";"19";"5468";"236.";"1.2";"16.0";"71.";"8.";"0.00";"0.00";"0.00"
"2019";"8";"16";"5";"20";"5469";"202.";"1.2";"15.1";"75.";"6.";"0.00";"0.00";"0.00"
"2019";"8";"16";"5";"21";"5470";"216.";"2.2";"14.6";"73.";"7.";"0.00";"0.00";"0.00"
"2019";"8";"16";"5";"22";"5471";"176.";"1.8";"13.5";"78.";"6.";"0.00";"0.00";"0.00"
"2019";"8";"16";"5";"23";"5472";"155.";"2.5";"13.4";"79.";"8.";"0.00";"0.00";"0.00"
"2019";"8";"17";"6";"0";"5473";"144.";"3.1";"13.7";"81.";"8.";"0.00";"0.00";"0.00"
"2019";"8";"17";"6";"1";"5474";"149.";"3.2";"13.7";"81.";"8.";"0.00";"0.00";"0.00"
"2019";"8";"17";"6";"2";"5475";"139.";"3.6";"14.0";"81.";"8.";"0.00";"0.00";"0.00"
"2019";"8";"17";"6";"3";"5476";"139.";"4.3";"14.7";"81.";"8.";"0.00";"0.00";"0.00"
"2019";"8";"17";"6";"4";"5477";"138.";"5.1";"15.1";"81.";"7.";"0.00";"0.00";"0.00"
"2019";"8";"17";"6";"5";"5478";"136.";"5.7";"15.4";"80.";"7.";"18.10";"27.35";"14.51"
"2019";"8";"17";"6";"6";"5479";"146.";"6.0";"15.5";"87.";"7.";"49.95";"35.49";"40.48"
"2019";"8";"17";"6";"7";"5480";"154.";"6.4";"15.7";"92.";"8.";"58.26";"0.00";"58.26"
"2019";"8";"17";"6";"8";"5481";"157.";"7.3";"15.5";"91.";"8.";"80.13";"0.00";"80.13"
"2019";"8";"17";"6";"9";"5482";"154.";"7.2";"15.6";"92.";"8.";"100.50";"0.00";"100.50"
"2019";"8";"17";"6";"10";"5483";"153.";"7.6";"15.5";"91.";"8.";"112.07";"0.00";"112.07"
"2019";"8";"17";"6";"11";"5484";"159.";"7.6";"16.0";"91.";"8.";"129.40";"0.00";"129.40"
"2019";"8";"17";"6";"12";"5485";"159.";"7.8";"16.7";"89.";"8.";"224.44";"0.00";"224.44"
"2019";"8";"17";"6";"13";"5486";"163.";"7.7";"16.5";"92.";"8.";"108.97";"0.00";"108.97"
"2019";"8";"17";"6";"14";"5487";"169.";"7.1";"16.5";"94.";"8.";"93.91";"0.00";"93.91"
"2019";"8";"17";"6";"15";"5488";"175.";"6.6";"17.2";"92.";"7.";"128.02";"54.60";"99.87"
"2019";"8";"17";"6";"16";"5489";"169.";"6.0";"17.4";"90.";"8.";"104.52";"0.00";"104.52"
"2019";"8";"17";"6";"17";"5490";"175.";"5.5";"17.5";"90.";"7.";"45.76";"28.20";"38.23"
"2019";"8";"17";"6";"18";"5491";"177.";"5.0";"17.6";"90.";"8.";"8.07";"0.00";"8.07"
"2019";"8";"17";"6";"19";"5492";"183.";"5.0";"17.5";"90.";"8.";"0.00";"0.00";"0.00"
"2019";"8";"17";"6";"20";"5493";"187.";"5.2";"17.5";"89.";"4.";"0.00";"0.00";"0.00"
"2019";"8";"17";"6";"21";"5494";"195.";"2.8";"17.1";"91.";"8.";"0.00";"0.00";"0.00"
"2019";"8";"17";"6";"22";"5495";"223.";"2.2";"16.9";"89.";"8.";"0.00";"0.00";"0.00"
"2019";"8";"17";"6";"23";"5496";"224.";"2.0";"16.2";"89.";"6.";"0.00";"0.00";"0.00"
"2019";"8";"18";"7";"0";"5497";"213.";"1.3";"15.2";"91.";"2.";"0.00";"0.00";"0.00"
"2019";"8";"18";"7";"1";"5498";"224.";"1.9";"14.7";"90.";"8.";"0.00";"0.00";"0.00"
"2019";"8";"18";"7";"2";"5499";"228.";"1.7";"14.7";"90.";"4.";"0.00";"0.00";"0.00"
"2019";"8";"18";"7";"3";"5500";"180.";"1.7";"13.9";"90.";"1.";"0.00";"0.00";"0.00"
"2019";"8";"18";"7";"4";"5501";"168.";"1.4";"13.4";"92.";"7.";"0.00";"0.00";"0.00"
"2019";"8";"18";"7";"5";"5502";"131.";"1.5";"13.8";"92.";"6.";"26.24";"34.98";"21.82"
"2019";"8";"18";"7";"6";"5503";"141.";"1.4";"15.5";"91.";"5.";"108.64";"163.89";"65.64"
"2019";"8";"18";"7";"7";"5504";"169.";"1.6";"16.4";"87.";"6.";"172.10";"149.69";"113.18"
"2019";"8";"18";"7";"8";"5505";"183.";"2.0";"17.0";"82.";"7.";"198.50";"85.81";"154.63"
"2019";"8";"18";"7";"9";"5506";"168.";"2.0";"18.0";"78.";"7.";"431.33";"96.20";"372.90"
"2019";"8";"18";"7";"10";"5507";"184.";"2.7";"18.3";"74.";"8.";"212.72";"0.00";"212.72"
"2019";"8";"18";"7";"11";"5508";"184.";"3.2";"18.7";"72.";"7.";"492.26";"99.52";"421.56"
"2019";"8";"18";"7";"12";"5509";"189.";"3.2";"18.8";"71.";"8.";"226.21";"0.00";"226.21"
"2019";"8";"18";"7";"13";"5510";"178.";"3.1";"19.6";"66.";"7.";"472.50";"107.52";"399.90"
"2019";"8";"18";"7";"14";"5511";"168.";"3.3";"19.1";"68.";"7.";"415.22";"103.86";"352.14"
"2019";"8";"18";"7";"15";"5512";"164.";"4.0";"18.4";"74.";"7.";"200.84";"90.43";"154.60"
"2019";"8";"18";"7";"16";"5513";"192.";"3.9";"15.8";"85.";"7.";"146.36";"45.18";"128.58"
"2019";"8";"18";"7";"17";"5514";"164.";"4.0";"15.8";"89.";"8.";"33.18";"0.00";"33.18"
"2019";"8";"18";"7";"18";"5515";"173.";"5.5";"14.9";"89.";"7.";"9.03";"13.00";"7.38"
"2019";"8";"18";"7";"19";"5516";"179.";"4.4";"14.5";"88.";"8.";"0.00";"0.00";"0.00"
"2019";"8";"18";"7";"20";"5517";"174.";"4.2";"14.5";"89.";"8.";"0.00";"0.00";"0.00"
"2019";"8";"18";"7";"21";"5518";"171.";"3.4";"14.9";"93.";"7.";"0.00";"0.00";"0.00"
"2019";"8";"18";"7";"22";"5519";"237.";"2.5";"14.9";"92.";"7.";"0.00";"0.00";"0.00"
"2019";"8";"18";"7";"23";"5520";"241.";"3.2";"14.9";"91.";"5.";"0.00";"0.00";"0.00"
"2019";"8";"19";"1";"0";"5521";"235.";"3.5";"15.0";"87.";"8.";"0.00";"0.00";"0.00"
"2019";"8";"19";"1";"1";"5522";"232.";"3.7";"14.9";"87.";"0.";"0.00";"0.00";"0.00"
"2019";"8";"19";"1";"2";"5523";"228.";"3.2";"14.7";"86.";"2.";"0.00";"0.00";"0.00"
"2019";"8";"19";"1";"3";"5524";"217.";"3.7";"14.8";"86.";"2.";"0.00";"0.00";"0.00"
"2019";"8";"19";"1";"4";"5525";"211.";"3.6";"14.6";"87.";"0.";"0.00";"0.00";"0.00"
"2019";"8";"19";"1";"5";"5526";"209.";"3.5";"15.2";"86.";"0.";"29.24";"136.19";"12.68"
"2019";"8";"19";"1";"6";"5527";"201.";"3.8";"16.3";"83.";"2.";"154.36";"362.33";"61.00"
"2019";"8";"19";"1";"7";"5528";"200.";"4.6";"17.0";"80.";"3.";"261.42";"391.53";"109.08"
"2019";"8";"19";"1";"8";"5529";"198.";"5.6";"17.9";"77.";"0.";"482.56";"718.53";"118.34"
"2019";"8";"19";"1";"9";"5530";"200.";"6.5";"18.2";"75.";"5.";"361.45";"285.76";"189.11"
"2019";"8";"19";"1";"10";"5531";"196.";"6.1";"15.5";"80.";"8.";"124.32";"0.00";"124.32"
"2019";"8";"19";"1";"11";"5532";"194.";"6.6";"18.4";"78.";"6.";"262.20";"143.22";"161.04"
"2019";"8";"19";"1";"12";"5533";"204.";"6.9";"19.5";"72.";"4.";"510.53";"440.72";"199.24"
"2019";"8";"19";"1";"13";"5534";"204.";"5.7";"16.2";"70.";"8.";"125.52";"0.00";"125.52"
"2019";"8";"19";"1";"14";"5535";"184.";"6.0";"15.2";"80.";"2.";"460.34";"500.72";"158.36"
"2019";"8";"19";"1";"15";"5536";"183.";"5.2";"16.9";"77.";"8.";"300.33";"0.00";"300.33"
"2019";"8";"19";"1";"16";"5537";"198.";"3.5";"16.8";"77.";"8.";"105.75";"0.00";"105.75"
"2019";"8";"19";"1";"17";"5538";"191.";"3.4";"15.7";"80.";"8.";"32.23";"0.00";"32.23"
"2019";"8";"19";"1";"18";"5539";"194.";"2.5";"14.9";"83.";"7.";"8.88";"14.06";"7.17"
"2019";"8";"19";"1";"19";"5540";"188.";"3.0";"15.0";"84.";"7.";"0.00";"0.00";"0.00"
"2019";"8";"19";"1";"20";"5541";"194.";"4.2";"15.4";"85.";"5.";"0.00";"0.00";"0.00"
"2019";"8";"19";"1";"21";"5542";"203.";"4.0";"15.7";"86.";"5.";"0.00";"0.00";"0.00"
"2019";"8";"19";"1";"22";"5543";"207.";"4.0";"15.6";"84.";"5.";"0.00";"0.00";"0.00"
"2019";"8";"19";"1";"23";"5544";"211.";"3.9";"15.6";"83.";"0.";"0.00";"0.00";"0.00"
"2019";"8";"20";"2";"0";"5545";"217.";"4.3";"15.6";"83.";"4.";"0.00";"0.00";"0.00"
"2019";"8";"20";"2";"1";"5546";"216.";"4.4";"15.4";"83.";"2.";"0.00";"0.00";"0.00"
"2019";"8";"20";"2";"2";"5547";"218.";"3.8";"15.2";"84.";"8.";"0.00";"0.00";"0.00"
"2019";"8";"20";"2";"3";"5548";"214.";"3.4";"15.1";"85.";"2.";"0.00";"0.00";"0.00"
"2019";"8";"20";"2";"4";"5549";"216.";"3.2";"15.1";"85.";"2.";"0.00";"0.00";"0.00"
"2019";"8";"20";"2";"5";"5550";"210.";"2.8";"15.2";"84.";"2.";"21.40";"85.01";"11.49"
"2019";"8";"20";"2";"6";"5551";"205.";"3.0";"15.9";"81.";"3.";"135.80";"281.29";"64.67"
"2019";"8";"20";"2";"7";"5552";"210.";"3.7";"16.5";"77.";"3.";"257.15";"372.96";"113.75"
"2019";"8";"20";"2";"8";"5553";"205.";"4.2";"17.2";"73.";"6.";"243.30";"173.22";"156.27"
"2019";"8";"20";"2";"9";"5554";"204.";"4.3";"17.6";"70.";"4.";"413.09";"378.16";"186.66"
"2019";"8";"20";"2";"10";"5555";"196.";"4.5";"18.2";"69.";"0.";"685.33";"802.20";"150.35"
"2019";"8";"20";"2";"11";"5556";"202.";"4.8";"18.5";"66.";"0.";"731.13";"821.42";"154.37"
"2019";"8";"20";"2";"12";"5557";"199.";"4.7";"18.7";"66.";"8.";"453.43";"0.00";"453.43"
"2019";"8";"20";"2";"13";"5558";"201.";"4.8";"19.2";"62.";"3.";"533.63";"513.79";"190.99"
"2019";"8";"20";"2";"14";"5559";"240.";"2.9";"18.9";"61.";"7.";"251.77";"103.87";"189.58"
"2019";"8";"20";"2";"15";"5560";"219.";"3.2";"18.6";"65.";"6.";"250.86";"200.01";"150.37"
"2019";"8";"20";"2";"16";"5561";"214.";"3.7";"18.1";"65.";"4.";"237.77";"343.85";"105.57"
"2019";"8";"20";"2";"17";"5562";"201.";"3.6";"16.5";"73.";"7.";"75.25";"64.07";"59.04"
"2019";"8";"20";"2";"18";"5563";"212.";"1.3";"16.0";"75.";"7.";"8.01";"13.62";"6.42"
"2019";"8";"20";"2";"19";"5564";"172.";"1.5";"15.4";"77.";"0.";"0.00";"0.00";"0.00"
"2019";"8";"20";"2";"20";"5565";"190.";"1.9";"14.7";"79.";"2.";"0.00";"0.00";"0.00"
"2019";"8";"20";"2";"21";"5566";"220.";"2.8";"15.1";"79.";"7.";"0.00";"0.00";"0.00"
"2019";"8";"20";"2";"22";"5567";"233.";"3.2";"15.0";"79.";"7.";"0.00";"0.00";"0.00"
"2019";"8";"20";"2";"23";"5568";"229.";"2.9";"14.6";"80.";"1.";"0.00";"0.00";"0.00"
"2019";"8";"21";"3";"0";"5569";"217.";"2.7";"14.5";"83.";"0.";"0.00";"0.00";"0.00"
"2019";"8";"21";"3";"1";"5570";"213.";"2.9";"14.6";"85.";"3.";"0.00";"0.00";"0.00"
"2019";"8";"21";"3";"2";"5571";"209.";"2.9";"14.6";"85.";"7.";"0.00";"0.00";"0.00"
"2019";"8";"21";"3";"3";"5572";"216.";"3.1";"14.3";"87.";"7.";"0.00";"0.00";"0.00"
"2019";"8";"21";"3";"4";"5573";"224.";"2.5";"14.4";"87.";"8.";"0.00";"0.00";"0.00"
"2019";"8";"21";"3";"5";"5574";"243.";"2.3";"14.7";"83.";"5.";"14.28";"50.75";"8.62"
"2019";"8";"21";"3";"6";"5575";"267.";"3.6";"14.9";"75.";"6.";"132.45";"136.57";"98.57"
"2019";"8";"21";"3";"7";"5576";"264.";"3.8";"15.8";"68.";"8.";"107.22";"0.00";"107.22"
"2019";"8";"21";"3";"8";"5577";"257.";"3.9";"15.8";"68.";"7.";"203.63";"103.07";"152.31"
"2019";"8";"21";"3";"9";"5578";"255.";"4.2";"16.3";"68.";"6.";"311.32";"211.75";"185.46"
"2019";"8";"21";"3";"10";"5579";"262.";"4.5";"17.0";"62.";"6.";"357.74";"225.60";"208.26"
"2019";"8";"21";"3";"11";"5580";"262.";"4.2";"17.1";"60.";"6.";"375.77";"213.60";"226.69"
"2019";"8";"21";"3";"12";"5581";"264.";"5.1";"17.4";"60.";"4.";"512.59";"444.37";"202.46"
"2019";"8";"21";"3";"13";"5582";"267.";"4.7";"18.1";"55.";"6.";"357.83";"223.40";"209.80"
"2019";"8";"21";"3";"14";"5583";"269.";"4.9";"17.8";"56.";"5.";"369.77";"317.37";"181.12"
"2019";"8";"21";"3";"15";"5584";"271.";"4.7";"17.3";"57.";"3.";"384.80";"515.53";"128.09"
"2019";"8";"21";"3";"16";"5585";"264.";"4.6";"17.1";"59.";"7.";"143.35";"90.58";"108.94"
"2019";"8";"21";"3";"17";"5586";"260.";"4.2";"16.5";"60.";"3.";"146.50";"363.52";"56.32"
"2019";"8";"21";"3";"18";"5587";"258.";"4.0";"15.7";"61.";"3.";"27.81";"127.26";"13.60"
"2019";"8";"21";"3";"19";"5588";"255.";"3.4";"15.1";"66.";"2.";"0.00";"0.00";"0.00"
"2019";"8";"21";"3";"20";"5589";"254.";"3.6";"14.8";"70.";"0.";"0.00";"0.00";"0.00"
"2019";"8";"21";"3";"21";"5590";"253.";"3.7";"14.8";"74.";"0.";"0.00";"0.00";"0.00"
"2019";"8";"21";"3";"22";"5591";"237.";"2.9";"14.4";"78.";"0.";"0.00";"0.00";"0.00"
"2019";"8";"21";"3";"23";"5592";"214.";"2.3";"13.8";"82.";"0.";"0.00";"0.00";"0.00"
"2019";"8";"22";"4";"0";"5593";"213.";"2.1";"13.1";"84.";"0.";"0.00";"0.00";"0.00"
"2019";"8";"22";"4";"1";"5594";"195.";"1.8";"12.8";"86.";"0.";"0.00";"0.00";"0.00"
"2019";"8";"22";"4";"2";"5595";"189.";"1.9";"13.4";"86.";"4.";"0.00";"0.00";"0.00"
"2019";"8";"22";"4";"3";"5596";"184.";"2.7";"13.5";"86.";"8.";"0.00";"0.00";"0.00"
"2019";"8";"22";"4";"4";"5597";"179.";"2.8";"14.0";"86.";"7.";"0.00";"0.00";"0.00"
"2019";"8";"22";"4";"5";"5598";"175.";"3.5";"14.8";"83.";"7.";"7.44";"13.30";"6.02"
"2019";"8";"22";"4";"6";"5599";"189.";"4.1";"15.9";"79.";"7.";"70.95";"67.24";"54.60"
"2019";"8";"22";"4";"7";"5600";"188.";"4.6";"16.9";"75.";"7.";"222.96";"85.70";"190.82"
"2019";"8";"22";"4";"8";"5601";"189.";"4.9";"17.5";"70.";"7.";"321.79";"96.06";"274.40"
"2019";"8";"22";"4";"9";"5602";"184.";"5.6";"18.0";"70.";"7.";"398.38";"97.94";"340.60"
"2019";"8";"22";"4";"10";"5603";"183.";"6.1";"18.1";"70.";"8.";"208.44";"0.00";"208.44"
"2019";"8";"22";"4";"11";"5604";"183.";"6.5";"18.2";"72.";"6.";"362.98";"196.88";"226.42"
"2019";"8";"22";"4";"12";"5605";"180.";"6.8";"18.3";"73.";"7.";"479.23";"98.74";"410.74"
"2019";"8";"22";"4";"13";"5606";"180.";"6.6";"18.5";"70.";"6.";"484.99";"194.54";"356.93"
"2019";"8";"22";"4";"14";"5607";"176.";"6.2";"18.6";"69.";"7.";"400.89";"101.87";"340.79"
"2019";"8";"22";"4";"15";"5608";"176.";"6.7";"18.6";"65.";"6.";"347.03";"194.04";"251.29"
"2019";"8";"22";"4";"16";"5609";"183.";"7.4";"18.1";"66.";"7.";"217.79";"74.04";"190.02"
"2019";"8";"22";"4";"17";"5610";"198.";"4.9";"15.9";"79.";"7.";"42.12";"28.13";"35.28"
"2019";"8";"22";"4";"18";"5611";"231.";"3.8";"15.3";"91.";"7.";"2.58";"3.44";"2.21"
"2019";"8";"22";"4";"19";"5612";"214.";"2.3";"15.1";"89.";"4.";"0.00";"0.00";"0.00"
"2019";"8";"22";"4";"20";"5613";"229.";"2.6";"14.9";"86.";"2.";"0.00";"0.00";"0.00"
"2019";"8";"22";"4";"21";"5614";"225.";"3.2";"14.7";"84.";"0.";"0.00";"0.00";"0.00"
"2019";"8";"22";"4";"22";"5615";"208.";"2.5";"14.6";"83.";"8.";"0.00";"0.00";"0.00"
"2019";"8";"22";"4";"23";"5616";"205.";"3.6";"14.6";"84.";"7.";"0.00";"0.00";"0.00"
"2019";"8";"23";"5";"0";"5617";"188.";"2.6";"15.4";"82.";"7.";"0.00";"0.00";"0.00"
"2019";"8";"23";"5";"1";"5618";"179.";"3.6";"15.6";"87.";"7.";"0.00";"0.00";"0.00"
"2019";"8";"23";"5";"2";"5619";"195.";"3.6";"16.2";"86.";"8.";"0.00";"0.00";"0.00"
"2019";"8";"23";"5";"3";"5620";"185.";"4.6";"16.4";"88.";"7.";"0.00";"0.00";"0.00"
"2019";"8";"23";"5";"4";"5621";"193.";"5.4";"16.4";"90.";"8.";"0.00";"0.00";"0.00"
"2019";"8";"23";"5";"5";"5622";"201.";"5.3";"16.2";"93.";"8.";"0.00";"0.00";"0.00"
"2019";"8";"23";"5";"6";"5623";"205.";"5.4";"16.6";"91.";"8.";"25.64";"0.00";"25.64"
"2019";"8";"23";"5";"7";"5624";"204.";"5.7";"16.7";"91.";"8.";"54.10";"0.00";"54.10"
"2019";"8";"23";"5";"8";"5625";"204.";"5.7";"16.8";"91.";"8.";"78.38";"0.00";"78.38"
"2019";"8";"23";"5";"9";"5626";"207.";"5.8";"17.4";"88.";"7.";"229.51";"81.36";"181.88"
"2019";"8";"23";"5";"10";"5627";"214.";"5.5";"17.8";"88.";"8.";"197.93";"0.00";"197.93"
"2019";"8";"23";"5";"11";"5628";"220.";"4.7";"18.1";"88.";"8.";"206.61";"0.00";"206.61"
"2019";"8";"23";"5";"12";"5629";"234.";"5.4";"18.5";"85.";"7.";"287.05";"96.76";"220.36"
"2019";"8";"23";"5";"13";"5630";"247.";"4.7";"18.7";"82.";"7.";"270.91";"97.58";"207.11"
"2019";"8";"23";"5";"14";"5631";"249.";"4.1";"19.4";"76.";"7.";"233.02";"86.98";"182.09"
"2019";"8";"23";"5";"15";"5632";"250.";"3.8";"19.3";"75.";"3.";"354.13";"441.26";"138.46"
"2019";"8";"23";"5";"16";"5633";"253.";"3.6";"19.5";"75.";"6.";"156.34";"141.65";"103.89"
"2019";"8";"23";"5";"17";"5634";"242.";"3.4";"18.7";"78.";"4.";"103.14";"195.10";"56.66"
"2019";"8";"23";"5";"18";"5635";"246.";"3.3";"17.8";"82.";"2.";"1.01";"4.49";"0.56"
"2019";"8";"23";"5";"19";"5636";"249.";"2.9";"17.0";"85.";"0.";"0.00";"0.00";"0.00"
"2019";"8";"23";"5";"20";"5637";"242.";"2.4";"16.6";"86.";"0.";"0.00";"0.00";"0.00"
"2019";"8";"23";"5";"21";"5638";"256.";"3.2";"16.4";"86.";"0.";"0.00";"0.00";"0.00"
"2019";"8";"23";"5";"22";"5639";"253.";"2.6";"16.5";"88.";"2.";"0.00";"0.00";"0.00"
"2019";"8";"23";"5";"23";"5640";"252.";"2.5";"16.3";"90.";"6.";"0.00";"0.00";"0.00"
"2019";"8";"24";"6";"0";"5641";"255.";"2.2";"16.0";"89.";"6.";"0.00";"0.00";"0.00"
"2019";"8";"24";"6";"1";"5642";"262.";"2.2";"16.1";"89.";"7.";"0.00";"0.00";"0.00"
"2019";"8";"24";"6";"2";"5643";"270.";"2.2";"16.0";"88.";"8.";"0.00";"0.00";"0.00"
"2019";"8";"24";"6";"3";"5644";"275.";"2.3";"16.1";"88.";"7.";"0.00";"0.00";"0.00"
"2019";"8";"24";"6";"4";"5645";"275.";"2.0";"16.0";"88.";"7.";"0.00";"0.00";"0.00"
"2019";"8";"24";"6";"5";"5646";"269.";"1.9";"16.1";"87.";"6.";"0.00";"0.00";"0.00"
"2019";"8";"24";"6";"6";"5647";"260.";"2.1";"16.7";"85.";"7.";"60.41";"49.58";"48.85"
"2019";"8";"24";"6";"7";"5648";"270.";"2.2";"16.9";"85.";"8.";"92.38";"0.00";"92.38"
"2019";"8";"24";"6";"8";"5649";"257.";"2.2";"17.0";"86.";"8.";"135.70";"0.00";"135.70"
"2019";"8";"24";"6";"9";"5650";"243.";"2.2";"18.0";"82.";"8.";"173.94";"0.00";"173.94"
"2019";"8";"24";"6";"10";"5651";"253.";"2.1";"18.6";"78.";"8.";"200.93";"0.00";"200.93"
"2019";"8";"24";"6";"11";"5652";"253.";"1.8";"19.1";"74.";"8.";"215.56";"0.00";"215.56"
"2019";"8";"24";"6";"12";"5653";"251.";"1.6";"19.4";"72.";"8.";"215.78";"0.00";"215.78"
"2019";"8";"24";"6";"13";"5654";"261.";"1.5";"20.3";"71.";"5.";"393.07";"287.36";"206.48"
"2019";"8";"24";"6";"14";"5655";"264.";"1.3";"20.6";"68.";"1.";"537.03";"697.02";"132.15"
"2019";"8";"24";"6";"15";"5656";"235.";"1.3";"20.9";"67.";"1.";"427.19";"667.44";"104.11"
"2019";"8";"24";"6";"16";"5657";"245.";"1.6";"20.9";"68.";"1.";"291.33";"599.29";"72.30"
"2019";"8";"24";"6";"17";"5658";"254.";"1.2";"20.2";"72.";"2.";"126.15";"338.50";"47.21"
"2019";"8";"24";"6";"18";"5659";"264.";"1.7";"18.4";"79.";"0.";"0.00";"0.00";"0.00"
"2019";"8";"24";"6";"19";"5660";"277.";"1.1";"16.7";"86.";"0.";"0.00";"0.00";"0.00"
"2019";"8";"24";"6";"20";"5661";"282.";"0.9";"15.4";"90.";"0.";"0.00";"0.00";"0.00"
"2019";"8";"24";"6";"21";"5662";"316.";"0.6";"14.6";"91.";"0.";"0.00";"0.00";"0.00"
"2019";"8";"24";"6";"22";"5663";"47.";"0.8";"14.3";"92.";"0.";"0.00";"0.00";"0.00"
"2019";"8";"24";"6";"23";"5664";"70.";"1.6";"14.2";"93.";"0.";"0.00";"0.00";"0.00"
"2019";"8";"25";"7";"0";"5665";"73.";"1.3";"13.7";"92.";"0.";"0.00";"0.00";"0.00"
"2019";"8";"25";"7";"1";"5666";"72.";"1.1";"13.6";"93.";"1.";"0.00";"0.00";"0.00"
"2019";"8";"25";"7";"2";"5667";"91.";"1.3";"13.6";"92.";"0.";"0.00";"0.00";"0.00"
"2019";"8";"25";"7";"3";"5668";"104.";"1.4";"13.2";"93.";"0.";"0.00";"0.00";"0.00"
"2019";"8";"25";"7";"4";"5669";"103.";"1.9";"13.0";"92.";"0.";"0.00";"0.00";"0.00"
"2019";"8";"25";"7";"5";"5670";"105.";"2.3";"13.5";"92.";"0.";"1.35";"8.26";"0.59"
"2019";"8";"25";"7";"6";"5671";"117.";"2.3";"15.6";"89.";"1.";"136.52";"401.60";"44.90"
"2019";"8";"25";"7";"7";"5672";"138.";"1.8";"18.3";"80.";"0.";"305.33";"649.01";"71.32"
"2019";"8";"25";"7";"8";"5673";"164.";"1.6";"20.9";"69.";"0.";"450.10";"733.12";"98.72"
"2019";"8";"25";"7";"9";"5674";"157.";"1.9";"22.1";"62.";"0.";"578.22";"831.80";"98.92"
"2019";"8";"25";"7";"10";"5675";"156.";"2.2";"23.0";"59.";"0.";"661.42";"844.05";"117.20"
"2019";"8";"25";"7";"11";"5676";"200.";"2.0";"24.3";"55.";"1.";"655.85";"757.16";"140.79"
"2019";"8";"25";"7";"12";"5677";"218.";"1.8";"24.4";"55.";"0.";"702.31";"839.63";"131.15"
"2019";"8";"25";"7";"13";"5678";"233.";"1.9";"24.2";"56.";"0.";"658.72";"832.62";"121.86"
"2019";"8";"25";"7";"14";"5679";"244.";"2.2";"24.5";"55.";"3.";"447.21";"526.92";"143.59"
"2019";"8";"25";"7";"15";"5680";"242.";"2.2";"23.8";"56.";"0.";"457.16";"782.75";"81.99"
"2019";"8";"25";"7";"16";"5681";"246.";"1.8";"23.3";"53.";"1.";"299.96";"604.06";"82.16"
"2019";"8";"25";"7";"17";"5682";"259.";"1.8";"22.2";"56.";"4.";"127.11";"250.96";"69.85"
"2019";"8";"25";"7";"18";"5683";"258.";"1.3";"20.2";"64.";"3.";"0.00";"0.00";"0.00"
"2019";"8";"25";"7";"19";"5684";"111.";"0.6";"18.1";"73.";"0.";"0.00";"0.00";"0.00"
"2019";"8";"25";"7";"20";"5685";"107.";"0.7";"17.0";"80.";"0.";"0.00";"0.00";"0.00"
"2019";"8";"25";"7";"21";"5686";"88.";"0.7";"15.7";"84.";"0.";"0.00";"0.00";"0.00"
"2019";"8";"25";"7";"22";"5687";"112.";"1.0";"15.1";"86.";"0.";"0.00";"0.00";"0.00"
"2019";"8";"25";"7";"23";"5688";"89.";"1.5";"15.1";"86.";"1.";"0.00";"0.00";"0.00"
"2019";"8";"26";"1";"0";"5689";"91.";"1.2";"14.5";"86.";"1.";"0.00";"0.00";"0.00"
"2019";"8";"26";"1";"1";"5690";"116.";"1.6";"14.2";"86.";"0.";"0.00";"0.00";"0.00"
"2019";"8";"26";"1";"2";"5691";"120.";"1.3";"13.9";"87.";"0.";"0.00";"0.00";"0.00"
"2019";"8";"26";"1";"3";"5692";"116.";"1.4";"14.0";"89.";"0.";"0.00";"0.00";"0.00"
"2019";"8";"26";"1";"4";"5693";"115.";"1.7";"13.8";"89.";"0.";"0.00";"0.00";"0.00"
"2019";"8";"26";"1";"5";"5694";"111.";"1.2";"14.4";"87.";"0.";"0.00";"0.00";"0.00"
"2019";"8";"26";"1";"6";"5695";"110.";"1.1";"16.6";"81.";"0.";"143.40";"464.87";"39.72"
"2019";"8";"26";"1";"7";"5696";"123.";"1.2";"19.3";"72.";"0.";"304.08";"675.93";"63.71"
"2019";"8";"26";"1";"8";"5697";"124.";"1.3";"22.5";"59.";"0.";"451.53";"770.61";"85.91"
"2019";"8";"26";"1";"9";"5698";"118.";"1.9";"24.5";"49.";"0.";"573.73";"811.73";"109.81"
"2019";"8";"26";"1";"10";"5699";"117.";"2.0";"25.5";"43.";"0.";"660.00";"827.45";"130.32"
"2019";"8";"26";"1";"11";"5700";"124.";"1.4";"26.4";"42.";"0.";"708.93";"876.23";"116.89"
"2019";"8";"26";"1";"12";"5701";"128.";"0.9";"27.5";"40.";"1.";"672.38";"735.00";"175.77"
"2019";"8";"26";"1";"13";"5702";"209.";"1.0";"27.7";"40.";"3.";"582.99";"526.82";"245.75"
"2019";"8";"26";"1";"14";"5703";"231.";"1.7";"26.9";"42.";"4.";"469.54";"397.73";"242.24"
"2019";"8";"26";"1";"15";"5704";"220.";"2.0";"27.0";"45.";"3.";"337.55";"425.89";"135.48"
"2019";"8";"26";"1";"16";"5705";"220.";"2.0";"26.1";"47.";"3.";"229.95";"359.99";"101.94"
"2019";"8";"26";"1";"17";"5706";"220.";"1.1";"24.7";"51.";"3.";"124.88";"292.76";"59.59"
"2019";"8";"26";"1";"18";"5707";"235.";"0.4";"22.5";"58.";"3.";"0.00";"0.00";"0.00"
"2019";"8";"26";"1";"19";"5708";"68.";"0.5";"20.3";"66.";"0.";"0.00";"0.00";"0.00"
"2019";"8";"26";"1";"20";"5709";"82.";"1.3";"19.1";"71.";"1.";"0.00";"0.00";"0.00"
"2019";"8";"26";"1";"21";"5710";"101.";"2.1";"18.3";"75.";"5.";"0.00";"0.00";"0.00"
"2019";"8";"26";"1";"22";"5711";"114.";"1.8";"17.1";"76.";"0.";"0.00";"0.00";"0.00"
"2019";"8";"26";"1";"23";"5712";"115.";"2.0";"16.5";"77.";"0.";"0.00";"0.00";"0.00"
"2019";"8";"27";"2";"0";"5713";"112.";"2.2";"16.9";"77.";"2.";"0.00";"0.00";"0.00"
"2019";"8";"27";"2";"1";"5714";"128.";"1.7";"16.0";"79.";"8.";"0.00";"0.00";"0.00"
"2019";"8";"27";"2";"2";"5715";"130.";"1.3";"15.7";"82.";"8.";"0.00";"0.00";"0.00"
"2019";"8";"27";"2";"3";"5716";"115.";"1.4";"15.6";"82.";"4.";"0.00";"0.00";"0.00"
"2019";"8";"27";"2";"4";"5717";"115.";"1.8";"15.6";"84.";"6.";"0.00";"0.00";"0.00"
"2019";"8";"27";"2";"5";"5718";"114.";"1.7";"16.2";"81.";"1.";"0.00";"0.00";"0.00"
"2019";"8";"27";"2";"6";"5719";"118.";"1.6";"18.1";"74.";"0.";"136.22";"441.02";"40.14"
"2019";"8";"27";"2";"7";"5720";"117.";"1.8";"20.9";"63.";"0.";"297.26";"645.73";"70.88"
"2019";"8";"27";"2";"8";"5721";"107.";"1.3";"23.7";"51.";"0.";"446.27";"747.09";"95.45"
"2019";"8";"27";"2";"9";"5722";"108.";"1.8";"25.6";"48.";"0.";"562.51";"783.71";"118.34"
"2019";"8";"27";"2";"10";"5723";"108.";"1.6";"26.5";"46.";"0.";"652.48";"845.55";"115.17"
"2019";"8";"27";"2";"11";"5724";"135.";"0.9";"26.8";"45.";"3.";"618.79";"550.76";"249.22"
"2019";"8";"27";"2";"12";"5725";"203.";"0.8";"26.6";"48.";"7.";"491.37";"103.34";"422.02"
"2019";"8";"27";"2";"13";"5726";"189.";"0.4";"26.1";"51.";"8.";"432.86";"0.00";"432.86"
"2019";"8";"27";"2";"14";"5727";"256.";"1.7";"26.2";"53.";"5.";"445.14";"293.60";"278.75"
"2019";"8";"27";"2";"15";"5728";"231.";"2.0";"23.7";"62.";"5.";"346.22";"264.80";"221.88"
"2019";"8";"27";"2";"16";"5729";"248.";"2.8";"22.8";"66.";"5.";"221.13";"227.79";"141.27"
"2019";"8";"27";"2";"17";"5730";"235.";"1.0";"22.4";"69.";"7.";"88.86";"52.72";"77.38"
"2019";"8";"27";"2";"18";"5731";"340.";"0.4";"21.8";"73.";"5.";"0.00";"0.00";"0.00"
"2019";"8";"27";"2";"19";"5732";"22.";"0.3";"20.7";"76.";"6.";"0.00";"0.00";"0.00"
"2019";"8";"27";"2";"20";"5733";"58.";"0.7";"19.8";"79.";"6.";"0.00";"0.00";"0.00"
"2019";"8";"27";"2";"21";"5734";"84.";"1.5";"19.5";"78.";"7.";"0.00";"0.00";"0.00"
"2019";"8";"27";"2";"22";"5735";"111.";"2.4";"19.8";"80.";"5.";"0.00";"0.00";"0.00"
"2019";"8";"27";"2";"23";"5736";"116.";"1.7";"18.8";"82.";"8.";"0.00";"0.00";"0.00"
"2019";"8";"28";"3";"0";"5737";"108.";"1.9";"19.3";"80.";"2.";"0.00";"0.00";"0.00"
"2019";"8";"28";"3";"1";"5738";"118.";"1.7";"19.6";"78.";"4.";"0.00";"0.00";"0.00"
"2019";"8";"28";"3";"2";"5739";"127.";"1.4";"19.3";"78.";"7.";"0.00";"0.00";"0.00"
"2019";"8";"28";"3";"3";"5740";"125.";"1.9";"18.8";"78.";"8.";"0.00";"0.00";"0.00"
"2019";"8";"28";"3";"4";"5741";"64.";"1.9";"18.8";"81.";"7.";"0.00";"0.00";"0.00"
"2019";"8";"28";"3";"5";"5742";"71.";"0.9";"17.7";"93.";"8.";"0.00";"0.00";"0.00"
"2019";"8";"28";"3";"6";"5743";"65.";"2.0";"17.9";"92.";"7.";"47.98";"23.20";"43.05"
"2019";"8";"28";"3";"7";"5744";"92.";"2.9";"18.1";"89.";"7.";"116.19";"38.42";"102.92"
"2019";"8";"28";"3";"8";"5745";"93.";"3.1";"19.0";"85.";"6.";"324.92";"183.33";"239.74"
"2019";"8";"28";"3";"9";"5746";"116.";"3.3";"20.3";"80.";"6.";"397.18";"196.28";"286.89"
"2019";"8";"28";"3";"10";"5747";"120.";"3.6";"21.1";"77.";"6.";"473.65";"197.94";"348.81"
"2019";"8";"28";"3";"11";"5748";"129.";"2.9";"20.1";"82.";"8.";"254.08";"0.00";"254.08"
"2019";"8";"28";"3";"12";"5749";"138.";"2.7";"21.0";"82.";"7.";"306.56";"61.39";"265.66"
"2019";"8";"28";"3";"13";"5750";"150.";"3.0";"21.2";"85.";"6.";"437.07";"167.36";"331.52"
"2019";"8";"28";"3";"14";"5751";"132.";"3.3";"21.4";"88.";"4.";"448.13";"364.48";"243.33"
"2019";"8";"28";"3";"15";"5752";"155.";"3.4";"21.6";"85.";"8.";"275.64";"0.00";"275.64"
"2019";"8";"28";"3";"16";"5753";"148.";"3.3";"22.6";"81.";"6.";"201.47";"147.89";"150.37"
"2019";"8";"28";"3";"17";"5754";"139.";"3.0";"22.5";"82.";"4.";"70.07";"156.05";"36.89"
"2019";"8";"28";"3";"18";"5755";"123.";"2.4";"21.5";"86.";"3.";"0.00";"0.00";"0.00"
"2019";"8";"28";"3";"19";"5756";"105.";"2.3";"20.9";"88.";"0.";"0.00";"0.00";"0.00"
"2019";"8";"28";"3";"20";"5757";"112.";"1.9";"20.6";"89.";"0.";"0.00";"0.00";"0.00"
"2019";"8";"28";"3";"21";"5758";"120.";"2.4";"20.4";"90.";"0.";"0.00";"0.00";"0.00"
"2019";"8";"28";"3";"22";"5759";"133.";"2.9";"20.1";"89.";"0.";"0.00";"0.00";"0.00"
"2019";"8";"28";"3";"23";"5760";"137.";"3.5";"20.0";"90.";"0.";"0.00";"0.00";"0.00"
"2019";"8";"29";"4";"0";"5761";"137.";"3.3";"19.6";"91.";"1.";"0.00";"0.00";"0.00"
"2019";"8";"29";"4";"1";"5762";"145.";"3.5";"19.5";"92.";"3.";"0.00";"0.00";"0.00"
"2019";"8";"29";"4";"2";"5763";"140.";"3.6";"19.6";"92.";"8.";"0.00";"0.00";"0.00"
"2019";"8";"29";"4";"3";"5764";"138.";"3.5";"19.4";"93.";"8.";"0.00";"0.00";"0.00"
"2019";"8";"29";"4";"4";"5765";"176.";"2.2";"19.3";"94.";"7.";"0.00";"0.00";"0.00"
"2019";"8";"29";"4";"5";"5766";"218.";"1.8";"19.5";"94.";"6.";"0.00";"0.00";"0.00"
"2019";"8";"29";"4";"6";"5767";"257.";"2.6";"18.9";"94.";"8.";"25.65";"0.00";"25.65"
"2019";"8";"29";"4";"7";"5768";"258.";"2.1";"19.6";"91.";"7.";"100.51";"48.02";"84.16"
"2019";"8";"29";"4";"8";"5769";"224.";"1.8";"19.8";"87.";"7.";"157.24";"57.75";"130.70"
"2019";"8";"29";"4";"9";"5770";"257.";"1.6";"19.3";"88.";"8.";"95.22";"0.00";"95.22"
"2019";"8";"29";"4";"10";"5771";"254.";"3.5";"19.0";"86.";"8.";"191.82";"0.00";"191.82"
"2019";"8";"29";"4";"11";"5772";"270.";"2.7";"18.4";"81.";"7.";"278.46";"102.41";"210.72"
"2019";"8";"29";"4";"12";"5773";"255.";"2.0";"18.1";"84.";"7.";"277.14";"100.55";"210.62"
"2019";"8";"29";"4";"13";"5774";"246.";"2.0";"18.1";"88.";"7.";"165.12";"59.97";"127.58"
"2019";"8";"29";"4";"14";"5775";"256.";"2.3";"19.3";"84.";"6.";"278.37";"201.39";"166.19"
"2019";"8";"29";"4";"15";"5776";"244.";"2.2";"19.7";"80.";"2.";"365.48";"579.27";"99.23"
"2019";"8";"29";"4";"16";"5777";"219.";"2.9";"19.4";"81.";"3.";"213.32";"385.11";"82.25"
"2019";"8";"29";"4";"17";"5778";"228.";"3.6";"17.8";"86.";"6.";"58.48";"94.14";"38.97"
"2019";"8";"29";"4";"18";"5779";"254.";"3.1";"16.5";"92.";"8.";"0.00";"0.00";"0.00"
"2019";"8";"29";"4";"19";"5780";"248.";"2.2";"16.3";"92.";"8.";"0.00";"0.00";"0.00"
"2019";"8";"29";"4";"20";"5781";"258.";"3.0";"16.5";"90.";"6.";"0.00";"0.00";"0.00"
"2019";"8";"29";"4";"21";"5782";"258.";"3.7";"16.0";"86.";"7.";"0.00";"0.00";"0.00"
"2019";"8";"29";"4";"22";"5783";"265.";"3.5";"15.3";"85.";"2.";"0.00";"0.00";"0.00"
"2019";"8";"29";"4";"23";"5784";"266.";"3.0";"14.7";"85.";"5.";"0.00";"0.00";"0.00"
"2019";"8";"30";"5";"0";"5785";"264.";"2.6";"14.7";"86.";"4.";"0.00";"0.00";"0.00"
"2019";"8";"30";"5";"1";"5786";"261.";"2.8";"14.6";"86.";"5.";"0.00";"0.00";"0.00"
"2019";"8";"30";"5";"2";"5787";"253.";"2.9";"14.2";"86.";"5.";"0.00";"0.00";"0.00"
"2019";"8";"30";"5";"3";"5788";"250.";"2.9";"13.7";"87.";"3.";"0.00";"0.00";"0.00"
"2019";"8";"30";"5";"4";"5789";"240.";"2.6";"13.8";"87.";"1.";"0.00";"0.00";"0.00"
"2019";"8";"30";"5";"5";"5790";"227.";"2.6";"13.8";"86.";"1.";"0.00";"0.00";"0.00"
"2019";"8";"30";"5";"6";"5791";"221.";"2.9";"15.7";"82.";"8.";"37.35";"0.00";"37.35"
"2019";"8";"30";"5";"7";"5792";"222.";"3.8";"17.2";"75.";"7.";"116.47";"81.54";"89.14"
"2019";"8";"30";"5";"8";"5793";"221.";"4.5";"17.4";"74.";"4.";"298.43";"384.98";"123.43"
"2019";"8";"30";"5";"9";"5794";"215.";"5.2";"17.7";"74.";"6.";"399.86";"204.04";"287.21"
"2019";"8";"30";"5";"10";"5795";"208.";"5.2";"18.8";"72.";"6.";"459.51";"207.95";"330.37"
"2019";"8";"30";"5";"11";"5796";"206.";"5.4";"18.6";"70.";"6.";"493.21";"211.89";"354.07"
"2019";"8";"30";"5";"12";"5797";"206.";"5.6";"19.3";"69.";"7.";"485.09";"106.36";"415.25"
"2019";"8";"30";"5";"13";"5798";"202.";"5.3";"19.5";"67.";"7.";"429.07";"105.58";"363.51"
"2019";"8";"30";"5";"14";"5799";"203.";"5.4";"19.2";"68.";"6.";"403.99";"216.28";"284.59"
"2019";"8";"30";"5";"15";"5800";"192.";"5.3";"19.7";"69.";"5.";"328.79";"274.18";"204.15"
"2019";"8";"30";"5";"16";"5801";"197.";"5.0";"19.6";"69.";"5.";"168.22";"241.41";"87.30"
"2019";"8";"30";"5";"17";"5802";"202.";"4.8";"18.9";"70.";"2.";"108.31";"315.95";"44.48"
"2019";"8";"30";"5";"18";"5803";"194.";"4.0";"18.3";"76.";"3.";"0.00";"0.00";"0.00"
"2019";"8";"30";"5";"19";"5804";"196.";"3.6";"17.9";"79.";"1.";"0.00";"0.00";"0.00"
"2019";"8";"30";"5";"20";"5805";"209.";"3.4";"18.2";"80.";"4.";"0.00";"0.00";"0.00"
"2019";"8";"30";"5";"21";"5806";"210.";"2.7";"18.0";"80.";"6.";"0.00";"0.00";"0.00"
"2019";"8";"30";"5";"22";"5807";"216.";"3.2";"17.6";"81.";"5.";"0.00";"0.00";"0.00"
"2019";"8";"30";"5";"23";"5808";"218.";"3.6";"17.4";"83.";"7.";"0.00";"0.00";"0.00"
"2019";"8";"31";"6";"0";"5809";"219.";"3.5";"17.0";"83.";"8.";"0.00";"0.00";"0.00"
"2019";"8";"31";"6";"1";"5810";"219.";"3.2";"16.7";"84.";"7.";"0.00";"0.00";"0.00"
"2019";"8";"31";"6";"2";"5811";"213.";"3.2";"16.5";"86.";"4.";"0.00";"0.00";"0.00"
"2019";"8";"31";"6";"3";"5812";"212.";"3.7";"16.3";"87.";"5.";"0.00";"0.00";"0.00"
"2019";"8";"31";"6";"4";"5813";"204.";"3.2";"16.0";"88.";"8.";"0.00";"0.00";"0.00"
"2019";"8";"31";"6";"5";"5814";"195.";"2.9";"16.2";"85.";"7.";"0.00";"0.00";"0.00"
"2019";"8";"31";"6";"6";"5815";"193.";"3.1";"16.9";"82.";"8.";"33.28";"0.00";"33.28"
"2019";"8";"31";"6";"7";"5816";"182.";"4.0";"18.6";"80.";"7.";"109.04";"73.68";"84.73"
"2019";"8";"31";"6";"8";"5817";"183.";"4.4";"19.5";"71.";"6.";"212.01";"177.62";"132.18"
"2019";"8";"31";"6";"9";"5818";"183.";"4.6";"21.0";"61.";"3.";"418.43";"486.69";"152.20"
"2019";"8";"31";"6";"10";"5819";"177.";"4.6";"21.5";"59.";"3.";"480.71";"484.54";"182.21"
"2019";"8";"31";"6";"11";"5820";"181.";"4.7";"22.5";"55.";"0.";"674.98";"841.83";"126.31"
"2019";"8";"31";"6";"12";"5821";"169.";"4.6";"23.1";"53.";"0.";"675.89";"847.64";"123.43"
"2019";"8";"31";"6";"13";"5822";"181.";"4.5";"23.6";"55.";"0.";"619.58";"776.30";"141.35"
"2019";"8";"31";"6";"14";"5823";"176.";"4.2";"24.2";"55.";"1.";"490.72";"629.25";"146.50"
"2019";"8";"31";"6";"15";"5824";"177.";"3.4";"24.5";"57.";"1.";"384.97";"641.16";"96.79"
"2019";"8";"31";"6";"16";"5825";"170.";"3.1";"24.5";"61.";"1.";"241.99";"520.42";"70.28"
"2019";"8";"31";"6";"17";"5826";"164.";"2.3";"23.9";"65.";"0.";"95.52";"333.37";"29.97"
"2019";"8";"31";"6";"18";"5827";"143.";"1.7";"22.5";"73.";"5.";"0.00";"0.00";"0.00"
"2019";"8";"31";"6";"19";"5828";"137.";"1.8";"21.7";"78.";"5.";"0.00";"0.00";"0.00"
"2019";"8";"31";"6";"20";"5829";"145.";"2.2";"21.3";"81.";"6.";"0.00";"0.00";"0.00"
"2019";"8";"31";"6";"21";"5830";"137.";"2.4";"21.2";"82.";"2.";"0.00";"0.00";"0.00"
"2019";"8";"31";"6";"22";"5831";"132.";"2.9";"20.6";"84.";"1.";"0.00";"0.00";"0.00"
"2019";"8";"31";"6";"23";"5832";"121.";"3.2";"19.9";"85.";"5.";"0.00";"0.00";"0.00"
"2019";"9";"1";"7";"0";"5833";"123.";"3.8";"19.9";"85.";"7.";"0.00";"0.00";"0.00"
"2019";"9";"1";"7";"1";"5834";"126.";"4.3";"20.0";"83.";"7.";"0.00";"0.00";"0.00"
"2019";"9";"1";"7";"2";"5835";"132.";"5.1";"20.4";"80.";"5.";"0.00";"0.00";"0.00"
"2019";"9";"1";"7";"3";"5836";"185.";"3.4";"19.0";"87.";"8.";"0.00";"0.00";"0.00"
"2019";"9";"1";"7";"4";"5837";"210.";"4.5";"18.4";"89.";"7.";"0.00";"0.00";"0.00"
"2019";"9";"1";"7";"5";"5838";"357.";"2.0";"17.5";"93.";"6.";"0.00";"0.00";"0.00"
"2019";"9";"1";"7";"6";"5839";"12.";"2.1";"17.8";"93.";"7.";"23.99";"20.15";"20.14"
"2019";"9";"1";"7";"7";"5840";"288.";"1.7";"18.1";"93.";"6.";"126.05";"118.86";"87.46"
"2019";"9";"1";"7";"8";"5841";"263.";"2.9";"18.4";"91.";"7.";"157.55";"65.07";"128.64"
"2019";"9";"1";"7";"9";"5842";"247.";"4.2";"17.5";"87.";"7.";"210.68";"77.89";"168.47"
"2019";"9";"1";"7";"10";"5843";"253.";"3.7";"17.1";"86.";"7.";"244.23";"79.44";"195.69"
"2019";"9";"1";"7";"11";"5844";"280.";"5.1";"17.2";"80.";"7.";"271.89";"95.41";"210.18"
"2019";"9";"1";"7";"12";"5845";"280.";"5.1";"17.4";"71.";"7.";"278.46";"104.29";"211.01"
"2019";"9";"1";"7";"13";"5846";"278.";"5.1";"17.1";"65.";"7.";"431.90";"107.70";"366.09"
"2019";"9";"1";"7";"14";"5847";"276.";"5.6";"17.2";"65.";"8.";"343.73";"0.00";"343.73"
"2019";"9";"1";"7";"15";"5848";"273.";"4.6";"16.8";"65.";"7.";"177.91";"95.66";"135.40"
"2019";"9";"1";"7";"16";"5849";"272.";"4.4";"16.4";"63.";"5.";"222.88";"258.44";"138.97"
"2019";"9";"1";"7";"17";"5850";"268.";"3.9";"15.9";"64.";"7.";"91.81";"60.27";"80.29"
"2019";"9";"1";"7";"18";"5851";"260.";"3.4";"15.7";"67.";"6.";"0.00";"0.00";"0.00"
"2019";"9";"1";"7";"19";"5852";"255.";"3.7";"15.5";"68.";"5.";"0.00";"0.00";"0.00"
"2019";"9";"1";"7";"20";"5853";"252.";"3.8";"15.1";"71.";"6.";"0.00";"0.00";"0.00"
"2019";"9";"1";"7";"21";"5854";"254.";"4.2";"14.8";"71.";"8.";"0.00";"0.00";"0.00"
"2019";"9";"1";"7";"22";"5855";"254.";"4.1";"14.5";"73.";"8.";"0.00";"0.00";"0.00"
"2019";"9";"1";"7";"23";"5856";"251.";"3.7";"14.4";"73.";"3.";"0.00";"0.00";"0.00"
"2019";"9";"2";"1";"0";"5857";"242.";"3.9";"14.2";"74.";"7.";"0.00";"0.00";"0.00"
"2019";"9";"2";"1";"1";"5858";"237.";"4.3";"13.9";"75.";"0.";"0.00";"0.00";"0.00"
"2019";"9";"2";"1";"2";"5859";"231.";"4.0";"13.8";"78.";"2.";"0.00";"0.00";"0.00"
"2019";"9";"2";"1";"3";"5860";"233.";"3.9";"13.7";"76.";"8.";"0.00";"0.00";"0.00"
"2019";"9";"2";"1";"4";"5861";"236.";"4.2";"13.7";"76.";"3.";"0.00";"0.00";"0.00"
"2019";"9";"2";"1";"5";"5862";"234.";"4.2";"13.7";"78.";"2.";"0.00";"0.00";"0.00"
"2019";"9";"2";"1";"6";"5863";"233.";"4.4";"14.8";"74.";"5.";"68.82";"155.77";"39.88"
"2019";"9";"2";"1";"7";"5864";"242.";"5.3";"15.2";"72.";"4.";"192.00";"332.26";"85.90"
"2019";"9";"2";"1";"8";"5865";"257.";"5.2";"15.4";"71.";"6.";"217.85";"194.05";"132.65"
"2019";"9";"2";"1";"9";"5866";"254.";"5.6";"15.8";"69.";"6.";"278.24";"200.57";"170.57"
"2019";"9";"2";"1";"10";"5867";"260.";"6.4";"16.3";"62.";"7.";"262.14";"105.96";"197.94"
"2019";"9";"2";"1";"11";"5868";"262.";"6.7";"16.4";"57.";"3.";"528.07";"532.21";"186.52"
"2019";"9";"2";"1";"12";"5869";"263.";"7.1";"16.7";"53.";"2.";"615.34";"590.97";"236.08"
"2019";"9";"2";"1";"13";"5870";"267.";"7.0";"16.8";"54.";"6.";"460.57";"205.49";"336.05"
"2019";"9";"2";"1";"14";"5871";"270.";"7.4";"16.4";"55.";"4.";"454.24";"405.16";"236.73"
"2019";"9";"2";"1";"15";"5872";"267.";"7.2";"16.2";"57.";"7.";"177.63";"95.75";"135.59"
"2019";"9";"2";"1";"16";"5873";"264.";"7.0";"16.0";"57.";"6.";"141.85";"150.51";"93.79"
"2019";"9";"2";"1";"17";"5874";"262.";"6.5";"15.4";"58.";"5.";"74.89";"177.02";"42.00"
"2019";"9";"2";"1";"18";"5875";"260.";"6.0";"14.7";"59.";"0.";"0.00";"0.00";"0.00"
"2019";"9";"2";"1";"19";"5876";"257.";"5.7";"14.3";"60.";"2.";"0.00";"0.00";"0.00"
"2019";"9";"2";"1";"20";"5877";"255.";"5.2";"14.2";"63.";"3.";"0.00";"0.00";"0.00"
"2019";"9";"2";"1";"21";"5878";"252.";"4.8";"13.9";"65.";"4.";"0.00";"0.00";"0.00"
"2019";"9";"2";"1";"22";"5879";"244.";"4.4";"13.8";"66.";"5.";"0.00";"0.00";"0.00"
"2019";"9";"2";"1";"23";"5880";"233.";"3.7";"13.5";"70.";"2.";"0.00";"0.00";"0.00"
"2019";"9";"3";"2";"0";"5881";"223.";"3.7";"12.8";"71.";"1.";"0.00";"0.00";"0.00"
"2019";"9";"3";"2";"1";"5882";"214.";"4.3";"12.6";"74.";"8.";"0.00";"0.00";"0.00"
"2019";"9";"3";"2";"2";"5883";"199.";"4.7";"13.1";"76.";"8.";"0.00";"0.00";"0.00"
"2019";"9";"3";"2";"3";"5884";"198.";"5.1";"13.2";"80.";"7.";"0.00";"0.00";"0.00"
"2019";"9";"3";"2";"4";"5885";"194.";"5.8";"14.3";"80.";"8.";"0.00";"0.00";"0.00"
"2019";"9";"3";"2";"5";"5886";"195.";"5.7";"14.4";"81.";"7.";"0.00";"0.00";"0.00"
"2019";"9";"3";"2";"6";"5887";"190.";"6.0";"14.4";"85.";"7.";"25.14";"20.75";"21.40"
"2019";"9";"3";"2";"7";"5888";"201.";"7.6";"14.8";"90.";"8.";"42.81";"0.00";"42.81"
"2019";"9";"3";"2";"8";"5889";"209.";"8.8";"15.0";"90.";"8.";"68.88";"0.00";"68.88"
"2019";"9";"3";"2";"9";"5890";"213.";"7.8";"15.6";"89.";"8.";"95.31";"0.00";"95.31"
"2019";"9";"3";"2";"10";"5891";"236.";"6.1";"16.4";"87.";"8.";"190.92";"0.00";"190.92"
"2019";"9";"3";"2";"11";"5892";"232.";"5.3";"17.4";"82.";"7.";"274.45";"110.45";"204.13"
"2019";"9";"3";"2";"12";"5893";"244.";"4.7";"17.8";"79.";"7.";"273.49";"108.04";"204.70"
"2019";"9";"3";"2";"13";"5894";"250.";"4.6";"17.9";"78.";"7.";"255.58";"107.44";"191.03"
"2019";"9";"3";"2";"14";"5895";"254.";"6.4";"17.9";"74.";"8.";"166.10";"0.00";"166.10"
"2019";"9";"3";"2";"15";"5896";"254.";"7.1";"17.4";"66.";"8.";"128.60";"0.00";"128.60"
"2019";"9";"3";"2";"16";"5897";"258.";"6.9";"16.8";"64.";"6.";"138.26";"162.20";"87.34"
"2019";"9";"3";"2";"17";"5898";"260.";"6.4";"16.2";"66.";"0.";"109.32";"412.19";"35.02"
"2019";"9";"3";"2";"18";"5899";"259.";"6.6";"15.6";"69.";"0.";"0.00";"0.00";"0.00"
"2019";"9";"3";"2";"19";"5900";"259.";"6.9";"15.2";"69.";"2.";"0.00";"0.00";"0.00"
"2019";"9";"3";"2";"20";"5901";"262.";"6.6";"14.9";"70.";"2.";"0.00";"0.00";"0.00"
"2019";"9";"3";"2";"21";"5902";"269.";"5.4";"14.7";"72.";"3.";"0.00";"0.00";"0.00"
"2019";"9";"3";"2";"22";"5903";"270.";"4.6";"14.5";"73.";"2.";"0.00";"0.00";"0.00"
"2019";"9";"3";"2";"23";"5904";"271.";"4.2";"14.4";"73.";"2.";"0.00";"0.00";"0.00"
"2019";"9";"4";"3";"0";"5905";"269.";"4.3";"14.1";"73.";"5.";"0.00";"0.00";"0.00"
"2019";"9";"4";"3";"1";"5906";"266.";"4.0";"13.9";"73.";"2.";"0.00";"0.00";"0.00"
"2019";"9";"4";"3";"2";"5907";"263.";"3.5";"13.6";"73.";"1.";"0.00";"0.00";"0.00"
"2019";"9";"4";"3";"3";"5908";"260.";"2.9";"12.9";"76.";"3.";"0.00";"0.00";"0.00"
"2019";"9";"4";"3";"4";"5909";"240.";"2.3";"12.3";"79.";"8.";"0.00";"0.00";"0.00"
"2019";"9";"4";"3";"5";"5910";"225.";"2.1";"13.2";"80.";"8.";"0.00";"0.00";"0.00"
"2019";"9";"4";"3";"6";"5911";"208.";"2.6";"14.0";"80.";"6.";"73.40";"102.32";"55.53"
"2019";"9";"4";"3";"7";"5912";"175.";"2.4";"14.8";"82.";"6.";"132.52";"159.50";"83.32"
"2019";"9";"4";"3";"8";"5913";"151.";"2.6";"14.8";"89.";"7.";"105.13";"52.42";"82.67"
"2019";"9";"4";"3";"9";"5914";"164.";"3.1";"14.8";"93.";"7.";"122.33";"32.42";"105.26"
"2019";"9";"4";"3";"10";"5915";"194.";"4.0";"15.5";"93.";"8.";"107.87";"0.00";"107.87"
"2019";"9";"4";"3";"11";"5916";"202.";"5.2";"16.0";"92.";"8.";"106.23";"0.00";"106.23"
"2019";"9";"4";"3";"12";"5917";"193.";"5.9";"16.7";"91.";"7.";"168.33";"57.82";"131.82"
"2019";"9";"4";"3";"13";"5918";"191.";"5.9";"16.6";"90.";"8.";"101.69";"0.00";"101.69"
"2019";"9";"4";"3";"14";"5919";"192.";"5.8";"16.6";"88.";"8.";"92.70";"0.00";"92.70"
"2019";"9";"4";"3";"15";"5920";"193.";"6.2";"16.1";"86.";"8.";"67.98";"0.00";"67.98"
"2019";"9";"4";"3";"16";"5921";"188.";"6.0";"15.6";"92.";"8.";"41.14";"0.00";"41.14"
"2019";"9";"4";"3";"17";"5922";"182.";"5.9";"15.5";"93.";"8.";"14.00";"0.00";"14.00"
"2019";"9";"4";"3";"18";"5923";"178.";"6.8";"15.5";"92.";"8.";"0.00";"0.00";"0.00"
"2019";"9";"4";"3";"19";"5924";"180.";"8.3";"15.5";"92.";"8.";"0.00";"0.00";"0.00"
"2019";"9";"4";"3";"20";"5925";"193.";"7.0";"15.4";"93.";"8.";"0.00";"0.00";"0.00"
"2019";"9";"4";"3";"21";"5926";"241.";"5.6";"15.7";"92.";"8.";"0.00";"0.00";"0.00"
"2019";"9";"4";"3";"22";"5927";"250.";"3.1";"15.0";"91.";"8.";"0.00";"0.00";"0.00"
"2019";"9";"4";"3";"23";"5928";"230.";"4.1";"14.9";"92.";"7.";"0.00";"0.00";"0.00"
"2019";"9";"5";"4";"0";"5929";"252.";"4.1";"14.7";"87.";"7.";"0.00";"0.00";"0.00"
"2019";"9";"5";"4";"1";"5930";"249.";"4.2";"14.4";"86.";"8.";"0.00";"0.00";"0.00"
"2019";"9";"5";"4";"2";"5931";"251.";"4.9";"14.2";"83.";"7.";"0.00";"0.00";"0.00"
"2019";"9";"5";"4";"3";"5932";"253.";"4.7";"13.9";"82.";"5.";"0.00";"0.00";"0.00"
"2019";"9";"5";"4";"4";"5933";"251.";"4.2";"13.6";"81.";"0.";"0.00";"0.00";"0.00"
"2019";"9";"5";"4";"5";"5934";"245.";"3.6";"13.5";"80.";"1.";"0.00";"0.00";"0.00"
"2019";"9";"5";"4";"6";"5935";"242.";"4.6";"14.2";"79.";"2.";"82.94";"299.07";"32.36"
"2019";"9";"5";"4";"7";"5936";"234.";"4.9";"13.9";"78.";"6.";"132.22";"164.29";"82.43"
"2019";"9";"5";"4";"8";"5937";"229.";"4.4";"13.7";"79.";"8.";"145.31";"0.00";"145.31"
"2019";"9";"5";"4";"9";"5938";"217.";"5.4";"14.3";"80.";"7.";"218.46";"104.67";"163.92"
"2019";"9";"5";"4";"10";"5939";"219.";"6.1";"15.1";"74.";"7.";"255.58";"110.53";"190.32"
"2019";"9";"5";"4";"11";"5940";"227.";"5.9";"15.8";"66.";"4.";"461.97";"451.77";"179.02"
"2019";"9";"5";"4";"12";"5941";"219.";"5.7";"16.0";"64.";"6.";"339.12";"218.51";"202.27"
"2019";"9";"5";"4";"13";"5942";"234.";"6.1";"14.8";"79.";"6.";"213.89";"125.75";"139.64"
"2019";"9";"5";"4";"14";"5943";"272.";"7.2";"15.0";"64.";"6.";"275.31";"217.48";"161.98"
"2019";"9";"5";"4";"15";"5944";"260.";"5.9";"15.6";"64.";"4.";"285.24";"393.52";"118.74"
"2019";"9";"5";"4";"16";"5945";"263.";"5.1";"15.1";"65.";"2.";"247.88";"521.47";"89.85"
"2019";"9";"5";"4";"17";"5946";"267.";"4.0";"14.5";"70.";"8.";"34.90";"0.00";"34.90"
"2019";"9";"5";"4";"18";"5947";"266.";"4.5";"14.6";"72.";"6.";"0.00";"0.00";"0.00"
"2019";"9";"5";"4";"19";"5948";"286.";"4.4";"14.5";"74.";"0.";"0.00";"0.00";"0.00"
"2019";"9";"5";"4";"20";"5949";"288.";"3.9";"14.4";"75.";"0.";"0.00";"0.00";"0.00"
"2019";"9";"5";"4";"21";"5950";"280.";"2.3";"13.8";"74.";"7.";"0.00";"0.00";"0.00"
"2019";"9";"5";"4";"22";"5951";"281.";"4.2";"12.6";"77.";"7.";"0.00";"0.00";"0.00"
"2019";"9";"5";"4";"23";"5952";"283.";"5.3";"12.7";"78.";"6.";"0.00";"0.00";"0.00"
"2019";"9";"6";"5";"0";"5953";"280.";"5.3";"13.2";"76.";"6.";"0.00";"0.00";"0.00"
"2019";"9";"6";"5";"1";"5954";"281.";"5.2";"13.0";"76.";"6.";"0.00";"0.00";"0.00"
"2019";"9";"6";"5";"2";"5955";"277.";"5.3";"12.9";"73.";"7.";"0.00";"0.00";"0.00"
"2019";"9";"6";"5";"3";"5956";"278.";"5.2";"12.8";"71.";"8.";"0.00";"0.00";"0.00"
"2019";"9";"6";"5";"4";"5957";"279.";"5.6";"12.3";"67.";"0.";"0.00";"0.00";"0.00"
"2019";"9";"6";"5";"5";"5958";"273.";"4.4";"12.4";"65.";"5.";"0.00";"0.00";"0.00"
"2019";"9";"6";"5";"6";"5959";"260.";"5.0";"13.4";"68.";"8.";"62.34";"0.00";"62.34"
"2019";"9";"6";"5";"7";"5960";"242.";"6.3";"13.1";"81.";"8.";"86.68";"0.00";"86.68"
"2019";"9";"6";"5";"8";"5961";"233.";"5.1";"13.5";"80.";"7.";"106.19";"58.78";"81.63"
"2019";"9";"6";"5";"9";"5962";"224.";"6.0";"14.2";"76.";"7.";"213.62";"97.27";"163.45"
"2019";"9";"6";"5";"10";"5963";"227.";"6.7";"13.7";"81.";"7.";"139.15";"30.47";"121.32"
"2019";"9";"6";"5";"11";"5964";"212.";"6.4";"13.9";"80.";"6.";"354.27";"159.53";"255.19"
"2019";"9";"6";"5";"12";"5965";"212.";"6.2";"15.7";"72.";"6.";"337.10";"227.78";"195.64"
"2019";"9";"6";"5";"13";"5966";"212.";"6.3";"16.1";"65.";"5.";"366.44";"308.80";"185.75"
"2019";"9";"6";"5";"14";"5967";"206.";"6.6";"15.7";"69.";"7.";"355.98";"107.22";"300.68"
"2019";"9";"6";"5";"15";"5968";"196.";"6.2";"14.9";"78.";"8.";"69.05";"0.00";"69.05"
"2019";"9";"6";"5";"16";"5969";"200.";"5.6";"14.7";"78.";"7.";"100.48";"70.83";"79.41"
"2019";"9";"6";"5";"17";"5970";"213.";"5.1";"14.3";"81.";"7.";"36.27";"44.30";"29.03"
"2019";"9";"6";"5";"18";"5971";"201.";"5.2";"13.7";"80.";"7.";"0.00";"0.00";"0.00"
"2019";"9";"6";"5";"19";"5972";"199.";"5.9";"13.4";"84.";"7.";"0.00";"0.00";"0.00"
"2019";"9";"6";"5";"20";"5973";"192.";"8.1";"13.1";"86.";"7.";"0.00";"0.00";"0.00"
"2019";"9";"6";"5";"21";"5974";"193.";"8.4";"13.2";"88.";"8.";"0.00";"0.00";"0.00"
"2019";"9";"6";"5";"22";"5975";"210.";"6.4";"13.6";"87.";"8.";"0.00";"0.00";"0.00"
"2019";"9";"6";"5";"23";"5976";"207.";"6.7";"13.6";"86.";"7.";"0.00";"0.00";"0.00"
"2019";"9";"7";"6";"0";"5977";"203.";"6.3";"13.5";"88.";"8.";"0.00";"0.00";"0.00"
"2019";"9";"7";"6";"1";"5978";"212.";"5.2";"13.5";"88.";"8.";"0.00";"0.00";"0.00"
"2019";"9";"7";"6";"2";"5979";"203.";"4.8";"13.0";"89.";"8.";"0.00";"0.00";"0.00"
"2019";"9";"7";"6";"3";"5980";"222.";"5.8";"12.4";"89.";"8.";"0.00";"0.00";"0.00"
"2019";"9";"7";"6";"4";"5981";"220.";"4.7";"12.5";"88.";"8.";"0.00";"0.00";"0.00"
"2019";"9";"7";"6";"5";"5982";"228.";"4.1";"12.6";"88.";"8.";"0.00";"0.00";"0.00"
"2019";"9";"7";"6";"6";"5983";"236.";"4.1";"12.9";"87.";"6.";"42.86";"93.21";"28.14"
"2019";"9";"7";"6";"7";"5984";"232.";"5.1";"13.5";"84.";"7.";"100.18";"78.90";"77.15"
"2019";"9";"7";"6";"8";"5985";"232.";"4.9";"14.0";"82.";"8.";"120.78";"0.00";"120.78"
"2019";"9";"7";"6";"9";"5986";"227.";"5.2";"14.9";"76.";"6.";"265.36";"213.71";"156.29"
"2019";"9";"7";"6";"10";"5987";"228.";"5.3";"15.5";"71.";"5.";"363.40";"315.75";"180.33"
"2019";"9";"7";"6";"11";"5988";"223.";"5.3";"15.8";"68.";"7.";"269.20";"111.23";"200.71"
"2019";"9";"7";"6";"12";"5989";"219.";"4.8";"15.9";"67.";"7.";"269.40";"111.43";"200.79"
"2019";"9";"7";"6";"13";"5990";"212.";"4.8";"16.5";"66.";"6.";"309.47";"217.31";"183.48"
"2019";"9";"7";"6";"14";"5991";"212.";"4.6";"16.6";"65.";"3.";"404.92";"539.50";"129.57"
"2019";"9";"7";"6";"15";"5992";"220.";"4.1";"16.7";"65.";"3.";"308.02";"493.28";"104.69"
"2019";"9";"7";"6";"16";"5993";"215.";"3.5";"16.2";"65.";"0.";"254.58";"672.85";"58.13"
"2019";"9";"7";"6";"17";"5994";"219.";"2.2";"15.5";"72.";"0.";"86.90";"378.32";"27.18"
"2019";"9";"7";"6";"18";"5995";"219.";"0.6";"13.7";"80.";"4.";"0.00";"0.00";"0.00"
"2019";"9";"7";"6";"19";"5996";"342.";"0.4";"12.4";"86.";"3.";"0.00";"0.00";"0.00"
"2019";"9";"7";"6";"20";"5997";"10.";"0.4";"11.5";"88.";"5.";"0.00";"0.00";"0.00"
"2019";"9";"7";"6";"21";"5998";"82.";"1.0";"10.7";"91.";"2.";"0.00";"0.00";"0.00"
"2019";"9";"7";"6";"22";"5999";"70.";"1.2";"9.9";"94.";"5.";"0.00";"0.00";"0.00"
"2019";"9";"7";"6";"23";"6000";"43.";"1.1";"9.7";"95.";"6.";"0.00";"0.00";"0.00"
"2019";"9";"8";"7";"0";"6001";"51.";"1.7";"9.1";"96.";"5.";"0.00";"0.00";"0.00"
"2019";"9";"8";"7";"1";"6002";"35.";"1.7";"8.6";"96.";"5.";"0.00";"0.00";"0.00"
"2019";"9";"8";"7";"2";"6003";"44.";"1.7";"8.3";"96.";"6.";"0.00";"0.00";"0.00"
"2019";"9";"8";"7";"3";"6004";"32.";"1.6";"8.3";"96.";"5.";"0.00";"0.00";"0.00"
"2019";"9";"8";"7";"4";"6005";"45.";"1.5";"8.0";"96.";"4.";"0.00";"0.00";"0.00"
"2019";"9";"8";"7";"5";"6006";"37.";"1.6";"8.2";"97.";"5.";"0.00";"0.00";"0.00"
"2019";"9";"8";"7";"6";"6007";"55.";"1.6";"9.3";"96.";"4.";"54.40";"137.15";"33.53"
"2019";"9";"8";"7";"7";"6008";"60.";"1.6";"11.3";"91.";"2.";"210.54";"497.57";"68.04"
"2019";"9";"8";"7";"8";"6009";"53.";"1.4";"13.7";"85.";"1.";"361.60";"692.59";"79.93"
"2019";"9";"8";"7";"9";"6010";"54.";"0.9";"15.8";"75.";"0.";"511.73";"841.32";"86.92"
"2019";"9";"8";"7";"10";"6011";"64.";"1.3";"17.4";"62.";"2.";"514.86";"664.59";"133.12"
"2019";"9";"8";"7";"11";"6012";"52.";"1.3";"18.2";"58.";"4.";"448.69";"452.51";"172.50"
"2019";"9";"8";"7";"12";"6013";"41.";"1.7";"18.6";"56.";"5.";"392.41";"342.68";"183.26"
"2019";"9";"8";"7";"13";"6014";"26.";"2.0";"19.1";"54.";"0.";"607.24";"904.35";"87.79"
"2019";"9";"8";"7";"14";"6015";"27.";"2.0";"19.2";"53.";"8.";"321.87";"0.00";"321.87"
"2019";"9";"8";"7";"15";"6016";"14.";"2.1";"18.3";"60.";"8.";"247.83";"0.00";"247.83"
"2019";"9";"8";"7";"16";"6017";"11.";"2.4";"17.1";"68.";"8.";"150.47";"0.00";"150.47"
"2019";"9";"8";"7";"17";"6018";"32.";"3.0";"16.5";"74.";"8.";"46.65";"0.00";"46.65"
"2019";"9";"8";"7";"18";"6019";"35.";"2.7";"15.8";"77.";"8.";"0.00";"0.00";"0.00"
"2019";"9";"8";"7";"19";"6020";"39.";"2.8";"15.5";"79.";"7.";"0.00";"0.00";"0.00"
"2019";"9";"8";"7";"20";"6021";"40.";"2.5";"15.1";"81.";"7.";"0.00";"0.00";"0.00"
"2019";"9";"8";"7";"21";"6022";"51.";"2.4";"14.7";"84.";"4.";"0.00";"0.00";"0.00"
"2019";"9";"8";"7";"22";"6023";"50.";"1.6";"14.4";"87.";"8.";"0.00";"0.00";"0.00"
"2019";"9";"8";"7";"23";"6024";"62.";"1.9";"14.1";"88.";"8.";"0.00";"0.00";"0.00"
"2019";"9";"9";"1";"0";"6025";"57.";"2.3";"14.1";"88.";"8.";"0.00";"0.00";"0.00"
"2019";"9";"9";"1";"1";"6026";"54.";"1.6";"13.8";"89.";"8.";"0.00";"0.00";"0.00"
"2019";"9";"9";"1";"2";"6027";"50.";"1.2";"13.6";"90.";"8.";"0.00";"0.00";"0.00"
"2019";"9";"9";"1";"3";"6028";"56.";"1.5";"13.4";"90.";"8.";"0.00";"0.00";"0.00"
"2019";"9";"9";"1";"4";"6029";"57.";"2.0";"13.3";"91.";"7.";"0.00";"0.00";"0.00"
"2019";"9";"9";"1";"5";"6030";"50.";"2.2";"13.1";"90.";"7.";"0.00";"0.00";"0.00"
"2019";"9";"9";"1";"6";"6031";"55.";"3.1";"13.5";"87.";"7.";"28.21";"39.25";"22.46"
"2019";"9";"9";"1";"7";"6032";"60.";"2.8";"13.9";"84.";"6.";"116.86";"155.98";"73.07"
"2019";"9";"9";"1";"8";"6033";"65.";"2.5";"14.5";"82.";"7.";"160.31";"98.22";"120.92"
"2019";"9";"9";"1";"9";"6034";"59.";"2.3";"15.5";"80.";"7.";"207.15";"105.26";"154.58"
"2019";"9";"9";"1";"10";"6035";"66.";"2.7";"16.2";"77.";"7.";"249.38";"112.39";"185.43"
"2019";"9";"9";"1";"11";"6036";"59.";"3.1";"16.7";"74.";"7.";"262.21";"111.71";"194.63"
"2019";"9";"9";"1";"12";"6037";"54.";"2.0";"17.1";"73.";"7.";"268.67";"114.63";"199.32"
"2019";"9";"9";"1";"13";"6038";"52.";"2.0";"17.1";"74.";"7.";"243.33";"110.51";"180.46"
"2019";"9";"9";"1";"14";"6039";"63.";"2.5";"16.9";"74.";"8.";"158.54";"0.00";"158.54"
"2019";"9";"9";"1";"15";"6040";"54.";"3.1";"16.5";"77.";"7.";"155.69";"97.09";"116.75"
"2019";"9";"9";"1";"16";"6041";"55.";"2.6";"16.2";"78.";"8.";"69.30";"0.00";"69.30"
"2019";"9";"9";"1";"17";"6042";"58.";"2.8";"15.8";"81.";"8.";"19.66";"0.00";"19.66"
"2019";"9";"9";"1";"18";"6043";"57.";"2.9";"15.0";"88.";"8.";"0.00";"0.00";"0.00"
"2019";"9";"9";"1";"19";"6044";"51.";"2.7";"14.8";"90.";"8.";"0.00";"0.00";"0.00"
"2019";"9";"9";"1";"20";"6045";"59.";"2.6";"14.7";"91.";"7.";"0.00";"0.00";"0.00"
"2019";"9";"9";"1";"21";"6046";"54.";"2.9";"14.6";"92.";"7.";"0.00";"0.00";"0.00"
"2019";"9";"9";"1";"22";"6047";"57.";"2.9";"14.6";"93.";"8.";"0.00";"0.00";"0.00"
"2019";"9";"9";"1";"23";"6048";"50.";"2.5";"14.6";"94.";"7.";"0.00";"0.00";"0.00"
"2019";"9";"10";"2";"0";"6049";"54.";"2.2";"14.7";"94.";"8.";"0.00";"0.00";"0.00"
"2019";"9";"10";"2";"1";"6050";"55.";"2.5";"14.8";"94.";"7.";"0.00";"0.00";"0.00"
"2019";"9";"10";"2";"2";"6051";"57.";"2.2";"15.0";"93.";"8.";"0.00";"0.00";"0.00"
"2019";"9";"10";"2";"3";"6052";"58.";"2.7";"15.1";"93.";"8.";"0.00";"0.00";"0.00"
"2019";"9";"10";"2";"4";"6053";"55.";"2.4";"15.1";"94.";"8.";"0.00";"0.00";"0.00"
"2019";"9";"10";"2";"5";"6054";"43.";"2.3";"15.0";"95.";"7.";"0.00";"0.00";"0.00"
"2019";"9";"10";"2";"6";"6055";"55.";"3.5";"15.1";"95.";"8.";"8.41";"0.00";"8.41"
"2019";"9";"10";"2";"7";"6056";"53.";"3.2";"15.4";"95.";"8.";"36.84";"0.00";"36.84"
"2019";"9";"10";"2";"8";"6057";"55.";"3.0";"15.7";"94.";"8.";"63.38";"0.00";"63.38"
"2019";"9";"10";"2";"9";"6058";"47.";"2.2";"16.2";"93.";"8.";"146.03";"0.00";"146.03"
"2019";"9";"10";"2";"10";"6059";"29.";"2.4";"17.8";"90.";"8.";"172.58";"0.00";"172.58"
"2019";"9";"10";"2";"11";"6060";"17.";"2.3";"19.1";"83.";"6.";"309.23";"201.23";"188.59"
"2019";"9";"10";"2";"12";"6061";"17.";"2.0";"20.1";"76.";"3.";"473.08";"517.29";"162.98"
"2019";"9";"10";"2";"13";"6062";"23.";"1.9";"20.7";"73.";"6.";"407.53";"196.66";"296.72"
"2019";"9";"10";"2";"14";"6063";"348.";"1.7";"21.4";"72.";"5.";"366.25";"278.24";"228.82"
"2019";"9";"10";"2";"15";"6064";"357.";"2.2";"21.0";"73.";"0.";"350.95";"665.42";"87.75"
"2019";"9";"10";"2";"16";"6065";"358.";"1.2";"20.3";"75.";"8.";"126.07";"0.00";"126.07"
"2019";"9";"10";"2";"17";"6066";"4.";"1.1";"18.8";"78.";"8.";"29.28";"0.00";"29.28"
"2019";"9";"10";"2";"18";"6067";"31.";"1.4";"17.6";"84.";"6.";"0.00";"0.00";"0.00"
"2019";"9";"10";"2";"19";"6068";"83.";"0.7";"16.9";"89.";"5.";"0.00";"0.00";"0.00"
"2019";"9";"10";"2";"20";"6069";"173.";"1.2";"16.5";"89.";"7.";"0.00";"0.00";"0.00"
"2019";"9";"10";"2";"21";"6070";"127.";"0.3";"16.0";"93.";"7.";"0.00";"0.00";"0.00"
"2019";"9";"10";"2";"22";"6071";"305.";"1.4";"15.4";"95.";"5.";"0.00";"0.00";"0.00"
"2019";"9";"10";"2";"23";"6072";"322.";"1.7";"14.9";"95.";"5.";"0.00";"0.00";"0.00"
"2019";"9";"11";"3";"0";"6073";"284.";"2.6";"14.8";"95.";"7.";"0.00";"0.00";"0.00"
"2019";"9";"11";"3";"1";"6074";"277.";"3.8";"15.8";"94.";"8.";"0.00";"0.00";"0.00"
"2019";"9";"11";"3";"2";"6075";"276.";"5.0";"15.9";"92.";"8.";"0.00";"0.00";"0.00"
"2019";"9";"11";"3";"3";"6076";"270.";"5.0";"15.7";"91.";"8.";"0.00";"0.00";"0.00"
"2019";"9";"11";"3";"4";"6077";"268.";"5.7";"15.4";"91.";"8.";"0.00";"0.00";"0.00"
"2019";"9";"11";"3";"5";"6078";"269.";"6.1";"14.8";"84.";"8.";"0.00";"0.00";"0.00"
"2019";"9";"11";"3";"6";"6079";"263.";"5.1";"14.6";"80.";"7.";"22.69";"31.12";"18.49"
"2019";"9";"11";"3";"7";"6080";"249.";"5.8";"14.9";"78.";"5.";"128.84";"217.49";"70.26"
"2019";"9";"11";"3";"8";"6081";"238.";"5.6";"15.5";"72.";"5.";"218.08";"259.58";"116.87"
"2019";"9";"11";"3";"9";"6082";"226.";"5.9";"15.9";"69.";"6.";"251.42";"207.75";"149.97"
"2019";"9";"11";"3";"10";"6083";"216.";"6.6";"16.2";"70.";"7.";"238.89";"108.55";"178.33"
"2019";"9";"11";"3";"11";"6084";"203.";"7.2";"16.3";"71.";"7.";"254.94";"105.24";"192.44"
"2019";"9";"11";"3";"12";"6085";"201.";"7.6";"16.5";"75.";"7.";"252.93";"103.08";"191.70"
"2019";"9";"11";"3";"13";"6086";"196.";"7.5";"16.6";"76.";"7.";"232.50";"97.80";"177.93"
"2019";"9";"11";"3";"14";"6087";"201.";"8.9";"15.7";"87.";"8.";"80.68";"0.00";"80.68"
"2019";"9";"11";"3";"15";"6088";"200.";"9.3";"14.7";"90.";"8.";"56.23";"0.00";"56.23"
"2019";"9";"11";"3";"16";"6089";"198.";"9.2";"14.4";"93.";"8.";"31.85";"0.00";"31.85"
"2019";"9";"11";"3";"17";"6090";"201.";"8.8";"14.7";"94.";"8.";"7.00";"0.00";"7.00"
"2019";"9";"11";"3";"18";"6091";"214.";"8.9";"15.0";"93.";"8.";"0.00";"0.00";"0.00"
"2019";"9";"11";"3";"19";"6092";"228.";"7.9";"15.3";"93.";"7.";"0.00";"0.00";"0.00"
"2019";"9";"11";"3";"20";"6093";"232.";"6.5";"15.3";"91.";"8.";"0.00";"0.00";"0.00"
"2019";"9";"11";"3";"21";"6094";"245.";"7.2";"15.0";"89.";"5.";"0.00";"0.00";"0.00"
"2019";"9";"11";"3";"22";"6095";"251.";"6.9";"15.0";"87.";"6.";"0.00";"0.00";"0.00"
"2019";"9";"11";"3";"23";"6096";"256.";"6.9";"14.8";"85.";"6.";"0.00";"0.00";"0.00"
"2019";"9";"12";"4";"0";"6097";"258.";"6.3";"14.7";"84.";"3.";"0.00";"0.00";"0.00"
"2019";"9";"12";"4";"1";"6098";"259.";"5.6";"14.7";"83.";"3.";"0.00";"0.00";"0.00"
"2019";"9";"12";"4";"2";"6099";"265.";"5.7";"14.7";"81.";"7.";"0.00";"0.00";"0.00"
"2019";"9";"12";"4";"3";"6100";"263.";"6.3";"14.7";"81.";"1.";"0.00";"0.00";"0.00"
"2019";"9";"12";"4";"4";"6101";"254.";"6.1";"14.6";"83.";"2.";"0.00";"0.00";"0.00"
"2019";"9";"12";"4";"5";"6102";"248.";"6.8";"14.5";"85.";"5.";"0.00";"0.00";"0.00"
"2019";"9";"12";"4";"6";"6103";"249.";"6.3";"14.9";"84.";"5.";"26.17";"65.76";"17.68"
"2019";"9";"12";"4";"7";"6104";"254.";"5.9";"15.3";"83.";"5.";"117.17";"171.54";"71.95"
"2019";"9";"12";"4";"8";"6105";"253.";"6.2";"15.9";"81.";"6.";"172.07";"144.26";"116.63"
"2019";"9";"12";"4";"9";"6106";"248.";"6.9";"16.5";"79.";"3.";"354.31";"407.89";"157.42"
"2019";"9";"12";"4";"10";"6107";"243.";"7.0";"16.8";"76.";"6.";"277.60";"173.84";"181.58"
"2019";"9";"12";"4";"11";"6108";"242.";"6.2";"17.0";"72.";"4.";"416.23";"394.27";"184.25"
"2019";"9";"12";"4";"12";"6109";"239.";"5.7";"16.8";"77.";"6.";"304.77";"192.46";"191.53"
"2019";"9";"12";"4";"13";"6110";"247.";"6.5";"17.1";"75.";"7.";"226.18";"90.85";"176.00"
"2019";"9";"12";"4";"14";"6111";"246.";"6.4";"16.9";"74.";"7.";"194.75";"94.41";"149.18"
"2019";"9";"12";"4";"15";"6112";"248.";"6.2";"16.9";"74.";"8.";"107.64";"0.00";"107.64"
"2019";"9";"12";"4";"16";"6113";"253.";"6.3";"16.2";"74.";"7.";"81.22";"58.08";"65.91"
"2019";"9";"12";"4";"17";"6114";"254.";"5.8";"15.8";"73.";"7.";"20.43";"29.27";"16.65"
"2019";"9";"12";"4";"18";"6115";"255.";"6.4";"15.6";"75.";"7.";"0.00";"0.00";"0.00"
"2019";"9";"12";"4";"19";"6116";"243.";"5.5";"14.5";"83.";"7.";"0.00";"0.00";"0.00"
"2019";"9";"12";"4";"20";"6117";"249.";"5.4";"13.4";"90.";"7.";"0.00";"0.00";"0.00"
"2019";"9";"12";"4";"21";"6118";"237.";"5.4";"13.5";"88.";"8.";"0.00";"0.00";"0.00"
"2019";"9";"12";"4";"22";"6119";"248.";"5.9";"14.0";"85.";"8.";"0.00";"0.00";"0.00"
"2019";"9";"12";"4";"23";"6120";"251.";"5.4";"14.0";"85.";"7.";"0.00";"0.00";"0.00"
"2019";"9";"13";"5";"0";"6121";"257.";"5.0";"13.8";"87.";"7.";"0.00";"0.00";"0.00"
"2019";"9";"13";"5";"1";"6122";"264.";"5.4";"14.2";"85.";"6.";"0.00";"0.00";"0.00"
"2019";"9";"13";"5";"2";"6123";"271.";"5.3";"14.1";"83.";"6.";"0.00";"0.00";"0.00"
"2019";"9";"13";"5";"3";"6124";"274.";"5.3";"14.0";"80.";"5.";"0.00";"0.00";"0.00"
"2019";"9";"13";"5";"4";"6125";"282.";"5.7";"14.0";"77.";"2.";"0.00";"0.00";"0.00"
"2019";"9";"13";"5";"5";"6126";"281.";"6.1";"13.8";"75.";"2.";"0.00";"0.00";"0.00"
"2019";"9";"13";"5";"6";"6127";"288.";"6.6";"14.2";"70.";"2.";"43.56";"196.46";"19.34"
"2019";"9";"13";"5";"7";"6128";"294.";"6.6";"14.7";"67.";"2.";"176.96";"438.61";"63.86"
"2019";"9";"13";"5";"8";"6129";"297.";"7.8";"15.0";"64.";"1.";"332.42";"640.08";"90.13"
"2019";"9";"13";"5";"9";"6130";"301.";"7.8";"15.8";"61.";"2.";"407.88";"582.66";"129.92"
"2019";"9";"13";"5";"10";"6131";"298.";"7.9";"15.8";"60.";"4.";"392.65";"418.48";"163.87"
"2019";"9";"13";"5";"11";"6132";"294.";"8.2";"15.9";"58.";"1.";"571.43";"747.82";"135.62"
"2019";"9";"13";"5";"12";"6133";"290.";"8.3";"16.1";"57.";"1.";"565.58";"709.34";"152.20"
"2019";"9";"13";"5";"13";"6134";"288.";"8.4";"16.3";"58.";"1.";"523.58";"699.24";"141.30"
"2019";"9";"13";"5";"14";"6135";"290.";"8.0";"16.4";"57.";"2.";"407.98";"578.42";"132.05"
"2019";"9";"13";"5";"15";"6136";"290.";"8.2";"16.1";"58.";"1.";"332.22";"630.94";"93.39"
"2019";"9";"13";"5";"16";"6137";"291.";"7.6";"15.6";"61.";"1.";"192.39";"494.59";"64.85"
"2019";"9";"13";"5";"17";"6138";"289.";"7.5";"15.0";"63.";"5.";"32.01";"100.22";"19.65"
"2019";"9";"13";"5";"18";"6139";"291.";"8.1";"14.5";"67.";"2.";"0.00";"0.00";"0.00"
"2019";"9";"13";"5";"19";"6140";"291.";"7.9";"14.4";"67.";"0.";"0.00";"0.00";"0.00"
"2019";"9";"13";"5";"20";"6141";"293.";"7.9";"14.2";"65.";"3.";"0.00";"0.00";"0.00"
"2019";"9";"13";"5";"21";"6142";"291.";"8.2";"14.1";"65.";"2.";"0.00";"0.00";"0.00"
"2019";"9";"13";"5";"22";"6143";"293.";"7.8";"13.7";"67.";"2.";"0.00";"0.00";"0.00"
"2019";"9";"13";"5";"23";"6144";"294.";"7.6";"13.4";"66.";"0.";"0.00";"0.00";"0.00"
"2019";"9";"14";"6";"0";"6145";"295.";"6.6";"13.1";"66.";"2.";"0.00";"0.00";"0.00"
"2019";"9";"14";"6";"1";"6146";"296.";"6.2";"13.0";"66.";"4.";"0.00";"0.00";"0.00"
"2019";"9";"14";"6";"2";"6147";"297.";"6.2";"12.9";"67.";"6.";"0.00";"0.00";"0.00"
"2019";"9";"14";"6";"3";"6148";"298.";"5.6";"13.0";"67.";"6.";"0.00";"0.00";"0.00"
"2019";"9";"14";"6";"4";"6149";"297.";"5.5";"13.0";"66.";"6.";"0.00";"0.00";"0.00"
"2019";"9";"14";"6";"5";"6150";"294.";"6.0";"13.0";"65.";"2.";"0.00";"0.00";"0.00"
"2019";"9";"14";"6";"6";"6151";"292.";"6.1";"13.6";"64.";"1.";"47.45";"216.00";"22.08"
"2019";"9";"14";"6";"7";"6152";"291.";"6.4";"14.3";"64.";"3.";"175.11";"350.11";"86.85"
"2019";"9";"14";"6";"8";"6153";"290.";"6.9";"14.7";"63.";"4.";"286.80";"347.95";"157.08"
"2019";"9";"14";"6";"9";"6154";"286.";"7.4";"15.2";"62.";"2.";"403.45";"587.08";"126.73"
"2019";"9";"14";"6";"10";"6155";"284.";"7.9";"16.2";"62.";"6.";"283.46";"201.27";"174.56"
"2019";"9";"14";"6";"11";"6156";"278.";"7.7";"16.3";"64.";"6.";"306.01";"205.73";"187.28"
"2019";"9";"14";"6";"12";"6157";"270.";"7.7";"16.5";"64.";"7.";"246.59";"101.98";"187.74"
"2019";"9";"14";"6";"13";"6158";"266.";"7.7";"16.7";"59.";"7.";"230.71";"104.11";"174.38"
"2019";"9";"14";"6";"14";"6159";"266.";"7.5";"16.5";"61.";"7.";"315.86";"96.22";"270.51"
"2019";"9";"14";"6";"15";"6160";"262.";"7.2";"15.9";"63.";"6.";"176.66";"174.19";"111.72"
"2019";"9";"14";"6";"16";"6161";"259.";"6.6";"15.4";"65.";"8.";"60.83";"0.00";"60.83"
"2019";"9";"14";"6";"17";"6162";"250.";"6.4";"14.9";"69.";"8.";"13.12";"0.00";"13.12"
"2019";"9";"14";"6";"18";"6163";"241.";"6.3";"14.7";"70.";"8.";"0.00";"0.00";"0.00"
"2019";"9";"14";"6";"19";"6164";"238.";"7.5";"14.8";"71.";"7.";"0.00";"0.00";"0.00"
"2019";"9";"14";"6";"20";"6165";"228.";"7.8";"14.4";"73.";"7.";"0.00";"0.00";"0.00"
"2019";"9";"14";"6";"21";"6166";"223.";"8.4";"13.7";"77.";"8.";"0.00";"0.00";"0.00"
"2019";"9";"14";"6";"22";"6167";"224.";"8.1";"12.4";"88.";"8.";"0.00";"0.00";"0.00"
"2019";"9";"14";"6";"23";"6168";"223.";"8.3";"12.9";"86.";"8.";"0.00";"0.00";"0.00"
"2019";"9";"15";"7";"0";"6169";"225.";"7.6";"13.8";"82.";"8.";"0.00";"0.00";"0.00"
"2019";"9";"15";"7";"1";"6170";"232.";"8.7";"14.5";"79.";"7.";"0.00";"0.00";"0.00"
"2019";"9";"15";"7";"2";"6171";"232.";"9.2";"14.5";"80.";"8.";"0.00";"0.00";"0.00"
"2019";"9";"15";"7";"3";"6172";"233.";"9.8";"13.8";"87.";"8.";"0.00";"0.00";"0.00"
"2019";"9";"15";"7";"4";"6173";"240.";"9.5";"13.9";"92.";"8.";"0.00";"0.00";"0.00"
"2019";"9";"15";"7";"5";"6174";"264.";"7.9";"14.1";"92.";"8.";"0.00";"0.00";"0.00"
"2019";"9";"15";"7";"6";"6175";"261.";"8.2";"13.8";"88.";"7.";"7.23";"10.37";"6.07"
"2019";"9";"15";"7";"7";"6176";"269.";"8.6";"13.7";"79.";"7.";"123.31";"59.04";"108.77"
"2019";"9";"15";"7";"8";"6177";"269.";"8.6";"14.2";"75.";"6.";"166.01";"144.99";"112.79"
"2019";"9";"15";"7";"9";"6178";"272.";"10.0";"14.3";"72.";"7.";"117.93";"50.10";"94.61"
"2019";"9";"15";"7";"10";"6179";"269.";"11.0";"14.3";"61.";"6.";"270.94";"165.22";"182.50"
"2019";"9";"15";"7";"11";"6180";"272.";"11.1";"14.6";"61.";"5.";"342.12";"238.98";"205.57"
"2019";"9";"15";"7";"12";"6181";"271.";"10.9";"15.0";"58.";"7.";"232.19";"76.63";"188.40"
"2019";"9";"15";"7";"13";"6182";"270.";"11.1";"14.1";"63.";"7.";"217.67";"80.81";"174.41"
"2019";"9";"15";"7";"14";"6183";"267.";"11.0";"13.9";"64.";"6.";"222.29";"138.99";"157.58"
"2019";"9";"15";"7";"15";"6184";"271.";"11.4";"14.3";"66.";"7.";"133.10";"66.29";"108.78"
"2019";"9";"15";"7";"16";"6185";"273.";"12.2";"14.2";"67.";"6.";"92.11";"98.85";"67.77"
"2019";"9";"15";"7";"17";"6186";"276.";"11.7";"13.9";"69.";"6.";"18.86";"37.40";"14.69"
"2019";"9";"15";"7";"18";"6187";"280.";"11.7";"13.8";"70.";"4.";"0.00";"0.00";"0.00"
"2019";"9";"15";"7";"19";"6188";"280.";"10.5";"13.7";"69.";"6.";"0.00";"0.00";"0.00"
"2019";"9";"15";"7";"20";"6189";"280.";"11.2";"13.5";"69.";"3.";"0.00";"0.00";"0.00"
"2019";"9";"15";"7";"21";"6190";"281.";"10.8";"13.3";"69.";"3.";"0.00";"0.00";"0.00"
"2019";"9";"15";"7";"22";"6191";"284.";"9.8";"13.1";"67.";"2.";"0.00";"0.00";"0.00"
"2019";"9";"15";"7";"23";"6192";"283.";"9.1";"13.0";"67.";"0.";"0.00";"0.00";"0.00"
"2019";"9";"16";"1";"0";"6193";"285.";"9.2";"12.8";"66.";"1.";"0.00";"0.00";"0.00"
"2019";"9";"16";"1";"1";"6194";"289.";"8.3";"12.7";"65.";"0.";"0.00";"0.00";"0.00"
"2019";"9";"16";"1";"2";"6195";"290.";"8.7";"12.6";"63.";"0.";"0.00";"0.00";"0.00"
"2019";"9";"16";"1";"3";"6196";"290.";"8.1";"12.4";"63.";"0.";"0.00";"0.00";"0.00"
"2019";"9";"16";"1";"4";"6197";"291.";"8.6";"12.2";"63.";"2.";"0.00";"0.00";"0.00"
"2019";"9";"16";"1";"5";"6198";"292.";"8.2";"12.1";"63.";"2.";"0.00";"0.00";"0.00"
"2019";"9";"16";"1";"6";"6199";"296.";"8.3";"12.4";"62.";"1.";"40.20";"204.07";"18.62"
"2019";"9";"16";"1";"7";"6200";"297.";"8.5";"12.9";"59.";"0.";"196.02";"591.79";"53.74"
"2019";"9";"16";"1";"8";"6201";"299.";"8.5";"13.3";"58.";"1.";"317.34";"619.80";"93.46"
"2019";"9";"16";"1";"9";"6202";"298.";"8.9";"13.9";"58.";"3.";"356.51";"474.11";"138.49"
"2019";"9";"16";"1";"10";"6203";"295.";"9.5";"14.3";"58.";"4.";"378.10";"400.83";"165.82"
"2019";"9";"16";"1";"11";"6204";"298.";"9.1";"14.4";"59.";"2.";"505.92";"616.92";"156.94"
"2019";"9";"16";"1";"12";"6205";"298.";"9.0";"14.1";"60.";"4.";"408.93";"409.16";"177.47"
"2019";"9";"16";"1";"13";"6206";"296.";"8.6";"14.6";"57.";"4.";"377.28";"396.74";"167.18"
"2019";"9";"16";"1";"14";"6207";"296.";"8.9";"14.7";"56.";"6.";"333.02";"188.71";"246.24"
"2019";"9";"16";"1";"15";"6208";"290.";"9.0";"14.5";"58.";"4.";"273.24";"318.27";"158.28"
"2019";"9";"16";"1";"16";"6209";"290.";"8.0";"14.1";"62.";"3.";"146.45";"341.06";"64.45"
"2019";"9";"16";"1";"17";"6210";"287.";"7.3";"13.3";"68.";"0.";"35.76";"192.57";"15.40"
"2019";"9";"16";"1";"18";"6211";"285.";"6.8";"13.0";"69.";"6.";"0.00";"0.00";"0.00"
"2019";"9";"16";"1";"19";"6212";"282.";"6.6";"12.8";"70.";"6.";"0.00";"0.00";"0.00"
"2019";"9";"16";"1";"20";"6213";"281.";"6.4";"12.8";"71.";"3.";"0.00";"0.00";"0.00"
"2019";"9";"16";"1";"21";"6214";"285.";"6.1";"12.6";"72.";"3.";"0.00";"0.00";"0.00"
"2019";"9";"16";"1";"22";"6215";"284.";"5.4";"12.3";"73.";"4.";"0.00";"0.00";"0.00"
"2019";"9";"16";"1";"23";"6216";"280.";"6.2";"12.0";"74.";"6.";"0.00";"0.00";"0.00"
"2019";"9";"17";"2";"0";"6217";"285.";"6.7";"12.2";"73.";"3.";"0.00";"0.00";"0.00"
"2019";"9";"17";"2";"1";"6218";"285.";"7.3";"12.2";"68.";"4.";"0.00";"0.00";"0.00"
"2019";"9";"17";"2";"2";"6219";"287.";"7.7";"11.8";"64.";"6.";"0.00";"0.00";"0.00"
"2019";"9";"17";"2";"3";"6220";"291.";"7.3";"11.3";"63.";"4.";"0.00";"0.00";"0.00"
"2019";"9";"17";"2";"4";"6221";"292.";"8.6";"10.9";"62.";"1.";"0.00";"0.00";"0.00"
"2019";"9";"17";"2";"5";"6222";"294.";"8.2";"10.6";"60.";"6.";"0.00";"0.00";"0.00"
"2019";"9";"17";"2";"6";"6223";"298.";"8.2";"10.8";"57.";"6.";"30.60";"60.84";"24.53"
"2019";"9";"17";"2";"7";"6224";"304.";"7.5";"11.4";"54.";"8.";"128.49";"0.00";"128.49"
"2019";"9";"17";"2";"8";"6225";"295.";"7.5";"11.5";"57.";"7.";"243.82";"93.77";"210.49"
"2019";"9";"17";"2";"9";"6226";"301.";"6.5";"11.0";"55.";"3.";"359.72";"503.54";"131.09"
"2019";"9";"17";"2";"10";"6227";"307.";"5.9";"12.3";"53.";"2.";"506.63";"649.45";"166.45"
"2019";"9";"17";"2";"11";"6228";"307.";"6.7";"12.6";"52.";"5.";"465.47";"335.60";"277.56"
"2019";"9";"17";"2";"12";"6229";"312.";"7.2";"13.0";"49.";"2.";"550.73";"673.32";"173.73"
"2019";"9";"17";"2";"13";"6230";"323.";"7.5";"13.4";"48.";"3.";"502.58";"570.79";"203.61"
"2019";"9";"17";"2";"14";"6231";"326.";"7.3";"12.1";"56.";"6.";"343.56";"211.01";"247.75"
"2019";"9";"17";"2";"15";"6232";"345.";"6.2";"10.7";"59.";"6.";"180.89";"139.81";"131.20"
"2019";"9";"17";"2";"16";"6233";"354.";"5.8";"11.2";"56.";"3.";"173.69";"396.49";"80.68"
"2019";"9";"17";"2";"17";"6234";"356.";"2.9";"11.1";"58.";"8.";"26.57";"0.00";"26.57"
"2019";"9";"17";"2";"18";"6235";"335.";"1.9";"10.1";"63.";"5.";"0.00";"0.00";"0.00"
"2019";"9";"17";"2";"19";"6236";"330.";"2.6";"8.6";"68.";"1.";"0.00";"0.00";"0.00"
"2019";"9";"17";"2";"20";"6237";"325.";"2.6";"7.8";"70.";"0.";"0.00";"0.00";"0.00"
"2019";"9";"17";"2";"21";"6238";"310.";"2.1";"7.0";"73.";"1.";"0.00";"0.00";"0.00"
"2019";"9";"17";"2";"22";"6239";"288.";"2.0";"5.9";"77.";"1.";"0.00";"0.00";"0.00"
"2019";"9";"17";"2";"23";"6240";"315.";"2.4";"6.9";"79.";"0.";"0.00";"0.00";"0.00"
"2019";"9";"18";"3";"0";"6241";"333.";"2.7";"7.3";"77.";"2.";"0.00";"0.00";"0.00"
"2019";"9";"18";"3";"1";"6242";"325.";"2.1";"6.7";"78.";"2.";"0.00";"0.00";"0.00"
"2019";"9";"18";"3";"2";"6243";"321.";"2.4";"6.1";"79.";"1.";"0.00";"0.00";"0.00"
"2019";"9";"18";"3";"3";"6244";"338.";"2.5";"6.5";"80.";"0.";"0.00";"0.00";"0.00"
"2019";"9";"18";"3";"4";"6245";"354.";"2.2";"6.1";"79.";"0.";"0.00";"0.00";"0.00"
"2019";"9";"18";"3";"5";"6246";"353.";"2.1";"6.0";"79.";"0.";"0.00";"0.00";"0.00"
"2019";"9";"18";"3";"6";"6247";"352.";"2.1";"7.5";"77.";"0.";"34.73";"227.25";"13.40"
"2019";"9";"18";"3";"7";"6248";"347.";"2.8";"9.7";"65.";"0.";"191.49";"619.77";"49.76"
"2019";"9";"18";"3";"8";"6249";"349.";"3.1";"11.8";"56.";"0.";"345.15";"783.16";"71.41"
"2019";"9";"18";"3";"9";"6250";"341.";"3.1";"12.9";"49.";"0.";"474.39";"868.11";"85.29"
"2019";"9";"18";"3";"10";"6251";"320.";"3.0";"13.8";"44.";"0.";"539.85";"790.51";"130.38"
"2019";"9";"18";"3";"11";"6252";"306.";"4.2";"14.7";"43.";"1.";"547.66";"742.73";"136.11"
"2019";"9";"18";"3";"12";"6253";"305.";"4.6";"15.0";"44.";"0.";"593.77";"882.15";"104.98"
"2019";"9";"18";"3";"13";"6254";"302.";"5.6";"14.3";"50.";"1.";"508.12";"765.67";"111.51"
"2019";"9";"18";"3";"14";"6255";"307.";"5.6";"14.3";"51.";"1.";"425.14";"725.76";"99.85"
"2019";"9";"18";"3";"15";"6256";"317.";"5.6";"14.3";"52.";"0.";"335.08";"769.90";"65.98"
"2019";"9";"18";"3";"16";"6257";"318.";"5.2";"13.5";"53.";"0.";"189.97";"614.84";"49.37"
"2019";"9";"18";"3";"17";"6258";"315.";"4.5";"12.5";"56.";"0.";"34.79";"223.92";"13.77"
"2019";"9";"18";"3";"18";"6259";"317.";"3.2";"11.0";"64.";"0.";"0.00";"0.00";"0.00"
"2019";"9";"18";"3";"19";"6260";"310.";"3.0";"9.5";"71.";"1.";"0.00";"0.00";"0.00"
"2019";"9";"18";"3";"20";"6261";"303.";"2.9";"8.3";"77.";"1.";"0.00";"0.00";"0.00"
"2019";"9";"18";"3";"21";"6262";"302.";"2.5";"7.9";"81.";"0.";"0.00";"0.00";"0.00"
"2019";"9";"18";"3";"22";"6263";"304.";"2.0";"7.6";"82.";"0.";"0.00";"0.00";"0.00"
"2019";"9";"18";"3";"23";"6264";"297.";"2.2";"6.8";"83.";"0.";"0.00";"0.00";"0.00"
"2019";"9";"19";"4";"0";"6265";"353.";"1.8";"6.7";"86.";"0.";"0.00";"0.00";"0.00"
"2019";"9";"19";"4";"1";"6266";"27.";"2.0";"5.9";"86.";"0.";"0.00";"0.00";"0.00"
"2019";"9";"19";"4";"2";"6267";"20.";"1.8";"5.2";"86.";"0.";"0.00";"0.00";"0.00"
"2019";"9";"19";"4";"3";"6268";"19.";"1.9";"4.7";"85.";"8.";"0.00";"0.00";"0.00"
"2019";"9";"19";"4";"4";"6269";"12.";"1.6";"5.0";"84.";"7.";"0.00";"0.00";"0.00"
"2019";"9";"19";"4";"5";"6270";"11.";"1.6";"3.9";"85.";"8.";"0.00";"0.00";"0.00"
"2019";"9";"19";"4";"6";"6271";"16.";"1.7";"5.0";"83.";"7.";"13.04";"26.16";"10.74"
"2019";"9";"19";"4";"7";"6272";"12.";"2.1";"7.3";"76.";"1.";"176.56";"533.64";"57.68"
"2019";"9";"19";"4";"8";"6273";"7.";"2.2";"9.8";"61.";"4.";"271.71";"381.54";"140.60"
"2019";"9";"19";"4";"9";"6274";"357.";"1.9";"11.9";"50.";"7.";"305.33";"102.62";"259.94"
"2019";"9";"19";"4";"10";"6275";"326.";"2.4";"13.0";"46.";"8.";"338.12";"0.00";"338.12"
"2019";"9";"19";"4";"11";"6276";"334.";"2.2";"12.9";"45.";"4.";"497.90";"449.71";"251.35"
"2019";"9";"19";"4";"12";"6277";"308.";"3.1";"13.4";"46.";"6.";"445.93";"222.88";"323.74"
"2019";"9";"19";"4";"13";"6278";"303.";"3.6";"13.0";"46.";"5.";"438.28";"340.50";"263.90"
"2019";"9";"19";"4";"14";"6279";"303.";"3.7";"12.9";"49.";"8.";"311.31";"0.00";"311.31"
"2019";"9";"19";"4";"15";"6280";"304.";"3.4";"12.5";"52.";"8.";"209.77";"0.00";"209.77"
"2019";"9";"19";"4";"16";"6281";"311.";"3.0";"12.3";"55.";"8.";"114.02";"0.00";"114.02"
"2019";"9";"19";"4";"17";"6282";"305.";"1.8";"10.4";"63.";"6.";"21.38";"49.84";"17.00"
"2019";"9";"19";"4";"18";"6283";"289.";"1.1";"9.0";"73.";"8.";"0.00";"0.00";"0.00"
"2019";"9";"19";"4";"19";"6284";"257.";"0.9";"7.9";"77.";"8.";"0.00";"0.00";"0.00"
"2019";"9";"19";"4";"20";"6285";"252.";"0.7";"7.1";"81.";"8.";"0.00";"0.00";"0.00"
"2019";"9";"19";"4";"21";"6286";"220.";"0.7";"6.8";"82.";"8.";"0.00";"0.00";"0.00"
"2019";"9";"19";"4";"22";"6287";"179.";"0.4";"7.6";"83.";"8.";"0.00";"0.00";"0.00"
"2019";"9";"19";"4";"23";"6288";"161.";"0.6";"7.7";"82.";"8.";"0.00";"0.00";"0.00"
"2019";"9";"20";"5";"0";"6289";"146.";"0.8";"7.7";"83.";"7.";"0.00";"0.00";"0.00"
"2019";"9";"20";"5";"1";"6290";"141.";"1.0";"7.6";"85.";"8.";"0.00";"0.00";"0.00"
"2019";"9";"20";"5";"2";"6291";"190.";"0.9";"7.7";"86.";"8.";"0.00";"0.00";"0.00"
"2019";"9";"20";"5";"3";"6292";"237.";"1.2";"8.1";"85.";"7.";"0.00";"0.00";"0.00"
"2019";"9";"20";"5";"4";"6293";"264.";"1.7";"9.1";"82.";"7.";"0.00";"0.00";"0.00"
"2019";"9";"20";"5";"5";"6294";"266.";"2.4";"9.9";"83.";"5.";"0.00";"0.00";"0.00"
"2019";"9";"20";"5";"6";"6295";"274.";"2.7";"10.5";"84.";"3.";"8.88";"49.97";"4.78"
"2019";"9";"20";"5";"7";"6296";"286.";"2.7";"12.4";"82.";"8.";"49.72";"0.00";"49.72"
"2019";"9";"20";"5";"8";"6297";"289.";"3.5";"13.8";"80.";"8.";"93.06";"0.00";"93.06"
"2019";"9";"20";"5";"9";"6298";"290.";"4.2";"14.2";"80.";"8.";"130.02";"0.00";"130.02"
"2019";"9";"20";"5";"10";"6299";"291.";"4.0";"14.5";"81.";"6.";"261.62";"206.22";"157.23"
"2019";"9";"20";"5";"11";"6300";"283.";"4.6";"16.1";"74.";"4.";"388.37";"437.77";"150.94"
"2019";"9";"20";"5";"12";"6301";"279.";"3.8";"16.0";"71.";"6.";"285.89";"212.35";"170.72"
"2019";"9";"20";"5";"13";"6302";"279.";"3.8";"16.1";"72.";"3.";"395.92";"503.95";"140.79"
"2019";"9";"20";"5";"14";"6303";"279.";"4.0";"15.9";"76.";"2.";"357.18";"547.01";"118.43"
"2019";"9";"20";"5";"15";"6304";"268.";"3.9";"15.2";"78.";"5.";"179.51";"247.66";"95.86"
"2019";"9";"20";"5";"16";"6305";"266.";"3.6";"14.9";"80.";"4.";"101.57";"224.89";"52.80"
"2019";"9";"20";"5";"17";"6306";"258.";"3.2";"14.5";"83.";"5.";"0.00";"0.00";"0.00"
"2019";"9";"20";"5";"18";"6307";"246.";"2.9";"13.9";"85.";"6.";"0.00";"0.00";"0.00"
"2019";"9";"20";"5";"19";"6308";"238.";"2.5";"13.7";"87.";"4.";"0.00";"0.00";"0.00"
"2019";"9";"20";"5";"20";"6309";"230.";"2.2";"13.6";"89.";"3.";"0.00";"0.00";"0.00"
"2019";"9";"20";"5";"21";"6310";"235.";"1.8";"13.2";"90.";"2.";"0.00";"0.00";"0.00"
"2019";"9";"20";"5";"22";"6311";"264.";"1.9";"12.2";"90.";"0.";"0.00";"0.00";"0.00"
"2019";"9";"20";"5";"23";"6312";"290.";"1.9";"11.9";"91.";"2.";"0.00";"0.00";"0.00"
"2019";"9";"21";"6";"0";"6313";"299.";"1.3";"11.0";"93.";"5.";"0.00";"0.00";"0.00"
"2019";"9";"21";"6";"1";"6314";"287.";"1.8";"10.4";"92.";"3.";"0.00";"0.00";"0.00"
"2019";"9";"21";"6";"2";"6315";"302.";"0.8";"9.5";"93.";"6.";"0.00";"0.00";"0.00"
"2019";"9";"21";"6";"3";"6316";"260.";"0.0";"8.9";"95.";"8.";"0.00";"0.00";"0.00"
"2019";"9";"21";"6";"4";"6317";"147.";"0.2";"8.5";"96.";"8.";"0.00";"0.00";"0.00"
"2019";"9";"21";"6";"5";"6318";"204.";"0.3";"8.4";"97.";"7.";"0.00";"0.00";"0.00"
"2019";"9";"21";"6";"6";"6319";"100.";"0.7";"9.0";"97.";"6.";"1.87";"5.77";"1.43"
"2019";"9";"21";"6";"7";"6320";"91.";"0.5";"11.0";"97.";"3.";"111.83";"292.25";"50.18"
"2019";"9";"21";"6";"8";"6321";"249.";"0.9";"13.6";"90.";"2.";"244.12";"463.69";"90.26"
"2019";"9";"21";"6";"9";"6322";"217.";"1.7";"15.4";"90.";"3.";"292.35";"318.09";"155.40"
"2019";"9";"21";"6";"10";"6323";"234.";"1.3";"17.5";"81.";"1.";"450.80";"627.83";"136.68"
"2019";"9";"21";"6";"11";"6324";"248.";"1.1";"18.9";"72.";"0.";"535.43";"761.28";"127.03"
"2019";"9";"21";"6";"12";"6325";"243.";"2.1";"19.0";"65.";"0.";"543.92";"795.69";"117.06"
"2019";"9";"21";"6";"13";"6326";"242.";"2.9";"18.2";"64.";"0.";"499.79";"767.90";"115.58"
"2019";"9";"21";"6";"14";"6327";"240.";"1.9";"18.4";"63.";"0.";"417.02";"764.37";"87.94"
"2019";"9";"21";"6";"15";"6328";"227.";"2.2";"18.3";"65.";"0.";"287.17";"618.49";"81.94"
"2019";"9";"21";"6";"16";"6329";"212.";"2.2";"16.9";"76.";"0.";"135.72";"418.55";"47.44"
"2019";"9";"21";"6";"17";"6330";"212.";"2.4";"15.1";"89.";"0.";"0.00";"0.00";"0.00"
"2019";"9";"21";"6";"18";"6331";"194.";"1.7";"13.8";"94.";"4.";"0.00";"0.00";"0.00"
"2019";"9";"21";"6";"19";"6332";"171.";"1.6";"13.3";"94.";"5.";"0.00";"0.00";"0.00"
"2019";"9";"21";"6";"20";"6333";"189.";"1.5";"13.3";"95.";"8.";"0.00";"0.00";"0.00"
"2019";"9";"21";"6";"21";"6334";"189.";"1.4";"13.7";"95.";"5.";"0.00";"0.00";"0.00"
"2019";"9";"21";"6";"22";"6335";"201.";"1.6";"13.5";"96.";"8.";"0.00";"0.00";"0.00"
"2019";"9";"21";"6";"23";"6336";"189.";"1.5";"13.1";"96.";"8.";"0.00";"0.00";"0.00"
"2019";"9";"22";"7";"0";"6337";"209.";"1.6";"13.0";"96.";"8.";"0.00";"0.00";"0.00"
"2019";"9";"22";"7";"1";"6338";"186.";"1.4";"13.0";"96.";"8.";"0.00";"0.00";"0.00"
"2019";"9";"22";"7";"2";"6339";"151.";"1.3";"12.8";"97.";"8.";"0.00";"0.00";"0.00"
"2019";"9";"22";"7";"3";"6340";"159.";"1.5";"12.9";"97.";"8.";"0.00";"0.00";"0.00"
"2019";"9";"22";"7";"4";"6341";"194.";"1.1";"12.8";"96.";"7.";"0.00";"0.00";"0.00"
"2019";"9";"22";"7";"5";"6342";"204.";"1.0";"12.4";"95.";"6.";"0.00";"0.00";"0.00"
"2019";"9";"22";"7";"6";"6343";"161.";"0.9";"12.3";"94.";"5.";"0.00";"0.00";"0.00"
"2019";"9";"22";"7";"7";"6344";"170.";"1.0";"13.0";"92.";"6.";"64.15";"83.03";"47.13"
"2019";"9";"22";"7";"8";"6345";"141.";"1.6";"13.8";"89.";"7.";"113.27";"71.70";"89.91"
"2019";"9";"22";"7";"9";"6346";"142.";"0.9";"15.0";"83.";"6.";"205.71";"181.73";"128.55"
"2019";"9";"22";"7";"10";"6347";"154.";"1.2";"16.0";"77.";"5.";"295.40";"286.45";"153.79"
"2019";"9";"22";"7";"11";"6348";"162.";"1.0";"17.0";"76.";"4.";"373.64";"420.47";"150.58"
"2019";"9";"22";"7";"12";"6349";"132.";"0.8";"17.5";"76.";"6.";"276.00";"213.60";"162.68"
"2019";"9";"22";"7";"13";"6350";"112.";"1.7";"17.0";"76.";"5.";"298.05";"305.87";"146.83"
"2019";"9";"22";"7";"14";"6351";"107.";"2.1";"16.9";"76.";"6.";"204.21";"178.17";"128.56"
"2019";"9";"22";"7";"15";"6352";"97.";"2.0";"16.6";"76.";"1.";"263.74";"597.79";"68.93"
"2019";"9";"22";"7";"16";"6353";"90.";"2.6";"16.8";"74.";"6.";"68.59";"121.49";"43.69"
"2019";"9";"22";"7";"17";"6354";"83.";"2.6";"15.8";"78.";"3.";"0.00";"0.00";"0.00"
"2019";"9";"22";"7";"18";"6355";"91.";"2.7";"14.3";"83.";"2.";"0.00";"0.00";"0.00"
"2019";"9";"22";"7";"19";"6356";"95.";"4.5";"14.9";"81.";"0.";"0.00";"0.00";"0.00"
"2019";"9";"22";"7";"20";"6357";"105.";"5.7";"13.4";"79.";"1.";"0.00";"0.00";"0.00"
"2019";"9";"22";"7";"21";"6358";"110.";"5.3";"12.3";"78.";"2.";"0.00";"0.00";"0.00"
"2019";"9";"22";"7";"22";"6359";"104.";"4.7";"12.4";"77.";"6.";"0.00";"0.00";"0.00"
"2019";"9";"22";"7";"23";"6360";"97.";"4.1";"12.8";"77.";"6.";"0.00";"0.00";"0.00"
"2019";"9";"23";"1";"0";"6361";"93.";"4.0";"12.5";"77.";"8.";"0.00";"0.00";"0.00"
"2019";"9";"23";"1";"1";"6362";"87.";"3.8";"12.1";"76.";"8.";"0.00";"0.00";"0.00"
"2019";"9";"23";"1";"2";"6363";"78.";"3.5";"11.6";"78.";"7.";"0.00";"0.00";"0.00"
"2019";"9";"23";"1";"3";"6364";"81.";"2.8";"11.0";"81.";"8.";"0.00";"0.00";"0.00"
"2019";"9";"23";"1";"4";"6365";"86.";"2.5";"10.6";"79.";"6.";"0.00";"0.00";"0.00"
"2019";"9";"23";"1";"5";"6366";"92.";"2.6";"9.8";"80.";"6.";"0.00";"0.00";"0.00"
"2019";"9";"23";"1";"6";"6367";"99.";"3.0";"10.0";"76.";"5.";"0.32";"1.67";"0.21"
"2019";"9";"23";"1";"7";"6368";"108.";"3.7";"10.5";"73.";"5.";"89.92";"203.00";"49.52"
"2019";"9";"23";"1";"8";"6369";"111.";"3.4";"11.2";"69.";"4.";"208.81";"370.38";"90.31"
"2019";"9";"23";"1";"9";"6370";"109.";"3.7";"12.4";"65.";"3.";"325.01";"516.27";"108.88"
"2019";"9";"23";"1";"10";"6371";"113.";"3.1";"14.3";"59.";"3.";"393.12";"545.19";"126.83"
"2019";"9";"23";"1";"11";"6372";"116.";"2.8";"15.3";"55.";"0.";"552.15";"870.47";"95.53"
"2019";"9";"23";"1";"12";"6373";"124.";"2.4";"16.3";"53.";"0.";"551.96";"874.87";"93.04"
"2019";"9";"23";"1";"13";"6374";"132.";"2.2";"17.0";"50.";"0.";"507.96";"869.85";"83.09"
"2019";"9";"23";"1";"14";"6375";"136.";"2.2";"17.2";"50.";"0.";"418.54";"820.96";"74.86"
"2019";"9";"23";"1";"15";"6376";"147.";"1.9";"16.9";"52.";"1.";"278.02";"641.38";"72.83"
"2019";"9";"23";"1";"16";"6377";"131.";"1.5";"16.0";"55.";"6.";"72.75";"129.76";"46.92"
"2019";"9";"23";"1";"17";"6378";"97.";"0.9";"13.7";"65.";"1.";"0.00";"0.00";"0.00"
"2019";"9";"23";"1";"18";"6379";"111.";"1.0";"11.4";"76.";"3.";"0.00";"0.00";"0.00"
"2019";"9";"23";"1";"19";"6380";"117.";"1.3";"10.6";"80.";"1.";"0.00";"0.00";"0.00"
"2019";"9";"23";"1";"20";"6381";"125.";"1.6";"9.4";"80.";"1.";"0.00";"0.00";"0.00"
"2019";"9";"23";"1";"21";"6382";"129.";"2.4";"9.2";"79.";"2.";"0.00";"0.00";"0.00"
"2019";"9";"23";"1";"22";"6383";"129.";"2.5";"9.1";"78.";"0.";"0.00";"0.00";"0.00"
"2019";"9";"23";"1";"23";"6384";"120.";"2.7";"8.6";"81.";"3.";"0.00";"0.00";"0.00"
"2019";"9";"24";"2";"0";"6385";"116.";"2.6";"7.9";"81.";"2.";"0.00";"0.00";"0.00"
"2019";"9";"24";"2";"1";"6386";"106.";"2.9";"8.1";"80.";"7.";"0.00";"0.00";"0.00"
"2019";"9";"24";"2";"2";"6387";"104.";"2.3";"8.5";"81.";"7.";"0.00";"0.00";"0.00"
"2019";"9";"24";"2";"3";"6388";"99.";"2.3";"8.6";"81.";"8.";"0.00";"0.00";"0.00"
"2019";"9";"24";"2";"4";"6389";"94.";"2.3";"8.8";"82.";"8.";"0.00";"0.00";"0.00"
"2019";"9";"24";"2";"5";"6390";"93.";"2.0";"9.1";"83.";"8.";"0.00";"0.00";"0.00"
"2019";"9";"24";"2";"6";"6391";"96.";"2.3";"9.2";"83.";"8.";"0.00";"0.00";"0.00"
"2019";"9";"24";"2";"7";"6392";"106.";"2.1";"9.5";"83.";"8.";"42.00";"0.00";"42.00"
"2019";"9";"24";"2";"8";"6393";"109.";"2.0";"9.9";"83.";"5.";"170.83";"261.44";"88.75"
"2019";"9";"24";"2";"9";"6394";"103.";"2.1";"10.3";"83.";"8.";"122.98";"0.00";"122.98"
"2019";"9";"24";"2";"10";"6395";"101.";"2.3";"11.0";"81.";"8.";"151.79";"0.00";"151.79"
"2019";"9";"24";"2";"11";"6396";"98.";"2.4";"12.0";"79.";"8.";"164.50";"0.00";"164.50"
"2019";"9";"24";"2";"12";"6397";"88.";"2.7";"12.5";"77.";"7.";"214.40";"90.41";"167.51"
"2019";"9";"24";"2";"13";"6398";"78.";"2.6";"13.1";"75.";"7.";"197.45";"91.54";"153.28"
"2019";"9";"24";"2";"14";"6399";"74.";"2.7";"13.7";"75.";"7.";"164.46";"94.53";"125.45"
"2019";"9";"24";"2";"15";"6400";"70.";"2.3";"13.8";"76.";"7.";"113.48";"83.12";"87.39"
"2019";"9";"24";"2";"16";"6401";"74.";"2.2";"13.6";"78.";"8.";"38.66";"0.00";"38.66"
"2019";"9";"24";"2";"17";"6402";"73.";"2.3";"13.5";"80.";"7.";"0.00";"0.00";"0.00"
"2019";"9";"24";"2";"18";"6403";"78.";"2.7";"13.3";"80.";"7.";"0.00";"0.00";"0.00"
"2019";"9";"24";"2";"19";"6404";"85.";"2.5";"13.2";"80.";"8.";"0.00";"0.00";"0.00"
"2019";"9";"24";"2";"20";"6405";"90.";"2.5";"13.1";"81.";"7.";"0.00";"0.00";"0.00"
"2019";"9";"24";"2";"21";"6406";"79.";"2.6";"12.8";"84.";"8.";"0.00";"0.00";"0.00"
"2019";"9";"24";"2";"22";"6407";"84.";"2.7";"12.4";"83.";"8.";"0.00";"0.00";"0.00"
"2019";"9";"24";"2";"23";"6408";"84.";"2.4";"12.1";"83.";"8.";"0.00";"0.00";"0.00"
"2019";"9";"25";"3";"0";"6409";"82.";"2.4";"12.0";"83.";"8.";"0.00";"0.00";"0.00"
"2019";"9";"25";"3";"1";"6410";"82.";"2.2";"11.7";"83.";"8.";"0.00";"0.00";"0.00"
"2019";"9";"25";"3";"2";"6411";"83.";"2.9";"11.6";"84.";"8.";"0.00";"0.00";"0.00"
"2019";"9";"25";"3";"3";"6412";"77.";"3.1";"11.4";"85.";"8.";"0.00";"0.00";"0.00"
"2019";"9";"25";"3";"4";"6413";"82.";"2.9";"11.4";"84.";"8.";"0.00";"0.00";"0.00"
"2019";"9";"25";"3";"5";"6414";"86.";"2.7";"11.5";"83.";"8.";"0.00";"0.00";"0.00"
"2019";"9";"25";"3";"6";"6415";"84.";"2.9";"11.6";"82.";"5.";"0.00";"0.00";"0.00"
"2019";"9";"25";"3";"7";"6416";"78.";"3.1";"12.1";"80.";"6.";"62.53";"113.67";"41.26"
"2019";"9";"25";"3";"8";"6417";"79.";"3.9";"12.7";"76.";"6.";"138.95";"170.67";"86.39"
"2019";"9";"25";"3";"9";"6418";"77.";"4.3";"13.7";"73.";"6.";"199.16";"182.67";"124.88"
"2019";"9";"25";"3";"10";"6419";"73.";"4.2";"14.5";"70.";"7.";"199.62";"104.85";"149.67"
"2019";"9";"25";"3";"11";"6420";"70.";"3.9";"15.2";"71.";"6.";"269.36";"213.99";"159.67"
"2019";"9";"25";"3";"12";"6421";"69.";"4.1";"15.8";"71.";"5.";"315.64";"310.75";"156.36"
"2019";"9";"25";"3";"13";"6422";"73.";"3.6";"15.0";"72.";"8.";"148.21";"0.00";"148.21"
"2019";"9";"25";"3";"14";"6423";"79.";"3.7";"14.5";"74.";"7.";"162.07";"97.55";"122.40"
"2019";"9";"25";"3";"15";"6424";"77.";"3.5";"14.1";"74.";"8.";"82.89";"0.00";"82.89"
"2019";"9";"25";"3";"16";"6425";"72.";"3.5";"13.7";"74.";"7.";"51.60";"59.71";"40.43"
"2019";"9";"25";"3";"17";"6426";"70.";"2.8";"13.2";"74.";"8.";"0.00";"0.00";"0.00"
"2019";"9";"25";"3";"18";"6427";"79.";"3.1";"12.9";"76.";"8.";"0.00";"0.00";"0.00"
"2019";"9";"25";"3";"19";"6428";"79.";"3.0";"12.6";"78.";"8.";"0.00";"0.00";"0.00"
"2019";"9";"25";"3";"20";"6429";"81.";"2.9";"12.3";"80.";"7.";"0.00";"0.00";"0.00"
"2019";"9";"25";"3";"21";"6430";"73.";"2.7";"12.3";"80.";"7.";"0.00";"0.00";"0.00"
"2019";"9";"25";"3";"22";"6431";"77.";"2.6";"12.2";"80.";"7.";"0.00";"0.00";"0.00"
"2019";"9";"25";"3";"23";"6432";"77.";"2.7";"12.1";"80.";"8.";"0.00";"0.00";"0.00"
"2019";"9";"26";"4";"0";"6433";"78.";"2.7";"11.9";"80.";"8.";"0.00";"0.00";"0.00"
"2019";"9";"26";"4";"1";"6434";"79.";"2.6";"11.8";"78.";"8.";"0.00";"0.00";"0.00"
"2019";"9";"26";"4";"2";"6435";"81.";"3.0";"11.5";"78.";"8.";"0.00";"0.00";"0.00"
"2019";"9";"26";"4";"3";"6436";"76.";"2.8";"11.0";"79.";"6.";"0.00";"0.00";"0.00"
"2019";"9";"26";"4";"4";"6437";"76.";"3.0";"10.5";"78.";"7.";"0.00";"0.00";"0.00"
"2019";"9";"26";"4";"5";"6438";"81.";"2.8";"10.3";"80.";"8.";"0.00";"0.00";"0.00"
"2019";"9";"26";"4";"6";"6439";"83.";"2.5";"10.6";"79.";"7.";"0.00";"0.00";"0.00"
"2019";"9";"26";"4";"7";"6440";"89.";"3.0";"11.0";"79.";"8.";"37.05";"0.00";"37.05"
"2019";"9";"26";"4";"8";"6441";"96.";"3.6";"11.7";"77.";"7.";"109.43";"82.60";"84.49"
"2019";"9";"26";"4";"9";"6442";"96.";"4.1";"13.0";"72.";"7.";"158.95";"91.84";"122.16"
"2019";"9";"26";"4";"10";"6443";"99.";"4.4";"13.8";"69.";"3.";"367.01";"494.07";"134.58"
"2019";"9";"26";"4";"11";"6444";"110.";"3.8";"14.2";"68.";"5.";"313.53";"307.47";"157.78"
"2019";"9";"26";"4";"12";"6445";"114.";"3.8";"15.0";"65.";"6.";"265.78";"207.56";"160.65"
"2019";"9";"26";"4";"13";"6446";"109.";"3.8";"14.9";"66.";"7.";"196.65";"103.53";"147.95"
"2019";"9";"26";"4";"14";"6447";"110.";"3.4";"15.0";"66.";"7.";"158.67";"92.62";"121.56"
"2019";"9";"26";"4";"15";"6448";"121.";"3.3";"14.8";"67.";"8.";"81.25";"0.00";"81.25"
"2019";"9";"26";"4";"16";"6449";"111.";"3.1";"14.6";"69.";"7.";"47.04";"53.26";"37.39"
"2019";"9";"26";"4";"17";"6450";"109.";"3.4";"14.5";"70.";"7.";"0.00";"0.00";"0.00"
"2019";"9";"26";"4";"18";"6451";"111.";"3.4";"14.4";"70.";"7.";"0.00";"0.00";"0.00"
"2019";"9";"26";"4";"19";"6452";"113.";"3.8";"14.0";"70.";"7.";"0.00";"0.00";"0.00"
"2019";"9";"26";"4";"20";"6453";"115.";"3.9";"14.2";"71.";"8.";"0.00";"0.00";"0.00"
"2019";"9";"26";"4";"21";"6454";"126.";"4.0";"13.8";"73.";"8.";"0.00";"0.00";"0.00"
"2019";"9";"26";"4";"22";"6455";"121.";"4.7";"13.6";"73.";"8.";"0.00";"0.00";"0.00"
"2019";"9";"26";"4";"23";"6456";"119.";"4.9";"12.8";"77.";"8.";"0.00";"0.00";"0.00"
"2019";"9";"27";"5";"0";"6457";"115.";"5.3";"12.3";"80.";"8.";"0.00";"0.00";"0.00"
"2019";"9";"27";"5";"1";"6458";"117.";"5.5";"12.3";"81.";"8.";"0.00";"0.00";"0.00"
"2019";"9";"27";"5";"2";"6459";"120.";"5.4";"12.4";"84.";"8.";"0.00";"0.00";"0.00"
"2019";"9";"27";"5";"3";"6460";"123.";"5.5";"12.4";"87.";"8.";"0.00";"0.00";"0.00"
"2019";"9";"27";"5";"4";"6461";"126.";"5.2";"12.4";"91.";"8.";"0.00";"0.00";"0.00"
"2019";"9";"27";"5";"5";"6462";"125.";"5.3";"12.7";"92.";"8.";"0.00";"0.00";"0.00"
"2019";"9";"27";"5";"6";"6463";"129.";"5.8";"13.0";"93.";"8.";"0.00";"0.00";"0.00"
"2019";"9";"27";"5";"7";"6464";"127.";"5.9";"13.4";"93.";"8.";"15.22";"0.00";"15.22"
"2019";"9";"27";"5";"8";"6465";"127.";"5.4";"13.5";"94.";"8.";"37.14";"0.00";"37.14"
"2019";"9";"27";"5";"9";"6466";"122.";"4.6";"13.7";"94.";"8.";"55.99";"0.00";"55.99"
"2019";"9";"27";"5";"10";"6467";"126.";"4.3";"13.9";"94.";"8.";"74.61";"0.00";"74.61"
"2019";"9";"27";"5";"11";"6468";"123.";"4.1";"14.0";"94.";"8.";"77.67";"0.00";"77.67"
"2019";"9";"27";"5";"12";"6469";"130.";"3.6";"14.3";"94.";"8.";"81.01";"0.00";"81.01"
"2019";"9";"27";"5";"13";"6470";"148.";"3.9";"14.6";"95.";"8.";"68.58";"0.00";"68.58"
"2019";"9";"27";"5";"14";"6471";"178.";"3.6";"14.9";"96.";"8.";"57.60";"0.00";"57.60"
"2019";"9";"27";"5";"15";"6472";"192.";"2.9";"15.3";"94.";"6.";"86.66";"111.44";"53.67"
"2019";"9";"27";"5";"16";"6473";"206.";"2.7";"14.3";"92.";"5.";"57.25";"145.75";"31.72"
"2019";"9";"27";"5";"17";"6474";"177.";"2.3";"13.1";"93.";"0.";"0.00";"0.00";"0.00"
"2019";"9";"27";"5";"18";"6475";"157.";"2.3";"12.6";"96.";"2.";"0.00";"0.00";"0.00"
"2019";"9";"27";"5";"19";"6476";"156.";"2.1";"13.0";"95.";"7.";"0.00";"0.00";"0.00"
"2019";"9";"27";"5";"20";"6477";"176.";"1.7";"13.3";"96.";"7.";"0.00";"0.00";"0.00"
"2019";"9";"27";"5";"21";"6478";"173.";"1.5";"12.9";"96.";"8.";"0.00";"0.00";"0.00"
"2019";"9";"27";"5";"22";"6479";"159.";"1.7";"12.7";"96.";"7.";"0.00";"0.00";"0.00"
"2019";"9";"27";"5";"23";"6480";"149.";"1.6";"12.6";"95.";"8.";"0.00";"0.00";"0.00"
"2019";"9";"28";"6";"0";"6481";"155.";"1.7";"12.6";"96.";"7.";"0.00";"0.00";"0.00"
"2019";"9";"28";"6";"1";"6482";"157.";"1.8";"13.0";"96.";"6.";"0.00";"0.00";"0.00"
"2019";"9";"28";"6";"2";"6483";"154.";"1.8";"13.0";"96.";"6.";"0.00";"0.00";"0.00"
"2019";"9";"28";"6";"3";"6484";"147.";"2.6";"12.9";"96.";"4.";"0.00";"0.00";"0.00"
"2019";"9";"28";"6";"4";"6485";"136.";"3.1";"12.8";"96.";"6.";"0.00";"0.00";"0.00"
"2019";"9";"28";"6";"5";"6486";"136.";"3.6";"12.8";"96.";"8.";"0.00";"0.00";"0.00"
"2019";"9";"28";"6";"6";"6487";"141.";"3.7";"12.8";"94.";"8.";"0.00";"0.00";"0.00"
"2019";"9";"28";"6";"7";"6488";"148.";"3.4";"12.8";"94.";"8.";"14.97";"0.00";"14.97"
"2019";"9";"28";"6";"8";"6489";"160.";"3.3";"13.1";"94.";"8.";"41.46";"0.00";"41.46"
"2019";"9";"28";"6";"9";"6490";"181.";"3.4";"14.3";"92.";"8.";"107.09";"0.00";"107.09"
"2019";"9";"28";"6";"10";"6491";"201.";"4.0";"14.9";"88.";"8.";"134.61";"0.00";"134.61"
"2019";"9";"28";"6";"11";"6492";"203.";"4.1";"15.3";"84.";"7.";"200.11";"91.82";"154.71"
"2019";"9";"28";"6";"12";"6493";"203.";"4.0";"15.5";"82.";"8.";"301.50";"0.00";"301.50"
"2019";"9";"28";"6";"13";"6494";"203.";"3.8";"15.3";"81.";"7.";"300.10";"92.51";"257.70"
"2019";"9";"28";"6";"14";"6495";"194.";"3.3";"15.2";"82.";"8.";"109.74";"0.00";"109.74"
"2019";"9";"28";"6";"15";"6496";"189.";"4.2";"15.2";"84.";"6.";"172.94";"140.53";"132.19"
"2019";"9";"28";"6";"16";"6497";"190.";"3.9";"14.3";"86.";"5.";"55.81";"134.29";"33.09"
"2019";"9";"28";"6";"17";"6498";"176.";"3.3";"13.8";"89.";"8.";"0.00";"0.00";"0.00"
"2019";"9";"28";"6";"18";"6499";"163.";"3.8";"13.4";"88.";"7.";"0.00";"0.00";"0.00"
"2019";"9";"28";"6";"19";"6500";"166.";"3.6";"13.2";"89.";"7.";"0.00";"0.00";"0.00"
"2019";"9";"28";"6";"20";"6501";"157.";"4.4";"13.0";"89.";"7.";"0.00";"0.00";"0.00"
"2019";"9";"28";"6";"21";"6502";"151.";"3.8";"12.5";"91.";"8.";"0.00";"0.00";"0.00"
"2019";"9";"28";"6";"22";"6503";"140.";"3.7";"12.7";"93.";"8.";"0.00";"0.00";"0.00"
"2019";"9";"28";"6";"23";"6504";"141.";"3.6";"12.5";"94.";"8.";"0.00";"0.00";"0.00"
"2019";"9";"29";"7";"0";"6505";"178.";"2.2";"12.4";"95.";"8.";"0.00";"0.00";"0.00"
"2019";"9";"29";"7";"1";"6506";"205.";"2.8";"12.6";"95.";"8.";"0.00";"0.00";"0.00"
"2019";"9";"29";"7";"2";"6507";"231.";"3.1";"12.7";"93.";"8.";"0.00";"0.00";"0.00"
"2019";"9";"29";"7";"3";"6508";"238.";"3.8";"12.3";"92.";"8.";"0.00";"0.00";"0.00"
"2019";"9";"29";"7";"4";"6509";"238.";"3.5";"12.1";"91.";"7.";"0.00";"0.00";"0.00"
"2019";"9";"29";"7";"5";"6510";"224.";"3.1";"11.8";"90.";"7.";"0.00";"0.00";"0.00"
"2019";"9";"29";"7";"6";"6511";"219.";"3.2";"11.9";"91.";"7.";"0.00";"0.00";"0.00"
"2019";"9";"29";"7";"7";"6512";"221.";"3.6";"12.4";"90.";"8.";"28.13";"0.00";"28.13"
"2019";"9";"29";"7";"8";"6513";"222.";"3.8";"12.8";"87.";"2.";"199.88";"447.64";"72.78"
"2019";"9";"29";"7";"9";"6514";"213.";"4.1";"13.2";"87.";"7.";"96.09";"60.59";"72.92"
"2019";"9";"29";"7";"10";"6515";"222.";"4.1";"13.6";"87.";"7.";"184.40";"101.03";"138.70"
"2019";"9";"29";"7";"11";"6516";"227.";"3.2";"13.4";"87.";"7.";"188.14";"70.53";"153.70"
"2019";"9";"29";"7";"12";"6517";"238.";"3.0";"13.5";"85.";"8.";"139.48";"0.00";"139.48"
"2019";"9";"29";"7";"13";"6518";"244.";"2.5";"13.5";"86.";"6.";"226.57";"192.85";"139.35"
"2019";"9";"29";"7";"14";"6519";"250.";"2.0";"13.8";"87.";"7.";"147.43";"92.96";"111.87"
"2019";"9";"29";"7";"15";"6520";"229.";"2.1";"13.9";"88.";"8.";"72.03";"0.00";"72.03"
"2019";"9";"29";"7";"16";"6521";"261.";"1.9";"13.7";"87.";"7.";"37.38";"48.20";"29.52"
"2019";"9";"29";"7";"17";"6522";"266.";"1.6";"12.7";"88.";"7.";"0.00";"0.00";"0.00"
"2019";"9";"29";"7";"18";"6523";"261.";"1.6";"11.9";"91.";"8.";"0.00";"0.00";"0.00"
"2019";"9";"29";"7";"19";"6524";"264.";"1.0";"11.0";"93.";"8.";"0.00";"0.00";"0.00"
"2019";"9";"29";"7";"20";"6525";"321.";"0.2";"10.7";"95.";"6.";"0.00";"0.00";"0.00"
"2019";"9";"29";"7";"21";"6526";"319.";"0.1";"10.3";"93.";"5.";"0.00";"0.00";"0.00"
"2019";"9";"29";"7";"22";"6527";"316.";"0.2";"10.0";"92.";"7.";"0.00";"0.00";"0.00"
"2019";"9";"29";"7";"23";"6528";"311.";"0.5";"9.7";"92.";"7.";"0.00";"0.00";"0.00"
"2019";"9";"30";"1";"0";"6529";"310.";"0.6";"10.1";"93.";"8.";"0.00";"0.00";"0.00"
"2019";"9";"30";"1";"1";"6530";"7.";"0.6";"10.2";"95.";"8.";"0.00";"0.00";"0.00"
"2019";"9";"30";"1";"2";"6531";"22.";"0.9";"10.1";"96.";"8.";"0.00";"0.00";"0.00"
"2019";"9";"30";"1";"3";"6532";"52.";"0.8";"10.0";"96.";"8.";"0.00";"0.00";"0.00"
"2019";"9";"30";"1";"4";"6533";"27.";"0.7";"10.3";"96.";"8.";"0.00";"0.00";"0.00"
"2019";"9";"30";"1";"5";"6534";"3.";"0.5";"10.3";"97.";"6.";"0.00";"0.00";"0.00"
"2019";"9";"30";"1";"6";"6535";"139.";"0.2";"10.3";"97.";"6.";"0.00";"0.00";"0.00"
"2019";"9";"30";"1";"7";"6536";"210.";"0.9";"10.6";"96.";"8.";"25.86";"0.00";"25.86"
"2019";"9";"30";"1";"8";"6537";"236.";"2.3";"11.2";"94.";"8.";"68.45";"0.00";"68.45"
"2019";"9";"30";"1";"9";"6538";"283.";"3.1";"13.0";"91.";"8.";"107.54";"0.00";"107.54"
"2019";"9";"30";"1";"10";"6539";"277.";"4.3";"14.2";"81.";"6.";"231.23";"208.61";"138.15"
"2019";"9";"30";"1";"11";"6540";"277.";"6.5";"14.6";"73.";"2.";"416.30";"606.48";"123.82"
"2019";"9";"30";"1";"12";"6541";"285.";"6.4";"14.4";"68.";"4.";"338.87";"406.11";"143.02"
"2019";"9";"30";"1";"13";"6542";"289.";"6.6";"14.5";"66.";"4.";"308.70";"400.30";"130.10"
"2019";"9";"30";"1";"14";"6543";"308.";"5.4";"13.3";"73.";"8.";"109.50";"0.00";"109.50"
"2019";"9";"30";"1";"15";"6544";"315.";"4.6";"12.6";"68.";"8.";"76.04";"0.00";"76.04"
"2019";"9";"30";"1";"16";"6545";"298.";"3.8";"11.5";"70.";"6.";"50.05";"109.26";"32.88"
"2019";"9";"30";"1";"17";"6546";"320.";"4.4";"9.9";"78.";"8.";"0.00";"0.00";"0.00"
"2019";"9";"30";"1";"18";"6547";"354.";"3.3";"8.8";"76.";"8.";"0.00";"0.00";"0.00"
"2019";"9";"30";"1";"19";"6548";"293.";"2.2";"7.7";"76.";"4.";"0.00";"0.00";"0.00"
"2019";"9";"30";"1";"20";"6549";"245.";"0.8";"6.6";"81.";"0.";"0.00";"0.00";"0.00"
"2019";"9";"30";"1";"21";"6550";"287.";"3.4";"7.0";"75.";"1.";"0.00";"0.00";"0.00"
"2019";"9";"30";"1";"22";"6551";"281.";"5.0";"8.8";"63.";"0.";"0.00";"0.00";"0.00"
"2019";"9";"30";"1";"23";"6552";"279.";"5.5";"9.3";"62.";"2.";"0.00";"0.00";"0.00"
"2019";"10";"1";"2";"0";"6553";"283.";"5.7";"9.1";"64.";"0.";"0.00";"0.00";"0.00"
"2019";"10";"1";"2";"1";"6554";"284.";"5.5";"9.3";"63.";"0.";"0.00";"0.00";"0.00"
"2019";"10";"1";"2";"2";"6555";"283.";"6.5";"9.3";"63.";"2.";"0.00";"0.00";"0.00"
"2019";"10";"1";"2";"3";"6556";"283.";"6.8";"9.4";"62.";"2.";"0.00";"0.00";"0.00"
"2019";"10";"1";"2";"4";"6557";"278.";"7.1";"9.4";"64.";"2.";"0.00";"0.00";"0.00"
"2019";"10";"1";"2";"5";"6558";"278.";"6.4";"9.5";"64.";"4.";"0.00";"0.00";"0.00"
"2019";"10";"1";"2";"6";"6559";"283.";"5.7";"9.5";"63.";"1.";"0.00";"0.00";"0.00"
"2019";"10";"1";"2";"7";"6560";"289.";"5.3";"10.3";"60.";"1.";"96.16";"405.93";"34.76"
"2019";"10";"1";"2";"8";"6561";"287.";"5.7";"11.0";"61.";"1.";"227.67";"583.96";"68.88"
"2019";"10";"1";"2";"9";"6562";"283.";"4.7";"11.1";"60.";"3.";"288.06";"507.51";"100.06"
"2019";"10";"1";"2";"10";"6563";"276.";"4.4";"11.2";"60.";"5.";"278.31";"328.50";"133.73"
"2019";"10";"1";"2";"11";"6564";"274.";"4.5";"12.1";"58.";"5.";"304.37";"328.52";"147.94"
"2019";"10";"1";"2";"12";"6565";"269.";"4.8";"12.1";"59.";"4.";"345.85";"420.57";"145.58"
"2019";"10";"1";"2";"13";"6566";"266.";"5.2";"12.1";"59.";"2.";"389.13";"620.04";"116.24"
"2019";"10";"1";"2";"14";"6567";"265.";"5.0";"11.9";"60.";"5.";"221.09";"287.79";"114.48"
"2019";"10";"1";"2";"15";"6568";"269.";"4.8";"11.8";"61.";"2.";"210.03";"526.01";"66.99"
"2019";"10";"1";"2";"16";"6569";"273.";"4.8";"11.2";"64.";"1.";"94.98";"403.05";"34.01"
"2019";"10";"1";"2";"17";"6570";"274.";"4.1";"10.6";"65.";"5.";"0.00";"0.00";"0.00"
"2019";"10";"1";"2";"18";"6571";"269.";"3.3";"10.1";"67.";"4.";"0.00";"0.00";"0.00"
"2019";"10";"1";"2";"19";"6572";"263.";"3.8";"10.4";"68.";"7.";"0.00";"0.00";"0.00"
"2019";"10";"1";"2";"20";"6573";"266.";"3.4";"10.6";"67.";"0.";"0.00";"0.00";"0.00"
"2019";"10";"1";"2";"21";"6574";"275.";"3.3";"10.3";"68.";"1.";"0.00";"0.00";"0.00"
"2019";"10";"1";"2";"22";"6575";"284.";"3.1";"9.0";"69.";"3.";"0.00";"0.00";"0.00"
"2019";"10";"1";"2";"23";"6576";"293.";"3.0";"7.5";"73.";"1.";"0.00";"0.00";"0.00"
"2019";"10";"2";"3";"0";"6577";"293.";"3.4";"6.8";"77.";"1.";"0.00";"0.00";"0.00"
"2019";"10";"2";"3";"1";"6578";"288.";"3.1";"6.8";"78.";"2.";"0.00";"0.00";"0.00"
"2019";"10";"2";"3";"2";"6579";"284.";"2.5";"6.4";"79.";"1.";"0.00";"0.00";"0.00"
"2019";"10";"2";"3";"3";"6580";"278.";"2.0";"6.7";"80.";"0.";"0.00";"0.00";"0.00"
"2019";"10";"2";"3";"4";"6581";"278.";"1.8";"6.6";"80.";"2.";"0.00";"0.00";"0.00"
"2019";"10";"2";"3";"5";"6582";"304.";"1.5";"6.4";"79.";"4.";"0.00";"0.00";"0.00"
"2019";"10";"2";"3";"6";"6583";"338.";"1.3";"6.5";"83.";"8.";"0.00";"0.00";"0.00"
"2019";"10";"2";"3";"7";"6584";"43.";"0.8";"7.2";"81.";"3.";"74.66";"280.23";"33.94"
"2019";"10";"2";"3";"8";"6585";"65.";"1.9";"9.1";"74.";"7.";"100.24";"87.08";"77.09"
"2019";"10";"2";"3";"9";"6586";"44.";"1.1";"10.2";"67.";"5.";"217.42";"291.26";"111.29"
"2019";"10";"2";"3";"10";"6587";"40.";"2.2";"10.8";"68.";"6.";"230.19";"216.92";"136.05"
"2019";"10";"2";"3";"11";"6588";"40.";"3.0";"11.3";"68.";"8.";"149.72";"0.00";"149.72"
"2019";"10";"2";"3";"12";"6589";"36.";"3.0";"10.7";"69.";"8.";"156.50";"0.00";"156.50"
"2019";"10";"2";"3";"13";"6590";"37.";"3.9";"10.3";"71.";"8.";"82.87";"0.00";"82.87"
"2019";"10";"2";"3";"14";"6591";"33.";"4.7";"10.5";"72.";"8.";"66.34";"0.00";"66.34"
"2019";"10";"2";"3";"15";"6592";"31.";"4.8";"10.2";"70.";"5.";"188.00";"260.60";"118.70"
"2019";"10";"2";"3";"16";"6593";"38.";"4.9";"9.3";"72.";"6.";"48.72";"111.07";"32.58"
"2019";"10";"2";"3";"17";"6594";"36.";"4.7";"8.6";"78.";"6.";"0.00";"0.00";"0.00"
"2019";"10";"2";"3";"18";"6595";"36.";"4.9";"8.4";"81.";"7.";"0.00";"0.00";"0.00"
"2019";"10";"2";"3";"19";"6596";"37.";"5.1";"8.1";"82.";"8.";"0.00";"0.00";"0.00"
"2019";"10";"2";"3";"20";"6597";"34.";"5.1";"7.8";"82.";"6.";"0.00";"0.00";"0.00"
"2019";"10";"2";"3";"21";"6598";"36.";"4.3";"7.4";"82.";"8.";"0.00";"0.00";"0.00"
"2019";"10";"2";"3";"22";"6599";"37.";"4.6";"7.2";"83.";"7.";"0.00";"0.00";"0.00"
"2019";"10";"2";"3";"23";"6600";"35.";"3.9";"6.7";"84.";"2.";"0.00";"0.00";"0.00"
"2019";"10";"3";"4";"0";"6601";"38.";"3.6";"6.5";"83.";"5.";"0.00";"0.00";"0.00"
"2019";"10";"3";"4";"1";"6602";"19.";"2.8";"6.2";"84.";"6.";"0.00";"0.00";"0.00"
"2019";"10";"3";"4";"2";"6603";"32.";"2.6";"6.1";"84.";"5.";"0.00";"0.00";"0.00"
"2019";"10";"3";"4";"3";"6604";"14.";"2.4";"5.9";"86.";"6.";"0.00";"0.00";"0.00"
"2019";"10";"3";"4";"4";"6605";"17.";"2.5";"6.2";"85.";"5.";"0.00";"0.00";"0.00"
"2019";"10";"3";"4";"5";"6606";"25.";"2.6";"5.9";"85.";"6.";"0.00";"0.00";"0.00"
"2019";"10";"3";"4";"6";"6607";"20.";"2.5";"5.3";"85.";"4.";"0.00";"0.00";"0.00"
"2019";"10";"3";"4";"7";"6608";"12.";"2.4";"6.1";"81.";"7.";"36.98";"54.13";"29.43"
"2019";"10";"3";"4";"8";"6609";"19.";"2.6";"6.9";"76.";"7.";"95.73";"82.91";"74.18"
"2019";"10";"3";"4";"9";"6610";"27.";"2.8";"7.4";"71.";"7.";"151.30";"102.16";"114.69"
"2019";"10";"3";"4";"10";"6611";"20.";"2.5";"8.1";"68.";"6.";"227.64";"212.28";"136.80"
"2019";"10";"3";"4";"11";"6612";"22.";"2.5";"8.6";"64.";"7.";"203.39";"110.07";"152.32"
"2019";"10";"3";"4";"12";"6613";"17.";"2.4";"9.2";"60.";"6.";"249.99";"211.02";"152.09"
"2019";"10";"3";"4";"13";"6614";"27.";"2.4";"9.9";"57.";"4.";"310.88";"437.66";"123.59"
"2019";"10";"3";"4";"14";"6615";"12.";"1.9";"10.1";"56.";"6.";"187.99";"205.06";"114.51"
"2019";"10";"3";"4";"15";"6616";"42.";"2.4";"9.6";"57.";"6.";"123.52";"176.67";"77.61"
"2019";"10";"3";"4";"16";"6617";"41.";"2.1";"8.4";"63.";"5.";"55.49";"163.61";"32.69"
"2019";"10";"3";"4";"17";"6618";"47.";"2.1";"7.2";"71.";"8.";"0.00";"0.00";"0.00"
"2019";"10";"3";"4";"18";"6619";"56.";"2.0";"7.2";"75.";"8.";"0.00";"0.00";"0.00"
"2019";"10";"3";"4";"19";"6620";"63.";"2.3";"7.1";"76.";"7.";"0.00";"0.00";"0.00"
"2019";"10";"3";"4";"20";"6621";"73.";"2.1";"6.8";"78.";"7.";"0.00";"0.00";"0.00"
"2019";"10";"3";"4";"21";"6622";"90.";"2.3";"6.8";"77.";"7.";"0.00";"0.00";"0.00"
"2019";"10";"3";"4";"22";"6623";"96.";"2.4";"6.7";"77.";"7.";"0.00";"0.00";"0.00"
"2019";"10";"3";"4";"23";"6624";"93.";"2.7";"6.8";"75.";"8.";"0.00";"0.00";"0.00"
"2019";"10";"4";"5";"0";"6625";"101.";"2.5";"6.3";"75.";"7.";"0.00";"0.00";"0.00"
"2019";"10";"4";"5";"1";"6626";"106.";"2.6";"6.1";"77.";"8.";"0.00";"0.00";"0.00"
"2019";"10";"4";"5";"2";"6627";"101.";"3.3";"6.0";"79.";"8.";"0.00";"0.00";"0.00"
"2019";"10";"4";"5";"3";"6628";"86.";"3.0";"5.7";"81.";"8.";"0.00";"0.00";"0.00"
"2019";"10";"4";"5";"4";"6629";"93.";"3.2";"5.4";"83.";"8.";"0.00";"0.00";"0.00"
"2019";"10";"4";"5";"5";"6630";"88.";"3.5";"4.8";"88.";"7.";"0.00";"0.00";"0.00"
"2019";"10";"4";"5";"6";"6631";"82.";"3.3";"4.1";"90.";"8.";"0.00";"0.00";"0.00"
"2019";"10";"4";"5";"7";"6632";"83.";"3.8";"4.1";"89.";"8.";"26.02";"0.00";"26.02"
"2019";"10";"4";"5";"8";"6633";"83.";"3.5";"4.4";"86.";"7.";"94.05";"86.04";"72.20"
"2019";"10";"4";"5";"9";"6634";"88.";"3.4";"4.9";"83.";"7.";"141.19";"87.55";"110.35"
"2019";"10";"4";"5";"10";"6635";"82.";"3.9";"5.4";"80.";"7.";"179.33";"100.83";"136.80"
"2019";"10";"4";"5";"11";"6636";"79.";"3.9";"5.5";"79.";"8.";"87.34";"0.00";"87.34"
"2019";"10";"4";"5";"12";"6637";"76.";"3.0";"5.6";"78.";"8.";"149.99";"0.00";"149.99"
"2019";"10";"4";"5";"13";"6638";"74.";"3.4";"5.8";"78.";"7.";"115.21";"62.39";"88.89"
"2019";"10";"4";"5";"14";"6639";"76.";"3.6";"5.7";"79.";"8.";"63.12";"0.00";"63.12"
"2019";"10";"4";"5";"15";"6640";"81.";"3.6";"5.6";"78.";"7.";"93.05";"80.86";"72.52"
"2019";"10";"4";"5";"16";"6641";"74.";"3.6";"5.3";"76.";"7.";"35.76";"54.96";"28.43"
"2019";"10";"4";"5";"17";"6642";"66.";"3.0";"4.9";"80.";"6.";"0.00";"0.00";"0.00"
"2019";"10";"4";"5";"18";"6643";"65.";"3.0";"4.7";"80.";"7.";"0.00";"0.00";"0.00"
"2019";"10";"4";"5";"19";"6644";"68.";"3.0";"4.3";"82.";"5.";"0.00";"0.00";"0.00"
"2019";"10";"4";"5";"20";"6645";"65.";"3.2";"4.3";"80.";"5.";"0.00";"0.00";"0.00"
"2019";"10";"4";"5";"21";"6646";"58.";"2.7";"4.1";"79.";"5.";"0.00";"0.00";"0.00"
"2019";"10";"4";"5";"22";"6647";"62.";"3.2";"3.4";"79.";"6.";"0.00";"0.00";"0.00"
"2019";"10";"4";"5";"23";"6648";"65.";"3.4";"2.9";"80.";"3.";"0.00";"0.00";"0.00"
"2019";"10";"5";"6";"0";"6649";"63.";"3.3";"2.4";"82.";"6.";"0.00";"0.00";"0.00"
"2019";"10";"5";"6";"1";"6650";"62.";"3.2";"1.7";"84.";"3.";"0.00";"0.00";"0.00"
"2019";"10";"5";"6";"2";"6651";"55.";"2.9";"1.1";"87.";"1.";"0.00";"0.00";"0.00"
"2019";"10";"5";"6";"3";"6652";"50.";"2.6";"0.6";"89.";"0.";"0.00";"0.00";"0.00"
"2019";"10";"5";"6";"4";"6653";"47.";"2.2";"-0.1";"90.";"0.";"0.00";"0.00";"0.00"
"2019";"10";"5";"6";"5";"6654";"53.";"2.5";"-0.5";"93.";"0.";"0.00";"0.00";"0.00"
"2019";"10";"5";"6";"6";"6655";"55.";"2.5";"-0.2";"93.";"0.";"0.00";"0.00";"0.00"
"2019";"10";"5";"6";"7";"6656";"43.";"1.9";"1.0";"88.";"0.";"86.09";"441.72";"29.77"
"2019";"10";"5";"6";"8";"6657";"50.";"2.6";"3.3";"78.";"0.";"230.52";"698.17";"57.43"
"2019";"10";"5";"6";"9";"6658";"54.";"3.5";"5.4";"64.";"0.";"358.09";"819.13";"74.48"
"2019";"10";"5";"6";"10";"6659";"54.";"3.9";"6.8";"55.";"0.";"438.41";"853.69";"83.49"
"2019";"10";"5";"6";"11";"6660";"42.";"2.9";"7.6";"51.";"1.";"448.93";"759.98";"105.62"
"2019";"10";"5";"6";"12";"6661";"40.";"2.7";"8.2";"52.";"2.";"412.06";"655.09";"116.14"
"2019";"10";"5";"6";"13";"6662";"41.";"2.7";"8.6";"50.";"1.";"408.35";"765.71";"90.00"
"2019";"10";"5";"6";"14";"6663";"44.";"2.8";"8.5";"50.";"1.";"332.91";"718.04";"84.30"
"2019";"10";"5";"6";"15";"6664";"45.";"2.6";"8.0";"53.";"0.";"231.80";"702.05";"57.75"
"2019";"10";"5";"6";"16";"6665";"41.";"2.5";"6.8";"58.";"0.";"86.26";"442.58";"29.82"
"2019";"10";"5";"6";"17";"6666";"32.";"2.2";"4.6";"69.";"0.";"0.00";"0.00";"0.00"
"2019";"10";"5";"6";"18";"6667";"40.";"2.4";"3.0";"78.";"1.";"0.00";"0.00";"0.00"
"2019";"10";"5";"6";"19";"6668";"53.";"2.3";"2.1";"82.";"1.";"0.00";"0.00";"0.00"
"2019";"10";"5";"6";"20";"6669";"61.";"2.2";"1.8";"83.";"0.";"0.00";"0.00";"0.00"
"2019";"10";"5";"6";"21";"6670";"66.";"1.8";"1.6";"85.";"2.";"0.00";"0.00";"0.00"
"2019";"10";"5";"6";"22";"6671";"73.";"1.7";"0.6";"88.";"0.";"0.00";"0.00";"0.00"
"2019";"10";"5";"6";"23";"6672";"67.";"1.4";"-0.1";"90.";"3.";"0.00";"0.00";"0.00"
"2019";"10";"6";"7";"0";"6673";"71.";"1.5";"-0.3";"90.";"7.";"0.00";"0.00";"0.00"
"2019";"10";"6";"7";"1";"6674";"74.";"1.6";"-0.6";"89.";"7.";"0.00";"0.00";"0.00"
"2019";"10";"6";"7";"2";"6675";"72.";"1.6";"-1.2";"90.";"2.";"0.00";"0.00";"0.00"
"2019";"10";"6";"7";"3";"6676";"67.";"1.6";"-1.3";"92.";"2.";"0.00";"0.00";"0.00"
"2019";"10";"6";"7";"4";"6677";"66.";"1.5";"-1.1";"93.";"0.";"0.00";"0.00";"0.00"
"2019";"10";"6";"7";"5";"6678";"67.";"1.5";"-1.3";"94.";"3.";"0.00";"0.00";"0.00"
"2019";"10";"6";"7";"6";"6679";"66.";"1.9";"-1.3";"93.";"1.";"0.00";"0.00";"0.00"
"2019";"10";"6";"7";"7";"6680";"70.";"1.7";"0.2";"92.";"2.";"60.12";"190.48";"36.96"
"2019";"10";"6";"7";"8";"6681";"83.";"1.8";"2.3";"86.";"3.";"171.96";"429.59";"68.02"
"2019";"10";"6";"7";"9";"6682";"91.";"2.3";"4.7";"73.";"2.";"297.21";"607.21";"90.64"
"2019";"10";"6";"7";"10";"6683";"79.";"2.6";"6.2";"61.";"3.";"333.45";"540.44";"112.04"
"2019";"10";"6";"7";"11";"6684";"65.";"2.4";"6.5";"54.";"5.";"294.80";"337.89";"144.23"
"2019";"10";"6";"7";"12";"6685";"52.";"2.1";"6.9";"47.";"5.";"295.94";"339.18";"144.79"
"2019";"10";"6";"7";"13";"6686";"41.";"2.3";"7.3";"46.";"3.";"343.69";"549.87";"118.43"
"2019";"10";"6";"7";"14";"6687";"37.";"2.9";"6.9";"46.";"3.";"274.09";"514.53";"99.05"
"2019";"10";"6";"7";"15";"6688";"36.";"2.9";"6.2";"49.";"5.";"137.34";"264.48";"73.35"
"2019";"10";"6";"7";"16";"6689";"43.";"2.5";"5.2";"55.";"6.";"42.37";"110.65";"28.91"
"2019";"10";"6";"7";"17";"6690";"34.";"2.1";"2.8";"66.";"2.";"0.00";"0.00";"0.00"
"2019";"10";"6";"7";"18";"6691";"24.";"1.7";"1.6";"73.";"2.";"0.00";"0.00";"0.00"
"2019";"10";"6";"7";"19";"6692";"24.";"1.2";"0.6";"77.";"2.";"0.00";"0.00";"0.00"
"2019";"10";"6";"7";"20";"6693";"35.";"1.1";"-0.6";"82.";"2.";"0.00";"0.00";"0.00"
"2019";"10";"6";"7";"21";"6694";"348.";"0.9";"-1.1";"84.";"0.";"0.00";"0.00";"0.00"
"2019";"10";"6";"7";"22";"6695";"348.";"0.7";"-1.2";"86.";"3.";"0.00";"0.00";"0.00"
"2019";"10";"6";"7";"23";"6696";"25.";"0.6";"-1.9";"88.";"6.";"0.00";"0.00";"0.00"
"2019";"10";"7";"1";"0";"6697";"48.";"1.1";"-2.0";"90.";"8.";"0.00";"0.00";"0.00"
"2019";"10";"7";"1";"1";"6698";"38.";"1.0";"-2.2";"89.";"6.";"0.00";"0.00";"0.00"
"2019";"10";"7";"1";"2";"6699";"43.";"1.0";"-2.3";"89.";"2.";"0.00";"0.00";"0.00"
"2019";"10";"7";"1";"3";"6700";"60.";"0.7";"-2.6";"90.";"1.";"0.00";"0.00";"0.00"
"2019";"10";"7";"1";"4";"6701";"32.";"0.5";"-2.7";"90.";"2.";"0.00";"0.00";"0.00"
"2019";"10";"7";"1";"5";"6702";"31.";"0.3";"-2.5";"89.";"0.";"0.00";"0.00";"0.00"
"2019";"10";"7";"1";"6";"6703";"70.";"0.9";"-2.2";"89.";"0.";"0.00";"0.00";"0.00"
"2019";"10";"7";"1";"7";"6704";"68.";"0.4";"-1.0";"86.";"0.";"76.65";"423.06";"27.69"
"2019";"10";"7";"1";"8";"6705";"57.";"0.7";"2.0";"78.";"0.";"213.10";"684.18";"51.65"
"2019";"10";"7";"1";"9";"6706";"349.";"0.9";"5.1";"66.";"0.";"331.06";"750.96";"80.12"
"2019";"10";"7";"1";"10";"6707";"13.";"1.2";"7.9";"53.";"0.";"422.54";"844.26";"81.81"
"2019";"10";"7";"1";"11";"6708";"337.";"1.5";"8.9";"59.";"0.";"476.92";"887.80";"86.72"
"2019";"10";"7";"1";"12";"6709";"305.";"2.1";"9.0";"58.";"5.";"280.85";"329.61";"135.97"
"2019";"10";"7";"1";"13";"6710";"295.";"2.5";"9.0";"56.";"3.";"324.14";"520.27";"114.16"
"2019";"10";"7";"1";"14";"6711";"281.";"3.3";"8.4";"60.";"7.";"136.75";"99.67";"103.44"
"2019";"10";"7";"1";"15";"6712";"273.";"3.5";"7.7";"64.";"7.";"87.56";"83.96";"67.75"
"2019";"10";"7";"1";"16";"6713";"307.";"1.2";"7.3";"64.";"6.";"34.53";"92.58";"23.81"
"2019";"10";"7";"1";"17";"6714";"306.";"1.0";"5.5";"72.";"5.";"0.00";"0.00";"0.00"
"2019";"10";"7";"1";"18";"6715";"105.";"0.2";"5.2";"76.";"5.";"0.00";"0.00";"0.00"
"2019";"10";"7";"1";"19";"6716";"219.";"0.8";"5.4";"79.";"7.";"0.00";"0.00";"0.00"
"2019";"10";"7";"1";"20";"6717";"179.";"0.8";"5.6";"80.";"7.";"0.00";"0.00";"0.00"
"2019";"10";"7";"1";"21";"6718";"154.";"1.2";"4.9";"80.";"7.";"0.00";"0.00";"0.00"
"2019";"10";"7";"1";"22";"6719";"148.";"1.8";"4.6";"81.";"6.";"0.00";"0.00";"0.00"
"2019";"10";"7";"1";"23";"6720";"158.";"1.8";"4.6";"82.";"8.";"0.00";"0.00";"0.00"
"2019";"10";"8";"2";"0";"6721";"161.";"1.9";"4.8";"80.";"7.";"0.00";"0.00";"0.00"
"2019";"10";"8";"2";"1";"6722";"149.";"2.2";"5.2";"80.";"7.";"0.00";"0.00";"0.00"
"2019";"10";"8";"2";"2";"6723";"151.";"2.3";"5.4";"78.";"7.";"0.00";"0.00";"0.00"
"2019";"10";"8";"2";"3";"6724";"151.";"2.4";"5.4";"78.";"7.";"0.00";"0.00";"0.00"
"2019";"10";"8";"2";"4";"6725";"120.";"3.9";"5.3";"81.";"8.";"0.00";"0.00";"0.00"
"2019";"10";"8";"2";"5";"6726";"124.";"4.2";"5.1";"83.";"8.";"0.00";"0.00";"0.00"
"2019";"10";"8";"2";"6";"6727";"118.";"4.7";"4.9";"86.";"8.";"0.00";"0.00";"0.00"
"2019";"10";"8";"2";"7";"6728";"113.";"5.0";"4.5";"89.";"8.";"9.73";"0.00";"9.73"
"2019";"10";"8";"2";"8";"6729";"113.";"5.7";"4.5";"90.";"8.";"32.80";"0.00";"32.80"
"2019";"10";"8";"2";"9";"6730";"124.";"5.9";"5.0";"91.";"8.";"54.51";"0.00";"54.51"
"2019";"10";"8";"2";"10";"6731";"122.";"5.8";"5.4";"91.";"8.";"72.60";"0.00";"72.60"
"2019";"10";"8";"2";"11";"6732";"121.";"5.7";"6.1";"93.";"8.";"124.16";"0.00";"124.16"
"2019";"10";"8";"2";"12";"6733";"119.";"5.6";"6.6";"93.";"8.";"123.25";"0.00";"123.25"
"2019";"10";"8";"2";"13";"6734";"129.";"4.2";"7.5";"93.";"8.";"122.37";"0.00";"122.37"
"2019";"10";"8";"2";"14";"6735";"143.";"3.6";"8.2";"94.";"8.";"94.60";"0.00";"94.60"
"2019";"10";"8";"2";"15";"6736";"206.";"2.2";"9.5";"90.";"7.";"75.87";"72.16";"59.27"
"2019";"10";"8";"2";"16";"6737";"253.";"4.3";"10.4";"87.";"6.";"21.70";"56.28";"15.52"
"2019";"10";"8";"2";"17";"6738";"271.";"4.0";"10.5";"89.";"7.";"0.00";"0.00";"0.00"
"2019";"10";"8";"2";"18";"6739";"318.";"2.7";"9.3";"91.";"5.";"0.00";"0.00";"0.00"
"2019";"10";"8";"2";"19";"6740";"308.";"2.2";"8.4";"93.";"7.";"0.00";"0.00";"0.00"
"2019";"10";"8";"2";"20";"6741";"304.";"1.7";"7.2";"95.";"6.";"0.00";"0.00";"0.00"
"2019";"10";"8";"2";"21";"6742";"295.";"1.0";"6.7";"94.";"3.";"0.00";"0.00";"0.00"
"2019";"10";"8";"2";"22";"6743";"69.";"0.6";"6.3";"96.";"8.";"0.00";"0.00";"0.00"
"2019";"10";"8";"2";"23";"6744";"102.";"1.1";"6.3";"96.";"8.";"0.00";"0.00";"0.00"
"2019";"10";"9";"3";"0";"6745";"101.";"2.0";"6.3";"96.";"8.";"0.00";"0.00";"0.00"
"2019";"10";"9";"3";"1";"6746";"109.";"2.0";"6.6";"96.";"7.";"0.00";"0.00";"0.00"
"2019";"10";"9";"3";"2";"6747";"171.";"1.3";"7.2";"96.";"8.";"0.00";"0.00";"0.00"
"2019";"10";"9";"3";"3";"6748";"219.";"1.9";"7.9";"95.";"7.";"0.00";"0.00";"0.00"
"2019";"10";"9";"3";"4";"6749";"239.";"2.8";"8.5";"94.";"7.";"0.00";"0.00";"0.00"
"2019";"10";"9";"3";"5";"6750";"243.";"3.1";"8.9";"94.";"4.";"0.00";"0.00";"0.00"
"2019";"10";"9";"3";"6";"6751";"243.";"3.2";"9.0";"94.";"2.";"0.00";"0.00";"0.00"
"2019";"10";"9";"3";"7";"6752";"233.";"2.8";"10.3";"92.";"8.";"10.31";"0.00";"10.31"
"2019";"10";"9";"3";"8";"6753";"223.";"2.9";"11.0";"89.";"7.";"69.14";"59.21";"55.87"
"2019";"10";"9";"3";"9";"6754";"203.";"3.6";"11.2";"87.";"8.";"88.60";"0.00";"88.60"
"2019";"10";"9";"3";"10";"6755";"204.";"4.6";"12.3";"86.";"7.";"150.48";"76.85";"120.40"
"2019";"10";"9";"3";"11";"6756";"207.";"4.9";"12.3";"83.";"8.";"127.52";"0.00";"127.52"
"2019";"10";"9";"3";"12";"6757";"207.";"4.7";"12.6";"84.";"8.";"126.82";"0.00";"126.82"
"2019";"10";"9";"3";"13";"6758";"204.";"4.4";"12.4";"83.";"8.";"116.31";"0.00";"116.31"
"2019";"10";"9";"3";"14";"6759";"206.";"4.9";"12.5";"81.";"8.";"89.76";"0.00";"89.76"
"2019";"10";"9";"3";"15";"6760";"198.";"4.1";"12.4";"82.";"5.";"102.32";"189.89";"59.76"
"2019";"10";"9";"3";"16";"6761";"192.";"4.0";"11.9";"86.";"7.";"13.18";"21.41";"10.96"
"2019";"10";"9";"3";"17";"6762";"195.";"4.2";"11.3";"84.";"8.";"0.00";"0.00";"0.00"
"2019";"10";"9";"3";"18";"6763";"203.";"3.2";"10.7";"89.";"8.";"0.00";"0.00";"0.00"
"2019";"10";"9";"3";"19";"6764";"204.";"3.5";"10.2";"89.";"8.";"0.00";"0.00";"0.00"
"2019";"10";"9";"3";"20";"6765";"200.";"2.9";"10.4";"90.";"7.";"0.00";"0.00";"0.00"
"2019";"10";"9";"3";"21";"6766";"196.";"2.4";"10.1";"91.";"7.";"0.00";"0.00";"0.00"
"2019";"10";"9";"3";"22";"6767";"188.";"2.3";"10.0";"93.";"8.";"0.00";"0.00";"0.00"
"2019";"10";"9";"3";"23";"6768";"205.";"2.6";"9.7";"93.";"7.";"0.00";"0.00";"0.00"
"2019";"10";"10";"4";"0";"6769";"216.";"2.2";"9.6";"93.";"8.";"0.00";"0.00";"0.00"
"2019";"10";"10";"4";"1";"6770";"217.";"2.1";"9.3";"93.";"8.";"0.00";"0.00";"0.00"
"2019";"10";"10";"4";"2";"6771";"205.";"1.8";"9.3";"94.";"7.";"0.00";"0.00";"0.00"
"2019";"10";"10";"4";"3";"6772";"211.";"2.4";"9.2";"93.";"8.";"0.00";"0.00";"0.00"
"2019";"10";"10";"4";"4";"6773";"214.";"2.0";"9.2";"93.";"8.";"0.00";"0.00";"0.00"
"2019";"10";"10";"4";"5";"6774";"219.";"1.9";"9.4";"93.";"8.";"0.00";"0.00";"0.00"
"2019";"10";"10";"4";"6";"6775";"216.";"1.8";"9.4";"92.";"8.";"0.00";"0.00";"0.00"
"2019";"10";"10";"4";"7";"6776";"217.";"1.7";"9.7";"91.";"7.";"12.77";"24.19";"10.40"
"2019";"10";"10";"4";"8";"6777";"207.";"2.3";"10.6";"89.";"7.";"68.66";"67.41";"53.96"
"2019";"10";"10";"4";"9";"6778";"215.";"2.9";"11.1";"88.";"8.";"87.89";"0.00";"87.89"
"2019";"10";"10";"4";"10";"6779";"227.";"3.0";"11.2";"84.";"8.";"117.27";"0.00";"117.27"
"2019";"10";"10";"4";"11";"6780";"222.";"3.1";"12.2";"79.";"8.";"131.16";"0.00";"131.16"
"2019";"10";"10";"4";"12";"6781";"225.";"3.7";"12.2";"78.";"7.";"175.33";"101.65";"132.51"
"2019";"10";"10";"4";"13";"6782";"231.";"4.3";"12.4";"77.";"5.";"228.89";"293.54";"115.76"
"2019";"10";"10";"4";"14";"6783";"221.";"4.8";"12.3";"77.";"5.";"175.72";"265.29";"91.85"
"2019";"10";"10";"4";"15";"6784";"215.";"3.9";"12.1";"79.";"7.";"69.27";"69.15";"54.18"
"2019";"10";"10";"4";"16";"6785";"211.";"4.0";"11.3";"81.";"1.";"29.09";"168.45";"12.55"
"2019";"10";"10";"4";"17";"6786";"213.";"3.8";"10.6";"86.";"3.";"0.00";"0.00";"0.00"
"2019";"10";"10";"4";"18";"6787";"217.";"4.3";"10.6";"87.";"3.";"0.00";"0.00";"0.00"
"2019";"10";"10";"4";"19";"6788";"232.";"5.0";"11.2";"86.";"8.";"0.00";"0.00";"0.00"
"2019";"10";"10";"4";"20";"6789";"235.";"4.5";"11.1";"88.";"8.";"0.00";"0.00";"0.00"
"2019";"10";"10";"4";"21";"6790";"242.";"4.8";"11.2";"90.";"7.";"0.00";"0.00";"0.00"
"2019";"10";"10";"4";"22";"6791";"245.";"4.7";"11.0";"91.";"6.";"0.00";"0.00";"0.00"
"2019";"10";"10";"4";"23";"6792";"243.";"4.9";"10.8";"90.";"6.";"0.00";"0.00";"0.00"
"2019";"10";"11";"5";"0";"6793";"237.";"3.9";"10.6";"91.";"8.";"0.00";"0.00";"0.00"
"2019";"10";"11";"5";"1";"6794";"236.";"3.9";"10.5";"92.";"8.";"0.00";"0.00";"0.00"
"2019";"10";"11";"5";"2";"6795";"216.";"3.4";"10.5";"92.";"7.";"0.00";"0.00";"0.00"
"2019";"10";"11";"5";"3";"6796";"215.";"4.4";"10.7";"92.";"8.";"0.00";"0.00";"0.00"
"2019";"10";"11";"5";"4";"6797";"225.";"4.6";"10.4";"93.";"8.";"0.00";"0.00";"0.00"
"2019";"10";"11";"5";"5";"6798";"201.";"3.6";"10.1";"92.";"8.";"0.00";"0.00";"0.00"
"2019";"10";"11";"5";"6";"6799";"170.";"2.8";"9.9";"94.";"8.";"0.00";"0.00";"0.00"
"2019";"10";"11";"5";"7";"6800";"195.";"4.9";"10.6";"95.";"8.";"3.55";"0.00";"3.55"
"2019";"10";"11";"5";"8";"6801";"224.";"5.4";"11.7";"93.";"8.";"47.03";"0.00";"47.03"
"2019";"10";"11";"5";"9";"6802";"226.";"6.1";"12.6";"93.";"8.";"78.82";"0.00";"78.82"
"2019";"10";"11";"5";"10";"6803";"219.";"6.0";"12.9";"92.";"8.";"103.03";"0.00";"103.03"
"2019";"10";"11";"5";"11";"6804";"217.";"6.6";"12.3";"92.";"8.";"68.62";"0.00";"68.62"
"2019";"10";"11";"5";"12";"6805";"206.";"5.5";"12.5";"93.";"8.";"69.87";"0.00";"69.87"
"2019";"10";"11";"5";"13";"6806";"209.";"5.0";"12.5";"93.";"8.";"105.05";"0.00";"105.05"
"2019";"10";"11";"5";"14";"6807";"213.";"4.4";"12.6";"92.";"8.";"47.61";"0.00";"47.61"
"2019";"10";"11";"5";"15";"6808";"212.";"6.4";"12.5";"91.";"8.";"44.86";"0.00";"44.86"
"2019";"10";"11";"5";"16";"6809";"221.";"5.5";"12.4";"91.";"8.";"4.65";"0.00";"4.65"
"2019";"10";"11";"5";"17";"6810";"226.";"5.6";"12.1";"89.";"7.";"0.00";"0.00";"0.00"
"2019";"10";"11";"5";"18";"6811";"240.";"4.6";"12.1";"89.";"8.";"0.00";"0.00";"0.00"
"2019";"10";"11";"5";"19";"6812";"238.";"3.7";"11.9";"91.";"8.";"0.00";"0.00";"0.00"
"2019";"10";"11";"5";"20";"6813";"235.";"3.7";"11.8";"91.";"8.";"0.00";"0.00";"0.00"
"2019";"10";"11";"5";"21";"6814";"238.";"4.5";"11.7";"89.";"8.";"0.00";"0.00";"0.00"
"2019";"10";"11";"5";"22";"6815";"248.";"4.5";"11.5";"90.";"7.";"0.00";"0.00";"0.00"
"2019";"10";"11";"5";"23";"6816";"245.";"4.7";"11.3";"89.";"8.";"0.00";"0.00";"0.00"
"2019";"10";"12";"6";"0";"6817";"235.";"4.9";"11.0";"89.";"8.";"0.00";"0.00";"0.00"
"2019";"10";"12";"6";"1";"6818";"238.";"4.6";"11.0";"90.";"8.";"0.00";"0.00";"0.00"
"2019";"10";"12";"6";"2";"6819";"244.";"4.6";"10.9";"91.";"8.";"0.00";"0.00";"0.00"
"2019";"10";"12";"6";"3";"6820";"244.";"4.0";"10.8";"89.";"2.";"0.00";"0.00";"0.00"
"2019";"10";"12";"6";"4";"6821";"233.";"4.2";"10.9";"87.";"7.";"0.00";"0.00";"0.00"
"2019";"10";"12";"6";"5";"6822";"233.";"5.5";"11.0";"85.";"4.";"0.00";"0.00";"0.00"
"2019";"10";"12";"6";"6";"6823";"230.";"5.0";"11.1";"86.";"5.";"0.00";"0.00";"0.00"
"2019";"10";"12";"6";"7";"6824";"235.";"5.1";"11.3";"85.";"4.";"11.35";"47.59";"7.22"
"2019";"10";"12";"6";"8";"6825";"231.";"4.9";"11.9";"84.";"5.";"87.98";"161.35";"54.67"
"2019";"10";"12";"6";"9";"6826";"224.";"5.6";"12.6";"81.";"8.";"81.45";"0.00";"81.45"
"2019";"10";"12";"6";"10";"6827";"219.";"6.5";"12.9";"79.";"8.";"106.54";"0.00";"106.54"
"2019";"10";"12";"6";"11";"6828";"222.";"7.2";"12.8";"79.";"7.";"161.08";"80.45";"128.16"
"2019";"10";"12";"6";"12";"6829";"220.";"7.9";"12.4";"83.";"7.";"100.08";"42.68";"82.62"
"2019";"10";"12";"6";"13";"6830";"231.";"7.6";"12.2";"82.";"8.";"63.84";"0.00";"63.84"
"2019";"10";"12";"6";"14";"6831";"237.";"6.0";"12.3";"83.";"8.";"48.12";"0.00";"48.12"
"2019";"10";"12";"6";"15";"6832";"240.";"5.8";"12.2";"82.";"8.";"46.06";"0.00";"46.06"
"2019";"10";"12";"6";"16";"6833";"239.";"6.3";"11.7";"85.";"7.";"6.36";"11.95";"5.32"
"2019";"10";"12";"6";"17";"6834";"239.";"5.9";"11.7";"84.";"7.";"0.00";"0.00";"0.00"
"2019";"10";"12";"6";"18";"6835";"248.";"5.7";"11.4";"83.";"8.";"0.00";"0.00";"0.00"
"2019";"10";"12";"6";"19";"6836";"250.";"5.4";"11.5";"82.";"7.";"0.00";"0.00";"0.00"
"2019";"10";"12";"6";"20";"6837";"246.";"5.6";"11.2";"83.";"8.";"0.00";"0.00";"0.00"
"2019";"10";"12";"6";"21";"6838";"250.";"5.5";"11.1";"81.";"7.";"0.00";"0.00";"0.00"
"2019";"10";"12";"6";"22";"6839";"248.";"5.3";"11.2";"82.";"8.";"0.00";"0.00";"0.00"
"2019";"10";"12";"6";"23";"6840";"245.";"5.3";"11.1";"83.";"8.";"0.00";"0.00";"0.00"
"2019";"10";"13";"7";"0";"6841";"252.";"4.4";"10.9";"83.";"7.";"0.00";"0.00";"0.00"
"2019";"10";"13";"7";"1";"6842";"250.";"4.0";"10.8";"84.";"7.";"0.00";"0.00";"0.00"
"2019";"10";"13";"7";"2";"6843";"240.";"4.2";"10.7";"84.";"5.";"0.00";"0.00";"0.00"
"2019";"10";"13";"7";"3";"6844";"242.";"4.0";"10.5";"84.";"6.";"0.00";"0.00";"0.00"
"2019";"10";"13";"7";"4";"6845";"239.";"4.0";"10.5";"85.";"8.";"0.00";"0.00";"0.00"
"2019";"10";"13";"7";"5";"6846";"235.";"4.3";"10.3";"85.";"8.";"0.00";"0.00";"0.00"
"2019";"10";"13";"7";"6";"6847";"235.";"3.7";"10.4";"87.";"7.";"0.00";"0.00";"0.00"
"2019";"10";"13";"7";"7";"6848";"234.";"3.7";"10.7";"87.";"6.";"6.03";"19.28";"4.46"
"2019";"10";"13";"7";"8";"6849";"232.";"3.8";"11.3";"86.";"6.";"72.98";"118.33";"49.24"
"2019";"10";"13";"7";"9";"6850";"235.";"4.4";"12.4";"80.";"6.";"135.55";"164.74";"86.40"
"2019";"10";"13";"7";"10";"6851";"234.";"4.5";"13.0";"77.";"7.";"145.58";"92.40";"111.63"
"2019";"10";"13";"7";"11";"6852";"237.";"4.1";"13.4";"77.";"6.";"203.22";"193.78";"125.10"
"2019";"10";"13";"7";"12";"6853";"220.";"3.3";"13.1";"77.";"6.";"285.17";"180.25";"212.50"
"2019";"10";"13";"7";"13";"6854";"208.";"3.2";"12.9";"80.";"6.";"178.42";"178.15";"112.97"
"2019";"10";"13";"7";"14";"6855";"191.";"3.0";"12.6";"81.";"6.";"190.16";"156.79";"143.39"
"2019";"10";"13";"7";"15";"6856";"170.";"2.7";"12.2";"83.";"6.";"102.21";"113.32";"79.48"
"2019";"10";"13";"7";"16";"6857";"139.";"2.9";"11.8";"84.";"8.";"6.18";"0.00";"6.18"
"2019";"10";"13";"7";"17";"6858";"138.";"3.1";"11.5";"89.";"8.";"0.00";"0.00";"0.00"
"2019";"10";"13";"7";"18";"6859";"133.";"3.1";"11.2";"90.";"7.";"0.00";"0.00";"0.00"
"2019";"10";"13";"7";"19";"6860";"112.";"2.8";"10.7";"93.";"8.";"0.00";"0.00";"0.00"
"2019";"10";"13";"7";"20";"6861";"97.";"4.0";"10.2";"92.";"8.";"0.00";"0.00";"0.00"
"2019";"10";"13";"7";"21";"6862";"83.";"4.9";"9.6";"93.";"8.";"0.00";"0.00";"0.00"
"2019";"10";"13";"7";"22";"6863";"81.";"5.0";"9.8";"92.";"8.";"0.00";"0.00";"0.00"
"2019";"10";"13";"7";"23";"6864";"113.";"4.9";"10.0";"93.";"8.";"0.00";"0.00";"0.00"
"2019";"10";"14";"1";"0";"6865";"148.";"4.7";"10.9";"94.";"8.";"0.00";"0.00";"0.00"
"2019";"10";"14";"1";"1";"6866";"206.";"5.9";"13.2";"94.";"8.";"0.00";"0.00";"0.00"
"2019";"10";"14";"1";"2";"6867";"213.";"7.2";"13.5";"91.";"8.";"0.00";"0.00";"0.00"
"2019";"10";"14";"1";"3";"6868";"206.";"7.5";"13.1";"87.";"8.";"0.00";"0.00";"0.00"
"2019";"10";"14";"1";"4";"6869";"192.";"7.5";"12.7";"88.";"7.";"0.00";"0.00";"0.00"
"2019";"10";"14";"1";"5";"6870";"201.";"7.8";"11.7";"88.";"8.";"0.00";"0.00";"0.00"
"2019";"10";"14";"1";"6";"6871";"217.";"5.1";"11.1";"95.";"7.";"0.00";"0.00";"0.00"
"2019";"10";"14";"1";"7";"6872";"261.";"3.5";"11.7";"95.";"8.";"0.00";"0.00";"0.00"
"2019";"10";"14";"1";"8";"6873";"291.";"4.1";"12.0";"93.";"8.";"40.87";"0.00";"40.87"
"2019";"10";"14";"1";"9";"6874";"327.";"6.6";"10.3";"92.";"8.";"71.48";"0.00";"71.48"
"2019";"10";"14";"1";"10";"6875";"335.";"5.2";"9.3";"89.";"7.";"139.45";"78.77";"110.98"
"2019";"10";"14";"1";"11";"6876";"336.";"4.2";"9.6";"85.";"8.";"126.36";"0.00";"126.36"
"2019";"10";"14";"1";"12";"6877";"342.";"3.4";"10.0";"82.";"8.";"126.45";"0.00";"126.45"
"2019";"10";"14";"1";"13";"6878";"328.";"2.8";"10.2";"79.";"7.";"150.03";"100.56";"113.69"
"2019";"10";"14";"1";"14";"6879";"333.";"1.8";"10.2";"78.";"8.";"84.67";"0.00";"84.67"
"2019";"10";"14";"1";"15";"6880";"4.";"1.2";"10.0";"79.";"8.";"46.13";"0.00";"46.13"
"2019";"10";"14";"1";"16";"6881";"34.";"0.4";"9.6";"81.";"8.";"4.07";"0.00";"4.07"
"2019";"10";"14";"1";"17";"6882";"81.";"0.9";"9.4";"83.";"7.";"0.00";"0.00";"0.00"
"2019";"10";"14";"1";"18";"6883";"100.";"1.8";"9.1";"83.";"8.";"0.00";"0.00";"0.00"
"2019";"10";"14";"1";"19";"6884";"106.";"2.1";"8.7";"85.";"8.";"0.00";"0.00";"0.00"
"2019";"10";"14";"1";"20";"6885";"106.";"1.9";"8.7";"85.";"8.";"0.00";"0.00";"0.00"
"2019";"10";"14";"1";"21";"6886";"91.";"1.6";"8.4";"86.";"8.";"0.00";"0.00";"0.00"
"2019";"10";"14";"1";"22";"6887";"81.";"2.1";"8.4";"87.";"7.";"0.00";"0.00";"0.00"
"2019";"10";"14";"1";"23";"6888";"86.";"2.6";"8.2";"88.";"8.";"0.00";"0.00";"0.00"
"2019";"10";"15";"2";"0";"6889";"94.";"2.3";"8.3";"87.";"7.";"0.00";"0.00";"0.00"
"2019";"10";"15";"2";"1";"6890";"95.";"2.7";"8.1";"87.";"8.";"0.00";"0.00";"0.00"
"2019";"10";"15";"2";"2";"6891";"99.";"3.1";"8.1";"87.";"8.";"0.00";"0.00";"0.00"
"2019";"10";"15";"2";"3";"6892";"99.";"3.9";"8.1";"88.";"8.";"0.00";"0.00";"0.00"
"2019";"10";"15";"2";"4";"6893";"96.";"2.9";"8.4";"90.";"8.";"0.00";"0.00";"0.00"
"2019";"10";"15";"2";"5";"6894";"98.";"4.4";"8.4";"93.";"8.";"0.00";"0.00";"0.00"
"2019";"10";"15";"2";"6";"6895";"95.";"4.7";"8.8";"92.";"7.";"0.00";"0.00";"0.00"
"2019";"10";"15";"2";"7";"6896";"77.";"4.3";"9.1";"90.";"7.";"1.82";"4.40";"1.52"
"2019";"10";"15";"2";"8";"6897";"92.";"3.4";"9.3";"89.";"7.";"36.41";"41.94";"28.48"
"2019";"10";"15";"2";"9";"6898";"98.";"2.3";"9.9";"87.";"8.";"81.35";"0.00";"81.35"
"2019";"10";"15";"2";"10";"6899";"106.";"1.6";"9.7";"87.";"8.";"109.22";"0.00";"109.22"
"2019";"10";"15";"2";"11";"6900";"93.";"3.2";"10.4";"86.";"8.";"123.25";"0.00";"123.25"
"2019";"10";"15";"2";"12";"6901";"92.";"4.2";"11.3";"85.";"8.";"122.67";"0.00";"122.67"
"2019";"10";"15";"2";"13";"6902";"94.";"4.3";"12.3";"82.";"7.";"144.11";"97.97";"109.28"
"2019";"10";"15";"2";"14";"6903";"97.";"3.7";"13.2";"78.";"6.";"132.28";"174.41";"82.30"
"2019";"10";"15";"2";"15";"6904";"91.";"2.8";"13.4";"80.";"8.";"40.72";"0.00";"40.72"
"2019";"10";"15";"2";"16";"6905";"87.";"1.7";"12.1";"84.";"8.";"0.00";"0.00";"0.00"
"2019";"10";"15";"2";"17";"6906";"95.";"2.0";"11.6";"87.";"8.";"0.00";"0.00";"0.00"
"2019";"10";"15";"2";"18";"6907";"110.";"1.7";"11.8";"89.";"5.";"0.00";"0.00";"0.00"
"2019";"10";"15";"2";"19";"6908";"131.";"1.8";"11.9";"90.";"7.";"0.00";"0.00";"0.00"
"2019";"10";"15";"2";"20";"6909";"133.";"2.0";"12.2";"90.";"7.";"0.00";"0.00";"0.00"
"2019";"10";"15";"2";"21";"6910";"137.";"2.4";"12.1";"91.";"8.";"0.00";"0.00";"0.00"
"2019";"10";"15";"2";"22";"6911";"133.";"2.5";"11.8";"94.";"8.";"0.00";"0.00";"0.00"
"2019";"10";"15";"2";"23";"6912";"127.";"2.5";"11.8";"95.";"8.";"0.00";"0.00";"0.00"
"2019";"10";"16";"3";"0";"6913";"128.";"2.2";"11.7";"95.";"8.";"0.00";"0.00";"0.00"
"2019";"10";"16";"3";"1";"6914";"123.";"1.5";"11.7";"96.";"8.";"0.00";"0.00";"0.00"
"2019";"10";"16";"3";"2";"6915";"117.";"1.6";"11.6";"96.";"8.";"0.00";"0.00";"0.00"
"2019";"10";"16";"3";"3";"6916";"130.";"1.5";"11.6";"96.";"8.";"0.00";"0.00";"0.00"
"2019";"10";"16";"3";"4";"6917";"114.";"1.5";"11.6";"95.";"8.";"0.00";"0.00";"0.00"
"2019";"10";"16";"3";"5";"6918";"103.";"1.6";"11.6";"96.";"8.";"0.00";"0.00";"0.00"
"2019";"10";"16";"3";"6";"6919";"104.";"1.2";"11.7";"96.";"8.";"0.00";"0.00";"0.00"
"2019";"10";"16";"3";"7";"6920";"126.";"0.9";"11.8";"95.";"8.";"0.00";"0.00";"0.00"
"2019";"10";"16";"3";"8";"6921";"132.";"0.8";"11.8";"95.";"8.";"33.23";"0.00";"33.23"
"2019";"10";"16";"3";"9";"6922";"154.";"0.7";"12.0";"95.";"7.";"85.66";"39.33";"74.62"
"2019";"10";"16";"3";"10";"6923";"78.";"0.5";"12.2";"94.";"8.";"91.76";"0.00";"91.76"
"2019";"10";"16";"3";"11";"6924";"41.";"1.0";"12.5";"93.";"7.";"147.82";"79.78";"117.09"
"2019";"10";"16";"3";"12";"6925";"20.";"0.9";"12.5";"92.";"8.";"112.38";"0.00";"112.38"
"2019";"10";"16";"3";"13";"6926";"359.";"1.3";"12.4";"92.";"7.";"129.87";"75.84";"103.36"
"2019";"10";"16";"3";"14";"6927";"8.";"1.4";"12.4";"92.";"8.";"72.05";"0.00";"72.05"
"2019";"10";"16";"3";"15";"6928";"1.";"1.4";"12.2";"93.";"8.";"35.25";"0.00";"35.25"
"2019";"10";"16";"3";"16";"6929";"37.";"1.2";"12.0";"94.";"8.";"0.00";"0.00";"0.00"
"2019";"10";"16";"3";"17";"6930";"48.";"1.0";"11.7";"94.";"8.";"0.00";"0.00";"0.00"
"2019";"10";"16";"3";"18";"6931";"347.";"0.8";"11.4";"95.";"8.";"0.00";"0.00";"0.00"
"2019";"10";"16";"3";"19";"6932";"335.";"0.8";"11.3";"95.";"8.";"0.00";"0.00";"0.00"
"2019";"10";"16";"3";"20";"6933";"349.";"0.5";"11.3";"95.";"8.";"0.00";"0.00";"0.00"
"2019";"10";"16";"3";"21";"6934";"58.";"0.6";"11.1";"95.";"8.";"0.00";"0.00";"0.00"
"2019";"10";"16";"3";"22";"6935";"42.";"0.2";"11.0";"95.";"8.";"0.00";"0.00";"0.00"
"2019";"10";"16";"3";"23";"6936";"187.";"0.2";"11.0";"95.";"8.";"0.00";"0.00";"0.00"
"2019";"10";"17";"4";"0";"6937";"190.";"0.1";"11.0";"95.";"8.";"0.00";"0.00";"0.00"
"2019";"10";"17";"4";"1";"6938";"235.";"0.4";"11.0";"96.";"8.";"0.00";"0.00";"0.00"
"2019";"10";"17";"4";"2";"6939";"202.";"0.5";"10.9";"97.";"7.";"0.00";"0.00";"0.00"
"2019";"10";"17";"4";"3";"6940";"188.";"0.9";"11.0";"97.";"8.";"0.00";"0.00";"0.00"
"2019";"10";"17";"4";"4";"6941";"183.";"1.1";"11.1";"96.";"8.";"0.00";"0.00";"0.00"
"2019";"10";"17";"4";"5";"6942";"166.";"1.6";"11.2";"95.";"6.";"0.00";"0.00";"0.00"
"2019";"10";"17";"4";"6";"6943";"185.";"1.7";"11.3";"94.";"7.";"0.00";"0.00";"0.00"
"2019";"10";"17";"4";"7";"6944";"175.";"2.1";"11.4";"95.";"8.";"0.00";"0.00";"0.00"
"2019";"10";"17";"4";"8";"6945";"166.";"2.3";"11.6";"95.";"7.";"41.70";"33.36";"35.77"
"2019";"10";"17";"4";"9";"6946";"142.";"2.1";"12.2";"94.";"7.";"93.44";"70.69";"74.01"
"2019";"10";"17";"4";"10";"6947";"118.";"2.4";"12.2";"91.";"7.";"130.73";"85.78";"101.25"
"2019";"10";"17";"4";"11";"6948";"137.";"2.9";"12.2";"90.";"7.";"144.36";"75.98";"115.54"
"2019";"10";"17";"4";"12";"6949";"117.";"2.3";"11.9";"93.";"8.";"57.09";"0.00";"57.09"
"2019";"10";"17";"4";"13";"6950";"120.";"2.2";"11.7";"94.";"8.";"48.92";"0.00";"48.92"
"2019";"10";"17";"4";"14";"6951";"137.";"2.7";"11.9";"94.";"8.";"35.73";"0.00";"35.73"
"2019";"10";"17";"4";"15";"6952";"160.";"3.6";"12.0";"96.";"8.";"16.47";"0.00";"16.47"
"2019";"10";"17";"4";"16";"6953";"163.";"2.6";"11.9";"95.";"8.";"0.00";"0.00";"0.00"
"2019";"10";"17";"4";"17";"6954";"192.";"1.8";"12.0";"95.";"8.";"0.00";"0.00";"0.00"
"2019";"10";"17";"4";"18";"6955";"197.";"1.8";"12.0";"95.";"7.";"0.00";"0.00";"0.00"
"2019";"10";"17";"4";"19";"6956";"211.";"1.8";"11.9";"95.";"8.";"0.00";"0.00";"0.00"
"2019";"10";"17";"4";"20";"6957";"216.";"1.9";"11.8";"92.";"6.";"0.00";"0.00";"0.00"
"2019";"10";"17";"4";"21";"6958";"223.";"2.6";"11.5";"92.";"8.";"0.00";"0.00";"0.00"
"2019";"10";"17";"4";"22";"6959";"225.";"2.5";"11.1";"90.";"8.";"0.00";"0.00";"0.00"
"2019";"10";"17";"4";"23";"6960";"232.";"2.5";"10.9";"91.";"8.";"0.00";"0.00";"0.00"
"2019";"10";"18";"5";"0";"6961";"234.";"2.2";"10.9";"92.";"8.";"0.00";"0.00";"0.00"
"2019";"10";"18";"5";"1";"6962";"226.";"1.8";"10.0";"93.";"4.";"0.00";"0.00";"0.00"
"2019";"10";"18";"5";"2";"6963";"189.";"1.4";"9.0";"95.";"0.";"0.00";"0.00";"0.00"
"2019";"10";"18";"5";"3";"6964";"180.";"1.5";"8.5";"95.";"2.";"0.00";"0.00";"0.00"
"2019";"10";"18";"5";"4";"6965";"150.";"1.6";"8.4";"95.";"5.";"0.00";"0.00";"0.00"
"2019";"10";"18";"5";"5";"6966";"129.";"1.9";"8.5";"96.";"6.";"0.00";"0.00";"0.00"
"2019";"10";"18";"5";"6";"6967";"126.";"3.0";"8.3";"97.";"7.";"0.00";"0.00";"0.00"
"2019";"10";"18";"5";"7";"6968";"124.";"2.9";"8.6";"96.";"8.";"0.00";"0.00";"0.00"
"2019";"10";"18";"5";"8";"6969";"110.";"2.6";"9.2";"95.";"7.";"47.13";"56.17";"37.47"
"2019";"10";"18";"5";"9";"6970";"114.";"3.4";"9.5";"94.";"7.";"60.19";"44.57";"48.19"
"2019";"10";"18";"5";"10";"6971";"104.";"3.6";"9.7";"93.";"8.";"56.39";"0.00";"56.39"
"2019";"10";"18";"5";"11";"6972";"90.";"3.0";"9.9";"94.";"8.";"55.38";"0.00";"55.38"
"2019";"10";"18";"5";"12";"6973";"101.";"2.5";"10.1";"94.";"8.";"56.66";"0.00";"56.66"
"2019";"10";"18";"5";"13";"6974";"130.";"2.0";"11.1";"96.";"8.";"94.54";"0.00";"94.54"
"2019";"10";"18";"5";"14";"6975";"158.";"3.2";"12.0";"93.";"7.";"95.85";"82.45";"73.67"
"2019";"10";"18";"5";"15";"6976";"167.";"3.9";"12.0";"90.";"8.";"33.53";"0.00";"33.53"
"2019";"10";"18";"5";"16";"6977";"146.";"3.4";"11.8";"93.";"7.";"0.00";"0.00";"0.00"
"2019";"10";"18";"5";"17";"6978";"123.";"3.1";"11.8";"93.";"8.";"0.00";"0.00";"0.00"
"2019";"10";"18";"5";"18";"6979";"124.";"3.8";"12.1";"93.";"8.";"0.00";"0.00";"0.00"
"2019";"10";"18";"5";"19";"6980";"117.";"4.3";"12.4";"93.";"8.";"0.00";"0.00";"0.00"
"2019";"10";"18";"5";"20";"6981";"129.";"6.6";"12.3";"94.";"8.";"0.00";"0.00";"0.00"
"2019";"10";"18";"5";"21";"6982";"169.";"6.2";"11.9";"93.";"8.";"0.00";"0.00";"0.00"
"2019";"10";"18";"5";"22";"6983";"198.";"6.1";"11.5";"91.";"8.";"0.00";"0.00";"0.00"
"2019";"10";"18";"5";"23";"6984";"206.";"7.4";"11.2";"88.";"8.";"0.00";"0.00";"0.00"
"2019";"10";"19";"6";"0";"6985";"204.";"7.5";"10.8";"89.";"8.";"0.00";"0.00";"0.00"
"2019";"10";"19";"6";"1";"6986";"200.";"8.1";"11.3";"88.";"7.";"0.00";"0.00";"0.00"
"2019";"10";"19";"6";"2";"6987";"202.";"7.7";"11.4";"87.";"6.";"0.00";"0.00";"0.00"
"2019";"10";"19";"6";"3";"6988";"203.";"7.4";"11.6";"88.";"8.";"0.00";"0.00";"0.00"
"2019";"10";"19";"6";"4";"6989";"204.";"8.0";"11.6";"85.";"7.";"0.00";"0.00";"0.00"
"2019";"10";"19";"6";"5";"6990";"208.";"7.7";"11.5";"85.";"7.";"0.00";"0.00";"0.00"
"2019";"10";"19";"6";"6";"6991";"206.";"8.1";"11.6";"86.";"4.";"0.00";"0.00";"0.00"
"2019";"10";"19";"6";"7";"6992";"210.";"8.0";"11.8";"84.";"6.";"0.00";"0.00";"0.00"
"2019";"10";"19";"6";"8";"6993";"209.";"7.5";"12.0";"84.";"5.";"60.78";"130.44";"39.09"
"2019";"10";"19";"6";"9";"6994";"203.";"8.1";"12.1";"86.";"5.";"127.71";"186.60";"78.56"
"2019";"10";"19";"6";"10";"6995";"202.";"7.9";"12.1";"84.";"6.";"150.48";"141.37";"103.55"
"2019";"10";"19";"6";"11";"6996";"201.";"7.3";"12.1";"81.";"7.";"141.51";"78.88";"112.51"
"2019";"10";"19";"6";"12";"6997";"201.";"7.1";"12.3";"80.";"7.";"140.58";"76.43";"112.49"
"2019";"10";"19";"6";"13";"6998";"198.";"6.9";"12.3";"81.";"7.";"124.58";"78.79";"98.43"
"2019";"10";"19";"6";"14";"6999";"198.";"6.4";"12.2";"81.";"7.";"90.18";"70.21";"71.69"
"2019";"10";"19";"6";"15";"7000";"192.";"5.5";"12.0";"83.";"7.";"42.24";"46.30";"34.54"
"2019";"10";"19";"6";"16";"7001";"191.";"4.5";"11.8";"84.";"7.";"0.00";"0.00";"0.00"
"2019";"10";"19";"6";"17";"7002";"186.";"4.1";"11.9";"87.";"7.";"0.00";"0.00";"0.00"
"2019";"10";"19";"6";"18";"7003";"176.";"3.3";"11.8";"88.";"7.";"0.00";"0.00";"0.00"
"2019";"10";"19";"6";"19";"7004";"175.";"3.0";"11.8";"90.";"7.";"0.00";"0.00";"0.00"
"2019";"10";"19";"6";"20";"7005";"170.";"3.1";"11.6";"91.";"8.";"0.00";"0.00";"0.00"
"2019";"10";"19";"6";"21";"7006";"155.";"2.9";"11.4";"93.";"8.";"0.00";"0.00";"0.00"
"2019";"10";"19";"6";"22";"7007";"140.";"2.5";"11.2";"94.";"8.";"0.00";"0.00";"0.00"
"2019";"10";"19";"6";"23";"7008";"117.";"3.5";"11.0";"95.";"8.";"0.00";"0.00";"0.00"
"2019";"10";"20";"7";"0";"7009";"151.";"4.7";"10.9";"95.";"8.";"0.00";"0.00";"0.00"
"2019";"10";"20";"7";"1";"7010";"155.";"2.4";"10.9";"95.";"8.";"0.00";"0.00";"0.00"
"2019";"10";"20";"7";"2";"7011";"191.";"2.5";"11.3";"94.";"8.";"0.00";"0.00";"0.00"
"2019";"10";"20";"7";"3";"7012";"210.";"2.8";"11.0";"94.";"7.";"0.00";"0.00";"0.00"
"2019";"10";"20";"7";"4";"7013";"214.";"2.6";"10.7";"95.";"6.";"0.00";"0.00";"0.00"
"2019";"10";"20";"7";"5";"7014";"212.";"2.6";"10.3";"94.";"6.";"0.00";"0.00";"0.00"
"2019";"10";"20";"7";"6";"7015";"204.";"2.3";"10.0";"95.";"7.";"0.00";"0.00";"0.00"
"2019";"10";"20";"7";"7";"7016";"186.";"2.6";"10.2";"95.";"7.";"0.00";"0.00";"0.00"
"2019";"10";"20";"7";"8";"7017";"193.";"3.3";"10.7";"94.";"7.";"39.46";"46.87";"31.93"
"2019";"10";"20";"7";"9";"7018";"193.";"3.9";"11.4";"92.";"7.";"85.17";"64.82";"68.47"
"2019";"10";"20";"7";"10";"7019";"197.";"4.1";"11.7";"89.";"7.";"122.87";"84.40";"95.34"
"2019";"10";"20";"7";"11";"7020";"208.";"4.6";"12.4";"86.";"8.";"103.18";"0.00";"103.18"
"2019";"10";"20";"7";"12";"7021";"214.";"4.5";"12.6";"84.";"8.";"104.73";"0.00";"104.73"
"2019";"10";"20";"7";"13";"7022";"212.";"4.2";"12.7";"84.";"7.";"120.68";"77.54";"95.38"
"2019";"10";"20";"7";"14";"7023";"211.";"4.2";"12.5";"83.";"8.";"65.18";"0.00";"65.18"
"2019";"10";"20";"7";"15";"7024";"210.";"3.0";"12.1";"85.";"7.";"39.39";"45.86";"32.02"
"2019";"10";"20";"7";"16";"7025";"211.";"2.8";"11.3";"89.";"6.";"0.00";"0.00";"0.00"
"2019";"10";"20";"7";"17";"7026";"202.";"2.3";"10.2";"92.";"4.";"0.00";"0.00";"0.00"
"2019";"10";"20";"7";"18";"7027";"220.";"1.7";"9.6";"95.";"5.";"0.00";"0.00";"0.00"
"2019";"10";"20";"7";"19";"7028";"203.";"1.1";"10.0";"95.";"8.";"0.00";"0.00";"0.00"
"2019";"10";"20";"7";"20";"7029";"193.";"0.9";"9.8";"95.";"4.";"0.00";"0.00";"0.00"
"2019";"10";"20";"7";"21";"7030";"212.";"0.5";"9.0";"95.";"7.";"0.00";"0.00";"0.00"
"2019";"10";"20";"7";"22";"7031";"312.";"1.1";"8.6";"95.";"8.";"0.00";"0.00";"0.00"
"2019";"10";"20";"7";"23";"7032";"354.";"1.1";"8.3";"95.";"8.";"0.00";"0.00";"0.00"
"2019";"10";"21";"1";"0";"7033";"316.";"1.2";"7.7";"95.";"8.";"0.00";"0.00";"0.00"
"2019";"10";"21";"1";"1";"7034";"302.";"2.0";"7.6";"94.";"8.";"0.00";"0.00";"0.00"
"2019";"10";"21";"1";"2";"7035";"314.";"2.2";"7.5";"93.";"8.";"0.00";"0.00";"0.00"
"2019";"10";"21";"1";"3";"7036";"329.";"1.7";"7.1";"92.";"8.";"0.00";"0.00";"0.00"
"2019";"10";"21";"1";"4";"7037";"325.";"1.8";"6.9";"92.";"8.";"0.00";"0.00";"0.00"
"2019";"10";"21";"1";"5";"7038";"12.";"1.4";"6.7";"92.";"8.";"0.00";"0.00";"0.00"
"2019";"10";"21";"1";"6";"7039";"5.";"2.4";"6.2";"92.";"7.";"0.00";"0.00";"0.00"
"2019";"10";"21";"1";"7";"7040";"33.";"1.9";"6.1";"92.";"8.";"0.00";"0.00";"0.00"
"2019";"10";"21";"1";"8";"7041";"44.";"1.3";"6.2";"92.";"8.";"32.13";"0.00";"32.13"
"2019";"10";"21";"1";"9";"7042";"76.";"1.0";"6.6";"91.";"8.";"68.24";"0.00";"68.24"
"2019";"10";"21";"1";"10";"7043";"71.";"1.0";"7.0";"90.";"8.";"97.01";"0.00";"97.01"
"2019";"10";"21";"1";"11";"7044";"67.";"0.8";"7.5";"89.";"8.";"111.07";"0.00";"111.07"
"2019";"10";"21";"1";"12";"7045";"200.";"0.6";"7.7";"87.";"8.";"111.16";"0.00";"111.16"
"2019";"10";"21";"1";"13";"7046";"250.";"0.6";"8.0";"86.";"8.";"94.82";"0.00";"94.82"
"2019";"10";"21";"1";"14";"7047";"182.";"0.4";"8.0";"85.";"8.";"69.52";"0.00";"69.52"
"2019";"10";"21";"1";"15";"7048";"175.";"0.7";"8.1";"86.";"8.";"32.37";"0.00";"32.37"
"2019";"10";"21";"1";"16";"7049";"214.";"0.1";"8.1";"86.";"8.";"0.00";"0.00";"0.00"
"2019";"10";"21";"1";"17";"7050";"339.";"0.8";"7.9";"88.";"6.";"0.00";"0.00";"0.00"
"2019";"10";"21";"1";"18";"7051";"299.";"1.1";"7.8";"90.";"8.";"0.00";"0.00";"0.00"
"2019";"10";"21";"1";"19";"7052";"281.";"1.0";"7.6";"90.";"7.";"0.00";"0.00";"0.00"
"2019";"10";"21";"1";"20";"7053";"295.";"0.6";"7.4";"90.";"8.";"0.00";"0.00";"0.00"
"2019";"10";"21";"1";"21";"7054";"302.";"1.0";"7.3";"90.";"8.";"0.00";"0.00";"0.00"
"2019";"10";"21";"1";"22";"7055";"27.";"0.2";"7.3";"89.";"7.";"0.00";"0.00";"0.00"
"2019";"10";"21";"1";"23";"7056";"210.";"0.1";"7.3";"89.";"8.";"0.00";"0.00";"0.00"
"2019";"10";"22";"2";"0";"7057";"197.";"0.6";"7.2";"89.";"6.";"0.00";"0.00";"0.00"
"2019";"10";"22";"2";"1";"7058";"185.";"0.9";"6.5";"90.";"5.";"0.00";"0.00";"0.00"
"2019";"10";"22";"2";"2";"7059";"228.";"0.7";"5.9";"91.";"3.";"0.00";"0.00";"0.00"
"2019";"10";"22";"2";"3";"7060";"213.";"0.8";"5.2";"91.";"0.";"0.00";"0.00";"0.00"
"2019";"10";"22";"2";"4";"7061";"202.";"1.5";"5.8";"92.";"7.";"0.00";"0.00";"0.00"
"2019";"10";"22";"2";"5";"7062";"198.";"1.7";"6.7";"91.";"7.";"0.00";"0.00";"0.00"
"2019";"10";"22";"2";"6";"7063";"228.";"2.2";"8.0";"90.";"7.";"0.00";"0.00";"0.00"
"2019";"10";"22";"2";"7";"7064";"224.";"2.6";"9.3";"90.";"7.";"0.00";"0.00";"0.00"
"2019";"10";"22";"2";"8";"7065";"226.";"3.3";"10.2";"91.";"8.";"26.73";"0.00";"26.73"
"2019";"10";"22";"2";"9";"7066";"229.";"4.1";"10.9";"88.";"8.";"62.72";"0.00";"62.72"
"2019";"10";"22";"2";"10";"7067";"236.";"5.0";"11.0";"86.";"8.";"89.26";"0.00";"89.26"
"2019";"10";"22";"2";"11";"7068";"230.";"5.3";"11.1";"85.";"8.";"102.16";"0.00";"102.16"
"2019";"10";"22";"2";"12";"7069";"232.";"5.5";"11.8";"82.";"8.";"103.06";"0.00";"103.06"
"2019";"10";"22";"2";"13";"7070";"235.";"5.6";"12.0";"81.";"8.";"88.29";"0.00";"88.29"
"2019";"10";"22";"2";"14";"7071";"224.";"5.2";"11.8";"82.";"7.";"83.58";"74.32";"65.27"
"2019";"10";"22";"2";"15";"7072";"230.";"4.9";"11.6";"85.";"7.";"35.34";"46.27";"28.41"
"2019";"10";"22";"2";"16";"7073";"247.";"5.6";"11.8";"82.";"8.";"0.00";"0.00";"0.00"
"2019";"10";"22";"2";"17";"7074";"240.";"5.9";"11.6";"76.";"8.";"0.00";"0.00";"0.00"
"2019";"10";"22";"2";"18";"7075";"235.";"5.6";"11.4";"76.";"7.";"0.00";"0.00";"0.00"
"2019";"10";"22";"2";"19";"7076";"233.";"6.2";"11.3";"77.";"8.";"0.00";"0.00";"0.00"
"2019";"10";"22";"2";"20";"7077";"232.";"5.6";"11.3";"77.";"8.";"0.00";"0.00";"0.00"
"2019";"10";"22";"2";"21";"7078";"233.";"6.0";"11.2";"78.";"8.";"0.00";"0.00";"0.00"
"2019";"10";"22";"2";"22";"7079";"231.";"6.2";"11.1";"80.";"8.";"0.00";"0.00";"0.00"
"2019";"10";"22";"2";"23";"7080";"234.";"5.5";"11.1";"81.";"8.";"0.00";"0.00";"0.00"
"2019";"10";"23";"3";"0";"7081";"232.";"5.2";"11.1";"81.";"8.";"0.00";"0.00";"0.00"
"2019";"10";"23";"3";"1";"7082";"232.";"5.4";"11.1";"82.";"8.";"0.00";"0.00";"0.00"
"2019";"10";"23";"3";"2";"7083";"231.";"5.5";"11.1";"82.";"8.";"0.00";"0.00";"0.00"
"2019";"10";"23";"3";"3";"7084";"232.";"5.2";"11.0";"83.";"8.";"0.00";"0.00";"0.00"
"2019";"10";"23";"3";"4";"7085";"231.";"5.1";"11.0";"83.";"8.";"0.00";"0.00";"0.00"
"2019";"10";"23";"3";"5";"7086";"230.";"4.4";"11.2";"80.";"7.";"0.00";"0.00";"0.00"
"2019";"10";"23";"3";"6";"7087";"222.";"4.7";"11.3";"76.";"8.";"0.00";"0.00";"0.00"
"2019";"10";"23";"3";"7";"7088";"224.";"5.1";"11.5";"72.";"7.";"0.00";"0.00";"0.00"
"2019";"10";"23";"3";"8";"7089";"227.";"5.1";"11.6";"71.";"7.";"35.51";"46.20";"28.84"
"2019";"10";"23";"3";"9";"7090";"230.";"5.5";"11.8";"71.";"7.";"82.79";"74.12";"64.94"
"2019";"10";"23";"3";"10";"7091";"226.";"5.7";"12.0";"72.";"8.";"85.92";"0.00";"85.92"
"2019";"10";"23";"3";"11";"7092";"227.";"5.7";"12.3";"70.";"8.";"99.93";"0.00";"99.93"
"2019";"10";"23";"3";"12";"7093";"227.";"5.1";"12.7";"67.";"7.";"137.20";"93.58";"104.96"
"2019";"10";"23";"3";"13";"7094";"218.";"5.4";"12.7";"71.";"6.";"141.36";"150.37";"94.88"
"2019";"10";"23";"3";"14";"7095";"213.";"5.4";"12.2";"76.";"5.";"118.93";"217.58";"66.54"
"2019";"10";"23";"3";"15";"7096";"212.";"4.7";"11.8";"79.";"2.";"69.96";"270.06";"31.01"
"2019";"10";"23";"3";"16";"7097";"212.";"4.4";"11.0";"83.";"3.";"0.00";"0.00";"0.00"
"2019";"10";"23";"3";"17";"7098";"214.";"4.4";"10.9";"86.";"6.";"0.00";"0.00";"0.00"
"2019";"10";"23";"3";"18";"7099";"213.";"4.1";"10.9";"88.";"5.";"0.00";"0.00";"0.00"
"2019";"10";"23";"3";"19";"7100";"216.";"4.2";"11.2";"88.";"8.";"0.00";"0.00";"0.00"
"2019";"10";"23";"3";"20";"7101";"203.";"3.8";"11.3";"88.";"8.";"0.00";"0.00";"0.00"
"2019";"10";"23";"3";"21";"7102";"207.";"4.0";"11.3";"88.";"8.";"0.00";"0.00";"0.00"
"2019";"10";"23";"3";"22";"7103";"203.";"3.4";"11.1";"89.";"8.";"0.00";"0.00";"0.00"
"2019";"10";"23";"3";"23";"7104";"197.";"2.8";"10.5";"89.";"7.";"0.00";"0.00";"0.00"
"2019";"10";"24";"4";"0";"7105";"187.";"3.3";"9.9";"92.";"2.";"0.00";"0.00";"0.00"
"2019";"10";"24";"4";"1";"7106";"179.";"2.6";"10.2";"94.";"7.";"0.00";"0.00";"0.00"
"2019";"10";"24";"4";"2";"7107";"171.";"3.3";"10.5";"93.";"8.";"0.00";"0.00";"0.00"
"2019";"10";"24";"4";"3";"7108";"167.";"4.7";"10.6";"92.";"8.";"0.00";"0.00";"0.00"
"2019";"10";"24";"4";"4";"7109";"144.";"4.0";"10.4";"92.";"8.";"0.00";"0.00";"0.00"
"2019";"10";"24";"4";"5";"7110";"148.";"4.0";"10.4";"92.";"8.";"0.00";"0.00";"0.00"
"2019";"10";"24";"4";"6";"7111";"145.";"3.7";"10.5";"92.";"7.";"0.00";"0.00";"0.00"
"2019";"10";"24";"4";"7";"7112";"145.";"4.1";"10.8";"92.";"8.";"0.00";"0.00";"0.00"
"2019";"10";"24";"4";"8";"7113";"152.";"4.3";"11.7";"90.";"7.";"43.47";"26.32";"39.82"
"2019";"10";"24";"4";"9";"7114";"154.";"4.0";"13.0";"86.";"7.";"68.74";"43.50";"58.50"
"2019";"10";"24";"4";"10";"7115";"156.";"4.4";"14.3";"82.";"8.";"74.85";"0.00";"74.85"
"2019";"10";"24";"4";"11";"7116";"164.";"4.8";"15.2";"80.";"8.";"87.25";"0.00";"87.25"
"2019";"10";"24";"4";"12";"7117";"166.";"5.6";"16.2";"75.";"7.";"121.53";"67.29";"98.73"
"2019";"10";"24";"4";"13";"7118";"165.";"5.4";"16.6";"71.";"6.";"132.28";"141.35";"89.38"
"2019";"10";"24";"4";"14";"7119";"173.";"5.3";"15.8";"75.";"5.";"105.85";"176.18";"64.39"
"2019";"10";"24";"4";"15";"7120";"183.";"5.2";"13.9";"83.";"8.";"19.46";"0.00";"19.46"
"2019";"10";"24";"4";"16";"7121";"193.";"5.5";"12.7";"90.";"8.";"0.00";"0.00";"0.00"
"2019";"10";"24";"4";"17";"7122";"181.";"6.0";"12.2";"94.";"8.";"0.00";"0.00";"0.00"
"2019";"10";"24";"4";"18";"7123";"185.";"5.9";"11.8";"94.";"7.";"0.00";"0.00";"0.00"
"2019";"10";"24";"4";"19";"7124";"187.";"7.1";"11.7";"94.";"8.";"0.00";"0.00";"0.00"
"2019";"10";"24";"4";"20";"7125";"179.";"6.8";"11.6";"95.";"8.";"0.00";"0.00";"0.00"
"2019";"10";"24";"4";"21";"7126";"185.";"6.8";"11.7";"94.";"8.";"0.00";"0.00";"0.00"
"2019";"10";"24";"4";"22";"7127";"179.";"5.6";"11.8";"95.";"7.";"0.00";"0.00";"0.00"
"2019";"10";"24";"4";"23";"7128";"183.";"6.1";"12.0";"96.";"8.";"0.00";"0.00";"0.00"
"2019";"10";"25";"5";"0";"7129";"182.";"6.1";"12.4";"96.";"8.";"0.00";"0.00";"0.00"
"2019";"10";"25";"5";"1";"7130";"183.";"5.9";"12.7";"95.";"8.";"0.00";"0.00";"0.00"
"2019";"10";"25";"5";"2";"7131";"176.";"5.4";"12.8";"95.";"8.";"0.00";"0.00";"0.00"
"2019";"10";"25";"5";"3";"7132";"189.";"7.9";"13.0";"92.";"8.";"0.00";"0.00";"0.00"
"2019";"10";"25";"5";"4";"7133";"215.";"9.6";"13.4";"89.";"8.";"0.00";"0.00";"0.00"
"2019";"10";"25";"5";"5";"7134";"237.";"7.7";"12.2";"84.";"8.";"0.00";"0.00";"0.00"
"2019";"10";"25";"5";"6";"7135";"235.";"6.7";"11.2";"88.";"8.";"0.00";"0.00";"0.00"
"2019";"10";"25";"5";"7";"7136";"234.";"7.0";"11.3";"86.";"8.";"0.00";"0.00";"0.00"
"2019";"10";"25";"5";"8";"7137";"235.";"6.5";"11.5";"85.";"7.";"27.80";"39.58";"22.52"
"2019";"10";"25";"5";"9";"7138";"229.";"6.8";"11.9";"81.";"4.";"126.12";"281.89";"61.34"
"2019";"10";"25";"5";"10";"7139";"231.";"6.8";"12.5";"80.";"5.";"159.50";"238.82";"88.34"
"2019";"10";"25";"5";"11";"7140";"230.";"5.8";"12.9";"76.";"7.";"126.89";"82.45";"99.42"
"2019";"10";"25";"5";"12";"7141";"234.";"6.3";"11.9";"82.";"7.";"123.04";"71.23";"99.30"
"2019";"10";"25";"5";"13";"7142";"261.";"6.7";"11.6";"79.";"7.";"112.21";"88.45";"85.85"
"2019";"10";"25";"5";"14";"7143";"256.";"6.0";"11.4";"79.";"6.";"94.43";"143.81";"61.38"
"2019";"10";"25";"5";"15";"7144";"255.";"6.5";"10.1";"78.";"8.";"13.19";"0.00";"13.19"
"2019";"10";"25";"5";"16";"7145";"258.";"5.3";"10.0";"75.";"6.";"0.00";"0.00";"0.00"
"2019";"10";"25";"5";"17";"7146";"249.";"5.2";"9.9";"70.";"6.";"0.00";"0.00";"0.00"
"2019";"10";"25";"5";"18";"7147";"249.";"4.5";"9.8";"67.";"5.";"0.00";"0.00";"0.00"
"2019";"10";"25";"5";"19";"7148";"238.";"4.4";"9.8";"70.";"6.";"0.00";"0.00";"0.00"
"2019";"10";"25";"5";"20";"7149";"230.";"4.3";"9.9";"69.";"8.";"0.00";"0.00";"0.00"
"2019";"10";"25";"5";"21";"7150";"208.";"3.5";"9.9";"70.";"8.";"0.00";"0.00";"0.00"
"2019";"10";"25";"5";"22";"7151";"177.";"3.9";"9.7";"75.";"8.";"0.00";"0.00";"0.00"
"2019";"10";"25";"5";"23";"7152";"136.";"2.8";"8.6";"87.";"8.";"0.00";"0.00";"0.00"
"2019";"10";"26";"6";"0";"7153";"128.";"3.8";"8.4";"94.";"8.";"0.00";"0.00";"0.00"
"2019";"10";"26";"6";"1";"7154";"161.";"7.2";"10.5";"95.";"8.";"0.00";"0.00";"0.00"
"2019";"10";"26";"6";"2";"7155";"197.";"11.2";"11.8";"93.";"8.";"0.00";"0.00";"0.00"
"2019";"10";"26";"6";"3";"7156";"203.";"11.4";"12.3";"93.";"8.";"0.00";"0.00";"0.00"
"2019";"10";"26";"6";"4";"7157";"209.";"10.8";"12.5";"93.";"8.";"0.00";"0.00";"0.00"
"2019";"10";"26";"6";"5";"7158";"215.";"9.8";"12.8";"94.";"8.";"0.00";"0.00";"0.00"
"2019";"10";"26";"6";"6";"7159";"224.";"8.1";"13.1";"94.";"8.";"0.00";"0.00";"0.00"
"2019";"10";"26";"6";"7";"7160";"236.";"6.3";"12.9";"93.";"7.";"0.00";"0.00";"0.00"
"2019";"10";"26";"6";"8";"7161";"276.";"5.0";"10.9";"90.";"8.";"18.08";"0.00";"18.08"
"2019";"10";"26";"6";"9";"7162";"290.";"3.7";"9.8";"87.";"8.";"57.07";"0.00";"57.07"
"2019";"10";"26";"6";"10";"7163";"280.";"4.1";"9.3";"86.";"7.";"109.58";"84.93";"84.75"
"2019";"10";"26";"6";"11";"7164";"284.";"3.9";"8.9";"86.";"7.";"128.97";"92.76";"98.58"
"2019";"10";"26";"6";"12";"7165";"288.";"3.5";"8.4";"87.";"8.";"55.31";"0.00";"55.31"
"2019";"10";"26";"6";"13";"7166";"294.";"1.8";"8.3";"89.";"8.";"47.92";"0.00";"47.92"
"2019";"10";"26";"6";"14";"7167";"282.";"1.7";"8.3";"92.";"8.";"30.26";"0.00";"30.26"
"2019";"10";"26";"6";"15";"7168";"299.";"1.4";"8.0";"93.";"8.";"11.54";"0.00";"11.54"
"2019";"10";"26";"6";"16";"7169";"296.";"0.9";"8.0";"93.";"8.";"0.00";"0.00";"0.00"
"2019";"10";"26";"6";"17";"7170";"233.";"0.2";"7.8";"94.";"8.";"0.00";"0.00";"0.00"
"2019";"10";"26";"6";"18";"7171";"117.";"0.5";"7.6";"94.";"8.";"0.00";"0.00";"0.00"
"2019";"10";"26";"6";"19";"7172";"152.";"0.5";"7.4";"94.";"8.";"0.00";"0.00";"0.00"
"2019";"10";"26";"6";"20";"7173";"111.";"1.8";"7.2";"94.";"8.";"0.00";"0.00";"0.00"
"2019";"10";"26";"6";"21";"7174";"70.";"1.2";"7.2";"94.";"8.";"0.00";"0.00";"0.00"
"2019";"10";"26";"6";"22";"7175";"56.";"1.7";"6.8";"93.";"8.";"0.00";"0.00";"0.00"
"2019";"10";"26";"6";"23";"7176";"48.";"1.9";"6.8";"93.";"8.";"0.00";"0.00";"0.00"
"2019";"10";"27";"7";"0";"7177";"38.";"1.9";"6.8";"94.";"8.";"0.00";"0.00";"0.00"
"2019";"10";"27";"7";"1";"7178";"22.";"2.2";"6.7";"95.";"8.";"0.00";"0.00";"0.00"
"2019";"10";"27";"7";"2";"7179";"356.";"1.6";"6.6";"95.";"8.";"0.00";"0.00";"0.00"
"2019";"10";"27";"7";"3";"7180";"323.";"1.1";"6.4";"94.";"8.";"0.00";"0.00";"0.00"
"2019";"10";"27";"7";"4";"7181";"249.";"1.6";"6.5";"94.";"8.";"0.00";"0.00";"0.00"
"2019";"10";"27";"7";"5";"7182";"252.";"2.9";"7.0";"94.";"8.";"0.00";"0.00";"0.00"
"2019";"10";"27";"7";"6";"7183";"275.";"6.5";"7.5";"87.";"7.";"0.00";"0.00";"0.00"
"2019";"10";"27";"7";"7";"7184";"291.";"6.6";"7.4";"82.";"7.";"0.00";"0.00";"0.00"
"2019";"10";"27";"7";"8";"7185";"294.";"6.7";"7.7";"78.";"4.";"40.25";"153.91";"21.33"
"2019";"10";"27";"7";"9";"7186";"300.";"5.6";"8.8";"76.";"4.";"128.33";"311.93";"60.01"
"2019";"10";"27";"7";"10";"7187";"287.";"5.8";"9.6";"70.";"8.";"84.52";"0.00";"84.52"
"2019";"10";"27";"7";"11";"7188";"279.";"5.6";"10.4";"67.";"2.";"273.02";"584.28";"84.81"
"2019";"10";"27";"7";"12";"7189";"264.";"5.7";"9.8";"70.";"5.";"188.39";"288.54";"95.45"
"2019";"10";"27";"7";"13";"7190";"257.";"4.1";"8.6";"80.";"6.";"94.33";"116.24";"60.97"
"2019";"10";"27";"7";"14";"7191";"267.";"2.5";"9.0";"84.";"8.";"31.01";"0.00";"31.01"
"2019";"10";"27";"7";"15";"7192";"273.";"2.3";"8.6";"85.";"7.";"16.39";"21.20";"13.78"
"2019";"10";"27";"7";"16";"7193";"281.";"2.2";"8.0";"88.";"8.";"0.00";"0.00";"0.00"
"2019";"10";"27";"7";"17";"7194";"242.";"1.3";"7.3";"90.";"6.";"0.00";"0.00";"0.00"
"2019";"10";"27";"7";"18";"7195";"255.";"2.1";"7.3";"91.";"6.";"0.00";"0.00";"0.00"
"2019";"10";"27";"7";"19";"7196";"213.";"2.9";"7.2";"91.";"6.";"0.00";"0.00";"0.00"
"2019";"10";"27";"7";"20";"7197";"206.";"1.0";"6.9";"92.";"8.";"0.00";"0.00";"0.00"
"2019";"10";"27";"7";"21";"7198";"127.";"1.9";"6.5";"93.";"8.";"0.00";"0.00";"0.00"
"2019";"10";"27";"7";"22";"7199";"111.";"1.6";"6.4";"94.";"7.";"0.00";"0.00";"0.00"
"2019";"10";"27";"7";"23";"7200";"44.";"1.8";"6.1";"94.";"7.";"0.00";"0.00";"0.00"
"2019";"10";"28";"1";"0";"7201";"20.";"3.0";"6.0";"96.";"8.";"0.00";"0.00";"0.00"
"2019";"10";"28";"1";"1";"7202";"15.";"3.0";"5.2";"96.";"8.";"0.00";"0.00";"0.00"
"2019";"10";"28";"1";"2";"7203";"17.";"2.3";"4.5";"96.";"2.";"0.00";"0.00";"0.00"
"2019";"10";"28";"1";"3";"7204";"21.";"1.8";"3.9";"96.";"3.";"0.00";"0.00";"0.00"
"2019";"10";"28";"1";"4";"7205";"6.";"1.7";"3.0";"96.";"2.";"0.00";"0.00";"0.00"
"2019";"10";"28";"1";"5";"7206";"22.";"1.6";"2.7";"97.";"7.";"0.00";"0.00";"0.00"
"2019";"10";"28";"1";"6";"7207";"30.";"1.6";"1.8";"98.";"8.";"0.00";"0.00";"0.00"
"2019";"10";"28";"1";"7";"7208";"35.";"1.4";"1.3";"98.";"8.";"0.00";"0.00";"0.00"
"2019";"10";"28";"1";"8";"7209";"49.";"1.3";"2.1";"98.";"8.";"21.20";"0.00";"21.20"
"2019";"10";"28";"1";"9";"7210";"57.";"1.1";"3.7";"95.";"8.";"56.44";"0.00";"56.44"
"2019";"10";"28";"1";"10";"7211";"58.";"1.1";"5.4";"89.";"4.";"181.93";"366.41";"78.76"
"2019";"10";"28";"1";"11";"7212";"38.";"0.8";"7.1";"80.";"7.";"126.63";"96.32";"96.13"
"2019";"10";"28";"1";"12";"7213";"357.";"0.9";"8.0";"73.";"5.";"185.57";"287.72";"94.46"
"2019";"10";"28";"1";"13";"7214";"12.";"1.4";"7.6";"68.";"6.";"193.16";"185.48";"140.94"
"2019";"10";"28";"1";"14";"7215";"18.";"1.7";"6.9";"71.";"8.";"114.86";"0.00";"114.86"
"2019";"10";"28";"1";"15";"7216";"24.";"1.7";"6.3";"73.";"8.";"44.07";"0.00";"44.07"
"2019";"10";"28";"1";"16";"7217";"33.";"1.5";"5.3";"76.";"8.";"0.00";"0.00";"0.00"
"2019";"10";"28";"1";"17";"7218";"33.";"1.5";"4.8";"79.";"6.";"0.00";"0.00";"0.00"
"2019";"10";"28";"1";"18";"7219";"36.";"1.3";"3.4";"84.";"2.";"0.00";"0.00";"0.00"
"2019";"10";"28";"1";"19";"7220";"37.";"1.0";"2.1";"87.";"2.";"0.00";"0.00";"0.00"
"2019";"10";"28";"1";"20";"7221";"23.";"1.0";"1.1";"89.";"2.";"0.00";"0.00";"0.00"
"2019";"10";"28";"1";"21";"7222";"7.";"1.0";"0.7";"90.";"1.";"0.00";"0.00";"0.00"
"2019";"10";"28";"1";"22";"7223";"16.";"1.0";"0.0";"91.";"0.";"0.00";"0.00";"0.00"
"2019";"10";"28";"1";"23";"7224";"359.";"0.8";"-0.2";"91.";"0.";"0.00";"0.00";"0.00"
"2019";"10";"29";"2";"0";"7225";"1.";"0.8";"-0.2";"91.";"0.";"0.00";"0.00";"0.00"
"2019";"10";"29";"2";"1";"7226";"329.";"0.9";"-0.5";"91.";"0.";"0.00";"0.00";"0.00"
"2019";"10";"29";"2";"2";"7227";"351.";"0.9";"-0.9";"91.";"0.";"0.00";"0.00";"0.00"
"2019";"10";"29";"2";"3";"7228";"14.";"1.7";"-1.0";"91.";"0.";"0.00";"0.00";"0.00"
"2019";"10";"29";"2";"4";"7229";"19.";"1.7";"-0.6";"90.";"0.";"0.00";"0.00";"0.00"
"2019";"10";"29";"2";"5";"7230";"20.";"2.0";"-1.1";"90.";"0.";"0.00";"0.00";"0.00"
"2019";"10";"29";"2";"6";"7231";"16.";"1.9";"-0.7";"90.";"0.";"0.00";"0.00";"0.00"
"2019";"10";"29";"2";"7";"7232";"21.";"1.9";"-0.4";"89.";"0.";"0.00";"0.00";"0.00"
"2019";"10";"29";"2";"8";"7233";"27.";"2.0";"0.6";"88.";"0.";"71.08";"400.31";"25.99"
"2019";"10";"29";"2";"9";"7234";"16.";"2.1";"2.7";"84.";"0.";"176.36";"598.87";"51.53"
"2019";"10";"29";"2";"10";"7235";"12.";"2.1";"4.7";"76.";"0.";"258.34";"682.01";"69.96"
"2019";"10";"29";"2";"11";"7236";"9.";"2.2";"5.9";"68.";"0.";"314.10";"786.54";"69.27"
"2019";"10";"29";"2";"12";"7237";"357.";"1.9";"6.9";"62.";"0.";"314.62";"787.83";"69.39"
"2019";"10";"29";"2";"13";"7238";"338.";"2.0";"7.3";"56.";"0.";"264.06";"731.74";"61.95"
"2019";"10";"29";"2";"14";"7239";"323.";"2.3";"7.1";"55.";"0.";"180.88";"643.85";"46.66"
"2019";"10";"29";"2";"15";"7240";"308.";"1.9";"6.0";"60.";"0.";"71.07";"400.28";"25.99"
"2019";"10";"29";"2";"16";"7241";"306.";"1.7";"5.5";"64.";"1.";"0.00";"0.00";"0.00"
"2019";"10";"29";"2";"17";"7242";"313.";"1.7";"3.6";"75.";"0.";"0.00";"0.00";"0.00"
"2019";"10";"29";"2";"18";"7243";"319.";"1.0";"3.0";"78.";"2.";"0.00";"0.00";"0.00"
"2019";"10";"29";"2";"19";"7244";"292.";"1.1";"2.1";"81.";"0.";"0.00";"0.00";"0.00"
"2019";"10";"29";"2";"20";"7245";"295.";"0.4";"1.5";"84.";"0.";"0.00";"0.00";"0.00"
"2019";"10";"29";"2";"21";"7246";"265.";"0.4";"-0.3";"88.";"0.";"0.00";"0.00";"0.00"
"2019";"10";"29";"2";"22";"7247";"244.";"0.4";"-0.3";"89.";"0.";"0.00";"0.00";"0.00"
"2019";"10";"29";"2";"23";"7248";"195.";"0.4";"-0.9";"91.";"0.";"0.00";"0.00";"0.00"
"2019";"10";"30";"3";"0";"7249";"166.";"0.6";"-1.0";"90.";"0.";"0.00";"0.00";"0.00"
"2019";"10";"30";"3";"1";"7250";"129.";"1.4";"-0.9";"90.";"0.";"0.00";"0.00";"0.00"
"2019";"10";"30";"3";"2";"7251";"127.";"2.3";"-1.0";"90.";"3.";"0.00";"0.00";"0.00"
"2019";"10";"30";"3";"3";"7252";"162.";"1.2";"-1.3";"90.";"4.";"0.00";"0.00";"0.00"
"2019";"10";"30";"3";"4";"7253";"222.";"1.4";"-1.1";"90.";"2.";"0.00";"0.00";"0.00"
"2019";"10";"30";"3";"5";"7254";"237.";"2.3";"0.0";"89.";"1.";"0.00";"0.00";"0.00"
"2019";"10";"30";"3";"6";"7255";"242.";"2.2";"-0.6";"89.";"5.";"0.00";"0.00";"0.00"
"2019";"10";"30";"3";"7";"7256";"248.";"3.3";"2.1";"87.";"6.";"0.00";"0.00";"0.00"
"2019";"10";"30";"3";"8";"7257";"248.";"3.9";"4.9";"82.";"8.";"17.59";"0.00";"17.59"
"2019";"10";"30";"3";"9";"7258";"245.";"4.3";"6.6";"76.";"8.";"52.59";"0.00";"52.59"
"2019";"10";"30";"3";"10";"7259";"245.";"5.1";"7.6";"70.";"8.";"79.42";"0.00";"79.42"
"2019";"10";"30";"3";"11";"7260";"243.";"5.7";"8.3";"62.";"6.";"155.55";"194.09";"96.17"
"2019";"10";"30";"3";"12";"7261";"246.";"5.7";"8.5";"66.";"7.";"121.71";"93.78";"93.02"
"2019";"10";"30";"3";"13";"7262";"246.";"5.2";"8.5";"72.";"8.";"158.39";"0.00";"158.39"
"2019";"10";"30";"3";"14";"7263";"246.";"4.2";"8.5";"76.";"8.";"51.35";"0.00";"51.35"
"2019";"10";"30";"3";"15";"7264";"243.";"4.6";"8.4";"77.";"7.";"21.95";"38.87";"17.76"
"2019";"10";"30";"3";"16";"7265";"256.";"3.1";"8.1";"71.";"8.";"0.00";"0.00";"0.00"
"2019";"10";"30";"3";"17";"7266";"271.";"2.9";"7.3";"71.";"3.";"0.00";"0.00";"0.00"
"2019";"10";"30";"3";"18";"7267";"277.";"2.6";"6.4";"73.";"5.";"0.00";"0.00";"0.00"
"2019";"10";"30";"3";"19";"7268";"279.";"1.8";"5.3";"78.";"8.";"0.00";"0.00";"0.00"
"2019";"10";"30";"3";"20";"7269";"275.";"1.6";"4.0";"82.";"8.";"0.00";"0.00";"0.00"
"2019";"10";"30";"3";"21";"7270";"275.";"1.3";"2.9";"82.";"8.";"0.00";"0.00";"0.00"
"2019";"10";"30";"3";"22";"7271";"264.";"1.4";"2.2";"83.";"8.";"0.00";"0.00";"0.00"
"2019";"10";"30";"3";"23";"7272";"265.";"1.8";"2.3";"85.";"5.";"0.00";"0.00";"0.00"
"2019";"10";"31";"4";"0";"7273";"268.";"2.3";"3.1";"86.";"8.";"0.00";"0.00";"0.00"
"2019";"10";"31";"4";"1";"7274";"265.";"2.2";"2.7";"86.";"8.";"0.00";"0.00";"0.00"
"2019";"10";"31";"4";"2";"7275";"265.";"2.3";"3.4";"87.";"7.";"0.00";"0.00";"0.00"
"2019";"10";"31";"4";"3";"7276";"269.";"1.9";"3.6";"87.";"4.";"0.00";"0.00";"0.00"
"2019";"10";"31";"4";"4";"7277";"265.";"1.8";"2.5";"88.";"4.";"0.00";"0.00";"0.00"
"2019";"10";"31";"4";"5";"7278";"267.";"2.0";"1.9";"88.";"5.";"0.00";"0.00";"0.00"
"2019";"10";"31";"4";"6";"7279";"265.";"2.2";"2.3";"89.";"7.";"0.00";"0.00";"0.00"
"2019";"10";"31";"4";"7";"7280";"258.";"1.5";"2.1";"89.";"4.";"0.00";"0.00";"0.00"
"2019";"10";"31";"4";"8";"7281";"265.";"1.9";"3.0";"88.";"8.";"17.11";"0.00";"17.11"
"2019";"10";"31";"4";"9";"7282";"273.";"2.0";"5.2";"85.";"4.";"110.74";"296.25";"52.05"
"2019";"10";"31";"4";"10";"7283";"283.";"3.1";"8.7";"77.";"2.";"200.27";"458.66";"78.42"
"2019";"10";"31";"4";"11";"7284";"286.";"4.3";"10.9";"66.";"1.";"262.08";"613.38";"77.66"
"2019";"10";"31";"4";"12";"7285";"290.";"3.9";"11.4";"63.";"0.";"284.72";"727.09";"66.12"
"2019";"10";"31";"4";"13";"7286";"288.";"3.9";"11.0";"63.";"0.";"240.41";"671.51";"62.00"
"2019";"10";"31";"4";"14";"7287";"279.";"5.0";"10.2";"67.";"2.";"133.13";"418.13";"50.29"
"2019";"10";"31";"4";"15";"7288";"269.";"3.8";"9.2";"73.";"3.";"36.97";"180.36";"18.47"
"2019";"10";"31";"4";"16";"7289";"264.";"3.0";"8.6";"76.";"3.";"0.00";"0.00";"0.00"
"2019";"10";"31";"4";"17";"7290";"253.";"2.3";"8.2";"79.";"3.";"0.00";"0.00";"0.00"
"2019";"10";"31";"4";"18";"7291";"250.";"2.1";"7.6";"80.";"5.";"0.00";"0.00";"0.00"
"2019";"10";"31";"4";"19";"7292";"247.";"2.0";"8.0";"79.";"6.";"0.00";"0.00";"0.00"
"2019";"10";"31";"4";"20";"7293";"239.";"2.3";"7.9";"78.";"8.";"0.00";"0.00";"0.00"
"2019";"10";"31";"4";"21";"7294";"246.";"3.1";"8.3";"74.";"8.";"0.00";"0.00";"0.00"
"2019";"10";"31";"4";"22";"7295";"243.";"2.9";"8.6";"72.";"8.";"0.00";"0.00";"0.00"
"2019";"10";"31";"4";"23";"7296";"245.";"3.2";"8.4";"72.";"8.";"0.00";"0.00";"0.00"
"2019";"11";"1";"5";"0";"7297";"249.";"3.6";"8.3";"69.";"8.";"0.00";"0.00";"0.00"
"2019";"11";"1";"5";"1";"7298";"249.";"3.6";"8.3";"68.";"8.";"0.00";"0.00";"0.00"
"2019";"11";"1";"5";"2";"7299";"248.";"3.5";"8.1";"68.";"8.";"0.00";"0.00";"0.00"
"2019";"11";"1";"5";"3";"7300";"239.";"3.4";"8.0";"63.";"8.";"0.00";"0.00";"0.00"
"2019";"11";"1";"5";"4";"7301";"239.";"3.5";"8.0";"65.";"8.";"0.00";"0.00";"0.00"
"2019";"11";"1";"5";"5";"7302";"229.";"3.0";"8.1";"65.";"8.";"0.00";"0.00";"0.00"
"2019";"11";"1";"5";"6";"7303";"222.";"2.8";"8.0";"63.";"8.";"0.00";"0.00";"0.00"
"2019";"11";"1";"5";"7";"7304";"211.";"2.9";"7.8";"60.";"7.";"0.00";"0.00";"0.00"
"2019";"11";"1";"5";"8";"7305";"198.";"2.9";"7.8";"63.";"8.";"36.37";"0.00";"36.37"
"2019";"11";"1";"5";"9";"7306";"195.";"3.6";"8.3";"64.";"6.";"124.42";"159.59";"93.61"
"2019";"11";"1";"5";"10";"7307";"184.";"4.3";"8.6";"65.";"7.";"174.13";"94.09";"149.62"
"2019";"11";"1";"5";"11";"7308";"185.";"4.9";"8.4";"65.";"7.";"197.43";"90.48";"170.70"
"2019";"11";"1";"5";"12";"7309";"169.";"5.1";"8.2";"63.";"6.";"216.11";"194.64";"158.60"
"2019";"11";"1";"5";"13";"7310";"163.";"4.5";"7.9";"65.";"5.";"151.89";"268.73";"81.88"
"2019";"11";"1";"5";"14";"7311";"154.";"3.7";"7.5";"66.";"6.";"85.97";"158.78";"55.32"
"2019";"11";"1";"5";"15";"7312";"132.";"3.0";"6.7";"67.";"5.";"44.68";"137.10";"31.29"
"2019";"11";"1";"5";"16";"7313";"118.";"3.3";"6.0";"71.";"8.";"0.00";"0.00";"0.00"
"2019";"11";"1";"5";"17";"7314";"114.";"3.7";"5.6";"74.";"8.";"0.00";"0.00";"0.00"
"2019";"11";"1";"5";"18";"7315";"119.";"3.8";"5.3";"76.";"5.";"0.00";"0.00";"0.00"
"2019";"11";"1";"5";"19";"7316";"125.";"3.9";"4.7";"76.";"5.";"0.00";"0.00";"0.00"
"2019";"11";"1";"5";"20";"7317";"123.";"4.2";"4.5";"74.";"7.";"0.00";"0.00";"0.00"
"2019";"11";"1";"5";"21";"7318";"122.";"4.1";"4.5";"75.";"8.";"0.00";"0.00";"0.00"
"2019";"11";"1";"5";"22";"7319";"113.";"3.6";"4.7";"75.";"8.";"0.00";"0.00";"0.00"
"2019";"11";"1";"5";"23";"7320";"109.";"3.4";"4.5";"77.";"8.";"0.00";"0.00";"0.00"
"2019";"11";"2";"6";"0";"7321";"108.";"3.4";"4.4";"79.";"7.";"0.00";"0.00";"0.00"
"2019";"11";"2";"6";"1";"7322";"106.";"3.0";"4.4";"81.";"8.";"0.00";"0.00";"0.00"
"2019";"11";"2";"6";"2";"7323";"101.";"2.8";"4.4";"82.";"8.";"0.00";"0.00";"0.00"
"2019";"11";"2";"6";"3";"7324";"96.";"2.8";"4.5";"84.";"8.";"0.00";"0.00";"0.00"
"2019";"11";"2";"6";"4";"7325";"97.";"2.8";"4.5";"85.";"8.";"0.00";"0.00";"0.00"
"2019";"11";"2";"6";"5";"7326";"90.";"2.5";"4.5";"86.";"7.";"0.00";"0.00";"0.00"
"2019";"11";"2";"6";"6";"7327";"84.";"2.3";"4.3";"88.";"8.";"0.00";"0.00";"0.00"
"2019";"11";"2";"6";"7";"7328";"79.";"2.2";"4.4";"89.";"8.";"0.00";"0.00";"0.00"
"2019";"11";"2";"6";"8";"7329";"80.";"2.2";"4.7";"88.";"8.";"13.96";"0.00";"13.96"
"2019";"11";"2";"6";"9";"7330";"74.";"2.3";"5.2";"88.";"8.";"45.91";"0.00";"45.91"
"2019";"11";"2";"6";"10";"7331";"66.";"2.8";"5.5";"87.";"7.";"95.64";"70.89";"77.54"
"2019";"11";"2";"6";"11";"7332";"65.";"2.5";"5.8";"86.";"8.";"84.53";"0.00";"84.53"
"2019";"11";"2";"6";"12";"7333";"70.";"2.6";"6.0";"85.";"8.";"85.87";"0.00";"85.87"
"2019";"11";"2";"6";"13";"7334";"76.";"3.0";"6.4";"82.";"8.";"73.67";"0.00";"73.67"
"2019";"11";"2";"6";"14";"7335";"80.";"3.0";"6.3";"82.";"8.";"47.89";"0.00";"47.89"
"2019";"11";"2";"6";"15";"7336";"73.";"3.4";"6.1";"83.";"8.";"14.23";"0.00";"14.23"
"2019";"11";"2";"6";"16";"7337";"75.";"3.5";"6.0";"83.";"8.";"0.00";"0.00";"0.00"
"2019";"11";"2";"6";"17";"7338";"68.";"4.1";"6.0";"83.";"7.";"0.00";"0.00";"0.00"
"2019";"11";"2";"6";"18";"7339";"66.";"3.8";"6.0";"84.";"8.";"0.00";"0.00";"0.00"
"2019";"11";"2";"6";"19";"7340";"72.";"3.6";"5.8";"87.";"8.";"0.00";"0.00";"0.00"
"2019";"11";"2";"6";"20";"7341";"72.";"3.9";"5.5";"90.";"8.";"0.00";"0.00";"0.00"
"2019";"11";"2";"6";"21";"7342";"74.";"3.7";"5.4";"92.";"8.";"0.00";"0.00";"0.00"
"2019";"11";"2";"6";"22";"7343";"74.";"3.6";"5.4";"92.";"8.";"0.00";"0.00";"0.00"
"2019";"11";"2";"6";"23";"7344";"76.";"3.8";"5.4";"93.";"8.";"0.00";"0.00";"0.00"
"2019";"11";"3";"7";"0";"7345";"72.";"3.9";"5.4";"94.";"8.";"0.00";"0.00";"0.00"
"2019";"11";"3";"7";"1";"7346";"73.";"3.6";"5.5";"93.";"7.";"0.00";"0.00";"0.00"
"2019";"11";"3";"7";"2";"7347";"78.";"3.8";"5.6";"94.";"7.";"0.00";"0.00";"0.00"
"2019";"11";"3";"7";"3";"7348";"72.";"3.9";"5.8";"93.";"8.";"0.00";"0.00";"0.00"
"2019";"11";"3";"7";"4";"7349";"74.";"3.6";"5.9";"93.";"8.";"0.00";"0.00";"0.00"
"2019";"11";"3";"7";"5";"7350";"74.";"3.4";"6.0";"94.";"8.";"0.00";"0.00";"0.00"
"2019";"11";"3";"7";"6";"7351";"76.";"3.2";"6.1";"94.";"8.";"0.00";"0.00";"0.00"
"2019";"11";"3";"7";"7";"7352";"72.";"3.7";"6.2";"94.";"8.";"0.00";"0.00";"0.00"
"2019";"11";"3";"7";"8";"7353";"72.";"3.9";"6.4";"93.";"8.";"11.30";"0.00";"11.30"
"2019";"11";"3";"7";"9";"7354";"74.";"4.0";"6.6";"93.";"8.";"44.94";"0.00";"44.94"
"2019";"11";"3";"7";"10";"7355";"68.";"4.6";"6.8";"92.";"8.";"71.77";"0.00";"71.77"
"2019";"11";"3";"7";"11";"7356";"70.";"4.8";"7.0";"92.";"8.";"84.68";"0.00";"84.68"
"2019";"11";"3";"7";"12";"7357";"65.";"4.8";"6.8";"92.";"8.";"84.65";"0.00";"84.65"
"2019";"11";"3";"7";"13";"7358";"70.";"4.8";"6.7";"92.";"8.";"39.56";"0.00";"39.56"
"2019";"11";"3";"7";"14";"7359";"70.";"4.7";"6.2";"93.";"8.";"24.26";"0.00";"24.26"
"2019";"11";"3";"7";"15";"7360";"68.";"4.8";"5.8";"93.";"8.";"6.46";"0.00";"6.46"
"2019";"11";"3";"7";"16";"7361";"65.";"4.7";"5.4";"93.";"8.";"0.00";"0.00";"0.00"
"2019";"11";"3";"7";"17";"7362";"67.";"5.1";"5.0";"93.";"8.";"0.00";"0.00";"0.00"
"2019";"11";"3";"7";"18";"7363";"69.";"5.2";"4.8";"93.";"8.";"0.00";"0.00";"0.00"
"2019";"11";"3";"7";"19";"7364";"71.";"5.1";"4.7";"93.";"8.";"0.00";"0.00";"0.00"
"2019";"11";"3";"7";"20";"7365";"66.";"5.3";"4.7";"92.";"8.";"0.00";"0.00";"0.00"
"2019";"11";"3";"7";"21";"7366";"68.";"5.7";"4.5";"91.";"8.";"0.00";"0.00";"0.00"
"2019";"11";"3";"7";"22";"7367";"68.";"5.4";"4.3";"90.";"8.";"0.00";"0.00";"0.00"
"2019";"11";"3";"7";"23";"7368";"67.";"5.4";"4.1";"90.";"8.";"0.00";"0.00";"0.00"
"2019";"11";"4";"1";"0";"7369";"65.";"5.2";"3.8";"91.";"8.";"0.00";"0.00";"0.00"
"2019";"11";"4";"1";"1";"7370";"66.";"5.5";"3.8";"90.";"8.";"0.00";"0.00";"0.00"
"2019";"11";"4";"1";"2";"7371";"67.";"5.0";"3.8";"91.";"8.";"0.00";"0.00";"0.00"
"2019";"11";"4";"1";"3";"7372";"66.";"5.3";"3.6";"92.";"7.";"0.00";"0.00";"0.00"
"2019";"11";"4";"1";"4";"7373";"68.";"5.6";"3.5";"92.";"8.";"0.00";"0.00";"0.00"
"2019";"11";"4";"1";"5";"7374";"70.";"6.3";"3.7";"92.";"7.";"0.00";"0.00";"0.00"
"2019";"11";"4";"1";"6";"7375";"67.";"5.9";"3.8";"91.";"8.";"0.00";"0.00";"0.00"
"2019";"11";"4";"1";"7";"7376";"69.";"5.8";"3.8";"89.";"8.";"0.00";"0.00";"0.00"
"2019";"11";"4";"1";"8";"7377";"73.";"6.4";"3.8";"88.";"7.";"16.90";"36.04";"13.90"
"2019";"11";"4";"1";"9";"7378";"69.";"5.7";"3.9";"86.";"8.";"47.19";"0.00";"47.19"
"2019";"11";"4";"1";"10";"7379";"68.";"5.7";"4.3";"84.";"7.";"98.93";"91.85";"76.39"
"2019";"11";"4";"1";"11";"7380";"63.";"5.5";"4.8";"82.";"7.";"117.62";"97.82";"90.21"
"2019";"11";"4";"1";"12";"7381";"55.";"5.0";"4.7";"82.";"8.";"88.06";"0.00";"88.06"
"2019";"11";"4";"1";"13";"7382";"54.";"4.9";"4.6";"83.";"8.";"73.95";"0.00";"73.95"
"2019";"11";"4";"1";"14";"7383";"58.";"5.3";"4.5";"82.";"7.";"63.13";"75.93";"49.60"
"2019";"11";"4";"1";"15";"7384";"58.";"5.6";"4.1";"81.";"7.";"17.65";"37.64";"14.52"
"2019";"11";"4";"1";"16";"7385";"57.";"4.9";"3.8";"81.";"8.";"0.00";"0.00";"0.00"
"2019";"11";"4";"1";"17";"7386";"65.";"5.6";"3.7";"79.";"8.";"0.00";"0.00";"0.00"
"2019";"11";"4";"1";"18";"7387";"63.";"6.1";"3.4";"76.";"8.";"0.00";"0.00";"0.00"
"2019";"11";"4";"1";"19";"7388";"62.";"6.2";"3.2";"74.";"8.";"0.00";"0.00";"0.00"
"2019";"11";"4";"1";"20";"7389";"61.";"6.0";"2.9";"75.";"4.";"0.00";"0.00";"0.00"
"2019";"11";"4";"1";"21";"7390";"57.";"5.4";"2.3";"76.";"5.";"0.00";"0.00";"0.00"
"2019";"11";"4";"1";"22";"7391";"50.";"4.6";"1.6";"77.";"4.";"0.00";"0.00";"0.00"
"2019";"11";"4";"1";"23";"7392";"45.";"4.4";"0.9";"79.";"4.";"0.00";"0.00";"0.00"
"2019";"11";"5";"2";"0";"7393";"42.";"4.3";"0.5";"81.";"4.";"0.00";"0.00";"0.00"
"2019";"11";"5";"2";"1";"7394";"43.";"4.5";"0.5";"83.";"6.";"0.00";"0.00";"0.00"
"2019";"11";"5";"2";"2";"7395";"37.";"4.1";"0.5";"84.";"4.";"0.00";"0.00";"0.00"
"2019";"11";"5";"2";"3";"7396";"37.";"4.0";"0.1";"84.";"6.";"0.00";"0.00";"0.00"
"2019";"11";"5";"2";"4";"7397";"42.";"4.1";"0.2";"82.";"8.";"0.00";"0.00";"0.00"
"2019";"11";"5";"2";"5";"7398";"47.";"4.1";"0.2";"82.";"8.";"0.00";"0.00";"0.00"
"2019";"11";"5";"2";"6";"7399";"51.";"4.7";"0.2";"81.";"8.";"0.00";"0.00";"0.00"
"2019";"11";"5";"2";"7";"7400";"55.";"4.9";"0.2";"80.";"5.";"0.00";"0.00";"0.00"
"2019";"11";"5";"2";"8";"7401";"53.";"5.0";"0.6";"78.";"4.";"31.11";"164.80";"18.16"
"2019";"11";"5";"2";"9";"7402";"58.";"5.7";"1.1";"75.";"5.";"94.62";"238.39";"53.27"
"2019";"11";"5";"2";"10";"7403";"58.";"6.1";"1.9";"71.";"5.";"141.86";"273.98";"75.96"
"2019";"11";"5";"2";"11";"7404";"58.";"6.4";"2.1";"68.";"3.";"222.48";"499.46";"85.02"
"2019";"11";"5";"2";"12";"7405";"52.";"5.2";"2.5";"66.";"1.";"267.07";"699.30";"74.61"
"2019";"11";"5";"2";"13";"7406";"50.";"5.0";"2.7";"64.";"1.";"220.40";"655.19";"62.83"
"2019";"11";"5";"2";"14";"7407";"52.";"4.7";"2.3";"65.";"4.";"109.18";"320.02";"53.67"
"2019";"11";"5";"2";"15";"7408";"50.";"3.8";"1.5";"68.";"1.";"43.27";"298.05";"19.84"
"2019";"11";"5";"2";"16";"7409";"53.";"3.4";"1.0";"70.";"1.";"0.00";"0.00";"0.00"
"2019";"11";"5";"2";"17";"7410";"56.";"3.5";"0.6";"71.";"3.";"0.00";"0.00";"0.00"
"2019";"11";"5";"2";"18";"7411";"53.";"3.2";"0.5";"72.";"2.";"0.00";"0.00";"0.00"
"2019";"11";"5";"2";"19";"7412";"56.";"3.1";"0.1";"73.";"7.";"0.00";"0.00";"0.00"
"2019";"11";"5";"2";"20";"7413";"61.";"3.3";"-0.2";"75.";"4.";"0.00";"0.00";"0.00"
"2019";"11";"5";"2";"21";"7414";"51.";"2.9";"-0.6";"77.";"5.";"0.00";"0.00";"0.00"
"2019";"11";"5";"2";"22";"7415";"53.";"2.7";"-0.9";"79.";"7.";"0.00";"0.00";"0.00"
"2019";"11";"5";"2";"23";"7416";"47.";"2.3";"-1.3";"83.";"6.";"0.00";"0.00";"0.00"
"2019";"11";"6";"3";"0";"7417";"45.";"2.6";"-1.8";"86.";"6.";"0.00";"0.00";"0.00"
"2019";"11";"6";"3";"1";"7418";"57.";"3.3";"-1.7";"86.";"5.";"0.00";"0.00";"0.00"
"2019";"11";"6";"3";"2";"7419";"57.";"3.1";"-1.7";"88.";"4.";"0.00";"0.00";"0.00"
"2019";"11";"6";"3";"3";"7420";"61.";"3.6";"-1.8";"88.";"3.";"0.00";"0.00";"0.00"
"2019";"11";"6";"3";"4";"7421";"62.";"3.9";"-1.8";"87.";"7.";"0.00";"0.00";"0.00"
"2019";"11";"6";"3";"5";"7422";"57.";"3.6";"-1.6";"87.";"7.";"0.00";"0.00";"0.00"
"2019";"11";"6";"3";"6";"7423";"63.";"3.6";"-1.6";"87.";"6.";"0.00";"0.00";"0.00"
"2019";"11";"6";"3";"7";"7424";"64.";"3.6";"-1.5";"86.";"7.";"0.00";"0.00";"0.00"
"2019";"11";"6";"3";"8";"7425";"60.";"3.4";"-0.9";"83.";"7.";"16.97";"39.30";"14.06"
"2019";"11";"6";"3";"9";"7426";"60.";"3.3";"-0.3";"78.";"7.";"62.73";"78.79";"49.43"
"2019";"11";"6";"3";"10";"7427";"61.";"3.2";"0.3";"74.";"8.";"71.41";"0.00";"71.41"
"2019";"11";"6";"3";"11";"7428";"59.";"3.0";"1.4";"72.";"8.";"86.57";"0.00";"86.57"
"2019";"11";"6";"3";"12";"7429";"50.";"2.3";"1.8";"71.";"7.";"113.24";"98.84";"86.52"
"2019";"11";"6";"3";"13";"7430";"50.";"2.3";"1.5";"72.";"8.";"72.58";"0.00";"72.58"
"2019";"11";"6";"3";"14";"7431";"43.";"2.0";"1.5";"72.";"8.";"45.57";"0.00";"45.57"
"2019";"11";"6";"3";"15";"7432";"36.";"2.1";"1.4";"74.";"8.";"12.36";"0.00";"12.36"
"2019";"11";"6";"3";"16";"7433";"49.";"2.6";"1.3";"76.";"8.";"0.00";"0.00";"0.00"
"2019";"11";"6";"3";"17";"7434";"58.";"2.9";"1.0";"78.";"8.";"0.00";"0.00";"0.00"
"2019";"11";"6";"3";"18";"7435";"61.";"2.5";"1.1";"79.";"7.";"0.00";"0.00";"0.00"
"2019";"11";"6";"3";"19";"7436";"70.";"2.4";"1.1";"79.";"7.";"0.00";"0.00";"0.00"
"2019";"11";"6";"3";"20";"7437";"72.";"2.2";"1.2";"78.";"7.";"0.00";"0.00";"0.00"
"2019";"11";"6";"3";"21";"7438";"75.";"2.0";"1.2";"79.";"8.";"0.00";"0.00";"0.00"
"2019";"11";"6";"3";"22";"7439";"77.";"1.9";"1.3";"79.";"8.";"0.00";"0.00";"0.00"
"2019";"11";"6";"3";"23";"7440";"78.";"2.1";"1.5";"79.";"8.";"0.00";"0.00";"0.00"
"2019";"11";"7";"4";"0";"7441";"78.";"1.9";"1.5";"78.";"8.";"0.00";"0.00";"0.00"
"2019";"11";"7";"4";"1";"7442";"86.";"1.8";"1.4";"78.";"7.";"0.00";"0.00";"0.00"
"2019";"11";"7";"4";"2";"7443";"85.";"2.1";"1.4";"77.";"8.";"0.00";"0.00";"0.00"
"2019";"11";"7";"4";"3";"7444";"72.";"2.0";"1.4";"77.";"8.";"0.00";"0.00";"0.00"
"2019";"11";"7";"4";"4";"7445";"78.";"1.9";"1.3";"76.";"8.";"0.00";"0.00";"0.00"
"2019";"11";"7";"4";"5";"7446";"77.";"1.7";"1.3";"77.";"8.";"0.00";"0.00";"0.00"
"2019";"11";"7";"4";"6";"7447";"73.";"1.8";"1.3";"76.";"7.";"0.00";"0.00";"0.00"
"2019";"11";"7";"4";"7";"7448";"77.";"1.7";"1.4";"75.";"8.";"0.00";"0.00";"0.00"
"2019";"11";"7";"4";"8";"7449";"81.";"2.1";"1.4";"75.";"8.";"21.79";"0.00";"21.79"
"2019";"11";"7";"4";"9";"7450";"66.";"1.9";"1.7";"74.";"8.";"44.62";"0.00";"44.62"
"2019";"11";"7";"4";"10";"7451";"74.";"2.2";"2.3";"73.";"7.";"93.93";"91.67";"72.76"
"2019";"11";"7";"4";"11";"7452";"73.";"2.1";"2.6";"72.";"8.";"84.18";"0.00";"84.18"
"2019";"11";"7";"4";"12";"7453";"72.";"2.2";"2.7";"72.";"7.";"112.44";"97.79";"86.47"
"2019";"11";"7";"4";"13";"7454";"78.";"2.4";"2.8";"73.";"7.";"93.63";"91.38";"72.53"
"2019";"11";"7";"4";"14";"7455";"71.";"2.1";"2.8";"74.";"7.";"56.45";"67.12";"45.43"
"2019";"11";"7";"4";"15";"7456";"57.";"2.0";"2.5";"77.";"8.";"9.84";"0.00";"9.84"
"2019";"11";"7";"4";"16";"7457";"58.";"2.1";"2.1";"80.";"7.";"0.00";"0.00";"0.00"
"2019";"11";"7";"4";"17";"7458";"50.";"1.6";"1.7";"81.";"8.";"0.00";"0.00";"0.00"
"2019";"11";"7";"4";"18";"7459";"60.";"1.5";"1.8";"82.";"8.";"0.00";"0.00";"0.00"
"2019";"11";"7";"4";"19";"7460";"69.";"1.4";"1.1";"84.";"7.";"0.00";"0.00";"0.00"
"2019";"11";"7";"4";"20";"7461";"66.";"1.6";"0.9";"87.";"7.";"0.00";"0.00";"0.00"
"2019";"11";"7";"4";"21";"7462";"50.";"1.5";"1.5";"88.";"7.";"0.00";"0.00";"0.00"
"2019";"11";"7";"4";"22";"7463";"65.";"2.1";"1.8";"88.";"8.";"0.00";"0.00";"0.00"
"2019";"11";"7";"4";"23";"7464";"70.";"2.0";"2.2";"87.";"8.";"0.00";"0.00";"0.00"
"2019";"11";"8";"5";"0";"7465";"74.";"1.9";"2.4";"88.";"8.";"0.00";"0.00";"0.00"
"2019";"11";"8";"5";"1";"7466";"61.";"2.1";"2.5";"91.";"8.";"0.00";"0.00";"0.00"
"2019";"11";"8";"5";"2";"7467";"68.";"2.4";"2.6";"91.";"8.";"0.00";"0.00";"0.00"
"2019";"11";"8";"5";"3";"7468";"65.";"2.3";"2.9";"91.";"8.";"0.00";"0.00";"0.00"
"2019";"11";"8";"5";"4";"7469";"64.";"2.3";"3.1";"91.";"8.";"0.00";"0.00";"0.00"
"2019";"11";"8";"5";"5";"7470";"68.";"2.6";"3.2";"91.";"8.";"0.00";"0.00";"0.00"
"2019";"11";"8";"5";"6";"7471";"71.";"2.9";"3.2";"92.";"8.";"0.00";"0.00";"0.00"
"2019";"11";"8";"5";"7";"7472";"73.";"3.2";"3.2";"92.";"8.";"0.00";"0.00";"0.00"
"2019";"11";"8";"5";"8";"7473";"81.";"3.3";"3.2";"92.";"8.";"3.71";"0.00";"3.71"
"2019";"11";"8";"5";"9";"7474";"77.";"3.7";"3.6";"92.";"8.";"21.40";"0.00";"21.40"
"2019";"11";"8";"5";"10";"7475";"100.";"2.3";"4.8";"92.";"8.";"63.20";"0.00";"63.20"
"2019";"11";"8";"5";"11";"7476";"133.";"2.9";"6.2";"93.";"8.";"74.30";"0.00";"74.30"
"2019";"11";"8";"5";"12";"7477";"181.";"4.1";"7.5";"91.";"8.";"75.35";"0.00";"75.35"
"2019";"11";"8";"5";"13";"7478";"200.";"5.5";"6.9";"87.";"7.";"86.16";"85.51";"66.81"
"2019";"11";"8";"5";"14";"7479";"221.";"4.4";"5.7";"88.";"8.";"38.42";"0.00";"38.42"
"2019";"11";"8";"5";"15";"7480";"242.";"2.4";"5.5";"88.";"8.";"5.50";"0.00";"5.50"
"2019";"11";"8";"5";"16";"7481";"268.";"1.7";"5.4";"87.";"8.";"0.00";"0.00";"0.00"
"2019";"11";"8";"5";"17";"7482";"265.";"1.1";"5.2";"86.";"8.";"0.00";"0.00";"0.00"
"2019";"11";"8";"5";"18";"7483";"244.";"0.4";"5.0";"87.";"3.";"0.00";"0.00";"0.00"
"2019";"11";"8";"5";"19";"7484";"256.";"1.0";"4.7";"89.";"7.";"0.00";"0.00";"0.00"
"2019";"11";"8";"5";"20";"7485";"308.";"1.1";"4.6";"90.";"6.";"0.00";"0.00";"0.00"
"2019";"11";"8";"5";"21";"7486";"322.";"0.4";"4.6";"91.";"8.";"0.00";"0.00";"0.00"
"2019";"11";"8";"5";"22";"7487";"80.";"1.0";"4.7";"93.";"8.";"0.00";"0.00";"0.00"
"2019";"11";"8";"5";"23";"7488";"48.";"0.8";"4.4";"93.";"7.";"0.00";"0.00";"0.00"
"2019";"11";"9";"6";"0";"7489";"42.";"0.9";"4.1";"93.";"8.";"0.00";"0.00";"0.00"
"2019";"11";"9";"6";"1";"7490";"35.";"0.6";"4.1";"93.";"7.";"0.00";"0.00";"0.00"
"2019";"11";"9";"6";"2";"7491";"47.";"1.1";"3.6";"94.";"7.";"0.00";"0.00";"0.00"
"2019";"11";"9";"6";"3";"7492";"29.";"1.2";"3.6";"94.";"8.";"0.00";"0.00";"0.00"
"2019";"11";"9";"6";"4";"7493";"47.";"1.2";"3.6";"94.";"8.";"0.00";"0.00";"0.00"
"2019";"11";"9";"6";"5";"7494";"50.";"1.1";"3.7";"94.";"8.";"0.00";"0.00";"0.00"
"2019";"11";"9";"6";"6";"7495";"44.";"1.1";"3.8";"93.";"8.";"0.00";"0.00";"0.00"
"2019";"11";"9";"6";"7";"7496";"7.";"1.5";"3.9";"93.";"8.";"0.00";"0.00";"0.00"
"2019";"11";"9";"6";"8";"7497";"17.";"1.8";"4.2";"93.";"8.";"4.37";"0.00";"4.37"
"2019";"11";"9";"6";"9";"7498";"16.";"1.7";"4.5";"92.";"8.";"36.41";"0.00";"36.41"
"2019";"11";"9";"6";"10";"7499";"22.";"2.1";"4.9";"92.";"8.";"61.48";"0.00";"61.48"
"2019";"11";"9";"6";"11";"7500";"8.";"2.1";"4.9";"91.";"8.";"75.29";"0.00";"75.29"
"2019";"11";"9";"6";"12";"7501";"12.";"2.1";"4.9";"91.";"8.";"77.51";"0.00";"77.51"
"2019";"11";"9";"6";"13";"7502";"15.";"2.2";"4.9";"91.";"8.";"61.46";"0.00";"61.46"
"2019";"11";"9";"6";"14";"7503";"12.";"2.1";"4.7";"91.";"8.";"36.99";"0.00";"36.99"
"2019";"11";"9";"6";"15";"7504";"22.";"2.1";"4.5";"91.";"8.";"4.33";"0.00";"4.33"
"2019";"11";"9";"6";"16";"7505";"31.";"2.0";"4.6";"91.";"8.";"0.00";"0.00";"0.00"
"2019";"11";"9";"6";"17";"7506";"41.";"2.2";"4.6";"92.";"7.";"0.00";"0.00";"0.00"
"2019";"11";"9";"6";"18";"7507";"41.";"2.1";"4.7";"92.";"8.";"0.00";"0.00";"0.00"
"2019";"11";"9";"6";"19";"7508";"40.";"2.0";"4.8";"92.";"7.";"0.00";"0.00";"0.00"
"2019";"11";"9";"6";"20";"7509";"38.";"2.3";"4.7";"91.";"7.";"0.00";"0.00";"0.00"
"2019";"11";"9";"6";"21";"7510";"31.";"2.3";"4.3";"91.";"8.";"0.00";"0.00";"0.00"
"2019";"11";"9";"6";"22";"7511";"34.";"2.8";"3.9";"90.";"8.";"0.00";"0.00";"0.00"
"2019";"11";"9";"6";"23";"7512";"36.";"3.4";"3.3";"89.";"8.";"0.00";"0.00";"0.00"
"2019";"11";"10";"7";"0";"7513";"29.";"3.2";"2.9";"89.";"8.";"0.00";"0.00";"0.00"
"2019";"11";"10";"7";"1";"7514";"32.";"3.1";"2.8";"89.";"8.";"0.00";"0.00";"0.00"
"2019";"11";"10";"7";"2";"7515";"42.";"3.3";"2.8";"88.";"8.";"0.00";"0.00";"0.00"
"2019";"11";"10";"7";"3";"7516";"43.";"3.4";"2.7";"87.";"8.";"0.00";"0.00";"0.00"
"2019";"11";"10";"7";"4";"7517";"38.";"2.9";"2.6";"86.";"7.";"0.00";"0.00";"0.00"
"2019";"11";"10";"7";"5";"7518";"38.";"2.3";"2.5";"87.";"7.";"0.00";"0.00";"0.00"
"2019";"11";"10";"7";"6";"7519";"40.";"2.2";"2.3";"86.";"8.";"0.00";"0.00";"0.00"
"2019";"11";"10";"7";"7";"7520";"51.";"2.4";"2.2";"85.";"8.";"0.00";"0.00";"0.00"
"2019";"11";"10";"7";"8";"7521";"46.";"2.5";"2.2";"85.";"8.";"5.38";"0.00";"5.38"
"2019";"11";"10";"7";"9";"7522";"52.";"2.7";"2.1";"85.";"8.";"38.38";"0.00";"38.38"
"2019";"11";"10";"7";"10";"7523";"44.";"2.2";"2.2";"84.";"8.";"63.97";"0.00";"63.97"
"2019";"11";"10";"7";"11";"7524";"58.";"2.9";"2.3";"84.";"8.";"77.79";"0.00";"77.79"
"2019";"11";"10";"7";"12";"7525";"49.";"2.1";"2.2";"83.";"8.";"77.92";"0.00";"77.92"
"2019";"11";"10";"7";"13";"7526";"54.";"1.7";"2.1";"83.";"8.";"64.11";"0.00";"64.11"
"2019";"11";"10";"7";"14";"7527";"73.";"2.1";"1.9";"83.";"7.";"51.66";"70.93";"40.98"
"2019";"11";"10";"7";"15";"7528";"80.";"1.7";"1.8";"84.";"8.";"5.71";"0.00";"5.71"
"2019";"11";"10";"7";"16";"7529";"91.";"2.0";"1.6";"84.";"8.";"0.00";"0.00";"0.00"
"2019";"11";"10";"7";"17";"7530";"107.";"2.2";"1.6";"84.";"8.";"0.00";"0.00";"0.00"
"2019";"11";"10";"7";"18";"7531";"110.";"2.2";"1.6";"85.";"8.";"0.00";"0.00";"0.00"
"2019";"11";"10";"7";"19";"7532";"113.";"2.7";"1.6";"86.";"7.";"0.00";"0.00";"0.00"
"2019";"11";"10";"7";"20";"7533";"110.";"2.9";"1.7";"88.";"8.";"0.00";"0.00";"0.00"
"2019";"11";"10";"7";"21";"7534";"115.";"3.3";"1.5";"90.";"8.";"0.00";"0.00";"0.00"
"2019";"11";"10";"7";"22";"7535";"111.";"3.3";"1.5";"90.";"8.";"0.00";"0.00";"0.00"
"2019";"11";"10";"7";"23";"7536";"110.";"3.4";"1.6";"90.";"8.";"0.00";"0.00";"0.00"
"2019";"11";"11";"1";"0";"7537";"116.";"3.9";"1.9";"89.";"8.";"0.00";"0.00";"0.00"
"2019";"11";"11";"1";"1";"7538";"118.";"4.1";"2.2";"89.";"8.";"0.00";"0.00";"0.00"
"2019";"11";"11";"1";"2";"7539";"117.";"5.1";"2.6";"89.";"7.";"0.00";"0.00";"0.00"
"2019";"11";"11";"1";"3";"7540";"119.";"4.7";"3.0";"89.";"8.";"0.00";"0.00";"0.00"
"2019";"11";"11";"1";"4";"7541";"121.";"5.3";"3.0";"90.";"8.";"0.00";"0.00";"0.00"
"2019";"11";"11";"1";"5";"7542";"127.";"4.8";"3.1";"92.";"8.";"0.00";"0.00";"0.00"
"2019";"11";"11";"1";"6";"7543";"147.";"3.8";"4.2";"92.";"8.";"0.00";"0.00";"0.00"
"2019";"11";"11";"1";"7";"7544";"182.";"3.4";"5.2";"90.";"8.";"0.00";"0.00";"0.00"
"2019";"11";"11";"1";"8";"7545";"215.";"3.3";"6.5";"87.";"8.";"0.85";"0.00";"0.85"
"2019";"11";"11";"1";"9";"7546";"218.";"4.1";"7.0";"84.";"7.";"28.34";"38.44";"22.72"
"2019";"11";"11";"1";"10";"7547";"219.";"5.7";"7.2";"82.";"6.";"98.41";"165.91";"63.12"
"2019";"11";"11";"1";"11";"7548";"217.";"5.7";"7.4";"79.";"7.";"95.26";"85.23";"74.20"
"2019";"11";"11";"1";"12";"7549";"210.";"5.1";"7.8";"76.";"6.";"169.20";"178.01";"125.21"
"2019";"11";"11";"1";"13";"7550";"212.";"4.5";"7.9";"84.";"7.";"75.32";"73.41";"59.71"
"2019";"11";"11";"1";"14";"7551";"196.";"5.5";"7.6";"83.";"8.";"18.36";"0.00";"18.36"
"2019";"11";"11";"1";"15";"7552";"181.";"5.0";"6.9";"79.";"7.";"2.11";"5.55";"1.82"
"2019";"11";"11";"1";"16";"7553";"166.";"3.9";"6.3";"79.";"5.";"0.00";"0.00";"0.00"
"2019";"11";"11";"1";"17";"7554";"160.";"3.6";"5.6";"82.";"5.";"0.00";"0.00";"0.00"
"2019";"11";"11";"1";"18";"7555";"151.";"4.2";"5.1";"84.";"5.";"0.00";"0.00";"0.00"
"2019";"11";"11";"1";"19";"7556";"137.";"5.0";"4.4";"85.";"7.";"0.00";"0.00";"0.00"
"2019";"11";"11";"1";"20";"7557";"137.";"5.1";"3.7";"85.";"4.";"0.00";"0.00";"0.00"
"2019";"11";"11";"1";"21";"7558";"130.";"4.5";"3.4";"87.";"6.";"0.00";"0.00";"0.00"
"2019";"11";"11";"1";"22";"7559";"128.";"4.6";"3.5";"86.";"7.";"0.00";"0.00";"0.00"
"2019";"11";"11";"1";"23";"7560";"130.";"5.2";"3.8";"85.";"8.";"0.00";"0.00";"0.00"
"2019";"11";"12";"2";"0";"7561";"126.";"4.8";"3.9";"85.";"7.";"0.00";"0.00";"0.00"
"2019";"11";"12";"2";"1";"7562";"124.";"4.8";"4.4";"84.";"7.";"0.00";"0.00";"0.00"
"2019";"11";"12";"2";"2";"7563";"124.";"5.6";"4.6";"83.";"7.";"0.00";"0.00";"0.00"
"2019";"11";"12";"2";"3";"7564";"124.";"5.6";"4.8";"82.";"8.";"0.00";"0.00";"0.00"
"2019";"11";"12";"2";"4";"7565";"125.";"5.6";"5.1";"81.";"8.";"0.00";"0.00";"0.00"
"2019";"11";"12";"2";"5";"7566";"127.";"6.0";"5.3";"80.";"8.";"0.00";"0.00";"0.00"
"2019";"11";"12";"2";"6";"7567";"131.";"6.4";"5.3";"80.";"8.";"0.00";"0.00";"0.00"
"2019";"11";"12";"2";"7";"7568";"139.";"6.6";"5.5";"79.";"7.";"0.00";"0.00";"0.00"
"2019";"11";"12";"2";"8";"7569";"140.";"6.5";"5.4";"81.";"7.";"1.55";"3.57";"1.38"
"2019";"11";"12";"2";"9";"7570";"152.";"5.9";"4.8";"88.";"8.";"16.66";"0.00";"16.66"
"2019";"11";"12";"2";"10";"7571";"149.";"5.8";"4.6";"90.";"8.";"29.66";"0.00";"29.66"
"2019";"11";"12";"2";"11";"7572";"147.";"5.8";"4.7";"91.";"8.";"37.20";"0.00";"37.20"
"2019";"11";"12";"2";"12";"7573";"153.";"5.2";"5.0";"92.";"8.";"37.78";"0.00";"37.78"
"2019";"11";"12";"2";"13";"7574";"165.";"5.0";"5.3";"91.";"8.";"29.21";"0.00";"29.21"
"2019";"11";"12";"2";"14";"7575";"165.";"5.5";"5.7";"89.";"7.";"40.14";"46.33";"33.56"
"2019";"11";"12";"2";"15";"7576";"174.";"4.6";"5.6";"87.";"8.";"0.20";"0.00";"0.20"
"2019";"11";"12";"2";"16";"7577";"170.";"5.8";"5.5";"89.";"5.";"0.00";"0.00";"0.00"
"2019";"11";"12";"2";"17";"7578";"187.";"5.8";"6.1";"87.";"8.";"0.00";"0.00";"0.00"
"2019";"11";"12";"2";"18";"7579";"205.";"6.7";"6.2";"88.";"8.";"0.00";"0.00";"0.00"
"2019";"11";"12";"2";"19";"7580";"198.";"5.5";"6.5";"83.";"8.";"0.00";"0.00";"0.00"
"2019";"11";"12";"2";"20";"7581";"196.";"5.1";"6.3";"82.";"7.";"0.00";"0.00";"0.00"
"2019";"11";"12";"2";"21";"7582";"178.";"4.7";"5.9";"85.";"7.";"0.00";"0.00";"0.00"
"2019";"11";"12";"2";"22";"7583";"169.";"3.8";"5.3";"86.";"8.";"0.00";"0.00";"0.00"
"2019";"11";"12";"2";"23";"7584";"134.";"4.0";"4.5";"88.";"4.";"0.00";"0.00";"0.00"
"2019";"11";"13";"3";"0";"7585";"131.";"3.9";"3.9";"89.";"7.";"0.00";"0.00";"0.00"
"2019";"11";"13";"3";"1";"7586";"128.";"4.1";"4.0";"90.";"7.";"0.00";"0.00";"0.00"
"2019";"11";"13";"3";"2";"7587";"135.";"3.6";"4.1";"90.";"8.";"0.00";"0.00";"0.00"
"2019";"11";"13";"3";"3";"7588";"130.";"3.9";"4.0";"90.";"7.";"0.00";"0.00";"0.00"
"2019";"11";"13";"3";"4";"7589";"120.";"4.3";"4.0";"91.";"7.";"0.00";"0.00";"0.00"
"2019";"11";"13";"3";"5";"7590";"127.";"3.7";"4.2";"91.";"7.";"0.00";"0.00";"0.00"
"2019";"11";"13";"3";"6";"7591";"129.";"3.6";"4.3";"90.";"8.";"0.00";"0.00";"0.00"
"2019";"11";"13";"3";"7";"7592";"125.";"4.1";"4.2";"91.";"8.";"0.00";"0.00";"0.00"
"2019";"11";"13";"3";"8";"7593";"127.";"4.0";"4.1";"91.";"4.";"0.00";"0.00";"0.00"
"2019";"11";"13";"3";"9";"7594";"126.";"4.6";"4.6";"92.";"7.";"38.17";"42.50";"32.31"
"2019";"11";"13";"3";"10";"7595";"123.";"4.2";"5.1";"90.";"7.";"69.19";"57.96";"57.36"
"2019";"11";"13";"3";"11";"7596";"121.";"3.8";"5.9";"88.";"6.";"107.88";"136.90";"75.24"
"2019";"11";"13";"3";"12";"7597";"123.";"3.4";"6.2";"86.";"5.";"130.07";"225.99";"76.19"
"2019";"11";"13";"3";"13";"7598";"117.";"3.1";"6.0";"86.";"6.";"87.25";"128.18";"61.09"
"2019";"11";"13";"3";"14";"7599";"120.";"3.3";"5.8";"85.";"8.";"29.88";"0.00";"29.88"
"2019";"11";"13";"3";"15";"7600";"111.";"2.9";"5.3";"87.";"8.";"0.00";"0.00";"0.00"
"2019";"11";"13";"3";"16";"7601";"116.";"2.8";"4.9";"88.";"0.";"0.00";"0.00";"0.00"
"2019";"11";"13";"3";"17";"7602";"114.";"3.1";"4.3";"90.";"1.";"0.00";"0.00";"0.00"
"2019";"11";"13";"3";"18";"7603";"110.";"3.1";"3.8";"91.";"0.";"0.00";"0.00";"0.00"
"2019";"11";"13";"3";"19";"7604";"111.";"3.0";"3.3";"91.";"1.";"0.00";"0.00";"0.00"
"2019";"11";"13";"3";"20";"7605";"119.";"3.2";"3.1";"90.";"3.";"0.00";"0.00";"0.00"
"2019";"11";"13";"3";"21";"7606";"113.";"3.1";"2.8";"92.";"5.";"0.00";"0.00";"0.00"
"2019";"11";"13";"3";"22";"7607";"110.";"3.3";"2.9";"92.";"4.";"0.00";"0.00";"0.00"
"2019";"11";"13";"3";"23";"7608";"106.";"3.6";"3.3";"91.";"6.";"0.00";"0.00";"0.00"
"2019";"11";"14";"4";"0";"7609";"107.";"3.4";"3.3";"92.";"4.";"0.00";"0.00";"0.00"
"2019";"11";"14";"4";"1";"7610";"109.";"3.4";"3.3";"91.";"7.";"0.00";"0.00";"0.00"
"2019";"11";"14";"4";"2";"7611";"117.";"2.8";"2.7";"92.";"6.";"0.00";"0.00";"0.00"
"2019";"11";"14";"4";"3";"7612";"125.";"3.2";"2.6";"92.";"5.";"0.00";"0.00";"0.00"
"2019";"11";"14";"4";"4";"7613";"124.";"2.9";"2.8";"93.";"4.";"0.00";"0.00";"0.00"
"2019";"11";"14";"4";"5";"7614";"115.";"3.1";"2.7";"93.";"6.";"0.00";"0.00";"0.00"
"2019";"11";"14";"4";"6";"7615";"111.";"3.2";"2.9";"93.";"5.";"0.00";"0.00";"0.00"
"2019";"11";"14";"4";"7";"7616";"118.";"3.1";"3.4";"93.";"8.";"0.00";"0.00";"0.00"
"2019";"11";"14";"4";"8";"7617";"117.";"3.6";"3.8";"92.";"8.";"0.00";"0.00";"0.00"
"2019";"11";"14";"4";"9";"7618";"125.";"3.8";"4.2";"93.";"7.";"23.45";"25.69";"20.02"
"2019";"11";"14";"4";"10";"7619";"124.";"4.0";"4.6";"92.";"8.";"28.68";"0.00";"28.68"
"2019";"11";"14";"4";"11";"7620";"123.";"3.6";"5.4";"93.";"8.";"36.24";"0.00";"36.24"
"2019";"11";"14";"4";"12";"7621";"129.";"2.6";"6.2";"91.";"8.";"37.65";"0.00";"37.65"
"2019";"11";"14";"4";"13";"7622";"136.";"1.9";"6.7";"90.";"8.";"50.46";"0.00";"50.46"
"2019";"11";"14";"4";"14";"7623";"147.";"1.7";"6.7";"91.";"6.";"43.71";"87.05";"32.07"
"2019";"11";"14";"4";"15";"7624";"162.";"2.1";"6.7";"91.";"1.";"0.00";"0.00";"0.00"
"2019";"11";"14";"4";"16";"7625";"158.";"2.1";"6.2";"91.";"5.";"0.00";"0.00";"0.00"
"2019";"11";"14";"4";"17";"7626";"154.";"2.3";"6.2";"91.";"7.";"0.00";"0.00";"0.00"
"2019";"11";"14";"4";"18";"7627";"170.";"2.9";"6.1";"90.";"8.";"0.00";"0.00";"0.00"
"2019";"11";"14";"4";"19";"7628";"158.";"3.1";"6.0";"90.";"7.";"0.00";"0.00";"0.00"
"2019";"11";"14";"4";"20";"7629";"154.";"1.9";"5.7";"90.";"8.";"0.00";"0.00";"0.00"
"2019";"11";"14";"4";"21";"7630";"143.";"1.8";"5.4";"92.";"8.";"0.00";"0.00";"0.00"
"2019";"11";"14";"4";"22";"7631";"106.";"2.2";"4.9";"91.";"7.";"0.00";"0.00";"0.00"
"2019";"11";"14";"4";"23";"7632";"99.";"2.5";"4.7";"91.";"7.";"0.00";"0.00";"0.00"
"2019";"11";"15";"5";"0";"7633";"96.";"2.4";"3.6";"93.";"8.";"0.00";"0.00";"0.00"
"2019";"11";"15";"5";"1";"7634";"96.";"2.7";"3.2";"95.";"8.";"0.00";"0.00";"0.00"
"2019";"11";"15";"5";"2";"7635";"94.";"2.6";"3.0";"97.";"8.";"0.00";"0.00";"0.00"
"2019";"11";"15";"5";"3";"7636";"97.";"2.7";"3.2";"97.";"7.";"0.00";"0.00";"0.00"
"2019";"11";"15";"5";"4";"7637";"91.";"3.0";"3.8";"95.";"8.";"0.00";"0.00";"0.00"
"2019";"11";"15";"5";"5";"7638";"81.";"2.8";"3.7";"94.";"8.";"0.00";"0.00";"0.00"
"2019";"11";"15";"5";"6";"7639";"78.";"3.1";"3.4";"94.";"8.";"0.00";"0.00";"0.00"
"2019";"11";"15";"5";"7";"7640";"84.";"3.1";"3.3";"93.";"8.";"0.00";"0.00";"0.00"
"2019";"11";"15";"5";"8";"7641";"88.";"3.2";"3.7";"92.";"8.";"0.00";"0.00";"0.00"
"2019";"11";"15";"5";"9";"7642";"71.";"2.9";"3.8";"91.";"6.";"46.63";"113.31";"31.93"
"2019";"11";"15";"5";"10";"7643";"68.";"2.4";"4.4";"89.";"7.";"70.25";"78.56";"54.87"
"2019";"11";"15";"5";"11";"7644";"75.";"3.4";"4.9";"87.";"6.";"109.08";"173.24";"69.23"
"2019";"11";"15";"5";"12";"7645";"75.";"4.2";"5.3";"86.";"8.";"65.49";"0.00";"65.49"
"2019";"11";"15";"5";"13";"7646";"72.";"4.2";"5.7";"83.";"5.";"102.81";"239.34";"55.94"
"2019";"11";"15";"5";"14";"7647";"70.";"3.9";"5.8";"83.";"7.";"37.44";"58.76";"29.82"
"2019";"11";"15";"5";"15";"7648";"64.";"3.1";"5.9";"83.";"8.";"0.00";"0.00";"0.00"
"2019";"11";"15";"5";"16";"7649";"63.";"3.5";"5.9";"82.";"8.";"0.00";"0.00";"0.00"
"2019";"11";"15";"5";"17";"7650";"65.";"3.8";"5.5";"83.";"8.";"0.00";"0.00";"0.00"
"2019";"11";"15";"5";"18";"7651";"68.";"5.0";"5.8";"83.";"8.";"0.00";"0.00";"0.00"
"2019";"11";"15";"5";"19";"7652";"73.";"4.7";"5.8";"81.";"8.";"0.00";"0.00";"0.00"
"2019";"11";"15";"5";"20";"7653";"67.";"4.8";"6.2";"80.";"8.";"0.00";"0.00";"0.00"
"2019";"11";"15";"5";"21";"7654";"74.";"4.6";"6.5";"79.";"8.";"0.00";"0.00";"0.00"
"2019";"11";"15";"5";"22";"7655";"73.";"4.9";"6.6";"81.";"7.";"0.00";"0.00";"0.00"
"2019";"11";"15";"5";"23";"7656";"68.";"4.5";"6.7";"83.";"7.";"0.00";"0.00";"0.00"
"2019";"11";"16";"6";"0";"7657";"70.";"5.1";"6.8";"83.";"8.";"0.00";"0.00";"0.00"
"2019";"11";"16";"6";"1";"7658";"69.";"4.6";"6.8";"84.";"8.";"0.00";"0.00";"0.00"
"2019";"11";"16";"6";"2";"7659";"64.";"4.0";"6.8";"86.";"7.";"0.00";"0.00";"0.00"
"2019";"11";"16";"6";"3";"7660";"70.";"4.1";"6.4";"89.";"8.";"0.00";"0.00";"0.00"
"2019";"11";"16";"6";"4";"7661";"71.";"3.6";"6.4";"91.";"8.";"0.00";"0.00";"0.00"
"2019";"11";"16";"6";"5";"7662";"69.";"2.9";"6.5";"91.";"8.";"0.00";"0.00";"0.00"
"2019";"11";"16";"6";"6";"7663";"66.";"2.8";"6.6";"92.";"8.";"0.00";"0.00";"0.00"
"2019";"11";"16";"6";"7";"7664";"75.";"2.6";"6.6";"92.";"8.";"0.00";"0.00";"0.00"
"2019";"11";"16";"6";"8";"7665";"88.";"2.8";"6.8";"93.";"8.";"0.00";"0.00";"0.00"
"2019";"11";"16";"6";"9";"7666";"73.";"2.9";"6.9";"93.";"8.";"12.77";"0.00";"12.77"
"2019";"11";"16";"6";"10";"7667";"76.";"2.8";"7.1";"93.";"8.";"25.36";"0.00";"25.36"
"2019";"11";"16";"6";"11";"7668";"87.";"3.5";"7.3";"92.";"8.";"34.02";"0.00";"34.02"
"2019";"11";"16";"6";"12";"7669";"88.";"3.0";"7.5";"91.";"8.";"33.45";"0.00";"33.45"
"2019";"11";"16";"6";"13";"7670";"77.";"2.8";"7.5";"91.";"8.";"27.76";"0.00";"27.76"
"2019";"11";"16";"6";"14";"7671";"77.";"2.4";"7.6";"92.";"8.";"13.06";"0.00";"13.06"
"2019";"11";"16";"6";"15";"7672";"76.";"2.5";"7.4";"93.";"8.";"0.00";"0.00";"0.00"
"2019";"11";"16";"6";"16";"7673";"73.";"2.6";"7.4";"93.";"8.";"0.00";"0.00";"0.00"
"2019";"11";"16";"6";"17";"7674";"77.";"2.7";"7.6";"94.";"8.";"0.00";"0.00";"0.00"
"2019";"11";"16";"6";"18";"7675";"88.";"2.3";"7.8";"95.";"8.";"0.00";"0.00";"0.00"
"2019";"11";"16";"6";"19";"7676";"100.";"2.4";"8.0";"95.";"8.";"0.00";"0.00";"0.00"
"2019";"11";"16";"6";"20";"7677";"124.";"3.0";"8.2";"95.";"8.";"0.00";"0.00";"0.00"
"2019";"11";"16";"6";"21";"7678";"150.";"2.8";"8.3";"95.";"8.";"0.00";"0.00";"0.00"
"2019";"11";"16";"6";"22";"7679";"158.";"4.1";"8.0";"94.";"8.";"0.00";"0.00";"0.00"
"2019";"11";"16";"6";"23";"7680";"138.";"3.6";"7.6";"92.";"8.";"0.00";"0.00";"0.00"
"2019";"11";"17";"7";"0";"7681";"126.";"3.6";"7.3";"93.";"8.";"0.00";"0.00";"0.00"
"2019";"11";"17";"7";"1";"7682";"156.";"3.2";"7.2";"95.";"8.";"0.00";"0.00";"0.00"
"2019";"11";"17";"7";"2";"7683";"214.";"4.3";"7.7";"96.";"8.";"0.00";"0.00";"0.00"
"2019";"11";"17";"7";"3";"7684";"225.";"5.5";"7.9";"94.";"8.";"0.00";"0.00";"0.00"
"2019";"11";"17";"7";"4";"7685";"217.";"5.1";"7.9";"94.";"8.";"0.00";"0.00";"0.00"
"2019";"11";"17";"7";"5";"7686";"223.";"5.1";"7.8";"94.";"8.";"0.00";"0.00";"0.00"
"2019";"11";"17";"7";"6";"7687";"219.";"4.7";"8.0";"95.";"8.";"0.00";"0.00";"0.00"
"2019";"11";"17";"7";"7";"7688";"230.";"3.9";"7.7";"94.";"8.";"0.00";"0.00";"0.00"
"2019";"11";"17";"7";"8";"7689";"233.";"3.7";"7.5";"94.";"8.";"0.00";"0.00";"0.00"
"2019";"11";"17";"7";"9";"7690";"226.";"3.3";"7.4";"94.";"8.";"11.61";"0.00";"11.61"
"2019";"11";"17";"7";"10";"7691";"235.";"2.5";"7.4";"94.";"8.";"25.66";"0.00";"25.66"
"2019";"11";"17";"7";"11";"7692";"222.";"1.8";"7.3";"94.";"8.";"33.13";"0.00";"33.13"
"2019";"11";"17";"7";"12";"7693";"225.";"2.2";"7.5";"95.";"8.";"48.70";"0.00";"48.70"
"2019";"11";"17";"7";"13";"7694";"205.";"3.2";"7.4";"95.";"7.";"54.85";"37.52";"47.80"
"2019";"11";"17";"7";"14";"7695";"203.";"3.9";"7.5";"94.";"8.";"19.28";"0.00";"19.28"
"2019";"11";"17";"7";"15";"7696";"189.";"3.4";"7.5";"94.";"8.";"0.00";"0.00";"0.00"
"2019";"11";"17";"7";"16";"7697";"179.";"3.1";"7.3";"93.";"8.";"0.00";"0.00";"0.00"
"2019";"11";"17";"7";"17";"7698";"164.";"3.3";"7.0";"93.";"8.";"0.00";"0.00";"0.00"
"2019";"11";"17";"7";"18";"7699";"162.";"2.5";"6.9";"92.";"8.";"0.00";"0.00";"0.00"
"2019";"11";"17";"7";"19";"7700";"146.";"3.0";"6.6";"92.";"8.";"0.00";"0.00";"0.00"
"2019";"11";"17";"7";"20";"7701";"129.";"2.1";"6.1";"91.";"7.";"0.00";"0.00";"0.00"
"2019";"11";"17";"7";"21";"7702";"100.";"2.2";"5.6";"93.";"8.";"0.00";"0.00";"0.00"
"2019";"11";"17";"7";"22";"7703";"94.";"2.1";"5.2";"92.";"8.";"0.00";"0.00";"0.00"
"2019";"11";"17";"7";"23";"7704";"78.";"1.9";"5.2";"92.";"8.";"0.00";"0.00";"0.00"
"2019";"11";"18";"1";"0";"7705";"74.";"2.5";"5.2";"91.";"8.";"0.00";"0.00";"0.00"
"2019";"11";"18";"1";"1";"7706";"69.";"3.0";"5.4";"91.";"8.";"0.00";"0.00";"0.00"
"2019";"11";"18";"1";"2";"7707";"55.";"3.5";"5.5";"91.";"8.";"0.00";"0.00";"0.00"
"2019";"11";"18";"1";"3";"7708";"45.";"3.3";"5.7";"89.";"7.";"0.00";"0.00";"0.00"
"2019";"11";"18";"1";"4";"7709";"56.";"4.3";"5.8";"88.";"8.";"0.00";"0.00";"0.00"
"2019";"11";"18";"1";"5";"7710";"61.";"4.8";"5.9";"86.";"8.";"0.00";"0.00";"0.00"
"2019";"11";"18";"1";"6";"7711";"71.";"4.2";"6.2";"84.";"8.";"0.00";"0.00";"0.00"
"2019";"11";"18";"1";"7";"7712";"76.";"4.1";"6.3";"83.";"8.";"0.00";"0.00";"0.00"
"2019";"11";"18";"1";"8";"7713";"86.";"3.9";"6.6";"86.";"8.";"0.00";"0.00";"0.00"
"2019";"11";"18";"1";"9";"7714";"93.";"3.3";"7.3";"87.";"8.";"22.26";"0.00";"22.26"
"2019";"11";"18";"1";"10";"7715";"97.";"2.6";"8.1";"87.";"8.";"45.75";"0.00";"45.75"
"2019";"11";"18";"1";"11";"7716";"101.";"3.0";"8.8";"87.";"8.";"58.24";"0.00";"58.24"
"2019";"11";"18";"1";"12";"7717";"101.";"3.3";"9.4";"85.";"7.";"77.57";"77.30";"60.71"
"2019";"11";"18";"1";"13";"7718";"108.";"2.6";"9.6";"83.";"7.";"60.05";"69.47";"47.26"
"2019";"11";"18";"1";"14";"7719";"107.";"2.5";"9.5";"84.";"7.";"27.91";"46.07";"22.46"
"2019";"11";"18";"1";"15";"7720";"102.";"2.6";"9.5";"84.";"7.";"0.00";"0.00";"0.00"
"2019";"11";"18";"1";"16";"7721";"109.";"2.7";"9.5";"86.";"8.";"0.00";"0.00";"0.00"
"2019";"11";"18";"1";"17";"7722";"108.";"2.8";"9.1";"88.";"8.";"0.00";"0.00";"0.00"
"2019";"11";"18";"1";"18";"7723";"111.";"2.4";"8.8";"91.";"8.";"0.00";"0.00";"0.00"
"2019";"11";"18";"1";"19";"7724";"110.";"2.5";"8.8";"91.";"8.";"0.00";"0.00";"0.00"
"2019";"11";"18";"1";"20";"7725";"116.";"2.1";"8.7";"92.";"8.";"0.00";"0.00";"0.00"
"2019";"11";"18";"1";"21";"7726";"112.";"2.7";"8.6";"93.";"8.";"0.00";"0.00";"0.00"
"2019";"11";"18";"1";"22";"7727";"114.";"3.1";"8.6";"93.";"8.";"0.00";"0.00";"0.00"
"2019";"11";"18";"1";"23";"7728";"114.";"3.4";"8.7";"93.";"8.";"0.00";"0.00";"0.00"
"2019";"11";"19";"2";"0";"7729";"111.";"3.8";"8.8";"93.";"8.";"0.00";"0.00";"0.00"
"2019";"11";"19";"2";"1";"7730";"120.";"3.6";"8.8";"93.";"8.";"0.00";"0.00";"0.00"
"2019";"11";"19";"2";"2";"7731";"146.";"4.0";"8.8";"95.";"8.";"0.00";"0.00";"0.00"
"2019";"11";"19";"2";"3";"7732";"177.";"5.5";"8.1";"95.";"8.";"0.00";"0.00";"0.00"
"2019";"11";"19";"2";"4";"7733";"176.";"5.8";"7.1";"91.";"8.";"0.00";"0.00";"0.00"
"2019";"11";"19";"2";"5";"7734";"172.";"4.9";"6.9";"90.";"8.";"0.00";"0.00";"0.00"
"2019";"11";"19";"2";"6";"7735";"171.";"3.6";"6.8";"90.";"8.";"0.00";"0.00";"0.00"
"2019";"11";"19";"2";"7";"7736";"148.";"3.6";"6.6";"92.";"8.";"0.00";"0.00";"0.00"
"2019";"11";"19";"2";"8";"7737";"152.";"3.3";"6.2";"89.";"8.";"0.00";"0.00";"0.00"
"2019";"11";"19";"2";"9";"7738";"142.";"3.6";"5.8";"90.";"7.";"28.83";"47.42";"23.39"
"2019";"11";"19";"2";"10";"7739";"140.";"3.9";"5.9";"90.";"8.";"45.45";"0.00";"45.45"
"2019";"11";"19";"2";"11";"7740";"141.";"3.7";"5.9";"87.";"8.";"59.24";"0.00";"59.24"
"2019";"11";"19";"2";"12";"7741";"141.";"4.0";"6.0";"85.";"8.";"60.84";"0.00";"60.84"
"2019";"11";"19";"2";"13";"7742";"138.";"3.6";"6.0";"83.";"6.";"76.55";"147.95";"49.87"
"2019";"11";"19";"2";"14";"7743";"142.";"3.3";"6.0";"84.";"8.";"22.83";"0.00";"22.83"
"2019";"11";"19";"2";"15";"7744";"133.";"3.3";"5.9";"88.";"6.";"0.00";"0.00";"0.00"
"2019";"11";"19";"2";"16";"7745";"130.";"3.0";"5.6";"89.";"7.";"0.00";"0.00";"0.00"
"2019";"11";"19";"2";"17";"7746";"135.";"3.0";"5.4";"90.";"6.";"0.00";"0.00";"0.00"
"2019";"11";"19";"2";"18";"7747";"133.";"3.1";"5.2";"92.";"7.";"0.00";"0.00";"0.00"
"2019";"11";"19";"2";"19";"7748";"134.";"2.9";"5.1";"93.";"3.";"0.00";"0.00";"0.00"
"2019";"11";"19";"2";"20";"7749";"122.";"3.2";"5.1";"93.";"8.";"0.00";"0.00";"0.00"
"2019";"11";"19";"2";"21";"7750";"119.";"3.3";"5.2";"92.";"8.";"0.00";"0.00";"0.00"
"2019";"11";"19";"2";"22";"7751";"121.";"2.7";"4.8";"93.";"3.";"0.00";"0.00";"0.00"
"2019";"11";"19";"2";"23";"7752";"113.";"2.1";"5.2";"93.";"8.";"0.00";"0.00";"0.00"
"2019";"11";"20";"3";"0";"7753";"102.";"1.7";"5.4";"93.";"8.";"0.00";"0.00";"0.00"
"2019";"11";"20";"3";"1";"7754";"108.";"2.0";"5.5";"94.";"8.";"0.00";"0.00";"0.00"
"2019";"11";"20";"3";"2";"7755";"113.";"1.5";"5.8";"94.";"8.";"0.00";"0.00";"0.00"
"2019";"11";"20";"3";"3";"7756";"112.";"2.6";"6.0";"94.";"8.";"0.00";"0.00";"0.00"
"2019";"11";"20";"3";"4";"7757";"122.";"2.2";"6.3";"94.";"8.";"0.00";"0.00";"0.00"
"2019";"11";"20";"3";"5";"7758";"119.";"2.0";"6.7";"95.";"7.";"0.00";"0.00";"0.00"
"2019";"11";"20";"3";"6";"7759";"122.";"1.8";"7.0";"95.";"8.";"0.00";"0.00";"0.00"
"2019";"11";"20";"3";"7";"7760";"124.";"2.3";"7.2";"96.";"8.";"0.00";"0.00";"0.00"
"2019";"11";"20";"3";"8";"7761";"133.";"3.2";"7.4";"95.";"8.";"0.00";"0.00";"0.00"
"2019";"11";"20";"3";"9";"7762";"122.";"2.9";"7.3";"94.";"8.";"16.54";"0.00";"16.54"
"2019";"11";"20";"3";"10";"7763";"126.";"3.1";"7.2";"92.";"8.";"39.70";"0.00";"39.70"
"2019";"11";"20";"3";"11";"7764";"122.";"3.1";"7.1";"90.";"5.";"110.23";"233.21";"61.09"
"2019";"11";"20";"3";"12";"7765";"117.";"2.8";"6.9";"87.";"7.";"78.24";"82.28";"60.90"
"2019";"11";"20";"3";"13";"7766";"110.";"2.6";"7.1";"85.";"6.";"72.71";"143.52";"47.35"
"2019";"11";"20";"3";"14";"7767";"87.";"2.0";"6.8";"86.";"6.";"33.38";"92.53";"23.09"
"2019";"11";"20";"3";"15";"7768";"68.";"2.7";"6.6";"87.";"8.";"0.00";"0.00";"0.00"
"2019";"11";"20";"3";"16";"7769";"64.";"3.3";"6.6";"88.";"7.";"0.00";"0.00";"0.00"
"2019";"11";"20";"3";"17";"7770";"67.";"4.0";"6.7";"88.";"8.";"0.00";"0.00";"0.00"
"2019";"11";"20";"3";"18";"7771";"63.";"3.2";"6.6";"88.";"8.";"0.00";"0.00";"0.00"
"2019";"11";"20";"3";"19";"7772";"67.";"2.7";"6.8";"88.";"8.";"0.00";"0.00";"0.00"
"2019";"11";"20";"3";"20";"7773";"74.";"2.9";"7.0";"89.";"8.";"0.00";"0.00";"0.00"
"2019";"11";"20";"3";"21";"7774";"77.";"3.1";"7.5";"87.";"8.";"0.00";"0.00";"0.00"
"2019";"11";"20";"3";"22";"7775";"88.";"3.8";"7.8";"87.";"8.";"0.00";"0.00";"0.00"
"2019";"11";"20";"3";"23";"7776";"91.";"4.5";"7.9";"86.";"8.";"0.00";"0.00";"0.00"
"2019";"11";"21";"4";"0";"7777";"97.";"4.5";"7.9";"85.";"8.";"0.00";"0.00";"0.00"
"2019";"11";"21";"4";"1";"7778";"98.";"5.2";"7.9";"85.";"8.";"0.00";"0.00";"0.00"
"2019";"11";"21";"4";"2";"7779";"92.";"4.7";"7.9";"85.";"8.";"0.00";"0.00";"0.00"
"2019";"11";"21";"4";"3";"7780";"102.";"4.2";"8.0";"87.";"8.";"0.00";"0.00";"0.00"
"2019";"11";"21";"4";"4";"7781";"93.";"4.4";"8.0";"86.";"8.";"0.00";"0.00";"0.00"
"2019";"11";"21";"4";"5";"7782";"92.";"4.3";"7.9";"88.";"8.";"0.00";"0.00";"0.00"
"2019";"11";"21";"4";"6";"7783";"101.";"4.6";"7.9";"90.";"8.";"0.00";"0.00";"0.00"
"2019";"11";"21";"4";"7";"7784";"112.";"4.0";"8.0";"90.";"7.";"0.00";"0.00";"0.00"
"2019";"11";"21";"4";"8";"7785";"116.";"3.2";"8.0";"90.";"8.";"0.00";"0.00";"0.00"
"2019";"11";"21";"4";"9";"7786";"110.";"2.6";"8.1";"90.";"7.";"21.17";"25.54";"18.42"
"2019";"11";"21";"4";"10";"7787";"107.";"2.8";"8.4";"91.";"8.";"37.68";"0.00";"37.68"
"2019";"11";"21";"4";"11";"7788";"109.";"2.4";"8.6";"92.";"7.";"71.62";"74.94";"56.10"
"2019";"11";"21";"4";"12";"7789";"106.";"2.8";"9.0";"90.";"8.";"49.43";"0.00";"49.43"
"2019";"11";"21";"4";"13";"7790";"115.";"2.7";"9.2";"89.";"8.";"40.52";"0.00";"40.52"
"2019";"11";"21";"4";"14";"7791";"110.";"3.3";"9.2";"87.";"7.";"22.44";"38.36";"18.31"
"2019";"11";"21";"4";"15";"7792";"103.";"3.2";"9.1";"87.";"8.";"0.00";"0.00";"0.00"
"2019";"11";"21";"4";"16";"7793";"97.";"3.1";"9.1";"86.";"8.";"0.00";"0.00";"0.00"
"2019";"11";"21";"4";"17";"7794";"98.";"3.6";"9.1";"86.";"8.";"0.00";"0.00";"0.00"
"2019";"11";"21";"4";"18";"7795";"103.";"3.6";"9.1";"86.";"7.";"0.00";"0.00";"0.00"
"2019";"11";"21";"4";"19";"7796";"101.";"4.1";"8.9";"85.";"8.";"0.00";"0.00";"0.00"
"2019";"11";"21";"4";"20";"7797";"99.";"4.2";"8.6";"87.";"8.";"0.00";"0.00";"0.00"
"2019";"11";"21";"4";"21";"7798";"101.";"5.0";"8.4";"87.";"8.";"0.00";"0.00";"0.00"
"2019";"11";"21";"4";"22";"7799";"106.";"4.8";"8.3";"86.";"8.";"0.00";"0.00";"0.00"
"2019";"11";"21";"4";"23";"7800";"100.";"5.0";"8.0";"86.";"8.";"0.00";"0.00";"0.00"
"2019";"11";"22";"5";"0";"7801";"99.";"4.8";"7.9";"85.";"8.";"0.00";"0.00";"0.00"
"2019";"11";"22";"5";"1";"7802";"97.";"4.7";"7.4";"88.";"8.";"0.00";"0.00";"0.00"
"2019";"11";"22";"5";"2";"7803";"102.";"4.4";"7.2";"90.";"8.";"0.00";"0.00";"0.00"
"2019";"11";"22";"5";"3";"7804";"105.";"5.2";"7.1";"89.";"8.";"0.00";"0.00";"0.00"
"2019";"11";"22";"5";"4";"7805";"104.";"5.3";"7.1";"89.";"8.";"0.00";"0.00";"0.00"
"2019";"11";"22";"5";"5";"7806";"101.";"5.8";"7.2";"87.";"8.";"0.00";"0.00";"0.00"
"2019";"11";"22";"5";"6";"7807";"101.";"4.3";"7.1";"88.";"8.";"0.00";"0.00";"0.00"
"2019";"11";"22";"5";"7";"7808";"96.";"4.0";"6.8";"89.";"8.";"0.00";"0.00";"0.00"
"2019";"11";"22";"5";"8";"7809";"97.";"4.6";"6.6";"90.";"8.";"0.00";"0.00";"0.00"
"2019";"11";"22";"5";"9";"7810";"104.";"4.8";"6.7";"91.";"8.";"10.03";"0.00";"10.03"
"2019";"11";"22";"5";"10";"7811";"108.";"4.5";"6.9";"91.";"7.";"33.61";"32.61";"28.07"
"2019";"11";"22";"5";"11";"7812";"107.";"5.2";"7.1";"91.";"8.";"31.25";"0.00";"31.25"
"2019";"11";"22";"5";"12";"7813";"109.";"5.2";"7.4";"90.";"7.";"71.48";"76.18";"55.96"
"2019";"11";"22";"5";"13";"7814";"109.";"5.2";"7.5";"89.";"7.";"50.85";"46.72";"42.92"
"2019";"11";"22";"5";"14";"7815";"110.";"4.7";"7.5";"90.";"8.";"15.99";"0.00";"15.99"
"2019";"11";"22";"5";"15";"7816";"115.";"4.8";"7.6";"91.";"7.";"0.00";"0.00";"0.00"
"2019";"11";"22";"5";"16";"7817";"118.";"4.7";"7.7";"90.";"8.";"0.00";"0.00";"0.00"
"2019";"11";"22";"5";"17";"7818";"118.";"4.4";"7.8";"90.";"8.";"0.00";"0.00";"0.00"
"2019";"11";"22";"5";"18";"7819";"116.";"4.1";"7.8";"91.";"8.";"0.00";"0.00";"0.00"
"2019";"11";"22";"5";"19";"7820";"116.";"3.7";"7.8";"91.";"8.";"0.00";"0.00";"0.00"
"2019";"11";"22";"5";"20";"7821";"117.";"3.7";"7.7";"92.";"8.";"0.00";"0.00";"0.00"
"2019";"11";"22";"5";"21";"7822";"116.";"3.8";"7.8";"92.";"8.";"0.00";"0.00";"0.00"
"2019";"11";"22";"5";"22";"7823";"113.";"3.9";"7.7";"93.";"7.";"0.00";"0.00";"0.00"
"2019";"11";"22";"5";"23";"7824";"109.";"3.8";"7.7";"93.";"7.";"0.00";"0.00";"0.00"
"2019";"11";"23";"6";"0";"7825";"104.";"4.3";"7.7";"92.";"8.";"0.00";"0.00";"0.00"
"2019";"11";"23";"6";"1";"7826";"107.";"4.0";"7.6";"91.";"8.";"0.00";"0.00";"0.00"
"2019";"11";"23";"6";"2";"7827";"106.";"3.5";"7.6";"91.";"8.";"0.00";"0.00";"0.00"
"2019";"11";"23";"6";"3";"7828";"105.";"3.6";"7.4";"90.";"8.";"0.00";"0.00";"0.00"
"2019";"11";"23";"6";"4";"7829";"104.";"3.6";"7.2";"89.";"8.";"0.00";"0.00";"0.00"
"2019";"11";"23";"6";"5";"7830";"108.";"3.3";"7.1";"89.";"8.";"0.00";"0.00";"0.00"
"2019";"11";"23";"6";"6";"7831";"106.";"3.6";"7.1";"88.";"7.";"0.00";"0.00";"0.00"
"2019";"11";"23";"6";"7";"7832";"104.";"3.6";"7.0";"89.";"7.";"0.00";"0.00";"0.00"
"2019";"11";"23";"6";"8";"7833";"103.";"3.5";"7.1";"89.";"8.";"0.00";"0.00";"0.00"
"2019";"11";"23";"6";"9";"7834";"108.";"3.8";"7.2";"89.";"8.";"15.18";"0.00";"15.18"
"2019";"11";"23";"6";"10";"7835";"101.";"3.9";"7.2";"88.";"8.";"36.85";"0.00";"36.85"
"2019";"11";"23";"6";"11";"7836";"100.";"4.7";"7.1";"89.";"8.";"48.63";"0.00";"48.63"
"2019";"11";"23";"6";"12";"7837";"102.";"3.7";"7.0";"89.";"8.";"49.96";"0.00";"49.96"
"2019";"11";"23";"6";"13";"7838";"97.";"4.7";"6.9";"88.";"8.";"38.94";"0.00";"38.94"
"2019";"11";"23";"6";"14";"7839";"94.";"4.5";"6.8";"87.";"8.";"16.00";"0.00";"16.00"
"2019";"11";"23";"6";"15";"7840";"95.";"4.0";"6.5";"88.";"7.";"0.00";"0.00";"0.00"
"2019";"11";"23";"6";"16";"7841";"95.";"3.9";"6.4";"87.";"8.";"0.00";"0.00";"0.00"
"2019";"11";"23";"6";"17";"7842";"92.";"3.7";"6.2";"87.";"8.";"0.00";"0.00";"0.00"
"2019";"11";"23";"6";"18";"7843";"87.";"3.7";"6.1";"88.";"8.";"0.00";"0.00";"0.00"
"2019";"11";"23";"6";"19";"7844";"88.";"4.6";"6.1";"88.";"8.";"0.00";"0.00";"0.00"
"2019";"11";"23";"6";"20";"7845";"90.";"4.8";"6.0";"88.";"8.";"0.00";"0.00";"0.00"
"2019";"11";"23";"6";"21";"7846";"96.";"5.0";"5.7";"88.";"8.";"0.00";"0.00";"0.00"
"2019";"11";"23";"6";"22";"7847";"96.";"6.0";"5.4";"88.";"8.";"0.00";"0.00";"0.00"
"2019";"11";"23";"6";"23";"7848";"96.";"4.8";"5.3";"87.";"8.";"0.00";"0.00";"0.00"
"2019";"11";"24";"7";"0";"7849";"95.";"4.5";"5.3";"87.";"8.";"0.00";"0.00";"0.00"
"2019";"11";"24";"7";"1";"7850";"88.";"3.6";"5.4";"87.";"8.";"0.00";"0.00";"0.00"
"2019";"11";"24";"7";"2";"7851";"87.";"3.8";"5.3";"87.";"8.";"0.00";"0.00";"0.00"
"2019";"11";"24";"7";"3";"7852";"90.";"4.1";"5.1";"87.";"8.";"0.00";"0.00";"0.00"
"2019";"11";"24";"7";"4";"7853";"92.";"3.7";"5.0";"88.";"8.";"0.00";"0.00";"0.00"
"2019";"11";"24";"7";"5";"7854";"90.";"3.8";"4.9";"88.";"8.";"0.00";"0.00";"0.00"
"2019";"11";"24";"7";"6";"7855";"92.";"4.5";"4.9";"87.";"8.";"0.00";"0.00";"0.00"
"2019";"11";"24";"7";"7";"7856";"93.";"4.7";"4.8";"87.";"8.";"0.00";"0.00";"0.00"
"2019";"11";"24";"7";"8";"7857";"94.";"4.9";"4.6";"87.";"8.";"0.00";"0.00";"0.00"
"2019";"11";"24";"7";"9";"7858";"95.";"4.9";"4.4";"86.";"8.";"17.74";"0.00";"17.74"
"2019";"11";"24";"7";"10";"7859";"99.";"4.5";"4.6";"85.";"8.";"42.09";"0.00";"42.09"
"2019";"11";"24";"7";"11";"7860";"98.";"4.0";"4.8";"85.";"8.";"54.73";"0.00";"54.73"
"2019";"11";"24";"7";"12";"7861";"98.";"3.7";"5.1";"84.";"8.";"54.65";"0.00";"54.65"
"2019";"11";"24";"7";"13";"7862";"99.";"3.4";"5.2";"85.";"8.";"40.71";"0.00";"40.71"
"2019";"11";"24";"7";"14";"7863";"102.";"3.4";"5.1";"85.";"8.";"16.81";"0.00";"16.81"
"2019";"11";"24";"7";"15";"7864";"102.";"3.3";"4.9";"86.";"8.";"0.00";"0.00";"0.00"
"2019";"11";"24";"7";"16";"7865";"105.";"3.8";"4.9";"85.";"8.";"0.00";"0.00";"0.00"
"2019";"11";"24";"7";"17";"7866";"99.";"4.1";"5.0";"85.";"8.";"0.00";"0.00";"0.00"
"2019";"11";"24";"7";"18";"7867";"91.";"4.1";"4.9";"86.";"8.";"0.00";"0.00";"0.00"
"2019";"11";"24";"7";"19";"7868";"86.";"3.0";"4.8";"86.";"8.";"0.00";"0.00";"0.00"
"2019";"11";"24";"7";"20";"7869";"85.";"2.8";"4.8";"86.";"8.";"0.00";"0.00";"0.00"
"2019";"11";"24";"7";"21";"7870";"87.";"3.0";"4.8";"87.";"8.";"0.00";"0.00";"0.00"
"2019";"11";"24";"7";"22";"7871";"91.";"2.6";"4.8";"87.";"8.";"0.00";"0.00";"0.00"
"2019";"11";"24";"7";"23";"7872";"99.";"2.1";"4.9";"87.";"8.";"0.00";"0.00";"0.00"
"2019";"11";"25";"1";"0";"7873";"88.";"2.9";"5.0";"87.";"8.";"0.00";"0.00";"0.00"
"2019";"11";"25";"1";"1";"7874";"88.";"2.9";"4.9";"86.";"8.";"0.00";"0.00";"0.00"
"2019";"11";"25";"1";"2";"7875";"87.";"2.6";"4.9";"86.";"8.";"0.00";"0.00";"0.00"
"2019";"11";"25";"1";"3";"7876";"85.";"2.0";"4.8";"87.";"8.";"0.00";"0.00";"0.00"
"2019";"11";"25";"1";"4";"7877";"88.";"2.3";"4.8";"87.";"8.";"0.00";"0.00";"0.00"
"2019";"11";"25";"1";"5";"7878";"92.";"2.4";"4.8";"88.";"8.";"0.00";"0.00";"0.00"
"2019";"11";"25";"1";"6";"7879";"101.";"2.1";"4.9";"88.";"8.";"0.00";"0.00";"0.00"
"2019";"11";"25";"1";"7";"7880";"108.";"2.2";"5.0";"88.";"8.";"0.00";"0.00";"0.00"
"2019";"11";"25";"1";"8";"7881";"114.";"2.1";"5.0";"88.";"8.";"0.00";"0.00";"0.00"
"2019";"11";"25";"1";"9";"7882";"113.";"2.3";"5.1";"89.";"8.";"14.58";"0.00";"14.58"
"2019";"11";"25";"1";"10";"7883";"111.";"2.1";"5.0";"88.";"8.";"37.22";"0.00";"37.22"
"2019";"11";"25";"1";"11";"7884";"107.";"2.1";"5.1";"88.";"8.";"50.44";"0.00";"50.44"
"2019";"11";"25";"1";"12";"7885";"112.";"1.8";"5.1";"88.";"8.";"47.35";"0.00";"47.35"
"2019";"11";"25";"1";"13";"7886";"112.";"1.8";"5.1";"88.";"8.";"36.19";"0.00";"36.19"
"2019";"11";"25";"1";"14";"7887";"109.";"1.9";"5.1";"88.";"8.";"14.51";"0.00";"14.51"
"2019";"11";"25";"1";"15";"7888";"102.";"2.0";"5.0";"88.";"8.";"0.00";"0.00";"0.00"
"2019";"11";"25";"1";"16";"7889";"108.";"1.9";"4.9";"88.";"8.";"0.00";"0.00";"0.00"
"2019";"11";"25";"1";"17";"7890";"114.";"2.0";"4.8";"88.";"8.";"0.00";"0.00";"0.00"
"2019";"11";"25";"1";"18";"7891";"121.";"1.8";"4.7";"89.";"8.";"0.00";"0.00";"0.00"
"2019";"11";"25";"1";"19";"7892";"128.";"1.8";"4.7";"89.";"8.";"0.00";"0.00";"0.00"
"2019";"11";"25";"1";"20";"7893";"128.";"1.7";"4.8";"90.";"8.";"0.00";"0.00";"0.00"
"2019";"11";"25";"1";"21";"7894";"122.";"2.3";"4.6";"91.";"8.";"0.00";"0.00";"0.00"
"2019";"11";"25";"1";"22";"7895";"122.";"2.2";"4.6";"92.";"8.";"0.00";"0.00";"0.00"
"2019";"11";"25";"1";"23";"7896";"126.";"2.3";"4.6";"92.";"8.";"0.00";"0.00";"0.00"
"2019";"11";"26";"2";"0";"7897";"118.";"2.4";"4.5";"92.";"8.";"0.00";"0.00";"0.00"
"2019";"11";"26";"2";"1";"7898";"118.";"2.5";"4.5";"93.";"8.";"0.00";"0.00";"0.00"
"2019";"11";"26";"2";"2";"7899";"120.";"2.5";"4.5";"93.";"8.";"0.00";"0.00";"0.00"
"2019";"11";"26";"2";"3";"7900";"120.";"2.8";"4.3";"94.";"8.";"0.00";"0.00";"0.00"
"2019";"11";"26";"2";"4";"7901";"116.";"2.8";"4.3";"95.";"8.";"0.00";"0.00";"0.00"
"2019";"11";"26";"2";"5";"7902";"116.";"2.6";"4.4";"96.";"8.";"0.00";"0.00";"0.00"
"2019";"11";"26";"2";"6";"7903";"122.";"2.5";"4.5";"95.";"8.";"0.00";"0.00";"0.00"
"2019";"11";"26";"2";"7";"7904";"125.";"3.1";"4.7";"95.";"8.";"0.00";"0.00";"0.00"
"2019";"11";"26";"2";"8";"7905";"122.";"3.4";"4.8";"94.";"8.";"0.00";"0.00";"0.00"
"2019";"11";"26";"2";"9";"7906";"135.";"2.7";"5.0";"94.";"8.";"12.30";"0.00";"12.30"
"2019";"11";"26";"2";"10";"7907";"132.";"2.8";"5.3";"94.";"8.";"32.56";"0.00";"32.56"
"2019";"11";"26";"2";"11";"7908";"120.";"2.6";"5.6";"94.";"8.";"43.61";"0.00";"43.61"
"2019";"11";"26";"2";"12";"7909";"121.";"2.5";"5.6";"93.";"8.";"44.67";"0.00";"44.67"
"2019";"11";"26";"2";"13";"7910";"118.";"3.2";"5.6";"94.";"8.";"18.96";"0.00";"18.96"
"2019";"11";"26";"2";"14";"7911";"119.";"3.0";"5.7";"94.";"8.";"7.02";"0.00";"7.02"
"2019";"11";"26";"2";"15";"7912";"117.";"3.3";"5.6";"94.";"8.";"0.00";"0.00";"0.00"
"2019";"11";"26";"2";"16";"7913";"114.";"3.9";"5.7";"94.";"8.";"0.00";"0.00";"0.00"
"2019";"11";"26";"2";"17";"7914";"124.";"3.3";"5.7";"94.";"8.";"0.00";"0.00";"0.00"
"2019";"11";"26";"2";"18";"7915";"125.";"2.7";"5.8";"95.";"8.";"0.00";"0.00";"0.00"
"2019";"11";"26";"2";"19";"7916";"147.";"1.8";"5.9";"95.";"8.";"0.00";"0.00";"0.00"
"2019";"11";"26";"2";"20";"7917";"133.";"2.1";"6.0";"95.";"8.";"0.00";"0.00";"0.00"
"2019";"11";"26";"2";"21";"7918";"143.";"1.8";"6.0";"95.";"8.";"0.00";"0.00";"0.00"
"2019";"11";"26";"2";"22";"7919";"158.";"1.8";"6.0";"95.";"8.";"0.00";"0.00";"0.00"
"2019";"11";"26";"2";"23";"7920";"157.";"1.9";"5.9";"96.";"8.";"0.00";"0.00";"0.00"
"2019";"11";"27";"3";"0";"7921";"153.";"1.9";"5.9";"95.";"8.";"0.00";"0.00";"0.00"
"2019";"11";"27";"3";"1";"7922";"125.";"2.3";"6.0";"95.";"8.";"0.00";"0.00";"0.00"
"2019";"11";"27";"3";"2";"7923";"122.";"2.3";"6.0";"96.";"8.";"0.00";"0.00";"0.00"
"2019";"11";"27";"3";"3";"7924";"111.";"3.0";"6.0";"96.";"8.";"0.00";"0.00";"0.00"
"2019";"11";"27";"3";"4";"7925";"116.";"2.8";"5.9";"96.";"8.";"0.00";"0.00";"0.00"
"2019";"11";"27";"3";"5";"7926";"119.";"2.7";"5.9";"96.";"8.";"0.00";"0.00";"0.00"
"2019";"11";"27";"3";"6";"7927";"117.";"2.8";"6.0";"96.";"8.";"0.00";"0.00";"0.00"
"2019";"11";"27";"3";"7";"7928";"115.";"3.2";"6.1";"96.";"8.";"0.00";"0.00";"0.00"
"2019";"11";"27";"3";"8";"7929";"120.";"2.5";"6.1";"96.";"8.";"0.00";"0.00";"0.00"
"2019";"11";"27";"3";"9";"7930";"110.";"2.4";"6.3";"96.";"8.";"9.68";"0.00";"9.68"
"2019";"11";"27";"3";"10";"7931";"114.";"2.3";"6.4";"95.";"8.";"30.00";"0.00";"30.00"
"2019";"11";"27";"3";"11";"7932";"114.";"3.0";"6.6";"95.";"8.";"35.62";"0.00";"35.62"
"2019";"11";"27";"3";"12";"7933";"119.";"2.5";"6.8";"95.";"8.";"42.77";"0.00";"42.77"
"2019";"11";"27";"3";"13";"7934";"103.";"2.6";"7.0";"95.";"8.";"30.41";"0.00";"30.41"
"2019";"11";"27";"3";"14";"7935";"105.";"2.6";"7.0";"94.";"8.";"11.09";"0.00";"11.09"
"2019";"11";"27";"3";"15";"7936";"102.";"2.9";"6.9";"94.";"8.";"0.00";"0.00";"0.00"
"2019";"11";"27";"3";"16";"7937";"105.";"3.4";"6.9";"94.";"8.";"0.00";"0.00";"0.00"
"2019";"11";"27";"3";"17";"7938";"98.";"3.5";"6.8";"93.";"8.";"0.00";"0.00";"0.00"
"2019";"11";"27";"3";"18";"7939";"101.";"3.5";"6.8";"93.";"8.";"0.00";"0.00";"0.00"
"2019";"11";"27";"3";"19";"7940";"108.";"3.2";"6.9";"93.";"8.";"0.00";"0.00";"0.00"
"2019";"11";"27";"3";"20";"7941";"107.";"3.3";"6.8";"94.";"8.";"0.00";"0.00";"0.00"
"2019";"11";"27";"3";"21";"7942";"107.";"2.9";"6.9";"95.";"8.";"0.00";"0.00";"0.00"
"2019";"11";"27";"3";"22";"7943";"113.";"2.9";"6.9";"94.";"8.";"0.00";"0.00";"0.00"
"2019";"11";"27";"3";"23";"7944";"114.";"3.0";"7.0";"94.";"8.";"0.00";"0.00";"0.00"
"2019";"11";"28";"4";"0";"7945";"122.";"3.2";"7.0";"94.";"8.";"0.00";"0.00";"0.00"
"2019";"11";"28";"4";"1";"7946";"130.";"2.3";"6.8";"94.";"8.";"0.00";"0.00";"0.00"
"2019";"11";"28";"4";"2";"7947";"128.";"2.4";"6.8";"94.";"8.";"0.00";"0.00";"0.00"
"2019";"11";"28";"4";"3";"7948";"145.";"2.9";"6.8";"95.";"8.";"0.00";"0.00";"0.00"
"2019";"11";"28";"4";"4";"7949";"150.";"3.0";"6.9";"96.";"8.";"0.00";"0.00";"0.00"
"2019";"11";"28";"4";"5";"7950";"145.";"2.9";"7.1";"96.";"8.";"0.00";"0.00";"0.00"
"2019";"11";"28";"4";"6";"7951";"143.";"3.0";"7.2";"96.";"8.";"0.00";"0.00";"0.00"
"2019";"11";"28";"4";"7";"7952";"137.";"3.5";"7.3";"96.";"8.";"0.00";"0.00";"0.00"
"2019";"11";"28";"4";"8";"7953";"130.";"3.1";"7.3";"95.";"8.";"0.00";"0.00";"0.00"
"2019";"11";"28";"4";"9";"7954";"115.";"2.8";"7.3";"95.";"8.";"8.48";"0.00";"8.48"
"2019";"11";"28";"4";"10";"7955";"108.";"2.3";"7.4";"95.";"8.";"17.13";"0.00";"17.13"
"2019";"11";"28";"4";"11";"7956";"95.";"2.3";"7.5";"95.";"8.";"23.14";"0.00";"23.14"
"2019";"11";"28";"4";"12";"7957";"84.";"1.7";"7.6";"95.";"8.";"23.62";"0.00";"23.62"
"2019";"11";"28";"4";"13";"7958";"74.";"1.3";"7.5";"95.";"8.";"16.50";"0.00";"16.50"
"2019";"11";"28";"4";"14";"7959";"53.";"0.9";"7.5";"95.";"8.";"4.75";"0.00";"4.75"
"2019";"11";"28";"4";"15";"7960";"16.";"1.0";"7.4";"95.";"8.";"0.00";"0.00";"0.00"
"2019";"11";"28";"4";"16";"7961";"12.";"1.1";"7.4";"95.";"8.";"0.00";"0.00";"0.00"
"2019";"11";"28";"4";"17";"7962";"7.";"1.4";"7.2";"95.";"8.";"0.00";"0.00";"0.00"
"2019";"11";"28";"4";"18";"7963";"11.";"1.8";"7.0";"96.";"8.";"0.00";"0.00";"0.00"
"2019";"11";"28";"4";"19";"7964";"12.";"2.5";"6.2";"95.";"8.";"0.00";"0.00";"0.00"
"2019";"11";"28";"4";"20";"7965";"24.";"3.9";"5.3";"94.";"8.";"0.00";"0.00";"0.00"
"2019";"11";"28";"4";"21";"7966";"36.";"4.7";"4.2";"93.";"8.";"0.00";"0.00";"0.00"
"2019";"11";"28";"4";"22";"7967";"38.";"5.5";"3.3";"92.";"8.";"0.00";"0.00";"0.00"
"2019";"11";"28";"4";"23";"7968";"35.";"5.8";"2.6";"91.";"8.";"0.00";"0.00";"0.00"
"2019";"11";"29";"5";"0";"7969";"32.";"5.7";"2.2";"92.";"8.";"0.00";"0.00";"0.00"
"2019";"11";"29";"5";"1";"7970";"32.";"6.1";"1.8";"92.";"8.";"0.00";"0.00";"0.00"
"2019";"11";"29";"5";"2";"7971";"26.";"6.3";"1.4";"91.";"8.";"0.00";"0.00";"0.00"
"2019";"11";"29";"5";"3";"7972";"18.";"7.2";"0.8";"91.";"8.";"0.00";"0.00";"0.00"
"2019";"11";"29";"5";"4";"7973";"17.";"7.4";"0.4";"92.";"8.";"0.00";"0.00";"0.00"
"2019";"11";"29";"5";"5";"7974";"14.";"7.3";"0.1";"91.";"8.";"0.00";"0.00";"0.00"
"2019";"11";"29";"5";"6";"7975";"16.";"7.4";"-0.1";"87.";"8.";"0.00";"0.00";"0.00"
"2019";"11";"29";"5";"7";"7976";"15.";"6.7";"-0.1";"80.";"8.";"0.00";"0.00";"0.00"
"2019";"11";"29";"5";"8";"7977";"10.";"5.7";"-0.2";"78.";"3.";"0.00";"0.00";"0.00"
"2019";"11";"29";"5";"9";"7978";"1.";"5.9";"-0.2";"77.";"1.";"49.00";"323.01";"21.98"
"2019";"11";"29";"5";"10";"7979";"357.";"5.4";"0.1";"74.";"0.";"126.78";"589.93";"39.14"
"2019";"11";"29";"5";"11";"7980";"356.";"5.1";"0.8";"71.";"0.";"165.11";"635.53";"49.34"
"2019";"11";"29";"5";"12";"7981";"350.";"4.8";"1.2";"69.";"0.";"169.67";"659.78";"49.48"
"2019";"11";"29";"5";"13";"7982";"344.";"4.4";"1.5";"68.";"1.";"119.79";"515.50";"43.21"
"2019";"11";"29";"5";"14";"7983";"336.";"3.8";"1.5";"66.";"0.";"53.42";"373.45";"22.18"
"2019";"11";"29";"5";"15";"7984";"330.";"3.4";"1.1";"67.";"0.";"0.00";"0.00";"0.00"
"2019";"11";"29";"5";"16";"7985";"324.";"2.9";"0.8";"73.";"0.";"0.00";"0.00";"0.00"
"2019";"11";"29";"5";"17";"7986";"312.";"2.8";"0.0";"79.";"1.";"0.00";"0.00";"0.00"
"2019";"11";"29";"5";"18";"7987";"313.";"2.2";"-1.0";"85.";"0.";"0.00";"0.00";"0.00"
"2019";"11";"29";"5";"19";"7988";"327.";"1.6";"-1.2";"88.";"1.";"0.00";"0.00";"0.00"
"2019";"11";"29";"5";"20";"7989";"330.";"1.3";"-1.6";"89.";"0.";"0.00";"0.00";"0.00"
"2019";"11";"29";"5";"21";"7990";"301.";"2.0";"-2.3";"87.";"1.";"0.00";"0.00";"0.00"
"2019";"11";"29";"5";"22";"7991";"300.";"1.5";"-2.4";"87.";"0.";"0.00";"0.00";"0.00"
"2019";"11";"29";"5";"23";"7992";"301.";"1.1";"-2.3";"88.";"0.";"0.00";"0.00";"0.00"
"2019";"11";"30";"6";"0";"7993";"9.";"0.4";"-3.2";"87.";"0.";"0.00";"0.00";"0.00"
"2019";"11";"30";"6";"1";"7994";"60.";"0.4";"-3.7";"88.";"0.";"0.00";"0.00";"0.00"
"2019";"11";"30";"6";"2";"7995";"88.";"1.6";"-3.5";"89.";"1.";"0.00";"0.00";"0.00"
"2019";"11";"30";"6";"3";"7996";"104.";"1.0";"-4.0";"88.";"2.";"0.00";"0.00";"0.00"
"2019";"11";"30";"6";"4";"7997";"108.";"1.0";"-4.3";"89.";"1.";"0.00";"0.00";"0.00"
"2019";"11";"30";"6";"5";"7998";"106.";"1.2";"-4.3";"90.";"1.";"0.00";"0.00";"0.00"
"2019";"11";"30";"6";"6";"7999";"93.";"0.6";"-4.2";"90.";"0.";"0.00";"0.00";"0.00"
"2019";"11";"30";"6";"7";"8000";"108.";"0.4";"-4.3";"90.";"1.";"0.00";"0.00";"0.00"
"2019";"11";"30";"6";"8";"8001";"209.";"0.2";"-4.1";"89.";"0.";"0.00";"0.00";"0.00"
"2019";"11";"30";"6";"9";"8002";"255.";"0.8";"-2.7";"88.";"0.";"48.66";"316.47";"22.99"
"2019";"11";"30";"6";"10";"8003";"250.";"1.0";"-1.1";"86.";"0.";"119.35";"504.98";"45.65"
"2019";"11";"30";"6";"11";"8004";"264.";"1.0";"0.6";"83.";"0.";"154.49";"533.36";"58.74"
"2019";"11";"30";"6";"12";"8005";"280.";"0.8";"2.5";"78.";"0.";"154.03";"546.68";"55.90"
"2019";"11";"30";"6";"13";"8006";"312.";"0.8";"2.6";"75.";"0.";"115.36";"465.69";"47.40"
"2019";"11";"30";"6";"14";"8007";"344.";"0.9";"1.6";"79.";"0.";"43.71";"265.03";"22.21"
"2019";"11";"30";"6";"15";"8008";"25.";"0.9";"-0.5";"84.";"0.";"0.00";"0.00";"0.00"
"2019";"11";"30";"6";"16";"8009";"42.";"1.4";"-1.7";"85.";"0.";"0.00";"0.00";"0.00"
"2019";"11";"30";"6";"17";"8010";"34.";"1.1";"-2.2";"86.";"0.";"0.00";"0.00";"0.00"
"2019";"11";"30";"6";"18";"8011";"54.";"1.2";"-3.5";"88.";"0.";"0.00";"0.00";"0.00"
"2019";"11";"30";"6";"19";"8012";"64.";"1.2";"-3.9";"89.";"0.";"0.00";"0.00";"0.00"
"2019";"11";"30";"6";"20";"8013";"94.";"1.9";"-3.7";"89.";"0.";"0.00";"0.00";"0.00"
"2019";"11";"30";"6";"21";"8014";"99.";"2.0";"-4.2";"91.";"0.";"0.00";"0.00";"0.00"
"2019";"11";"30";"6";"22";"8015";"102.";"1.8";"-4.8";"90.";"0.";"0.00";"0.00";"0.00"
"2019";"11";"30";"6";"23";"8016";"114.";"1.7";"-5.1";"90.";"0.";"0.00";"0.00";"0.00"
"2019";"12";"1";"7";"0";"8017";"132.";"1.5";"-5.2";"89.";"0.";"0.00";"0.00";"0.00"
"2019";"12";"1";"7";"1";"8018";"150.";"1.3";"-5.2";"89.";"4.";"0.00";"0.00";"0.00"
"2019";"12";"1";"7";"2";"8019";"161.";"1.1";"-5.3";"89.";"6.";"0.00";"0.00";"0.00"
"2019";"12";"1";"7";"3";"8020";"122.";"1.4";"-4.9";"91.";"7.";"0.00";"0.00";"0.00"
"2019";"12";"1";"7";"4";"8021";"176.";"0.7";"-4.6";"91.";"4.";"0.00";"0.00";"0.00"
"2019";"12";"1";"7";"5";"8022";"208.";"0.9";"-4.5";"89.";"7.";"0.00";"0.00";"0.00"
"2019";"12";"1";"7";"6";"8023";"258.";"1.3";"-3.8";"86.";"7.";"0.00";"0.00";"0.00"
"2019";"12";"1";"7";"7";"8024";"293.";"2.0";"-3.8";"82.";"6.";"0.00";"0.00";"0.00"
"2019";"12";"1";"7";"8";"8025";"286.";"1.9";"-3.8";"84.";"8.";"0.00";"0.00";"0.00"
"2019";"12";"1";"7";"9";"8026";"273.";"1.9";"-3.2";"84.";"8.";"29.40";"0.00";"29.40"
"2019";"12";"1";"7";"10";"8027";"277.";"2.4";"-1.8";"84.";"8.";"80.44";"0.00";"80.44"
"2019";"12";"1";"7";"11";"8028";"278.";"3.1";"0.2";"84.";"7.";"103.19";"69.90";"90.82"
"2019";"12";"1";"7";"12";"8029";"277.";"3.7";"1.4";"83.";"6.";"116.24";"146.30";"90.34"
"2019";"12";"1";"7";"13";"8030";"280.";"3.2";"2.4";"82.";"8.";"36.17";"0.00";"36.17"
"2019";"12";"1";"7";"14";"8031";"275.";"3.6";"3.0";"82.";"8.";"24.99";"0.00";"24.99"
"2019";"12";"1";"7";"15";"8032";"274.";"4.9";"4.5";"84.";"7.";"0.00";"0.00";"0.00"
"2019";"12";"1";"7";"16";"8033";"281.";"5.5";"5.5";"82.";"8.";"0.00";"0.00";"0.00"
"2019";"12";"1";"7";"17";"8034";"283.";"5.2";"5.7";"83.";"7.";"0.00";"0.00";"0.00"
"2019";"12";"1";"7";"18";"8035";"284.";"3.8";"5.0";"84.";"7.";"0.00";"0.00";"0.00"
"2019";"12";"1";"7";"19";"8036";"278.";"3.2";"3.9";"87.";"3.";"0.00";"0.00";"0.00"
"2019";"12";"1";"7";"20";"8037";"290.";"1.6";"2.9";"89.";"1.";"0.00";"0.00";"0.00"
"2019";"12";"1";"7";"21";"8038";"296.";"1.4";"1.5";"90.";"5.";"0.00";"0.00";"0.00"
"2019";"12";"1";"7";"22";"8039";"300.";"1.4";"0.8";"92.";"1.";"0.00";"0.00";"0.00"
"2019";"12";"1";"7";"23";"8040";"286.";"1.2";"-0.1";"93.";"3.";"0.00";"0.00";"0.00"
"2019";"12";"2";"1";"0";"8041";"328.";"0.9";"-0.3";"94.";"6.";"0.00";"0.00";"0.00"
"2019";"12";"2";"1";"1";"8042";"342.";"1.1";"-1.1";"94.";"0.";"0.00";"0.00";"0.00"
"2019";"12";"2";"1";"2";"8043";"360.";"1.4";"-1.9";"94.";"0.";"0.00";"0.00";"0.00"
"2019";"12";"2";"1";"3";"8044";"346.";"1.9";"-2.4";"94.";"0.";"0.00";"0.00";"0.00"
"2019";"12";"2";"1";"4";"8045";"17.";"1.7";"-2.9";"93.";"0.";"0.00";"0.00";"0.00"
"2019";"12";"2";"1";"5";"8046";"16.";"1.7";"-3.4";"93.";"4.";"0.00";"0.00";"0.00"
"2019";"12";"2";"1";"6";"8047";"38.";"1.4";"-3.4";"94.";"5.";"0.00";"0.00";"0.00"
"2019";"12";"2";"1";"7";"8048";"37.";"1.4";"-3.9";"94.";"6.";"0.00";"0.00";"0.00"
"2019";"12";"2";"1";"8";"8049";"30.";"1.7";"-3.8";"95.";"8.";"0.00";"0.00";"0.00"
"2019";"12";"2";"1";"9";"8050";"36.";"1.7";"-3.0";"95.";"6.";"20.40";"52.60";"16.38"
"2019";"12";"2";"1";"10";"8051";"31.";"1.3";"-1.9";"95.";"8.";"69.29";"0.00";"69.29"
"2019";"12";"2";"1";"11";"8052";"33.";"1.0";"-0.9";"93.";"6.";"109.37";"143.21";"84.37"
"2019";"12";"2";"1";"12";"8053";"348.";"1.2";"0.1";"91.";"4.";"102.26";"267.69";"55.53"
"2019";"12";"2";"1";"13";"8054";"343.";"1.6";"0.6";"86.";"7.";"47.93";"69.20";"38.17"
"2019";"12";"2";"1";"14";"8055";"318.";"1.3";"0.0";"85.";"1.";"38.51";"270.54";"17.85"
"2019";"12";"2";"1";"15";"8056";"5.";"1.4";"-1.0";"86.";"0.";"0.00";"0.00";"0.00"
"2019";"12";"2";"1";"16";"8057";"35.";"1.1";"-2.0";"88.";"1.";"0.00";"0.00";"0.00"
"2019";"12";"2";"1";"17";"8058";"31.";"0.8";"-3.0";"88.";"2.";"0.00";"0.00";"0.00"
"2019";"12";"2";"1";"18";"8059";"336.";"0.9";"-3.8";"88.";"2.";"0.00";"0.00";"0.00"
"2019";"12";"2";"1";"19";"8060";"47.";"0.7";"-4.0";"87.";"0.";"0.00";"0.00";"0.00"
"2019";"12";"2";"1";"20";"8061";"70.";"0.4";"-5.0";"87.";"1.";"0.00";"0.00";"0.00"
"2019";"12";"2";"1";"21";"8062";"73.";"0.7";"-5.4";"86.";"2.";"0.00";"0.00";"0.00"
"2019";"12";"2";"1";"22";"8063";"102.";"0.8";"-5.2";"86.";"3.";"0.00";"0.00";"0.00"
"2019";"12";"2";"1";"23";"8064";"109.";"1.3";"-5.4";"87.";"7.";"0.00";"0.00";"0.00"
"2019";"12";"3";"2";"0";"8065";"115.";"1.4";"-5.7";"88.";"7.";"0.00";"0.00";"0.00"
"2019";"12";"3";"2";"1";"8066";"159.";"1.2";"-5.4";"88.";"8.";"0.00";"0.00";"0.00"
"2019";"12";"3";"2";"2";"8067";"204.";"1.8";"-5.0";"89.";"5.";"0.00";"0.00";"0.00"
"2019";"12";"3";"2";"3";"8068";"200.";"1.5";"-4.7";"88.";"8.";"0.00";"0.00";"0.00"
"2019";"12";"3";"2";"4";"8069";"208.";"1.7";"-4.4";"86.";"8.";"0.00";"0.00";"0.00"
"2019";"12";"3";"2";"5";"8070";"223.";"2.0";"-3.9";"86.";"8.";"0.00";"0.00";"0.00"
"2019";"12";"3";"2";"6";"8071";"222.";"2.2";"-2.8";"87.";"8.";"0.00";"0.00";"0.00"
"2019";"12";"3";"2";"7";"8072";"229.";"2.4";"-1.3";"87.";"6.";"0.00";"0.00";"0.00"
"2019";"12";"3";"2";"8";"8073";"223.";"2.2";"1.0";"89.";"8.";"0.00";"0.00";"0.00"
"2019";"12";"3";"2";"9";"8074";"215.";"3.1";"2.2";"90.";"7.";"13.58";"28.34";"11.48"
"2019";"12";"3";"2";"10";"8075";"217.";"3.4";"3.2";"93.";"8.";"15.92";"0.00";"15.92"
"2019";"12";"3";"2";"11";"8076";"234.";"3.9";"4.8";"95.";"8.";"21.59";"0.00";"21.59"
"2019";"12";"3";"2";"12";"8077";"233.";"4.6";"5.5";"95.";"8.";"21.62";"0.00";"21.62"
"2019";"12";"3";"2";"13";"8078";"229.";"6.0";"5.8";"95.";"8.";"15.23";"0.00";"15.23"
"2019";"12";"3";"2";"14";"8079";"239.";"7.2";"6.2";"96.";"8.";"3.48";"0.00";"3.48"
"2019";"12";"3";"2";"15";"8080";"251.";"6.9";"6.6";"96.";"8.";"0.00";"0.00";"0.00"
"2019";"12";"3";"2";"16";"8081";"266.";"6.0";"6.8";"95.";"8.";"0.00";"0.00";"0.00"
"2019";"12";"3";"2";"17";"8082";"273.";"6.1";"7.1";"92.";"8.";"0.00";"0.00";"0.00"
"2019";"12";"3";"2";"18";"8083";"276.";"6.3";"7.3";"92.";"8.";"0.00";"0.00";"0.00"
"2019";"12";"3";"2";"19";"8084";"279.";"6.1";"7.3";"92.";"6.";"0.00";"0.00";"0.00"
"2019";"12";"3";"2";"20";"8085";"279.";"5.7";"7.4";"92.";"7.";"0.00";"0.00";"0.00"
"2019";"12";"3";"2";"21";"8086";"279.";"5.6";"7.3";"91.";"7.";"0.00";"0.00";"0.00"
"2019";"12";"3";"2";"22";"8087";"279.";"4.9";"7.3";"91.";"5.";"0.00";"0.00";"0.00"
"2019";"12";"3";"2";"23";"8088";"275.";"4.8";"7.3";"92.";"8.";"0.00";"0.00";"0.00"
"2019";"12";"4";"3";"0";"8089";"274.";"4.3";"7.3";"92.";"8.";"0.00";"0.00";"0.00"
"2019";"12";"4";"3";"1";"8090";"267.";"3.8";"7.1";"92.";"6.";"0.00";"0.00";"0.00"
"2019";"12";"4";"3";"2";"8091";"263.";"3.3";"7.3";"92.";"6.";"0.00";"0.00";"0.00"
"2019";"12";"4";"3";"3";"8092";"261.";"3.8";"7.3";"91.";"8.";"0.00";"0.00";"0.00"
"2019";"12";"4";"3";"4";"8093";"247.";"3.7";"7.3";"91.";"8.";"0.00";"0.00";"0.00"
"2019";"12";"4";"3";"5";"8094";"244.";"3.7";"7.3";"91.";"8.";"0.00";"0.00";"0.00"
"2019";"12";"4";"3";"6";"8095";"242.";"3.7";"7.3";"90.";"8.";"0.00";"0.00";"0.00"
"2019";"12";"4";"3";"7";"8096";"242.";"3.7";"7.1";"90.";"8.";"0.00";"0.00";"0.00"
"2019";"12";"4";"3";"8";"8097";"241.";"4.1";"7.1";"90.";"7.";"0.00";"0.00";"0.00"
"2019";"12";"4";"3";"9";"8098";"254.";"6.1";"7.1";"89.";"8.";"6.13";"0.00";"6.13"
"2019";"12";"4";"3";"10";"8099";"240.";"4.0";"7.1";"88.";"8.";"26.72";"0.00";"26.72"
"2019";"12";"4";"3";"11";"8100";"242.";"4.5";"7.0";"88.";"8.";"38.65";"0.00";"38.65"
"2019";"12";"4";"3";"12";"8101";"233.";"4.1";"6.8";"88.";"8.";"38.63";"0.00";"38.63"
"2019";"12";"4";"3";"13";"8102";"234.";"4.2";"6.8";"88.";"8.";"27.27";"0.00";"27.27"
"2019";"12";"4";"3";"14";"8103";"226.";"3.8";"6.8";"87.";"8.";"6.40";"0.00";"6.40"
"2019";"12";"4";"3";"15";"8104";"222.";"3.6";"6.8";"87.";"8.";"0.00";"0.00";"0.00"
"2019";"12";"4";"3";"16";"8105";"211.";"3.4";"6.8";"87.";"7.";"0.00";"0.00";"0.00"
"2019";"12";"4";"3";"17";"8106";"216.";"4.1";"6.9";"87.";"5.";"0.00";"0.00";"0.00"
"2019";"12";"4";"3";"18";"8107";"210.";"3.9";"7.0";"87.";"6.";"0.00";"0.00";"0.00"
"2019";"12";"4";"3";"19";"8108";"206.";"4.0";"7.1";"89.";"6.";"0.00";"0.00";"0.00"
"2019";"12";"4";"3";"20";"8109";"214.";"4.2";"7.0";"90.";"6.";"0.00";"0.00";"0.00"
"2019";"12";"4";"3";"21";"8110";"222.";"4.5";"7.0";"90.";"4.";"0.00";"0.00";"0.00"
"2019";"12";"4";"3";"22";"8111";"229.";"5.0";"7.0";"90.";"1.";"0.00";"0.00";"0.00"
"2019";"12";"4";"3";"23";"8112";"224.";"5.1";"6.8";"91.";"4.";"0.00";"0.00";"0.00"
"2019";"12";"5";"4";"0";"8113";"230.";"5.6";"6.6";"91.";"5.";"0.00";"0.00";"0.00"
"2019";"12";"5";"4";"1";"8114";"235.";"6.1";"6.6";"90.";"7.";"0.00";"0.00";"0.00"
"2019";"12";"5";"4";"2";"8115";"226.";"6.3";"6.8";"90.";"8.";"0.00";"0.00";"0.00"
"2019";"12";"5";"4";"3";"8116";"224.";"6.4";"6.7";"91.";"8.";"0.00";"0.00";"0.00"
"2019";"12";"5";"4";"4";"8117";"224.";"6.6";"6.7";"92.";"8.";"0.00";"0.00";"0.00"
"2019";"12";"5";"4";"5";"8118";"227.";"6.9";"6.9";"91.";"8.";"0.00";"0.00";"0.00"
"2019";"12";"5";"4";"6";"8119";"224.";"7.1";"7.0";"91.";"8.";"0.00";"0.00";"0.00"
"2019";"12";"5";"4";"7";"8120";"222.";"7.3";"7.0";"92.";"8.";"0.00";"0.00";"0.00"
"2019";"12";"5";"4";"8";"8121";"221.";"7.2";"7.0";"91.";"7.";"0.00";"0.00";"0.00"
"2019";"12";"5";"4";"9";"8122";"224.";"7.5";"7.1";"90.";"7.";"6.90";"11.82";"6.07"
"2019";"12";"5";"4";"10";"8123";"226.";"7.1";"7.5";"89.";"8.";"25.85";"0.00";"25.85"
"2019";"12";"5";"4";"11";"8124";"226.";"7.7";"7.5";"86.";"8.";"37.25";"0.00";"37.25"
"2019";"12";"5";"4";"12";"8125";"223.";"7.8";"7.4";"85.";"8.";"37.76";"0.00";"37.76"
"2019";"12";"5";"4";"13";"8126";"226.";"8.0";"7.3";"82.";"8.";"26.78";"0.00";"26.78"
"2019";"12";"5";"4";"14";"8127";"225.";"7.8";"7.3";"82.";"8.";"6.03";"0.00";"6.03"
"2019";"12";"5";"4";"15";"8128";"225.";"8.1";"7.4";"81.";"8.";"0.00";"0.00";"0.00"
"2019";"12";"5";"4";"16";"8129";"223.";"8.2";"7.4";"81.";"8.";"0.00";"0.00";"0.00"
"2019";"12";"5";"4";"17";"8130";"223.";"8.4";"7.4";"82.";"8.";"0.00";"0.00";"0.00"
"2019";"12";"5";"4";"18";"8131";"222.";"8.3";"7.4";"84.";"8.";"0.00";"0.00";"0.00"
"2019";"12";"5";"4";"19";"8132";"219.";"8.2";"7.3";"84.";"8.";"0.00";"0.00";"0.00"
"2019";"12";"5";"4";"20";"8133";"219.";"8.6";"7.3";"83.";"8.";"0.00";"0.00";"0.00"
"2019";"12";"5";"4";"21";"8134";"215.";"9.1";"7.3";"83.";"8.";"0.00";"0.00";"0.00"
"2019";"12";"5";"4";"22";"8135";"211.";"8.9";"7.3";"82.";"8.";"0.00";"0.00";"0.00"
"2019";"12";"5";"4";"23";"8136";"206.";"8.6";"6.6";"90.";"8.";"0.00";"0.00";"0.00"
"2019";"12";"6";"5";"0";"8137";"201.";"8.6";"6.4";"93.";"8.";"0.00";"0.00";"0.00"
"2019";"12";"6";"5";"1";"8138";"201.";"8.8";"6.6";"94.";"8.";"0.00";"0.00";"0.00"
"2019";"12";"6";"5";"2";"8139";"207.";"9.4";"6.9";"95.";"8.";"0.00";"0.00";"0.00"
"2019";"12";"6";"5";"3";"8140";"211.";"9.7";"7.4";"96.";"8.";"0.00";"0.00";"0.00"
"2019";"12";"6";"5";"4";"8141";"222.";"9.5";"8.0";"96.";"8.";"0.00";"0.00";"0.00"
"2019";"12";"6";"5";"5";"8142";"229.";"8.2";"8.4";"96.";"8.";"0.00";"0.00";"0.00"
"2019";"12";"6";"5";"6";"8143";"237.";"6.4";"8.7";"96.";"8.";"0.00";"0.00";"0.00"
"2019";"12";"6";"5";"7";"8144";"251.";"6.8";"8.8";"95.";"8.";"0.00";"0.00";"0.00"
"2019";"12";"6";"5";"8";"8145";"247.";"6.4";"8.4";"93.";"6.";"0.00";"0.00";"0.00"
"2019";"12";"6";"5";"9";"8146";"251.";"6.9";"8.3";"92.";"7.";"4.52";"7.79";"3.99"
"2019";"12";"6";"5";"10";"8147";"252.";"7.4";"8.3";"90.";"8.";"24.53";"0.00";"24.53"
"2019";"12";"6";"5";"11";"8148";"247.";"7.6";"8.5";"90.";"8.";"36.23";"0.00";"36.23"
"2019";"12";"6";"5";"12";"8149";"240.";"6.5";"8.4";"89.";"8.";"36.57";"0.00";"36.57"
"2019";"12";"6";"5";"13";"8150";"243.";"5.9";"8.6";"89.";"8.";"24.15";"0.00";"24.15"
"2019";"12";"6";"5";"14";"8151";"226.";"4.7";"8.7";"91.";"8.";"3.09";"0.00";"3.09"
"2019";"12";"6";"5";"15";"8152";"214.";"5.4";"8.8";"95.";"8.";"0.00";"0.00";"0.00"
"2019";"12";"6";"5";"16";"8153";"212.";"6.5";"8.8";"96.";"8.";"0.00";"0.00";"0.00"
"2019";"12";"6";"5";"17";"8154";"208.";"6.6";"8.7";"96.";"8.";"0.00";"0.00";"0.00"
"2019";"12";"6";"5";"18";"8155";"207.";"6.6";"8.4";"97.";"8.";"0.00";"0.00";"0.00"
"2019";"12";"6";"5";"19";"8156";"207.";"6.7";"7.9";"97.";"8.";"0.00";"0.00";"0.00"
"2019";"12";"6";"5";"20";"8157";"204.";"7.1";"7.6";"96.";"8.";"0.00";"0.00";"0.00"
"2019";"12";"6";"5";"21";"8158";"209.";"6.9";"7.8";"96.";"8.";"0.00";"0.00";"0.00"
"2019";"12";"6";"5";"22";"8159";"209.";"7.2";"7.9";"97.";"8.";"0.00";"0.00";"0.00"
"2019";"12";"6";"5";"23";"8160";"209.";"7.8";"8.0";"96.";"8.";"0.00";"0.00";"0.00"
"2019";"12";"7";"6";"0";"8161";"218.";"7.3";"8.2";"97.";"8.";"0.00";"0.00";"0.00"
"2019";"12";"7";"6";"1";"8162";"214.";"7.6";"8.3";"97.";"8.";"0.00";"0.00";"0.00"
"2019";"12";"7";"6";"2";"8163";"221.";"7.4";"8.5";"96.";"8.";"0.00";"0.00";"0.00"
"2019";"12";"7";"6";"3";"8164";"228.";"6.0";"8.3";"95.";"8.";"0.00";"0.00";"0.00"
"2019";"12";"7";"6";"4";"8165";"240.";"4.5";"8.0";"96.";"8.";"0.00";"0.00";"0.00"
"2019";"12";"7";"6";"5";"8166";"257.";"4.1";"8.0";"97.";"8.";"0.00";"0.00";"0.00"
"2019";"12";"7";"6";"6";"8167";"280.";"4.9";"7.7";"94.";"8.";"0.00";"0.00";"0.00"
"2019";"12";"7";"6";"7";"8168";"287.";"7.0";"7.3";"89.";"4.";"0.00";"0.00";"0.00"
"2019";"12";"7";"6";"8";"8169";"287.";"8.0";"6.8";"81.";"6.";"0.00";"0.00";"0.00"
"2019";"12";"7";"6";"9";"8170";"293.";"8.3";"6.8";"74.";"3.";"16.48";"94.44";"10.22"
"2019";"12";"7";"6";"10";"8171";"293.";"8.1";"7.0";"69.";"0.";"92.94";"411.35";"39.15"
"2019";"12";"7";"6";"11";"8172";"292.";"7.9";"7.2";"70.";"0.";"130.47";"469.21";"53.47"
"2019";"12";"7";"6";"12";"8173";"287.";"8.0";"6.9";"71.";"5.";"78.62";"176.19";"49.70"
"2019";"12";"7";"6";"13";"8174";"289.";"8.2";"6.7";"72.";"3.";"71.01";"248.79";"38.48"
"2019";"12";"7";"6";"14";"8175";"293.";"7.3";"6.1";"70.";"3.";"18.77";"106.89";"11.68"
"2019";"12";"7";"6";"15";"8176";"296.";"7.2";"6.0";"70.";"0.";"0.00";"0.00";"0.00"
"2019";"12";"7";"6";"16";"8177";"296.";"6.5";"5.6";"66.";"0.";"0.00";"0.00";"0.00"
"2019";"12";"7";"6";"17";"8178";"293.";"6.2";"5.5";"65.";"0.";"0.00";"0.00";"0.00"
"2019";"12";"7";"6";"18";"8179";"290.";"5.5";"5.4";"68.";"1.";"0.00";"0.00";"0.00"
"2019";"12";"7";"6";"19";"8180";"289.";"4.5";"5.0";"71.";"5.";"0.00";"0.00";"0.00"
"2019";"12";"7";"6";"20";"8181";"283.";"4.1";"4.9";"71.";"7.";"0.00";"0.00";"0.00"
"2019";"12";"7";"6";"21";"8182";"279.";"4.1";"4.7";"72.";"8.";"0.00";"0.00";"0.00"
"2019";"12";"7";"6";"22";"8183";"273.";"3.4";"4.8";"73.";"8.";"0.00";"0.00";"0.00"
"2019";"12";"7";"6";"23";"8184";"264.";"3.4";"4.8";"75.";"8.";"0.00";"0.00";"0.00"
"2019";"12";"8";"7";"0";"8185";"250.";"3.0";"5.0";"80.";"8.";"0.00";"0.00";"0.00"
"2019";"12";"8";"7";"1";"8186";"227.";"2.9";"4.6";"87.";"8.";"0.00";"0.00";"0.00"
"2019";"12";"8";"7";"2";"8187";"208.";"2.8";"5.1";"89.";"8.";"0.00";"0.00";"0.00"
"2019";"12";"8";"7";"3";"8188";"187.";"4.0";"5.3";"92.";"8.";"0.00";"0.00";"0.00"
"2019";"12";"8";"7";"4";"8189";"177.";"5.6";"5.6";"94.";"8.";"0.00";"0.00";"0.00"
"2019";"12";"8";"7";"5";"8190";"180.";"6.7";"6.4";"94.";"8.";"0.00";"0.00";"0.00"
"2019";"12";"8";"7";"6";"8191";"185.";"8.5";"6.9";"96.";"8.";"0.00";"0.00";"0.00"
"2019";"12";"8";"7";"7";"8192";"192.";"9.1";"7.0";"95.";"8.";"0.00";"0.00";"0.00"
"2019";"12";"8";"7";"8";"8193";"196.";"9.1";"7.2";"96.";"8.";"0.00";"0.00";"0.00"
"2019";"12";"8";"7";"9";"8194";"200.";"10.0";"7.7";"96.";"8.";"1.21";"0.00";"1.21"
"2019";"12";"8";"7";"10";"8195";"207.";"10.7";"7.8";"96.";"8.";"11.78";"0.00";"11.78"
"2019";"12";"8";"7";"11";"8196";"207.";"10.0";"7.9";"96.";"8.";"17.87";"0.00";"17.87"
"2019";"12";"8";"7";"12";"8197";"224.";"9.2";"8.3";"97.";"8.";"17.85";"0.00";"17.85"
"2019";"12";"8";"7";"13";"8198";"236.";"7.8";"8.4";"96.";"8.";"12.14";"0.00";"12.14"
"2019";"12";"8";"7";"14";"8199";"242.";"8.3";"8.2";"94.";"8.";"1.27";"0.00";"1.27"
"2019";"12";"8";"7";"15";"8200";"237.";"7.1";"8.0";"87.";"6.";"0.00";"0.00";"0.00"
"2019";"12";"8";"7";"16";"8201";"244.";"7.3";"7.7";"85.";"7.";"0.00";"0.00";"0.00"
"2019";"12";"8";"7";"17";"8202";"234.";"7.3";"7.5";"84.";"4.";"0.00";"0.00";"0.00"
"2019";"12";"8";"7";"18";"8203";"238.";"7.3";"7.1";"82.";"7.";"0.00";"0.00";"0.00"
"2019";"12";"8";"7";"19";"8204";"243.";"7.4";"7.0";"82.";"8.";"0.00";"0.00";"0.00"
"2019";"12";"8";"7";"20";"8205";"233.";"6.8";"6.8";"82.";"8.";"0.00";"0.00";"0.00"
"2019";"12";"8";"7";"21";"8206";"232.";"7.3";"6.6";"83.";"7.";"0.00";"0.00";"0.00"
"2019";"12";"8";"7";"22";"8207";"227.";"7.6";"6.5";"83.";"7.";"0.00";"0.00";"0.00"
"2019";"12";"8";"7";"23";"8208";"227.";"7.0";"6.5";"83.";"8.";"0.00";"0.00";"0.00"
"2019";"12";"9";"1";"0";"8209";"228.";"7.5";"6.4";"83.";"8.";"0.00";"0.00";"0.00"
"2019";"12";"9";"1";"1";"8210";"226.";"7.8";"6.2";"84.";"8.";"0.00";"0.00";"0.00"
"2019";"12";"9";"1";"2";"8211";"223.";"7.2";"6.0";"86.";"8.";"0.00";"0.00";"0.00"
"2019";"12";"9";"1";"3";"8212";"223.";"7.1";"6.3";"85.";"8.";"0.00";"0.00";"0.00"
"2019";"12";"9";"1";"4";"8213";"225.";"7.6";"6.5";"84.";"8.";"0.00";"0.00";"0.00"
"2019";"12";"9";"1";"5";"8214";"222.";"7.6";"6.4";"84.";"8.";"0.00";"0.00";"0.00"
"2019";"12";"9";"1";"6";"8215";"223.";"6.9";"6.4";"84.";"7.";"0.00";"0.00";"0.00"
"2019";"12";"9";"1";"7";"8216";"225.";"6.8";"6.5";"84.";"8.";"0.00";"0.00";"0.00"
"2019";"12";"9";"1";"8";"8217";"216.";"8.0";"6.4";"84.";"6.";"0.00";"0.00";"0.00"
"2019";"12";"9";"1";"9";"8218";"215.";"8.1";"6.5";"83.";"8.";"4.57";"0.00";"4.57"
"2019";"12";"9";"1";"10";"8219";"218.";"7.7";"6.5";"83.";"8.";"25.23";"0.00";"25.23"
"2019";"12";"9";"1";"11";"8220";"223.";"6.9";"6.6";"85.";"8.";"36.11";"0.00";"36.11"
"2019";"12";"9";"1";"12";"8221";"225.";"6.9";"6.6";"86.";"8.";"36.57";"0.00";"36.57"
"2019";"12";"9";"1";"13";"8222";"227.";"6.6";"6.6";"83.";"8.";"24.28";"0.00";"24.28"
"2019";"12";"9";"1";"14";"8223";"225.";"6.5";"6.7";"78.";"8.";"4.84";"0.00";"4.84"
"2019";"12";"9";"1";"15";"8224";"229.";"5.0";"6.0";"78.";"8.";"0.00";"0.00";"0.00"
"2019";"12";"9";"1";"16";"8225";"244.";"3.0";"5.7";"84.";"8.";"0.00";"0.00";"0.00"
"2019";"12";"9";"1";"17";"8226";"354.";"5.9";"3.7";"87.";"8.";"0.00";"0.00";"0.00"
"2019";"12";"9";"1";"18";"8227";"357.";"7.1";"1.8";"88.";"8.";"0.00";"0.00";"0.00"
"2019";"12";"9";"1";"19";"8228";"343.";"6.9";"1.2";"90.";"8.";"0.00";"0.00";"0.00"
"2019";"12";"9";"1";"20";"8229";"339.";"6.2";"1.2";"85.";"7.";"0.00";"0.00";"0.00"
"2019";"12";"9";"1";"21";"8230";"341.";"5.8";"1.2";"78.";"3.";"0.00";"0.00";"0.00"
"2019";"12";"9";"1";"22";"8231";"343.";"5.3";"0.9";"74.";"0.";"0.00";"0.00";"0.00"
"2019";"12";"9";"1";"23";"8232";"351.";"4.5";"0.6";"73.";"1.";"0.00";"0.00";"0.00"
"2019";"12";"10";"2";"0";"8233";"351.";"4.1";"0.0";"74.";"1.";"0.00";"0.00";"0.00"
"2019";"12";"10";"2";"1";"8234";"351.";"3.5";"-0.6";"76.";"0.";"0.00";"0.00";"0.00"
"2019";"12";"10";"2";"2";"8235";"354.";"2.9";"-1.2";"78.";"0.";"0.00";"0.00";"0.00"
"2019";"12";"10";"2";"3";"8236";"329.";"2.3";"-1.6";"81.";"0.";"0.00";"0.00";"0.00"
"2019";"12";"10";"2";"4";"8237";"324.";"1.7";"-2.5";"84.";"0.";"0.00";"0.00";"0.00"
"2019";"12";"10";"2";"5";"8238";"326.";"1.3";"-2.9";"85.";"1.";"0.00";"0.00";"0.00"
"2019";"12";"10";"2";"6";"8239";"309.";"0.6";"-2.7";"85.";"0.";"0.00";"0.00";"0.00"
"2019";"12";"10";"2";"7";"8240";"243.";"1.1";"-3.0";"86.";"0.";"0.00";"0.00";"0.00"
"2019";"12";"10";"2";"8";"8241";"150.";"0.9";"-3.4";"86.";"0.";"0.00";"0.00";"0.00"
"2019";"12";"10";"2";"9";"8242";"127.";"1.2";"-2.6";"86.";"0.";"30.31";"261.99";"14.17"
"2019";"12";"10";"2";"10";"8243";"139.";"2.4";"-0.8";"82.";"4.";"68.34";"256.04";"36.10"
"2019";"12";"10";"2";"11";"8244";"142.";"3.0";"0.5";"76.";"8.";"42.26";"0.00";"42.26"
"2019";"12";"10";"2";"12";"8245";"136.";"3.8";"1.6";"72.";"5.";"80.70";"191.58";"50.20"
"2019";"12";"10";"2";"13";"8246";"167.";"3.5";"2.0";"73.";"8.";"29.83";"0.00";"29.83"
"2019";"12";"10";"2";"14";"8247";"177.";"3.7";"2.1";"75.";"8.";"7.89";"0.00";"7.89"
"2019";"12";"10";"2";"15";"8248";"182.";"3.8";"2.8";"75.";"7.";"0.00";"0.00";"0.00"
"2019";"12";"10";"2";"16";"8249";"178.";"4.9";"3.3";"76.";"8.";"0.00";"0.00";"0.00"
"2019";"12";"10";"2";"17";"8250";"172.";"5.6";"4.0";"77.";"5.";"0.00";"0.00";"0.00"
"2019";"12";"10";"2";"18";"8251";"180.";"6.9";"4.7";"80.";"7.";"0.00";"0.00";"0.00"
"2019";"12";"10";"2";"19";"8252";"176.";"8.7";"5.2";"79.";"8.";"0.00";"0.00";"0.00"
"2019";"12";"10";"2";"20";"8253";"173.";"9.8";"5.2";"76.";"8.";"0.00";"0.00";"0.00"
"2019";"12";"10";"2";"21";"8254";"175.";"10.7";"5.3";"76.";"7.";"0.00";"0.00";"0.00"
"2019";"12";"10";"2";"22";"8255";"173.";"11.2";"5.3";"74.";"8.";"0.00";"0.00";"0.00"
"2019";"12";"10";"2";"23";"8256";"176.";"11.2";"4.6";"81.";"8.";"0.00";"0.00";"0.00"
"2019";"12";"11";"3";"0";"8257";"181.";"11.3";"4.0";"88.";"8.";"0.00";"0.00";"0.00"
"2019";"12";"11";"3";"1";"8258";"188.";"11.7";"4.3";"91.";"8.";"0.00";"0.00";"0.00"
"2019";"12";"11";"3";"2";"8259";"186.";"11.7";"4.4";"93.";"8.";"0.00";"0.00";"0.00"
"2019";"12";"11";"3";"3";"8260";"189.";"11.6";"4.6";"94.";"8.";"0.00";"0.00";"0.00"
"2019";"12";"11";"3";"4";"8261";"192.";"11.4";"4.8";"92.";"8.";"0.00";"0.00";"0.00"
"2019";"12";"11";"3";"5";"8262";"198.";"11.0";"5.4";"93.";"8.";"0.00";"0.00";"0.00"
"2019";"12";"11";"3";"6";"8263";"207.";"10.3";"5.9";"94.";"8.";"0.00";"0.00";"0.00"
"2019";"12";"11";"3";"7";"8264";"209.";"8.8";"6.2";"93.";"8.";"0.00";"0.00";"0.00"
"2019";"12";"11";"3";"8";"8265";"212.";"7.3";"6.5";"94.";"8.";"0.00";"0.00";"0.00"
"2019";"12";"11";"3";"9";"8266";"215.";"6.2";"6.8";"92.";"8.";"2.33";"0.00";"2.33"
"2019";"12";"11";"3";"10";"8267";"214.";"6.0";"6.9";"91.";"5.";"43.81";"97.50";"31.66"
"2019";"12";"11";"3";"11";"8268";"211.";"5.5";"6.9";"90.";"4.";"76.30";"168.73";"49.68"
"2019";"12";"11";"3";"12";"8269";"214.";"5.3";"7.0";"89.";"4.";"76.00";"164.59";"50.03"
"2019";"12";"11";"3";"13";"8270";"208.";"5.1";"6.7";"87.";"7.";"30.64";"32.94";"26.54"
"2019";"12";"11";"3";"14";"8271";"208.";"4.8";"6.5";"88.";"8.";"3.06";"0.00";"3.06"
"2019";"12";"11";"3";"15";"8272";"201.";"4.4";"6.2";"89.";"7.";"0.00";"0.00";"0.00"
"2019";"12";"11";"3";"16";"8273";"200.";"4.0";"6.2";"90.";"8.";"0.00";"0.00";"0.00"
"2019";"12";"11";"3";"17";"8274";"207.";"4.0";"6.4";"89.";"8.";"0.00";"0.00";"0.00"
"2019";"12";"11";"3";"18";"8275";"212.";"4.1";"6.5";"88.";"8.";"0.00";"0.00";"0.00"
"2019";"12";"11";"3";"19";"8276";"208.";"3.6";"6.3";"88.";"8.";"0.00";"0.00";"0.00"
"2019";"12";"11";"3";"20";"8277";"207.";"3.8";"6.2";"89.";"8.";"0.00";"0.00";"0.00"
"2019";"12";"11";"3";"21";"8278";"201.";"3.6";"6.0";"90.";"8.";"0.00";"0.00";"0.00"
"2019";"12";"11";"3";"22";"8279";"196.";"3.3";"5.7";"90.";"8.";"0.00";"0.00";"0.00"
"2019";"12";"11";"3";"23";"8280";"190.";"2.9";"5.6";"92.";"8.";"0.00";"0.00";"0.00"
"2019";"12";"12";"4";"0";"8281";"189.";"2.6";"5.6";"93.";"8.";"0.00";"0.00";"0.00"
"2019";"12";"12";"4";"1";"8282";"187.";"2.5";"5.5";"93.";"8.";"0.00";"0.00";"0.00"
"2019";"12";"12";"4";"2";"8283";"185.";"2.2";"5.2";"93.";"8.";"0.00";"0.00";"0.00"
"2019";"12";"12";"4";"3";"8284";"186.";"2.3";"5.0";"93.";"8.";"0.00";"0.00";"0.00"
"2019";"12";"12";"4";"4";"8285";"195.";"2.3";"4.8";"92.";"8.";"0.00";"0.00";"0.00"
"2019";"12";"12";"4";"5";"8286";"182.";"2.0";"4.7";"93.";"8.";"0.00";"0.00";"0.00"
"2019";"12";"12";"4";"6";"8287";"170.";"2.3";"4.7";"93.";"8.";"0.00";"0.00";"0.00"
"2019";"12";"12";"4";"7";"8288";"162.";"2.8";"4.6";"93.";"8.";"0.00";"0.00";"0.00"
"2019";"12";"12";"4";"8";"8289";"153.";"2.9";"4.7";"93.";"8.";"0.00";"0.00";"0.00"
"2019";"12";"12";"4";"9";"8290";"144.";"2.8";"4.7";"92.";"8.";"3.70";"0.00";"3.70"
"2019";"12";"12";"4";"10";"8291";"176.";"2.9";"4.7";"90.";"8.";"25.89";"0.00";"25.89"
"2019";"12";"12";"4";"11";"8292";"179.";"3.1";"4.8";"91.";"8.";"20.99";"0.00";"20.99"
"2019";"12";"12";"4";"12";"8293";"192.";"3.3";"4.8";"91.";"8.";"19.99";"0.00";"19.99"
"2019";"12";"12";"4";"13";"8294";"200.";"3.4";"5.0";"89.";"7.";"31.59";"35.70";"27.19"
"2019";"12";"12";"4";"14";"8295";"181.";"3.3";"4.5";"88.";"7.";"5.50";"10.90";"4.86"
"2019";"12";"12";"4";"15";"8296";"185.";"4.1";"4.3";"88.";"7.";"0.00";"0.00";"0.00"
"2019";"12";"12";"4";"16";"8297";"178.";"3.6";"4.4";"88.";"7.";"0.00";"0.00";"0.00"
"2019";"12";"12";"4";"17";"8298";"183.";"4.1";"4.6";"91.";"8.";"0.00";"0.00";"0.00"
"2019";"12";"12";"4";"18";"8299";"209.";"4.0";"4.7";"91.";"8.";"0.00";"0.00";"0.00"
"2019";"12";"12";"4";"19";"8300";"204.";"3.2";"4.9";"90.";"8.";"0.00";"0.00";"0.00"
"2019";"12";"12";"4";"20";"8301";"209.";"3.3";"4.9";"90.";"6.";"0.00";"0.00";"0.00"
"2019";"12";"12";"4";"21";"8302";"202.";"3.1";"4.3";"91.";"7.";"0.00";"0.00";"0.00"
"2019";"12";"12";"4";"22";"8303";"194.";"2.9";"4.1";"90.";"5.";"0.00";"0.00";"0.00"
"2019";"12";"12";"4";"23";"8304";"180.";"2.8";"3.8";"88.";"8.";"0.00";"0.00";"0.00"
"2019";"12";"13";"5";"0";"8305";"163.";"2.8";"3.5";"91.";"8.";"0.00";"0.00";"0.00"
"2019";"12";"13";"5";"1";"8306";"166.";"2.6";"3.4";"92.";"6.";"0.00";"0.00";"0.00"
"2019";"12";"13";"5";"2";"8307";"160.";"2.6";"3.3";"91.";"8.";"0.00";"0.00";"0.00"
"2019";"12";"13";"5";"3";"8308";"146.";"3.9";"3.2";"91.";"8.";"0.00";"0.00";"0.00"
"2019";"12";"13";"5";"4";"8309";"134.";"4.1";"3.2";"92.";"4.";"0.00";"0.00";"0.00"
"2019";"12";"13";"5";"5";"8310";"126.";"4.0";"2.7";"91.";"8.";"0.00";"0.00";"0.00"
"2019";"12";"13";"5";"6";"8311";"129.";"4.1";"2.9";"89.";"5.";"0.00";"0.00";"0.00"
"2019";"12";"13";"5";"7";"8312";"122.";"4.8";"3.0";"89.";"8.";"0.00";"0.00";"0.00"
"2019";"12";"13";"5";"8";"8313";"122.";"4.6";"3.2";"89.";"8.";"0.00";"0.00";"0.00"
"2019";"12";"13";"5";"9";"8314";"119.";"4.5";"3.4";"88.";"8.";"4.63";"0.00";"4.63"
"2019";"12";"13";"5";"10";"8315";"119.";"4.2";"3.8";"86.";"8.";"25.65";"0.00";"25.65"
"2019";"12";"13";"5";"11";"8316";"119.";"4.4";"4.1";"86.";"8.";"37.60";"0.00";"37.60"
"2019";"12";"13";"5";"12";"8317";"118.";"3.9";"4.1";"85.";"6.";"62.40";"120.94";"43.61"
"2019";"12";"13";"5";"13";"8318";"106.";"4.0";"3.9";"85.";"8.";"25.82";"0.00";"25.82"
"2019";"12";"13";"5";"14";"8319";"99.";"4.2";"3.8";"84.";"5.";"9.43";"44.95";"6.83"
"2019";"12";"13";"5";"15";"8320";"94.";"3.6";"3.6";"86.";"6.";"0.00";"0.00";"0.00"
"2019";"12";"13";"5";"16";"8321";"91.";"3.2";"3.5";"88.";"8.";"0.00";"0.00";"0.00"
"2019";"12";"13";"5";"17";"8322";"89.";"3.0";"3.7";"86.";"4.";"0.00";"0.00";"0.00"
"2019";"12";"13";"5";"18";"8323";"88.";"3.2";"3.6";"87.";"8.";"0.00";"0.00";"0.00"
"2019";"12";"13";"5";"19";"8324";"92.";"3.1";"3.5";"88.";"8.";"0.00";"0.00";"0.00"
"2019";"12";"13";"5";"20";"8325";"98.";"3.3";"3.7";"89.";"8.";"0.00";"0.00";"0.00"
"2019";"12";"13";"5";"21";"8326";"103.";"3.6";"3.7";"90.";"8.";"0.00";"0.00";"0.00"
"2019";"12";"13";"5";"22";"8327";"102.";"3.3";"3.7";"90.";"8.";"0.00";"0.00";"0.00"
"2019";"12";"13";"5";"23";"8328";"99.";"3.1";"3.6";"92.";"8.";"0.00";"0.00";"0.00"
"2019";"12";"14";"6";"0";"8329";"98.";"3.0";"3.5";"93.";"8.";"0.00";"0.00";"0.00"
"2019";"12";"14";"6";"1";"8330";"106.";"2.6";"3.6";"92.";"8.";"0.00";"0.00";"0.00"
"2019";"12";"14";"6";"2";"8331";"112.";"2.7";"3.5";"92.";"8.";"0.00";"0.00";"0.00"
"2019";"12";"14";"6";"3";"8332";"109.";"3.2";"3.6";"92.";"8.";"0.00";"0.00";"0.00"
"2019";"12";"14";"6";"4";"8333";"114.";"3.2";"3.5";"92.";"8.";"0.00";"0.00";"0.00"
"2019";"12";"14";"6";"5";"8334";"115.";"3.2";"3.3";"91.";"8.";"0.00";"0.00";"0.00"
"2019";"12";"14";"6";"6";"8335";"122.";"3.2";"3.2";"90.";"8.";"0.00";"0.00";"0.00"
"2019";"12";"14";"6";"7";"8336";"130.";"3.8";"3.0";"90.";"8.";"0.00";"0.00";"0.00"
"2019";"12";"14";"6";"8";"8337";"136.";"4.2";"2.9";"87.";"7.";"0.00";"0.00";"0.00"
"2019";"12";"14";"6";"9";"8338";"119.";"3.7";"2.8";"88.";"6.";"7.38";"21.96";"6.13"
"2019";"12";"14";"6";"10";"8339";"122.";"3.4";"3.1";"88.";"8.";"23.78";"0.00";"23.78"
"2019";"12";"14";"6";"11";"8340";"123.";"3.9";"3.3";"87.";"8.";"34.75";"0.00";"34.75"
"2019";"12";"14";"6";"12";"8341";"122.";"3.7";"3.5";"88.";"8.";"34.37";"0.00";"34.37"
"2019";"12";"14";"6";"13";"8342";"122.";"3.9";"3.4";"89.";"8.";"23.25";"0.00";"23.25"
"2019";"12";"14";"6";"14";"8343";"122.";"3.5";"3.2";"91.";"8.";"3.93";"0.00";"3.93"
"2019";"12";"14";"6";"15";"8344";"126.";"4.0";"2.9";"91.";"8.";"0.00";"0.00";"0.00"
"2019";"12";"14";"6";"16";"8345";"122.";"4.0";"2.7";"92.";"8.";"0.00";"0.00";"0.00"
"2019";"12";"14";"6";"17";"8346";"122.";"4.5";"2.7";"93.";"8.";"0.00";"0.00";"0.00"
"2019";"12";"14";"6";"18";"8347";"121.";"4.5";"2.9";"94.";"8.";"0.00";"0.00";"0.00"
"2019";"12";"14";"6";"19";"8348";"126.";"4.8";"3.1";"95.";"8.";"0.00";"0.00";"0.00"
"2019";"12";"14";"6";"20";"8349";"129.";"4.5";"3.2";"94.";"8.";"0.00";"0.00";"0.00"
"2019";"12";"14";"6";"21";"8350";"138.";"2.4";"3.4";"94.";"8.";"0.00";"0.00";"0.00"
"2019";"12";"14";"6";"22";"8351";"143.";"1.5";"3.9";"94.";"8.";"0.00";"0.00";"0.00"
"2019";"12";"14";"6";"23";"8352";"177.";"1.5";"4.4";"95.";"8.";"0.00";"0.00";"0.00"
"2019";"12";"15";"7";"0";"8353";"198.";"2.1";"4.8";"93.";"8.";"0.00";"0.00";"0.00"
"2019";"12";"15";"7";"1";"8354";"222.";"3.2";"5.1";"94.";"8.";"0.00";"0.00";"0.00"
"2019";"12";"15";"7";"2";"8355";"224.";"4.4";"5.2";"93.";"8.";"0.00";"0.00";"0.00"
"2019";"12";"15";"7";"3";"8356";"224.";"6.0";"5.5";"92.";"8.";"0.00";"0.00";"0.00"
"2019";"12";"15";"7";"4";"8357";"243.";"6.7";"5.5";"91.";"8.";"0.00";"0.00";"0.00"
"2019";"12";"15";"7";"5";"8358";"237.";"5.1";"5.3";"89.";"8.";"0.00";"0.00";"0.00"
"2019";"12";"15";"7";"6";"8359";"228.";"5.4";"5.3";"84.";"8.";"0.00";"0.00";"0.00"
"2019";"12";"15";"7";"7";"8360";"216.";"4.9";"4.9";"85.";"4.";"0.00";"0.00";"0.00"
"2019";"12";"15";"7";"8";"8361";"209.";"4.2";"4.9";"86.";"7.";"0.00";"0.00";"0.00"
"2019";"12";"15";"7";"9";"8362";"189.";"4.5";"5.1";"86.";"8.";"3.09";"0.00";"3.09"
"2019";"12";"15";"7";"10";"8363";"183.";"5.7";"5.4";"87.";"8.";"21.88";"0.00";"21.88"
"2019";"12";"15";"7";"11";"8364";"172.";"6.2";"5.1";"82.";"8.";"34.86";"0.00";"34.86"
"2019";"12";"15";"7";"12";"8365";"134.";"4.5";"3.3";"90.";"8.";"20.30";"0.00";"20.30"
"2019";"12";"15";"7";"13";"8366";"127.";"6.4";"2.6";"90.";"8.";"13.48";"0.00";"13.48"
"2019";"12";"15";"7";"14";"8367";"120.";"7.5";"2.5";"92.";"8.";"2.31";"0.00";"2.31"
"2019";"12";"15";"7";"15";"8368";"143.";"3.6";"3.0";"93.";"8.";"0.00";"0.00";"0.00"
"2019";"12";"15";"7";"16";"8369";"145.";"2.6";"3.3";"93.";"8.";"0.00";"0.00";"0.00"
"2019";"12";"15";"7";"17";"8370";"131.";"2.0";"3.3";"93.";"8.";"0.00";"0.00";"0.00"
"2019";"12";"15";"7";"18";"8371";"24.";"1.4";"3.1";"95.";"8.";"0.00";"0.00";"0.00"
"2019";"12";"15";"7";"19";"8372";"320.";"5.3";"2.3";"94.";"8.";"0.00";"0.00";"0.00"
"2019";"12";"15";"7";"20";"8373";"319.";"6.9";"2.9";"93.";"8.";"0.00";"0.00";"0.00"
"2019";"12";"15";"7";"21";"8374";"314.";"3.9";"3.4";"92.";"8.";"0.00";"0.00";"0.00"
"2019";"12";"15";"7";"22";"8375";"267.";"2.2";"3.5";"91.";"8.";"0.00";"0.00";"0.00"
"2019";"12";"15";"7";"23";"8376";"222.";"2.4";"3.3";"91.";"7.";"0.00";"0.00";"0.00"
"2019";"12";"16";"1";"0";"8377";"235.";"3.3";"4.1";"92.";"8.";"0.00";"0.00";"0.00"
"2019";"12";"16";"1";"1";"8378";"224.";"4.3";"4.7";"92.";"7.";"0.00";"0.00";"0.00"
"2019";"12";"16";"1";"2";"8379";"239.";"4.7";"5.0";"89.";"8.";"0.00";"0.00";"0.00"
"2019";"12";"16";"1";"3";"8380";"229.";"5.1";"5.1";"86.";"8.";"0.00";"0.00";"0.00"
"2019";"12";"16";"1";"4";"8381";"222.";"5.3";"5.0";"85.";"7.";"0.00";"0.00";"0.00"
"2019";"12";"16";"1";"5";"8382";"219.";"5.4";"5.3";"84.";"8.";"0.00";"0.00";"0.00"
"2019";"12";"16";"1";"6";"8383";"214.";"4.9";"5.4";"84.";"8.";"0.00";"0.00";"0.00"
"2019";"12";"16";"1";"7";"8384";"201.";"4.3";"5.4";"86.";"8.";"0.00";"0.00";"0.00"
"2019";"12";"16";"1";"8";"8385";"190.";"4.1";"5.4";"89.";"8.";"0.00";"0.00";"0.00"
"2019";"12";"16";"1";"9";"8386";"201.";"6.1";"5.1";"92.";"8.";"1.29";"0.00";"1.29"
"2019";"12";"16";"1";"10";"8387";"192.";"5.4";"5.1";"92.";"8.";"12.29";"0.00";"12.29"
"2019";"12";"16";"1";"11";"8388";"198.";"8.2";"6.1";"93.";"8.";"17.44";"0.00";"17.44"
"2019";"12";"16";"1";"12";"8389";"211.";"10.0";"5.4";"91.";"8.";"17.91";"0.00";"17.91"
"2019";"12";"16";"1";"13";"8390";"215.";"8.7";"5.3";"90.";"8.";"12.73";"0.00";"12.73"
"2019";"12";"16";"1";"14";"8391";"214.";"7.4";"5.4";"90.";"8.";"1.31";"0.00";"1.31"
"2019";"12";"16";"1";"15";"8392";"214.";"5.7";"5.6";"90.";"7.";"0.00";"0.00";"0.00"
"2019";"12";"16";"1";"16";"8393";"212.";"5.8";"5.9";"90.";"7.";"0.00";"0.00";"0.00"
"2019";"12";"16";"1";"17";"8394";"211.";"5.8";"6.0";"90.";"8.";"0.00";"0.00";"0.00"
"2019";"12";"16";"1";"18";"8395";"218.";"5.0";"6.0";"90.";"8.";"0.00";"0.00";"0.00"
"2019";"12";"16";"1";"19";"8396";"215.";"4.1";"6.1";"90.";"2.";"0.00";"0.00";"0.00"
"2019";"12";"16";"1";"20";"8397";"221.";"4.0";"6.4";"90.";"3.";"0.00";"0.00";"0.00"
"2019";"12";"16";"1";"21";"8398";"218.";"4.3";"6.6";"90.";"5.";"0.00";"0.00";"0.00"
"2019";"12";"16";"1";"22";"8399";"221.";"5.2";"6.4";"90.";"8.";"0.00";"0.00";"0.00"
"2019";"12";"16";"1";"23";"8400";"220.";"4.7";"6.3";"90.";"8.";"0.00";"0.00";"0.00"
"2019";"12";"17";"2";"0";"8401";"217.";"3.9";"6.2";"89.";"8.";"0.00";"0.00";"0.00"
"2019";"12";"17";"2";"1";"8402";"215.";"4.0";"6.1";"89.";"8.";"0.00";"0.00";"0.00"
"2019";"12";"17";"2";"2";"8403";"214.";"3.9";"6.1";"89.";"8.";"0.00";"0.00";"0.00"
"2019";"12";"17";"2";"3";"8404";"217.";"3.3";"5.8";"90.";"8.";"0.00";"0.00";"0.00"
"2019";"12";"17";"2";"4";"8405";"218.";"3.4";"5.6";"92.";"8.";"0.00";"0.00";"0.00"
"2019";"12";"17";"2";"5";"8406";"216.";"3.3";"5.8";"93.";"8.";"0.00";"0.00";"0.00"
"2019";"12";"17";"2";"6";"8407";"212.";"2.4";"5.9";"93.";"8.";"0.00";"0.00";"0.00"
"2019";"12";"17";"2";"7";"8408";"210.";"2.1";"5.9";"94.";"8.";"0.00";"0.00";"0.00"
"2019";"12";"17";"2";"8";"8409";"198.";"2.1";"6.0";"94.";"8.";"0.00";"0.00";"0.00"
"2019";"12";"17";"2";"9";"8410";"178.";"2.2";"6.1";"94.";"8.";"1.06";"0.00";"1.06"
"2019";"12";"17";"2";"10";"8411";"161.";"2.1";"6.3";"93.";"8.";"20.26";"0.00";"20.26"
"2019";"12";"17";"2";"11";"8412";"165.";"2.1";"6.3";"93.";"8.";"30.44";"0.00";"30.44"
"2019";"12";"17";"2";"12";"8413";"140.";"2.2";"6.5";"92.";"8.";"29.00";"0.00";"29.00"
"2019";"12";"17";"2";"13";"8414";"118.";"2.2";"6.2";"92.";"8.";"20.52";"0.00";"20.52"
"2019";"12";"17";"2";"14";"8415";"96.";"2.0";"5.9";"93.";"8.";"0.77";"0.00";"0.77"
"2019";"12";"17";"2";"15";"8416";"54.";"2.2";"5.6";"93.";"8.";"0.00";"0.00";"0.00"
"2019";"12";"17";"2";"16";"8417";"53.";"3.3";"5.1";"93.";"8.";"0.00";"0.00";"0.00"
"2019";"12";"17";"2";"17";"8418";"66.";"3.7";"4.7";"92.";"8.";"0.00";"0.00";"0.00"
"2019";"12";"17";"2";"18";"8419";"74.";"4.1";"4.2";"93.";"8.";"0.00";"0.00";"0.00"
"2019";"12";"17";"2";"19";"8420";"85.";"3.7";"3.9";"93.";"8.";"0.00";"0.00";"0.00"
"2019";"12";"17";"2";"20";"8421";"95.";"2.7";"3.7";"94.";"8.";"0.00";"0.00";"0.00"
"2019";"12";"17";"2";"21";"8422";"106.";"2.4";"3.8";"95.";"8.";"0.00";"0.00";"0.00"
"2019";"12";"17";"2";"22";"8423";"132.";"2.4";"4.2";"95.";"8.";"0.00";"0.00";"0.00"
"2019";"12";"17";"2";"23";"8424";"154.";"2.5";"4.6";"96.";"8.";"0.00";"0.00";"0.00"
"2019";"12";"18";"3";"0";"8425";"191.";"2.1";"4.9";"96.";"8.";"0.00";"0.00";"0.00"
"2019";"12";"18";"3";"1";"8426";"183.";"2.1";"4.8";"96.";"8.";"0.00";"0.00";"0.00"
"2019";"12";"18";"3";"2";"8427";"183.";"1.2";"4.4";"96.";"8.";"0.00";"0.00";"0.00"
"2019";"12";"18";"3";"3";"8428";"325.";"2.8";"3.7";"96.";"8.";"0.00";"0.00";"0.00"
"2019";"12";"18";"3";"4";"8429";"323.";"4.5";"2.4";"95.";"8.";"0.00";"0.00";"0.00"
"2019";"12";"18";"3";"5";"8430";"319.";"5.5";"2.8";"93.";"8.";"0.00";"0.00";"0.00"
"2019";"12";"18";"3";"6";"8431";"322.";"4.7";"2.8";"93.";"7.";"0.00";"0.00";"0.00"
"2019";"12";"18";"3";"7";"8432";"310.";"3.9";"3.6";"91.";"8.";"0.00";"0.00";"0.00"
"2019";"12";"18";"3";"8";"8433";"295.";"3.4";"4.4";"91.";"7.";"0.00";"0.00";"0.00"
"2019";"12";"18";"3";"9";"8434";"263.";"4.0";"4.8";"91.";"8.";"2.26";"0.00";"2.26"
"2019";"12";"18";"3";"10";"8435";"250.";"3.4";"5.1";"89.";"5.";"45.13";"131.48";"29.60"
"2019";"12";"18";"3";"11";"8436";"227.";"4.3";"5.4";"89.";"5.";"72.32";"202.83";"41.64"
"2019";"12";"18";"3";"12";"8437";"232.";"4.8";"5.8";"89.";"8.";"34.78";"0.00";"34.78"
"2019";"12";"18";"3";"13";"8438";"242.";"5.2";"5.8";"88.";"7.";"29.55";"37.84";"25.08"
"2019";"12";"18";"3";"14";"8439";"257.";"5.8";"6.0";"90.";"8.";"1.53";"0.00";"1.53"
"2019";"12";"18";"3";"15";"8440";"260.";"4.9";"6.2";"88.";"8.";"0.00";"0.00";"0.00"
"2019";"12";"18";"3";"16";"8441";"276.";"4.5";"6.4";"87.";"8.";"0.00";"0.00";"0.00"
"2019";"12";"18";"3";"17";"8442";"266.";"5.7";"6.5";"85.";"6.";"0.00";"0.00";"0.00"
"2019";"12";"18";"3";"18";"8443";"276.";"5.0";"6.2";"86.";"7.";"0.00";"0.00";"0.00"
"2019";"12";"18";"3";"19";"8444";"272.";"3.6";"5.9";"86.";"3.";"0.00";"0.00";"0.00"
"2019";"12";"18";"3";"20";"8445";"264.";"3.8";"6.2";"86.";"8.";"0.00";"0.00";"0.00"
"2019";"12";"18";"3";"21";"8446";"255.";"3.9";"6.1";"88.";"8.";"0.00";"0.00";"0.00"
"2019";"12";"18";"3";"22";"8447";"249.";"2.9";"5.7";"89.";"8.";"0.00";"0.00";"0.00"
"2019";"12";"18";"3";"23";"8448";"244.";"3.3";"5.3";"91.";"6.";"0.00";"0.00";"0.00"
"2019";"12";"19";"4";"0";"8449";"244.";"3.1";"5.0";"91.";"6.";"0.00";"0.00";"0.00"
"2019";"12";"19";"4";"1";"8450";"230.";"2.4";"4.3";"91.";"8.";"0.00";"0.00";"0.00"
"2019";"12";"19";"4";"2";"8451";"187.";"1.5";"3.2";"94.";"8.";"0.00";"0.00";"0.00"
"2019";"12";"19";"4";"3";"8452";"176.";"1.7";"2.3";"94.";"8.";"0.00";"0.00";"0.00"
"2019";"12";"19";"4";"4";"8453";"175.";"1.9";"2.6";"94.";"8.";"0.00";"0.00";"0.00"
"2019";"12";"19";"4";"5";"8454";"161.";"2.1";"3.6";"94.";"8.";"0.00";"0.00";"0.00"
"2019";"12";"19";"4";"6";"8455";"152.";"2.2";"4.2";"94.";"8.";"0.00";"0.00";"0.00"
"2019";"12";"19";"4";"7";"8456";"135.";"3.0";"4.7";"95.";"8.";"0.00";"0.00";"0.00"
"2019";"12";"19";"4";"8";"8457";"136.";"3.7";"4.7";"94.";"8.";"0.00";"0.00";"0.00"
"2019";"12";"19";"4";"9";"8458";"132.";"4.4";"4.7";"91.";"7.";"2.93";"6.30";"2.59"
"2019";"12";"19";"4";"10";"8459";"133.";"4.4";"4.9";"87.";"8.";"23.09";"0.00";"23.09"
"2019";"12";"19";"4";"11";"8460";"133.";"5.0";"5.3";"86.";"8.";"34.50";"0.00";"34.50"
"2019";"12";"19";"4";"12";"8461";"134.";"5.2";"5.8";"85.";"8.";"34.08";"0.00";"34.08"
"2019";"12";"19";"4";"13";"8462";"137.";"6.5";"6.3";"82.";"8.";"22.94";"0.00";"22.94"
"2019";"12";"19";"4";"14";"8463";"142.";"6.6";"6.6";"81.";"7.";"4.66";"7.34";"4.26"
"2019";"12";"19";"4";"15";"8464";"144.";"6.6";"6.5";"83.";"7.";"0.00";"0.00";"0.00"
"2019";"12";"19";"4";"16";"8465";"154.";"6.4";"6.4";"86.";"8.";"0.00";"0.00";"0.00"
"2019";"12";"19";"4";"17";"8466";"159.";"6.9";"6.5";"87.";"7.";"0.00";"0.00";"0.00"
"2019";"12";"19";"4";"18";"8467";"158.";"6.0";"6.8";"88.";"7.";"0.00";"0.00";"0.00"
"2019";"12";"19";"4";"19";"8468";"157.";"5.0";"6.8";"88.";"8.";"0.00";"0.00";"0.00"
"2019";"12";"19";"4";"20";"8469";"148.";"4.7";"6.8";"88.";"8.";"0.00";"0.00";"0.00"
"2019";"12";"19";"4";"21";"8470";"148.";"5.1";"6.7";"87.";"6.";"0.00";"0.00";"0.00"
"2019";"12";"19";"4";"22";"8471";"141.";"5.0";"6.5";"88.";"4.";"0.00";"0.00";"0.00"
"2019";"12";"19";"4";"23";"8472";"136.";"4.7";"6.5";"88.";"1.";"0.00";"0.00";"0.00"
"2019";"12";"20";"5";"0";"8473";"134.";"4.5";"6.5";"88.";"4.";"0.00";"0.00";"0.00"
"2019";"12";"20";"5";"1";"8474";"132.";"4.4";"6.6";"87.";"7.";"0.00";"0.00";"0.00"
"2019";"12";"20";"5";"2";"8475";"132.";"4.7";"6.8";"87.";"8.";"0.00";"0.00";"0.00"
"2019";"12";"20";"5";"3";"8476";"132.";"4.0";"6.8";"88.";"8.";"0.00";"0.00";"0.00"
"2019";"12";"20";"5";"4";"8477";"136.";"4.0";"6.9";"88.";"8.";"0.00";"0.00";"0.00"
"2019";"12";"20";"5";"5";"8478";"137.";"3.9";"6.9";"89.";"7.";"0.00";"0.00";"0.00"
"2019";"12";"20";"5";"6";"8479";"139.";"3.6";"6.5";"91.";"7.";"0.00";"0.00";"0.00"
"2019";"12";"20";"5";"7";"8480";"141.";"4.0";"6.6";"93.";"7.";"0.00";"0.00";"0.00"
"2019";"12";"20";"5";"8";"8481";"149.";"4.1";"7.0";"92.";"8.";"0.00";"0.00";"0.00"
"2019";"12";"20";"5";"9";"8482";"139.";"4.1";"6.8";"92.";"8.";"0.44";"0.00";"0.44"
"2019";"12";"20";"5";"10";"8483";"131.";"3.9";"6.7";"92.";"7.";"26.40";"27.61";"23.16"
"2019";"12";"20";"5";"11";"8484";"132.";"3.8";"6.6";"92.";"8.";"31.85";"0.00";"31.85"
"2019";"12";"20";"5";"12";"8485";"125.";"4.1";"6.4";"91.";"8.";"32.42";"0.00";"32.42"
"2019";"12";"20";"5";"13";"8486";"127.";"3.3";"6.3";"89.";"8.";"21.33";"0.00";"21.33"
"2019";"12";"20";"5";"14";"8487";"121.";"3.6";"6.4";"89.";"8.";"1.13";"0.00";"1.13"
"2019";"12";"20";"5";"15";"8488";"115.";"3.6";"6.4";"89.";"8.";"0.00";"0.00";"0.00"
"2019";"12";"20";"5";"16";"8489";"118.";"4.3";"6.2";"89.";"8.";"0.00";"0.00";"0.00"
"2019";"12";"20";"5";"17";"8490";"131.";"3.6";"6.0";"89.";"8.";"0.00";"0.00";"0.00"
"2019";"12";"20";"5";"18";"8491";"120.";"3.5";"5.8";"90.";"8.";"0.00";"0.00";"0.00"
"2019";"12";"20";"5";"19";"8492";"102.";"4.5";"5.7";"91.";"8.";"0.00";"0.00";"0.00"
"2019";"12";"20";"5";"20";"8493";"113.";"3.3";"5.7";"91.";"8.";"0.00";"0.00";"0.00"
"2019";"12";"20";"5";"21";"8494";"113.";"3.5";"5.7";"91.";"8.";"0.00";"0.00";"0.00"
"2019";"12";"20";"5";"22";"8495";"117.";"3.8";"5.8";"91.";"8.";"0.00";"0.00";"0.00"
"2019";"12";"20";"5";"23";"8496";"118.";"3.4";"5.8";"90.";"8.";"0.00";"0.00";"0.00"
"2019";"12";"21";"6";"0";"8497";"124.";"2.9";"5.7";"90.";"8.";"0.00";"0.00";"0.00"
"2019";"12";"21";"6";"1";"8498";"127.";"3.0";"6.1";"90.";"8.";"0.00";"0.00";"0.00"
"2019";"12";"21";"6";"2";"8499";"154.";"2.9";"6.4";"90.";"8.";"0.00";"0.00";"0.00"
"2019";"12";"21";"6";"3";"8500";"154.";"3.4";"6.6";"90.";"8.";"0.00";"0.00";"0.00"
"2019";"12";"21";"6";"4";"8501";"157.";"3.2";"6.6";"92.";"8.";"0.00";"0.00";"0.00"
"2019";"12";"21";"6";"5";"8502";"171.";"3.2";"6.5";"95.";"8.";"0.00";"0.00";"0.00"
"2019";"12";"21";"6";"6";"8503";"179.";"2.6";"6.5";"95.";"8.";"0.00";"0.00";"0.00"
"2019";"12";"21";"6";"7";"8504";"183.";"2.3";"6.5";"96.";"8.";"0.00";"0.00";"0.00"
"2019";"12";"21";"6";"8";"8505";"204.";"2.5";"6.9";"96.";"8.";"0.00";"0.00";"0.00"
"2019";"12";"21";"6";"9";"8506";"222.";"2.5";"6.9";"95.";"8.";"0.00";"0.00";"0.00"
"2019";"12";"21";"6";"10";"8507";"218.";"2.6";"6.8";"94.";"8.";"19.32";"0.00";"19.32"
"2019";"12";"21";"6";"11";"8508";"221.";"2.8";"7.0";"93.";"8.";"31.05";"0.00";"31.05"
"2019";"12";"21";"6";"12";"8509";"222.";"2.9";"7.2";"92.";"8.";"31.18";"0.00";"31.18"
"2019";"12";"21";"6";"13";"8510";"210.";"2.6";"7.0";"91.";"8.";"20.26";"0.00";"20.26"
"2019";"12";"21";"6";"14";"8511";"207.";"2.7";"6.8";"92.";"8.";"0.40";"0.00";"0.40"
"2019";"12";"21";"6";"15";"8512";"218.";"2.5";"6.8";"92.";"8.";"0.00";"0.00";"0.00"
"2019";"12";"21";"6";"16";"8513";"231.";"2.1";"6.9";"93.";"8.";"0.00";"0.00";"0.00"
"2019";"12";"21";"6";"17";"8514";"213.";"1.6";"6.7";"93.";"8.";"0.00";"0.00";"0.00"
"2019";"12";"21";"6";"18";"8515";"219.";"1.7";"6.6";"93.";"8.";"0.00";"0.00";"0.00"
"2019";"12";"21";"6";"19";"8516";"218.";"1.4";"6.5";"93.";"7.";"0.00";"0.00";"0.00"
"2019";"12";"21";"6";"20";"8517";"222.";"1.3";"6.5";"93.";"6.";"0.00";"0.00";"0.00"
"2019";"12";"21";"6";"21";"8518";"216.";"1.6";"6.4";"94.";"8.";"0.00";"0.00";"0.00"
"2019";"12";"21";"6";"22";"8519";"212.";"1.5";"6.1";"93.";"8.";"0.00";"0.00";"0.00"
"2019";"12";"21";"6";"23";"8520";"185.";"1.3";"5.9";"94.";"8.";"0.00";"0.00";"0.00"
"2019";"12";"22";"7";"0";"8521";"141.";"1.3";"5.8";"93.";"8.";"0.00";"0.00";"0.00"
"2019";"12";"22";"7";"1";"8522";"127.";"1.8";"5.8";"94.";"8.";"0.00";"0.00";"0.00"
"2019";"12";"22";"7";"2";"8523";"129.";"2.3";"5.7";"94.";"8.";"0.00";"0.00";"0.00"
"2019";"12";"22";"7";"3";"8524";"118.";"2.7";"5.7";"92.";"8.";"0.00";"0.00";"0.00"
"2019";"12";"22";"7";"4";"8525";"111.";"2.8";"5.8";"92.";"8.";"0.00";"0.00";"0.00"
"2019";"12";"22";"7";"5";"8526";"109.";"3.0";"5.7";"90.";"8.";"0.00";"0.00";"0.00"
"2019";"12";"22";"7";"6";"8527";"120.";"2.7";"5.7";"89.";"8.";"0.00";"0.00";"0.00"
"2019";"12";"22";"7";"7";"8528";"125.";"2.5";"5.7";"89.";"7.";"0.00";"0.00";"0.00"
"2019";"12";"22";"7";"8";"8529";"123.";"2.1";"4.8";"90.";"0.";"0.00";"0.00";"0.00"
"2019";"12";"22";"7";"9";"8530";"139.";"2.3";"4.6";"90.";"8.";"2.32";"0.00";"2.32"
"2019";"12";"22";"7";"10";"8531";"165.";"3.0";"4.9";"88.";"8.";"23.37";"0.00";"23.37"
"2019";"12";"22";"7";"11";"8532";"150.";"3.4";"5.1";"89.";"7.";"46.45";"55.93";"38.06"
"2019";"12";"22";"7";"12";"8533";"139.";"3.5";"5.3";"88.";"8.";"34.91";"0.00";"34.91"
"2019";"12";"22";"7";"13";"8534";"122.";"3.2";"5.3";"87.";"8.";"23.31";"0.00";"23.31"
"2019";"12";"22";"7";"14";"8535";"108.";"2.8";"5.3";"87.";"8.";"2.19";"0.00";"2.19"
"2019";"12";"22";"7";"15";"8536";"116.";"2.5";"5.4";"87.";"8.";"0.00";"0.00";"0.00"
"2019";"12";"22";"7";"16";"8537";"108.";"2.3";"5.2";"88.";"8.";"0.00";"0.00";"0.00"
"2019";"12";"22";"7";"17";"8538";"102.";"2.5";"4.8";"89.";"8.";"0.00";"0.00";"0.00"
"2019";"12";"22";"7";"18";"8539";"104.";"2.4";"4.4";"90.";"8.";"0.00";"0.00";"0.00"
"2019";"12";"22";"7";"19";"8540";"113.";"2.5";"4.2";"90.";"8.";"0.00";"0.00";"0.00"
"2019";"12";"22";"7";"20";"8541";"104.";"2.2";"4.2";"90.";"8.";"0.00";"0.00";"0.00"
"2019";"12";"22";"7";"21";"8542";"119.";"2.4";"4.5";"90.";"7.";"0.00";"0.00";"0.00"
"2019";"12";"22";"7";"22";"8543";"114.";"2.8";"4.7";"89.";"7.";"0.00";"0.00";"0.00"
"2019";"12";"22";"7";"23";"8544";"103.";"2.5";"4.9";"89.";"8.";"0.00";"0.00";"0.00"
"2019";"12";"23";"1";"0";"8545";"95.";"2.6";"4.9";"88.";"8.";"0.00";"0.00";"0.00"
"2019";"12";"23";"1";"1";"8546";"96.";"2.8";"5.0";"88.";"8.";"0.00";"0.00";"0.00"
"2019";"12";"23";"1";"2";"8547";"99.";"3.1";"5.0";"88.";"8.";"0.00";"0.00";"0.00"
"2019";"12";"23";"1";"3";"8548";"102.";"3.4";"4.9";"88.";"8.";"0.00";"0.00";"0.00"
"2019";"12";"23";"1";"4";"8549";"104.";"2.7";"5.0";"88.";"8.";"0.00";"0.00";"0.00"
"2019";"12";"23";"1";"5";"8550";"105.";"2.4";"5.0";"88.";"8.";"0.00";"0.00";"0.00"
"2019";"12";"23";"1";"6";"8551";"107.";"2.5";"5.0";"88.";"8.";"0.00";"0.00";"0.00"
"2019";"12";"23";"1";"7";"8552";"107.";"2.6";"4.8";"89.";"8.";"0.00";"0.00";"0.00"
"2019";"12";"23";"1";"8";"8553";"107.";"3.1";"4.8";"87.";"8.";"0.00";"0.00";"0.00"
"2019";"12";"23";"1";"9";"8554";"114.";"3.1";"4.6";"86.";"8.";"2.71";"0.00";"2.71"
"2019";"12";"23";"1";"10";"8555";"114.";"3.0";"4.5";"87.";"8.";"13.40";"0.00";"13.40"
"2019";"12";"23";"1";"11";"8556";"109.";"3.1";"4.7";"87.";"8.";"20.46";"0.00";"20.46"
"2019";"12";"23";"1";"12";"8557";"105.";"3.1";"4.8";"86.";"8.";"33.90";"0.00";"33.90"
"2019";"12";"23";"1";"13";"8558";"104.";"3.0";"4.8";"86.";"8.";"13.75";"0.00";"13.75"
"2019";"12";"23";"1";"14";"8559";"103.";"3.0";"4.6";"88.";"8.";"1.39";"0.00";"1.39"
"2019";"12";"23";"1";"15";"8560";"104.";"3.2";"4.6";"90.";"8.";"0.00";"0.00";"0.00"
"2019";"12";"23";"1";"16";"8561";"105.";"3.2";"4.7";"90.";"8.";"0.00";"0.00";"0.00"
"2019";"12";"23";"1";"17";"8562";"111.";"3.2";"4.7";"89.";"8.";"0.00";"0.00";"0.00"
"2019";"12";"23";"1";"18";"8563";"112.";"3.5";"4.6";"91.";"8.";"0.00";"0.00";"0.00"
"2019";"12";"23";"1";"19";"8564";"120.";"3.1";"4.6";"91.";"8.";"0.00";"0.00";"0.00"
"2019";"12";"23";"1";"20";"8565";"118.";"2.7";"4.7";"91.";"8.";"0.00";"0.00";"0.00"
"2019";"12";"23";"1";"21";"8566";"119.";"2.8";"4.7";"93.";"8.";"0.00";"0.00";"0.00"
"2019";"12";"23";"1";"22";"8567";"120.";"3.0";"4.7";"94.";"8.";"0.00";"0.00";"0.00"
"2019";"12";"23";"1";"23";"8568";"124.";"3.4";"4.8";"95.";"8.";"0.00";"0.00";"0.00"
"2019";"12";"24";"2";"0";"8569";"156.";"2.5";"4.9";"96.";"8.";"0.00";"0.00";"0.00"
"2019";"12";"24";"2";"1";"8570";"183.";"1.8";"5.0";"96.";"8.";"0.00";"0.00";"0.00"
"2019";"12";"24";"2";"2";"8571";"195.";"1.5";"5.2";"95.";"8.";"0.00";"0.00";"0.00"
"2019";"12";"24";"2";"3";"8572";"206.";"1.4";"5.4";"95.";"8.";"0.00";"0.00";"0.00"
"2019";"12";"24";"2";"4";"8573";"217.";"1.7";"5.4";"96.";"8.";"0.00";"0.00";"0.00"
"2019";"12";"24";"2";"5";"8574";"217.";"2.0";"5.2";"95.";"8.";"0.00";"0.00";"0.00"
"2019";"12";"24";"2";"6";"8575";"196.";"1.6";"5.0";"95.";"8.";"0.00";"0.00";"0.00"
"2019";"12";"24";"2";"7";"8576";"191.";"1.7";"5.1";"95.";"7.";"0.00";"0.00";"0.00"
"2019";"12";"24";"2";"8";"8577";"190.";"2.0";"5.3";"96.";"7.";"0.00";"0.00";"0.00"
"2019";"12";"24";"2";"9";"8578";"177.";"2.2";"5.8";"96.";"7.";"0.96";"1.95";"0.86"
"2019";"12";"24";"2";"10";"8579";"179.";"2.7";"6.1";"95.";"8.";"20.75";"0.00";"20.75"
"2019";"12";"24";"2";"11";"8580";"174.";"2.9";"6.2";"95.";"8.";"27.92";"0.00";"27.92"
"2019";"12";"24";"2";"12";"8581";"198.";"3.2";"6.3";"95.";"8.";"17.03";"0.00";"17.03"
"2019";"12";"24";"2";"13";"8582";"209.";"3.6";"6.4";"95.";"8.";"11.71";"0.00";"11.71"
"2019";"12";"24";"2";"14";"8583";"216.";"3.6";"6.3";"95.";"8.";"0.46";"0.00";"0.46"
"2019";"12";"24";"2";"15";"8584";"218.";"2.9";"6.2";"95.";"8.";"0.00";"0.00";"0.00"
"2019";"12";"24";"2";"16";"8585";"216.";"2.8";"6.1";"95.";"5.";"0.00";"0.00";"0.00"
"2019";"12";"24";"2";"17";"8586";"212.";"2.4";"6.1";"95.";"8.";"0.00";"0.00";"0.00"
"2019";"12";"24";"2";"18";"8587";"216.";"2.7";"6.1";"94.";"8.";"0.00";"0.00";"0.00"
"2019";"12";"24";"2";"19";"8588";"213.";"2.4";"6.1";"95.";"7.";"0.00";"0.00";"0.00"
"2019";"12";"24";"2";"20";"8589";"211.";"2.9";"6.1";"95.";"8.";"0.00";"0.00";"0.00"
"2019";"12";"24";"2";"21";"8590";"207.";"2.8";"6.1";"94.";"8.";"0.00";"0.00";"0.00"
"2019";"12";"24";"2";"22";"8591";"214.";"2.8";"6.0";"95.";"8.";"0.00";"0.00";"0.00"
"2019";"12";"24";"2";"23";"8592";"222.";"2.6";"5.9";"95.";"8.";"0.00";"0.00";"0.00"
"2019";"12";"25";"3";"0";"8593";"229.";"2.6";"5.7";"95.";"8.";"0.00";"0.00";"0.00"
"2019";"12";"25";"3";"1";"8594";"228.";"2.6";"5.8";"95.";"8.";"0.00";"0.00";"0.00"
"2019";"12";"25";"3";"2";"8595";"211.";"2.1";"5.7";"95.";"7.";"0.00";"0.00";"0.00"
"2019";"12";"25";"3";"3";"8596";"225.";"2.4";"5.7";"96.";"8.";"0.00";"0.00";"0.00"
"2019";"12";"25";"3";"4";"8597";"241.";"1.7";"5.6";"96.";"8.";"0.00";"0.00";"0.00"
"2019";"12";"25";"3";"5";"8598";"293.";"1.9";"5.6";"95.";"8.";"0.00";"0.00";"0.00"
"2019";"12";"25";"3";"6";"8599";"296.";"2.4";"5.3";"94.";"8.";"0.00";"0.00";"0.00"
"2019";"12";"25";"3";"7";"8600";"305.";"2.6";"5.0";"94.";"8.";"0.00";"0.00";"0.00"
"2019";"12";"25";"3";"8";"8601";"304.";"3.3";"4.9";"94.";"8.";"0.00";"0.00";"0.00"
"2019";"12";"25";"3";"9";"8602";"304.";"3.9";"4.7";"94.";"8.";"1.73";"0.00";"1.73"
"2019";"12";"25";"3";"10";"8603";"306.";"4.3";"4.4";"93.";"8.";"23.73";"0.00";"23.73"
"2019";"12";"25";"3";"11";"8604";"304.";"4.2";"4.2";"92.";"8.";"37.33";"0.00";"37.33"
"2019";"12";"25";"3";"12";"8605";"308.";"3.5";"4.1";"90.";"8.";"37.60";"0.00";"37.60"
"2019";"12";"25";"3";"13";"8606";"308.";"2.9";"4.2";"89.";"5.";"48.93";"166.47";"29.38"
"2019";"12";"25";"3";"14";"8607";"296.";"2.1";"3.9";"87.";"5.";"6.68";"39.54";"4.57"
"2019";"12";"25";"3";"15";"8608";"306.";"1.3";"2.8";"88.";"4.";"0.00";"0.00";"0.00"
"2019";"12";"25";"3";"16";"8609";"304.";"0.6";"1.5";"90.";"4.";"0.00";"0.00";"0.00"
"2019";"12";"25";"3";"17";"8610";"323.";"0.5";"0.5";"92.";"5.";"0.00";"0.00";"0.00"
"2019";"12";"25";"3";"18";"8611";"70.";"1.0";"0.1";"93.";"6.";"0.00";"0.00";"0.00"
"2019";"12";"25";"3";"19";"8612";"46.";"0.6";"-0.2";"93.";"2.";"0.00";"0.00";"0.00"
"2019";"12";"25";"3";"20";"8613";"24.";"0.6";"-0.2";"94.";"1.";"0.00";"0.00";"0.00"
"2019";"12";"25";"3";"21";"8614";"43.";"0.9";"-0.3";"95.";"1.";"0.00";"0.00";"0.00"
"2019";"12";"25";"3";"22";"8615";"21.";"1.0";"-0.2";"96.";"7.";"0.00";"0.00";"0.00"
"2019";"12";"25";"3";"23";"8616";"8.";"1.4";"0.0";"98.";"8.";"0.00";"0.00";"0.00"
"2019";"12";"26";"4";"0";"8617";"20.";"1.7";"0.0";"98.";"8.";"0.00";"0.00";"0.00"
"2019";"12";"26";"4";"1";"8618";"22.";"1.5";"0.0";"97.";"8.";"0.00";"0.00";"0.00"
"2019";"12";"26";"4";"2";"8619";"343.";"1.6";"0.0";"97.";"8.";"0.00";"0.00";"0.00"
"2019";"12";"26";"4";"3";"8620";"7.";"1.7";"0.1";"96.";"8.";"0.00";"0.00";"0.00"
"2019";"12";"26";"4";"4";"8621";"33.";"2.0";"0.0";"96.";"8.";"0.00";"0.00";"0.00"
"2019";"12";"26";"4";"5";"8622";"22.";"1.8";"0.0";"95.";"8.";"0.00";"0.00";"0.00"
"2019";"12";"26";"4";"6";"8623";"19.";"1.5";"0.0";"94.";"8.";"0.00";"0.00";"0.00"
"2019";"12";"26";"4";"7";"8624";"46.";"1.7";"0.0";"94.";"8.";"0.00";"0.00";"0.00"
"2019";"12";"26";"4";"8";"8625";"33.";"1.1";"0.0";"93.";"8.";"0.00";"0.00";"0.00"
"2019";"12";"26";"4";"9";"8626";"21.";"1.1";"0.2";"92.";"8.";"5.23";"0.00";"5.23"
"2019";"12";"26";"4";"10";"8627";"352.";"1.2";"0.3";"92.";"8.";"27.21";"0.00";"27.21"
"2019";"12";"26";"4";"11";"8628";"359.";"1.4";"0.3";"92.";"8.";"39.78";"0.00";"39.78"
"2019";"12";"26";"4";"12";"8629";"32.";"1.7";"0.3";"93.";"8.";"39.70";"0.00";"39.70"
"2019";"12";"26";"4";"13";"8630";"25.";"1.8";"0.3";"92.";"8.";"27.21";"0.00";"27.21"
"2019";"12";"26";"4";"14";"8631";"38.";"2.1";"0.1";"93.";"8.";"5.33";"0.00";"5.33"
"2019";"12";"26";"4";"15";"8632";"21.";"1.4";"0.1";"92.";"5.";"0.00";"0.00";"0.00"
"2019";"12";"26";"4";"16";"8633";"5.";"1.2";"-0.1";"93.";"4.";"0.00";"0.00";"0.00"
"2019";"12";"26";"4";"17";"8634";"22.";"1.3";"-0.4";"94.";"5.";"0.00";"0.00";"0.00"
"2019";"12";"26";"4";"18";"8635";"42.";"1.4";"-0.5";"95.";"5.";"0.00";"0.00";"0.00"
"2019";"12";"26";"4";"19";"8636";"50.";"1.3";"-0.3";"95.";"6.";"0.00";"0.00";"0.00"
"2019";"12";"26";"4";"20";"8637";"51.";"1.2";"-0.1";"94.";"8.";"0.00";"0.00";"0.00"
"2019";"12";"26";"4";"21";"8638";"31.";"1.1";"-0.1";"93.";"8.";"0.00";"0.00";"0.00"
"2019";"12";"26";"4";"22";"8639";"15.";"1.1";"-0.7";"93.";"8.";"0.00";"0.00";"0.00"
"2019";"12";"26";"4";"23";"8640";"357.";"1.3";"-1.2";"94.";"6.";"0.00";"0.00";"0.00"
"2019";"12";"27";"5";"0";"8641";"352.";"1.6";"-1.0";"94.";"8.";"0.00";"0.00";"0.00"
"2019";"12";"27";"5";"1";"8642";"4.";"1.6";"-0.7";"94.";"8.";"0.00";"0.00";"0.00"
"2019";"12";"27";"5";"2";"8643";"8.";"1.8";"-0.6";"94.";"7.";"0.00";"0.00";"0.00"
"2019";"12";"27";"5";"3";"8644";"13.";"2.1";"-0.6";"94.";"4.";"0.00";"0.00";"0.00"
"2019";"12";"27";"5";"4";"8645";"14.";"1.9";"-0.9";"94.";"7.";"0.00";"0.00";"0.00"
"2019";"12";"27";"5";"5";"8646";"23.";"1.8";"-0.8";"93.";"6.";"0.00";"0.00";"0.00"
"2019";"12";"27";"5";"6";"8647";"26.";"1.8";"-1.4";"93.";"4.";"0.00";"0.00";"0.00"
"2019";"12";"27";"5";"7";"8648";"27.";"1.6";"-1.7";"92.";"2.";"0.00";"0.00";"0.00"
"2019";"12";"27";"5";"8";"8649";"18.";"1.5";"-1.8";"92.";"1.";"0.00";"0.00";"0.00"
"2019";"12";"27";"5";"9";"8650";"38.";"1.8";"-1.3";"93.";"3.";"15.21";"112.48";"9.11"
"2019";"12";"27";"5";"10";"8651";"46.";"1.9";"-0.7";"91.";"2.";"75.19";"349.91";"33.81"
"2019";"12";"27";"5";"11";"8652";"35.";"2.2";"0.0";"88.";"3.";"98.54";"349.47";"45.61"
"2019";"12";"27";"5";"12";"8653";"43.";"2.7";"0.1";"85.";"6.";"65.38";"142.68";"43.77"
"2019";"12";"27";"5";"13";"8654";"55.";"3.2";"0.0";"82.";"7.";"36.58";"57.85";"29.74"
"2019";"12";"27";"5";"14";"8655";"60.";"3.4";"-0.3";"80.";"8.";"6.02";"0.00";"6.02"
"2019";"12";"27";"5";"15";"8656";"62.";"2.9";"-1.1";"78.";"8.";"0.00";"0.00";"0.00"
"2019";"12";"27";"5";"16";"8657";"64.";"2.9";"-1.4";"77.";"8.";"0.00";"0.00";"0.00"
"2019";"12";"27";"5";"17";"8658";"53.";"2.4";"-1.5";"77.";"8.";"0.00";"0.00";"0.00"
"2019";"12";"27";"5";"18";"8659";"53.";"2.4";"-1.6";"76.";"8.";"0.00";"0.00";"0.00"
"2019";"12";"27";"5";"19";"8660";"54.";"2.3";"-1.7";"76.";"8.";"0.00";"0.00";"0.00"
"2019";"12";"27";"5";"20";"8661";"69.";"2.4";"-1.9";"76.";"8.";"0.00";"0.00";"0.00"
"2019";"12";"27";"5";"21";"8662";"85.";"2.2";"-2.0";"76.";"8.";"0.00";"0.00";"0.00"
"2019";"12";"27";"5";"22";"8663";"86.";"2.2";"-2.3";"76.";"6.";"0.00";"0.00";"0.00"
"2019";"12";"27";"5";"23";"8664";"84.";"1.6";"-3.0";"77.";"6.";"0.00";"0.00";"0.00"
"2019";"12";"28";"6";"0";"8665";"68.";"0.4";"-3.3";"81.";"6.";"0.00";"0.00";"0.00"
"2019";"12";"28";"6";"1";"8666";"51.";"0.5";"-4.1";"84.";"8.";"0.00";"0.00";"0.00"
"2019";"12";"28";"6";"2";"8667";"105.";"0.4";"-4.1";"86.";"8.";"0.00";"0.00";"0.00"
"2019";"12";"28";"6";"3";"8668";"105.";"1.3";"-3.7";"87.";"8.";"0.00";"0.00";"0.00"
"2019";"12";"28";"6";"4";"8669";"131.";"1.3";"-3.1";"86.";"8.";"0.00";"0.00";"0.00"
"2019";"12";"28";"6";"5";"8670";"135.";"1.2";"-2.7";"84.";"8.";"0.00";"0.00";"0.00"
"2019";"12";"28";"6";"6";"8671";"151.";"1.2";"-2.3";"82.";"5.";"0.00";"0.00";"0.00"
"2019";"12";"28";"6";"7";"8672";"145.";"1.6";"-1.9";"81.";"8.";"0.00";"0.00";"0.00"
"2019";"12";"28";"6";"8";"8673";"142.";"2.2";"-2.0";"80.";"8.";"0.00";"0.00";"0.00"
"2019";"12";"28";"6";"9";"8674";"139.";"2.6";"-2.1";"80.";"8.";"7.58";"0.00";"7.58"
"2019";"12";"28";"6";"10";"8675";"139.";"3.2";"-1.9";"80.";"8.";"28.37";"0.00";"28.37"
"2019";"12";"28";"6";"11";"8676";"133.";"3.8";"-1.7";"82.";"8.";"39.35";"0.00";"39.35"
"2019";"12";"28";"6";"12";"8677";"158.";"2.7";"-1.3";"83.";"8.";"40.51";"0.00";"40.51"
"2019";"12";"28";"6";"13";"8678";"174.";"2.7";"-0.9";"84.";"8.";"27.79";"0.00";"27.79"
"2019";"12";"28";"6";"14";"8679";"185.";"2.6";"-0.5";"84.";"8.";"6.48";"0.00";"6.48"
"2019";"12";"28";"6";"15";"8680";"184.";"2.7";"-0.2";"83.";"8.";"0.00";"0.00";"0.00"
"2019";"12";"28";"6";"16";"8681";"195.";"2.9";"0.3";"83.";"8.";"0.00";"0.00";"0.00"
"2019";"12";"28";"6";"17";"8682";"202.";"3.1";"0.9";"83.";"8.";"0.00";"0.00";"0.00"
"2019";"12";"28";"6";"18";"8683";"195.";"3.3";"1.2";"87.";"8.";"0.00";"0.00";"0.00"
"2019";"12";"28";"6";"19";"8684";"197.";"4.0";"1.9";"85.";"8.";"0.00";"0.00";"0.00"
"2019";"12";"28";"6";"20";"8685";"202.";"4.6";"2.2";"85.";"8.";"0.00";"0.00";"0.00"
"2019";"12";"28";"6";"21";"8686";"207.";"5.4";"2.6";"84.";"8.";"0.00";"0.00";"0.00"
"2019";"12";"28";"6";"22";"8687";"203.";"5.1";"2.7";"83.";"8.";"0.00";"0.00";"0.00"
"2019";"12";"28";"6";"23";"8688";"211.";"5.2";"2.8";"83.";"8.";"0.00";"0.00";"0.00"
"2019";"12";"29";"7";"0";"8689";"209.";"5.1";"3.0";"82.";"8.";"0.00";"0.00";"0.00"
"2019";"12";"29";"7";"1";"8690";"221.";"5.6";"3.2";"81.";"8.";"0.00";"0.00";"0.00"
"2019";"12";"29";"7";"2";"8691";"218.";"6.3";"3.3";"81.";"8.";"0.00";"0.00";"0.00"
"2019";"12";"29";"7";"3";"8692";"215.";"5.9";"3.1";"83.";"8.";"0.00";"0.00";"0.00"
"2019";"12";"29";"7";"4";"8693";"211.";"5.6";"3.1";"86.";"8.";"0.00";"0.00";"0.00"
"2019";"12";"29";"7";"5";"8694";"212.";"5.9";"3.3";"88.";"8.";"0.00";"0.00";"0.00"
"2019";"12";"29";"7";"6";"8695";"208.";"5.7";"3.7";"90.";"8.";"0.00";"0.00";"0.00"
"2019";"12";"29";"7";"7";"8696";"216.";"6.5";"4.0";"92.";"8.";"0.00";"0.00";"0.00"
"2019";"12";"29";"7";"8";"8697";"210.";"6.4";"4.3";"94.";"8.";"0.00";"0.00";"0.00"
"2019";"12";"29";"7";"9";"8698";"203.";"6.1";"4.6";"94.";"8.";"1.26";"0.00";"1.26"
"2019";"12";"29";"7";"10";"8699";"198.";"5.8";"4.8";"95.";"8.";"11.10";"0.00";"11.10"
"2019";"12";"29";"7";"11";"8700";"211.";"6.2";"5.2";"95.";"8.";"16.32";"0.00";"16.32"
"2019";"12";"29";"7";"12";"8701";"216.";"6.4";"5.3";"95.";"8.";"27.90";"0.00";"27.90"
"2019";"12";"29";"7";"13";"8702";"208.";"5.8";"5.5";"94.";"8.";"19.09";"0.00";"19.09"
"2019";"12";"29";"7";"14";"8703";"199.";"5.8";"5.6";"94.";"8.";"1.52";"0.00";"1.52"
"2019";"12";"29";"7";"15";"8704";"190.";"5.8";"5.6";"94.";"8.";"0.00";"0.00";"0.00"
"2019";"12";"29";"7";"16";"8705";"198.";"6.5";"5.5";"94.";"8.";"0.00";"0.00";"0.00"
"2019";"12";"29";"7";"17";"8706";"195.";"6.8";"5.7";"93.";"8.";"0.00";"0.00";"0.00"
"2019";"12";"29";"7";"18";"8707";"202.";"6.9";"5.8";"93.";"8.";"0.00";"0.00";"0.00"
"2019";"12";"29";"7";"19";"8708";"205.";"7.0";"6.0";"93.";"8.";"0.00";"0.00";"0.00"
"2019";"12";"29";"7";"20";"8709";"208.";"7.0";"6.1";"92.";"8.";"0.00";"0.00";"0.00"
"2019";"12";"29";"7";"21";"8710";"207.";"5.3";"6.2";"91.";"8.";"0.00";"0.00";"0.00"
"2019";"12";"29";"7";"22";"8711";"224.";"5.6";"6.5";"91.";"8.";"0.00";"0.00";"0.00"
"2019";"12";"29";"7";"23";"8712";"225.";"5.5";"6.5";"92.";"8.";"0.00";"0.00";"0.00"
"2019";"12";"30";"1";"0";"8713";"232.";"5.2";"6.8";"92.";"8.";"0.00";"0.00";"0.00"
"2019";"12";"30";"1";"1";"8714";"233.";"5.0";"6.9";"92.";"8.";"0.00";"0.00";"0.00"
"2019";"12";"30";"1";"2";"8715";"233.";"5.0";"7.0";"92.";"8.";"0.00";"0.00";"0.00"
"2019";"12";"30";"1";"3";"8716";"242.";"5.2";"7.0";"91.";"8.";"0.00";"0.00";"0.00"
"2019";"12";"30";"1";"4";"8717";"245.";"6.4";"7.0";"91.";"8.";"0.00";"0.00";"0.00"
"2019";"12";"30";"1";"5";"8718";"247.";"7.0";"7.1";"92.";"8.";"0.00";"0.00";"0.00"
"2019";"12";"30";"1";"6";"8719";"251.";"7.9";"7.2";"91.";"8.";"0.00";"0.00";"0.00"
"2019";"12";"30";"1";"7";"8720";"253.";"7.7";"7.4";"92.";"8.";"0.00";"0.00";"0.00"
"2019";"12";"30";"1";"8";"8721";"255.";"8.1";"7.5";"92.";"8.";"0.00";"0.00";"0.00"
"2019";"12";"30";"1";"9";"8722";"248.";"8.3";"7.6";"92.";"7.";"0.94";"1.72";"0.84"
"2019";"12";"30";"1";"10";"8723";"251.";"8.0";"7.5";"93.";"8.";"19.06";"0.00";"19.06"
"2019";"12";"30";"1";"11";"8724";"248.";"7.8";"7.7";"93.";"8.";"31.01";"0.00";"31.01"
"2019";"12";"30";"1";"12";"8725";"249.";"7.7";"7.6";"94.";"8.";"29.32";"0.00";"29.32"
"2019";"12";"30";"1";"13";"8726";"249.";"6.9";"7.5";"94.";"8.";"18.62";"0.00";"18.62"
"2019";"12";"30";"1";"14";"8727";"249.";"6.7";"7.3";"95.";"8.";"0.48";"0.00";"0.48"
"2019";"12";"30";"1";"15";"8728";"249.";"7.1";"7.4";"95.";"8.";"0.00";"0.00";"0.00"
"2019";"12";"30";"1";"16";"8729";"250.";"7.2";"7.4";"95.";"8.";"0.00";"0.00";"0.00"
"2019";"12";"30";"1";"17";"8730";"249.";"7.0";"7.3";"96.";"8.";"0.00";"0.00";"0.00"
"2019";"12";"30";"1";"18";"8731";"256.";"6.6";"7.2";"96.";"8.";"0.00";"0.00";"0.00"
"2019";"12";"30";"1";"19";"8732";"264.";"6.4";"7.1";"94.";"8.";"0.00";"0.00";"0.00"
"2019";"12";"30";"1";"20";"8733";"268.";"6.7";"6.9";"90.";"8.";"0.00";"0.00";"0.00"
"2019";"12";"30";"1";"21";"8734";"278.";"8.3";"6.7";"87.";"4.";"0.00";"0.00";"0.00"
"2019";"12";"30";"1";"22";"8735";"279.";"8.0";"6.6";"87.";"3.";"0.00";"0.00";"0.00"
"2019";"12";"30";"1";"23";"8736";"282.";"7.7";"6.5";"85.";"3.";"0.00";"0.00";"0.00"
"2019";"12";"31";"2";"0";"8737";"282.";"8.0";"6.6";"83.";"4.";"0.00";"0.00";"0.00"
"2019";"12";"31";"2";"1";"8738";"285.";"8.1";"6.7";"81.";"2.";"0.00";"0.00";"0.00"
"2019";"12";"31";"2";"2";"8739";"286.";"8.3";"6.7";"81.";"6.";"0.00";"0.00";"0.00"
"2019";"12";"31";"2";"3";"8740";"291.";"8.9";"6.7";"80.";"1.";"0.00";"0.00";"0.00"
"2019";"12";"31";"2";"4";"8741";"298.";"9.0";"6.7";"77.";"0.";"0.00";"0.00";"0.00"
"2019";"12";"31";"2";"5";"8742";"308.";"8.2";"6.5";"76.";"0.";"0.00";"0.00";"0.00"
"2019";"12";"31";"2";"6";"8743";"322.";"6.7";"6.6";"72.";"0.";"0.00";"0.00";"0.00"
"2019";"12";"31";"2";"7";"8744";"320.";"5.1";"6.4";"70.";"0.";"0.00";"0.00";"0.00"
"2019";"12";"31";"2";"8";"8745";"311.";"4.9";"5.9";"70.";"0.";"0.00";"0.00";"0.00"
"2019";"12";"31";"2";"9";"8746";"315.";"4.5";"6.0";"69.";"0.";"17.14";"152.21";"8.42"
"2019";"12";"31";"2";"10";"8747";"325.";"4.4";"6.7";"65.";"7.";"36.17";"57.91";"29.13"
"2019";"12";"31";"2";"11";"8748";"318.";"5.1";"6.7";"62.";"8.";"39.60";"0.00";"39.60"
"2019";"12";"31";"2";"12";"8749";"324.";"4.5";"6.8";"59.";"8.";"39.63";"0.00";"39.63"
"2019";"12";"31";"2";"13";"8750";"323.";"4.4";"6.7";"60.";"6.";"64.70";"115.05";"50.73"
"2019";"12";"31";"2";"14";"8751";"328.";"3.5";"6.0";"64.";"8.";"5.88";"0.00";"5.88"
"2019";"12";"31";"2";"15";"8752";"321.";"2.9";"4.3";"71.";"3.";"0.00";"0.00";"0.00"
"2019";"12";"31";"2";"16";"8753";"304.";"2.1";"2.5";"77.";"4.";"0.00";"0.00";"0.00"
"2019";"12";"31";"2";"17";"8754";"272.";"1.8";"1.3";"81.";"7.";"0.00";"0.00";"0.00"
"2019";"12";"31";"2";"18";"8755";"265.";"1.7";"0.9";"85.";"6.";"0.00";"0.00";"0.00"
"2019";"12";"31";"2";"19";"8756";"261.";"2.2";"-0.1";"88.";"0.";"0.00";"0.00";"0.00"
"2019";"12";"31";"2";"20";"8757";"272.";"2.0";"0.8";"88.";"3.";"0.00";"0.00";"0.00"
"2019";"12";"31";"2";"21";"8758";"277.";"2.7";"1.7";"86.";"7.";"0.00";"0.00";"0.00"
"2019";"12";"31";"2";"22";"8759";"275.";"2.3";"2.4";"86.";"7.";"0.00";"0.00";"0.00"
"2019";"12";"31";"2";"23";"8760";"283.";"2.6";"2.5";"85.";"4.";"0.00";"0.00";"0.00"
