"year";"month";"day";"weekday";"time";"hour";"Wind direction [Degrees]";"Wind speed [m/s]";"temperature";"Relative Humidity [%]";"Total cloud cover [Octas]";"Global horizontal irradiance [W/m2]";"Direct normal irradiance [W/m2]";"Diffuse horizontal irradiance [W/m2]"
"2018";"1";"1";"1";"0";"1";"184.";"4.2";"5.4";"94.";"8.";"0.00";"0.00";"0.00"
"2018";"1";"1";"1";"1";"2";"186.";"4.3";"5.3";"94.";"8.";"0.00";"0.00";"0.00"
"2018";"1";"1";"1";"2";"3";"195.";"4.0";"5.5";"93.";"8.";"0.00";"0.00";"0.00"
"2018";"1";"1";"1";"3";"4";"197.";"4.1";"5.8";"93.";"8.";"0.00";"0.00";"0.00"
"2018";"1";"1";"1";"4";"5";"191.";"3.9";"5.7";"94.";"8.";"0.00";"0.00";"0.00"
"2018";"1";"1";"1";"5";"6";"172.";"3.5";"5.7";"94.";"8.";"0.00";"0.00";"0.00"
"2018";"1";"1";"1";"6";"7";"165.";"3.4";"5.6";"94.";"8.";"0.00";"0.00";"0.00"
"2018";"1";"1";"1";"7";"8";"194.";"3.3";"5.1";"91.";"8.";"0.00";"0.00";"0.00"
"2018";"1";"1";"1";"8";"9";"148.";"2.3";"4.3";"92.";"8.";"0.00";"0.00";"0.00"
"2018";"1";"1";"1";"9";"10";"185.";"1.9";"3.5";"93.";"8.";"2.49";"0.00";"2.49"
"2018";"1";"1";"1";"10";"11";"185.";"1.6";"3.4";"94.";"8.";"14.84";"0.00";"14.84"
"2018";"1";"1";"1";"11";"12";"195.";"3.0";"3.6";"94.";"8.";"37.21";"0.00";"37.21"
"2018";"1";"1";"1";"12";"13";"206.";"4.3";"4.0";"94.";"8.";"38.68";"0.00";"38.68"
"2018";"1";"1";"1";"13";"14";"200.";"4.4";"4.1";"95.";"8.";"22.11";"0.00";"22.11"
"2018";"1";"1";"1";"14";"15";"208.";"3.8";"4.5";"96.";"8.";"1.90";"0.00";"1.90"
"2018";"1";"1";"1";"15";"16";"239.";"3.8";"4.9";"95.";"8.";"0.00";"0.00";"0.00"
"2018";"1";"1";"1";"16";"17";"250.";"5.8";"5.0";"95.";"8.";"0.00";"0.00";"0.00"
"2018";"1";"1";"1";"17";"18";"244.";"5.2";"4.7";"95.";"8.";"0.00";"0.00";"0.00"
"2018";"1";"1";"1";"18";"19";"239.";"4.9";"4.9";"95.";"8.";"0.00";"0.00";"0.00"
"2018";"1";"1";"1";"19";"20";"234.";"5.0";"4.8";"94.";"8.";"0.00";"0.00";"0.00"
"2018";"1";"1";"1";"20";"21";"232.";"4.6";"4.7";"93.";"5.";"0.00";"0.00";"0.00"
"2018";"1";"1";"1";"21";"22";"226.";"5.0";"5.0";"92.";"2.";"0.00";"0.00";"0.00"
"2018";"1";"1";"1";"22";"23";"222.";"5.9";"5.0";"91.";"8.";"0.00";"0.00";"0.00"
"2018";"1";"1";"1";"23";"24";"231.";"6.5";"5.1";"92.";"8.";"0.00";"0.00";"0.00"
"2018";"1";"2";"2";"0";"25";"227.";"6.6";"4.7";"93.";"8.";"0.00";"0.00";"0.00"
"2018";"1";"2";"2";"1";"26";"235.";"6.7";"5.0";"93.";"8.";"0.00";"0.00";"0.00"
"2018";"1";"2";"2";"2";"27";"237.";"6.1";"5.1";"91.";"5.";"0.00";"0.00";"0.00"
"2018";"1";"2";"2";"3";"28";"242.";"5.5";"5.1";"90.";"8.";"0.00";"0.00";"0.00"
"2018";"1";"2";"2";"4";"29";"247.";"5.9";"5.1";"90.";"5.";"0.00";"0.00";"0.00"
"2018";"1";"2";"2";"5";"30";"249.";"5.8";"4.9";"90.";"5.";"0.00";"0.00";"0.00"
"2018";"1";"2";"2";"6";"31";"243.";"5.6";"4.9";"90.";"4.";"0.00";"0.00";"0.00"
"2018";"1";"2";"2";"7";"32";"244.";"5.8";"4.8";"90.";"6.";"0.00";"0.00";"0.00"
"2018";"1";"2";"2";"8";"33";"249.";"5.4";"4.9";"90.";"3.";"0.00";"0.00";"0.00"
"2018";"1";"2";"2";"9";"34";"253.";"5.1";"5.1";"89.";"4.";"8.85";"44.44";"6.20"
"2018";"1";"2";"2";"10";"35";"257.";"4.7";"5.4";"86.";"0.";"80.75";"334.53";"39.34"
"2018";"1";"2";"2";"11";"36";"251.";"4.8";"5.8";"85.";"1.";"110.58";"366.65";"53.00"
"2018";"1";"2";"2";"12";"37";"250.";"4.6";"5.8";"84.";"0.";"117.35";"384.57";"56.95"
"2018";"1";"2";"2";"13";"38";"250.";"4.1";"5.8";"85.";"2.";"67.87";"239.64";"38.20"
"2018";"1";"2";"2";"14";"39";"245.";"3.7";"5.4";"87.";"6.";"6.52";"21.62";"5.23"
"2018";"1";"2";"2";"15";"40";"242.";"3.6";"4.9";"89.";"6.";"0.00";"0.00";"0.00"
"2018";"1";"2";"2";"16";"41";"244.";"4.4";"5.0";"89.";"6.";"0.00";"0.00";"0.00"
"2018";"1";"2";"2";"17";"42";"235.";"3.9";"4.4";"92.";"6.";"0.00";"0.00";"0.00"
"2018";"1";"2";"2";"18";"43";"229.";"3.7";"4.2";"94.";"2.";"0.00";"0.00";"0.00"
"2018";"1";"2";"2";"19";"44";"226.";"3.9";"4.8";"94.";"5.";"0.00";"0.00";"0.00"
"2018";"1";"2";"2";"20";"45";"218.";"3.8";"5.0";"93.";"7.";"0.00";"0.00";"0.00"
"2018";"1";"2";"2";"21";"46";"212.";"3.6";"5.0";"93.";"8.";"0.00";"0.00";"0.00"
"2018";"1";"2";"2";"22";"47";"195.";"3.4";"4.9";"93.";"6.";"0.00";"0.00";"0.00"
"2018";"1";"2";"2";"23";"48";"180.";"3.4";"4.8";"93.";"8.";"0.00";"0.00";"0.00"
"2018";"1";"3";"3";"0";"49";"172.";"3.7";"4.5";"92.";"8.";"0.00";"0.00";"0.00"
"2018";"1";"3";"3";"1";"50";"167.";"4.4";"4.3";"94.";"8.";"0.00";"0.00";"0.00"
"2018";"1";"3";"3";"2";"51";"164.";"5.3";"4.3";"93.";"8.";"0.00";"0.00";"0.00"
"2018";"1";"3";"3";"3";"52";"156.";"6.0";"3.9";"94.";"8.";"0.00";"0.00";"0.00"
"2018";"1";"3";"3";"4";"53";"144.";"6.1";"3.7";"93.";"8.";"0.00";"0.00";"0.00"
"2018";"1";"3";"3";"5";"54";"141.";"6.5";"3.6";"90.";"8.";"0.00";"0.00";"0.00"
"2018";"1";"3";"3";"6";"55";"124.";"6.9";"3.4";"88.";"7.";"0.00";"0.00";"0.00"
"2018";"1";"3";"3";"7";"56";"122.";"6.2";"3.4";"84.";"8.";"0.00";"0.00";"0.00"
"2018";"1";"3";"3";"8";"57";"117.";"6.5";"3.5";"84.";"8.";"0.00";"0.00";"0.00"
"2018";"1";"3";"3";"9";"58";"110.";"7.2";"3.1";"87.";"8.";"3.35";"0.00";"3.35"
"2018";"1";"3";"3";"10";"59";"110.";"7.6";"2.8";"89.";"8.";"14.52";"0.00";"14.52"
"2018";"1";"3";"3";"11";"60";"108.";"7.4";"2.7";"91.";"8.";"21.30";"0.00";"21.30"
"2018";"1";"3";"3";"12";"61";"107.";"7.0";"2.7";"91.";"8.";"21.45";"0.00";"21.45"
"2018";"1";"3";"3";"13";"62";"106.";"6.6";"2.6";"91.";"8.";"14.91";"0.00";"14.91"
"2018";"1";"3";"3";"14";"63";"102.";"5.9";"2.5";"92.";"8.";"3.24";"0.00";"3.24"
"2018";"1";"3";"3";"15";"64";"96.";"5.5";"2.4";"92.";"8.";"0.00";"0.00";"0.00"
"2018";"1";"3";"3";"16";"65";"91.";"5.3";"2.6";"92.";"8.";"0.00";"0.00";"0.00"
"2018";"1";"3";"3";"17";"66";"87.";"5.1";"2.7";"91.";"8.";"0.00";"0.00";"0.00"
"2018";"1";"3";"3";"18";"67";"84.";"5.1";"2.6";"92.";"8.";"0.00";"0.00";"0.00"
"2018";"1";"3";"3";"19";"68";"81.";"4.9";"2.6";"92.";"8.";"0.00";"0.00";"0.00"
"2018";"1";"3";"3";"20";"69";"80.";"5.0";"2.4";"93.";"8.";"0.00";"0.00";"0.00"
"2018";"1";"3";"3";"21";"70";"93.";"4.6";"2.3";"93.";"8.";"0.00";"0.00";"0.00"
"2018";"1";"3";"3";"22";"71";"101.";"5.2";"2.3";"93.";"8.";"0.00";"0.00";"0.00"
"2018";"1";"3";"3";"23";"72";"101.";"5.1";"2.4";"93.";"8.";"0.00";"0.00";"0.00"
"2018";"1";"4";"4";"0";"73";"101.";"5.1";"2.5";"92.";"8.";"0.00";"0.00";"0.00"
"2018";"1";"4";"4";"1";"74";"96.";"4.7";"2.6";"92.";"8.";"0.00";"0.00";"0.00"
"2018";"1";"4";"4";"2";"75";"89.";"4.9";"2.7";"91.";"8.";"0.00";"0.00";"0.00"
"2018";"1";"4";"4";"3";"76";"94.";"3.9";"2.6";"91.";"8.";"0.00";"0.00";"0.00"
"2018";"1";"4";"4";"4";"77";"84.";"3.8";"2.6";"91.";"8.";"0.00";"0.00";"0.00"
"2018";"1";"4";"4";"5";"78";"75.";"3.2";"2.7";"91.";"8.";"0.00";"0.00";"0.00"
"2018";"1";"4";"4";"6";"79";"71.";"3.3";"2.5";"91.";"8.";"0.00";"0.00";"0.00"
"2018";"1";"4";"4";"7";"80";"69.";"3.3";"2.2";"92.";"8.";"0.00";"0.00";"0.00"
"2018";"1";"4";"4";"8";"81";"66.";"3.1";"2.1";"92.";"8.";"0.00";"0.00";"0.00"
"2018";"1";"4";"4";"9";"82";"61.";"3.4";"2.2";"92.";"7.";"9.13";"23.80";"7.65"
"2018";"1";"4";"4";"10";"83";"60.";"3.0";"2.7";"91.";"7.";"38.30";"61.13";"30.57"
"2018";"1";"4";"4";"11";"84";"58.";"2.8";"3.0";"89.";"7.";"55.10";"73.47";"43.36"
"2018";"1";"4";"4";"12";"85";"61.";"2.4";"3.0";"87.";"8.";"42.29";"0.00";"42.29"
"2018";"1";"4";"4";"13";"86";"40.";"2.0";"3.1";"88.";"8.";"28.64";"0.00";"28.64"
"2018";"1";"4";"4";"14";"87";"27.";"1.9";"2.9";"88.";"8.";"6.78";"0.00";"6.78"
"2018";"1";"4";"4";"15";"88";"15.";"1.9";"2.5";"90.";"8.";"0.00";"0.00";"0.00"
"2018";"1";"4";"4";"16";"89";"12.";"2.0";"2.2";"91.";"8.";"0.00";"0.00";"0.00"
"2018";"1";"4";"4";"17";"90";"26.";"2.0";"2.1";"92.";"8.";"0.00";"0.00";"0.00"
"2018";"1";"4";"4";"18";"91";"35.";"1.2";"2.0";"92.";"8.";"0.00";"0.00";"0.00"
"2018";"1";"4";"4";"19";"92";"246.";"0.9";"2.0";"91.";"8.";"0.00";"0.00";"0.00"
"2018";"1";"4";"4";"20";"93";"225.";"0.8";"2.0";"92.";"8.";"0.00";"0.00";"0.00"
"2018";"1";"4";"4";"21";"94";"5.";"0.1";"1.9";"91.";"8.";"0.00";"0.00";"0.00"
"2018";"1";"4";"4";"22";"95";"79.";"0.7";"1.8";"91.";"7.";"0.00";"0.00";"0.00"
"2018";"1";"4";"4";"23";"96";"117.";"0.8";"1.7";"91.";"8.";"0.00";"0.00";"0.00"
"2018";"1";"5";"5";"0";"97";"138.";"0.7";"1.7";"89.";"8.";"0.00";"0.00";"0.00"
"2018";"1";"5";"5";"1";"98";"92.";"1.3";"1.6";"90.";"7.";"0.00";"0.00";"0.00"
"2018";"1";"5";"5";"2";"99";"69.";"1.4";"1.5";"91.";"8.";"0.00";"0.00";"0.00"
"2018";"1";"5";"5";"3";"100";"74.";"1.7";"1.3";"90.";"8.";"0.00";"0.00";"0.00"
"2018";"1";"5";"5";"4";"101";"58.";"2.1";"1.2";"91.";"8.";"0.00";"0.00";"0.00"
"2018";"1";"5";"5";"5";"102";"52.";"1.7";"1.1";"93.";"8.";"0.00";"0.00";"0.00"
"2018";"1";"5";"5";"6";"103";"49.";"1.8";"1.3";"93.";"8.";"0.00";"0.00";"0.00"
"2018";"1";"5";"5";"7";"104";"46.";"2.0";"1.4";"93.";"8.";"0.00";"0.00";"0.00"
"2018";"1";"5";"5";"8";"105";"34.";"2.1";"1.6";"94.";"8.";"0.00";"0.00";"0.00"
"2018";"1";"5";"5";"9";"106";"26.";"1.9";"1.7";"94.";"8.";"7.07";"0.00";"7.07"
"2018";"1";"5";"5";"10";"107";"31.";"2.1";"1.9";"94.";"8.";"26.20";"0.00";"26.20"
"2018";"1";"5";"5";"11";"108";"31.";"2.1";"2.2";"94.";"8.";"40.29";"0.00";"40.29"
"2018";"1";"5";"5";"12";"109";"32.";"2.2";"2.2";"93.";"8.";"40.65";"0.00";"40.65"
"2018";"1";"5";"5";"13";"110";"21.";"2.7";"2.2";"93.";"8.";"28.82";"0.00";"28.82"
"2018";"1";"5";"5";"14";"111";"31.";"2.7";"2.2";"91.";"8.";"7.40";"0.00";"7.40"
"2018";"1";"5";"5";"15";"112";"31.";"2.3";"2.1";"92.";"6.";"0.00";"0.00";"0.00"
"2018";"1";"5";"5";"16";"113";"23.";"1.7";"1.8";"92.";"7.";"0.00";"0.00";"0.00"
"2018";"1";"5";"5";"17";"114";"27.";"1.8";"1.4";"92.";"7.";"0.00";"0.00";"0.00"
"2018";"1";"5";"5";"18";"115";"30.";"2.6";"1.3";"92.";"8.";"0.00";"0.00";"0.00"
"2018";"1";"5";"5";"19";"116";"16.";"2.4";"1.1";"92.";"8.";"0.00";"0.00";"0.00"
"2018";"1";"5";"5";"20";"117";"18.";"2.3";"0.9";"91.";"7.";"0.00";"0.00";"0.00"
"2018";"1";"5";"5";"21";"118";"17.";"2.1";"0.8";"91.";"8.";"0.00";"0.00";"0.00"
"2018";"1";"5";"5";"22";"119";"28.";"2.0";"0.6";"92.";"8.";"0.00";"0.00";"0.00"
"2018";"1";"5";"5";"23";"120";"10.";"2.1";"0.5";"91.";"8.";"0.00";"0.00";"0.00"
"2018";"1";"6";"6";"0";"121";"20.";"2.1";"0.5";"90.";"8.";"0.00";"0.00";"0.00"
"2018";"1";"6";"6";"1";"122";"21.";"1.3";"0.3";"90.";"8.";"0.00";"0.00";"0.00"
"2018";"1";"6";"6";"2";"123";"7.";"2.0";"0.2";"90.";"8.";"0.00";"0.00";"0.00"
"2018";"1";"6";"6";"3";"124";"10.";"2.3";"-0";"89.";"8.";"0.00";"0.00";"0.00"
"2018";"1";"6";"6";"4";"125";"9.";"2.4";"-0.1";"89.";"8.";"0.00";"0.00";"0.00"
"2018";"1";"6";"6";"5";"126";"15.";"2.4";"-0.2";"90.";"8.";"0.00";"0.00";"0.00"
"2018";"1";"6";"6";"6";"127";"15.";"2.5";"-0.3";"88.";"8.";"0.00";"0.00";"0.00"
"2018";"1";"6";"6";"7";"128";"5.";"2.3";"-0.5";"86.";"8.";"0.00";"0.00";"0.00"
"2018";"1";"6";"6";"8";"129";"0.";"2.6";"-0.9";"84.";"8.";"0.00";"0.00";"0.00"
"2018";"1";"6";"6";"9";"130";"3.";"2.9";"-1.6";"81.";"8.";"10.79";"0.00";"10.79"
"2018";"1";"6";"6";"10";"131";"8.";"3.1";"-2.0";"75.";"8.";"33.97";"0.00";"33.97"
"2018";"1";"6";"6";"11";"132";"10.";"3.2";"-2.0";"73.";"7.";"102.41";"80.78";"89.23"
"2018";"1";"6";"6";"12";"133";"5.";"3.2";"-1.9";"72.";"3.";"117.82";"404.18";"51.89"
"2018";"1";"6";"6";"13";"134";"6.";"3.2";"-1.8";"72.";"4.";"76.42";"280.52";"40.02"
"2018";"1";"6";"6";"14";"135";"350.";"2.8";"-1.6";"73.";"7.";"15.21";"38.36";"12.70"
"2018";"1";"6";"6";"15";"136";"349.";"2.4";"-1.9";"74.";"8.";"0.00";"0.00";"0.00"
"2018";"1";"6";"6";"16";"137";"346.";"2.4";"-2.3";"76.";"4.";"0.00";"0.00";"0.00"
"2018";"1";"6";"6";"17";"138";"354.";"2.5";"-2.7";"78.";"1.";"0.00";"0.00";"0.00"
"2018";"1";"6";"6";"18";"139";"355.";"2.5";"-3.5";"80.";"0.";"0.00";"0.00";"0.00"
"2018";"1";"6";"6";"19";"140";"350.";"2.3";"-4.1";"82.";"0.";"0.00";"0.00";"0.00"
"2018";"1";"6";"6";"20";"141";"353.";"2.3";"-4.4";"84.";"0.";"0.00";"0.00";"0.00"
"2018";"1";"6";"6";"21";"142";"5.";"2.1";"-4.8";"85.";"0.";"0.00";"0.00";"0.00"
"2018";"1";"6";"6";"22";"143";"358.";"1.9";"-5.3";"88.";"0.";"0.00";"0.00";"0.00"
"2018";"1";"6";"6";"23";"144";"0.";"1.9";"-5.4";"88.";"0.";"0.00";"0.00";"0.00"
"2018";"1";"7";"7";"0";"145";"358.";"1.9";"-5.6";"87.";"0.";"0.00";"0.00";"0.00"
"2018";"1";"7";"7";"1";"146";"11.";"1.8";"-6.2";"88.";"0.";"0.00";"0.00";"0.00"
"2018";"1";"7";"7";"2";"147";"11.";"1.5";"-6.7";"88.";"0.";"0.00";"0.00";"0.00"
"2018";"1";"7";"7";"3";"148";"23.";"1.0";"-6.8";"89.";"0.";"0.00";"0.00";"0.00"
"2018";"1";"7";"7";"4";"149";"35.";"0.8";"-7.3";"89.";"1.";"0.00";"0.00";"0.00"
"2018";"1";"7";"7";"5";"150";"105.";"1.0";"-7.8";"89.";"0.";"0.00";"0.00";"0.00"
"2018";"1";"7";"7";"6";"151";"128.";"1.7";"-7.9";"89.";"0.";"0.00";"0.00";"0.00"
"2018";"1";"7";"7";"7";"152";"152.";"1.5";"-7.5";"88.";"0.";"0.00";"0.00";"0.00"
"2018";"1";"7";"7";"8";"153";"175.";"1.7";"-7.4";"86.";"2.";"0.00";"0.00";"0.00"
"2018";"1";"7";"7";"9";"154";"199.";"2.6";"-5.6";"86.";"1.";"38.01";"292.15";"18.41"
"2018";"1";"7";"7";"10";"155";"216.";"3.5";"-2.3";"82.";"0.";"111.38";"558.12";"37.96"
"2018";"1";"7";"7";"11";"156";"233.";"4.7";"0.5";"75.";"1.";"137.20";"553.74";"45.89"
"2018";"1";"7";"7";"12";"157";"242.";"5.9";"2.1";"68.";"2.";"137.56";"475.33";"59.18"
"2018";"1";"7";"7";"13";"158";"257.";"5.0";"2.2";"72.";"5.";"62.85";"192.20";"37.57"
"2018";"1";"7";"7";"14";"159";"263.";"4.8";"2.1";"69.";"7.";"22.72";"34.47";"20.41"
"2018";"1";"7";"7";"15";"160";"263.";"5.4";"2.2";"68.";"4.";"0.00";"0.00";"0.00"
"2018";"1";"7";"7";"16";"161";"263.";"5.7";"3.0";"69.";"7.";"0.00";"0.00";"0.00"
"2018";"1";"7";"7";"17";"162";"259.";"4.6";"3.0";"71.";"8.";"0.00";"0.00";"0.00"
"2018";"1";"7";"7";"18";"163";"269.";"4.2";"3.3";"71.";"6.";"0.00";"0.00";"0.00"
"2018";"1";"7";"7";"19";"164";"271.";"5.4";"3.4";"72.";"7.";"0.00";"0.00";"0.00"
"2018";"1";"7";"7";"20";"165";"272.";"4.9";"3.5";"73.";"3.";"0.00";"0.00";"0.00"
"2018";"1";"7";"7";"21";"166";"272.";"4.6";"3.4";"76.";"2.";"0.00";"0.00";"0.00"
"2018";"1";"7";"7";"22";"167";"273.";"4.4";"3.5";"79.";"7.";"0.00";"0.00";"0.00"
"2018";"1";"7";"7";"23";"168";"274.";"4.4";"3.8";"82.";"5.";"0.00";"0.00";"0.00"
"2018";"1";"8";"1";"0";"169";"276.";"4.3";"3.4";"84.";"4.";"0.00";"0.00";"0.00"
"2018";"1";"8";"1";"1";"170";"275.";"3.0";"2.7";"87.";"2.";"0.00";"0.00";"0.00"
"2018";"1";"8";"1";"2";"171";"276.";"2.4";"2.2";"88.";"1.";"0.00";"0.00";"0.00"
"2018";"1";"8";"1";"3";"172";"275.";"2.7";"1.7";"91.";"3.";"0.00";"0.00";"0.00"
"2018";"1";"8";"1";"4";"173";"280.";"1.8";"1.5";"93.";"2.";"0.00";"0.00";"0.00"
"2018";"1";"8";"1";"5";"174";"282.";"2.1";"0.4";"94.";"5.";"0.00";"0.00";"0.00"
"2018";"1";"8";"1";"6";"175";"277.";"2.4";"0.1";"94.";"6.";"0.00";"0.00";"0.00"
"2018";"1";"8";"1";"7";"176";"274.";"1.6";"-0";"94.";"5.";"0.00";"0.00";"0.00"
"2018";"1";"8";"1";"8";"177";"277.";"1.5";"-0.2";"95.";"5.";"0.00";"0.00";"0.00"
"2018";"1";"8";"1";"9";"178";"265.";"1.5";"-0.2";"95.";"3.";"21.96";"86.52";"15.99"
"2018";"1";"8";"1";"10";"179";"176.";"0.8";"1.1";"92.";"3.";"71.24";"179.77";"47.25"
"2018";"1";"8";"1";"11";"180";"219.";"1.1";"2.6";"93.";"5.";"76.92";"133.50";"54.65"
"2018";"1";"8";"1";"12";"181";"248.";"1.8";"3.1";"92.";"3.";"99.51";"234.90";"60.33"
"2018";"1";"8";"1";"13";"182";"225.";"2.0";"3.5";"91.";"4.";"63.01";"163.32";"41.22"
"2018";"1";"8";"1";"14";"183";"218.";"2.0";"3.5";"92.";"2.";"20.23";"104.21";"13.04"
"2018";"1";"8";"1";"15";"184";"203.";"1.9";"3.3";"92.";"5.";"0.00";"0.00";"0.00"
"2018";"1";"8";"1";"16";"185";"193.";"2.0";"3.1";"93.";"7.";"0.00";"0.00";"0.00"
"2018";"1";"8";"1";"17";"186";"203.";"2.0";"2.8";"93.";"8.";"0.00";"0.00";"0.00"
"2018";"1";"8";"1";"18";"187";"190.";"2.1";"2.3";"94.";"7.";"0.00";"0.00";"0.00"
"2018";"1";"8";"1";"19";"188";"191.";"2.0";"2.1";"96.";"8.";"0.00";"0.00";"0.00"
"2018";"1";"8";"1";"20";"189";"179.";"2.2";"2.1";"97.";"7.";"0.00";"0.00";"0.00"
"2018";"1";"8";"1";"21";"190";"172.";"2.7";"2.3";"97.";"8.";"0.00";"0.00";"0.00"
"2018";"1";"8";"1";"22";"191";"183.";"2.5";"2.2";"96.";"8.";"0.00";"0.00";"0.00"
"2018";"1";"8";"1";"23";"192";"181.";"1.9";"2.1";"96.";"8.";"0.00";"0.00";"0.00"
"2018";"1";"9";"2";"0";"193";"178.";"2.1";"1.8";"96.";"8.";"0.00";"0.00";"0.00"
"2018";"1";"9";"2";"1";"194";"167.";"2.4";"1.5";"95.";"8.";"0.00";"0.00";"0.00"
"2018";"1";"9";"2";"2";"195";"147.";"2.8";"0.9";"95.";"8.";"0.00";"0.00";"0.00"
"2018";"1";"9";"2";"3";"196";"138.";"2.3";"0.2";"96.";"8.";"0.00";"0.00";"0.00"
"2018";"1";"9";"2";"4";"197";"123.";"2.1";"-0.3";"96.";"8.";"0.00";"0.00";"0.00"
"2018";"1";"9";"2";"5";"198";"114.";"1.8";"-0.6";"97.";"8.";"0.00";"0.00";"0.00"
"2018";"1";"9";"2";"6";"199";"100.";"2.5";"-0.7";"96.";"8.";"0.00";"0.00";"0.00"
"2018";"1";"9";"2";"7";"200";"107.";"2.4";"-1.1";"96.";"6.";"0.00";"0.00";"0.00"
"2018";"1";"9";"2";"8";"201";"87.";"2.3";"-1.5";"96.";"0.";"0.00";"0.00";"0.00"
"2018";"1";"9";"2";"9";"202";"78.";"2.9";"-0.8";"93.";"0.";"36.57";"287.12";"16.22"
"2018";"1";"9";"2";"10";"203";"90.";"2.8";"0.6";"85.";"0.";"108.61";"535.66";"36.06"
"2018";"1";"9";"2";"11";"204";"111.";"2.4";"2.2";"73.";"0.";"150.70";"630.99";"44.16"
"2018";"1";"9";"2";"12";"205";"97.";"2.9";"3.0";"67.";"0.";"150.51";"616.74";"46.37"
"2018";"1";"9";"2";"13";"206";"91.";"3.8";"3.8";"62.";"0.";"110.50";"547.19";"36.40"
"2018";"1";"9";"2";"14";"207";"91.";"4.4";"3.7";"58.";"0.";"38.79";"302.57";"17.34"
"2018";"1";"9";"2";"15";"208";"92.";"4.8";"2.8";"62.";"0.";"0.00";"0.00";"0.00"
"2018";"1";"9";"2";"16";"209";"100.";"4.9";"2.7";"61.";"0.";"0.00";"0.00";"0.00"
"2018";"1";"9";"2";"17";"210";"106.";"5.0";"2.8";"57.";"0.";"0.00";"0.00";"0.00"
"2018";"1";"9";"2";"18";"211";"101.";"5.5";"2.7";"56.";"2.";"0.00";"0.00";"0.00"
"2018";"1";"9";"2";"19";"212";"99.";"6.6";"3.4";"53.";"7.";"0.00";"0.00";"0.00"
"2018";"1";"9";"2";"20";"213";"104.";"6.6";"3.9";"52.";"8.";"0.00";"0.00";"0.00"
"2018";"1";"9";"2";"21";"214";"107.";"6.9";"3.7";"53.";"8.";"0.00";"0.00";"0.00"
"2018";"1";"9";"2";"22";"215";"110.";"6.5";"3.5";"54.";"8.";"0.00";"0.00";"0.00"
"2018";"1";"9";"2";"23";"216";"108.";"5.6";"3.4";"55.";"7.";"0.00";"0.00";"0.00"
"2018";"1";"10";"3";"0";"217";"107.";"5.1";"3.4";"57.";"2.";"0.00";"0.00";"0.00"
"2018";"1";"10";"3";"1";"218";"106.";"4.6";"3.2";"59.";"3.";"0.00";"0.00";"0.00"
"2018";"1";"10";"3";"2";"219";"108.";"4.1";"2.6";"63.";"0.";"0.00";"0.00";"0.00"
"2018";"1";"10";"3";"3";"220";"101.";"4.7";"2.3";"65.";"2.";"0.00";"0.00";"0.00"
"2018";"1";"10";"3";"4";"221";"98.";"4.3";"2.4";"66.";"8.";"0.00";"0.00";"0.00"
"2018";"1";"10";"3";"5";"222";"99.";"4.6";"2.6";"68.";"8.";"0.00";"0.00";"0.00"
"2018";"1";"10";"3";"6";"223";"106.";"4.2";"2.9";"68.";"6.";"0.00";"0.00";"0.00"
"2018";"1";"10";"3";"7";"224";"114.";"3.9";"3.0";"71.";"8.";"0.00";"0.00";"0.00"
"2018";"1";"10";"3";"8";"225";"117.";"3.4";"2.4";"76.";"8.";"0.00";"0.00";"0.00"
"2018";"1";"10";"3";"9";"226";"122.";"2.8";"2.3";"79.";"8.";"6.28";"0.00";"6.28"
"2018";"1";"10";"3";"10";"227";"124.";"2.6";"2.2";"85.";"8.";"17.77";"0.00";"17.77"
"2018";"1";"10";"3";"11";"228";"119.";"2.7";"1.9";"90.";"8.";"24.19";"0.00";"24.19"
"2018";"1";"10";"3";"12";"229";"111.";"3.1";"2.3";"91.";"8.";"24.19";"0.00";"24.19"
"2018";"1";"10";"3";"13";"230";"105.";"4.0";"2.8";"90.";"8.";"32.08";"0.00";"32.08"
"2018";"1";"10";"3";"14";"231";"118.";"3.7";"2.9";"91.";"8.";"8.85";"0.00";"8.85"
"2018";"1";"10";"3";"15";"232";"117.";"3.8";"3.0";"92.";"8.";"0.00";"0.00";"0.00"
"2018";"1";"10";"3";"16";"233";"118.";"3.5";"3.2";"92.";"8.";"0.00";"0.00";"0.00"
"2018";"1";"10";"3";"17";"234";"120.";"2.6";"3.1";"93.";"8.";"0.00";"0.00";"0.00"
"2018";"1";"10";"3";"18";"235";"116.";"2.8";"3.1";"94.";"8.";"0.00";"0.00";"0.00"
"2018";"1";"10";"3";"19";"236";"118.";"2.7";"3.2";"93.";"8.";"0.00";"0.00";"0.00"
"2018";"1";"10";"3";"20";"237";"113.";"2.7";"3.3";"92.";"8.";"0.00";"0.00";"0.00"
"2018";"1";"10";"3";"21";"238";"104.";"2.2";"3.2";"91.";"8.";"0.00";"0.00";"0.00"
"2018";"1";"10";"3";"22";"239";"103.";"1.9";"3.0";"92.";"8.";"0.00";"0.00";"0.00"
"2018";"1";"10";"3";"23";"240";"87.";"1.9";"2.8";"94.";"8.";"0.00";"0.00";"0.00"
"2018";"1";"11";"4";"0";"241";"94.";"2.1";"2.8";"95.";"8.";"0.00";"0.00";"0.00"
"2018";"1";"11";"4";"1";"242";"100.";"2.0";"2.7";"95.";"8.";"0.00";"0.00";"0.00"
"2018";"1";"11";"4";"2";"243";"96.";"1.9";"2.6";"95.";"8.";"0.00";"0.00";"0.00"
"2018";"1";"11";"4";"3";"244";"94.";"2.2";"2.5";"95.";"8.";"0.00";"0.00";"0.00"
"2018";"1";"11";"4";"4";"245";"105.";"2.4";"2.5";"95.";"8.";"0.00";"0.00";"0.00"
"2018";"1";"11";"4";"5";"246";"106.";"2.4";"2.5";"95.";"8.";"0.00";"0.00";"0.00"
"2018";"1";"11";"4";"6";"247";"101.";"2.4";"2.6";"94.";"8.";"0.00";"0.00";"0.00"
"2018";"1";"11";"4";"7";"248";"104.";"2.2";"2.7";"93.";"8.";"0.00";"0.00";"0.00"
"2018";"1";"11";"4";"8";"249";"95.";"2.0";"2.8";"92.";"8.";"0.00";"0.00";"0.00"
"2018";"1";"11";"4";"9";"250";"88.";"2.0";"2.9";"91.";"8.";"9.90";"0.00";"9.90"
"2018";"1";"11";"4";"10";"251";"86.";"2.3";"2.9";"91.";"8.";"30.88";"0.00";"30.88"
"2018";"1";"11";"4";"11";"252";"82.";"2.4";"2.9";"92.";"8.";"24.79";"0.00";"24.79"
"2018";"1";"11";"4";"12";"253";"85.";"2.4";"2.9";"92.";"8.";"25.34";"0.00";"25.34"
"2018";"1";"11";"4";"13";"254";"89.";"2.3";"2.9";"90.";"7.";"43.28";"56.15";"35.43"
"2018";"1";"11";"4";"14";"255";"80.";"2.4";"2.8";"89.";"7.";"14.01";"30.39";"11.73"
"2018";"1";"11";"4";"15";"256";"78.";"2.3";"2.1";"89.";"8.";"0.00";"0.00";"0.00"
"2018";"1";"11";"4";"16";"257";"71.";"2.5";"1.4";"91.";"8.";"0.00";"0.00";"0.00"
"2018";"1";"11";"4";"17";"258";"65.";"2.0";"0.7";"91.";"6.";"0.00";"0.00";"0.00"
"2018";"1";"11";"4";"18";"259";"69.";"2.2";"0.3";"92.";"5.";"0.00";"0.00";"0.00"
"2018";"1";"11";"4";"19";"260";"72.";"2.1";"-0.2";"92.";"8.";"0.00";"0.00";"0.00"
"2018";"1";"11";"4";"20";"261";"59.";"2.3";"-0.5";"92.";"8.";"0.00";"0.00";"0.00"
"2018";"1";"11";"4";"21";"262";"67.";"2.7";"-0.6";"91.";"6.";"0.00";"0.00";"0.00"
"2018";"1";"11";"4";"22";"263";"66.";"2.3";"-0.8";"91.";"5.";"0.00";"0.00";"0.00"
"2018";"1";"11";"4";"23";"264";"76.";"2.8";"-1.0";"91.";"8.";"0.00";"0.00";"0.00"
"2018";"1";"12";"5";"0";"265";"87.";"3.0";"-0.8";"90.";"8.";"0.00";"0.00";"0.00"
"2018";"1";"12";"5";"1";"266";"95.";"2.2";"-0.9";"88.";"7.";"0.00";"0.00";"0.00"
"2018";"1";"12";"5";"2";"267";"93.";"2.4";"-0.8";"88.";"7.";"0.00";"0.00";"0.00"
"2018";"1";"12";"5";"3";"268";"90.";"2.7";"-0.6";"87.";"8.";"0.00";"0.00";"0.00"
"2018";"1";"12";"5";"4";"269";"95.";"2.5";"-0.5";"86.";"8.";"0.00";"0.00";"0.00"
"2018";"1";"12";"5";"5";"270";"104.";"2.7";"-0.4";"86.";"8.";"0.00";"0.00";"0.00"
"2018";"1";"12";"5";"6";"271";"109.";"2.6";"0.0";"85.";"8.";"0.00";"0.00";"0.00"
"2018";"1";"12";"5";"7";"272";"110.";"2.4";"0.3";"85.";"8.";"0.00";"0.00";"0.00"
"2018";"1";"12";"5";"8";"273";"97.";"2.2";"0.5";"85.";"7.";"0.00";"0.00";"0.00"
"2018";"1";"12";"5";"9";"274";"85.";"2.5";"0.9";"85.";"8.";"13.13";"0.00";"13.13"
"2018";"1";"12";"5";"10";"275";"88.";"2.3";"1.2";"84.";"8.";"36.48";"0.00";"36.48"
"2018";"1";"12";"5";"11";"276";"98.";"2.6";"1.4";"84.";"7.";"63.89";"79.18";"49.99"
"2018";"1";"12";"5";"12";"277";"111.";"2.3";"1.4";"84.";"8.";"47.02";"0.00";"47.02"
"2018";"1";"12";"5";"13";"278";"114.";"2.7";"1.4";"84.";"8.";"35.44";"0.00";"35.44"
"2018";"1";"12";"5";"14";"279";"109.";"2.3";"1.2";"85.";"8.";"12.54";"0.00";"12.54"
"2018";"1";"12";"5";"15";"280";"107.";"2.2";"1.2";"86.";"8.";"0.00";"0.00";"0.00"
"2018";"1";"12";"5";"16";"281";"113.";"1.9";"0.9";"88.";"8.";"0.00";"0.00";"0.00"
"2018";"1";"12";"5";"17";"282";"97.";"2.2";"0.9";"88.";"8.";"0.00";"0.00";"0.00"
"2018";"1";"12";"5";"18";"283";"96.";"2.0";"0.8";"86.";"8.";"0.00";"0.00";"0.00"
"2018";"1";"12";"5";"19";"284";"101.";"2.0";"0.8";"86.";"8.";"0.00";"0.00";"0.00"
"2018";"1";"12";"5";"20";"285";"98.";"2.5";"0.5";"87.";"8.";"0.00";"0.00";"0.00"
"2018";"1";"12";"5";"21";"286";"98.";"2.8";"0.4";"86.";"8.";"0.00";"0.00";"0.00"
"2018";"1";"12";"5";"22";"287";"101.";"3.0";"0.4";"82.";"8.";"0.00";"0.00";"0.00"
"2018";"1";"12";"5";"23";"288";"105.";"3.1";"0.3";"80.";"8.";"0.00";"0.00";"0.00"
"2018";"1";"13";"6";"0";"289";"96.";"2.3";"-0.1";"81.";"8.";"0.00";"0.00";"0.00"
"2018";"1";"13";"6";"1";"290";"99.";"2.6";"-0.2";"80.";"8.";"0.00";"0.00";"0.00"
"2018";"1";"13";"6";"2";"291";"101.";"2.6";"-0.2";"82.";"8.";"0.00";"0.00";"0.00"
"2018";"1";"13";"6";"3";"292";"96.";"2.2";"-0.2";"82.";"8.";"0.00";"0.00";"0.00"
"2018";"1";"13";"6";"4";"293";"90.";"2.7";"-0";"81.";"8.";"0.00";"0.00";"0.00"
"2018";"1";"13";"6";"5";"294";"90.";"3.3";"0.2";"76.";"8.";"0.00";"0.00";"0.00"
"2018";"1";"13";"6";"6";"295";"97.";"3.7";"0.3";"74.";"8.";"0.00";"0.00";"0.00"
"2018";"1";"13";"6";"7";"296";"96.";"3.3";"0.3";"73.";"8.";"0.00";"0.00";"0.00"
"2018";"1";"13";"6";"8";"297";"101.";"3.7";"0.3";"72.";"8.";"0.00";"0.00";"0.00"
"2018";"1";"13";"6";"9";"298";"105.";"4.0";"0.3";"71.";"8.";"15.41";"0.00";"15.41"
"2018";"1";"13";"6";"10";"299";"116.";"3.8";"0.3";"71.";"8.";"38.84";"0.00";"38.84"
"2018";"1";"13";"6";"11";"300";"124.";"3.4";"0.2";"75.";"8.";"51.04";"0.00";"51.04"
"2018";"1";"13";"6";"12";"301";"134.";"3.2";"0.1";"76.";"8.";"49.95";"0.00";"49.95"
"2018";"1";"13";"6";"13";"302";"128.";"3.1";"0.1";"75.";"8.";"38.61";"0.00";"38.61"
"2018";"1";"13";"6";"14";"303";"127.";"2.6";"0.1";"73.";"8.";"15.00";"0.00";"15.00"
"2018";"1";"13";"6";"15";"304";"120.";"2.8";"-0";"73.";"8.";"0.00";"0.00";"0.00"
"2018";"1";"13";"6";"16";"305";"132.";"2.6";"-0.1";"70.";"8.";"0.00";"0.00";"0.00"
"2018";"1";"13";"6";"17";"306";"138.";"2.8";"-0.1";"68.";"8.";"0.00";"0.00";"0.00"
"2018";"1";"13";"6";"18";"307";"138.";"2.8";"-0.3";"69.";"8.";"0.00";"0.00";"0.00"
"2018";"1";"13";"6";"19";"308";"138.";"3.7";"-0.3";"68.";"8.";"0.00";"0.00";"0.00"
"2018";"1";"13";"6";"20";"309";"139.";"3.8";"-0.6";"68.";"8.";"0.00";"0.00";"0.00"
"2018";"1";"13";"6";"21";"310";"136.";"3.2";"-0.8";"67.";"8.";"0.00";"0.00";"0.00"
"2018";"1";"13";"6";"22";"311";"124.";"3.4";"-1.0";"68.";"7.";"0.00";"0.00";"0.00"
"2018";"1";"13";"6";"23";"312";"134.";"3.4";"-1.1";"69.";"7.";"0.00";"0.00";"0.00"
"2018";"1";"14";"7";"0";"313";"134.";"3.3";"-1.1";"69.";"8.";"0.00";"0.00";"0.00"
"2018";"1";"14";"7";"1";"314";"118.";"2.8";"-1.2";"69.";"2.";"0.00";"0.00";"0.00"
"2018";"1";"14";"7";"2";"315";"113.";"2.3";"-1.2";"68.";"8.";"0.00";"0.00";"0.00"
"2018";"1";"14";"7";"3";"316";"133.";"3.3";"-1.2";"66.";"8.";"0.00";"0.00";"0.00"
"2018";"1";"14";"7";"4";"317";"118.";"2.6";"-1.2";"66.";"8.";"0.00";"0.00";"0.00"
"2018";"1";"14";"7";"5";"318";"113.";"2.6";"-1.2";"67.";"8.";"0.00";"0.00";"0.00"
"2018";"1";"14";"7";"6";"319";"113.";"3.1";"-1.2";"67.";"7.";"0.00";"0.00";"0.00"
"2018";"1";"14";"7";"7";"320";"118.";"3.0";"-1.1";"68.";"8.";"0.00";"0.00";"0.00"
"2018";"1";"14";"7";"8";"321";"140.";"3.7";"-1.0";"66.";"8.";"0.00";"0.00";"0.00"
"2018";"1";"14";"7";"9";"322";"133.";"3.9";"-0.8";"67.";"8.";"16.59";"0.00";"16.59"
"2018";"1";"14";"7";"10";"323";"148.";"4.3";"-0.5";"66.";"8.";"39.22";"0.00";"39.22"
"2018";"1";"14";"7";"11";"324";"148.";"4.7";"-0.4";"65.";"8.";"50.97";"0.00";"50.97"
"2018";"1";"14";"7";"12";"325";"146.";"4.7";"-0.4";"66.";"8.";"50.86";"0.00";"50.86"
"2018";"1";"14";"7";"13";"326";"144.";"4.8";"-0.4";"66.";"8.";"38.61";"0.00";"38.61"
"2018";"1";"14";"7";"14";"327";"142.";"4.8";"-0.4";"67.";"8.";"16.08";"0.00";"16.08"
"2018";"1";"14";"7";"15";"328";"142.";"4.5";"-0.4";"66.";"8.";"0.00";"0.00";"0.00"
"2018";"1";"14";"7";"16";"329";"142.";"4.2";"-0.6";"66.";"8.";"0.00";"0.00";"0.00"
"2018";"1";"14";"7";"17";"330";"137.";"5.0";"-0.8";"66.";"8.";"0.00";"0.00";"0.00"
"2018";"1";"14";"7";"18";"331";"140.";"5.7";"-1.0";"66.";"8.";"0.00";"0.00";"0.00"
"2018";"1";"14";"7";"19";"332";"148.";"5.5";"-1.1";"67.";"8.";"0.00";"0.00";"0.00"
"2018";"1";"14";"7";"20";"333";"142.";"6.1";"-1.4";"69.";"8.";"0.00";"0.00";"0.00"
"2018";"1";"14";"7";"21";"334";"147.";"6.4";"-1.6";"70.";"4.";"0.00";"0.00";"0.00"
"2018";"1";"14";"7";"22";"335";"149.";"6.0";"-1.7";"71.";"7.";"0.00";"0.00";"0.00"
"2018";"1";"14";"7";"23";"336";"142.";"5.9";"-1.9";"72.";"7.";"0.00";"0.00";"0.00"
"2018";"1";"15";"1";"0";"337";"139.";"6.2";"-2.1";"73.";"8.";"0.00";"0.00";"0.00"
"2018";"1";"15";"1";"1";"338";"140.";"6.4";"-2.1";"73.";"8.";"0.00";"0.00";"0.00"
"2018";"1";"15";"1";"2";"339";"141.";"7.2";"-2.0";"74.";"8.";"0.00";"0.00";"0.00"
"2018";"1";"15";"1";"3";"340";"142.";"7.5";"-1.8";"75.";"8.";"0.00";"0.00";"0.00"
"2018";"1";"15";"1";"4";"341";"144.";"7.9";"-1.5";"75.";"8.";"0.00";"0.00";"0.00"
"2018";"1";"15";"1";"5";"342";"147.";"8.9";"-1.2";"75.";"7.";"0.00";"0.00";"0.00"
"2018";"1";"15";"1";"6";"343";"151.";"9.0";"-0.9";"77.";"8.";"0.00";"0.00";"0.00"
"2018";"1";"15";"1";"7";"344";"152.";"9.2";"-0.6";"77.";"8.";"0.00";"0.00";"0.00"
"2018";"1";"15";"1";"8";"345";"162.";"8.7";"0.1";"77.";"7.";"0.00";"0.00";"0.00"
"2018";"1";"15";"1";"9";"346";"158.";"9.5";"0.2";"76.";"8.";"15.38";"0.00";"15.38"
"2018";"1";"15";"1";"10";"347";"156.";"9.5";"0.1";"75.";"7.";"49.94";"54.81";"41.73"
"2018";"1";"15";"1";"11";"348";"156.";"9.6";"0.2";"75.";"7.";"65.17";"60.31";"54.11"
"2018";"1";"15";"1";"12";"349";"149.";"9.9";"0.3";"74.";"7.";"65.43";"61.34";"54.19"
"2018";"1";"15";"1";"13";"350";"147.";"9.6";"0.3";"74.";"7.";"49.81";"54.14";"41.70"
"2018";"1";"15";"1";"14";"351";"147.";"9.5";"0.3";"75.";"7.";"20.58";"34.09";"17.69"
"2018";"1";"15";"1";"15";"352";"145.";"9.6";"0.4";"75.";"8.";"0.00";"0.00";"0.00"
"2018";"1";"15";"1";"16";"353";"145.";"9.8";"0.3";"75.";"8.";"0.00";"0.00";"0.00"
"2018";"1";"15";"1";"17";"354";"146.";"9.9";"-0.1";"83.";"8.";"0.00";"0.00";"0.00"
"2018";"1";"15";"1";"18";"355";"147.";"10.2";"-0.3";"90.";"8.";"0.00";"0.00";"0.00"
"2018";"1";"15";"1";"19";"356";"149.";"10.3";"-0.1";"92.";"8.";"0.00";"0.00";"0.00"
"2018";"1";"15";"1";"20";"357";"149.";"10.6";"-0";"94.";"8.";"0.00";"0.00";"0.00"
"2018";"1";"15";"1";"21";"358";"149.";"10.6";"0.1";"95.";"8.";"0.00";"0.00";"0.00"
"2018";"1";"15";"1";"22";"359";"149.";"10.2";"0.2";"96.";"8.";"0.00";"0.00";"0.00"
"2018";"1";"15";"1";"23";"360";"147.";"10.2";"0.2";"96.";"8.";"0.00";"0.00";"0.00"
"2018";"1";"16";"2";"0";"361";"148.";"10.0";"0.3";"95.";"8.";"0.00";"0.00";"0.00"
"2018";"1";"16";"2";"1";"362";"147.";"9.9";"0.3";"95.";"8.";"0.00";"0.00";"0.00"
"2018";"1";"16";"2";"2";"363";"147.";"10.0";"0.5";"96.";"8.";"0.00";"0.00";"0.00"
"2018";"1";"16";"2";"3";"364";"147.";"10.0";"0.5";"96.";"8.";"0.00";"0.00";"0.00"
"2018";"1";"16";"2";"4";"365";"145.";"9.5";"0.5";"95.";"8.";"0.00";"0.00";"0.00"
"2018";"1";"16";"2";"5";"366";"143.";"9.4";"0.5";"96.";"8.";"0.00";"0.00";"0.00"
"2018";"1";"16";"2";"6";"367";"143.";"10.4";"0.7";"94.";"8.";"0.00";"0.00";"0.00"
"2018";"1";"16";"2";"7";"368";"164.";"9.5";"1.0";"95.";"8.";"0.00";"0.00";"0.00"
"2018";"1";"16";"2";"8";"369";"193.";"7.6";"2.1";"94.";"8.";"0.00";"0.00";"0.00"
"2018";"1";"16";"2";"9";"370";"198.";"6.5";"2.8";"93.";"8.";"17.65";"0.00";"17.65"
"2018";"1";"16";"2";"10";"371";"195.";"7.5";"3.0";"93.";"8.";"27.15";"0.00";"27.15"
"2018";"1";"16";"2";"11";"372";"201.";"6.9";"3.2";"93.";"8.";"34.78";"0.00";"34.78"
"2018";"1";"16";"2";"12";"373";"205.";"6.3";"3.1";"93.";"8.";"59.02";"0.00";"59.02"
"2018";"1";"16";"2";"13";"374";"202.";"5.5";"3.1";"92.";"8.";"45.65";"0.00";"45.65"
"2018";"1";"16";"2";"14";"375";"201.";"5.2";"3.0";"93.";"8.";"10.60";"0.00";"10.60"
"2018";"1";"16";"2";"15";"376";"204.";"4.6";"2.7";"92.";"8.";"0.00";"0.00";"0.00"
"2018";"1";"16";"2";"16";"377";"201.";"4.4";"2.8";"93.";"8.";"0.00";"0.00";"0.00"
"2018";"1";"16";"2";"17";"378";"194.";"4.2";"2.7";"93.";"8.";"0.00";"0.00";"0.00"
"2018";"1";"16";"2";"18";"379";"204.";"3.6";"2.3";"92.";"8.";"0.00";"0.00";"0.00"
"2018";"1";"16";"2";"19";"380";"196.";"3.0";"2.1";"92.";"8.";"0.00";"0.00";"0.00"
"2018";"1";"16";"2";"20";"381";"187.";"2.6";"1.7";"92.";"8.";"0.00";"0.00";"0.00"
"2018";"1";"16";"2";"21";"382";"190.";"2.5";"1.2";"93.";"7.";"0.00";"0.00";"0.00"
"2018";"1";"16";"2";"22";"383";"198.";"2.5";"0.4";"96.";"8.";"0.00";"0.00";"0.00"
"2018";"1";"16";"2";"23";"384";"202.";"1.8";"0.6";"94.";"8.";"0.00";"0.00";"0.00"
"2018";"1";"17";"3";"0";"385";"222.";"2.3";"0.9";"93.";"8.";"0.00";"0.00";"0.00"
"2018";"1";"17";"3";"1";"386";"226.";"1.4";"0.7";"94.";"8.";"0.00";"0.00";"0.00"
"2018";"1";"17";"3";"2";"387";"208.";"1.8";"0.6";"94.";"8.";"0.00";"0.00";"0.00"
"2018";"1";"17";"3";"3";"388";"210.";"1.9";"0.6";"94.";"8.";"0.00";"0.00";"0.00"
"2018";"1";"17";"3";"4";"389";"189.";"2.1";"0.6";"95.";"8.";"0.00";"0.00";"0.00"
"2018";"1";"17";"3";"5";"390";"177.";"2.3";"0.7";"95.";"8.";"0.00";"0.00";"0.00"
"2018";"1";"17";"3";"6";"391";"141.";"1.7";"0.8";"93.";"8.";"0.00";"0.00";"0.00"
"2018";"1";"17";"3";"7";"392";"190.";"1.5";"1.1";"93.";"8.";"0.00";"0.00";"0.00"
"2018";"1";"17";"3";"8";"393";"213.";"1.5";"1.0";"92.";"7.";"0.00";"0.00";"0.00"
"2018";"1";"17";"3";"9";"394";"161.";"1.5";"1.1";"90.";"7.";"26.68";"38.16";"23.24"
"2018";"1";"17";"3";"10";"395";"154.";"1.4";"1.6";"89.";"5.";"87.05";"181.79";"58.80"
"2018";"1";"17";"3";"11";"396";"208.";"1.9";"2.1";"88.";"8.";"67.03";"0.00";"67.03"
"2018";"1";"17";"3";"12";"397";"214.";"2.6";"2.3";"88.";"7.";"85.66";"76.05";"71.28"
"2018";"1";"17";"3";"13";"398";"220.";"3.1";"2.0";"87.";"8.";"51.60";"0.00";"51.60"
"2018";"1";"17";"3";"14";"399";"230.";"3.1";"1.9";"87.";"8.";"21.30";"0.00";"21.30"
"2018";"1";"17";"3";"15";"400";"233.";"1.7";"1.8";"87.";"2.";"0.00";"0.00";"0.00"
"2018";"1";"17";"3";"16";"401";"210.";"1.8";"1.7";"89.";"7.";"0.00";"0.00";"0.00"
"2018";"1";"17";"3";"17";"402";"220.";"2.0";"1.6";"90.";"8.";"0.00";"0.00";"0.00"
"2018";"1";"17";"3";"18";"403";"194.";"2.2";"1.3";"90.";"8.";"0.00";"0.00";"0.00"
"2018";"1";"17";"3";"19";"404";"191.";"2.0";"1.2";"91.";"8.";"0.00";"0.00";"0.00"
"2018";"1";"17";"3";"20";"405";"205.";"2.1";"1.0";"93.";"7.";"0.00";"0.00";"0.00"
"2018";"1";"17";"3";"21";"406";"325.";"0.8";"0.8";"95.";"7.";"0.00";"0.00";"0.00"
"2018";"1";"17";"3";"22";"407";"58.";"0.1";"0.9";"96.";"8.";"0.00";"0.00";"0.00"
"2018";"1";"17";"3";"23";"408";"218.";"0.8";"0.8";"96.";"8.";"0.00";"0.00";"0.00"
"2018";"1";"18";"4";"0";"409";"226.";"1.0";"0.6";"96.";"8.";"0.00";"0.00";"0.00"
"2018";"1";"18";"4";"1";"410";"137.";"1.1";"0.2";"96.";"5.";"0.00";"0.00";"0.00"
"2018";"1";"18";"4";"2";"411";"165.";"1.7";"-0.3";"97.";"6.";"0.00";"0.00";"0.00"
"2018";"1";"18";"4";"3";"412";"185.";"1.9";"-0.1";"96.";"7.";"0.00";"0.00";"0.00"
"2018";"1";"18";"4";"4";"413";"175.";"2.9";"-0.3";"96.";"8.";"0.00";"0.00";"0.00"
"2018";"1";"18";"4";"5";"414";"158.";"2.9";"-0.2";"96.";"7.";"0.00";"0.00";"0.00"
"2018";"1";"18";"4";"6";"415";"135.";"1.9";"-0.1";"94.";"6.";"0.00";"0.00";"0.00"
"2018";"1";"18";"4";"7";"416";"114.";"2.8";"-0";"93.";"8.";"0.00";"0.00";"0.00"
"2018";"1";"18";"4";"8";"417";"115.";"3.8";"0.1";"94.";"6.";"0.00";"0.00";"0.00"
"2018";"1";"18";"4";"9";"418";"121.";"3.5";"0.4";"94.";"6.";"34.62";"90.49";"26.19"
"2018";"1";"18";"4";"10";"419";"117.";"4.1";"0.6";"94.";"8.";"48.15";"0.00";"48.15"
"2018";"1";"18";"4";"11";"420";"122.";"3.9";"0.9";"91.";"8.";"69.38";"0.00";"69.38"
"2018";"1";"18";"4";"12";"421";"116.";"3.8";"1.0";"88.";"7.";"91.73";"83.54";"75.68"
"2018";"1";"18";"4";"13";"422";"108.";"3.7";"0.8";"88.";"7.";"69.25";"74.85";"57.40"
"2018";"1";"18";"4";"14";"423";"93.";"2.7";"0.7";"87.";"8.";"23.13";"0.00";"23.13"
"2018";"1";"18";"4";"15";"424";"91.";"2.2";"0.6";"87.";"8.";"0.00";"0.00";"0.00"
"2018";"1";"18";"4";"16";"425";"88.";"2.2";"0.3";"88.";"8.";"0.00";"0.00";"0.00"
"2018";"1";"18";"4";"17";"426";"71.";"1.5";"0.1";"89.";"4.";"0.00";"0.00";"0.00"
"2018";"1";"18";"4";"18";"427";"86.";"1.5";"0.1";"89.";"8.";"0.00";"0.00";"0.00"
"2018";"1";"18";"4";"19";"428";"77.";"1.6";"0.1";"89.";"8.";"0.00";"0.00";"0.00"
"2018";"1";"18";"4";"20";"429";"69.";"1.6";"-0.1";"90.";"6.";"0.00";"0.00";"0.00"
"2018";"1";"18";"4";"21";"430";"52.";"1.4";"-0.3";"91.";"8.";"0.00";"0.00";"0.00"
"2018";"1";"18";"4";"22";"431";"55.";"1.7";"-0.4";"92.";"6.";"0.00";"0.00";"0.00"
"2018";"1";"18";"4";"23";"432";"57.";"1.6";"-1.0";"93.";"3.";"0.00";"0.00";"0.00"
"2018";"1";"19";"5";"0";"433";"77.";"0.7";"-1.7";"95.";"2.";"0.00";"0.00";"0.00"
"2018";"1";"19";"5";"1";"434";"103.";"1.4";"-2.0";"95.";"7.";"0.00";"0.00";"0.00"
"2018";"1";"19";"5";"2";"435";"98.";"2.1";"-2.1";"96.";"7.";"0.00";"0.00";"0.00"
"2018";"1";"19";"5";"3";"436";"102.";"1.6";"-2.5";"94.";"1.";"0.00";"0.00";"0.00"
"2018";"1";"19";"5";"4";"437";"109.";"1.4";"-2.6";"93.";"2.";"0.00";"0.00";"0.00"
"2018";"1";"19";"5";"5";"438";"109.";"1.6";"-2.7";"94.";"5.";"0.00";"0.00";"0.00"
"2018";"1";"19";"5";"6";"439";"106.";"1.6";"-3.0";"94.";"6.";"0.00";"0.00";"0.00"
"2018";"1";"19";"5";"7";"440";"97.";"1.9";"-3.6";"94.";"8.";"0.00";"0.00";"0.00"
"2018";"1";"19";"5";"8";"441";"93.";"2.4";"-3.7";"94.";"6.";"0.00";"0.00";"0.00"
"2018";"1";"19";"5";"9";"442";"101.";"2.0";"-3.3";"92.";"5.";"46.37";"160.36";"30.95"
"2018";"1";"19";"5";"10";"443";"115.";"2.1";"-1.8";"89.";"5.";"98.70";"229.23";"61.70"
"2018";"1";"19";"5";"11";"444";"120.";"2.3";"-0.2";"84.";"5.";"126.48";"256.00";"76.51"
"2018";"1";"19";"5";"12";"445";"120.";"2.5";"0.4";"81.";"6.";"110.78";"169.82";"77.63"
"2018";"1";"19";"5";"13";"446";"128.";"2.9";"0.4";"80.";"5.";"98.13";"229.34";"61.11"
"2018";"1";"19";"5";"14";"447";"129.";"3.4";"0.3";"81.";"1.";"60.88";"356.11";"26.63"
"2018";"1";"19";"5";"15";"448";"116.";"3.6";"-0.8";"83.";"4.";"0.00";"0.00";"0.00"
"2018";"1";"19";"5";"16";"449";"108.";"3.7";"-1.4";"86.";"7.";"0.00";"0.00";"0.00"
"2018";"1";"19";"5";"17";"450";"111.";"3.3";"-2.2";"88.";"7.";"0.00";"0.00";"0.00"
"2018";"1";"19";"5";"18";"451";"112.";"3.3";"-1.9";"90.";"8.";"0.00";"0.00";"0.00"
"2018";"1";"19";"5";"19";"452";"116.";"3.4";"-1.2";"88.";"8.";"0.00";"0.00";"0.00"
"2018";"1";"19";"5";"20";"453";"117.";"3.9";"-1.2";"88.";"7.";"0.00";"0.00";"0.00"
"2018";"1";"19";"5";"21";"454";"118.";"4.1";"-1.1";"90.";"4.";"0.00";"0.00";"0.00"
"2018";"1";"19";"5";"22";"455";"113.";"4.4";"-1.3";"91.";"8.";"0.00";"0.00";"0.00"
"2018";"1";"19";"5";"23";"456";"115.";"4.2";"-1.3";"92.";"8.";"0.00";"0.00";"0.00"
"2018";"1";"20";"6";"0";"457";"118.";"4.2";"-1.3";"92.";"8.";"0.00";"0.00";"0.00"
"2018";"1";"20";"6";"1";"458";"120.";"4.5";"-1.4";"91.";"8.";"0.00";"0.00";"0.00"
"2018";"1";"20";"6";"2";"459";"124.";"4.7";"-1.3";"91.";"8.";"0.00";"0.00";"0.00"
"2018";"1";"20";"6";"3";"460";"123.";"4.2";"-1.1";"92.";"7.";"0.00";"0.00";"0.00"
"2018";"1";"20";"6";"4";"461";"120.";"4.0";"-1.0";"92.";"8.";"0.00";"0.00";"0.00"
"2018";"1";"20";"6";"5";"462";"119.";"4.1";"-0.9";"93.";"8.";"0.00";"0.00";"0.00"
"2018";"1";"20";"6";"6";"463";"118.";"3.7";"-0.9";"93.";"8.";"0.00";"0.00";"0.00"
"2018";"1";"20";"6";"7";"464";"117.";"4.1";"-0.8";"93.";"8.";"0.00";"0.00";"0.00"
"2018";"1";"20";"6";"8";"465";"116.";"3.9";"-0.5";"92.";"8.";"0.00";"0.00";"0.00"
"2018";"1";"20";"6";"9";"466";"118.";"4.1";"-0.1";"91.";"8.";"24.57";"0.00";"24.57"
"2018";"1";"20";"6";"10";"467";"122.";"4.5";"0.1";"90.";"8.";"30.04";"0.00";"30.04"
"2018";"1";"20";"6";"11";"468";"125.";"4.3";"0.5";"89.";"8.";"71.49";"0.00";"71.49"
"2018";"1";"20";"6";"12";"469";"121.";"4.1";"0.6";"89.";"8.";"68.56";"0.00";"68.56"
"2018";"1";"20";"6";"13";"470";"115.";"4.2";"0.7";"89.";"8.";"51.54";"0.00";"51.54"
"2018";"1";"20";"6";"14";"471";"125.";"3.4";"0.7";"89.";"7.";"32.52";"45.79";"27.97"
"2018";"1";"20";"6";"15";"472";"107.";"3.7";"0.6";"88.";"8.";"0.00";"0.00";"0.00"
"2018";"1";"20";"6";"16";"473";"108.";"3.2";"0.5";"88.";"8.";"0.00";"0.00";"0.00"
"2018";"1";"20";"6";"17";"474";"104.";"3.4";"0.5";"88.";"7.";"0.00";"0.00";"0.00"
"2018";"1";"20";"6";"18";"475";"101.";"3.3";"0.3";"88.";"8.";"0.00";"0.00";"0.00"
"2018";"1";"20";"6";"19";"476";"102.";"2.8";"0.4";"89.";"8.";"0.00";"0.00";"0.00"
"2018";"1";"20";"6";"20";"477";"104.";"3.0";"0.5";"89.";"8.";"0.00";"0.00";"0.00"
"2018";"1";"20";"6";"21";"478";"99.";"2.9";"0.5";"88.";"8.";"0.00";"0.00";"0.00"
"2018";"1";"20";"6";"22";"479";"96.";"2.8";"0.5";"88.";"8.";"0.00";"0.00";"0.00"
"2018";"1";"20";"6";"23";"480";"93.";"2.6";"0.2";"88.";"8.";"0.00";"0.00";"0.00"
"2018";"1";"21";"7";"0";"481";"87.";"2.6";"0.2";"88.";"8.";"0.00";"0.00";"0.00"
"2018";"1";"21";"7";"1";"482";"76.";"2.4";"0.0";"88.";"8.";"0.00";"0.00";"0.00"
"2018";"1";"21";"7";"2";"483";"72.";"2.3";"-0.1";"89.";"8.";"0.00";"0.00";"0.00"
"2018";"1";"21";"7";"3";"484";"82.";"1.9";"-0.2";"88.";"7.";"0.00";"0.00";"0.00"
"2018";"1";"21";"7";"4";"485";"76.";"1.9";"-0.2";"88.";"7.";"0.00";"0.00";"0.00"
"2018";"1";"21";"7";"5";"486";"75.";"1.9";"-0.3";"88.";"7.";"0.00";"0.00";"0.00"
"2018";"1";"21";"7";"6";"487";"80.";"2.1";"-0.2";"87.";"7.";"0.00";"0.00";"0.00"
"2018";"1";"21";"7";"7";"488";"87.";"2.1";"-0.2";"87.";"7.";"0.00";"0.00";"0.00"
"2018";"1";"21";"7";"8";"489";"98.";"2.0";"-0.4";"87.";"2.";"0.00";"0.00";"0.00"
"2018";"1";"21";"7";"9";"490";"78.";"1.8";"-0.6";"87.";"8.";"29.04";"0.00";"29.04"
"2018";"1";"21";"7";"10";"491";"101.";"1.5";"-0.2";"84.";"2.";"132.10";"439.46";"58.32"
"2018";"1";"21";"7";"11";"492";"114.";"1.8";"0.2";"81.";"4.";"146.42";"344.71";"76.87"
"2018";"1";"21";"7";"12";"493";"136.";"1.4";"0.6";"81.";"7.";"97.14";"86.11";"79.76"
"2018";"1";"21";"7";"13";"494";"135.";"1.7";"0.6";"82.";"7.";"75.64";"75.96";"62.89"
"2018";"1";"21";"7";"14";"495";"126.";"1.4";"0.5";"82.";"7.";"36.91";"54.46";"31.33"
"2018";"1";"21";"7";"15";"496";"88.";"1.2";"0.5";"84.";"8.";"0.00";"0.00";"0.00"
"2018";"1";"21";"7";"16";"497";"111.";"1.8";"0.3";"87.";"7.";"0.00";"0.00";"0.00"
"2018";"1";"21";"7";"17";"498";"119.";"2.2";"-0.1";"88.";"6.";"0.00";"0.00";"0.00"
"2018";"1";"21";"7";"18";"499";"122.";"2.5";"-0.3";"89.";"7.";"0.00";"0.00";"0.00"
"2018";"1";"21";"7";"19";"500";"126.";"2.9";"-0.7";"88.";"8.";"0.00";"0.00";"0.00"
"2018";"1";"21";"7";"20";"501";"133.";"3.3";"-1.2";"89.";"6.";"0.00";"0.00";"0.00"
"2018";"1";"21";"7";"21";"502";"122.";"3.5";"-1.0";"88.";"8.";"0.00";"0.00";"0.00"
"2018";"1";"21";"7";"22";"503";"119.";"3.4";"-0.7";"86.";"8.";"0.00";"0.00";"0.00"
"2018";"1";"21";"7";"23";"504";"116.";"3.8";"-0.7";"87.";"7.";"0.00";"0.00";"0.00"
"2018";"1";"22";"1";"0";"505";"109.";"4.0";"-0.7";"88.";"8.";"0.00";"0.00";"0.00"
"2018";"1";"22";"1";"1";"506";"111.";"3.9";"-1.0";"89.";"6.";"0.00";"0.00";"0.00"
"2018";"1";"22";"1";"2";"507";"121.";"3.6";"-1.4";"90.";"8.";"0.00";"0.00";"0.00"
"2018";"1";"22";"1";"3";"508";"122.";"4.2";"-2.0";"90.";"5.";"0.00";"0.00";"0.00"
"2018";"1";"22";"1";"4";"509";"123.";"4.0";"-2.2";"89.";"8.";"0.00";"0.00";"0.00"
"2018";"1";"22";"1";"5";"510";"121.";"3.7";"-2.3";"90.";"7.";"0.00";"0.00";"0.00"
"2018";"1";"22";"1";"6";"511";"120.";"3.8";"-2.3";"89.";"6.";"0.00";"0.00";"0.00"
"2018";"1";"22";"1";"7";"512";"115.";"3.6";"-2.0";"88.";"7.";"0.00";"0.00";"0.00"
"2018";"1";"22";"1";"8";"513";"113.";"3.5";"-1.7";"88.";"8.";"0.00";"0.00";"0.00"
"2018";"1";"22";"1";"9";"514";"117.";"4.1";"-1.2";"88.";"8.";"28.70";"0.00";"28.70"
"2018";"1";"22";"1";"10";"515";"130.";"4.4";"-0.7";"85.";"8.";"59.01";"0.00";"59.01"
"2018";"1";"22";"1";"11";"516";"130.";"4.6";"0.0";"81.";"8.";"74.29";"0.00";"74.29"
"2018";"1";"22";"1";"12";"517";"133.";"4.4";"0.3";"77.";"8.";"74.80";"0.00";"74.80"
"2018";"1";"22";"1";"13";"518";"130.";"4.1";"0.2";"76.";"8.";"60.59";"0.00";"60.59"
"2018";"1";"22";"1";"14";"519";"125.";"3.7";"0.2";"76.";"8.";"29.57";"0.00";"29.57"
"2018";"1";"22";"1";"15";"520";"104.";"3.4";"0.1";"77.";"7.";"0.00";"0.00";"0.00"
"2018";"1";"22";"1";"16";"521";"100.";"3.3";"-0.1";"76.";"7.";"0.00";"0.00";"0.00"
"2018";"1";"22";"1";"17";"522";"96.";"3.3";"-0.1";"77.";"7.";"0.00";"0.00";"0.00"
"2018";"1";"22";"1";"18";"523";"102.";"2.8";"-0.3";"79.";"7.";"0.00";"0.00";"0.00"
"2018";"1";"22";"1";"19";"524";"108.";"3.2";"-0.2";"80.";"8.";"0.00";"0.00";"0.00"
"2018";"1";"22";"1";"20";"525";"116.";"3.2";"-0.2";"83.";"8.";"0.00";"0.00";"0.00"
"2018";"1";"22";"1";"21";"526";"128.";"3.3";"-0.2";"82.";"6.";"0.00";"0.00";"0.00"
"2018";"1";"22";"1";"22";"527";"125.";"2.8";"-0.2";"83.";"8.";"0.00";"0.00";"0.00"
"2018";"1";"22";"1";"23";"528";"130.";"2.8";"-0.2";"83.";"8.";"0.00";"0.00";"0.00"
"2018";"1";"23";"2";"0";"529";"134.";"2.8";"-0.3";"83.";"8.";"0.00";"0.00";"0.00"
"2018";"1";"23";"2";"1";"530";"128.";"3.2";"-0.6";"84.";"8.";"0.00";"0.00";"0.00"
"2018";"1";"23";"2";"2";"531";"131.";"2.9";"-0.5";"84.";"8.";"0.00";"0.00";"0.00"
"2018";"1";"23";"2";"3";"532";"129.";"3.4";"-0.4";"84.";"8.";"0.00";"0.00";"0.00"
"2018";"1";"23";"2";"4";"533";"129.";"3.7";"-0.5";"84.";"8.";"0.00";"0.00";"0.00"
"2018";"1";"23";"2";"5";"534";"131.";"4.2";"-0.6";"83.";"8.";"0.00";"0.00";"0.00"
"2018";"1";"23";"2";"6";"535";"138.";"4.2";"-0.7";"82.";"8.";"0.00";"0.00";"0.00"
"2018";"1";"23";"2";"7";"536";"140.";"4.5";"-0.6";"82.";"8.";"0.00";"0.00";"0.00"
"2018";"1";"23";"2";"8";"537";"155.";"4.3";"-0.4";"82.";"7.";"0.00";"0.00";"0.00"
"2018";"1";"23";"2";"9";"538";"166.";"4.6";"-0.1";"80.";"8.";"28.81";"0.00";"28.81"
"2018";"1";"23";"2";"10";"539";"176.";"5.7";"0.3";"79.";"8.";"56.22";"0.00";"56.22"
"2018";"1";"23";"2";"11";"540";"181.";"6.6";"0.5";"78.";"8.";"71.91";"0.00";"71.91"
"2018";"1";"23";"2";"12";"541";"178.";"7.1";"0.9";"80.";"8.";"71.29";"0.00";"71.29"
"2018";"1";"23";"2";"13";"542";"183.";"6.6";"1.2";"80.";"8.";"56.92";"0.00";"56.92"
"2018";"1";"23";"2";"14";"543";"177.";"6.5";"1.1";"86.";"8.";"26.40";"0.00";"26.40"
"2018";"1";"23";"2";"15";"544";"168.";"6.5";"0.9";"90.";"8.";"0.00";"0.00";"0.00"
"2018";"1";"23";"2";"16";"545";"172.";"6.9";"1.1";"92.";"8.";"0.00";"0.00";"0.00"
"2018";"1";"23";"2";"17";"546";"175.";"7.7";"1.4";"92.";"8.";"0.00";"0.00";"0.00"
"2018";"1";"23";"2";"18";"547";"174.";"8.3";"1.6";"93.";"8.";"0.00";"0.00";"0.00"
"2018";"1";"23";"2";"19";"548";"173.";"8.8";"1.9";"94.";"8.";"0.00";"0.00";"0.00"
"2018";"1";"23";"2";"20";"549";"167.";"9.3";"2.2";"94.";"8.";"0.00";"0.00";"0.00"
"2018";"1";"23";"2";"21";"550";"167.";"10.5";"2.3";"94.";"8.";"0.00";"0.00";"0.00"
"2018";"1";"23";"2";"22";"551";"170.";"11.2";"3.3";"93.";"8.";"0.00";"0.00";"0.00"
"2018";"1";"23";"2";"23";"552";"179.";"10.5";"3.8";"94.";"8.";"0.00";"0.00";"0.00"
"2018";"1";"24";"3";"0";"553";"188.";"9.2";"4.2";"95.";"8.";"0.00";"0.00";"0.00"
"2018";"1";"24";"3";"1";"554";"203.";"7.7";"4.4";"96.";"8.";"0.00";"0.00";"0.00"
"2018";"1";"24";"3";"2";"555";"219.";"7.2";"5.1";"97.";"8.";"0.00";"0.00";"0.00"
"2018";"1";"24";"3";"3";"556";"226.";"7.8";"5.7";"98.";"8.";"0.00";"0.00";"0.00"
"2018";"1";"24";"3";"4";"557";"231.";"6.9";"6.0";"97.";"7.";"0.00";"0.00";"0.00"
"2018";"1";"24";"3";"5";"558";"242.";"6.6";"6.0";"96.";"7.";"0.00";"0.00";"0.00"
"2018";"1";"24";"3";"6";"559";"237.";"5.4";"5.9";"94.";"7.";"0.00";"0.00";"0.00"
"2018";"1";"24";"3";"7";"560";"213.";"4.1";"5.6";"93.";"8.";"0.00";"0.00";"0.00"
"2018";"1";"24";"3";"8";"561";"203.";"5.0";"5.4";"93.";"8.";"0.00";"0.00";"0.00"
"2018";"1";"24";"3";"9";"562";"194.";"5.4";"5.3";"93.";"8.";"24.81";"0.00";"24.81"
"2018";"1";"24";"3";"10";"563";"188.";"6.3";"5.2";"92.";"8.";"53.47";"0.00";"53.47"
"2018";"1";"24";"3";"11";"564";"178.";"7.3";"5.1";"94.";"8.";"38.52";"0.00";"38.52"
"2018";"1";"24";"3";"12";"565";"177.";"9.0";"5.5";"96.";"8.";"38.82";"0.00";"38.82"
"2018";"1";"24";"3";"13";"566";"176.";"9.7";"6.0";"97.";"8.";"26.88";"0.00";"26.88"
"2018";"1";"24";"3";"14";"567";"175.";"10.1";"6.4";"97.";"8.";"12.41";"0.00";"12.41"
"2018";"1";"24";"3";"15";"568";"179.";"10.7";"6.9";"97.";"8.";"0.00";"0.00";"0.00"
"2018";"1";"24";"3";"16";"569";"193.";"10.5";"6.8";"97.";"8.";"0.00";"0.00";"0.00"
"2018";"1";"24";"3";"17";"570";"209.";"10.1";"7.2";"97.";"8.";"0.00";"0.00";"0.00"
"2018";"1";"24";"3";"18";"571";"212.";"7.2";"7.0";"97.";"8.";"0.00";"0.00";"0.00"
"2018";"1";"24";"3";"19";"572";"225.";"8.1";"6.5";"95.";"8.";"0.00";"0.00";"0.00"
"2018";"1";"24";"3";"20";"573";"225.";"7.6";"6.1";"92.";"8.";"0.00";"0.00";"0.00"
"2018";"1";"24";"3";"21";"574";"217.";"7.6";"5.8";"88.";"7.";"0.00";"0.00";"0.00"
"2018";"1";"24";"3";"22";"575";"224.";"8.8";"5.7";"87.";"7.";"0.00";"0.00";"0.00"
"2018";"1";"24";"3";"23";"576";"226.";"9.0";"5.7";"87.";"8.";"0.00";"0.00";"0.00"
"2018";"1";"25";"4";"0";"577";"228.";"8.7";"5.7";"87.";"4.";"0.00";"0.00";"0.00"
"2018";"1";"25";"4";"1";"578";"223.";"8.8";"5.6";"86.";"6.";"0.00";"0.00";"0.00"
"2018";"1";"25";"4";"2";"579";"226.";"9.6";"5.6";"86.";"8.";"0.00";"0.00";"0.00"
"2018";"1";"25";"4";"3";"580";"224.";"9.4";"5.5";"86.";"1.";"0.00";"0.00";"0.00"
"2018";"1";"25";"4";"4";"581";"229.";"9.2";"5.6";"86.";"7.";"0.00";"0.00";"0.00"
"2018";"1";"25";"4";"5";"582";"231.";"8.1";"5.7";"86.";"7.";"0.00";"0.00";"0.00"
"2018";"1";"25";"4";"6";"583";"231.";"7.6";"5.5";"87.";"8.";"0.00";"0.00";"0.00"
"2018";"1";"25";"4";"7";"584";"227.";"6.6";"5.4";"88.";"7.";"0.00";"0.00";"0.00"
"2018";"1";"25";"4";"8";"585";"223.";"6.0";"5.3";"88.";"7.";"0.00";"0.00";"0.00"
"2018";"1";"25";"4";"9";"586";"224.";"5.5";"5.4";"89.";"7.";"27.48";"29.68";"24.03"
"2018";"1";"25";"4";"10";"587";"223.";"4.5";"5.4";"88.";"8.";"42.68";"0.00";"42.68"
"2018";"1";"25";"4";"11";"588";"208.";"3.9";"5.5";"88.";"8.";"54.80";"0.00";"54.80"
"2018";"1";"25";"4";"12";"589";"201.";"4.2";"5.4";"88.";"8.";"54.99";"0.00";"54.99"
"2018";"1";"25";"4";"13";"590";"200.";"4.2";"5.2";"89.";"8.";"42.48";"0.00";"42.48"
"2018";"1";"25";"4";"14";"591";"212.";"4.6";"5.1";"90.";"8.";"20.61";"0.00";"20.61"
"2018";"1";"25";"4";"15";"592";"208.";"4.8";"4.9";"90.";"7.";"0.00";"0.00";"0.00"
"2018";"1";"25";"4";"16";"593";"204.";"4.9";"4.9";"88.";"7.";"0.00";"0.00";"0.00"
"2018";"1";"25";"4";"17";"594";"197.";"4.6";"4.8";"89.";"7.";"0.00";"0.00";"0.00"
"2018";"1";"25";"4";"18";"595";"204.";"4.4";"4.7";"91.";"8.";"0.00";"0.00";"0.00"
"2018";"1";"25";"4";"19";"596";"207.";"4.6";"4.9";"90.";"7.";"0.00";"0.00";"0.00"
"2018";"1";"25";"4";"20";"597";"211.";"4.8";"5.0";"90.";"8.";"0.00";"0.00";"0.00"
"2018";"1";"25";"4";"21";"598";"203.";"5.4";"5.1";"87.";"7.";"0.00";"0.00";"0.00"
"2018";"1";"25";"4";"22";"599";"207.";"5.1";"4.7";"89.";"8.";"0.00";"0.00";"0.00"
"2018";"1";"25";"4";"23";"600";"213.";"4.9";"4.8";"89.";"7.";"0.00";"0.00";"0.00"
"2018";"1";"26";"5";"0";"601";"212.";"4.7";"4.9";"90.";"8.";"0.00";"0.00";"0.00"
"2018";"1";"26";"5";"1";"602";"214.";"5.1";"4.8";"91.";"2.";"0.00";"0.00";"0.00"
"2018";"1";"26";"5";"2";"603";"213.";"4.4";"4.7";"92.";"6.";"0.00";"0.00";"0.00"
"2018";"1";"26";"5";"3";"604";"221.";"3.6";"4.4";"92.";"8.";"0.00";"0.00";"0.00"
"2018";"1";"26";"5";"4";"605";"221.";"3.5";"4.4";"92.";"8.";"0.00";"0.00";"0.00"
"2018";"1";"26";"5";"5";"606";"221.";"3.3";"4.5";"90.";"7.";"0.00";"0.00";"0.00"
"2018";"1";"26";"5";"6";"607";"217.";"3.1";"4.8";"88.";"6.";"0.00";"0.00";"0.00"
"2018";"1";"26";"5";"7";"608";"218.";"3.2";"4.6";"89.";"8.";"0.00";"0.00";"0.00"
"2018";"1";"26";"5";"8";"609";"219.";"3.7";"4.6";"91.";"8.";"0.00";"0.00";"0.00"
"2018";"1";"26";"5";"9";"610";"222.";"3.7";"4.6";"91.";"8.";"22.73";"0.00";"22.73"
"2018";"1";"26";"5";"10";"611";"220.";"3.8";"4.8";"89.";"8.";"45.41";"0.00";"45.41"
"2018";"1";"26";"5";"11";"612";"225.";"4.1";"4.9";"88.";"8.";"58.23";"0.00";"58.23"
"2018";"1";"26";"5";"12";"613";"235.";"4.7";"4.5";"88.";"8.";"58.36";"0.00";"58.36"
"2018";"1";"26";"5";"13";"614";"240.";"4.3";"3.9";"93.";"7.";"58.49";"43.05";"50.49"
"2018";"1";"26";"5";"14";"615";"234.";"4.0";"4.4";"91.";"7.";"30.47";"36.07";"26.14"
"2018";"1";"26";"5";"15";"616";"229.";"3.8";"4.4";"91.";"8.";"0.00";"0.00";"0.00"
"2018";"1";"26";"5";"16";"617";"219.";"3.8";"4.4";"90.";"8.";"0.00";"0.00";"0.00"
"2018";"1";"26";"5";"17";"618";"215.";"3.8";"4.5";"90.";"7.";"0.00";"0.00";"0.00"
"2018";"1";"26";"5";"18";"619";"221.";"4.6";"4.5";"92.";"7.";"0.00";"0.00";"0.00"
"2018";"1";"26";"5";"19";"620";"234.";"5.1";"4.5";"92.";"8.";"0.00";"0.00";"0.00"
"2018";"1";"26";"5";"20";"621";"237.";"4.9";"4.4";"93.";"8.";"0.00";"0.00";"0.00"
"2018";"1";"26";"5";"21";"622";"232.";"4.2";"4.0";"92.";"8.";"0.00";"0.00";"0.00"
"2018";"1";"26";"5";"22";"623";"240.";"3.7";"3.3";"92.";"6.";"0.00";"0.00";"0.00"
"2018";"1";"26";"5";"23";"624";"253.";"3.0";"2.7";"92.";"0.";"0.00";"0.00";"0.00"
"2018";"1";"27";"6";"0";"625";"260.";"2.5";"1.8";"90.";"1.";"0.00";"0.00";"0.00"
"2018";"1";"27";"6";"1";"626";"258.";"2.1";"0.4";"90.";"1.";"0.00";"0.00";"0.00"
"2018";"1";"27";"6";"2";"627";"260.";"2.0";"-0.7";"91.";"0.";"0.00";"0.00";"0.00"
"2018";"1";"27";"6";"3";"628";"266.";"1.6";"-1.0";"93.";"0.";"0.00";"0.00";"0.00"
"2018";"1";"27";"6";"4";"629";"273.";"0.8";"-1.7";"93.";"0.";"0.00";"0.00";"0.00"
"2018";"1";"27";"6";"5";"630";"267.";"1.0";"-2.0";"93.";"0.";"0.00";"0.00";"0.00"
"2018";"1";"27";"6";"6";"631";"255.";"0.7";"-2.4";"91.";"0.";"0.00";"0.00";"0.00"
"2018";"1";"27";"6";"7";"632";"248.";"1.9";"-2.2";"91.";"0.";"0.00";"0.00";"0.00"
"2018";"1";"27";"6";"8";"633";"239.";"2.2";"-2.2";"91.";"0.";"0.42";"4.74";"0.28"
"2018";"1";"27";"6";"9";"634";"229.";"2.8";"-0.2";"93.";"0.";"89.64";"407.73";"39.21"
"2018";"1";"27";"6";"10";"635";"221.";"2.8";"2.0";"91.";"1.";"148.73";"431.65";"66.87"
"2018";"1";"27";"6";"11";"636";"224.";"3.1";"3.2";"88.";"4.";"141.00";"296.11";"74.74"
"2018";"1";"27";"6";"12";"637";"212.";"2.8";"3.6";"87.";"2.";"173.14";"433.41";"76.16"
"2018";"1";"27";"6";"13";"638";"199.";"2.9";"4.0";"84.";"6.";"82.34";"133.76";"56.98"
"2018";"1";"27";"6";"14";"639";"201.";"3.4";"3.4";"86.";"8.";"25.85";"0.00";"25.85"
"2018";"1";"27";"6";"15";"640";"192.";"4.5";"3.1";"89.";"7.";"0.00";"0.00";"0.00"
"2018";"1";"27";"6";"16";"641";"182.";"4.9";"2.7";"93.";"8.";"0.00";"0.00";"0.00"
"2018";"1";"27";"6";"17";"642";"168.";"5.2";"2.9";"93.";"8.";"0.00";"0.00";"0.00"
"2018";"1";"27";"6";"18";"643";"184.";"6.1";"3.7";"90.";"8.";"0.00";"0.00";"0.00"
"2018";"1";"27";"6";"19";"644";"182.";"8.4";"3.9";"89.";"7.";"0.00";"0.00";"0.00"
"2018";"1";"27";"6";"20";"645";"189.";"9.9";"3.8";"86.";"8.";"0.00";"0.00";"0.00"
"2018";"1";"27";"6";"21";"646";"187.";"10.1";"2.6";"91.";"8.";"0.00";"0.00";"0.00"
"2018";"1";"27";"6";"22";"647";"178.";"11.2";"2.3";"94.";"8.";"0.00";"0.00";"0.00"
"2018";"1";"27";"6";"23";"648";"187.";"10.2";"2.4";"94.";"8.";"0.00";"0.00";"0.00"
"2018";"1";"28";"7";"0";"649";"197.";"9.5";"3.1";"93.";"8.";"0.00";"0.00";"0.00"
"2018";"1";"28";"7";"1";"650";"218.";"7.8";"3.8";"94.";"8.";"0.00";"0.00";"0.00"
"2018";"1";"28";"7";"2";"651";"238.";"6.4";"4.4";"93.";"8.";"0.00";"0.00";"0.00"
"2018";"1";"28";"7";"3";"652";"250.";"5.4";"4.2";"91.";"5.";"0.00";"0.00";"0.00"
"2018";"1";"28";"7";"4";"653";"245.";"4.8";"4.2";"91.";"8.";"0.00";"0.00";"0.00"
"2018";"1";"28";"7";"5";"654";"249.";"6.2";"4.7";"90.";"8.";"0.00";"0.00";"0.00"
"2018";"1";"28";"7";"6";"655";"244.";"6.8";"4.9";"91.";"8.";"0.00";"0.00";"0.00"
"2018";"1";"28";"7";"7";"656";"248.";"7.9";"5.1";"89.";"8.";"0.00";"0.00";"0.00"
"2018";"1";"28";"7";"8";"657";"253.";"8.1";"5.6";"86.";"8.";"0.00";"0.00";"0.00"
"2018";"1";"28";"7";"9";"658";"257.";"10.4";"6.2";"84.";"8.";"23.97";"0.00";"23.97"
"2018";"1";"28";"7";"10";"659";"262.";"10.2";"6.5";"82.";"8.";"45.66";"0.00";"45.66"
"2018";"1";"28";"7";"11";"660";"265.";"11.1";"6.6";"83.";"8.";"56.77";"0.00";"56.77"
"2018";"1";"28";"7";"12";"661";"267.";"12.4";"6.6";"83.";"6.";"93.67";"85.45";"74.20"
"2018";"1";"28";"7";"13";"662";"269.";"10.8";"6.7";"82.";"8.";"44.85";"0.00";"44.85"
"2018";"1";"28";"7";"14";"663";"271.";"10.9";"6.6";"82.";"8.";"23.49";"0.00";"23.49"
"2018";"1";"28";"7";"15";"664";"274.";"10.4";"6.3";"82.";"6.";"0.00";"0.00";"0.00"
"2018";"1";"28";"7";"16";"665";"278.";"9.6";"6.1";"81.";"8.";"0.00";"0.00";"0.00"
"2018";"1";"28";"7";"17";"666";"278.";"10.2";"5.9";"82.";"7.";"0.00";"0.00";"0.00"
"2018";"1";"28";"7";"18";"667";"276.";"9.1";"5.8";"83.";"8.";"0.00";"0.00";"0.00"
"2018";"1";"28";"7";"19";"668";"275.";"7.6";"5.6";"84.";"7.";"0.00";"0.00";"0.00"
"2018";"1";"28";"7";"20";"669";"276.";"6.8";"5.3";"85.";"7.";"0.00";"0.00";"0.00"
"2018";"1";"28";"7";"21";"670";"281.";"6.1";"5.0";"86.";"5.";"0.00";"0.00";"0.00"
"2018";"1";"28";"7";"22";"671";"281.";"5.5";"4.9";"88.";"8.";"0.00";"0.00";"0.00"
"2018";"1";"28";"7";"23";"672";"280.";"4.8";"4.8";"89.";"8.";"0.00";"0.00";"0.00"
"2018";"1";"29";"1";"0";"673";"271.";"4.0";"4.8";"90.";"8.";"0.00";"0.00";"0.00"
"2018";"1";"29";"1";"1";"674";"270.";"3.7";"4.7";"91.";"8.";"0.00";"0.00";"0.00"
"2018";"1";"29";"1";"2";"675";"253.";"4.1";"4.8";"92.";"8.";"0.00";"0.00";"0.00"
"2018";"1";"29";"1";"3";"676";"248.";"4.4";"4.7";"94.";"8.";"0.00";"0.00";"0.00"
"2018";"1";"29";"1";"4";"677";"233.";"3.5";"4.1";"95.";"8.";"0.00";"0.00";"0.00"
"2018";"1";"29";"1";"5";"678";"198.";"3.3";"3.4";"94.";"8.";"0.00";"0.00";"0.00"
"2018";"1";"29";"1";"6";"679";"168.";"4.3";"2.6";"94.";"8.";"0.00";"0.00";"0.00"
"2018";"1";"29";"1";"7";"680";"135.";"3.9";"2.4";"94.";"8.";"0.00";"0.00";"0.00"
"2018";"1";"29";"1";"8";"681";"157.";"4.6";"3.1";"95.";"8.";"0.00";"0.00";"0.00"
"2018";"1";"29";"1";"9";"682";"207.";"4.6";"5.1";"97.";"8.";"13.82";"0.00";"13.82"
"2018";"1";"29";"1";"10";"683";"247.";"6.6";"6.3";"95.";"8.";"24.77";"0.00";"24.77"
"2018";"1";"29";"1";"11";"684";"246.";"8.0";"5.9";"94.";"8.";"53.86";"0.00";"53.86"
"2018";"1";"29";"1";"12";"685";"268.";"8.2";"5.2";"95.";"7.";"76.89";"42.23";"67.10"
"2018";"1";"29";"1";"13";"686";"300.";"9.8";"3.5";"93.";"8.";"52.83";"0.00";"52.83"
"2018";"1";"29";"1";"14";"687";"306.";"7.5";"2.6";"93.";"8.";"27.00";"0.00";"27.00"
"2018";"1";"29";"1";"15";"688";"297.";"5.9";"2.8";"93.";"8.";"0.00";"0.00";"0.00"
"2018";"1";"29";"1";"16";"689";"298.";"4.6";"3.0";"93.";"8.";"0.00";"0.00";"0.00"
"2018";"1";"29";"1";"17";"690";"301.";"3.0";"3.1";"92.";"8.";"0.00";"0.00";"0.00"
"2018";"1";"29";"1";"18";"691";"291.";"2.6";"3.1";"93.";"8.";"0.00";"0.00";"0.00"
"2018";"1";"29";"1";"19";"692";"274.";"2.2";"3.4";"93.";"7.";"0.00";"0.00";"0.00"
"2018";"1";"29";"1";"20";"693";"279.";"4.4";"4.0";"90.";"7.";"0.00";"0.00";"0.00"
"2018";"1";"29";"1";"21";"694";"294.";"6.5";"4.2";"86.";"7.";"0.00";"0.00";"0.00"
"2018";"1";"29";"1";"22";"695";"305.";"6.3";"4.3";"85.";"7.";"0.00";"0.00";"0.00"
"2018";"1";"29";"1";"23";"696";"309.";"6.8";"4.2";"85.";"8.";"0.00";"0.00";"0.00"
"2018";"1";"30";"2";"0";"697";"320.";"5.0";"3.5";"85.";"7.";"0.00";"0.00";"0.00"
"2018";"1";"30";"2";"1";"698";"320.";"4.2";"2.7";"87.";"6.";"0.00";"0.00";"0.00"
"2018";"1";"30";"2";"2";"699";"309.";"3.6";"2.3";"88.";"7.";"0.00";"0.00";"0.00"
"2018";"1";"30";"2";"3";"700";"322.";"3.8";"1.6";"89.";"7.";"0.00";"0.00";"0.00"
"2018";"1";"30";"2";"4";"701";"339.";"2.2";"0.8";"91.";"2.";"0.00";"0.00";"0.00"
"2018";"1";"30";"2";"5";"702";"359.";"1.5";"-0.1";"92.";"0.";"0.00";"0.00";"0.00"
"2018";"1";"30";"2";"6";"703";"334.";"1.0";"-0.6";"93.";"0.";"0.00";"0.00";"0.00"
"2018";"1";"30";"2";"7";"704";"285.";"1.9";"-0.5";"93.";"4.";"0.00";"0.00";"0.00"
"2018";"1";"30";"2";"8";"705";"272.";"2.3";"-0.2";"92.";"5.";"3.70";"22.19";"2.77"
"2018";"1";"30";"2";"9";"706";"279.";"3.7";"1.3";"91.";"8.";"30.77";"0.00";"30.77"
"2018";"1";"30";"2";"10";"707";"290.";"4.8";"3.6";"84.";"8.";"54.46";"0.00";"54.46"
"2018";"1";"30";"2";"11";"708";"287.";"5.5";"4.7";"80.";"7.";"89.12";"71.83";"72.17"
"2018";"1";"30";"2";"12";"709";"286.";"6.6";"5.4";"77.";"1.";"202.38";"520.81";"79.46"
"2018";"1";"30";"2";"13";"710";"286.";"6.3";"5.2";"76.";"3.";"134.58";"321.65";"69.68"
"2018";"1";"30";"2";"14";"711";"284.";"6.2";"5.0";"78.";"4.";"66.43";"188.36";"40.90"
"2018";"1";"30";"2";"15";"712";"283.";"6.0";"4.6";"82.";"3.";"0.09";"0.62";"0.06"
"2018";"1";"30";"2";"16";"713";"281.";"5.1";"4.4";"84.";"2.";"0.00";"0.00";"0.00"
"2018";"1";"30";"2";"17";"714";"275.";"4.6";"4.1";"87.";"7.";"0.00";"0.00";"0.00"
"2018";"1";"30";"2";"18";"715";"263.";"4.4";"4.0";"88.";"6.";"0.00";"0.00";"0.00"
"2018";"1";"30";"2";"19";"716";"248.";"3.9";"3.9";"89.";"2.";"0.00";"0.00";"0.00"
"2018";"1";"30";"2";"20";"717";"235.";"4.1";"3.7";"89.";"4.";"0.00";"0.00";"0.00"
"2018";"1";"30";"2";"21";"718";"228.";"4.8";"3.7";"90.";"8.";"0.00";"0.00";"0.00"
"2018";"1";"30";"2";"22";"719";"226.";"5.4";"3.7";"90.";"8.";"0.00";"0.00";"0.00"
"2018";"1";"30";"2";"23";"720";"220.";"5.7";"3.9";"90.";"8.";"0.00";"0.00";"0.00"
"2018";"1";"31";"3";"0";"721";"219.";"6.5";"4.1";"91.";"8.";"0.00";"0.00";"0.00"
"2018";"1";"31";"3";"1";"722";"216.";"6.2";"4.2";"90.";"8.";"0.00";"0.00";"0.00"
"2018";"1";"31";"3";"2";"723";"215.";"6.7";"4.1";"91.";"8.";"0.00";"0.00";"0.00"
"2018";"1";"31";"3";"3";"724";"207.";"6.5";"3.8";"92.";"8.";"0.00";"0.00";"0.00"
"2018";"1";"31";"3";"4";"725";"199.";"6.5";"3.6";"92.";"8.";"0.00";"0.00";"0.00"
"2018";"1";"31";"3";"5";"726";"199.";"7.0";"3.6";"91.";"8.";"0.00";"0.00";"0.00"
"2018";"1";"31";"3";"6";"727";"202.";"7.6";"3.5";"89.";"8.";"0.00";"0.00";"0.00"
"2018";"1";"31";"3";"7";"728";"188.";"7.7";"2.9";"90.";"8.";"0.00";"0.00";"0.00"
"2018";"1";"31";"3";"8";"729";"182.";"8.0";"2.4";"91.";"8.";"0.86";"0.00";"0.86"
"2018";"1";"31";"3";"9";"730";"173.";"8.2";"2.3";"90.";"8.";"18.86";"0.00";"18.86"
"2018";"1";"31";"3";"10";"731";"170.";"8.3";"2.9";"87.";"7.";"71.63";"56.02";"60.10"
"2018";"1";"31";"3";"11";"732";"168.";"7.6";"2.7";"89.";"8.";"36.66";"0.00";"36.66"
"2018";"1";"31";"3";"12";"733";"158.";"6.9";"1.8";"92.";"8.";"35.96";"0.00";"35.96"
"2018";"1";"31";"3";"13";"734";"160.";"8.1";"1.0";"93.";"8.";"28.36";"0.00";"28.36"
"2018";"1";"31";"3";"14";"735";"166.";"8.2";"1.2";"94.";"8.";"17.83";"0.00";"17.83"
"2018";"1";"31";"3";"15";"736";"176.";"5.9";"1.9";"94.";"8.";"0.83";"0.00";"0.83"
"2018";"1";"31";"3";"16";"737";"187.";"5.3";"3.5";"95.";"8.";"0.00";"0.00";"0.00"
"2018";"1";"31";"3";"17";"738";"173.";"5.4";"4.3";"93.";"8.";"0.00";"0.00";"0.00"
"2018";"1";"31";"3";"18";"739";"191.";"6.2";"4.4";"93.";"8.";"0.00";"0.00";"0.00"
"2018";"1";"31";"3";"19";"740";"222.";"7.0";"4.4";"92.";"8.";"0.00";"0.00";"0.00"
"2018";"1";"31";"3";"20";"741";"229.";"5.6";"3.7";"90.";"8.";"0.00";"0.00";"0.00"
"2018";"1";"31";"3";"21";"742";"222.";"6.0";"3.4";"88.";"8.";"0.00";"0.00";"0.00"
"2018";"1";"31";"3";"22";"743";"221.";"6.3";"3.2";"86.";"7.";"0.00";"0.00";"0.00"
"2018";"1";"31";"3";"23";"744";"220.";"6.0";"2.9";"86.";"8.";"0.00";"0.00";"0.00"
"2018";"2";"1";"4";"0";"745";"217.";"6.4";"2.7";"86.";"8.";"0.00";"0.00";"0.00"
"2018";"2";"1";"4";"1";"746";"218.";"6.2";"2.6";"87.";"8.";"0.00";"0.00";"0.00"
"2018";"2";"1";"4";"2";"747";"215.";"6.5";"2.7";"87.";"8.";"0.00";"0.00";"0.00"
"2018";"2";"1";"4";"3";"748";"219.";"6.0";"2.6";"90.";"8.";"0.00";"0.00";"0.00"
"2018";"2";"1";"4";"4";"749";"206.";"6.0";"2.9";"88.";"8.";"0.00";"0.00";"0.00"
"2018";"2";"1";"4";"5";"750";"198.";"6.4";"2.4";"90.";"8.";"0.00";"0.00";"0.00"
"2018";"2";"1";"4";"6";"751";"198.";"6.9";"1.0";"93.";"8.";"0.00";"0.00";"0.00"
"2018";"2";"1";"4";"7";"752";"219.";"8.5";"2.4";"93.";"8.";"0.00";"0.00";"0.00"
"2018";"2";"1";"4";"8";"753";"228.";"7.5";"2.6";"93.";"8.";"1.31";"0.00";"1.31"
"2018";"2";"1";"4";"9";"754";"228.";"7.5";"3.1";"91.";"8.";"18.60";"0.00";"18.60"
"2018";"2";"1";"4";"10";"755";"226.";"7.0";"3.4";"89.";"7.";"76.07";"68.16";"61.74"
"2018";"2";"1";"4";"11";"756";"217.";"6.3";"3.8";"87.";"7.";"93.92";"75.65";"75.41"
"2018";"2";"1";"4";"12";"757";"221.";"6.3";"4.0";"86.";"8.";"69.54";"0.00";"69.54"
"2018";"2";"1";"4";"13";"758";"207.";"5.8";"4.2";"85.";"7.";"74.94";"63.70";"61.54"
"2018";"2";"1";"4";"14";"759";"204.";"4.9";"4.2";"83.";"7.";"43.11";"47.68";"36.25"
"2018";"2";"1";"4";"15";"760";"199.";"4.2";"4.0";"84.";"8.";"2.36";"0.00";"2.36"
"2018";"2";"1";"4";"16";"761";"185.";"3.7";"3.6";"87.";"6.";"0.00";"0.00";"0.00"
"2018";"2";"1";"4";"17";"762";"178.";"3.7";"3.6";"88.";"8.";"0.00";"0.00";"0.00"
"2018";"2";"1";"4";"18";"763";"170.";"3.5";"3.6";"87.";"7.";"0.00";"0.00";"0.00"
"2018";"2";"1";"4";"19";"764";"160.";"3.6";"3.6";"87.";"7.";"0.00";"0.00";"0.00"
"2018";"2";"1";"4";"20";"765";"157.";"4.1";"3.3";"88.";"8.";"0.00";"0.00";"0.00"
"2018";"2";"1";"4";"21";"766";"152.";"3.1";"3.1";"89.";"8.";"0.00";"0.00";"0.00"
"2018";"2";"1";"4";"22";"767";"140.";"3.4";"3.0";"90.";"8.";"0.00";"0.00";"0.00"
"2018";"2";"1";"4";"23";"768";"130.";"2.5";"2.9";"90.";"8.";"0.00";"0.00";"0.00"
"2018";"2";"2";"5";"0";"769";"112.";"2.6";"2.7";"90.";"8.";"0.00";"0.00";"0.00"
"2018";"2";"2";"5";"1";"770";"103.";"2.3";"2.4";"91.";"8.";"0.00";"0.00";"0.00"
"2018";"2";"2";"5";"2";"771";"69.";"1.8";"2.0";"91.";"8.";"0.00";"0.00";"0.00"
"2018";"2";"2";"5";"3";"772";"46.";"4.4";"0.5";"92.";"8.";"0.00";"0.00";"0.00"
"2018";"2";"2";"5";"4";"773";"48.";"5.1";"-0.5";"90.";"8.";"0.00";"0.00";"0.00"
"2018";"2";"2";"5";"5";"774";"42.";"6.0";"-1.2";"87.";"8.";"0.00";"0.00";"0.00"
"2018";"2";"2";"5";"6";"775";"45.";"5.9";"-1.6";"86.";"8.";"0.00";"0.00";"0.00"
"2018";"2";"2";"5";"7";"776";"46.";"5.8";"-2.2";"85.";"8.";"0.00";"0.00";"0.00"
"2018";"2";"2";"5";"8";"777";"45.";"5.9";"-2.4";"82.";"8.";"6.91";"0.00";"6.91"
"2018";"2";"2";"5";"9";"778";"40.";"6.0";"-2.7";"80.";"8.";"40.37";"0.00";"40.37"
"2018";"2";"2";"5";"10";"779";"47.";"6.2";"-3.0";"78.";"6.";"107.22";"182.55";"68.03"
"2018";"2";"2";"5";"11";"780";"45.";"6.0";"-2.8";"77.";"7.";"106.99";"98.12";"82.55"
"2018";"2";"2";"5";"12";"781";"45.";"6.3";"-2.9";"75.";"8.";"80.20";"0.00";"80.20"
"2018";"2";"2";"5";"13";"782";"37.";"5.8";"-3.2";"76.";"6.";"106.29";"172.40";"69.28"
"2018";"2";"2";"5";"14";"783";"34.";"5.7";"-3.5";"75.";"7.";"53.23";"73.19";"42.39"
"2018";"2";"2";"5";"15";"784";"27.";"5.3";"-3.9";"75.";"8.";"8.21";"0.00";"8.21"
"2018";"2";"2";"5";"16";"785";"34.";"5.3";"-4.3";"75.";"8.";"0.00";"0.00";"0.00"
"2018";"2";"2";"5";"17";"786";"39.";"5.2";"-4.7";"75.";"8.";"0.00";"0.00";"0.00"
"2018";"2";"2";"5";"18";"787";"26.";"4.8";"-4.7";"77.";"7.";"0.00";"0.00";"0.00"
"2018";"2";"2";"5";"19";"788";"30.";"4.9";"-4.6";"77.";"7.";"0.00";"0.00";"0.00"
"2018";"2";"2";"5";"20";"789";"28.";"4.8";"-4.7";"78.";"7.";"0.00";"0.00";"0.00"
"2018";"2";"2";"5";"21";"790";"23.";"4.5";"-4.8";"80.";"8.";"0.00";"0.00";"0.00"
"2018";"2";"2";"5";"22";"791";"19.";"4.2";"-5.1";"80.";"8.";"0.00";"0.00";"0.00"
"2018";"2";"2";"5";"23";"792";"23.";"3.9";"-5.3";"82.";"5.";"0.00";"0.00";"0.00"
"2018";"2";"3";"6";"0";"793";"17.";"3.8";"-5.3";"84.";"8.";"0.00";"0.00";"0.00"
"2018";"2";"3";"6";"1";"794";"14.";"4.2";"-5.3";"84.";"5.";"0.00";"0.00";"0.00"
"2018";"2";"3";"6";"2";"795";"21.";"4.9";"-5.1";"84.";"5.";"0.00";"0.00";"0.00"
"2018";"2";"3";"6";"3";"796";"25.";"5.0";"-5.0";"84.";"6.";"0.00";"0.00";"0.00"
"2018";"2";"3";"6";"4";"797";"29.";"4.9";"-4.8";"85.";"6.";"0.00";"0.00";"0.00"
"2018";"2";"3";"6";"5";"798";"27.";"5.2";"-4.4";"85.";"4.";"0.00";"0.00";"0.00"
"2018";"2";"3";"6";"6";"799";"36.";"5.9";"-3.9";"83.";"4.";"0.00";"0.00";"0.00"
"2018";"2";"3";"6";"7";"800";"40.";"5.8";"-4.1";"83.";"4.";"0.00";"0.00";"0.00"
"2018";"2";"3";"6";"8";"801";"40.";"5.4";"-4.0";"83.";"7.";"11.09";"21.80";"9.82"
"2018";"2";"3";"6";"9";"802";"40.";"6.0";"-3.7";"82.";"8.";"42.25";"0.00";"42.25"
"2018";"2";"3";"6";"10";"803";"43.";"6.3";"-3.4";"79.";"6.";"109.33";"176.93";"70.56"
"2018";"2";"3";"6";"11";"804";"42.";"7.0";"-3.0";"77.";"6.";"135.54";"197.84";"85.37"
"2018";"2";"3";"6";"12";"805";"41.";"6.9";"-3.0";"78.";"6.";"135.45";"197.70";"85.31"
"2018";"2";"3";"6";"13";"806";"37.";"6.8";"-2.8";"78.";"6.";"109.01";"175.76";"70.49"
"2018";"2";"3";"6";"14";"807";"37.";"6.6";"-2.9";"80.";"8.";"41.21";"0.00";"41.21"
"2018";"2";"3";"6";"15";"808";"37.";"6.5";"-3.0";"81.";"8.";"8.98";"0.00";"8.98"
"2018";"2";"3";"6";"16";"809";"38.";"6.7";"-2.8";"82.";"8.";"0.00";"0.00";"0.00"
"2018";"2";"3";"6";"17";"810";"40.";"6.5";"-2.8";"83.";"8.";"0.00";"0.00";"0.00"
"2018";"2";"3";"6";"18";"811";"43.";"6.9";"-2.7";"84.";"7.";"0.00";"0.00";"0.00"
"2018";"2";"3";"6";"19";"812";"44.";"7.2";"-2.8";"83.";"5.";"0.00";"0.00";"0.00"
"2018";"2";"3";"6";"20";"813";"44.";"7.1";"-2.7";"83.";"7.";"0.00";"0.00";"0.00"
"2018";"2";"3";"6";"21";"814";"39.";"6.2";"-2.8";"83.";"4.";"0.00";"0.00";"0.00"
"2018";"2";"3";"6";"22";"815";"45.";"6.3";"-2.7";"82.";"7.";"0.00";"0.00";"0.00"
"2018";"2";"3";"6";"23";"816";"44.";"6.5";"-2.6";"81.";"7.";"0.00";"0.00";"0.00"
"2018";"2";"4";"7";"0";"817";"43.";"6.0";"-2.6";"81.";"6.";"0.00";"0.00";"0.00"
"2018";"2";"4";"7";"1";"818";"45.";"5.8";"-2.7";"81.";"2.";"0.00";"0.00";"0.00"
"2018";"2";"4";"7";"2";"819";"40.";"5.3";"-2.8";"81.";"3.";"0.00";"0.00";"0.00"
"2018";"2";"4";"7";"3";"820";"39.";"5.7";"-2.8";"80.";"6.";"0.00";"0.00";"0.00"
"2018";"2";"4";"7";"4";"821";"40.";"5.8";"-3.0";"79.";"7.";"0.00";"0.00";"0.00"
"2018";"2";"4";"7";"5";"822";"35.";"5.4";"-3.1";"78.";"4.";"0.00";"0.00";"0.00"
"2018";"2";"4";"7";"6";"823";"39.";"5.5";"-3.5";"77.";"4.";"0.00";"0.00";"0.00"
"2018";"2";"4";"7";"7";"824";"36.";"5.7";"-3.5";"76.";"4.";"0.00";"0.00";"0.00"
"2018";"2";"4";"7";"8";"825";"32.";"5.6";"-3.5";"78.";"6.";"16.30";"54.42";"12.89"
"2018";"2";"4";"7";"9";"826";"38.";"5.3";"-3.1";"77.";"7.";"57.42";"76.53";"45.41"
"2018";"2";"4";"7";"10";"827";"34.";"4.9";"-2.9";"76.";"8.";"67.66";"0.00";"67.66"
"2018";"2";"4";"7";"11";"828";"47.";"6.0";"-2.7";"74.";"8.";"81.05";"0.00";"81.05"
"2018";"2";"4";"7";"12";"829";"48.";"5.7";"-2.5";"74.";"8.";"80.04";"0.00";"80.04"
"2018";"2";"4";"7";"13";"830";"46.";"5.0";"-2.7";"74.";"8.";"67.20";"0.00";"67.20"
"2018";"2";"4";"7";"14";"831";"50.";"4.9";"-2.7";"74.";"8.";"42.40";"0.00";"42.40"
"2018";"2";"4";"7";"15";"832";"48.";"5.1";"-3.1";"71.";"6.";"17.68";"72.71";"13.13"
"2018";"2";"4";"7";"16";"833";"55.";"4.5";"-3.8";"70.";"1.";"0.00";"0.00";"0.00"
"2018";"2";"4";"7";"17";"834";"47.";"3.4";"-4.5";"75.";"1.";"0.00";"0.00";"0.00"
"2018";"2";"4";"7";"18";"835";"50.";"3.0";"-4.9";"77.";"0.";"0.00";"0.00";"0.00"
"2018";"2";"4";"7";"19";"836";"50.";"2.6";"-5.4";"78.";"1.";"0.00";"0.00";"0.00"
"2018";"2";"4";"7";"20";"837";"50.";"2.4";"-5.8";"78.";"2.";"0.00";"0.00";"0.00"
"2018";"2";"4";"7";"21";"838";"51.";"2.9";"-6.1";"79.";"0.";"0.00";"0.00";"0.00"
"2018";"2";"4";"7";"22";"839";"48.";"2.7";"-6.4";"82.";"0.";"0.00";"0.00";"0.00"
"2018";"2";"4";"7";"23";"840";"49.";"2.9";"-6.7";"83.";"0.";"0.00";"0.00";"0.00"
"2018";"2";"5";"1";"0";"841";"44.";"2.4";"-7.4";"84.";"0.";"0.00";"0.00";"0.00"
"2018";"2";"5";"1";"1";"842";"43.";"2.2";"-7.7";"86.";"0.";"0.00";"0.00";"0.00"
"2018";"2";"5";"1";"2";"843";"51.";"2.5";"-8.1";"87.";"0.";"0.00";"0.00";"0.00"
"2018";"2";"5";"1";"3";"844";"52.";"2.3";"-8.5";"88.";"0.";"0.00";"0.00";"0.00"
"2018";"2";"5";"1";"4";"845";"50.";"2.3";"-8.8";"87.";"1.";"0.00";"0.00";"0.00"
"2018";"2";"5";"1";"5";"846";"60.";"2.3";"-8.8";"87.";"0.";"0.00";"0.00";"0.00"
"2018";"2";"5";"1";"6";"847";"56.";"2.0";"-9.1";"87.";"3.";"0.00";"0.00";"0.00"
"2018";"2";"5";"1";"7";"848";"53.";"1.8";"-9.4";"89.";"2.";"0.00";"0.00";"0.00"
"2018";"2";"5";"1";"8";"849";"53.";"1.6";"-9.0";"87.";"0.";"40.91";"286.70";"21.69"
"2018";"2";"5";"1";"9";"850";"64.";"1.9";"-7.5";"84.";"0.";"141.30";"499.86";"60.57"
"2018";"2";"5";"1";"10";"851";"65.";"1.5";"-5.9";"77.";"0.";"221.60";"620.22";"80.00"
"2018";"2";"5";"1";"11";"852";"55.";"1.0";"-4.2";"71.";"0.";"264.36";"664.07";"89.78"
"2018";"2";"5";"1";"12";"853";"15.";"1.2";"-3.3";"68.";"0.";"264.69";"670.76";"88.35"
"2018";"2";"5";"1";"13";"854";"334.";"1.5";"-3.2";"65.";"2.";"194.50";"541.93";"70.77"
"2018";"2";"5";"1";"14";"855";"341.";"1.4";"-3.0";"63.";"1.";"135.08";"514.80";"51.94"
"2018";"2";"5";"1";"15";"856";"341.";"1.0";"-3.5";"65.";"1.";"37.80";"285.79";"18.65"
"2018";"2";"5";"1";"16";"857";"4.";"0.9";"-5.0";"70.";"0.";"0.00";"0.00";"0.00"
"2018";"2";"5";"1";"17";"858";"25.";"1.1";"-6.4";"77.";"1.";"0.00";"0.00";"0.00"
"2018";"2";"5";"1";"18";"859";"51.";"1.1";"-7.7";"82.";"0.";"0.00";"0.00";"0.00"
"2018";"2";"5";"1";"19";"860";"81.";"0.7";"-8.4";"84.";"1.";"0.00";"0.00";"0.00"
"2018";"2";"5";"1";"20";"861";"85.";"0.7";"-8.8";"85.";"0.";"0.00";"0.00";"0.00"
"2018";"2";"5";"1";"21";"862";"85.";"0.7";"-9.6";"86.";"2.";"0.00";"0.00";"0.00"
"2018";"2";"5";"1";"22";"863";"126.";"1.0";"-9.6";"87.";"5.";"0.00";"0.00";"0.00"
"2018";"2";"5";"1";"23";"864";"168.";"0.9";"-9.4";"87.";"0.";"0.00";"0.00";"0.00"
"2018";"2";"6";"2";"0";"865";"202.";"1.2";"-9.2";"86.";"8.";"0.00";"0.00";"0.00"
"2018";"2";"6";"2";"1";"866";"175.";"1.1";"-8.6";"87.";"6.";"0.00";"0.00";"0.00"
"2018";"2";"6";"2";"2";"867";"228.";"1.7";"-7.9";"86.";"7.";"0.00";"0.00";"0.00"
"2018";"2";"6";"2";"3";"868";"214.";"1.5";"-7.1";"87.";"8.";"0.00";"0.00";"0.00"
"2018";"2";"6";"2";"4";"869";"239.";"1.8";"-6.5";"84.";"8.";"0.00";"0.00";"0.00"
"2018";"2";"6";"2";"5";"870";"254.";"2.0";"-5.3";"83.";"8.";"0.00";"0.00";"0.00"
"2018";"2";"6";"2";"6";"871";"262.";"2.2";"-4.7";"81.";"8.";"0.00";"0.00";"0.00"
"2018";"2";"6";"2";"7";"872";"261.";"2.4";"-4.0";"81.";"8.";"0.00";"0.00";"0.00"
"2018";"2";"6";"2";"8";"873";"256.";"2.1";"-3.5";"82.";"8.";"12.01";"0.00";"12.01"
"2018";"2";"6";"2";"9";"874";"265.";"2.7";"-2.8";"81.";"8.";"44.38";"0.00";"44.38"
"2018";"2";"6";"2";"10";"875";"271.";"3.4";"-2.3";"81.";"8.";"68.99";"0.00";"68.99"
"2018";"2";"6";"2";"11";"876";"269.";"3.4";"-2.0";"80.";"8.";"82.12";"0.00";"82.12"
"2018";"2";"6";"2";"12";"877";"262.";"3.4";"-1.8";"80.";"8.";"78.41";"0.00";"78.41"
"2018";"2";"6";"2";"13";"878";"263.";"3.3";"-1.8";"81.";"8.";"65.15";"0.00";"65.15"
"2018";"2";"6";"2";"14";"879";"262.";"3.4";"-1.9";"83.";"8.";"41.53";"0.00";"41.53"
"2018";"2";"6";"2";"15";"880";"257.";"3.5";"-1.7";"84.";"8.";"11.20";"0.00";"11.20"
"2018";"2";"6";"2";"16";"881";"250.";"3.2";"-1.6";"83.";"8.";"0.00";"0.00";"0.00"
"2018";"2";"6";"2";"17";"882";"247.";"3.2";"-1.5";"77.";"8.";"0.00";"0.00";"0.00"
"2018";"2";"6";"2";"18";"883";"242.";"2.8";"-1.4";"75.";"8.";"0.00";"0.00";"0.00"
"2018";"2";"6";"2";"19";"884";"237.";"2.8";"-1.3";"74.";"8.";"0.00";"0.00";"0.00"
"2018";"2";"6";"2";"20";"885";"236.";"3.1";"-1.3";"74.";"8.";"0.00";"0.00";"0.00"
"2018";"2";"6";"2";"21";"886";"247.";"2.7";"-1.5";"70.";"8.";"0.00";"0.00";"0.00"
"2018";"2";"6";"2";"22";"887";"241.";"3.0";"-1.6";"68.";"8.";"0.00";"0.00";"0.00"
"2018";"2";"6";"2";"23";"888";"233.";"3.0";"-1.8";"70.";"8.";"0.00";"0.00";"0.00"
"2018";"2";"7";"3";"0";"889";"221.";"3.1";"-2.0";"71.";"8.";"0.00";"0.00";"0.00"
"2018";"2";"7";"3";"1";"890";"222.";"3.1";"-2.4";"73.";"7.";"0.00";"0.00";"0.00"
"2018";"2";"7";"3";"2";"891";"209.";"3.0";"-3.6";"74.";"6.";"0.00";"0.00";"0.00"
"2018";"2";"7";"3";"3";"892";"208.";"3.1";"-4.5";"75.";"7.";"0.00";"0.00";"0.00"
"2018";"2";"7";"3";"4";"893";"214.";"3.2";"-3.8";"77.";"6.";"0.00";"0.00";"0.00"
"2018";"2";"7";"3";"5";"894";"208.";"3.5";"-3.6";"78.";"6.";"0.00";"0.00";"0.00"
"2018";"2";"7";"3";"6";"895";"209.";"3.5";"-3.7";"78.";"8.";"0.00";"0.00";"0.00"
"2018";"2";"7";"3";"7";"896";"207.";"3.5";"-2.7";"80.";"7.";"0.00";"0.00";"0.00"
"2018";"2";"7";"3";"8";"897";"208.";"3.6";"-1.6";"82.";"8.";"30.68";"0.00";"30.68"
"2018";"2";"7";"3";"9";"898";"220.";"3.4";"-0.6";"83.";"8.";"59.76";"0.00";"59.76"
"2018";"2";"7";"3";"10";"899";"233.";"3.9";"-0";"85.";"8.";"85.70";"0.00";"85.70"
"2018";"2";"7";"3";"11";"900";"241.";"4.3";"-0";"89.";"8.";"56.42";"0.00";"56.42"
"2018";"2";"7";"3";"12";"901";"234.";"4.2";"0.3";"91.";"8.";"52.00";"0.00";"52.00"
"2018";"2";"7";"3";"13";"902";"232.";"4.2";"0.6";"92.";"8.";"83.36";"0.00";"83.36"
"2018";"2";"7";"3";"14";"903";"229.";"3.7";"0.9";"92.";"8.";"52.86";"0.00";"52.86"
"2018";"2";"7";"3";"15";"904";"238.";"3.6";"1.0";"92.";"8.";"13.45";"0.00";"13.45"
"2018";"2";"7";"3";"16";"905";"225.";"2.7";"1.0";"93.";"8.";"0.00";"0.00";"0.00"
"2018";"2";"7";"3";"17";"906";"212.";"2.8";"1.2";"94.";"8.";"0.00";"0.00";"0.00"
"2018";"2";"7";"3";"18";"907";"226.";"4.1";"0.8";"93.";"8.";"0.00";"0.00";"0.00"
"2018";"2";"7";"3";"19";"908";"219.";"4.1";"1.0";"93.";"8.";"0.00";"0.00";"0.00"
"2018";"2";"7";"3";"20";"909";"228.";"4.2";"1.3";"92.";"7.";"0.00";"0.00";"0.00"
"2018";"2";"7";"3";"21";"910";"222.";"3.5";"1.4";"91.";"8.";"0.00";"0.00";"0.00"
"2018";"2";"7";"3";"22";"911";"223.";"3.4";"1.5";"90.";"8.";"0.00";"0.00";"0.00"
"2018";"2";"7";"3";"23";"912";"224.";"3.2";"1.4";"92.";"8.";"0.00";"0.00";"0.00"
"2018";"2";"8";"4";"0";"913";"232.";"3.5";"1.3";"93.";"8.";"0.00";"0.00";"0.00"
"2018";"2";"8";"4";"1";"914";"229.";"3.5";"0.8";"93.";"7.";"0.00";"0.00";"0.00"
"2018";"2";"8";"4";"2";"915";"236.";"3.4";"0.7";"94.";"8.";"0.00";"0.00";"0.00"
"2018";"2";"8";"4";"3";"916";"239.";"3.0";"0.5";"95.";"7.";"0.00";"0.00";"0.00"
"2018";"2";"8";"4";"4";"917";"237.";"2.9";"0.5";"96.";"8.";"0.00";"0.00";"0.00"
"2018";"2";"8";"4";"5";"918";"232.";"3.1";"0.7";"96.";"8.";"0.00";"0.00";"0.00"
"2018";"2";"8";"4";"6";"919";"224.";"3.0";"1.0";"95.";"8.";"0.00";"0.00";"0.00"
"2018";"2";"8";"4";"7";"920";"224.";"2.6";"0.8";"94.";"8.";"0.00";"0.00";"0.00"
"2018";"2";"8";"4";"8";"921";"229.";"3.8";"0.5";"95.";"6.";"22.03";"33.93";"19.29"
"2018";"2";"8";"4";"9";"922";"227.";"4.3";"0.4";"96.";"8.";"45.66";"0.00";"45.66"
"2018";"2";"8";"4";"10";"923";"225.";"4.0";"0.7";"95.";"8.";"87.45";"0.00";"87.45"
"2018";"2";"8";"4";"11";"924";"229.";"3.7";"1.3";"94.";"8.";"107.02";"0.00";"107.02"
"2018";"2";"8";"4";"12";"925";"229.";"3.9";"1.7";"92.";"8.";"104.72";"0.00";"104.72"
"2018";"2";"8";"4";"13";"926";"224.";"4.2";"2.0";"87.";"6.";"132.92";"122.86";"103.11"
"2018";"2";"8";"4";"14";"927";"213.";"4.2";"2.2";"82.";"1.";"132.93";"352.40";"71.06"
"2018";"2";"8";"4";"15";"928";"212.";"4.5";"1.8";"81.";"2.";"35.44";"139.55";"24.19"
"2018";"2";"8";"4";"16";"929";"206.";"4.1";"1.3";"80.";"3.";"0.00";"0.00";"0.00"
"2018";"2";"8";"4";"17";"930";"203.";"3.9";"1.0";"80.";"3.";"0.00";"0.00";"0.00"
"2018";"2";"8";"4";"18";"931";"201.";"3.7";"0.9";"81.";"3.";"0.00";"0.00";"0.00"
"2018";"2";"8";"4";"19";"932";"198.";"3.7";"0.7";"80.";"0.";"0.00";"0.00";"0.00"
"2018";"2";"8";"4";"20";"933";"194.";"4.2";"0.6";"79.";"2.";"0.00";"0.00";"0.00"
"2018";"2";"8";"4";"21";"934";"192.";"4.3";"0.5";"80.";"4.";"0.00";"0.00";"0.00"
"2018";"2";"8";"4";"22";"935";"188.";"4.3";"0.2";"81.";"0.";"0.00";"0.00";"0.00"
"2018";"2";"8";"4";"23";"936";"183.";"4.7";"0.1";"82.";"2.";"0.00";"0.00";"0.00"
"2018";"2";"9";"5";"0";"937";"182.";"5.0";"0.1";"81.";"2.";"0.00";"0.00";"0.00"
"2018";"2";"9";"5";"1";"938";"180.";"5.2";"-0";"81.";"6.";"0.00";"0.00";"0.00"
"2018";"2";"9";"5";"2";"939";"185.";"5.3";"-0.2";"81.";"6.";"0.00";"0.00";"0.00"
"2018";"2";"9";"5";"3";"940";"178.";"5.5";"-0.3";"81.";"8.";"0.00";"0.00";"0.00"
"2018";"2";"9";"5";"4";"941";"177.";"5.6";"-0.2";"81.";"7.";"0.00";"0.00";"0.00"
"2018";"2";"9";"5";"5";"942";"177.";"5.8";"-0.1";"77.";"7.";"0.00";"0.00";"0.00"
"2018";"2";"9";"5";"6";"943";"179.";"5.9";"-0.1";"76.";"8.";"0.00";"0.00";"0.00"
"2018";"2";"9";"5";"7";"944";"173.";"6.0";"-0.1";"74.";"7.";"0.00";"0.00";"0.00"
"2018";"2";"9";"5";"8";"945";"167.";"6.3";"0.0";"74.";"4.";"38.96";"138.93";"27.10"
"2018";"2";"9";"5";"9";"946";"169.";"6.5";"0.2";"75.";"0.";"154.45";"491.98";"65.71"
"2018";"2";"9";"5";"10";"947";"168.";"6.8";"0.6";"74.";"7.";"120.35";"72.35";"102.43"
"2018";"2";"9";"5";"11";"948";"165.";"6.9";"1.0";"71.";"7.";"144.97";"84.15";"121.20"
"2018";"2";"9";"5";"12";"949";"166.";"7.0";"1.1";"67.";"4.";"220.37";"351.51";"121.11"
"2018";"2";"9";"5";"13";"950";"172.";"6.6";"1.1";"63.";"4.";"184.14";"305.48";"108.51"
"2018";"2";"9";"5";"14";"951";"170.";"6.4";"0.9";"60.";"4.";"121.64";"257.99";"75.10"
"2018";"2";"9";"5";"15";"952";"167.";"5.8";"0.4";"59.";"6.";"32.84";"74.46";"26.48"
"2018";"2";"9";"5";"16";"953";"164.";"4.8";"-0.4";"63.";"8.";"0.00";"0.00";"0.00"
"2018";"2";"9";"5";"17";"954";"156.";"4.1";"-1.0";"67.";"8.";"0.00";"0.00";"0.00"
"2018";"2";"9";"5";"18";"955";"154.";"3.7";"-1.4";"71.";"8.";"0.00";"0.00";"0.00"
"2018";"2";"9";"5";"19";"956";"149.";"3.8";"-1.7";"73.";"5.";"0.00";"0.00";"0.00"
"2018";"2";"9";"5";"20";"957";"153.";"4.0";"-2.2";"72.";"6.";"0.00";"0.00";"0.00"
"2018";"2";"9";"5";"21";"958";"145.";"3.7";"-2.5";"70.";"4.";"0.00";"0.00";"0.00"
"2018";"2";"9";"5";"22";"959";"143.";"3.5";"-2.8";"74.";"2.";"0.00";"0.00";"0.00"
"2018";"2";"9";"5";"23";"960";"133.";"3.7";"-3.1";"78.";"4.";"0.00";"0.00";"0.00"
"2018";"2";"10";"6";"0";"961";"130.";"4.0";"-2.2";"81.";"6.";"0.00";"0.00";"0.00"
"2018";"2";"10";"6";"1";"962";"133.";"3.6";"-2.1";"82.";"7.";"0.00";"0.00";"0.00"
"2018";"2";"10";"6";"2";"963";"133.";"3.9";"-2.5";"84.";"8.";"0.00";"0.00";"0.00"
"2018";"2";"10";"6";"3";"964";"128.";"3.8";"-2.5";"86.";"8.";"0.00";"0.00";"0.00"
"2018";"2";"10";"6";"4";"965";"127.";"4.0";"-2.2";"87.";"8.";"0.00";"0.00";"0.00"
"2018";"2";"10";"6";"5";"966";"130.";"3.7";"-1.9";"86.";"8.";"0.00";"0.00";"0.00"
"2018";"2";"10";"6";"6";"967";"129.";"4.2";"-2.1";"86.";"8.";"0.00";"0.00";"0.00"
"2018";"2";"10";"6";"7";"968";"132.";"4.3";"-2.1";"86.";"7.";"0.00";"0.00";"0.00"
"2018";"2";"10";"6";"8";"969";"135.";"4.4";"-1.5";"84.";"4.";"44.05";"174.91";"28.29"
"2018";"2";"10";"6";"9";"970";"143.";"4.6";"-0.4";"79.";"3.";"138.28";"365.54";"70.55"
"2018";"2";"10";"6";"10";"971";"149.";"4.7";"-0.1";"76.";"8.";"100.49";"0.00";"100.49"
"2018";"2";"10";"6";"11";"972";"153.";"4.9";"0.3";"72.";"8.";"115.81";"0.00";"115.81"
"2018";"2";"10";"6";"12";"973";"164.";"4.8";"0.5";"70.";"8.";"115.04";"0.00";"115.04"
"2018";"2";"10";"6";"13";"974";"168.";"4.9";"0.6";"67.";"8.";"97.68";"0.00";"97.68"
"2018";"2";"10";"6";"14";"975";"165.";"4.9";"0.5";"66.";"8.";"65.20";"0.00";"65.20"
"2018";"2";"10";"6";"15";"976";"157.";"4.8";"0.3";"67.";"8.";"22.79";"0.00";"22.79"
"2018";"2";"10";"6";"16";"977";"155.";"4.5";"0.1";"68.";"8.";"0.00";"0.00";"0.00"
"2018";"2";"10";"6";"17";"978";"147.";"4.5";"-0.1";"69.";"5.";"0.00";"0.00";"0.00"
"2018";"2";"10";"6";"18";"979";"142.";"4.2";"-0.1";"70.";"5.";"0.00";"0.00";"0.00"
"2018";"2";"10";"6";"19";"980";"144.";"4.2";"-0.1";"70.";"8.";"0.00";"0.00";"0.00"
"2018";"2";"10";"6";"20";"981";"154.";"4.4";"-0.2";"71.";"8.";"0.00";"0.00";"0.00"
"2018";"2";"10";"6";"21";"982";"155.";"5.0";"-0.2";"72.";"7.";"0.00";"0.00";"0.00"
"2018";"2";"10";"6";"22";"983";"164.";"5.2";"-0.2";"71.";"8.";"0.00";"0.00";"0.00"
"2018";"2";"10";"6";"23";"984";"151.";"5.5";"-0.4";"74.";"8.";"0.00";"0.00";"0.00"
"2018";"2";"11";"7";"0";"985";"150.";"5.2";"-0.4";"75.";"8.";"0.00";"0.00";"0.00"
"2018";"2";"11";"7";"1";"986";"144.";"5.1";"-0.5";"76.";"8.";"0.00";"0.00";"0.00"
"2018";"2";"11";"7";"2";"987";"139.";"5.1";"-0.7";"75.";"8.";"0.00";"0.00";"0.00"
"2018";"2";"11";"7";"3";"988";"136.";"5.7";"-0.8";"76.";"8.";"0.00";"0.00";"0.00"
"2018";"2";"11";"7";"4";"989";"129.";"5.8";"-1.1";"77.";"8.";"0.00";"0.00";"0.00"
"2018";"2";"11";"7";"5";"990";"129.";"6.2";"-1.2";"77.";"8.";"0.00";"0.00";"0.00"
"2018";"2";"11";"7";"6";"991";"130.";"6.0";"-1.7";"78.";"8.";"0.00";"0.00";"0.00"
"2018";"2";"11";"7";"7";"992";"126.";"6.3";"-1.9";"79.";"8.";"0.00";"0.00";"0.00"
"2018";"2";"11";"7";"8";"993";"123.";"6.7";"-1.4";"79.";"7.";"28.94";"26.31";"26.44"
"2018";"2";"11";"7";"9";"994";"124.";"6.7";"-0.6";"75.";"8.";"63.06";"0.00";"63.06"
"2018";"2";"11";"7";"10";"995";"125.";"7.0";"-0.4";"73.";"7.";"120.97";"57.72";"106.09"
"2018";"2";"11";"7";"11";"996";"127.";"7.4";"0.0";"73.";"7.";"140.50";"58.50";"123.39"
"2018";"2";"11";"7";"12";"997";"123.";"7.4";"0.4";"73.";"8.";"109.36";"0.00";"109.36"
"2018";"2";"11";"7";"13";"998";"120.";"7.3";"0.5";"76.";"8.";"92.20";"0.00";"92.20"
"2018";"2";"11";"7";"14";"999";"122.";"7.3";"0.8";"77.";"8.";"61.24";"0.00";"61.24"
"2018";"2";"11";"7";"15";"1000";"122.";"7.4";"0.1";"87.";"8.";"10.66";"0.00";"10.66"
"2018";"2";"11";"7";"16";"1001";"128.";"7.2";"0.1";"93.";"8.";"0.00";"0.00";"0.00"
"2018";"2";"11";"7";"17";"1002";"128.";"7.5";"0.3";"94.";"8.";"0.00";"0.00";"0.00"
"2018";"2";"11";"7";"18";"1003";"127.";"7.6";"0.4";"94.";"8.";"0.00";"0.00";"0.00"
"2018";"2";"11";"7";"19";"1004";"128.";"8.0";"0.7";"93.";"8.";"0.00";"0.00";"0.00"
"2018";"2";"11";"7";"20";"1005";"129.";"7.9";"1.0";"93.";"8.";"0.00";"0.00";"0.00"
"2018";"2";"11";"7";"21";"1006";"143.";"8.9";"1.4";"93.";"8.";"0.00";"0.00";"0.00"
"2018";"2";"11";"7";"22";"1007";"147.";"9.5";"1.8";"91.";"8.";"0.00";"0.00";"0.00"
"2018";"2";"11";"7";"23";"1008";"154.";"10.4";"2.0";"89.";"8.";"0.00";"0.00";"0.00"
"2018";"2";"12";"1";"0";"1009";"157.";"10.3";"2.0";"88.";"8.";"0.00";"0.00";"0.00"
"2018";"2";"12";"1";"1";"1010";"160.";"9.9";"1.5";"91.";"8.";"0.00";"0.00";"0.00"
"2018";"2";"12";"1";"2";"1011";"159.";"9.3";"1.5";"92.";"8.";"0.00";"0.00";"0.00"
"2018";"2";"12";"1";"3";"1012";"159.";"9.2";"1.4";"93.";"8.";"0.00";"0.00";"0.00"
"2018";"2";"12";"1";"4";"1013";"165.";"9.0";"1.8";"92.";"8.";"0.00";"0.00";"0.00"
"2018";"2";"12";"1";"5";"1014";"173.";"9.7";"1.6";"91.";"8.";"0.00";"0.00";"0.00"
"2018";"2";"12";"1";"6";"1015";"182.";"9.8";"1.1";"93.";"8.";"0.00";"0.00";"0.00"
"2018";"2";"12";"1";"7";"1016";"189.";"9.6";"1.1";"94.";"8.";"0.00";"0.00";"0.00"
"2018";"2";"12";"1";"8";"1017";"193.";"9.9";"1.3";"94.";"8.";"13.05";"0.00";"13.05"
"2018";"2";"12";"1";"9";"1018";"195.";"9.5";"0.8";"93.";"8.";"34.10";"0.00";"34.10"
"2018";"2";"12";"1";"10";"1019";"195.";"8.7";"0.5";"95.";"8.";"46.56";"0.00";"46.56"
"2018";"2";"12";"1";"11";"1020";"216.";"5.6";"1.2";"95.";"8.";"60.49";"0.00";"60.49"
"2018";"2";"12";"1";"12";"1021";"261.";"6.7";"1.7";"94.";"8.";"63.37";"0.00";"63.37"
"2018";"2";"12";"1";"13";"1022";"267.";"8.6";"1.4";"95.";"8.";"53.54";"0.00";"53.54"
"2018";"2";"12";"1";"14";"1023";"275.";"8.6";"1.0";"94.";"8.";"35.03";"0.00";"35.03"
"2018";"2";"12";"1";"15";"1024";"281.";"7.5";"1.1";"90.";"7.";"30.94";"38.50";"27.10"
"2018";"2";"12";"1";"16";"1025";"275.";"5.9";"1.3";"86.";"8.";"0.00";"0.00";"0.00"
"2018";"2";"12";"1";"17";"1026";"270.";"5.8";"1.6";"85.";"6.";"0.00";"0.00";"0.00"
"2018";"2";"12";"1";"18";"1027";"265.";"6.0";"1.9";"84.";"7.";"0.00";"0.00";"0.00"
"2018";"2";"12";"1";"19";"1028";"265.";"5.3";"2.1";"83.";"8.";"0.00";"0.00";"0.00"
"2018";"2";"12";"1";"20";"1029";"270.";"4.9";"2.2";"82.";"4.";"0.00";"0.00";"0.00"
"2018";"2";"12";"1";"21";"1030";"271.";"4.3";"1.9";"81.";"5.";"0.00";"0.00";"0.00"
"2018";"2";"12";"1";"22";"1031";"263.";"4.2";"2.0";"82.";"5.";"0.00";"0.00";"0.00"
"2018";"2";"12";"1";"23";"1032";"260.";"4.7";"2.2";"82.";"5.";"0.00";"0.00";"0.00"
"2018";"2";"13";"2";"0";"1033";"260.";"4.7";"2.0";"84.";"7.";"0.00";"0.00";"0.00"
"2018";"2";"13";"2";"1";"1034";"263.";"4.9";"2.1";"85.";"6.";"0.00";"0.00";"0.00"
"2018";"2";"13";"2";"2";"1035";"257.";"4.7";"2.1";"86.";"8.";"0.00";"0.00";"0.00"
"2018";"2";"13";"2";"3";"1036";"258.";"4.5";"2.0";"86.";"8.";"0.00";"0.00";"0.00"
"2018";"2";"13";"2";"4";"1037";"253.";"4.6";"1.9";"87.";"6.";"0.00";"0.00";"0.00"
"2018";"2";"13";"2";"5";"1038";"247.";"3.8";"1.5";"88.";"4.";"0.00";"0.00";"0.00"
"2018";"2";"13";"2";"6";"1039";"241.";"3.5";"1.3";"89.";"4.";"0.00";"0.00";"0.00"
"2018";"2";"13";"2";"7";"1040";"238.";"3.9";"1.1";"90.";"1.";"0.00";"0.00";"0.00"
"2018";"2";"13";"2";"8";"1041";"238.";"3.3";"1.5";"89.";"3.";"55.26";"212.12";"33.04"
"2018";"2";"13";"2";"9";"1042";"230.";"3.7";"1.9";"88.";"5.";"123.85";"223.33";"79.10"
"2018";"2";"13";"2";"10";"1043";"229.";"3.1";"2.1";"87.";"8.";"105.22";"0.00";"105.22"
"2018";"2";"13";"2";"11";"1044";"226.";"3.4";"2.0";"88.";"8.";"122.49";"0.00";"122.49"
"2018";"2";"13";"2";"12";"1045";"213.";"3.6";"1.4";"90.";"8.";"120.70";"0.00";"120.70"
"2018";"2";"13";"2";"13";"1046";"211.";"3.8";"1.7";"88.";"8.";"105.43";"0.00";"105.43"
"2018";"2";"13";"2";"14";"1047";"205.";"3.2";"2.0";"87.";"8.";"70.97";"0.00";"70.97"
"2018";"2";"13";"2";"15";"1048";"195.";"2.7";"1.9";"87.";"8.";"26.11";"0.00";"26.11"
"2018";"2";"13";"2";"16";"1049";"186.";"2.8";"1.8";"89.";"8.";"0.00";"0.00";"0.00"
"2018";"2";"13";"2";"17";"1050";"182.";"2.5";"1.8";"90.";"8.";"0.00";"0.00";"0.00"
"2018";"2";"13";"2";"18";"1051";"184.";"2.7";"1.9";"90.";"8.";"0.00";"0.00";"0.00"
"2018";"2";"13";"2";"19";"1052";"196.";"3.1";"1.9";"90.";"8.";"0.00";"0.00";"0.00"
"2018";"2";"13";"2";"20";"1053";"185.";"3.0";"1.7";"89.";"8.";"0.00";"0.00";"0.00"
"2018";"2";"13";"2";"21";"1054";"186.";"3.7";"1.2";"87.";"8.";"0.00";"0.00";"0.00"
"2018";"2";"13";"2";"22";"1055";"192.";"3.4";"1.2";"85.";"8.";"0.00";"0.00";"0.00"
"2018";"2";"13";"2";"23";"1056";"184.";"3.1";"1.3";"83.";"8.";"0.00";"0.00";"0.00"
"2018";"2";"14";"3";"0";"1057";"173.";"3.4";"1.3";"85.";"8.";"0.00";"0.00";"0.00"
"2018";"2";"14";"3";"1";"1058";"175.";"3.5";"1.1";"84.";"8.";"0.00";"0.00";"0.00"
"2018";"2";"14";"3";"2";"1059";"166.";"3.5";"0.9";"84.";"8.";"0.00";"0.00";"0.00"
"2018";"2";"14";"3";"3";"1060";"148.";"3.3";"0.8";"85.";"8.";"0.00";"0.00";"0.00"
"2018";"2";"14";"3";"4";"1061";"147.";"3.3";"0.7";"87.";"8.";"0.00";"0.00";"0.00"
"2018";"2";"14";"3";"5";"1062";"144.";"3.2";"0.9";"87.";"6.";"0.00";"0.00";"0.00"
"2018";"2";"14";"3";"6";"1063";"142.";"3.4";"0.8";"87.";"5.";"0.00";"0.00";"0.00"
"2018";"2";"14";"3";"7";"1064";"146.";"3.6";"0.8";"87.";"5.";"0.00";"0.00";"0.00"
"2018";"2";"14";"3";"8";"1065";"145.";"4.0";"1.1";"86.";"7.";"34.33";"29.76";"31.06"
"2018";"2";"14";"3";"9";"1066";"154.";"4.6";"1.2";"84.";"8.";"67.63";"0.00";"67.63"
"2018";"2";"14";"3";"10";"1067";"154.";"4.9";"1.6";"82.";"7.";"124.96";"51.42";"110.91"
"2018";"2";"14";"3";"11";"1068";"156.";"4.6";"2.6";"78.";"3.";"241.49";"295.45";"150.41"
"2018";"2";"14";"3";"12";"1069";"159.";"4.4";"3.4";"74.";"1.";"285.32";"502.10";"130.52"
"2018";"2";"14";"3";"13";"1070";"161.";"4.5";"3.4";"73.";"5.";"179.76";"208.78";"122.72"
"2018";"2";"14";"3";"14";"1071";"163.";"4.7";"3.2";"75.";"1.";"166.16";"389.25";"86.15"
"2018";"2";"14";"3";"15";"1072";"160.";"4.7";"2.9";"76.";"1.";"67.13";"271.20";"37.35"
"2018";"2";"14";"3";"16";"1073";"151.";"4.0";"1.7";"81.";"3.";"0.00";"0.00";"0.00"
"2018";"2";"14";"3";"17";"1074";"145.";"4.0";"0.8";"85.";"4.";"0.00";"0.00";"0.00"
"2018";"2";"14";"3";"18";"1075";"143.";"4.4";"0.3";"87.";"7.";"0.00";"0.00";"0.00"
"2018";"2";"14";"3";"19";"1076";"142.";"4.8";"0.4";"86.";"8.";"0.00";"0.00";"0.00"
"2018";"2";"14";"3";"20";"1077";"145.";"4.9";"0.3";"86.";"7.";"0.00";"0.00";"0.00"
"2018";"2";"14";"3";"21";"1078";"148.";"5.5";"0.1";"87.";"5.";"0.00";"0.00";"0.00"
"2018";"2";"14";"3";"22";"1079";"145.";"5.6";"-0.2";"85.";"8.";"0.00";"0.00";"0.00"
"2018";"2";"14";"3";"23";"1080";"147.";"5.8";"-0.5";"85.";"7.";"0.00";"0.00";"0.00"
"2018";"2";"15";"4";"0";"1081";"143.";"6.2";"-0.7";"85.";"8.";"0.00";"0.00";"0.00"
"2018";"2";"15";"4";"1";"1082";"143.";"6.2";"-0.9";"84.";"8.";"0.00";"0.00";"0.00"
"2018";"2";"15";"4";"2";"1083";"144.";"6.7";"-0.7";"82.";"7.";"0.00";"0.00";"0.00"
"2018";"2";"15";"4";"3";"1084";"148.";"6.8";"-0.5";"80.";"8.";"0.00";"0.00";"0.00"
"2018";"2";"15";"4";"4";"1085";"145.";"6.7";"-0.5";"79.";"8.";"0.00";"0.00";"0.00"
"2018";"2";"15";"4";"5";"1086";"143.";"6.8";"-0.6";"78.";"8.";"0.00";"0.00";"0.00"
"2018";"2";"15";"4";"6";"1087";"144.";"6.8";"-0.8";"78.";"5.";"0.00";"0.00";"0.00"
"2018";"2";"15";"4";"7";"1088";"145.";"7.0";"-1.0";"78.";"5.";"0.00";"0.00";"0.00"
"2018";"2";"15";"4";"8";"1089";"144.";"7.3";"-0.7";"76.";"5.";"58.90";"162.38";"40.24"
"2018";"2";"15";"4";"9";"1090";"143.";"7.4";"-0.3";"73.";"6.";"156.53";"152.56";"124.37"
"2018";"2";"15";"4";"10";"1091";"143.";"7.6";"0.4";"68.";"8.";"211.37";"0.00";"211.37"
"2018";"2";"15";"4";"11";"1092";"144.";"8.1";"1.4";"61.";"8.";"232.40";"0.00";"232.40"
"2018";"2";"15";"4";"12";"1093";"146.";"8.4";"1.9";"57.";"6.";"261.09";"186.05";"202.74"
"2018";"2";"15";"4";"13";"1094";"145.";"8.5";"2.1";"56.";"6.";"226.19";"179.31";"176.24"
"2018";"2";"15";"4";"14";"1095";"143.";"8.6";"2.3";"56.";"7.";"150.74";"80.90";"133.69"
"2018";"2";"15";"4";"15";"1096";"141.";"8.2";"1.8";"59.";"6.";"68.57";"109.40";"56.00"
"2018";"2";"15";"4";"16";"1097";"140.";"8.4";"1.6";"60.";"8.";"0.00";"0.00";"0.00"
"2018";"2";"15";"4";"17";"1098";"143.";"8.4";"1.4";"60.";"8.";"0.00";"0.00";"0.00"
"2018";"2";"15";"4";"18";"1099";"148.";"8.5";"1.2";"61.";"8.";"0.00";"0.00";"0.00"
"2018";"2";"15";"4";"19";"1100";"149.";"8.6";"1.1";"63.";"8.";"0.00";"0.00";"0.00"
"2018";"2";"15";"4";"20";"1101";"156.";"8.4";"0.9";"68.";"8.";"0.00";"0.00";"0.00"
"2018";"2";"15";"4";"21";"1102";"151.";"7.5";"0.0";"81.";"8.";"0.00";"0.00";"0.00"
"2018";"2";"15";"4";"22";"1103";"153.";"6.7";"-0.4";"92.";"8.";"0.00";"0.00";"0.00"
"2018";"2";"15";"4";"23";"1104";"150.";"6.5";"-0.5";"93.";"8.";"0.00";"0.00";"0.00"
"2018";"2";"16";"5";"0";"1105";"153.";"5.9";"-0.3";"93.";"8.";"0.00";"0.00";"0.00"
"2018";"2";"16";"5";"1";"1106";"155.";"5.2";"-0.1";"93.";"8.";"0.00";"0.00";"0.00"
"2018";"2";"16";"5";"2";"1107";"157.";"4.7";"0.1";"94.";"8.";"0.00";"0.00";"0.00"
"2018";"2";"16";"5";"3";"1108";"155.";"4.2";"0.3";"96.";"8.";"0.00";"0.00";"0.00"
"2018";"2";"16";"5";"4";"1109";"187.";"3.0";"0.4";"96.";"8.";"0.00";"0.00";"0.00"
"2018";"2";"16";"5";"5";"1110";"207.";"2.9";"0.4";"96.";"8.";"0.00";"0.00";"0.00"
"2018";"2";"16";"5";"6";"1111";"206.";"2.3";"0.5";"96.";"8.";"0.00";"0.00";"0.00"
"2018";"2";"16";"5";"7";"1112";"242.";"2.3";"1.0";"96.";"8.";"0.00";"0.00";"0.00"
"2018";"2";"16";"5";"8";"1113";"240.";"1.8";"1.3";"95.";"7.";"38.61";"32.18";"34.74"
"2018";"2";"16";"5";"9";"1114";"234.";"2.4";"2.0";"95.";"8.";"72.60";"0.00";"72.60"
"2018";"2";"16";"5";"10";"1115";"240.";"2.2";"2.2";"94.";"7.";"132.71";"59.00";"115.95"
"2018";"2";"16";"5";"11";"1116";"238.";"2.0";"2.1";"94.";"8.";"117.08";"0.00";"117.08"
"2018";"2";"16";"5";"12";"1117";"244.";"2.0";"2.3";"93.";"8.";"117.75";"0.00";"117.75"
"2018";"2";"16";"5";"13";"1118";"256.";"2.3";"2.4";"94.";"8.";"101.67";"0.00";"101.67"
"2018";"2";"16";"5";"14";"1119";"273.";"2.8";"2.3";"91.";"7.";"97.89";"67.83";"83.23"
"2018";"2";"16";"5";"15";"1120";"303.";"4.1";"1.3";"87.";"7.";"43.85";"54.75";"37.28"
"2018";"2";"16";"5";"16";"1121";"319.";"4.1";"0.8";"87.";"8.";"0.00";"0.00";"0.00"
"2018";"2";"16";"5";"17";"1122";"322.";"4.3";"0.9";"86.";"8.";"0.00";"0.00";"0.00"
"2018";"2";"16";"5";"18";"1123";"317.";"3.5";"1.1";"85.";"8.";"0.00";"0.00";"0.00"
"2018";"2";"16";"5";"19";"1124";"313.";"3.1";"1.1";"84.";"8.";"0.00";"0.00";"0.00"
"2018";"2";"16";"5";"20";"1125";"318.";"2.7";"1.0";"85.";"8.";"0.00";"0.00";"0.00"
"2018";"2";"16";"5";"21";"1126";"318.";"2.6";"0.7";"84.";"8.";"0.00";"0.00";"0.00"
"2018";"2";"16";"5";"22";"1127";"322.";"2.0";"0.3";"85.";"6.";"0.00";"0.00";"0.00"
"2018";"2";"16";"5";"23";"1128";"340.";"1.5";"0.1";"86.";"6.";"0.00";"0.00";"0.00"
"2018";"2";"17";"6";"0";"1129";"348.";"1.3";"-0.5";"88.";"3.";"0.00";"0.00";"0.00"
"2018";"2";"17";"6";"1";"1130";"9.";"1.2";"-1.4";"90.";"3.";"0.00";"0.00";"0.00"
"2018";"2";"17";"6";"2";"1131";"13.";"0.7";"-2.4";"91.";"2.";"0.00";"0.00";"0.00"
"2018";"2";"17";"6";"3";"1132";"343.";"0.5";"-2.8";"93.";"1.";"0.00";"0.00";"0.00"
"2018";"2";"17";"6";"4";"1133";"305.";"0.4";"-3.1";"94.";"1.";"0.00";"0.00";"0.00"
"2018";"2";"17";"6";"5";"1134";"50.";"0.1";"-3.7";"95.";"3.";"0.00";"0.00";"0.00"
"2018";"2";"17";"6";"6";"1135";"102.";"0.4";"-4.3";"95.";"5.";"0.00";"0.00";"0.00"
"2018";"2";"17";"6";"7";"1136";"100.";"0.8";"-4.4";"95.";"6.";"0.00";"0.00";"0.00"
"2018";"2";"17";"6";"8";"1137";"101.";"1.1";"-3.0";"95.";"5.";"59.10";"96.23";"47.05"
"2018";"2";"17";"6";"9";"1138";"84.";"0.9";"-1.6";"93.";"7.";"99.49";"57.05";"86.86"
"2018";"2";"17";"6";"10";"1139";"92.";"0.4";"-0.2";"89.";"8.";"112.14";"0.00";"112.14"
"2018";"2";"17";"6";"11";"1140";"57.";"0.2";"0.6";"85.";"7.";"169.06";"85.11";"141.44"
"2018";"2";"17";"6";"12";"1141";"49.";"0.1";"1.0";"81.";"7.";"170.71";"88.88";"141.86"
"2018";"2";"17";"6";"13";"1142";"165.";"0.1";"1.4";"81.";"8.";"114.20";"0.00";"114.20"
"2018";"2";"17";"6";"14";"1143";"166.";"0.4";"1.5";"81.";"8.";"80.81";"0.00";"80.81"
"2018";"2";"17";"6";"15";"1144";"146.";"1.0";"1.5";"83.";"7.";"45.47";"47.23";"39.56"
"2018";"2";"17";"6";"16";"1145";"147.";"1.0";"1.1";"85.";"8.";"0.00";"0.00";"0.00"
"2018";"2";"17";"6";"17";"1146";"127.";"1.1";"0.8";"88.";"7.";"0.00";"0.00";"0.00"
"2018";"2";"17";"6";"18";"1147";"118.";"1.4";"0.7";"88.";"8.";"0.00";"0.00";"0.00"
"2018";"2";"17";"6";"19";"1148";"137.";"1.7";"0.5";"89.";"8.";"0.00";"0.00";"0.00"
"2018";"2";"17";"6";"20";"1149";"144.";"1.9";"0.5";"89.";"8.";"0.00";"0.00";"0.00"
"2018";"2";"17";"6";"21";"1150";"147.";"1.9";"0.5";"89.";"8.";"0.00";"0.00";"0.00"
"2018";"2";"17";"6";"22";"1151";"137.";"2.5";"0.4";"89.";"8.";"0.00";"0.00";"0.00"
"2018";"2";"17";"6";"23";"1152";"146.";"2.4";"0.4";"90.";"8.";"0.00";"0.00";"0.00"
"2018";"2";"18";"7";"0";"1153";"138.";"2.4";"0.5";"91.";"8.";"0.00";"0.00";"0.00"
"2018";"2";"18";"7";"1";"1154";"136.";"2.8";"0.5";"92.";"8.";"0.00";"0.00";"0.00"
"2018";"2";"18";"7";"2";"1155";"143.";"2.8";"0.5";"92.";"8.";"0.00";"0.00";"0.00"
"2018";"2";"18";"7";"3";"1156";"143.";"2.5";"0.7";"92.";"8.";"0.00";"0.00";"0.00"
"2018";"2";"18";"7";"4";"1157";"157.";"2.1";"0.7";"92.";"8.";"0.00";"0.00";"0.00"
"2018";"2";"18";"7";"5";"1158";"178.";"2.0";"0.8";"91.";"8.";"0.00";"0.00";"0.00"
"2018";"2";"18";"7";"6";"1159";"206.";"2.7";"0.3";"91.";"7.";"0.00";"0.00";"0.00"
"2018";"2";"18";"7";"7";"1160";"193.";"2.6";"0.3";"91.";"7.";"0.00";"0.00";"0.00"
"2018";"2";"18";"7";"8";"1161";"208.";"2.9";"1.2";"89.";"8.";"37.52";"0.00";"37.52"
"2018";"2";"18";"7";"9";"1162";"222.";"4.0";"2.3";"84.";"8.";"84.37";"0.00";"84.37"
"2018";"2";"18";"7";"10";"1163";"218.";"3.6";"2.5";"80.";"7.";"149.53";"82.09";"125.33"
"2018";"2";"18";"7";"11";"1164";"212.";"4.1";"2.4";"82.";"8.";"130.90";"0.00";"130.90"
"2018";"2";"18";"7";"12";"1165";"202.";"4.6";"2.4";"85.";"8.";"126.03";"0.00";"126.03"
"2018";"2";"18";"7";"13";"1166";"200.";"5.3";"2.3";"83.";"7.";"144.38";"69.61";"123.85"
"2018";"2";"18";"7";"14";"1167";"204.";"5.4";"1.9";"87.";"8.";"76.52";"0.00";"76.52"
"2018";"2";"18";"7";"15";"1168";"205.";"4.9";"1.2";"90.";"8.";"19.39";"0.00";"19.39"
"2018";"2";"18";"7";"16";"1169";"202.";"4.8";"1.0";"91.";"8.";"0.00";"0.00";"0.00"
"2018";"2";"18";"7";"17";"1170";"206.";"4.6";"0.8";"93.";"8.";"0.00";"0.00";"0.00"
"2018";"2";"18";"7";"18";"1171";"209.";"4.3";"0.7";"94.";"8.";"0.00";"0.00";"0.00"
"2018";"2";"18";"7";"19";"1172";"218.";"4.4";"1.1";"93.";"8.";"0.00";"0.00";"0.00"
"2018";"2";"18";"7";"20";"1173";"214.";"4.0";"1.3";"93.";"8.";"0.00";"0.00";"0.00"
"2018";"2";"18";"7";"21";"1174";"217.";"3.9";"1.5";"93.";"8.";"0.00";"0.00";"0.00"
"2018";"2";"18";"7";"22";"1175";"215.";"3.6";"1.5";"93.";"8.";"0.00";"0.00";"0.00"
"2018";"2";"18";"7";"23";"1176";"217.";"3.5";"1.5";"93.";"8.";"0.00";"0.00";"0.00"
"2018";"2";"19";"1";"0";"1177";"213.";"3.3";"1.4";"94.";"8.";"0.00";"0.00";"0.00"
"2018";"2";"19";"1";"1";"1178";"209.";"2.7";"1.3";"94.";"8.";"0.00";"0.00";"0.00"
"2018";"2";"19";"1";"2";"1179";"208.";"2.4";"1.0";"95.";"8.";"0.00";"0.00";"0.00"
"2018";"2";"19";"1";"3";"1180";"192.";"2.6";"1.1";"95.";"8.";"0.00";"0.00";"0.00"
"2018";"2";"19";"1";"4";"1181";"201.";"2.4";"0.7";"95.";"8.";"0.00";"0.00";"0.00"
"2018";"2";"19";"1";"5";"1182";"203.";"1.9";"0.4";"95.";"8.";"0.00";"0.00";"0.00"
"2018";"2";"19";"1";"6";"1183";"192.";"1.8";"0.3";"95.";"8.";"0.00";"0.00";"0.00"
"2018";"2";"19";"1";"7";"1184";"184.";"1.8";"0.3";"95.";"8.";"0.00";"0.00";"0.00"
"2018";"2";"19";"1";"8";"1185";"171.";"1.9";"0.4";"95.";"8.";"17.85";"0.00";"17.85"
"2018";"2";"19";"1";"9";"1186";"153.";"1.4";"0.4";"95.";"8.";"39.97";"0.00";"39.97"
"2018";"2";"19";"1";"10";"1187";"126.";"1.6";"0.5";"95.";"8.";"52.95";"0.00";"52.95"
"2018";"2";"19";"1";"11";"1188";"103.";"1.6";"0.6";"95.";"8.";"67.32";"0.00";"67.32"
"2018";"2";"19";"1";"12";"1189";"92.";"1.6";"1.1";"94.";"8.";"123.06";"0.00";"123.06"
"2018";"2";"19";"1";"13";"1190";"88.";"2.2";"1.2";"93.";"8.";"109.76";"0.00";"109.76"
"2018";"2";"19";"1";"14";"1191";"90.";"2.7";"1.1";"92.";"8.";"78.34";"0.00";"78.34"
"2018";"2";"19";"1";"15";"1192";"83.";"3.4";"1.1";"94.";"8.";"37.19";"0.00";"37.19"
"2018";"2";"19";"1";"16";"1193";"91.";"3.1";"1.0";"93.";"8.";"0.00";"0.00";"0.00"
"2018";"2";"19";"1";"17";"1194";"88.";"3.3";"1.0";"93.";"8.";"0.00";"0.00";"0.00"
"2018";"2";"19";"1";"18";"1195";"83.";"3.2";"0.9";"93.";"8.";"0.00";"0.00";"0.00"
"2018";"2";"19";"1";"19";"1196";"79.";"3.6";"1.0";"92.";"8.";"0.00";"0.00";"0.00"
"2018";"2";"19";"1";"20";"1197";"73.";"3.5";"0.9";"91.";"8.";"0.00";"0.00";"0.00"
"2018";"2";"19";"1";"21";"1198";"77.";"3.4";"0.9";"91.";"8.";"0.00";"0.00";"0.00"
"2018";"2";"19";"1";"22";"1199";"80.";"3.3";"0.9";"91.";"8.";"0.00";"0.00";"0.00"
"2018";"2";"19";"1";"23";"1200";"79.";"3.2";"0.8";"91.";"8.";"0.00";"0.00";"0.00"
"2018";"2";"20";"2";"0";"1201";"77.";"3.5";"0.6";"91.";"8.";"0.00";"0.00";"0.00"
"2018";"2";"20";"2";"1";"1202";"75.";"3.4";"0.5";"90.";"8.";"0.00";"0.00";"0.00"
"2018";"2";"20";"2";"2";"1203";"72.";"3.8";"0.1";"89.";"7.";"0.00";"0.00";"0.00"
"2018";"2";"20";"2";"3";"1204";"71.";"3.7";"-0.4";"89.";"8.";"0.00";"0.00";"0.00"
"2018";"2";"20";"2";"4";"1205";"76.";"3.5";"-0.8";"89.";"7.";"0.00";"0.00";"0.00"
"2018";"2";"20";"2";"5";"1206";"80.";"3.0";"-1.0";"89.";"5.";"0.00";"0.00";"0.00"
"2018";"2";"20";"2";"6";"1207";"80.";"2.8";"-1.0";"89.";"4.";"0.00";"0.00";"0.00"
"2018";"2";"20";"2";"7";"1208";"78.";"3.1";"-0.9";"88.";"4.";"0.00";"0.00";"0.00"
"2018";"2";"20";"2";"8";"1209";"79.";"3.0";"-1.0";"88.";"6.";"64.64";"92.85";"51.53"
"2018";"2";"20";"2";"9";"1210";"86.";"3.4";"-0.4";"86.";"6.";"131.18";"124.74";"101.52"
"2018";"2";"20";"2";"10";"1211";"99.";"3.2";"0.2";"84.";"6.";"182.67";"147.70";"137.48"
"2018";"2";"20";"2";"11";"1212";"102.";"3.8";"1.0";"82.";"8.";"141.96";"0.00";"141.96"
"2018";"2";"20";"2";"12";"1213";"102.";"3.3";"1.3";"80.";"8.";"144.79";"0.00";"144.79"
"2018";"2";"20";"2";"13";"1214";"103.";"2.7";"1.5";"79.";"6.";"192.92";"194.79";"133.32"
"2018";"2";"20";"2";"14";"1215";"104.";"2.2";"1.1";"81.";"8.";"91.83";"0.00";"91.83"
"2018";"2";"20";"2";"15";"1216";"101.";"2.0";"0.8";"80.";"8.";"45.08";"0.00";"45.08"
"2018";"2";"20";"2";"16";"1217";"88.";"1.8";"0.5";"80.";"8.";"0.00";"0.00";"0.00"
"2018";"2";"20";"2";"17";"1218";"80.";"1.4";"0.2";"81.";"7.";"0.00";"0.00";"0.00"
"2018";"2";"20";"2";"18";"1219";"76.";"1.7";"-0.2";"85.";"8.";"0.00";"0.00";"0.00"
"2018";"2";"20";"2";"19";"1220";"87.";"0.9";"-0.6";"87.";"8.";"0.00";"0.00";"0.00"
"2018";"2";"20";"2";"20";"1221";"77.";"0.8";"-1.0";"89.";"8.";"0.00";"0.00";"0.00"
"2018";"2";"20";"2";"21";"1222";"47.";"1.4";"-1.1";"92.";"8.";"0.00";"0.00";"0.00"
"2018";"2";"20";"2";"22";"1223";"73.";"1.1";"-1.0";"92.";"8.";"0.00";"0.00";"0.00"
"2018";"2";"20";"2";"23";"1224";"108.";"1.1";"-1.2";"92.";"8.";"0.00";"0.00";"0.00"
"2018";"2";"21";"3";"0";"1225";"126.";"0.9";"-1.4";"93.";"8.";"0.00";"0.00";"0.00"
"2018";"2";"21";"3";"1";"1226";"132.";"0.7";"-1.3";"93.";"8.";"0.00";"0.00";"0.00"
"2018";"2";"21";"3";"2";"1227";"135.";"1.1";"-1.4";"94.";"7.";"0.00";"0.00";"0.00"
"2018";"2";"21";"3";"3";"1228";"126.";"1.3";"-1.4";"95.";"7.";"0.00";"0.00";"0.00"
"2018";"2";"21";"3";"4";"1229";"52.";"1.3";"-1.4";"94.";"8.";"0.00";"0.00";"0.00"
"2018";"2";"21";"3";"5";"1230";"13.";"1.4";"-1.3";"94.";"7.";"0.00";"0.00";"0.00"
"2018";"2";"21";"3";"6";"1231";"27.";"1.8";"-1.3";"93.";"8.";"0.00";"0.00";"0.00"
"2018";"2";"21";"3";"7";"1232";"44.";"1.8";"-1.2";"92.";"8.";"0.00";"0.00";"0.00"
"2018";"2";"21";"3";"8";"1233";"55.";"2.0";"-1.1";"90.";"8.";"24.76";"0.00";"24.76"
"2018";"2";"21";"3";"9";"1234";"59.";"1.9";"-0.7";"88.";"8.";"90.62";"0.00";"90.62"
"2018";"2";"21";"3";"10";"1235";"72.";"2.5";"-0.3";"86.";"8.";"124.78";"0.00";"124.78"
"2018";"2";"21";"3";"11";"1236";"80.";"2.2";"-0.1";"86.";"8.";"74.75";"0.00";"74.75"
"2018";"2";"21";"3";"12";"1237";"81.";"2.2";"0.1";"86.";"8.";"78.59";"0.00";"78.59"
"2018";"2";"21";"3";"13";"1238";"86.";"1.9";"0.2";"86.";"8.";"68.45";"0.00";"68.45"
"2018";"2";"21";"3";"14";"1239";"87.";"2.2";"0.1";"86.";"8.";"48.84";"0.00";"48.84"
"2018";"2";"21";"3";"15";"1240";"103.";"2.9";"0.1";"86.";"8.";"44.43";"0.00";"44.43"
"2018";"2";"21";"3";"16";"1241";"99.";"2.8";"-0";"86.";"8.";"0.00";"0.00";"0.00"
"2018";"2";"21";"3";"17";"1242";"85.";"2.7";"-0.2";"85.";"8.";"0.00";"0.00";"0.00"
"2018";"2";"21";"3";"18";"1243";"81.";"2.7";"-0.6";"84.";"7.";"0.00";"0.00";"0.00"
"2018";"2";"21";"3";"19";"1244";"77.";"2.6";"-0.9";"85.";"8.";"0.00";"0.00";"0.00"
"2018";"2";"21";"3";"20";"1245";"78.";"2.2";"-1.2";"85.";"8.";"0.00";"0.00";"0.00"
"2018";"2";"21";"3";"21";"1246";"83.";"2.4";"-2.1";"84.";"8.";"0.00";"0.00";"0.00"
"2018";"2";"21";"3";"22";"1247";"88.";"2.6";"-3.2";"85.";"7.";"0.00";"0.00";"0.00"
"2018";"2";"21";"3";"23";"1248";"86.";"2.3";"-3.9";"86.";"4.";"0.00";"0.00";"0.00"
"2018";"2";"22";"4";"0";"1249";"83.";"2.5";"-5.0";"88.";"2.";"0.00";"0.00";"0.00"
"2018";"2";"22";"4";"1";"1250";"80.";"2.0";"-5.6";"89.";"4.";"0.00";"0.00";"0.00"
"2018";"2";"22";"4";"2";"1251";"84.";"2.4";"-6.0";"89.";"3.";"0.00";"0.00";"0.00"
"2018";"2";"22";"4";"3";"1252";"81.";"1.9";"-6.6";"91.";"4.";"0.00";"0.00";"0.00"
"2018";"2";"22";"4";"4";"1253";"81.";"1.8";"-7.2";"91.";"4.";"0.00";"0.00";"0.00"
"2018";"2";"22";"4";"5";"1254";"87.";"1.9";"-7.2";"90.";"1.";"0.00";"0.00";"0.00"
"2018";"2";"22";"4";"6";"1255";"89.";"1.6";"-7.5";"89.";"1.";"0.00";"0.00";"0.00"
"2018";"2";"22";"4";"7";"1256";"79.";"1.3";"-7.5";"87.";"1.";"9.38";"97.52";"6.10"
"2018";"2";"22";"4";"8";"1257";"82.";"1.4";"-6.5";"86.";"4.";"101.95";"279.22";"59.48"
"2018";"2";"22";"4";"9";"1258";"86.";"1.5";"-5.0";"82.";"5.";"168.65";"235.37";"110.07"
"2018";"2";"22";"4";"10";"1259";"98.";"1.1";"-3.8";"78.";"7.";"165.15";"80.80";"139.51"
"2018";"2";"22";"4";"11";"1260";"88.";"0.3";"-3.1";"74.";"7.";"190.64";"91.03";"158.53"
"2018";"2";"22";"4";"12";"1261";"68.";"0.4";"-2.4";"72.";"8.";"149.19";"0.00";"149.19"
"2018";"2";"22";"4";"13";"1262";"343.";"0.4";"-1.8";"69.";"6.";"204.07";"195.56";"142.02"
"2018";"2";"22";"4";"14";"1263";"346.";"0.5";"-1.5";"69.";"7.";"124.99";"81.89";"104.61"
"2018";"2";"22";"4";"15";"1264";"343.";"0.8";"-1.5";"71.";"8.";"51.27";"0.00";"51.27"
"2018";"2";"22";"4";"16";"1265";"329.";"1.0";"-1.9";"73.";"5.";"4.39";"28.46";"3.44"
"2018";"2";"22";"4";"17";"1266";"336.";"1.0";"-3.1";"79.";"5.";"0.00";"0.00";"0.00"
"2018";"2";"22";"4";"18";"1267";"0.";"1.0";"-4.5";"84.";"5.";"0.00";"0.00";"0.00"
"2018";"2";"22";"4";"19";"1268";"26.";"1.0";"-5.0";"86.";"5.";"0.00";"0.00";"0.00"
"2018";"2";"22";"4";"20";"1269";"56.";"1.1";"-5.2";"87.";"5.";"0.00";"0.00";"0.00"
"2018";"2";"22";"4";"21";"1270";"49.";"0.6";"-4.8";"87.";"6.";"0.00";"0.00";"0.00"
"2018";"2";"22";"4";"22";"1271";"86.";"0.5";"-4.7";"87.";"6.";"0.00";"0.00";"0.00"
"2018";"2";"22";"4";"23";"1272";"96.";"1.1";"-4.4";"88.";"8.";"0.00";"0.00";"0.00"
"2018";"2";"23";"5";"0";"1273";"111.";"1.1";"-3.8";"89.";"8.";"0.00";"0.00";"0.00"
"2018";"2";"23";"5";"1";"1274";"103.";"1.5";"-3.8";"89.";"8.";"0.00";"0.00";"0.00"
"2018";"2";"23";"5";"2";"1275";"114.";"1.2";"-3.7";"88.";"7.";"0.00";"0.00";"0.00"
"2018";"2";"23";"5";"3";"1276";"103.";"0.9";"-3.3";"88.";"8.";"0.00";"0.00";"0.00"
"2018";"2";"23";"5";"4";"1277";"136.";"1.0";"-2.9";"88.";"8.";"0.00";"0.00";"0.00"
"2018";"2";"23";"5";"5";"1278";"148.";"1.1";"-2.7";"88.";"8.";"0.00";"0.00";"0.00"
"2018";"2";"23";"5";"6";"1279";"192.";"1.0";"-2.5";"87.";"8.";"0.00";"0.00";"0.00"
"2018";"2";"23";"5";"7";"1280";"213.";"0.9";"-2.2";"87.";"8.";"3.07";"0.00";"3.07"
"2018";"2";"23";"5";"8";"1281";"209.";"0.7";"-1.8";"85.";"8.";"52.00";"0.00";"52.00"
"2018";"2";"23";"5";"9";"1282";"292.";"1.1";"-1.1";"85.";"7.";"124.98";"76.27";"105.57"
"2018";"2";"23";"5";"10";"1283";"307.";"1.6";"-0.5";"84.";"7.";"171.94";"94.21";"141.51"
"2018";"2";"23";"5";"11";"1284";"305.";"1.4";"-0.3";"83.";"8.";"152.21";"0.00";"152.21"
"2018";"2";"23";"5";"12";"1285";"295.";"1.9";"0.0";"80.";"8.";"152.64";"0.00";"152.64"
"2018";"2";"23";"5";"13";"1286";"313.";"1.2";"-0.1";"80.";"8.";"134.75";"0.00";"134.75"
"2018";"2";"23";"5";"14";"1287";"344.";"1.0";"-0";"79.";"8.";"100.13";"0.00";"100.13"
"2018";"2";"23";"5";"15";"1288";"331.";"1.0";"-0";"78.";"8.";"52.75";"0.00";"52.75"
"2018";"2";"23";"5";"16";"1289";"339.";"0.9";"-0.1";"78.";"7.";"3.63";"10.26";"3.23"
"2018";"2";"23";"5";"17";"1290";"351.";"1.0";"-0.6";"82.";"7.";"0.00";"0.00";"0.00"
"2018";"2";"23";"5";"18";"1291";"47.";"1.5";"-0.9";"84.";"7.";"0.00";"0.00";"0.00"
"2018";"2";"23";"5";"19";"1292";"52.";"1.8";"-0.5";"84.";"7.";"0.00";"0.00";"0.00"
"2018";"2";"23";"5";"20";"1293";"62.";"2.9";"-0.5";"78.";"8.";"0.00";"0.00";"0.00"
"2018";"2";"23";"5";"21";"1294";"74.";"3.1";"-0.6";"81.";"8.";"0.00";"0.00";"0.00"
"2018";"2";"23";"5";"22";"1295";"78.";"2.8";"-0.9";"79.";"1.";"0.00";"0.00";"0.00"
"2018";"2";"23";"5";"23";"1296";"86.";"3.3";"-1.2";"77.";"7.";"0.00";"0.00";"0.00"
"2018";"2";"24";"6";"0";"1297";"80.";"3.2";"-2.4";"74.";"4.";"0.00";"0.00";"0.00"
"2018";"2";"24";"6";"1";"1298";"79.";"3.0";"-3.5";"76.";"6.";"0.00";"0.00";"0.00"
"2018";"2";"24";"6";"2";"1299";"81.";"3.3";"-4.0";"77.";"8.";"0.00";"0.00";"0.00"
"2018";"2";"24";"6";"3";"1300";"79.";"2.7";"-4.2";"78.";"8.";"0.00";"0.00";"0.00"
"2018";"2";"24";"6";"4";"1301";"80.";"2.7";"-4.2";"77.";"8.";"0.00";"0.00";"0.00"
"2018";"2";"24";"6";"5";"1302";"82.";"3.2";"-4.2";"77.";"8.";"0.00";"0.00";"0.00"
"2018";"2";"24";"6";"6";"1303";"81.";"2.8";"-5.0";"78.";"7.";"0.00";"0.00";"0.00"
"2018";"2";"24";"6";"7";"1304";"82.";"2.6";"-5.2";"77.";"5.";"15.88";"76.19";"12.50"
"2018";"2";"24";"6";"8";"1305";"82.";"3.5";"-4.4";"72.";"7.";"75.64";"78.13";"62.90"
"2018";"2";"24";"6";"9";"1306";"87.";"3.7";"-3.9";"65.";"2.";"238.58";"558.43";"93.29"
"2018";"2";"24";"6";"10";"1307";"81.";"3.0";"-2.9";"58.";"2.";"315.51";"593.65";"120.33"
"2018";"2";"24";"6";"11";"1308";"87.";"2.9";"-2.1";"54.";"4.";"306.59";"415.90";"155.09"
"2018";"2";"24";"6";"12";"1309";"89.";"2.4";"-1.6";"52.";"1.";"379.03";"728.39";"113.69"
"2018";"2";"24";"6";"13";"1310";"85.";"1.9";"-0.9";"50.";"2.";"316.21";"600.36";"118.83"
"2018";"2";"24";"6";"14";"1311";"71.";"1.9";"-0.7";"47.";"0.";"268.21";"764.73";"69.24"
"2018";"2";"24";"6";"15";"1312";"83.";"1.9";"-1.3";"49.";"2.";"139.45";"453.09";"65.52"
"2018";"2";"24";"6";"16";"1313";"71.";"2.0";"-2.2";"51.";"6.";"16.76";"57.25";"14.21"
"2018";"2";"24";"6";"17";"1314";"65.";"1.8";"-3.4";"58.";"5.";"0.00";"0.00";"0.00"
"2018";"2";"24";"6";"18";"1315";"71.";"2.2";"-4.5";"64.";"6.";"0.00";"0.00";"0.00"
"2018";"2";"24";"6";"19";"1316";"75.";"2.3";"-4.6";"69.";"7.";"0.00";"0.00";"0.00"
"2018";"2";"24";"6";"20";"1317";"86.";"2.4";"-5.3";"72.";"8.";"0.00";"0.00";"0.00"
"2018";"2";"24";"6";"21";"1318";"91.";"2.3";"-5.1";"73.";"8.";"0.00";"0.00";"0.00"
"2018";"2";"24";"6";"22";"1319";"97.";"2.2";"-5.1";"72.";"7.";"0.00";"0.00";"0.00"
"2018";"2";"24";"6";"23";"1320";"96.";"2.5";"-5.4";"70.";"7.";"0.00";"0.00";"0.00"
"2018";"2";"25";"7";"0";"1321";"99.";"2.1";"-6.0";"69.";"7.";"0.00";"0.00";"0.00"
"2018";"2";"25";"7";"1";"1322";"101.";"2.2";"-6.3";"70.";"7.";"0.00";"0.00";"0.00"
"2018";"2";"25";"7";"2";"1323";"89.";"2.2";"-6.4";"72.";"8.";"0.00";"0.00";"0.00"
"2018";"2";"25";"7";"3";"1324";"73.";"2.2";"-6.2";"75.";"7.";"0.00";"0.00";"0.00"
"2018";"2";"25";"7";"4";"1325";"65.";"2.3";"-6.4";"79.";"8.";"0.00";"0.00";"0.00"
"2018";"2";"25";"7";"5";"1326";"61.";"2.7";"-6.5";"82.";"8.";"0.00";"0.00";"0.00"
"2018";"2";"25";"7";"6";"1327";"51.";"2.4";"-6.7";"83.";"8.";"0.00";"0.00";"0.00"
"2018";"2";"25";"7";"7";"1328";"50.";"2.7";"-7.0";"83.";"3.";"20.32";"151.58";"12.77"
"2018";"2";"25";"7";"8";"1329";"51.";"3.5";"-6.3";"76.";"0.";"154.39";"614.64";"50.65"
"2018";"2";"25";"7";"9";"1330";"52.";"4.1";"-5.9";"71.";"0.";"274.17";"756.88";"72.92"
"2018";"2";"25";"7";"10";"1331";"53.";"5.3";"-5.2";"64.";"6.";"213.82";"176.92";"154.62"
"2018";"2";"25";"7";"11";"1332";"51.";"4.8";"-4.7";"60.";"2.";"358.84";"579.59";"144.32"
"2018";"2";"25";"7";"12";"1333";"56.";"5.1";"-4.4";"57.";"1.";"382.70";"693.60";"125.99"
"2018";"2";"25";"7";"13";"1334";"60.";"5.3";"-4.4";"55.";"1.";"340.74";"677.43";"114.09"
"2018";"2";"25";"7";"14";"1335";"52.";"4.8";"-4.5";"56.";"0.";"276.34";"773.80";"70.59"
"2018";"2";"25";"7";"15";"1336";"49.";"4.9";"-5.1";"60.";"6.";"94.47";"151.68";"68.87"
"2018";"2";"25";"7";"16";"1337";"52.";"4.9";"-5.8";"61.";"3.";"22.34";"162.62";"14.23"
"2018";"2";"25";"7";"17";"1338";"50.";"4.3";"-6.8";"66.";"6.";"0.00";"0.00";"0.00"
"2018";"2";"25";"7";"18";"1339";"49.";"3.7";"-7.5";"70.";"1.";"0.00";"0.00";"0.00"
"2018";"2";"25";"7";"19";"1340";"53.";"3.8";"-7.9";"72.";"1.";"0.00";"0.00";"0.00"
"2018";"2";"25";"7";"20";"1341";"54.";"3.8";"-7.9";"73.";"0.";"0.00";"0.00";"0.00"
"2018";"2";"25";"7";"21";"1342";"48.";"3.3";"-8.2";"75.";"4.";"0.00";"0.00";"0.00"
"2018";"2";"25";"7";"22";"1343";"37.";"3.1";"-8.7";"77.";"0.";"0.00";"0.00";"0.00"
"2018";"2";"25";"7";"23";"1344";"40.";"3.5";"-8.8";"80.";"0.";"0.00";"0.00";"0.00"
"2018";"2";"26";"1";"0";"1345";"42.";"3.7";"-9.0";"83.";"0.";"0.00";"0.00";"0.00"
"2018";"2";"26";"1";"1";"1346";"42.";"3.4";"-9.0";"85.";"0.";"0.00";"0.00";"0.00"
"2018";"2";"26";"1";"2";"1347";"37.";"3.4";"-9.3";"85.";"1.";"0.00";"0.00";"0.00"
"2018";"2";"26";"1";"3";"1348";"42.";"3.7";"-9.0";"84.";"1.";"0.00";"0.00";"0.00"
"2018";"2";"26";"1";"4";"1349";"41.";"3.8";"-8.5";"82.";"1.";"0.00";"0.00";"0.00"
"2018";"2";"26";"1";"5";"1350";"39.";"3.9";"-8.5";"81.";"1.";"0.00";"0.00";"0.00"
"2018";"2";"26";"1";"6";"1351";"26.";"3.7";"-9.1";"83.";"0.";"0.00";"0.00";"0.00"
"2018";"2";"26";"1";"7";"1352";"28.";"3.8";"-9.1";"83.";"0.";"31.33";"290.54";"15.25"
"2018";"2";"26";"1";"8";"1353";"32.";"4.3";"-7.8";"79.";"2.";"142.99";"455.62";"63.52"
"2018";"2";"26";"1";"9";"1354";"37.";"4.7";"-6.2";"73.";"5.";"191.11";"257.31";"121.21"
"2018";"2";"26";"1";"10";"1355";"34.";"4.6";"-4.9";"63.";"7.";"181.44";"84.55";"152.66"
"2018";"2";"26";"1";"11";"1356";"26.";"4.1";"-4.1";"57.";"5.";"277.59";"265.87";"177.63"
"2018";"2";"26";"1";"12";"1357";"15.";"3.8";"-3.3";"53.";"2.";"352.44";"487.76";"169.05"
"2018";"2";"26";"1";"13";"1358";"21.";"4.0";"-2.9";"52.";"4.";"271.78";"330.83";"159.16"
"2018";"2";"26";"1";"14";"1359";"23.";"4.4";"-3.0";"54.";"2.";"247.50";"516.27";"107.25"
"2018";"2";"26";"1";"15";"1360";"30.";"4.9";"-3.7";"61.";"3.";"132.84";"377.15";"67.05"
"2018";"2";"26";"1";"16";"1361";"30.";"4.5";"-4.9";"69.";"4.";"22.17";"118.40";"15.62"
"2018";"2";"26";"1";"17";"1362";"36.";"4.7";"-5.5";"73.";"6.";"0.00";"0.00";"0.00"
"2018";"2";"26";"1";"18";"1363";"34.";"4.3";"-5.7";"76.";"3.";"0.00";"0.00";"0.00"
"2018";"2";"26";"1";"19";"1364";"30.";"3.8";"-6.1";"77.";"0.";"0.00";"0.00";"0.00"
"2018";"2";"26";"1";"20";"1365";"40.";"4.3";"-5.9";"74.";"4.";"0.00";"0.00";"0.00"
"2018";"2";"26";"1";"21";"1366";"37.";"4.7";"-5.4";"71.";"8.";"0.00";"0.00";"0.00"
"2018";"2";"26";"1";"22";"1367";"44.";"5.0";"-5.2";"70.";"7.";"0.00";"0.00";"0.00"
"2018";"2";"26";"1";"23";"1368";"38.";"5.0";"-5.7";"75.";"6.";"0.00";"0.00";"0.00"
"2018";"2";"27";"2";"0";"1369";"41.";"4.9";"-6.4";"76.";"4.";"0.00";"0.00";"0.00"
"2018";"2";"27";"2";"1";"1370";"44.";"4.7";"-6.9";"74.";"7.";"0.00";"0.00";"0.00"
"2018";"2";"27";"2";"2";"1371";"46.";"4.8";"-7.2";"74.";"8.";"0.00";"0.00";"0.00"
"2018";"2";"27";"2";"3";"1372";"41.";"4.9";"-7.1";"72.";"7.";"0.00";"0.00";"0.00"
"2018";"2";"27";"2";"4";"1373";"41.";"5.2";"-6.8";"69.";"7.";"0.00";"0.00";"0.00"
"2018";"2";"27";"2";"5";"1374";"46.";"5.3";"-7.1";"68.";"2.";"0.00";"0.00";"0.00"
"2018";"2";"27";"2";"6";"1375";"49.";"5.3";"-7.7";"71.";"0.";"0.00";"0.00";"0.00"
"2018";"2";"27";"2";"7";"1376";"44.";"5.4";"-8.0";"71.";"7.";"18.92";"38.49";"16.57"
"2018";"2";"27";"2";"8";"1377";"55.";"6.2";"-7.6";"67.";"6.";"100.06";"140.68";"74.72"
"2018";"2";"27";"2";"9";"1378";"59.";"8.7";"-7.1";"56.";"8.";"106.66";"0.00";"106.66"
"2018";"2";"27";"2";"10";"1379";"56.";"8.1";"-7.2";"55.";"4.";"274.48";"310.33";"167.02"
"2018";"2";"27";"2";"11";"1380";"57.";"8.3";"-7.4";"52.";"4.";"309.83";"329.89";"183.84"
"2018";"2";"27";"2";"12";"1381";"61.";"8.0";"-7.2";"51.";"5.";"286.41";"278.72";"179.97"
"2018";"2";"27";"2";"13";"1382";"66.";"8.4";"-7.7";"54.";"6.";"221.09";"168.57";"162.72"
"2018";"2";"27";"2";"14";"1383";"64.";"7.9";"-7.9";"57.";"6.";"172.84";"169.98";"125.68"
"2018";"2";"27";"2";"15";"1384";"66.";"8.1";"-8.0";"57.";"1.";"158.50";"508.80";"66.86"
"2018";"2";"27";"2";"16";"1385";"64.";"7.6";"-8.5";"61.";"7.";"19.70";"39.10";"17.32"
"2018";"2";"27";"2";"17";"1386";"66.";"7.0";"-9.1";"62.";"4.";"0.00";"0.00";"0.00"
"2018";"2";"27";"2";"18";"1387";"60.";"6.5";"-10.0";"62.";"3.";"0.00";"0.00";"0.00"
"2018";"2";"27";"2";"19";"1388";"60.";"7.3";"-10.7";"60.";"4.";"0.00";"0.00";"0.00"
"2018";"2";"27";"2";"20";"1389";"58.";"7.1";"-11.4";"60.";"0.";"0.00";"0.00";"0.00"
"2018";"2";"27";"2";"21";"1390";"50.";"6.7";"-11.7";"63.";"0.";"0.00";"0.00";"0.00"
"2018";"2";"27";"2";"22";"1391";"49.";"6.5";"-12.1";"66.";"3.";"0.00";"0.00";"0.00"
"2018";"2";"27";"2";"23";"1392";"49.";"6.2";"-12.5";"66.";"3.";"0.00";"0.00";"0.00"
"2018";"2";"28";"3";"0";"1393";"51.";"5.9";"-12.8";"67.";"0.";"0.00";"0.00";"0.00"
"2018";"2";"28";"3";"1";"1394";"52.";"6.6";"-12.8";"69.";"0.";"0.00";"0.00";"0.00"
"2018";"2";"28";"3";"2";"1395";"51.";"6.6";"-12.8";"71.";"1.";"0.00";"0.00";"0.00"
"2018";"2";"28";"3";"3";"1396";"52.";"6.1";"-12.9";"71.";"3.";"0.00";"0.00";"0.00"
"2018";"2";"28";"3";"4";"1397";"50.";"5.8";"-12.8";"71.";"0.";"0.00";"0.00";"0.00"
"2018";"2";"28";"3";"5";"1398";"53.";"5.8";"-12.9";"71.";"0.";"0.00";"0.00";"0.00"
"2018";"2";"28";"3";"6";"1399";"54.";"5.8";"-12.8";"72.";"4.";"0.00";"0.00";"0.00"
"2018";"2";"28";"3";"7";"1400";"56.";"5.9";"-12.6";"73.";"3.";"38.03";"227.85";"22.87"
"2018";"2";"28";"3";"8";"1401";"56.";"6.2";"-11.7";"70.";"2.";"158.35";"477.63";"69.59"
"2018";"2";"28";"3";"9";"1402";"60.";"6.2";"-10.4";"65.";"2.";"264.23";"543.64";"110.23"
"2018";"2";"28";"3";"10";"1403";"63.";"6.3";"-9.3";"61.";"5.";"259.86";"268.39";"165.34"
"2018";"2";"28";"3";"11";"1404";"65.";"5.8";"-8.5";"59.";"5.";"289.14";"269.96";"184.44"
"2018";"2";"28";"3";"12";"1405";"72.";"6.2";"-8.0";"58.";"7.";"213.06";"89.81";"178.22"
"2018";"2";"28";"3";"13";"1406";"70.";"6.5";"-7.5";"58.";"7.";"189.72";"85.76";"159.52"
"2018";"2";"28";"3";"14";"1407";"71.";"6.5";"-7.3";"58.";"6.";"179.16";"182.13";"127.57"
"2018";"2";"28";"3";"15";"1408";"67.";"6.6";"-7.4";"59.";"4.";"134.35";"309.30";"76.87"
"2018";"2";"28";"3";"16";"1409";"62.";"5.1";"-7.9";"64.";"2.";"38.06";"231.06";"22.69"
"2018";"2";"28";"3";"17";"1410";"59.";"4.1";"-8.8";"68.";"1.";"0.00";"0.00";"0.00"
"2018";"2";"28";"3";"18";"1411";"66.";"4.4";"-9.3";"68.";"1.";"0.00";"0.00";"0.00"
"2018";"2";"28";"3";"19";"1412";"58.";"3.5";"-9.5";"75.";"1.";"0.00";"0.00";"0.00"
"2018";"2";"28";"3";"20";"1413";"61.";"3.7";"-9.6";"76.";"8.";"0.00";"0.00";"0.00"
"2018";"2";"28";"3";"21";"1414";"52.";"5.3";"-9.7";"73.";"2.";"0.00";"0.00";"0.00"
"2018";"2";"28";"3";"22";"1415";"48.";"5.3";"-9.9";"70.";"4.";"0.00";"0.00";"0.00"
"2018";"2";"28";"3";"23";"1416";"53.";"5.9";"-10.1";"69.";"6.";"0.00";"0.00";"0.00"
"2018";"3";"1";"4";"0";"1417";"57.";"5.9";"-10.3";"69.";"7.";"0.00";"0.00";"0.00"
"2018";"3";"1";"4";"1";"1418";"57.";"5.0";"-10.4";"68.";"7.";"0.00";"0.00";"0.00"
"2018";"3";"1";"4";"2";"1419";"57.";"4.8";"-10.7";"70.";"7.";"0.00";"0.00";"0.00"
"2018";"3";"1";"4";"3";"1420";"52.";"4.9";"-11.6";"73.";"3.";"0.00";"0.00";"0.00"
"2018";"3";"1";"4";"4";"1421";"48.";"4.8";"-12.2";"76.";"2.";"0.00";"0.00";"0.00"
"2018";"3";"1";"4";"5";"1422";"51.";"5.3";"-12.3";"77.";"4.";"0.00";"0.00";"0.00"
"2018";"3";"1";"4";"6";"1423";"50.";"5.5";"-11.7";"75.";"7.";"0.00";"0.00";"0.00"
"2018";"3";"1";"4";"7";"1424";"49.";"5.4";"-11.2";"75.";"4.";"33.06";"159.69";"21.54"
"2018";"3";"1";"4";"8";"1425";"52.";"5.4";"-10.2";"72.";"4.";"131.37";"300.68";"73.77"
"2018";"3";"1";"4";"9";"1426";"54.";"5.9";"-9.0";"68.";"6.";"175.01";"174.88";"124.44"
"2018";"3";"1";"4";"10";"1427";"53.";"5.9";"-7.7";"64.";"4.";"285.35";"368.41";"153.42"
"2018";"3";"1";"4";"11";"1428";"55.";"5.8";"-6.4";"62.";"2.";"369.31";"549.21";"153.03"
"2018";"3";"1";"4";"12";"1429";"58.";"6.0";"-5.4";"60.";"2.";"369.76";"554.27";"151.49"
"2018";"3";"1";"4";"13";"1430";"66.";"6.1";"-5.2";"60.";"5.";"251.24";"247.99";"162.43"
"2018";"3";"1";"4";"14";"1431";"71.";"5.9";"-5.3";"61.";"7.";"144.01";"80.28";"120.80"
"2018";"3";"1";"4";"15";"1432";"68.";"6.0";"-5.5";"64.";"7.";"84.50";"66.86";"71.68"
"2018";"3";"1";"4";"16";"1433";"58.";"5.4";"-5.8";"68.";"7.";"21.12";"40.01";"18.23"
"2018";"3";"1";"4";"17";"1434";"55.";"4.8";"-6.4";"71.";"2.";"0.00";"0.00";"0.00"
"2018";"3";"1";"4";"18";"1435";"55.";"3.9";"-6.9";"75.";"5.";"0.00";"0.00";"0.00"
"2018";"3";"1";"4";"19";"1436";"53.";"3.2";"-7.2";"78.";"7.";"0.00";"0.00";"0.00"
"2018";"3";"1";"4";"20";"1437";"50.";"3.8";"-6.8";"79.";"7.";"0.00";"0.00";"0.00"
"2018";"3";"1";"4";"21";"1438";"48.";"4.1";"-6.4";"78.";"7.";"0.00";"0.00";"0.00"
"2018";"3";"1";"4";"22";"1439";"50.";"4.2";"-6.2";"77.";"8.";"0.00";"0.00";"0.00"
"2018";"3";"1";"4";"23";"1440";"50.";"4.3";"-6.2";"76.";"8.";"0.00";"0.00";"0.00"
"2018";"3";"2";"5";"0";"1441";"48.";"4.3";"-6.3";"72.";"7.";"0.00";"0.00";"0.00"
"2018";"3";"2";"5";"1";"1442";"48.";"4.5";"-6.5";"70.";"7.";"0.00";"0.00";"0.00"
"2018";"3";"2";"5";"2";"1443";"47.";"4.8";"-6.6";"69.";"7.";"0.00";"0.00";"0.00"
"2018";"3";"2";"5";"3";"1444";"36.";"4.3";"-6.7";"72.";"5.";"0.00";"0.00";"0.00"
"2018";"3";"2";"5";"4";"1445";"33.";"4.2";"-6.9";"74.";"8.";"0.00";"0.00";"0.00"
"2018";"3";"2";"5";"5";"1446";"37.";"4.5";"-7.0";"76.";"7.";"0.00";"0.00";"0.00"
"2018";"3";"2";"5";"6";"1447";"43.";"4.9";"-6.8";"76.";"8.";"0.00";"0.00";"0.00"
"2018";"3";"2";"5";"7";"1448";"42.";"5.0";"-6.3";"76.";"8.";"17.82";"0.00";"17.82"
"2018";"3";"2";"5";"8";"1449";"43.";"5.3";"-5.7";"75.";"7.";"87.23";"67.54";"73.90"
"2018";"3";"2";"5";"9";"1450";"49.";"5.3";"-5.0";"72.";"7.";"148.76";"86.11";"123.35"
"2018";"3";"2";"5";"10";"1451";"50.";"5.5";"-4.5";"70.";"8.";"148.70";"0.00";"148.70"
"2018";"3";"2";"5";"11";"1452";"54.";"5.9";"-4.0";"71.";"8.";"165.85";"0.00";"165.85"
"2018";"3";"2";"5";"12";"1453";"61.";"5.4";"-3.6";"71.";"7.";"209.78";"85.02";"175.79"
"2018";"3";"2";"5";"13";"1454";"69.";"5.6";"-3.8";"72.";"8.";"144.70";"0.00";"144.70"
"2018";"3";"2";"5";"14";"1455";"66.";"5.1";"-3.9";"72.";"8.";"114.80";"0.00";"114.80"
"2018";"3";"2";"5";"15";"1456";"64.";"5.5";"-4.0";"74.";"8.";"67.59";"0.00";"67.59"
"2018";"3";"2";"5";"16";"1457";"64.";"4.9";"-4.0";"75.";"8.";"16.69";"0.00";"16.69"
"2018";"3";"2";"5";"17";"1458";"58.";"4.4";"-4.0";"77.";"8.";"0.00";"0.00";"0.00"
"2018";"3";"2";"5";"18";"1459";"58.";"4.0";"-4.0";"79.";"8.";"0.00";"0.00";"0.00"
"2018";"3";"2";"5";"19";"1460";"57.";"3.4";"-4.1";"84.";"7.";"0.00";"0.00";"0.00"
"2018";"3";"2";"5";"20";"1461";"66.";"3.3";"-4.1";"85.";"7.";"0.00";"0.00";"0.00"
"2018";"3";"2";"5";"21";"1462";"62.";"2.8";"-3.9";"84.";"8.";"0.00";"0.00";"0.00"
"2018";"3";"2";"5";"22";"1463";"56.";"3.1";"-4.0";"82.";"8.";"0.00";"0.00";"0.00"
"2018";"3";"2";"5";"23";"1464";"60.";"3.1";"-3.9";"82.";"8.";"0.00";"0.00";"0.00"
"2018";"3";"3";"6";"0";"1465";"60.";"3.0";"-3.8";"82.";"8.";"0.00";"0.00";"0.00"
"2018";"3";"3";"6";"1";"1466";"61.";"3.1";"-3.8";"82.";"8.";"0.00";"0.00";"0.00"
"2018";"3";"3";"6";"2";"1467";"62.";"3.1";"-3.8";"81.";"8.";"0.00";"0.00";"0.00"
"2018";"3";"3";"6";"3";"1468";"60.";"3.6";"-3.9";"79.";"8.";"0.00";"0.00";"0.00"
"2018";"3";"3";"6";"4";"1469";"64.";"3.9";"-3.9";"78.";"8.";"0.00";"0.00";"0.00"
"2018";"3";"3";"6";"5";"1470";"68.";"3.7";"-3.8";"77.";"8.";"0.00";"0.00";"0.00"
"2018";"3";"3";"6";"6";"1471";"74.";"3.5";"-3.9";"77.";"8.";"0.00";"0.00";"0.00"
"2018";"3";"3";"6";"7";"1472";"72.";"3.7";"-3.9";"76.";"7.";"24.23";"39.42";"20.94"
"2018";"3";"3";"6";"8";"1473";"71.";"3.6";"-3.9";"76.";"7.";"90.80";"71.70";"76.23"
"2018";"3";"3";"6";"9";"1474";"70.";"3.7";"-3.9";"75.";"7.";"153.43";"91.35";"125.94"
"2018";"3";"3";"6";"10";"1475";"78.";"3.8";"-3.5";"74.";"7.";"197.26";"97.39";"161.22"
"2018";"3";"3";"6";"11";"1476";"80.";"3.6";"-3.0";"73.";"8.";"173.18";"0.00";"173.18"
"2018";"3";"3";"6";"12";"1477";"85.";"3.6";"-2.4";"70.";"7.";"218.45";"96.39";"179.34"
"2018";"3";"3";"6";"13";"1478";"89.";"3.6";"-1.6";"69.";"7.";"197.27";"98.31";"160.90"
"2018";"3";"3";"6";"14";"1479";"88.";"3.6";"-1.2";"68.";"7.";"152.58";"90.37";"125.38"
"2018";"3";"3";"6";"15";"1480";"78.";"3.2";"-1.1";"68.";"8.";"71.05";"0.00";"71.05"
"2018";"3";"3";"6";"16";"1481";"77.";"3.3";"-1.5";"68.";"8.";"18.49";"0.00";"18.49"
"2018";"3";"3";"6";"17";"1482";"66.";"3.1";"-2.3";"70.";"8.";"0.00";"0.00";"0.00"
"2018";"3";"3";"6";"18";"1483";"71.";"3.4";"-2.8";"71.";"8.";"0.00";"0.00";"0.00"
"2018";"3";"3";"6";"19";"1484";"79.";"2.9";"-3.2";"71.";"8.";"0.00";"0.00";"0.00"
"2018";"3";"3";"6";"20";"1485";"88.";"3.2";"-3.5";"70.";"8.";"0.00";"0.00";"0.00"
"2018";"3";"3";"6";"21";"1486";"94.";"2.9";"-3.6";"71.";"7.";"0.00";"0.00";"0.00"
"2018";"3";"3";"6";"22";"1487";"101.";"2.9";"-3.7";"72.";"8.";"0.00";"0.00";"0.00"
"2018";"3";"3";"6";"23";"1488";"102.";"3.2";"-3.7";"72.";"8.";"0.00";"0.00";"0.00"
"2018";"3";"4";"7";"0";"1489";"111.";"2.7";"-3.8";"72.";"8.";"0.00";"0.00";"0.00"
"2018";"3";"4";"7";"1";"1490";"115.";"2.7";"-3.8";"72.";"8.";"0.00";"0.00";"0.00"
"2018";"3";"4";"7";"2";"1491";"109.";"2.7";"-3.7";"73.";"8.";"0.00";"0.00";"0.00"
"2018";"3";"4";"7";"3";"1492";"109.";"2.8";"-3.6";"74.";"8.";"0.00";"0.00";"0.00"
"2018";"3";"4";"7";"4";"1493";"117.";"2.9";"-3.7";"76.";"8.";"0.00";"0.00";"0.00"
"2018";"3";"4";"7";"5";"1494";"113.";"2.6";"-3.7";"78.";"8.";"0.00";"0.00";"0.00"
"2018";"3";"4";"7";"6";"1495";"113.";"2.4";"-3.6";"78.";"8.";"0.00";"0.00";"0.00"
"2018";"3";"4";"7";"7";"1496";"113.";"2.2";"-3.5";"78.";"8.";"20.87";"0.00";"20.87"
"2018";"3";"4";"7";"8";"1497";"121.";"1.9";"-3.1";"76.";"8.";"74.34";"0.00";"74.34"
"2018";"3";"4";"7";"9";"1498";"126.";"2.1";"-2.0";"72.";"8.";"120.62";"0.00";"120.62"
"2018";"3";"4";"7";"10";"1499";"114.";"2.0";"-1.1";"67.";"7.";"200.22";"96.82";"163.81"
"2018";"3";"4";"7";"11";"1500";"119.";"2.1";"-0.8";"63.";"7.";"224.11";"101.08";"182.48"
"2018";"3";"4";"7";"12";"1501";"117.";"2.1";"-1.0";"62.";"7.";"224.98";"102.73";"182.67"
"2018";"3";"4";"7";"13";"1502";"117.";"2.3";"-0.9";"62.";"8.";"158.28";"0.00";"158.28"
"2018";"3";"4";"7";"14";"1503";"119.";"2.3";"-0.9";"62.";"8.";"122.74";"0.00";"122.74"
"2018";"3";"4";"7";"15";"1504";"107.";"2.5";"-0.9";"61.";"8.";"74.68";"0.00";"74.68"
"2018";"3";"4";"7";"16";"1505";"101.";"1.8";"-1.1";"61.";"8.";"20.93";"0.00";"20.93"
"2018";"3";"4";"7";"17";"1506";"98.";"2.5";"-1.2";"60.";"8.";"0.00";"0.00";"0.00"
"2018";"3";"4";"7";"18";"1507";"94.";"2.4";"-1.4";"60.";"7.";"0.00";"0.00";"0.00"
"2018";"3";"4";"7";"19";"1508";"92.";"2.5";"-1.6";"61.";"8.";"0.00";"0.00";"0.00"
"2018";"3";"4";"7";"20";"1509";"96.";"2.6";"-1.5";"61.";"5.";"0.00";"0.00";"0.00"
"2018";"3";"4";"7";"21";"1510";"106.";"2.6";"-1.6";"62.";"8.";"0.00";"0.00";"0.00"
"2018";"3";"4";"7";"22";"1511";"109.";"2.9";"-1.7";"64.";"1.";"0.00";"0.00";"0.00"
"2018";"3";"4";"7";"23";"1512";"109.";"3.2";"-1.8";"66.";"7.";"0.00";"0.00";"0.00"
"2018";"3";"5";"1";"0";"1513";"101.";"3.7";"-1.8";"69.";"8.";"0.00";"0.00";"0.00"
"2018";"3";"5";"1";"1";"1514";"90.";"3.5";"-2.0";"70.";"6.";"0.00";"0.00";"0.00"
"2018";"3";"5";"1";"2";"1515";"92.";"3.8";"-2.1";"70.";"8.";"0.00";"0.00";"0.00"
"2018";"3";"5";"1";"3";"1516";"94.";"4.3";"-2.2";"72.";"8.";"0.00";"0.00";"0.00"
"2018";"3";"5";"1";"4";"1517";"90.";"4.9";"-2.4";"73.";"8.";"0.00";"0.00";"0.00"
"2018";"3";"5";"1";"5";"1518";"91.";"4.9";"-2.5";"74.";"8.";"0.00";"0.00";"0.00"
"2018";"3";"5";"1";"6";"1519";"91.";"5.1";"-2.4";"73.";"7.";"0.00";"0.00";"0.00"
"2018";"3";"5";"1";"7";"1520";"94.";"5.7";"-2.1";"72.";"8.";"23.18";"0.00";"23.18"
"2018";"3";"5";"1";"8";"1521";"99.";"6.1";"-1.8";"72.";"7.";"98.43";"78.11";"81.64"
"2018";"3";"5";"1";"9";"1522";"106.";"5.5";"-1.3";"70.";"7.";"161.32";"95.89";"131.32"
"2018";"3";"5";"1";"10";"1523";"111.";"5.6";"-0.8";"68.";"7.";"200.16";"88.97";"166.17"
"2018";"3";"5";"1";"11";"1524";"109.";"5.8";"-0.4";"70.";"7.";"221.42";"89.30";"184.10"
"2018";"3";"5";"1";"12";"1525";"112.";"5.0";"-1.1";"80.";"8.";"83.52";"0.00";"83.52"
"2018";"3";"5";"1";"13";"1526";"108.";"4.4";"-1.2";"87.";"8.";"69.86";"0.00";"69.86"
"2018";"3";"5";"1";"14";"1527";"106.";"4.0";"-1.1";"89.";"8.";"53.95";"0.00";"53.95"
"2018";"3";"5";"1";"15";"1528";"101.";"4.2";"-0.8";"88.";"8.";"36.52";"0.00";"36.52"
"2018";"3";"5";"1";"16";"1529";"102.";"4.5";"-1.0";"87.";"8.";"9.84";"0.00";"9.84"
"2018";"3";"5";"1";"17";"1530";"102.";"4.6";"-1.2";"87.";"8.";"0.00";"0.00";"0.00"
"2018";"3";"5";"1";"18";"1531";"102.";"4.5";"-1.3";"87.";"8.";"0.00";"0.00";"0.00"
"2018";"3";"5";"1";"19";"1532";"101.";"4.5";"-1.6";"88.";"8.";"0.00";"0.00";"0.00"
"2018";"3";"5";"1";"20";"1533";"98.";"4.2";"-1.6";"89.";"8.";"0.00";"0.00";"0.00"
"2018";"3";"5";"1";"21";"1534";"97.";"3.9";"-1.8";"91.";"8.";"0.00";"0.00";"0.00"
"2018";"3";"5";"1";"22";"1535";"98.";"3.7";"-1.7";"92.";"8.";"0.00";"0.00";"0.00"
"2018";"3";"5";"1";"23";"1536";"102.";"3.5";"-1.7";"92.";"8.";"0.00";"0.00";"0.00"
"2018";"3";"6";"2";"0";"1537";"101.";"3.2";"-1.7";"93.";"8.";"0.00";"0.00";"0.00"
"2018";"3";"6";"2";"1";"1538";"102.";"3.2";"-1.6";"93.";"8.";"0.00";"0.00";"0.00"
"2018";"3";"6";"2";"2";"1539";"110.";"2.8";"-1.5";"94.";"8.";"0.00";"0.00";"0.00"
"2018";"3";"6";"2";"3";"1540";"107.";"2.8";"-1.4";"94.";"8.";"0.00";"0.00";"0.00"
"2018";"3";"6";"2";"4";"1541";"111.";"2.9";"-1.3";"94.";"8.";"0.00";"0.00";"0.00"
"2018";"3";"6";"2";"5";"1542";"123.";"3.1";"-1.1";"94.";"8.";"0.00";"0.00";"0.00"
"2018";"3";"6";"2";"6";"1543";"125.";"3.3";"-1.0";"94.";"8.";"0.00";"0.00";"0.00"
"2018";"3";"6";"2";"7";"1544";"122.";"3.2";"-0.8";"94.";"8.";"19.86";"0.00";"19.86"
"2018";"3";"6";"2";"8";"1545";"123.";"2.9";"-0.4";"94.";"8.";"63.71";"0.00";"63.71"
"2018";"3";"6";"2";"9";"1546";"124.";"2.4";"0.1";"94.";"8.";"97.79";"0.00";"97.79"
"2018";"3";"6";"2";"10";"1547";"138.";"2.4";"0.7";"94.";"8.";"113.52";"0.00";"113.52"
"2018";"3";"6";"2";"11";"1548";"142.";"2.2";"1.0";"94.";"8.";"129.44";"0.00";"129.44"
"2018";"3";"6";"2";"12";"1549";"147.";"2.0";"1.2";"95.";"8.";"124.39";"0.00";"124.39"
"2018";"3";"6";"2";"13";"1550";"137.";"1.6";"1.4";"94.";"8.";"111.62";"0.00";"111.62"
"2018";"3";"6";"2";"14";"1551";"118.";"1.7";"1.6";"94.";"8.";"87.05";"0.00";"87.05"
"2018";"3";"6";"2";"15";"1552";"99.";"1.3";"1.5";"94.";"8.";"53.03";"0.00";"53.03"
"2018";"3";"6";"2";"16";"1553";"66.";"1.6";"1.4";"93.";"8.";"14.63";"0.00";"14.63"
"2018";"3";"6";"2";"17";"1554";"57.";"1.7";"1.2";"94.";"8.";"0.00";"0.00";"0.00"
"2018";"3";"6";"2";"18";"1555";"67.";"1.9";"1.1";"96.";"8.";"0.00";"0.00";"0.00"
"2018";"3";"6";"2";"19";"1556";"71.";"2.5";"1.1";"97.";"8.";"0.00";"0.00";"0.00"
"2018";"3";"6";"2";"20";"1557";"72.";"2.2";"1.1";"96.";"8.";"0.00";"0.00";"0.00"
"2018";"3";"6";"2";"21";"1558";"74.";"2.1";"1.1";"96.";"8.";"0.00";"0.00";"0.00"
"2018";"3";"6";"2";"22";"1559";"78.";"2.5";"1.2";"97.";"8.";"0.00";"0.00";"0.00"
"2018";"3";"6";"2";"23";"1560";"89.";"2.3";"1.2";"95.";"8.";"0.00";"0.00";"0.00"
"2018";"3";"7";"3";"0";"1561";"85.";"2.4";"1.2";"94.";"8.";"0.00";"0.00";"0.00"
"2018";"3";"7";"3";"1";"1562";"95.";"2.5";"1.2";"93.";"8.";"0.00";"0.00";"0.00"
"2018";"3";"7";"3";"2";"1563";"97.";"2.6";"1.2";"93.";"8.";"0.00";"0.00";"0.00"
"2018";"3";"7";"3";"3";"1564";"94.";"3.1";"1.0";"94.";"8.";"0.00";"0.00";"0.00"
"2018";"3";"7";"3";"4";"1565";"94.";"3.1";"1.1";"93.";"8.";"0.00";"0.00";"0.00"
"2018";"3";"7";"3";"5";"1566";"95.";"3.3";"1.1";"91.";"8.";"0.00";"0.00";"0.00"
"2018";"3";"7";"3";"6";"1567";"94.";"3.6";"1.1";"91.";"7.";"0.00";"0.00";"0.00"
"2018";"3";"7";"3";"7";"1568";"93.";"3.7";"1.2";"89.";"7.";"28.22";"26.12";"25.43"
"2018";"3";"7";"3";"8";"1569";"93.";"3.9";"2.0";"86.";"5.";"126.26";"150.61";"92.12"
"2018";"3";"7";"3";"9";"1570";"89.";"4.1";"2.7";"82.";"7.";"147.02";"53.38";"129.68"
"2018";"3";"7";"3";"10";"1571";"92.";"4.7";"3.1";"80.";"7.";"187.26";"57.60";"164.56"
"2018";"3";"7";"3";"11";"1572";"92.";"4.2";"3.5";"78.";"7.";"208.90";"60.43";"182.91"
"2018";"3";"7";"3";"12";"1573";"86.";"3.7";"4.1";"76.";"5.";"287.75";"197.10";"202.99"
"2018";"3";"7";"3";"13";"1574";"88.";"4.0";"4.4";"74.";"7.";"283.83";"66.38";"257.66"
"2018";"3";"7";"3";"14";"1575";"90.";"4.0";"4.2";"74.";"6.";"181.77";"130.05";"139.53"
"2018";"3";"7";"3";"15";"1576";"79.";"3.4";"3.6";"75.";"5.";"129.22";"167.33";"91.28"
"2018";"3";"7";"3";"16";"1577";"75.";"3.4";"2.9";"77.";"6.";"45.54";"60.28";"39.12"
"2018";"3";"7";"3";"17";"1578";"74.";"3.3";"2.3";"79.";"8.";"0.00";"0.00";"0.00"
"2018";"3";"7";"3";"18";"1579";"63.";"2.4";"1.6";"82.";"8.";"0.00";"0.00";"0.00"
"2018";"3";"7";"3";"19";"1580";"62.";"2.4";"1.3";"82.";"8.";"0.00";"0.00";"0.00"
"2018";"3";"7";"3";"20";"1581";"63.";"2.7";"1.2";"83.";"8.";"0.00";"0.00";"0.00"
"2018";"3";"7";"3";"21";"1582";"53.";"2.5";"1.0";"83.";"7.";"0.00";"0.00";"0.00"
"2018";"3";"7";"3";"22";"1583";"55.";"2.7";"0.7";"84.";"7.";"0.00";"0.00";"0.00"
"2018";"3";"7";"3";"23";"1584";"57.";"2.7";"0.2";"86.";"8.";"0.00";"0.00";"0.00"
"2018";"3";"8";"4";"0";"1585";"57.";"2.2";"-0.4";"90.";"8.";"0.00";"0.00";"0.00"
"2018";"3";"8";"4";"1";"1586";"55.";"2.2";"-0.6";"90.";"8.";"0.00";"0.00";"0.00"
"2018";"3";"8";"4";"2";"1587";"49.";"2.1";"-0.8";"91.";"8.";"0.00";"0.00";"0.00"
"2018";"3";"8";"4";"3";"1588";"52.";"2.4";"-0.9";"93.";"8.";"0.00";"0.00";"0.00"
"2018";"3";"8";"4";"4";"1589";"50.";"2.4";"-1.0";"93.";"8.";"0.00";"0.00";"0.00"
"2018";"3";"8";"4";"5";"1590";"57.";"2.8";"-1.0";"94.";"8.";"0.00";"0.00";"0.00"
"2018";"3";"8";"4";"6";"1591";"56.";"2.8";"-1.0";"94.";"8.";"0.00";"0.00";"0.00"
"2018";"3";"8";"4";"7";"1592";"59.";"3.0";"-0.9";"93.";"8.";"13.17";"0.00";"13.17"
"2018";"3";"8";"4";"8";"1593";"61.";"3.0";"-0.6";"93.";"8.";"39.82";"0.00";"39.82"
"2018";"3";"8";"4";"9";"1594";"61.";"3.2";"-0.1";"91.";"7.";"91.40";"22.96";"83.81"
"2018";"3";"8";"4";"10";"1595";"67.";"3.6";"0.1";"89.";"8.";"82.94";"0.00";"82.94"
"2018";"3";"8";"4";"11";"1596";"72.";"3.5";"0.5";"86.";"8.";"170.43";"0.00";"170.43"
"2018";"3";"8";"4";"12";"1597";"75.";"3.1";"0.5";"86.";"8.";"159.28";"0.00";"159.28"
"2018";"3";"8";"4";"13";"1598";"73.";"2.5";"0.4";"88.";"8.";"82.91";"0.00";"82.91"
"2018";"3";"8";"4";"14";"1599";"69.";"2.3";"0.2";"90.";"7.";"88.41";"17.95";"82.47"
"2018";"3";"8";"4";"15";"1600";"60.";"1.7";"0.1";"91.";"8.";"41.58";"0.00";"41.58"
"2018";"3";"8";"4";"16";"1601";"58.";"1.5";"-0.1";"91.";"8.";"14.49";"0.00";"14.49"
"2018";"3";"8";"4";"17";"1602";"62.";"1.3";"-0.4";"91.";"8.";"0.00";"0.00";"0.00"
"2018";"3";"8";"4";"18";"1603";"90.";"0.9";"-0.7";"92.";"8.";"0.00";"0.00";"0.00"
"2018";"3";"8";"4";"19";"1604";"103.";"0.8";"-1.0";"94.";"8.";"0.00";"0.00";"0.00"
"2018";"3";"8";"4";"20";"1605";"123.";"1.4";"-1.2";"94.";"8.";"0.00";"0.00";"0.00"
"2018";"3";"8";"4";"21";"1606";"153.";"2.0";"-1.3";"93.";"8.";"0.00";"0.00";"0.00"
"2018";"3";"8";"4";"22";"1607";"149.";"1.7";"-1.3";"92.";"7.";"0.00";"0.00";"0.00"
"2018";"3";"8";"4";"23";"1608";"128.";"1.0";"-1.4";"92.";"8.";"0.00";"0.00";"0.00"
"2018";"3";"9";"5";"0";"1609";"104.";"0.8";"-1.4";"92.";"8.";"0.00";"0.00";"0.00"
"2018";"3";"9";"5";"1";"1610";"96.";"1.0";"-1.4";"91.";"8.";"0.00";"0.00";"0.00"
"2018";"3";"9";"5";"2";"1611";"49.";"1.2";"-1.6";"91.";"7.";"0.00";"0.00";"0.00"
"2018";"3";"9";"5";"3";"1612";"40.";"1.1";"-2.1";"91.";"7.";"0.00";"0.00";"0.00"
"2018";"3";"9";"5";"4";"1613";"27.";"1.4";"-2.3";"93.";"8.";"0.00";"0.00";"0.00"
"2018";"3";"9";"5";"5";"1614";"23.";"1.4";"-2.6";"94.";"8.";"0.00";"0.00";"0.00"
"2018";"3";"9";"5";"6";"1615";"25.";"1.7";"-3.0";"92.";"8.";"0.00";"0.00";"0.00"
"2018";"3";"9";"5";"7";"1616";"23.";"2.0";"-3.3";"93.";"7.";"36.07";"28.53";"32.70"
"2018";"3";"9";"5";"8";"1617";"25.";"2.1";"-3.5";"95.";"8.";"79.72";"0.00";"79.72"
"2018";"3";"9";"5";"9";"1618";"8.";"2.4";"-2.7";"92.";"8.";"127.37";"0.00";"127.37"
"2018";"3";"9";"5";"10";"1619";"357.";"2.4";"-1.8";"87.";"8.";"168.61";"0.00";"168.61"
"2018";"3";"9";"5";"11";"1620";"350.";"2.4";"-1.3";"84.";"8.";"186.70";"0.00";"186.70"
"2018";"3";"9";"5";"12";"1621";"345.";"2.5";"-0.9";"81.";"8.";"188.58";"0.00";"188.58"
"2018";"3";"9";"5";"13";"1622";"338.";"2.7";"-0.4";"80.";"8.";"170.37";"0.00";"170.37"
"2018";"3";"9";"5";"14";"1623";"319.";"3.0";"-0.1";"78.";"8.";"135.72";"0.00";"135.72"
"2018";"3";"9";"5";"15";"1624";"322.";"2.8";"-0.1";"77.";"7.";"112.39";"84.40";"92.25"
"2018";"3";"9";"5";"16";"1625";"305.";"3.4";"-0.4";"79.";"8.";"31.61";"0.00";"31.61"
"2018";"3";"9";"5";"17";"1626";"299.";"2.7";"-1.0";"82.";"8.";"0.00";"0.00";"0.00"
"2018";"3";"9";"5";"18";"1627";"292.";"2.2";"-1.7";"83.";"5.";"0.00";"0.00";"0.00"
"2018";"3";"9";"5";"19";"1628";"288.";"1.7";"-2.2";"85.";"8.";"0.00";"0.00";"0.00"
"2018";"3";"9";"5";"20";"1629";"280.";"1.8";"-2.8";"86.";"6.";"0.00";"0.00";"0.00"
"2018";"3";"9";"5";"21";"1630";"311.";"1.1";"-4.0";"86.";"8.";"0.00";"0.00";"0.00"
"2018";"3";"9";"5";"22";"1631";"295.";"0.9";"-4.2";"88.";"6.";"0.00";"0.00";"0.00"
"2018";"3";"9";"5";"23";"1632";"295.";"0.9";"-4.3";"89.";"6.";"0.00";"0.00";"0.00"
"2018";"3";"10";"6";"0";"1633";"280.";"0.3";"-4.2";"88.";"6.";"0.00";"0.00";"0.00"
"2018";"3";"10";"6";"1";"1634";"236.";"0.2";"-4.7";"88.";"3.";"0.00";"0.00";"0.00"
"2018";"3";"10";"6";"2";"1635";"138.";"0.6";"-5.6";"89.";"2.";"0.00";"0.00";"0.00"
"2018";"3";"10";"6";"3";"1636";"127.";"1.1";"-6.6";"89.";"5.";"0.00";"0.00";"0.00"
"2018";"3";"10";"6";"4";"1637";"113.";"1.5";"-7.2";"89.";"5.";"0.00";"0.00";"0.00"
"2018";"3";"10";"6";"5";"1638";"132.";"1.6";"-6.8";"90.";"0.";"0.00";"0.00";"0.00"
"2018";"3";"10";"6";"6";"1639";"157.";"1.7";"-6.3";"90.";"2.";"0.00";"0.00";"0.00"
"2018";"3";"10";"6";"7";"1640";"138.";"1.7";"-5.2";"90.";"7.";"43.59";"45.80";"37.90"
"2018";"3";"10";"6";"8";"1641";"146.";"1.6";"-3.4";"89.";"6.";"133.21";"138.61";"99.31"
"2018";"3";"10";"6";"9";"1642";"108.";"0.9";"-1.5";"83.";"3.";"276.61";"370.76";"149.49"
"2018";"3";"10";"6";"10";"1643";"110.";"0.5";"0.1";"74.";"6.";"255.96";"170.46";"185.67"
"2018";"3";"10";"6";"11";"1644";"120.";"0.3";"1.2";"69.";"5.";"393.15";"278.23";"268.41"
"2018";"3";"10";"6";"12";"1645";"80.";"0.6";"1.4";"67.";"7.";"244.98";"101.41";"199.51"
"2018";"3";"10";"6";"13";"1646";"65.";"1.2";"1.6";"68.";"6.";"263.21";"196.14";"182.33"
"2018";"3";"10";"6";"14";"1647";"71.";"1.8";"1.7";"67.";"7.";"262.41";"95.04";"229.83"
"2018";"3";"10";"6";"15";"1648";"67.";"1.8";"0.8";"71.";"6.";"137.46";"165.66";"96.94"
"2018";"3";"10";"6";"16";"1649";"65.";"2.4";"0.1";"71.";"8.";"34.54";"0.00";"34.54"
"2018";"3";"10";"6";"17";"1650";"68.";"3.0";"-0.3";"72.";"8.";"0.00";"0.00";"0.00"
"2018";"3";"10";"6";"18";"1651";"76.";"3.6";"-0.5";"73.";"8.";"0.00";"0.00";"0.00"
"2018";"3";"10";"6";"19";"1652";"80.";"3.3";"-1.0";"74.";"7.";"0.00";"0.00";"0.00"
"2018";"3";"10";"6";"20";"1653";"85.";"3.5";"-1.3";"75.";"7.";"0.00";"0.00";"0.00"
"2018";"3";"10";"6";"21";"1654";"86.";"3.6";"-1.5";"77.";"8.";"0.00";"0.00";"0.00"
"2018";"3";"10";"6";"22";"1655";"83.";"3.8";"-1.8";"79.";"8.";"0.00";"0.00";"0.00"
"2018";"3";"10";"6";"23";"1656";"79.";"3.4";"-2.2";"80.";"8.";"0.00";"0.00";"0.00"
"2018";"3";"11";"7";"0";"1657";"80.";"3.2";"-2.4";"81.";"8.";"0.00";"0.00";"0.00"
"2018";"3";"11";"7";"1";"1658";"84.";"3.1";"-2.4";"82.";"7.";"0.00";"0.00";"0.00"
"2018";"3";"11";"7";"2";"1659";"84.";"3.2";"-2.4";"84.";"8.";"0.00";"0.00";"0.00"
"2018";"3";"11";"7";"3";"1660";"86.";"3.4";"-2.3";"85.";"8.";"0.00";"0.00";"0.00"
"2018";"3";"11";"7";"4";"1661";"84.";"3.2";"-2.1";"85.";"8.";"0.00";"0.00";"0.00"
"2018";"3";"11";"7";"5";"1662";"87.";"3.4";"-1.9";"86.";"8.";"0.00";"0.00";"0.00"
"2018";"3";"11";"7";"6";"1663";"85.";"3.6";"-1.7";"86.";"8.";"0.00";"0.00";"0.00"
"2018";"3";"11";"7";"7";"1664";"86.";"3.9";"-1.2";"86.";"8.";"35.65";"0.00";"35.65"
"2018";"3";"11";"7";"8";"1665";"92.";"4.0";"-0.5";"85.";"8.";"80.01";"0.00";"80.01"
"2018";"3";"11";"7";"9";"1666";"93.";"3.9";"0.3";"86.";"8.";"69.86";"0.00";"69.86"
"2018";"3";"11";"7";"10";"1667";"93.";"4.3";"1.2";"85.";"8.";"160.46";"0.00";"160.46"
"2018";"3";"11";"7";"11";"1668";"92.";"4.4";"1.9";"83.";"8.";"188.46";"0.00";"188.46"
"2018";"3";"11";"7";"12";"1669";"89.";"3.8";"1.8";"87.";"8.";"105.80";"0.00";"105.80"
"2018";"3";"11";"7";"13";"1670";"85.";"3.9";"1.8";"89.";"8.";"94.12";"0.00";"94.12"
"2018";"3";"11";"7";"14";"1671";"82.";"3.6";"1.7";"90.";"8.";"69.75";"0.00";"69.75"
"2018";"3";"11";"7";"15";"1672";"93.";"4.1";"1.7";"91.";"8.";"45.17";"0.00";"45.17"
"2018";"3";"11";"7";"16";"1673";"88.";"4.1";"1.7";"92.";"8.";"16.44";"0.00";"16.44"
"2018";"3";"11";"7";"17";"1674";"87.";"4.2";"1.6";"93.";"8.";"0.00";"0.00";"0.00"
"2018";"3";"11";"7";"18";"1675";"89.";"4.3";"1.7";"93.";"8.";"0.00";"0.00";"0.00"
"2018";"3";"11";"7";"19";"1676";"92.";"4.1";"1.8";"93.";"8.";"0.00";"0.00";"0.00"
"2018";"3";"11";"7";"20";"1677";"95.";"4.4";"1.9";"93.";"8.";"0.00";"0.00";"0.00"
"2018";"3";"11";"7";"21";"1678";"104.";"4.4";"2.1";"93.";"8.";"0.00";"0.00";"0.00"
"2018";"3";"11";"7";"22";"1679";"112.";"4.7";"2.2";"93.";"8.";"0.00";"0.00";"0.00"
"2018";"3";"11";"7";"23";"1680";"116.";"4.8";"2.4";"93.";"8.";"0.00";"0.00";"0.00"
"2018";"3";"12";"1";"0";"1681";"118.";"4.5";"2.6";"94.";"8.";"0.00";"0.00";"0.00"
"2018";"3";"12";"1";"1";"1682";"121.";"5.1";"3.0";"94.";"8.";"0.00";"0.00";"0.00"
"2018";"3";"12";"1";"2";"1683";"129.";"5.2";"3.4";"94.";"8.";"0.00";"0.00";"0.00"
"2018";"3";"12";"1";"3";"1684";"135.";"4.4";"3.7";"94.";"8.";"0.00";"0.00";"0.00"
"2018";"3";"12";"1";"4";"1685";"136.";"3.9";"3.9";"94.";"8.";"0.00";"0.00";"0.00"
"2018";"3";"12";"1";"5";"1686";"138.";"3.5";"4.0";"94.";"8.";"0.00";"0.00";"0.00"
"2018";"3";"12";"1";"6";"1687";"140.";"3.2";"4.0";"94.";"7.";"0.00";"0.00";"0.00"
"2018";"3";"12";"1";"7";"1688";"145.";"3.1";"4.0";"94.";"8.";"28.40";"0.00";"28.40"
"2018";"3";"12";"1";"8";"1689";"153.";"2.7";"4.0";"95.";"8.";"66.36";"0.00";"66.36"
"2018";"3";"12";"1";"9";"1690";"162.";"3.2";"4.2";"95.";"8.";"103.15";"0.00";"103.15"
"2018";"3";"12";"1";"10";"1691";"165.";"3.0";"4.6";"96.";"8.";"132.23";"0.00";"132.23"
"2018";"3";"12";"1";"11";"1692";"166.";"2.6";"4.9";"95.";"8.";"154.81";"0.00";"154.81"
"2018";"3";"12";"1";"12";"1693";"161.";"2.0";"5.0";"95.";"8.";"154.75";"0.00";"154.75"
"2018";"3";"12";"1";"13";"1694";"226.";"1.6";"4.8";"95.";"8.";"143.04";"0.00";"143.04"
"2018";"3";"12";"1";"14";"1695";"230.";"1.2";"4.7";"95.";"8.";"112.03";"0.00";"112.03"
"2018";"3";"12";"1";"15";"1696";"240.";"0.8";"4.7";"96.";"8.";"67.80";"0.00";"67.80"
"2018";"3";"12";"1";"16";"1697";"217.";"0.6";"4.3";"96.";"8.";"26.06";"0.00";"26.06"
"2018";"3";"12";"1";"17";"1698";"312.";"0.3";"3.5";"96.";"8.";"0.00";"0.00";"0.00"
"2018";"3";"12";"1";"18";"1699";"339.";"0.8";"2.8";"96.";"8.";"0.00";"0.00";"0.00"
"2018";"3";"12";"1";"19";"1700";"2.";"1.0";"2.5";"96.";"8.";"0.00";"0.00";"0.00"
"2018";"3";"12";"1";"20";"1701";"4.";"1.1";"2.3";"96.";"8.";"0.00";"0.00";"0.00"
"2018";"3";"12";"1";"21";"1702";"12.";"1.0";"2.2";"97.";"8.";"0.00";"0.00";"0.00"
"2018";"3";"12";"1";"22";"1703";"3.";"0.9";"2.1";"97.";"8.";"0.00";"0.00";"0.00"
"2018";"3";"12";"1";"23";"1704";"9.";"0.8";"2.0";"97.";"8.";"0.00";"0.00";"0.00"
"2018";"3";"13";"2";"0";"1705";"8.";"0.8";"2.1";"97.";"8.";"0.00";"0.00";"0.00"
"2018";"3";"13";"2";"1";"1706";"13.";"1.3";"2.3";"97.";"8.";"0.00";"0.00";"0.00"
"2018";"3";"13";"2";"2";"1707";"7.";"1.6";"2.2";"97.";"8.";"0.00";"0.00";"0.00"
"2018";"3";"13";"2";"3";"1708";"22.";"1.8";"1.9";"97.";"8.";"0.00";"0.00";"0.00"
"2018";"3";"13";"2";"4";"1709";"25.";"2.3";"1.7";"98.";"8.";"0.00";"0.00";"0.00"
"2018";"3";"13";"2";"5";"1710";"25.";"2.7";"1.5";"98.";"8.";"0.00";"0.00";"0.00"
"2018";"3";"13";"2";"6";"1711";"21.";"2.9";"1.5";"97.";"8.";"0.00";"0.00";"0.00"
"2018";"3";"13";"2";"7";"1712";"17.";"3.2";"1.6";"97.";"8.";"35.89";"0.00";"35.89"
"2018";"3";"13";"2";"8";"1713";"14.";"3.3";"1.7";"97.";"8.";"88.05";"0.00";"88.05"
"2018";"3";"13";"2";"9";"1714";"17.";"3.5";"1.9";"94.";"8.";"138.67";"0.00";"138.67"
"2018";"3";"13";"2";"10";"1715";"13.";"3.7";"2.3";"92.";"8.";"180.53";"0.00";"180.53"
"2018";"3";"13";"2";"11";"1716";"16.";"4.1";"2.3";"91.";"8.";"200.49";"0.00";"200.49"
"2018";"3";"13";"2";"12";"1717";"10.";"3.8";"2.1";"90.";"8.";"198.03";"0.00";"198.03"
"2018";"3";"13";"2";"13";"1718";"14.";"3.8";"2.2";"88.";"8.";"183.32";"0.00";"183.32"
"2018";"3";"13";"2";"14";"1719";"22.";"4.0";"2.2";"86.";"8.";"147.27";"0.00";"147.27"
"2018";"3";"13";"2";"15";"1720";"24.";"4.4";"2.1";"84.";"8.";"97.93";"0.00";"97.93"
"2018";"3";"13";"2";"16";"1721";"24.";"4.1";"2.0";"84.";"8.";"40.36";"0.00";"40.36"
"2018";"3";"13";"2";"17";"1722";"23.";"3.6";"1.8";"83.";"8.";"0.00";"0.00";"0.00"
"2018";"3";"13";"2";"18";"1723";"25.";"3.1";"1.6";"84.";"8.";"0.00";"0.00";"0.00"
"2018";"3";"13";"2";"19";"1724";"7.";"2.8";"1.5";"84.";"4.";"0.00";"0.00";"0.00"
"2018";"3";"13";"2";"20";"1725";"4.";"2.5";"1.3";"84.";"6.";"0.00";"0.00";"0.00"
"2018";"3";"13";"2";"21";"1726";"1.";"2.4";"1.3";"84.";"8.";"0.00";"0.00";"0.00"
"2018";"3";"13";"2";"22";"1727";"358.";"2.3";"1.2";"83.";"7.";"0.00";"0.00";"0.00"
"2018";"3";"13";"2";"23";"1728";"355.";"2.3";"1.0";"84.";"8.";"0.00";"0.00";"0.00"
"2018";"3";"14";"3";"0";"1729";"356.";"2.2";"0.8";"85.";"7.";"0.00";"0.00";"0.00"
"2018";"3";"14";"3";"1";"1730";"4.";"1.8";"0.4";"89.";"7.";"0.00";"0.00";"0.00"
"2018";"3";"14";"3";"2";"1731";"5.";"1.7";"0.7";"86.";"7.";"0.00";"0.00";"0.00"
"2018";"3";"14";"3";"3";"1732";"4.";"2.0";"0.5";"86.";"7.";"0.00";"0.00";"0.00"
"2018";"3";"14";"3";"4";"1733";"10.";"2.2";"0.5";"86.";"5.";"0.00";"0.00";"0.00"
"2018";"3";"14";"3";"5";"1734";"12.";"2.1";"0.4";"84.";"6.";"0.00";"0.00";"0.00"
"2018";"3";"14";"3";"6";"1735";"21.";"2.2";"0.3";"83.";"8.";"0.00";"0.00";"0.00"
"2018";"3";"14";"3";"7";"1736";"29.";"2.2";"0.5";"79.";"7.";"55.99";"58.97";"47.27"
"2018";"3";"14";"3";"8";"1737";"39.";"2.3";"0.8";"74.";"6.";"154.79";"172.43";"108.48"
"2018";"3";"14";"3";"9";"1738";"40.";"2.6";"0.9";"69.";"5.";"261.70";"289.34";"155.49"
"2018";"3";"14";"3";"10";"1739";"46.";"3.0";"1.4";"66.";"1.";"449.49";"777.84";"109.80"
"2018";"3";"14";"3";"11";"1740";"47.";"2.4";"1.8";"64.";"5.";"356.75";"324.32";"203.42"
"2018";"3";"14";"3";"12";"1741";"51.";"2.4";"2.2";"62.";"6.";"316.29";"228.41";"208.30"
"2018";"3";"14";"3";"13";"1742";"33.";"1.8";"2.6";"59.";"4.";"360.68";"424.41";"175.34"
"2018";"3";"14";"3";"14";"1743";"32.";"1.9";"3.1";"58.";"4.";"292.22";"399.21";"145.69"
"2018";"3";"14";"3";"15";"1744";"22.";"1.3";"3.4";"56.";"4.";"197.14";"350.21";"103.08"
"2018";"3";"14";"3";"16";"1745";"25.";"1.6";"2.6";"58.";"3.";"95.38";"328.14";"46.84"
"2018";"3";"14";"3";"17";"1746";"47.";"2.2";"1.5";"63.";"3.";"0.00";"0.00";"0.00"
"2018";"3";"14";"3";"18";"1747";"52.";"2.2";"0.2";"69.";"6.";"0.00";"0.00";"0.00"
"2018";"3";"14";"3";"19";"1748";"59.";"2.3";"-0.7";"75.";"4.";"0.00";"0.00";"0.00"
"2018";"3";"14";"3";"20";"1749";"72.";"2.3";"-1.4";"79.";"3.";"0.00";"0.00";"0.00"
"2018";"3";"14";"3";"21";"1750";"93.";"2.2";"-1.9";"80.";"6.";"0.00";"0.00";"0.00"
"2018";"3";"14";"3";"22";"1751";"100.";"2.3";"-2.3";"76.";"6.";"0.00";"0.00";"0.00"
"2018";"3";"14";"3";"23";"1752";"99.";"2.4";"-2.6";"77.";"8.";"0.00";"0.00";"0.00"
"2018";"3";"15";"4";"0";"1753";"100.";"2.3";"-2.6";"80.";"8.";"0.00";"0.00";"0.00"
"2018";"3";"15";"4";"1";"1754";"98.";"2.9";"-2.3";"79.";"8.";"0.00";"0.00";"0.00"
"2018";"3";"15";"4";"2";"1755";"98.";"2.9";"-2.3";"80.";"8.";"0.00";"0.00";"0.00"
"2018";"3";"15";"4";"3";"1756";"100.";"2.9";"-2.8";"80.";"5.";"0.00";"0.00";"0.00"
"2018";"3";"15";"4";"4";"1757";"105.";"2.9";"-3.4";"83.";"8.";"0.00";"0.00";"0.00"
"2018";"3";"15";"4";"5";"1758";"103.";"3.8";"-3.8";"84.";"6.";"0.00";"0.00";"0.00"
"2018";"3";"15";"4";"6";"1759";"99.";"3.5";"-3.7";"83.";"8.";"0.00";"0.00";"0.00"
"2018";"3";"15";"4";"7";"1760";"94.";"4.1";"-2.8";"78.";"6.";"74.43";"135.85";"53.52"
"2018";"3";"15";"4";"8";"1761";"94.";"4.5";"-1.8";"71.";"7.";"137.04";"93.02";"111.50"
"2018";"3";"15";"4";"9";"1762";"95.";"4.9";"-1.2";"64.";"7.";"199.33";"100.22";"161.94"
"2018";"3";"15";"4";"10";"1763";"95.";"5.2";"-0.5";"61.";"7.";"247.94";"113.89";"197.51"
"2018";"3";"15";"4";"11";"1764";"94.";"4.9";"-0.2";"59.";"8.";"209.57";"0.00";"209.57"
"2018";"3";"15";"4";"12";"1765";"89.";"5.3";"-0.4";"58.";"8.";"211.06";"0.00";"211.06"
"2018";"3";"15";"4";"13";"1766";"88.";"4.6";"-0";"56.";"7.";"246.41";"109.66";"197.85"
"2018";"3";"15";"4";"14";"1767";"84.";"4.8";"0.3";"57.";"8.";"157.53";"0.00";"157.53"
"2018";"3";"15";"4";"15";"1768";"87.";"5.5";"0.0";"57.";"8.";"110.35";"0.00";"110.35"
"2018";"3";"15";"4";"16";"1769";"84.";"5.4";"-0.3";"57.";"7.";"63.72";"70.25";"52.91"
"2018";"3";"15";"4";"17";"1770";"81.";"5.2";"-0.7";"56.";"7.";"0.00";"0.00";"0.00"
"2018";"3";"15";"4";"18";"1771";"80.";"5.6";"-1.1";"56.";"6.";"0.00";"0.00";"0.00"
"2018";"3";"15";"4";"19";"1772";"84.";"5.0";"-1.6";"57.";"7.";"0.00";"0.00";"0.00"
"2018";"3";"15";"4";"20";"1773";"88.";"5.8";"-1.9";"54.";"5.";"0.00";"0.00";"0.00"
"2018";"3";"15";"4";"21";"1774";"88.";"5.4";"-2.5";"56.";"0.";"0.00";"0.00";"0.00"
"2018";"3";"15";"4";"22";"1775";"84.";"4.7";"-3.1";"60.";"2.";"0.00";"0.00";"0.00"
"2018";"3";"15";"4";"23";"1776";"77.";"4.8";"-3.8";"62.";"0.";"0.00";"0.00";"0.00"
"2018";"3";"16";"5";"0";"1777";"74.";"4.3";"-4.4";"66.";"0.";"0.00";"0.00";"0.00"
"2018";"3";"16";"5";"1";"1778";"72.";"4.2";"-5.1";"70.";"0.";"0.00";"0.00";"0.00"
"2018";"3";"16";"5";"2";"1779";"72.";"4.6";"-5.7";"71.";"0.";"0.00";"0.00";"0.00"
"2018";"3";"16";"5";"3";"1780";"65.";"5.0";"-6.2";"71.";"0.";"0.00";"0.00";"0.00"
"2018";"3";"16";"5";"4";"1781";"63.";"4.7";"-6.6";"73.";"0.";"0.00";"0.00";"0.00"
"2018";"3";"16";"5";"5";"1782";"63.";"4.8";"-6.9";"75.";"0.";"0.00";"0.00";"0.00"
"2018";"3";"16";"5";"6";"1783";"64.";"5.1";"-7.1";"76.";"0.";"1.68";"25.15";"1.04"
"2018";"3";"16";"5";"7";"1784";"67.";"5.5";"-5.7";"70.";"0.";"133.23";"573.19";"41.60"
"2018";"3";"16";"5";"8";"1785";"69.";"5.7";"-4.5";"59.";"0.";"275.64";"708.62";"76.80"
"2018";"3";"16";"5";"9";"1786";"69.";"6.3";"-3.3";"52.";"1.";"381.54";"716.39";"109.90"
"2018";"3";"16";"5";"10";"1787";"72.";"6.7";"-2.4";"47.";"2.";"442.65";"673.14";"140.49"
"2018";"3";"16";"5";"11";"1788";"80.";"7.3";"-1.7";"41.";"4.";"411.71";"435.50";"200.51"
"2018";"3";"16";"5";"12";"1789";"79.";"7.0";"-1.4";"38.";"1.";"507.43";"748.81";"144.28"
"2018";"3";"16";"5";"13";"1790";"73.";"6.5";"-0.9";"35.";"3.";"409.26";"529.63";"171.52"
"2018";"3";"16";"5";"14";"1791";"69.";"6.7";"-1.0";"33.";"2.";"364.03";"638.73";"121.83"
"2018";"3";"16";"5";"15";"1792";"67.";"6.9";"-1.4";"35.";"2.";"251.55";"562.48";"93.72"
"2018";"3";"16";"5";"16";"1793";"66.";"6.8";"-1.9";"35.";"2.";"122.37";"435.26";"52.79"
"2018";"3";"16";"5";"17";"1794";"64.";"6.4";"-2.6";"36.";"0.";"5.64";"84.56";"3.50"
"2018";"3";"16";"5";"18";"1795";"63.";"5.4";"-3.5";"46.";"0.";"0.00";"0.00";"0.00"
"2018";"3";"16";"5";"19";"1796";"57.";"5.0";"-4.2";"54.";"0.";"0.00";"0.00";"0.00"
"2018";"3";"16";"5";"20";"1797";"55.";"4.6";"-4.8";"60.";"2.";"0.00";"0.00";"0.00"
"2018";"3";"16";"5";"21";"1798";"60.";"4.7";"-5.2";"66.";"8.";"0.00";"0.00";"0.00"
"2018";"3";"16";"5";"22";"1799";"60.";"4.3";"-5.7";"70.";"0.";"0.00";"0.00";"0.00"
"2018";"3";"16";"5";"23";"1800";"54.";"3.9";"-6.1";"72.";"0.";"0.00";"0.00";"0.00"
"2018";"3";"17";"6";"0";"1801";"58.";"3.7";"-6.4";"72.";"1.";"0.00";"0.00";"0.00"
"2018";"3";"17";"6";"1";"1802";"46.";"3.7";"-6.8";"74.";"0.";"0.00";"0.00";"0.00"
"2018";"3";"17";"6";"2";"1803";"43.";"3.6";"-7.1";"77.";"0.";"0.00";"0.00";"0.00"
"2018";"3";"17";"6";"3";"1804";"42.";"4.5";"-7.5";"78.";"0.";"0.00";"0.00";"0.00"
"2018";"3";"17";"6";"4";"1805";"44.";"4.5";"-7.7";"79.";"0.";"0.00";"0.00";"0.00"
"2018";"3";"17";"6";"5";"1806";"43.";"4.2";"-7.8";"80.";"0.";"0.00";"0.00";"0.00"
"2018";"3";"17";"6";"6";"1807";"44.";"4.5";"-7.9";"81.";"0.";"5.64";"74.91";"3.31"
"2018";"3";"17";"6";"7";"1808";"45.";"5.0";"-7.0";"77.";"0.";"143.77";"602.16";"43.91"
"2018";"3";"17";"6";"8";"1809";"52.";"5.5";"-5.6";"70.";"1.";"272.39";"675.02";"78.93"
"2018";"3";"17";"6";"9";"1810";"55.";"5.7";"-4.2";"62.";"0.";"413.22";"879.70";"74.33"
"2018";"3";"17";"6";"10";"1811";"62.";"6.3";"-2.9";"53.";"0.";"494.03";"840.11";"111.82"
"2018";"3";"17";"6";"11";"1812";"59.";"5.9";"-1.8";"44.";"0.";"545.80";"902.34";"102.71"
"2018";"3";"17";"6";"12";"1813";"62.";"6.0";"-1.1";"40.";"0.";"545.43";"896.90";"105.01"
"2018";"3";"17";"6";"13";"1814";"67.";"5.9";"-0.8";"37.";"0.";"499.47";"876.82";"100.56"
"2018";"3";"17";"6";"14";"1815";"69.";"6.1";"-0.3";"33.";"1.";"389.48";"715.04";"114.03"
"2018";"3";"17";"6";"15";"1816";"69.";"5.5";"-0.5";"31.";"1.";"275.34";"677.86";"81.06"
"2018";"3";"17";"6";"16";"1817";"63.";"5.3";"-1.1";"33.";"1.";"137.23";"537.26";"48.14"
"2018";"3";"17";"6";"17";"1818";"60.";"4.8";"-2.0";"37.";"0.";"9.19";"122.08";"5.39"
"2018";"3";"17";"6";"18";"1819";"61.";"3.8";"-3.0";"40.";"0.";"0.00";"0.00";"0.00"
"2018";"3";"17";"6";"19";"1820";"54.";"3.4";"-3.7";"44.";"1.";"0.00";"0.00";"0.00"
"2018";"3";"17";"6";"20";"1821";"52.";"2.8";"-4.2";"49.";"0.";"0.00";"0.00";"0.00"
"2018";"3";"17";"6";"21";"1822";"69.";"2.4";"-5.2";"56.";"1.";"0.00";"0.00";"0.00"
"2018";"3";"17";"6";"22";"1823";"65.";"2.3";"-5.7";"60.";"0.";"0.00";"0.00";"0.00"
"2018";"3";"17";"6";"23";"1824";"68.";"2.1";"-6.5";"64.";"0.";"0.00";"0.00";"0.00"
"2018";"3";"18";"7";"0";"1825";"66.";"1.6";"-7.6";"68.";"0.";"0.00";"0.00";"0.00"
"2018";"3";"18";"7";"1";"1826";"51.";"1.5";"-8.6";"73.";"0.";"0.00";"0.00";"0.00"
"2018";"3";"18";"7";"2";"1827";"37.";"1.5";"-9.1";"76.";"0.";"0.00";"0.00";"0.00"
"2018";"3";"18";"7";"3";"1828";"48.";"1.5";"-9.4";"79.";"1.";"0.00";"0.00";"0.00"
"2018";"3";"18";"7";"4";"1829";"53.";"1.4";"-9.9";"80.";"0.";"0.00";"0.00";"0.00"
"2018";"3";"18";"7";"5";"1830";"54.";"1.3";"-10.2";"82.";"1.";"0.00";"0.00";"0.00"
"2018";"3";"18";"7";"6";"1831";"45.";"1.5";"-10.0";"81.";"0.";"11.86";"141.89";"6.60"
"2018";"3";"18";"7";"7";"1832";"49.";"1.3";"-7.6";"75.";"0.";"148.01";"604.24";"44.20"
"2018";"3";"18";"7";"8";"1833";"44.";"1.0";"-4.4";"64.";"0.";"293.87";"777.30";"66.41"
"2018";"3";"18";"7";"9";"1834";"81.";"0.2";"-1.8";"49.";"1.";"397.95";"747.62";"105.43"
"2018";"3";"18";"7";"10";"1835";"247.";"0.6";"-0.6";"42.";"1.";"480.27";"761.80";"129.07"
"2018";"3";"18";"7";"11";"1836";"279.";"0.8";"0.3";"40.";"0.";"552.26";"898.84";"105.43"
"2018";"3";"18";"7";"12";"1837";"287.";"1.9";"1.0";"41.";"0.";"554.50";"922.50";"95.91"
"2018";"3";"18";"7";"13";"1838";"305.";"2.0";"1.9";"36.";"0.";"506.24";"882.29";"99.49"
"2018";"3";"18";"7";"14";"1839";"312.";"2.6";"1.7";"36.";"0.";"421.49";"882.75";"76.11"
"2018";"3";"18";"7";"15";"1840";"313.";"3.1";"1.8";"37.";"0.";"294.20";"771.98";"68.30"
"2018";"3";"18";"7";"16";"1841";"313.";"2.8";"0.9";"40.";"0.";"148.47";"615.00";"42.80"
"2018";"3";"18";"7";"17";"1842";"308.";"2.2";"-0.8";"45.";"0.";"10.66";"127.48";"5.93"
"2018";"3";"18";"7";"18";"1843";"295.";"1.7";"-2.6";"55.";"0.";"0.00";"0.00";"0.00"
"2018";"3";"18";"7";"19";"1844";"270.";"1.5";"-3.6";"62.";"2.";"0.00";"0.00";"0.00"
"2018";"3";"18";"7";"20";"1845";"260.";"1.3";"-4.6";"67.";"2.";"0.00";"0.00";"0.00"
"2018";"3";"18";"7";"21";"1846";"237.";"1.3";"-5.1";"71.";"0.";"0.00";"0.00";"0.00"
"2018";"3";"18";"7";"22";"1847";"228.";"1.4";"-6.1";"74.";"0.";"0.00";"0.00";"0.00"
"2018";"3";"18";"7";"23";"1848";"201.";"0.9";"-6.8";"77.";"5.";"0.00";"0.00";"0.00"
"2018";"3";"19";"1";"0";"1849";"202.";"1.1";"-7.0";"79.";"0.";"0.00";"0.00";"0.00"
"2018";"3";"19";"1";"1";"1850";"204.";"1.8";"-7.1";"81.";"1.";"0.00";"0.00";"0.00"
"2018";"3";"19";"1";"2";"1851";"208.";"2.0";"-7.6";"83.";"1.";"0.00";"0.00";"0.00"
"2018";"3";"19";"1";"3";"1852";"223.";"2.4";"-7.6";"84.";"6.";"0.00";"0.00";"0.00"
"2018";"3";"19";"1";"4";"1853";"224.";"2.9";"-6.6";"83.";"5.";"0.00";"0.00";"0.00"
"2018";"3";"19";"1";"5";"1854";"230.";"3.6";"-5.6";"80.";"8.";"0.00";"0.00";"0.00"
"2018";"3";"19";"1";"6";"1855";"234.";"3.9";"-4.1";"78.";"8.";"4.45";"0.00";"4.45"
"2018";"3";"19";"1";"7";"1856";"237.";"4.4";"-1.6";"70.";"8.";"108.01";"0.00";"108.01"
"2018";"3";"19";"1";"8";"1857";"243.";"5.7";"-0.1";"67.";"6.";"232.58";"176.57";"179.85"
"2018";"3";"19";"1";"9";"1858";"243.";"5.2";"0.6";"65.";"5.";"283.59";"274.11";"174.68"
"2018";"3";"19";"1";"10";"1859";"241.";"5.2";"1.2";"66.";"7.";"256.18";"102.02";"208.53"
"2018";"3";"19";"1";"11";"1860";"233.";"5.1";"1.2";"70.";"5.";"380.04";"318.62";"219.72"
"2018";"3";"19";"1";"12";"1861";"232.";"5.5";"1.4";"72.";"7.";"410.54";"103.01";"358.71"
"2018";"3";"19";"1";"13";"1862";"229.";"5.5";"1.5";"72.";"5.";"344.63";"297.80";"205.54"
"2018";"3";"19";"1";"14";"1863";"224.";"5.2";"1.9";"73.";"3.";"341.38";"468.09";"155.41"
"2018";"3";"19";"1";"15";"1864";"217.";"3.8";"2.8";"74.";"5.";"194.45";"232.32";"125.07"
"2018";"3";"19";"1";"16";"1865";"200.";"2.3";"2.5";"72.";"5.";"96.93";"189.76";"63.19"
"2018";"3";"19";"1";"17";"1866";"119.";"1.4";"2.1";"74.";"8.";"1.26";"0.00";"1.26"
"2018";"3";"19";"1";"18";"1867";"33.";"3.8";"1.3";"84.";"8.";"0.00";"0.00";"0.00"
"2018";"3";"19";"1";"19";"1868";"33.";"3.8";"0.5";"91.";"8.";"0.00";"0.00";"0.00"
"2018";"3";"19";"1";"20";"1869";"18.";"2.9";"-0.1";"93.";"8.";"0.00";"0.00";"0.00"
"2018";"3";"19";"1";"21";"1870";"2.";"3.3";"-1.3";"94.";"2.";"0.00";"0.00";"0.00"
"2018";"3";"19";"1";"22";"1871";"351.";"3.4";"-1.6";"93.";"1.";"0.00";"0.00";"0.00"
"2018";"3";"19";"1";"23";"1872";"353.";"3.6";"-1.9";"91.";"0.";"0.00";"0.00";"0.00"
"2018";"3";"20";"2";"0";"1873";"352.";"3.4";"-2.2";"87.";"0.";"0.00";"0.00";"0.00"
"2018";"3";"20";"2";"1";"1874";"354.";"3.3";"-2.5";"83.";"0.";"0.00";"0.00";"0.00"
"2018";"3";"20";"2";"2";"1875";"348.";"3.3";"-2.5";"81.";"0.";"0.00";"0.00";"0.00"
"2018";"3";"20";"2";"3";"1876";"348.";"3.5";"-2.9";"79.";"0.";"0.00";"0.00";"0.00"
"2018";"3";"20";"2";"4";"1877";"345.";"3.3";"-3.1";"78.";"0.";"0.00";"0.00";"0.00"
"2018";"3";"20";"2";"5";"1878";"350.";"3.0";"-3.1";"77.";"0.";"0.00";"0.00";"0.00"
"2018";"3";"20";"2";"6";"1879";"3.";"3.1";"-2.9";"76.";"0.";"14.67";"148.01";"7.42"
"2018";"3";"20";"2";"7";"1880";"3.";"3.6";"-0.8";"69.";"0.";"154.40";"587.79";"46.38"
"2018";"3";"20";"2";"8";"1881";"4.";"4.3";"0.8";"63.";"1.";"287.54";"659.05";"86.77"
"2018";"3";"20";"2";"9";"1882";"14.";"4.7";"2.0";"58.";"0.";"426.91";"835.07";"90.12"
"2018";"3";"20";"2";"10";"1883";"20.";"4.6";"3.0";"54.";"0.";"512.86";"851.39";"110.07"
"2018";"3";"20";"2";"11";"1884";"16.";"4.0";"3.6";"50.";"1.";"529.23";"743.05";"150.86"
"2018";"3";"20";"2";"12";"1885";"5.";"3.7";"4.0";"46.";"0.";"559.82";"869.97";"116.82"
"2018";"3";"20";"2";"13";"1886";"353.";"3.4";"4.4";"41.";"0.";"498.57";"728.08";"154.12"
"2018";"3";"20";"2";"14";"1887";"354.";"3.1";"5.0";"37.";"0.";"431.09";"853.85";"86.72"
"2018";"3";"20";"2";"15";"1888";"336.";"2.6";"5.0";"45.";"2.";"272.14";"571.77";"97.96"
"2018";"3";"20";"2";"16";"1889";"306.";"3.6";"3.6";"46.";"2.";"138.19";"422.21";"60.61"
"2018";"3";"20";"2";"17";"1890";"302.";"3.0";"2.2";"55.";"0.";"13.68";"130.95";"7.27"
"2018";"3";"20";"2";"18";"1891";"300.";"2.2";"0.1";"64.";"0.";"0.00";"0.00";"0.00"
"2018";"3";"20";"2";"19";"1892";"300.";"1.8";"-1.1";"72.";"2.";"0.00";"0.00";"0.00"
"2018";"3";"20";"2";"20";"1893";"286.";"1.8";"-1.6";"76.";"4.";"0.00";"0.00";"0.00"
"2018";"3";"20";"2";"21";"1894";"280.";"2.0";"-2.6";"79.";"6.";"0.00";"0.00";"0.00"
"2018";"3";"20";"2";"22";"1895";"248.";"1.1";"-3.1";"81.";"4.";"0.00";"0.00";"0.00"
"2018";"3";"20";"2";"23";"1896";"217.";"1.6";"-3.1";"84.";"8.";"0.00";"0.00";"0.00"
"2018";"3";"21";"3";"0";"1897";"216.";"2.1";"-3.3";"86.";"7.";"0.00";"0.00";"0.00"
"2018";"3";"21";"3";"1";"1898";"211.";"2.2";"-3.1";"86.";"8.";"0.00";"0.00";"0.00"
"2018";"3";"21";"3";"2";"1899";"219.";"2.7";"-2.9";"85.";"8.";"0.00";"0.00";"0.00"
"2018";"3";"21";"3";"3";"1900";"206.";"2.6";"-1.6";"83.";"8.";"0.00";"0.00";"0.00"
"2018";"3";"21";"3";"4";"1901";"210.";"2.9";"-1.2";"85.";"8.";"0.00";"0.00";"0.00"
"2018";"3";"21";"3";"5";"1902";"222.";"2.9";"-0.6";"87.";"8.";"0.00";"0.00";"0.00"
"2018";"3";"21";"3";"6";"1903";"219.";"2.3";"-0.1";"87.";"6.";"7.77";"27.25";"6.27"
"2018";"3";"21";"3";"7";"1904";"229.";"2.4";"0.4";"86.";"6.";"120.75";"124.75";"97.08"
"2018";"3";"21";"3";"8";"1905";"236.";"2.2";"1.5";"85.";"7.";"219.43";"74.70";"196.22"
"2018";"3";"21";"3";"9";"1906";"239.";"3.0";"2.8";"80.";"7.";"215.90";"96.11";"176.56"
"2018";"3";"21";"3";"10";"1907";"256.";"3.5";"3.4";"75.";"4.";"381.13";"350.46";"213.22"
"2018";"3";"21";"3";"11";"1908";"261.";"3.2";"4.1";"73.";"8.";"216.71";"0.00";"216.71"
"2018";"3";"21";"3";"12";"1909";"255.";"3.3";"4.1";"73.";"5.";"376.99";"277.99";"233.76"
"2018";"3";"21";"3";"13";"1910";"258.";"3.7";"4.2";"76.";"6.";"306.86";"192.70";"214.53"
"2018";"3";"21";"3";"14";"1911";"258.";"3.6";"4.0";"76.";"5.";"348.68";"273.26";"236.83"
"2018";"3";"21";"3";"15";"1912";"247.";"4.2";"4.0";"75.";"5.";"207.00";"258.19";"126.80"
"2018";"3";"21";"3";"16";"1913";"266.";"4.5";"3.3";"80.";"6.";"89.36";"115.30";"67.48"
"2018";"3";"21";"3";"17";"1914";"270.";"6.3";"3.0";"83.";"7.";"4.13";"7.28";"3.73"
"2018";"3";"21";"3";"18";"1915";"271.";"5.0";"2.6";"78.";"7.";"0.00";"0.00";"0.00"
"2018";"3";"21";"3";"19";"1916";"270.";"4.3";"2.5";"80.";"8.";"0.00";"0.00";"0.00"
"2018";"3";"21";"3";"20";"1917";"262.";"4.1";"2.4";"81.";"7.";"0.00";"0.00";"0.00"
"2018";"3";"21";"3";"21";"1918";"244.";"4.7";"1.2";"87.";"8.";"0.00";"0.00";"0.00"
"2018";"3";"21";"3";"22";"1919";"226.";"3.7";"0.4";"95.";"8.";"0.00";"0.00";"0.00"
"2018";"3";"21";"3";"23";"1920";"225.";"3.3";"0.3";"96.";"8.";"0.00";"0.00";"0.00"
"2018";"3";"22";"4";"0";"1921";"211.";"3.2";"0.3";"97.";"8.";"0.00";"0.00";"0.00"
"2018";"3";"22";"4";"1";"1922";"200.";"3.0";"0.3";"97.";"8.";"0.00";"0.00";"0.00"
"2018";"3";"22";"4";"2";"1923";"207.";"2.7";"0.3";"97.";"8.";"0.00";"0.00";"0.00"
"2018";"3";"22";"4";"3";"1924";"207.";"1.9";"0.4";"97.";"8.";"0.00";"0.00";"0.00"
"2018";"3";"22";"4";"4";"1925";"203.";"0.7";"0.4";"97.";"8.";"0.00";"0.00";"0.00"
"2018";"3";"22";"4";"5";"1926";"89.";"0.3";"0.4";"97.";"8.";"0.00";"0.00";"0.00"
"2018";"3";"22";"4";"6";"1927";"43.";"0.5";"0.5";"97.";"8.";"4.17";"0.00";"4.17"
"2018";"3";"22";"4";"7";"1928";"38.";"0.8";"0.7";"96.";"8.";"40.81";"0.00";"40.81"
"2018";"3";"22";"4";"8";"1929";"28.";"1.1";"1.0";"95.";"8.";"105.01";"0.00";"105.01"
"2018";"3";"22";"4";"9";"1930";"34.";"1.3";"1.3";"96.";"7.";"199.91";"61.45";"174.39"
"2018";"3";"22";"4";"10";"1931";"355.";"1.1";"1.5";"95.";"8.";"201.84";"0.00";"201.84"
"2018";"3";"22";"4";"11";"1932";"328.";"0.8";"1.6";"94.";"8.";"222.34";"0.00";"222.34"
"2018";"3";"22";"4";"12";"1933";"290.";"1.4";"1.9";"94.";"8.";"217.71";"0.00";"217.71"
"2018";"3";"22";"4";"13";"1934";"285.";"1.8";"2.1";"93.";"8.";"205.25";"0.00";"205.25"
"2018";"3";"22";"4";"14";"1935";"281.";"2.0";"2.0";"92.";"8.";"170.21";"0.00";"170.21"
"2018";"3";"22";"4";"15";"1936";"287.";"2.0";"1.4";"93.";"8.";"120.36";"0.00";"120.36"
"2018";"3";"22";"4";"16";"1937";"296.";"1.1";"1.1";"92.";"7.";"81.05";"67.67";"67.81"
"2018";"3";"22";"4";"17";"1938";"293.";"1.7";"0.6";"93.";"8.";"5.93";"0.00";"5.93"
"2018";"3";"22";"4";"18";"1939";"317.";"1.9";"-0";"93.";"8.";"0.00";"0.00";"0.00"
"2018";"3";"22";"4";"19";"1940";"297.";"1.9";"-0.4";"94.";"7.";"0.00";"0.00";"0.00"
"2018";"3";"22";"4";"20";"1941";"270.";"1.3";"-0.6";"95.";"8.";"0.00";"0.00";"0.00"
"2018";"3";"22";"4";"21";"1942";"232.";"1.4";"-0.8";"96.";"8.";"0.00";"0.00";"0.00"
"2018";"3";"22";"4";"22";"1943";"209.";"1.4";"-0.9";"96.";"8.";"0.00";"0.00";"0.00"
"2018";"3";"22";"4";"23";"1944";"204.";"1.4";"-1.0";"97.";"8.";"0.00";"0.00";"0.00"
"2018";"3";"23";"5";"0";"1945";"188.";"1.0";"-1.1";"97.";"8.";"0.00";"0.00";"0.00"
"2018";"3";"23";"5";"1";"1946";"193.";"1.1";"-1.4";"97.";"8.";"0.00";"0.00";"0.00"
"2018";"3";"23";"5";"2";"1947";"209.";"1.4";"-1.5";"96.";"8.";"0.00";"0.00";"0.00"
"2018";"3";"23";"5";"3";"1948";"174.";"1.4";"-1.5";"97.";"8.";"0.00";"0.00";"0.00"
"2018";"3";"23";"5";"4";"1949";"163.";"2.1";"-1.5";"97.";"8.";"0.00";"0.00";"0.00"
"2018";"3";"23";"5";"5";"1950";"147.";"2.7";"-1.4";"97.";"8.";"0.00";"0.00";"0.00"
"2018";"3";"23";"5";"6";"1951";"153.";"2.8";"-1.0";"97.";"8.";"8.09";"0.00";"8.09"
"2018";"3";"23";"5";"7";"1952";"146.";"3.1";"-0.4";"97.";"8.";"59.29";"0.00";"59.29"
"2018";"3";"23";"5";"8";"1953";"149.";"3.3";"0.2";"96.";"8.";"114.93";"0.00";"114.93"
"2018";"3";"23";"5";"9";"1954";"158.";"3.1";"1.0";"93.";"8.";"157.88";"0.00";"157.88"
"2018";"3";"23";"5";"10";"1955";"165.";"3.4";"1.4";"90.";"8.";"194.09";"0.00";"194.09"
"2018";"3";"23";"5";"11";"1956";"172.";"3.4";"1.5";"88.";"8.";"215.33";"0.00";"215.33"
"2018";"3";"23";"5";"12";"1957";"181.";"3.4";"1.0";"89.";"7.";"271.30";"72.57";"233.04"
"2018";"3";"23";"5";"13";"1958";"187.";"3.9";"0.5";"91.";"7.";"257.28";"82.41";"216.81"
"2018";"3";"23";"5";"14";"1959";"173.";"4.5";"0.3";"91.";"8.";"169.70";"0.00";"169.70"
"2018";"3";"23";"5";"15";"1960";"162.";"4.2";"0.4";"91.";"8.";"122.38";"0.00";"122.38"
"2018";"3";"23";"5";"16";"1961";"158.";"4.5";"0.7";"88.";"8.";"65.29";"0.00";"65.29"
"2018";"3";"23";"5";"17";"1962";"162.";"4.3";"0.9";"85.";"8.";"8.72";"0.00";"8.72"
"2018";"3";"23";"5";"18";"1963";"159.";"4.0";"0.6";"86.";"7.";"0.00";"0.00";"0.00"
"2018";"3";"23";"5";"19";"1964";"156.";"3.4";"0.6";"86.";"7.";"0.00";"0.00";"0.00"
"2018";"3";"23";"5";"20";"1965";"163.";"3.5";"0.8";"82.";"7.";"0.00";"0.00";"0.00"
"2018";"3";"23";"5";"21";"1966";"169.";"4.1";"0.8";"84.";"8.";"0.00";"0.00";"0.00"
"2018";"3";"23";"5";"22";"1967";"168.";"4.9";"0.9";"85.";"8.";"0.00";"0.00";"0.00"
"2018";"3";"23";"5";"23";"1968";"162.";"5.5";"0.9";"87.";"8.";"0.00";"0.00";"0.00"
"2018";"3";"24";"6";"0";"1969";"169.";"4.8";"0.9";"88.";"8.";"0.00";"0.00";"0.00"
"2018";"3";"24";"6";"1";"1970";"169.";"4.9";"0.9";"88.";"7.";"0.00";"0.00";"0.00"
"2018";"3";"24";"6";"2";"1971";"171.";"5.0";"0.6";"91.";"7.";"0.00";"0.00";"0.00"
"2018";"3";"24";"6";"3";"1972";"171.";"5.3";"0.6";"93.";"8.";"0.00";"0.00";"0.00"
"2018";"3";"24";"6";"4";"1973";"170.";"4.9";"0.6";"94.";"7.";"0.00";"0.00";"0.00"
"2018";"3";"24";"6";"5";"1974";"171.";"5.0";"0.5";"95.";"8.";"0.00";"0.00";"0.00"
"2018";"3";"24";"6";"6";"1975";"170.";"5.3";"0.7";"94.";"8.";"8.81";"0.00";"8.81"
"2018";"3";"24";"6";"7";"1976";"173.";"5.5";"0.9";"94.";"8.";"57.04";"0.00";"57.04"
"2018";"3";"24";"6";"8";"1977";"171.";"5.0";"1.2";"94.";"8.";"106.02";"0.00";"106.02"
"2018";"3";"24";"6";"9";"1978";"177.";"4.6";"1.4";"94.";"8.";"148.23";"0.00";"148.23"
"2018";"3";"24";"6";"10";"1979";"172.";"4.7";"1.7";"94.";"8.";"172.80";"0.00";"172.80"
"2018";"3";"24";"6";"11";"1980";"173.";"4.7";"1.8";"96.";"8.";"178.37";"0.00";"178.37"
"2018";"3";"24";"6";"12";"1981";"176.";"4.6";"1.8";"95.";"8.";"182.59";"0.00";"182.59"
"2018";"3";"24";"6";"13";"1982";"177.";"4.5";"2.0";"95.";"8.";"167.11";"0.00";"167.11"
"2018";"3";"24";"6";"14";"1983";"178.";"4.2";"2.1";"95.";"8.";"140.03";"0.00";"140.03"
"2018";"3";"24";"6";"15";"1984";"178.";"3.8";"2.0";"95.";"8.";"100.37";"0.00";"100.37"
"2018";"3";"24";"6";"16";"1985";"183.";"4.0";"2.0";"94.";"8.";"50.75";"0.00";"50.75"
"2018";"3";"24";"6";"17";"1986";"189.";"3.7";"2.0";"95.";"8.";"7.14";"0.00";"7.14"
"2018";"3";"24";"6";"18";"1987";"184.";"3.2";"1.8";"95.";"8.";"0.00";"0.00";"0.00"
"2018";"3";"24";"6";"19";"1988";"195.";"2.8";"1.8";"95.";"8.";"0.00";"0.00";"0.00"
"2018";"3";"24";"6";"20";"1989";"194.";"2.6";"1.9";"95.";"8.";"0.00";"0.00";"0.00"
"2018";"3";"24";"6";"21";"1990";"206.";"2.2";"1.9";"95.";"8.";"0.00";"0.00";"0.00"
"2018";"3";"24";"6";"22";"1991";"216.";"1.9";"2.0";"95.";"8.";"0.00";"0.00";"0.00"
"2018";"3";"24";"6";"23";"1992";"224.";"1.7";"2.0";"95.";"8.";"0.00";"0.00";"0.00"
"2018";"3";"25";"7";"0";"1993";"223.";"1.6";"2.0";"96.";"8.";"0.00";"0.00";"0.00"
"2018";"3";"25";"7";"1";"1994";"227.";"1.7";"1.9";"96.";"8.";"0.00";"0.00";"0.00"
"2018";"3";"25";"7";"2";"1995";"243.";"2.4";"1.9";"97.";"8.";"0.00";"0.00";"0.00"
"2018";"3";"25";"7";"3";"1996";"236.";"2.7";"1.7";"95.";"8.";"0.00";"0.00";"0.00"
"2018";"3";"25";"7";"4";"1997";"230.";"2.5";"1.6";"95.";"7.";"0.00";"0.00";"0.00"
"2018";"3";"25";"7";"5";"1998";"235.";"2.4";"1.7";"95.";"7.";"0.00";"0.00";"0.00"
"2018";"3";"25";"7";"6";"1999";"244.";"2.1";"1.9";"94.";"8.";"9.42";"0.00";"9.42"
"2018";"3";"25";"7";"7";"2000";"236.";"2.3";"2.2";"94.";"7.";"72.78";"19.32";"68.65"
"2018";"3";"25";"7";"8";"2001";"238.";"2.6";"2.9";"93.";"8.";"109.79";"0.00";"109.79"
"2018";"3";"25";"7";"9";"2002";"251.";"3.3";"3.5";"93.";"7.";"201.76";"51.38";"179.51"
"2018";"3";"25";"7";"10";"2003";"258.";"3.0";"4.3";"90.";"7.";"250.16";"65.55";"217.20"
"2018";"3";"25";"7";"11";"2004";"261.";"2.9";"4.8";"87.";"4.";"414.53";"289.23";"258.61"
"2018";"3";"25";"7";"12";"2005";"271.";"3.3";"5.6";"83.";"4.";"426.54";"333.54";"246.74"
"2018";"3";"25";"7";"13";"2006";"274.";"3.0";"5.5";"83.";"6.";"318.38";"183.11";"226.28"
"2018";"3";"25";"7";"14";"2007";"278.";"2.4";"5.4";"81.";"7.";"230.28";"100.38";"186.80"
"2018";"3";"25";"7";"15";"2008";"262.";"2.7";"5.5";"81.";"3.";"268.87";"426.34";"126.28"
"2018";"3";"25";"7";"16";"2009";"247.";"2.6";"5.0";"85.";"0.";"173.19";"531.98";"59.58"
"2018";"3";"25";"7";"17";"2010";"227.";"2.2";"3.7";"91.";"4.";"19.62";"77.67";"13.50"
"2018";"3";"25";"7";"18";"2011";"209.";"1.9";"2.1";"95.";"7.";"0.00";"0.00";"0.00"
"2018";"3";"25";"7";"19";"2012";"213.";"1.9";"1.4";"96.";"7.";"0.00";"0.00";"0.00"
"2018";"3";"25";"7";"20";"2013";"181.";"1.6";"1.2";"97.";"7.";"0.00";"0.00";"0.00"
"2018";"3";"25";"7";"21";"2014";"200.";"1.7";"1.6";"97.";"8.";"0.00";"0.00";"0.00"
"2018";"3";"25";"7";"22";"2015";"232.";"2.2";"1.8";"97.";"8.";"0.00";"0.00";"0.00"
"2018";"3";"25";"7";"23";"2016";"235.";"2.6";"2.3";"96.";"8.";"0.00";"0.00";"0.00"
"2018";"3";"26";"1";"0";"2017";"231.";"3.2";"2.5";"95.";"8.";"0.00";"0.00";"0.00"
"2018";"3";"26";"1";"1";"2018";"230.";"3.2";"2.4";"95.";"8.";"0.00";"0.00";"0.00"
"2018";"3";"26";"1";"2";"2019";"226.";"2.4";"2.5";"94.";"7.";"0.00";"0.00";"0.00"
"2018";"3";"26";"1";"3";"2020";"212.";"1.3";"2.4";"94.";"7.";"0.00";"0.00";"0.00"
"2018";"3";"26";"1";"4";"2021";"213.";"1.4";"2.4";"94.";"8.";"0.00";"0.00";"0.00"
"2018";"3";"26";"1";"5";"2022";"213.";"1.6";"2.4";"94.";"7.";"0.00";"0.00";"0.00"
"2018";"3";"26";"1";"6";"2023";"218.";"1.4";"2.5";"94.";"6.";"19.01";"38.01";"15.79"
"2018";"3";"26";"1";"7";"2024";"237.";"1.4";"2.9";"93.";"7.";"88.28";"52.95";"76.66"
"2018";"3";"26";"1";"8";"2025";"275.";"1.1";"3.1";"92.";"8.";"125.99";"0.00";"125.99"
"2018";"3";"26";"1";"9";"2026";"7.";"0.5";"3.7";"88.";"8.";"173.41";"0.00";"173.41"
"2018";"3";"26";"1";"10";"2027";"58.";"1.1";"4.4";"83.";"8.";"204.90";"0.00";"204.90"
"2018";"3";"26";"1";"11";"2028";"66.";"1.8";"4.6";"81.";"8.";"231.00";"0.00";"231.00"
"2018";"3";"26";"1";"12";"2029";"45.";"2.3";"4.6";"81.";"7.";"298.28";"99.07";"244.29"
"2018";"3";"26";"1";"13";"2030";"41.";"3.5";"3.7";"81.";"8.";"220.35";"0.00";"220.35"
"2018";"3";"26";"1";"14";"2031";"53.";"4.4";"2.5";"79.";"8.";"184.44";"0.00";"184.44"
"2018";"3";"26";"1";"15";"2032";"58.";"4.9";"1.7";"80.";"8.";"136.11";"0.00";"136.11"
"2018";"3";"26";"1";"16";"2033";"60.";"4.7";"0.9";"85.";"8.";"68.89";"0.00";"68.89"
"2018";"3";"26";"1";"17";"2034";"61.";"4.9";"-0";"84.";"8.";"16.10";"0.00";"16.10"
"2018";"3";"26";"1";"18";"2035";"60.";"5.2";"-0.6";"85.";"8.";"0.00";"0.00";"0.00"
"2018";"3";"26";"1";"19";"2036";"64.";"4.8";"-0.9";"85.";"7.";"0.00";"0.00";"0.00"
"2018";"3";"26";"1";"20";"2037";"67.";"4.5";"-1.1";"86.";"8.";"0.00";"0.00";"0.00"
"2018";"3";"26";"1";"21";"2038";"73.";"4.2";"-1.2";"87.";"8.";"0.00";"0.00";"0.00"
"2018";"3";"26";"1";"22";"2039";"74.";"4.2";"-1.2";"88.";"7.";"0.00";"0.00";"0.00"
"2018";"3";"26";"1";"23";"2040";"73.";"3.9";"-1.2";"88.";"8.";"0.00";"0.00";"0.00"
"2018";"3";"27";"2";"0";"2041";"76.";"3.8";"-1.2";"89.";"8.";"0.00";"0.00";"0.00"
"2018";"3";"27";"2";"1";"2042";"80.";"3.9";"-1.5";"89.";"8.";"0.00";"0.00";"0.00"
"2018";"3";"27";"2";"2";"2043";"84.";"4.4";"-2.2";"90.";"8.";"0.00";"0.00";"0.00"
"2018";"3";"27";"2";"3";"2044";"87.";"4.7";"-2.6";"90.";"8.";"0.00";"0.00";"0.00"
"2018";"3";"27";"2";"4";"2045";"84.";"4.2";"-2.6";"88.";"7.";"0.00";"0.00";"0.00"
"2018";"3";"27";"2";"5";"2046";"88.";"4.0";"-2.5";"86.";"7.";"0.00";"0.00";"0.00"
"2018";"3";"27";"2";"6";"2047";"86.";"4.0";"-2.5";"84.";"8.";"20.25";"0.00";"20.25"
"2018";"3";"27";"2";"7";"2048";"83.";"3.9";"-2.3";"82.";"7.";"103.09";"78.21";"85.46"
"2018";"3";"27";"2";"8";"2049";"85.";"4.4";"-1.8";"80.";"8.";"139.50";"0.00";"139.50"
"2018";"3";"27";"2";"9";"2050";"85.";"4.5";"-1.2";"78.";"8.";"187.06";"0.00";"187.06"
"2018";"3";"27";"2";"10";"2051";"90.";"4.6";"-0.5";"73.";"8.";"225.82";"0.00";"225.82"
"2018";"3";"27";"2";"11";"2052";"91.";"4.7";"0.5";"70.";"8.";"244.62";"0.00";"244.62"
"2018";"3";"27";"2";"12";"2053";"89.";"4.4";"0.7";"69.";"7.";"316.43";"119.66";"250.52"
"2018";"3";"27";"2";"13";"2054";"88.";"4.6";"1.0";"67.";"7.";"292.45";"117.19";"232.13"
"2018";"3";"27";"2";"14";"2055";"89.";"4.3";"0.9";"66.";"8.";"192.82";"0.00";"192.82"
"2018";"3";"27";"2";"15";"2056";"82.";"4.6";"0.8";"65.";"8.";"141.87";"0.00";"141.87"
"2018";"3";"27";"2";"16";"2057";"81.";"4.4";"0.9";"65.";"7.";"103.06";"78.14";"85.45"
"2018";"3";"27";"2";"17";"2058";"83.";"4.1";"0.4";"67.";"6.";"31.17";"84.05";"23.55"
"2018";"3";"27";"2";"18";"2059";"82.";"3.3";"-0";"70.";"6.";"0.00";"0.00";"0.00"
"2018";"3";"27";"2";"19";"2060";"82.";"3.8";"-0.2";"69.";"3.";"0.00";"0.00";"0.00"
"2018";"3";"27";"2";"20";"2061";"82.";"3.5";"-0.7";"70.";"3.";"0.00";"0.00";"0.00"
"2018";"3";"27";"2";"21";"2062";"85.";"2.8";"-1.1";"75.";"5.";"0.00";"0.00";"0.00"
"2018";"3";"27";"2";"22";"2063";"95.";"2.3";"-1.8";"80.";"3.";"0.00";"0.00";"0.00"
"2018";"3";"27";"2";"23";"2064";"95.";"2.3";"-2.5";"82.";"0.";"0.00";"0.00";"0.00"
"2018";"3";"28";"3";"0";"2065";"97.";"2.6";"-3.2";"79.";"0.";"0.00";"0.00";"0.00"
"2018";"3";"28";"3";"1";"2066";"100.";"2.3";"-3.9";"81.";"0.";"0.00";"0.00";"0.00"
"2018";"3";"28";"3";"2";"2067";"97.";"2.4";"-4.5";"83.";"0.";"0.00";"0.00";"0.00"
"2018";"3";"28";"3";"3";"2068";"90.";"2.5";"-5.0";"85.";"0.";"0.00";"0.00";"0.00"
"2018";"3";"28";"3";"4";"2069";"87.";"2.4";"-5.2";"87.";"0.";"0.00";"0.00";"0.00"
"2018";"3";"28";"3";"5";"2070";"83.";"2.5";"-5.4";"85.";"0.";"0.00";"0.00";"0.00"
"2018";"3";"28";"3";"6";"2071";"85.";"2.9";"-4.8";"81.";"0.";"59.01";"339.13";"26.28"
"2018";"3";"28";"3";"7";"2072";"96.";"3.3";"-3.0";"69.";"0.";"204.51";"543.20";"78.87"
"2018";"3";"28";"3";"8";"2073";"101.";"4.1";"-1.0";"53.";"0.";"355.72";"709.14";"106.01"
"2018";"3";"28";"3";"9";"2074";"105.";"5.2";"-0";"45.";"0.";"485.91";"831.87";"110.91"
"2018";"3";"28";"3";"10";"2075";"107.";"5.6";"0.6";"42.";"0.";"573.96";"863.48";"124.46"
"2018";"3";"28";"3";"11";"2076";"106.";"5.4";"1.3";"41.";"0.";"621.28";"891.06";"125.25"
"2018";"3";"28";"3";"12";"2077";"109.";"5.0";"2.1";"40.";"0.";"621.56";"894.79";"123.45"
"2018";"3";"28";"3";"13";"2078";"113.";"5.0";"2.5";"40.";"1.";"546.30";"763.77";"148.70"
"2018";"3";"28";"3";"14";"2079";"112.";"5.1";"2.7";"40.";"2.";"438.35";"647.86";"146.30"
"2018";"3";"28";"3";"15";"2080";"111.";"5.3";"2.6";"42.";"4.";"280.46";"402.72";"138.65"
"2018";"3";"28";"3";"16";"2081";"113.";"4.5";"2.2";"44.";"0.";"216.10";"705.30";"52.97"
"2018";"3";"28";"3";"17";"2082";"106.";"3.7";"1.3";"47.";"7.";"31.67";"49.58";"26.88"
"2018";"3";"28";"3";"18";"2083";"94.";"3.5";"0.2";"51.";"5.";"0.00";"0.00";"0.00"
"2018";"3";"28";"3";"19";"2084";"93.";"2.5";"-0.6";"56.";"5.";"0.00";"0.00";"0.00"
"2018";"3";"28";"3";"20";"2085";"94.";"2.5";"-1.2";"58.";"4.";"0.00";"0.00";"0.00"
"2018";"3";"28";"3";"21";"2086";"93.";"3.5";"-1.7";"60.";"2.";"0.00";"0.00";"0.00"
"2018";"3";"28";"3";"22";"2087";"93.";"4.3";"-2.2";"61.";"2.";"0.00";"0.00";"0.00"
"2018";"3";"28";"3";"23";"2088";"93.";"3.9";"-2.7";"62.";"1.";"0.00";"0.00";"0.00"
"2018";"3";"29";"4";"0";"2089";"88.";"4.7";"-3.0";"64.";"2.";"0.00";"0.00";"0.00"
"2018";"3";"29";"4";"1";"2090";"87.";"5.4";"-3.3";"65.";"3.";"0.00";"0.00";"0.00"
"2018";"3";"29";"4";"2";"2091";"88.";"5.3";"-3.4";"65.";"1.";"0.00";"0.00";"0.00"
"2018";"3";"29";"4";"3";"2092";"86.";"5.0";"-3.5";"66.";"2.";"0.00";"0.00";"0.00"
"2018";"3";"29";"4";"4";"2093";"82.";"4.6";"-3.7";"68.";"4.";"0.00";"0.00";"0.00"
"2018";"3";"29";"4";"5";"2094";"78.";"4.1";"-3.6";"70.";"5.";"0.00";"0.00";"0.00"
"2018";"3";"29";"4";"6";"2095";"77.";"4.3";"-3.2";"69.";"8.";"47.32";"0.00";"47.32"
"2018";"3";"29";"4";"7";"2096";"79.";"4.2";"-2.1";"67.";"6.";"173.64";"161.19";"135.41"
"2018";"3";"29";"4";"8";"2097";"80.";"4.8";"-0.5";"61.";"3.";"333.95";"488.22";"159.18"
"2018";"3";"29";"4";"9";"2098";"80.";"5.0";"0.5";"56.";"7.";"372.86";"107.63";"323.72"
"2018";"3";"29";"4";"10";"2099";"77.";"5.0";"1.7";"50.";"5.";"492.18";"334.89";"315.90"
"2018";"3";"29";"4";"11";"2100";"76.";"5.2";"2.7";"45.";"2.";"589.80";"671.37";"212.17"
"2018";"3";"29";"4";"12";"2101";"74.";"5.4";"3.4";"43.";"2.";"591.59";"656.93";"222.09"
"2018";"3";"29";"4";"13";"2102";"75.";"5.5";"4.2";"41.";"0.";"584.64";"907.60";"106.90"
"2018";"3";"29";"4";"14";"2103";"77.";"5.5";"4.3";"38.";"5.";"425.76";"328.76";"275.64"
"2018";"3";"29";"4";"15";"2104";"76.";"5.5";"4.0";"38.";"0.";"371.63";"807.77";"82.47"
"2018";"3";"29";"4";"16";"2105";"78.";"5.0";"3.4";"38.";"3.";"203.19";"427.50";"101.80"
"2018";"3";"29";"4";"17";"2106";"77.";"4.3";"2.6";"39.";"5.";"59.29";"159.43";"42.96"
"2018";"3";"29";"4";"18";"2107";"68.";"3.2";"1.4";"45.";"4.";"0.00";"0.00";"0.00"
"2018";"3";"29";"4";"19";"2108";"62.";"3.1";"0.3";"51.";"6.";"0.00";"0.00";"0.00"
"2018";"3";"29";"4";"20";"2109";"66.";"3.4";"-0.6";"54.";"4.";"0.00";"0.00";"0.00"
"2018";"3";"29";"4";"21";"2110";"66.";"3.4";"-1.0";"56.";"2.";"0.00";"0.00";"0.00"
"2018";"3";"29";"4";"22";"2111";"66.";"3.4";"-1.5";"58.";"1.";"0.00";"0.00";"0.00"
"2018";"3";"29";"4";"23";"2112";"59.";"3.0";"-2.2";"61.";"3.";"0.00";"0.00";"0.00"
"2018";"3";"30";"5";"0";"2113";"52.";"2.9";"-2.6";"63.";"1.";"0.00";"0.00";"0.00"
"2018";"3";"30";"5";"1";"2114";"52.";"3.1";"-2.9";"67.";"0.";"0.00";"0.00";"0.00"
"2018";"3";"30";"5";"2";"2115";"55.";"3.2";"-3.3";"71.";"0.";"0.00";"0.00";"0.00"
"2018";"3";"30";"5";"3";"2116";"52.";"3.0";"-3.6";"74.";"1.";"0.00";"0.00";"0.00"
"2018";"3";"30";"5";"4";"2117";"55.";"3.2";"-4.0";"77.";"1.";"0.00";"0.00";"0.00"
"2018";"3";"30";"5";"5";"2118";"55.";"3.3";"-4.2";"80.";"0.";"0.00";"0.00";"0.00"
"2018";"3";"30";"5";"6";"2119";"53.";"3.4";"-3.7";"78.";"0.";"71.69";"409.73";"27.30"
"2018";"3";"30";"5";"7";"2120";"55.";"3.8";"-2.2";"73.";"0.";"225.82";"679.06";"60.79"
"2018";"3";"30";"5";"8";"2121";"55.";"3.6";"-0.6";"67.";"1.";"355.49";"685.18";"106.22"
"2018";"3";"30";"5";"9";"2122";"55.";"3.1";"1.3";"60.";"1.";"472.33";"732.49";"133.62"
"2018";"3";"30";"5";"10";"2123";"56.";"3.0";"2.9";"52.";"1.";"559.78";"784.69";"142.21"
"2018";"3";"30";"5";"11";"2124";"53.";"2.5";"4.1";"44.";"1.";"605.61";"806.63";"147.26"
"2018";"3";"30";"5";"12";"2125";"51.";"2.5";"4.6";"39.";"0.";"632.36";"883.10";"130.56"
"2018";"3";"30";"5";"13";"2126";"45.";"2.6";"5.2";"37.";"1.";"561.28";"784.13";"144.02"
"2018";"3";"30";"5";"14";"2127";"34.";"2.0";"5.8";"35.";"1.";"485.44";"740.39";"143.07"
"2018";"3";"30";"5";"15";"2128";"52.";"2.1";"5.5";"35.";"1.";"360.21";"712.86";"100.87"
"2018";"3";"30";"5";"16";"2129";"53.";"2.4";"5.0";"36.";"0.";"227.14";"670.04";"64.30"
"2018";"3";"30";"5";"17";"2130";"59.";"2.6";"4.0";"37.";"0.";"74.79";"442.29";"26.89"
"2018";"3";"30";"5";"18";"2131";"62.";"2.5";"2.2";"38.";"0.";"0.00";"0.00";"0.00"
"2018";"3";"30";"5";"19";"2132";"65.";"2.3";"0.7";"43.";"0.";"0.00";"0.00";"0.00"
"2018";"3";"30";"5";"20";"2133";"62.";"1.7";"-0.4";"48.";"0.";"0.00";"0.00";"0.00"
"2018";"3";"30";"5";"21";"2134";"78.";"1.7";"-1.3";"55.";"0.";"0.00";"0.00";"0.00"
"2018";"3";"30";"5";"22";"2135";"94.";"1.9";"-2.1";"60.";"0.";"0.00";"0.00";"0.00"
"2018";"3";"30";"5";"23";"2136";"90.";"1.5";"-2.4";"65.";"1.";"0.00";"0.00";"0.00"
"2018";"3";"31";"6";"0";"2137";"96.";"1.7";"-3.0";"69.";"0.";"0.00";"0.00";"0.00"
"2018";"3";"31";"6";"1";"2138";"99.";"1.5";"-3.5";"71.";"0.";"0.00";"0.00";"0.00"
"2018";"3";"31";"6";"2";"2139";"106.";"1.9";"-4.0";"74.";"0.";"0.00";"0.00";"0.00"
"2018";"3";"31";"6";"3";"2140";"98.";"1.9";"-4.2";"75.";"4.";"0.00";"0.00";"0.00"
"2018";"3";"31";"6";"4";"2141";"97.";"1.7";"-4.8";"76.";"0.";"0.00";"0.00";"0.00"
"2018";"3";"31";"6";"5";"2142";"93.";"1.9";"-5.0";"77.";"1.";"0.00";"0.00";"0.00"
"2018";"3";"31";"6";"6";"2143";"91.";"2.2";"-3.6";"71.";"1.";"77.36";"396.84";"32.04"
"2018";"3";"31";"6";"7";"2144";"97.";"2.5";"-1.3";"59.";"1.";"224.64";"626.42";"68.75"
"2018";"3";"31";"6";"8";"2145";"90.";"2.4";"1.1";"50.";"2.";"343.52";"594.48";"123.81"
"2018";"3";"31";"6";"9";"2146";"93.";"2.5";"2.4";"43.";"0.";"514.76";"916.17";"85.84"
"2018";"3";"31";"6";"10";"2147";"78.";"2.0";"3.6";"36.";"1.";"588.04";"835.86";"138.46"
"2018";"3";"31";"6";"11";"2148";"66.";"2.1";"5.0";"31.";"2.";"582.31";"710.73";"174.39"
"2018";"3";"31";"6";"12";"2149";"55.";"1.5";"5.9";"34.";"2.";"578.50";"693.45";"180.50"
"2018";"3";"31";"6";"13";"2150";"54.";"1.0";"6.1";"36.";"2.";"536.73";"683.08";"169.33"
"2018";"3";"31";"6";"14";"2151";"37.";"1.4";"6.7";"38.";"3.";"427.50";"561.09";"164.82"
"2018";"3";"31";"6";"15";"2152";"49.";"1.4";"6.8";"41.";"2.";"342.98";"606.14";"118.96"
"2018";"3";"31";"6";"16";"2153";"41.";"1.9";"6.1";"40.";"4.";"205.49";"362.19";"115.36"
"2018";"3";"31";"6";"17";"2154";"48.";"2.8";"5.0";"43.";"8.";"54.86";"0.00";"54.86"
"2018";"3";"31";"6";"18";"2155";"54.";"2.9";"3.5";"48.";"5.";"0.00";"0.00";"0.00"
"2018";"3";"31";"6";"19";"2156";"51.";"2.5";"2.2";"50.";"8.";"0.00";"0.00";"0.00"
"2018";"3";"31";"6";"20";"2157";"55.";"2.2";"1.3";"53.";"7.";"0.00";"0.00";"0.00"
"2018";"3";"31";"6";"21";"2158";"76.";"2.7";"1.0";"54.";"7.";"0.00";"0.00";"0.00"
"2018";"3";"31";"6";"22";"2159";"77.";"1.8";"0.4";"58.";"6.";"0.00";"0.00";"0.00"
"2018";"3";"31";"6";"23";"2160";"75.";"1.2";"-0.2";"62.";"8.";"0.00";"0.00";"0.00"
"2018";"4";"1";"7";"0";"2161";"52.";"1.7";"-0.6";"66.";"8.";"0.00";"0.00";"0.00"
"2018";"4";"1";"7";"1";"2162";"41.";"1.6";"-0.7";"69.";"8.";"0.00";"0.00";"0.00"
"2018";"4";"1";"7";"2";"2163";"36.";"2.0";"-0.5";"70.";"8.";"0.00";"0.00";"0.00"
"2018";"4";"1";"7";"3";"2164";"39.";"2.3";"-0.4";"72.";"8.";"0.00";"0.00";"0.00"
"2018";"4";"1";"7";"4";"2165";"39.";"2.7";"-0.4";"74.";"8.";"0.00";"0.00";"0.00"
"2018";"4";"1";"7";"5";"2166";"37.";"2.9";"-0.5";"75.";"8.";"0.00";"0.00";"0.00"
"2018";"4";"1";"7";"6";"2167";"42.";"3.5";"-0.4";"75.";"7.";"38.19";"50.11";"32.18"
"2018";"4";"1";"7";"7";"2168";"43.";"3.6";"-0.1";"73.";"7.";"115.30";"81.72";"94.49"
"2018";"4";"1";"7";"8";"2169";"44.";"4.2";"0.7";"68.";"6.";"226.03";"187.65";"155.60"
"2018";"4";"1";"7";"9";"2170";"44.";"4.6";"2.1";"61.";"5.";"347.31";"326.02";"192.82"
"2018";"4";"1";"7";"10";"2171";"42.";"4.5";"3.6";"56.";"8.";"233.16";"0.00";"233.16"
"2018";"4";"1";"7";"11";"2172";"48.";"5.1";"4.6";"52.";"2.";"563.82";"657.40";"182.77"
"2018";"4";"1";"7";"12";"2173";"44.";"5.0";"5.0";"52.";"2.";"565.66";"670.30";"177.14"
"2018";"4";"1";"7";"13";"2174";"43.";"5.3";"5.4";"51.";"5.";"406.88";"333.18";"225.78"
"2018";"4";"1";"7";"14";"2175";"31.";"4.6";"5.5";"52.";"6.";"303.67";"215.79";"201.41"
"2018";"4";"1";"7";"15";"2176";"12.";"4.1";"5.4";"51.";"3.";"309.45";"464.09";"135.25"
"2018";"4";"1";"7";"16";"2177";"8.";"4.0";"5.0";"51.";"8.";"89.44";"0.00";"89.44"
"2018";"4";"1";"7";"17";"2178";"8.";"3.6";"4.3";"50.";"8.";"29.56";"0.00";"29.56"
"2018";"4";"1";"7";"18";"2179";"8.";"2.5";"3.5";"50.";"6.";"0.00";"0.00";"0.00"
"2018";"4";"1";"7";"19";"2180";"349.";"2.0";"2.3";"55.";"7.";"0.00";"0.00";"0.00"
"2018";"4";"1";"7";"20";"2181";"344.";"1.8";"0.8";"58.";"2.";"0.00";"0.00";"0.00"
"2018";"4";"1";"7";"21";"2182";"332.";"1.4";"-0.7";"64.";"3.";"0.00";"0.00";"0.00"
"2018";"4";"1";"7";"22";"2183";"318.";"1.3";"-1.4";"69.";"0.";"0.00";"0.00";"0.00"
"2018";"4";"1";"7";"23";"2184";"304.";"1.1";"-2.4";"74.";"0.";"0.00";"0.00";"0.00"
"2018";"4";"2";"1";"0";"2185";"300.";"0.9";"-3.0";"76.";"0.";"0.00";"0.00";"0.00"
"2018";"4";"2";"1";"1";"2186";"294.";"1.1";"-3.2";"79.";"0.";"0.00";"0.00";"0.00"
"2018";"4";"2";"1";"2";"2187";"291.";"1.3";"-3.9";"81.";"0.";"0.00";"0.00";"0.00"
"2018";"4";"2";"1";"3";"2188";"327.";"1.0";"-4.3";"83.";"0.";"0.00";"0.00";"0.00"
"2018";"4";"2";"1";"4";"2189";"351.";"1.0";"-4.6";"84.";"0.";"0.00";"0.00";"0.00"
"2018";"4";"2";"1";"5";"2190";"7.";"0.8";"-4.6";"84.";"0.";"0.00";"0.00";"0.00"
"2018";"4";"2";"1";"6";"2191";"14.";"0.9";"-2.9";"78.";"0.";"80.18";"391.86";"30.85"
"2018";"4";"2";"1";"7";"2192";"360.";"1.3";"0.1";"65.";"0.";"234.98";"683.49";"56.97"
"2018";"4";"2";"1";"8";"2193";"348.";"1.4";"2.3";"49.";"0.";"385.44";"806.18";"78.23"
"2018";"4";"2";"1";"9";"2194";"314.";"1.9";"4.0";"41.";"0.";"506.13";"836.84";"104.81"
"2018";"4";"2";"1";"10";"2195";"302.";"3.1";"5.2";"36.";"0.";"601.94";"930.50";"90.90"
"2018";"4";"2";"1";"11";"2196";"296.";"4.0";"5.8";"37.";"0.";"641.94";"904.48";"112.59"
"2018";"4";"2";"1";"12";"2197";"296.";"4.6";"5.3";"36.";"0.";"639.40";"882.49";"122.92"
"2018";"4";"2";"1";"13";"2198";"297.";"4.9";"5.4";"34.";"0.";"596.66";"885.73";"110.20"
"2018";"4";"2";"1";"14";"2199";"298.";"4.4";"5.2";"35.";"0.";"513.78";"899.22";"82.55"
"2018";"4";"2";"1";"15";"2200";"298.";"3.9";"4.7";"37.";"0.";"388.83";"832.76";"71.50"
"2018";"4";"2";"1";"16";"2201";"310.";"3.4";"3.8";"37.";"0.";"238.36";"689.04";"58.90"
"2018";"4";"2";"1";"17";"2202";"316.";"2.6";"2.7";"39.";"1.";"81.28";"394.10";"31.67"
"2018";"4";"2";"1";"18";"2203";"309.";"1.1";"0.4";"46.";"0.";"0.00";"0.00";"0.00"
"2018";"4";"2";"1";"19";"2204";"263.";"0.9";"-0.9";"57.";"7.";"0.00";"0.00";"0.00"
"2018";"4";"2";"1";"20";"2205";"233.";"0.7";"-1.6";"64.";"3.";"0.00";"0.00";"0.00"
"2018";"4";"2";"1";"21";"2206";"216.";"0.9";"-2.4";"70.";"2.";"0.00";"0.00";"0.00"
"2018";"4";"2";"1";"22";"2207";"170.";"0.3";"-2.9";"72.";"6.";"0.00";"0.00";"0.00"
"2018";"4";"2";"1";"23";"2208";"134.";"0.9";"-2.7";"74.";"8.";"0.00";"0.00";"0.00"
"2018";"4";"3";"2";"0";"2209";"106.";"1.1";"-3.5";"74.";"7.";"0.00";"0.00";"0.00"
"2018";"4";"3";"2";"1";"2210";"100.";"1.2";"-3.3";"73.";"8.";"0.00";"0.00";"0.00"
"2018";"4";"3";"2";"2";"2211";"91.";"2.4";"-3.2";"71.";"7.";"0.00";"0.00";"0.00"
"2018";"4";"3";"2";"3";"2212";"90.";"2.3";"-3.2";"66.";"7.";"0.00";"0.00";"0.00"
"2018";"4";"3";"2";"4";"2213";"91.";"2.5";"-3.1";"64.";"5.";"0.00";"0.00";"0.00"
"2018";"4";"3";"2";"5";"2214";"93.";"2.6";"-1.9";"55.";"8.";"0.00";"0.00";"0.00"
"2018";"4";"3";"2";"6";"2215";"102.";"2.6";"-1.1";"51.";"8.";"63.27";"0.00";"63.27"
"2018";"4";"3";"2";"7";"2216";"104.";"3.0";"-0.3";"50.";"8.";"167.97";"0.00";"167.97"
"2018";"4";"3";"2";"8";"2217";"118.";"3.0";"0.4";"46.";"8.";"274.47";"0.00";"274.47"
"2018";"4";"3";"2";"9";"2218";"114.";"3.6";"2.0";"42.";"8.";"363.61";"0.00";"363.61"
"2018";"4";"3";"2";"10";"2219";"114.";"4.2";"2.2";"42.";"8.";"240.41";"0.00";"240.41"
"2018";"4";"3";"2";"11";"2220";"121.";"4.5";"2.7";"43.";"7.";"328.93";"107.66";"265.31"
"2018";"4";"3";"2";"12";"2221";"122.";"5.3";"3.4";"52.";"7.";"323.73";"101.15";"263.96"
"2018";"4";"3";"2";"13";"2222";"128.";"5.1";"3.0";"72.";"8.";"226.54";"0.00";"226.54"
"2018";"4";"3";"2";"14";"2223";"128.";"5.1";"3.2";"79.";"8.";"200.31";"0.00";"200.31"
"2018";"4";"3";"2";"15";"2224";"128.";"4.4";"3.1";"81.";"8.";"147.32";"0.00";"147.32"
"2018";"4";"3";"2";"16";"2225";"129.";"4.2";"3.1";"82.";"8.";"92.42";"0.00";"92.42"
"2018";"4";"3";"2";"17";"2226";"131.";"4.4";"2.9";"83.";"7.";"38.39";"40.38";"33.07"
"2018";"4";"3";"2";"18";"2227";"132.";"4.9";"2.7";"85.";"8.";"0.00";"0.00";"0.00"
"2018";"4";"3";"2";"19";"2228";"136.";"5.6";"2.6";"90.";"8.";"0.00";"0.00";"0.00"
"2018";"4";"3";"2";"20";"2229";"139.";"6.0";"2.7";"92.";"8.";"0.00";"0.00";"0.00"
"2018";"4";"3";"2";"21";"2230";"136.";"5.8";"3.0";"93.";"8.";"0.00";"0.00";"0.00"
"2018";"4";"3";"2";"22";"2231";"140.";"5.6";"3.3";"94.";"8.";"0.00";"0.00";"0.00"
"2018";"4";"3";"2";"23";"2232";"145.";"5.7";"3.6";"94.";"8.";"0.00";"0.00";"0.00"
"2018";"4";"4";"3";"0";"2233";"151.";"6.0";"4.0";"94.";"8.";"0.00";"0.00";"0.00"
"2018";"4";"4";"3";"1";"2234";"147.";"5.7";"4.3";"95.";"8.";"0.00";"0.00";"0.00"
"2018";"4";"4";"3";"2";"2235";"141.";"6.0";"4.7";"95.";"8.";"0.00";"0.00";"0.00"
"2018";"4";"4";"3";"3";"2236";"143.";"5.7";"4.9";"95.";"8.";"0.00";"0.00";"0.00"
"2018";"4";"4";"3";"4";"2237";"137.";"5.4";"5.2";"95.";"8.";"0.00";"0.00";"0.00"
"2018";"4";"4";"3";"5";"2238";"153.";"4.8";"5.5";"94.";"8.";"0.00";"0.00";"0.00"
"2018";"4";"4";"3";"6";"2239";"153.";"5.4";"6.0";"94.";"8.";"15.33";"0.00";"15.33"
"2018";"4";"4";"3";"7";"2240";"168.";"7.3";"6.6";"94.";"8.";"47.41";"0.00";"47.41"
"2018";"4";"4";"3";"8";"2241";"190.";"6.0";"6.1";"95.";"8.";"77.10";"0.00";"77.10"
"2018";"4";"4";"3";"9";"2242";"219.";"3.3";"5.6";"95.";"8.";"96.38";"0.00";"96.38"
"2018";"4";"4";"3";"10";"2243";"204.";"2.1";"6.3";"96.";"8.";"110.50";"0.00";"110.50"
"2018";"4";"4";"3";"11";"2244";"204.";"3.0";"7.6";"95.";"8.";"217.11";"0.00";"217.11"
"2018";"4";"4";"3";"12";"2245";"220.";"3.3";"7.9";"93.";"8.";"227.95";"0.00";"227.95"
"2018";"4";"4";"3";"13";"2246";"220.";"2.6";"7.9";"90.";"8.";"220.95";"0.00";"220.95"
"2018";"4";"4";"3";"14";"2247";"213.";"2.0";"7.6";"89.";"8.";"188.18";"0.00";"188.18"
"2018";"4";"4";"3";"15";"2248";"284.";"1.5";"8.1";"86.";"6.";"215.09";"135.48";"161.92"
"2018";"4";"4";"3";"16";"2249";"161.";"0.9";"8.6";"84.";"7.";"110.44";"59.47";"94.27"
"2018";"4";"4";"3";"17";"2250";"142.";"2.0";"8.0";"85.";"4.";"52.42";"127.89";"34.83"
"2018";"4";"4";"3";"18";"2251";"145.";"2.4";"6.4";"91.";"8.";"0.00";"0.00";"0.00"
"2018";"4";"4";"3";"19";"2252";"144.";"3.2";"5.2";"93.";"8.";"0.00";"0.00";"0.00"
"2018";"4";"4";"3";"20";"2253";"138.";"3.1";"5.4";"94.";"7.";"0.00";"0.00";"0.00"
"2018";"4";"4";"3";"21";"2254";"127.";"3.2";"5.4";"95.";"7.";"0.00";"0.00";"0.00"
"2018";"4";"4";"3";"22";"2255";"111.";"3.3";"5.6";"96.";"8.";"0.00";"0.00";"0.00"
"2018";"4";"4";"3";"23";"2256";"108.";"2.9";"5.7";"96.";"8.";"0.00";"0.00";"0.00"
"2018";"4";"5";"4";"0";"2257";"104.";"2.8";"5.5";"96.";"8.";"0.00";"0.00";"0.00"
"2018";"4";"5";"4";"1";"2258";"104.";"2.4";"5.8";"96.";"8.";"0.00";"0.00";"0.00"
"2018";"4";"5";"4";"2";"2259";"115.";"3.2";"6.1";"95.";"8.";"0.00";"0.00";"0.00"
"2018";"4";"5";"4";"3";"2260";"115.";"2.7";"6.1";"95.";"8.";"0.00";"0.00";"0.00"
"2018";"4";"5";"4";"4";"2261";"107.";"3.1";"6.1";"96.";"8.";"0.00";"0.00";"0.00"
"2018";"4";"5";"4";"5";"2262";"130.";"3.1";"6.1";"96.";"8.";"0.00";"0.00";"0.00"
"2018";"4";"5";"4";"6";"2263";"160.";"4.0";"6.1";"98.";"8.";"26.01";"0.00";"26.01"
"2018";"4";"5";"4";"7";"2264";"169.";"3.4";"5.6";"97.";"8.";"70.88";"0.00";"70.88"
"2018";"4";"5";"4";"8";"2265";"207.";"3.0";"5.4";"97.";"8.";"122.81";"0.00";"122.81"
"2018";"4";"5";"4";"9";"2266";"226.";"2.9";"6.4";"96.";"8.";"185.49";"0.00";"185.49"
"2018";"4";"5";"4";"10";"2267";"221.";"3.6";"7.3";"92.";"6.";"342.30";"161.10";"251.13"
"2018";"4";"5";"4";"11";"2268";"208.";"3.6";"7.8";"90.";"6.";"377.86";"185.71";"266.09"
"2018";"4";"5";"4";"12";"2269";"201.";"4.3";"7.5";"87.";"6.";"372.88";"172.41";"269.11"
"2018";"4";"5";"4";"13";"2270";"194.";"5.0";"6.7";"90.";"8.";"215.79";"0.00";"215.79"
"2018";"4";"5";"4";"14";"2271";"194.";"4.8";"5.8";"94.";"8.";"100.16";"0.00";"100.16"
"2018";"4";"5";"4";"15";"2272";"195.";"4.0";"5.7";"95.";"8.";"73.69";"0.00";"73.69"
"2018";"4";"5";"4";"16";"2273";"209.";"3.7";"5.2";"96.";"8.";"48.47";"0.00";"48.47"
"2018";"4";"5";"4";"17";"2274";"250.";"3.7";"5.2";"96.";"8.";"15.20";"0.00";"15.20"
"2018";"4";"5";"4";"18";"2275";"282.";"7.3";"4.1";"88.";"8.";"0.00";"0.00";"0.00"
"2018";"4";"5";"4";"19";"2276";"287.";"7.2";"4.3";"69.";"8.";"0.00";"0.00";"0.00"
"2018";"4";"5";"4";"20";"2277";"285.";"8.8";"3.9";"69.";"0.";"0.00";"0.00";"0.00"
"2018";"4";"5";"4";"21";"2278";"278.";"8.7";"3.7";"67.";"1.";"0.00";"0.00";"0.00"
"2018";"4";"5";"4";"22";"2279";"278.";"9.3";"3.6";"71.";"0.";"0.00";"0.00";"0.00"
"2018";"4";"5";"4";"23";"2280";"277.";"10.3";"3.5";"71.";"3.";"0.00";"0.00";"0.00"
"2018";"4";"6";"5";"0";"2281";"279.";"10.4";"3.4";"72.";"1.";"0.00";"0.00";"0.00"
"2018";"4";"6";"5";"1";"2282";"280.";"10.6";"3.3";"71.";"0.";"0.00";"0.00";"0.00"
"2018";"4";"6";"5";"2";"2283";"283.";"9.9";"3.1";"72.";"1.";"0.00";"0.00";"0.00"
"2018";"4";"6";"5";"3";"2284";"284.";"10.0";"2.9";"70.";"1.";"0.00";"0.00";"0.00"
"2018";"4";"6";"5";"4";"2285";"288.";"9.6";"2.8";"69.";"1.";"0.00";"0.00";"0.00"
"2018";"4";"6";"5";"5";"2286";"289.";"9.4";"3.0";"68.";"0.";"0.00";"0.00";"0.00"
"2018";"4";"6";"5";"6";"2287";"293.";"8.8";"3.3";"69.";"0.";"97.92";"405.52";"37.50"
"2018";"4";"6";"5";"7";"2288";"298.";"8.7";"4.1";"67.";"0.";"251.75";"626.04";"74.43"
"2018";"4";"6";"5";"8";"2289";"301.";"7.9";"4.8";"63.";"0.";"395.03";"698.90";"112.94"
"2018";"4";"6";"5";"9";"2290";"299.";"7.3";"5.2";"60.";"0.";"511.86";"724.63";"148.18"
"2018";"4";"6";"5";"10";"2291";"299.";"7.5";"5.6";"59.";"0.";"594.09";"735.98";"173.57"
"2018";"4";"6";"5";"11";"2292";"297.";"6.6";"6.1";"57.";"0.";"652.39";"834.41";"145.61"
"2018";"4";"6";"5";"12";"2293";"292.";"6.5";"6.6";"55.";"1.";"605.20";"728.71";"162.61"
"2018";"4";"6";"5";"13";"2294";"292.";"6.3";"7.0";"52.";"1.";"556.67";"672.96";"172.15"
"2018";"4";"6";"5";"14";"2295";"291.";"5.4";"7.1";"54.";"0.";"523.34";"811.51";"116.06"
"2018";"4";"6";"5";"15";"2296";"287.";"4.4";"7.0";"56.";"4.";"272.43";"351.70";"130.48"
"2018";"4";"6";"5";"16";"2297";"285.";"3.3";"6.4";"59.";"2.";"217.81";"511.66";"72.88"
"2018";"4";"6";"5";"17";"2298";"276.";"2.9";"5.6";"64.";"0.";"96.59";"408.80";"35.68"
"2018";"4";"6";"5";"18";"2299";"260.";"1.8";"3.8";"74.";"4.";"0.00";"0.00";"0.00"
"2018";"4";"6";"5";"19";"2300";"236.";"1.0";"2.2";"79.";"7.";"0.00";"0.00";"0.00"
"2018";"4";"6";"5";"20";"2301";"173.";"1.0";"1.5";"84.";"8.";"0.00";"0.00";"0.00"
"2018";"4";"6";"5";"21";"2302";"137.";"1.5";"0.6";"88.";"5.";"0.00";"0.00";"0.00"
"2018";"4";"6";"5";"22";"2303";"135.";"1.9";"0.9";"89.";"8.";"0.00";"0.00";"0.00"
"2018";"4";"6";"5";"23";"2304";"136.";"2.0";"1.6";"87.";"7.";"0.00";"0.00";"0.00"
"2018";"4";"7";"6";"0";"2305";"126.";"2.4";"1.7";"86.";"7.";"0.00";"0.00";"0.00"
"2018";"4";"7";"6";"1";"2306";"129.";"2.4";"1.6";"85.";"8.";"0.00";"0.00";"0.00"
"2018";"4";"7";"6";"2";"2307";"129.";"2.9";"1.3";"83.";"8.";"0.00";"0.00";"0.00"
"2018";"4";"7";"6";"3";"2308";"125.";"3.0";"1.4";"82.";"5.";"0.00";"0.00";"0.00"
"2018";"4";"7";"6";"4";"2309";"126.";"3.5";"1.3";"80.";"8.";"0.00";"0.00";"0.00"
"2018";"4";"7";"6";"5";"2310";"128.";"3.9";"1.6";"77.";"8.";"0.00";"0.00";"0.00"
"2018";"4";"7";"6";"6";"2311";"134.";"4.3";"2.8";"71.";"7.";"73.52";"60.44";"64.17"
"2018";"4";"7";"6";"7";"2312";"145.";"5.7";"5.3";"61.";"6.";"189.93";"170.65";"140.63"
"2018";"4";"7";"6";"8";"2313";"149.";"6.5";"7.4";"50.";"7.";"276.50";"97.91";"236.44"
"2018";"4";"7";"6";"9";"2314";"153.";"6.6";"9.2";"46.";"8.";"330.27";"0.00";"330.27"
"2018";"4";"7";"6";"10";"2315";"163.";"7.3";"10.3";"43.";"8.";"413.93";"0.00";"413.93"
"2018";"4";"7";"6";"11";"2316";"160.";"7.4";"10.9";"43.";"8.";"440.65";"0.00";"440.65"
"2018";"4";"7";"6";"12";"2317";"166.";"6.6";"11.7";"41.";"7.";"446.78";"109.62";"379.62"
"2018";"4";"7";"6";"13";"2318";"168.";"6.5";"12.4";"35.";"8.";"391.59";"0.00";"391.59"
"2018";"4";"7";"6";"14";"2319";"177.";"5.7";"12.2";"40.";"4.";"433.63";"402.14";"229.60"
"2018";"4";"7";"6";"15";"2320";"180.";"5.5";"11.0";"43.";"6.";"302.62";"201.04";"220.37"
"2018";"4";"7";"6";"16";"2321";"187.";"5.4";"9.1";"46.";"6.";"198.37";"168.43";"149.72"
"2018";"4";"7";"6";"17";"2322";"181.";"4.2";"8.1";"51.";"6.";"78.94";"108.66";"62.13"
"2018";"4";"7";"6";"18";"2323";"159.";"3.5";"7.9";"54.";"6.";"0.00";"0.00";"0.00"
"2018";"4";"7";"6";"19";"2324";"155.";"2.7";"7.9";"54.";"8.";"0.00";"0.00";"0.00"
"2018";"4";"7";"6";"20";"2325";"158.";"2.0";"6.3";"58.";"7.";"0.00";"0.00";"0.00"
"2018";"4";"7";"6";"21";"2326";"141.";"2.2";"5.1";"64.";"5.";"0.00";"0.00";"0.00"
"2018";"4";"7";"6";"22";"2327";"135.";"1.7";"4.5";"65.";"7.";"0.00";"0.00";"0.00"
"2018";"4";"7";"6";"23";"2328";"117.";"1.6";"3.8";"69.";"5.";"0.00";"0.00";"0.00"
"2018";"4";"8";"7";"0";"2329";"114.";"2.0";"4.0";"71.";"7.";"0.00";"0.00";"0.00"
"2018";"4";"8";"7";"1";"2330";"104.";"2.4";"4.2";"71.";"6.";"0.00";"0.00";"0.00"
"2018";"4";"8";"7";"2";"2331";"114.";"1.9";"3.5";"71.";"6.";"0.00";"0.00";"0.00"
"2018";"4";"8";"7";"3";"2332";"95.";"2.8";"4.0";"70.";"7.";"0.00";"0.00";"0.00"
"2018";"4";"8";"7";"4";"2333";"96.";"2.0";"3.9";"71.";"6.";"0.00";"0.00";"0.00"
"2018";"4";"8";"7";"5";"2334";"93.";"2.7";"4.1";"70.";"5.";"0.00";"0.00";"0.00"
"2018";"4";"8";"7";"6";"2335";"102.";"2.6";"4.7";"68.";"8.";"73.18";"0.00";"73.18"
"2018";"4";"8";"7";"7";"2336";"119.";"1.8";"7.3";"59.";"7.";"177.77";"81.10";"153.89"
"2018";"4";"8";"7";"8";"2337";"124.";"2.4";"10.2";"52.";"6.";"300.03";"190.05";"221.23"
"2018";"4";"8";"7";"9";"2338";"139.";"2.7";"13.0";"45.";"6.";"402.80";"202.47";"298.98"
"2018";"4";"8";"7";"10";"2339";"160.";"2.3";"14.7";"41.";"4.";"515.10";"408.78";"277.13"
"2018";"4";"8";"7";"11";"2340";"173.";"2.5";"15.0";"42.";"5.";"521.25";"313.47";"327.49"
"2018";"4";"8";"7";"12";"2341";"199.";"3.1";"14.9";"47.";"4.";"541.51";"372.20";"311.45"
"2018";"4";"8";"7";"13";"2342";"199.";"3.7";"15.3";"48.";"3.";"516.09";"444.85";"257.11"
"2018";"4";"8";"7";"14";"2343";"204.";"4.1";"15.5";"48.";"4.";"428.44";"382.29";"232.41"
"2018";"4";"8";"7";"15";"2344";"198.";"3.6";"15.0";"50.";"2.";"357.05";"473.85";"160.58"
"2018";"4";"8";"7";"16";"2345";"174.";"2.5";"14.4";"53.";"6.";"178.17";"131.86";"139.35"
"2018";"4";"8";"7";"17";"2346";"179.";"2.0";"12.8";"58.";"5.";"73.82";"127.21";"53.42"
"2018";"4";"8";"7";"18";"2347";"164.";"1.6";"11.0";"64.";"6.";"0.00";"0.00";"0.00"
"2018";"4";"8";"7";"19";"2348";"148.";"1.5";"9.5";"70.";"6.";"0.00";"0.00";"0.00"
"2018";"4";"8";"7";"20";"2349";"163.";"1.6";"8.6";"73.";"5.";"0.00";"0.00";"0.00"
"2018";"4";"8";"7";"21";"2350";"179.";"1.7";"8.8";"75.";"7.";"0.00";"0.00";"0.00"
"2018";"4";"8";"7";"22";"2351";"172.";"1.9";"9.1";"78.";"6.";"0.00";"0.00";"0.00"
"2018";"4";"8";"7";"23";"2352";"163.";"2.0";"8.3";"81.";"7.";"0.00";"0.00";"0.00"
"2018";"4";"9";"1";"0";"2353";"162.";"2.0";"8.6";"83.";"8.";"0.00";"0.00";"0.00"
"2018";"4";"9";"1";"1";"2354";"167.";"1.6";"8.5";"83.";"8.";"0.00";"0.00";"0.00"
"2018";"4";"9";"1";"2";"2355";"160.";"1.6";"8.2";"85.";"8.";"0.00";"0.00";"0.00"
"2018";"4";"9";"1";"3";"2356";"150.";"1.1";"7.3";"88.";"6.";"0.00";"0.00";"0.00"
"2018";"4";"9";"1";"4";"2357";"125.";"1.5";"6.9";"90.";"8.";"0.00";"0.00";"0.00"
"2018";"4";"9";"1";"5";"2358";"142.";"1.5";"7.1";"90.";"8.";"0.00";"0.00";"0.00"
"2018";"4";"9";"1";"6";"2359";"146.";"1.3";"8.2";"87.";"7.";"63.53";"34.81";"57.75"
"2018";"4";"9";"1";"7";"2360";"162.";"1.2";"9.4";"81.";"8.";"150.82";"0.00";"150.82"
"2018";"4";"9";"1";"8";"2361";"166.";"1.8";"10.5";"73.";"7.";"260.27";"71.38";"230.29"
"2018";"4";"9";"1";"9";"2362";"223.";"2.4";"10.9";"69.";"7.";"340.23";"78.66";"299.47"
"2018";"4";"9";"1";"10";"2363";"238.";"2.2";"11.3";"68.";"8.";"385.40";"0.00";"385.40"
"2018";"4";"9";"1";"11";"2364";"254.";"2.0";"11.0";"67.";"8.";"384.81";"0.00";"384.81"
"2018";"4";"9";"1";"12";"2365";"269.";"3.1";"10.7";"69.";"8.";"375.52";"0.00";"375.52"
"2018";"4";"9";"1";"13";"2366";"294.";"3.8";"9.2";"70.";"7.";"232.87";"66.14";"194.01"
"2018";"4";"9";"1";"14";"2367";"310.";"3.6";"10.4";"70.";"6.";"252.40";"141.78";"178.94"
"2018";"4";"9";"1";"15";"2368";"308.";"4.2";"9.7";"71.";"5.";"231.88";"204.75";"145.87"
"2018";"4";"9";"1";"16";"2369";"308.";"4.0";"7.3";"76.";"5.";"148.97";"172.10";"97.35"
"2018";"4";"9";"1";"17";"2370";"317.";"3.5";"6.2";"81.";"3.";"77.75";"183.70";"47.25"
"2018";"4";"9";"1";"18";"2371";"313.";"2.9";"5.0";"87.";"3.";"0.00";"0.00";"0.00"
"2018";"4";"9";"1";"19";"2372";"332.";"2.3";"4.2";"91.";"6.";"0.00";"0.00";"0.00"
"2018";"4";"9";"1";"20";"2373";"345.";"2.0";"3.8";"92.";"7.";"0.00";"0.00";"0.00"
"2018";"4";"9";"1";"21";"2374";"19.";"1.8";"3.9";"93.";"4.";"0.00";"0.00";"0.00"
"2018";"4";"9";"1";"22";"2375";"36.";"3.6";"5.0";"92.";"7.";"0.00";"0.00";"0.00"
"2018";"4";"9";"1";"23";"2376";"35.";"3.8";"5.1";"91.";"8.";"0.00";"0.00";"0.00"
"2018";"4";"10";"2";"0";"2377";"41.";"4.3";"4.6";"90.";"8.";"0.00";"0.00";"0.00"
"2018";"4";"10";"2";"1";"2378";"47.";"4.9";"4.2";"90.";"8.";"0.00";"0.00";"0.00"
"2018";"4";"10";"2";"2";"2379";"40.";"4.2";"4.4";"89.";"5.";"0.00";"0.00";"0.00"
"2018";"4";"10";"2";"3";"2380";"52.";"5.3";"4.2";"88.";"6.";"0.00";"0.00";"0.00"
"2018";"4";"10";"2";"4";"2381";"59.";"5.8";"3.7";"86.";"4.";"0.00";"0.00";"0.00"
"2018";"4";"10";"2";"5";"2382";"61.";"5.3";"3.4";"83.";"5.";"0.00";"0.00";"0.00"
"2018";"4";"10";"2";"6";"2383";"64.";"5.4";"3.5";"80.";"5.";"73.34";"186.31";"41.37"
"2018";"4";"10";"2";"7";"2384";"64.";"5.9";"4.2";"77.";"7.";"115.13";"87.74";"88.33"
"2018";"4";"10";"2";"8";"2385";"64.";"6.7";"4.9";"74.";"8.";"132.70";"0.00";"132.70"
"2018";"4";"10";"2";"9";"2386";"68.";"6.7";"5.7";"71.";"6.";"280.94";"215.22";"168.28"
"2018";"4";"10";"2";"10";"2387";"68.";"7.0";"6.6";"67.";"6.";"323.97";"217.49";"195.05"
"2018";"4";"10";"2";"11";"2388";"69.";"6.7";"7.5";"62.";"5.";"410.22";"330.77";"202.29"
"2018";"4";"10";"2";"12";"2389";"72.";"6.8";"8.8";"57.";"3.";"529.31";"564.03";"174.75"
"2018";"4";"10";"2";"13";"2390";"75.";"6.5";"9.3";"54.";"3.";"551.92";"539.72";"232.00"
"2018";"4";"10";"2";"14";"2391";"75.";"6.3";"9.3";"53.";"5.";"440.05";"315.32";"274.99"
"2018";"4";"10";"2";"15";"2392";"74.";"5.9";"9.9";"50.";"7.";"288.07";"99.11";"245.90"
"2018";"4";"10";"2";"16";"2393";"73.";"5.2";"10.1";"45.";"8.";"188.18";"0.00";"188.18"
"2018";"4";"10";"2";"17";"2394";"70.";"5.2";"9.3";"37.";"8.";"85.03";"0.00";"85.03"
"2018";"4";"10";"2";"18";"2395";"69.";"5.1";"8.2";"34.";"8.";"0.00";"0.00";"0.00"
"2018";"4";"10";"2";"19";"2396";"74.";"4.9";"7.2";"32.";"7.";"0.00";"0.00";"0.00"
"2018";"4";"10";"2";"20";"2397";"78.";"4.3";"6.1";"32.";"7.";"0.00";"0.00";"0.00"
"2018";"4";"10";"2";"21";"2398";"79.";"4.5";"5.1";"30.";"7.";"0.00";"0.00";"0.00"
"2018";"4";"10";"2";"22";"2399";"77.";"4.5";"4.4";"30.";"7.";"0.00";"0.00";"0.00"
"2018";"4";"10";"2";"23";"2400";"78.";"3.9";"3.7";"32.";"6.";"0.00";"0.00";"0.00"
"2018";"4";"11";"3";"0";"2401";"80.";"3.9";"3.0";"35.";"4.";"0.00";"0.00";"0.00"
"2018";"4";"11";"3";"1";"2402";"72.";"3.6";"2.3";"40.";"1.";"0.00";"0.00";"0.00"
"2018";"4";"11";"3";"2";"2403";"66.";"3.5";"1.6";"47.";"0.";"0.00";"0.00";"0.00"
"2018";"4";"11";"3";"3";"2404";"65.";"3.8";"1.0";"53.";"2.";"0.00";"0.00";"0.00"
"2018";"4";"11";"3";"4";"2405";"66.";"4.1";"0.6";"60.";"1.";"0.00";"0.00";"0.00"
"2018";"4";"11";"3";"5";"2406";"66.";"4.2";"0.5";"64.";"2.";"1.21";"11.77";"0.75"
"2018";"4";"11";"3";"6";"2407";"69.";"4.6";"1.7";"61.";"0.";"134.18";"534.07";"39.55"
"2018";"4";"11";"3";"7";"2408";"71.";"4.8";"3.6";"54.";"0.";"295.82";"751.79";"62.07"
"2018";"4";"11";"3";"8";"2409";"73.";"5.2";"5.8";"46.";"5.";"345.58";"312.88";"210.78"
"2018";"4";"11";"3";"9";"2410";"72.";"5.0";"8.3";"38.";"5.";"454.25";"334.00";"277.65"
"2018";"4";"11";"3";"10";"2411";"77.";"4.9";"10.2";"33.";"1.";"631.11";"807.03";"148.53"
"2018";"4";"11";"3";"11";"2412";"78.";"4.6";"11.5";"32.";"8.";"465.05";"0.00";"465.05"
"2018";"4";"11";"3";"12";"2413";"79.";"4.7";"12.4";"31.";"6.";"530.93";"235.55";"381.64"
"2018";"4";"11";"3";"13";"2414";"75.";"5.3";"13.0";"31.";"8.";"436.57";"0.00";"436.57"
"2018";"4";"11";"3";"14";"2415";"75.";"5.5";"13.3";"32.";"6.";"428.49";"223.44";"310.35"
"2018";"4";"11";"3";"15";"2416";"75.";"5.2";"13.0";"31.";"6.";"330.85";"195.43";"246.65"
"2018";"4";"11";"3";"16";"2417";"74.";"5.3";"12.1";"31.";"8.";"196.26";"0.00";"196.26"
"2018";"4";"11";"3";"17";"2418";"68.";"5.2";"11.1";"34.";"8.";"82.44";"0.00";"82.44"
"2018";"4";"11";"3";"18";"2419";"65.";"4.3";"9.6";"37.";"5.";"0.00";"0.00";"0.00"
"2018";"4";"11";"3";"19";"2420";"68.";"4.3";"8.3";"39.";"8.";"0.00";"0.00";"0.00"
"2018";"4";"11";"3";"20";"2421";"75.";"4.5";"7.2";"41.";"7.";"0.00";"0.00";"0.00"
"2018";"4";"11";"3";"21";"2422";"76.";"4.1";"6.2";"42.";"8.";"0.00";"0.00";"0.00"
"2018";"4";"11";"3";"22";"2423";"75.";"4.1";"5.3";"44.";"8.";"0.00";"0.00";"0.00"
"2018";"4";"11";"3";"23";"2424";"74.";"3.9";"4.5";"47.";"8.";"0.00";"0.00";"0.00"
"2018";"4";"12";"4";"0";"2425";"77.";"3.5";"3.5";"50.";"5.";"0.00";"0.00";"0.00"
"2018";"4";"12";"4";"1";"2426";"73.";"3.5";"2.8";"55.";"8.";"0.00";"0.00";"0.00"
"2018";"4";"12";"4";"2";"2427";"63.";"3.6";"2.1";"60.";"6.";"0.00";"0.00";"0.00"
"2018";"4";"12";"4";"3";"2428";"63.";"4.1";"1.5";"64.";"7.";"0.00";"0.00";"0.00"
"2018";"4";"12";"4";"4";"2429";"64.";"4.2";"1.5";"67.";"5.";"0.00";"0.00";"0.00"
"2018";"4";"12";"4";"5";"2430";"61.";"4.1";"1.8";"67.";"7.";"1.74";"3.40";"1.59"
"2018";"4";"12";"4";"6";"2431";"62.";"4.3";"2.4";"66.";"8.";"85.33";"0.00";"85.33"
"2018";"4";"12";"4";"7";"2432";"70.";"5.2";"4.4";"59.";"8.";"187.92";"0.00";"187.92"
"2018";"4";"12";"4";"8";"2433";"77.";"5.6";"6.5";"52.";"8.";"297.37";"0.00";"297.37"
"2018";"4";"12";"4";"9";"2434";"80.";"5.9";"9.1";"43.";"8.";"350.74";"0.00";"350.74"
"2018";"4";"12";"4";"10";"2435";"83.";"6.3";"11.5";"36.";"1.";"622.92";"750.51";"170.28"
"2018";"4";"12";"4";"11";"2436";"79.";"6.1";"12.7";"36.";"2.";"634.75";"654.70";"216.45"
"2018";"4";"12";"4";"12";"2437";"79.";"6.6";"13.3";"35.";"1.";"646.31";"772.28";"152.88"
"2018";"4";"12";"4";"13";"2438";"79.";"6.2";"14.5";"34.";"2.";"553.20";"643.64";"165.00"
"2018";"4";"12";"4";"14";"2439";"81.";"6.5";"15.2";"31.";"2.";"518.05";"647.60";"172.26"
"2018";"4";"12";"4";"15";"2440";"85.";"6.5";"15.2";"31.";"0.";"443.51";"801.52";"93.94"
"2018";"4";"12";"4";"16";"2441";"83.";"5.5";"14.8";"32.";"0.";"295.99";"716.74";"69.26"
"2018";"4";"12";"4";"17";"2442";"80.";"5.4";"13.8";"34.";"0.";"135.84";"525.44";"39.84"
"2018";"4";"12";"4";"18";"2443";"77.";"5.3";"12.2";"38.";"0.";"0.00";"0.00";"0.00"
"2018";"4";"12";"4";"19";"2444";"81.";"6.0";"10.4";"40.";"0.";"0.00";"0.00";"0.00"
"2018";"4";"12";"4";"20";"2445";"87.";"6.3";"9.2";"40.";"0.";"0.00";"0.00";"0.00"
"2018";"4";"12";"4";"21";"2446";"84.";"6.5";"8.1";"40.";"5.";"0.00";"0.00";"0.00"
"2018";"4";"12";"4";"22";"2447";"84.";"5.8";"7.2";"41.";"5.";"0.00";"0.00";"0.00"
"2018";"4";"12";"4";"23";"2448";"82.";"5.6";"6.7";"43.";"2.";"0.00";"0.00";"0.00"
"2018";"4";"13";"5";"0";"2449";"79.";"5.5";"6.4";"46.";"1.";"0.00";"0.00";"0.00"
"2018";"4";"13";"5";"1";"2450";"78.";"4.9";"6.1";"48.";"2.";"0.00";"0.00";"0.00"
"2018";"4";"13";"5";"2";"2451";"71.";"5.3";"5.8";"51.";"0.";"0.00";"0.00";"0.00"
"2018";"4";"13";"5";"3";"2452";"73.";"5.5";"5.2";"54.";"0.";"0.00";"0.00";"0.00"
"2018";"4";"13";"5";"4";"2453";"74.";"5.9";"4.9";"57.";"0.";"0.00";"0.00";"0.00"
"2018";"4";"13";"5";"5";"2454";"75.";"5.3";"4.9";"57.";"0.";"5.54";"54.70";"2.80"
"2018";"4";"13";"5";"6";"2455";"81.";"6.2";"6.0";"53.";"3.";"110.64";"330.45";"48.45"
"2018";"4";"13";"5";"7";"2456";"83.";"6.8";"8.4";"47.";"1.";"280.74";"625.48";"79.53"
"2018";"4";"13";"5";"8";"2457";"84.";"6.8";"11.1";"41.";"0.";"453.13";"836.34";"83.98"
"2018";"4";"13";"5";"9";"2458";"87.";"6.8";"13.8";"37.";"2.";"484.37";"625.64";"147.08"
"2018";"4";"13";"5";"10";"2459";"86.";"7.6";"15.7";"37.";"3.";"564.92";"530.74";"242.11"
"2018";"4";"13";"5";"11";"2460";"85.";"7.2";"17.2";"34.";"0.";"694.46";"854.72";"144.03"
"2018";"4";"13";"5";"12";"2461";"85.";"8.0";"18.2";"33.";"4.";"575.16";"448.16";"286.55"
"2018";"4";"13";"5";"13";"2462";"85.";"6.9";"18.7";"31.";"3.";"507.97";"557.83";"168.69"
"2018";"4";"13";"5";"14";"2463";"85.";"7.0";"19.4";"31.";"2.";"516.57";"628.79";"177.58"
"2018";"4";"13";"5";"15";"2464";"85.";"6.9";"19.1";"34.";"0.";"443.06";"796.00";"91.72"
"2018";"4";"13";"5";"16";"2465";"86.";"6.5";"18.5";"33.";"0.";"296.37";"704.90";"69.61"
"2018";"4";"13";"5";"17";"2466";"82.";"6.4";"17.2";"37.";"0.";"134.73";"507.76";"39.17"
"2018";"4";"13";"5";"18";"2467";"81.";"6.3";"15.3";"42.";"1.";"0.00";"0.00";"0.00"
"2018";"4";"13";"5";"19";"2468";"85.";"6.4";"13.6";"45.";"3.";"0.00";"0.00";"0.00"
"2018";"4";"13";"5";"20";"2469";"91.";"6.2";"12.2";"45.";"3.";"0.00";"0.00";"0.00"
"2018";"4";"13";"5";"21";"2470";"95.";"5.7";"11.3";"44.";"3.";"0.00";"0.00";"0.00"
"2018";"4";"13";"5";"22";"2471";"91.";"5.2";"10.8";"44.";"2.";"0.00";"0.00";"0.00"
"2018";"4";"13";"5";"23";"2472";"77.";"4.0";"10.2";"46.";"2.";"0.00";"0.00";"0.00"
"2018";"4";"14";"6";"0";"2473";"73.";"4.1";"10.0";"48.";"2.";"0.00";"0.00";"0.00"
"2018";"4";"14";"6";"1";"2474";"67.";"4.0";"9.0";"51.";"1.";"0.00";"0.00";"0.00"
"2018";"4";"14";"6";"2";"2475";"67.";"4.3";"7.8";"54.";"0.";"0.00";"0.00";"0.00"
"2018";"4";"14";"6";"3";"2476";"61.";"3.5";"7.0";"57.";"0.";"0.00";"0.00";"0.00"
"2018";"4";"14";"6";"4";"2477";"70.";"4.1";"6.5";"59.";"0.";"0.00";"0.00";"0.00"
"2018";"4";"14";"6";"5";"2478";"65.";"4.2";"6.0";"61.";"0.";"6.71";"62.08";"3.26"
"2018";"4";"14";"6";"6";"2479";"74.";"4.8";"7.3";"58.";"0.";"146.40";"539.81";"41.87"
"2018";"4";"14";"6";"7";"2480";"76.";"4.7";"9.0";"54.";"0.";"306.63";"726.72";"68.98"
"2018";"4";"14";"6";"8";"2481";"76.";"4.5";"11.2";"51.";"2.";"387.67";"622.21";"109.80"
"2018";"4";"14";"6";"9";"2482";"78.";"4.5";"12.9";"49.";"4.";"396.46";"434.36";"160.07"
"2018";"4";"14";"6";"10";"2483";"80.";"3.3";"15.8";"46.";"8.";"200.46";"0.00";"200.46"
"2018";"4";"14";"6";"11";"2484";"92.";"3.6";"18.1";"46.";"8.";"214.63";"0.00";"214.63"
"2018";"4";"14";"6";"12";"2485";"112.";"2.2";"18.8";"45.";"7.";"470.54";"112.83";"397.32"
"2018";"4";"14";"6";"13";"2486";"118.";"2.8";"18.8";"48.";"6.";"474.90";"228.86";"334.55"
"2018";"4";"14";"6";"14";"2487";"101.";"2.5";"17.5";"56.";"8.";"170.18";"0.00";"170.18"
"2018";"4";"14";"6";"15";"2488";"124.";"2.3";"16.5";"61.";"7.";"290.41";"92.04";"249.30"
"2018";"4";"14";"6";"16";"2489";"113.";"2.0";"17.0";"57.";"7.";"117.04";"78.61";"91.33"
"2018";"4";"14";"6";"17";"2490";"103.";"1.4";"17.0";"56.";"2.";"106.41";"318.02";"44.83"
"2018";"4";"14";"6";"18";"2491";"129.";"0.4";"14.6";"62.";"4.";"0.00";"0.00";"0.00"
"2018";"4";"14";"6";"19";"2492";"122.";"1.3";"13.5";"65.";"6.";"0.00";"0.00";"0.00"
"2018";"4";"14";"6";"20";"2493";"179.";"1.1";"11.6";"69.";"0.";"0.00";"0.00";"0.00"
"2018";"4";"14";"6";"21";"2494";"172.";"1.6";"10.3";"78.";"2.";"0.00";"0.00";"0.00"
"2018";"4";"14";"6";"22";"2495";"123.";"1.5";"8.9";"82.";"5.";"0.00";"0.00";"0.00"
"2018";"4";"14";"6";"23";"2496";"104.";"1.7";"7.6";"85.";"2.";"0.00";"0.00";"0.00"
"2018";"4";"15";"7";"0";"2497";"143.";"0.9";"6.7";"88.";"6.";"0.00";"0.00";"0.00"
"2018";"4";"15";"7";"1";"2498";"124.";"0.9";"6.8";"90.";"6.";"0.00";"0.00";"0.00"
"2018";"4";"15";"7";"2";"2499";"130.";"1.2";"6.2";"90.";"7.";"0.00";"0.00";"0.00"
"2018";"4";"15";"7";"3";"2500";"141.";"1.3";"6.0";"92.";"6.";"0.00";"0.00";"0.00"
"2018";"4";"15";"7";"4";"2501";"19.";"0.3";"6.2";"92.";"6.";"0.00";"0.00";"0.00"
"2018";"4";"15";"7";"5";"2502";"109.";"0.3";"6.9";"92.";"6.";"0.00";"0.00";"0.00"
"2018";"4";"15";"7";"6";"2503";"152.";"0.2";"8.2";"88.";"6.";"65.32";"84.63";"48.48"
"2018";"4";"15";"7";"7";"2504";"172.";"0.3";"9.3";"84.";"6.";"135.55";"96.06";"103.63"
"2018";"4";"15";"7";"8";"2505";"191.";"0.9";"9.1";"84.";"8.";"121.52";"0.00";"121.52"
"2018";"4";"15";"7";"9";"2506";"223.";"2.5";"8.1";"88.";"8.";"146.78";"0.00";"146.78"
"2018";"4";"15";"7";"10";"2507";"180.";"0.8";"8.2";"89.";"8.";"160.41";"0.00";"160.41"
"2018";"4";"15";"7";"11";"2508";"213.";"0.6";"8.8";"89.";"8.";"179.87";"0.00";"179.87"
"2018";"4";"15";"7";"12";"2509";"169.";"1.7";"8.9";"89.";"8.";"183.77";"0.00";"183.77"
"2018";"4";"15";"7";"13";"2510";"177.";"2.4";"7.9";"91.";"8.";"161.84";"0.00";"161.84"
"2018";"4";"15";"7";"14";"2511";"176.";"2.2";"7.9";"93.";"8.";"83.76";"0.00";"83.76"
"2018";"4";"15";"7";"15";"2512";"168.";"2.1";"7.7";"94.";"8.";"109.03";"0.00";"109.03"
"2018";"4";"15";"7";"16";"2513";"162.";"2.7";"7.5";"96.";"8.";"77.90";"0.00";"77.90"
"2018";"4";"15";"7";"17";"2514";"162.";"2.6";"7.3";"97.";"8.";"19.33";"0.00";"19.33"
"2018";"4";"15";"7";"18";"2515";"163.";"2.3";"7.3";"97.";"8.";"0.00";"0.00";"0.00"
"2018";"4";"15";"7";"19";"2516";"159.";"2.2";"7.4";"96.";"8.";"0.00";"0.00";"0.00"
"2018";"4";"15";"7";"20";"2517";"158.";"2.4";"7.4";"96.";"8.";"0.00";"0.00";"0.00"
"2018";"4";"15";"7";"21";"2518";"162.";"1.9";"7.5";"97.";"8.";"0.00";"0.00";"0.00"
"2018";"4";"15";"7";"22";"2519";"165.";"2.3";"7.5";"97.";"8.";"0.00";"0.00";"0.00"
"2018";"4";"15";"7";"23";"2520";"160.";"1.6";"7.6";"97.";"8.";"0.00";"0.00";"0.00"
"2018";"4";"16";"1";"0";"2521";"167.";"1.4";"7.6";"97.";"8.";"0.00";"0.00";"0.00"
"2018";"4";"16";"1";"1";"2522";"153.";"1.4";"7.6";"97.";"8.";"0.00";"0.00";"0.00"
"2018";"4";"16";"1";"2";"2523";"123.";"1.1";"7.6";"97.";"8.";"0.00";"0.00";"0.00"
"2018";"4";"16";"1";"3";"2524";"131.";"1.4";"7.7";"97.";"8.";"0.00";"0.00";"0.00"
"2018";"4";"16";"1";"4";"2525";"131.";"1.4";"7.8";"97.";"8.";"0.00";"0.00";"0.00"
"2018";"4";"16";"1";"5";"2526";"101.";"1.4";"7.7";"97.";"8.";"0.00";"0.00";"0.00"
"2018";"4";"16";"1";"6";"2527";"112.";"1.2";"7.8";"97.";"8.";"33.14";"0.00";"33.14"
"2018";"4";"16";"1";"7";"2528";"141.";"1.3";"8.1";"97.";"8.";"73.78";"0.00";"73.78"
"2018";"4";"16";"1";"8";"2529";"159.";"1.5";"8.5";"96.";"8.";"118.07";"0.00";"118.07"
"2018";"4";"16";"1";"9";"2530";"172.";"1.8";"8.4";"95.";"7.";"205.15";"51.14";"176.81"
"2018";"4";"16";"1";"10";"2531";"157.";"1.8";"8.8";"95.";"8.";"171.81";"0.00";"171.81"
"2018";"4";"16";"1";"11";"2532";"180.";"1.3";"9.0";"92.";"7.";"246.66";"47.00";"215.70"
"2018";"4";"16";"1";"12";"2533";"185.";"1.5";"9.7";"89.";"7.";"247.55";"48.23";"215.77"
"2018";"4";"16";"1";"13";"2534";"206.";"1.1";"9.7";"85.";"8.";"180.17";"0.00";"180.17"
"2018";"4";"16";"1";"14";"2535";"217.";"1.3";"10.5";"81.";"7.";"207.28";"53.99";"177.36"
"2018";"4";"16";"1";"15";"2536";"220.";"1.1";"10.8";"79.";"8.";"124.26";"0.00";"124.26"
"2018";"4";"16";"1";"16";"2537";"227.";"1.2";"10.7";"77.";"5.";"164.91";"151.97";"113.62"
"2018";"4";"16";"1";"17";"2538";"203.";"0.8";"9.8";"79.";"0.";"133.71";"341.06";"64.00"
"2018";"4";"16";"1";"18";"2539";"242.";"0.9";"8.8";"85.";"4.";"0.00";"0.00";"0.00"
"2018";"4";"16";"1";"19";"2540";"247.";"0.3";"7.7";"89.";"2.";"0.00";"0.00";"0.00"
"2018";"4";"16";"1";"20";"2541";"82.";"0.8";"6.8";"91.";"2.";"0.00";"0.00";"0.00"
"2018";"4";"16";"1";"21";"2542";"78.";"1.0";"6.8";"93.";"1.";"0.00";"0.00";"0.00"
"2018";"4";"16";"1";"22";"2543";"105.";"1.3";"6.9";"95.";"5.";"0.00";"0.00";"0.00"
"2018";"4";"16";"1";"23";"2544";"102.";"1.3";"7.2";"94.";"6.";"0.00";"0.00";"0.00"
"2018";"4";"17";"2";"0";"2545";"153.";"1.0";"7.2";"94.";"7.";"0.00";"0.00";"0.00"
"2018";"4";"17";"2";"1";"2546";"164.";"1.3";"7.1";"95.";"6.";"0.00";"0.00";"0.00"
"2018";"4";"17";"2";"2";"2547";"156.";"1.6";"7.1";"95.";"7.";"0.00";"0.00";"0.00"
"2018";"4";"17";"2";"3";"2548";"205.";"1.3";"7.2";"96.";"7.";"0.00";"0.00";"0.00"
"2018";"4";"17";"2";"4";"2549";"237.";"1.8";"7.3";"96.";"8.";"0.00";"0.00";"0.00"
"2018";"4";"17";"2";"5";"2550";"255.";"2.4";"7.0";"97.";"7.";"0.95";"0.34";"0.92"
"2018";"4";"17";"2";"6";"2551";"264.";"2.1";"6.6";"97.";"8.";"32.73";"0.00";"32.73"
"2018";"4";"17";"2";"7";"2552";"259.";"2.5";"6.2";"97.";"8.";"68.92";"0.00";"68.92"
"2018";"4";"17";"2";"8";"2553";"246.";"2.1";"6.3";"96.";"8.";"113.13";"0.00";"113.13"
"2018";"4";"17";"2";"9";"2554";"230.";"1.2";"6.7";"96.";"8.";"132.50";"0.00";"132.50"
"2018";"4";"17";"2";"10";"2555";"237.";"1.9";"6.8";"95.";"8.";"147.56";"0.00";"147.56"
"2018";"4";"17";"2";"11";"2556";"230.";"2.3";"7.2";"95.";"8.";"179.91";"0.00";"179.91"
"2018";"4";"17";"2";"12";"2557";"227.";"2.2";"8.0";"92.";"8.";"200.41";"0.00";"200.41"
"2018";"4";"17";"2";"13";"2558";"220.";"1.7";"8.7";"87.";"8.";"196.41";"0.00";"196.41"
"2018";"4";"17";"2";"14";"2559";"224.";"2.0";"9.3";"84.";"8.";"167.58";"0.00";"167.58"
"2018";"4";"17";"2";"15";"2560";"208.";"2.8";"9.9";"83.";"8.";"131.17";"0.00";"131.17"
"2018";"4";"17";"2";"16";"2561";"214.";"2.7";"9.2";"83.";"6.";"142.32";"100.66";"107.83"
"2018";"4";"17";"2";"17";"2562";"197.";"2.4";"8.5";"87.";"8.";"41.71";"0.00";"41.71"
"2018";"4";"17";"2";"18";"2563";"184.";"2.4";"8.2";"87.";"8.";"1.18";"0.00";"1.18"
"2018";"4";"17";"2";"19";"2564";"179.";"2.7";"8.0";"89.";"7.";"0.00";"0.00";"0.00"
"2018";"4";"17";"2";"20";"2565";"172.";"2.7";"7.7";"91.";"6.";"0.00";"0.00";"0.00"
"2018";"4";"17";"2";"21";"2566";"163.";"2.6";"7.6";"92.";"6.";"0.00";"0.00";"0.00"
"2018";"4";"17";"2";"22";"2567";"156.";"2.4";"7.1";"92.";"8.";"0.00";"0.00";"0.00"
"2018";"4";"17";"2";"23";"2568";"157.";"2.7";"7.2";"92.";"8.";"0.00";"0.00";"0.00"
"2018";"4";"18";"3";"0";"2569";"169.";"2.9";"7.5";"89.";"8.";"0.00";"0.00";"0.00"
"2018";"4";"18";"3";"1";"2570";"186.";"3.0";"8.3";"85.";"8.";"0.00";"0.00";"0.00"
"2018";"4";"18";"3";"2";"2571";"197.";"3.3";"8.7";"84.";"8.";"0.00";"0.00";"0.00"
"2018";"4";"18";"3";"3";"2572";"198.";"3.7";"9.0";"83.";"8.";"0.00";"0.00";"0.00"
"2018";"4";"18";"3";"4";"2573";"203.";"3.7";"9.2";"82.";"6.";"0.00";"0.00";"0.00"
"2018";"4";"18";"3";"5";"2574";"213.";"3.3";"9.2";"81.";"7.";"3.60";"6.13";"3.13"
"2018";"4";"18";"3";"6";"2575";"221.";"3.3";"9.5";"81.";"8.";"45.04";"0.00";"45.04"
"2018";"4";"18";"3";"7";"2576";"231.";"3.9";"9.7";"81.";"6.";"151.63";"126.96";"107.48"
"2018";"4";"18";"3";"8";"2577";"235.";"3.2";"9.1";"85.";"6.";"220.49";"138.24";"155.95"
"2018";"4";"18";"3";"9";"2578";"242.";"2.0";"9.4";"87.";"7.";"215.97";"60.64";"181.76"
"2018";"4";"18";"3";"10";"2579";"244.";"1.9";"10.0";"86.";"8.";"173.30";"0.00";"173.30"
"2018";"4";"18";"3";"11";"2580";"260.";"2.0";"10.4";"83.";"6.";"331.57";"136.58";"240.28"
"2018";"4";"18";"3";"12";"2581";"265.";"1.7";"12.5";"77.";"6.";"329.60";"134.18";"239.92"
"2018";"4";"18";"3";"13";"2582";"268.";"1.9";"14.2";"71.";"4.";"425.10";"288.47";"242.56"
"2018";"4";"18";"3";"14";"2583";"272.";"2.9";"13.7";"70.";"3.";"414.91";"344.80";"220.43"
"2018";"4";"18";"3";"15";"2584";"277.";"2.7";"13.6";"69.";"1.";"404.18";"510.77";"165.74"
"2018";"4";"18";"3";"16";"2585";"283.";"2.9";"13.0";"72.";"2.";"268.58";"374.51";"138.34"
"2018";"4";"18";"3";"17";"2586";"292.";"2.3";"12.5";"77.";"0.";"140.03";"346.33";"65.59"
"2018";"4";"18";"3";"18";"2587";"287.";"2.4";"10.8";"85.";"5.";"1.44";"4.75";"1.07"
"2018";"4";"18";"3";"19";"2588";"290.";"2.3";"10.0";"89.";"7.";"0.00";"0.00";"0.00"
"2018";"4";"18";"3";"20";"2589";"285.";"2.7";"9.2";"91.";"6.";"0.00";"0.00";"0.00"
"2018";"4";"18";"3";"21";"2590";"281.";"3.1";"8.8";"93.";"6.";"0.00";"0.00";"0.00"
"2018";"4";"18";"3";"22";"2591";"272.";"3.3";"8.2";"94.";"7.";"0.00";"0.00";"0.00"
"2018";"4";"18";"3";"23";"2592";"272.";"2.2";"8.0";"95.";"7.";"0.00";"0.00";"0.00"
"2018";"4";"19";"4";"0";"2593";"310.";"0.1";"8.2";"95.";"8.";"0.00";"0.00";"0.00"
"2018";"4";"19";"4";"1";"2594";"247.";"0.9";"8.5";"95.";"8.";"0.00";"0.00";"0.00"
"2018";"4";"19";"4";"2";"2595";"235.";"1.1";"8.5";"96.";"7.";"0.00";"0.00";"0.00"
"2018";"4";"19";"4";"3";"2596";"156.";"0.6";"8.6";"96.";"7.";"0.00";"0.00";"0.00"
"2018";"4";"19";"4";"4";"2597";"223.";"0.6";"8.7";"97.";"7.";"0.00";"0.00";"0.00"
"2018";"4";"19";"4";"5";"2598";"225.";"0.9";"9.1";"97.";"8.";"1.64";"0.00";"1.64"
"2018";"4";"19";"4";"6";"2599";"248.";"1.6";"9.4";"96.";"8.";"36.81";"0.00";"36.81"
"2018";"4";"19";"4";"7";"2600";"258.";"1.6";"10.0";"97.";"8.";"71.79";"0.00";"71.79"
"2018";"4";"19";"4";"8";"2601";"241.";"1.1";"10.5";"96.";"8.";"111.40";"0.00";"111.40"
"2018";"4";"19";"4";"9";"2602";"233.";"1.0";"11.0";"92.";"8.";"155.76";"0.00";"155.76"
"2018";"4";"19";"4";"10";"2603";"234.";"1.5";"11.9";"87.";"8.";"186.27";"0.00";"186.27"
"2018";"4";"19";"4";"11";"2604";"238.";"2.2";"12.1";"83.";"8.";"204.87";"0.00";"204.87"
"2018";"4";"19";"4";"12";"2605";"239.";"2.3";"12.2";"81.";"8.";"207.12";"0.00";"207.12"
"2018";"4";"19";"4";"13";"2606";"240.";"2.2";"12.6";"80.";"7.";"264.82";"86.20";"209.86"
"2018";"4";"19";"4";"14";"2607";"224.";"1.7";"14.1";"75.";"2.";"488.43";"557.55";"171.26"
"2018";"4";"19";"4";"15";"2608";"231.";"2.1";"14.4";"75.";"1.";"420.85";"612.18";"132.05"
"2018";"4";"19";"4";"16";"2609";"221.";"2.0";"13.2";"77.";"1.";"282.02";"487.86";"109.90"
"2018";"4";"19";"4";"17";"2610";"222.";"2.2";"12.8";"79.";"2.";"128.10";"322.89";"57.02"
"2018";"4";"19";"4";"18";"2611";"199.";"1.6";"11.3";"82.";"0.";"7.58";"48.82";"3.54"
"2018";"4";"19";"4";"19";"2612";"162.";"1.2";"9.8";"88.";"0.";"0.00";"0.00";"0.00"
"2018";"4";"19";"4";"20";"2613";"142.";"1.4";"9.4";"90.";"0.";"0.00";"0.00";"0.00"
"2018";"4";"19";"4";"21";"2614";"139.";"2.0";"8.9";"90.";"0.";"0.00";"0.00";"0.00"
"2018";"4";"19";"4";"22";"2615";"142.";"2.1";"8.3";"91.";"0.";"0.00";"0.00";"0.00"
"2018";"4";"19";"4";"23";"2616";"163.";"2.2";"8.5";"91.";"0.";"0.00";"0.00";"0.00"
"2018";"4";"20";"5";"0";"2617";"168.";"2.8";"10.2";"89.";"0.";"0.00";"0.00";"0.00"
"2018";"4";"20";"5";"1";"2618";"173.";"3.0";"9.9";"86.";"0.";"0.00";"0.00";"0.00"
"2018";"4";"20";"5";"2";"2619";"169.";"2.9";"11.0";"85.";"0.";"0.00";"0.00";"0.00"
"2018";"4";"20";"5";"3";"2620";"163.";"3.1";"10.4";"88.";"0.";"0.00";"0.00";"0.00"
"2018";"4";"20";"5";"4";"2621";"165.";"3.3";"10.3";"89.";"0.";"0.00";"0.00";"0.00"
"2018";"4";"20";"5";"5";"2622";"169.";"3.4";"10.9";"86.";"0.";"11.00";"54.74";"6.18"
"2018";"4";"20";"5";"6";"2623";"175.";"3.8";"12.4";"81.";"0.";"152.62";"391.50";"64.41"
"2018";"4";"20";"5";"7";"2624";"172.";"4.1";"13.9";"76.";"0.";"303.97";"520.98";"117.56"
"2018";"4";"20";"5";"8";"2625";"175.";"4.6";"15.2";"72.";"0.";"439.55";"569.07";"168.33"
"2018";"4";"20";"5";"9";"2626";"175.";"4.8";"16.2";"69.";"0.";"551.17";"596.39";"209.08"
"2018";"4";"20";"5";"10";"2627";"178.";"5.1";"17.5";"65.";"0.";"631.31";"617.46";"234.78"
"2018";"4";"20";"5";"11";"2628";"181.";"4.9";"18.5";"61.";"0.";"676.73";"643.14";"240.87"
"2018";"4";"20";"5";"12";"2629";"184.";"4.9";"18.9";"60.";"0.";"685.45";"686.02";"220.53"
"2018";"4";"20";"5";"13";"2630";"193.";"5.1";"19.3";"59.";"0.";"632.05";"623.76";"231.48"
"2018";"4";"20";"5";"14";"2631";"200.";"5.8";"18.9";"60.";"0.";"556.82";"632.75";"193.87"
"2018";"4";"20";"5";"15";"2632";"204.";"5.0";"18.5";"59.";"1.";"408.29";"502.59";"168.75"
"2018";"4";"20";"5";"16";"2633";"232.";"4.0";"16.1";"64.";"1.";"274.86";"395.33";"133.40"
"2018";"4";"20";"5";"17";"2634";"283.";"2.3";"13.8";"69.";"0.";"149.79";"333.40";"74.68"
"2018";"4";"20";"5";"18";"2635";"267.";"1.6";"12.9";"69.";"3.";"12.17";"36.69";"8.94"
"2018";"4";"20";"5";"19";"2636";"272.";"3.1";"12.8";"70.";"6.";"0.00";"0.00";"0.00"
"2018";"4";"20";"5";"20";"2637";"289.";"4.6";"11.4";"75.";"2.";"0.00";"0.00";"0.00"
"2018";"4";"20";"5";"21";"2638";"292.";"4.3";"9.6";"81.";"0.";"0.00";"0.00";"0.00"
"2018";"4";"20";"5";"22";"2639";"296.";"3.6";"9.2";"80.";"0.";"0.00";"0.00";"0.00"
"2018";"4";"20";"5";"23";"2640";"301.";"3.3";"9.4";"76.";"0.";"0.00";"0.00";"0.00"
"2018";"4";"21";"6";"0";"2641";"295.";"4.6";"9.6";"70.";"0.";"0.00";"0.00";"0.00"
"2018";"4";"21";"6";"1";"2642";"292.";"4.7";"9.3";"70.";"0.";"0.00";"0.00";"0.00"
"2018";"4";"21";"6";"2";"2643";"292.";"5.5";"9.2";"68.";"0.";"0.00";"0.00";"0.00"
"2018";"4";"21";"6";"3";"2644";"293.";"5.5";"8.7";"73.";"0.";"0.00";"0.00";"0.00"
"2018";"4";"21";"6";"4";"2645";"295.";"5.5";"8.3";"75.";"0.";"0.00";"0.00";"0.00"
"2018";"4";"21";"6";"5";"2646";"296.";"5.7";"8.6";"74.";"0.";"28.76";"169.81";"12.90"
"2018";"4";"21";"6";"6";"2647";"296.";"5.8";"9.5";"71.";"0.";"176.04";"511.70";"58.15"
"2018";"4";"21";"6";"7";"2648";"294.";"6.7";"10.0";"68.";"0.";"333.00";"644.76";"99.12"
"2018";"4";"21";"6";"8";"2649";"295.";"6.4";"10.3";"67.";"0.";"483.07";"765.61";"114.50"
"2018";"4";"21";"6";"9";"2650";"291.";"6.4";"11.4";"63.";"0.";"603.23";"812.17";"133.56"
"2018";"4";"21";"6";"10";"2651";"290.";"6.2";"11.7";"62.";"0.";"685.52";"819.53";"155.45"
"2018";"4";"21";"6";"11";"2652";"288.";"5.9";"11.8";"61.";"0.";"732.43";"845.80";"155.38"
"2018";"4";"21";"6";"12";"2653";"289.";"5.3";"12.7";"57.";"0.";"732.22";"843.61";"156.66"
"2018";"4";"21";"6";"13";"2654";"287.";"6.1";"12.4";"58.";"0.";"693.65";"866.66";"133.09"
"2018";"4";"21";"6";"14";"2655";"286.";"5.7";"11.6";"62.";"0.";"601.10";"797.56";"139.88"
"2018";"4";"21";"6";"15";"2656";"278.";"5.3";"11.4";"63.";"0.";"481.92";"758.64";"116.70"
"2018";"4";"21";"6";"16";"2657";"275.";"5.5";"10.5";"68.";"0.";"333.50";"656.83";"95.23"
"2018";"4";"21";"6";"17";"2658";"273.";"5.2";"9.3";"74.";"0.";"172.35";"469.97";"64.07"
"2018";"4";"21";"6";"18";"2659";"277.";"3.9";"8.4";"79.";"0.";"26.37";"142.56";"13.06"
"2018";"4";"21";"6";"19";"2660";"272.";"3.3";"7.6";"84.";"0.";"0.00";"0.00";"0.00"
"2018";"4";"21";"6";"20";"2661";"270.";"3.2";"7.1";"86.";"1.";"0.00";"0.00";"0.00"
"2018";"4";"21";"6";"21";"2662";"262.";"2.5";"6.5";"89.";"1.";"0.00";"0.00";"0.00"
"2018";"4";"21";"6";"22";"2663";"252.";"2.1";"5.9";"91.";"1.";"0.00";"0.00";"0.00"
"2018";"4";"21";"6";"23";"2664";"251.";"2.6";"5.9";"92.";"4.";"0.00";"0.00";"0.00"
"2018";"4";"22";"7";"0";"2665";"245.";"1.9";"6.0";"93.";"2.";"0.00";"0.00";"0.00"
"2018";"4";"22";"7";"1";"2666";"224.";"0.8";"5.4";"93.";"2.";"0.00";"0.00";"0.00"
"2018";"4";"22";"7";"2";"2667";"205.";"0.7";"5.2";"94.";"5.";"0.00";"0.00";"0.00"
"2018";"4";"22";"7";"3";"2668";"204.";"1.1";"5.7";"95.";"7.";"0.00";"0.00";"0.00"
"2018";"4";"22";"7";"4";"2669";"228.";"1.3";"5.8";"95.";"8.";"0.00";"0.00";"0.00"
"2018";"4";"22";"7";"5";"2670";"236.";"1.0";"5.8";"95.";"8.";"8.93";"0.00";"8.93"
"2018";"4";"22";"7";"6";"2671";"148.";"0.4";"5.8";"95.";"8.";"50.77";"0.00";"50.77"
"2018";"4";"22";"7";"7";"2672";"137.";"0.7";"6.3";"93.";"8.";"97.99";"0.00";"97.99"
"2018";"4";"22";"7";"8";"2673";"185.";"1.1";"7.4";"85.";"8.";"145.11";"0.00";"145.11"
"2018";"4";"22";"7";"9";"2674";"171.";"1.7";"8.9";"75.";"2.";"512.18";"572.65";"178.38"
"2018";"4";"22";"7";"10";"2675";"205.";"2.0";"10.1";"74.";"2.";"578.01";"567.59";"208.32"
"2018";"4";"22";"7";"11";"2676";"225.";"3.0";"9.6";"75.";"3.";"558.39";"480.92";"228.12"
"2018";"4";"22";"7";"12";"2677";"220.";"2.7";"9.7";"72.";"3.";"556.01";"468.71";"234.12"
"2018";"4";"22";"7";"13";"2678";"224.";"3.0";"10.3";"69.";"2.";"574.76";"547.37";"218.24"
"2018";"4";"22";"7";"14";"2679";"232.";"3.7";"10.3";"69.";"3.";"457.48";"443.91";"198.72"
"2018";"4";"22";"7";"15";"2680";"214.";"2.7";"8.8";"74.";"4.";"327.32";"332.34";"165.76"
"2018";"4";"22";"7";"16";"2681";"195.";"1.8";"10.4";"68.";"4.";"233.27";"324.62";"113.93"
"2018";"4";"22";"7";"17";"2682";"220.";"2.0";"9.1";"70.";"5.";"110.13";"195.48";"64.10"
"2018";"4";"22";"7";"18";"2683";"227.";"1.6";"6.9";"80.";"8.";"10.47";"0.00";"10.47"
"2018";"4";"22";"7";"19";"2684";"178.";"0.7";"6.2";"82.";"7.";"0.00";"0.00";"0.00"
"2018";"4";"22";"7";"20";"2685";"122.";"1.5";"6.2";"82.";"8.";"0.00";"0.00";"0.00"
"2018";"4";"22";"7";"21";"2686";"135.";"2.3";"7.0";"81.";"7.";"0.00";"0.00";"0.00"
"2018";"4";"22";"7";"22";"2687";"142.";"2.2";"7.0";"76.";"5.";"0.00";"0.00";"0.00"
"2018";"4";"22";"7";"23";"2688";"133.";"2.8";"6.8";"74.";"3.";"0.00";"0.00";"0.00"
"2018";"4";"23";"1";"0";"2689";"140.";"3.5";"6.4";"77.";"5.";"0.00";"0.00";"0.00"
"2018";"4";"23";"1";"1";"2690";"141.";"3.4";"7.3";"76.";"5.";"0.00";"0.00";"0.00"
"2018";"4";"23";"1";"2";"2691";"133.";"4.1";"7.7";"75.";"7.";"0.00";"0.00";"0.00"
"2018";"4";"23";"1";"3";"2692";"132.";"4.5";"7.9";"74.";"7.";"0.00";"0.00";"0.00"
"2018";"4";"23";"1";"4";"2693";"130.";"5.1";"7.9";"72.";"8.";"0.00";"0.00";"0.00"
"2018";"4";"23";"1";"5";"2694";"141.";"5.4";"8.7";"70.";"6.";"20.83";"59.06";"14.70"
"2018";"4";"23";"1";"6";"2695";"160.";"3.5";"7.8";"81.";"8.";"29.19";"0.00";"29.19"
"2018";"4";"23";"1";"7";"2696";"150.";"4.5";"7.7";"90.";"8.";"61.22";"0.00";"61.22"
"2018";"4";"23";"1";"8";"2697";"166.";"4.5";"8.7";"89.";"8.";"148.55";"0.00";"148.55"
"2018";"4";"23";"1";"9";"2698";"184.";"5.3";"8.7";"89.";"8.";"181.84";"0.00";"181.84"
"2018";"4";"23";"1";"10";"2699";"223.";"3.8";"9.1";"92.";"8.";"191.93";"0.00";"191.93"
"2018";"4";"23";"1";"11";"2700";"255.";"5.1";"9.8";"87.";"7.";"283.27";"75.73";"230.93"
"2018";"4";"23";"1";"12";"2701";"255.";"4.7";"11.5";"78.";"0.";"723.22";"769.46";"191.39"
"2018";"4";"23";"1";"13";"2702";"252.";"4.3";"11.9";"74.";"6.";"351.69";"204.25";"217.75"
"2018";"4";"23";"1";"14";"2703";"251.";"3.0";"11.8";"72.";"6.";"309.32";"199.21";"192.29"
"2018";"4";"23";"1";"15";"2704";"241.";"3.2";"11.7";"76.";"8.";"151.89";"0.00";"151.89"
"2018";"4";"23";"1";"16";"2705";"252.";"3.8";"10.5";"81.";"8.";"106.48";"0.00";"106.48"
"2018";"4";"23";"1";"17";"2706";"261.";"4.7";"9.9";"77.";"6.";"94.57";"134.72";"62.18"
"2018";"4";"23";"1";"18";"2707";"244.";"5.1";"9.0";"85.";"8.";"10.11";"0.00";"10.11"
"2018";"4";"23";"1";"19";"2708";"243.";"6.1";"8.9";"84.";"8.";"0.00";"0.00";"0.00"
"2018";"4";"23";"1";"20";"2709";"245.";"6.8";"8.3";"86.";"8.";"0.00";"0.00";"0.00"
"2018";"4";"23";"1";"21";"2710";"245.";"5.9";"8.3";"87.";"8.";"0.00";"0.00";"0.00"
"2018";"4";"23";"1";"22";"2711";"255.";"6.6";"7.7";"88.";"8.";"0.00";"0.00";"0.00"
"2018";"4";"23";"1";"23";"2712";"254.";"5.8";"7.1";"89.";"8.";"0.00";"0.00";"0.00"
"2018";"4";"24";"2";"0";"2713";"247.";"5.5";"6.9";"90.";"8.";"0.00";"0.00";"0.00"
"2018";"4";"24";"2";"1";"2714";"250.";"5.3";"6.9";"90.";"8.";"0.00";"0.00";"0.00"
"2018";"4";"24";"2";"2";"2715";"240.";"4.7";"7.1";"90.";"7.";"0.00";"0.00";"0.00"
"2018";"4";"24";"2";"3";"2716";"231.";"4.3";"7.3";"91.";"8.";"0.00";"0.00";"0.00"
"2018";"4";"24";"2";"4";"2717";"226.";"4.7";"7.3";"92.";"8.";"0.00";"0.00";"0.00"
"2018";"4";"24";"2";"5";"2718";"229.";"6.2";"7.2";"94.";"8.";"6.14";"0.00";"6.14"
"2018";"4";"24";"2";"6";"2719";"225.";"5.6";"7.3";"94.";"8.";"31.34";"0.00";"31.34"
"2018";"4";"24";"2";"7";"2720";"216.";"5.1";"7.2";"93.";"8.";"58.82";"0.00";"58.82"
"2018";"4";"24";"2";"8";"2721";"199.";"4.5";"7.1";"94.";"8.";"135.90";"0.00";"135.90"
"2018";"4";"24";"2";"9";"2722";"189.";"4.9";"7.6";"95.";"8.";"155.84";"0.00";"155.84"
"2018";"4";"24";"2";"10";"2723";"211.";"5.7";"8.1";"95.";"8.";"109.35";"0.00";"109.35"
"2018";"4";"24";"2";"11";"2724";"229.";"6.5";"8.8";"95.";"8.";"117.60";"0.00";"117.60"
"2018";"4";"24";"2";"12";"2725";"237.";"6.6";"8.6";"94.";"8.";"113.47";"0.00";"113.47"
"2018";"4";"24";"2";"13";"2726";"238.";"8.1";"8.2";"94.";"8.";"105.15";"0.00";"105.15"
"2018";"4";"24";"2";"14";"2727";"237.";"7.5";"7.9";"94.";"8.";"174.27";"0.00";"174.27"
"2018";"4";"24";"2";"15";"2728";"249.";"7.9";"7.8";"91.";"8.";"144.83";"0.00";"144.83"
"2018";"4";"24";"2";"16";"2729";"260.";"8.9";"7.7";"89.";"8.";"100.30";"0.00";"100.30"
"2018";"4";"24";"2";"17";"2730";"265.";"8.1";"7.9";"87.";"4.";"128.70";"237.89";"70.33"
"2018";"4";"24";"2";"18";"2731";"263.";"8.0";"7.6";"88.";"6.";"19.81";"45.49";"14.86"
"2018";"4";"24";"2";"19";"2732";"265.";"7.5";"7.2";"87.";"2.";"0.00";"0.00";"0.00"
"2018";"4";"24";"2";"20";"2733";"259.";"6.7";"6.9";"87.";"3.";"0.00";"0.00";"0.00"
"2018";"4";"24";"2";"21";"2734";"258.";"6.3";"6.8";"88.";"8.";"0.00";"0.00";"0.00"
"2018";"4";"24";"2";"22";"2735";"257.";"6.8";"6.7";"88.";"7.";"0.00";"0.00";"0.00"
"2018";"4";"24";"2";"23";"2736";"248.";"6.0";"6.6";"89.";"8.";"0.00";"0.00";"0.00"
"2018";"4";"25";"3";"0";"2737";"249.";"5.7";"6.3";"89.";"8.";"0.00";"0.00";"0.00"
"2018";"4";"25";"3";"1";"2738";"252.";"5.4";"6.3";"88.";"8.";"0.00";"0.00";"0.00"
"2018";"4";"25";"3";"2";"2739";"250.";"5.0";"6.3";"89.";"8.";"0.00";"0.00";"0.00"
"2018";"4";"25";"3";"3";"2740";"253.";"4.3";"6.3";"89.";"7.";"0.00";"0.00";"0.00"
"2018";"4";"25";"3";"4";"2741";"250.";"4.1";"6.4";"90.";"6.";"0.00";"0.00";"0.00"
"2018";"4";"25";"3";"5";"2742";"248.";"3.9";"6.6";"88.";"7.";"18.71";"24.26";"15.95"
"2018";"4";"25";"3";"6";"2743";"245.";"3.1";"6.8";"86.";"7.";"79.15";"57.56";"64.75"
"2018";"4";"25";"3";"7";"2744";"255.";"3.2";"7.1";"84.";"7.";"142.12";"71.96";"114.63"
"2018";"4";"25";"3";"8";"2745";"258.";"2.8";"7.5";"81.";"7.";"202.29";"84.90";"159.84"
"2018";"4";"25";"3";"9";"2746";"256.";"3.6";"7.9";"79.";"7.";"249.42";"88.34";"196.74"
"2018";"4";"25";"3";"10";"2747";"260.";"4.0";"8.0";"80.";"8.";"212.61";"0.00";"212.61"
"2018";"4";"25";"3";"11";"2748";"263.";"4.2";"8.2";"77.";"8.";"224.35";"0.00";"224.35"
"2018";"4";"25";"3";"12";"2749";"267.";"4.9";"8.9";"75.";"7.";"307.18";"102.22";"235.65"
"2018";"4";"25";"3";"13";"2750";"271.";"5.0";"9.1";"74.";"6.";"351.34";"183.91";"229.14"
"2018";"4";"25";"3";"14";"2751";"271.";"5.2";"10.3";"68.";"1.";"579.55";"715.27";"153.00"
"2018";"4";"25";"3";"15";"2752";"268.";"4.6";"10.2";"66.";"1.";"475.98";"728.36";"111.83"
"2018";"4";"25";"3";"16";"2753";"267.";"4.3";"10.0";"67.";"1.";"331.56";"587.55";"107.18"
"2018";"4";"25";"3";"17";"2754";"267.";"5.3";"9.4";"71.";"1.";"184.03";"462.40";"68.33"
"2018";"4";"25";"3";"18";"2755";"261.";"4.9";"8.5";"75.";"6.";"24.83";"62.88";"17.66"
"2018";"4";"25";"3";"19";"2756";"260.";"5.1";"7.1";"82.";"8.";"0.00";"0.00";"0.00"
"2018";"4";"25";"3";"20";"2757";"258.";"5.3";"7.0";"82.";"8.";"0.00";"0.00";"0.00"
"2018";"4";"25";"3";"21";"2758";"254.";"5.5";"6.9";"82.";"8.";"0.00";"0.00";"0.00"
"2018";"4";"25";"3";"22";"2759";"255.";"5.6";"6.6";"83.";"6.";"0.00";"0.00";"0.00"
"2018";"4";"25";"3";"23";"2760";"257.";"5.5";"6.5";"86.";"7.";"0.00";"0.00";"0.00"
"2018";"4";"26";"4";"0";"2761";"257.";"5.7";"6.4";"87.";"8.";"0.00";"0.00";"0.00"
"2018";"4";"26";"4";"1";"2762";"257.";"5.0";"6.2";"86.";"7.";"0.00";"0.00";"0.00"
"2018";"4";"26";"4";"2";"2763";"262.";"5.1";"6.2";"86.";"7.";"0.00";"0.00";"0.00"
"2018";"4";"26";"4";"3";"2764";"263.";"5.0";"6.1";"86.";"7.";"0.00";"0.00";"0.00"
"2018";"4";"26";"4";"4";"2765";"263.";"4.7";"6.0";"87.";"7.";"0.00";"0.00";"0.00"
"2018";"4";"26";"4";"5";"2766";"265.";"4.8";"6.1";"86.";"7.";"22.22";"32.04";"18.42"
"2018";"4";"26";"4";"6";"2767";"264.";"4.8";"6.3";"85.";"7.";"84.69";"68.99";"67.09"
"2018";"4";"26";"4";"7";"2768";"258.";"4.3";"6.6";"84.";"8.";"110.64";"0.00";"110.64"
"2018";"4";"26";"4";"8";"2769";"249.";"4.9";"7.0";"81.";"8.";"154.99";"0.00";"154.99"
"2018";"4";"26";"4";"9";"2770";"247.";"4.5";"7.7";"78.";"7.";"256.48";"97.00";"198.21"
"2018";"4";"26";"4";"10";"2771";"245.";"4.5";"8.5";"76.";"8.";"215.52";"0.00";"215.52"
"2018";"4";"26";"4";"11";"2772";"230.";"3.5";"8.8";"77.";"8.";"225.50";"0.00";"225.50"
"2018";"4";"26";"4";"12";"2773";"223.";"4.2";"9.2";"78.";"8.";"220.70";"0.00";"220.70"
"2018";"4";"26";"4";"13";"2774";"229.";"5.0";"8.4";"79.";"8.";"207.37";"0.00";"207.37"
"2018";"4";"26";"4";"14";"2775";"217.";"4.1";"8.3";"80.";"8.";"115.30";"0.00";"115.30"
"2018";"4";"26";"4";"15";"2776";"229.";"2.7";"7.5";"83.";"8.";"83.13";"0.00";"83.13"
"2018";"4";"26";"4";"16";"2777";"260.";"1.9";"8.1";"82.";"8.";"116.95";"0.00";"116.95"
"2018";"4";"26";"4";"17";"2778";"247.";"2.8";"7.9";"81.";"2.";"177.25";"450.63";"62.32"
"2018";"4";"26";"4";"18";"2779";"271.";"3.8";"7.6";"82.";"6.";"26.83";"64.88";"19.12"
"2018";"4";"26";"4";"19";"2780";"267.";"3.3";"7.0";"82.";"7.";"0.00";"0.00";"0.00"
"2018";"4";"26";"4";"20";"2781";"260.";"4.0";"7.0";"83.";"7.";"0.00";"0.00";"0.00"
"2018";"4";"26";"4";"21";"2782";"242.";"4.3";"7.2";"82.";"8.";"0.00";"0.00";"0.00"
"2018";"4";"26";"4";"22";"2783";"237.";"4.6";"7.1";"85.";"8.";"0.00";"0.00";"0.00"
"2018";"4";"26";"4";"23";"2784";"238.";"4.5";"7.1";"83.";"8.";"0.00";"0.00";"0.00"
"2018";"4";"27";"5";"0";"2785";"236.";"4.9";"6.9";"83.";"8.";"0.00";"0.00";"0.00"
"2018";"4";"27";"5";"1";"2786";"234.";"4.7";"6.5";"86.";"8.";"0.00";"0.00";"0.00"
"2018";"4";"27";"5";"2";"2787";"237.";"5.1";"6.3";"88.";"8.";"0.00";"0.00";"0.00"
"2018";"4";"27";"5";"3";"2788";"235.";"4.8";"6.2";"88.";"7.";"0.00";"0.00";"0.00"
"2018";"4";"27";"5";"4";"2789";"240.";"4.5";"6.2";"89.";"7.";"0.00";"0.00";"0.00"
"2018";"4";"27";"5";"5";"2790";"247.";"4.7";"6.6";"86.";"8.";"17.49";"0.00";"17.49"
"2018";"4";"27";"5";"6";"2791";"239.";"4.1";"7.4";"85.";"7.";"83.58";"59.91";"68.01"
"2018";"4";"27";"5";"7";"2792";"230.";"4.6";"7.6";"86.";"7.";"141.94";"63.46";"117.13"
"2018";"4";"27";"5";"8";"2793";"228.";"4.6";"7.9";"87.";"8.";"149.10";"0.00";"149.10"
"2018";"4";"27";"5";"9";"2794";"238.";"5.0";"8.5";"84.";"7.";"245.80";"77.62";"198.84"
"2018";"4";"27";"5";"10";"2795";"242.";"5.3";"8.9";"79.";"7.";"282.86";"85.44";"225.36"
"2018";"4";"27";"5";"11";"2796";"242.";"5.6";"9.5";"73.";"6.";"381.36";"195.36";"243.02"
"2018";"4";"27";"5";"12";"2797";"246.";"5.2";"10.4";"69.";"5.";"457.51";"315.38";"234.18"
"2018";"4";"27";"5";"13";"2798";"242.";"4.4";"11.0";"64.";"0.";"709.95";"789.30";"178.79"
"2018";"4";"27";"5";"14";"2799";"244.";"4.1";"10.7";"62.";"2.";"546.06";"637.33";"160.49"
"2018";"4";"27";"5";"15";"2800";"244.";"2.9";"11.0";"60.";"3.";"404.19";"514.29";"142.50"
"2018";"4";"27";"5";"16";"2801";"249.";"2.7";"10.9";"61.";"4.";"259.81";"376.95";"112.39"
"2018";"4";"27";"5";"17";"2802";"243.";"2.6";"9.9";"64.";"7.";"88.75";"75.80";"69.06"
"2018";"4";"27";"5";"18";"2803";"226.";"1.8";"9.4";"68.";"5.";"36.26";"110.86";"22.53"
"2018";"4";"27";"5";"19";"2804";"195.";"1.3";"7.9";"77.";"3.";"0.00";"0.00";"0.00"
"2018";"4";"27";"5";"20";"2805";"166.";"1.3";"6.3";"86.";"4.";"0.00";"0.00";"0.00"
"2018";"4";"27";"5";"21";"2806";"193.";"1.3";"5.4";"90.";"3.";"0.00";"0.00";"0.00"
"2018";"4";"27";"5";"22";"2807";"205.";"1.1";"4.8";"90.";"8.";"0.00";"0.00";"0.00"
"2018";"4";"27";"5";"23";"2808";"232.";"1.0";"4.6";"91.";"7.";"0.00";"0.00";"0.00"
"2018";"4";"28";"6";"0";"2809";"242.";"0.6";"4.8";"91.";"8.";"0.00";"0.00";"0.00"
"2018";"4";"28";"6";"1";"2810";"247.";"0.6";"5.0";"92.";"6.";"0.00";"0.00";"0.00"
"2018";"4";"28";"6";"2";"2811";"186.";"0.3";"5.0";"92.";"8.";"0.00";"0.00";"0.00"
"2018";"4";"28";"6";"3";"2812";"173.";"0.4";"5.0";"91.";"8.";"0.00";"0.00";"0.00"
"2018";"4";"28";"6";"4";"2813";"151.";"0.4";"5.4";"91.";"7.";"0.00";"0.00";"0.00"
"2018";"4";"28";"6";"5";"2814";"158.";"1.0";"6.0";"92.";"7.";"25.07";"31.83";"20.97"
"2018";"4";"28";"6";"6";"2815";"155.";"1.6";"7.0";"90.";"7.";"86.52";"64.30";"69.52"
"2018";"4";"28";"6";"7";"2816";"172.";"1.5";"7.6";"87.";"8.";"114.89";"0.00";"114.89"
"2018";"4";"28";"6";"8";"2817";"206.";"1.1";"8.2";"83.";"8.";"156.83";"0.00";"156.83"
"2018";"4";"28";"6";"9";"2818";"229.";"1.8";"9.5";"76.";"7.";"256.70";"91.95";"200.69"
"2018";"4";"28";"6";"10";"2819";"227.";"1.7";"9.8";"69.";"5.";"426.87";"285.40";"233.63"
"2018";"4";"28";"6";"11";"2820";"240.";"1.9";"10.4";"65.";"7.";"315.42";"105.77";"240.09"
"2018";"4";"28";"6";"12";"2821";"252.";"2.3";"11.0";"61.";"2.";"653.31";"629.99";"204.62"
"2018";"4";"28";"6";"13";"2822";"249.";"2.6";"12.1";"57.";"0.";"729.48";"869.55";"140.73"
"2018";"4";"28";"6";"14";"2823";"246.";"2.2";"11.2";"59.";"7.";"440.37";"109.30";"373.79"
"2018";"4";"28";"6";"15";"2824";"256.";"1.8";"10.3";"60.";"7.";"357.78";"106.26";"303.25"
"2018";"4";"28";"6";"16";"2825";"259.";"2.0";"9.9";"64.";"8.";"232.80";"0.00";"232.80"
"2018";"4";"28";"6";"17";"2826";"279.";"1.2";"9.4";"69.";"7.";"89.43";"71.59";"70.50"
"2018";"4";"28";"6";"18";"2827";"319.";"0.8";"8.4";"76.";"8.";"11.54";"0.00";"11.54"
"2018";"4";"28";"6";"19";"2828";"346.";"1.1";"7.9";"82.";"8.";"0.00";"0.00";"0.00"
"2018";"4";"28";"6";"20";"2829";"38.";"1.6";"7.7";"86.";"8.";"0.00";"0.00";"0.00"
"2018";"4";"28";"6";"21";"2830";"48.";"1.5";"7.5";"87.";"8.";"0.00";"0.00";"0.00"
"2018";"4";"28";"6";"22";"2831";"55.";"1.7";"7.2";"91.";"8.";"0.00";"0.00";"0.00"
"2018";"4";"28";"6";"23";"2832";"38.";"1.6";"7.0";"92.";"8.";"0.00";"0.00";"0.00"
"2018";"4";"29";"7";"0";"2833";"21.";"1.8";"6.9";"93.";"8.";"0.00";"0.00";"0.00"
"2018";"4";"29";"7";"1";"2834";"18.";"2.0";"6.9";"94.";"8.";"0.00";"0.00";"0.00"
"2018";"4";"29";"7";"2";"2835";"15.";"1.9";"6.9";"93.";"8.";"0.00";"0.00";"0.00"
"2018";"4";"29";"7";"3";"2836";"12.";"2.0";"6.8";"94.";"8.";"0.00";"0.00";"0.00"
"2018";"4";"29";"7";"4";"2837";"28.";"1.9";"6.7";"94.";"8.";"0.00";"0.00";"0.00"
"2018";"4";"29";"7";"5";"2838";"10.";"2.1";"6.7";"92.";"8.";"20.72";"0.00";"20.72"
"2018";"4";"29";"7";"6";"2839";"15.";"2.0";"7.0";"91.";"6.";"116.97";"162.55";"73.23"
"2018";"4";"29";"7";"7";"2840";"15.";"1.8";"8.0";"88.";"6.";"201.02";"199.43";"121.24"
"2018";"4";"29";"7";"8";"2841";"358.";"1.8";"9.7";"81.";"3.";"411.78";"539.59";"132.57"
"2018";"4";"29";"7";"9";"2842";"354.";"2.0";"10.8";"74.";"5.";"394.91";"345.96";"182.73"
"2018";"4";"29";"7";"10";"2843";"338.";"2.1";"11.4";"69.";"7.";"305.70";"118.69";"224.87"
"2018";"4";"29";"7";"11";"2844";"331.";"2.5";"11.9";"65.";"6.";"410.65";"243.17";"236.49"
"2018";"4";"29";"7";"12";"2845";"313.";"2.9";"11.8";"64.";"8.";"243.40";"0.00";"243.40"
"2018";"4";"29";"7";"13";"2846";"313.";"3.2";"11.7";"59.";"8.";"235.04";"0.00";"235.04"
"2018";"4";"29";"7";"14";"2847";"318.";"3.1";"13.0";"58.";"4.";"453.44";"457.23";"173.01"
"2018";"4";"29";"7";"15";"2848";"2.";"2.6";"13.0";"56.";"6.";"397.89";"221.73";"283.16"
"2018";"4";"29";"7";"16";"2849";"345.";"2.3";"12.7";"55.";"5.";"240.41";"302.67";"119.34"
"2018";"4";"29";"7";"17";"2850";"358.";"2.1";"12.4";"57.";"7.";"156.69";"82.43";"134.51"
"2018";"4";"29";"7";"18";"2851";"350.";"1.9";"11.5";"61.";"6.";"54.61";"89.41";"42.68"
"2018";"4";"29";"7";"19";"2852";"7.";"1.7";"10.2";"67.";"8.";"0.00";"0.00";"0.00"
"2018";"4";"29";"7";"20";"2853";"25.";"1.6";"9.0";"72.";"7.";"0.00";"0.00";"0.00"
"2018";"4";"29";"7";"21";"2854";"44.";"2.1";"8.9";"75.";"8.";"0.00";"0.00";"0.00"
"2018";"4";"29";"7";"22";"2855";"54.";"2.1";"8.6";"79.";"8.";"0.00";"0.00";"0.00"
"2018";"4";"29";"7";"23";"2856";"73.";"2.3";"8.3";"82.";"8.";"0.00";"0.00";"0.00"
"2018";"4";"30";"1";"0";"2857";"73.";"2.3";"8.1";"85.";"8.";"0.00";"0.00";"0.00"
"2018";"4";"30";"1";"1";"2858";"77.";"2.4";"7.9";"85.";"8.";"0.00";"0.00";"0.00"
"2018";"4";"30";"1";"2";"2859";"63.";"1.7";"7.9";"84.";"8.";"0.00";"0.00";"0.00"
"2018";"4";"30";"1";"3";"2860";"78.";"2.5";"7.7";"88.";"8.";"0.00";"0.00";"0.00"
"2018";"4";"30";"1";"4";"2861";"79.";"2.9";"7.5";"90.";"8.";"0.00";"0.00";"0.00"
"2018";"4";"30";"1";"5";"2862";"79.";"3.7";"7.6";"89.";"8.";"21.59";"0.00";"21.59"
"2018";"4";"30";"1";"6";"2863";"82.";"3.6";"7.9";"86.";"6.";"163.45";"147.89";"122.99"
"2018";"4";"30";"1";"7";"2864";"72.";"3.3";"8.4";"83.";"8.";"118.37";"0.00";"118.37"
"2018";"4";"30";"1";"8";"2865";"77.";"4.0";"9.5";"79.";"6.";"269.33";"197.12";"166.50"
"2018";"4";"30";"1";"9";"2866";"63.";"4.6";"10.9";"73.";"7.";"268.34";"107.72";"201.84"
"2018";"4";"30";"1";"10";"2867";"62.";"5.1";"11.6";"69.";"7.";"494.76";"109.18";"419.96"
"2018";"4";"30";"1";"11";"2868";"70.";"6.1";"12.4";"67.";"5.";"468.24";"329.42";"231.02"
"2018";"4";"30";"1";"12";"2869";"64.";"7.1";"12.8";"65.";"6.";"397.77";"224.17";"236.35"
"2018";"4";"30";"1";"13";"2870";"73.";"8.2";"12.7";"66.";"6.";"527.60";"209.73";"383.92"
"2018";"4";"30";"1";"14";"2871";"71.";"7.7";"11.1";"72.";"7.";"170.60";"63.26";"131.55"
"2018";"4";"30";"1";"15";"2872";"67.";"4.5";"10.7";"80.";"8.";"92.71";"0.00";"92.71"
"2018";"4";"30";"1";"16";"2873";"77.";"4.5";"9.5";"92.";"8.";"59.80";"0.00";"59.80"
"2018";"4";"30";"1";"17";"2874";"75.";"6.3";"9.2";"91.";"7.";"56.92";"39.62";"46.07"
"2018";"4";"30";"1";"18";"2875";"66.";"6.3";"8.7";"91.";"8.";"11.42";"0.00";"11.42"
"2018";"4";"30";"1";"19";"2876";"61.";"4.6";"8.1";"92.";"8.";"0.00";"0.00";"0.00"
"2018";"4";"30";"1";"20";"2877";"72.";"5.0";"7.5";"92.";"8.";"0.00";"0.00";"0.00"
"2018";"4";"30";"1";"21";"2878";"82.";"6.3";"7.1";"92.";"8.";"0.00";"0.00";"0.00"
"2018";"4";"30";"1";"22";"2879";"84.";"5.8";"7.0";"92.";"8.";"0.00";"0.00";"0.00"
"2018";"4";"30";"1";"23";"2880";"93.";"4.9";"7.0";"93.";"8.";"0.00";"0.00";"0.00"
"2018";"5";"1";"2";"0";"2881";"100.";"4.3";"7.2";"94.";"8.";"0.00";"0.00";"0.00"
"2018";"5";"1";"2";"1";"2882";"108.";"3.1";"7.5";"95.";"8.";"0.00";"0.00";"0.00"
"2018";"5";"1";"2";"2";"2883";"113.";"1.9";"7.9";"95.";"8.";"0.00";"0.00";"0.00"
"2018";"5";"1";"2";"3";"2884";"95.";"2.2";"8.1";"95.";"8.";"0.00";"0.00";"0.00"
"2018";"5";"1";"2";"4";"2885";"109.";"2.4";"8.1";"95.";"8.";"0.00";"0.00";"0.00"
"2018";"5";"1";"2";"5";"2886";"111.";"2.3";"8.8";"96.";"7.";"23.09";"22.21";"19.92"
"2018";"5";"1";"2";"6";"2887";"125.";"3.1";"9.6";"94.";"6.";"97.78";"83.98";"74.43"
"2018";"5";"1";"2";"7";"2888";"116.";"3.5";"10.8";"90.";"8.";"106.38";"0.00";"106.38"
"2018";"5";"1";"2";"8";"2889";"138.";"3.8";"12.1";"86.";"5.";"299.25";"250.22";"167.69"
"2018";"5";"1";"2";"9";"2890";"141.";"4.0";"11.6";"85.";"8.";"193.70";"0.00";"193.70"
"2018";"5";"1";"2";"10";"2891";"163.";"5.6";"11.0";"81.";"7.";"297.17";"108.21";"222.61"
"2018";"5";"1";"2";"11";"2892";"189.";"6.0";"9.6";"88.";"8.";"131.22";"0.00";"131.22"
"2018";"5";"1";"2";"12";"2893";"203.";"5.4";"8.9";"89.";"8.";"133.80";"0.00";"133.80"
"2018";"5";"1";"2";"13";"2894";"190.";"4.1";"8.6";"85.";"8.";"222.63";"0.00";"222.63"
"2018";"5";"1";"2";"14";"2895";"186.";"5.2";"9.1";"79.";"8.";"197.94";"0.00";"197.94"
"2018";"5";"1";"2";"15";"2896";"179.";"5.6";"8.6";"78.";"7.";"215.31";"98.87";"163.33"
"2018";"5";"1";"2";"16";"2897";"179.";"4.9";"8.0";"84.";"8.";"65.86";"0.00";"65.86"
"2018";"5";"1";"2";"17";"2898";"165.";"3.7";"7.7";"88.";"8.";"39.05";"0.00";"39.05"
"2018";"5";"1";"2";"18";"2899";"176.";"2.3";"7.6";"89.";"7.";"27.89";"38.63";"22.37"
"2018";"5";"1";"2";"19";"2900";"199.";"1.8";"7.2";"91.";"8.";"0.00";"0.00";"0.00"
"2018";"5";"1";"2";"20";"2901";"213.";"2.1";"6.1";"91.";"6.";"0.00";"0.00";"0.00"
"2018";"5";"1";"2";"21";"2902";"217.";"2.2";"6.2";"92.";"8.";"0.00";"0.00";"0.00"
"2018";"5";"1";"2";"22";"2903";"228.";"3.1";"7.1";"93.";"8.";"0.00";"0.00";"0.00"
"2018";"5";"1";"2";"23";"2904";"245.";"4.2";"7.4";"91.";"8.";"0.00";"0.00";"0.00"
"2018";"5";"2";"3";"0";"2905";"246.";"4.5";"7.5";"89.";"8.";"0.00";"0.00";"0.00"
"2018";"5";"2";"3";"1";"2906";"251.";"4.4";"7.4";"90.";"8.";"0.00";"0.00";"0.00"
"2018";"5";"2";"3";"2";"2907";"254.";"4.3";"7.4";"91.";"8.";"0.00";"0.00";"0.00"
"2018";"5";"2";"3";"3";"2908";"261.";"4.0";"7.4";"91.";"8.";"0.00";"0.00";"0.00"
"2018";"5";"2";"3";"4";"2909";"255.";"4.4";"7.5";"90.";"8.";"0.00";"0.00";"0.00"
"2018";"5";"2";"3";"5";"2910";"253.";"3.6";"7.5";"90.";"8.";"20.84";"0.00";"20.84"
"2018";"5";"2";"3";"6";"2911";"239.";"4.8";"7.6";"87.";"8.";"67.30";"0.00";"67.30"
"2018";"5";"2";"3";"7";"2912";"227.";"3.8";"8.5";"79.";"7.";"157.54";"88.50";"120.99"
"2018";"5";"2";"3";"8";"2913";"213.";"3.8";"10.1";"70.";"1.";"487.53";"672.86";"131.02"
"2018";"5";"2";"3";"9";"2914";"207.";"4.5";"11.1";"67.";"1.";"586.35";"652.63";"178.26"
"2018";"5";"2";"3";"10";"2915";"212.";"4.7";"11.6";"61.";"0.";"726.17";"827.04";"153.19"
"2018";"5";"2";"3";"11";"2916";"203.";"5.2";"11.9";"55.";"1.";"711.33";"711.83";"193.31"
"2018";"5";"2";"3";"12";"2917";"198.";"5.3";"12.4";"50.";"0.";"770.73";"829.77";"166.87"
"2018";"5";"2";"3";"13";"2918";"200.";"5.8";"12.3";"50.";"0.";"727.38";"817.39";"161.09"
"2018";"5";"2";"3";"14";"2919";"189.";"5.7";"12.6";"49.";"1.";"619.92";"713.55";"173.73"
"2018";"5";"2";"3";"15";"2920";"189.";"5.5";"12.5";"47.";"0.";"530.16";"769.80";"122.30"
"2018";"5";"2";"3";"16";"2921";"178.";"5.1";"12.5";"46.";"0.";"391.42";"734.01";"88.34"
"2018";"5";"2";"3";"17";"2922";"170.";"4.6";"12.4";"46.";"1.";"218.33";"543.61";"64.75"
"2018";"5";"2";"3";"18";"2923";"168.";"3.8";"11.6";"47.";"3.";"65.38";"244.46";"29.33"
"2018";"5";"2";"3";"19";"2924";"154.";"3.3";"10.2";"54.";"0.";"0.00";"0.00";"0.00"
"2018";"5";"2";"3";"20";"2925";"146.";"3.0";"8.9";"60.";"0.";"0.00";"0.00";"0.00"
"2018";"5";"2";"3";"21";"2926";"151.";"2.7";"7.7";"67.";"0.";"0.00";"0.00";"0.00"
"2018";"5";"2";"3";"22";"2927";"136.";"3.1";"6.6";"70.";"0.";"0.00";"0.00";"0.00"
"2018";"5";"2";"3";"23";"2928";"131.";"3.2";"6.5";"68.";"0.";"0.00";"0.00";"0.00"
"2018";"5";"3";"4";"0";"2929";"129.";"3.3";"6.2";"68.";"2.";"0.00";"0.00";"0.00"
"2018";"5";"3";"4";"1";"2930";"127.";"3.0";"5.6";"70.";"6.";"0.00";"0.00";"0.00"
"2018";"5";"3";"4";"2";"2931";"128.";"3.1";"5.8";"69.";"8.";"0.00";"0.00";"0.00"
"2018";"5";"3";"4";"3";"2932";"123.";"3.5";"6.0";"66.";"8.";"0.00";"0.00";"0.00"
"2018";"5";"3";"4";"4";"2933";"123.";"3.9";"6.2";"61.";"7.";"0.00";"0.00";"0.00"
"2018";"5";"3";"4";"5";"2934";"131.";"3.8";"7.0";"57.";"8.";"56.46";"0.00";"56.46"
"2018";"5";"3";"4";"6";"2935";"138.";"3.9";"7.8";"55.";"8.";"155.58";"0.00";"155.58"
"2018";"5";"3";"4";"7";"2936";"144.";"4.5";"9.5";"54.";"8.";"247.21";"0.00";"247.21"
"2018";"5";"3";"4";"8";"2937";"163.";"4.7";"10.4";"56.";"8.";"335.25";"0.00";"335.25"
"2018";"5";"3";"4";"9";"2938";"183.";"5.2";"11.2";"64.";"8.";"198.81";"0.00";"198.81"
"2018";"5";"3";"4";"10";"2939";"211.";"4.4";"8.6";"86.";"8.";"124.87";"0.00";"124.87"
"2018";"5";"3";"4";"11";"2940";"256.";"5.2";"8.3";"88.";"6.";"260.06";"107.58";"181.38"
"2018";"5";"3";"4";"12";"2941";"265.";"7.4";"9.0";"79.";"7.";"317.57";"105.07";"240.71"
"2018";"5";"3";"4";"13";"2942";"271.";"7.3";"10.1";"70.";"3.";"559.16";"495.14";"214.27"
"2018";"5";"3";"4";"14";"2943";"268.";"7.8";"10.6";"66.";"3.";"489.12";"450.53";"205.67"
"2018";"5";"3";"4";"15";"2944";"259.";"8.0";"10.4";"66.";"3.";"403.63";"443.51";"166.87"
"2018";"5";"3";"4";"16";"2945";"254.";"7.5";"10.3";"66.";"3.";"299.15";"430.90";"119.43"
"2018";"5";"3";"4";"17";"2946";"260.";"7.4";"9.7";"69.";"2.";"194.08";"395.97";"80.49"
"2018";"5";"3";"4";"18";"2947";"263.";"6.7";"9.0";"64.";"1.";"78.28";"310.88";"31.01"
"2018";"5";"3";"4";"19";"2948";"266.";"7.0";"8.2";"67.";"0.";"0.00";"0.00";"0.00"
"2018";"5";"3";"4";"20";"2949";"271.";"6.5";"7.7";"69.";"1.";"0.00";"0.00";"0.00"
"2018";"5";"3";"4";"21";"2950";"277.";"6.3";"7.4";"73.";"7.";"0.00";"0.00";"0.00"
"2018";"5";"3";"4";"22";"2951";"276.";"5.3";"7.2";"76.";"4.";"0.00";"0.00";"0.00"
"2018";"5";"3";"4";"23";"2952";"270.";"5.0";"7.0";"78.";"0.";"0.00";"0.00";"0.00"
"2018";"5";"4";"5";"0";"2953";"271.";"5.1";"6.7";"80.";"2.";"0.00";"0.00";"0.00"
"2018";"5";"4";"5";"1";"2954";"273.";"4.2";"6.6";"85.";"4.";"0.00";"0.00";"0.00"
"2018";"5";"4";"5";"2";"2955";"266.";"3.0";"6.3";"88.";"3.";"0.00";"0.00";"0.00"
"2018";"5";"4";"5";"3";"2956";"260.";"2.2";"6.3";"89.";"4.";"0.00";"0.00";"0.00"
"2018";"5";"4";"5";"4";"2957";"257.";"2.8";"6.5";"90.";"8.";"0.00";"0.00";"0.00"
"2018";"5";"4";"5";"5";"2958";"253.";"4.0";"7.4";"87.";"7.";"33.17";"37.29";"27.33"
"2018";"5";"4";"5";"6";"2959";"258.";"4.7";"7.7";"83.";"7.";"95.14";"66.51";"75.77"
"2018";"5";"4";"5";"7";"2960";"264.";"3.8";"8.2";"78.";"7.";"157.54";"78.07";"124.66"
"2018";"5";"4";"5";"8";"2961";"274.";"3.7";"9.0";"72.";"5.";"411.67";"281.27";"260.42"
"2018";"5";"4";"5";"9";"2962";"282.";"3.6";"10.2";"65.";"8.";"398.46";"0.00";"398.46"
"2018";"5";"4";"5";"10";"2963";"288.";"3.5";"10.4";"63.";"8.";"222.93";"0.00";"222.93"
"2018";"5";"4";"5";"11";"2964";"288.";"3.2";"10.4";"62.";"7.";"315.50";"97.24";"244.02"
"2018";"5";"4";"5";"12";"2965";"281.";"2.7";"12.0";"58.";"6.";"556.03";"197.02";"411.20"
"2018";"5";"4";"5";"13";"2966";"268.";"3.2";"12.3";"58.";"0.";"724.01";"770.30";"184.61"
"2018";"5";"4";"5";"14";"2967";"264.";"3.8";"11.6";"58.";"1.";"595.18";"647.01";"185.67"
"2018";"5";"4";"5";"15";"2968";"265.";"3.0";"11.4";"60.";"4.";"364.23";"358.77";"171.31"
"2018";"5";"4";"5";"16";"2969";"257.";"2.8";"11.2";"62.";"6.";"279.14";"160.42";"211.58"
"2018";"5";"4";"5";"17";"2970";"242.";"2.2";"11.0";"64.";"4.";"158.03";"249.45";"85.41"
"2018";"5";"4";"5";"18";"2971";"231.";"1.9";"9.9";"67.";"3.";"65.02";"199.36";"33.82"
"2018";"5";"4";"5";"19";"2972";"219.";"1.9";"8.8";"74.";"5.";"0.00";"0.00";"0.00"
"2018";"5";"4";"5";"20";"2973";"220.";"2.1";"7.9";"79.";"8.";"0.00";"0.00";"0.00"
"2018";"5";"4";"5";"21";"2974";"216.";"1.7";"7.8";"83.";"8.";"0.00";"0.00";"0.00"
"2018";"5";"4";"5";"22";"2975";"192.";"1.6";"7.9";"84.";"6.";"0.00";"0.00";"0.00"
"2018";"5";"4";"5";"23";"2976";"169.";"1.8";"7.8";"86.";"8.";"0.00";"0.00";"0.00"
"2018";"5";"5";"6";"0";"2977";"169.";"1.3";"7.6";"87.";"7.";"0.00";"0.00";"0.00"
"2018";"5";"5";"6";"1";"2978";"210.";"1.7";"7.4";"87.";"8.";"0.00";"0.00";"0.00"
"2018";"5";"5";"6";"2";"2979";"233.";"2.0";"7.3";"86.";"8.";"0.00";"0.00";"0.00"
"2018";"5";"5";"6";"3";"2980";"246.";"2.3";"7.7";"86.";"5.";"0.00";"0.00";"0.00"
"2018";"5";"5";"6";"4";"2981";"244.";"2.6";"8.4";"83.";"6.";"0.00";"0.00";"0.00"
"2018";"5";"5";"6";"5";"2982";"246.";"2.9";"9.6";"77.";"8.";"57.64";"0.00";"57.64"
"2018";"5";"5";"6";"6";"2983";"255.";"3.6";"9.7";"75.";"7.";"170.03";"72.01";"148.76"
"2018";"5";"5";"6";"7";"2984";"250.";"3.0";"10.2";"75.";"8.";"256.05";"0.00";"256.05"
"2018";"5";"5";"6";"8";"2985";"253.";"3.0";"11.2";"71.";"5.";"395.45";"228.56";"271.67"
"2018";"5";"5";"6";"9";"2986";"257.";"3.6";"12.5";"66.";"4.";"519.62";"346.25";"299.18"
"2018";"5";"5";"6";"10";"2987";"251.";"3.4";"13.5";"64.";"3.";"625.86";"472.26";"293.46"
"2018";"5";"5";"6";"11";"2988";"245.";"3.7";"13.6";"64.";"1.";"704.13";"650.62";"223.57"
"2018";"5";"5";"6";"12";"2989";"231.";"3.2";"13.9";"63.";"1.";"709.05";"673.50";"211.59"
"2018";"5";"5";"6";"13";"2990";"222.";"3.4";"14.9";"61.";"0.";"716.82";"739.17";"196.57"
"2018";"5";"5";"6";"14";"2991";"225.";"3.7";"14.7";"62.";"0.";"634.50";"712.73";"180.76"
"2018";"5";"5";"6";"15";"2992";"236.";"2.8";"14.6";"62.";"0.";"521.58";"684.11";"151.09"
"2018";"5";"5";"6";"16";"2993";"238.";"2.2";"14.2";"64.";"0.";"387.33";"664.46";"104.82"
"2018";"5";"5";"6";"17";"2994";"248.";"2.0";"13.6";"66.";"0.";"230.00";"516.64";"77.42"
"2018";"5";"5";"6";"18";"2995";"242.";"1.3";"12.7";"67.";"0.";"81.85";"296.54";"34.13"
"2018";"5";"5";"6";"19";"2996";"220.";"0.8";"11.2";"72.";"0.";"0.00";"0.00";"0.00"
"2018";"5";"5";"6";"20";"2997";"167.";"0.9";"9.5";"79.";"0.";"0.00";"0.00";"0.00"
"2018";"5";"5";"6";"21";"2998";"157.";"0.9";"8.4";"84.";"0.";"0.00";"0.00";"0.00"
"2018";"5";"5";"6";"22";"2999";"190.";"1.0";"7.5";"87.";"0.";"0.00";"0.00";"0.00"
"2018";"5";"5";"6";"23";"3000";"216.";"1.2";"6.8";"90.";"0.";"0.00";"0.00";"0.00"
"2018";"5";"6";"7";"0";"3001";"220.";"1.2";"6.3";"91.";"1.";"0.00";"0.00";"0.00"
"2018";"5";"6";"7";"1";"3002";"204.";"1.3";"6.0";"92.";"5.";"0.00";"0.00";"0.00"
"2018";"5";"6";"7";"2";"3003";"200.";"1.5";"5.5";"92.";"0.";"0.00";"0.00";"0.00"
"2018";"5";"6";"7";"3";"3004";"212.";"1.3";"5.0";"94.";"2.";"0.00";"0.00";"0.00"
"2018";"5";"6";"7";"4";"3005";"206.";"1.1";"5.5";"93.";"5.";"0.00";"0.00";"0.00"
"2018";"5";"6";"7";"5";"3006";"192.";"1.6";"7.7";"90.";"8.";"27.01";"0.00";"27.01"
"2018";"5";"6";"7";"6";"3007";"201.";"2.1";"10.0";"80.";"7.";"97.58";"66.88";"77.55"
"2018";"5";"6";"7";"7";"3008";"208.";"2.5";"11.8";"74.";"2.";"359.15";"506.65";"141.74"
"2018";"5";"6";"7";"8";"3009";"217.";"3.2";"13.9";"65.";"2.";"452.40";"537.74";"159.15"
"2018";"5";"6";"7";"9";"3010";"220.";"3.6";"14.6";"58.";"4.";"449.47";"388.86";"200.50"
"2018";"5";"6";"7";"10";"3011";"222.";"3.8";"15.3";"56.";"7.";"303.08";"102.18";"230.80"
"2018";"5";"6";"7";"11";"3012";"214.";"3.5";"16.3";"54.";"7.";"320.33";"103.32";"243.65"
"2018";"5";"6";"7";"12";"3013";"220.";"3.1";"16.9";"50.";"0.";"782.71";"841.48";"158.25"
"2018";"5";"6";"7";"13";"3014";"223.";"3.2";"17.0";"44.";"7.";"500.92";"105.61";"426.21"
"2018";"5";"6";"7";"14";"3015";"208.";"2.9";"17.5";"38.";"0.";"657.76";"783.56";"156.09"
"2018";"5";"6";"7";"15";"3016";"207.";"2.9";"17.5";"41.";"3.";"419.04";"473.56";"160.79"
"2018";"5";"6";"7";"16";"3017";"204.";"3.0";"17.0";"39.";"0.";"408.51";"748.80";"87.20"
"2018";"5";"6";"7";"17";"3018";"203.";"2.7";"16.6";"42.";"0.";"250.47";"631.56";"61.35"
"2018";"5";"6";"7";"18";"3019";"198.";"2.2";"15.6";"47.";"0.";"95.70";"399.67";"29.66"
"2018";"5";"6";"7";"19";"3020";"183.";"1.7";"13.4";"58.";"0.";"0.00";"0.00";"0.00"
"2018";"5";"6";"7";"20";"3021";"153.";"1.7";"11.8";"66.";"0.";"0.00";"0.00";"0.00"
"2018";"5";"6";"7";"21";"3022";"148.";"2.0";"10.1";"73.";"0.";"0.00";"0.00";"0.00"
"2018";"5";"6";"7";"22";"3023";"138.";"2.3";"9.4";"77.";"0.";"0.00";"0.00";"0.00"
"2018";"5";"6";"7";"23";"3024";"147.";"2.1";"10.1";"78.";"0.";"0.00";"0.00";"0.00"
"2018";"5";"7";"1";"0";"3025";"151.";"2.3";"9.6";"79.";"0.";"0.00";"0.00";"0.00"
"2018";"5";"7";"1";"1";"3026";"153.";"2.7";"9.2";"79.";"0.";"0.00";"0.00";"0.00"
"2018";"5";"7";"1";"2";"3027";"157.";"3.0";"9.6";"78.";"0.";"0.00";"0.00";"0.00"
"2018";"5";"7";"1";"3";"3028";"168.";"3.1";"9.8";"79.";"0.";"0.00";"0.00";"0.00"
"2018";"5";"7";"1";"4";"3029";"170.";"2.9";"10.6";"79.";"0.";"0.00";"0.00";"0.00"
"2018";"5";"7";"1";"5";"3030";"173.";"2.6";"12.0";"73.";"0.";"91.43";"347.35";"32.56"
"2018";"5";"7";"1";"6";"3031";"175.";"3.2";"14.5";"63.";"0.";"245.28";"598.27";"63.70"
"2018";"5";"7";"1";"7";"3032";"195.";"3.3";"16.1";"59.";"0.";"402.71";"735.76";"84.15"
"2018";"5";"7";"1";"8";"3033";"193.";"3.4";"17.1";"57.";"0.";"546.70";"817.11";"98.07"
"2018";"5";"7";"1";"9";"3034";"190.";"4.3";"17.7";"55.";"0.";"655.51";"799.95";"140.50"
"2018";"5";"7";"1";"10";"3035";"186.";"4.7";"18.5";"53.";"0.";"737.75";"822.21";"153.30"
"2018";"5";"7";"1";"11";"3036";"196.";"4.7";"18.7";"51.";"0.";"770.86";"778.92";"190.17"
"2018";"5";"7";"1";"12";"3037";"198.";"4.8";"19.1";"50.";"0.";"780.27";"827.79";"163.15"
"2018";"5";"7";"1";"13";"3038";"200.";"4.5";"19.8";"49.";"0.";"744.80";"863.27";"131.17"
"2018";"5";"7";"1";"14";"3039";"202.";"4.2";"19.5";"50.";"0.";"653.05";"788.40";"145.47"
"2018";"5";"7";"1";"15";"3040";"195.";"3.8";"19.8";"51.";"2.";"461.41";"592.35";"136.18"
"2018";"5";"7";"1";"16";"3041";"187.";"3.5";"19.8";"49.";"0.";"400.98";"733.82";"83.26"
"2018";"5";"7";"1";"17";"3042";"185.";"2.5";"19.4";"48.";"0.";"245.79";"621.75";"57.08"
"2018";"5";"7";"1";"18";"3043";"185.";"1.6";"18.3";"50.";"0.";"92.20";"384.56";"27.02"
"2018";"5";"7";"1";"19";"3044";"164.";"1.2";"16.0";"57.";"0.";"0.00";"0.00";"0.00"
"2018";"5";"7";"1";"20";"3045";"134.";"1.5";"13.6";"65.";"0.";"0.00";"0.00";"0.00"
"2018";"5";"7";"1";"21";"3046";"135.";"1.9";"11.7";"72.";"2.";"0.00";"0.00";"0.00"
"2018";"5";"7";"1";"22";"3047";"134.";"1.6";"10.7";"77.";"1.";"0.00";"0.00";"0.00"
"2018";"5";"7";"1";"23";"3048";"131.";"1.5";"9.9";"81.";"2.";"0.00";"0.00";"0.00"
"2018";"5";"8";"2";"0";"3049";"126.";"1.7";"9.3";"83.";"4.";"0.00";"0.00";"0.00"
"2018";"5";"8";"2";"1";"3050";"129.";"1.6";"8.8";"85.";"5.";"0.00";"0.00";"0.00"
"2018";"5";"8";"2";"2";"3051";"122.";"2.1";"8.8";"85.";"3.";"0.00";"0.00";"0.00"
"2018";"5";"8";"2";"3";"3052";"125.";"2.4";"8.0";"86.";"0.";"0.00";"0.00";"0.00"
"2018";"5";"8";"2";"4";"3053";"128.";"2.4";"9.6";"84.";"2.";"0.00";"0.00";"0.00"
"2018";"5";"8";"2";"5";"3054";"141.";"2.4";"12.2";"75.";"0.";"91.08";"327.90";"34.13"
"2018";"5";"8";"2";"6";"3055";"149.";"3.0";"15.6";"59.";"3.";"214.14";"354.57";"105.11"
"2018";"5";"8";"2";"7";"3056";"161.";"2.7";"17.4";"51.";"0.";"409.75";"745.83";"84.00"
"2018";"5";"8";"2";"8";"3057";"165.";"2.8";"18.9";"46.";"0.";"550.00";"790.90";"112.91"
"2018";"5";"8";"2";"9";"3058";"163.";"2.7";"20.2";"40.";"0.";"666.06";"815.43";"138.24"
"2018";"5";"8";"2";"10";"3059";"202.";"2.5";"21.5";"37.";"2.";"687.46";"645.97";"226.11"
"2018";"5";"8";"2";"11";"3060";"206.";"2.7";"21.9";"36.";"3.";"690.39";"543.20";"283.63"
"2018";"5";"8";"2";"12";"3061";"210.";"3.3";"22.6";"35.";"2.";"730.13";"670.48";"228.05"
"2018";"5";"8";"2";"13";"3062";"207.";"3.5";"22.9";"38.";"1.";"717.59";"752.38";"180.24"
"2018";"5";"8";"2";"14";"3063";"215.";"3.5";"22.3";"39.";"1.";"643.09";"761.28";"150.32"
"2018";"5";"8";"2";"15";"3064";"212.";"3.2";"22.0";"40.";"0.";"550.37";"804.65";"105.68"
"2018";"5";"8";"2";"16";"3065";"219.";"2.9";"21.8";"41.";"1.";"388.68";"636.43";"110.72"
"2018";"5";"8";"2";"17";"3066";"202.";"1.6";"21.6";"44.";"0.";"248.56";"622.79";"57.05"
"2018";"5";"8";"2";"18";"3067";"150.";"0.7";"21.0";"45.";"0.";"91.58";"376.48";"26.20"
"2018";"5";"8";"2";"19";"3068";"99.";"1.1";"17.5";"54.";"0.";"0.00";"0.00";"0.00"
"2018";"5";"8";"2";"20";"3069";"101.";"1.9";"14.2";"63.";"1.";"0.00";"0.00";"0.00"
"2018";"5";"8";"2";"21";"3070";"101.";"1.3";"12.6";"71.";"3.";"0.00";"0.00";"0.00"
"2018";"5";"8";"2";"22";"3071";"120.";"1.4";"12.3";"75.";"2.";"0.00";"0.00";"0.00"
"2018";"5";"8";"2";"23";"3072";"133.";"2.1";"11.6";"77.";"0.";"0.00";"0.00";"0.00"
"2018";"5";"9";"3";"0";"3073";"131.";"2.4";"10.3";"78.";"1.";"0.00";"0.00";"0.00"
"2018";"5";"9";"3";"1";"3074";"128.";"2.7";"10.4";"72.";"0.";"0.00";"0.00";"0.00"
"2018";"5";"9";"3";"2";"3075";"126.";"2.7";"11.2";"66.";"0.";"0.00";"0.00";"0.00"
"2018";"5";"9";"3";"3";"3076";"121.";"3.3";"11.2";"63.";"0.";"0.00";"0.00";"0.00"
"2018";"5";"9";"3";"4";"3077";"123.";"3.2";"12.1";"60.";"0.";"0.00";"0.00";"0.00"
"2018";"5";"9";"3";"5";"3078";"125.";"3.7";"14.2";"53.";"0.";"109.03";"432.25";"32.18"
"2018";"5";"9";"3";"6";"3079";"125.";"4.1";"16.4";"49.";"0.";"262.05";"658.65";"56.95"
"2018";"5";"9";"3";"7";"3080";"125.";"4.1";"18.5";"47.";"0.";"413.68";"741.18";"87.21"
"2018";"5";"9";"3";"8";"3081";"128.";"4.4";"20.6";"45.";"1.";"532.47";"722.59";"130.56"
"2018";"5";"9";"3";"9";"3082";"138.";"4.5";"22.1";"44.";"0.";"670.30";"855.15";"113.86"
"2018";"5";"9";"3";"10";"3083";"149.";"4.0";"23.4";"40.";"0.";"745.43";"828.07";"151.29"
"2018";"5";"9";"3";"11";"3084";"166.";"4.4";"24.1";"38.";"0.";"790.34";"848.57";"152.15"
"2018";"5";"9";"3";"12";"3085";"186.";"4.7";"23.9";"40.";"0.";"790.12";"853.60";"148.14"
"2018";"5";"9";"3";"13";"3086";"192.";"4.9";"23.7";"41.";"1.";"710.80";"716.95";"196.39"
"2018";"5";"9";"3";"14";"3087";"198.";"4.5";"23.7";"41.";"3.";"577.27";"517.29";"240.67"
"2018";"5";"9";"3";"15";"3088";"205.";"3.8";"23.4";"40.";"0.";"554.80";"827.46";"94.57"
"2018";"5";"9";"3";"16";"3089";"186.";"3.0";"23.1";"39.";"0.";"408.77";"722.85";"90.38"
"2018";"5";"9";"3";"17";"3090";"191.";"2.5";"22.7";"38.";"2.";"234.22";"479.21";"84.99"
"2018";"5";"9";"3";"18";"3091";"203.";"1.9";"21.2";"40.";"0.";"100.32";"399.00";"29.39"
"2018";"5";"9";"3";"19";"3092";"190.";"1.2";"18.8";"47.";"0.";"0.00";"0.00";"0.00"
"2018";"5";"9";"3";"20";"3093";"129.";"1.2";"16.3";"55.";"0.";"0.00";"0.00";"0.00"
"2018";"5";"9";"3";"21";"3094";"99.";"1.8";"14.0";"64.";"0.";"0.00";"0.00";"0.00"
"2018";"5";"9";"3";"22";"3095";"123.";"1.6";"13.2";"68.";"0.";"0.00";"0.00";"0.00"
"2018";"5";"9";"3";"23";"3096";"121.";"2.3";"14.5";"65.";"0.";"0.00";"0.00";"0.00"
"2018";"5";"10";"4";"0";"3097";"112.";"3.1";"14.3";"56.";"0.";"0.00";"0.00";"0.00"
"2018";"5";"10";"4";"1";"3098";"110.";"2.8";"13.3";"58.";"0.";"0.00";"0.00";"0.00"
"2018";"5";"10";"4";"2";"3099";"110.";"2.2";"11.0";"65.";"0.";"0.00";"0.00";"0.00"
"2018";"5";"10";"4";"3";"3100";"102.";"2.9";"11.2";"66.";"0.";"0.00";"0.00";"0.00"
"2018";"5";"10";"4";"4";"3101";"101.";"3.2";"11.4";"67.";"0.";"0.00";"0.00";"0.00"
"2018";"5";"10";"4";"5";"3102";"108.";"3.3";"13.5";"60.";"0.";"108.58";"429.88";"30.42"
"2018";"5";"10";"4";"6";"3103";"113.";"3.5";"15.9";"54.";"1.";"253.77";"583.72";"69.76"
"2018";"5";"10";"4";"7";"3104";"116.";"3.6";"18.3";"50.";"1.";"401.48";"673.73";"102.26"
"2018";"5";"10";"4";"8";"3105";"113.";"4.3";"20.5";"47.";"4.";"459.66";"415.54";"227.10"
"2018";"5";"10";"4";"9";"3106";"120.";"4.5";"22.8";"43.";"3.";"586.42";"544.09";"230.58"
"2018";"5";"10";"4";"10";"3107";"136.";"4.6";"23.9";"43.";"2.";"688.83";"657.82";"214.72"
"2018";"5";"10";"4";"11";"3108";"144.";"4.2";"24.9";"41.";"5.";"613.76";"326.22";"367.38"
"2018";"5";"10";"4";"12";"3109";"154.";"4.4";"25.6";"38.";"5.";"627.48";"304.93";"397.17"
"2018";"5";"10";"4";"13";"3110";"159.";"4.0";"25.5";"38.";"0.";"749.92";"846.54";"139.79"
"2018";"5";"10";"4";"14";"3111";"184.";"4.1";"24.8";"41.";"5.";"516.47";"313.58";"311.38"
"2018";"5";"10";"4";"15";"3112";"201.";"4.6";"23.2";"47.";"0.";"544.26";"757.21";"120.47"
"2018";"5";"10";"4";"16";"3113";"206.";"4.2";"22.5";"54.";"1.";"378.46";"561.44";"129.12"
"2018";"5";"10";"4";"17";"3114";"180.";"3.8";"21.8";"54.";"4.";"202.90";"298.77";"108.72"
"2018";"5";"10";"4";"18";"3115";"197.";"4.4";"20.6";"55.";"3.";"80.95";"219.41";"41.06"
"2018";"5";"10";"4";"19";"3116";"197.";"4.0";"19.5";"62.";"6.";"0.00";"0.00";"0.00"
"2018";"5";"10";"4";"20";"3117";"216.";"3.2";"17.9";"70.";"7.";"0.00";"0.00";"0.00"
"2018";"5";"10";"4";"21";"3118";"199.";"3.1";"16.8";"75.";"8.";"0.00";"0.00";"0.00"
"2018";"5";"10";"4";"22";"3119";"210.";"3.1";"16.0";"80.";"7.";"0.00";"0.00";"0.00"
"2018";"5";"10";"4";"23";"3120";"285.";"3.8";"13.4";"92.";"8.";"0.00";"0.00";"0.00"
"2018";"5";"11";"5";"0";"3121";"287.";"2.9";"12.9";"96.";"7.";"0.00";"0.00";"0.00"
"2018";"5";"11";"5";"1";"3122";"268.";"2.9";"12.3";"96.";"7.";"0.00";"0.00";"0.00"
"2018";"5";"11";"5";"2";"3123";"295.";"2.9";"11.8";"96.";"8.";"0.00";"0.00";"0.00"
"2018";"5";"11";"5";"3";"3124";"272.";"3.2";"11.4";"95.";"8.";"0.00";"0.00";"0.00"
"2018";"5";"11";"5";"4";"3125";"267.";"2.9";"11.4";"94.";"8.";"0.00";"0.00";"0.00"
"2018";"5";"11";"5";"5";"3126";"261.";"3.1";"11.4";"93.";"7.";"38.63";"34.90";"32.15"
"2018";"5";"11";"5";"6";"3127";"262.";"3.5";"11.4";"91.";"8.";"76.59";"0.00";"76.59"
"2018";"5";"11";"5";"7";"3128";"259.";"2.8";"11.7";"88.";"7.";"166.27";"80.12";"130.40"
"2018";"5";"11";"5";"8";"3129";"253.";"2.9";"13.0";"81.";"5.";"326.39";"261.46";"179.17"
"2018";"5";"11";"5";"9";"3130";"256.";"3.0";"13.8";"74.";"3.";"514.98";"488.96";"193.60"
"2018";"5";"11";"5";"10";"3131";"254.";"3.0";"14.6";"70.";"0.";"737.03";"747.86";"195.66"
"2018";"5";"11";"5";"11";"3132";"255.";"3.5";"14.6";"67.";"6.";"587.60";"214.24";"425.13"
"2018";"5";"11";"5";"12";"3133";"256.";"3.0";"15.3";"65.";"0.";"784.22";"779.43";"193.13"
"2018";"5";"11";"5";"13";"3134";"268.";"2.3";"15.1";"63.";"5.";"581.98";"307.09";"359.68"
"2018";"5";"11";"5";"14";"3135";"281.";"2.7";"15.8";"62.";"5.";"403.76";"301.17";"205.82"
"2018";"5";"11";"5";"15";"3136";"295.";"2.8";"15.5";"60.";"4.";"384.93";"387.85";"166.55"
"2018";"5";"11";"5";"16";"3137";"301.";"2.4";"15.1";"60.";"2.";"358.70";"554.56";"110.44"
"2018";"5";"11";"5";"17";"3138";"302.";"2.1";"14.5";"62.";"6.";"134.76";"156.70";"84.78"
"2018";"5";"11";"5";"18";"3139";"311.";"1.8";"14.1";"61.";"6.";"79.79";"104.43";"60.39"
"2018";"5";"11";"5";"19";"3140";"301.";"1.9";"12.4";"71.";"3.";"0.00";"0.00";"0.00"
"2018";"5";"11";"5";"20";"3141";"303.";"2.1";"10.5";"81.";"7.";"0.00";"0.00";"0.00"
"2018";"5";"11";"5";"21";"3142";"307.";"2.2";"9.8";"86.";"1.";"0.00";"0.00";"0.00"
"2018";"5";"11";"5";"22";"3143";"329.";"1.7";"9.4";"86.";"2.";"0.00";"0.00";"0.00"
"2018";"5";"11";"5";"23";"3144";"327.";"1.3";"9.4";"86.";"4.";"0.00";"0.00";"0.00"
"2018";"5";"12";"6";"0";"3145";"343.";"0.9";"9.6";"86.";"8.";"0.00";"0.00";"0.00"
"2018";"5";"12";"6";"1";"3146";"356.";"1.0";"9.8";"88.";"8.";"0.00";"0.00";"0.00"
"2018";"5";"12";"6";"2";"3147";"343.";"1.1";"8.9";"89.";"6.";"0.00";"0.00";"0.00"
"2018";"5";"12";"6";"3";"3148";"3.";"0.7";"8.0";"91.";"7.";"0.00";"0.00";"0.00"
"2018";"5";"12";"6";"4";"3149";"38.";"0.8";"7.4";"92.";"3.";"0.00";"0.00";"0.00"
"2018";"5";"12";"6";"5";"3150";"5.";"0.7";"10.3";"86.";"1.";"101.16";"328.98";"38.77"
"2018";"5";"12";"6";"6";"3151";"330.";"0.9";"12.7";"67.";"4.";"185.84";"311.29";"85.40"
"2018";"5";"12";"6";"7";"3152";"334.";"1.0";"14.6";"51.";"1.";"405.28";"705.58";"86.95"
"2018";"5";"12";"6";"8";"3153";"313.";"1.6";"16.0";"44.";"1.";"552.05";"730.92";"138.08"
"2018";"5";"12";"6";"9";"3154";"316.";"1.8";"16.6";"37.";"1.";"688.79";"816.85";"149.31"
"2018";"5";"12";"6";"10";"3155";"295.";"2.5";"17.6";"34.";"2.";"709.56";"625.26";"255.02"
"2018";"5";"12";"6";"11";"3156";"299.";"2.2";"18.3";"34.";"4.";"695.16";"463.28";"342.43"
"2018";"5";"12";"6";"12";"3157";"313.";"2.9";"18.6";"31.";"4.";"694.30";"456.58";"346.66"
"2018";"5";"12";"6";"13";"3158";"310.";"3.8";"18.5";"32.";"7.";"561.82";"118.87";"475.41"
"2018";"5";"12";"6";"14";"3159";"314.";"4.3";"18.5";"33.";"6.";"529.78";"224.75";"381.34"
"2018";"5";"12";"6";"15";"3160";"317.";"4.5";"18.2";"36.";"7.";"404.94";"108.65";"343.40"
"2018";"5";"12";"6";"16";"3161";"324.";"4.2";"18.4";"36.";"5.";"340.84";"298.13";"206.34"
"2018";"5";"12";"6";"17";"3162";"340.";"3.1";"18.9";"37.";"4.";"229.55";"343.77";"118.62"
"2018";"5";"12";"6";"18";"3163";"346.";"2.8";"18.1";"40.";"6.";"87.53";"115.38";"65.65"
"2018";"5";"12";"6";"19";"3164";"357.";"2.1";"16.4";"45.";"3.";"0.00";"0.00";"0.00"
"2018";"5";"12";"6";"20";"3165";"16.";"1.9";"16.0";"49.";"8.";"0.00";"0.00";"0.00"
"2018";"5";"12";"6";"21";"3166";"46.";"1.9";"15.2";"52.";"8.";"0.00";"0.00";"0.00"
"2018";"5";"12";"6";"22";"3167";"54.";"1.7";"15.2";"62.";"8.";"0.00";"0.00";"0.00"
"2018";"5";"12";"6";"23";"3168";"73.";"1.8";"15.0";"69.";"7.";"0.00";"0.00";"0.00"
"2018";"5";"13";"7";"0";"3169";"83.";"1.8";"14.2";"75.";"7.";"0.00";"0.00";"0.00"
"2018";"5";"13";"7";"1";"3170";"128.";"2.0";"14.4";"79.";"7.";"0.00";"0.00";"0.00"
"2018";"5";"13";"7";"2";"3171";"135.";"2.7";"14.5";"80.";"4.";"0.00";"0.00";"0.00"
"2018";"5";"13";"7";"3";"3172";"130.";"1.5";"14.0";"84.";"6.";"0.00";"0.00";"0.00"
"2018";"5";"13";"7";"4";"3173";"114.";"1.9";"13.8";"86.";"6.";"0.00";"0.00";"0.00"
"2018";"5";"13";"7";"5";"3174";"116.";"2.1";"15.0";"84.";"2.";"85.96";"268.25";"34.07"
"2018";"5";"13";"7";"6";"3175";"111.";"2.1";"17.4";"77.";"7.";"104.10";"70.81";"80.99"
"2018";"5";"13";"7";"7";"3176";"110.";"3.0";"18.8";"69.";"0.";"413.89";"722.64";"85.39"
"2018";"5";"13";"7";"8";"3177";"118.";"2.4";"20.5";"63.";"0.";"553.80";"779.66";"109.69"
"2018";"5";"13";"7";"9";"3178";"124.";"2.5";"21.6";"56.";"6.";"340.92";"201.43";"207.26"
"2018";"5";"13";"7";"10";"3179";"122.";"2.6";"22.8";"51.";"8.";"468.43";"0.00";"468.43"
"2018";"5";"13";"7";"11";"3180";"128.";"2.3";"23.9";"46.";"7.";"574.49";"111.87";"488.98"
"2018";"5";"13";"7";"12";"3181";"133.";"1.2";"24.7";"43.";"6.";"604.68";"212.52";"442.24"
"2018";"5";"13";"7";"13";"3182";"153.";"0.8";"24.5";"41.";"8.";"509.46";"0.00";"509.46"
"2018";"5";"13";"7";"14";"3183";"145.";"1.1";"24.2";"41.";"8.";"453.82";"0.00";"453.82"
"2018";"5";"13";"7";"15";"3184";"127.";"0.5";"24.4";"43.";"8.";"376.18";"0.00";"376.18"
"2018";"5";"13";"7";"16";"3185";"307.";"0.5";"23.6";"46.";"8.";"278.97";"0.00";"278.97"
"2018";"5";"13";"7";"17";"3186";"334.";"0.8";"23.5";"48.";"1.";"250.27";"529.98";"77.35"
"2018";"5";"13";"7";"18";"3187";"276.";"0.8";"22.1";"49.";"0.";"105.66";"379.60";"32.24"
"2018";"5";"13";"7";"19";"3188";"245.";"1.5";"19.5";"60.";"0.";"0.00";"0.00";"0.00"
"2018";"5";"13";"7";"20";"3189";"226.";"0.3";"16.6";"70.";"0.";"0.00";"0.00";"0.00"
"2018";"5";"13";"7";"21";"3190";"110.";"1.3";"14.0";"75.";"0.";"0.00";"0.00";"0.00"
"2018";"5";"13";"7";"22";"3191";"93.";"2.1";"14.3";"78.";"0.";"0.00";"0.00";"0.00"
"2018";"5";"13";"7";"23";"3192";"92.";"2.3";"13.8";"78.";"0.";"0.00";"0.00";"0.00"
"2018";"5";"14";"1";"0";"3193";"103.";"2.2";"13.7";"75.";"0.";"0.00";"0.00";"0.00"
"2018";"5";"14";"1";"1";"3194";"104.";"2.8";"12.2";"75.";"0.";"0.00";"0.00";"0.00"
"2018";"5";"14";"1";"2";"3195";"101.";"2.4";"11.5";"77.";"0.";"0.00";"0.00";"0.00"
"2018";"5";"14";"1";"3";"3196";"94.";"1.5";"11.3";"77.";"0.";"0.00";"0.00";"0.00"
"2018";"5";"14";"1";"4";"3197";"85.";"1.9";"12.2";"75.";"0.";"0.00";"0.00";"0.00"
"2018";"5";"14";"1";"5";"3198";"83.";"2.4";"14.4";"63.";"0.";"120.96";"434.23";"35.36"
"2018";"5";"14";"1";"6";"3199";"81.";"2.5";"17.3";"52.";"0.";"275.29";"616.77";"71.89"
"2018";"5";"14";"1";"7";"3200";"81.";"2.6";"20.2";"44.";"0.";"433.68";"757.86";"86.65"
"2018";"5";"14";"1";"8";"3201";"85.";"2.5";"22.3";"40.";"0.";"575.33";"827.24";"101.50"
"2018";"5";"14";"1";"9";"3202";"109.";"1.3";"24.4";"34.";"0.";"691.27";"855.16";"121.25"
"2018";"5";"14";"1";"10";"3203";"104.";"1.9";"25.7";"31.";"0.";"767.31";"838.60";"152.71"
"2018";"5";"14";"1";"11";"3204";"113.";"1.1";"26.1";"30.";"0.";"812.40";"861.35";"151.55"
"2018";"5";"14";"1";"12";"3205";"70.";"0.6";"26.8";"28.";"1.";"791.92";"802.88";"175.94"
"2018";"5";"14";"1";"13";"3206";"351.";"0.7";"26.4";"29.";"5.";"616.29";"319.49";"382.13"
"2018";"5";"14";"1";"14";"3207";"330.";"1.5";"26.8";"30.";"4.";"578.83";"417.12";"300.79"
"2018";"5";"14";"1";"15";"3208";"338.";"2.9";"26.3";"31.";"6.";"462.17";"210.80";"341.43"
"2018";"5";"14";"1";"16";"3209";"332.";"3.2";"26.5";"32.";"6.";"323.35";"179.91";"240.97"
"2018";"5";"14";"1";"17";"3210";"349.";"2.4";"26.2";"33.";"0.";"274.22";"639.62";"63.28"
"2018";"5";"14";"1";"18";"3211";"35.";"2.1";"24.6";"35.";"1.";"114.45";"378.53";"39.82"
"2018";"5";"14";"1";"19";"3212";"72.";"2.3";"22.6";"42.";"4.";"0.00";"0.00";"0.00"
"2018";"5";"14";"1";"20";"3213";"75.";"3.1";"21.1";"47.";"2.";"0.00";"0.00";"0.00"
"2018";"5";"14";"1";"21";"3214";"68.";"2.9";"20.1";"51.";"0.";"0.00";"0.00";"0.00"
"2018";"5";"14";"1";"22";"3215";"81.";"2.7";"18.9";"53.";"0.";"0.00";"0.00";"0.00"
"2018";"5";"14";"1";"23";"3216";"91.";"3.1";"18.0";"56.";"0.";"0.00";"0.00";"0.00"
"2018";"5";"15";"2";"0";"3217";"95.";"2.3";"16.4";"60.";"0.";"0.00";"0.00";"0.00"
"2018";"5";"15";"2";"1";"3218";"101.";"2.7";"15.3";"65.";"0.";"0.00";"0.00";"0.00"
"2018";"5";"15";"2";"2";"3219";"125.";"1.7";"13.6";"71.";"0.";"0.00";"0.00";"0.00"
"2018";"5";"15";"2";"3";"3220";"119.";"1.6";"12.3";"75.";"1.";"0.00";"0.00";"0.00"
"2018";"5";"15";"2";"4";"3221";"112.";"1.0";"12.7";"75.";"2.";"0.00";"0.00";"0.00"
"2018";"5";"15";"2";"5";"3222";"86.";"1.8";"14.6";"68.";"0.";"120.74";"417.37";"36.94"
"2018";"5";"15";"2";"6";"3223";"86.";"1.1";"17.8";"58.";"0.";"270.55";"571.97";"79.95"
"2018";"5";"15";"2";"7";"3224";"103.";"0.3";"20.5";"47.";"0.";"429.95";"715.73";"99.88"
"2018";"5";"15";"2";"8";"3225";"359.";"0.6";"22.2";"39.";"0.";"578.86";"821.53";"105.77"
"2018";"5";"15";"2";"9";"3226";"0.";"0.9";"23.6";"37.";"0.";"689.08";"827.53";"135.04"
"2018";"5";"15";"2";"10";"3227";"18.";"1.2";"24.8";"34.";"0.";"767.13";"826.18";"159.27"
"2018";"5";"15";"2";"11";"3228";"359.";"1.3";"24.7";"34.";"0.";"813.81";"858.23";"152.95"
"2018";"5";"15";"2";"12";"3229";"343.";"1.6";"24.5";"36.";"0.";"809.55";"842.26";"160.99"
"2018";"5";"15";"2";"13";"3230";"301.";"3.4";"25.3";"36.";"0.";"755.42";"777.87";"183.10"
"2018";"5";"15";"2";"14";"3231";"307.";"4.0";"25.2";"37.";"0.";"673.80";"755.54";"167.95"
"2018";"5";"15";"2";"15";"3232";"314.";"4.6";"24.5";"37.";"2.";"514.04";"547.50";"198.75"
"2018";"5";"15";"2";"16";"3233";"320.";"4.6";"24.1";"39.";"4.";"353.18";"363.25";"185.67"
"2018";"5";"15";"2";"17";"3234";"326.";"4.4";"23.9";"39.";"5.";"212.84";"232.08";"135.50"
"2018";"5";"15";"2";"18";"3235";"325.";"3.8";"23.1";"43.";"1.";"112.94";"368.71";"38.92"
"2018";"5";"15";"2";"19";"3236";"355.";"2.2";"21.2";"48.";"1.";"0.00";"0.00";"0.00"
"2018";"5";"15";"2";"20";"3237";"351.";"2.1";"17.5";"55.";"1.";"0.00";"0.00";"0.00"
"2018";"5";"15";"2";"21";"3238";"11.";"2.0";"16.5";"59.";"6.";"0.00";"0.00";"0.00"
"2018";"5";"15";"2";"22";"3239";"30.";"1.9";"15.7";"61.";"4.";"0.00";"0.00";"0.00"
"2018";"5";"15";"2";"23";"3240";"34.";"1.7";"15.0";"63.";"1.";"0.00";"0.00";"0.00"
"2018";"5";"16";"3";"0";"3241";"8.";"1.1";"13.7";"68.";"1.";"0.00";"0.00";"0.00"
"2018";"5";"16";"3";"1";"3242";"18.";"1.3";"12.8";"73.";"2.";"0.00";"0.00";"0.00"
"2018";"5";"16";"3";"2";"3243";"20.";"1.2";"12.7";"75.";"1.";"0.00";"0.00";"0.00"
"2018";"5";"16";"3";"3";"3244";"30.";"1.0";"15.1";"66.";"8.";"0.00";"0.00";"0.00"
"2018";"5";"16";"3";"4";"3245";"42.";"0.7";"13.7";"76.";"2.";"0.00";"0.00";"0.00"
"2018";"5";"16";"3";"5";"3246";"50.";"0.8";"14.6";"70.";"3.";"108.75";"259.15";"55.80"
"2018";"5";"16";"3";"6";"3247";"48.";"0.7";"17.4";"62.";"5.";"216.84";"208.00";"146.83"
"2018";"5";"16";"3";"7";"3248";"302.";"0.8";"20.7";"53.";"3.";"375.27";"425.78";"177.56"
"2018";"5";"16";"3";"8";"3249";"308.";"1.4";"21.7";"50.";"8.";"392.81";"0.00";"392.81"
"2018";"5";"16";"3";"9";"3250";"323.";"1.7";"22.6";"44.";"8.";"448.75";"0.00";"448.75"
"2018";"5";"16";"3";"10";"3251";"299.";"2.9";"23.3";"45.";"3.";"659.68";"473.60";"309.92"
"2018";"5";"16";"3";"11";"3252";"294.";"3.7";"24.2";"45.";"0.";"785.38";"740.55";"213.12"
"2018";"5";"16";"3";"12";"3253";"292.";"4.1";"23.8";"43.";"4.";"645.58";"366.95";"362.02"
"2018";"5";"16";"3";"13";"3254";"292.";"4.7";"22.8";"45.";"5.";"576.56";"272.38";"375.40"
"2018";"5";"16";"3";"14";"3255";"300.";"3.8";"23.1";"44.";"4.";"560.69";"398.21";"292.93"
"2018";"5";"16";"3";"15";"3256";"307.";"2.7";"22.2";"43.";"5.";"341.54";"277.70";"180.78"
"2018";"5";"16";"3";"16";"3257";"304.";"3.0";"22.1";"44.";"8.";"132.55";"0.00";"132.55"
"2018";"5";"16";"3";"17";"3258";"310.";"2.6";"21.1";"48.";"5.";"165.87";"223.18";"90.76"
"2018";"5";"16";"3";"18";"3259";"305.";"2.6";"20.1";"51.";"5.";"94.36";"156.99";"62.28"
"2018";"5";"16";"3";"19";"3260";"302.";"1.9";"18.2";"59.";"2.";"0.00";"0.00";"0.00"
"2018";"5";"16";"3";"20";"3261";"306.";"1.5";"16.0";"70.";"1.";"0.00";"0.00";"0.00"
"2018";"5";"16";"3";"21";"3262";"318.";"1.2";"14.0";"77.";"1.";"0.00";"0.00";"0.00"
"2018";"5";"16";"3";"22";"3263";"304.";"1.4";"12.8";"82.";"1.";"0.00";"0.00";"0.00"
"2018";"5";"16";"3";"23";"3264";"318.";"2.3";"12.2";"87.";"2.";"0.00";"0.00";"0.00"
"2018";"5";"17";"4";"0";"3265";"305.";"1.6";"12.2";"90.";"2.";"0.00";"0.00";"0.00"
"2018";"5";"17";"4";"1";"3266";"323.";"1.7";"11.3";"92.";"0.";"0.00";"0.00";"0.00"
"2018";"5";"17";"4";"2";"3267";"6.";"1.5";"12.0";"87.";"2.";"0.00";"0.00";"0.00"
"2018";"5";"17";"4";"3";"3268";"47.";"3.2";"13.1";"78.";"4.";"0.00";"0.00";"0.00"
"2018";"5";"17";"4";"4";"3269";"42.";"3.3";"13.7";"74.";"6.";"0.00";"0.00";"0.00"
"2018";"5";"17";"4";"5";"3270";"48.";"4.0";"14.6";"69.";"5.";"98.64";"158.54";"65.70"
"2018";"5";"17";"4";"6";"3271";"51.";"3.7";"15.8";"65.";"6.";"201.87";"145.50";"152.42"
"2018";"5";"17";"4";"7";"3272";"58.";"4.5";"17.0";"60.";"4.";"350.88";"323.39";"199.72"
"2018";"5";"17";"4";"8";"3273";"52.";"4.6";"18.2";"55.";"2.";"521.56";"527.96";"214.40"
"2018";"5";"17";"4";"9";"3274";"56.";"4.8";"18.3";"55.";"6.";"494.07";"191.61";"364.70"
"2018";"5";"17";"4";"10";"3275";"46.";"4.0";"18.6";"55.";"8.";"479.06";"0.00";"479.06"
"2018";"5";"17";"4";"11";"3276";"49.";"4.7";"18.8";"54.";"8.";"505.72";"0.00";"505.72"
"2018";"5";"17";"4";"12";"3277";"46.";"4.7";"18.5";"54.";"8.";"507.67";"0.00";"507.67"
"2018";"5";"17";"4";"13";"3278";"47.";"5.4";"19.5";"50.";"2.";"709.08";"640.08";"234.64"
"2018";"5";"17";"4";"14";"3279";"38.";"5.3";"20.2";"47.";"0.";"695.34";"832.59";"133.19"
"2018";"5";"17";"4";"15";"3280";"49.";"4.9";"20.2";"47.";"5.";"451.41";"308.61";"271.86"
"2018";"5";"17";"4";"16";"3281";"49.";"4.7";"19.8";"48.";"7.";"299.26";"97.70";"253.60"
"2018";"5";"17";"4";"17";"3282";"40.";"4.3";"18.0";"51.";"5.";"223.15";"245.29";"139.78"
"2018";"5";"17";"4";"18";"3283";"35.";"4.3";"16.5";"53.";"2.";"123.90";"344.40";"52.34"
"2018";"5";"17";"4";"19";"3284";"40.";"4.5";"15.6";"56.";"3.";"3.06";"15.87";"1.79"
"2018";"5";"17";"4";"20";"3285";"45.";"4.6";"15.1";"59.";"7.";"0.00";"0.00";"0.00"
"2018";"5";"17";"4";"21";"3286";"49.";"4.7";"15.1";"60.";"7.";"0.00";"0.00";"0.00"
"2018";"5";"17";"4";"22";"3287";"40.";"4.4";"14.6";"63.";"7.";"0.00";"0.00";"0.00"
"2018";"5";"17";"4";"23";"3288";"43.";"4.3";"13.9";"67.";"4.";"0.00";"0.00";"0.00"
"2018";"5";"18";"5";"0";"3289";"46.";"3.7";"13.1";"70.";"2.";"0.00";"0.00";"0.00"
"2018";"5";"18";"5";"1";"3290";"51.";"3.9";"12.5";"71.";"7.";"0.00";"0.00";"0.00"
"2018";"5";"18";"5";"2";"3291";"56.";"3.9";"12.2";"71.";"7.";"0.00";"0.00";"0.00"
"2018";"5";"18";"5";"3";"3292";"49.";"3.5";"11.9";"70.";"7.";"0.00";"0.00";"0.00"
"2018";"5";"18";"5";"4";"3293";"56.";"3.7";"12.1";"66.";"6.";"6.94";"16.74";"5.54"
"2018";"5";"18";"5";"5";"3294";"64.";"4.0";"12.2";"64.";"6.";"102.86";"122.79";"76.93"
"2018";"5";"18";"5";"6";"3295";"54.";"4.0";"13.3";"60.";"4.";"245.27";"342.65";"127.72"
"2018";"5";"18";"5";"7";"3296";"49.";"4.4";"14.4";"58.";"6.";"324.15";"185.08";"237.09"
"2018";"5";"18";"5";"8";"3297";"48.";"4.0";"15.7";"51.";"3.";"517.34";"530.97";"206.90"
"2018";"5";"18";"5";"9";"3298";"54.";"4.2";"16.9";"43.";"2.";"647.44";"639.72";"213.77"
"2018";"5";"18";"5";"10";"3299";"51.";"4.1";"18.4";"36.";"0.";"797.21";"901.34";"126.76"
"2018";"5";"18";"5";"11";"3300";"48.";"3.7";"19.2";"32.";"0.";"837.16";"889.67";"145.02"
"2018";"5";"18";"5";"12";"3301";"38.";"3.2";"20.0";"30.";"0.";"841.34";"911.22";"132.43"
"2018";"5";"18";"5";"13";"3302";"34.";"3.0";"20.8";"29.";"0.";"798.18";"899.91";"128.78"
"2018";"5";"18";"5";"14";"3303";"11.";"2.6";"21.1";"28.";"0.";"719.26";"897.67";"110.73"
"2018";"5";"18";"5";"15";"3304";"23.";"2.6";"20.5";"26.";"0.";"603.88";"853.01";"105.16"
"2018";"5";"18";"5";"16";"3305";"33.";"2.9";"20.3";"26.";"0.";"457.09";"744.07";"107.05"
"2018";"5";"18";"5";"17";"3306";"33.";"3.0";"19.8";"26.";"0.";"311.09";"729.73";"60.75"
"2018";"5";"18";"5";"18";"3307";"41.";"3.3";"18.7";"26.";"0.";"159.05";"549.29";"43.06"
"2018";"5";"18";"5";"19";"3308";"40.";"2.2";"16.7";"33.";"0.";"22.69";"158.48";"9.42"
"2018";"5";"18";"5";"20";"3309";"41.";"1.6";"13.5";"41.";"0.";"0.00";"0.00";"0.00"
"2018";"5";"18";"5";"21";"3310";"49.";"1.8";"10.5";"51.";"0.";"0.00";"0.00";"0.00"
"2018";"5";"18";"5";"22";"3311";"63.";"1.8";"9.5";"56.";"0.";"0.00";"0.00";"0.00"
"2018";"5";"18";"5";"23";"3312";"71.";"1.7";"8.7";"61.";"0.";"0.00";"0.00";"0.00"
"2018";"5";"19";"6";"0";"3313";"64.";"1.3";"8.1";"66.";"0.";"0.00";"0.00";"0.00"
"2018";"5";"19";"6";"1";"3314";"68.";"1.6";"7.0";"71.";"0.";"0.00";"0.00";"0.00"
"2018";"5";"19";"6";"2";"3315";"69.";"1.8";"6.7";"75.";"0.";"0.00";"0.00";"0.00"
"2018";"5";"19";"6";"3";"3316";"71.";"1.7";"5.9";"79.";"1.";"0.00";"0.00";"0.00"
"2018";"5";"19";"6";"4";"3317";"83.";"1.9";"7.0";"75.";"1.";"19.17";"122.61";"8.47"
"2018";"5";"19";"6";"5";"3318";"97.";"1.6";"10.2";"66.";"1.";"146.46";"456.58";"48.54"
"2018";"5";"19";"6";"6";"3319";"99.";"1.8";"13.6";"54.";"1.";"290.35";"591.15";"85.71"
"2018";"5";"19";"6";"7";"3320";"94.";"1.7";"16.3";"48.";"1.";"439.54";"696.17";"109.99"
"2018";"5";"19";"6";"8";"3321";"93.";"1.5";"18.4";"40.";"0.";"598.15";"830.67";"110.19"
"2018";"5";"19";"6";"9";"3322";"139.";"1.4";"19.2";"36.";"0.";"717.67";"885.11";"115.30"
"2018";"5";"19";"6";"10";"3323";"173.";"1.3";"19.8";"41.";"1.";"758.40";"773.85";"180.81"
"2018";"5";"19";"6";"11";"3324";"229.";"2.0";"20.0";"47.";"1.";"791.72";"764.46";"195.07"
"2018";"5";"19";"6";"12";"3325";"251.";"3.5";"19.3";"55.";"0.";"817.42";"840.09";"161.75"
"2018";"5";"19";"6";"13";"3326";"250.";"3.6";"18.9";"60.";"0.";"767.91";"801.33";"169.80"
"2018";"5";"19";"6";"14";"3327";"254.";"4.3";"19.0";"61.";"1.";"638.18";"688.85";"169.39"
"2018";"5";"19";"6";"15";"3328";"264.";"3.5";"19.1";"55.";"0.";"580.77";"776.68";"124.53"
"2018";"5";"19";"6";"16";"3329";"278.";"3.2";"18.9";"51.";"0.";"446.26";"735.78";"97.96"
"2018";"5";"19";"6";"17";"3330";"290.";"1.9";"18.9";"46.";"1.";"297.43";"579.03";"96.99"
"2018";"5";"19";"6";"18";"3331";"291.";"1.3";"18.2";"45.";"3.";"126.72";"305.69";"61.16"
"2018";"5";"19";"6";"19";"3332";"270.";"0.9";"16.2";"52.";"0.";"11.21";"76.10";"4.57"
"2018";"5";"19";"6";"20";"3333";"242.";"0.9";"13.4";"66.";"0.";"0.00";"0.00";"0.00"
"2018";"5";"19";"6";"21";"3334";"242.";"0.5";"11.1";"71.";"0.";"0.00";"0.00";"0.00"
"2018";"5";"19";"6";"22";"3335";"207.";"0.5";"10.3";"81.";"0.";"0.00";"0.00";"0.00"
"2018";"5";"19";"6";"23";"3336";"183.";"0.6";"10.4";"90.";"0.";"0.00";"0.00";"0.00"
"2018";"5";"20";"7";"0";"3337";"136.";"1.0";"10.6";"95.";"1.";"0.00";"0.00";"0.00"
"2018";"5";"20";"7";"1";"3338";"116.";"1.0";"9.8";"97.";"3.";"0.00";"0.00";"0.00"
"2018";"5";"20";"7";"2";"3339";"121.";"1.5";"9.2";"95.";"4.";"0.00";"0.00";"0.00"
"2018";"5";"20";"7";"3";"3340";"129.";"1.7";"9.5";"96.";"4.";"0.00";"0.00";"0.00"
"2018";"5";"20";"7";"4";"3341";"132.";"1.9";"10.3";"97.";"4.";"2.26";"7.01";"1.62"
"2018";"5";"20";"7";"5";"3342";"149.";"2.2";"11.8";"96.";"7.";"39.44";"5.99";"38.14"
"2018";"5";"20";"7";"6";"3343";"170.";"2.7";"13.0";"94.";"7.";"94.18";"21.37";"86.71"
"2018";"5";"20";"7";"7";"3344";"179.";"3.1";"15.7";"85.";"3.";"303.61";"264.56";"177.62"
"2018";"5";"20";"7";"8";"3345";"195.";"3.1";"18.3";"76.";"1.";"505.04";"523.71";"195.99"
"2018";"5";"20";"7";"9";"3346";"210.";"2.6";"19.3";"71.";"0.";"679.49";"760.90";"159.71"
"2018";"5";"20";"7";"10";"3347";"224.";"2.6";"20.2";"62.";"0.";"768.94";"813.71";"159.58"
"2018";"5";"20";"7";"11";"3348";"230.";"2.9";"20.8";"57.";"1.";"754.35";"722.33";"188.83"
"2018";"5";"20";"7";"12";"3349";"233.";"3.4";"20.9";"54.";"1.";"760.26";"743.62";"178.07"
"2018";"5";"20";"7";"13";"3350";"238.";"3.3";"20.7";"55.";"1.";"723.68";"748.81";"162.92"
"2018";"5";"20";"7";"14";"3351";"247.";"3.5";"20.5";"54.";"1.";"634.82";"653.90";"188.13"
"2018";"5";"20";"7";"15";"3352";"240.";"3.2";"20.6";"52.";"1.";"537.52";"660.96";"147.48"
"2018";"5";"20";"7";"16";"3353";"233.";"2.8";"20.4";"48.";"1.";"414.34";"630.50";"114.08"
"2018";"5";"20";"7";"17";"3354";"232.";"2.3";"20.0";"47.";"1.";"275.26";"565.03";"77.95"
"2018";"5";"20";"7";"18";"3355";"251.";"1.7";"19.1";"50.";"1.";"131.09";"408.04";"42.26"
"2018";"5";"20";"7";"19";"3356";"297.";"1.6";"17.1";"61.";"0.";"4.43";"29.06";"1.80"
"2018";"5";"20";"7";"20";"3357";"299.";"1.1";"14.7";"74.";"0.";"0.00";"0.00";"0.00"
"2018";"5";"20";"7";"21";"3358";"337.";"0.8";"13.4";"76.";"1.";"0.00";"0.00";"0.00"
"2018";"5";"20";"7";"22";"3359";"35.";"0.5";"11.2";"80.";"0.";"0.00";"0.00";"0.00"
"2018";"5";"20";"7";"23";"3360";"86.";"0.7";"10.9";"82.";"1.";"0.00";"0.00";"0.00"
"2018";"5";"21";"1";"0";"3361";"86.";"1.2";"10.1";"85.";"1.";"0.00";"0.00";"0.00"
"2018";"5";"21";"1";"1";"3362";"103.";"1.6";"10.2";"87.";"2.";"0.00";"0.00";"0.00"
"2018";"5";"21";"1";"2";"3363";"109.";"2.1";"9.5";"88.";"5.";"0.00";"0.00";"0.00"
"2018";"5";"21";"1";"3";"3364";"129.";"2.0";"9.0";"90.";"1.";"0.00";"0.00";"0.00"
"2018";"5";"21";"1";"4";"3365";"128.";"2.5";"10.7";"82.";"0.";"13.72";"88.26";"5.43"
"2018";"5";"21";"1";"5";"3366";"131.";"2.9";"12.8";"68.";"1.";"147.46";"446.68";"48.83"
"2018";"5";"21";"1";"6";"3367";"139.";"2.3";"14.7";"64.";"0.";"303.32";"674.90";"65.66"
"2018";"5";"21";"1";"7";"3368";"147.";"2.3";"16.3";"62.";"8.";"303.25";"0.00";"303.25"
"2018";"5";"21";"1";"8";"3369";"153.";"2.2";"17.6";"55.";"8.";"398.65";"0.00";"398.65"
"2018";"5";"21";"1";"9";"3370";"158.";"2.5";"19.3";"42.";"7.";"507.79";"105.44";"435.50"
"2018";"5";"21";"1";"10";"3371";"154.";"1.9";"20.7";"34.";"4.";"675.95";"448.44";"339.05"
"2018";"5";"21";"1";"11";"3372";"188.";"1.8";"21.1";"32.";"8.";"582.79";"0.00";"582.79"
"2018";"5";"21";"1";"12";"3373";"206.";"2.3";"20.7";"37.";"4.";"706.39";"441.41";"359.77"
"2018";"5";"21";"1";"13";"3374";"216.";"2.7";"20.2";"39.";"7.";"568.00";"110.01";"485.35"
"2018";"5";"21";"1";"14";"3375";"217.";"2.8";"20.2";"41.";"7.";"515.94";"115.20";"436.96"
"2018";"5";"21";"1";"15";"3376";"217.";"2.4";"20.1";"41.";"6.";"455.03";"216.53";"326.69"
"2018";"5";"21";"1";"16";"3377";"218.";"1.8";"20.0";"43.";"5.";"355.41";"244.65";"238.22"
"2018";"5";"21";"1";"17";"3378";"233.";"1.3";"19.7";"44.";"6.";"227.02";"155.45";"172.28"
"2018";"5";"21";"1";"18";"3379";"291.";"1.1";"18.7";"47.";"6.";"112.73";"123.96";"85.36"
"2018";"5";"21";"1";"19";"3380";"321.";"1.1";"17.0";"54.";"7.";"9.87";"11.14";"8.82"
"2018";"5";"21";"1";"20";"3381";"358.";"1.0";"15.3";"62.";"5.";"0.00";"0.00";"0.00"
"2018";"5";"21";"1";"21";"3382";"21.";"1.6";"14.7";"65.";"6.";"0.00";"0.00";"0.00"
"2018";"5";"21";"1";"22";"3383";"20.";"1.9";"13.8";"68.";"5.";"0.00";"0.00";"0.00"
"2018";"5";"21";"1";"23";"3384";"25.";"2.2";"12.5";"71.";"8.";"0.00";"0.00";"0.00"
"2018";"5";"22";"2";"0";"3385";"42.";"1.8";"11.3";"73.";"6.";"0.00";"0.00";"0.00"
"2018";"5";"22";"2";"1";"3386";"68.";"2.0";"11.6";"73.";"6.";"0.00";"0.00";"0.00"
"2018";"5";"22";"2";"2";"3387";"94.";"1.8";"10.8";"79.";"3.";"0.00";"0.00";"0.00"
"2018";"5";"22";"2";"3";"3388";"103.";"1.7";"10.2";"82.";"0.";"0.00";"0.00";"0.00"
"2018";"5";"22";"2";"4";"3389";"126.";"1.6";"11.2";"80.";"0.";"16.02";"102.13";"6.10"
"2018";"5";"22";"2";"5";"3390";"139.";"1.9";"13.2";"70.";"0.";"149.79";"478.96";"42.58"
"2018";"5";"22";"2";"6";"3391";"136.";"1.9";"16.7";"55.";"0.";"307.18";"676.35";"67.07"
"2018";"5";"22";"2";"7";"3392";"151.";"1.7";"18.6";"44.";"1.";"444.12";"674.10";"119.42"
"2018";"5";"22";"2";"8";"3393";"192.";"1.0";"19.7";"36.";"3.";"537.62";"526.01";"224.50"
"2018";"5";"22";"2";"9";"3394";"265.";"0.8";"20.2";"36.";"4.";"613.87";"457.19";"299.31"
"2018";"5";"22";"2";"10";"3395";"257.";"1.0";"20.9";"35.";"7.";"568.62";"107.89";"487.32"
"2018";"5";"22";"2";"11";"3396";"268.";"2.7";"21.3";"35.";"1.";"840.76";"846.01";"174.49"
"2018";"5";"22";"2";"12";"3397";"277.";"3.0";"21.7";"35.";"0.";"829.18";"821.99";"181.83"
"2018";"5";"22";"2";"13";"3398";"285.";"3.2";"21.8";"33.";"5.";"630.34";"335.78";"377.30"
"2018";"5";"22";"2";"14";"3399";"293.";"4.4";"22.0";"36.";"0.";"703.87";"779.61";"167.49"
"2018";"5";"22";"2";"15";"3400";"302.";"4.3";"21.9";"36.";"0.";"606.22";"846.25";"102.47"
"2018";"5";"22";"2";"16";"3401";"306.";"4.1";"21.1";"36.";"1.";"447.65";"694.13";"113.30"
"2018";"5";"22";"2";"17";"3402";"310.";"3.5";"20.7";"37.";"4.";"257.09";"349.97";"132.85"
"2018";"5";"22";"2";"18";"3403";"319.";"2.3";"19.9";"39.";"4.";"128.44";"257.42";"70.81"
"2018";"5";"22";"2";"19";"3404";"324.";"1.9";"18.4";"43.";"2.";"20.72";"106.84";"10.34"
"2018";"5";"22";"2";"20";"3405";"324.";"1.2";"15.1";"55.";"0.";"0.00";"0.00";"0.00"
"2018";"5";"22";"2";"21";"3406";"320.";"1.0";"13.5";"63.";"0.";"0.00";"0.00";"0.00"
"2018";"5";"22";"2";"22";"3407";"334.";"0.4";"11.1";"69.";"1.";"0.00";"0.00";"0.00"
"2018";"5";"22";"2";"23";"3408";"8.";"0.5";"10.7";"72.";"0.";"0.00";"0.00";"0.00"
"2018";"5";"23";"3";"0";"3409";"326.";"0.9";"9.3";"78.";"0.";"0.00";"0.00";"0.00"
"2018";"5";"23";"3";"1";"3410";"346.";"0.7";"8.9";"82.";"3.";"0.00";"0.00";"0.00"
"2018";"5";"23";"3";"2";"3411";"355.";"0.2";"8.9";"83.";"1.";"0.00";"0.00";"0.00"
"2018";"5";"23";"3";"3";"3412";"320.";"0.6";"9.2";"84.";"0.";"0.00";"0.00";"0.00"
"2018";"5";"23";"3";"4";"3413";"337.";"0.3";"10.8";"81.";"0.";"19.45";"117.69";"7.65"
"2018";"5";"23";"3";"5";"3414";"323.";"0.1";"13.7";"73.";"0.";"149.34";"462.85";"44.37"
"2018";"5";"23";"3";"6";"3415";"324.";"1.0";"16.7";"64.";"0.";"298.60";"603.04";"82.84"
"2018";"5";"23";"3";"7";"3416";"332.";"1.4";"19.1";"50.";"0.";"457.64";"730.28";"103.97"
"2018";"5";"23";"3";"8";"3417";"334.";"1.5";"21.4";"40.";"0.";"606.26";"840.97";"103.58"
"2018";"5";"23";"3";"9";"3418";"309.";"1.7";"22.3";"37.";"0.";"717.02";"846.96";"132.31"
"2018";"5";"23";"3";"10";"3419";"299.";"2.3";"22.7";"34.";"0.";"805.18";"899.21";"125.52"
"2018";"5";"23";"3";"11";"3420";"294.";"3.3";"23.6";"34.";"0.";"838.55";"868.33";"152.79"
"2018";"5";"23";"3";"12";"3421";"299.";"3.9";"23.8";"33.";"1.";"798.19";"736.85";"216.26"
"2018";"5";"23";"3";"13";"3422";"301.";"4.3";"23.6";"33.";"1.";"751.45";"695.54";"225.73"
"2018";"5";"23";"3";"14";"3423";"299.";"4.9";"23.1";"34.";"1.";"683.37";"720.64";"185.88"
"2018";"5";"23";"3";"15";"3424";"300.";"4.2";"23.6";"31.";"1.";"579.63";"713.21";"153.32"
"2018";"5";"23";"3";"16";"3425";"312.";"3.9";"23.1";"31.";"0.";"468.44";"770.11";"95.47"
"2018";"5";"23";"3";"17";"3426";"319.";"3.9";"22.7";"33.";"0.";"316.05";"702.55";"64.69"
"2018";"5";"23";"3";"18";"3427";"326.";"3.6";"21.7";"35.";"0.";"159.65";"520.65";"41.57"
"2018";"5";"23";"3";"19";"3428";"335.";"3.1";"19.7";"42.";"1.";"22.29";"125.05";"9.76"
"2018";"5";"23";"3";"20";"3429";"350.";"2.3";"18.0";"52.";"0.";"0.00";"0.00";"0.00"
"2018";"5";"23";"3";"21";"3430";"349.";"1.9";"16.1";"60.";"0.";"0.00";"0.00";"0.00"
"2018";"5";"23";"3";"22";"3431";"4.";"1.8";"13.5";"65.";"0.";"0.00";"0.00";"0.00"
"2018";"5";"23";"3";"23";"3432";"22.";"1.5";"12.2";"70.";"0.";"0.00";"0.00";"0.00"
"2018";"5";"24";"4";"0";"3433";"27.";"1.5";"12.9";"73.";"0.";"0.00";"0.00";"0.00"
"2018";"5";"24";"4";"1";"3434";"41.";"1.5";"11.5";"75.";"0.";"0.00";"0.00";"0.00"
"2018";"5";"24";"4";"2";"3435";"38.";"1.5";"11.5";"77.";"0.";"0.00";"0.00";"0.00"
"2018";"5";"24";"4";"3";"3436";"89.";"1.6";"10.2";"79.";"0.";"0.00";"0.00";"0.00"
"2018";"5";"24";"4";"4";"3437";"92.";"1.7";"12.4";"74.";"0.";"21.41";"122.64";"8.74"
"2018";"5";"24";"4";"5";"3438";"120.";"1.8";"15.3";"63.";"0.";"155.58";"493.70";"42.20"
"2018";"5";"24";"4";"6";"3439";"139.";"2.3";"18.5";"53.";"0.";"311.21";"682.11";"65.33"
"2018";"5";"24";"4";"7";"3440";"154.";"2.6";"20.5";"48.";"0.";"478.20";"813.90";"81.97"
"2018";"5";"24";"4";"8";"3441";"163.";"2.6";"22.1";"46.";"0.";"601.82";"829.18";"104.22"
"2018";"5";"24";"4";"9";"3442";"175.";"2.9";"22.9";"44.";"0.";"719.44";"884.23";"107.00"
"2018";"5";"24";"4";"10";"3443";"205.";"3.3";"23.4";"42.";"0.";"800.35";"898.21";"119.49"
"2018";"5";"24";"4";"11";"3444";"217.";"3.5";"23.6";"39.";"1.";"813.49";"800.12";"179.89"
"2018";"5";"24";"4";"12";"3445";"235.";"3.7";"24.0";"38.";"1.";"805.08";"758.40";"204.51"
"2018";"5";"24";"4";"13";"3446";"252.";"3.4";"24.2";"37.";"1.";"763.10";"739.90";"202.24"
"2018";"5";"24";"4";"14";"3447";"263.";"3.2";"24.5";"35.";"1.";"718.49";"747.31";"200.89"
"2018";"5";"24";"4";"15";"3448";"287.";"2.9";"24.6";"33.";"0.";"592.92";"736.98";"150.65"
"2018";"5";"24";"4";"16";"3449";"311.";"3.1";"24.7";"35.";"0.";"449.42";"646.91";"134.48"
"2018";"5";"24";"4";"17";"3450";"319.";"2.9";"24.4";"36.";"1.";"310.62";"585.36";"99.61"
"2018";"5";"24";"4";"18";"3451";"322.";"2.8";"23.2";"38.";"0.";"155.70";"493.32";"42.41"
"2018";"5";"24";"4";"19";"3452";"347.";"2.2";"21.4";"44.";"0.";"19.38";"116.37";"7.36"
"2018";"5";"24";"4";"20";"3453";"352.";"0.9";"17.4";"55.";"0.";"0.00";"0.00";"0.00"
"2018";"5";"24";"4";"21";"3454";"37.";"1.6";"15.9";"63.";"0.";"0.00";"0.00";"0.00"
"2018";"5";"24";"4";"22";"3455";"69.";"1.6";"15.3";"67.";"0.";"0.00";"0.00";"0.00"
"2018";"5";"24";"4";"23";"3456";"127.";"1.7";"13.8";"73.";"0.";"0.00";"0.00";"0.00"
"2018";"5";"25";"5";"0";"3457";"127.";"1.4";"14.9";"79.";"0.";"0.00";"0.00";"0.00"
"2018";"5";"25";"5";"1";"3458";"167.";"1.5";"13.1";"82.";"1.";"0.00";"0.00";"0.00"
"2018";"5";"25";"5";"2";"3459";"169.";"1.1";"11.8";"89.";"5.";"0.00";"0.00";"0.00"
"2018";"5";"25";"5";"3";"3460";"148.";"1.3";"11.2";"92.";"0.";"0.00";"0.00";"0.00"
"2018";"5";"25";"5";"4";"3461";"175.";"1.0";"12.4";"90.";"0.";"14.77";"82.52";"6.00"
"2018";"5";"25";"5";"5";"3462";"179.";"1.5";"15.7";"80.";"0.";"146.10";"454.25";"40.52"
"2018";"5";"25";"5";"6";"3463";"208.";"1.5";"18.6";"69.";"0.";"298.46";"617.96";"74.09"
"2018";"5";"25";"5";"7";"3464";"245.";"1.5";"20.4";"57.";"4.";"378.25";"384.16";"190.29"
"2018";"5";"25";"5";"8";"3465";"280.";"1.8";"21.3";"51.";"8.";"369.67";"0.00";"369.67"
"2018";"5";"25";"5";"9";"3466";"282.";"2.1";"22.4";"48.";"8.";"442.05";"0.00";"442.05"
"2018";"5";"25";"5";"10";"3467";"279.";"2.4";"23.3";"45.";"8.";"502.49";"0.00";"502.49"
"2018";"5";"25";"5";"11";"3468";"272.";"2.9";"23.7";"46.";"7.";"579.78";"108.46";"493.67"
"2018";"5";"25";"5";"12";"3469";"295.";"2.9";"23.7";"44.";"6.";"597.25";"204.45";"434.94"
"2018";"5";"25";"5";"13";"3470";"304.";"3.6";"24.2";"46.";"7.";"563.30";"107.22";"481.80"
"2018";"5";"25";"5";"14";"3471";"309.";"3.6";"24.8";"44.";"6.";"524.47";"185.25";"395.75"
"2018";"5";"25";"5";"15";"3472";"321.";"3.7";"25.5";"42.";"4.";"501.59";"398.35";"261.62"
"2018";"5";"25";"5";"16";"3473";"355.";"2.0";"26.0";"38.";"0.";"462.38";"765.23";"87.97"
"2018";"5";"25";"5";"17";"3474";"73.";"1.9";"26.2";"32.";"0.";"315.21";"686.28";"66.04"
"2018";"5";"25";"5";"18";"3475";"100.";"2.9";"25.1";"29.";"1.";"157.90";"445.29";"54.40"
"2018";"5";"25";"5";"19";"3476";"120.";"2.9";"23.5";"33.";"2.";"26.98";"128.93";"13.28"
"2018";"5";"25";"5";"20";"3477";"121.";"2.5";"19.3";"42.";"5.";"0.00";"0.00";"0.00"
"2018";"5";"25";"5";"21";"3478";"112.";"2.0";"16.0";"48.";"7.";"0.00";"0.00";"0.00"
"2018";"5";"25";"5";"22";"3479";"121.";"1.7";"17.6";"50.";"8.";"0.00";"0.00";"0.00"
"2018";"5";"25";"5";"23";"3480";"118.";"2.4";"16.9";"53.";"8.";"0.00";"0.00";"0.00"
"2018";"5";"26";"6";"0";"3481";"124.";"2.5";"15.3";"61.";"4.";"0.00";"0.00";"0.00"
"2018";"5";"26";"6";"1";"3482";"129.";"2.3";"13.7";"66.";"7.";"0.00";"0.00";"0.00"
"2018";"5";"26";"6";"2";"3483";"121.";"2.3";"13.8";"71.";"5.";"0.00";"0.00";"0.00"
"2018";"5";"26";"6";"3";"3484";"109.";"2.2";"12.9";"73.";"2.";"0.00";"0.00";"0.00"
"2018";"5";"26";"6";"4";"3485";"106.";"2.1";"14.3";"71.";"0.";"23.40";"136.63";"8.50"
"2018";"5";"26";"6";"5";"3486";"109.";"1.7";"16.3";"64.";"0.";"163.01";"515.73";"41.75"
"2018";"5";"26";"6";"6";"3487";"118.";"1.0";"19.1";"55.";"0.";"314.95";"689.80";"62.76"
"2018";"5";"26";"6";"7";"3488";"17.";"0.4";"20.9";"51.";"2.";"432.54";"593.21";"140.89"
"2018";"5";"26";"6";"8";"3489";"300.";"0.7";"22.4";"44.";"2.";"562.84";"633.74";"179.65"
"2018";"5";"26";"6";"9";"3490";"292.";"1.0";"23.3";"39.";"0.";"730.09";"904.39";"99.80"
"2018";"5";"26";"6";"10";"3491";"286.";"0.8";"24.1";"36.";"3.";"717.11";"576.22";"277.95"
"2018";"5";"26";"6";"11";"3492";"303.";"1.1";"23.5";"39.";"3.";"755.37";"590.54";"285.34"
"2018";"5";"26";"6";"12";"3493";"296.";"1.8";"24.9";"37.";"8.";"563.53";"0.00";"563.53"
"2018";"5";"26";"6";"13";"3494";"333.";"2.4";"24.7";"39.";"7.";"570.54";"109.72";"486.92"
"2018";"5";"26";"6";"14";"3495";"318.";"3.0";"25.2";"39.";"3.";"629.89";"529.36";"260.97"
"2018";"5";"26";"6";"15";"3496";"316.";"4.0";"25.1";"39.";"2.";"558.98";"619.18";"184.60"
"2018";"5";"26";"6";"16";"3497";"312.";"4.2";"24.3";"39.";"8.";"313.03";"0.00";"313.03"
"2018";"5";"26";"6";"17";"3498";"301.";"3.5";"22.8";"44.";"8.";"210.26";"0.00";"210.26"
"2018";"5";"26";"6";"18";"3499";"276.";"2.2";"21.5";"52.";"8.";"102.60";"0.00";"102.60"
"2018";"5";"26";"6";"19";"3500";"201.";"1.9";"20.2";"58.";"8.";"9.42";"0.00";"9.42"
"2018";"5";"26";"6";"20";"3501";"196.";"1.9";"18.7";"64.";"4.";"0.00";"0.00";"0.00"
"2018";"5";"26";"6";"21";"3502";"209.";"0.9";"17.1";"74.";"7.";"0.00";"0.00";"0.00"
"2018";"5";"26";"6";"22";"3503";"146.";"0.9";"16.0";"73.";"5.";"0.00";"0.00";"0.00"
"2018";"5";"26";"6";"23";"3504";"133.";"0.6";"15.4";"76.";"8.";"0.00";"0.00";"0.00"
"2018";"5";"27";"7";"0";"3505";"106.";"0.9";"16.1";"80.";"8.";"0.00";"0.00";"0.00"
"2018";"5";"27";"7";"1";"3506";"75.";"1.0";"15.5";"81.";"5.";"0.00";"0.00";"0.00"
"2018";"5";"27";"7";"2";"3507";"67.";"1.6";"15.2";"81.";"7.";"0.00";"0.00";"0.00"
"2018";"5";"27";"7";"3";"3508";"65.";"1.6";"15.7";"81.";"7.";"0.00";"0.00";"0.00"
"2018";"5";"27";"7";"4";"3509";"66.";"1.6";"16.3";"78.";"8.";"9.41";"0.00";"9.41"
"2018";"5";"27";"7";"5";"3510";"64.";"2.2";"18.0";"71.";"7.";"102.15";"60.13";"87.86"
"2018";"5";"27";"7";"6";"3511";"78.";"2.9";"20.2";"62.";"8.";"202.24";"0.00";"202.24"
"2018";"5";"27";"7";"7";"3512";"63.";"3.4";"22.4";"55.";"3.";"400.78";"477.94";"164.72"
"2018";"5";"27";"7";"8";"3513";"84.";"3.7";"23.5";"48.";"4.";"495.00";"408.22";"247.30"
"2018";"5";"27";"7";"9";"3514";"86.";"3.2";"24.0";"46.";"8.";"482.61";"0.00";"482.61"
"2018";"5";"27";"7";"10";"3515";"96.";"3.6";"24.3";"43.";"6.";"577.31";"215.61";"412.56"
"2018";"5";"27";"7";"11";"3516";"94.";"3.2";"24.5";"39.";"6.";"640.49";"223.34";"462.31"
"2018";"5";"27";"7";"12";"3517";"112.";"3.1";"22.8";"46.";"8.";"540.72";"0.00";"540.72"
"2018";"5";"27";"7";"13";"3518";"98.";"4.3";"21.2";"51.";"8.";"497.41";"0.00";"497.41"
"2018";"5";"27";"7";"14";"3519";"126.";"3.2";"20.6";"52.";"8.";"457.46";"0.00";"457.46"
"2018";"5";"27";"7";"15";"3520";"121.";"2.9";"20.7";"52.";"8.";"407.77";"0.00";"407.77"
"2018";"5";"27";"7";"16";"3521";"115.";"2.2";"20.6";"56.";"8.";"311.75";"0.00";"311.75"
"2018";"5";"27";"7";"17";"3522";"128.";"1.3";"20.0";"58.";"8.";"208.43";"0.00";"208.43"
"2018";"5";"27";"7";"18";"3523";"131.";"2.2";"19.8";"58.";"8.";"98.61";"0.00";"98.61"
"2018";"5";"27";"7";"19";"3524";"138.";"2.4";"19.2";"59.";"8.";"13.23";"0.00";"13.23"
"2018";"5";"27";"7";"20";"3525";"126.";"3.5";"19.1";"58.";"8.";"0.00";"0.00";"0.00"
"2018";"5";"27";"7";"21";"3526";"120.";"3.7";"19.2";"39.";"8.";"0.00";"0.00";"0.00"
"2018";"5";"27";"7";"22";"3527";"107.";"4.4";"18.1";"43.";"8.";"0.00";"0.00";"0.00"
"2018";"5";"27";"7";"23";"3528";"106.";"3.0";"17.8";"36.";"7.";"0.00";"0.00";"0.00"
"2018";"5";"28";"1";"0";"3529";"100.";"3.1";"17.5";"35.";"6.";"0.00";"0.00";"0.00"
"2018";"5";"28";"1";"1";"3530";"102.";"3.0";"16.8";"39.";"7.";"0.00";"0.00";"0.00"
"2018";"5";"28";"1";"2";"3531";"93.";"3.1";"15.4";"39.";"4.";"0.00";"0.00";"0.00"
"2018";"5";"28";"1";"3";"3532";"94.";"3.4";"15.0";"38.";"4.";"0.00";"0.00";"0.00"
"2018";"5";"28";"1";"4";"3533";"94.";"3.6";"15.3";"40.";"8.";"30.16";"0.00";"30.16"
"2018";"5";"28";"1";"5";"3534";"97.";"3.8";"16.2";"42.";"8.";"112.06";"0.00";"112.06"
"2018";"5";"28";"1";"6";"3535";"92.";"3.7";"16.5";"44.";"8.";"222.39";"0.00";"222.39"
"2018";"5";"28";"1";"7";"3536";"91.";"3.5";"17.8";"45.";"6.";"365.34";"197.74";"267.24"
"2018";"5";"28";"1";"8";"3537";"94.";"3.6";"18.8";"47.";"8.";"386.26";"0.00";"386.26"
"2018";"5";"28";"1";"9";"3538";"91.";"3.8";"19.1";"49.";"8.";"480.10";"0.00";"480.10"
"2018";"5";"28";"1";"10";"3539";"95.";"3.4";"20.9";"49.";"8.";"248.02";"0.00";"248.02"
"2018";"5";"28";"1";"11";"3540";"94.";"2.0";"19.7";"60.";"8.";"255.36";"0.00";"255.36"
"2018";"5";"28";"1";"12";"3541";"106.";"1.8";"16.4";"88.";"8.";"139.94";"0.00";"139.94"
"2018";"5";"28";"1";"13";"3542";"105.";"5.1";"15.8";"92.";"8.";"256.45";"0.00";"256.45"
"2018";"5";"28";"1";"14";"3543";"95.";"2.0";"15.8";"99.";"8.";"121.59";"0.00";"121.59"
"2018";"5";"28";"1";"15";"3544";"68.";"3.6";"17.0";"90.";"7.";"242.88";"97.38";"183.59"
"2018";"5";"28";"1";"16";"3545";"59.";"4.1";"16.8";"90.";"7.";"184.51";"85.85";"141.92"
"2018";"5";"28";"1";"17";"3546";"61.";"4.1";"17.3";"88.";"3.";"233.14";"402.39";"84.10"
"2018";"5";"28";"1";"18";"3547";"73.";"3.8";"17.2";"87.";"7.";"99.49";"53.99";"86.52"
"2018";"5";"28";"1";"19";"3548";"80.";"3.5";"16.8";"88.";"7.";"4.63";"4.73";"4.09"
"2018";"5";"28";"1";"20";"3549";"62.";"2.7";"16.5";"90.";"7.";"0.00";"0.00";"0.00"
"2018";"5";"28";"1";"21";"3550";"83.";"3.4";"16.0";"91.";"8.";"0.00";"0.00";"0.00"
"2018";"5";"28";"1";"22";"3551";"105.";"3.6";"16.0";"90.";"8.";"0.00";"0.00";"0.00"
"2018";"5";"28";"1";"23";"3552";"110.";"3.5";"15.4";"91.";"6.";"0.00";"0.00";"0.00"
"2018";"5";"29";"2";"0";"3553";"104.";"2.4";"15.2";"91.";"5.";"0.00";"0.00";"0.00"
"2018";"5";"29";"2";"1";"3554";"84.";"2.2";"15.4";"91.";"5.";"0.00";"0.00";"0.00"
"2018";"5";"29";"2";"2";"3555";"83.";"2.5";"15.3";"92.";"7.";"0.00";"0.00";"0.00"
"2018";"5";"29";"2";"3";"3556";"94.";"2.5";"15.4";"90.";"8.";"0.00";"0.00";"0.00"
"2018";"5";"29";"2";"4";"3557";"79.";"1.6";"15.6";"89.";"8.";"4.85";"0.00";"4.85"
"2018";"5";"29";"2";"5";"3558";"70.";"1.5";"15.9";"88.";"8.";"91.99";"0.00";"91.99"
"2018";"5";"29";"2";"6";"3559";"65.";"1.9";"16.6";"86.";"8.";"188.12";"0.00";"188.12"
"2018";"5";"29";"2";"7";"3560";"83.";"2.7";"17.8";"79.";"6.";"330.68";"177.95";"242.02"
"2018";"5";"29";"2";"8";"3561";"84.";"3.0";"19.1";"75.";"8.";"363.30";"0.00";"363.30"
"2018";"5";"29";"2";"9";"3562";"94.";"3.1";"21.2";"72.";"8.";"435.20";"0.00";"435.20"
"2018";"5";"29";"2";"10";"3563";"92.";"2.7";"23.4";"67.";"8.";"481.87";"0.00";"481.87"
"2018";"5";"29";"2";"11";"3564";"87.";"3.1";"25.3";"60.";"5.";"632.47";"308.91";"384.90"
"2018";"5";"29";"2";"12";"3565";"91.";"3.4";"26.7";"53.";"7.";"552.57";"104.09";"469.14"
"2018";"5";"29";"2";"13";"3566";"108.";"2.4";"27.3";"49.";"7.";"527.26";"104.13";"447.32"
"2018";"5";"29";"2";"14";"3567";"199.";"1.0";"26.3";"53.";"3.";"614.78";"527.26";"244.23"
"2018";"5";"29";"2";"15";"3568";"260.";"2.7";"25.7";"60.";"4.";"476.72";"371.31";"249.91"
"2018";"5";"29";"2";"16";"3569";"292.";"1.3";"24.4";"67.";"8.";"273.26";"0.00";"273.26"
"2018";"5";"29";"2";"17";"3570";"335.";"1.3";"23.4";"71.";"8.";"180.12";"0.00";"180.12"
"2018";"5";"29";"2";"18";"3571";"14.";"1.6";"21.8";"73.";"8.";"50.32";"0.00";"50.32"
"2018";"5";"29";"2";"19";"3572";"39.";"2.0";"21.0";"74.";"4.";"2.24";"7.46";"1.36"
"2018";"5";"29";"2";"20";"3573";"27.";"2.1";"20.5";"75.";"7.";"0.00";"0.00";"0.00"
"2018";"5";"29";"2";"21";"3574";"54.";"3.1";"20.5";"74.";"7.";"0.00";"0.00";"0.00"
"2018";"5";"29";"2";"22";"3575";"69.";"4.0";"19.8";"73.";"0.";"0.00";"0.00";"0.00"
"2018";"5";"29";"2";"23";"3576";"87.";"3.2";"19.0";"76.";"0.";"0.00";"0.00";"0.00"
"2018";"5";"30";"3";"0";"3577";"111.";"2.3";"18.0";"82.";"0.";"0.00";"0.00";"0.00"
"2018";"5";"30";"3";"1";"3578";"104.";"2.5";"16.7";"83.";"0.";"0.00";"0.00";"0.00"
"2018";"5";"30";"3";"2";"3579";"87.";"2.1";"16.3";"83.";"0.";"0.00";"0.00";"0.00"
"2018";"5";"30";"3";"3";"3580";"77.";"1.8";"16.2";"85.";"1.";"0.00";"0.00";"0.00"
"2018";"5";"30";"3";"4";"3581";"63.";"2.0";"16.7";"83.";"0.";"16.09";"82.17";"6.27"
"2018";"5";"30";"3";"5";"3582";"79.";"2.4";"18.7";"75.";"0.";"152.01";"437.77";"44.78"
"2018";"5";"30";"3";"6";"3583";"74.";"2.1";"21.2";"65.";"0.";"303.75";"591.27";"82.12"
"2018";"5";"30";"3";"7";"3584";"70.";"2.6";"23.4";"56.";"0.";"463.25";"747.32";"89.39"
"2018";"5";"30";"3";"8";"3585";"78.";"3.6";"25.0";"47.";"0.";"609.97";"841.51";"94.34"
"2018";"5";"30";"3";"9";"3586";"88.";"4.1";"26.4";"40.";"0.";"716.00";"811.49";"144.23"
"2018";"5";"30";"3";"10";"3587";"94.";"4.4";"27.4";"35.";"0.";"806.41";"875.55";"132.65"
"2018";"5";"30";"3";"11";"3588";"103.";"3.2";"28.2";"32.";"6.";"612.17";"216.84";"438.02"
"2018";"5";"30";"3";"12";"3589";"113.";"2.3";"29.3";"29.";"0.";"852.93";"898.41";"131.39"
"2018";"5";"30";"3";"13";"3590";"113.";"1.4";"29.8";"31.";"0.";"800.04";"844.79";"149.96"
"2018";"5";"30";"3";"14";"3591";"102.";"0.3";"29.2";"31.";"0.";"718.87";"811.19";"147.31"
"2018";"5";"30";"3";"15";"3592";"13.";"0.8";"29.1";"33.";"0.";"607.85";"799.24";"118.11"
"2018";"5";"30";"3";"16";"3593";"26.";"1.1";"28.4";"34.";"1.";"447.25";"628.67";"132.74"
"2018";"5";"30";"3";"17";"3594";"45.";"1.8";"27.9";"35.";"0.";"317.47";"644.50";"75.90"
"2018";"5";"30";"3";"18";"3595";"31.";"2.0";"26.9";"39.";"0.";"160.54";"468.82";"45.70"
"2018";"5";"30";"3";"19";"3596";"29.";"2.3";"25.6";"48.";"0.";"15.65";"83.80";"5.64"
"2018";"5";"30";"3";"20";"3597";"60.";"2.3";"23.7";"55.";"0.";"0.00";"0.00";"0.00"
"2018";"5";"30";"3";"21";"3598";"76.";"2.5";"21.4";"63.";"0.";"0.00";"0.00";"0.00"
"2018";"5";"30";"3";"22";"3599";"121.";"2.6";"20.3";"66.";"0.";"0.00";"0.00";"0.00"
"2018";"5";"30";"3";"23";"3600";"115.";"3.3";"20.6";"67.";"0.";"0.00";"0.00";"0.00"
"2018";"5";"31";"4";"0";"3601";"115.";"2.7";"19.9";"68.";"0.";"0.00";"0.00";"0.00"
"2018";"5";"31";"4";"1";"3602";"117.";"2.7";"18.8";"72.";"0.";"0.00";"0.00";"0.00"
"2018";"5";"31";"4";"2";"3603";"106.";"2.7";"17.0";"75.";"0.";"0.00";"0.00";"0.00"
"2018";"5";"31";"4";"3";"3604";"109.";"2.1";"16.8";"75.";"0.";"0.00";"0.00";"0.00"
"2018";"5";"31";"4";"4";"3605";"104.";"2.7";"18.3";"71.";"0.";"21.82";"111.06";"8.28"
"2018";"5";"31";"4";"5";"3606";"104.";"3.7";"19.3";"62.";"0.";"165.19";"501.50";"41.23"
"2018";"5";"31";"4";"6";"3607";"101.";"4.3";"20.4";"51.";"0.";"327.36";"695.20";"65.34"
"2018";"5";"31";"4";"7";"3608";"99.";"4.2";"21.8";"47.";"0.";"479.20";"776.67";"89.14"
"2018";"5";"31";"4";"8";"3609";"95.";"4.1";"23.7";"42.";"0.";"616.74";"827.25";"108.32"
"2018";"5";"31";"4";"9";"3610";"90.";"4.2";"25.3";"37.";"0.";"732.02";"867.34";"119.40"
"2018";"5";"31";"4";"10";"3611";"87.";"4.1";"26.8";"32.";"0.";"815.25";"894.00";"125.82"
"2018";"5";"31";"4";"11";"3612";"87.";"3.2";"27.0";"30.";"0.";"858.63";"904.26";"130.92"
"2018";"5";"31";"4";"12";"3613";"90.";"2.7";"27.6";"29.";"0.";"862.22";"924.42";"118.29"
"2018";"5";"31";"4";"13";"3614";"88.";"2.1";"28.5";"27.";"0.";"816.52";"890.42";"129.85"
"2018";"5";"31";"4";"14";"3615";"82.";"2.5";"28.7";"27.";"0.";"731.90";"847.42";"133.36"
"2018";"5";"31";"4";"15";"3616";"61.";"1.7";"28.9";"28.";"0.";"625.15";"867.09";"92.26"
"2018";"5";"31";"4";"16";"3617";"34.";"1.5";"28.5";"28.";"0.";"482.55";"776.21";"92.72"
"2018";"5";"31";"4";"17";"3618";"50.";"2.1";"28.1";"28.";"0.";"332.15";"703.02";"67.18"
"2018";"5";"31";"4";"18";"3619";"77.";"1.3";"26.7";"31.";"0.";"175.12";"521.48";"46.22"
"2018";"5";"31";"4";"19";"3620";"129.";"2.0";"24.5";"42.";"0.";"30.60";"162.47";"10.80"
"2018";"5";"31";"4";"20";"3621";"124.";"2.2";"20.7";"57.";"0.";"0.00";"0.00";"0.00"
"2018";"5";"31";"4";"21";"3622";"118.";"3.3";"19.9";"58.";"0.";"0.00";"0.00";"0.00"
"2018";"5";"31";"4";"22";"3623";"136.";"4.0";"20.4";"51.";"0.";"0.00";"0.00";"0.00"
"2018";"5";"31";"4";"23";"3624";"148.";"3.5";"18.9";"56.";"0.";"0.00";"0.00";"0.00"
"2018";"6";"1";"5";"0";"3625";"155.";"2.7";"17.6";"61.";"0.";"0.00";"0.00";"0.00"
"2018";"6";"1";"5";"1";"3626";"155.";"2.0";"16.6";"65.";"0.";"0.00";"0.00";"0.00"
"2018";"6";"1";"5";"2";"3627";"152.";"1.7";"15.5";"73.";"0.";"0.00";"0.00";"0.00"
"2018";"6";"1";"5";"3";"3628";"147.";"1.8";"14.9";"74.";"0.";"0.00";"0.00";"0.00"
"2018";"6";"1";"5";"4";"3629";"146.";"2.0";"15.7";"71.";"0.";"34.54";"180.86";"12.09"
"2018";"6";"1";"5";"5";"3630";"146.";"2.1";"17.4";"65.";"0.";"172.04";"528.79";"40.21"
"2018";"6";"1";"5";"6";"3631";"144.";"1.4";"19.0";"56.";"0.";"329.03";"691.90";"66.86"
"2018";"6";"1";"5";"7";"3632";"168.";"0.6";"20.5";"51.";"0.";"482.33";"786.44";"85.89"
"2018";"6";"1";"5";"8";"3633";"120.";"0.1";"21.9";"47.";"0.";"620.96";"844.21";"100.65"
"2018";"6";"1";"5";"9";"3634";"80.";"1.1";"23.3";"44.";"0.";"728.34";"844.67";"130.34"
"2018";"6";"1";"5";"10";"3635";"284.";"1.3";"25.0";"41.";"0.";"813.88";"901.75";"117.04"
"2018";"6";"1";"5";"11";"3636";"297.";"1.6";"25.9";"40.";"0.";"853.00";"902.13";"125.60"
"2018";"6";"1";"5";"12";"3637";"290.";"3.4";"24.9";"40.";"0.";"819.07";"728.88";"231.36"
"2018";"6";"1";"5";"13";"3638";"297.";"4.0";"25.5";"41.";"0.";"792.77";"794.67";"178.67"
"2018";"6";"1";"5";"14";"3639";"309.";"3.6";"25.6";"41.";"0.";"725.31";"840.65";"130.16"
"2018";"6";"1";"5";"15";"3640";"316.";"3.6";"25.4";"41.";"0.";"616.28";"829.98";"104.74"
"2018";"6";"1";"5";"16";"3641";"317.";"3.9";"24.8";"42.";"0.";"477.29";"764.81";"91.75"
"2018";"6";"1";"5";"17";"3642";"319.";"3.7";"24.7";"43.";"0.";"325.29";"686.68";"65.10"
"2018";"6";"1";"5";"18";"3643";"315.";"3.1";"23.6";"48.";"0.";"166.79";"500.38";"42.04"
"2018";"6";"1";"5";"19";"3644";"321.";"2.7";"21.7";"54.";"0.";"28.52";"149.35";"9.98"
"2018";"6";"1";"5";"20";"3645";"333.";"2.3";"19.5";"64.";"0.";"0.00";"0.00";"0.00"
"2018";"6";"1";"5";"21";"3646";"337.";"1.6";"18.4";"71.";"1.";"0.00";"0.00";"0.00"
"2018";"6";"1";"5";"22";"3647";"351.";"1.7";"16.7";"74.";"0.";"0.00";"0.00";"0.00"
"2018";"6";"1";"5";"23";"3648";"11.";"1.5";"16.1";"77.";"0.";"0.00";"0.00";"0.00"
"2018";"6";"2";"6";"0";"3649";"33.";"1.3";"15.0";"81.";"0.";"0.00";"0.00";"0.00"
"2018";"6";"2";"6";"1";"3650";"37.";"1.2";"14.3";"82.";"0.";"0.00";"0.00";"0.00"
"2018";"6";"2";"6";"2";"3651";"64.";"1.3";"14.6";"83.";"0.";"0.00";"0.00";"0.00"
"2018";"6";"2";"6";"3";"3652";"58.";"1.2";"14.5";"83.";"0.";"0.00";"0.00";"0.00"
"2018";"6";"2";"6";"4";"3653";"65.";"1.6";"15.1";"80.";"0.";"32.40";"167.42";"11.25"
"2018";"6";"2";"6";"5";"3654";"73.";"1.3";"17.8";"69.";"0.";"169.54";"509.74";"41.41"
"2018";"6";"2";"6";"6";"3655";"68.";"0.8";"21.1";"61.";"0.";"320.98";"672.70";"64.80"
"2018";"6";"2";"6";"7";"3656";"25.";"0.2";"23.4";"49.";"1.";"457.73";"662.82";"122.42"
"2018";"6";"2";"6";"8";"3657";"303.";"1.3";"25.5";"40.";"0.";"617.39";"821.24";"109.86"
"2018";"6";"2";"6";"9";"3658";"298.";"2.3";"25.9";"41.";"1.";"700.82";"747.06";"170.75"
"2018";"6";"2";"6";"10";"3659";"292.";"2.9";"26.2";"40.";"1.";"783.96";"794.96";"168.44"
"2018";"6";"2";"6";"11";"3660";"287.";"3.7";"26.6";"38.";"0.";"856.96";"914.26";"118.43"
"2018";"6";"2";"6";"12";"3661";"288.";"4.0";"26.6";"39.";"0.";"858.31";"926.92";"109.55"
"2018";"6";"2";"6";"13";"3662";"289.";"4.1";"25.7";"38.";"1.";"777.10";"766.05";"183.96"
"2018";"6";"2";"6";"14";"3663";"298.";"3.5";"26.2";"36.";"0.";"734.81";"869.46";"117.89"
"2018";"6";"2";"6";"15";"3664";"302.";"3.7";"26.4";"38.";"0.";"622.34";"856.92";"92.77"
"2018";"6";"2";"6";"16";"3665";"305.";"3.6";"25.7";"41.";"0.";"478.22";"766.01";"90.71"
"2018";"6";"2";"6";"17";"3666";"315.";"3.3";"24.6";"43.";"6.";"238.28";"176.65";"171.01"
"2018";"6";"2";"6";"18";"3667";"317.";"3.2";"23.6";"45.";"1.";"169.31";"463.43";"52.82"
"2018";"6";"2";"6";"19";"3668";"314.";"3.0";"22.1";"48.";"0.";"35.96";"185.86";"12.49"
"2018";"6";"2";"6";"20";"3669";"311.";"1.9";"19.9";"60.";"2.";"0.00";"0.00";"0.00"
"2018";"6";"2";"6";"21";"3670";"284.";"1.1";"17.2";"69.";"8.";"0.00";"0.00";"0.00"
"2018";"6";"2";"6";"22";"3671";"246.";"1.0";"15.4";"77.";"3.";"0.00";"0.00";"0.00"
"2018";"6";"2";"6";"23";"3672";"228.";"0.3";"14.7";"81.";"0.";"0.00";"0.00";"0.00"
"2018";"6";"3";"7";"0";"3673";"171.";"0.9";"14.1";"84.";"0.";"0.00";"0.00";"0.00"
"2018";"6";"3";"7";"1";"3674";"188.";"1.4";"13.9";"89.";"0.";"0.00";"0.00";"0.00"
"2018";"6";"3";"7";"2";"3675";"182.";"1.8";"15.1";"90.";"0.";"0.00";"0.00";"0.00"
"2018";"6";"3";"7";"3";"3676";"187.";"1.8";"15.3";"90.";"0.";"0.00";"0.00";"0.00"
"2018";"6";"3";"7";"4";"3677";"203.";"1.7";"17.4";"85.";"0.";"20.85";"107.33";"7.07"
"2018";"6";"3";"7";"5";"3678";"218.";"2.7";"19.9";"75.";"0.";"159.49";"479.26";"38.09"
"2018";"6";"3";"7";"6";"3679";"238.";"4.0";"21.5";"67.";"1.";"289.61";"538.30";"83.64"
"2018";"6";"3";"7";"7";"3680";"244.";"4.2";"21.7";"65.";"0.";"470.03";"755.51";"86.55"
"2018";"6";"3";"7";"8";"3681";"243.";"3.8";"22.3";"64.";"0.";"601.39";"774.80";"121.33"
"2018";"6";"3";"7";"9";"3682";"249.";"3.6";"23.4";"60.";"0.";"718.49";"839.00";"121.92"
"2018";"6";"3";"7";"10";"3683";"252.";"3.6";"24.2";"56.";"0.";"788.94";"804.80";"164.64"
"2018";"6";"3";"7";"11";"3684";"256.";"3.6";"24.5";"54.";"0.";"837.62";"848.93";"150.68"
"2018";"6";"3";"7";"12";"3685";"267.";"3.7";"25.2";"51.";"0.";"838.78";"851.79";"149.51"
"2018";"6";"3";"7";"13";"3686";"272.";"3.6";"25.8";"47.";"0.";"802.48";"859.30";"135.91"
"2018";"6";"3";"7";"14";"3687";"272.";"3.4";"25.4";"47.";"0.";"725.01";"847.59";"122.32"
"2018";"6";"3";"7";"15";"3688";"268.";"3.7";"25.2";"48.";"0.";"608.58";"791.79";"118.00"
"2018";"6";"3";"7";"16";"3689";"267.";"3.8";"25.0";"49.";"0.";"474.57";"764.80";"86.37"
"2018";"6";"3";"7";"17";"3690";"259.";"3.6";"24.6";"50.";"0.";"320.20";"651.89";"70.76"
"2018";"6";"3";"7";"18";"3691";"257.";"3.9";"23.3";"51.";"0.";"168.90";"497.43";"42.90"
"2018";"6";"3";"7";"19";"3692";"250.";"4.4";"22.1";"56.";"0.";"28.44";"143.29";"10.05"
"2018";"6";"3";"7";"20";"3693";"246.";"5.0";"20.9";"62.";"0.";"0.00";"0.00";"0.00"
"2018";"6";"3";"7";"21";"3694";"234.";"3.7";"20.0";"68.";"0.";"0.00";"0.00";"0.00"
"2018";"6";"3";"7";"22";"3695";"231.";"4.3";"19.3";"74.";"0.";"0.00";"0.00";"0.00"
"2018";"6";"3";"7";"23";"3696";"235.";"4.7";"18.6";"76.";"0.";"0.00";"0.00";"0.00"
"2018";"6";"4";"1";"0";"3697";"222.";"3.6";"17.9";"81.";"0.";"0.00";"0.00";"0.00"
"2018";"6";"4";"1";"1";"3698";"224.";"3.7";"17.5";"85.";"5.";"0.00";"0.00";"0.00"
"2018";"6";"4";"1";"2";"3699";"236.";"3.6";"17.4";"86.";"4.";"0.00";"0.00";"0.00"
"2018";"6";"4";"1";"3";"3700";"243.";"3.6";"17.4";"86.";"4.";"0.00";"0.00";"0.00"
"2018";"6";"4";"1";"4";"3701";"257.";"4.3";"18.1";"85.";"6.";"9.34";"17.43";"7.07"
"2018";"6";"4";"1";"5";"3702";"270.";"4.1";"18.6";"85.";"5.";"88.11";"118.83";"57.79"
"2018";"6";"4";"1";"6";"3703";"299.";"3.4";"19.5";"85.";"6.";"143.37";"98.35";"105.57"
"2018";"6";"4";"1";"7";"3704";"329.";"2.0";"20.4";"79.";"8.";"130.10";"0.00";"130.10"
"2018";"6";"4";"1";"8";"3705";"323.";"1.6";"21.9";"72.";"6.";"289.18";"149.75";"196.17"
"2018";"6";"4";"1";"9";"3706";"326.";"1.4";"23.0";"68.";"4.";"467.55";"322.12";"238.05"
"2018";"6";"4";"1";"10";"3707";"358.";"2.0";"24.7";"59.";"7.";"317.62";"91.97";"246.15"
"2018";"6";"4";"1";"11";"3708";"9.";"3.2";"24.9";"54.";"4.";"561.16";"367.31";"263.44"
"2018";"6";"4";"1";"12";"3709";"8.";"3.5";"25.0";"51.";"2.";"746.78";"557.73";"294.72"
"2018";"6";"4";"1";"13";"3710";"358.";"3.4";"25.4";"47.";"0.";"796.47";"815.63";"162.65"
"2018";"6";"4";"1";"14";"3711";"342.";"3.4";"25.5";"43.";"2.";"667.14";"622.84";"223.38"
"2018";"6";"4";"1";"15";"3712";"336.";"3.0";"25.8";"37.";"3.";"568.24";"512.03";"250.21"
"2018";"6";"4";"1";"16";"3713";"349.";"2.5";"25.5";"36.";"2.";"444.82";"578.29";"150.36"
"2018";"6";"4";"1";"17";"3714";"12.";"1.7";"24.8";"35.";"0.";"339.49";"704.44";"68.71"
"2018";"6";"4";"1";"18";"3715";"62.";"1.6";"23.9";"34.";"0.";"188.08";"557.74";"45.77"
"2018";"6";"4";"1";"19";"3716";"80.";"2.5";"22.2";"37.";"0.";"52.06";"262.71";"17.82"
"2018";"6";"4";"1";"20";"3717";"77.";"2.4";"20.3";"43.";"0.";"0.00";"0.00";"0.00"
"2018";"6";"4";"1";"21";"3718";"76.";"2.9";"17.6";"49.";"3.";"0.00";"0.00";"0.00"
"2018";"6";"4";"1";"22";"3719";"63.";"2.6";"16.5";"48.";"5.";"0.00";"0.00";"0.00"
"2018";"6";"4";"1";"23";"3720";"51.";"4.0";"16.7";"45.";"5.";"0.00";"0.00";"0.00"
"2018";"6";"5";"2";"0";"3721";"50.";"5.6";"16.3";"42.";"7.";"0.00";"0.00";"0.00"
"2018";"6";"5";"2";"1";"3722";"50.";"6.5";"15.3";"41.";"5.";"0.00";"0.00";"0.00"
"2018";"6";"5";"2";"2";"3723";"46.";"6.2";"13.9";"41.";"2.";"0.00";"0.00";"0.00"
"2018";"6";"5";"2";"3";"3724";"48.";"6.7";"12.9";"42.";"1.";"0.00";"0.00";"0.00"
"2018";"6";"5";"2";"4";"3725";"47.";"6.5";"12.1";"44.";"1.";"66.59";"303.83";"26.42"
"2018";"6";"5";"2";"5";"3726";"52.";"7.1";"12.0";"46.";"1.";"191.91";"483.74";"67.62"
"2018";"6";"5";"2";"6";"3727";"47.";"6.3";"12.2";"44.";"1.";"340.46";"627.06";"98.40"
"2018";"6";"5";"2";"7";"3728";"49.";"6.0";"13.1";"40.";"0.";"513.24";"846.10";"81.11"
"2018";"6";"5";"2";"8";"3729";"48.";"4.9";"14.1";"35.";"2.";"594.10";"662.04";"181.95"
"2018";"6";"5";"2";"9";"3730";"51.";"4.5";"15.0";"32.";"1.";"761.47";"785.38";"200.85"
"2018";"6";"5";"2";"10";"3731";"43.";"4.0";"16.0";"29.";"1.";"806.19";"782.73";"196.92"
"2018";"6";"5";"2";"11";"3732";"34.";"3.9";"17.0";"26.";"0.";"888.06";"947.42";"118.95"
"2018";"6";"5";"2";"12";"3733";"39.";"4.1";"17.6";"26.";"0.";"885.53";"936.18";"125.55"
"2018";"6";"5";"2";"13";"3734";"36.";"3.2";"18.1";"25.";"0.";"847.74";"948.71";"109.28"
"2018";"6";"5";"2";"14";"3735";"54.";"2.9";"18.7";"25.";"1.";"734.80";"797.32";"165.65"
"2018";"6";"5";"2";"15";"3736";"48.";"2.1";"18.8";"26.";"1.";"626.18";"775.03";"143.70"
"2018";"6";"5";"2";"16";"3737";"14.";"1.4";"18.6";"29.";"3.";"454.90";"534.51";"181.91"
"2018";"6";"5";"2";"17";"3738";"45.";"1.4";"18.6";"30.";"0.";"358.72";"755.82";"66.95"
"2018";"6";"5";"2";"18";"3739";"75.";"1.8";"17.9";"30.";"0.";"203.54";"585.81";"53.03"
"2018";"6";"5";"2";"19";"3740";"90.";"2.4";"16.4";"33.";"0.";"69.70";"347.91";"23.70"
"2018";"6";"5";"2";"20";"3741";"106.";"2.1";"14.6";"41.";"0.";"0.00";"0.00";"0.00"
"2018";"6";"5";"2";"21";"3742";"107.";"2.5";"12.8";"48.";"3.";"0.00";"0.00";"0.00"
"2018";"6";"5";"2";"22";"3743";"104.";"2.5";"11.7";"52.";"6.";"0.00";"0.00";"0.00"
"2018";"6";"5";"2";"23";"3744";"97.";"2.4";"12.0";"52.";"6.";"0.00";"0.00";"0.00"
"2018";"6";"6";"3";"0";"3745";"91.";"2.1";"12.7";"52.";"6.";"0.00";"0.00";"0.00"
"2018";"6";"6";"3";"1";"3746";"100.";"2.1";"11.9";"55.";"8.";"0.00";"0.00";"0.00"
"2018";"6";"6";"3";"2";"3747";"107.";"2.5";"12.2";"57.";"8.";"0.00";"0.00";"0.00"
"2018";"6";"6";"3";"3";"3748";"113.";"2.2";"12.7";"56.";"8.";"0.00";"0.00";"0.00"
"2018";"6";"6";"3";"4";"3749";"121.";"2.5";"12.7";"55.";"8.";"39.48";"0.00";"39.48"
"2018";"6";"6";"3";"5";"3750";"119.";"2.8";"13.7";"53.";"8.";"126.23";"0.00";"126.23"
"2018";"6";"6";"3";"6";"3751";"123.";"2.8";"14.5";"58.";"7.";"240.49";"92.82";"204.52"
"2018";"6";"6";"3";"7";"3752";"141.";"2.2";"15.3";"65.";"5.";"393.23";"310.42";"234.23"
"2018";"6";"6";"3";"8";"3753";"152.";"3.0";"16.5";"68.";"8.";"391.48";"0.00";"391.48"
"2018";"6";"6";"3";"9";"3754";"170.";"3.2";"17.8";"68.";"8.";"223.77";"0.00";"223.77"
"2018";"6";"6";"3";"10";"3755";"179.";"3.9";"17.8";"68.";"7.";"333.59";"107.56";"249.74"
"2018";"6";"6";"3";"11";"3756";"180.";"4.1";"19.0";"63.";"8.";"261.63";"0.00";"261.63"
"2018";"6";"6";"3";"12";"3757";"207.";"4.1";"20.1";"60.";"5.";"508.65";"313.88";"253.47"
"2018";"6";"6";"3";"13";"3758";"216.";"4.2";"20.4";"57.";"2.";"697.33";"671.90";"173.52"
"2018";"6";"6";"3";"14";"3759";"217.";"3.8";"20.2";"56.";"1.";"675.32";"708.44";"168.71"
"2018";"6";"6";"3";"15";"3760";"221.";"3.9";"20.4";"54.";"1.";"578.86";"717.80";"131.03"
"2018";"6";"6";"3";"16";"3761";"224.";"3.7";"20.3";"54.";"3.";"376.85";"481.90";"130.03"
"2018";"6";"6";"3";"17";"3762";"227.";"3.5";"20.2";"54.";"2.";"287.09";"518.85";"86.00"
"2018";"6";"6";"3";"18";"3763";"228.";"3.2";"19.6";"56.";"3.";"141.29";"338.59";"53.73"
"2018";"6";"6";"3";"19";"3764";"221.";"2.5";"18.4";"63.";"1.";"38.86";"181.03";"14.60"
"2018";"6";"6";"3";"20";"3765";"211.";"2.0";"16.9";"72.";"0.";"0.00";"0.00";"0.00"
"2018";"6";"6";"3";"21";"3766";"208.";"2.1";"16.1";"79.";"8.";"0.00";"0.00";"0.00"
"2018";"6";"6";"3";"22";"3767";"195.";"1.9";"15.5";"83.";"6.";"0.00";"0.00";"0.00"
"2018";"6";"6";"3";"23";"3768";"189.";"2.2";"15.2";"84.";"7.";"0.00";"0.00";"0.00"
"2018";"6";"7";"4";"0";"3769";"192.";"2.5";"14.9";"83.";"6.";"0.00";"0.00";"0.00"
"2018";"6";"7";"4";"1";"3770";"206.";"2.7";"15.0";"83.";"7.";"0.00";"0.00";"0.00"
"2018";"6";"7";"4";"2";"3771";"218.";"2.7";"14.5";"83.";"0.";"0.00";"0.00";"0.00"
"2018";"6";"7";"4";"3";"3772";"219.";"2.8";"14.7";"84.";"0.";"0.00";"0.00";"0.00"
"2018";"6";"7";"4";"4";"3773";"216.";"2.7";"16.6";"81.";"7.";"14.35";"21.64";"11.41"
"2018";"6";"7";"4";"5";"3774";"213.";"3.0";"17.7";"77.";"0.";"173.04";"494.69";"44.34"
"2018";"6";"7";"4";"6";"3775";"220.";"3.8";"19.2";"67.";"4.";"229.08";"344.31";"95.12"
"2018";"6";"7";"4";"7";"3776";"217.";"4.3";"20.2";"61.";"0.";"484.58";"770.49";"88.90"
"2018";"6";"7";"4";"8";"3777";"214.";"4.5";"20.3";"59.";"0.";"616.18";"781.04";"127.90"
"2018";"6";"7";"4";"9";"3778";"209.";"3.8";"21.0";"56.";"4.";"505.45";"421.28";"203.68"
"2018";"6";"7";"4";"10";"3779";"211.";"3.9";"21.4";"55.";"8.";"505.16";"0.00";"505.16"
"2018";"6";"7";"4";"11";"3780";"210.";"4.6";"21.6";"54.";"4.";"589.88";"440.60";"231.18"
"2018";"6";"7";"4";"12";"3781";"205.";"4.1";"22.0";"50.";"3.";"659.09";"535.96";"222.76"
"2018";"6";"7";"4";"13";"3782";"206.";"4.6";"22.6";"45.";"7.";"555.50";"114.64";"465.99"
"2018";"6";"7";"4";"14";"3783";"204.";"4.6";"22.4";"40.";"7.";"499.00";"106.31";"422.85"
"2018";"6";"7";"4";"15";"3784";"204.";"5.2";"22.0";"42.";"2.";"580.12";"643.71";"177.69"
"2018";"6";"7";"4";"16";"3785";"201.";"5.1";"22.1";"45.";"2.";"445.74";"560.36";"157.97"
"2018";"6";"7";"4";"17";"3786";"200.";"4.4";"21.6";"46.";"1.";"326.55";"608.71";"89.73"
"2018";"6";"7";"4";"18";"3787";"197.";"3.8";"20.8";"48.";"2.";"171.60";"414.43";"63.79"
"2018";"6";"7";"4";"19";"3788";"198.";"3.2";"19.7";"53.";"2.";"43.21";"175.95";"19.34"
"2018";"6";"7";"4";"20";"3789";"183.";"2.3";"18.2";"61.";"0.";"0.00";"0.00";"0.00"
"2018";"6";"7";"4";"21";"3790";"180.";"2.5";"16.8";"69.";"6.";"0.00";"0.00";"0.00"
"2018";"6";"7";"4";"22";"3791";"186.";"2.8";"16.1";"74.";"7.";"0.00";"0.00";"0.00"
"2018";"6";"7";"4";"23";"3792";"186.";"2.6";"15.8";"78.";"2.";"0.00";"0.00";"0.00"
"2018";"6";"8";"5";"0";"3793";"185.";"2.5";"15.4";"81.";"0.";"0.00";"0.00";"0.00"
"2018";"6";"8";"5";"1";"3794";"181.";"2.1";"13.7";"85.";"0.";"0.00";"0.00";"0.00"
"2018";"6";"8";"5";"2";"3795";"181.";"1.5";"13.4";"88.";"0.";"0.00";"0.00";"0.00"
"2018";"6";"8";"5";"3";"3796";"159.";"1.3";"13.3";"90.";"0.";"0.00";"0.00";"0.00"
"2018";"6";"8";"5";"4";"3797";"160.";"1.3";"15.4";"88.";"0.";"37.00";"179.50";"12.37"
"2018";"6";"8";"5";"5";"3798";"178.";"1.7";"17.9";"79.";"0.";"172.60";"492.64";"43.71"
"2018";"6";"8";"5";"6";"3799";"186.";"2.2";"19.9";"70.";"0.";"326.84";"657.18";"70.26"
"2018";"6";"8";"5";"7";"3800";"210.";"2.7";"21.6";"63.";"0.";"475.75";"728.49";"100.70"
"2018";"6";"8";"5";"8";"3801";"215.";"2.6";"22.9";"55.";"0.";"615.78";"793.38";"118.83"
"2018";"6";"8";"5";"9";"3802";"234.";"2.2";"23.3";"48.";"0.";"728.79";"810.84";"147.07"
"2018";"6";"8";"5";"10";"3803";"251.";"2.1";"24.1";"43.";"0.";"809.03";"827.06";"162.40"
"2018";"6";"8";"5";"11";"3804";"254.";"2.5";"24.3";"40.";"1.";"828.72";"794.93";"180.72"
"2018";"6";"8";"5";"12";"3805";"251.";"3.1";"24.9";"37.";"0.";"859.87";"870.78";"150.04"
"2018";"6";"8";"5";"13";"3806";"258.";"2.9";"24.5";"38.";"2.";"743.38";"627.86";"252.49"
"2018";"6";"8";"5";"14";"3807";"265.";"3.0";"25.3";"36.";"0.";"743.64";"865.83";"122.46"
"2018";"6";"8";"5";"15";"3808";"276.";"2.8";"25.5";"32.";"3.";"548.28";"509.69";"229.02"
"2018";"6";"8";"5";"16";"3809";"289.";"2.8";"25.1";"34.";"0.";"497.35";"787.38";"91.98"
"2018";"6";"8";"5";"17";"3810";"305.";"2.6";"24.8";"35.";"0.";"344.81";"694.06";"73.83"
"2018";"6";"8";"5";"18";"3811";"317.";"2.9";"23.9";"37.";"0.";"191.34";"546.96";"48.24"
"2018";"6";"8";"5";"19";"3812";"334.";"2.4";"22.1";"44.";"0.";"51.75";"251.05";"17.29"
"2018";"6";"8";"5";"20";"3813";"329.";"1.5";"19.7";"56.";"0.";"0.00";"0.00";"0.00"
"2018";"6";"8";"5";"21";"3814";"350.";"1.0";"16.6";"64.";"2.";"0.00";"0.00";"0.00"
"2018";"6";"8";"5";"22";"3815";"26.";"0.8";"14.9";"70.";"4.";"0.00";"0.00";"0.00"
"2018";"6";"8";"5";"23";"3816";"78.";"0.8";"13.8";"74.";"7.";"0.00";"0.00";"0.00"
"2018";"6";"9";"6";"0";"3817";"91.";"1.0";"12.7";"78.";"7.";"0.00";"0.00";"0.00"
"2018";"6";"9";"6";"1";"3818";"96.";"0.3";"12.3";"80.";"7.";"0.00";"0.00";"0.00"
"2018";"6";"9";"6";"2";"3819";"93.";"0.6";"11.7";"82.";"7.";"0.00";"0.00";"0.00"
"2018";"6";"9";"6";"3";"3820";"74.";"0.6";"12.7";"82.";"3.";"0.00";"0.00";"0.00"
"2018";"6";"9";"6";"4";"3821";"81.";"0.9";"14.4";"77.";"2.";"44.75";"172.07";"20.89"
"2018";"6";"9";"6";"5";"3822";"99.";"1.4";"17.2";"69.";"8.";"122.87";"0.00";"122.87"
"2018";"6";"9";"6";"6";"3823";"121.";"1.4";"19.2";"61.";"0.";"348.08";"716.11";"67.57"
"2018";"6";"9";"6";"7";"3824";"161.";"1.2";"21.7";"51.";"0.";"490.63";"773.90";"91.27"
"2018";"6";"9";"6";"8";"3825";"183.";"1.7";"23.5";"44.";"7.";"448.21";"103.84";"383.05"
"2018";"6";"9";"6";"9";"3826";"221.";"2.1";"23.9";"46.";"5.";"589.23";"318.19";"360.61"
"2018";"6";"9";"6";"10";"3827";"227.";"2.7";"24.4";"46.";"7.";"580.20";"108.32";"495.40"
"2018";"6";"9";"6";"11";"3828";"230.";"3.3";"24.9";"46.";"8.";"573.22";"0.00";"573.22"
"2018";"6";"9";"6";"12";"3829";"230.";"3.2";"24.9";"47.";"8.";"535.99";"0.00";"535.99"
"2018";"6";"9";"6";"13";"3830";"231.";"3.1";"25.3";"44.";"2.";"750.19";"644.09";"245.96"
"2018";"6";"9";"6";"14";"3831";"234.";"2.4";"22.7";"52.";"6.";"562.56";"225.38";"400.63"
"2018";"6";"9";"6";"15";"3832";"244.";"2.9";"22.3";"53.";"8.";"444.50";"0.00";"444.50"
"2018";"6";"9";"6";"16";"3833";"222.";"1.3";"24.0";"50.";"7.";"344.70";"94.57";"295.90"
"2018";"6";"9";"6";"17";"3834";"237.";"1.4";"24.1";"45.";"3.";"307.33";"447.47";"132.05"
"2018";"6";"9";"6";"18";"3835";"242.";"1.3";"23.6";"46.";"6.";"137.70";"128.22";"103.97"
"2018";"6";"9";"6";"19";"3836";"161.";"0.5";"21.8";"54.";"5.";"33.81";"78.36";"22.94"
"2018";"6";"9";"6";"20";"3837";"185.";"0.6";"18.6";"64.";"4.";"0.00";"0.00";"0.00"
"2018";"6";"9";"6";"21";"3838";"216.";"0.8";"18.7";"71.";"8.";"0.00";"0.00";"0.00"
"2018";"6";"9";"6";"22";"3839";"144.";"0.8";"16.9";"74.";"8.";"0.00";"0.00";"0.00"
"2018";"6";"9";"6";"23";"3840";"122.";"0.7";"16.4";"76.";"4.";"0.00";"0.00";"0.00"
"2018";"6";"10";"7";"0";"3841";"122.";"1.0";"16.3";"81.";"5.";"0.00";"0.00";"0.00"
"2018";"6";"10";"7";"1";"3842";"120.";"1.1";"15.5";"83.";"6.";"0.00";"0.00";"0.00"
"2018";"6";"10";"7";"2";"3843";"120.";"1.2";"14.4";"83.";"3.";"0.00";"0.00";"0.00"
"2018";"6";"10";"7";"3";"3844";"129.";"1.8";"14.3";"83.";"8.";"0.00";"0.00";"0.00"
"2018";"6";"10";"7";"4";"3845";"129.";"1.9";"15.8";"77.";"6.";"32.89";"55.30";"25.15"
"2018";"6";"10";"7";"5";"3846";"138.";"2.3";"17.6";"70.";"7.";"126.76";"67.68";"108.87"
"2018";"6";"10";"7";"6";"3847";"155.";"2.5";"19.7";"66.";"8.";"213.09";"0.00";"213.09"
"2018";"6";"10";"7";"7";"3848";"165.";"2.3";"21.5";"60.";"6.";"361.64";"201.63";"257.37"
"2018";"6";"10";"7";"8";"3849";"180.";"2.4";"22.5";"54.";"8.";"389.99";"0.00";"389.99"
"2018";"6";"10";"7";"9";"3850";"202.";"2.9";"24.2";"54.";"5.";"581.01";"308.73";"358.89"
"2018";"6";"10";"7";"10";"3851";"219.";"3.5";"24.1";"57.";"8.";"536.65";"0.00";"536.65"
"2018";"6";"10";"7";"11";"3852";"225.";"3.2";"23.5";"54.";"8.";"533.81";"0.00";"533.81"
"2018";"6";"10";"7";"12";"3853";"236.";"4.1";"23.2";"60.";"8.";"525.16";"0.00";"525.16"
"2018";"6";"10";"7";"13";"3854";"261.";"4.0";"22.0";"65.";"7.";"547.02";"112.55";"458.81"
"2018";"6";"10";"7";"14";"3855";"270.";"5.1";"21.1";"71.";"8.";"222.76";"0.00";"222.76"
"2018";"6";"10";"7";"15";"3856";"297.";"4.1";"18.8";"79.";"8.";"181.11";"0.00";"181.11"
"2018";"6";"10";"7";"16";"3857";"294.";"2.1";"18.0";"87.";"7.";"119.20";"44.38";"96.25"
"2018";"6";"10";"7";"17";"3858";"296.";"0.4";"17.5";"93.";"7.";"77.84";"32.21";"65.19"
"2018";"6";"10";"7";"18";"3859";"303.";"1.0";"17.2";"93.";"7.";"41.31";"25.68";"34.52"
"2018";"6";"10";"7";"19";"3860";"276.";"1.6";"16.7";"94.";"7.";"6.96";"6.55";"6.04"
"2018";"6";"10";"7";"20";"3861";"272.";"3.3";"16.1";"93.";"7.";"0.00";"0.00";"0.00"
"2018";"6";"10";"7";"21";"3862";"273.";"4.6";"15.7";"92.";"7.";"0.00";"0.00";"0.00"
"2018";"6";"10";"7";"22";"3863";"266.";"4.2";"15.4";"87.";"7.";"0.00";"0.00";"0.00"
"2018";"6";"10";"7";"23";"3864";"255.";"4.2";"15.1";"83.";"7.";"0.00";"0.00";"0.00"
"2018";"6";"11";"1";"0";"3865";"248.";"4.5";"15.0";"83.";"7.";"0.00";"0.00";"0.00"
"2018";"6";"11";"1";"1";"3866";"236.";"3.6";"14.9";"83.";"7.";"0.00";"0.00";"0.00"
"2018";"6";"11";"1";"2";"3867";"239.";"4.4";"14.9";"81.";"8.";"0.00";"0.00";"0.00"
"2018";"6";"11";"1";"3";"3868";"225.";"3.7";"15.0";"80.";"8.";"0.00";"0.00";"0.00"
"2018";"6";"11";"1";"4";"3869";"233.";"4.4";"15.3";"77.";"7.";"19.83";"28.29";"15.83"
"2018";"6";"11";"1";"5";"3870";"232.";"4.6";"15.4";"77.";"7.";"76.79";"65.62";"59.37"
"2018";"6";"11";"1";"6";"3871";"237.";"6.0";"15.7";"77.";"8.";"103.44";"0.00";"103.44"
"2018";"6";"11";"1";"7";"3872";"240.";"6.7";"16.3";"73.";"8.";"150.22";"0.00";"150.22"
"2018";"6";"11";"1";"8";"3873";"242.";"7.5";"15.7";"74.";"8.";"190.07";"0.00";"190.07"
"2018";"6";"11";"1";"9";"3874";"242.";"7.1";"14.9";"78.";"8.";"121.55";"0.00";"121.55"
"2018";"6";"11";"1";"10";"3875";"238.";"7.6";"13.9";"83.";"8.";"138.05";"0.00";"138.05"
"2018";"6";"11";"1";"11";"3876";"235.";"7.7";"13.5";"90.";"8.";"141.13";"0.00";"141.13"
"2018";"6";"11";"1";"12";"3877";"240.";"7.6";"13.9";"81.";"7.";"221.87";"60.09";"172.72"
"2018";"6";"11";"1";"13";"3878";"245.";"7.1";"14.2";"78.";"8.";"142.84";"0.00";"142.84"
"2018";"6";"11";"1";"14";"3879";"252.";"6.9";"14.6";"78.";"7.";"194.86";"64.41";"148.46"
"2018";"6";"11";"1";"15";"3880";"253.";"6.6";"15.0";"80.";"8.";"185.91";"0.00";"185.91"
"2018";"6";"11";"1";"16";"3881";"253.";"6.7";"14.2";"82.";"8.";"79.11";"0.00";"79.11"
"2018";"6";"11";"1";"17";"3882";"293.";"5.7";"15.4";"82.";"8.";"57.61";"0.00";"57.61"
"2018";"6";"11";"1";"18";"3883";"304.";"5.6";"16.1";"79.";"8.";"56.49";"0.00";"56.49"
"2018";"6";"11";"1";"19";"3884";"306.";"4.8";"15.9";"83.";"3.";"33.21";"127.33";"15.21"
"2018";"6";"11";"1";"20";"3885";"297.";"3.5";"15.6";"85.";"0.";"0.00";"0.00";"0.00"
"2018";"6";"11";"1";"21";"3886";"290.";"3.8";"14.8";"89.";"1.";"0.00";"0.00";"0.00"
"2018";"6";"11";"1";"22";"3887";"287.";"3.5";"14.1";"91.";"3.";"0.00";"0.00";"0.00"
"2018";"6";"11";"1";"23";"3888";"292.";"3.2";"14.1";"92.";"4.";"0.00";"0.00";"0.00"
"2018";"6";"12";"2";"0";"3889";"297.";"3.1";"13.7";"94.";"5.";"0.00";"0.00";"0.00"
"2018";"6";"12";"2";"1";"3890";"314.";"1.8";"14.3";"93.";"8.";"0.00";"0.00";"0.00"
"2018";"6";"12";"2";"2";"3891";"349.";"1.1";"14.0";"94.";"6.";"0.00";"0.00";"0.00"
"2018";"6";"12";"2";"3";"3892";"355.";"1.7";"13.7";"93.";"8.";"0.00";"0.00";"0.00"
"2018";"6";"12";"2";"4";"3893";"19.";"2.2";"14.0";"92.";"7.";"18.70";"26.78";"14.88"
"2018";"6";"12";"2";"5";"3894";"17.";"2.7";"14.3";"89.";"7.";"78.01";"67.62";"59.98"
"2018";"6";"12";"2";"6";"3895";"26.";"2.8";"14.8";"86.";"7.";"143.43";"89.04";"108.25"
"2018";"6";"12";"2";"7";"3896";"39.";"2.4";"15.5";"81.";"7.";"202.91";"99.10";"151.47"
"2018";"6";"12";"2";"8";"3897";"40.";"2.1";"16.2";"77.";"5.";"375.91";"301.97";"185.55"
"2018";"6";"12";"2";"9";"3898";"29.";"2.1";"18.5";"66.";"5.";"444.92";"320.92";"213.47"
"2018";"6";"12";"2";"10";"3899";"345.";"1.9";"19.4";"61.";"6.";"418.34";"222.16";"243.85"
"2018";"6";"12";"2";"11";"3900";"328.";"2.4";"20.4";"59.";"5.";"514.43";"322.95";"250.04"
"2018";"6";"12";"2";"12";"3901";"307.";"3.4";"20.7";"58.";"5.";"512.22";"316.14";"253.41"
"2018";"6";"12";"2";"13";"3902";"303.";"4.0";"21.0";"57.";"2.";"693.33";"636.91";"193.07"
"2018";"6";"12";"2";"14";"3903";"300.";"4.2";"21.2";"56.";"2.";"625.06";"616.28";"180.59"
"2018";"6";"12";"2";"15";"3904";"294.";"3.8";"21.1";"55.";"1.";"579.54";"698.69";"139.11"
"2018";"6";"12";"2";"16";"3905";"294.";"3.6";"20.8";"53.";"2.";"425.39";"610.29";"108.57"
"2018";"6";"12";"2";"17";"3906";"291.";"3.2";"20.6";"52.";"0.";"344.84";"691.84";"71.53"
"2018";"6";"12";"2";"18";"3907";"297.";"2.7";"19.8";"52.";"1.";"185.48";"483.03";"56.71"
"2018";"6";"12";"2";"19";"3908";"300.";"2.0";"18.4";"57.";"0.";"53.94";"241.34";"19.55"
"2018";"6";"12";"2";"20";"3909";"304.";"1.4";"16.3";"68.";"0.";"0.00";"0.00";"0.00"
"2018";"6";"12";"2";"21";"3910";"321.";"0.8";"14.3";"78.";"1.";"0.00";"0.00";"0.00"
"2018";"6";"12";"2";"22";"3911";"301.";"0.8";"12.6";"83.";"1.";"0.00";"0.00";"0.00"
"2018";"6";"12";"2";"23";"3912";"357.";"0.3";"11.9";"85.";"1.";"0.00";"0.00";"0.00"
"2018";"6";"13";"3";"0";"3913";"328.";"0.6";"11.9";"88.";"2.";"0.00";"0.00";"0.00"
"2018";"6";"13";"3";"1";"3914";"181.";"0.2";"11.4";"89.";"1.";"0.00";"0.00";"0.00"
"2018";"6";"13";"3";"2";"3915";"124.";"0.8";"11.6";"90.";"0.";"0.00";"0.00";"0.00"
"2018";"6";"13";"3";"3";"3916";"135.";"0.6";"11.5";"91.";"3.";"0.00";"0.00";"0.00"
"2018";"6";"13";"3";"4";"3917";"231.";"0.9";"12.5";"89.";"4.";"36.32";"123.57";"18.58"
"2018";"6";"13";"3";"5";"3918";"223.";"1.6";"15.2";"82.";"1.";"173.35";"459.28";"50.46"
"2018";"6";"13";"3";"6";"3919";"228.";"2.2";"17.9";"76.";"3.";"251.43";"357.78";"109.76"
"2018";"6";"13";"3";"7";"3920";"228.";"2.8";"18.0";"73.";"8.";"144.83";"0.00";"144.83"
"2018";"6";"13";"3";"8";"3921";"224.";"2.7";"18.6";"71.";"5.";"358.49";"242.86";"205.20"
"2018";"6";"13";"3";"9";"3922";"206.";"2.8";"19.5";"69.";"5.";"431.00";"280.24";"228.68"
"2018";"6";"13";"3";"10";"3923";"211.";"3.7";"20.1";"64.";"5.";"479.68";"290.95";"250.95"
"2018";"6";"13";"3";"11";"3924";"221.";"4.3";"19.1";"65.";"1.";"789.97";"737.66";"185.54"
"2018";"6";"13";"3";"12";"3925";"227.";"4.3";"18.8";"65.";"0.";"839.72";"784.81";"196.65"
"2018";"6";"13";"3";"13";"3926";"224.";"3.8";"18.8";"61.";"2.";"688.98";"605.95";"212.61"
"2018";"6";"13";"3";"14";"3927";"226.";"4.1";"19.5";"57.";"1.";"685.10";"725.66";"161.19"
"2018";"6";"13";"3";"15";"3928";"219.";"3.4";"19.4";"57.";"0.";"624.06";"775.81";"134.38"
"2018";"6";"13";"3";"16";"3929";"189.";"2.8";"19.2";"58.";"0.";"487.32";"711.72";"117.23"
"2018";"6";"13";"3";"17";"3930";"199.";"2.4";"19.3";"58.";"1.";"313.56";"546.27";"97.25"
"2018";"6";"13";"3";"18";"3931";"251.";"2.7";"18.3";"63.";"0.";"185.97";"479.29";"57.72"
"2018";"6";"13";"3";"19";"3932";"256.";"2.7";"17.4";"71.";"4.";"32.31";"102.57";"17.58"
"2018";"6";"13";"3";"20";"3933";"249.";"5.1";"16.0";"73.";"7.";"0.00";"0.00";"0.00"
"2018";"6";"13";"3";"21";"3934";"244.";"4.7";"14.4";"75.";"5.";"0.00";"0.00";"0.00"
"2018";"6";"13";"3";"22";"3935";"242.";"4.1";"13.6";"73.";"8.";"0.00";"0.00";"0.00"
"2018";"6";"13";"3";"23";"3936";"250.";"5.3";"13.6";"71.";"6.";"0.00";"0.00";"0.00"
"2018";"6";"14";"4";"0";"3937";"249.";"5.2";"13.4";"71.";"8.";"0.00";"0.00";"0.00"
"2018";"6";"14";"4";"1";"3938";"245.";"4.5";"13.3";"70.";"8.";"0.00";"0.00";"0.00"
"2018";"6";"14";"4";"2";"3939";"238.";"4.4";"13.6";"68.";"7.";"0.00";"0.00";"0.00"
"2018";"6";"14";"4";"3";"3940";"230.";"4.8";"13.9";"67.";"8.";"0.00";"0.00";"0.00"
"2018";"6";"14";"4";"4";"3941";"234.";"4.9";"13.9";"67.";"8.";"19.72";"0.00";"19.72"
"2018";"6";"14";"4";"5";"3942";"226.";"4.4";"13.8";"65.";"7.";"83.60";"73.36";"63.90"
"2018";"6";"14";"4";"6";"3943";"225.";"4.9";"14.1";"67.";"7.";"146.12";"91.10";"109.97"
"2018";"6";"14";"4";"7";"3944";"216.";"4.4";"14.5";"69.";"7.";"206.59";"98.83";"155.12"
"2018";"6";"14";"4";"8";"3945";"203.";"5.1";"15.4";"67.";"7.";"262.17";"105.01";"195.82"
"2018";"6";"14";"4";"9";"3946";"195.";"5.7";"16.4";"67.";"6.";"376.84";"207.71";"226.74"
"2018";"6";"14";"4";"10";"3947";"189.";"6.4";"17.1";"65.";"7.";"336.58";"106.30";"252.94"
"2018";"6";"14";"4";"11";"3948";"190.";"7.1";"17.2";"70.";"7.";"344.62";"96.37";"265.60"
"2018";"6";"14";"4";"12";"3949";"188.";"7.2";"17.8";"71.";"8.";"254.14";"0.00";"254.14"
"2018";"6";"14";"4";"13";"3950";"186.";"7.2";"18.5";"68.";"7.";"323.35";"89.68";"252.79"
"2018";"6";"14";"4";"14";"3951";"186.";"7.6";"19.2";"67.";"6.";"367.56";"191.24";"229.36"
"2018";"6";"14";"4";"15";"3952";"189.";"8.0";"19.8";"65.";"8.";"184.41";"0.00";"184.41"
"2018";"6";"14";"4";"16";"3953";"199.";"8.3";"19.2";"64.";"6.";"245.96";"175.32";"154.66"
"2018";"6";"14";"4";"17";"3954";"217.";"8.6";"17.4";"72.";"8.";"54.32";"0.00";"54.32"
"2018";"6";"14";"4";"18";"3955";"226.";"8.9";"14.7";"90.";"8.";"29.83";"0.00";"29.83"
"2018";"6";"14";"4";"19";"3956";"207.";"8.8";"14.5";"88.";"7.";"10.84";"8.43";"9.62"
"2018";"6";"14";"4";"20";"3957";"215.";"8.9";"14.9";"89.";"8.";"0.00";"0.00";"0.00"
"2018";"6";"14";"4";"21";"3958";"225.";"8.2";"15.1";"88.";"8.";"0.00";"0.00";"0.00"
"2018";"6";"14";"4";"22";"3959";"230.";"7.1";"15.2";"84.";"2.";"0.00";"0.00";"0.00"
"2018";"6";"14";"4";"23";"3960";"235.";"6.4";"14.9";"82.";"4.";"0.00";"0.00";"0.00"
"2018";"6";"15";"5";"0";"3961";"244.";"6.4";"14.7";"80.";"4.";"0.00";"0.00";"0.00"
"2018";"6";"15";"5";"1";"3962";"255.";"5.9";"14.0";"77.";"6.";"0.00";"0.00";"0.00"
"2018";"6";"15";"5";"2";"3963";"262.";"4.7";"13.4";"74.";"0.";"0.00";"0.00";"0.00"
"2018";"6";"15";"5";"3";"3964";"266.";"3.6";"13.2";"73.";"0.";"0.00";"0.00";"0.00"
"2018";"6";"15";"5";"4";"3965";"259.";"3.6";"13.8";"72.";"1.";"53.68";"196.06";"25.18"
"2018";"6";"15";"5";"5";"3966";"241.";"3.9";"15.1";"69.";"4.";"131.04";"229.81";"69.16"
"2018";"6";"15";"5";"6";"3967";"233.";"4.5";"15.3";"73.";"5.";"196.76";"192.62";"120.18"
"2018";"6";"15";"5";"7";"3968";"240.";"5.0";"15.4";"74.";"8.";"143.30";"0.00";"143.30"
"2018";"6";"15";"5";"8";"3969";"245.";"4.9";"16.0";"70.";"5.";"363.36";"244.57";"208.66"
"2018";"6";"15";"5";"9";"3970";"250.";"4.6";"16.6";"64.";"2.";"605.40";"503.47";"241.25"
"2018";"6";"15";"5";"10";"3971";"250.";"4.3";"17.2";"60.";"4.";"550.90";"371.13";"258.68"
"2018";"6";"15";"5";"11";"3972";"247.";"4.8";"18.0";"58.";"5.";"506.88";"288.54";"270.11"
"2018";"6";"15";"5";"12";"3973";"245.";"4.6";"17.9";"57.";"6.";"434.52";"204.45";"266.75"
"2018";"6";"15";"5";"13";"3974";"244.";"4.3";"17.8";"56.";"8.";"246.49";"0.00";"246.49"
"2018";"6";"15";"5";"14";"3975";"249.";"4.1";"17.8";"54.";"7.";"302.54";"97.98";"231.68"
"2018";"6";"15";"5";"15";"3976";"249.";"4.2";"17.8";"54.";"6.";"325.05";"207.71";"193.67"
"2018";"6";"15";"5";"16";"3977";"261.";"4.1";"17.6";"53.";"3.";"387.95";"479.02";"138.15"
"2018";"6";"15";"5";"17";"3978";"264.";"3.1";"17.0";"54.";"6.";"181.17";"179.57";"109.78"
"2018";"6";"15";"5";"18";"3979";"269.";"2.3";"16.2";"56.";"8.";"62.65";"0.00";"62.65"
"2018";"6";"15";"5";"19";"3980";"261.";"1.4";"15.9";"58.";"8.";"39.66";"0.00";"39.66"
"2018";"6";"15";"5";"20";"3981";"221.";"0.9";"14.6";"65.";"8.";"0.00";"0.00";"0.00"
"2018";"6";"15";"5";"21";"3982";"192.";"1.1";"14.4";"69.";"7.";"0.00";"0.00";"0.00"
"2018";"6";"15";"5";"22";"3983";"212.";"0.9";"14.0";"72.";"8.";"0.00";"0.00";"0.00"
"2018";"6";"15";"5";"23";"3984";"141.";"1.0";"13.8";"75.";"8.";"0.00";"0.00";"0.00"
"2018";"6";"16";"6";"0";"3985";"150.";"1.3";"13.4";"76.";"8.";"0.00";"0.00";"0.00"
"2018";"6";"16";"6";"1";"3986";"178.";"1.2";"12.8";"79.";"8.";"0.00";"0.00";"0.00"
"2018";"6";"16";"6";"2";"3987";"211.";"1.2";"12.6";"80.";"7.";"0.00";"0.00";"0.00"
"2018";"6";"16";"6";"3";"3988";"245.";"1.5";"13.1";"79.";"8.";"0.00";"0.00";"0.00"
"2018";"6";"16";"6";"4";"3989";"242.";"1.7";"13.9";"76.";"8.";"39.13";"0.00";"39.13"
"2018";"6";"16";"6";"5";"3990";"247.";"2.4";"14.9";"71.";"8.";"132.15";"0.00";"132.15"
"2018";"6";"16";"6";"6";"3991";"252.";"3.2";"16.4";"65.";"8.";"215.26";"0.00";"215.26"
"2018";"6";"16";"6";"7";"3992";"243.";"3.0";"16.7";"62.";"7.";"333.06";"91.88";"285.09"
"2018";"6";"16";"6";"8";"3993";"242.";"3.4";"17.9";"59.";"2.";"573.36";"583.36";"204.02"
"2018";"6";"16";"6";"9";"3994";"243.";"3.2";"18.3";"56.";"4.";"503.32";"380.62";"227.83"
"2018";"6";"16";"6";"10";"3995";"233.";"2.8";"18.6";"52.";"1.";"759.02";"721.48";"190.56"
"2018";"6";"16";"6";"11";"3996";"234.";"3.0";"19.0";"49.";"2.";"741.04";"662.51";"197.06"
"2018";"6";"16";"6";"12";"3997";"225.";"2.6";"20.1";"45.";"3.";"666.44";"527.93";"232.97"
"2018";"6";"16";"6";"13";"3998";"231.";"2.6";"20.7";"40.";"2.";"757.02";"648.18";"246.32"
"2018";"6";"16";"6";"14";"3999";"227.";"2.7";"20.6";"40.";"4.";"615.76";"420.76";"311.21"
"2018";"6";"16";"6";"15";"4000";"244.";"2.4";"19.6";"43.";"8.";"399.40";"0.00";"399.40"
"2018";"6";"16";"6";"16";"4001";"246.";"1.6";"18.7";"48.";"8.";"311.86";"0.00";"311.86"
"2018";"6";"16";"6";"17";"4002";"265.";"0.5";"17.6";"53.";"8.";"216.70";"0.00";"216.70"
"2018";"6";"16";"6";"18";"4003";"306.";"0.6";"15.3";"67.";"8.";"33.89";"0.00";"33.89"
"2018";"6";"16";"6";"19";"4004";"70.";"2.2";"13.7";"86.";"8.";"8.84";"0.00";"8.84"
"2018";"6";"16";"6";"20";"4005";"70.";"2.9";"13.7";"86.";"5.";"0.00";"0.00";"0.00"
"2018";"6";"16";"6";"21";"4006";"117.";"1.6";"13.6";"85.";"8.";"0.00";"0.00";"0.00"
"2018";"6";"16";"6";"22";"4007";"131.";"2.2";"13.5";"89.";"6.";"0.00";"0.00";"0.00"
"2018";"6";"16";"6";"23";"4008";"120.";"3.5";"13.4";"91.";"8.";"0.00";"0.00";"0.00"
"2018";"6";"17";"7";"0";"4009";"127.";"3.7";"13.3";"91.";"8.";"0.00";"0.00";"0.00"
"2018";"6";"17";"7";"1";"4010";"133.";"4.2";"13.3";"87.";"7.";"0.00";"0.00";"0.00"
"2018";"6";"17";"7";"2";"4011";"131.";"4.3";"13.3";"85.";"7.";"0.00";"0.00";"0.00"
"2018";"6";"17";"7";"3";"4012";"135.";"3.9";"13.3";"84.";"8.";"0.00";"0.00";"0.00"
"2018";"6";"17";"7";"4";"4013";"132.";"3.9";"13.4";"84.";"7.";"37.49";"31.98";"32.79"
"2018";"6";"17";"7";"5";"4014";"129.";"3.5";"14.1";"82.";"8.";"61.21";"0.00";"61.21"
"2018";"6";"17";"7";"6";"4015";"136.";"3.7";"14.6";"83.";"8.";"106.00";"0.00";"106.00"
"2018";"6";"17";"7";"7";"4016";"169.";"2.6";"14.5";"89.";"8.";"77.10";"0.00";"77.10"
"2018";"6";"17";"7";"8";"4017";"152.";"2.6";"15.5";"90.";"6.";"216.05";"117.72";"141.46"
"2018";"6";"17";"7";"9";"4018";"182.";"2.8";"15.2";"92.";"8.";"125.40";"0.00";"125.40"
"2018";"6";"17";"7";"10";"4019";"162.";"4.0";"15.4";"88.";"8.";"146.13";"0.00";"146.13"
"2018";"6";"17";"7";"11";"4020";"192.";"5.1";"16.8";"86.";"6.";"434.28";"217.91";"255.26"
"2018";"6";"17";"7";"12";"4021";"203.";"6.2";"17.9";"77.";"6.";"419.93";"182.77";"269.78"
"2018";"6";"17";"7";"13";"4022";"210.";"6.0";"15.3";"81.";"4.";"545.39";"364.32";"258.18"
"2018";"6";"17";"7";"14";"4023";"229.";"3.9";"15.2";"80.";"7.";"195.82";"65.66";"148.26"
"2018";"6";"17";"7";"15";"4024";"226.";"5.0";"16.7";"75.";"5.";"486.96";"308.97";"291.19"
"2018";"6";"17";"7";"16";"4025";"269.";"5.4";"15.5";"73.";"8.";"160.15";"0.00";"160.15"
"2018";"6";"17";"7";"17";"4026";"255.";"5.0";"15.1";"70.";"8.";"130.72";"0.00";"130.72"
"2018";"6";"17";"7";"18";"4027";"260.";"3.8";"15.0";"71.";"0.";"197.83";"556.08";"47.35"
"2018";"6";"17";"7";"19";"4028";"242.";"4.8";"14.7";"66.";"0.";"63.11";"290.16";"20.52"
"2018";"6";"17";"7";"20";"4029";"245.";"4.9";"14.5";"70.";"8.";"0.00";"0.00";"0.00"
"2018";"6";"17";"7";"21";"4030";"245.";"4.9";"14.2";"69.";"6.";"0.00";"0.00";"0.00"
"2018";"6";"17";"7";"22";"4031";"244.";"5.0";"14.1";"69.";"8.";"0.00";"0.00";"0.00"
"2018";"6";"17";"7";"23";"4032";"245.";"4.8";"14.0";"69.";"7.";"0.00";"0.00";"0.00"
"2018";"6";"18";"1";"0";"4033";"245.";"4.7";"13.9";"70.";"1.";"0.00";"0.00";"0.00"
"2018";"6";"18";"1";"1";"4034";"241.";"4.5";"13.9";"70.";"6.";"0.00";"0.00";"0.00"
"2018";"6";"18";"1";"2";"4035";"243.";"4.9";"14.0";"74.";"6.";"0.00";"0.00";"0.00"
"2018";"6";"18";"1";"3";"4036";"246.";"5.2";"13.9";"77.";"8.";"0.00";"0.00";"0.00"
"2018";"6";"18";"1";"4";"4037";"245.";"5.5";"13.7";"78.";"8.";"17.91";"0.00";"17.91"
"2018";"6";"18";"1";"5";"4038";"244.";"5.8";"13.8";"76.";"8.";"61.05";"0.00";"61.05"
"2018";"6";"18";"1";"6";"4039";"242.";"6.1";"14.5";"72.";"6.";"178.06";"169.83";"110.25"
"2018";"6";"18";"1";"7";"4040";"237.";"5.7";"15.0";"69.";"7.";"205.45";"95.19";"155.66"
"2018";"6";"18";"1";"8";"4041";"235.";"5.7";"15.7";"67.";"7.";"259.25";"98.43";"196.84"
"2018";"6";"18";"1";"9";"4042";"225.";"5.2";"16.1";"66.";"8.";"227.65";"0.00";"227.65"
"2018";"6";"18";"1";"10";"4043";"224.";"5.6";"17.0";"66.";"6.";"412.52";"201.23";"253.81"
"2018";"6";"18";"1";"11";"4044";"216.";"5.7";"17.7";"65.";"7.";"350.79";"103.76";"265.51"
"2018";"6";"18";"1";"12";"4045";"205.";"5.8";"16.8";"67.";"5.";"513.31";"309.57";"258.88"
"2018";"6";"18";"1";"13";"4046";"198.";"6.2";"16.7";"73.";"8.";"248.56";"0.00";"248.56"
"2018";"6";"18";"1";"14";"4047";"197.";"5.7";"16.1";"83.";"8.";"121.10";"0.00";"121.10"
"2018";"6";"18";"1";"15";"4048";"208.";"6.5";"16.3";"80.";"8.";"110.02";"0.00";"110.02"
"2018";"6";"18";"1";"16";"4049";"206.";"6.3";"15.9";"84.";"7.";"194.06";"78.46";"153.02"
"2018";"6";"18";"1";"17";"4050";"206.";"5.9";"16.0";"87.";"8.";"96.36";"0.00";"96.36"
"2018";"6";"18";"1";"18";"4051";"224.";"6.7";"16.3";"87.";"7.";"70.89";"46.96";"58.16"
"2018";"6";"18";"1";"19";"4052";"230.";"6.8";"15.6";"91.";"8.";"6.93";"0.00";"6.93"
"2018";"6";"18";"1";"20";"4053";"241.";"5.6";"15.3";"89.";"7.";"0.00";"0.00";"0.00"
"2018";"6";"18";"1";"21";"4054";"240.";"6.3";"15.2";"87.";"8.";"0.00";"0.00";"0.00"
"2018";"6";"18";"1";"22";"4055";"246.";"7.2";"15.0";"81.";"8.";"0.00";"0.00";"0.00"
"2018";"6";"18";"1";"23";"4056";"253.";"6.9";"14.5";"78.";"8.";"0.00";"0.00";"0.00"
"2018";"6";"19";"2";"0";"4057";"256.";"8.3";"13.9";"73.";"5.";"0.00";"0.00";"0.00"
"2018";"6";"19";"2";"1";"4058";"257.";"6.9";"13.7";"73.";"8.";"0.00";"0.00";"0.00"
"2018";"6";"19";"2";"2";"4059";"254.";"7.2";"13.7";"72.";"8.";"0.00";"0.00";"0.00"
"2018";"6";"19";"2";"3";"4060";"244.";"7.1";"13.8";"70.";"3.";"0.00";"0.00";"0.00"
"2018";"6";"19";"2";"4";"4061";"244.";"7.3";"14.2";"73.";"8.";"18.49";"0.00";"18.49"
"2018";"6";"19";"2";"5";"4062";"241.";"7.7";"14.5";"74.";"8.";"59.74";"0.00";"59.74"
"2018";"6";"19";"2";"6";"4063";"243.";"8.3";"14.8";"74.";"8.";"60.89";"0.00";"60.89"
"2018";"6";"19";"2";"7";"4064";"249.";"7.7";"14.8";"78.";"8.";"144.35";"0.00";"144.35"
"2018";"6";"19";"2";"8";"4065";"262.";"7.9";"15.2";"73.";"8.";"108.31";"0.00";"108.31"
"2018";"6";"19";"2";"9";"4066";"267.";"8.3";"15.9";"65.";"6.";"366.20";"176.49";"238.25"
"2018";"6";"19";"2";"10";"4067";"269.";"8.8";"16.1";"58.";"5.";"481.60";"274.91";"264.69"
"2018";"6";"19";"2";"11";"4068";"269.";"8.9";"16.7";"50.";"4.";"587.19";"390.28";"266.31"
"2018";"6";"19";"2";"12";"4069";"267.";"8.4";"16.6";"52.";"3.";"668.51";"528.92";"233.64"
"2018";"6";"19";"2";"13";"4070";"265.";"8.9";"16.9";"53.";"2.";"685.45";"559.33";"244.13"
"2018";"6";"19";"2";"14";"4071";"263.";"9.0";"16.5";"52.";"4.";"507.03";"380.19";"231.40"
"2018";"6";"19";"2";"15";"4072";"263.";"9.7";"16.3";"52.";"5.";"377.52";"274.98";"203.08"
"2018";"6";"19";"2";"16";"4073";"265.";"9.7";"15.6";"54.";"8.";"151.31";"0.00";"151.31"
"2018";"6";"19";"2";"17";"4074";"266.";"9.9";"15.1";"57.";"5.";"210.30";"233.19";"117.10"
"2018";"6";"19";"2";"18";"4075";"267.";"8.8";"14.3";"59.";"5.";"121.38";"188.17";"70.29"
"2018";"6";"19";"2";"19";"4076";"269.";"9.2";"14.0";"62.";"7.";"30.45";"20.90";"27.37"
"2018";"6";"19";"2";"20";"4077";"272.";"8.3";"13.6";"65.";"7.";"0.00";"0.00";"0.00"
"2018";"6";"19";"2";"21";"4078";"270.";"8.3";"13.3";"66.";"7.";"0.00";"0.00";"0.00"
"2018";"6";"19";"2";"22";"4079";"270.";"7.9";"13.3";"67.";"6.";"0.00";"0.00";"0.00"
"2018";"6";"19";"2";"23";"4080";"270.";"7.9";"12.9";"69.";"2.";"0.00";"0.00";"0.00"
"2018";"6";"20";"3";"0";"4081";"273.";"7.5";"12.7";"69.";"3.";"0.00";"0.00";"0.00"
"2018";"6";"20";"3";"1";"4082";"275.";"6.5";"12.5";"68.";"1.";"0.00";"0.00";"0.00"
"2018";"6";"20";"3";"2";"4083";"274.";"6.2";"12.6";"69.";"0.";"0.00";"0.00";"0.00"
"2018";"6";"20";"3";"3";"4084";"275.";"5.7";"12.4";"70.";"1.";"0.00";"0.00";"0.00"
"2018";"6";"20";"3";"4";"4085";"277.";"5.1";"12.9";"69.";"6.";"33.80";"70.87";"23.31"
"2018";"6";"20";"3";"5";"4086";"273.";"4.9";"13.7";"66.";"8.";"124.92";"0.00";"124.92"
"2018";"6";"20";"3";"6";"4087";"263.";"4.3";"13.8";"65.";"7.";"236.06";"80.64";"203.81"
"2018";"6";"20";"3";"7";"4088";"244.";"3.4";"13.6";"70.";"7.";"198.86";"78.96";"157.52"
"2018";"6";"20";"3";"8";"4089";"236.";"3.4";"11.4";"87.";"8.";"100.66";"0.00";"100.66"
"2018";"6";"20";"3";"9";"4090";"202.";"3.6";"11.2";"91.";"8.";"126.54";"0.00";"126.54"
"2018";"6";"20";"3";"10";"4091";"174.";"3.8";"11.4";"92.";"8.";"136.60";"0.00";"136.60"
"2018";"6";"20";"3";"11";"4092";"152.";"4.0";"11.2";"93.";"8.";"220.05";"0.00";"220.05"
"2018";"6";"20";"3";"12";"4093";"161.";"3.7";"12.1";"95.";"8.";"131.40";"0.00";"131.40"
"2018";"6";"20";"3";"13";"4094";"204.";"6.2";"16.1";"94.";"8.";"133.98";"0.00";"133.98"
"2018";"6";"20";"3";"14";"4095";"223.";"7.9";"16.7";"93.";"8.";"110.01";"0.00";"110.01"
"2018";"6";"20";"3";"15";"4096";"247.";"6.0";"15.7";"94.";"8.";"104.63";"0.00";"104.63"
"2018";"6";"20";"3";"16";"4097";"243.";"5.1";"15.4";"93.";"8.";"77.92";"0.00";"77.92"
"2018";"6";"20";"3";"17";"4098";"235.";"4.7";"15.7";"93.";"8.";"92.12";"0.00";"92.12"
"2018";"6";"20";"3";"18";"4099";"226.";"4.9";"15.5";"94.";"8.";"51.20";"0.00";"51.20"
"2018";"6";"20";"3";"19";"4100";"227.";"5.5";"15.7";"95.";"8.";"6.80";"0.00";"6.80"
"2018";"6";"20";"3";"20";"4101";"225.";"7.0";"15.7";"94.";"8.";"0.00";"0.00";"0.00"
"2018";"6";"20";"3";"21";"4102";"226.";"6.7";"15.6";"94.";"8.";"0.00";"0.00";"0.00"
"2018";"6";"20";"3";"22";"4103";"217.";"7.0";"15.5";"93.";"8.";"0.00";"0.00";"0.00"
"2018";"6";"20";"3";"23";"4104";"221.";"7.6";"15.2";"93.";"8.";"0.00";"0.00";"0.00"
"2018";"6";"21";"4";"0";"4105";"243.";"7.2";"13.9";"86.";"8.";"0.00";"0.00";"0.00"
"2018";"6";"21";"4";"1";"4106";"234.";"6.3";"13.4";"85.";"8.";"0.00";"0.00";"0.00"
"2018";"6";"21";"4";"2";"4107";"228.";"5.3";"12.9";"94.";"8.";"0.00";"0.00";"0.00"
"2018";"6";"21";"4";"3";"4108";"274.";"4.8";"13.1";"93.";"8.";"0.00";"0.00";"0.00"
"2018";"6";"21";"4";"4";"4109";"299.";"6.4";"11.9";"92.";"8.";"15.33";"0.00";"15.33"
"2018";"6";"21";"4";"5";"4110";"285.";"5.4";"11.8";"88.";"7.";"83.93";"71.53";"64.47"
"2018";"6";"21";"4";"6";"4111";"282.";"4.6";"12.3";"81.";"8.";"109.09";"0.00";"109.09"
"2018";"6";"21";"4";"7";"4112";"272.";"3.6";"13.5";"79.";"7.";"207.46";"100.92";"154.59"
"2018";"6";"21";"4";"8";"4113";"276.";"4.3";"14.5";"74.";"8.";"195.37";"0.00";"195.37"
"2018";"6";"21";"4";"9";"4114";"286.";"5.0";"15.0";"68.";"8.";"462.10";"0.00";"462.10"
"2018";"6";"21";"4";"10";"4115";"285.";"6.1";"15.2";"64.";"6.";"418.32";"210.17";"252.41"
"2018";"6";"21";"4";"11";"4116";"286.";"6.5";"15.2";"62.";"7.";"349.43";"98.34";"268.54"
"2018";"6";"21";"4";"12";"4117";"287.";"5.5";"15.2";"59.";"6.";"441.15";"215.14";"264.19"
"2018";"6";"21";"4";"13";"4118";"292.";"5.4";"15.5";"52.";"4.";"571.93";"427.80";"234.22"
"2018";"6";"21";"4";"14";"4119";"291.";"5.9";"15.3";"53.";"7.";"515.14";"116.04";"430.97"
"2018";"6";"21";"4";"15";"4120";"295.";"6.2";"14.2";"57.";"6.";"325.75";"200.42";"198.52"
"2018";"6";"21";"4";"16";"4121";"292.";"6.3";"14.7";"54.";"8.";"318.93";"0.00";"318.93"
"2018";"6";"21";"4";"17";"4122";"303.";"4.8";"14.3";"55.";"7.";"148.96";"89.88";"112.99"
"2018";"6";"21";"4";"18";"4123";"319.";"2.8";"13.4";"58.";"6.";"163.53";"151.47";"122.32"
"2018";"6";"21";"4";"19";"4124";"346.";"3.9";"13.2";"66.";"8.";"45.31";"0.00";"45.31"
"2018";"6";"21";"4";"20";"4125";"331.";"3.1";"12.0";"74.";"8.";"0.00";"0.00";"0.00"
"2018";"6";"21";"4";"21";"4126";"19.";"0.8";"10.5";"83.";"8.";"0.00";"0.00";"0.00"
"2018";"6";"21";"4";"22";"4127";"326.";"1.3";"10.5";"86.";"8.";"0.00";"0.00";"0.00"
"2018";"6";"21";"4";"23";"4128";"1.";"1.9";"9.5";"86.";"8.";"0.00";"0.00";"0.00"
"2018";"6";"22";"5";"0";"4129";"339.";"2.6";"9.4";"88.";"3.";"0.00";"0.00";"0.00"
"2018";"6";"22";"5";"1";"4130";"314.";"2.9";"9.4";"89.";"6.";"0.00";"0.00";"0.00"
"2018";"6";"22";"5";"2";"4131";"304.";"3.8";"9.5";"88.";"3.";"0.00";"0.00";"0.00"
"2018";"6";"22";"5";"3";"4132";"349.";"3.1";"9.6";"84.";"3.";"0.00";"0.00";"0.00"
"2018";"6";"22";"5";"4";"4133";"338.";"3.5";"9.9";"79.";"0.";"72.14";"329.39";"23.23"
"2018";"6";"22";"5";"5";"4134";"333.";"4.4";"11.1";"71.";"0.";"209.63";"592.58";"48.32"
"2018";"6";"22";"5";"6";"4135";"333.";"5.0";"12.8";"59.";"2.";"318.59";"565.97";"92.04"
"2018";"6";"22";"5";"7";"4136";"335.";"4.7";"14.2";"49.";"1.";"481.97";"732.39";"98.21"
"2018";"6";"22";"5";"8";"4137";"317.";"5.8";"15.7";"48.";"3.";"505.63";"553.92";"153.94"
"2018";"6";"22";"5";"9";"4138";"307.";"6.8";"16.0";"48.";"4.";"527.09";"455.02";"197.00"
"2018";"6";"22";"5";"10";"4139";"303.";"6.2";"16.4";"45.";"3.";"652.14";"577.46";"196.24"
"2018";"6";"22";"5";"11";"4140";"294.";"7.0";"16.4";"47.";"7.";"594.52";"116.94";"498.32"
"2018";"6";"22";"5";"12";"4141";"288.";"6.2";"15.8";"51.";"8.";"547.03";"0.00";"547.03"
"2018";"6";"22";"5";"13";"4142";"278.";"6.6";"16.2";"48.";"5.";"650.45";"344.21";"378.70"
"2018";"6";"22";"5";"14";"4143";"269.";"6.5";"15.9";"47.";"7.";"512.67";"111.81";"431.55"
"2018";"6";"22";"5";"15";"4144";"271.";"6.2";"16.5";"48.";"6.";"468.09";"211.29";"333.94"
"2018";"6";"22";"5";"16";"4145";"267.";"5.7";"16.2";"49.";"5.";"412.78";"312.52";"249.03"
"2018";"6";"22";"5";"17";"4146";"272.";"4.5";"16.4";"49.";"8.";"225.63";"0.00";"225.63"
"2018";"6";"22";"5";"18";"4147";"290.";"2.7";"16.4";"52.";"8.";"132.09";"0.00";"132.09"
"2018";"6";"22";"5";"19";"4148";"295.";"2.7";"15.9";"60.";"8.";"40.62";"0.00";"40.62"
"2018";"6";"22";"5";"20";"4149";"317.";"1.8";"15.0";"68.";"8.";"0.00";"0.00";"0.00"
"2018";"6";"22";"5";"21";"4150";"13.";"1.0";"13.7";"71.";"7.";"0.00";"0.00";"0.00"
"2018";"6";"22";"5";"22";"4151";"23.";"1.9";"12.7";"76.";"8.";"0.00";"0.00";"0.00"
"2018";"6";"22";"5";"23";"4152";"39.";"1.7";"11.3";"73.";"4.";"0.00";"0.00";"0.00"
"2018";"6";"23";"6";"0";"4153";"7.";"1.4";"10.6";"74.";"0.";"0.00";"0.00";"0.00"
"2018";"6";"23";"6";"1";"4154";"9.";"1.3";"8.3";"77.";"0.";"0.00";"0.00";"0.00"
"2018";"6";"23";"6";"2";"4155";"10.";"1.0";"7.4";"79.";"0.";"0.00";"0.00";"0.00"
"2018";"6";"23";"6";"3";"4156";"46.";"0.7";"6.9";"81.";"2.";"0.00";"0.00";"0.00"
"2018";"6";"23";"6";"4";"4157";"67.";"0.5";"9.3";"79.";"2.";"61.51";"251.33";"24.18"
"2018";"6";"23";"6";"5";"4158";"277.";"0.9";"10.7";"71.";"1.";"206.10";"527.99";"62.37"
"2018";"6";"23";"6";"6";"4159";"292.";"1.0";"13.6";"57.";"3.";"322.71";"469.75";"134.66"
"2018";"6";"23";"6";"7";"4160";"294.";"1.5";"15.5";"40.";"3.";"452.03";"519.42";"179.86"
"2018";"6";"23";"6";"8";"4161";"289.";"2.6";"16.4";"38.";"2.";"598.90";"655.07";"182.98"
"2018";"6";"23";"6";"9";"4162";"283.";"3.3";"17.2";"41.";"1.";"703.80";"757.36";"154.34"
"2018";"6";"23";"6";"10";"4163";"293.";"3.7";"17.7";"41.";"2.";"710.16";"650.16";"196.85"
"2018";"6";"23";"6";"11";"4164";"295.";"4.2";"17.7";"43.";"1.";"817.74";"805.31";"155.24"
"2018";"6";"23";"6";"12";"4165";"293.";"4.5";"18.5";"40.";"0.";"878.09";"901.30";"136.62"
"2018";"6";"23";"6";"13";"4166";"291.";"5.1";"18.6";"37.";"1.";"781.92";"799.43";"150.75"
"2018";"6";"23";"6";"14";"4167";"288.";"5.3";"18.2";"37.";"1.";"713.00";"806.02";"128.25"
"2018";"6";"23";"6";"15";"4168";"287.";"4.7";"18.2";"38.";"1.";"600.90";"728.33";"138.46"
"2018";"6";"23";"6";"16";"4169";"276.";"4.7";"18.2";"38.";"3.";"401.39";"523.63";"127.00"
"2018";"6";"23";"6";"17";"4170";"274.";"3.8";"17.0";"43.";"5.";"289.78";"283.80";"176.18"
"2018";"6";"23";"6";"18";"4171";"278.";"3.4";"16.2";"49.";"6.";"152.80";"150.72";"111.77"
"2018";"6";"23";"6";"19";"4172";"272.";"2.5";"15.5";"55.";"4.";"49.48";"163.77";"25.16"
"2018";"6";"23";"6";"20";"4173";"234.";"1.6";"13.7";"67.";"1.";"0.00";"0.00";"0.00"
"2018";"6";"23";"6";"21";"4174";"208.";"1.5";"11.5";"78.";"2.";"0.00";"0.00";"0.00"
"2018";"6";"23";"6";"22";"4175";"205.";"1.3";"10.3";"84.";"3.";"0.00";"0.00";"0.00"
"2018";"6";"23";"6";"23";"4176";"166.";"1.3";"9.9";"86.";"6.";"0.00";"0.00";"0.00"
"2018";"6";"24";"7";"0";"4177";"178.";"1.3";"10.0";"87.";"3.";"0.00";"0.00";"0.00"
"2018";"6";"24";"7";"1";"4178";"183.";"1.4";"9.9";"90.";"5.";"0.00";"0.00";"0.00"
"2018";"6";"24";"7";"2";"4179";"177.";"1.6";"9.4";"92.";"1.";"0.00";"0.00";"0.00"
"2018";"6";"24";"7";"3";"4180";"169.";"1.5";"9.6";"93.";"2.";"0.00";"0.00";"0.00"
"2018";"6";"24";"7";"4";"4181";"152.";"1.5";"10.9";"92.";"4.";"40.31";"113.02";"23.54"
"2018";"6";"24";"7";"5";"4182";"166.";"1.8";"13.5";"88.";"1.";"171.54";"376.51";"69.07"
"2018";"6";"24";"7";"6";"4183";"170.";"2.3";"15.5";"80.";"1.";"309.31";"507.55";"106.17"
"2018";"6";"24";"7";"7";"4184";"191.";"2.1";"17.1";"70.";"0.";"487.09";"705.50";"117.44"
"2018";"6";"24";"7";"8";"4185";"220.";"1.9";"18.1";"62.";"1.";"580.00";"674.80";"151.60"
"2018";"6";"24";"7";"9";"4186";"238.";"2.1";"19.1";"56.";"0.";"733.45";"789.33";"160.84"
"2018";"6";"24";"7";"10";"4187";"244.";"2.9";"19.7";"55.";"4.";"565.42";"428.24";"227.34"
"2018";"6";"24";"7";"11";"4188";"237.";"3.1";"19.9";"59.";"7.";"349.62";"103.49";"264.48"
"2018";"6";"24";"7";"12";"4189";"246.";"3.5";"19.1";"59.";"6.";"434.23";"208.28";"262.89"
"2018";"6";"24";"7";"13";"4190";"255.";"2.9";"20.3";"54.";"2.";"688.46";"598.10";"216.29"
"2018";"6";"24";"7";"14";"4191";"267.";"3.2";"21.0";"50.";"0.";"742.65";"841.46";"132.24"
"2018";"6";"24";"7";"15";"4192";"282.";"3.3";"20.8";"49.";"2.";"584.10";"640.19";"177.67"
"2018";"6";"24";"7";"16";"4193";"296.";"3.1";"20.1";"54.";"2.";"423.72";"572.10";"123.97"
"2018";"6";"24";"7";"17";"4194";"299.";"3.3";"20.3";"57.";"2.";"295.18";"517.82";"87.93"
"2018";"6";"24";"7";"18";"4195";"298.";"3.9";"19.3";"64.";"0.";"187.65";"491.24";"53.95"
"2018";"6";"24";"7";"19";"4196";"309.";"3.3";"17.4";"72.";"0.";"50.99";"223.12";"17.87"
"2018";"6";"24";"7";"20";"4197";"309.";"2.4";"16.0";"78.";"2.";"0.00";"0.00";"0.00"
"2018";"6";"24";"7";"21";"4198";"297.";"2.2";"14.7";"84.";"4.";"0.00";"0.00";"0.00"
"2018";"6";"24";"7";"22";"4199";"292.";"1.9";"13.7";"87.";"8.";"0.00";"0.00";"0.00"
"2018";"6";"24";"7";"23";"4200";"291.";"1.3";"13.5";"87.";"8.";"0.00";"0.00";"0.00"
"2018";"6";"25";"1";"0";"4201";"274.";"1.2";"13.1";"88.";"8.";"0.00";"0.00";"0.00"
"2018";"6";"25";"1";"1";"4202";"247.";"0.4";"13.2";"89.";"8.";"0.00";"0.00";"0.00"
"2018";"6";"25";"1";"2";"4203";"197.";"0.3";"13.3";"90.";"8.";"0.00";"0.00";"0.00"
"2018";"6";"25";"1";"3";"4204";"206.";"0.8";"13.6";"89.";"8.";"0.00";"0.00";"0.00"
"2018";"6";"25";"1";"4";"4205";"227.";"0.9";"13.9";"90.";"8.";"32.73";"0.00";"32.73"
"2018";"6";"25";"1";"5";"4206";"235.";"1.3";"15.1";"88.";"8.";"116.39";"0.00";"116.39"
"2018";"6";"25";"1";"6";"4207";"228.";"1.4";"16.5";"81.";"5.";"263.08";"253.62";"161.62"
"2018";"6";"25";"1";"7";"4208";"218.";"1.2";"17.8";"76.";"8.";"320.43";"0.00";"320.43"
"2018";"6";"25";"1";"8";"4209";"209.";"1.3";"19.4";"68.";"7.";"439.98";"95.85";"379.14"
"2018";"6";"25";"1";"9";"4210";"240.";"2.0";"20.9";"57.";"2.";"651.36";"532.96";"264.80"
"2018";"6";"25";"1";"10";"4211";"252.";"2.4";"21.9";"51.";"1.";"772.56";"703.36";"217.37"
"2018";"6";"25";"1";"11";"4212";"259.";"3.1";"22.0";"54.";"6.";"620.76";"219.18";"440.49"
"2018";"6";"25";"1";"12";"4213";"261.";"2.6";"22.3";"51.";"7.";"578.14";"109.89";"487.76"
"2018";"6";"25";"1";"13";"4214";"267.";"2.9";"22.2";"51.";"7.";"546.07";"104.01";"463.97"
"2018";"6";"25";"1";"14";"4215";"276.";"3.3";"22.8";"51.";"4.";"633.54";"398.83";"344.27"
"2018";"6";"25";"1";"15";"4216";"283.";"2.9";"23.0";"47.";"4.";"513.77";"391.97";"264.97"
"2018";"6";"25";"1";"16";"4217";"289.";"2.8";"22.7";"46.";"7.";"204.56";"96.16";"154.19"
"2018";"6";"25";"1";"17";"4218";"297.";"2.5";"22.4";"48.";"1.";"319.18";"573.48";"89.74"
"2018";"6";"25";"1";"18";"4219";"296.";"2.2";"22.2";"49.";"0.";"195.36";"555.99";"44.13"
"2018";"6";"25";"1";"19";"4220";"302.";"2.0";"20.7";"57.";"1.";"50.06";"215.75";"18.07"
"2018";"6";"25";"1";"20";"4221";"327.";"1.9";"18.3";"70.";"0.";"0.00";"0.00";"0.00"
"2018";"6";"25";"1";"21";"4222";"310.";"2.0";"16.8";"78.";"0.";"0.00";"0.00";"0.00"
"2018";"6";"25";"1";"22";"4223";"305.";"1.5";"15.6";"83.";"0.";"0.00";"0.00";"0.00"
"2018";"6";"25";"1";"23";"4224";"341.";"0.8";"14.2";"86.";"1.";"0.00";"0.00";"0.00"
"2018";"6";"26";"2";"0";"4225";"6.";"0.5";"13.7";"89.";"0.";"0.00";"0.00";"0.00"
"2018";"6";"26";"2";"1";"4226";"354.";"0.4";"12.9";"90.";"0.";"0.00";"0.00";"0.00"
"2018";"6";"26";"2";"2";"4227";"359.";"0.4";"12.3";"90.";"0.";"0.00";"0.00";"0.00"
"2018";"6";"26";"2";"3";"4228";"39.";"0.5";"13.1";"90.";"0.";"0.00";"0.00";"0.00"
"2018";"6";"26";"2";"4";"4229";"78.";"0.9";"14.5";"85.";"0.";"53.48";"244.81";"17.25"
"2018";"6";"26";"2";"5";"4230";"84.";"0.8";"17.8";"75.";"1.";"178.73";"459.18";"53.96"
"2018";"6";"26";"2";"6";"4231";"90.";"1.0";"20.5";"62.";"0.";"341.14";"684.17";"67.59"
"2018";"6";"26";"2";"7";"4232";"94.";"0.4";"22.8";"51.";"0.";"493.38";"771.59";"89.40"
"2018";"6";"26";"2";"8";"4233";"261.";"0.7";"24.5";"50.";"0.";"626.62";"831.25";"99.18"
"2018";"6";"26";"2";"9";"4234";"286.";"1.3";"25.0";"49.";"2.";"671.92";"640.63";"207.39"
"2018";"6";"26";"2";"10";"4235";"276.";"2.3";"24.1";"49.";"2.";"746.08";"656.93";"227.66"
"2018";"6";"26";"2";"11";"4236";"284.";"3.0";"24.7";"45.";"4.";"709.70";"455.17";"335.41"
"2018";"6";"26";"2";"12";"4237";"291.";"3.8";"25.4";"44.";"4.";"681.77";"373.85";"374.35"
"2018";"6";"26";"2";"13";"4238";"298.";"4.2";"25.5";"42.";"3.";"698.93";"501.42";"303.23"
"2018";"6";"26";"2";"14";"4239";"301.";"3.8";"25.4";"40.";"0.";"739.17";"835.76";"133.16"
"2018";"6";"26";"2";"15";"4240";"301.";"4.3";"25.7";"39.";"1.";"601.36";"699.20";"157.71"
"2018";"6";"26";"2";"16";"4241";"299.";"4.0";"25.5";"41.";"1.";"478.25";"706.59";"108.29"
"2018";"6";"26";"2";"17";"4242";"307.";"3.4";"25.1";"43.";"0.";"343.87";"679.16";"72.32"
"2018";"6";"26";"2";"18";"4243";"311.";"3.1";"24.4";"45.";"0.";"191.62";"535.77";"46.04"
"2018";"6";"26";"2";"19";"4244";"314.";"2.5";"23.2";"50.";"0.";"50.96";"234.64";"16.23"
"2018";"6";"26";"2";"20";"4245";"309.";"2.0";"20.8";"62.";"0.";"0.00";"0.00";"0.00"
"2018";"6";"26";"2";"21";"4246";"304.";"1.6";"18.1";"71.";"0.";"0.00";"0.00";"0.00"
"2018";"6";"26";"2";"22";"4247";"307.";"1.2";"16.9";"77.";"1.";"0.00";"0.00";"0.00"
"2018";"6";"26";"2";"23";"4248";"307.";"1.0";"15.8";"80.";"3.";"0.00";"0.00";"0.00"
"2018";"6";"27";"3";"0";"4249";"69.";"0.7";"14.9";"81.";"0.";"0.00";"0.00";"0.00"
"2018";"6";"27";"3";"1";"4250";"176.";"0.2";"15.3";"84.";"0.";"0.00";"0.00";"0.00"
"2018";"6";"27";"3";"2";"4251";"222.";"0.9";"14.3";"87.";"1.";"0.00";"0.00";"0.00"
"2018";"6";"27";"3";"3";"4252";"120.";"0.6";"14.4";"88.";"4.";"0.00";"0.00";"0.00"
"2018";"6";"27";"3";"4";"4253";"117.";"0.9";"16.0";"85.";"3.";"35.53";"131.14";"16.18"
"2018";"6";"27";"3";"5";"4254";"164.";"1.7";"18.1";"78.";"3.";"158.10";"315.25";"72.55"
"2018";"6";"27";"3";"6";"4255";"181.";"2.3";"20.2";"75.";"0.";"327.25";"626.40";"77.00"
"2018";"6";"27";"3";"7";"4256";"183.";"2.7";"21.3";"74.";"2.";"405.96";"551.60";"117.33"
"2018";"6";"27";"3";"8";"4257";"204.";"2.9";"21.8";"71.";"6.";"439.38";"190.10";"318.81"
"2018";"6";"27";"3";"9";"4258";"210.";"3.1";"22.2";"69.";"6.";"519.77";"199.80";"374.95"
"2018";"6";"27";"3";"10";"4259";"214.";"3.3";"22.8";"67.";"4.";"645.75";"385.41";"341.70"
"2018";"6";"27";"3";"11";"4260";"221.";"3.2";"23.1";"64.";"0.";"833.80";"809.33";"168.48"
"2018";"6";"27";"3";"12";"4261";"222.";"2.9";"23.6";"61.";"3.";"731.20";"530.53";"295.06"
"2018";"6";"27";"3";"13";"4262";"240.";"3.4";"24.3";"58.";"0.";"799.74";"826.16";"147.99"
"2018";"6";"27";"3";"14";"4263";"247.";"3.6";"23.6";"60.";"6.";"525.50";"207.64";"375.00"
"2018";"6";"27";"3";"15";"4264";"256.";"2.7";"22.9";"61.";"4.";"504.97";"380.11";"263.90"
"2018";"6";"27";"3";"16";"4265";"266.";"2.5";"23.3";"61.";"4.";"399.26";"369.86";"205.73"
"2018";"6";"27";"3";"17";"4266";"276.";"2.4";"22.9";"62.";"0.";"330.36";"646.91";"71.93"
"2018";"6";"27";"3";"18";"4267";"288.";"2.5";"22.2";"66.";"4.";"145.00";"236.45";"80.83"
"2018";"6";"27";"3";"19";"4268";"302.";"2.3";"21.4";"68.";"0.";"38.13";"173.90";"12.46"
"2018";"6";"27";"3";"20";"4269";"303.";"1.8";"20.1";"74.";"0.";"0.00";"0.00";"0.00"
"2018";"6";"27";"3";"21";"4270";"280.";"1.3";"18.6";"85.";"3.";"0.00";"0.00";"0.00"
"2018";"6";"27";"3";"22";"4271";"261.";"1.3";"17.9";"90.";"2.";"0.00";"0.00";"0.00"
"2018";"6";"27";"3";"23";"4272";"229.";"0.8";"17.4";"93.";"0.";"0.00";"0.00";"0.00"
"2018";"6";"28";"4";"0";"4273";"234.";"0.8";"16.4";"94.";"0.";"0.00";"0.00";"0.00"
"2018";"6";"28";"4";"1";"4274";"220.";"0.2";"16.0";"93.";"0.";"0.00";"0.00";"0.00"
"2018";"6";"28";"4";"2";"4275";"195.";"0.6";"16.3";"93.";"0.";"0.00";"0.00";"0.00"
"2018";"6";"28";"4";"3";"4276";"200.";"0.7";"15.8";"94.";"1.";"0.00";"0.00";"0.00"
"2018";"6";"28";"4";"4";"4277";"154.";"0.6";"16.4";"92.";"0.";"37.34";"148.90";"15.43"
"2018";"6";"28";"4";"5";"4278";"203.";"0.4";"18.4";"87.";"0.";"166.28";"389.06";"60.88"
"2018";"6";"28";"4";"6";"4279";"240.";"1.2";"20.8";"74.";"0.";"326.81";"639.82";"71.48"
"2018";"6";"28";"4";"7";"4280";"261.";"1.8";"22.8";"66.";"0.";"473.68";"712.68";"101.05"
"2018";"6";"28";"4";"8";"4281";"273.";"2.7";"23.9";"59.";"0.";"610.32";"767.82";"123.64"
"2018";"6";"28";"4";"9";"4282";"280.";"3.0";"24.1";"51.";"0.";"727.32";"808.95";"141.25"
"2018";"6";"28";"4";"10";"4283";"294.";"3.9";"24.8";"48.";"0.";"789.26";"746.80";"200.36"
"2018";"6";"28";"4";"11";"4284";"291.";"4.4";"25.2";"42.";"0.";"816.03";"684.64";"253.45"
"2018";"6";"28";"4";"12";"4285";"278.";"3.9";"24.5";"41.";"0.";"840.37";"780.32";"199.16"
"2018";"6";"28";"4";"13";"4286";"272.";"4.6";"24.7";"43.";"0.";"792.03";"741.06";"207.65"
"2018";"6";"28";"4";"14";"4287";"263.";"4.4";"25.1";"44.";"1.";"710.08";"765.61";"155.41"
"2018";"6";"28";"4";"15";"4288";"272.";"4.1";"24.1";"46.";"8.";"388.84";"0.00";"388.84"
"2018";"6";"28";"4";"16";"4289";"261.";"3.9";"24.0";"47.";"1.";"472.65";"684.44";"114.77"
"2018";"6";"28";"4";"17";"4290";"246.";"4.4";"23.7";"50.";"0.";"338.56";"662.45";"74.20"
"2018";"6";"28";"4";"18";"4291";"246.";"4.9";"22.8";"50.";"0.";"188.34";"507.77";"50.78"
"2018";"6";"28";"4";"19";"4292";"251.";"4.2";"21.6";"52.";"3.";"41.22";"155.25";"18.38"
"2018";"6";"28";"4";"20";"4293";"270.";"3.6";"20.1";"52.";"2.";"0.00";"0.00";"0.00"
"2018";"6";"28";"4";"21";"4294";"283.";"4.0";"18.6";"67.";"7.";"0.00";"0.00";"0.00"
"2018";"6";"28";"4";"22";"4295";"314.";"1.5";"17.4";"79.";"8.";"0.00";"0.00";"0.00"
"2018";"6";"28";"4";"23";"4296";"20.";"1.9";"16.4";"84.";"8.";"0.00";"0.00";"0.00"
"2018";"6";"29";"5";"0";"4297";"32.";"3.4";"16.9";"75.";"8.";"0.00";"0.00";"0.00"
"2018";"6";"29";"5";"1";"4298";"46.";"5.5";"17.6";"57.";"8.";"0.00";"0.00";"0.00"
"2018";"6";"29";"5";"2";"4299";"42.";"6.0";"16.5";"51.";"6.";"0.00";"0.00";"0.00"
"2018";"6";"29";"5";"3";"4300";"44.";"6.0";"14.9";"54.";"1.";"0.00";"0.00";"0.00"
"2018";"6";"29";"5";"4";"4301";"42.";"5.7";"14.7";"55.";"0.";"71.29";"328.87";"23.10"
"2018";"6";"29";"5";"5";"4302";"45.";"6.0";"15.2";"53.";"2.";"188.90";"436.02";"71.02"
"2018";"6";"29";"5";"6";"4303";"42.";"5.8";"16.1";"49.";"0.";"361.29";"740.51";"66.16"
"2018";"6";"29";"5";"7";"4304";"37.";"5.1";"17.0";"46.";"0.";"508.44";"794.64";"93.33"
"2018";"6";"29";"5";"8";"4305";"29.";"4.5";"18.1";"43.";"0.";"643.87";"846.15";"107.91"
"2018";"6";"29";"5";"9";"4306";"27.";"4.4";"18.9";"39.";"0.";"749.88";"842.42";"139.92"
"2018";"6";"29";"5";"10";"4307";"13.";"4.2";"19.2";"36.";"0.";"839.73";"918.01";"116.19"
"2018";"6";"29";"5";"11";"4308";"5.";"4.2";"20.8";"32.";"0.";"879.15";"916.69";"126.23"
"2018";"6";"29";"5";"12";"4309";"357.";"3.7";"21.1";"30.";"0.";"866.74";"848.43";"169.89"
"2018";"6";"29";"5";"13";"4310";"9.";"3.6";"21.9";"28.";"0.";"841.32";"917.90";"117.86"
"2018";"6";"29";"5";"14";"4311";"11.";"3.7";"21.9";"29.";"0.";"764.86";"919.05";"99.40"
"2018";"6";"29";"5";"15";"4312";"8.";"3.3";"22.1";"28.";"0.";"652.02";"876.53";"96.82"
"2018";"6";"29";"5";"16";"4313";"4.";"3.2";"21.8";"31.";"0.";"513.47";"819.21";"85.53"
"2018";"6";"29";"5";"17";"4314";"27.";"2.8";"21.9";"33.";"0.";"360.42";"724.13";"71.81"
"2018";"6";"29";"5";"18";"4315";"45.";"1.7";"21.1";"32.";"0.";"211.44";"601.92";"48.71"
"2018";"6";"29";"5";"19";"4316";"85.";"2.6";"20.0";"32.";"0.";"78.07";"360.16";"25.30"
"2018";"6";"29";"5";"20";"4317";"86.";"1.5";"17.4";"44.";"0.";"0.00";"0.00";"0.00"
"2018";"6";"29";"5";"21";"4318";"111.";"0.5";"14.3";"53.";"0.";"0.00";"0.00";"0.00"
"2018";"6";"29";"5";"22";"4319";"23.";"0.1";"12.2";"62.";"0.";"0.00";"0.00";"0.00"
"2018";"6";"29";"5";"23";"4320";"27.";"0.7";"11.6";"70.";"0.";"0.00";"0.00";"0.00"
"2018";"6";"30";"6";"0";"4321";"30.";"1.0";"11.6";"73.";"0.";"0.00";"0.00";"0.00"
"2018";"6";"30";"6";"1";"4322";"24.";"1.1";"10.0";"75.";"0.";"0.00";"0.00";"0.00"
"2018";"6";"30";"6";"2";"4323";"33.";"1.4";"10.5";"77.";"0.";"0.00";"0.00";"0.00"
"2018";"6";"30";"6";"3";"4324";"44.";"1.8";"10.1";"75.";"0.";"0.00";"0.00";"0.00"
"2018";"6";"30";"6";"4";"4325";"48.";"2.6";"11.9";"71.";"0.";"67.78";"313.84";"22.02"
"2018";"6";"30";"6";"5";"4326";"49.";"2.8";"14.2";"64.";"0.";"206.88";"584.30";"49.29"
"2018";"6";"30";"6";"6";"4327";"51.";"2.9";"16.4";"57.";"0.";"352.36";"703.20";"72.53"
"2018";"6";"30";"6";"7";"4328";"38.";"2.4";"18.0";"49.";"0.";"503.87";"790.33";"91.46"
"2018";"6";"30";"6";"8";"4329";"25.";"2.6";"19.1";"42.";"0.";"640.66";"836.57";"111.21"
"2018";"6";"30";"6";"9";"4330";"27.";"2.9";"20.0";"37.";"0.";"751.17";"856.77";"131.24"
"2018";"6";"30";"6";"10";"4331";"1.";"2.7";"20.7";"33.";"0.";"840.31";"927.23";"109.94"
"2018";"6";"30";"6";"11";"4332";"12.";"2.8";"20.8";"32.";"0.";"870.82";"877.39";"150.59"
"2018";"6";"30";"6";"12";"4333";"14.";"3.3";"21.4";"32.";"0.";"876.12";"909.13";"129.83"
"2018";"6";"30";"6";"13";"4334";"25.";"4.1";"21.8";"29.";"0.";"836.74";"900.06";"127.77"
"2018";"6";"30";"6";"14";"4335";"30.";"4.6";"21.7";"27.";"0.";"758.89";"877.81";"123.74"
"2018";"6";"30";"6";"15";"4336";"28.";"4.2";"21.1";"26.";"0.";"670.95";"904.43";"98.55"
"2018";"6";"30";"6";"16";"4337";"30.";"3.6";"21.1";"25.";"0.";"518.67";"828.30";"86.45"
"2018";"6";"30";"6";"17";"4338";"54.";"3.8";"20.7";"28.";"0.";"367.58";"754.74";"67.24"
"2018";"6";"30";"6";"18";"4339";"56.";"3.2";"20.1";"30.";"0.";"218.95";"618.39";"52.17"
"2018";"6";"30";"6";"19";"4340";"56.";"3.5";"19.2";"36.";"0.";"73.60";"346.59";"23.06"
"2018";"6";"30";"6";"20";"4341";"65.";"3.2";"17.7";"43.";"0.";"0.00";"0.00";"0.00"
"2018";"6";"30";"6";"21";"4342";"73.";"2.9";"15.6";"52.";"0.";"0.00";"0.00";"0.00"
"2018";"6";"30";"6";"22";"4343";"73.";"2.8";"13.8";"60.";"0.";"0.00";"0.00";"0.00"
"2018";"6";"30";"6";"23";"4344";"70.";"2.2";"11.8";"64.";"0.";"0.00";"0.00";"0.00"
"2018";"7";"1";"7";"0";"4345";"78.";"2.5";"11.6";"67.";"0.";"0.00";"0.00";"0.00"
"2018";"7";"1";"7";"1";"4346";"81.";"2.1";"12.1";"69.";"0.";"0.00";"0.00";"0.00"
"2018";"7";"1";"7";"2";"4347";"80.";"1.6";"10.3";"73.";"0.";"0.00";"0.00";"0.00"
"2018";"7";"1";"7";"3";"4348";"73.";"1.5";"9.1";"74.";"0.";"0.00";"0.00";"0.00"
"2018";"7";"1";"7";"4";"4349";"67.";"1.6";"11.5";"71.";"0.";"72.02";"334.89";"23.45"
"2018";"7";"1";"7";"5";"4350";"71.";"2.1";"13.9";"62.";"0.";"207.95";"583.30";"51.08"
"2018";"7";"1";"7";"6";"4351";"72.";"2.7";"16.9";"51.";"0.";"362.52";"739.17";"68.90"
"2018";"7";"1";"7";"7";"4352";"65.";"2.6";"19.0";"41.";"0.";"517.14";"834.43";"82.25"
"2018";"7";"1";"7";"8";"4353";"52.";"2.9";"20.1";"37.";"0.";"670.67";"904.83";"98.57"
"2018";"7";"1";"7";"9";"4354";"53.";"3.7";"20.7";"35.";"0.";"765.13";"905.49";"110.45"
"2018";"7";"1";"7";"10";"4355";"44.";"3.3";"21.7";"33.";"0.";"847.48";"943.13";"105.10"
"2018";"7";"1";"7";"11";"4356";"51.";"4.2";"22.2";"32.";"0.";"885.39";"933.73";"119.40"
"2018";"7";"1";"7";"12";"4357";"26.";"3.2";"22.5";"31.";"0.";"887.85";"945.87";"111.90"
"2018";"7";"1";"7";"13";"4358";"38.";"3.7";"22.9";"28.";"0.";"850.88";"952.00";"101.51"
"2018";"7";"1";"7";"14";"4359";"44.";"3.1";"23.2";"27.";"0.";"768.35";"912.00";"108.98"
"2018";"7";"1";"7";"15";"4360";"51.";"3.3";"23.2";"25.";"0.";"675.88";"911.86";"99.33"
"2018";"7";"1";"7";"16";"4361";"51.";"3.2";"23.2";"27.";"0.";"520.63";"834.71";"85.61"
"2018";"7";"1";"7";"17";"4362";"52.";"3.4";"22.9";"28.";"0.";"369.09";"751.86";"70.42"
"2018";"7";"1";"7";"18";"4363";"47.";"3.2";"22.2";"28.";"0.";"222.11";"628.77";"53.00"
"2018";"7";"1";"7";"19";"4364";"42.";"2.8";"20.9";"31.";"0.";"79.70";"370.63";"25.96"
"2018";"7";"1";"7";"20";"4365";"40.";"2.0";"18.2";"42.";"1.";"0.00";"0.00";"0.00"
"2018";"7";"1";"7";"21";"4366";"59.";"1.8";"14.6";"51.";"0.";"0.00";"0.00";"0.00"
"2018";"7";"1";"7";"22";"4367";"54.";"1.3";"12.8";"59.";"0.";"0.00";"0.00";"0.00"
"2018";"7";"1";"7";"23";"4368";"54.";"1.4";"13.6";"64.";"0.";"0.00";"0.00";"0.00"
"2018";"7";"2";"1";"0";"4369";"30.";"1.2";"11.5";"68.";"0.";"0.00";"0.00";"0.00"
"2018";"7";"2";"1";"1";"4370";"36.";"1.4";"9.7";"72.";"0.";"0.00";"0.00";"0.00"
"2018";"7";"2";"1";"2";"4371";"51.";"1.6";"10.7";"74.";"0.";"0.00";"0.00";"0.00"
"2018";"7";"2";"1";"3";"4372";"44.";"1.5";"10.5";"76.";"0.";"0.00";"0.00";"0.00"
"2018";"7";"2";"1";"4";"4373";"53.";"1.8";"12.1";"72.";"0.";"68.82";"321.56";"22.48"
"2018";"7";"2";"1";"5";"4374";"60.";"1.9";"14.4";"61.";"0.";"207.07";"592.29";"48.28"
"2018";"7";"2";"1";"6";"4375";"60.";"2.3";"17.3";"49.";"0.";"370.71";"754.77";"71.48"
"2018";"7";"2";"1";"7";"4376";"37.";"2.2";"19.2";"42.";"0.";"508.55";"779.99";"102.61"
"2018";"7";"2";"1";"8";"4377";"1.";"2.9";"20.1";"36.";"0.";"655.92";"898.14";"88.66"
"2018";"7";"2";"1";"9";"4378";"351.";"4.0";"21.0";"31.";"0.";"763.62";"889.53";"121.07"
"2018";"7";"2";"1";"10";"4379";"14.";"4.3";"21.8";"27.";"1.";"816.79";"818.49";"173.02"
"2018";"7";"2";"1";"11";"4380";"1.";"4.2";"23.1";"25.";"0.";"884.50";"913.92";"135.31"
"2018";"7";"2";"1";"12";"4381";"350.";"4.7";"23.3";"27.";"0.";"882.07";"909.86";"136.20"
"2018";"7";"2";"1";"13";"4382";"346.";"4.8";"23.7";"29.";"0.";"838.02";"894.56";"134.42"
"2018";"7";"2";"1";"14";"4383";"318.";"5.9";"23.3";"35.";"0.";"714.26";"664.59";"234.19"
"2018";"7";"2";"1";"15";"4384";"313.";"6.1";"22.9";"39.";"0.";"638.44";"821.59";"119.53"
"2018";"7";"2";"1";"16";"4385";"308.";"6.0";"22.5";"41.";"0.";"501.50";"763.51";"104.14"
"2018";"7";"2";"1";"17";"4386";"304.";"5.8";"21.7";"46.";"0.";"351.19";"694.18";"75.97"
"2018";"7";"2";"1";"18";"4387";"304.";"4.9";"21.1";"48.";"0.";"197.81";"545.70";"51.51"
"2018";"7";"2";"1";"19";"4388";"304.";"4.1";"19.9";"53.";"0.";"58.20";"270.74";"19.18"
"2018";"7";"2";"1";"20";"4389";"307.";"2.9";"18.3";"63.";"0.";"0.00";"0.00";"0.00"
"2018";"7";"2";"1";"21";"4390";"303.";"2.0";"16.5";"75.";"0.";"0.00";"0.00";"0.00"
"2018";"7";"2";"1";"22";"4391";"310.";"1.0";"14.0";"81.";"0.";"0.00";"0.00";"0.00"
"2018";"7";"2";"1";"23";"4392";"306.";"0.6";"12.7";"85.";"0.";"0.00";"0.00";"0.00"
"2018";"7";"3";"2";"0";"4393";"318.";"0.4";"12.3";"88.";"0.";"0.00";"0.00";"0.00"
"2018";"7";"3";"2";"1";"4394";"139.";"0.0";"11.5";"89.";"0.";"0.00";"0.00";"0.00"
"2018";"7";"3";"2";"2";"4395";"177.";"0.4";"11.2";"89.";"0.";"0.00";"0.00";"0.00"
"2018";"7";"3";"2";"3";"4396";"125.";"0.4";"11.6";"90.";"0.";"0.00";"0.00";"0.00"
"2018";"7";"3";"2";"4";"4397";"164.";"0.5";"13.6";"88.";"0.";"51.74";"239.01";"17.53"
"2018";"7";"3";"2";"5";"4398";"240.";"1.0";"16.6";"82.";"0.";"182.03";"478.85";"54.10"
"2018";"7";"3";"2";"6";"4399";"244.";"1.3";"19.3";"74.";"0.";"327.48";"596.53";"91.51"
"2018";"7";"3";"2";"7";"4400";"259.";"1.7";"20.8";"66.";"0.";"478.61";"698.32";"115.75"
"2018";"7";"3";"2";"8";"4401";"264.";"1.9";"21.9";"60.";"0.";"614.32";"754.71";"138.22"
"2018";"7";"3";"2";"9";"4402";"268.";"2.8";"22.9";"57.";"0.";"723.77";"787.71";"155.33"
"2018";"7";"3";"2";"10";"4403";"271.";"3.2";"23.0";"57.";"0.";"794.29";"772.65";"187.10"
"2018";"7";"3";"2";"11";"4404";"271.";"4.4";"22.8";"55.";"1.";"785.56";"726.87";"190.19"
"2018";"7";"3";"2";"12";"4405";"272.";"4.7";"23.4";"50.";"0.";"850.60";"840.26";"162.36"
"2018";"7";"3";"2";"13";"4406";"276.";"3.8";"24.5";"44.";"1.";"769.75";"692.17";"225.82"
"2018";"7";"3";"2";"14";"4407";"275.";"4.5";"24.6";"41.";"0.";"734.99";"804.94";"154.11"
"2018";"7";"3";"2";"15";"4408";"293.";"4.5";"24.0";"39.";"0.";"637.21";"834.02";"111.08"
"2018";"7";"3";"2";"16";"4409";"296.";"4.5";"23.7";"42.";"0.";"492.44";"726.37";"115.01"
"2018";"7";"3";"2";"17";"4410";"298.";"4.1";"23.0";"48.";"0.";"340.40";"641.22";"86.75"
"2018";"7";"3";"2";"18";"4411";"305.";"3.3";"21.9";"51.";"0.";"187.98";"482.35";"59.12"
"2018";"7";"3";"2";"19";"4412";"310.";"2.6";"20.8";"57.";"0.";"49.15";"209.14";"19.22"
"2018";"7";"3";"2";"20";"4413";"307.";"2.0";"18.8";"68.";"0.";"0.00";"0.00";"0.00"
"2018";"7";"3";"2";"21";"4414";"317.";"1.3";"16.9";"77.";"0.";"0.00";"0.00";"0.00"
"2018";"7";"3";"2";"22";"4415";"330.";"0.9";"15.1";"83.";"0.";"0.00";"0.00";"0.00"
"2018";"7";"3";"2";"23";"4416";"334.";"0.8";"14.6";"86.";"0.";"0.00";"0.00";"0.00"
"2018";"7";"4";"3";"0";"4417";"298.";"1.1";"13.9";"89.";"0.";"0.00";"0.00";"0.00"
"2018";"7";"4";"3";"1";"4418";"285.";"1.1";"13.5";"89.";"0.";"0.00";"0.00";"0.00"
"2018";"7";"4";"3";"2";"4419";"268.";"1.4";"13.1";"90.";"1.";"0.00";"0.00";"0.00"
"2018";"7";"4";"3";"3";"4420";"284.";"0.6";"12.8";"89.";"1.";"0.00";"0.00";"0.00"
"2018";"7";"4";"3";"4";"4421";"263.";"0.5";"13.7";"88.";"2.";"41.44";"148.51";"20.36"
"2018";"7";"4";"3";"5";"4422";"267.";"0.7";"16.6";"82.";"1.";"162.28";"353.67";"68.17"
"2018";"7";"4";"3";"6";"4423";"257.";"0.9";"18.6";"75.";"2.";"274.23";"407.49";"113.44"
"2018";"7";"4";"3";"7";"4424";"246.";"1.5";"20.5";"65.";"0.";"472.39";"650.98";"134.72"
"2018";"7";"4";"3";"8";"4425";"250.";"3.0";"20.9";"59.";"0.";"601.90";"670.41";"179.55"
"2018";"7";"4";"3";"9";"4426";"254.";"2.8";"21.7";"54.";"0.";"718.40";"738.26";"186.23"
"2018";"7";"4";"3";"10";"4427";"253.";"3.6";"22.7";"52.";"0.";"796.06";"764.33";"195.99"
"2018";"7";"4";"3";"11";"4428";"259.";"3.6";"23.2";"44.";"0.";"850.14";"817.96";"180.76"
"2018";"7";"4";"3";"12";"4429";"255.";"3.3";"23.0";"43.";"0.";"865.54";"889.61";"137.53"
"2018";"7";"4";"3";"13";"4430";"248.";"3.4";"23.4";"44.";"0.";"829.89";"918.48";"108.79"
"2018";"7";"4";"3";"14";"4431";"246.";"3.0";"23.6";"46.";"0.";"733.27";"808.74";"150.28"
"2018";"7";"4";"3";"15";"4432";"243.";"3.1";"23.1";"48.";"0.";"629.59";"821.28";"112.19"
"2018";"7";"4";"3";"16";"4433";"239.";"3.2";"22.6";"49.";"0.";"493.87";"765.99";"96.53"
"2018";"7";"4";"3";"17";"4434";"237.";"2.7";"22.2";"49.";"0.";"345.81";"693.74";"72.06"
"2018";"7";"4";"3";"18";"4435";"231.";"2.1";"21.4";"52.";"0.";"191.63";"539.85";"47.97"
"2018";"7";"4";"3";"19";"4436";"231.";"2.0";"20.1";"59.";"0.";"49.74";"235.17";"16.35"
"2018";"7";"4";"3";"20";"4437";"236.";"1.9";"18.2";"71.";"0.";"0.00";"0.00";"0.00"
"2018";"7";"4";"3";"21";"4438";"287.";"0.9";"16.6";"78.";"0.";"0.00";"0.00";"0.00"
"2018";"7";"4";"3";"22";"4439";"309.";"1.3";"14.9";"83.";"0.";"0.00";"0.00";"0.00"
"2018";"7";"4";"3";"23";"4440";"316.";"1.8";"14.4";"87.";"2.";"0.00";"0.00";"0.00"
"2018";"7";"5";"4";"0";"4441";"316.";"1.8";"13.8";"88.";"8.";"0.00";"0.00";"0.00"
"2018";"7";"5";"4";"1";"4442";"303.";"2.1";"14.7";"87.";"8.";"0.00";"0.00";"0.00"
"2018";"7";"5";"4";"2";"4443";"288.";"2.5";"15.5";"86.";"6.";"0.00";"0.00";"0.00"
"2018";"7";"5";"4";"3";"4444";"284.";"2.0";"15.7";"83.";"7.";"0.00";"0.00";"0.00"
"2018";"7";"5";"4";"4";"4445";"274.";"2.0";"16.3";"82.";"7.";"17.49";"23.11";"14.24"
"2018";"7";"5";"4";"5";"4446";"266.";"2.1";"17.2";"79.";"7.";"73.19";"56.84";"58.13"
"2018";"7";"5";"4";"6";"4447";"258.";"1.9";"17.8";"74.";"7.";"137.42";"79.94";"105.96"
"2018";"7";"5";"4";"7";"4448";"251.";"2.6";"17.7";"73.";"6.";"250.92";"198.34";"148.23"
"2018";"7";"5";"4";"8";"4449";"246.";"2.6";"17.8";"72.";"6.";"319.37";"207.38";"188.91"
"2018";"7";"5";"4";"9";"4450";"244.";"3.1";"18.2";"68.";"5.";"439.95";"304.05";"221.04"
"2018";"7";"5";"4";"10";"4451";"237.";"3.1";"18.9";"65.";"5.";"493.04";"331.26";"233.25"
"2018";"7";"5";"4";"11";"4452";"232.";"3.8";"20.0";"62.";"4.";"587.19";"425.43";"239.39"
"2018";"7";"5";"4";"12";"4453";"231.";"4.4";"20.1";"62.";"5.";"512.28";"319.23";"251.29"
"2018";"7";"5";"4";"13";"4454";"233.";"4.8";"19.5";"61.";"2.";"696.34";"648.73";"187.57"
"2018";"7";"5";"4";"14";"4455";"225.";"4.5";"19.7";"60.";"3.";"568.48";"517.90";"195.60"
"2018";"7";"5";"4";"15";"4456";"230.";"3.9";"19.7";"59.";"0.";"626.14";"802.59";"121.25"
"2018";"7";"5";"4";"16";"4457";"225.";"3.2";"19.5";"61.";"2.";"416.64";"555.24";"129.17"
"2018";"7";"5";"4";"17";"4458";"230.";"3.3";"18.9";"62.";"0.";"341.80";"673.80";"76.63"
"2018";"7";"5";"4";"18";"4459";"220.";"3.3";"18.8";"65.";"0.";"185.14";"497.28";"53.37"
"2018";"7";"5";"4";"19";"4460";"224.";"3.7";"18.2";"69.";"0.";"45.87";"207.05";"16.72"
"2018";"7";"5";"4";"20";"4461";"233.";"3.6";"17.4";"74.";"2.";"0.00";"0.00";"0.00"
"2018";"7";"5";"4";"21";"4462";"235.";"3.2";"16.8";"77.";"3.";"0.00";"0.00";"0.00"
"2018";"7";"5";"4";"22";"4463";"236.";"3.1";"16.6";"77.";"5.";"0.00";"0.00";"0.00"
"2018";"7";"5";"4";"23";"4464";"229.";"2.8";"16.2";"77.";"6.";"0.00";"0.00";"0.00"
"2018";"7";"6";"5";"0";"4465";"216.";"2.7";"15.8";"77.";"8.";"0.00";"0.00";"0.00"
"2018";"7";"6";"5";"1";"4466";"198.";"2.5";"15.7";"78.";"8.";"0.00";"0.00";"0.00"
"2018";"7";"6";"5";"2";"4467";"185.";"2.2";"15.6";"78.";"8.";"0.00";"0.00";"0.00"
"2018";"7";"6";"5";"3";"4468";"173.";"2.0";"15.4";"79.";"7.";"0.00";"0.00";"0.00"
"2018";"7";"6";"5";"4";"4469";"164.";"2.5";"15.7";"78.";"8.";"14.50";"0.00";"14.50"
"2018";"7";"6";"5";"5";"4470";"175.";"3.4";"16.8";"74.";"6.";"93.72";"125.07";"60.73"
"2018";"7";"6";"5";"6";"4471";"187.";"3.1";"17.6";"71.";"6.";"168.58";"150.50";"109.52"
"2018";"7";"6";"5";"7";"4472";"193.";"3.0";"18.7";"67.";"5.";"289.91";"265.35";"152.81"
"2018";"7";"6";"5";"8";"4473";"198.";"2.9";"20.0";"65.";"3.";"475.52";"478.22";"175.17"
"2018";"7";"6";"5";"9";"4474";"209.";"2.9";"21.0";"62.";"2.";"605.19";"540.44";"216.58"
"2018";"7";"6";"5";"10";"4475";"211.";"3.1";"21.1";"62.";"5.";"475.62";"283.96";"253.18"
"2018";"7";"6";"5";"11";"4476";"219.";"3.2";"21.6";"64.";"5.";"495.54";"279.86";"266.99"
"2018";"7";"6";"5";"12";"4477";"212.";"3.3";"22.2";"62.";"4.";"574.72";"396.12";"251.22"
"2018";"7";"6";"5";"13";"4478";"226.";"3.7";"22.2";"64.";"4.";"546.44";"392.92";"238.63"
"2018";"7";"6";"5";"14";"4479";"240.";"3.5";"21.9";"65.";"2.";"599.30";"530.08";"218.14"
"2018";"7";"6";"5";"15";"4480";"249.";"3.5";"22.0";"65.";"5.";"362.85";"271.10";"192.58"
"2018";"7";"6";"5";"16";"4481";"251.";"3.1";"20.9";"69.";"7.";"191.93";"81.20";"149.98"
"2018";"7";"6";"5";"17";"4482";"259.";"3.5";"19.7";"73.";"4.";"218.95";"270.45";"112.82"
"2018";"7";"6";"5";"18";"4483";"268.";"3.4";"19.2";"74.";"8.";"52.86";"0.00";"52.86"
"2018";"7";"6";"5";"19";"4484";"263.";"2.6";"18.4";"76.";"8.";"11.40";"0.00";"11.40"
"2018";"7";"6";"5";"20";"4485";"251.";"2.0";"17.8";"80.";"7.";"0.00";"0.00";"0.00"
"2018";"7";"6";"5";"21";"4486";"248.";"1.4";"17.5";"82.";"8.";"0.00";"0.00";"0.00"
"2018";"7";"6";"5";"22";"4487";"217.";"1.6";"17.4";"84.";"6.";"0.00";"0.00";"0.00"
"2018";"7";"6";"5";"23";"4488";"228.";"1.7";"17.0";"85.";"6.";"0.00";"0.00";"0.00"
"2018";"7";"7";"6";"0";"4489";"234.";"1.8";"16.7";"84.";"8.";"0.00";"0.00";"0.00"
"2018";"7";"7";"6";"1";"4490";"222.";"1.2";"16.2";"85.";"7.";"0.00";"0.00";"0.00"
"2018";"7";"7";"6";"2";"4491";"179.";"0.7";"15.7";"87.";"7.";"0.00";"0.00";"0.00"
"2018";"7";"7";"6";"3";"4492";"126.";"0.8";"15.3";"88.";"7.";"0.00";"0.00";"0.00"
"2018";"7";"7";"6";"4";"4493";"101.";"1.1";"15.0";"90.";"2.";"34.34";"105.34";"19.79"
"2018";"7";"7";"6";"5";"4494";"95.";"1.5";"16.2";"86.";"7.";"113.62";"46.46";"101.43"
"2018";"7";"7";"6";"6";"4495";"44.";"1.5";"18.8";"74.";"3.";"242.18";"313.60";"119.51"
"2018";"7";"7";"6";"7";"4496";"17.";"1.7";"20.3";"69.";"2.";"393.76";"460.70";"156.27"
"2018";"7";"7";"6";"8";"4497";"8.";"2.1";"22.0";"63.";"2.";"509.75";"519.14";"184.25"
"2018";"7";"7";"6";"9";"4498";"1.";"1.6";"23.7";"60.";"5.";"429.46";"289.73";"221.42"
"2018";"7";"7";"6";"10";"4499";"17.";"2.0";"24.3";"60.";"8.";"244.65";"0.00";"244.65"
"2018";"7";"7";"6";"11";"4500";"17.";"3.2";"24.5";"57.";"8.";"258.04";"0.00";"258.04"
"2018";"7";"7";"6";"12";"4501";"17.";"3.6";"24.7";"56.";"5.";"505.10";"313.44";"249.42"
"2018";"7";"7";"6";"13";"4502";"17.";"3.7";"25.0";"55.";"8.";"245.05";"0.00";"245.05"
"2018";"7";"7";"6";"14";"4503";"16.";"4.1";"24.5";"55.";"5.";"434.42";"303.33";"216.62"
"2018";"7";"7";"6";"15";"4504";"19.";"4.0";"23.7";"55.";"4.";"428.67";"415.65";"168.06"
"2018";"7";"7";"6";"16";"4505";"22.";"3.7";"23.5";"55.";"3.";"375.92";"490.11";"123.27"
"2018";"7";"7";"6";"17";"4506";"27.";"3.6";"22.9";"57.";"0.";"333.01";"677.63";"67.95"
"2018";"7";"7";"6";"18";"4507";"33.";"3.7";"22.1";"60.";"0.";"178.90";"525.24";"41.07"
"2018";"7";"7";"6";"19";"4508";"29.";"3.2";"21.1";"64.";"1.";"35.23";"160.42";"13.08"
"2018";"7";"7";"6";"20";"4509";"25.";"2.3";"19.9";"69.";"1.";"0.00";"0.00";"0.00"
"2018";"7";"7";"6";"21";"4510";"22.";"1.7";"18.5";"74.";"8.";"0.00";"0.00";"0.00"
"2018";"7";"7";"6";"22";"4511";"17.";"1.7";"17.5";"78.";"3.";"0.00";"0.00";"0.00"
"2018";"7";"7";"6";"23";"4512";"22.";"1.7";"16.2";"83.";"0.";"0.00";"0.00";"0.00"
"2018";"7";"8";"7";"0";"4513";"28.";"1.2";"15.3";"86.";"0.";"0.00";"0.00";"0.00"
"2018";"7";"8";"7";"1";"4514";"59.";"1.5";"14.4";"88.";"0.";"0.00";"0.00";"0.00"
"2018";"7";"8";"7";"2";"4515";"24.";"1.2";"14.1";"89.";"0.";"0.00";"0.00";"0.00"
"2018";"7";"8";"7";"3";"4516";"46.";"1.4";"13.0";"88.";"0.";"0.00";"0.00";"0.00"
"2018";"7";"8";"7";"4";"4517";"66.";"1.4";"14.5";"86.";"0.";"44.24";"215.44";"14.82"
"2018";"7";"8";"7";"5";"4518";"88.";"1.1";"16.9";"77.";"0.";"181.72";"535.03";"42.08"
"2018";"7";"8";"7";"6";"4519";"100.";"0.4";"20.0";"61.";"0.";"339.71";"713.73";"61.48"
"2018";"7";"8";"7";"7";"4520";"277.";"0.5";"22.3";"49.";"0.";"492.13";"781.93";"90.00"
"2018";"7";"8";"7";"8";"4521";"274.";"2.6";"23.2";"46.";"0.";"631.82";"854.88";"96.80"
"2018";"7";"8";"7";"9";"4522";"277.";"3.4";"23.4";"48.";"1.";"703.78";"739.90";"173.31"
"2018";"7";"8";"7";"10";"4523";"274.";"3.7";"23.7";"52.";"1.";"754.50";"768.75";"153.83"
"2018";"7";"8";"7";"11";"4524";"278.";"3.8";"23.9";"50.";"2.";"727.70";"659.95";"190.03"
"2018";"7";"8";"7";"12";"4525";"281.";"4.7";"24.3";"45.";"2.";"785.71";"675.34";"235.51"
"2018";"7";"8";"7";"13";"4526";"285.";"4.9";"23.8";"45.";"0.";"812.46";"848.37";"149.57"
"2018";"7";"8";"7";"14";"4527";"289.";"4.7";"24.5";"44.";"1.";"701.85";"726.25";"181.17"
"2018";"7";"8";"7";"15";"4528";"299.";"5.0";"24.6";"43.";"0.";"627.20";"827.24";"109.47"
"2018";"7";"8";"7";"16";"4529";"299.";"4.8";"24.1";"43.";"0.";"493.64";"788.80";"87.98"
"2018";"7";"8";"7";"17";"4530";"296.";"4.6";"22.7";"52.";"0.";"338.54";"704.80";"63.79"
"2018";"7";"8";"7";"18";"4531";"295.";"3.5";"21.5";"57.";"0.";"181.04";"518.56";"45.69"
"2018";"7";"8";"7";"19";"4532";"275.";"2.3";"20.6";"61.";"0.";"39.99";"187.24";"14.42"
"2018";"7";"8";"7";"20";"4533";"258.";"3.2";"19.1";"69.";"0.";"0.00";"0.00";"0.00"
"2018";"7";"8";"7";"21";"4534";"249.";"3.7";"17.7";"75.";"6.";"0.00";"0.00";"0.00"
"2018";"7";"8";"7";"22";"4535";"234.";"3.8";"16.6";"80.";"8.";"0.00";"0.00";"0.00"
"2018";"7";"8";"7";"23";"4536";"220.";"3.6";"15.7";"81.";"7.";"0.00";"0.00";"0.00"
"2018";"7";"9";"1";"0";"4537";"207.";"3.5";"15.6";"81.";"5.";"0.00";"0.00";"0.00"
"2018";"7";"9";"1";"1";"4538";"188.";"3.5";"15.3";"84.";"5.";"0.00";"0.00";"0.00"
"2018";"7";"9";"1";"2";"4539";"180.";"3.6";"15.9";"84.";"6.";"0.00";"0.00";"0.00"
"2018";"7";"9";"1";"3";"4540";"184.";"3.6";"16.3";"84.";"6.";"0.00";"0.00";"0.00"
"2018";"7";"9";"1";"4";"4541";"175.";"3.6";"17.3";"83.";"4.";"21.57";"65.51";"12.73"
"2018";"7";"9";"1";"5";"4542";"195.";"2.7";"18.6";"78.";"6.";"84.17";"101.84";"57.75"
"2018";"7";"9";"1";"6";"4543";"217.";"2.5";"20.1";"76.";"2.";"269.77";"444.47";"97.14"
"2018";"7";"9";"1";"7";"4544";"238.";"2.9";"19.7";"76.";"5.";"280.88";"255.57";"149.79"
"2018";"7";"9";"1";"8";"4545";"254.";"2.9";"20.4";"72.";"6.";"306.66";"184.83";"191.21"
"2018";"7";"9";"1";"9";"4546";"262.";"3.2";"20.7";"69.";"5.";"429.63";"290.43";"221.75"
"2018";"7";"9";"1";"10";"4547";"267.";"3.8";"20.8";"65.";"6.";"407.17";"205.55";"246.79"
"2018";"7";"9";"1";"11";"4548";"267.";"2.9";"21.0";"62.";"4.";"687.55";"404.58";"358.37"
"2018";"7";"9";"1";"12";"4549";"278.";"2.5";"21.4";"59.";"7.";"342.06";"97.42";"262.79"
"2018";"7";"9";"1";"13";"4550";"277.";"0.7";"22.4";"54.";"5.";"486.19";"317.84";"238.20"
"2018";"7";"9";"1";"14";"4551";"238.";"1.3";"22.0";"55.";"6.";"523.56";"198.96";"381.14"
"2018";"7";"9";"1";"15";"4552";"203.";"2.7";"22.5";"53.";"1.";"572.83";"689.91";"141.90"
"2018";"7";"9";"1";"16";"4553";"199.";"2.7";"21.7";"56.";"6.";"248.16";"195.96";"147.64"
"2018";"7";"9";"1";"17";"4554";"219.";"2.4";"20.9";"62.";"6.";"252.83";"175.28";"184.75"
"2018";"7";"9";"1";"18";"4555";"119.";"1.6";"17.6";"75.";"5.";"99.52";"95.56";"74.73"
"2018";"7";"9";"1";"19";"4556";"86.";"5.0";"16.5";"89.";"8.";"11.31";"0.00";"11.31"
"2018";"7";"9";"1";"20";"4557";"77.";"3.4";"16.4";"88.";"8.";"0.00";"0.00";"0.00"
"2018";"7";"9";"1";"21";"4558";"50.";"4.4";"16.3";"85.";"8.";"0.00";"0.00";"0.00"
"2018";"7";"9";"1";"22";"4559";"50.";"4.0";"16.1";"88.";"4.";"0.00";"0.00";"0.00"
"2018";"7";"9";"1";"23";"4560";"51.";"4.0";"15.9";"85.";"3.";"0.00";"0.00";"0.00"
"2018";"7";"10";"2";"0";"4561";"50.";"4.1";"15.5";"81.";"8.";"0.00";"0.00";"0.00"
"2018";"7";"10";"2";"1";"4562";"49.";"3.7";"15.2";"80.";"8.";"0.00";"0.00";"0.00"
"2018";"7";"10";"2";"2";"4563";"55.";"3.9";"15.0";"80.";"8.";"0.00";"0.00";"0.00"
"2018";"7";"10";"2";"3";"4564";"59.";"3.1";"14.6";"81.";"0.";"0.00";"0.00";"0.00"
"2018";"7";"10";"2";"4";"4565";"59.";"3.5";"15.1";"79.";"5.";"33.47";"80.58";"22.74"
"2018";"7";"10";"2";"5";"4566";"60.";"3.7";"16.0";"76.";"0.";"181.62";"536.33";"43.32"
"2018";"7";"10";"2";"6";"4567";"64.";"3.3";"17.4";"72.";"2.";"285.28";"518.63";"84.62"
"2018";"7";"10";"2";"7";"4568";"64.";"3.5";"19.5";"65.";"4.";"333.23";"381.94";"137.85"
"2018";"7";"10";"2";"8";"4569";"66.";"3.1";"20.4";"60.";"6.";"319.15";"215.34";"184.93"
"2018";"7";"10";"2";"9";"4570";"67.";"3.3";"22.3";"54.";"4.";"509.32";"445.33";"191.12"
"2018";"7";"10";"2";"10";"4571";"76.";"4.0";"23.1";"48.";"7.";"337.11";"113.04";"249.04"
"2018";"7";"10";"2";"11";"4572";"70.";"3.1";"23.6";"46.";"8.";"266.48";"0.00";"266.48"
"2018";"7";"10";"2";"12";"4573";"81.";"3.0";"24.2";"43.";"8.";"263.13";"0.00";"263.13"
"2018";"7";"10";"2";"13";"4574";"98.";"2.5";"24.6";"42.";"4.";"672.97";"447.37";"324.44"
"2018";"7";"10";"2";"14";"4575";"111.";"2.3";"25.0";"41.";"3.";"638.21";"529.89";"259.58"
"2018";"7";"10";"2";"15";"4576";"95.";"4.5";"25.3";"40.";"4.";"514.40";"415.99";"255.11"
"2018";"7";"10";"2";"16";"4577";"96.";"4.1";"25.8";"37.";"6.";"357.88";"201.82";"254.64"
"2018";"7";"10";"2";"17";"4578";"95.";"3.7";"25.8";"36.";"5.";"275.03";"271.58";"169.96"
"2018";"7";"10";"2";"18";"4579";"93.";"2.3";"25.5";"39.";"8.";"123.20";"0.00";"123.20"
"2018";"7";"10";"2";"19";"4580";"88.";"1.0";"24.3";"46.";"8.";"26.75";"0.00";"26.75"
"2018";"7";"10";"2";"20";"4581";"76.";"0.9";"21.2";"59.";"8.";"0.00";"0.00";"0.00"
"2018";"7";"10";"2";"21";"4582";"42.";"0.7";"19.2";"72.";"5.";"0.00";"0.00";"0.00"
"2018";"7";"10";"2";"22";"4583";"29.";"0.8";"18.7";"76.";"4.";"0.00";"0.00";"0.00"
"2018";"7";"10";"2";"23";"4584";"54.";"0.8";"16.5";"81.";"0.";"0.00";"0.00";"0.00"
"2018";"7";"11";"3";"0";"4585";"85.";"0.7";"15.4";"84.";"3.";"0.00";"0.00";"0.00"
"2018";"7";"11";"3";"1";"4586";"90.";"1.2";"15.4";"86.";"1.";"0.00";"0.00";"0.00"
"2018";"7";"11";"3";"2";"4587";"98.";"0.9";"15.3";"87.";"2.";"0.00";"0.00";"0.00"
"2018";"7";"11";"3";"3";"4588";"89.";"1.0";"14.3";"86.";"6.";"0.00";"0.00";"0.00"
"2018";"7";"11";"3";"4";"4589";"102.";"1.1";"15.8";"83.";"8.";"22.20";"0.00";"22.20"
"2018";"7";"11";"3";"5";"4590";"102.";"1.3";"18.6";"74.";"3.";"133.17";"321.09";"50.92"
"2018";"7";"11";"3";"6";"4591";"94.";"1.1";"21.7";"60.";"0.";"328.42";"682.36";"65.50"
"2018";"7";"11";"3";"7";"4592";"108.";"1.2";"24.2";"49.";"0.";"481.91";"769.23";"89.55"
"2018";"7";"11";"3";"8";"4593";"121.";"1.0";"25.3";"43.";"0.";"626.57";"861.06";"91.07"
"2018";"7";"11";"3";"9";"4594";"70.";"0.6";"25.3";"44.";"2.";"667.54";"635.81";"214.06"
"2018";"7";"11";"3";"10";"4595";"346.";"0.7";"24.7";"48.";"5.";"627.30";"331.44";"369.50"
"2018";"7";"11";"3";"11";"4596";"302.";"1.8";"24.2";"50.";"4.";"692.86";"424.27";"348.67"
"2018";"7";"11";"3";"12";"4597";"306.";"1.7";"24.4";"48.";"8.";"527.67";"0.00";"527.67"
"2018";"7";"11";"3";"13";"4598";"298.";"2.4";"24.5";"47.";"8.";"500.12";"0.00";"500.12"
"2018";"7";"11";"3";"14";"4599";"296.";"3.2";"24.4";"50.";"8.";"452.99";"0.00";"452.99"
"2018";"7";"11";"3";"15";"4600";"299.";"3.4";"25.4";"50.";"8.";"383.84";"0.00";"383.84"
"2018";"7";"11";"3";"16";"4601";"302.";"3.3";"25.9";"46.";"3.";"415.65";"473.91";"173.93"
"2018";"7";"11";"3";"17";"4602";"312.";"2.8";"25.4";"49.";"6.";"165.67";"165.55";"101.88"
"2018";"7";"11";"3";"18";"4603";"327.";"2.6";"25.3";"47.";"2.";"164.54";"394.10";"63.59"
"2018";"7";"11";"3";"19";"4604";"331.";"2.3";"24.1";"50.";"5.";"26.86";"65.35";"18.28"
"2018";"7";"11";"3";"20";"4605";"342.";"1.7";"21.9";"60.";"1.";"0.00";"0.00";"0.00"
"2018";"7";"11";"3";"21";"4606";"11.";"1.7";"18.7";"67.";"3.";"0.00";"0.00";"0.00"
"2018";"7";"11";"3";"22";"4607";"33.";"1.5";"17.1";"72.";"5.";"0.00";"0.00";"0.00"
"2018";"7";"11";"3";"23";"4608";"47.";"1.4";"16.6";"75.";"7.";"0.00";"0.00";"0.00"
"2018";"7";"12";"4";"0";"4609";"69.";"1.7";"15.8";"75.";"7.";"0.00";"0.00";"0.00"
"2018";"7";"12";"4";"1";"4610";"73.";"1.4";"16.0";"76.";"4.";"0.00";"0.00";"0.00"
"2018";"7";"12";"4";"2";"4611";"90.";"1.5";"15.5";"77.";"1.";"0.00";"0.00";"0.00"
"2018";"7";"12";"4";"3";"4612";"78.";"1.6";"15.1";"81.";"0.";"0.00";"0.00";"0.00"
"2018";"7";"12";"4";"4";"4613";"83.";"1.8";"16.2";"78.";"0.";"35.20";"180.99";"11.76"
"2018";"7";"12";"4";"5";"4614";"117.";"1.2";"18.8";"70.";"0.";"172.41";"514.24";"41.61"
"2018";"7";"12";"4";"6";"4615";"130.";"1.1";"21.6";"57.";"0.";"325.22";"642.22";"78.85"
"2018";"7";"12";"4";"7";"4616";"177.";"0.2";"24.0";"47.";"0.";"480.07";"750.67";"98.36"
"2018";"7";"12";"4";"8";"4617";"268.";"0.7";"25.9";"42.";"0.";"610.73";"767.52";"134.52"
"2018";"7";"12";"4";"9";"4618";"265.";"2.0";"26.6";"41.";"1.";"693.92";"719.29";"181.89"
"2018";"7";"12";"4";"10";"4619";"279.";"2.9";"26.3";"41.";"0.";"790.17";"769.46";"192.70"
"2018";"7";"12";"4";"11";"4620";"294.";"3.1";"26.7";"40.";"4.";"703.80";"455.84";"334.60"
"2018";"7";"12";"4";"12";"4621";"291.";"3.6";"27.2";"36.";"6.";"605.71";"199.37";"444.23"
"2018";"7";"12";"4";"13";"4622";"292.";"5.0";"26.5";"36.";"3.";"702.88";"530.50";"290.95"
"2018";"7";"12";"4";"14";"4623";"297.";"4.6";"27.0";"34.";"0.";"740.02";"878.69";"114.52"
"2018";"7";"12";"4";"15";"4624";"312.";"4.3";"27.7";"34.";"2.";"566.40";"604.48";"191.35"
"2018";"7";"12";"4";"16";"4625";"324.";"3.4";"27.1";"38.";"4.";"396.54";"383.08";"201.75"
"2018";"7";"12";"4";"17";"4626";"313.";"4.1";"25.8";"41.";"5.";"258.56";"266.49";"156.33"
"2018";"7";"12";"4";"18";"4627";"325.";"3.6";"25.2";"43.";"5.";"137.17";"199.87";"86.34"
"2018";"7";"12";"4";"19";"4628";"336.";"3.6";"24.1";"46.";"6.";"27.29";"47.82";"21.10"
"2018";"7";"12";"4";"20";"4629";"336.";"2.7";"21.7";"54.";"4.";"0.00";"0.00";"0.00"
"2018";"7";"12";"4";"21";"4630";"331.";"1.8";"19.7";"61.";"2.";"0.00";"0.00";"0.00"
"2018";"7";"12";"4";"22";"4631";"335.";"1.2";"17.0";"67.";"0.";"0.00";"0.00";"0.00"
"2018";"7";"12";"4";"23";"4632";"322.";"1.3";"16.0";"72.";"0.";"0.00";"0.00";"0.00"
"2018";"7";"13";"5";"0";"4633";"311.";"1.6";"15.2";"78.";"0.";"0.00";"0.00";"0.00"
"2018";"7";"13";"5";"1";"4634";"285.";"1.1";"14.1";"80.";"0.";"0.00";"0.00";"0.00"
"2018";"7";"13";"5";"2";"4635";"289.";"0.9";"13.6";"83.";"0.";"0.00";"0.00";"0.00"
"2018";"7";"13";"5";"3";"4636";"304.";"0.4";"13.7";"88.";"2.";"0.00";"0.00";"0.00"
"2018";"7";"13";"5";"4";"4637";"84.";"0.8";"15.8";"84.";"2.";"27.23";"109.71";"13.25"
"2018";"7";"13";"5";"5";"4638";"342.";"0.4";"18.3";"81.";"7.";"107.70";"55.16";"93.77"
"2018";"7";"13";"5";"6";"4639";"297.";"0.7";"21.4";"70.";"2.";"267.14";"470.73";"87.39"
"2018";"7";"13";"5";"7";"4640";"292.";"1.2";"23.4";"59.";"2.";"396.09";"528.20";"128.38"
"2018";"7";"13";"5";"8";"4641";"295.";"1.5";"24.9";"51.";"0.";"608.57";"797.05";"115.28"
"2018";"7";"13";"5";"9";"4642";"285.";"2.3";"25.7";"50.";"0.";"712.30";"790.65";"150.63"
"2018";"7";"13";"5";"10";"4643";"268.";"3.6";"25.2";"56.";"0.";"789.41";"820.61";"153.37"
"2018";"7";"13";"5";"11";"4644";"265.";"4.2";"25.6";"56.";"1.";"769.38";"725.63";"182.65"
"2018";"7";"13";"5";"12";"4645";"267.";"4.5";"25.6";"52.";"1.";"791.12";"700.50";"224.71"
"2018";"7";"13";"5";"13";"4646";"269.";"4.6";"25.7";"46.";"0.";"796.29";"820.48";"160.35"
"2018";"7";"13";"5";"14";"4647";"274.";"4.1";"25.6";"44.";"0.";"721.51";"812.86";"144.06"
"2018";"7";"13";"5";"15";"4648";"288.";"4.4";"24.7";"55.";"1.";"554.20";"648.84";"152.64"
"2018";"7";"13";"5";"16";"4649";"291.";"4.6";"23.9";"61.";"8.";"285.45";"0.00";"285.45"
"2018";"7";"13";"5";"17";"4650";"292.";"4.2";"22.6";"61.";"0.";"311.10";"577.42";"90.61"
"2018";"7";"13";"5";"18";"4651";"288.";"4.0";"21.3";"61.";"1.";"160.19";"420.59";"54.02"
"2018";"7";"13";"5";"19";"4652";"287.";"3.3";"20.0";"65.";"0.";"28.27";"124.24";"12.43"
"2018";"7";"13";"5";"20";"4653";"290.";"2.7";"18.5";"70.";"0.";"0.00";"0.00";"0.00"
"2018";"7";"13";"5";"21";"4654";"283.";"2.4";"17.4";"76.";"0.";"0.00";"0.00";"0.00"
"2018";"7";"13";"5";"22";"4655";"268.";"3.0";"16.6";"79.";"0.";"0.00";"0.00";"0.00"
"2018";"7";"13";"5";"23";"4656";"265.";"3.2";"15.8";"83.";"0.";"0.00";"0.00";"0.00"
"2018";"7";"14";"6";"0";"4657";"260.";"2.6";"15.2";"86.";"2.";"0.00";"0.00";"0.00"
"2018";"7";"14";"6";"1";"4658";"254.";"2.6";"15.0";"87.";"1.";"0.00";"0.00";"0.00"
"2018";"7";"14";"6";"2";"4659";"254.";"2.5";"14.7";"87.";"2.";"0.00";"0.00";"0.00"
"2018";"7";"14";"6";"3";"4660";"256.";"2.3";"15.2";"86.";"7.";"0.00";"0.00";"0.00"
"2018";"7";"14";"6";"4";"4661";"255.";"2.6";"15.5";"83.";"7.";"11.91";"16.66";"9.82"
"2018";"7";"14";"6";"5";"4662";"250.";"3.0";"16.1";"81.";"7.";"68.41";"58.17";"53.84"
"2018";"7";"14";"6";"6";"4663";"238.";"2.8";"16.5";"77.";"7.";"132.16";"79.08";"102.12"
"2018";"7";"14";"6";"7";"4664";"235.";"3.0";"17.0";"75.";"8.";"145.07";"0.00";"145.07"
"2018";"7";"14";"6";"8";"4665";"228.";"3.0";"17.4";"72.";"6.";"310.12";"194.98";"189.77"
"2018";"7";"14";"6";"9";"4666";"234.";"3.1";"17.9";"69.";"5.";"432.63";"300.30";"219.76"
"2018";"7";"14";"6";"10";"4667";"242.";"3.5";"18.1";"68.";"4.";"553.06";"420.78";"227.54"
"2018";"7";"14";"6";"11";"4668";"241.";"3.7";"18.6";"66.";"3.";"652.16";"533.78";"221.33"
"2018";"7";"14";"6";"12";"4669";"237.";"3.4";"18.6";"64.";"4.";"583.92";"432.32";"234.98"
"2018";"7";"14";"6";"13";"4670";"236.";"3.6";"18.7";"64.";"5.";"487.26";"329.80";"232.12"
"2018";"7";"14";"6";"14";"4671";"239.";"4.1";"18.3";"64.";"5.";"439.68";"321.96";"211.46"
"2018";"7";"14";"6";"15";"4672";"233.";"3.3";"17.9";"64.";"8.";"190.28";"0.00";"190.28"
"2018";"7";"14";"6";"16";"4673";"230.";"3.0";"17.6";"66.";"7.";"195.95";"91.59";"149.68"
"2018";"7";"14";"6";"17";"4674";"240.";"2.8";"18.0";"67.";"6.";"166.40";"167.92";"102.59"
"2018";"7";"14";"6";"18";"4675";"235.";"2.6";"18.1";"66.";"8.";"52.87";"0.00";"52.87"
"2018";"7";"14";"6";"19";"4676";"228.";"3.0";"17.5";"70.";"3.";"24.74";"100.88";"12.10"
"2018";"7";"14";"6";"20";"4677";"228.";"3.1";"16.8";"75.";"5.";"0.00";"0.00";"0.00"
"2018";"7";"14";"6";"21";"4678";"232.";"2.6";"15.9";"78.";"5.";"0.00";"0.00";"0.00"
"2018";"7";"14";"6";"22";"4679";"227.";"2.5";"15.6";"81.";"8.";"0.00";"0.00";"0.00"
"2018";"7";"14";"6";"23";"4680";"231.";"3.1";"16.3";"79.";"8.";"0.00";"0.00";"0.00"
"2018";"7";"15";"7";"0";"4681";"233.";"3.0";"16.7";"77.";"8.";"0.00";"0.00";"0.00"
"2018";"7";"15";"7";"1";"4682";"229.";"2.8";"16.8";"77.";"8.";"0.00";"0.00";"0.00"
"2018";"7";"15";"7";"2";"4683";"228.";"3.2";"16.7";"77.";"8.";"0.00";"0.00";"0.00"
"2018";"7";"15";"7";"3";"4684";"238.";"2.7";"16.9";"77.";"8.";"0.00";"0.00";"0.00"
"2018";"7";"15";"7";"4";"4685";"245.";"3.2";"17.1";"78.";"7.";"10.14";"15.13";"8.27"
"2018";"7";"15";"7";"5";"4686";"251.";"3.5";"17.2";"79.";"8.";"49.56";"0.00";"49.56"
"2018";"7";"15";"7";"6";"4687";"256.";"3.5";"17.2";"79.";"8.";"95.79";"0.00";"95.79"
"2018";"7";"15";"7";"7";"4688";"262.";"4.0";"17.3";"78.";"8.";"141.35";"0.00";"141.35"
"2018";"7";"15";"7";"8";"4689";"264.";"3.7";"17.7";"77.";"8.";"185.08";"0.00";"185.08"
"2018";"7";"15";"7";"9";"4690";"266.";"3.7";"17.9";"75.";"8.";"216.07";"0.00";"216.07"
"2018";"7";"15";"7";"10";"4691";"275.";"3.8";"18.4";"73.";"7.";"319.05";"92.07";"247.96"
"2018";"7";"15";"7";"11";"4692";"279.";"3.9";"19.1";"70.";"7.";"338.25";"96.92";"260.17"
"2018";"7";"15";"7";"12";"4693";"274.";"3.3";"19.5";"69.";"6.";"415.48";"187.00";"264.83"
"2018";"7";"15";"7";"13";"4694";"272.";"3.4";"19.7";"67.";"7.";"321.30";"95.21";"247.79"
"2018";"7";"15";"7";"14";"4695";"272.";"2.8";"20.6";"65.";"3.";"544.28";"469.58";"212.17"
"2018";"7";"15";"7";"15";"4696";"273.";"2.3";"21.2";"61.";"1.";"552.09";"630.08";"164.24"
"2018";"7";"15";"7";"16";"4697";"283.";"3.0";"21.0";"63.";"2.";"394.75";"519.99";"133.05"
"2018";"7";"15";"7";"17";"4698";"291.";"2.5";"20.2";"66.";"2.";"264.71";"434.80";"100.34"
"2018";"7";"15";"7";"18";"4699";"297.";"2.6";"19.3";"70.";"3.";"121.13";"249.28";"59.22"
"2018";"7";"15";"7";"19";"4700";"304.";"2.7";"17.8";"75.";"0.";"23.49";"100.84";"11.07"
"2018";"7";"15";"7";"20";"4701";"313.";"1.4";"16.5";"80.";"0.";"0.00";"0.00";"0.00"
"2018";"7";"15";"7";"21";"4702";"331.";"0.4";"15.2";"85.";"0.";"0.00";"0.00";"0.00"
"2018";"7";"15";"7";"22";"4703";"74.";"0.4";"13.9";"87.";"0.";"0.00";"0.00";"0.00"
"2018";"7";"15";"7";"23";"4704";"97.";"0.7";"13.1";"89.";"0.";"0.00";"0.00";"0.00"
"2018";"7";"16";"1";"0";"4705";"102.";"1.4";"12.4";"91.";"0.";"0.00";"0.00";"0.00"
"2018";"7";"16";"1";"1";"4706";"105.";"0.8";"12.0";"92.";"0.";"0.00";"0.00";"0.00"
"2018";"7";"16";"1";"2";"4707";"104.";"0.6";"11.6";"93.";"1.";"0.00";"0.00";"0.00"
"2018";"7";"16";"1";"3";"4708";"90.";"0.5";"11.7";"94.";"1.";"0.00";"0.00";"0.00"
"2018";"7";"16";"1";"4";"4709";"74.";"0.6";"12.7";"93.";"1.";"25.37";"97.78";"13.56"
"2018";"7";"16";"1";"5";"4710";"90.";"0.7";"14.3";"89.";"0.";"156.25";"377.64";"63.28"
"2018";"7";"16";"1";"6";"4711";"64.";"0.9";"17.5";"81.";"0.";"299.15";"510.62";"107.15"
"2018";"7";"16";"1";"7";"4712";"340.";"1.0";"20.4";"71.";"0.";"447.31";"619.94";"136.50"
"2018";"7";"16";"1";"8";"4713";"332.";"1.5";"22.3";"59.";"0.";"593.30";"729.48";"145.56"
"2018";"7";"16";"1";"9";"4714";"334.";"2.3";"24.0";"49.";"0.";"720.16";"835.16";"130.91"
"2018";"7";"16";"1";"10";"4715";"320.";"2.8";"25.2";"44.";"0.";"807.12";"888.74";"122.39"
"2018";"7";"16";"1";"11";"4716";"318.";"3.1";"26.1";"43.";"0.";"850.70";"915.98";"114.21"
"2018";"7";"16";"1";"12";"4717";"314.";"3.5";"27.1";"43.";"0.";"835.57";"847.19";"154.39"
"2018";"7";"16";"1";"13";"4718";"309.";"4.1";"27.1";"43.";"1.";"739.16";"742.97";"166.73"
"2018";"7";"16";"1";"14";"4719";"311.";"4.6";"26.6";"42.";"1.";"668.13";"730.57";"152.67"
"2018";"7";"16";"1";"15";"4720";"312.";"5.0";"27.6";"42.";"2.";"518.64";"617.48";"139.64"
"2018";"7";"16";"1";"16";"4721";"331.";"4.2";"27.0";"46.";"5.";"280.43";"281.21";"139.44"
"2018";"7";"16";"1";"17";"4722";"326.";"4.5";"26.5";"49.";"6.";"224.97";"161.10";"164.40"
"2018";"7";"16";"1";"18";"4723";"325.";"4.4";"25.6";"51.";"8.";"96.81";"0.00";"96.81"
"2018";"7";"16";"1";"19";"4724";"330.";"3.4";"23.7";"63.";"8.";"5.49";"0.00";"5.49"
"2018";"7";"16";"1";"20";"4725";"348.";"2.1";"21.6";"70.";"8.";"0.00";"0.00";"0.00"
"2018";"7";"16";"1";"21";"4726";"335.";"3.0";"19.5";"81.";"7.";"0.00";"0.00";"0.00"
"2018";"7";"16";"1";"22";"4727";"6.";"2.1";"18.7";"82.";"5.";"0.00";"0.00";"0.00"
"2018";"7";"16";"1";"23";"4728";"24.";"2.0";"18.1";"83.";"4.";"0.00";"0.00";"0.00"
"2018";"7";"17";"2";"0";"4729";"31.";"1.9";"17.7";"83.";"6.";"0.00";"0.00";"0.00"
"2018";"7";"17";"2";"1";"4730";"47.";"1.8";"17.6";"82.";"4.";"0.00";"0.00";"0.00"
"2018";"7";"17";"2";"2";"4731";"61.";"2.2";"17.6";"83.";"8.";"0.00";"0.00";"0.00"
"2018";"7";"17";"2";"3";"4732";"49.";"1.5";"17.6";"81.";"7.";"0.00";"0.00";"0.00"
"2018";"7";"17";"2";"4";"4733";"78.";"1.5";"18.0";"78.";"8.";"10.95";"0.00";"10.95"
"2018";"7";"17";"2";"5";"4734";"90.";"2.0";"19.0";"73.";"8.";"104.75";"0.00";"104.75"
"2018";"7";"17";"2";"6";"4735";"102.";"2.6";"20.9";"64.";"7.";"224.37";"84.36";"192.83"
"2018";"7";"17";"2";"7";"4736";"104.";"2.7";"23.4";"55.";"8.";"308.86";"0.00";"308.86"
"2018";"7";"17";"2";"8";"4737";"105.";"3.2";"25.6";"47.";"8.";"405.29";"0.00";"405.29"
"2018";"7";"17";"2";"9";"4738";"104.";"3.8";"27.7";"39.";"8.";"478.40";"0.00";"478.40"
"2018";"7";"17";"2";"10";"4739";"107.";"3.3";"29.1";"36.";"7.";"572.67";"110.94";"487.39"
"2018";"7";"17";"2";"11";"4740";"131.";"1.5";"29.9";"35.";"7.";"594.93";"105.76";"510.07"
"2018";"7";"17";"2";"12";"4741";"236.";"1.6";"28.2";"38.";"8.";"555.15";"0.00";"555.15"
"2018";"7";"17";"2";"13";"4742";"248.";"2.8";"28.0";"42.";"8.";"529.83";"0.00";"529.83"
"2018";"7";"17";"2";"14";"4743";"243.";"3.2";"26.8";"42.";"8.";"480.79";"0.00";"480.79"
"2018";"7";"17";"2";"15";"4744";"267.";"2.8";"27.0";"43.";"8.";"405.87";"0.00";"405.87"
"2018";"7";"17";"2";"16";"4745";"283.";"2.2";"26.8";"43.";"7.";"334.81";"96.64";"286.55"
"2018";"7";"17";"2";"17";"4746";"25.";"2.0";"25.7";"50.";"7.";"215.22";"85.68";"183.18"
"2018";"7";"17";"2";"18";"4747";"108.";"2.9";"22.9";"63.";"7.";"69.33";"36.33";"60.47"
"2018";"7";"17";"2";"19";"4748";"190.";"2.6";"20.6";"83.";"7.";"0.00";"0.00";"0.00"
"2018";"7";"17";"2";"20";"4749";"213.";"2.8";"20.0";"90.";"7.";"0.00";"0.00";"0.00"
"2018";"7";"17";"2";"21";"4750";"52.";"1.6";"19.8";"87.";"8.";"0.00";"0.00";"0.00"
"2018";"7";"17";"2";"22";"4751";"59.";"0.4";"19.3";"88.";"7.";"0.00";"0.00";"0.00"
"2018";"7";"17";"2";"23";"4752";"59.";"1.4";"19.1";"89.";"8.";"0.00";"0.00";"0.00"
"2018";"7";"18";"3";"0";"4753";"74.";"1.8";"19.1";"89.";"7.";"0.00";"0.00";"0.00"
"2018";"7";"18";"3";"1";"4754";"76.";"0.4";"18.9";"91.";"7.";"0.00";"0.00";"0.00"
"2018";"7";"18";"3";"2";"4755";"40.";"0.8";"18.6";"92.";"8.";"0.00";"0.00";"0.00"
"2018";"7";"18";"3";"3";"4756";"19.";"1.7";"18.5";"91.";"7.";"0.00";"0.00";"0.00"
"2018";"7";"18";"3";"4";"4757";"13.";"2.2";"19.1";"88.";"8.";"0.09";"0.00";"0.09"
"2018";"7";"18";"3";"5";"4758";"12.";"2.8";"19.7";"83.";"6.";"108.22";"109.98";"81.65"
"2018";"7";"18";"3";"6";"4759";"8.";"2.6";"20.9";"78.";"8.";"199.86";"0.00";"199.86"
"2018";"7";"18";"3";"7";"4760";"360.";"2.2";"22.0";"71.";"8.";"283.93";"0.00";"283.93"
"2018";"7";"18";"3";"8";"4761";"25.";"1.8";"23.7";"64.";"7.";"424.36";"102.60";"361.78"
"2018";"7";"18";"3";"9";"4762";"335.";"1.4";"24.6";"60.";"8.";"468.90";"0.00";"468.90"
"2018";"7";"18";"3";"10";"4763";"313.";"1.9";"25.1";"61.";"7.";"560.87";"109.28";"477.05"
"2018";"7";"18";"3";"11";"4764";"322.";"3.1";"23.9";"65.";"7.";"589.73";"109.37";"502.16"
"2018";"7";"18";"3";"12";"4765";"316.";"3.4";"21.1";"81.";"8.";"300.18";"0.00";"300.18"
"2018";"7";"18";"3";"13";"4766";"316.";"3.7";"20.6";"82.";"8.";"292.67";"0.00";"292.67"
"2018";"7";"18";"3";"14";"4767";"308.";"3.8";"22.3";"75.";"8.";"430.31";"0.00";"430.31"
"2018";"7";"18";"3";"15";"4768";"303.";"4.4";"22.1";"73.";"8.";"361.11";"0.00";"361.11"
"2018";"7";"18";"3";"16";"4769";"301.";"4.6";"21.9";"76.";"5.";"342.33";"252.05";"216.99"
"2018";"7";"18";"3";"17";"4770";"299.";"4.8";"21.6";"75.";"8.";"181.82";"0.00";"181.82"
"2018";"7";"18";"3";"18";"4771";"300.";"4.8";"21.1";"76.";"6.";"69.11";"84.85";"48.61"
"2018";"7";"18";"3";"19";"4772";"302.";"4.0";"19.6";"82.";"6.";"1.53";"3.33";"1.15"
"2018";"7";"18";"3";"20";"4773";"296.";"4.2";"18.7";"85.";"6.";"0.00";"0.00";"0.00"
"2018";"7";"18";"3";"21";"4774";"297.";"3.5";"18.4";"84.";"7.";"0.00";"0.00";"0.00"
"2018";"7";"18";"3";"22";"4775";"293.";"3.7";"18.3";"83.";"8.";"0.00";"0.00";"0.00"
"2018";"7";"18";"3";"23";"4776";"291.";"2.6";"18.0";"82.";"6.";"0.00";"0.00";"0.00"
"2018";"7";"19";"4";"0";"4777";"282.";"2.2";"17.7";"81.";"6.";"0.00";"0.00";"0.00"
"2018";"7";"19";"4";"1";"4778";"268.";"1.8";"17.6";"81.";"6.";"0.00";"0.00";"0.00"
"2018";"7";"19";"4";"2";"4779";"251.";"1.7";"17.0";"82.";"6.";"0.00";"0.00";"0.00"
"2018";"7";"19";"4";"3";"4780";"260.";"1.6";"16.6";"85.";"6.";"0.00";"0.00";"0.00"
"2018";"7";"19";"4";"4";"4781";"260.";"1.5";"16.8";"85.";"3.";"8.18";"34.57";"4.27"
"2018";"7";"19";"4";"5";"4782";"262.";"2.1";"18.0";"80.";"2.";"123.50";"295.48";"52.84"
"2018";"7";"19";"4";"6";"4783";"264.";"1.9";"18.6";"75.";"5.";"180.25";"214.13";"101.15"
"2018";"7";"19";"4";"7";"4784";"252.";"1.8";"19.5";"70.";"2.";"380.38";"476.77";"144.30"
"2018";"7";"19";"4";"8";"4785";"255.";"2.4";"20.5";"67.";"2.";"499.94";"545.94";"168.03"
"2018";"7";"19";"4";"9";"4786";"251.";"2.7";"21.2";"62.";"0.";"695.46";"742.40";"175.75"
"2018";"7";"19";"4";"10";"4787";"252.";"2.9";"21.6";"58.";"0.";"770.53";"738.38";"205.55"
"2018";"7";"19";"4";"11";"4788";"257.";"3.2";"22.4";"53.";"0.";"829.92";"830.05";"166.82"
"2018";"7";"19";"4";"12";"4789";"257.";"3.5";"22.8";"49.";"0.";"827.86";"810.78";"180.15"
"2018";"7";"19";"4";"13";"4790";"255.";"3.6";"23.3";"46.";"0.";"799.09";"859.96";"141.08"
"2018";"7";"19";"4";"14";"4791";"255.";"3.4";"23.0";"44.";"1.";"691.66";"742.57";"171.83"
"2018";"7";"19";"4";"15";"4792";"261.";"3.5";"23.1";"46.";"1.";"578.92";"694.86";"156.48"
"2018";"7";"19";"4";"16";"4793";"263.";"3.6";"22.6";"49.";"1.";"448.58";"663.79";"119.91"
"2018";"7";"19";"4";"17";"4794";"263.";"3.2";"22.1";"52.";"0.";"313.48";"651.18";"72.97"
"2018";"7";"19";"4";"18";"4795";"270.";"2.8";"21.2";"57.";"0.";"154.45";"442.70";"48.59"
"2018";"7";"19";"4";"19";"4796";"285.";"2.4";"19.9";"64.";"0.";"16.09";"86.29";"6.31"
"2018";"7";"19";"4";"20";"4797";"283.";"2.4";"18.3";"74.";"0.";"0.00";"0.00";"0.00"
"2018";"7";"19";"4";"21";"4798";"269.";"2.2";"17.3";"78.";"0.";"0.00";"0.00";"0.00"
"2018";"7";"19";"4";"22";"4799";"261.";"2.7";"16.4";"80.";"0.";"0.00";"0.00";"0.00"
"2018";"7";"19";"4";"23";"4800";"255.";"2.4";"15.7";"83.";"0.";"0.00";"0.00";"0.00"
"2018";"7";"20";"5";"0";"4801";"248.";"2.2";"15.1";"86.";"0.";"0.00";"0.00";"0.00"
"2018";"7";"20";"5";"1";"4802";"236.";"1.9";"14.5";"86.";"0.";"0.00";"0.00";"0.00"
"2018";"7";"20";"5";"2";"4803";"227.";"1.9";"14.1";"87.";"0.";"0.00";"0.00";"0.00"
"2018";"7";"20";"5";"3";"4804";"209.";"1.5";"13.1";"87.";"0.";"0.00";"0.00";"0.00"
"2018";"7";"20";"5";"4";"4805";"206.";"1.7";"14.2";"88.";"0.";"16.33";"89.88";"6.39"
"2018";"7";"20";"5";"5";"4806";"190.";"2.1";"15.8";"82.";"0.";"151.35";"447.07";"45.59"
"2018";"7";"20";"5";"6";"4807";"202.";"2.5";"17.7";"73.";"0.";"308.17";"647.48";"70.57"
"2018";"7";"20";"5";"7";"4808";"196.";"2.5";"18.8";"68.";"1.";"424.27";"623.23";"117.07"
"2018";"7";"20";"5";"8";"4809";"209.";"3.0";"19.6";"63.";"2.";"544.09";"578.84";"193.40"
"2018";"7";"20";"5";"9";"4810";"212.";"3.1";"20.6";"61.";"0.";"699.87";"765.81";"165.30"
"2018";"7";"20";"5";"10";"4811";"217.";"3.5";"21.1";"59.";"0.";"787.39";"828.84";"154.78"
"2018";"7";"20";"5";"11";"4812";"216.";"3.2";"21.2";"57.";"1.";"777.86";"772.22";"162.41"
"2018";"7";"20";"5";"12";"4813";"224.";"2.8";"21.9";"54.";"0.";"836.98";"873.91";"140.48"
"2018";"7";"20";"5";"13";"4814";"237.";"3.1";"22.7";"53.";"0.";"789.54";"838.78";"149.35"
"2018";"7";"20";"5";"14";"4815";"260.";"3.9";"22.6";"62.";"1.";"650.44";"702.46";"160.08"
"2018";"7";"20";"5";"15";"4816";"275.";"4.9";"21.7";"64.";"0.";"590.37";"774.46";"121.17"
"2018";"7";"20";"5";"16";"4817";"280.";"4.8";"21.5";"62.";"1.";"422.85";"634.40";"110.15"
"2018";"7";"20";"5";"17";"4818";"283.";"4.6";"20.7";"64.";"1.";"280.01";"530.19";"85.45"
"2018";"7";"20";"5";"18";"4819";"284.";"4.4";"19.8";"65.";"0.";"150.16";"444.71";"44.95"
"2018";"7";"20";"5";"19";"4820";"282.";"4.6";"18.8";"67.";"0.";"14.85";"81.18";"5.87"
"2018";"7";"20";"5";"20";"4821";"279.";"3.5";"17.8";"73.";"3.";"0.00";"0.00";"0.00"
"2018";"7";"20";"5";"21";"4822";"278.";"3.3";"17.1";"76.";"0.";"0.00";"0.00";"0.00"
"2018";"7";"20";"5";"22";"4823";"276.";"2.8";"16.6";"78.";"0.";"0.00";"0.00";"0.00"
"2018";"7";"20";"5";"23";"4824";"269.";"2.7";"15.7";"81.";"1.";"0.00";"0.00";"0.00"
"2018";"7";"21";"6";"0";"4825";"266.";"3.0";"16.1";"85.";"0.";"0.00";"0.00";"0.00"
"2018";"7";"21";"6";"1";"4826";"267.";"3.2";"16.6";"87.";"3.";"0.00";"0.00";"0.00"
"2018";"7";"21";"6";"2";"4827";"269.";"3.3";"15.7";"88.";"5.";"0.00";"0.00";"0.00"
"2018";"7";"21";"6";"3";"4828";"267.";"3.5";"16.2";"88.";"8.";"0.00";"0.00";"0.00"
"2018";"7";"21";"6";"4";"4829";"273.";"3.8";"16.6";"88.";"7.";"1.49";"2.29";"1.24"
"2018";"7";"21";"6";"5";"4830";"277.";"3.7";"17.6";"85.";"5.";"81.98";"138.51";"49.58"
"2018";"7";"21";"6";"6";"4831";"276.";"3.7";"18.5";"78.";"3.";"227.70";"365.87";"94.34"
"2018";"7";"21";"6";"7";"4832";"265.";"4.1";"19.2";"72.";"2.";"382.61";"519.16";"127.91"
"2018";"7";"21";"6";"8";"4833";"255.";"4.2";"19.4";"68.";"2.";"503.21";"574.92";"156.15"
"2018";"7";"21";"6";"9";"4834";"249.";"4.1";"20.0";"65.";"2.";"598.84";"598.03";"182.62"
"2018";"7";"21";"6";"10";"4835";"250.";"4.9";"20.9";"61.";"1.";"725.12";"710.60";"184.17"
"2018";"7";"21";"6";"11";"4836";"253.";"5.5";"21.5";"57.";"2.";"709.34";"648.21";"193.98"
"2018";"7";"21";"6";"12";"4837";"253.";"5.6";"21.4";"52.";"3.";"643.75";"530.87";"221.67"
"2018";"7";"21";"6";"13";"4838";"255.";"5.3";"21.8";"49.";"3.";"617.04";"544.67";"202.40"
"2018";"7";"21";"6";"14";"4839";"259.";"5.3";"22.3";"49.";"1.";"673.41";"794.95";"120.13"
"2018";"7";"21";"6";"15";"4840";"272.";"5.4";"21.7";"55.";"4.";"416.19";"419.60";"162.89"
"2018";"7";"21";"6";"16";"4841";"266.";"4.6";"21.1";"58.";"3.";"355.97";"471.52";"124.65"
"2018";"7";"21";"6";"17";"4842";"260.";"5.3";"20.8";"59.";"6.";"155.03";"157.41";"97.66"
"2018";"7";"21";"6";"18";"4843";"253.";"5.1";"20.1";"61.";"4.";"103.36";"225.86";"50.52"
"2018";"7";"21";"6";"19";"4844";"253.";"4.6";"19.2";"62.";"6.";"7.77";"22.08";"5.39"
"2018";"7";"21";"6";"20";"4845";"255.";"4.6";"18.7";"63.";"7.";"0.00";"0.00";"0.00"
"2018";"7";"21";"6";"21";"4846";"262.";"4.7";"18.3";"65.";"8.";"0.00";"0.00";"0.00"
"2018";"7";"21";"6";"22";"4847";"259.";"4.7";"17.9";"69.";"7.";"0.00";"0.00";"0.00"
"2018";"7";"21";"6";"23";"4848";"250.";"4.1";"17.6";"72.";"7.";"0.00";"0.00";"0.00"
"2018";"7";"22";"7";"0";"4849";"242.";"4.1";"17.4";"78.";"7.";"0.00";"0.00";"0.00"
"2018";"7";"22";"7";"1";"4850";"237.";"4.5";"17.2";"83.";"8.";"0.00";"0.00";"0.00"
"2018";"7";"22";"7";"2";"4851";"235.";"4.7";"17.2";"81.";"8.";"0.00";"0.00";"0.00"
"2018";"7";"22";"7";"3";"4852";"235.";"4.9";"17.2";"78.";"8.";"0.00";"0.00";"0.00"
"2018";"7";"22";"7";"4";"4853";"237.";"5.1";"17.1";"77.";"6.";"3.83";"11.27";"2.65"
"2018";"7";"22";"7";"5";"4854";"243.";"5.1";"17.2";"77.";"8.";"44.73";"0.00";"44.73"
"2018";"7";"22";"7";"6";"4855";"246.";"5.7";"17.3";"74.";"3.";"235.51";"413.99";"85.67"
"2018";"7";"22";"7";"7";"4856";"252.";"6.1";"17.6";"72.";"6.";"231.32";"180.97";"142.97"
"2018";"7";"22";"7";"8";"4857";"253.";"5.9";"18.4";"70.";"8.";"182.48";"0.00";"182.48"
"2018";"7";"22";"7";"9";"4858";"254.";"5.7";"19.4";"65.";"7.";"291.18";"104.34";"218.78"
"2018";"7";"22";"7";"10";"4859";"256.";"5.5";"19.7";"62.";"7.";"328.18";"113.00";"242.39"
"2018";"7";"22";"7";"11";"4860";"252.";"5.4";"20.6";"61.";"6.";"425.33";"224.03";"247.67"
"2018";"7";"22";"7";"12";"4861";"253.";"5.5";"21.3";"59.";"7.";"338.51";"104.15";"255.92"
"2018";"7";"22";"7";"13";"4862";"258.";"5.0";"21.3";"58.";"5.";"472.47";"314.30";"233.85"
"2018";"7";"22";"7";"14";"4863";"256.";"4.6";"21.8";"55.";"3.";"550.83";"536.19";"178.80"
"2018";"7";"22";"7";"15";"4864";"258.";"4.1";"22.0";"55.";"3.";"461.64";"510.11";"154.86"
"2018";"7";"22";"7";"16";"4865";"260.";"4.2";"21.7";"55.";"4.";"318.49";"391.81";"127.21"
"2018";"7";"22";"7";"17";"4866";"270.";"3.7";"21.1";"60.";"6.";"153.35";"159.74";"95.53"
"2018";"7";"22";"7";"18";"4867";"268.";"4.4";"20.7";"62.";"3.";"112.60";"291.96";"45.10"
"2018";"7";"22";"7";"19";"4868";"259.";"4.6";"19.6";"67.";"1.";"5.76";"31.91";"2.41"
"2018";"7";"22";"7";"20";"4869";"252.";"4.1";"18.6";"73.";"1.";"0.00";"0.00";"0.00"
"2018";"7";"22";"7";"21";"4870";"249.";"4.4";"18.2";"78.";"1.";"0.00";"0.00";"0.00"
"2018";"7";"22";"7";"22";"4871";"248.";"4.7";"18.1";"80.";"4.";"0.00";"0.00";"0.00"
"2018";"7";"22";"7";"23";"4872";"243.";"4.3";"18.3";"80.";"5.";"0.00";"0.00";"0.00"
"2018";"7";"23";"1";"0";"4873";"242.";"4.5";"17.8";"80.";"7.";"0.00";"0.00";"0.00"
"2018";"7";"23";"1";"1";"4874";"234.";"4.4";"17.7";"81.";"7.";"0.00";"0.00";"0.00"
"2018";"7";"23";"1";"2";"4875";"237.";"4.8";"17.9";"82.";"7.";"0.00";"0.00";"0.00"
"2018";"7";"23";"1";"3";"4876";"240.";"4.3";"17.9";"85.";"7.";"0.00";"0.00";"0.00"
"2018";"7";"23";"1";"4";"4877";"245.";"4.3";"18.0";"85.";"8.";"0.00";"0.00";"0.00"
"2018";"7";"23";"1";"5";"4878";"250.";"4.6";"18.2";"82.";"8.";"41.32";"0.00";"41.32"
"2018";"7";"23";"1";"6";"4879";"253.";"4.6";"18.3";"80.";"8.";"90.55";"0.00";"90.55"
"2018";"7";"23";"1";"7";"4880";"253.";"4.3";"18.5";"80.";"8.";"137.40";"0.00";"137.40"
"2018";"7";"23";"1";"8";"4881";"250.";"4.2";"18.9";"78.";"8.";"174.50";"0.00";"174.50"
"2018";"7";"23";"1";"9";"4882";"251.";"3.7";"19.9";"74.";"7.";"284.73";"99.32";"216.04"
"2018";"7";"23";"1";"10";"4883";"250.";"4.3";"21.0";"69.";"3.";"598.01";"513.03";"209.61"
"2018";"7";"23";"1";"11";"4884";"259.";"4.5";"21.3";"66.";"4.";"562.92";"415.60";"234.20"
"2018";"7";"23";"1";"12";"4885";"265.";"4.4";"22.3";"64.";"2.";"695.01";"624.93";"200.72"
"2018";"7";"23";"1";"13";"4886";"263.";"4.2";"23.0";"61.";"3.";"604.12";"540.36";"195.03"
"2018";"7";"23";"1";"14";"4887";"270.";"5.1";"23.0";"59.";"4.";"482.79";"415.60";"195.35"
"2018";"7";"23";"1";"15";"4888";"279.";"4.7";"22.9";"62.";"4.";"399.11";"378.60";"172.30"
"2018";"7";"23";"1";"16";"4889";"283.";"5.2";"23.0";"65.";"4.";"301.64";"345.39";"133.88"
"2018";"7";"23";"1";"17";"4890";"280.";"4.5";"22.0";"71.";"3.";"214.94";"335.30";"94.48"
"2018";"7";"23";"1";"18";"4891";"274.";"2.7";"20.8";"76.";"0.";"126.07";"369.68";"41.64"
"2018";"7";"23";"1";"19";"4892";"271.";"2.1";"19.9";"80.";"1.";"0.00";"0.00";"0.00"
"2018";"7";"23";"1";"20";"4893";"251.";"1.8";"19.0";"82.";"1.";"0.00";"0.00";"0.00"
"2018";"7";"23";"1";"21";"4894";"249.";"2.1";"18.3";"84.";"1.";"0.00";"0.00";"0.00"
"2018";"7";"23";"1";"22";"4895";"245.";"2.6";"18.1";"86.";"0.";"0.00";"0.00";"0.00"
"2018";"7";"23";"1";"23";"4896";"248.";"3.3";"18.1";"87.";"2.";"0.00";"0.00";"0.00"
"2018";"7";"24";"2";"0";"4897";"247.";"3.2";"18.2";"88.";"3.";"0.00";"0.00";"0.00"
"2018";"7";"24";"2";"1";"4898";"246.";"3.3";"18.3";"89.";"1.";"0.00";"0.00";"0.00"
"2018";"7";"24";"2";"2";"4899";"244.";"2.9";"17.8";"90.";"1.";"0.00";"0.00";"0.00"
"2018";"7";"24";"2";"3";"4900";"247.";"2.7";"17.3";"90.";"0.";"0.00";"0.00";"0.00"
"2018";"7";"24";"2";"4";"4901";"243.";"2.3";"17.7";"91.";"2.";"0.00";"0.00";"0.00"
"2018";"7";"24";"2";"5";"4902";"255.";"3.3";"18.7";"89.";"6.";"60.99";"85.29";"41.76"
"2018";"7";"24";"2";"6";"4903";"259.";"3.2";"19.1";"87.";"8.";"84.29";"0.00";"84.29"
"2018";"7";"24";"2";"7";"4904";"260.";"2.5";"19.7";"84.";"7.";"172.58";"74.74";"136.47"
"2018";"7";"24";"2";"8";"4905";"261.";"2.6";"20.0";"81.";"8.";"173.79";"0.00";"173.79"
"2018";"7";"24";"2";"9";"4906";"264.";"2.4";"20.1";"79.";"8.";"206.09";"0.00";"206.09"
"2018";"7";"24";"2";"10";"4907";"265.";"2.9";"21.1";"76.";"3.";"575.55";"444.27";"240.19"
"2018";"7";"24";"2";"11";"4908";"269.";"3.3";"21.2";"75.";"4.";"545.24";"371.88";"251.91"
"2018";"7";"24";"2";"12";"4909";"271.";"3.0";"21.5";"73.";"5.";"473.43";"271.69";"259.12"
"2018";"7";"24";"2";"13";"4910";"269.";"2.8";"22.7";"69.";"4.";"523.19";"390.11";"228.71"
"2018";"7";"24";"2";"14";"4911";"268.";"1.5";"23.9";"65.";"0.";"679.43";"765.72";"151.60"
"2018";"7";"24";"2";"15";"4912";"258.";"1.5";"24.5";"61.";"0.";"568.75";"733.88";"130.88"
"2018";"7";"24";"2";"16";"4913";"262.";"2.0";"24.9";"59.";"0.";"431.89";"676.69";"104.95"
"2018";"7";"24";"2";"17";"4914";"264.";"2.5";"24.4";"62.";"0.";"279.94";"590.96";"69.22"
"2018";"7";"24";"2";"18";"4915";"265.";"2.2";"23.4";"66.";"0.";"122.40";"375.51";"37.72"
"2018";"7";"24";"2";"19";"4916";"263.";"1.7";"21.9";"72.";"0.";"0.00";"0.00";"0.00"
"2018";"7";"24";"2";"20";"4917";"270.";"1.3";"20.4";"79.";"0.";"0.00";"0.00";"0.00"
"2018";"7";"24";"2";"21";"4918";"271.";"1.0";"19.1";"84.";"0.";"0.00";"0.00";"0.00"
"2018";"7";"24";"2";"22";"4919";"268.";"0.9";"18.3";"87.";"1.";"0.00";"0.00";"0.00"
"2018";"7";"24";"2";"23";"4920";"244.";"0.6";"17.7";"89.";"0.";"0.00";"0.00";"0.00"
"2018";"7";"25";"3";"0";"4921";"124.";"0.4";"16.9";"90.";"0.";"0.00";"0.00";"0.00"
"2018";"7";"25";"3";"1";"4922";"105.";"0.8";"16.4";"90.";"0.";"0.00";"0.00";"0.00"
"2018";"7";"25";"3";"2";"4923";"113.";"1.3";"16.3";"91.";"0.";"0.00";"0.00";"0.00"
"2018";"7";"25";"3";"3";"4924";"119.";"1.5";"16.6";"91.";"1.";"0.00";"0.00";"0.00"
"2018";"7";"25";"3";"4";"4925";"119.";"1.8";"17.2";"90.";"1.";"0.00";"0.00";"0.00"
"2018";"7";"25";"3";"5";"4926";"125.";"2.0";"19.4";"82.";"1.";"113.33";"341.44";"37.36"
"2018";"7";"25";"3";"6";"4927";"156.";"2.1";"22.7";"69.";"2.";"237.00";"453.13";"76.71"
"2018";"7";"25";"3";"7";"4928";"182.";"2.3";"25.0";"57.";"1.";"403.81";"625.43";"103.29"
"2018";"7";"25";"3";"8";"4929";"201.";"2.9";"26.5";"51.";"1.";"540.00";"721.00";"111.61"
"2018";"7";"25";"3";"9";"4930";"229.";"3.3";"26.2";"52.";"0.";"694.21";"844.84";"113.84"
"2018";"7";"25";"3";"10";"4931";"227.";"2.9";"26.0";"53.";"4.";"530.88";"418.33";"216.05"
"2018";"7";"25";"3";"11";"4932";"236.";"3.6";"26.7";"55.";"0.";"801.66";"814.45";"161.06"
"2018";"7";"25";"3";"12";"4933";"247.";"3.7";"27.3";"54.";"5.";"482.75";"308.13";"240.39"
"2018";"7";"25";"3";"13";"4934";"256.";"3.6";"26.8";"53.";"5.";"461.76";"313.37";"225.93"
"2018";"7";"25";"3";"14";"4935";"272.";"2.9";"26.5";"55.";"0.";"683.13";"798.86";"134.35"
"2018";"7";"25";"3";"15";"4936";"287.";"3.1";"25.5";"59.";"7.";"232.85";"92.96";"177.62"
"2018";"7";"25";"3";"16";"4937";"296.";"3.3";"24.6";"63.";"1.";"389.75";"547.55";"126.65"
"2018";"7";"25";"3";"17";"4938";"297.";"4.0";"23.7";"61.";"3.";"216.81";"372.53";"85.03"
"2018";"7";"25";"3";"18";"4939";"309.";"2.8";"22.9";"59.";"0.";"130.27";"429.69";"34.66"
"2018";"7";"25";"3";"19";"4940";"315.";"2.0";"21.5";"60.";"0.";"0.00";"0.00";"0.00"
"2018";"7";"25";"3";"20";"4941";"297.";"2.0";"19.6";"66.";"1.";"0.00";"0.00";"0.00"
"2018";"7";"25";"3";"21";"4942";"266.";"1.5";"17.9";"72.";"0.";"0.00";"0.00";"0.00"
"2018";"7";"25";"3";"22";"4943";"247.";"1.6";"16.3";"79.";"0.";"0.00";"0.00";"0.00"
"2018";"7";"25";"3";"23";"4944";"225.";"1.1";"15.5";"83.";"0.";"0.00";"0.00";"0.00"
"2018";"7";"26";"4";"0";"4945";"229.";"1.1";"15.6";"85.";"0.";"0.00";"0.00";"0.00"
"2018";"7";"26";"4";"1";"4946";"222.";"1.1";"14.7";"87.";"0.";"0.00";"0.00";"0.00"
"2018";"7";"26";"4";"2";"4947";"250.";"1.4";"14.2";"89.";"0.";"0.00";"0.00";"0.00"
"2018";"7";"26";"4";"3";"4948";"268.";"1.5";"14.8";"89.";"0.";"0.00";"0.00";"0.00"
"2018";"7";"26";"4";"4";"4949";"252.";"0.8";"15.9";"87.";"0.";"0.00";"0.00";"0.00"
"2018";"7";"26";"4";"5";"4950";"245.";"1.0";"18.6";"80.";"0.";"123.96";"405.93";"34.89"
"2018";"7";"26";"4";"6";"4951";"265.";"2.0";"21.2";"66.";"0.";"283.59";"624.78";"64.39"
"2018";"7";"26";"4";"7";"4952";"276.";"3.1";"23.0";"53.";"0.";"446.82";"766.80";"80.46"
"2018";"7";"26";"4";"8";"4953";"283.";"3.2";"24.2";"45.";"0.";"589.57";"820.97";"103.90"
"2018";"7";"26";"4";"9";"4954";"286.";"3.5";"24.8";"42.";"0.";"701.74";"834.77";"130.33"
"2018";"7";"26";"4";"10";"4955";"289.";"3.2";"24.7";"41.";"1.";"756.36";"781.19";"170.30"
"2018";"7";"26";"4";"11";"4956";"289.";"3.4";"25.1";"40.";"0.";"831.81";"899.34";"126.53"
"2018";"7";"26";"4";"12";"4957";"286.";"3.9";"25.8";"40.";"0.";"829.95";"896.83";"126.63"
"2018";"7";"26";"4";"13";"4958";"291.";"3.6";"25.8";"41.";"0.";"786.22";"883.04";"123.75"
"2018";"7";"26";"4";"14";"4959";"297.";"3.5";"25.7";"40.";"0.";"701.60";"835.13";"129.94"
"2018";"7";"26";"4";"15";"4960";"302.";"3.6";"26.2";"39.";"0.";"592.72";"838.43";"96.72"
"2018";"7";"26";"4";"16";"4961";"303.";"3.4";"25.9";"40.";"0.";"449.98";"759.64";"87.04"
"2018";"7";"26";"4";"17";"4962";"308.";"2.8";"25.6";"41.";"0.";"296.16";"670.41";"60.95"
"2018";"7";"26";"4";"18";"4963";"323.";"2.3";"24.6";"43.";"0.";"139.19";"473.44";"35.30"
"2018";"7";"26";"4";"19";"4964";"328.";"2.1";"23.0";"48.";"0.";"1.45";"9.43";"0.58"
"2018";"7";"26";"4";"20";"4965";"345.";"1.3";"20.9";"59.";"2.";"0.00";"0.00";"0.00"
"2018";"7";"26";"4";"21";"4966";"12.";"1.2";"19.5";"66.";"1.";"0.00";"0.00";"0.00"
"2018";"7";"26";"4";"22";"4967";"42.";"1.6";"18.0";"70.";"1.";"0.00";"0.00";"0.00"
"2018";"7";"26";"4";"23";"4968";"60.";"2.0";"16.9";"73.";"0.";"0.00";"0.00";"0.00"
"2018";"7";"27";"5";"0";"4969";"57.";"1.4";"15.7";"74.";"0.";"0.00";"0.00";"0.00"
"2018";"7";"27";"5";"1";"4970";"33.";"1.2";"15.4";"75.";"1.";"0.00";"0.00";"0.00"
"2018";"7";"27";"5";"2";"4971";"46.";"1.3";"14.4";"78.";"0.";"0.00";"0.00";"0.00"
"2018";"7";"27";"5";"3";"4972";"59.";"1.5";"13.8";"78.";"0.";"0.00";"0.00";"0.00"
"2018";"7";"27";"5";"4";"4973";"61.";"1.1";"15.7";"73.";"0.";"0.72";"4.83";"0.29"
"2018";"7";"27";"5";"5";"4974";"74.";"1.7";"18.2";"64.";"0.";"135.44";"463.15";"35.28"
"2018";"7";"27";"5";"6";"4975";"111.";"1.9";"21.0";"56.";"0.";"298.60";"680.32";"61.95"
"2018";"7";"27";"5";"7";"4976";"128.";"2.2";"24.1";"53.";"0.";"441.04";"768.10";"76.21"
"2018";"7";"27";"5";"8";"4977";"136.";"1.8";"25.9";"49.";"0.";"576.96";"804.40";"103.22"
"2018";"7";"27";"5";"9";"4978";"160.";"1.1";"27.7";"46.";"2.";"629.76";"630.42";"199.82"
"2018";"7";"27";"5";"10";"4979";"179.";"0.6";"28.6";"45.";"0.";"764.96";"836.26";"139.62"
"2018";"7";"27";"5";"11";"4980";"281.";"0.8";"29.1";"42.";"0.";"809.52";"851.00";"144.18"
"2018";"7";"27";"5";"12";"4981";"269.";"1.9";"29.0";"43.";"1.";"781.58";"782.02";"170.16"
"2018";"7";"27";"5";"13";"4982";"276.";"1.4";"29.1";"44.";"3.";"663.95";"524.07";"272.06"
"2018";"7";"27";"5";"14";"4983";"296.";"1.9";"29.7";"43.";"2.";"631.34";"614.94";"211.96"
"2018";"7";"27";"5";"15";"4984";"307.";"2.7";"29.1";"42.";"6.";"415.10";"198.26";"298.34"
"2018";"7";"27";"5";"16";"4985";"320.";"2.2";"28.9";"43.";"4.";"359.16";"383.97";"176.78"
"2018";"7";"27";"5";"17";"4986";"342.";"0.9";"28.9";"42.";"8.";"205.07";"0.00";"205.07"
"2018";"7";"27";"5";"18";"4987";"102.";"1.0";"29.3";"39.";"8.";"76.85";"0.00";"76.85"
"2018";"7";"27";"5";"19";"4988";"118.";"2.3";"28.6";"40.";"0.";"0.00";"0.00";"0.00"
"2018";"7";"27";"5";"20";"4989";"119.";"2.6";"27.2";"44.";"4.";"0.00";"0.00";"0.00"
"2018";"7";"27";"5";"21";"4990";"111.";"2.9";"25.7";"49.";"0.";"0.00";"0.00";"0.00"
"2018";"7";"27";"5";"22";"4991";"111.";"2.6";"24.2";"54.";"1.";"0.00";"0.00";"0.00"
"2018";"7";"27";"5";"23";"4992";"113.";"2.4";"22.7";"61.";"2.";"0.00";"0.00";"0.00"
"2018";"7";"28";"6";"0";"4993";"93.";"2.0";"21.4";"64.";"0.";"0.00";"0.00";"0.00"
"2018";"7";"28";"6";"1";"4994";"82.";"2.9";"22.0";"65.";"0.";"0.00";"0.00";"0.00"
"2018";"7";"28";"6";"2";"4995";"71.";"2.4";"21.3";"68.";"4.";"0.00";"0.00";"0.00"
"2018";"7";"28";"6";"3";"4996";"70.";"2.4";"20.5";"67.";"8.";"0.00";"0.00";"0.00"
"2018";"7";"28";"6";"4";"4997";"83.";"3.4";"20.8";"65.";"4.";"0.00";"0.00";"0.00"
"2018";"7";"28";"6";"5";"4998";"87.";"4.0";"22.0";"66.";"2.";"105.96";"302.05";"41.62"
"2018";"7";"28";"6";"6";"4999";"86.";"4.5";"23.8";"65.";"0.";"268.95";"615.90";"56.59"
"2018";"7";"28";"6";"7";"5000";"90.";"4.5";"25.4";"60.";"0.";"423.07";"722.55";"81.97"
"2018";"7";"28";"6";"8";"5001";"90.";"5.3";"26.9";"54.";"6.";"410.54";"202.60";"291.77"
"2018";"7";"28";"6";"9";"5002";"98.";"5.2";"28.4";"49.";"6.";"490.17";"203.23";"352.10"
"2018";"7";"28";"6";"10";"5003";"103.";"5.3";"28.9";"47.";"8.";"510.90";"0.00";"510.90"
"2018";"7";"28";"6";"11";"5004";"100.";"5.6";"29.6";"43.";"6.";"580.14";"209.08";"417.18"
"2018";"7";"28";"6";"12";"5005";"114.";"3.9";"29.7";"42.";"7.";"579.20";"111.74";"492.11"
"2018";"7";"28";"6";"13";"5006";"161.";"1.7";"27.3";"50.";"8.";"298.58";"0.00";"298.58"
"2018";"7";"28";"6";"14";"5007";"183.";"7.1";"22.7";"82.";"8.";"108.83";"0.00";"108.83"
"2018";"7";"28";"6";"15";"5008";"86.";"3.9";"24.9";"82.";"2.";"441.01";"491.64";"152.80"
"2018";"7";"28";"6";"16";"5009";"96.";"4.1";"24.5";"75.";"6.";"310.45";"173.63";"228.49"
"2018";"7";"28";"6";"17";"5010";"100.";"3.7";"24.7";"74.";"6.";"192.89";"144.94";"142.91"
"2018";"7";"28";"6";"18";"5011";"110.";"5.0";"24.7";"71.";"4.";"79.47";"153.88";"46.69"
"2018";"7";"28";"6";"19";"5012";"106.";"4.9";"24.0";"72.";"2.";"0.00";"0.00";"0.00"
"2018";"7";"28";"6";"20";"5013";"111.";"4.9";"23.3";"75.";"1.";"0.00";"0.00";"0.00"
"2018";"7";"28";"6";"21";"5014";"122.";"3.6";"23.0";"78.";"2.";"0.00";"0.00";"0.00"
"2018";"7";"28";"6";"22";"5015";"120.";"4.2";"22.6";"80.";"3.";"0.00";"0.00";"0.00"
"2018";"7";"28";"6";"23";"5016";"139.";"5.2";"22.0";"82.";"4.";"0.00";"0.00";"0.00"
"2018";"7";"29";"7";"0";"5017";"147.";"4.4";"21.6";"85.";"8.";"0.00";"0.00";"0.00"
"2018";"7";"29";"7";"1";"5018";"197.";"2.1";"21.5";"85.";"5.";"0.00";"0.00";"0.00"
"2018";"7";"29";"7";"2";"5019";"256.";"2.6";"21.2";"87.";"8.";"0.00";"0.00";"0.00"
"2018";"7";"29";"7";"3";"5020";"248.";"2.6";"20.7";"85.";"7.";"0.00";"0.00";"0.00"
"2018";"7";"29";"7";"4";"5021";"267.";"2.9";"20.4";"86.";"7.";"0.00";"0.00";"0.00"
"2018";"7";"29";"7";"5";"5022";"276.";"2.6";"20.4";"83.";"5.";"61.96";"135.87";"33.48"
"2018";"7";"29";"7";"6";"5023";"279.";"2.3";"21.2";"79.";"7.";"107.57";"73.89";"82.33"
"2018";"7";"29";"7";"7";"5024";"280.";"2.6";"21.8";"73.";"6.";"214.86";"182.63";"129.19"
"2018";"7";"29";"7";"8";"5025";"270.";"3.3";"22.2";"71.";"5.";"336.96";"290.11";"167.72"
"2018";"7";"29";"7";"9";"5026";"276.";"3.3";"22.9";"66.";"5.";"404.60";"295.93";"204.34"
"2018";"7";"29";"7";"10";"5027";"280.";"3.1";"23.1";"60.";"3.";"587.65";"517.71";"203.15"
"2018";"7";"29";"7";"11";"5028";"271.";"2.8";"23.6";"53.";"5.";"485.90";"317.42";"239.31"
"2018";"7";"29";"7";"12";"5029";"269.";"3.1";"24.4";"48.";"3.";"699.70";"518.92";"296.58"
"2018";"7";"29";"7";"13";"5030";"265.";"3.3";"24.1";"47.";"2.";"702.62";"630.15";"234.62"
"2018";"7";"29";"7";"14";"5031";"266.";"3.3";"23.9";"45.";"0.";"695.53";"851.27";"119.47"
"2018";"7";"29";"7";"15";"5032";"261.";"2.4";"23.5";"45.";"2.";"535.71";"641.08";"161.70"
"2018";"7";"29";"7";"16";"5033";"238.";"2.4";"23.8";"44.";"8.";"272.30";"0.00";"272.30"
"2018";"7";"29";"7";"17";"5034";"236.";"2.7";"23.3";"47.";"4.";"232.54";"316.44";"124.43"
"2018";"7";"29";"7";"18";"5035";"233.";"1.9";"22.5";"56.";"1.";"110.54";"349.68";"37.22"
"2018";"7";"29";"7";"19";"5036";"227.";"1.8";"20.4";"68.";"2.";"0.00";"0.00";"0.00"
"2018";"7";"29";"7";"20";"5037";"212.";"1.3";"17.9";"77.";"7.";"0.00";"0.00";"0.00"
"2018";"7";"29";"7";"21";"5038";"186.";"0.5";"17.5";"84.";"7.";"0.00";"0.00";"0.00"
"2018";"7";"29";"7";"22";"5039";"118.";"1.2";"14.8";"89.";"8.";"0.00";"0.00";"0.00"
"2018";"7";"29";"7";"23";"5040";"119.";"1.3";"13.4";"89.";"7.";"0.00";"0.00";"0.00"
"2018";"7";"30";"1";"0";"5041";"116.";"1.3";"15.1";"88.";"8.";"0.00";"0.00";"0.00"
"2018";"7";"30";"1";"1";"5042";"114.";"1.5";"14.7";"88.";"8.";"0.00";"0.00";"0.00"
"2018";"7";"30";"1";"2";"5043";"121.";"1.7";"14.2";"87.";"8.";"0.00";"0.00";"0.00"
"2018";"7";"30";"1";"3";"5044";"107.";"2.1";"14.7";"82.";"6.";"0.00";"0.00";"0.00"
"2018";"7";"30";"1";"4";"5045";"111.";"2.3";"16.4";"77.";"8.";"0.00";"0.00";"0.00"
"2018";"7";"30";"1";"5";"5046";"110.";"2.6";"18.4";"63.";"8.";"76.55";"0.00";"76.55"
"2018";"7";"30";"1";"6";"5047";"123.";"2.9";"20.8";"52.";"8.";"174.65";"0.00";"174.65"
"2018";"7";"30";"1";"7";"5048";"136.";"3.2";"22.5";"50.";"8.";"291.31";"0.00";"291.31"
"2018";"7";"30";"1";"8";"5049";"145.";"3.2";"23.3";"49.";"8.";"385.24";"0.00";"385.24"
"2018";"7";"30";"1";"9";"5050";"158.";"3.2";"24.2";"49.";"8.";"455.75";"0.00";"455.75"
"2018";"7";"30";"1";"10";"5051";"167.";"3.4";"25.5";"45.";"8.";"481.33";"0.00";"481.33"
"2018";"7";"30";"1";"11";"5052";"174.";"3.6";"27.1";"42.";"8.";"499.78";"0.00";"499.78"
"2018";"7";"30";"1";"12";"5053";"197.";"3.6";"27.2";"42.";"8.";"505.25";"0.00";"505.25"
"2018";"7";"30";"1";"13";"5054";"215.";"4.2";"27.4";"44.";"8.";"470.55";"0.00";"470.55"
"2018";"7";"30";"1";"14";"5055";"217.";"3.8";"26.7";"48.";"8.";"422.36";"0.00";"422.36"
"2018";"7";"30";"1";"15";"5056";"200.";"2.5";"26.5";"48.";"6.";"430.04";"203.34";"312.00"
"2018";"7";"30";"1";"16";"5057";"200.";"1.8";"26.9";"46.";"8.";"275.95";"0.00";"275.95"
"2018";"7";"30";"1";"17";"5058";"195.";"1.5";"26.9";"47.";"6.";"194.83";"154.96";"142.39"
"2018";"7";"30";"1";"18";"5059";"152.";"1.0";"26.6";"47.";"7.";"76.52";"49.87";"66.23"
"2018";"7";"30";"1";"19";"5060";"100.";"0.7";"26.0";"49.";"7.";"0.00";"0.00";"0.00"
"2018";"7";"30";"1";"20";"5061";"87.";"1.0";"24.1";"55.";"6.";"0.00";"0.00";"0.00"
"2018";"7";"30";"1";"21";"5062";"100.";"1.6";"21.9";"59.";"8.";"0.00";"0.00";"0.00"
"2018";"7";"30";"1";"22";"5063";"88.";"1.9";"22.3";"63.";"8.";"0.00";"0.00";"0.00"
"2018";"7";"30";"1";"23";"5064";"87.";"2.0";"20.1";"68.";"0.";"0.00";"0.00";"0.00"
"2018";"7";"31";"2";"0";"5065";"98.";"1.8";"20.0";"73.";"1.";"0.00";"0.00";"0.00"
"2018";"7";"31";"2";"1";"5066";"104.";"1.7";"19.8";"76.";"1.";"0.00";"0.00";"0.00"
"2018";"7";"31";"2";"2";"5067";"114.";"1.7";"19.1";"77.";"4.";"0.00";"0.00";"0.00"
"2018";"7";"31";"2";"3";"5068";"125.";"1.7";"19.2";"77.";"8.";"0.00";"0.00";"0.00"
"2018";"7";"31";"2";"4";"5069";"117.";"2.1";"20.0";"74.";"8.";"0.00";"0.00";"0.00"
"2018";"7";"31";"2";"5";"5070";"133.";"2.1";"22.0";"65.";"5.";"84.16";"143.55";"55.06"
"2018";"7";"31";"2";"6";"5071";"132.";"2.7";"24.9";"51.";"4.";"225.86";"314.06";"120.61"
"2018";"7";"31";"2";"7";"5072";"134.";"3.1";"27.3";"41.";"2.";"394.19";"553.14";"138.12"
"2018";"7";"31";"2";"8";"5073";"154.";"3.0";"28.1";"36.";"6.";"417.81";"212.34";"295.17"
"2018";"7";"31";"2";"9";"5074";"176.";"3.6";"29.4";"35.";"6.";"497.48";"214.44";"353.56"
"2018";"7";"31";"2";"10";"5075";"169.";"3.9";"30.4";"33.";"8.";"474.95";"0.00";"474.95"
"2018";"7";"31";"2";"11";"5076";"183.";"4.2";"31.0";"31.";"2.";"747.76";"654.56";"242.74"
"2018";"7";"31";"2";"12";"5077";"186.";"4.1";"31.0";"32.";"4.";"666.38";"443.51";"324.19"
"2018";"7";"31";"2";"13";"5078";"199.";"4.2";"31.0";"33.";"5.";"603.15";"332.40";"358.08"
"2018";"7";"31";"2";"14";"5079";"201.";"4.5";"31.2";"35.";"3.";"596.52";"520.22";"247.39"
"2018";"7";"31";"2";"15";"5080";"194.";"4.2";"30.2";"36.";"4.";"466.98";"409.67";"230.38"
"2018";"7";"31";"2";"16";"5081";"194.";"4.1";"29.7";"38.";"5.";"340.81";"282.68";"209.95"
"2018";"7";"31";"2";"17";"5082";"187.";"4.1";"28.5";"40.";"6.";"194.51";"155.37";"142.44"
"2018";"7";"31";"2";"18";"5083";"192.";"3.7";"27.7";"42.";"7.";"78.32";"48.36";"68.52"
"2018";"7";"31";"2";"19";"5084";"216.";"4.5";"25.0";"56.";"7.";"0.00";"0.00";"0.00"
"2018";"7";"31";"2";"20";"5085";"306.";"2.5";"21.3";"74.";"7.";"0.00";"0.00";"0.00"
"2018";"7";"31";"2";"21";"5086";"343.";"0.9";"20.2";"79.";"3.";"0.00";"0.00";"0.00"
"2018";"7";"31";"2";"22";"5087";"9.";"0.9";"19.4";"82.";"0.";"0.00";"0.00";"0.00"
"2018";"7";"31";"2";"23";"5088";"7.";"1.9";"18.7";"85.";"0.";"0.00";"0.00";"0.00"
"2018";"8";"1";"3";"0";"5089";"24.";"1.7";"18.0";"86.";"0.";"0.00";"0.00";"0.00"
"2018";"8";"1";"3";"1";"5090";"318.";"1.7";"17.6";"87.";"2.";"0.00";"0.00";"0.00"
"2018";"8";"1";"3";"2";"5091";"304.";"2.3";"17.1";"89.";"3.";"0.00";"0.00";"0.00"
"2018";"8";"1";"3";"3";"5092";"297.";"2.1";"17.2";"91.";"5.";"0.00";"0.00";"0.00"
"2018";"8";"1";"3";"4";"5093";"301.";"2.2";"17.6";"90.";"4.";"0.00";"0.00";"0.00"
"2018";"8";"1";"3";"5";"5094";"306.";"2.7";"19.3";"84.";"2.";"83.98";"254.77";"33.24"
"2018";"8";"1";"3";"6";"5095";"319.";"2.3";"20.5";"76.";"3.";"202.41";"378.77";"76.76"
"2018";"8";"1";"3";"7";"5096";"323.";"2.2";"21.1";"73.";"6.";"304.97";"186.40";"219.27"
"2018";"8";"1";"3";"8";"5097";"309.";"1.9";"21.6";"71.";"6.";"408.26";"204.20";"290.94"
"2018";"8";"1";"3";"9";"5098";"307.";"3.0";"21.6";"73.";"7.";"453.93";"103.47";"384.78"
"2018";"8";"1";"3";"10";"5099";"303.";"2.5";"22.6";"67.";"3.";"653.59";"513.41";"276.50"
"2018";"8";"1";"3";"11";"5100";"315.";"2.5";"23.1";"62.";"7.";"543.70";"111.51";"457.97"
"2018";"8";"1";"3";"12";"5101";"284.";"2.6";"23.4";"61.";"8.";"246.36";"0.00";"246.36"
"2018";"8";"1";"3";"13";"5102";"283.";"2.7";"24.2";"55.";"5.";"450.92";"292.02";"236.43"
"2018";"8";"1";"3";"14";"5103";"280.";"3.1";"24.3";"52.";"4.";"471.69";"417.82";"192.49"
"2018";"8";"1";"3";"15";"5104";"290.";"3.5";"24.4";"50.";"0.";"569.69";"799.40";"110.44"
"2018";"8";"1";"3";"16";"5105";"299.";"4.0";"24.0";"53.";"3.";"371.02";"463.51";"157.93"
"2018";"8";"1";"3";"17";"5106";"303.";"4.0";"22.6";"57.";"8.";"83.16";"0.00";"83.16"
"2018";"8";"1";"3";"18";"5107";"304.";"3.4";"21.5";"63.";"8.";"33.71";"0.00";"33.71"
"2018";"8";"1";"3";"19";"5108";"309.";"2.4";"20.4";"66.";"8.";"0.00";"0.00";"0.00"
"2018";"8";"1";"3";"20";"5109";"307.";"1.7";"18.9";"70.";"6.";"0.00";"0.00";"0.00"
"2018";"8";"1";"3";"21";"5110";"296.";"1.5";"17.8";"74.";"6.";"0.00";"0.00";"0.00"
"2018";"8";"1";"3";"22";"5111";"285.";"2.1";"17.1";"76.";"6.";"0.00";"0.00";"0.00"
"2018";"8";"1";"3";"23";"5112";"281.";"2.0";"16.4";"78.";"8.";"0.00";"0.00";"0.00"
"2018";"8";"2";"4";"0";"5113";"276.";"2.2";"15.9";"80.";"8.";"0.00";"0.00";"0.00"
"2018";"8";"2";"4";"1";"5114";"274.";"1.9";"14.7";"81.";"3.";"0.00";"0.00";"0.00"
"2018";"8";"2";"4";"2";"5115";"280.";"1.6";"14.3";"82.";"0.";"0.00";"0.00";"0.00"
"2018";"8";"2";"4";"3";"5116";"278.";"1.8";"13.9";"85.";"0.";"0.00";"0.00";"0.00"
"2018";"8";"2";"4";"4";"5117";"274.";"1.6";"14.3";"85.";"0.";"0.00";"0.00";"0.00"
"2018";"8";"2";"4";"5";"5118";"254.";"0.7";"16.2";"80.";"6.";"58.02";"104.72";"37.55"
"2018";"8";"2";"4";"6";"5119";"271.";"1.6";"19.8";"66.";"1.";"256.96";"580.04";"66.58"
"2018";"8";"2";"4";"7";"5120";"271.";"2.2";"21.3";"53.";"7.";"299.91";"100.41";"254.08"
"2018";"8";"2";"4";"8";"5121";"268.";"2.8";"22.2";"46.";"6.";"303.91";"220.43";"177.96"
"2018";"8";"2";"4";"9";"5122";"266.";"2.8";"22.7";"45.";"8.";"444.54";"0.00";"444.54"
"2018";"8";"2";"4";"10";"5123";"259.";"3.2";"23.5";"43.";"8.";"477.07";"0.00";"477.07"
"2018";"8";"2";"4";"11";"5124";"257.";"2.8";"23.1";"44.";"8.";"564.75";"0.00";"564.75"
"2018";"8";"2";"4";"12";"5125";"269.";"3.1";"22.9";"46.";"5.";"661.54";"355.35";"389.36"
"2018";"8";"2";"4";"13";"5126";"266.";"3.0";"24.1";"44.";"3.";"688.06";"571.56";"269.91"
"2018";"8";"2";"4";"14";"5127";"269.";"3.5";"23.9";"45.";"4.";"586.47";"460.25";"280.29"
"2018";"8";"2";"4";"15";"5128";"269.";"3.3";"23.6";"48.";"2.";"528.97";"653.95";"155.32"
"2018";"8";"2";"4";"16";"5129";"281.";"2.9";"22.8";"51.";"7.";"298.15";"99.82";"252.58"
"2018";"8";"2";"4";"17";"5130";"286.";"3.0";"22.6";"53.";"2.";"255.03";"501.43";"90.44"
"2018";"8";"2";"4";"18";"5131";"285.";"2.4";"21.6";"50.";"7.";"86.09";"55.52";"75.24"
"2018";"8";"2";"4";"19";"5132";"275.";"2.2";"20.3";"52.";"1.";"0.00";"0.00";"0.00"
"2018";"8";"2";"4";"20";"5133";"262.";"1.6";"18.3";"63.";"1.";"0.00";"0.00";"0.00"
"2018";"8";"2";"4";"21";"5134";"263.";"1.6";"17.0";"72.";"1.";"0.00";"0.00";"0.00"
"2018";"8";"2";"4";"22";"5135";"264.";"1.4";"16.3";"76.";"2.";"0.00";"0.00";"0.00"
"2018";"8";"2";"4";"23";"5136";"274.";"1.4";"15.4";"79.";"8.";"0.00";"0.00";"0.00"
"2018";"8";"3";"5";"0";"5137";"277.";"2.0";"15.2";"79.";"7.";"0.00";"0.00";"0.00"
"2018";"8";"3";"5";"1";"5138";"269.";"1.7";"14.7";"82.";"7.";"0.00";"0.00";"0.00"
"2018";"8";"3";"5";"2";"5139";"267.";"1.9";"14.8";"87.";"3.";"0.00";"0.00";"0.00"
"2018";"8";"3";"5";"3";"5140";"261.";"1.7";"14.2";"88.";"0.";"0.00";"0.00";"0.00"
"2018";"8";"3";"5";"4";"5141";"252.";"1.5";"15.1";"88.";"0.";"0.00";"0.00";"0.00"
"2018";"8";"3";"5";"5";"5142";"254.";"1.4";"17.5";"83.";"0.";"102.02";"380.81";"29.00"
"2018";"8";"3";"5";"6";"5143";"252.";"2.3";"20.3";"71.";"2.";"243.36";"482.93";"86.56"
"2018";"8";"3";"5";"7";"5144";"237.";"2.2";"21.8";"63.";"0.";"418.08";"737.42";"83.98"
"2018";"8";"3";"5";"8";"5145";"241.";"3.1";"22.4";"57.";"1.";"557.64";"756.66";"127.72"
"2018";"8";"3";"5";"9";"5146";"243.";"4.1";"22.6";"55.";"8.";"421.27";"0.00";"421.27"
"2018";"8";"3";"5";"10";"5147";"245.";"3.9";"22.9";"54.";"5.";"465.08";"347.20";"212.10"
"2018";"8";"3";"5";"11";"5148";"242.";"3.5";"24.2";"51.";"4.";"555.32";"439.19";"220.19"
"2018";"8";"3";"5";"12";"5149";"231.";"3.4";"24.1";"51.";"5.";"486.47";"335.65";"230.36"
"2018";"8";"3";"5";"13";"5150";"230.";"3.6";"24.4";"52.";"7.";"511.54";"108.16";"432.72"
"2018";"8";"3";"5";"14";"5151";"224.";"3.4";"24.4";"53.";"7.";"281.19";"110.62";"207.94"
"2018";"8";"3";"5";"15";"5152";"242.";"3.5";"23.5";"54.";"7.";"234.04";"106.89";"173.31"
"2018";"8";"3";"5";"16";"5153";"257.";"2.8";"23.3";"58.";"8.";"129.02";"0.00";"129.02"
"2018";"8";"3";"5";"17";"5154";"256.";"2.6";"22.6";"63.";"7.";"106.58";"79.20";"80.87"
"2018";"8";"3";"5";"18";"5155";"263.";"2.1";"22.0";"66.";"6.";"50.04";"91.73";"32.45"
"2018";"8";"3";"5";"19";"5156";"257.";"2.3";"21.2";"71.";"6.";"0.00";"0.00";"0.00"
"2018";"8";"3";"5";"20";"5157";"231.";"2.0";"21.1";"73.";"8.";"0.00";"0.00";"0.00"
"2018";"8";"3";"5";"21";"5158";"217.";"1.9";"20.8";"75.";"8.";"0.00";"0.00";"0.00"
"2018";"8";"3";"5";"22";"5159";"243.";"2.5";"20.6";"79.";"8.";"0.00";"0.00";"0.00"
"2018";"8";"3";"5";"23";"5160";"264.";"3.4";"20.1";"82.";"7.";"0.00";"0.00";"0.00"
"2018";"8";"4";"6";"0";"5161";"274.";"4.3";"20.2";"83.";"8.";"0.00";"0.00";"0.00"
"2018";"8";"4";"6";"1";"5162";"266.";"3.7";"19.9";"83.";"8.";"0.00";"0.00";"0.00"
"2018";"8";"4";"6";"2";"5163";"273.";"4.4";"19.7";"82.";"7.";"0.00";"0.00";"0.00"
"2018";"8";"4";"6";"3";"5164";"271.";"4.5";"19.6";"82.";"5.";"0.00";"0.00";"0.00"
"2018";"8";"4";"6";"4";"5165";"269.";"5.2";"19.6";"81.";"5.";"0.00";"0.00";"0.00"
"2018";"8";"4";"6";"5";"5166";"272.";"5.2";"19.7";"79.";"6.";"45.12";"83.00";"29.53"
"2018";"8";"4";"6";"6";"5167";"272.";"4.9";"19.8";"78.";"8.";"77.21";"0.00";"77.21"
"2018";"8";"4";"6";"7";"5168";"276.";"4.6";"20.3";"77.";"7.";"165.46";"84.57";"127.44"
"2018";"8";"4";"6";"8";"5169";"270.";"4.9";"21.3";"72.";"7.";"225.59";"97.26";"170.65"
"2018";"8";"4";"6";"9";"5170";"269.";"5.3";"21.9";"68.";"5.";"398.25";"297.44";"202.23"
"2018";"8";"4";"6";"10";"5171";"276.";"5.3";"22.3";"65.";"3.";"579.12";"525.28";"197.97"
"2018";"8";"4";"6";"11";"5172";"276.";"6.3";"23.0";"62.";"1.";"734.62";"743.18";"169.76"
"2018";"8";"4";"6";"12";"5173";"277.";"6.3";"22.9";"63.";"1.";"729.30";"718.51";"183.19"
"2018";"8";"4";"6";"13";"5174";"279.";"6.0";"22.6";"63.";"2.";"634.29";"607.21";"193.70"
"2018";"8";"4";"6";"14";"5175";"278.";"5.4";"23.1";"62.";"2.";"570.22";"624.04";"158.95"
"2018";"8";"4";"6";"15";"5176";"281.";"5.2";"22.8";"64.";"3.";"423.60";"478.16";"153.48"
"2018";"8";"4";"6";"16";"5177";"278.";"5.3";"22.6";"64.";"2.";"349.18";"541.86";"105.55"
"2018";"8";"4";"6";"17";"5178";"277.";"5.7";"21.6";"67.";"3.";"194.68";"369.16";"76.17"
"2018";"8";"4";"6";"18";"5179";"275.";"4.8";"20.6";"74.";"6.";"45.20";"81.38";"29.91"
"2018";"8";"4";"6";"19";"5180";"269.";"4.8";"20.0";"76.";"4.";"0.00";"0.00";"0.00"
"2018";"8";"4";"6";"20";"5181";"260.";"4.6";"19.6";"77.";"7.";"0.00";"0.00";"0.00"
"2018";"8";"4";"6";"21";"5182";"254.";"4.7";"19.4";"77.";"6.";"0.00";"0.00";"0.00"
"2018";"8";"4";"6";"22";"5183";"246.";"4.2";"19.0";"80.";"3.";"0.00";"0.00";"0.00"
"2018";"8";"4";"6";"23";"5184";"248.";"4.9";"19.1";"81.";"7.";"0.00";"0.00";"0.00"
"2018";"8";"5";"7";"0";"5185";"257.";"4.8";"18.9";"81.";"2.";"0.00";"0.00";"0.00"
"2018";"8";"5";"7";"1";"5186";"266.";"5.1";"18.8";"80.";"6.";"0.00";"0.00";"0.00"
"2018";"8";"5";"7";"2";"5187";"272.";"5.2";"18.4";"79.";"6.";"0.00";"0.00";"0.00"
"2018";"8";"5";"7";"3";"5188";"269.";"5.2";"18.0";"77.";"4.";"0.00";"0.00";"0.00"
"2018";"8";"5";"7";"4";"5189";"279.";"6.1";"17.7";"74.";"6.";"0.00";"0.00";"0.00"
"2018";"8";"5";"7";"5";"5190";"283.";"6.3";"18.1";"68.";"3.";"76.61";"230.11";"34.27"
"2018";"8";"5";"7";"6";"5191";"290.";"7.1";"18.8";"63.";"2.";"222.36";"467.66";"73.96"
"2018";"8";"5";"7";"7";"5192";"294.";"7.8";"19.0";"59.";"8.";"128.53";"0.00";"128.53"
"2018";"8";"5";"7";"8";"5193";"296.";"7.6";"19.8";"56.";"7.";"227.06";"91.70";"175.56"
"2018";"8";"5";"7";"9";"5194";"290.";"7.7";"19.9";"57.";"3.";"515.47";"483.66";"198.27"
"2018";"8";"5";"7";"10";"5195";"288.";"7.6";"19.9";"56.";"5.";"454.65";"311.84";"229.35"
"2018";"8";"5";"7";"11";"5196";"290.";"7.3";"20.3";"54.";"4.";"553.83";"433.25";"225.86"
"2018";"8";"5";"7";"12";"5197";"285.";"7.6";"20.7";"54.";"6.";"409.76";"220.31";"242.99"
"2018";"8";"5";"7";"13";"5198";"282.";"7.6";"20.9";"52.";"5.";"456.48";"317.39";"227.16"
"2018";"8";"5";"7";"14";"5199";"281.";"7.6";"20.5";"53.";"7.";"278.14";"103.02";"210.58"
"2018";"8";"5";"7";"15";"5200";"278.";"8.1";"20.2";"54.";"1.";"520.23";"689.95";"132.78"
"2018";"8";"5";"7";"16";"5201";"278.";"7.3";"19.9";"56.";"1.";"384.71";"606.18";"114.29"
"2018";"8";"5";"7";"17";"5202";"278.";"7.3";"19.4";"61.";"2.";"207.33";"332.60";"101.78"
"2018";"8";"5";"7";"18";"5203";"279.";"6.8";"18.5";"64.";"5.";"57.41";"106.34";"37.84"
"2018";"8";"5";"7";"19";"5204";"282.";"6.4";"17.8";"69.";"8.";"0.00";"0.00";"0.00"
"2018";"8";"5";"7";"20";"5205";"282.";"5.8";"17.6";"71.";"8.";"0.00";"0.00";"0.00"
"2018";"8";"5";"7";"21";"5206";"274.";"5.2";"17.8";"71.";"7.";"0.00";"0.00";"0.00"
"2018";"8";"5";"7";"22";"5207";"279.";"4.6";"18.0";"73.";"8.";"0.00";"0.00";"0.00"
"2018";"8";"5";"7";"23";"5208";"285.";"4.0";"18.1";"67.";"8.";"0.00";"0.00";"0.00"
"2018";"8";"6";"1";"0";"5209";"289.";"4.2";"17.6";"64.";"7.";"0.00";"0.00";"0.00"
"2018";"8";"6";"1";"1";"5210";"290.";"4.1";"17.5";"63.";"6.";"0.00";"0.00";"0.00"
"2018";"8";"6";"1";"2";"5211";"287.";"3.9";"16.8";"66.";"4.";"0.00";"0.00";"0.00"
"2018";"8";"6";"1";"3";"5212";"285.";"3.8";"16.3";"67.";"6.";"0.00";"0.00";"0.00"
"2018";"8";"6";"1";"4";"5213";"284.";"3.8";"16.9";"66.";"5.";"0.00";"0.00";"0.00"
"2018";"8";"6";"1";"5";"5214";"289.";"3.9";"17.5";"63.";"3.";"88.18";"252.41";"42.74"
"2018";"8";"6";"1";"6";"5215";"287.";"4.9";"18.6";"57.";"8.";"80.49";"0.00";"80.49"
"2018";"8";"6";"1";"7";"5216";"285.";"4.5";"18.7";"56.";"5.";"333.84";"273.18";"212.96"
"2018";"8";"6";"1";"8";"5217";"277.";"4.3";"18.7";"55.";"5.";"447.21";"295.06";"282.53"
"2018";"8";"6";"1";"9";"5218";"280.";"4.0";"19.6";"52.";"6.";"489.32";"207.78";"353.73"
"2018";"8";"6";"1";"10";"5219";"275.";"4.5";"18.9";"55.";"6.";"559.68";"226.78";"396.56"
"2018";"8";"6";"1";"11";"5220";"271.";"5.1";"18.3";"59.";"7.";"538.03";"107.82";"456.75"
"2018";"8";"6";"1";"12";"5221";"277.";"2.9";"16.9";"74.";"7.";"205.12";"59.22";"160.48"
"2018";"8";"6";"1";"13";"5222";"276.";"2.6";"17.0";"79.";"8.";"134.60";"0.00";"134.60"
"2018";"8";"6";"1";"14";"5223";"260.";"2.4";"16.2";"90.";"8.";"103.57";"0.00";"103.57"
"2018";"8";"6";"1";"15";"5224";"206.";"2.0";"16.6";"92.";"8.";"94.90";"0.00";"94.90"
"2018";"8";"6";"1";"16";"5225";"185.";"2.6";"17.3";"90.";"7.";"163.55";"86.16";"125.43"
"2018";"8";"6";"1";"17";"5226";"172.";"3.0";"17.3";"93.";"7.";"98.04";"70.06";"76.07"
"2018";"8";"6";"1";"18";"5227";"181.";"3.7";"17.1";"89.";"8.";"26.11";"0.00";"26.11"
"2018";"8";"6";"1";"19";"5228";"190.";"3.0";"17.6";"88.";"8.";"0.00";"0.00";"0.00"
"2018";"8";"6";"1";"20";"5229";"230.";"2.9";"18.4";"87.";"7.";"0.00";"0.00";"0.00"
"2018";"8";"6";"1";"21";"5230";"250.";"3.3";"18.2";"86.";"4.";"0.00";"0.00";"0.00"
"2018";"8";"6";"1";"22";"5231";"262.";"2.4";"17.5";"88.";"0.";"0.00";"0.00";"0.00"
"2018";"8";"6";"1";"23";"5232";"259.";"2.8";"17.4";"89.";"3.";"0.00";"0.00";"0.00"
"2018";"8";"7";"2";"0";"5233";"255.";"2.7";"17.0";"90.";"5.";"0.00";"0.00";"0.00"
"2018";"8";"7";"2";"1";"5234";"268.";"2.1";"16.5";"91.";"4.";"0.00";"0.00";"0.00"
"2018";"8";"7";"2";"2";"5235";"266.";"1.7";"16.3";"92.";"6.";"0.00";"0.00";"0.00"
"2018";"8";"7";"2";"3";"5236";"275.";"1.4";"15.6";"92.";"7.";"0.00";"0.00";"0.00"
"2018";"8";"7";"2";"4";"5237";"247.";"0.7";"15.9";"91.";"3.";"0.00";"0.00";"0.00"
"2018";"8";"7";"2";"5";"5238";"217.";"0.4";"16.8";"91.";"7.";"50.98";"34.12";"44.98"
"2018";"8";"7";"2";"6";"5239";"193.";"0.8";"18.0";"88.";"6.";"166.27";"125.93";"127.27"
"2018";"8";"7";"2";"7";"5240";"179.";"1.7";"19.7";"80.";"6.";"196.53";"159.64";"126.47"
"2018";"8";"7";"2";"8";"5241";"167.";"1.6";"21.3";"69.";"2.";"493.36";"589.48";"166.41"
"2018";"8";"7";"2";"9";"5242";"185.";"1.8";"22.7";"59.";"2.";"564.28";"627.46";"156.94"
"2018";"8";"7";"2";"10";"5243";"193.";"2.0";"23.6";"54.";"5.";"578.43";"326.51";"344.64"
"2018";"8";"7";"2";"11";"5244";"211.";"2.7";"24.5";"52.";"2.";"675.78";"670.34";"172.59"
"2018";"8";"7";"2";"12";"5245";"209.";"2.7";"25.1";"51.";"5.";"630.07";"325.64";"385.63"
"2018";"8";"7";"2";"13";"5246";"225.";"3.3";"24.8";"51.";"7.";"515.48";"100.17";"443.75"
"2018";"8";"7";"2";"14";"5247";"205.";"2.4";"26.1";"47.";"4.";"543.92";"417.07";"273.17"
"2018";"8";"7";"2";"15";"5248";"209.";"2.6";"26.3";"43.";"8.";"340.63";"0.00";"340.63"
"2018";"8";"7";"2";"16";"5249";"227.";"2.0";"26.5";"38.";"8.";"277.44";"0.00";"277.44"
"2018";"8";"7";"2";"17";"5250";"237.";"1.1";"26.8";"38.";"6.";"192.86";"162.33";"142.59"
"2018";"8";"7";"2";"18";"5251";"178.";"0.6";"24.4";"42.";"6.";"71.99";"94.60";"55.34"
"2018";"8";"7";"2";"19";"5252";"79.";"1.0";"22.7";"47.";"8.";"0.00";"0.00";"0.00"
"2018";"8";"7";"2";"20";"5253";"97.";"1.6";"21.3";"54.";"6.";"0.00";"0.00";"0.00"
"2018";"8";"7";"2";"21";"5254";"130.";"2.3";"20.9";"55.";"8.";"0.00";"0.00";"0.00"
"2018";"8";"7";"2";"22";"5255";"138.";"3.6";"19.9";"61.";"7.";"0.00";"0.00";"0.00"
"2018";"8";"7";"2";"23";"5256";"144.";"3.7";"21.0";"62.";"7.";"0.00";"0.00";"0.00"
"2018";"8";"8";"3";"0";"5257";"140.";"3.7";"21.0";"56.";"8.";"0.00";"0.00";"0.00"
"2018";"8";"8";"3";"1";"5258";"137.";"3.7";"20.6";"54.";"8.";"0.00";"0.00";"0.00"
"2018";"8";"8";"3";"2";"5259";"123.";"4.4";"20.4";"55.";"2.";"0.00";"0.00";"0.00"
"2018";"8";"8";"3";"3";"5260";"121.";"3.6";"20.3";"56.";"0.";"0.00";"0.00";"0.00"
"2018";"8";"8";"3";"4";"5261";"118.";"3.8";"20.1";"58.";"7.";"0.00";"0.00";"0.00"
"2018";"8";"8";"3";"5";"5262";"119.";"4.2";"21.2";"58.";"4.";"71.26";"179.03";"40.50"
"2018";"8";"8";"3";"6";"5263";"124.";"4.6";"23.4";"53.";"8.";"161.61";"0.00";"161.61"
"2018";"8";"8";"3";"7";"5264";"138.";"4.4";"25.8";"47.";"8.";"267.23";"0.00";"267.23"
"2018";"8";"8";"3";"8";"5265";"161.";"4.5";"27.8";"41.";"5.";"437.29";"309.18";"266.91"
"2018";"8";"8";"3";"9";"5266";"186.";"6.2";"29.3";"39.";"5.";"523.50";"303.40";"327.58"
"2018";"8";"8";"3";"10";"5267";"200.";"7.2";"27.9";"44.";"8.";"489.25";"0.00";"489.25"
"2018";"8";"8";"3";"11";"5268";"198.";"6.4";"23.3";"74.";"7.";"340.66";"56.29";"298.59"
"2018";"8";"8";"3";"12";"5269";"195.";"5.7";"23.8";"72.";"7.";"310.71";"97.85";"237.58"
"2018";"8";"8";"3";"13";"5270";"165.";"4.3";"24.6";"69.";"7.";"495.37";"100.27";"423.90"
"2018";"8";"8";"3";"14";"5271";"162.";"2.8";"27.1";"58.";"6.";"463.04";"199.28";"334.36"
"2018";"8";"8";"3";"15";"5272";"218.";"3.2";"25.6";"55.";"7.";"359.43";"98.28";"305.27"
"2018";"8";"8";"3";"16";"5273";"232.";"3.4";"22.7";"73.";"8.";"134.01";"0.00";"134.01"
"2018";"8";"8";"3";"17";"5274";"159.";"1.3";"22.8";"73.";"6.";"160.60";"132.99";"119.94"
"2018";"8";"8";"3";"18";"5275";"171.";"1.8";"23.0";"68.";"3.";"59.26";"167.43";"30.49"
"2018";"8";"8";"3";"19";"5276";"162.";"1.4";"21.3";"74.";"3.";"0.00";"0.00";"0.00"
"2018";"8";"8";"3";"20";"5277";"156.";"1.8";"21.1";"77.";"6.";"0.00";"0.00";"0.00"
"2018";"8";"8";"3";"21";"5278";"192.";"2.2";"21.5";"82.";"5.";"0.00";"0.00";"0.00"
"2018";"8";"8";"3";"22";"5279";"178.";"2.3";"21.2";"86.";"3.";"0.00";"0.00";"0.00"
"2018";"8";"8";"3";"23";"5280";"235.";"2.6";"21.0";"86.";"8.";"0.00";"0.00";"0.00"
"2018";"8";"9";"4";"0";"5281";"267.";"2.8";"20.5";"85.";"3.";"0.00";"0.00";"0.00"
"2018";"8";"9";"4";"1";"5282";"266.";"3.5";"19.6";"87.";"5.";"0.00";"0.00";"0.00"
"2018";"8";"9";"4";"2";"5283";"261.";"3.6";"19.3";"87.";"5.";"0.00";"0.00";"0.00"
"2018";"8";"9";"4";"3";"5284";"262.";"4.1";"18.9";"87.";"8.";"0.00";"0.00";"0.00"
"2018";"8";"9";"4";"4";"5285";"270.";"4.6";"18.1";"78.";"5.";"0.00";"0.00";"0.00"
"2018";"8";"9";"4";"5";"5286";"277.";"4.2";"18.1";"76.";"7.";"31.33";"37.16";"25.10"
"2018";"8";"9";"4";"6";"5287";"276.";"3.8";"18.7";"69.";"4.";"163.54";"290.81";"75.79"
"2018";"8";"9";"4";"7";"5288";"266.";"3.4";"19.8";"62.";"3.";"306.90";"444.94";"115.01"
"2018";"8";"9";"4";"8";"5289";"262.";"3.8";"19.7";"57.";"1.";"504.23";"684.99";"129.26"
"2018";"8";"9";"4";"9";"5290";"265.";"3.1";"20.7";"54.";"0.";"654.96";"791.17";"146.83"
"2018";"8";"9";"4";"10";"5291";"264.";"2.9";"21.5";"51.";"1.";"692.55";"755.08";"156.97"
"2018";"8";"9";"4";"11";"5292";"267.";"2.5";"22.1";"48.";"2.";"667.94";"627.96";"200.74"
"2018";"8";"9";"4";"12";"5293";"266.";"2.7";"22.1";"47.";"0.";"776.02";"794.86";"184.64"
"2018";"8";"9";"4";"13";"5294";"262.";"2.0";"23.0";"43.";"1.";"695.09";"756.43";"158.56"
"2018";"8";"9";"4";"14";"5295";"257.";"2.2";"22.7";"42.";"0.";"669.05";"854.31";"120.38"
"2018";"8";"9";"4";"15";"5296";"248.";"1.7";"22.6";"40.";"0.";"551.39";"802.20";"112.26"
"2018";"8";"9";"4";"16";"5297";"248.";"2.4";"22.8";"42.";"0.";"408.44";"752.94";"83.72"
"2018";"8";"9";"4";"17";"5298";"248.";"2.0";"22.2";"46.";"1.";"228.41";"529.53";"68.64"
"2018";"8";"9";"4";"18";"5299";"256.";"0.7";"21.0";"50.";"4.";"73.97";"186.44";"42.72"
"2018";"8";"9";"4";"19";"5300";"273.";"0.6";"19.9";"57.";"8.";"0.00";"0.00";"0.00"
"2018";"8";"9";"4";"20";"5301";"7.";"1.0";"18.7";"61.";"8.";"0.00";"0.00";"0.00"
"2018";"8";"9";"4";"21";"5302";"39.";"1.7";"18.0";"63.";"7.";"0.00";"0.00";"0.00"
"2018";"8";"9";"4";"22";"5303";"59.";"2.3";"18.5";"62.";"8.";"0.00";"0.00";"0.00"
"2018";"8";"9";"4";"23";"5304";"80.";"2.0";"19.8";"60.";"7.";"0.00";"0.00";"0.00"
"2018";"8";"10";"5";"0";"5305";"128.";"2.9";"17.6";"78.";"8.";"0.00";"0.00";"0.00"
"2018";"8";"10";"5";"1";"5306";"121.";"4.7";"18.3";"92.";"8.";"0.00";"0.00";"0.00"
"2018";"8";"10";"5";"2";"5307";"112.";"4.5";"18.5";"90.";"6.";"0.00";"0.00";"0.00"
"2018";"8";"10";"5";"3";"5308";"145.";"4.4";"18.6";"90.";"8.";"0.00";"0.00";"0.00"
"2018";"8";"10";"5";"4";"5309";"151.";"4.5";"19.5";"90.";"8.";"0.00";"0.00";"0.00"
"2018";"8";"10";"5";"5";"5310";"158.";"6.6";"20.1";"89.";"7.";"20.97";"24.62";"16.95"
"2018";"8";"10";"5";"6";"5311";"178.";"8.8";"20.4";"79.";"7.";"88.66";"64.14";"69.57"
"2018";"8";"10";"5";"7";"5312";"179.";"8.9";"20.4";"75.";"8.";"113.83";"0.00";"113.83"
"2018";"8";"10";"5";"8";"5313";"208.";"11.4";"20.0";"70.";"8.";"156.74";"0.00";"156.74"
"2018";"8";"10";"5";"9";"5314";"220.";"13.6";"19.2";"68.";"8.";"194.99";"0.00";"194.99"
"2018";"8";"10";"5";"10";"5315";"226.";"11.3";"19.2";"66.";"7.";"295.79";"94.68";"228.96"
"2018";"8";"10";"5";"11";"5316";"227.";"10.6";"19.1";"67.";"8.";"233.78";"0.00";"233.78"
"2018";"8";"10";"5";"12";"5317";"235.";"10.3";"18.7";"66.";"8.";"221.80";"0.00";"221.80"
"2018";"8";"10";"5";"13";"5318";"241.";"8.9";"18.3";"64.";"8.";"223.09";"0.00";"223.09"
"2018";"8";"10";"5";"14";"5319";"240.";"9.1";"18.6";"60.";"7.";"265.72";"94.68";"205.25"
"2018";"8";"10";"5";"15";"5320";"240.";"8.5";"17.8";"60.";"5.";"322.88";"280.44";"170.41"
"2018";"8";"10";"5";"16";"5321";"237.";"7.7";"18.5";"58.";"6.";"202.61";"177.98";"126.55"
"2018";"8";"10";"5";"17";"5322";"237.";"7.5";"18.6";"57.";"6.";"123.40";"152.14";"78.12"
"2018";"8";"10";"5";"18";"5323";"242.";"7.4";"18.2";"60.";"4.";"58.56";"178.58";"29.39"
"2018";"8";"10";"5";"19";"5324";"242.";"7.1";"17.6";"60.";"0.";"0.00";"0.00";"0.00"
"2018";"8";"10";"5";"20";"5325";"244.";"6.8";"17.2";"60.";"3.";"0.00";"0.00";"0.00"
"2018";"8";"10";"5";"21";"5326";"247.";"7.1";"17.0";"58.";"0.";"0.00";"0.00";"0.00"
"2018";"8";"10";"5";"22";"5327";"242.";"5.9";"16.7";"63.";"1.";"0.00";"0.00";"0.00"
"2018";"8";"10";"5";"23";"5328";"240.";"5.4";"16.6";"65.";"0.";"0.00";"0.00";"0.00"
"2018";"8";"11";"6";"0";"5329";"239.";"4.6";"16.4";"67.";"1.";"0.00";"0.00";"0.00"
"2018";"8";"11";"6";"1";"5330";"234.";"4.2";"16.1";"69.";"5.";"0.00";"0.00";"0.00"
"2018";"8";"11";"6";"2";"5331";"234.";"3.7";"14.9";"74.";"0.";"0.00";"0.00";"0.00"
"2018";"8";"11";"6";"3";"5332";"220.";"2.9";"14.4";"79.";"0.";"0.00";"0.00";"0.00"
"2018";"8";"11";"6";"4";"5333";"210.";"2.3";"13.0";"83.";"3.";"0.00";"0.00";"0.00"
"2018";"8";"11";"6";"5";"5334";"193.";"2.7";"15.0";"77.";"4.";"53.96";"171.46";"26.71"
"2018";"8";"11";"6";"6";"5335";"179.";"3.0";"16.1";"75.";"8.";"145.27";"0.00";"145.27"
"2018";"8";"11";"6";"7";"5336";"165.";"2.5";"14.4";"87.";"7.";"98.44";"44.83";"79.46"
"2018";"8";"11";"6";"8";"5337";"165.";"2.8";"15.2";"85.";"7.";"231.01";"62.72";"197.15"
"2018";"8";"11";"6";"9";"5338";"168.";"3.2";"14.3";"85.";"7.";"246.07";"32.13";"225.66"
"2018";"8";"11";"6";"10";"5339";"151.";"6.0";"12.8";"88.";"6.";"246.31";"103.98";"173.29"
"2018";"8";"11";"6";"11";"5340";"168.";"5.3";"14.7";"87.";"7.";"209.28";"73.95";"154.78"
"2018";"8";"11";"6";"12";"5341";"158.";"6.6";"18.7";"76.";"3.";"666.59";"527.12";"278.07"
"2018";"8";"11";"6";"13";"5342";"176.";"4.1";"19.1";"71.";"5.";"570.79";"338.70";"332.94"
"2018";"8";"11";"6";"14";"5343";"166.";"3.7";"18.7";"70.";"0.";"647.11";"822.00";"125.14"
"2018";"8";"11";"6";"15";"5344";"177.";"3.3";"16.8";"86.";"8.";"189.95";"0.00";"189.95"
"2018";"8";"11";"6";"16";"5345";"199.";"1.7";"16.3";"83.";"8.";"155.37";"0.00";"155.37"
"2018";"8";"11";"6";"17";"5346";"197.";"1.5";"16.1";"83.";"7.";"108.44";"50.08";"93.74"
"2018";"8";"11";"6";"18";"5347";"333.";"1.0";"14.8";"88.";"8.";"22.99";"0.00";"22.99"
"2018";"8";"11";"6";"19";"5348";"338.";"3.2";"14.3";"90.";"7.";"0.00";"0.00";"0.00"
"2018";"8";"11";"6";"20";"5349";"301.";"4.6";"14.1";"88.";"7.";"0.00";"0.00";"0.00"
"2018";"8";"11";"6";"21";"5350";"298.";"4.3";"13.8";"86.";"7.";"0.00";"0.00";"0.00"
"2018";"8";"11";"6";"22";"5351";"297.";"3.1";"13.7";"84.";"7.";"0.00";"0.00";"0.00"
"2018";"8";"11";"6";"23";"5352";"309.";"2.4";"13.0";"82.";"0.";"0.00";"0.00";"0.00"
"2018";"8";"12";"7";"0";"5353";"302.";"1.9";"12.4";"82.";"7.";"0.00";"0.00";"0.00"
"2018";"8";"12";"7";"1";"5354";"287.";"2.7";"11.6";"86.";"7.";"0.00";"0.00";"0.00"
"2018";"8";"12";"7";"2";"5355";"290.";"3.3";"11.5";"87.";"3.";"0.00";"0.00";"0.00"
"2018";"8";"12";"7";"3";"5356";"288.";"4.3";"12.8";"82.";"4.";"0.00";"0.00";"0.00"
"2018";"8";"12";"7";"4";"5357";"282.";"6.2";"14.0";"80.";"4.";"0.00";"0.00";"0.00"
"2018";"8";"12";"7";"5";"5358";"284.";"6.2";"14.4";"77.";"1.";"69.54";"288.26";"24.99"
"2018";"8";"12";"7";"6";"5359";"286.";"6.7";"15.4";"72.";"1.";"216.37";"543.17";"59.27"
"2018";"8";"12";"7";"7";"5360";"281.";"7.2";"15.8";"66.";"1.";"368.29";"676.79";"84.48"
"2018";"8";"12";"7";"8";"5361";"279.";"6.9";"16.4";"61.";"3.";"417.11";"509.78";"143.86"
"2018";"8";"12";"7";"9";"5362";"280.";"6.7";"17.2";"57.";"1.";"614.57";"773.04";"126.58"
"2018";"8";"12";"7";"10";"5363";"281.";"6.8";"17.8";"55.";"4.";"514.56";"452.43";"198.49"
"2018";"8";"12";"7";"11";"5364";"280.";"6.5";"17.8";"52.";"3.";"615.50";"590.68";"182.25"
"2018";"8";"12";"7";"12";"5365";"280.";"6.6";"18.3";"52.";"2.";"668.12";"657.34";"185.98"
"2018";"8";"12";"7";"13";"5366";"280.";"6.3";"18.4";"51.";"3.";"649.74";"571.50";"250.49"
"2018";"8";"12";"7";"14";"5367";"284.";"5.2";"18.5";"50.";"4.";"457.16";"439.22";"179.90"
"2018";"8";"12";"7";"15";"5368";"294.";"5.1";"18.3";"48.";"0.";"547.30";"851.05";"91.13"
"2018";"8";"12";"7";"16";"5369";"298.";"4.4";"18.3";"49.";"2.";"366.51";"582.60";"122.20"
"2018";"8";"12";"7";"17";"5370";"304.";"3.6";"17.6";"51.";"7.";"99.73";"82.34";"75.92"
"2018";"8";"12";"7";"18";"5371";"308.";"2.6";"16.3";"54.";"8.";"54.16";"0.00";"54.16"
"2018";"8";"12";"7";"19";"5372";"307.";"1.9";"14.4";"64.";"4.";"0.00";"0.00";"0.00"
"2018";"8";"12";"7";"20";"5373";"311.";"1.2";"12.5";"73.";"2.";"0.00";"0.00";"0.00"
"2018";"8";"12";"7";"21";"5374";"294.";"0.8";"11.3";"77.";"6.";"0.00";"0.00";"0.00"
"2018";"8";"12";"7";"22";"5375";"122.";"0.3";"10.0";"82.";"6.";"0.00";"0.00";"0.00"
"2018";"8";"12";"7";"23";"5376";"61.";"0.9";"9.1";"84.";"3.";"0.00";"0.00";"0.00"
"2018";"8";"13";"1";"0";"5377";"65.";"1.4";"8.7";"87.";"1.";"0.00";"0.00";"0.00"
"2018";"8";"13";"1";"1";"5378";"72.";"1.5";"8.0";"88.";"3.";"0.00";"0.00";"0.00"
"2018";"8";"13";"1";"2";"5379";"76.";"1.5";"7.9";"88.";"1.";"0.00";"0.00";"0.00"
"2018";"8";"13";"1";"3";"5380";"84.";"1.7";"7.7";"90.";"0.";"0.00";"0.00";"0.00"
"2018";"8";"13";"1";"4";"5381";"74.";"1.7";"7.7";"90.";"0.";"0.00";"0.00";"0.00"
"2018";"8";"13";"1";"5";"5382";"73.";"2.3";"9.4";"88.";"0.";"78.48";"344.31";"26.82"
"2018";"8";"13";"1";"6";"5383";"81.";"2.3";"12.4";"77.";"1.";"222.21";"565.19";"61.16"
"2018";"8";"13";"1";"7";"5384";"91.";"2.9";"15.2";"61.";"0.";"396.68";"782.23";"71.87"
"2018";"8";"13";"1";"8";"5385";"89.";"3.6";"16.8";"51.";"2.";"499.45";"658.38";"149.15"
"2018";"8";"13";"1";"9";"5386";"97.";"3.4";"18.5";"47.";"0.";"659.28";"871.89";"112.21"
"2018";"8";"13";"1";"10";"5387";"102.";"2.9";"19.8";"42.";"0.";"746.07";"906.81";"115.93"
"2018";"8";"13";"1";"11";"5388";"105.";"2.2";"20.9";"39.";"0.";"796.81";"960.65";"95.72"
"2018";"8";"13";"1";"12";"5389";"109.";"1.9";"21.5";"35.";"7.";"559.44";"110.14";"479.06"
"2018";"8";"13";"1";"13";"5390";"136.";"1.4";"22.4";"34.";"3.";"651.21";"579.19";"248.73"
"2018";"8";"13";"1";"14";"5391";"161.";"1.2";"21.4";"40.";"5.";"527.67";"329.21";"321.10"
"2018";"8";"13";"1";"15";"5392";"250.";"2.3";"19.8";"46.";"6.";"407.27";"206.34";"297.49"
"2018";"8";"13";"1";"16";"5393";"248.";"3.1";"19.1";"55.";"8.";"120.25";"0.00";"120.25"
"2018";"8";"13";"1";"17";"5394";"245.";"1.9";"18.5";"62.";"8.";"71.20";"0.00";"71.20"
"2018";"8";"13";"1";"18";"5395";"244.";"0.9";"17.9";"70.";"8.";"19.90";"0.00";"19.90"
"2018";"8";"13";"1";"19";"5396";"237.";"0.9";"17.4";"78.";"8.";"0.00";"0.00";"0.00"
"2018";"8";"13";"1";"20";"5397";"13.";"0.3";"16.7";"82.";"8.";"0.00";"0.00";"0.00"
"2018";"8";"13";"1";"21";"5398";"82.";"1.5";"16.5";"79.";"8.";"0.00";"0.00";"0.00"
"2018";"8";"13";"1";"22";"5399";"93.";"2.1";"15.9";"86.";"8.";"0.00";"0.00";"0.00"
"2018";"8";"13";"1";"23";"5400";"104.";"2.6";"15.4";"93.";"8.";"0.00";"0.00";"0.00"
"2018";"8";"14";"2";"0";"5401";"114.";"2.7";"15.5";"95.";"8.";"0.00";"0.00";"0.00"
"2018";"8";"14";"2";"1";"5402";"115.";"2.4";"15.6";"96.";"8.";"0.00";"0.00";"0.00"
"2018";"8";"14";"2";"2";"5403";"153.";"1.3";"15.6";"96.";"8.";"0.00";"0.00";"0.00"
"2018";"8";"14";"2";"3";"5404";"159.";"2.0";"15.5";"95.";"8.";"0.00";"0.00";"0.00"
"2018";"8";"14";"2";"4";"5405";"137.";"1.3";"15.6";"95.";"8.";"0.00";"0.00";"0.00"
"2018";"8";"14";"2";"5";"5406";"104.";"1.7";"15.7";"95.";"7.";"19.43";"25.91";"15.66"
"2018";"8";"14";"2";"6";"5407";"87.";"1.9";"15.8";"94.";"8.";"34.79";"0.00";"34.79"
"2018";"8";"14";"2";"7";"5408";"89.";"2.1";"15.8";"94.";"8.";"66.05";"0.00";"66.05"
"2018";"8";"14";"2";"8";"5409";"87.";"2.4";"16.0";"94.";"8.";"85.23";"0.00";"85.23"
"2018";"8";"14";"2";"9";"5410";"66.";"2.7";"16.5";"94.";"8.";"193.42";"0.00";"193.42"
"2018";"8";"14";"2";"10";"5411";"63.";"2.7";"17.1";"92.";"8.";"216.43";"0.00";"216.43"
"2018";"8";"14";"2";"11";"5412";"55.";"2.7";"17.7";"89.";"8.";"234.41";"0.00";"234.41"
"2018";"8";"14";"2";"12";"5413";"50.";"2.5";"17.8";"87.";"8.";"227.41";"0.00";"227.41"
"2018";"8";"14";"2";"13";"5414";"11.";"2.3";"17.4";"89.";"8.";"117.55";"0.00";"117.55"
"2018";"8";"14";"2";"14";"5415";"16.";"2.5";"17.4";"90.";"8.";"99.97";"0.00";"99.97"
"2018";"8";"14";"2";"15";"5416";"31.";"2.8";"17.4";"87.";"8.";"90.83";"0.00";"90.83"
"2018";"8";"14";"2";"16";"5417";"30.";"2.7";"18.0";"85.";"8.";"115.76";"0.00";"115.76"
"2018";"8";"14";"2";"17";"5418";"16.";"2.3";"17.6";"84.";"8.";"65.37";"0.00";"65.37"
"2018";"8";"14";"2";"18";"5419";"13.";"2.0";"17.2";"85.";"8.";"15.40";"0.00";"15.40"
"2018";"8";"14";"2";"19";"5420";"7.";"1.4";"16.9";"87.";"8.";"0.00";"0.00";"0.00"
"2018";"8";"14";"2";"20";"5421";"324.";"1.7";"16.5";"87.";"8.";"0.00";"0.00";"0.00"
"2018";"8";"14";"2";"21";"5422";"315.";"1.6";"16.3";"90.";"8.";"0.00";"0.00";"0.00"
"2018";"8";"14";"2";"22";"5423";"305.";"1.8";"16.2";"91.";"8.";"0.00";"0.00";"0.00"
"2018";"8";"14";"2";"23";"5424";"294.";"3.1";"16.1";"93.";"8.";"0.00";"0.00";"0.00"
"2018";"8";"15";"3";"0";"5425";"306.";"3.3";"16.0";"94.";"8.";"0.00";"0.00";"0.00"
"2018";"8";"15";"3";"1";"5426";"308.";"3.3";"15.9";"93.";"8.";"0.00";"0.00";"0.00"
"2018";"8";"15";"3";"2";"5427";"310.";"2.6";"15.5";"92.";"8.";"0.00";"0.00";"0.00"
"2018";"8";"15";"3";"3";"5428";"297.";"1.8";"15.2";"92.";"8.";"0.00";"0.00";"0.00"
"2018";"8";"15";"3";"4";"5429";"277.";"1.9";"14.9";"92.";"8.";"0.00";"0.00";"0.00"
"2018";"8";"15";"3";"5";"5430";"286.";"1.6";"15.2";"91.";"8.";"15.02";"0.00";"15.02"
"2018";"8";"15";"3";"6";"5431";"290.";"2.6";"16.6";"87.";"8.";"64.24";"0.00";"64.24"
"2018";"8";"15";"3";"7";"5432";"290.";"2.3";"17.7";"80.";"6.";"186.95";"184.54";"111.88"
"2018";"8";"15";"3";"8";"5433";"275.";"2.7";"18.9";"72.";"8.";"156.63";"0.00";"156.63"
"2018";"8";"15";"3";"9";"5434";"267.";"3.6";"19.3";"69.";"8.";"193.25";"0.00";"193.25"
"2018";"8";"15";"3";"10";"5435";"260.";"3.5";"19.5";"67.";"8.";"220.07";"0.00";"220.07"
"2018";"8";"15";"3";"11";"5436";"252.";"4.0";"19.6";"71.";"8.";"231.53";"0.00";"231.53"
"2018";"8";"15";"3";"12";"5437";"241.";"4.0";"19.7";"72.";"8.";"233.81";"0.00";"233.81"
"2018";"8";"15";"3";"13";"5438";"217.";"3.5";"19.5";"77.";"8.";"219.55";"0.00";"219.55"
"2018";"8";"15";"3";"14";"5439";"227.";"3.7";"20.1";"74.";"8.";"192.41";"0.00";"192.41"
"2018";"8";"15";"3";"15";"5440";"221.";"3.3";"20.1";"72.";"8.";"156.17";"0.00";"156.17"
"2018";"8";"15";"3";"16";"5441";"220.";"3.3";"19.9";"73.";"8.";"112.24";"0.00";"112.24"
"2018";"8";"15";"3";"17";"5442";"213.";"3.0";"19.7";"76.";"8.";"61.53";"0.00";"61.53"
"2018";"8";"15";"3";"18";"5443";"206.";"3.1";"18.9";"80.";"8.";"12.40";"0.00";"12.40"
"2018";"8";"15";"3";"19";"5444";"191.";"3.0";"18.1";"87.";"7.";"0.00";"0.00";"0.00"
"2018";"8";"15";"3";"20";"5445";"192.";"2.6";"17.9";"90.";"8.";"0.00";"0.00";"0.00"
"2018";"8";"15";"3";"21";"5446";"196.";"2.6";"17.9";"91.";"8.";"0.00";"0.00";"0.00"
"2018";"8";"15";"3";"22";"5447";"190.";"1.8";"17.8";"91.";"8.";"0.00";"0.00";"0.00"
"2018";"8";"15";"3";"23";"5448";"199.";"2.9";"17.9";"92.";"8.";"0.00";"0.00";"0.00"
"2018";"8";"16";"4";"0";"5449";"191.";"2.4";"18.1";"91.";"8.";"0.00";"0.00";"0.00"
"2018";"8";"16";"4";"1";"5450";"200.";"2.7";"18.3";"90.";"8.";"0.00";"0.00";"0.00"
"2018";"8";"16";"4";"2";"5451";"209.";"3.2";"18.3";"90.";"8.";"0.00";"0.00";"0.00"
"2018";"8";"16";"4";"3";"5452";"208.";"4.2";"18.5";"88.";"8.";"0.00";"0.00";"0.00"
"2018";"8";"16";"4";"4";"5453";"193.";"3.8";"18.6";"88.";"8.";"0.00";"0.00";"0.00"
"2018";"8";"16";"4";"5";"5454";"196.";"5.0";"18.9";"87.";"8.";"8.73";"0.00";"8.73"
"2018";"8";"16";"4";"6";"5455";"195.";"5.5";"19.4";"84.";"8.";"57.39";"0.00";"57.39"
"2018";"8";"16";"4";"7";"5456";"197.";"5.8";"19.5";"83.";"8.";"104.32";"0.00";"104.32"
"2018";"8";"16";"4";"8";"5457";"197.";"6.0";"19.6";"83.";"8.";"147.04";"0.00";"147.04"
"2018";"8";"16";"4";"9";"5458";"190.";"6.3";"19.9";"81.";"8.";"182.80";"0.00";"182.80"
"2018";"8";"16";"4";"10";"5459";"183.";"6.5";"20.6";"79.";"8.";"204.59";"0.00";"204.59"
"2018";"8";"16";"4";"11";"5460";"197.";"6.6";"20.9";"70.";"8.";"222.98";"0.00";"222.98"
"2018";"8";"16";"4";"12";"5461";"189.";"6.2";"21.0";"67.";"8.";"230.39";"0.00";"230.39"
"2018";"8";"16";"4";"13";"5462";"184.";"6.1";"21.2";"69.";"8.";"209.99";"0.00";"209.99"
"2018";"8";"16";"4";"14";"5463";"189.";"6.2";"21.5";"72.";"8.";"176.57";"0.00";"176.57"
"2018";"8";"16";"4";"15";"5464";"186.";"6.5";"21.6";"72.";"8.";"141.73";"0.00";"141.73"
"2018";"8";"16";"4";"16";"5465";"195.";"6.6";"21.5";"71.";"7.";"133.70";"58.31";"110.23"
"2018";"8";"16";"4";"17";"5466";"192.";"6.4";"21.2";"72.";"7.";"73.40";"47.17";"60.59"
"2018";"8";"16";"4";"18";"5467";"192.";"6.1";"21.1";"72.";"8.";"9.60";"0.00";"9.60"
"2018";"8";"16";"4";"19";"5468";"206.";"6.2";"20.5";"75.";"8.";"0.00";"0.00";"0.00"
"2018";"8";"16";"4";"20";"5469";"210.";"5.3";"20.0";"73.";"8.";"0.00";"0.00";"0.00"
"2018";"8";"16";"4";"21";"5470";"202.";"4.8";"19.7";"75.";"8.";"0.00";"0.00";"0.00"
"2018";"8";"16";"4";"22";"5471";"207.";"5.6";"19.8";"75.";"8.";"0.00";"0.00";"0.00"
"2018";"8";"16";"4";"23";"5472";"205.";"5.5";"19.4";"78.";"8.";"0.00";"0.00";"0.00"
"2018";"8";"17";"5";"0";"5473";"211.";"5.5";"18.6";"82.";"8.";"0.00";"0.00";"0.00"
"2018";"8";"17";"5";"1";"5474";"211.";"5.6";"18.0";"83.";"8.";"0.00";"0.00";"0.00"
"2018";"8";"17";"5";"2";"5475";"213.";"4.8";"17.6";"86.";"8.";"0.00";"0.00";"0.00"
"2018";"8";"17";"5";"3";"5476";"208.";"3.3";"17.5";"87.";"8.";"0.00";"0.00";"0.00"
"2018";"8";"17";"5";"4";"5477";"203.";"3.0";"17.5";"88.";"8.";"0.00";"0.00";"0.00"
"2018";"8";"17";"5";"5";"5478";"197.";"3.2";"17.9";"85.";"8.";"9.27";"0.00";"9.27"
"2018";"8";"17";"5";"6";"5479";"218.";"4.4";"18.9";"80.";"8.";"57.59";"0.00";"57.59"
"2018";"8";"17";"5";"7";"5480";"226.";"4.9";"18.6";"78.";"8.";"107.77";"0.00";"107.77"
"2018";"8";"17";"5";"8";"5481";"234.";"5.7";"18.3";"77.";"8.";"151.97";"0.00";"151.97"
"2018";"8";"17";"5";"9";"5482";"248.";"4.3";"18.0";"73.";"8.";"190.18";"0.00";"190.18"
"2018";"8";"17";"5";"10";"5483";"249.";"4.3";"18.0";"69.";"8.";"430.54";"0.00";"430.54"
"2018";"8";"17";"5";"11";"5484";"237.";"3.3";"18.5";"67.";"8.";"464.09";"0.00";"464.09"
"2018";"8";"17";"5";"12";"5485";"231.";"3.3";"19.3";"62.";"4.";"620.30";"425.59";"316.24"
"2018";"8";"17";"5";"13";"5486";"230.";"3.1";"19.6";"63.";"8.";"469.75";"0.00";"469.75"
"2018";"8";"17";"5";"14";"5487";"226.";"3.5";"19.3";"66.";"8.";"415.08";"0.00";"415.08"
"2018";"8";"17";"5";"15";"5488";"216.";"4.4";"19.9";"63.";"8.";"312.72";"0.00";"312.72"
"2018";"8";"17";"5";"16";"5489";"216.";"4.4";"19.6";"63.";"8.";"108.91";"0.00";"108.91"
"2018";"8";"17";"5";"17";"5490";"240.";"3.3";"18.7";"66.";"8.";"123.07";"0.00";"123.07"
"2018";"8";"17";"5";"18";"5491";"274.";"3.2";"18.1";"72.";"8.";"12.16";"0.00";"12.16"
"2018";"8";"17";"5";"19";"5492";"269.";"2.6";"17.3";"75.";"8.";"0.00";"0.00";"0.00"
"2018";"8";"17";"5";"20";"5493";"260.";"2.8";"16.5";"77.";"8.";"0.00";"0.00";"0.00"
"2018";"8";"17";"5";"21";"5494";"258.";"2.3";"15.6";"78.";"8.";"0.00";"0.00";"0.00"
"2018";"8";"17";"5";"22";"5495";"257.";"2.9";"14.8";"79.";"8.";"0.00";"0.00";"0.00"
"2018";"8";"17";"5";"23";"5496";"249.";"2.6";"14.0";"82.";"8.";"0.00";"0.00";"0.00"
"2018";"8";"18";"6";"0";"5497";"247.";"2.6";"13.4";"84.";"8.";"0.00";"0.00";"0.00"
"2018";"8";"18";"6";"1";"5498";"244.";"2.8";"13.6";"82.";"8.";"0.00";"0.00";"0.00"
"2018";"8";"18";"6";"2";"5499";"234.";"2.4";"13.2";"84.";"5.";"0.00";"0.00";"0.00"
"2018";"8";"18";"6";"3";"5500";"236.";"3.3";"14.9";"83.";"7.";"0.00";"0.00";"0.00"
"2018";"8";"18";"6";"4";"5501";"232.";"3.3";"14.2";"83.";"8.";"0.00";"0.00";"0.00"
"2018";"8";"18";"6";"5";"5502";"224.";"3.6";"15.2";"81.";"7.";"15.90";"24.16";"12.84"
"2018";"8";"18";"6";"6";"5503";"221.";"4.9";"16.6";"77.";"8.";"59.25";"0.00";"59.25"
"2018";"8";"18";"6";"7";"5504";"226.";"6.1";"17.6";"68.";"8.";"108.79";"0.00";"108.79"
"2018";"8";"18";"6";"8";"5505";"218.";"6.3";"18.0";"67.";"8.";"155.21";"0.00";"155.21"
"2018";"8";"18";"6";"9";"5506";"216.";"6.9";"17.7";"70.";"8.";"190.62";"0.00";"190.62"
"2018";"8";"18";"6";"10";"5507";"215.";"7.1";"17.4";"72.";"8.";"214.40";"0.00";"214.40"
"2018";"8";"18";"6";"11";"5508";"213.";"7.1";"16.9";"81.";"8.";"207.90";"0.00";"207.90"
"2018";"8";"18";"6";"12";"5509";"208.";"7.2";"17.8";"78.";"8.";"229.28";"0.00";"229.28"
"2018";"8";"18";"6";"13";"5510";"205.";"7.3";"18.5";"77.";"8.";"211.38";"0.00";"211.38"
"2018";"8";"18";"6";"14";"5511";"209.";"7.1";"18.4";"79.";"8.";"187.25";"0.00";"187.25"
"2018";"8";"18";"6";"15";"5512";"211.";"7.2";"18.4";"81.";"8.";"149.15";"0.00";"149.15"
"2018";"8";"18";"6";"16";"5513";"215.";"6.3";"17.8";"87.";"8.";"96.79";"0.00";"96.79"
"2018";"8";"18";"6";"17";"5514";"226.";"6.2";"18.0";"86.";"8.";"30.82";"0.00";"30.82"
"2018";"8";"18";"6";"18";"5515";"229.";"7.1";"17.5";"86.";"8.";"7.28";"0.00";"7.28"
"2018";"8";"18";"6";"19";"5516";"227.";"6.7";"17.2";"90.";"8.";"0.00";"0.00";"0.00"
"2018";"8";"18";"6";"20";"5517";"227.";"6.7";"17.4";"90.";"8.";"0.00";"0.00";"0.00"
"2018";"8";"18";"6";"21";"5518";"238.";"6.1";"17.0";"91.";"8.";"0.00";"0.00";"0.00"
"2018";"8";"18";"6";"22";"5519";"237.";"5.9";"17.0";"90.";"8.";"0.00";"0.00";"0.00"
"2018";"8";"18";"6";"23";"5520";"241.";"6.1";"16.8";"89.";"8.";"0.00";"0.00";"0.00"
"2018";"8";"19";"7";"0";"5521";"240.";"6.5";"16.5";"89.";"8.";"0.00";"0.00";"0.00"
"2018";"8";"19";"7";"1";"5522";"254.";"5.5";"16.5";"88.";"8.";"0.00";"0.00";"0.00"
"2018";"8";"19";"7";"2";"5523";"263.";"5.5";"16.6";"84.";"8.";"0.00";"0.00";"0.00"
"2018";"8";"19";"7";"3";"5524";"263.";"5.1";"16.7";"80.";"8.";"0.00";"0.00";"0.00"
"2018";"8";"19";"7";"4";"5525";"268.";"4.2";"16.6";"78.";"8.";"0.00";"0.00";"0.00"
"2018";"8";"19";"7";"5";"5526";"273.";"3.9";"16.8";"78.";"8.";"8.83";"0.00";"8.83"
"2018";"8";"19";"7";"6";"5527";"275.";"3.3";"17.0";"78.";"8.";"55.68";"0.00";"55.68"
"2018";"8";"19";"7";"7";"5528";"270.";"3.7";"17.8";"74.";"8.";"104.10";"0.00";"104.10"
"2018";"8";"19";"7";"8";"5529";"263.";"3.9";"18.2";"69.";"8.";"149.00";"0.00";"149.00"
"2018";"8";"19";"7";"9";"5530";"265.";"4.4";"18.4";"66.";"8.";"185.43";"0.00";"185.43"
"2018";"8";"19";"7";"10";"5531";"256.";"3.8";"18.6";"64.";"8.";"213.98";"0.00";"213.98"
"2018";"8";"19";"7";"11";"5532";"243.";"3.7";"18.1";"63.";"8.";"228.39";"0.00";"228.39"
"2018";"8";"19";"7";"12";"5533";"231.";"2.5";"17.1";"68.";"8.";"230.19";"0.00";"230.19"
"2018";"8";"19";"7";"13";"5534";"235.";"2.3";"17.4";"74.";"8.";"214.55";"0.00";"214.55"
"2018";"8";"19";"7";"14";"5535";"249.";"1.2";"16.9";"79.";"8.";"105.92";"0.00";"105.92"
"2018";"8";"19";"7";"15";"5536";"225.";"1.1";"16.4";"86.";"8.";"85.83";"0.00";"85.83"
"2018";"8";"19";"7";"16";"5537";"237.";"0.6";"16.5";"92.";"8.";"57.52";"0.00";"57.52"
"2018";"8";"19";"7";"17";"5538";"206.";"0.6";"16.7";"93.";"8.";"29.41";"0.00";"29.41"
"2018";"8";"19";"7";"18";"5539";"159.";"0.9";"16.9";"94.";"8.";"2.82";"0.00";"2.82"
"2018";"8";"19";"7";"19";"5540";"162.";"1.3";"16.9";"95.";"8.";"0.00";"0.00";"0.00"
"2018";"8";"19";"7";"20";"5541";"230.";"2.6";"16.8";"96.";"8.";"0.00";"0.00";"0.00"
"2018";"8";"19";"7";"21";"5542";"215.";"3.6";"16.8";"95.";"8.";"0.00";"0.00";"0.00"
"2018";"8";"19";"7";"22";"5543";"203.";"2.5";"16.7";"95.";"8.";"0.00";"0.00";"0.00"
"2018";"8";"19";"7";"23";"5544";"205.";"3.4";"16.8";"96.";"8.";"0.00";"0.00";"0.00"
"2018";"8";"20";"1";"0";"5545";"205.";"2.7";"16.9";"96.";"8.";"0.00";"0.00";"0.00"
"2018";"8";"20";"1";"1";"5546";"222.";"2.5";"17.1";"96.";"8.";"0.00";"0.00";"0.00"
"2018";"8";"20";"1";"2";"5547";"268.";"1.9";"16.9";"96.";"8.";"0.00";"0.00";"0.00"
"2018";"8";"20";"1";"3";"5548";"344.";"1.2";"16.4";"96.";"8.";"0.00";"0.00";"0.00"
"2018";"8";"20";"1";"4";"5549";"348.";"1.7";"16.1";"96.";"8.";"0.00";"0.00";"0.00"
"2018";"8";"20";"1";"5";"5550";"339.";"2.7";"16.2";"96.";"8.";"4.21";"0.00";"4.21"
"2018";"8";"20";"1";"6";"5551";"342.";"2.5";"16.4";"94.";"8.";"54.17";"0.00";"54.17"
"2018";"8";"20";"1";"7";"5552";"314.";"3.2";"16.4";"92.";"8.";"55.13";"0.00";"55.13"
"2018";"8";"20";"1";"8";"5553";"305.";"3.6";"16.6";"89.";"8.";"83.86";"0.00";"83.86"
"2018";"8";"20";"1";"9";"5554";"299.";"3.4";"17.4";"82.";"8.";"185.85";"0.00";"185.85"
"2018";"8";"20";"1";"10";"5555";"286.";"4.1";"18.5";"73.";"5.";"413.05";"309.58";"206.60"
"2018";"8";"20";"1";"11";"5556";"289.";"4.5";"19.3";"61.";"5.";"437.28";"296.87";"228.84"
"2018";"8";"20";"1";"12";"5557";"297.";"5.1";"19.0";"54.";"8.";"497.45";"0.00";"497.45"
"2018";"8";"20";"1";"13";"5558";"293.";"6.2";"17.5";"58.";"8.";"433.44";"0.00";"433.44"
"2018";"8";"20";"1";"14";"5559";"294.";"6.1";"17.4";"56.";"8.";"417.19";"0.00";"417.19"
"2018";"8";"20";"1";"15";"5560";"290.";"5.9";"18.2";"53.";"8.";"307.49";"0.00";"307.49"
"2018";"8";"20";"1";"16";"5561";"290.";"5.8";"17.9";"53.";"8.";"108.97";"0.00";"108.97"
"2018";"8";"20";"1";"17";"5562";"286.";"5.0";"17.6";"58.";"8.";"58.83";"0.00";"58.83"
"2018";"8";"20";"1";"18";"5563";"281.";"3.7";"17.0";"62.";"8.";"11.24";"0.00";"11.24"
"2018";"8";"20";"1";"19";"5564";"284.";"2.4";"15.6";"72.";"8.";"0.00";"0.00";"0.00"
"2018";"8";"20";"1";"20";"5565";"304.";"1.2";"13.8";"83.";"8.";"0.00";"0.00";"0.00"
"2018";"8";"20";"1";"21";"5566";"326.";"0.9";"12.0";"87.";"8.";"0.00";"0.00";"0.00"
"2018";"8";"20";"1";"22";"5567";"1.";"0.8";"11.2";"88.";"8.";"0.00";"0.00";"0.00"
"2018";"8";"20";"1";"23";"5568";"55.";"0.7";"11.3";"88.";"8.";"0.00";"0.00";"0.00"
"2018";"8";"21";"2";"0";"5569";"85.";"1.0";"10.5";"89.";"8.";"0.00";"0.00";"0.00"
"2018";"8";"21";"2";"1";"5570";"97.";"1.2";"9.5";"91.";"8.";"0.00";"0.00";"0.00"
"2018";"8";"21";"2";"2";"5571";"107.";"1.0";"9.1";"92.";"8.";"0.00";"0.00";"0.00"
"2018";"8";"21";"2";"3";"5572";"108.";"0.7";"8.8";"93.";"8.";"0.00";"0.00";"0.00"
"2018";"8";"21";"2";"4";"5573";"122.";"0.6";"8.6";"94.";"8.";"0.00";"0.00";"0.00"
"2018";"8";"21";"2";"5";"5574";"170.";"0.4";"9.4";"93.";"8.";"11.31";"0.00";"11.31"
"2018";"8";"21";"2";"6";"5575";"118.";"0.6";"12.3";"90.";"8.";"56.61";"0.00";"56.61"
"2018";"8";"21";"2";"7";"5576";"240.";"0.4";"15.6";"77.";"8.";"103.79";"0.00";"103.79"
"2018";"8";"21";"2";"8";"5577";"287.";"1.4";"18.4";"58.";"8.";"152.75";"0.00";"152.75"
"2018";"8";"21";"2";"9";"5578";"276.";"2.5";"19.3";"51.";"8.";"188.91";"0.00";"188.91"
"2018";"8";"21";"2";"10";"5579";"270.";"2.5";"19.1";"54.";"6.";"354.78";"215.93";"211.71"
"2018";"8";"21";"2";"11";"5580";"265.";"2.2";"19.7";"54.";"6.";"378.79";"225.45";"221.45"
"2018";"8";"21";"2";"12";"5581";"265.";"2.8";"20.2";"51.";"8.";"225.92";"0.00";"225.92"
"2018";"8";"21";"2";"13";"5582";"263.";"3.2";"19.5";"52.";"8.";"214.45";"0.00";"214.45"
"2018";"8";"21";"2";"14";"5583";"261.";"4.1";"19.2";"51.";"8.";"190.55";"0.00";"190.55"
"2018";"8";"21";"2";"15";"5584";"264.";"3.7";"19.4";"48.";"8.";"153.38";"0.00";"153.38"
"2018";"8";"21";"2";"16";"5585";"267.";"3.4";"18.8";"52.";"8.";"107.53";"0.00";"107.53"
"2018";"8";"21";"2";"17";"5586";"269.";"2.9";"17.8";"56.";"8.";"57.82";"0.00";"57.82"
"2018";"8";"21";"2";"18";"5587";"269.";"2.4";"16.7";"62.";"8.";"10.16";"0.00";"10.16"
"2018";"8";"21";"2";"19";"5588";"271.";"2.0";"14.7";"71.";"8.";"0.00";"0.00";"0.00"
"2018";"8";"21";"2";"20";"5589";"265.";"1.6";"13.2";"77.";"8.";"0.00";"0.00";"0.00"
"2018";"8";"21";"2";"21";"5590";"243.";"0.8";"11.7";"79.";"8.";"0.00";"0.00";"0.00"
"2018";"8";"21";"2";"22";"5591";"203.";"0.9";"11.0";"83.";"8.";"0.00";"0.00";"0.00"
"2018";"8";"21";"2";"23";"5592";"145.";"1.1";"10.4";"86.";"8.";"0.00";"0.00";"0.00"
"2018";"8";"22";"3";"0";"5593";"148.";"1.1";"10.7";"88.";"8.";"0.00";"0.00";"0.00"
"2018";"8";"22";"3";"1";"5594";"142.";"2.0";"10.8";"89.";"8.";"0.00";"0.00";"0.00"
"2018";"8";"22";"3";"2";"5595";"150.";"2.5";"11.9";"87.";"8.";"0.00";"0.00";"0.00"
"2018";"8";"22";"3";"3";"5596";"155.";"2.9";"12.9";"84.";"8.";"0.00";"0.00";"0.00"
"2018";"8";"22";"3";"4";"5597";"164.";"3.3";"14.2";"84.";"8.";"0.00";"0.00";"0.00"
"2018";"8";"22";"3";"5";"5598";"176.";"3.8";"15.1";"89.";"8.";"2.23";"0.00";"2.23"
"2018";"8";"22";"3";"6";"5599";"173.";"4.0";"16.1";"88.";"8.";"50.67";"0.00";"50.67"
"2018";"8";"22";"3";"7";"5600";"185.";"4.9";"17.8";"83.";"8.";"99.31";"0.00";"99.31"
"2018";"8";"22";"3";"8";"5601";"197.";"6.4";"18.1";"80.";"8.";"83.45";"0.00";"83.45"
"2018";"8";"22";"3";"9";"5602";"197.";"7.1";"18.2";"79.";"8.";"174.75";"0.00";"174.75"
"2018";"8";"22";"3";"10";"5603";"192.";"5.7";"18.9";"78.";"8.";"206.07";"0.00";"206.07"
"2018";"8";"22";"3";"11";"5604";"192.";"6.3";"19.7";"74.";"8.";"219.89";"0.00";"219.89"
"2018";"8";"22";"3";"12";"5605";"191.";"7.1";"20.5";"70.";"8.";"219.94";"0.00";"219.94"
"2018";"8";"22";"3";"13";"5606";"190.";"6.9";"21.0";"67.";"8.";"205.45";"0.00";"205.45"
"2018";"8";"22";"3";"14";"5607";"197.";"7.2";"20.6";"67.";"8.";"182.57";"0.00";"182.57"
"2018";"8";"22";"3";"15";"5608";"194.";"6.7";"20.6";"67.";"8.";"145.47";"0.00";"145.47"
"2018";"8";"22";"3";"16";"5609";"200.";"6.9";"20.7";"67.";"8.";"98.90";"0.00";"98.90"
"2018";"8";"22";"3";"17";"5610";"199.";"6.9";"20.7";"68.";"8.";"100.04";"0.00";"100.04"
"2018";"8";"22";"3";"18";"5611";"205.";"6.2";"20.4";"70.";"8.";"1.85";"0.00";"1.85"
"2018";"8";"22";"3";"19";"5612";"209.";"5.5";"20.2";"74.";"8.";"0.00";"0.00";"0.00"
"2018";"8";"22";"3";"20";"5613";"204.";"4.8";"19.8";"78.";"8.";"0.00";"0.00";"0.00"
"2018";"8";"22";"3";"21";"5614";"201.";"4.6";"19.5";"81.";"3.";"0.00";"0.00";"0.00"
"2018";"8";"22";"3";"22";"5615";"209.";"4.0";"19.4";"83.";"8.";"0.00";"0.00";"0.00"
"2018";"8";"22";"3";"23";"5616";"221.";"3.6";"19.3";"84.";"8.";"0.00";"0.00";"0.00"
"2018";"8";"23";"4";"0";"5617";"229.";"3.5";"19.1";"85.";"8.";"0.00";"0.00";"0.00"
"2018";"8";"23";"4";"1";"5618";"237.";"3.6";"18.4";"86.";"8.";"0.00";"0.00";"0.00"
"2018";"8";"23";"4";"2";"5619";"239.";"4.1";"18.3";"84.";"8.";"0.00";"0.00";"0.00"
"2018";"8";"23";"4";"3";"5620";"230.";"3.6";"18.2";"85.";"8.";"0.00";"0.00";"0.00"
"2018";"8";"23";"4";"4";"5621";"215.";"3.2";"18.2";"87.";"8.";"0.00";"0.00";"0.00"
"2018";"8";"23";"4";"5";"5622";"201.";"3.3";"18.0";"88.";"8.";"0.00";"0.00";"0.00"
"2018";"8";"23";"4";"6";"5623";"206.";"3.8";"18.3";"87.";"8.";"45.04";"0.00";"45.04"
"2018";"8";"23";"4";"7";"5624";"207.";"3.9";"18.4";"87.";"8.";"94.02";"0.00";"94.02"
"2018";"8";"23";"4";"8";"5625";"208.";"3.6";"18.7";"86.";"8.";"137.65";"0.00";"137.65"
"2018";"8";"23";"4";"9";"5626";"203.";"3.5";"19.0";"81.";"8.";"174.72";"0.00";"174.72"
"2018";"8";"23";"4";"10";"5627";"193.";"3.7";"19.4";"79.";"8.";"200.49";"0.00";"200.49"
"2018";"8";"23";"4";"11";"5628";"192.";"3.8";"19.6";"79.";"8.";"213.47";"0.00";"213.47"
"2018";"8";"23";"4";"12";"5629";"201.";"4.0";"20.1";"77.";"8.";"216.49";"0.00";"216.49"
"2018";"8";"23";"4";"13";"5630";"202.";"4.0";"21.0";"74.";"8.";"202.08";"0.00";"202.08"
"2018";"8";"23";"4";"14";"5631";"206.";"4.2";"20.5";"74.";"8.";"176.78";"0.00";"176.78"
"2018";"8";"23";"4";"15";"5632";"203.";"3.8";"20.1";"77.";"8.";"140.99";"0.00";"140.99"
"2018";"8";"23";"4";"16";"5633";"193.";"3.6";"19.7";"79.";"8.";"95.71";"0.00";"95.71"
"2018";"8";"23";"4";"17";"5634";"187.";"3.5";"19.3";"82.";"8.";"45.35";"0.00";"45.35"
"2018";"8";"23";"4";"18";"5635";"170.";"3.9";"19.1";"83.";"8.";"0.00";"0.00";"0.00"
"2018";"8";"23";"4";"19";"5636";"166.";"4.4";"19.1";"85.";"8.";"0.00";"0.00";"0.00"
"2018";"8";"23";"4";"20";"5637";"188.";"4.7";"19.0";"84.";"8.";"0.00";"0.00";"0.00"
"2018";"8";"23";"4";"21";"5638";"194.";"3.7";"19.3";"85.";"8.";"0.00";"0.00";"0.00"
"2018";"8";"23";"4";"22";"5639";"201.";"4.4";"18.3";"90.";"8.";"0.00";"0.00";"0.00"
"2018";"8";"23";"4";"23";"5640";"195.";"5.5";"17.7";"93.";"8.";"0.00";"0.00";"0.00"
"2018";"8";"24";"5";"0";"5641";"199.";"5.0";"16.8";"95.";"8.";"0.00";"0.00";"0.00"
"2018";"8";"24";"5";"1";"5642";"208.";"3.0";"16.4";"96.";"8.";"0.00";"0.00";"0.00"
"2018";"8";"24";"5";"2";"5643";"295.";"3.6";"16.1";"95.";"8.";"0.00";"0.00";"0.00"
"2018";"8";"24";"5";"3";"5644";"271.";"2.9";"15.5";"94.";"8.";"0.00";"0.00";"0.00"
"2018";"8";"24";"5";"4";"5645";"253.";"3.0";"15.5";"92.";"8.";"0.00";"0.00";"0.00"
"2018";"8";"24";"5";"5";"5646";"258.";"3.1";"15.4";"89.";"8.";"0.59";"0.00";"0.59"
"2018";"8";"24";"5";"6";"5647";"233.";"2.5";"15.7";"88.";"8.";"47.66";"0.00";"47.66"
"2018";"8";"24";"5";"7";"5648";"222.";"2.9";"15.8";"88.";"8.";"100.25";"0.00";"100.25"
"2018";"8";"24";"5";"8";"5649";"225.";"4.1";"16.9";"84.";"8.";"146.79";"0.00";"146.79"
"2018";"8";"24";"5";"9";"5650";"232.";"4.8";"16.6";"79.";"8.";"181.24";"0.00";"181.24"
"2018";"8";"24";"5";"10";"5651";"225.";"5.5";"17.0";"75.";"8.";"207.98";"0.00";"207.98"
"2018";"8";"24";"5";"11";"5652";"213.";"5.3";"16.6";"78.";"8.";"106.11";"0.00";"106.11"
"2018";"8";"24";"5";"12";"5653";"218.";"6.2";"15.0";"84.";"8.";"124.48";"0.00";"124.48"
"2018";"8";"24";"5";"13";"5654";"235.";"5.2";"15.4";"80.";"8.";"242.26";"0.00";"242.26"
"2018";"8";"24";"5";"14";"5655";"227.";"3.9";"16.0";"76.";"8.";"369.93";"0.00";"369.93"
"2018";"8";"24";"5";"15";"5656";"249.";"3.8";"16.8";"70.";"8.";"324.38";"0.00";"324.38"
"2018";"8";"24";"5";"16";"5657";"239.";"4.2";"15.4";"71.";"8.";"100.38";"0.00";"100.38"
"2018";"8";"24";"5";"17";"5658";"220.";"3.7";"15.2";"76.";"8.";"64.63";"0.00";"64.63"
"2018";"8";"24";"5";"18";"5659";"249.";"5.1";"14.9";"70.";"8.";"5.08";"0.00";"5.08"
"2018";"8";"24";"5";"19";"5660";"259.";"3.8";"14.5";"70.";"8.";"0.00";"0.00";"0.00"
"2018";"8";"24";"5";"20";"5661";"255.";"4.5";"14.3";"71.";"5.";"0.00";"0.00";"0.00"
"2018";"8";"24";"5";"21";"5662";"240.";"4.6";"14.5";"70.";"8.";"0.00";"0.00";"0.00"
"2018";"8";"24";"5";"22";"5663";"243.";"5.3";"14.5";"67.";"4.";"0.00";"0.00";"0.00"
"2018";"8";"24";"5";"23";"5664";"246.";"4.5";"14.2";"71.";"3.";"0.00";"0.00";"0.00"
"2018";"8";"25";"6";"0";"5665";"247.";"4.5";"14.0";"74.";"4.";"0.00";"0.00";"0.00"
"2018";"8";"25";"6";"1";"5666";"243.";"4.3";"13.7";"76.";"6.";"0.00";"0.00";"0.00"
"2018";"8";"25";"6";"2";"5667";"238.";"3.6";"13.4";"77.";"3.";"0.00";"0.00";"0.00"
"2018";"8";"25";"6";"3";"5668";"242.";"3.4";"13.0";"80.";"8.";"0.00";"0.00";"0.00"
"2018";"8";"25";"6";"4";"5669";"229.";"3.3";"12.9";"80.";"8.";"0.00";"0.00";"0.00"
"2018";"8";"25";"6";"5";"5670";"214.";"2.7";"12.4";"79.";"8.";"4.24";"0.00";"4.24"
"2018";"8";"25";"6";"6";"5671";"218.";"3.6";"14.0";"75.";"8.";"50.24";"0.00";"50.24"
"2018";"8";"25";"6";"7";"5672";"223.";"4.1";"15.0";"69.";"8.";"99.95";"0.00";"99.95"
"2018";"8";"25";"6";"8";"5673";"231.";"4.3";"15.7";"66.";"7.";"194.00";"99.49";"146.31"
"2018";"8";"25";"6";"9";"5674";"227.";"4.6";"15.8";"64.";"6.";"303.09";"214.88";"179.26"
"2018";"8";"25";"6";"10";"5675";"206.";"3.8";"15.5";"69.";"8.";"120.87";"0.00";"120.87"
"2018";"8";"25";"6";"11";"5676";"213.";"4.4";"16.7";"61.";"5.";"435.43";"332.42";"209.30"
"2018";"8";"25";"6";"12";"5677";"216.";"4.3";"16.9";"59.";"8.";"222.06";"0.00";"222.06"
"2018";"8";"25";"6";"13";"5678";"203.";"3.6";"16.5";"60.";"2.";"586.24";"695.66";"137.71"
"2018";"8";"25";"6";"14";"5679";"203.";"3.4";"17.1";"56.";"7.";"247.11";"111.41";"182.91"
"2018";"8";"25";"6";"15";"5680";"205.";"2.9";"17.1";"58.";"7.";"323.41";"103.88";"273.62"
"2018";"8";"25";"6";"16";"5681";"209.";"2.6";"16.2";"59.";"7.";"138.65";"93.12";"105.07"
"2018";"8";"25";"6";"17";"5682";"219.";"3.2";"15.0";"65.";"3.";"112.65";"295.32";"45.28"
"2018";"8";"25";"6";"18";"5683";"215.";"2.1";"14.3";"74.";"8.";"3.30";"0.00";"3.30"
"2018";"8";"25";"6";"19";"5684";"222.";"2.0";"12.4";"77.";"8.";"0.00";"0.00";"0.00"
"2018";"8";"25";"6";"20";"5685";"201.";"1.3";"11.4";"81.";"7.";"0.00";"0.00";"0.00"
"2018";"8";"25";"6";"21";"5686";"205.";"1.4";"11.6";"85.";"6.";"0.00";"0.00";"0.00"
"2018";"8";"25";"6";"22";"5687";"197.";"1.1";"11.4";"85.";"8.";"0.00";"0.00";"0.00"
"2018";"8";"25";"6";"23";"5688";"177.";"0.9";"11.2";"84.";"5.";"0.00";"0.00";"0.00"
"2018";"8";"26";"7";"0";"5689";"201.";"0.9";"11.1";"85.";"8.";"0.00";"0.00";"0.00"
"2018";"8";"26";"7";"1";"5690";"197.";"1.2";"11.0";"87.";"8.";"0.00";"0.00";"0.00"
"2018";"8";"26";"7";"2";"5691";"224.";"1.5";"10.9";"85.";"8.";"0.00";"0.00";"0.00"
"2018";"8";"26";"7";"3";"5692";"213.";"1.6";"10.8";"85.";"8.";"0.00";"0.00";"0.00"
"2018";"8";"26";"7";"4";"5693";"211.";"2.0";"10.8";"86.";"8.";"0.00";"0.00";"0.00"
"2018";"8";"26";"7";"5";"5694";"212.";"2.6";"11.4";"86.";"8.";"4.74";"0.00";"4.74"
"2018";"8";"26";"7";"6";"5695";"228.";"3.6";"12.8";"85.";"8.";"93.00";"0.00";"93.00"
"2018";"8";"26";"7";"7";"5696";"238.";"4.6";"14.7";"77.";"8.";"97.04";"0.00";"97.04"
"2018";"8";"26";"7";"8";"5697";"239.";"4.9";"14.9";"71.";"8.";"142.48";"0.00";"142.48"
"2018";"8";"26";"7";"9";"5698";"247.";"5.3";"15.6";"67.";"8.";"180.72";"0.00";"180.72"
"2018";"8";"26";"7";"10";"5699";"248.";"5.5";"16.5";"62.";"8.";"207.08";"0.00";"207.08"
"2018";"8";"26";"7";"11";"5700";"251.";"5.2";"16.7";"59.";"7.";"297.11";"113.40";"220.49"
"2018";"8";"26";"7";"12";"5701";"259.";"5.1";"16.9";"59.";"3.";"559.64";"574.16";"171.69"
"2018";"8";"26";"7";"13";"5702";"263.";"5.8";"17.1";"58.";"3.";"520.45";"540.72";"174.31"
"2018";"8";"26";"7";"14";"5703";"266.";"6.0";"16.8";"58.";"3.";"470.03";"561.11";"149.35"
"2018";"8";"26";"7";"15";"5704";"269.";"5.6";"16.7";"56.";"7.";"193.29";"100.38";"145.67"
"2018";"8";"26";"7";"16";"5705";"270.";"6.1";"16.4";"53.";"7.";"132.84";"86.61";"102.04"
"2018";"8";"26";"7";"17";"5706";"269.";"5.4";"15.8";"55.";"7.";"109.01";"63.19";"94.92"
"2018";"8";"26";"7";"18";"5707";"263.";"4.7";"15.1";"58.";"7.";"9.82";"12.54";"8.75"
"2018";"8";"26";"7";"19";"5708";"257.";"4.2";"14.4";"63.";"6.";"0.00";"0.00";"0.00"
"2018";"8";"26";"7";"20";"5709";"252.";"3.8";"13.7";"66.";"8.";"0.00";"0.00";"0.00"
"2018";"8";"26";"7";"21";"5710";"243.";"3.1";"12.1";"72.";"8.";"0.00";"0.00";"0.00"
"2018";"8";"26";"7";"22";"5711";"230.";"2.6";"12.0";"74.";"8.";"0.00";"0.00";"0.00"
"2018";"8";"26";"7";"23";"5712";"217.";"2.4";"12.3";"74.";"8.";"0.00";"0.00";"0.00"
"2018";"8";"27";"1";"0";"5713";"198.";"2.2";"11.9";"77.";"8.";"0.00";"0.00";"0.00"
"2018";"8";"27";"1";"1";"5714";"184.";"2.8";"11.7";"77.";"8.";"0.00";"0.00";"0.00"
"2018";"8";"27";"1";"2";"5715";"166.";"3.0";"11.4";"78.";"8.";"0.00";"0.00";"0.00"
"2018";"8";"27";"1";"3";"5716";"140.";"2.4";"10.9";"81.";"8.";"0.00";"0.00";"0.00"
"2018";"8";"27";"1";"4";"5717";"129.";"2.9";"10.9";"85.";"8.";"0.00";"0.00";"0.00"
"2018";"8";"27";"1";"5";"5718";"125.";"3.8";"11.5";"84.";"8.";"1.17";"0.00";"1.17"
"2018";"8";"27";"1";"6";"5719";"129.";"4.2";"13.0";"82.";"8.";"45.97";"0.00";"45.97"
"2018";"8";"27";"1";"7";"5720";"126.";"5.0";"14.0";"76.";"8.";"193.46";"0.00";"193.46"
"2018";"8";"27";"1";"8";"5721";"142.";"6.3";"14.5";"71.";"8.";"286.71";"0.00";"286.71"
"2018";"8";"27";"1";"9";"5722";"143.";"6.4";"14.8";"69.";"8.";"362.73";"0.00";"362.73"
"2018";"8";"27";"1";"10";"5723";"140.";"5.6";"15.0";"73.";"8.";"240.08";"0.00";"240.08"
"2018";"8";"27";"1";"11";"5724";"128.";"5.4";"13.5";"80.";"8.";"125.54";"0.00";"125.54"
"2018";"8";"27";"1";"12";"5725";"132.";"5.7";"13.6";"80.";"8.";"220.57";"0.00";"220.57"
"2018";"8";"27";"1";"13";"5726";"134.";"7.1";"13.6";"79.";"8.";"206.39";"0.00";"206.39"
"2018";"8";"27";"1";"14";"5727";"126.";"6.2";"12.7";"90.";"8.";"92.29";"0.00";"92.29"
"2018";"8";"27";"1";"15";"5728";"132.";"5.7";"13.0";"90.";"8.";"130.06";"0.00";"130.06"
"2018";"8";"27";"1";"16";"5729";"134.";"5.1";"13.3";"92.";"8.";"51.05";"0.00";"51.05"
"2018";"8";"27";"1";"17";"5730";"143.";"5.0";"13.5";"92.";"8.";"42.27";"0.00";"42.27"
"2018";"8";"27";"1";"18";"5731";"150.";"4.4";"13.6";"93.";"8.";"0.00";"0.00";"0.00"
"2018";"8";"27";"1";"19";"5732";"162.";"2.4";"13.5";"93.";"8.";"0.00";"0.00";"0.00"
"2018";"8";"27";"1";"20";"5733";"205.";"2.2";"13.5";"92.";"8.";"0.00";"0.00";"0.00"
"2018";"8";"27";"1";"21";"5734";"241.";"2.3";"13.7";"92.";"8.";"0.00";"0.00";"0.00"
"2018";"8";"27";"1";"22";"5735";"259.";"3.7";"14.2";"93.";"8.";"0.00";"0.00";"0.00"
"2018";"8";"27";"1";"23";"5736";"264.";"4.4";"14.8";"91.";"8.";"0.00";"0.00";"0.00"
"2018";"8";"28";"2";"0";"5737";"262.";"4.3";"15.1";"90.";"8.";"0.00";"0.00";"0.00"
"2018";"8";"28";"2";"1";"5738";"255.";"4.0";"15.1";"91.";"8.";"0.00";"0.00";"0.00"
"2018";"8";"28";"2";"2";"5739";"255.";"3.6";"15.0";"90.";"8.";"0.00";"0.00";"0.00"
"2018";"8";"28";"2";"3";"5740";"258.";"3.5";"14.7";"92.";"8.";"0.00";"0.00";"0.00"
"2018";"8";"28";"2";"4";"5741";"267.";"2.3";"14.7";"93.";"8.";"0.00";"0.00";"0.00"
"2018";"8";"28";"2";"5";"5742";"275.";"2.3";"15.1";"93.";"8.";"0.00";"0.00";"0.00"
"2018";"8";"28";"2";"6";"5743";"281.";"2.3";"15.6";"92.";"8.";"22.52";"0.00";"22.52"
"2018";"8";"28";"2";"7";"5744";"271.";"1.4";"15.9";"92.";"8.";"86.05";"0.00";"86.05"
"2018";"8";"28";"2";"8";"5745";"332.";"0.9";"16.8";"91.";"8.";"131.38";"0.00";"131.38"
"2018";"8";"28";"2";"9";"5746";"309.";"1.5";"17.4";"85.";"8.";"173.61";"0.00";"173.61"
"2018";"8";"28";"2";"10";"5747";"281.";"1.9";"18.0";"81.";"8.";"200.07";"0.00";"200.07"
"2018";"8";"28";"2";"11";"5748";"269.";"2.0";"18.2";"78.";"8.";"212.99";"0.00";"212.99"
"2018";"8";"28";"2";"12";"5749";"277.";"2.5";"18.7";"73.";"8.";"213.78";"0.00";"213.78"
"2018";"8";"28";"2";"13";"5750";"270.";"2.2";"19.4";"69.";"8.";"199.19";"0.00";"199.19"
"2018";"8";"28";"2";"14";"5751";"271.";"2.6";"19.5";"66.";"6.";"285.32";"197.76";"174.20"
"2018";"8";"28";"2";"15";"5752";"277.";"2.8";"18.8";"67.";"2.";"377.09";"562.64";"115.67"
"2018";"8";"28";"2";"16";"5753";"270.";"2.4";"18.0";"69.";"5.";"177.86";"242.63";"94.03"
"2018";"8";"28";"2";"17";"5754";"265.";"2.2";"17.2";"73.";"7.";"55.53";"57.61";"43.28"
"2018";"8";"28";"2";"18";"5755";"275.";"1.5";"16.0";"78.";"8.";"0.00";"0.00";"0.00"
"2018";"8";"28";"2";"19";"5756";"247.";"0.7";"14.7";"84.";"8.";"0.00";"0.00";"0.00"
"2018";"8";"28";"2";"20";"5757";"191.";"0.6";"14.3";"87.";"8.";"0.00";"0.00";"0.00"
"2018";"8";"28";"2";"21";"5758";"141.";"0.4";"14.2";"88.";"8.";"0.00";"0.00";"0.00"
"2018";"8";"28";"2";"22";"5759";"101.";"0.7";"13.9";"91.";"8.";"0.00";"0.00";"0.00"
"2018";"8";"28";"2";"23";"5760";"85.";"1.0";"14.1";"91.";"8.";"0.00";"0.00";"0.00"
"2018";"8";"29";"3";"0";"5761";"75.";"1.2";"14.2";"92.";"8.";"0.00";"0.00";"0.00"
"2018";"8";"29";"3";"1";"5762";"67.";"1.0";"14.4";"92.";"8.";"0.00";"0.00";"0.00"
"2018";"8";"29";"3";"2";"5763";"62.";"0.7";"14.5";"93.";"8.";"0.00";"0.00";"0.00"
"2018";"8";"29";"3";"3";"5764";"135.";"0.9";"14.7";"94.";"8.";"0.00";"0.00";"0.00"
"2018";"8";"29";"3";"4";"5765";"65.";"0.2";"14.9";"93.";"8.";"0.00";"0.00";"0.00"
"2018";"8";"29";"3";"5";"5766";"198.";"0.5";"15.1";"93.";"8.";"0.00";"0.00";"0.00"
"2018";"8";"29";"3";"6";"5767";"138.";"0.7";"15.6";"91.";"8.";"37.56";"0.00";"37.56"
"2018";"8";"29";"3";"7";"5768";"178.";"1.6";"16.4";"90.";"8.";"86.44";"0.00";"86.44"
"2018";"8";"29";"3";"8";"5769";"192.";"2.3";"17.0";"86.";"8.";"133.03";"0.00";"133.03"
"2018";"8";"29";"3";"9";"5770";"210.";"2.4";"17.3";"80.";"8.";"346.88";"0.00";"346.88"
"2018";"8";"29";"3";"10";"5771";"199.";"2.5";"18.6";"70.";"8.";"399.29";"0.00";"399.29"
"2018";"8";"29";"3";"11";"5772";"191.";"2.8";"19.0";"66.";"8.";"211.14";"0.00";"211.14"
"2018";"8";"29";"3";"12";"5773";"185.";"2.2";"18.6";"66.";"8.";"213.32";"0.00";"213.32"
"2018";"8";"29";"3";"13";"5774";"183.";"2.3";"18.9";"63.";"8.";"200.12";"0.00";"200.12"
"2018";"8";"29";"3";"14";"5775";"177.";"2.7";"19.0";"68.";"8.";"167.59";"0.00";"167.59"
"2018";"8";"29";"3";"15";"5776";"180.";"2.9";"19.3";"69.";"8.";"271.46";"0.00";"271.46"
"2018";"8";"29";"3";"16";"5777";"176.";"2.5";"19.1";"67.";"8.";"178.70";"0.00";"178.70"
"2018";"8";"29";"3";"17";"5778";"164.";"2.2";"18.5";"71.";"8.";"77.55";"0.00";"77.55"
"2018";"8";"29";"3";"18";"5779";"134.";"1.6";"17.8";"76.";"8.";"0.00";"0.00";"0.00"
"2018";"8";"29";"3";"19";"5780";"104.";"1.9";"17.4";"77.";"8.";"0.00";"0.00";"0.00"
"2018";"8";"29";"3";"20";"5781";"106.";"1.6";"17.1";"77.";"8.";"0.00";"0.00";"0.00"
"2018";"8";"29";"3";"21";"5782";"124.";"1.9";"16.9";"77.";"8.";"0.00";"0.00";"0.00"
"2018";"8";"29";"3";"22";"5783";"126.";"2.3";"16.7";"76.";"8.";"0.00";"0.00";"0.00"
"2018";"8";"29";"3";"23";"5784";"132.";"2.2";"16.2";"78.";"8.";"0.00";"0.00";"0.00"
"2018";"8";"30";"4";"0";"5785";"147.";"1.9";"15.5";"82.";"8.";"0.00";"0.00";"0.00"
"2018";"8";"30";"4";"1";"5786";"151.";"1.6";"15.4";"84.";"8.";"0.00";"0.00";"0.00"
"2018";"8";"30";"4";"2";"5787";"143.";"1.5";"15.2";"85.";"8.";"0.00";"0.00";"0.00"
"2018";"8";"30";"4";"3";"5788";"125.";"1.7";"15.0";"86.";"8.";"0.00";"0.00";"0.00"
"2018";"8";"30";"4";"4";"5789";"119.";"1.4";"14.6";"88.";"8.";"0.00";"0.00";"0.00"
"2018";"8";"30";"4";"5";"5790";"103.";"1.5";"14.6";"89.";"8.";"0.00";"0.00";"0.00"
"2018";"8";"30";"4";"6";"5791";"94.";"1.5";"14.9";"87.";"8.";"74.60";"0.00";"74.60"
"2018";"8";"30";"4";"7";"5792";"80.";"1.7";"15.4";"86.";"8.";"175.05";"0.00";"175.05"
"2018";"8";"30";"4";"8";"5793";"58.";"2.0";"16.0";"85.";"8.";"265.96";"0.00";"265.96"
"2018";"8";"30";"4";"9";"5794";"63.";"1.8";"16.7";"81.";"8.";"343.14";"0.00";"343.14"
"2018";"8";"30";"4";"10";"5795";"62.";"1.6";"17.5";"77.";"8.";"395.91";"0.00";"395.91"
"2018";"8";"30";"4";"11";"5796";"44.";"1.6";"18.2";"73.";"8.";"458.63";"0.00";"458.63"
"2018";"8";"30";"4";"12";"5797";"33.";"1.7";"18.1";"72.";"8.";"459.29";"0.00";"459.29"
"2018";"8";"30";"4";"13";"5798";"17.";"1.9";"18.2";"72.";"8.";"429.01";"0.00";"429.01"
"2018";"8";"30";"4";"14";"5799";"348.";"1.8";"18.0";"72.";"8.";"203.20";"0.00";"203.20"
"2018";"8";"30";"4";"15";"5800";"343.";"2.0";"18.0";"78.";"8.";"269.34";"0.00";"269.34"
"2018";"8";"30";"4";"16";"5801";"2.";"1.8";"17.5";"81.";"8.";"180.15";"0.00";"180.15"
"2018";"8";"30";"4";"17";"5802";"3.";"2.0";"17.5";"82.";"8.";"69.99";"0.00";"69.99"
"2018";"8";"30";"4";"18";"5803";"3.";"1.9";"17.0";"83.";"8.";"0.00";"0.00";"0.00"
"2018";"8";"30";"4";"19";"5804";"29.";"2.7";"16.4";"85.";"8.";"0.00";"0.00";"0.00"
"2018";"8";"30";"4";"20";"5805";"32.";"2.6";"15.9";"86.";"8.";"0.00";"0.00";"0.00"
"2018";"8";"30";"4";"21";"5806";"32.";"1.9";"15.5";"87.";"8.";"0.00";"0.00";"0.00"
"2018";"8";"30";"4";"22";"5807";"37.";"2.2";"15.2";"88.";"8.";"0.00";"0.00";"0.00"
"2018";"8";"30";"4";"23";"5808";"41.";"2.2";"15.0";"88.";"8.";"0.00";"0.00";"0.00"
"2018";"8";"31";"5";"0";"5809";"27.";"1.9";"14.7";"89.";"8.";"0.00";"0.00";"0.00"
"2018";"8";"31";"5";"1";"5810";"11.";"1.9";"14.5";"91.";"8.";"0.00";"0.00";"0.00"
"2018";"8";"31";"5";"2";"5811";"19.";"2.0";"14.5";"91.";"8.";"0.00";"0.00";"0.00"
"2018";"8";"31";"5";"3";"5812";"21.";"2.3";"14.6";"92.";"8.";"0.00";"0.00";"0.00"
"2018";"8";"31";"5";"4";"5813";"16.";"2.5";"14.5";"92.";"8.";"0.00";"0.00";"0.00"
"2018";"8";"31";"5";"5";"5814";"12.";"2.7";"14.3";"92.";"8.";"0.00";"0.00";"0.00"
"2018";"8";"31";"5";"6";"5815";"9.";"3.1";"13.9";"94.";"8.";"19.24";"0.00";"19.24"
"2018";"8";"31";"5";"7";"5816";"18.";"3.5";"14.1";"93.";"8.";"82.09";"0.00";"82.09"
"2018";"8";"31";"5";"8";"5817";"24.";"3.9";"14.4";"91.";"8.";"122.87";"0.00";"122.87"
"2018";"8";"31";"5";"9";"5818";"30.";"4.0";"14.6";"89.";"8.";"169.45";"0.00";"169.45"
"2018";"8";"31";"5";"10";"5819";"32.";"4.1";"14.7";"87.";"8.";"197.43";"0.00";"197.43"
"2018";"8";"31";"5";"11";"5820";"35.";"4.4";"14.8";"87.";"8.";"216.03";"0.00";"216.03"
"2018";"8";"31";"5";"12";"5821";"30.";"4.5";"14.7";"86.";"8.";"216.29";"0.00";"216.29"
"2018";"8";"31";"5";"13";"5822";"28.";"4.4";"15.0";"85.";"8.";"196.60";"0.00";"196.60"
"2018";"8";"31";"5";"14";"5823";"28.";"4.5";"15.1";"84.";"8.";"170.79";"0.00";"170.79"
"2018";"8";"31";"5";"15";"5824";"30.";"3.9";"15.0";"82.";"8.";"135.84";"0.00";"135.84"
"2018";"8";"31";"5";"16";"5825";"33.";"4.1";"14.5";"83.";"8.";"88.94";"0.00";"88.94"
"2018";"8";"31";"5";"17";"5826";"29.";"4.0";"14.1";"85.";"8.";"37.49";"0.00";"37.49"
"2018";"8";"31";"5";"18";"5827";"24.";"3.9";"14.1";"84.";"8.";"0.00";"0.00";"0.00"
"2018";"8";"31";"5";"19";"5828";"24.";"3.1";"14.0";"85.";"8.";"0.00";"0.00";"0.00"
"2018";"8";"31";"5";"20";"5829";"15.";"2.5";"13.9";"85.";"8.";"0.00";"0.00";"0.00"
"2018";"8";"31";"5";"21";"5830";"16.";"2.7";"13.9";"85.";"8.";"0.00";"0.00";"0.00"
"2018";"8";"31";"5";"22";"5831";"14.";"2.5";"13.6";"86.";"8.";"0.00";"0.00";"0.00"
"2018";"8";"31";"5";"23";"5832";"12.";"2.3";"13.7";"87.";"8.";"0.00";"0.00";"0.00"
"2018";"9";"1";"6";"0";"5833";"4.";"2.3";"13.8";"87.";"8.";"0.00";"0.00";"0.00"
"2018";"9";"1";"6";"1";"5834";"358.";"2.3";"13.9";"87.";"8.";"0.00";"0.00";"0.00"
"2018";"9";"1";"6";"2";"5835";"9.";"2.4";"13.9";"87.";"8.";"0.00";"0.00";"0.00"
"2018";"9";"1";"6";"3";"5836";"11.";"2.4";"13.8";"88.";"8.";"0.00";"0.00";"0.00"
"2018";"9";"1";"6";"4";"5837";"14.";"2.3";"13.8";"88.";"8.";"0.00";"0.00";"0.00"
"2018";"9";"1";"6";"5";"5838";"14.";"2.4";"13.8";"88.";"8.";"0.00";"0.00";"0.00"
"2018";"9";"1";"6";"6";"5839";"15.";"2.5";"13.9";"86.";"8.";"37.14";"0.00";"37.14"
"2018";"9";"1";"6";"7";"5840";"20.";"2.6";"14.4";"83.";"8.";"89.13";"0.00";"89.13"
"2018";"9";"1";"6";"8";"5841";"1.";"2.4";"15.8";"78.";"8.";"132.78";"0.00";"132.78"
"2018";"9";"1";"6";"9";"5842";"342.";"2.4";"16.9";"73.";"8.";"170.85";"0.00";"170.85"
"2018";"9";"1";"6";"10";"5843";"339.";"2.5";"18.1";"68.";"8.";"195.93";"0.00";"195.93"
"2018";"9";"1";"6";"11";"5844";"334.";"1.9";"18.5";"66.";"8.";"212.06";"0.00";"212.06"
"2018";"9";"1";"6";"12";"5845";"324.";"2.3";"19.5";"63.";"8.";"209.61";"0.00";"209.61"
"2018";"9";"1";"6";"13";"5846";"333.";"2.1";"20.0";"62.";"8.";"195.94";"0.00";"195.94"
"2018";"9";"1";"6";"14";"5847";"305.";"3.0";"18.5";"66.";"8.";"170.71";"0.00";"170.71"
"2018";"9";"1";"6";"15";"5848";"302.";"3.3";"18.2";"68.";"7.";"177.13";"99.14";"133.08"
"2018";"9";"1";"6";"16";"5849";"304.";"3.6";"18.0";"70.";"5.";"167.86";"250.81";"86.43"
"2018";"9";"1";"6";"17";"5850";"310.";"3.1";"17.7";"70.";"7.";"47.52";"54.06";"37.19"
"2018";"9";"1";"6";"18";"5851";"311.";"2.5";"16.1";"77.";"6.";"0.00";"0.00";"0.00"
"2018";"9";"1";"6";"19";"5852";"308.";"1.7";"14.7";"84.";"8.";"0.00";"0.00";"0.00"
"2018";"9";"1";"6";"20";"5853";"318.";"1.0";"13.6";"88.";"8.";"0.00";"0.00";"0.00"
"2018";"9";"1";"6";"21";"5854";"331.";"0.7";"12.7";"90.";"8.";"0.00";"0.00";"0.00"
"2018";"9";"1";"6";"22";"5855";"346.";"0.4";"12.2";"91.";"8.";"0.00";"0.00";"0.00"
"2018";"9";"1";"6";"23";"5856";"312.";"0.4";"11.3";"92.";"8.";"0.00";"0.00";"0.00"
"2018";"9";"2";"7";"0";"5857";"32.";"0.2";"11.1";"93.";"8.";"0.00";"0.00";"0.00"
"2018";"9";"2";"7";"1";"5858";"97.";"0.5";"10.7";"93.";"4.";"0.00";"0.00";"0.00"
"2018";"9";"2";"7";"2";"5859";"117.";"1.0";"10.6";"94.";"6.";"0.00";"0.00";"0.00"
"2018";"9";"2";"7";"3";"5860";"92.";"0.5";"10.3";"94.";"5.";"0.00";"0.00";"0.00"
"2018";"9";"2";"7";"4";"5861";"90.";"0.5";"9.9";"95.";"4.";"0.00";"0.00";"0.00"
"2018";"9";"2";"7";"5";"5862";"112.";"0.7";"10.1";"95.";"8.";"0.00";"0.00";"0.00"
"2018";"9";"2";"7";"6";"5863";"103.";"1.0";"11.9";"93.";"8.";"34.93";"0.00";"34.93"
"2018";"9";"2";"7";"7";"5864";"125.";"1.0";"14.8";"86.";"8.";"83.85";"0.00";"83.85"
"2018";"9";"2";"7";"8";"5865";"133.";"0.7";"17.2";"72.";"8.";"129.95";"0.00";"129.95"
"2018";"9";"2";"7";"9";"5866";"336.";"0.6";"18.6";"59.";"8.";"169.03";"0.00";"169.03"
"2018";"9";"2";"7";"10";"5867";"240.";"0.2";"20.0";"54.";"8.";"195.86";"0.00";"195.86"
"2018";"9";"2";"7";"11";"5868";"267.";"1.1";"20.9";"52.";"8.";"210.46";"0.00";"210.46"
"2018";"9";"2";"7";"12";"5869";"266.";"1.2";"20.7";"52.";"8.";"211.40";"0.00";"211.40"
"2018";"9";"2";"7";"13";"5870";"266.";"1.8";"21.3";"50.";"8.";"197.51";"0.00";"197.51"
"2018";"9";"2";"7";"14";"5871";"268.";"2.0";"21.4";"50.";"8.";"167.78";"0.00";"167.78"
"2018";"9";"2";"7";"15";"5872";"276.";"1.6";"20.9";"49.";"8.";"131.25";"0.00";"131.25"
"2018";"9";"2";"7";"16";"5873";"279.";"1.5";"20.4";"50.";"7.";"114.46";"81.35";"88.48"
"2018";"9";"2";"7";"17";"5874";"279.";"1.4";"19.7";"53.";"7.";"31.90";"37.13";"25.01"
"2018";"9";"2";"7";"18";"5875";"318.";"0.6";"17.1";"63.";"8.";"0.00";"0.00";"0.00"
"2018";"9";"2";"7";"19";"5876";"72.";"0.4";"15.4";"71.";"8.";"0.00";"0.00";"0.00"
"2018";"9";"2";"7";"20";"5877";"71.";"1.2";"14.0";"76.";"8.";"0.00";"0.00";"0.00"
"2018";"9";"2";"7";"21";"5878";"61.";"1.7";"13.2";"78.";"8.";"0.00";"0.00";"0.00"
"2018";"9";"2";"7";"22";"5879";"67.";"1.5";"12.6";"80.";"8.";"0.00";"0.00";"0.00"
"2018";"9";"2";"7";"23";"5880";"78.";"1.5";"12.3";"81.";"8.";"0.00";"0.00";"0.00"
"2018";"9";"3";"1";"0";"5881";"82.";"1.4";"11.9";"83.";"8.";"0.00";"0.00";"0.00"
"2018";"9";"3";"1";"1";"5882";"75.";"1.4";"11.6";"84.";"8.";"0.00";"0.00";"0.00"
"2018";"9";"3";"1";"2";"5883";"79.";"1.5";"11.3";"86.";"8.";"0.00";"0.00";"0.00"
"2018";"9";"3";"1";"3";"5884";"106.";"1.4";"11.0";"90.";"8.";"0.00";"0.00";"0.00"
"2018";"9";"3";"1";"4";"5885";"117.";"1.6";"11.0";"94.";"8.";"0.00";"0.00";"0.00"
"2018";"9";"3";"1";"5";"5886";"132.";"2.0";"11.3";"95.";"8.";"0.00";"0.00";"0.00"
"2018";"9";"3";"1";"6";"5887";"134.";"1.9";"13.1";"92.";"8.";"31.57";"0.00";"31.57"
"2018";"9";"3";"1";"7";"5888";"128.";"1.4";"16.4";"82.";"8.";"80.48";"0.00";"80.48"
"2018";"9";"3";"1";"8";"5889";"133.";"1.2";"19.0";"71.";"8.";"126.63";"0.00";"126.63"
"2018";"9";"3";"1";"9";"5890";"140.";"1.3";"20.2";"66.";"8.";"162.99";"0.00";"162.99"
"2018";"9";"3";"1";"10";"5891";"144.";"1.2";"21.2";"58.";"6.";"320.97";"224.90";"185.84"
"2018";"9";"3";"1";"11";"5892";"125.";"1.1";"22.4";"51.";"8.";"206.95";"0.00";"206.95"
"2018";"9";"3";"1";"12";"5893";"167.";"0.4";"22.6";"50.";"8.";"416.23";"0.00";"416.23"
"2018";"9";"3";"1";"13";"5894";"254.";"0.6";"22.1";"54.";"8.";"190.74";"0.00";"190.74"
"2018";"9";"3";"1";"14";"5895";"275.";"0.8";"22.4";"59.";"8.";"161.35";"0.00";"161.35"
"2018";"9";"3";"1";"15";"5896";"297.";"2.1";"21.4";"62.";"8.";"124.59";"0.00";"124.59"
"2018";"9";"3";"1";"16";"5897";"317.";"2.2";"20.7";"63.";"8.";"79.73";"0.00";"79.73"
"2018";"9";"3";"1";"17";"5898";"316.";"2.4";"19.5";"70.";"8.";"59.11";"0.00";"59.11"
"2018";"9";"3";"1";"18";"5899";"319.";"2.1";"17.9";"78.";"8.";"0.00";"0.00";"0.00"
"2018";"9";"3";"1";"19";"5900";"334.";"1.4";"16.1";"85.";"8.";"0.00";"0.00";"0.00"
"2018";"9";"3";"1";"20";"5901";"356.";"1.2";"15.2";"89.";"8.";"0.00";"0.00";"0.00"
"2018";"9";"3";"1";"21";"5902";"28.";"1.3";"14.6";"88.";"8.";"0.00";"0.00";"0.00"
"2018";"9";"3";"1";"22";"5903";"60.";"1.1";"13.8";"89.";"8.";"0.00";"0.00";"0.00"
"2018";"9";"3";"1";"23";"5904";"21.";"0.4";"13.2";"89.";"8.";"0.00";"0.00";"0.00"
"2018";"9";"4";"2";"0";"5905";"55.";"0.8";"12.9";"91.";"8.";"0.00";"0.00";"0.00"
"2018";"9";"4";"2";"1";"5906";"89.";"1.0";"12.3";"92.";"8.";"0.00";"0.00";"0.00"
"2018";"9";"4";"2";"2";"5907";"92.";"0.7";"11.9";"92.";"8.";"0.00";"0.00";"0.00"
"2018";"9";"4";"2";"3";"5908";"112.";"0.9";"11.7";"93.";"8.";"0.00";"0.00";"0.00"
"2018";"9";"4";"2";"4";"5909";"107.";"1.0";"11.5";"93.";"8.";"0.00";"0.00";"0.00"
"2018";"9";"4";"2";"5";"5910";"114.";"0.6";"11.6";"93.";"8.";"0.00";"0.00";"0.00"
"2018";"9";"4";"2";"6";"5911";"96.";"0.6";"12.6";"92.";"7.";"34.90";"22.68";"30.94"
"2018";"9";"4";"2";"7";"5912";"128.";"0.6";"14.3";"90.";"8.";"78.40";"0.00";"78.40"
"2018";"9";"4";"2";"8";"5913";"277.";"0.4";"15.8";"88.";"8.";"242.18";"0.00";"242.18"
"2018";"9";"4";"2";"9";"5914";"276.";"1.0";"18.1";"82.";"8.";"314.62";"0.00";"314.62"
"2018";"9";"4";"2";"10";"5915";"284.";"0.9";"19.1";"76.";"8.";"370.02";"0.00";"370.02"
"2018";"9";"4";"2";"11";"5916";"293.";"1.1";"19.5";"74.";"7.";"436.68";"101.60";"372.51"
"2018";"9";"4";"2";"12";"5917";"296.";"1.3";"20.8";"69.";"8.";"394.91";"0.00";"394.91"
"2018";"9";"4";"2";"13";"5918";"295.";"1.4";"20.2";"67.";"8.";"376.29";"0.00";"376.29"
"2018";"9";"4";"2";"14";"5919";"296.";"1.4";"20.4";"65.";"8.";"320.86";"0.00";"320.86"
"2018";"9";"4";"2";"15";"5920";"307.";"2.5";"21.3";"63.";"6.";"294.06";"187.83";"213.58"
"2018";"9";"4";"2";"16";"5921";"314.";"2.5";"20.7";"64.";"6.";"184.03";"157.84";"135.33"
"2018";"9";"4";"2";"17";"5922";"331.";"2.3";"19.1";"69.";"6.";"66.02";"87.49";"50.73"
"2018";"9";"4";"2";"18";"5923";"338.";"1.9";"18.1";"73.";"8.";"0.00";"0.00";"0.00"
"2018";"9";"4";"2";"19";"5924";"335.";"1.5";"16.7";"77.";"7.";"0.00";"0.00";"0.00"
"2018";"9";"4";"2";"20";"5925";"345.";"1.4";"15.6";"82.";"6.";"0.00";"0.00";"0.00"
"2018";"9";"4";"2";"21";"5926";"8.";"1.1";"15.6";"83.";"5.";"0.00";"0.00";"0.00"
"2018";"9";"4";"2";"22";"5927";"13.";"0.7";"15.6";"84.";"8.";"0.00";"0.00";"0.00"
"2018";"9";"4";"2";"23";"5928";"7.";"0.6";"15.2";"84.";"8.";"0.00";"0.00";"0.00"
"2018";"9";"5";"3";"0";"5929";"1.";"0.6";"15.2";"86.";"8.";"0.00";"0.00";"0.00"
"2018";"9";"5";"3";"1";"5930";"347.";"0.8";"15.3";"86.";"8.";"0.00";"0.00";"0.00"
"2018";"9";"5";"3";"2";"5931";"17.";"0.6";"15.0";"86.";"8.";"0.00";"0.00";"0.00"
"2018";"9";"5";"3";"3";"5932";"1.";"0.7";"15.0";"88.";"8.";"0.00";"0.00";"0.00"
"2018";"9";"5";"3";"4";"5933";"323.";"0.7";"15.1";"87.";"4.";"0.00";"0.00";"0.00"
"2018";"9";"5";"3";"5";"5934";"316.";"1.3";"15.5";"88.";"8.";"0.00";"0.00";"0.00"
"2018";"9";"5";"3";"6";"5935";"4.";"1.0";"16.0";"87.";"8.";"15.17";"0.00";"15.17"
"2018";"9";"5";"3";"7";"5936";"5.";"0.8";"16.7";"87.";"8.";"74.70";"0.00";"74.70"
"2018";"9";"5";"3";"8";"5937";"32.";"0.7";"17.6";"82.";"7.";"161.38";"89.85";"123.37"
"2018";"9";"5";"3";"9";"5938";"332.";"1.1";"18.6";"78.";"7.";"211.27";"97.10";"160.67"
"2018";"9";"5";"3";"10";"5939";"9.";"0.7";"19.6";"74.";"8.";"184.53";"0.00";"184.53"
"2018";"9";"5";"3";"11";"5940";"308.";"1.3";"20.6";"71.";"8.";"198.32";"0.00";"198.32"
"2018";"9";"5";"3";"12";"5941";"304.";"1.2";"21.5";"67.";"3.";"558.65";"513.69";"236.92"
"2018";"9";"5";"3";"13";"5942";"297.";"1.0";"21.5";"66.";"6.";"307.34";"209.24";"183.80"
"2018";"9";"5";"3";"14";"5943";"299.";"1.4";"21.5";"68.";"6.";"261.98";"199.86";"157.83"
"2018";"9";"5";"3";"15";"5944";"311.";"1.0";"21.2";"67.";"5.";"314.35";"275.44";"197.81"
"2018";"9";"5";"3";"16";"5945";"308.";"1.4";"20.9";"67.";"6.";"183.38";"147.60";"138.65"
"2018";"9";"5";"3";"17";"5946";"314.";"1.4";"19.9";"71.";"5.";"65.88";"124.58";"44.80"
"2018";"9";"5";"3";"18";"5947";"333.";"1.1";"17.9";"79.";"5.";"0.00";"0.00";"0.00"
"2018";"9";"5";"3";"19";"5948";"10.";"1.0";"16.5";"86.";"5.";"0.00";"0.00";"0.00"
"2018";"9";"5";"3";"20";"5949";"30.";"0.9";"15.8";"88.";"3.";"0.00";"0.00";"0.00"
"2018";"9";"5";"3";"21";"5950";"55.";"0.9";"15.3";"89.";"6.";"0.00";"0.00";"0.00"
"2018";"9";"5";"3";"22";"5951";"68.";"1.6";"15.3";"88.";"4.";"0.00";"0.00";"0.00"
"2018";"9";"5";"3";"23";"5952";"76.";"1.8";"15.0";"88.";"3.";"0.00";"0.00";"0.00"
"2018";"9";"6";"4";"0";"5953";"78.";"2.0";"14.6";"89.";"8.";"0.00";"0.00";"0.00"
"2018";"9";"6";"4";"1";"5954";"85.";"1.8";"14.7";"90.";"6.";"0.00";"0.00";"0.00"
"2018";"9";"6";"4";"2";"5955";"84.";"1.6";"14.7";"92.";"8.";"0.00";"0.00";"0.00"
"2018";"9";"6";"4";"3";"5956";"100.";"1.8";"14.8";"91.";"8.";"0.00";"0.00";"0.00"
"2018";"9";"6";"4";"4";"5957";"98.";"1.8";"15.0";"90.";"8.";"0.00";"0.00";"0.00"
"2018";"9";"6";"4";"5";"5958";"106.";"1.7";"15.2";"89.";"8.";"0.00";"0.00";"0.00"
"2018";"9";"6";"4";"6";"5959";"114.";"1.9";"15.7";"88.";"8.";"49.00";"0.00";"49.00"
"2018";"9";"6";"4";"7";"5960";"114.";"1.9";"16.5";"85.";"8.";"159.99";"0.00";"159.99"
"2018";"9";"6";"4";"8";"5961";"112.";"2.1";"18.4";"79.";"7.";"260.76";"92.42";"222.16"
"2018";"9";"6";"4";"9";"5962";"120.";"1.9";"20.6";"72.";"8.";"155.04";"0.00";"155.04"
"2018";"9";"6";"4";"10";"5963";"115.";"2.2";"21.7";"66.";"7.";"246.31";"106.41";"184.05"
"2018";"9";"6";"4";"11";"5964";"141.";"1.8";"21.1";"66.";"7.";"264.25";"105.39";"198.80"
"2018";"9";"6";"4";"12";"5965";"160.";"2.6";"21.0";"69.";"8.";"393.26";"0.00";"393.26"
"2018";"9";"6";"4";"13";"5966";"178.";"1.8";"22.0";"65.";"3.";"516.19";"513.79";"215.56"
"2018";"9";"6";"4";"14";"5967";"162.";"1.1";"22.0";"62.";"8.";"184.33";"0.00";"184.33"
"2018";"9";"6";"4";"15";"5968";"115.";"1.1";"21.2";"61.";"8.";"243.85";"0.00";"243.85"
"2018";"9";"6";"4";"16";"5969";"130.";"0.9";"20.7";"62.";"8.";"151.90";"0.00";"151.90"
"2018";"9";"6";"4";"17";"5970";"103.";"0.9";"20.1";"66.";"7.";"55.10";"43.38";"48.01"
"2018";"9";"6";"4";"18";"5971";"79.";"2.0";"19.1";"72.";"5.";"0.00";"0.00";"0.00"
"2018";"9";"6";"4";"19";"5972";"94.";"2.8";"18.4";"78.";"5.";"0.00";"0.00";"0.00"
"2018";"9";"6";"4";"20";"5973";"96.";"3.1";"18.1";"77.";"2.";"0.00";"0.00";"0.00"
"2018";"9";"6";"4";"21";"5974";"96.";"4.4";"17.8";"73.";"1.";"0.00";"0.00";"0.00"
"2018";"9";"6";"4";"22";"5975";"99.";"4.4";"17.3";"74.";"2.";"0.00";"0.00";"0.00"
"2018";"9";"6";"4";"23";"5976";"102.";"4.0";"16.5";"78.";"3.";"0.00";"0.00";"0.00"
"2018";"9";"7";"5";"0";"5977";"102.";"4.3";"15.7";"81.";"4.";"0.00";"0.00";"0.00"
"2018";"9";"7";"5";"1";"5978";"99.";"3.8";"15.1";"84.";"3.";"0.00";"0.00";"0.00"
"2018";"9";"7";"5";"2";"5979";"98.";"3.9";"14.9";"85.";"6.";"0.00";"0.00";"0.00"
"2018";"9";"7";"5";"3";"5980";"84.";"3.7";"14.9";"86.";"5.";"0.00";"0.00";"0.00"
"2018";"9";"7";"5";"4";"5981";"81.";"3.7";"15.1";"87.";"6.";"0.00";"0.00";"0.00"
"2018";"9";"7";"5";"5";"5982";"81.";"3.0";"15.3";"88.";"6.";"0.00";"0.00";"0.00"
"2018";"9";"7";"5";"6";"5983";"87.";"3.8";"15.6";"86.";"7.";"30.17";"36.94";"24.34"
"2018";"9";"7";"5";"7";"5984";"96.";"4.2";"16.9";"82.";"7.";"94.68";"70.35";"74.15"
"2018";"9";"7";"5";"8";"5985";"101.";"4.4";"18.0";"78.";"6.";"192.06";"170.68";"121.71"
"2018";"9";"7";"5";"9";"5986";"107.";"5.3";"18.8";"74.";"7.";"206.10";"95.19";"157.52"
"2018";"9";"7";"5";"10";"5987";"101.";"5.4";"19.7";"70.";"8.";"180.99";"0.00";"180.99"
"2018";"9";"7";"5";"11";"5988";"100.";"5.6";"20.2";"68.";"6.";"316.90";"187.02";"201.75"
"2018";"9";"7";"5";"12";"5989";"101.";"5.6";"20.8";"63.";"8.";"194.47";"0.00";"194.47"
"2018";"9";"7";"5";"13";"5990";"101.";"4.9";"21.7";"63.";"7.";"241.15";"98.97";"183.77"
"2018";"9";"7";"5";"14";"5991";"104.";"4.7";"21.2";"67.";"7.";"206.24";"97.71";"156.37"
"2018";"9";"7";"5";"15";"5992";"124.";"4.0";"19.6";"78.";"7.";"163.08";"56.33";"139.86"
"2018";"9";"7";"5";"16";"5993";"102.";"4.0";"19.0";"82.";"6.";"158.92";"127.96";"121.56"
"2018";"9";"7";"5";"17";"5994";"100.";"4.7";"18.3";"81.";"8.";"20.30";"0.00";"20.30"
"2018";"9";"7";"5";"18";"5995";"120.";"2.8";"17.6";"87.";"8.";"0.00";"0.00";"0.00"
"2018";"9";"7";"5";"19";"5996";"101.";"2.8";"16.3";"91.";"8.";"0.00";"0.00";"0.00"
"2018";"9";"7";"5";"20";"5997";"84.";"3.1";"15.6";"96.";"8.";"0.00";"0.00";"0.00"
"2018";"9";"7";"5";"21";"5998";"117.";"4.6";"15.3";"96.";"8.";"0.00";"0.00";"0.00"
"2018";"9";"7";"5";"22";"5999";"137.";"2.8";"15.7";"95.";"7.";"0.00";"0.00";"0.00"
"2018";"9";"7";"5";"23";"6000";"198.";"4.0";"15.3";"91.";"8.";"0.00";"0.00";"0.00"
"2018";"9";"8";"6";"0";"6001";"216.";"5.2";"14.7";"89.";"8.";"0.00";"0.00";"0.00"
"2018";"9";"8";"6";"1";"6002";"216.";"4.8";"13.9";"89.";"8.";"0.00";"0.00";"0.00"
"2018";"9";"8";"6";"2";"6003";"202.";"4.5";"13.2";"86.";"2.";"0.00";"0.00";"0.00"
"2018";"9";"8";"6";"3";"6004";"190.";"3.2";"12.2";"85.";"0.";"0.00";"0.00";"0.00"
"2018";"9";"8";"6";"4";"6005";"190.";"3.4";"11.6";"84.";"0.";"0.00";"0.00";"0.00"
"2018";"9";"8";"6";"5";"6006";"182.";"3.1";"11.2";"84.";"0.";"0.00";"0.00";"0.00"
"2018";"9";"8";"6";"6";"6007";"168.";"2.8";"12.0";"84.";"2.";"77.10";"282.13";"34.17"
"2018";"9";"8";"6";"7";"6008";"158.";"3.2";"13.6";"82.";"4.";"168.79";"328.72";"74.65"
"2018";"9";"8";"6";"8";"6009";"164.";"4.5";"15.1";"73.";"4.";"268.03";"379.19";"113.82"
"2018";"9";"8";"6";"9";"6010";"157.";"5.2";"14.1";"74.";"7.";"138.55";"70.77";"102.82"
"2018";"9";"8";"6";"10";"6011";"156.";"5.4";"14.8";"73.";"5.";"358.50";"309.21";"180.90"
"2018";"9";"8";"6";"11";"6012";"148.";"6.7";"15.4";"69.";"8.";"198.84";"0.00";"198.84"
"2018";"9";"8";"6";"12";"6013";"151.";"7.3";"14.1";"76.";"8.";"111.42";"0.00";"111.42"
"2018";"9";"8";"6";"13";"6014";"159.";"6.5";"12.8";"87.";"8.";"98.68";"0.00";"98.68"
"2018";"9";"8";"6";"14";"6015";"179.";"6.0";"15.2";"83.";"7.";"135.45";"67.17";"101.54"
"2018";"9";"8";"6";"15";"6016";"199.";"6.7";"16.1";"80.";"8.";"114.99";"0.00";"114.99"
"2018";"9";"8";"6";"16";"6017";"201.";"6.0";"16.8";"75.";"6.";"117.27";"147.59";"75.00"
"2018";"9";"8";"6";"17";"6018";"201.";"4.9";"16.3";"81.";"8.";"42.00";"0.00";"42.00"
"2018";"9";"8";"6";"18";"6019";"202.";"5.0";"15.4";"80.";"8.";"0.00";"0.00";"0.00"
"2018";"9";"8";"6";"19";"6020";"202.";"5.0";"15.1";"80.";"6.";"0.00";"0.00";"0.00"
"2018";"9";"8";"6";"20";"6021";"199.";"4.6";"14.4";"81.";"8.";"0.00";"0.00";"0.00"
"2018";"9";"8";"6";"21";"6022";"193.";"4.6";"14.0";"83.";"5.";"0.00";"0.00";"0.00"
"2018";"9";"8";"6";"22";"6023";"184.";"4.3";"13.9";"83.";"4.";"0.00";"0.00";"0.00"
"2018";"9";"8";"6";"23";"6024";"169.";"4.3";"13.1";"86.";"7.";"0.00";"0.00";"0.00"
"2018";"9";"9";"7";"0";"6025";"172.";"4.2";"13.0";"85.";"6.";"0.00";"0.00";"0.00"
"2018";"9";"9";"7";"1";"6026";"165.";"4.1";"13.0";"87.";"5.";"0.00";"0.00";"0.00"
"2018";"9";"9";"7";"2";"6027";"171.";"4.1";"13.4";"85.";"7.";"0.00";"0.00";"0.00"
"2018";"9";"9";"7";"3";"6028";"172.";"5.3";"14.0";"86.";"7.";"0.00";"0.00";"0.00"
"2018";"9";"9";"7";"4";"6029";"173.";"5.4";"14.0";"88.";"7.";"0.00";"0.00";"0.00"
"2018";"9";"9";"7";"5";"6030";"177.";"6.3";"14.0";"88.";"7.";"0.00";"0.00";"0.00"
"2018";"9";"9";"7";"6";"6031";"173.";"5.8";"13.9";"92.";"7.";"15.59";"15.14";"13.38"
"2018";"9";"9";"7";"7";"6032";"169.";"5.9";"14.1";"93.";"7.";"52.90";"27.02";"45.32"
"2018";"9";"9";"7";"8";"6033";"174.";"6.3";"14.2";"93.";"8.";"56.58";"0.00";"56.58"
"2018";"9";"9";"7";"9";"6034";"176.";"5.8";"15.1";"92.";"8.";"88.33";"0.00";"88.33"
"2018";"9";"9";"7";"10";"6035";"174.";"6.2";"16.0";"88.";"8.";"173.04";"0.00";"173.04"
"2018";"9";"9";"7";"11";"6036";"177.";"6.8";"16.3";"85.";"8.";"188.19";"0.00";"188.19"
"2018";"9";"9";"7";"12";"6037";"178.";"6.6";"16.5";"81.";"7.";"250.51";"90.92";"195.51"
"2018";"9";"9";"7";"13";"6038";"179.";"6.2";"16.1";"84.";"8.";"102.18";"0.00";"102.18"
"2018";"9";"9";"7";"14";"6039";"187.";"6.1";"16.2";"84.";"8.";"149.31";"0.00";"149.31"
"2018";"9";"9";"7";"15";"6040";"178.";"5.5";"16.3";"87.";"8.";"108.49";"0.00";"108.49"
"2018";"9";"9";"7";"16";"6041";"177.";"4.9";"16.3";"89.";"8.";"64.72";"0.00";"64.72"
"2018";"9";"9";"7";"17";"6042";"177.";"4.6";"16.1";"90.";"6.";"27.87";"54.70";"19.85"
"2018";"9";"9";"7";"18";"6043";"175.";"4.0";"16.0";"90.";"8.";"0.00";"0.00";"0.00"
"2018";"9";"9";"7";"19";"6044";"175.";"3.7";"15.7";"92.";"6.";"0.00";"0.00";"0.00"
"2018";"9";"9";"7";"20";"6045";"182.";"3.2";"15.5";"93.";"5.";"0.00";"0.00";"0.00"
"2018";"9";"9";"7";"21";"6046";"183.";"3.5";"15.6";"92.";"7.";"0.00";"0.00";"0.00"
"2018";"9";"9";"7";"22";"6047";"175.";"3.5";"15.8";"91.";"8.";"0.00";"0.00";"0.00"
"2018";"9";"9";"7";"23";"6048";"170.";"3.8";"15.9";"91.";"6.";"0.00";"0.00";"0.00"
"2018";"9";"10";"1";"0";"6049";"159.";"3.9";"15.5";"92.";"8.";"0.00";"0.00";"0.00"
"2018";"9";"10";"1";"1";"6050";"158.";"4.7";"15.6";"92.";"6.";"0.00";"0.00";"0.00"
"2018";"9";"10";"1";"2";"6051";"154.";"5.5";"15.7";"92.";"5.";"0.00";"0.00";"0.00"
"2018";"9";"10";"1";"3";"6052";"156.";"5.9";"15.6";"90.";"7.";"0.00";"0.00";"0.00"
"2018";"9";"10";"1";"4";"6053";"160.";"5.8";"15.9";"88.";"7.";"0.00";"0.00";"0.00"
"2018";"9";"10";"1";"5";"6054";"174.";"6.1";"16.0";"88.";"7.";"0.00";"0.00";"0.00"
"2018";"9";"10";"1";"6";"6055";"181.";"6.3";"16.0";"88.";"7.";"12.57";"12.31";"10.83"
"2018";"9";"10";"1";"7";"6056";"193.";"6.7";"15.0";"89.";"8.";"35.27";"0.00";"35.27"
"2018";"9";"10";"1";"8";"6057";"233.";"4.0";"14.2";"92.";"7.";"93.32";"46.97";"74.75"
"2018";"9";"10";"1";"9";"6058";"203.";"2.4";"14.9";"92.";"8.";"175.44";"0.00";"175.44"
"2018";"9";"10";"1";"10";"6059";"225.";"3.3";"16.7";"85.";"5.";"342.94";"300.69";"173.51"
"2018";"9";"10";"1";"11";"6060";"242.";"3.8";"17.4";"75.";"3.";"477.05";"506.13";"173.64"
"2018";"9";"10";"1";"12";"6061";"229.";"3.4";"16.8";"72.";"6.";"319.50";"215.44";"190.36"
"2018";"9";"10";"1";"13";"6062";"223.";"3.6";"17.6";"67.";"3.";"447.06";"507.85";"160.91"
"2018";"9";"10";"1";"14";"6063";"220.";"3.3";"18.1";"66.";"3.";"379.59";"488.04";"138.54"
"2018";"9";"10";"1";"15";"6064";"222.";"3.4";"17.6";"64.";"8.";"114.71";"0.00";"114.71"
"2018";"9";"10";"1";"16";"6065";"237.";"2.4";"16.9";"69.";"8.";"67.51";"0.00";"67.51"
"2018";"9";"10";"1";"17";"6066";"195.";"2.5";"15.7";"72.";"5.";"49.29";"107.90";"34.11"
"2018";"9";"10";"1";"18";"6067";"214.";"3.0";"14.9";"78.";"7.";"0.00";"0.00";"0.00"
"2018";"9";"10";"1";"19";"6068";"225.";"3.6";"15.5";"75.";"6.";"0.00";"0.00";"0.00"
"2018";"9";"10";"1";"20";"6069";"230.";"3.8";"15.6";"73.";"7.";"0.00";"0.00";"0.00"
"2018";"9";"10";"1";"21";"6070";"225.";"4.0";"15.5";"74.";"8.";"0.00";"0.00";"0.00"
"2018";"9";"10";"1";"22";"6071";"214.";"3.7";"15.4";"76.";"8.";"0.00";"0.00";"0.00"
"2018";"9";"10";"1";"23";"6072";"213.";"3.5";"15.2";"74.";"8.";"0.00";"0.00";"0.00"
"2018";"9";"11";"2";"0";"6073";"207.";"3.6";"15.1";"77.";"8.";"0.00";"0.00";"0.00"
"2018";"9";"11";"2";"1";"6074";"217.";"3.9";"14.9";"78.";"8.";"0.00";"0.00";"0.00"
"2018";"9";"11";"2";"2";"6075";"212.";"4.1";"14.7";"80.";"7.";"0.00";"0.00";"0.00"
"2018";"9";"11";"2";"3";"6076";"219.";"4.0";"14.7";"82.";"7.";"0.00";"0.00";"0.00"
"2018";"9";"11";"2";"4";"6077";"215.";"3.5";"14.6";"82.";"7.";"0.00";"0.00";"0.00"
"2018";"9";"11";"2";"5";"6078";"207.";"3.3";"14.7";"81.";"8.";"0.00";"0.00";"0.00"
"2018";"9";"11";"2";"6";"6079";"195.";"4.2";"14.8";"81.";"6.";"37.80";"52.39";"30.73"
"2018";"9";"11";"2";"7";"6080";"196.";"5.2";"14.1";"87.";"8.";"33.90";"0.00";"33.90"
"2018";"9";"11";"2";"8";"6081";"204.";"6.2";"13.9";"88.";"8.";"61.85";"0.00";"61.85"
"2018";"9";"11";"2";"9";"6082";"205.";"5.0";"13.2";"89.";"8.";"79.64";"0.00";"79.64"
"2018";"9";"11";"2";"10";"6083";"189.";"4.7";"13.2";"88.";"8.";"96.44";"0.00";"96.44"
"2018";"9";"11";"2";"11";"6084";"188.";"5.7";"13.1";"93.";"8.";"90.93";"0.00";"90.93"
"2018";"9";"11";"2";"12";"6085";"185.";"8.4";"13.9";"94.";"8.";"92.65";"0.00";"92.65"
"2018";"9";"11";"2";"13";"6086";"210.";"7.8";"15.2";"95.";"7.";"124.48";"23.43";"111.41"
"2018";"9";"11";"2";"14";"6087";"227.";"6.2";"15.9";"92.";"8.";"86.47";"0.00";"86.47"
"2018";"9";"11";"2";"15";"6088";"232.";"5.8";"15.4";"90.";"8.";"58.71";"0.00";"58.71"
"2018";"9";"11";"2";"16";"6089";"260.";"5.6";"15.2";"82.";"7.";"55.31";"42.74";"43.80"
"2018";"9";"11";"2";"17";"6090";"253.";"6.0";"15.6";"78.";"7.";"21.12";"25.50";"17.68"
"2018";"9";"11";"2";"18";"6091";"242.";"6.8";"15.1";"83.";"8.";"0.00";"0.00";"0.00"
"2018";"9";"11";"2";"19";"6092";"243.";"6.8";"15.3";"83.";"8.";"0.00";"0.00";"0.00"
"2018";"9";"11";"2";"20";"6093";"256.";"6.1";"15.4";"76.";"8.";"0.00";"0.00";"0.00"
"2018";"9";"11";"2";"21";"6094";"256.";"5.3";"15.2";"74.";"7.";"0.00";"0.00";"0.00"
"2018";"9";"11";"2";"22";"6095";"257.";"5.2";"15.1";"74.";"7.";"0.00";"0.00";"0.00"
"2018";"9";"11";"2";"23";"6096";"258.";"5.6";"14.7";"74.";"8.";"0.00";"0.00";"0.00"
"2018";"9";"12";"3";"0";"6097";"261.";"5.2";"14.6";"73.";"7.";"0.00";"0.00";"0.00"
"2018";"9";"12";"3";"1";"6098";"262.";"5.1";"14.6";"69.";"7.";"0.00";"0.00";"0.00"
"2018";"9";"12";"3";"2";"6099";"257.";"4.4";"14.5";"70.";"7.";"0.00";"0.00";"0.00"
"2018";"9";"12";"3";"3";"6100";"236.";"4.1";"14.4";"73.";"7.";"0.00";"0.00";"0.00"
"2018";"9";"12";"3";"4";"6101";"235.";"4.4";"14.5";"76.";"7.";"0.00";"0.00";"0.00"
"2018";"9";"12";"3";"5";"6102";"231.";"5.1";"14.2";"80.";"7.";"0.00";"0.00";"0.00"
"2018";"9";"12";"3";"6";"6103";"230.";"6.4";"14.0";"81.";"8.";"8.49";"0.00";"8.49"
"2018";"9";"12";"3";"7";"6104";"234.";"6.4";"13.3";"83.";"8.";"36.47";"0.00";"36.47"
"2018";"9";"12";"3";"8";"6105";"250.";"5.6";"14.0";"77.";"7.";"239.33";"85.17";"206.60"
"2018";"9";"12";"3";"9";"6106";"243.";"6.1";"14.4";"75.";"7.";"317.22";"87.78";"274.85"
"2018";"9";"12";"3";"10";"6107";"268.";"5.4";"14.9";"73.";"8.";"96.62";"0.00";"96.62"
"2018";"9";"12";"3";"11";"6108";"271.";"6.2";"15.8";"64.";"7.";"159.15";"57.51";"125.31"
"2018";"9";"12";"3";"12";"6109";"269.";"6.1";"15.9";"60.";"4.";"415.59";"367.09";"199.60"
"2018";"9";"12";"3";"13";"6110";"269.";"6.8";"16.0";"58.";"8.";"344.46";"0.00";"344.46"
"2018";"9";"12";"3";"14";"6111";"271.";"6.7";"15.9";"58.";"4.";"328.29";"349.85";"159.41"
"2018";"9";"12";"3";"15";"6112";"267.";"6.1";"14.7";"61.";"7.";"146.44";"79.12";"116.04"
"2018";"9";"12";"3";"16";"6113";"268.";"5.9";"14.8";"65.";"8.";"63.86";"0.00";"63.86"
"2018";"9";"12";"3";"17";"6114";"268.";"5.9";"14.7";"66.";"6.";"29.09";"63.96";"20.83"
"2018";"9";"12";"3";"18";"6115";"265.";"4.7";"14.1";"73.";"7.";"0.00";"0.00";"0.00"
"2018";"9";"12";"3";"19";"6116";"270.";"5.6";"13.9";"75.";"5.";"0.00";"0.00";"0.00"
"2018";"9";"12";"3";"20";"6117";"271.";"5.3";"14.5";"73.";"8.";"0.00";"0.00";"0.00"
"2018";"9";"12";"3";"21";"6118";"259.";"5.5";"14.5";"74.";"5.";"0.00";"0.00";"0.00"
"2018";"9";"12";"3";"22";"6119";"268.";"5.5";"14.3";"72.";"0.";"0.00";"0.00";"0.00"
"2018";"9";"12";"3";"23";"6120";"272.";"5.3";"14.2";"72.";"2.";"0.00";"0.00";"0.00"
"2018";"9";"13";"4";"0";"6121";"274.";"4.6";"14.2";"71.";"1.";"0.00";"0.00";"0.00"
"2018";"9";"13";"4";"1";"6122";"272.";"4.5";"14.1";"73.";"6.";"0.00";"0.00";"0.00"
"2018";"9";"13";"4";"2";"6123";"274.";"4.2";"13.8";"72.";"2.";"0.00";"0.00";"0.00"
"2018";"9";"13";"4";"3";"6124";"280.";"3.9";"13.6";"73.";"6.";"0.00";"0.00";"0.00"
"2018";"9";"13";"4";"4";"6125";"279.";"3.2";"13.5";"76.";"6.";"0.00";"0.00";"0.00"
"2018";"9";"13";"4";"5";"6126";"270.";"3.4";"13.2";"79.";"8.";"0.00";"0.00";"0.00"
"2018";"9";"13";"4";"6";"6127";"269.";"2.9";"13.0";"79.";"6.";"24.71";"59.05";"17.43"
"2018";"9";"13";"4";"7";"6128";"267.";"3.4";"13.1";"77.";"8.";"36.54";"0.00";"36.54"
"2018";"9";"13";"4";"8";"6129";"260.";"3.8";"13.8";"75.";"6.";"180.70";"124.07";"133.74"
"2018";"9";"13";"4";"9";"6130";"243.";"4.7";"14.6";"69.";"6.";"243.59";"135.15";"179.12"
"2018";"9";"13";"4";"10";"6131";"237.";"4.9";"15.2";"64.";"5.";"436.39";"302.41";"271.06"
"2018";"9";"13";"4";"11";"6132";"232.";"4.5";"15.6";"61.";"6.";"314.84";"220.07";"186.59"
"2018";"9";"13";"4";"12";"6133";"235.";"4.8";"15.4";"62.";"7.";"408.31";"100.34";"349.84"
"2018";"9";"13";"4";"13";"6134";"223.";"4.3";"15.3";"63.";"7.";"380.56";"101.90";"324.85"
"2018";"9";"13";"4";"14";"6135";"229.";"3.9";"15.0";"66.";"8.";"298.28";"0.00";"298.28"
"2018";"9";"13";"4";"15";"6136";"222.";"3.7";"13.7";"74.";"8.";"128.67";"0.00";"128.67"
"2018";"9";"13";"4";"16";"6137";"225.";"3.7";"13.6";"75.";"8.";"36.96";"0.00";"36.96"
"2018";"9";"13";"4";"17";"6138";"214.";"3.1";"13.6";"77.";"7.";"32.83";"32.23";"28.86"
"2018";"9";"13";"4";"18";"6139";"214.";"3.1";"12.8";"77.";"5.";"0.00";"0.00";"0.00"
"2018";"9";"13";"4";"19";"6140";"213.";"3.1";"13.1";"77.";"7.";"0.00";"0.00";"0.00"
"2018";"9";"13";"4";"20";"6141";"214.";"4.3";"13.4";"77.";"7.";"0.00";"0.00";"0.00"
"2018";"9";"13";"4";"21";"6142";"213.";"4.9";"13.4";"80.";"8.";"0.00";"0.00";"0.00"
"2018";"9";"13";"4";"22";"6143";"228.";"5.2";"13.5";"81.";"6.";"0.00";"0.00";"0.00"
"2018";"9";"13";"4";"23";"6144";"226.";"4.5";"13.7";"76.";"6.";"0.00";"0.00";"0.00"
"2018";"9";"14";"5";"0";"6145";"222.";"4.3";"13.6";"78.";"6.";"0.00";"0.00";"0.00"
"2018";"9";"14";"5";"1";"6146";"222.";"5.0";"13.9";"79.";"7.";"0.00";"0.00";"0.00"
"2018";"9";"14";"5";"2";"6147";"227.";"5.9";"13.9";"78.";"8.";"0.00";"0.00";"0.00"
"2018";"9";"14";"5";"3";"6148";"236.";"5.6";"13.4";"79.";"8.";"0.00";"0.00";"0.00"
"2018";"9";"14";"5";"4";"6149";"231.";"5.7";"13.6";"80.";"7.";"0.00";"0.00";"0.00"
"2018";"9";"14";"5";"5";"6150";"222.";"5.3";"13.5";"82.";"5.";"0.00";"0.00";"0.00"
"2018";"9";"14";"5";"6";"6151";"241.";"4.3";"13.9";"79.";"8.";"12.17";"0.00";"12.17"
"2018";"9";"14";"5";"7";"6152";"244.";"4.1";"14.2";"79.";"8.";"119.02";"0.00";"119.02"
"2018";"9";"14";"5";"8";"6153";"246.";"5.5";"14.8";"76.";"8.";"105.11";"0.00";"105.11"
"2018";"9";"14";"5";"9";"6154";"231.";"6.2";"14.8";"76.";"8.";"139.89";"0.00";"139.89"
"2018";"9";"14";"5";"10";"6155";"229.";"6.5";"14.7";"80.";"8.";"166.51";"0.00";"166.51"
"2018";"9";"14";"5";"11";"6156";"229.";"6.8";"14.8";"81.";"8.";"179.37";"0.00";"179.37"
"2018";"9";"14";"5";"12";"6157";"227.";"6.5";"15.6";"76.";"7.";"243.07";"97.90";"186.57"
"2018";"9";"14";"5";"13";"6158";"214.";"5.8";"15.7";"75.";"7.";"227.39";"101.81";"172.31"
"2018";"9";"14";"5";"14";"6159";"217.";"5.8";"15.3";"76.";"7.";"306.37";"86.83";"265.44"
"2018";"9";"14";"5";"15";"6160";"214.";"5.7";"15.5";"78.";"7.";"223.69";"77.42";"194.83"
"2018";"9";"14";"5";"16";"6161";"215.";"5.8";"13.7";"85.";"8.";"63.29";"0.00";"63.29"
"2018";"9";"14";"5";"17";"6162";"217.";"6.0";"12.5";"90.";"8.";"6.26";"0.00";"6.26"
"2018";"9";"14";"5";"18";"6163";"209.";"6.3";"13.0";"88.";"8.";"0.00";"0.00";"0.00"
"2018";"9";"14";"5";"19";"6164";"218.";"6.6";"13.2";"92.";"8.";"0.00";"0.00";"0.00"
"2018";"9";"14";"5";"20";"6165";"218.";"7.8";"13.6";"90.";"7.";"0.00";"0.00";"0.00"
"2018";"9";"14";"5";"21";"6166";"223.";"7.0";"13.4";"86.";"8.";"0.00";"0.00";"0.00"
"2018";"9";"14";"5";"22";"6167";"223.";"7.4";"13.0";"87.";"8.";"0.00";"0.00";"0.00"
"2018";"9";"14";"5";"23";"6168";"223.";"7.6";"13.0";"90.";"8.";"0.00";"0.00";"0.00"
"2018";"9";"15";"6";"0";"6169";"227.";"7.4";"12.7";"90.";"8.";"0.00";"0.00";"0.00"
"2018";"9";"15";"6";"1";"6170";"246.";"5.3";"12.8";"88.";"8.";"0.00";"0.00";"0.00"
"2018";"9";"15";"6";"2";"6171";"249.";"3.8";"12.8";"87.";"7.";"0.00";"0.00";"0.00"
"2018";"9";"15";"6";"3";"6172";"244.";"4.5";"12.9";"87.";"8.";"0.00";"0.00";"0.00"
"2018";"9";"15";"6";"4";"6173";"257.";"4.7";"13.1";"88.";"7.";"0.00";"0.00";"0.00"
"2018";"9";"15";"6";"5";"6174";"264.";"5.3";"13.0";"82.";"7.";"0.00";"0.00";"0.00"
"2018";"9";"15";"6";"6";"6175";"261.";"4.9";"11.9";"85.";"7.";"9.73";"16.13";"7.93"
"2018";"9";"15";"6";"7";"6176";"268.";"4.1";"12.2";"82.";"7.";"51.62";"47.41";"39.94"
"2018";"9";"15";"6";"8";"6177";"249.";"4.4";"13.4";"76.";"4.";"236.05";"361.94";"103.21"
"2018";"9";"15";"6";"9";"6178";"270.";"4.8";"14.2";"72.";"3.";"357.58";"480.44";"133.88"
"2018";"9";"15";"6";"10";"6179";"274.";"6.3";"15.0";"66.";"7.";"225.36";"98.27";"172.76"
"2018";"9";"15";"6";"11";"6180";"284.";"6.2";"15.3";"61.";"0.";"598.35";"827.02";"125.78"
"2018";"9";"15";"6";"12";"6181";"281.";"6.5";"15.5";"57.";"4.";"417.01";"430.83";"170.83"
"2018";"9";"15";"6";"13";"6182";"282.";"6.6";"16.0";"54.";"0.";"558.56";"836.56";"110.72"
"2018";"9";"15";"6";"14";"6183";"280.";"7.0";"15.7";"58.";"2.";"399.90";"596.64";"122.09"
"2018";"9";"15";"6";"15";"6184";"276.";"6.5";"15.2";"59.";"4.";"237.91";"354.75";"107.71"
"2018";"9";"15";"6";"16";"6185";"275.";"6.5";"14.7";"61.";"5.";"120.05";"229.58";"63.51"
"2018";"9";"15";"6";"17";"6186";"276.";"6.3";"14.3";"64.";"1.";"39.21";"204.13";"16.43"
"2018";"9";"15";"6";"18";"6187";"277.";"6.3";"13.8";"67.";"1.";"0.00";"0.00";"0.00"
"2018";"9";"15";"6";"19";"6188";"277.";"5.1";"13.7";"70.";"4.";"0.00";"0.00";"0.00"
"2018";"9";"15";"6";"20";"6189";"278.";"5.3";"13.7";"71.";"0.";"0.00";"0.00";"0.00"
"2018";"9";"15";"6";"21";"6190";"279.";"5.5";"13.6";"70.";"3.";"0.00";"0.00";"0.00"
"2018";"9";"15";"6";"22";"6191";"286.";"5.1";"13.2";"70.";"3.";"0.00";"0.00";"0.00"
"2018";"9";"15";"6";"23";"6192";"286.";"4.9";"13.1";"70.";"5.";"0.00";"0.00";"0.00"
"2018";"9";"16";"7";"0";"6193";"281.";"4.8";"12.7";"70.";"0.";"0.00";"0.00";"0.00"
"2018";"9";"16";"7";"1";"6194";"278.";"4.4";"12.3";"71.";"0.";"0.00";"0.00";"0.00"
"2018";"9";"16";"7";"2";"6195";"270.";"4.1";"12.2";"74.";"1.";"0.00";"0.00";"0.00"
"2018";"9";"16";"7";"3";"6196";"265.";"3.2";"11.7";"78.";"4.";"0.00";"0.00";"0.00"
"2018";"9";"16";"7";"4";"6197";"259.";"3.2";"11.1";"79.";"5.";"0.00";"0.00";"0.00"
"2018";"9";"16";"7";"5";"6198";"244.";"2.3";"11.0";"82.";"6.";"0.00";"0.00";"0.00"
"2018";"9";"16";"7";"6";"6199";"241.";"2.9";"11.7";"77.";"1.";"35.12";"189.50";"15.09"
"2018";"9";"16";"7";"7";"6200";"247.";"3.9";"13.2";"71.";"4.";"157.81";"292.99";"87.36"
"2018";"9";"16";"7";"8";"6201";"235.";"5.0";"13.9";"68.";"6.";"258.22";"189.97";"189.60"
"2018";"9";"16";"7";"9";"6202";"228.";"5.7";"14.2";"67.";"7.";"189.97";"100.37";"143.81"
"2018";"9";"16";"7";"10";"6203";"225.";"5.5";"14.5";"67.";"7.";"226.69";"107.18";"169.93"
"2018";"9";"16";"7";"11";"6204";"221.";"5.8";"15.0";"67.";"7.";"399.43";"107.36";"338.69"
"2018";"9";"16";"7";"12";"6205";"207.";"5.2";"14.8";"67.";"7.";"245.50";"109.86";"183.36"
"2018";"9";"16";"7";"13";"6206";"197.";"5.5";"14.4";"74.";"8.";"163.93";"0.00";"163.93"
"2018";"9";"16";"7";"14";"6207";"191.";"5.9";"14.2";"82.";"8.";"76.11";"0.00";"76.11"
"2018";"9";"16";"7";"15";"6208";"193.";"6.3";"14.2";"91.";"8.";"54.43";"0.00";"54.43"
"2018";"9";"16";"7";"16";"6209";"190.";"6.3";"14.2";"92.";"8.";"28.78";"0.00";"28.78"
"2018";"9";"16";"7";"17";"6210";"191.";"5.9";"14.3";"92.";"8.";"2.82";"0.00";"2.82"
"2018";"9";"16";"7";"18";"6211";"195.";"6.5";"14.4";"92.";"8.";"0.00";"0.00";"0.00"
"2018";"9";"16";"7";"19";"6212";"195.";"6.7";"14.8";"89.";"8.";"0.00";"0.00";"0.00"
"2018";"9";"16";"7";"20";"6213";"199.";"7.2";"14.8";"90.";"8.";"0.00";"0.00";"0.00"
"2018";"9";"16";"7";"21";"6214";"207.";"8.1";"15.0";"89.";"7.";"0.00";"0.00";"0.00"
"2018";"9";"16";"7";"22";"6215";"222.";"7.9";"15.3";"90.";"7.";"0.00";"0.00";"0.00"
"2018";"9";"16";"7";"23";"6216";"223.";"7.4";"15.2";"92.";"8.";"0.00";"0.00";"0.00"
"2018";"9";"17";"1";"0";"6217";"226.";"7.1";"15.1";"94.";"8.";"0.00";"0.00";"0.00"
"2018";"9";"17";"1";"1";"6218";"232.";"6.4";"15.2";"93.";"8.";"0.00";"0.00";"0.00"
"2018";"9";"17";"1";"2";"6219";"243.";"6.3";"15.1";"91.";"7.";"0.00";"0.00";"0.00"
"2018";"9";"17";"1";"3";"6220";"245.";"5.4";"14.7";"87.";"7.";"0.00";"0.00";"0.00"
"2018";"9";"17";"1";"4";"6221";"250.";"6.6";"14.8";"83.";"6.";"0.00";"0.00";"0.00"
"2018";"9";"17";"1";"5";"6222";"255.";"7.1";"14.3";"82.";"8.";"0.00";"0.00";"0.00"
"2018";"9";"17";"1";"6";"6223";"256.";"6.9";"14.3";"80.";"8.";"5.72";"0.00";"5.72"
"2018";"9";"17";"1";"7";"6224";"261.";"6.5";"14.3";"81.";"6.";"86.98";"125.93";"57.44"
"2018";"9";"17";"1";"8";"6225";"269.";"6.0";"15.1";"74.";"7.";"130.96";"80.27";"102.44"
"2018";"9";"17";"1";"9";"6226";"271.";"5.9";"15.1";"70.";"6.";"223.56";"173.47";"144.79"
"2018";"9";"17";"1";"10";"6227";"271.";"5.7";"15.8";"66.";"5.";"319.49";"288.44";"168.40"
"2018";"9";"17";"1";"11";"6228";"271.";"5.1";"16.1";"64.";"7.";"235.22";"94.72";"182.19"
"2018";"9";"17";"1";"12";"6229";"273.";"4.1";"16.3";"64.";"6.";"289.18";"183.66";"186.34"
"2018";"9";"17";"1";"13";"6230";"269.";"3.8";"16.5";"64.";"6.";"269.55";"190.53";"169.76"
"2018";"9";"17";"1";"14";"6231";"264.";"3.4";"16.4";"65.";"4.";"365.40";"371.73";"196.62"
"2018";"9";"17";"1";"15";"6232";"250.";"2.8";"16.3";"67.";"4.";"222.31";"337.18";"102.48"
"2018";"9";"17";"1";"16";"6233";"223.";"2.5";"15.4";"74.";"5.";"130.87";"176.74";"89.41"
"2018";"9";"17";"1";"17";"6234";"204.";"2.6";"14.8";"80.";"6.";"8.59";"22.15";"6.38"
"2018";"9";"17";"1";"18";"6235";"195.";"2.3";"14.3";"82.";"8.";"0.00";"0.00";"0.00"
"2018";"9";"17";"1";"19";"6236";"179.";"2.4";"14.3";"84.";"7.";"0.00";"0.00";"0.00"
"2018";"9";"17";"1";"20";"6237";"163.";"2.9";"14.3";"84.";"7.";"0.00";"0.00";"0.00"
"2018";"9";"17";"1";"21";"6238";"154.";"3.4";"13.9";"86.";"6.";"0.00";"0.00";"0.00"
"2018";"9";"17";"1";"22";"6239";"157.";"3.3";"14.1";"86.";"7.";"0.00";"0.00";"0.00"
"2018";"9";"17";"1";"23";"6240";"189.";"3.2";"14.9";"89.";"8.";"0.00";"0.00";"0.00"
"2018";"9";"18";"2";"0";"6241";"204.";"3.7";"15.8";"90.";"8.";"0.00";"0.00";"0.00"
"2018";"9";"18";"2";"1";"6242";"201.";"4.4";"16.0";"92.";"8.";"0.00";"0.00";"0.00"
"2018";"9";"18";"2";"2";"6243";"198.";"4.8";"16.3";"93.";"8.";"0.00";"0.00";"0.00"
"2018";"9";"18";"2";"3";"6244";"202.";"4.9";"16.2";"92.";"8.";"0.00";"0.00";"0.00"
"2018";"9";"18";"2";"4";"6245";"208.";"4.8";"16.2";"92.";"8.";"0.00";"0.00";"0.00"
"2018";"9";"18";"2";"5";"6246";"209.";"4.4";"16.3";"92.";"8.";"0.00";"0.00";"0.00"
"2018";"9";"18";"2";"6";"6247";"191.";"4.3";"16.4";"90.";"6.";"0.00";"0.00";"0.00"
"2018";"9";"18";"2";"7";"6248";"186.";"4.9";"17.4";"81.";"1.";"137.03";"337.93";"59.75"
"2018";"9";"18";"2";"8";"6249";"181.";"5.2";"18.4";"72.";"0.";"295.67";"552.08";"102.71"
"2018";"9";"18";"2";"9";"6250";"177.";"5.6";"19.4";"66.";"0.";"427.14";"711.45";"108.26"
"2018";"9";"18";"2";"10";"6251";"178.";"5.8";"20.4";"59.";"0.";"508.02";"697.89";"146.54"
"2018";"9";"18";"2";"11";"6252";"179.";"6.1";"21.4";"52.";"0.";"553.42";"707.13";"161.60"
"2018";"9";"18";"2";"12";"6253";"175.";"6.3";"22.0";"50.";"0.";"564.88";"781.66";"131.77"
"2018";"9";"18";"2";"13";"6254";"174.";"6.7";"22.5";"49.";"0.";"524.15";"799.83";"109.86"
"2018";"9";"18";"2";"14";"6255";"180.";"7.0";"23.0";"47.";"0.";"438.76";"775.15";"91.33"
"2018";"9";"18";"2";"15";"6256";"177.";"7.5";"22.9";"49.";"0.";"309.45";"647.42";"83.16"
"2018";"9";"18";"2";"16";"6257";"174.";"7.5";"22.1";"51.";"0.";"164.48";"526.43";"44.10"
"2018";"9";"18";"2";"17";"6258";"180.";"7.0";"21.2";"57.";"2.";"6.20";"34.57";"2.96"
"2018";"9";"18";"2";"18";"6259";"197.";"6.6";"19.9";"63.";"3.";"0.00";"0.00";"0.00"
"2018";"9";"18";"2";"19";"6260";"217.";"6.3";"18.6";"74.";"3.";"0.00";"0.00";"0.00"
"2018";"9";"18";"2";"20";"6261";"220.";"5.3";"18.1";"77.";"7.";"0.00";"0.00";"0.00"
"2018";"9";"18";"2";"21";"6262";"211.";"5.9";"18.1";"79.";"8.";"0.00";"0.00";"0.00"
"2018";"9";"18";"2";"22";"6263";"208.";"5.8";"17.7";"83.";"7.";"0.00";"0.00";"0.00"
"2018";"9";"18";"2";"23";"6264";"205.";"5.7";"17.5";"87.";"7.";"0.00";"0.00";"0.00"
"2018";"9";"19";"3";"0";"6265";"208.";"5.6";"17.3";"88.";"7.";"0.00";"0.00";"0.00"
"2018";"9";"19";"3";"1";"6266";"221.";"5.2";"16.8";"90.";"8.";"0.00";"0.00";"0.00"
"2018";"9";"19";"3";"2";"6267";"229.";"4.5";"16.6";"88.";"5.";"0.00";"0.00";"0.00"
"2018";"9";"19";"3";"3";"6268";"222.";"3.9";"16.0";"87.";"3.";"0.00";"0.00";"0.00"
"2018";"9";"19";"3";"4";"6269";"218.";"3.9";"15.7";"89.";"2.";"0.00";"0.00";"0.00"
"2018";"9";"19";"3";"5";"6270";"223.";"4.4";"15.8";"91.";"2.";"0.00";"0.00";"0.00"
"2018";"9";"19";"3";"6";"6271";"221.";"4.8";"16.0";"90.";"6.";"0.00";"0.00";"0.00"
"2018";"9";"19";"3";"7";"6272";"214.";"5.3";"16.8";"89.";"6.";"66.72";"72.37";"50.59"
"2018";"9";"19";"3";"8";"6273";"216.";"5.7";"17.4";"87.";"6.";"137.94";"109.83";"100.19"
"2018";"9";"19";"3";"9";"6274";"218.";"6.1";"17.9";"84.";"5.";"232.67";"190.08";"148.59"
"2018";"9";"19";"3";"10";"6275";"217.";"6.5";"17.8";"85.";"7.";"192.27";"67.00";"157.96"
"2018";"9";"19";"3";"11";"6276";"211.";"6.4";"18.1";"85.";"7.";"209.59";"69.13";"171.68"
"2018";"9";"19";"3";"12";"6277";"210.";"6.1";"18.3";"86.";"7.";"211.87";"73.68";"171.47"
"2018";"9";"19";"3";"13";"6278";"197.";"6.6";"17.7";"86.";"8.";"145.92";"0.00";"145.92"
"2018";"9";"19";"3";"14";"6279";"194.";"6.6";"17.5";"88.";"7.";"159.46";"65.03";"130.69"
"2018";"9";"19";"3";"15";"6280";"196.";"6.5";"17.7";"86.";"6.";"141.05";"123.33";"98.66"
"2018";"9";"19";"3";"16";"6281";"195.";"7.0";"17.4";"85.";"7.";"56.74";"46.08";"46.47"
"2018";"9";"19";"3";"17";"6282";"194.";"7.8";"17.6";"83.";"7.";"0.00";"0.00";"0.00"
"2018";"9";"19";"3";"18";"6283";"196.";"7.4";"17.5";"83.";"6.";"0.00";"0.00";"0.00"
"2018";"9";"19";"3";"19";"6284";"198.";"7.4";"17.7";"82.";"5.";"0.00";"0.00";"0.00"
"2018";"9";"19";"3";"20";"6285";"209.";"8.2";"17.9";"81.";"7.";"0.00";"0.00";"0.00"
"2018";"9";"19";"3";"21";"6286";"207.";"8.8";"18.0";"78.";"7.";"0.00";"0.00";"0.00"
"2018";"9";"19";"3";"22";"6287";"203.";"8.8";"17.8";"77.";"6.";"0.00";"0.00";"0.00"
"2018";"9";"19";"3";"23";"6288";"202.";"9.0";"17.8";"78.";"6.";"0.00";"0.00";"0.00"
"2018";"9";"20";"4";"0";"6289";"215.";"8.9";"16.0";"88.";"8.";"0.00";"0.00";"0.00"
"2018";"9";"20";"4";"1";"6290";"224.";"7.1";"15.2";"85.";"8.";"0.00";"0.00";"0.00"
"2018";"9";"20";"4";"2";"6291";"235.";"6.1";"15.5";"83.";"8.";"0.00";"0.00";"0.00"
"2018";"9";"20";"4";"3";"6292";"238.";"6.6";"15.2";"73.";"6.";"0.00";"0.00";"0.00"
"2018";"9";"20";"4";"4";"6293";"236.";"6.5";"14.9";"70.";"5.";"0.00";"0.00";"0.00"
"2018";"9";"20";"4";"5";"6294";"233.";"6.3";"14.7";"70.";"2.";"0.00";"0.00";"0.00"
"2018";"9";"20";"4";"6";"6295";"233.";"6.8";"14.9";"71.";"5.";"3.12";"10.42";"2.27"
"2018";"9";"20";"4";"7";"6296";"236.";"7.8";"15.4";"65.";"8.";"46.55";"0.00";"46.55"
"2018";"9";"20";"4";"8";"6297";"226.";"6.5";"15.3";"66.";"8.";"181.81";"0.00";"181.81"
"2018";"9";"20";"4";"9";"6298";"224.";"7.4";"14.9";"70.";"7.";"164.75";"69.11";"134.58"
"2018";"9";"20";"4";"10";"6299";"223.";"7.3";"14.6";"78.";"8.";"86.67";"0.00";"86.67"
"2018";"9";"20";"4";"11";"6300";"220.";"7.3";"14.9";"74.";"7.";"220.89";"84.43";"175.10"
"2018";"9";"20";"4";"12";"6301";"222.";"7.4";"15.0";"71.";"7.";"222.46";"86.54";"175.52"
"2018";"9";"20";"4";"13";"6302";"223.";"7.0";"14.7";"74.";"8.";"307.62";"0.00";"307.62"
"2018";"9";"20";"4";"14";"6303";"228.";"6.3";"14.3";"78.";"8.";"73.95";"0.00";"73.95"
"2018";"9";"20";"4";"15";"6304";"235.";"6.1";"14.5";"75.";"8.";"91.85";"0.00";"91.85"
"2018";"9";"20";"4";"16";"6305";"231.";"5.1";"14.4";"77.";"8.";"46.37";"0.00";"46.37"
"2018";"9";"20";"4";"17";"6306";"231.";"4.2";"14.3";"75.";"8.";"2.86";"0.00";"2.86"
"2018";"9";"20";"4";"18";"6307";"230.";"3.4";"14.1";"75.";"5.";"0.00";"0.00";"0.00"
"2018";"9";"20";"4";"19";"6308";"213.";"2.8";"13.6";"79.";"5.";"0.00";"0.00";"0.00"
"2018";"9";"20";"4";"20";"6309";"205.";"2.6";"13.5";"83.";"8.";"0.00";"0.00";"0.00"
"2018";"9";"20";"4";"21";"6310";"190.";"3.5";"13.7";"85.";"7.";"0.00";"0.00";"0.00"
"2018";"9";"20";"4";"22";"6311";"178.";"3.2";"13.7";"89.";"8.";"0.00";"0.00";"0.00"
"2018";"9";"20";"4";"23";"6312";"157.";"2.6";"13.4";"94.";"8.";"0.00";"0.00";"0.00"
"2018";"9";"21";"5";"0";"6313";"185.";"4.7";"15.3";"95.";"8.";"0.00";"0.00";"0.00"
"2018";"9";"21";"5";"1";"6314";"184.";"7.7";"16.0";"91.";"8.";"0.00";"0.00";"0.00"
"2018";"9";"21";"5";"2";"6315";"180.";"7.8";"16.4";"89.";"8.";"0.00";"0.00";"0.00"
"2018";"9";"21";"5";"3";"6316";"175.";"7.3";"16.8";"85.";"8.";"0.00";"0.00";"0.00"
"2018";"9";"21";"5";"4";"6317";"173.";"7.1";"17.1";"83.";"7.";"0.00";"0.00";"0.00"
"2018";"9";"21";"5";"5";"6318";"167.";"6.8";"17.3";"80.";"7.";"0.00";"0.00";"0.00"
"2018";"9";"21";"5";"6";"6319";"165.";"7.5";"17.5";"78.";"6.";"0.00";"0.00";"0.00"
"2018";"9";"21";"5";"7";"6320";"161.";"7.5";"17.7";"77.";"5.";"102.83";"157.91";"69.52"
"2018";"9";"21";"5";"8";"6321";"165.";"8.7";"18.3";"75.";"6.";"200.26";"142.47";"152.99"
"2018";"9";"21";"5";"9";"6322";"177.";"8.7";"18.4";"73.";"7.";"269.04";"83.18";"233.23"
"2018";"9";"21";"5";"10";"6323";"178.";"9.7";"18.7";"71.";"7.";"323.96";"84.23";"281.82"
"2018";"9";"21";"5";"11";"6324";"182.";"10.8";"19.1";"69.";"7.";"353.69";"86.25";"307.42"
"2018";"9";"21";"5";"12";"6325";"196.";"11.2";"16.9";"87.";"8.";"84.89";"0.00";"84.89"
"2018";"9";"21";"5";"13";"6326";"209.";"11.8";"15.1";"85.";"8.";"84.89";"0.00";"84.89"
"2018";"9";"21";"5";"14";"6327";"219.";"10.4";"15.0";"71.";"6.";"203.08";"147.50";"139.58"
"2018";"9";"21";"5";"15";"6328";"223.";"9.8";"14.4";"67.";"7.";"121.24";"77.65";"95.48"
"2018";"9";"21";"5";"16";"6329";"218.";"10.2";"14.1";"68.";"7.";"98.97";"53.53";"87.68"
"2018";"9";"21";"5";"17";"6330";"217.";"11.0";"13.2";"67.";"6.";"2.69";"8.20";"2.07"
"2018";"9";"21";"5";"18";"6331";"220.";"10.9";"12.7";"67.";"8.";"0.00";"0.00";"0.00"
"2018";"9";"21";"5";"19";"6332";"223.";"12.3";"12.7";"68.";"7.";"0.00";"0.00";"0.00"
"2018";"9";"21";"5";"20";"6333";"228.";"13.2";"12.1";"73.";"8.";"0.00";"0.00";"0.00"
"2018";"9";"21";"5";"21";"6334";"234.";"11.3";"11.8";"74.";"7.";"0.00";"0.00";"0.00"
"2018";"9";"21";"5";"22";"6335";"233.";"11.8";"11.8";"70.";"8.";"0.00";"0.00";"0.00"
"2018";"9";"21";"5";"23";"6336";"233.";"12.0";"11.8";"73.";"8.";"0.00";"0.00";"0.00"
"2018";"9";"22";"6";"0";"6337";"251.";"10.5";"12.1";"76.";"8.";"0.00";"0.00";"0.00"
"2018";"9";"22";"6";"1";"6338";"254.";"11.9";"12.4";"70.";"8.";"0.00";"0.00";"0.00"
"2018";"9";"22";"6";"2";"6339";"260.";"12.3";"12.7";"65.";"8.";"0.00";"0.00";"0.00"
"2018";"9";"22";"6";"3";"6340";"267.";"12.3";"12.6";"65.";"8.";"0.00";"0.00";"0.00"
"2018";"9";"22";"6";"4";"6341";"272.";"12.5";"12.7";"59.";"7.";"0.00";"0.00";"0.00"
"2018";"9";"22";"6";"5";"6342";"273.";"12.3";"12.6";"59.";"8.";"0.00";"0.00";"0.00"
"2018";"9";"22";"6";"6";"6343";"272.";"10.6";"12.2";"69.";"3.";"2.82";"14.76";"1.78"
"2018";"9";"22";"6";"7";"6344";"279.";"10.3";"12.1";"75.";"7.";"37.62";"33.51";"30.75"
"2018";"9";"22";"6";"8";"6345";"263.";"10.8";"12.6";"69.";"7.";"77.45";"50.05";"61.14"
"2018";"9";"22";"6";"9";"6346";"258.";"9.9";"13.2";"64.";"6.";"207.80";"165.76";"137.42"
"2018";"9";"22";"6";"10";"6347";"253.";"9.5";"13.5";"62.";"8.";"153.89";"0.00";"153.89"
"2018";"9";"22";"6";"11";"6348";"253.";"8.1";"13.3";"66.";"3.";"416.51";"456.83";"174.15"
"2018";"9";"22";"6";"12";"6349";"259.";"9.3";"12.6";"61.";"8.";"97.69";"0.00";"97.69"
"2018";"9";"22";"6";"13";"6350";"274.";"8.6";"12.3";"65.";"8.";"183.52";"0.00";"183.52"
"2018";"9";"22";"6";"14";"6351";"255.";"8.9";"11.6";"62.";"6.";"205.19";"150.05";"141.48"
"2018";"9";"22";"6";"15";"6352";"250.";"10.2";"12.1";"71.";"7.";"120.63";"80.89";"94.27"
"2018";"9";"22";"6";"16";"6353";"247.";"7.5";"11.0";"73.";"8.";"53.45";"0.00";"53.45"
"2018";"9";"22";"6";"17";"6354";"238.";"7.9";"10.8";"77.";"8.";"0.55";"0.00";"0.55"
"2018";"9";"22";"6";"18";"6355";"247.";"8.3";"11.4";"78.";"6.";"0.00";"0.00";"0.00"
"2018";"9";"22";"6";"19";"6356";"256.";"8.1";"12.0";"79.";"8.";"0.00";"0.00";"0.00"
"2018";"9";"22";"6";"20";"6357";"276.";"8.3";"12.6";"71.";"8.";"0.00";"0.00";"0.00"
"2018";"9";"22";"6";"21";"6358";"275.";"8.6";"12.6";"68.";"7.";"0.00";"0.00";"0.00"
"2018";"9";"22";"6";"22";"6359";"278.";"8.9";"12.5";"68.";"7.";"0.00";"0.00";"0.00"
"2018";"9";"22";"6";"23";"6360";"276.";"9.0";"12.3";"66.";"0.";"0.00";"0.00";"0.00"
"2018";"9";"23";"7";"0";"6361";"274.";"8.8";"12.3";"64.";"6.";"0.00";"0.00";"0.00"
"2018";"9";"23";"7";"1";"6362";"273.";"9.4";"12.3";"64.";"6.";"0.00";"0.00";"0.00"
"2018";"9";"23";"7";"2";"6363";"273.";"9.0";"12.1";"65.";"6.";"0.00";"0.00";"0.00"
"2018";"9";"23";"7";"3";"6364";"275.";"9.1";"12.1";"64.";"5.";"0.00";"0.00";"0.00"
"2018";"9";"23";"7";"4";"6365";"280.";"8.8";"12.2";"66.";"5.";"0.00";"0.00";"0.00"
"2018";"9";"23";"7";"5";"6366";"286.";"9.0";"12.2";"68.";"6.";"0.00";"0.00";"0.00"
"2018";"9";"23";"7";"6";"6367";"285.";"7.9";"12.1";"70.";"7.";"0.00";"0.00";"0.00"
"2018";"9";"23";"7";"7";"6368";"286.";"7.3";"12.3";"68.";"5.";"85.41";"181.78";"49.24"
"2018";"9";"23";"7";"8";"6369";"287.";"7.6";"12.7";"65.";"7.";"118.37";"80.69";"92.55"
"2018";"9";"23";"7";"9";"6370";"291.";"6.9";"13.2";"62.";"4.";"283.99";"371.90";"128.30"
"2018";"9";"23";"7";"10";"6371";"285.";"6.8";"13.4";"61.";"8.";"154.93";"0.00";"154.93"
"2018";"9";"23";"7";"11";"6372";"284.";"6.0";"13.9";"57.";"3.";"426.43";"534.21";"146.21"
"2018";"9";"23";"7";"12";"6373";"285.";"6.3";"14.1";"56.";"5.";"329.98";"310.69";"167.00"
"2018";"9";"23";"7";"13";"6374";"287.";"5.7";"14.0";"54.";"4.";"347.43";"404.55";"149.84"
"2018";"9";"23";"7";"14";"6375";"292.";"5.2";"14.2";"53.";"4.";"298.24";"419.94";"122.44"
"2018";"9";"23";"7";"15";"6376";"288.";"5.2";"13.7";"53.";"5.";"229.49";"266.71";"144.17"
"2018";"9";"23";"7";"16";"6377";"284.";"4.0";"13.1";"53.";"3.";"116.85";"348.03";"47.58"
"2018";"9";"23";"7";"17";"6378";"289.";"3.5";"11.8";"55.";"2.";"7.41";"51.14";"4.13"
"2018";"9";"23";"7";"18";"6379";"301.";"2.7";"9.7";"63.";"1.";"0.00";"0.00";"0.00"
"2018";"9";"23";"7";"19";"6380";"306.";"2.8";"8.4";"70.";"4.";"0.00";"0.00";"0.00"
"2018";"9";"23";"7";"20";"6381";"346.";"1.8";"8.6";"72.";"6.";"0.00";"0.00";"0.00"
"2018";"9";"23";"7";"21";"6382";"13.";"1.8";"8.4";"78.";"8.";"0.00";"0.00";"0.00"
"2018";"9";"23";"7";"22";"6383";"24.";"2.5";"7.1";"80.";"1.";"0.00";"0.00";"0.00"
"2018";"9";"23";"7";"23";"6384";"354.";"3.1";"5.8";"84.";"5.";"0.00";"0.00";"0.00"
"2018";"9";"24";"1";"0";"6385";"339.";"2.7";"5.7";"87.";"1.";"0.00";"0.00";"0.00"
"2018";"9";"24";"1";"1";"6386";"359.";"3.4";"5.6";"86.";"5.";"0.00";"0.00";"0.00"
"2018";"9";"24";"1";"2";"6387";"355.";"3.5";"5.2";"84.";"2.";"0.00";"0.00";"0.00"
"2018";"9";"24";"1";"3";"6388";"351.";"2.7";"4.9";"83.";"2.";"0.00";"0.00";"0.00"
"2018";"9";"24";"1";"4";"6389";"348.";"2.2";"4.7";"82.";"1.";"0.00";"0.00";"0.00"
"2018";"9";"24";"1";"5";"6390";"358.";"2.0";"4.4";"82.";"0.";"0.00";"0.00";"0.00"
"2018";"9";"24";"1";"6";"6391";"358.";"1.9";"4.9";"81.";"1.";"5.17";"43.71";"2.62"
"2018";"9";"24";"1";"7";"6392";"360.";"2.2";"7.6";"73.";"5.";"87.31";"202.72";"48.18"
"2018";"9";"24";"1";"8";"6393";"339.";"3.7";"9.8";"57.";"1.";"274.88";"646.38";"71.95"
"2018";"9";"24";"1";"9";"6394";"330.";"3.7";"11.6";"47.";"1.";"399.06";"683.18";"117.14"
"2018";"9";"24";"1";"10";"6395";"316.";"4.5";"12.0";"45.";"1.";"486.29";"745.24";"126.75"
"2018";"9";"24";"1";"11";"6396";"315.";"4.4";"12.3";"43.";"5.";"417.19";"285.58";"269.09"
"2018";"9";"24";"1";"12";"6397";"312.";"4.9";"12.9";"42.";"4.";"452.15";"422.04";"233.29"
"2018";"9";"24";"1";"13";"6398";"312.";"5.4";"13.0";"41.";"3.";"433.99";"489.19";"197.98"
"2018";"9";"24";"1";"14";"6399";"312.";"5.7";"12.4";"42.";"8.";"258.27";"0.00";"258.27"
"2018";"9";"24";"1";"15";"6400";"316.";"5.9";"12.0";"42.";"1.";"286.51";"649.21";"82.70"
"2018";"9";"24";"1";"16";"6401";"320.";"5.4";"11.2";"43.";"0.";"152.22";"565.84";"42.98"
"2018";"9";"24";"1";"17";"6402";"323.";"4.2";"10.0";"46.";"0.";"11.60";"104.08";"5.54"
"2018";"9";"24";"1";"18";"6403";"317.";"2.8";"8.7";"54.";"2.";"0.00";"0.00";"0.00"
"2018";"9";"24";"1";"19";"6404";"326.";"1.6";"6.8";"63.";"2.";"0.00";"0.00";"0.00"
"2018";"9";"24";"1";"20";"6405";"314.";"2.0";"5.7";"70.";"1.";"0.00";"0.00";"0.00"
"2018";"9";"24";"1";"21";"6406";"311.";"1.0";"6.5";"71.";"6.";"0.00";"0.00";"0.00"
"2018";"9";"24";"1";"22";"6407";"41.";"0.9";"6.6";"75.";"2.";"0.00";"0.00";"0.00"
"2018";"9";"24";"1";"23";"6408";"350.";"1.8";"5.7";"76.";"6.";"0.00";"0.00";"0.00"
"2018";"9";"25";"2";"0";"6409";"4.";"1.8";"4.5";"78.";"3.";"0.00";"0.00";"0.00"
"2018";"9";"25";"2";"1";"6410";"8.";"1.3";"3.3";"80.";"3.";"0.00";"0.00";"0.00"
"2018";"9";"25";"2";"2";"6411";"13.";"1.0";"1.9";"82.";"0.";"0.00";"0.00";"0.00"
"2018";"9";"25";"2";"3";"6412";"350.";"0.8";"1.2";"83.";"0.";"0.00";"0.00";"0.00"
"2018";"9";"25";"2";"4";"6413";"51.";"0.4";"1.6";"85.";"0.";"0.00";"0.00";"0.00"
"2018";"9";"25";"2";"5";"6414";"119.";"0.6";"1.4";"85.";"1.";"0.00";"0.00";"0.00"
"2018";"9";"25";"2";"6";"6415";"124.";"1.0";"1.6";"84.";"1.";"5.52";"49.73";"2.92"
"2018";"9";"25";"2";"7";"6416";"129.";"1.5";"4.5";"79.";"0.";"140.01";"508.22";"44.93"
"2018";"9";"25";"2";"8";"6417";"200.";"1.9";"8.5";"65.";"0.";"286.03";"706.28";"68.52"
"2018";"9";"25";"2";"9";"6418";"262.";"3.7";"9.4";"61.";"0.";"408.76";"789.09";"87.87"
"2018";"9";"25";"2";"10";"6419";"278.";"5.0";"12.5";"50.";"1.";"456.26";"694.51";"125.37"
"2018";"9";"25";"2";"11";"6420";"278.";"5.2";"13.0";"51.";"1.";"508.02";"677.36";"160.83"
"2018";"9";"25";"2";"12";"6421";"275.";"4.9";"13.0";"56.";"5.";"321.77";"306.83";"164.50"
"2018";"9";"25";"2";"13";"6422";"271.";"5.4";"13.6";"56.";"7.";"200.59";"99.25";"153.31"
"2018";"9";"25";"2";"14";"6423";"265.";"5.7";"13.3";"58.";"5.";"243.23";"295.94";"122.88"
"2018";"9";"25";"2";"15";"6424";"263.";"5.5";"12.8";"62.";"7.";"114.06";"83.43";"88.37"
"2018";"9";"25";"2";"16";"6425";"258.";"5.6";"12.5";"63.";"7.";"54.30";"63.04";"42.51"
"2018";"9";"25";"2";"17";"6426";"254.";"6.0";"12.3";"65.";"5.";"0.00";"0.00";"0.00"
"2018";"9";"25";"2";"18";"6427";"245.";"5.9";"12.2";"67.";"5.";"0.00";"0.00";"0.00"
"2018";"9";"25";"2";"19";"6428";"245.";"6.5";"12.2";"71.";"8.";"0.00";"0.00";"0.00"
"2018";"9";"25";"2";"20";"6429";"241.";"6.6";"12.2";"74.";"7.";"0.00";"0.00";"0.00"
"2018";"9";"25";"2";"21";"6430";"240.";"7.9";"12.3";"78.";"7.";"0.00";"0.00";"0.00"
"2018";"9";"25";"2";"22";"6431";"242.";"7.7";"12.1";"79.";"8.";"0.00";"0.00";"0.00"
"2018";"9";"25";"2";"23";"6432";"240.";"8.0";"12.1";"78.";"8.";"0.00";"0.00";"0.00"
"2018";"9";"26";"3";"0";"6433";"234.";"8.3";"12.3";"76.";"7.";"0.00";"0.00";"0.00"
"2018";"9";"26";"3";"1";"6434";"231.";"8.8";"12.5";"75.";"8.";"0.00";"0.00";"0.00"
"2018";"9";"26";"3";"2";"6435";"231.";"9.2";"12.5";"75.";"8.";"0.00";"0.00";"0.00"
"2018";"9";"26";"3";"3";"6436";"228.";"8.9";"11.7";"80.";"8.";"0.00";"0.00";"0.00"
"2018";"9";"26";"3";"4";"6437";"226.";"8.8";"12.2";"81.";"8.";"0.00";"0.00";"0.00"
"2018";"9";"26";"3";"5";"6438";"229.";"9.6";"12.9";"78.";"7.";"0.00";"0.00";"0.00"
"2018";"9";"26";"3";"6";"6439";"234.";"10.4";"12.5";"82.";"8.";"0.00";"0.00";"0.00"
"2018";"9";"26";"3";"7";"6440";"236.";"10.5";"13.0";"84.";"8.";"32.31";"0.00";"32.31"
"2018";"9";"26";"3";"8";"6441";"237.";"10.2";"12.8";"89.";"8.";"70.21";"0.00";"70.21"
"2018";"9";"26";"3";"9";"6442";"238.";"10.3";"13.1";"89.";"8.";"100.01";"0.00";"100.01"
"2018";"9";"26";"3";"10";"6443";"239.";"9.8";"13.2";"93.";"8.";"70.04";"0.00";"70.04"
"2018";"9";"26";"3";"11";"6444";"244.";"9.7";"13.5";"93.";"8.";"74.49";"0.00";"74.49"
"2018";"9";"26";"3";"12";"6445";"255.";"10.2";"14.0";"92.";"7.";"124.18";"41.87";"102.97"
"2018";"9";"26";"3";"13";"6446";"258.";"9.6";"14.4";"89.";"8.";"130.03";"0.00";"130.03"
"2018";"9";"26";"3";"14";"6447";"262.";"8.9";"14.8";"87.";"8.";"106.24";"0.00";"106.24"
"2018";"9";"26";"3";"15";"6448";"265.";"9.6";"14.9";"84.";"8.";"72.35";"0.00";"72.35"
"2018";"9";"26";"3";"16";"6449";"269.";"10.2";"14.8";"83.";"8.";"30.28";"0.00";"30.28"
"2018";"9";"26";"3";"17";"6450";"272.";"10.2";"14.5";"82.";"7.";"0.00";"0.00";"0.00"
"2018";"9";"26";"3";"18";"6451";"273.";"9.6";"14.3";"81.";"7.";"0.00";"0.00";"0.00"
"2018";"9";"26";"3";"19";"6452";"275.";"9.2";"14.1";"80.";"7.";"0.00";"0.00";"0.00"
"2018";"9";"26";"3";"20";"6453";"277.";"9.7";"14.0";"78.";"7.";"0.00";"0.00";"0.00"
"2018";"9";"26";"3";"21";"6454";"281.";"8.4";"14.0";"75.";"7.";"0.00";"0.00";"0.00"
"2018";"9";"26";"3";"22";"6455";"284.";"8.9";"13.7";"75.";"6.";"0.00";"0.00";"0.00"
"2018";"9";"26";"3";"23";"6456";"286.";"8.6";"13.6";"75.";"4.";"0.00";"0.00";"0.00"
"2018";"9";"27";"4";"0";"6457";"287.";"8.1";"13.3";"73.";"8.";"0.00";"0.00";"0.00"
"2018";"9";"27";"4";"1";"6458";"287.";"7.6";"13.1";"69.";"6.";"0.00";"0.00";"0.00"
"2018";"9";"27";"4";"2";"6459";"288.";"6.9";"12.7";"70.";"4.";"0.00";"0.00";"0.00"
"2018";"9";"27";"4";"3";"6460";"290.";"7.0";"12.4";"70.";"0.";"0.00";"0.00";"0.00"
"2018";"9";"27";"4";"4";"6461";"288.";"6.5";"12.3";"69.";"4.";"0.00";"0.00";"0.00"
"2018";"9";"27";"4";"5";"6462";"284.";"6.8";"12.8";"67.";"4.";"0.00";"0.00";"0.00"
"2018";"9";"27";"4";"6";"6463";"283.";"6.3";"13.2";"68.";"7.";"0.00";"0.00";"0.00"
"2018";"9";"27";"4";"7";"6464";"275.";"6.1";"13.1";"73.";"8.";"32.03";"0.00";"32.03"
"2018";"9";"27";"4";"8";"6465";"261.";"5.2";"12.7";"80.";"7.";"101.26";"68.02";"81.13"
"2018";"9";"27";"4";"9";"6466";"231.";"5.4";"12.3";"87.";"8.";"105.94";"0.00";"105.94"
"2018";"9";"27";"4";"10";"6467";"224.";"5.9";"13.2";"95.";"8.";"123.70";"0.00";"123.70"
"2018";"9";"27";"4";"11";"6468";"235.";"7.6";"14.4";"94.";"8.";"137.29";"0.00";"137.29"
"2018";"9";"27";"4";"12";"6469";"239.";"8.2";"15.3";"89.";"7.";"197.44";"82.03";"156.38"
"2018";"9";"27";"4";"13";"6470";"242.";"8.4";"15.8";"84.";"7.";"179.92";"80.05";"142.74"
"2018";"9";"27";"4";"14";"6471";"239.";"8.6";"16.0";"79.";"8.";"109.68";"0.00";"109.68"
"2018";"9";"27";"4";"15";"6472";"244.";"9.0";"15.6";"79.";"8.";"71.92";"0.00";"71.92"
"2018";"9";"27";"4";"16";"6473";"250.";"9.0";"15.0";"81.";"7.";"38.14";"35.44";"31.93"
"2018";"9";"27";"4";"17";"6474";"248.";"9.3";"14.5";"83.";"8.";"0.00";"0.00";"0.00"
"2018";"9";"27";"4";"18";"6475";"254.";"9.4";"14.0";"82.";"8.";"0.00";"0.00";"0.00"
"2018";"9";"27";"4";"19";"6476";"269.";"10.2";"13.5";"76.";"8.";"0.00";"0.00";"0.00"
"2018";"9";"27";"4";"20";"6477";"277.";"10.6";"13.0";"70.";"7.";"0.00";"0.00";"0.00"
"2018";"9";"27";"4";"21";"6478";"282.";"10.0";"12.3";"68.";"2.";"0.00";"0.00";"0.00"
"2018";"9";"27";"4";"22";"6479";"287.";"9.6";"11.9";"65.";"4.";"0.00";"0.00";"0.00"
"2018";"9";"27";"4";"23";"6480";"289.";"9.5";"11.6";"65.";"4.";"0.00";"0.00";"0.00"
"2018";"9";"28";"5";"0";"6481";"295.";"8.8";"11.6";"63.";"3.";"0.00";"0.00";"0.00"
"2018";"9";"28";"5";"1";"6482";"306.";"7.4";"11.7";"60.";"2.";"0.00";"0.00";"0.00"
"2018";"9";"28";"5";"2";"6483";"317.";"6.5";"11.2";"58.";"3.";"0.00";"0.00";"0.00"
"2018";"9";"28";"5";"3";"6484";"325.";"4.6";"9.9";"62.";"1.";"0.00";"0.00";"0.00"
"2018";"9";"28";"5";"4";"6485";"335.";"3.5";"8.4";"68.";"2.";"0.00";"0.00";"0.00"
"2018";"9";"28";"5";"5";"6486";"341.";"2.8";"8.1";"71.";"3.";"0.00";"0.00";"0.00"
"2018";"9";"28";"5";"6";"6487";"336.";"2.3";"7.5";"74.";"6.";"0.00";"0.00";"0.00"
"2018";"9";"28";"5";"7";"6488";"345.";"2.5";"9.9";"63.";"1.";"109.86";"421.76";"38.52"
"2018";"9";"28";"5";"8";"6489";"351.";"3.7";"11.1";"52.";"2.";"224.28";"495.47";"80.61"
"2018";"9";"28";"5";"9";"6490";"357.";"3.6";"12.1";"43.";"1.";"363.03";"693.69";"93.48"
"2018";"9";"28";"5";"10";"6491";"342.";"3.8";"13.0";"39.";"1.";"455.20";"703.05";"132.98"
"2018";"9";"28";"5";"11";"6492";"324.";"4.1";"13.0";"39.";"1.";"484.99";"732.52";"122.82"
"2018";"9";"28";"5";"12";"6493";"312.";"4.7";"13.5";"42.";"4.";"359.15";"418.11";"152.43"
"2018";"9";"28";"5";"13";"6494";"308.";"5.2";"13.1";"45.";"3.";"365.25";"498.90";"136.60"
"2018";"9";"28";"5";"14";"6495";"307.";"5.2";"12.9";"44.";"1.";"359.02";"666.61";"99.99"
"2018";"9";"28";"5";"15";"6496";"308.";"4.6";"12.3";"44.";"1.";"249.64";"628.29";"67.47"
"2018";"9";"28";"5";"16";"6497";"311.";"4.0";"11.2";"47.";"3.";"95.99";"319.38";"41.97"
"2018";"9";"28";"5";"17";"6498";"308.";"2.5";"9.2";"57.";"5.";"0.00";"0.00";"0.00"
"2018";"9";"28";"5";"18";"6499";"295.";"2.4";"8.2";"69.";"3.";"0.00";"0.00";"0.00"
"2018";"9";"28";"5";"19";"6500";"80.";"0.5";"7.0";"76.";"2.";"0.00";"0.00";"0.00"
"2018";"9";"28";"5";"20";"6501";"238.";"0.4";"6.0";"81.";"2.";"0.00";"0.00";"0.00"
"2018";"9";"28";"5";"21";"6502";"211.";"0.7";"5.2";"84.";"4.";"0.00";"0.00";"0.00"
"2018";"9";"28";"5";"22";"6503";"139.";"0.3";"4.1";"86.";"5.";"0.00";"0.00";"0.00"
"2018";"9";"28";"5";"23";"6504";"150.";"0.6";"3.4";"87.";"6.";"0.00";"0.00";"0.00"
"2018";"9";"29";"6";"0";"6505";"176.";"0.7";"3.1";"87.";"3.";"0.00";"0.00";"0.00"
"2018";"9";"29";"6";"1";"6506";"223.";"1.1";"2.9";"87.";"8.";"0.00";"0.00";"0.00"
"2018";"9";"29";"6";"2";"6507";"254.";"1.5";"2.8";"86.";"8.";"0.00";"0.00";"0.00"
"2018";"9";"29";"6";"3";"6508";"265.";"1.7";"2.3";"83.";"8.";"0.00";"0.00";"0.00"
"2018";"9";"29";"6";"4";"6509";"263.";"2.3";"4.8";"84.";"8.";"0.00";"0.00";"0.00"
"2018";"9";"29";"6";"5";"6510";"262.";"2.6";"5.6";"86.";"8.";"0.00";"0.00";"0.00"
"2018";"9";"29";"6";"6";"6511";"272.";"3.4";"7.5";"85.";"7.";"0.00";"0.00";"0.00"
"2018";"9";"29";"6";"7";"6512";"271.";"5.5";"9.4";"81.";"6.";"75.91";"112.56";"57.54"
"2018";"9";"29";"6";"8";"6513";"262.";"5.5";"10.8";"83.";"5.";"188.40";"239.49";"120.39"
"2018";"9";"29";"6";"9";"6514";"253.";"5.6";"11.5";"77.";"8.";"222.64";"0.00";"222.64"
"2018";"9";"29";"6";"10";"6515";"249.";"6.7";"11.3";"80.";"8.";"72.40";"0.00";"72.40"
"2018";"9";"29";"6";"11";"6516";"253.";"6.9";"12.0";"74.";"7.";"204.67";"98.62";"156.50"
"2018";"9";"29";"6";"12";"6517";"248.";"7.1";"12.1";"70.";"7.";"202.03";"91.30";"157.45"
"2018";"9";"29";"6";"13";"6518";"244.";"7.3";"12.3";"70.";"7.";"187.22";"98.03";"142.88"
"2018";"9";"29";"6";"14";"6519";"244.";"7.2";"11.8";"72.";"8.";"110.25";"0.00";"110.25"
"2018";"9";"29";"6";"15";"6520";"244.";"7.5";"12.0";"69.";"8.";"76.13";"0.00";"76.13"
"2018";"9";"29";"6";"16";"6521";"246.";"7.6";"11.8";"71.";"8.";"31.43";"0.00";"31.43"
"2018";"9";"29";"6";"17";"6522";"246.";"7.6";"11.7";"70.";"8.";"0.00";"0.00";"0.00"
"2018";"9";"29";"6";"18";"6523";"243.";"7.5";"11.8";"71.";"8.";"0.00";"0.00";"0.00"
"2018";"9";"29";"6";"19";"6524";"246.";"8.4";"12.0";"69.";"8.";"0.00";"0.00";"0.00"
"2018";"9";"29";"6";"20";"6525";"254.";"8.0";"11.7";"68.";"8.";"0.00";"0.00";"0.00"
"2018";"9";"29";"6";"21";"6526";"250.";"7.9";"11.5";"71.";"8.";"0.00";"0.00";"0.00"
"2018";"9";"29";"6";"22";"6527";"249.";"7.7";"11.4";"70.";"8.";"0.00";"0.00";"0.00"
"2018";"9";"29";"6";"23";"6528";"248.";"7.6";"11.4";"70.";"8.";"0.00";"0.00";"0.00"
"2018";"9";"30";"7";"0";"6529";"250.";"8.1";"11.4";"70.";"8.";"0.00";"0.00";"0.00"
"2018";"9";"30";"7";"1";"6530";"244.";"7.9";"11.4";"66.";"8.";"0.00";"0.00";"0.00"
"2018";"9";"30";"7";"2";"6531";"245.";"7.8";"11.2";"67.";"8.";"0.00";"0.00";"0.00"
"2018";"9";"30";"7";"3";"6532";"246.";"7.7";"11.5";"69.";"7.";"0.00";"0.00";"0.00"
"2018";"9";"30";"7";"4";"6533";"243.";"7.7";"11.6";"71.";"8.";"0.00";"0.00";"0.00"
"2018";"9";"30";"7";"5";"6534";"237.";"7.4";"11.6";"73.";"8.";"0.00";"0.00";"0.00"
"2018";"9";"30";"7";"6";"6535";"237.";"7.3";"11.6";"75.";"8.";"0.00";"0.00";"0.00"
"2018";"9";"30";"7";"7";"6536";"234.";"6.9";"11.8";"76.";"8.";"28.01";"0.00";"28.01"
"2018";"9";"30";"7";"8";"6537";"237.";"7.0";"12.1";"76.";"8.";"71.05";"0.00";"71.05"
"2018";"9";"30";"7";"9";"6538";"235.";"7.2";"12.6";"76.";"8.";"107.67";"0.00";"107.67"
"2018";"9";"30";"7";"10";"6539";"239.";"6.9";"12.4";"78.";"7.";"174.85";"78.33";"139.90"
"2018";"9";"30";"7";"11";"6540";"238.";"6.8";"12.4";"79.";"8.";"149.56";"0.00";"149.56"
"2018";"9";"30";"7";"12";"6541";"241.";"6.1";"13.6";"80.";"7.";"194.79";"87.57";"152.55"
"2018";"9";"30";"7";"13";"6542";"258.";"6.2";"12.7";"76.";"8.";"78.26";"0.00";"78.26"
"2018";"9";"30";"7";"14";"6543";"261.";"5.8";"12.6";"71.";"3.";"276.32";"442.91";"109.57"
"2018";"9";"30";"7";"15";"6544";"262.";"6.0";"12.6";"68.";"3.";"183.38";"381.88";"77.25"
"2018";"9";"30";"7";"16";"6545";"264.";"5.7";"11.9";"71.";"3.";"73.04";"237.60";"35.68"
"2018";"9";"30";"7";"17";"6546";"263.";"5.6";"11.5";"74.";"5.";"0.00";"0.00";"0.00"
"2018";"9";"30";"7";"18";"6547";"260.";"5.5";"11.4";"73.";"8.";"0.00";"0.00";"0.00"
"2018";"9";"30";"7";"19";"6548";"259.";"5.8";"11.2";"73.";"7.";"0.00";"0.00";"0.00"
"2018";"9";"30";"7";"20";"6549";"259.";"5.9";"11.1";"73.";"8.";"0.00";"0.00";"0.00"
"2018";"9";"30";"7";"21";"6550";"263.";"5.8";"10.9";"73.";"4.";"0.00";"0.00";"0.00"
"2018";"9";"30";"7";"22";"6551";"261.";"5.1";"10.9";"75.";"3.";"0.00";"0.00";"0.00"
"2018";"9";"30";"7";"23";"6552";"263.";"5.0";"10.3";"73.";"4.";"0.00";"0.00";"0.00"
"2018";"10";"1";"1";"0";"6553";"261.";"4.7";"9.9";"79.";"6.";"0.00";"0.00";"0.00"
"2018";"10";"1";"1";"1";"6554";"250.";"4.2";"9.6";"82.";"2.";"0.00";"0.00";"0.00"
"2018";"10";"1";"1";"2";"6555";"259.";"3.3";"9.5";"80.";"4.";"0.00";"0.00";"0.00"
"2018";"10";"1";"1";"3";"6556";"246.";"3.3";"9.2";"78.";"8.";"0.00";"0.00";"0.00"
"2018";"10";"1";"1";"4";"6557";"245.";"3.7";"9.2";"80.";"4.";"0.00";"0.00";"0.00"
"2018";"10";"1";"1";"5";"6558";"255.";"3.5";"9.0";"82.";"2.";"0.00";"0.00";"0.00"
"2018";"10";"1";"1";"6";"6559";"236.";"3.8";"9.1";"83.";"6.";"0.00";"0.00";"0.00"
"2018";"10";"1";"1";"7";"6560";"239.";"3.8";"9.9";"80.";"8.";"28.81";"0.00";"28.81"
"2018";"10";"1";"1";"8";"6561";"237.";"4.3";"10.6";"78.";"4.";"165.01";"330.86";"75.05"
"2018";"10";"1";"1";"9";"6562";"230.";"4.1";"10.9";"78.";"6.";"185.95";"199.88";"111.91"
"2018";"10";"1";"1";"10";"6563";"236.";"3.6";"11.0";"78.";"4.";"250.12";"318.06";"110.14"
"2018";"10";"1";"1";"11";"6564";"242.";"3.4";"11.6";"74.";"5.";"297.00";"305.13";"151.71"
"2018";"10";"1";"1";"12";"6565";"249.";"2.5";"10.2";"76.";"7.";"133.63";"70.05";"100.27"
"2018";"10";"1";"1";"13";"6566";"261.";"0.9";"10.0";"78.";"7.";"124.44";"70.33";"93.49"
"2018";"10";"1";"1";"14";"6567";"328.";"0.6";"10.4";"74.";"5.";"283.92";"298.24";"173.44"
"2018";"10";"1";"1";"15";"6568";"343.";"0.8";"11.2";"70.";"4.";"167.37";"341.92";"74.39"
"2018";"10";"1";"1";"16";"6569";"312.";"1.0";"10.3";"72.";"1.";"91.05";"390.78";"31.95"
"2018";"10";"1";"1";"17";"6570";"358.";"0.6";"8.2";"80.";"2.";"0.00";"0.00";"0.00"
"2018";"10";"1";"1";"18";"6571";"6.";"0.5";"6.8";"86.";"2.";"0.00";"0.00";"0.00"
"2018";"10";"1";"1";"19";"6572";"281.";"1.0";"5.7";"88.";"2.";"0.00";"0.00";"0.00"
"2018";"10";"1";"1";"20";"6573";"184.";"0.2";"5.0";"89.";"0.";"0.00";"0.00";"0.00"
"2018";"10";"1";"1";"21";"6574";"220.";"0.4";"4.4";"89.";"1.";"0.00";"0.00";"0.00"
"2018";"10";"1";"1";"22";"6575";"177.";"0.4";"4.2";"90.";"0.";"0.00";"0.00";"0.00"
"2018";"10";"1";"1";"23";"6576";"251.";"0.7";"3.6";"88.";"0.";"0.00";"0.00";"0.00"
"2018";"10";"2";"2";"0";"6577";"267.";"1.7";"3.7";"87.";"4.";"0.00";"0.00";"0.00"
"2018";"10";"2";"2";"1";"6578";"259.";"1.1";"3.9";"88.";"6.";"0.00";"0.00";"0.00"
"2018";"10";"2";"2";"2";"6579";"244.";"2.2";"4.5";"88.";"5.";"0.00";"0.00";"0.00"
"2018";"10";"2";"2";"3";"6580";"247.";"3.0";"6.5";"86.";"8.";"0.00";"0.00";"0.00"
"2018";"10";"2";"2";"4";"6581";"248.";"3.9";"7.5";"79.";"8.";"0.00";"0.00";"0.00"
"2018";"10";"2";"2";"5";"6582";"242.";"5.6";"8.6";"84.";"8.";"0.00";"0.00";"0.00"
"2018";"10";"2";"2";"6";"6583";"255.";"6.6";"8.0";"85.";"8.";"0.00";"0.00";"0.00"
"2018";"10";"2";"2";"7";"6584";"248.";"5.1";"7.8";"81.";"8.";"16.18";"0.00";"16.18"
"2018";"10";"2";"2";"8";"6585";"229.";"5.4";"7.7";"79.";"8.";"41.55";"0.00";"41.55"
"2018";"10";"2";"2";"9";"6586";"210.";"5.8";"8.1";"82.";"8.";"64.26";"0.00";"64.26"
"2018";"10";"2";"2";"10";"6587";"186.";"6.6";"8.3";"87.";"8.";"73.43";"0.00";"73.43"
"2018";"10";"2";"2";"11";"6588";"185.";"7.9";"8.6";"92.";"8.";"74.62";"0.00";"74.62"
"2018";"10";"2";"2";"12";"6589";"231.";"7.3";"9.9";"93.";"8.";"76.92";"0.00";"76.92"
"2018";"10";"2";"2";"13";"6590";"257.";"7.9";"11.0";"80.";"8.";"75.47";"0.00";"75.47"
"2018";"10";"2";"2";"14";"6591";"270.";"9.1";"11.1";"72.";"6.";"178.45";"174.36";"114.91"
"2018";"10";"2";"2";"15";"6592";"282.";"9.8";"11.4";"69.";"6.";"161.51";"129.81";"126.99"
"2018";"10";"2";"2";"16";"6593";"287.";"9.9";"10.7";"70.";"8.";"15.96";"0.00";"15.96"
"2018";"10";"2";"2";"17";"6594";"281.";"9.2";"10.7";"70.";"7.";"0.00";"0.00";"0.00"
"2018";"10";"2";"2";"18";"6595";"284.";"8.3";"10.3";"68.";"7.";"0.00";"0.00";"0.00"
"2018";"10";"2";"2";"19";"6596";"294.";"4.6";"10.1";"74.";"7.";"0.00";"0.00";"0.00"
"2018";"10";"2";"2";"20";"6597";"331.";"4.5";"8.3";"80.";"7.";"0.00";"0.00";"0.00"
"2018";"10";"2";"2";"21";"6598";"359.";"4.0";"6.4";"86.";"8.";"0.00";"0.00";"0.00"
"2018";"10";"2";"2";"22";"6599";"346.";"3.9";"5.9";"86.";"3.";"0.00";"0.00";"0.00"
"2018";"10";"2";"2";"23";"6600";"348.";"3.6";"5.6";"87.";"7.";"0.00";"0.00";"0.00"
"2018";"10";"3";"3";"0";"6601";"345.";"3.3";"5.9";"86.";"4.";"0.00";"0.00";"0.00"
"2018";"10";"3";"3";"1";"6602";"353.";"3.7";"5.8";"86.";"2.";"0.00";"0.00";"0.00"
"2018";"10";"3";"3";"2";"6603";"357.";"3.5";"5.2";"87.";"1.";"0.00";"0.00";"0.00"
"2018";"10";"3";"3";"3";"6604";"340.";"3.2";"4.9";"86.";"4.";"0.00";"0.00";"0.00"
"2018";"10";"3";"3";"4";"6605";"336.";"3.4";"4.5";"87.";"0.";"0.00";"0.00";"0.00"
"2018";"10";"3";"3";"5";"6606";"355.";"2.9";"4.6";"87.";"2.";"0.00";"0.00";"0.00"
"2018";"10";"3";"3";"6";"6607";"342.";"2.7";"4.9";"86.";"5.";"0.00";"0.00";"0.00"
"2018";"10";"3";"3";"7";"6608";"338.";"2.9";"5.7";"83.";"4.";"63.58";"221.01";"32.78"
"2018";"10";"3";"3";"8";"6609";"335.";"3.5";"6.6";"80.";"5.";"143.84";"261.07";"75.99"
"2018";"10";"3";"3";"9";"6610";"337.";"3.5";"7.8";"75.";"4.";"244.56";"384.04";"106.95"
"2018";"10";"3";"3";"10";"6611";"319.";"4.1";"9.5";"67.";"0.";"442.55";"820.47";"91.45"
"2018";"10";"3";"3";"11";"6612";"309.";"4.8";"10.9";"61.";"2.";"415.67";"627.58";"124.51"
"2018";"10";"3";"3";"12";"6613";"308.";"5.1";"11.9";"55.";"2.";"409.17";"575.16";"142.32"
"2018";"10";"3";"3";"13";"6614";"303.";"5.4";"11.9";"48.";"1.";"410.10";"685.73";"116.66"
"2018";"10";"3";"3";"14";"6615";"293.";"5.7";"12.3";"46.";"1.";"331.02";"656.94";"95.62"
"2018";"10";"3";"3";"15";"6616";"293.";"5.0";"11.7";"50.";"1.";"223.50";"564.93";"76.67"
"2018";"10";"3";"3";"16";"6617";"295.";"4.3";"10.8";"53.";"0.";"95.10";"455.98";"31.56"
"2018";"10";"3";"3";"17";"6618";"292.";"2.9";"9.5";"61.";"1.";"0.00";"0.00";"0.00"
"2018";"10";"3";"3";"18";"6619";"297.";"2.6";"7.9";"68.";"1.";"0.00";"0.00";"0.00"
"2018";"10";"3";"3";"19";"6620";"306.";"2.2";"7.1";"70.";"1.";"0.00";"0.00";"0.00"
"2018";"10";"3";"3";"20";"6621";"309.";"2.5";"8.1";"73.";"2.";"0.00";"0.00";"0.00"
"2018";"10";"3";"3";"21";"6622";"307.";"2.2";"7.4";"75.";"2.";"0.00";"0.00";"0.00"
"2018";"10";"3";"3";"22";"6623";"318.";"1.9";"4.9";"78.";"1.";"0.00";"0.00";"0.00"
"2018";"10";"3";"3";"23";"6624";"17.";"1.0";"3.5";"82.";"2.";"0.00";"0.00";"0.00"
"2018";"10";"4";"4";"0";"6625";"39.";"1.1";"3.0";"85.";"0.";"0.00";"0.00";"0.00"
"2018";"10";"4";"4";"1";"6626";"75.";"2.1";"2.0";"87.";"1.";"0.00";"0.00";"0.00"
"2018";"10";"4";"4";"2";"6627";"79.";"1.6";"1.4";"89.";"0.";"0.00";"0.00";"0.00"
"2018";"10";"4";"4";"3";"6628";"81.";"1.1";"1.4";"87.";"0.";"0.00";"0.00";"0.00"
"2018";"10";"4";"4";"4";"6629";"95.";"1.1";"1.1";"88.";"2.";"0.00";"0.00";"0.00"
"2018";"10";"4";"4";"5";"6630";"143.";"0.8";"1.2";"89.";"5.";"0.00";"0.00";"0.00"
"2018";"10";"4";"4";"6";"6631";"130.";"1.4";"2.2";"88.";"7.";"0.00";"0.00";"0.00"
"2018";"10";"4";"4";"7";"6632";"178.";"1.4";"3.7";"86.";"8.";"51.93";"0.00";"51.93"
"2018";"10";"4";"4";"8";"6633";"184.";"1.8";"6.1";"84.";"8.";"135.82";"0.00";"135.82"
"2018";"10";"4";"4";"9";"6634";"216.";"2.0";"9.0";"76.";"8.";"106.70";"0.00";"106.70"
"2018";"10";"4";"4";"10";"6635";"242.";"3.7";"11.6";"71.";"8.";"131.92";"0.00";"131.92"
"2018";"10";"4";"4";"11";"6636";"236.";"4.4";"11.7";"70.";"8.";"145.71";"0.00";"145.71"
"2018";"10";"4";"4";"12";"6637";"224.";"4.8";"10.8";"76.";"7.";"195.10";"103.54";"147.69"
"2018";"10";"4";"4";"13";"6638";"210.";"5.2";"10.4";"92.";"8.";"62.72";"0.00";"62.72"
"2018";"10";"4";"4";"14";"6639";"213.";"5.2";"11.2";"93.";"8.";"51.54";"0.00";"51.54"
"2018";"10";"4";"4";"15";"6640";"223.";"4.7";"12.0";"93.";"8.";"34.28";"0.00";"34.28"
"2018";"10";"4";"4";"16";"6641";"227.";"4.2";"12.6";"91.";"8.";"17.63";"0.00";"17.63"
"2018";"10";"4";"4";"17";"6642";"236.";"4.2";"12.9";"91.";"8.";"0.00";"0.00";"0.00"
"2018";"10";"4";"4";"18";"6643";"235.";"4.7";"12.8";"90.";"7.";"0.00";"0.00";"0.00"
"2018";"10";"4";"4";"19";"6644";"237.";"5.2";"12.8";"90.";"8.";"0.00";"0.00";"0.00"
"2018";"10";"4";"4";"20";"6645";"232.";"5.5";"12.8";"90.";"8.";"0.00";"0.00";"0.00"
"2018";"10";"4";"4";"21";"6646";"231.";"5.6";"12.8";"91.";"8.";"0.00";"0.00";"0.00"
"2018";"10";"4";"4";"22";"6647";"230.";"6.4";"12.9";"91.";"8.";"0.00";"0.00";"0.00"
"2018";"10";"4";"4";"23";"6648";"231.";"5.9";"12.9";"91.";"8.";"0.00";"0.00";"0.00"
"2018";"10";"5";"5";"0";"6649";"229.";"6.2";"12.9";"93.";"8.";"0.00";"0.00";"0.00"
"2018";"10";"5";"5";"1";"6650";"232.";"6.5";"12.9";"93.";"8.";"0.00";"0.00";"0.00"
"2018";"10";"5";"5";"2";"6651";"233.";"6.1";"13.0";"92.";"8.";"0.00";"0.00";"0.00"
"2018";"10";"5";"5";"3";"6652";"236.";"6.6";"13.0";"93.";"8.";"0.00";"0.00";"0.00"
"2018";"10";"5";"5";"4";"6653";"243.";"6.9";"13.0";"93.";"8.";"0.00";"0.00";"0.00"
"2018";"10";"5";"5";"5";"6654";"247.";"6.8";"13.0";"92.";"8.";"0.00";"0.00";"0.00"
"2018";"10";"5";"5";"6";"6655";"253.";"6.5";"12.9";"90.";"8.";"0.00";"0.00";"0.00"
"2018";"10";"5";"5";"7";"6656";"247.";"6.3";"12.8";"87.";"8.";"16.37";"0.00";"16.37"
"2018";"10";"5";"5";"8";"6657";"255.";"6.4";"12.7";"82.";"8.";"60.99";"0.00";"60.99"
"2018";"10";"5";"5";"9";"6658";"262.";"5.7";"13.0";"73.";"7.";"130.02";"75.08";"104.02"
"2018";"10";"5";"5";"10";"6659";"256.";"5.2";"13.0";"67.";"8.";"125.75";"0.00";"125.75"
"2018";"10";"5";"5";"11";"6660";"250.";"4.1";"12.7";"68.";"7.";"188.53";"94.50";"145.84"
"2018";"10";"5";"5";"12";"6661";"245.";"3.2";"12.3";"68.";"8.";"139.11";"0.00";"139.11"
"2018";"10";"5";"5";"13";"6662";"246.";"2.2";"11.0";"85.";"8.";"68.82";"0.00";"68.82"
"2018";"10";"5";"5";"14";"6663";"238.";"1.7";"10.7";"89.";"8.";"53.09";"0.00";"53.09"
"2018";"10";"5";"5";"15";"6664";"223.";"1.4";"10.7";"91.";"8.";"34.90";"0.00";"34.90"
"2018";"10";"5";"5";"16";"6665";"241.";"1.6";"10.9";"92.";"8.";"16.53";"0.00";"16.53"
"2018";"10";"5";"5";"17";"6666";"221.";"1.5";"10.9";"93.";"8.";"0.00";"0.00";"0.00"
"2018";"10";"5";"5";"18";"6667";"285.";"0.6";"10.7";"94.";"8.";"0.00";"0.00";"0.00"
"2018";"10";"5";"5";"19";"6668";"277.";"1.2";"10.9";"94.";"8.";"0.00";"0.00";"0.00"
"2018";"10";"5";"5";"20";"6669";"256.";"1.8";"11.1";"94.";"8.";"0.00";"0.00";"0.00"
"2018";"10";"5";"5";"21";"6670";"256.";"1.6";"11.0";"95.";"8.";"0.00";"0.00";"0.00"
"2018";"10";"5";"5";"22";"6671";"270.";"2.4";"9.9";"94.";"8.";"0.00";"0.00";"0.00"
"2018";"10";"5";"5";"23";"6672";"284.";"2.0";"9.3";"94.";"8.";"0.00";"0.00";"0.00"
"2018";"10";"6";"6";"0";"6673";"283.";"1.3";"9.4";"93.";"8.";"0.00";"0.00";"0.00"
"2018";"10";"6";"6";"1";"6674";"257.";"0.8";"9.4";"96.";"7.";"0.00";"0.00";"0.00"
"2018";"10";"6";"6";"2";"6675";"273.";"1.0";"9.4";"92.";"8.";"0.00";"0.00";"0.00"
"2018";"10";"6";"6";"3";"6676";"301.";"1.6";"9.5";"92.";"8.";"0.00";"0.00";"0.00"
"2018";"10";"6";"6";"4";"6677";"300.";"2.2";"9.6";"89.";"7.";"0.00";"0.00";"0.00"
"2018";"10";"6";"6";"5";"6678";"288.";"1.8";"9.2";"86.";"8.";"0.00";"0.00";"0.00"
"2018";"10";"6";"6";"6";"6679";"283.";"1.8";"8.9";"85.";"8.";"0.00";"0.00";"0.00"
"2018";"10";"6";"6";"7";"6680";"277.";"1.9";"9.3";"85.";"8.";"38.47";"0.00";"38.47"
"2018";"10";"6";"6";"8";"6681";"280.";"1.5";"10.0";"83.";"6.";"103.19";"158.01";"64.96"
"2018";"10";"6";"6";"9";"6682";"281.";"1.9";"10.5";"79.";"8.";"100.37";"0.00";"100.37"
"2018";"10";"6";"6";"10";"6683";"303.";"1.9";"10.9";"75.";"8.";"131.36";"0.00";"131.36"
"2018";"10";"6";"6";"11";"6684";"313.";"2.0";"11.2";"73.";"8.";"141.82";"0.00";"141.82"
"2018";"10";"6";"6";"12";"6685";"318.";"2.3";"11.6";"68.";"7.";"191.50";"108.56";"143.13"
"2018";"10";"6";"6";"13";"6686";"323.";"2.1";"11.5";"66.";"7.";"172.19";"103.09";"129.96"
"2018";"10";"6";"6";"14";"6687";"331.";"1.9";"11.6";"66.";"7.";"136.38";"97.90";"103.07"
"2018";"10";"6";"6";"15";"6688";"334.";"2.0";"11.1";"69.";"8.";"63.70";"0.00";"63.70"
"2018";"10";"6";"6";"16";"6689";"327.";"1.9";"10.5";"73.";"8.";"19.97";"0.00";"19.97"
"2018";"10";"6";"6";"17";"6690";"337.";"1.4";"9.9";"77.";"8.";"0.00";"0.00";"0.00"
"2018";"10";"6";"6";"18";"6691";"323.";"2.3";"9.2";"80.";"8.";"0.00";"0.00";"0.00"
"2018";"10";"6";"6";"19";"6692";"354.";"1.5";"8.7";"80.";"7.";"0.00";"0.00";"0.00"
"2018";"10";"6";"6";"20";"6693";"318.";"1.0";"7.7";"85.";"7.";"0.00";"0.00";"0.00"
"2018";"10";"6";"6";"21";"6694";"325.";"1.1";"7.4";"89.";"7.";"0.00";"0.00";"0.00"
"2018";"10";"6";"6";"22";"6695";"29.";"1.0";"7.2";"93.";"8.";"0.00";"0.00";"0.00"
"2018";"10";"6";"6";"23";"6696";"56.";"1.5";"7.0";"93.";"8.";"0.00";"0.00";"0.00"
"2018";"10";"7";"7";"0";"6697";"55.";"1.5";"6.9";"93.";"7.";"0.00";"0.00";"0.00"
"2018";"10";"7";"7";"1";"6698";"38.";"0.7";"6.6";"92.";"7.";"0.00";"0.00";"0.00"
"2018";"10";"7";"7";"2";"6699";"357.";"0.6";"6.5";"93.";"8.";"0.00";"0.00";"0.00"
"2018";"10";"7";"7";"3";"6700";"280.";"0.8";"6.4";"94.";"7.";"0.00";"0.00";"0.00"
"2018";"10";"7";"7";"4";"6701";"286.";"0.8";"5.2";"94.";"4.";"0.00";"0.00";"0.00"
"2018";"10";"7";"7";"5";"6702";"294.";"0.9";"4.1";"96.";"0.";"0.00";"0.00";"0.00"
"2018";"10";"7";"7";"6";"6703";"312.";"1.3";"3.5";"96.";"5.";"0.00";"0.00";"0.00"
"2018";"10";"7";"7";"7";"6704";"312.";"1.5";"4.7";"96.";"6.";"30.56";"76.03";"21.76"
"2018";"10";"7";"7";"8";"6705";"335.";"1.0";"7.3";"94.";"5.";"117.87";"225.68";"64.62"
"2018";"10";"7";"7";"9";"6706";"312.";"1.1";"9.9";"84.";"1.";"295.46";"654.93";"76.61"
"2018";"10";"7";"7";"10";"6707";"300.";"1.3";"11.0";"75.";"1.";"377.92";"704.33";"93.67"
"2018";"10";"7";"7";"11";"6708";"289.";"2.0";"12.3";"61.";"2.";"390.01";"633.20";"111.70"
"2018";"10";"7";"7";"12";"6709";"284.";"2.7";"12.6";"58.";"4.";"316.80";"427.72";"128.81"
"2018";"10";"7";"7";"13";"6710";"280.";"2.7";"12.2";"57.";"6.";"299.60";"206.64";"216.21"
"2018";"10";"7";"7";"14";"6711";"273.";"2.4";"11.5";"59.";"7.";"219.52";"96.34";"187.33"
"2018";"10";"7";"7";"15";"6712";"284.";"2.2";"11.1";"61.";"6.";"105.81";"163.90";"67.13"
"2018";"10";"7";"7";"16";"6713";"283.";"1.6";"10.0";"71.";"4.";"49.75";"167.19";"30.40"
"2018";"10";"7";"7";"17";"6714";"257.";"1.0";"7.8";"81.";"6.";"0.00";"0.00";"0.00"
"2018";"10";"7";"7";"18";"6715";"211.";"1.0";"6.9";"85.";"7.";"0.00";"0.00";"0.00"
"2018";"10";"7";"7";"19";"6716";"209.";"1.8";"6.6";"86.";"8.";"0.00";"0.00";"0.00"
"2018";"10";"7";"7";"20";"6717";"227.";"3.2";"8.2";"81.";"7.";"0.00";"0.00";"0.00"
"2018";"10";"7";"7";"21";"6718";"232.";"4.0";"9.1";"78.";"8.";"0.00";"0.00";"0.00"
"2018";"10";"7";"7";"22";"6719";"232.";"4.6";"9.6";"71.";"6.";"0.00";"0.00";"0.00"
"2018";"10";"7";"7";"23";"6720";"229.";"5.2";"9.7";"70.";"8.";"0.00";"0.00";"0.00"
"2018";"10";"8";"1";"0";"6721";"221.";"5.0";"9.8";"72.";"7.";"0.00";"0.00";"0.00"
"2018";"10";"8";"1";"1";"6722";"223.";"6.0";"10.0";"72.";"7.";"0.00";"0.00";"0.00"
"2018";"10";"8";"1";"2";"6723";"219.";"6.6";"10.1";"73.";"7.";"0.00";"0.00";"0.00"
"2018";"10";"8";"1";"3";"6724";"219.";"7.1";"10.3";"75.";"8.";"0.00";"0.00";"0.00"
"2018";"10";"8";"1";"4";"6725";"215.";"7.6";"9.5";"76.";"8.";"0.00";"0.00";"0.00"
"2018";"10";"8";"1";"5";"6726";"209.";"8.6";"9.3";"86.";"8.";"0.00";"0.00";"0.00"
"2018";"10";"8";"1";"6";"6727";"202.";"8.6";"9.7";"90.";"8.";"0.00";"0.00";"0.00"
"2018";"10";"8";"1";"7";"6728";"209.";"9.8";"10.4";"91.";"8.";"6.64";"0.00";"6.64"
"2018";"10";"8";"1";"8";"6729";"211.";"9.9";"10.8";"91.";"8.";"29.27";"0.00";"29.27"
"2018";"10";"8";"1";"9";"6730";"217.";"9.4";"11.3";"87.";"8.";"52.34";"0.00";"52.34"
"2018";"10";"8";"1";"10";"6731";"220.";"9.0";"11.8";"86.";"8.";"115.89";"0.00";"115.89"
"2018";"10";"8";"1";"11";"6732";"219.";"8.4";"12.0";"87.";"8.";"128.56";"0.00";"128.56"
"2018";"10";"8";"1";"12";"6733";"224.";"8.4";"12.2";"86.";"8.";"127.72";"0.00";"127.72"
"2018";"10";"8";"1";"13";"6734";"228.";"8.2";"12.4";"87.";"8.";"110.50";"0.00";"110.50"
"2018";"10";"8";"1";"14";"6735";"226.";"7.3";"12.6";"88.";"8.";"86.96";"0.00";"86.96"
"2018";"10";"8";"1";"15";"6736";"228.";"6.8";"12.7";"90.";"8.";"50.60";"0.00";"50.60"
"2018";"10";"8";"1";"16";"6737";"228.";"6.5";"12.4";"92.";"8.";"5.45";"0.00";"5.45"
"2018";"10";"8";"1";"17";"6738";"224.";"6.5";"12.2";"94.";"8.";"0.00";"0.00";"0.00"
"2018";"10";"8";"1";"18";"6739";"224.";"7.0";"12.2";"94.";"8.";"0.00";"0.00";"0.00"
"2018";"10";"8";"1";"19";"6740";"225.";"6.9";"12.4";"93.";"8.";"0.00";"0.00";"0.00"
"2018";"10";"8";"1";"20";"6741";"226.";"6.9";"12.6";"92.";"8.";"0.00";"0.00";"0.00"
"2018";"10";"8";"1";"21";"6742";"231.";"6.5";"12.6";"92.";"8.";"0.00";"0.00";"0.00"
"2018";"10";"8";"1";"22";"6743";"232.";"6.6";"12.7";"92.";"8.";"0.00";"0.00";"0.00"
"2018";"10";"8";"1";"23";"6744";"229.";"6.5";"12.8";"91.";"8.";"0.00";"0.00";"0.00"
"2018";"10";"9";"2";"0";"6745";"231.";"7.1";"12.9";"91.";"8.";"0.00";"0.00";"0.00"
"2018";"10";"9";"2";"1";"6746";"235.";"6.8";"12.9";"89.";"8.";"0.00";"0.00";"0.00"
"2018";"10";"9";"2";"2";"6747";"229.";"6.0";"12.8";"90.";"8.";"0.00";"0.00";"0.00"
"2018";"10";"9";"2";"3";"6748";"222.";"6.0";"12.7";"90.";"8.";"0.00";"0.00";"0.00"
"2018";"10";"9";"2";"4";"6749";"221.";"5.9";"12.8";"90.";"8.";"0.00";"0.00";"0.00"
"2018";"10";"9";"2";"5";"6750";"217.";"5.8";"12.9";"89.";"8.";"0.00";"0.00";"0.00"
"2018";"10";"9";"2";"6";"6751";"215.";"5.7";"12.9";"89.";"7.";"0.00";"0.00";"0.00"
"2018";"10";"9";"2";"7";"6752";"211.";"5.8";"13.1";"89.";"8.";"7.77";"0.00";"7.77"
"2018";"10";"9";"2";"8";"6753";"212.";"6.5";"13.2";"88.";"8.";"48.53";"0.00";"48.53"
"2018";"10";"9";"2";"9";"6754";"208.";"6.3";"13.3";"88.";"7.";"113.59";"67.06";"91.99"
"2018";"10";"9";"2";"10";"6755";"213.";"6.7";"13.5";"88.";"7.";"148.76";"76.08";"118.98"
"2018";"10";"9";"2";"11";"6756";"213.";"6.9";"13.7";"88.";"7.";"166.15";"77.98";"132.83"
"2018";"10";"9";"2";"12";"6757";"216.";"6.5";"13.9";"87.";"7.";"167.29";"80.67";"132.82"
"2018";"10";"9";"2";"13";"6758";"221.";"6.5";"14.2";"86.";"8.";"111.60";"0.00";"111.60"
"2018";"10";"9";"2";"14";"6759";"227.";"6.0";"14.3";"84.";"7.";"117.01";"78.50";"91.73"
"2018";"10";"9";"2";"15";"6760";"231.";"6.0";"14.2";"82.";"7.";"67.92";"62.31";"53.95"
"2018";"10";"9";"2";"16";"6761";"230.";"5.6";"13.9";"83.";"7.";"11.24";"18.73";"9.29"
"2018";"10";"9";"2";"17";"6762";"238.";"5.9";"13.7";"82.";"7.";"0.00";"0.00";"0.00"
"2018";"10";"9";"2";"18";"6763";"232.";"5.8";"13.4";"83.";"7.";"0.00";"0.00";"0.00"
"2018";"10";"9";"2";"19";"6764";"230.";"6.3";"13.6";"82.";"7.";"0.00";"0.00";"0.00"
"2018";"10";"9";"2";"20";"6765";"224.";"6.2";"13.5";"84.";"8.";"0.00";"0.00";"0.00"
"2018";"10";"9";"2";"21";"6766";"227.";"6.3";"13.5";"84.";"8.";"0.00";"0.00";"0.00"
"2018";"10";"9";"2";"22";"6767";"229.";"5.6";"13.5";"84.";"8.";"0.00";"0.00";"0.00"
"2018";"10";"9";"2";"23";"6768";"232.";"5.5";"13.3";"83.";"7.";"0.00";"0.00";"0.00"
"2018";"10";"10";"3";"0";"6769";"233.";"5.5";"13.3";"82.";"7.";"0.00";"0.00";"0.00"
"2018";"10";"10";"3";"1";"6770";"226.";"4.6";"12.9";"85.";"5.";"0.00";"0.00";"0.00"
"2018";"10";"10";"3";"2";"6771";"227.";"3.8";"12.6";"86.";"5.";"0.00";"0.00";"0.00"
"2018";"10";"10";"3";"3";"6772";"220.";"3.4";"12.6";"87.";"7.";"0.00";"0.00";"0.00"
"2018";"10";"10";"3";"4";"6773";"220.";"3.8";"12.3";"90.";"5.";"0.00";"0.00";"0.00"
"2018";"10";"10";"3";"5";"6774";"223.";"4.2";"12.5";"90.";"5.";"0.00";"0.00";"0.00"
"2018";"10";"10";"3";"6";"6775";"226.";"4.2";"12.4";"90.";"5.";"0.00";"0.00";"0.00"
"2018";"10";"10";"3";"7";"6776";"223.";"4.2";"12.5";"90.";"4.";"14.23";"47.55";"9.56"
"2018";"10";"10";"3";"8";"6777";"220.";"4.0";"12.5";"90.";"6.";"76.57";"93.59";"56.15"
"2018";"10";"10";"3";"9";"6778";"222.";"3.7";"12.6";"90.";"8.";"80.28";"0.00";"80.28"
"2018";"10";"10";"3";"10";"6779";"219.";"3.3";"12.7";"90.";"7.";"143.27";"68.41";"116.90"
"2018";"10";"10";"3";"11";"6780";"207.";"3.3";"13.2";"88.";"8.";"120.82";"0.00";"120.82"
"2018";"10";"10";"3";"12";"6781";"209.";"2.9";"13.5";"85.";"6.";"204.70";"162.06";"136.43"
"2018";"10";"10";"3";"13";"6782";"197.";"2.8";"13.3";"86.";"6.";"179.05";"142.90";"123.98"
"2018";"10";"10";"3";"14";"6783";"185.";"2.8";"13.1";"87.";"5.";"160.58";"188.07";"101.12"
"2018";"10";"10";"3";"15";"6784";"183.";"2.7";"13.1";"86.";"0.";"153.18";"406.74";"64.43"
"2018";"10";"10";"3";"16";"6785";"181.";"2.0";"12.3";"86.";"2.";"20.32";"87.22";"11.76"
"2018";"10";"10";"3";"17";"6786";"141.";"1.1";"10.5";"90.";"2.";"0.00";"0.00";"0.00"
"2018";"10";"10";"3";"18";"6787";"127.";"0.8";"9.0";"92.";"2.";"0.00";"0.00";"0.00"
"2018";"10";"10";"3";"19";"6788";"134.";"1.1";"8.4";"94.";"3.";"0.00";"0.00";"0.00"
"2018";"10";"10";"3";"20";"6789";"124.";"1.5";"7.8";"93.";"3.";"0.00";"0.00";"0.00"
"2018";"10";"10";"3";"21";"6790";"98.";"1.6";"7.8";"94.";"7.";"0.00";"0.00";"0.00"
"2018";"10";"10";"3";"22";"6791";"96.";"1.8";"7.3";"93.";"4.";"0.00";"0.00";"0.00"
"2018";"10";"10";"3";"23";"6792";"117.";"1.9";"7.3";"92.";"3.";"0.00";"0.00";"0.00"
"2018";"10";"11";"4";"0";"6793";"116.";"2.1";"7.6";"93.";"2.";"0.00";"0.00";"0.00"
"2018";"10";"11";"4";"1";"6794";"106.";"2.8";"7.6";"94.";"1.";"0.00";"0.00";"0.00"
"2018";"10";"11";"4";"2";"6795";"103.";"2.2";"7.6";"93.";"0.";"0.00";"0.00";"0.00"
"2018";"10";"11";"4";"3";"6796";"103.";"3.0";"7.5";"91.";"0.";"0.00";"0.00";"0.00"
"2018";"10";"11";"4";"4";"6797";"103.";"2.8";"8.1";"90.";"0.";"0.00";"0.00";"0.00"
"2018";"10";"11";"4";"5";"6798";"107.";"3.0";"8.7";"90.";"0.";"0.00";"0.00";"0.00"
"2018";"10";"11";"4";"6";"6799";"108.";"3.3";"9.3";"90.";"0.";"0.00";"0.00";"0.00"
"2018";"10";"11";"4";"7";"6800";"108.";"3.9";"11.2";"87.";"0.";"20.32";"91.30";"11.88"
"2018";"10";"11";"4";"8";"6801";"113.";"4.3";"13.5";"82.";"0.";"144.77";"367.60";"66.72"
"2018";"10";"11";"4";"9";"6802";"121.";"5.1";"16.0";"73.";"0.";"261.20";"513.69";"101.87"
"2018";"10";"11";"4";"10";"6803";"124.";"5.1";"17.7";"65.";"0.";"348.51";"601.60";"120.28"
"2018";"10";"11";"4";"11";"6804";"122.";"5.4";"19.1";"60.";"0.";"399.11";"683.79";"115.21"
"2018";"10";"11";"4";"12";"6805";"125.";"5.3";"20.1";"57.";"0.";"397.04";"670.04";"118.85"
"2018";"10";"11";"4";"13";"6806";"123.";"4.9";"20.6";"56.";"0.";"352.54";"647.23";"107.00"
"2018";"10";"11";"4";"14";"6807";"121.";"4.4";"20.4";"55.";"0.";"271.38";"618.41";"79.57"
"2018";"10";"11";"4";"15";"6808";"117.";"5.1";"19.6";"58.";"0.";"150.50";"471.38";"50.42"
"2018";"10";"11";"4";"16";"6809";"121.";"3.9";"18.3";"62.";"0.";"15.51";"93.03";"6.91"
"2018";"10";"11";"4";"17";"6810";"126.";"3.8";"16.8";"67.";"0.";"0.00";"0.00";"0.00"
"2018";"10";"11";"4";"18";"6811";"135.";"3.7";"15.9";"71.";"1.";"0.00";"0.00";"0.00"
"2018";"10";"11";"4";"19";"6812";"137.";"4.1";"15.1";"72.";"2.";"0.00";"0.00";"0.00"
"2018";"10";"11";"4";"20";"6813";"139.";"4.0";"14.9";"70.";"1.";"0.00";"0.00";"0.00"
"2018";"10";"11";"4";"21";"6814";"134.";"3.8";"14.3";"71.";"4.";"0.00";"0.00";"0.00"
"2018";"10";"11";"4";"22";"6815";"127.";"3.7";"13.7";"73.";"0.";"0.00";"0.00";"0.00"
"2018";"10";"11";"4";"23";"6816";"120.";"3.8";"13.2";"74.";"1.";"0.00";"0.00";"0.00"
"2018";"10";"12";"5";"0";"6817";"123.";"3.7";"12.7";"77.";"1.";"0.00";"0.00";"0.00"
"2018";"10";"12";"5";"1";"6818";"124.";"3.6";"12.3";"79.";"1.";"0.00";"0.00";"0.00"
"2018";"10";"12";"5";"2";"6819";"127.";"3.3";"12.0";"81.";"0.";"0.00";"0.00";"0.00"
"2018";"10";"12";"5";"3";"6820";"123.";"3.8";"11.8";"82.";"1.";"0.00";"0.00";"0.00"
"2018";"10";"12";"5";"4";"6821";"130.";"2.9";"11.3";"84.";"0.";"0.00";"0.00";"0.00"
"2018";"10";"12";"5";"5";"6822";"131.";"3.1";"10.9";"86.";"0.";"0.00";"0.00";"0.00"
"2018";"10";"12";"5";"6";"6823";"133.";"3.3";"10.9";"87.";"0.";"0.00";"0.00";"0.00"
"2018";"10";"12";"5";"7";"6824";"133.";"4.1";"11.9";"84.";"0.";"14.73";"76.78";"8.07"
"2018";"10";"12";"5";"8";"6825";"143.";"4.6";"13.7";"78.";"0.";"142.44";"399.40";"59.99"
"2018";"10";"12";"5";"9";"6826";"153.";"5.3";"15.4";"71.";"7.";"107.29";"69.06";"86.28"
"2018";"10";"12";"5";"10";"6827";"165.";"5.4";"17.1";"65.";"4.";"237.19";"304.23";"123.60"
"2018";"10";"12";"5";"11";"6828";"164.";"6.0";"18.5";"60.";"0.";"388.92";"645.48";"124.82"
"2018";"10";"12";"5";"12";"6829";"172.";"6.5";"18.4";"59.";"0.";"389.75";"646.07";"125.41"
"2018";"10";"12";"5";"13";"6830";"170.";"6.0";"18.3";"60.";"3.";"266.44";"383.54";"123.24"
"2018";"10";"12";"5";"14";"6831";"170.";"5.6";"17.6";"64.";"3.";"225.66";"347.99";"119.79"
"2018";"10";"12";"5";"15";"6832";"177.";"5.2";"16.8";"68.";"0.";"141.62";"420.79";"54.75"
"2018";"10";"12";"5";"16";"6833";"181.";"4.5";"15.9";"74.";"3.";"6.26";"27.90";"3.84"
"2018";"10";"12";"5";"17";"6834";"175.";"3.7";"15.0";"79.";"2.";"0.00";"0.00";"0.00"
"2018";"10";"12";"5";"18";"6835";"172.";"3.4";"14.3";"83.";"8.";"0.00";"0.00";"0.00"
"2018";"10";"12";"5";"19";"6836";"168.";"3.3";"13.9";"86.";"8.";"0.00";"0.00";"0.00"
"2018";"10";"12";"5";"20";"6837";"165.";"3.4";"13.8";"87.";"8.";"0.00";"0.00";"0.00"
"2018";"10";"12";"5";"21";"6838";"165.";"3.2";"13.7";"89.";"8.";"0.00";"0.00";"0.00"
"2018";"10";"12";"5";"22";"6839";"147.";"3.8";"13.6";"89.";"8.";"0.00";"0.00";"0.00"
"2018";"10";"12";"5";"23";"6840";"150.";"3.8";"13.7";"88.";"8.";"0.00";"0.00";"0.00"
"2018";"10";"13";"6";"0";"6841";"152.";"4.1";"14.0";"86.";"8.";"0.00";"0.00";"0.00"
"2018";"10";"13";"6";"1";"6842";"154.";"4.5";"14.4";"83.";"8.";"0.00";"0.00";"0.00"
"2018";"10";"13";"6";"2";"6843";"154.";"4.9";"14.6";"82.";"7.";"0.00";"0.00";"0.00"
"2018";"10";"13";"6";"3";"6844";"161.";"5.4";"15.0";"82.";"8.";"0.00";"0.00";"0.00"
"2018";"10";"13";"6";"4";"6845";"170.";"5.7";"15.1";"81.";"8.";"0.00";"0.00";"0.00"
"2018";"10";"13";"6";"5";"6846";"167.";"5.4";"15.4";"80.";"5.";"0.00";"0.00";"0.00"
"2018";"10";"13";"6";"6";"6847";"170.";"4.8";"15.2";"82.";"6.";"0.00";"0.00";"0.00"
"2018";"10";"13";"6";"7";"6848";"165.";"5.1";"15.1";"82.";"7.";"0.00";"0.00";"0.00"
"2018";"10";"13";"6";"8";"6849";"166.";"4.8";"15.7";"80.";"7.";"53.07";"47.46";"43.55"
"2018";"10";"13";"6";"9";"6850";"173.";"5.6";"16.8";"77.";"8.";"75.92";"0.00";"75.92"
"2018";"10";"13";"6";"10";"6851";"178.";"5.7";"17.4";"75.";"8.";"102.01";"0.00";"102.01"
"2018";"10";"13";"6";"11";"6852";"179.";"5.8";"17.8";"73.";"8.";"116.25";"0.00";"116.25"
"2018";"10";"13";"6";"12";"6853";"179.";"5.9";"18.0";"72.";"8.";"115.84";"0.00";"115.84"
"2018";"10";"13";"6";"13";"6854";"177.";"5.9";"18.3";"71.";"8.";"102.68";"0.00";"102.68"
"2018";"10";"13";"6";"14";"6855";"178.";"5.4";"18.7";"70.";"0.";"248.59";"570.01";"78.56"
"2018";"10";"13";"6";"15";"6856";"174.";"5.7";"18.8";"72.";"8.";"39.18";"0.00";"39.18"
"2018";"10";"13";"6";"16";"6857";"165.";"5.6";"18.5";"73.";"7.";"0.00";"0.00";"0.00"
"2018";"10";"13";"6";"17";"6858";"164.";"5.3";"18.1";"74.";"4.";"0.00";"0.00";"0.00"
"2018";"10";"13";"6";"18";"6859";"161.";"5.1";"17.7";"74.";"1.";"0.00";"0.00";"0.00"
"2018";"10";"13";"6";"19";"6860";"161.";"5.1";"17.2";"73.";"0.";"0.00";"0.00";"0.00"
"2018";"10";"13";"6";"20";"6861";"162.";"5.1";"17.0";"74.";"0.";"0.00";"0.00";"0.00"
"2018";"10";"13";"6";"21";"6862";"160.";"4.7";"16.7";"76.";"0.";"0.00";"0.00";"0.00"
"2018";"10";"13";"6";"22";"6863";"164.";"4.9";"16.6";"75.";"1.";"0.00";"0.00";"0.00"
"2018";"10";"13";"6";"23";"6864";"159.";"4.9";"17.0";"72.";"1.";"0.00";"0.00";"0.00"
"2018";"10";"14";"7";"0";"6865";"159.";"4.8";"17.4";"70.";"3.";"0.00";"0.00";"0.00"
"2018";"10";"14";"7";"1";"6866";"155.";"5.3";"16.7";"70.";"1.";"0.00";"0.00";"0.00"
"2018";"10";"14";"7";"2";"6867";"154.";"5.1";"16.3";"70.";"0.";"0.00";"0.00";"0.00"
"2018";"10";"14";"7";"3";"6868";"152.";"5.2";"15.8";"71.";"0.";"0.00";"0.00";"0.00"
"2018";"10";"14";"7";"4";"6869";"150.";"5.3";"15.2";"72.";"0.";"0.00";"0.00";"0.00"
"2018";"10";"14";"7";"5";"6870";"147.";"5.6";"14.5";"73.";"0.";"0.00";"0.00";"0.00"
"2018";"10";"14";"7";"6";"6871";"145.";"5.2";"14.1";"73.";"0.";"0.00";"0.00";"0.00"
"2018";"10";"14";"7";"7";"6872";"150.";"5.0";"14.4";"71.";"0.";"4.16";"26.82";"2.14"
"2018";"10";"14";"7";"8";"6873";"153.";"5.7";"15.9";"65.";"0.";"132.41";"410.80";"52.39"
"2018";"10";"14";"7";"9";"6874";"159.";"6.3";"17.1";"60.";"0.";"251.32";"568.67";"85.04"
"2018";"10";"14";"7";"10";"6875";"166.";"6.3";"18.2";"57.";"0.";"341.51";"693.32";"90.94"
"2018";"10";"14";"7";"11";"6876";"167.";"6.5";"19.3";"53.";"0.";"379.85";"663.42";"116.39"
"2018";"10";"14";"7";"12";"6877";"166.";"6.7";"20.1";"50.";"0.";"385.41";"710.33";"103.32"
"2018";"10";"14";"7";"13";"6878";"166.";"6.3";"20.0";"48.";"0.";"346.61";"727.39";"83.72"
"2018";"10";"14";"7";"14";"6879";"167.";"5.6";"19.3";"50.";"0.";"258.07";"631.78";"73.34"
"2018";"10";"14";"7";"15";"6880";"166.";"5.5";"18.7";"55.";"0.";"134.21";"446.22";"47.28"
"2018";"10";"14";"7";"16";"6881";"171.";"5.1";"17.2";"61.";"0.";"2.74";"18.79";"1.32"
"2018";"10";"14";"7";"17";"6882";"172.";"5.8";"15.9";"66.";"0.";"0.00";"0.00";"0.00"
"2018";"10";"14";"7";"18";"6883";"165.";"6.0";"15.3";"67.";"0.";"0.00";"0.00";"0.00"
"2018";"10";"14";"7";"19";"6884";"157.";"5.9";"15.3";"67.";"0.";"0.00";"0.00";"0.00"
"2018";"10";"14";"7";"20";"6885";"163.";"5.4";"15.5";"67.";"0.";"0.00";"0.00";"0.00"
"2018";"10";"14";"7";"21";"6886";"167.";"5.4";"16.0";"67.";"0.";"0.00";"0.00";"0.00"
"2018";"10";"14";"7";"22";"6887";"171.";"5.1";"16.0";"69.";"0.";"0.00";"0.00";"0.00"
"2018";"10";"14";"7";"23";"6888";"171.";"4.6";"15.8";"71.";"0.";"0.00";"0.00";"0.00"
"2018";"10";"15";"1";"0";"6889";"165.";"4.3";"15.3";"74.";"3.";"0.00";"0.00";"0.00"
"2018";"10";"15";"1";"1";"6890";"167.";"4.0";"14.8";"76.";"4.";"0.00";"0.00";"0.00"
"2018";"10";"15";"1";"2";"6891";"159.";"4.2";"14.5";"77.";"7.";"0.00";"0.00";"0.00"
"2018";"10";"15";"1";"3";"6892";"160.";"3.8";"14.2";"78.";"8.";"0.00";"0.00";"0.00"
"2018";"10";"15";"1";"4";"6893";"160.";"4.0";"14.0";"77.";"8.";"0.00";"0.00";"0.00"
"2018";"10";"15";"1";"5";"6894";"157.";"4.5";"14.0";"77.";"7.";"0.00";"0.00";"0.00"
"2018";"10";"15";"1";"6";"6895";"162.";"3.9";"13.7";"78.";"6.";"0.00";"0.00";"0.00"
"2018";"10";"15";"1";"7";"6896";"164.";"4.2";"14.1";"76.";"3.";"0.00";"0.00";"0.00"
"2018";"10";"15";"1";"8";"6897";"175.";"4.7";"15.2";"71.";"0.";"124.37";"403.37";"48.12"
"2018";"10";"15";"1";"9";"6898";"173.";"4.9";"16.2";"67.";"0.";"242.69";"563.92";"81.11"
"2018";"10";"15";"1";"10";"6899";"182.";"4.7";"16.6";"66.";"0.";"325.17";"614.37";"106.79"
"2018";"10";"15";"1";"11";"6900";"187.";"4.2";"17.2";"66.";"2.";"335.73";"480.37";"147.84"
"2018";"10";"15";"1";"12";"6901";"182.";"3.8";"17.0";"67.";"1.";"353.73";"575.22";"128.73"
"2018";"10";"15";"1";"13";"6902";"205.";"3.9";"16.6";"68.";"1.";"309.39";"529.90";"121.03"
"2018";"10";"15";"1";"14";"6903";"200.";"3.7";"15.8";"71.";"1.";"228.23";"462.79";"95.63"
"2018";"10";"15";"1";"15";"6904";"197.";"3.1";"14.9";"75.";"0.";"120.58";"365.16";"51.55"
"2018";"10";"15";"1";"16";"6905";"183.";"2.4";"13.7";"81.";"0.";"0.00";"0.00";"0.00"
"2018";"10";"15";"1";"17";"6906";"179.";"2.0";"12.5";"86.";"6.";"0.00";"0.00";"0.00"
"2018";"10";"15";"1";"18";"6907";"196.";"1.2";"11.5";"90.";"5.";"0.00";"0.00";"0.00"
"2018";"10";"15";"1";"19";"6908";"221.";"1.0";"10.9";"93.";"7.";"0.00";"0.00";"0.00"
"2018";"10";"15";"1";"20";"6909";"262.";"1.0";"11.2";"94.";"8.";"0.00";"0.00";"0.00"
"2018";"10";"15";"1";"21";"6910";"246.";"0.4";"11.8";"94.";"8.";"0.00";"0.00";"0.00"
"2018";"10";"15";"1";"22";"6911";"56.";"1.2";"11.9";"93.";"8.";"0.00";"0.00";"0.00"
"2018";"10";"15";"1";"23";"6912";"42.";"0.7";"11.6";"92.";"8.";"0.00";"0.00";"0.00"
"2018";"10";"16";"2";"0";"6913";"324.";"0.8";"11.7";"93.";"8.";"0.00";"0.00";"0.00"
"2018";"10";"16";"2";"1";"6914";"322.";"1.1";"11.8";"92.";"7.";"0.00";"0.00";"0.00"
"2018";"10";"16";"2";"2";"6915";"2.";"2.3";"11.6";"92.";"8.";"0.00";"0.00";"0.00"
"2018";"10";"16";"2";"3";"6916";"23.";"1.5";"11.5";"90.";"8.";"0.00";"0.00";"0.00"
"2018";"10";"16";"2";"4";"6917";"48.";"1.2";"11.1";"90.";"8.";"0.00";"0.00";"0.00"
"2018";"10";"16";"2";"5";"6918";"82.";"0.9";"10.9";"90.";"4.";"0.00";"0.00";"0.00"
"2018";"10";"16";"2";"6";"6919";"104.";"1.0";"11.2";"90.";"7.";"0.00";"0.00";"0.00"
"2018";"10";"16";"2";"7";"6920";"118.";"1.5";"11.5";"92.";"8.";"0.00";"0.00";"0.00"
"2018";"10";"16";"2";"8";"6921";"109.";"1.4";"11.9";"92.";"6.";"57.32";"84.40";"41.85"
"2018";"10";"16";"2";"9";"6922";"112.";"1.1";"12.6";"90.";"8.";"71.55";"0.00";"71.55"
"2018";"10";"16";"2";"10";"6923";"111.";"1.2";"13.7";"86.";"6.";"150.43";"110.37";"111.85"
"2018";"10";"16";"2";"11";"6924";"103.";"0.3";"14.7";"81.";"7.";"139.77";"60.83";"116.34"
"2018";"10";"16";"2";"12";"6925";"242.";"0.5";"15.0";"78.";"7.";"141.11";"63.23";"116.75"
"2018";"10";"16";"2";"13";"6926";"246.";"1.0";"14.8";"80.";"8.";"92.76";"0.00";"92.76"
"2018";"10";"16";"2";"14";"6927";"229.";"1.4";"14.2";"83.";"8.";"66.74";"0.00";"66.74"
"2018";"10";"16";"2";"15";"6928";"198.";"1.6";"13.6";"86.";"8.";"32.34";"0.00";"32.34"
"2018";"10";"16";"2";"16";"6929";"193.";"1.3";"13.3";"88.";"7.";"0.00";"0.00";"0.00"
"2018";"10";"16";"2";"17";"6930";"179.";"1.5";"13.2";"89.";"8.";"0.00";"0.00";"0.00"
"2018";"10";"16";"2";"18";"6931";"218.";"2.3";"13.0";"90.";"8.";"0.00";"0.00";"0.00"
"2018";"10";"16";"2";"19";"6932";"220.";"2.5";"12.8";"91.";"8.";"0.00";"0.00";"0.00"
"2018";"10";"16";"2";"20";"6933";"214.";"2.3";"12.4";"92.";"8.";"0.00";"0.00";"0.00"
"2018";"10";"16";"2";"21";"6934";"208.";"2.3";"12.0";"92.";"7.";"0.00";"0.00";"0.00"
"2018";"10";"16";"2";"22";"6935";"221.";"1.9";"12.3";"93.";"7.";"0.00";"0.00";"0.00"
"2018";"10";"16";"2";"23";"6936";"210.";"1.5";"12.7";"93.";"8.";"0.00";"0.00";"0.00"
"2018";"10";"17";"3";"0";"6937";"202.";"1.6";"12.9";"93.";"8.";"0.00";"0.00";"0.00"
"2018";"10";"17";"3";"1";"6938";"197.";"2.4";"13.0";"93.";"8.";"0.00";"0.00";"0.00"
"2018";"10";"17";"3";"2";"6939";"182.";"3.3";"12.9";"93.";"8.";"0.00";"0.00";"0.00"
"2018";"10";"17";"3";"3";"6940";"170.";"4.0";"13.1";"93.";"8.";"0.00";"0.00";"0.00"
"2018";"10";"17";"3";"4";"6941";"178.";"4.1";"13.5";"92.";"8.";"0.00";"0.00";"0.00"
"2018";"10";"17";"3";"5";"6942";"191.";"3.7";"13.7";"91.";"7.";"0.00";"0.00";"0.00"
"2018";"10";"17";"3";"6";"6943";"185.";"3.5";"13.7";"92.";"7.";"0.00";"0.00";"0.00"
"2018";"10";"17";"3";"7";"6944";"178.";"3.5";"13.6";"93.";"8.";"0.00";"0.00";"0.00"
"2018";"10";"17";"3";"8";"6945";"175.";"3.9";"13.6";"92.";"8.";"27.40";"0.00";"27.40"
"2018";"10";"17";"3";"9";"6946";"173.";"4.1";"14.0";"92.";"8.";"59.88";"0.00";"59.88"
"2018";"10";"17";"3";"10";"6947";"168.";"4.6";"14.7";"90.";"7.";"109.80";"38.28";"96.64"
"2018";"10";"17";"3";"11";"6948";"174.";"4.7";"15.0";"87.";"5.";"187.17";"132.28";"137.00"
"2018";"10";"17";"3";"12";"6949";"175.";"5.0";"15.4";"85.";"6.";"160.27";"94.63";"124.38"
"2018";"10";"17";"3";"13";"6950";"182.";"4.7";"15.9";"83.";"6.";"143.49";"103.49";"107.93"
"2018";"10";"17";"3";"14";"6951";"198.";"4.0";"15.5";"82.";"7.";"83.84";"44.21";"71.68"
"2018";"10";"17";"3";"15";"6952";"195.";"3.6";"14.9";"86.";"8.";"28.44";"0.00";"28.44"
"2018";"10";"17";"3";"16";"6953";"195.";"2.7";"14.2";"89.";"6.";"0.00";"0.00";"0.00"
"2018";"10";"17";"3";"17";"6954";"204.";"2.5";"13.9";"91.";"8.";"0.00";"0.00";"0.00"
"2018";"10";"17";"3";"18";"6955";"206.";"2.1";"13.8";"92.";"8.";"0.00";"0.00";"0.00"
"2018";"10";"17";"3";"19";"6956";"225.";"2.0";"13.6";"93.";"8.";"0.00";"0.00";"0.00"
"2018";"10";"17";"3";"20";"6957";"245.";"1.8";"13.4";"94.";"8.";"0.00";"0.00";"0.00"
"2018";"10";"17";"3";"21";"6958";"286.";"2.2";"13.1";"94.";"8.";"0.00";"0.00";"0.00"
"2018";"10";"17";"3";"22";"6959";"289.";"2.2";"12.8";"93.";"8.";"0.00";"0.00";"0.00"
"2018";"10";"17";"3";"23";"6960";"284.";"2.2";"12.6";"91.";"8.";"0.00";"0.00";"0.00"
"2018";"10";"18";"4";"0";"6961";"286.";"2.4";"12.6";"92.";"8.";"0.00";"0.00";"0.00"
"2018";"10";"18";"4";"1";"6962";"280.";"2.4";"12.6";"92.";"8.";"0.00";"0.00";"0.00"
"2018";"10";"18";"4";"2";"6963";"290.";"3.1";"12.5";"93.";"8.";"0.00";"0.00";"0.00"
"2018";"10";"18";"4";"3";"6964";"292.";"3.6";"12.3";"92.";"7.";"0.00";"0.00";"0.00"
"2018";"10";"18";"4";"4";"6965";"303.";"3.3";"11.3";"90.";"5.";"0.00";"0.00";"0.00"
"2018";"10";"18";"4";"5";"6966";"301.";"2.9";"10.2";"88.";"1.";"0.00";"0.00";"0.00"
"2018";"10";"18";"4";"6";"6967";"305.";"3.3";"9.5";"86.";"0.";"0.00";"0.00";"0.00"
"2018";"10";"18";"4";"7";"6968";"303.";"3.1";"10.0";"84.";"0.";"0.00";"0.00";"0.00"
"2018";"10";"18";"4";"8";"6969";"317.";"3.9";"11.9";"72.";"0.";"116.86";"434.38";"42.18"
"2018";"10";"18";"4";"9";"6970";"318.";"4.5";"12.9";"61.";"0.";"237.32";"623.22";"69.61"
"2018";"10";"18";"4";"10";"6971";"325.";"4.6";"13.5";"57.";"0.";"323.46";"697.74";"87.75"
"2018";"10";"18";"4";"11";"6972";"323.";"4.7";"13.7";"54.";"1.";"335.21";"573.81";"120.96"
"2018";"10";"18";"4";"12";"6973";"317.";"4.4";"14.0";"53.";"0.";"357.12";"620.57";"125.41"
"2018";"10";"18";"4";"13";"6974";"310.";"4.7";"14.2";"52.";"0.";"315.81";"610.30";"109.64"
"2018";"10";"18";"4";"14";"6975";"309.";"4.5";"13.5";"54.";"0.";"235.26";"572.49";"81.21"
"2018";"10";"18";"4";"15";"6976";"310.";"4.3";"12.1";"59.";"1.";"112.09";"363.05";"49.67"
"2018";"10";"18";"4";"16";"6977";"304.";"3.3";"10.8";"67.";"0.";"0.00";"0.00";"0.00"
"2018";"10";"18";"4";"17";"6978";"300.";"2.2";"8.9";"74.";"0.";"0.00";"0.00";"0.00"
"2018";"10";"18";"4";"18";"6979";"303.";"1.6";"7.4";"81.";"1.";"0.00";"0.00";"0.00"
"2018";"10";"18";"4";"19";"6980";"323.";"0.7";"6.5";"85.";"0.";"0.00";"0.00";"0.00"
"2018";"10";"18";"4";"20";"6981";"294.";"0.4";"5.1";"88.";"1.";"0.00";"0.00";"0.00"
"2018";"10";"18";"4";"21";"6982";"129.";"0.7";"4.4";"90.";"1.";"0.00";"0.00";"0.00"
"2018";"10";"18";"4";"22";"6983";"117.";"1.3";"3.9";"91.";"1.";"0.00";"0.00";"0.00"
"2018";"10";"18";"4";"23";"6984";"147.";"0.8";"3.3";"92.";"6.";"0.00";"0.00";"0.00"
"2018";"10";"19";"5";"0";"6985";"146.";"1.1";"3.1";"91.";"4.";"0.00";"0.00";"0.00"
"2018";"10";"19";"5";"1";"6986";"154.";"1.2";"3.0";"92.";"1.";"0.00";"0.00";"0.00"
"2018";"10";"19";"5";"2";"6987";"141.";"1.5";"3.0";"92.";"8.";"0.00";"0.00";"0.00"
"2018";"10";"19";"5";"3";"6988";"153.";"1.7";"3.1";"92.";"8.";"0.00";"0.00";"0.00"
"2018";"10";"19";"5";"4";"6989";"137.";"1.4";"3.1";"93.";"6.";"0.00";"0.00";"0.00"
"2018";"10";"19";"5";"5";"6990";"138.";"1.3";"3.4";"93.";"7.";"0.00";"0.00";"0.00"
"2018";"10";"19";"5";"6";"6991";"135.";"1.6";"3.3";"93.";"4.";"0.00";"0.00";"0.00"
"2018";"10";"19";"5";"7";"6992";"155.";"1.4";"3.8";"92.";"5.";"0.00";"0.00";"0.00"
"2018";"10";"19";"5";"8";"6993";"142.";"2.0";"6.0";"91.";"2.";"99.47";"340.18";"42.90"
"2018";"10";"19";"5";"9";"6994";"147.";"1.9";"9.0";"86.";"4.";"158.94";"324.40";"73.51"
"2018";"10";"19";"5";"10";"6995";"173.";"1.5";"11.1";"79.";"2.";"286.32";"533.23";"109.30"
"2018";"10";"19";"5";"11";"6996";"202.";"1.6";"12.2";"71.";"2.";"307.57";"569.42";"98.30"
"2018";"10";"19";"5";"12";"6997";"224.";"2.4";"12.1";"66.";"2.";"330.96";"565.36";"123.17"
"2018";"10";"19";"5";"13";"6998";"224.";"2.6";"12.1";"65.";"5.";"192.76";"281.19";"99.40"
"2018";"10";"19";"5";"14";"6999";"232.";"2.8";"11.7";"66.";"3.";"180.55";"412.86";"71.82"
"2018";"10";"19";"5";"15";"7000";"228.";"2.3";"11.0";"69.";"2.";"99.00";"358.52";"39.38"
"2018";"10";"19";"5";"16";"7001";"247.";"1.6";"9.3";"75.";"5.";"0.00";"0.00";"0.00"
"2018";"10";"19";"5";"17";"7002";"246.";"1.1";"7.9";"81.";"6.";"0.00";"0.00";"0.00"
"2018";"10";"19";"5";"18";"7003";"266.";"2.1";"8.0";"83.";"8.";"0.00";"0.00";"0.00"
"2018";"10";"19";"5";"19";"7004";"266.";"2.8";"8.5";"83.";"8.";"0.00";"0.00";"0.00"
"2018";"10";"19";"5";"20";"7005";"261.";"4.4";"9.5";"80.";"6.";"0.00";"0.00";"0.00"
"2018";"10";"19";"5";"21";"7006";"261.";"3.7";"10.1";"76.";"1.";"0.00";"0.00";"0.00"
"2018";"10";"19";"5";"22";"7007";"256.";"3.6";"9.8";"78.";"7.";"0.00";"0.00";"0.00"
"2018";"10";"19";"5";"23";"7008";"259.";"4.1";"9.7";"79.";"2.";"0.00";"0.00";"0.00"
"2018";"10";"20";"6";"0";"7009";"249.";"3.9";"9.8";"78.";"8.";"0.00";"0.00";"0.00"
"2018";"10";"20";"6";"1";"7010";"244.";"3.1";"9.3";"82.";"7.";"0.00";"0.00";"0.00"
"2018";"10";"20";"6";"2";"7011";"253.";"3.6";"9.7";"81.";"7.";"0.00";"0.00";"0.00"
"2018";"10";"20";"6";"3";"7012";"251.";"4.3";"9.8";"84.";"8.";"0.00";"0.00";"0.00"
"2018";"10";"20";"6";"4";"7013";"237.";"3.7";"9.7";"87.";"8.";"0.00";"0.00";"0.00"
"2018";"10";"20";"6";"5";"7014";"243.";"2.9";"9.7";"90.";"8.";"0.00";"0.00";"0.00"
"2018";"10";"20";"6";"6";"7015";"264.";"2.5";"9.9";"91.";"7.";"0.00";"0.00";"0.00"
"2018";"10";"20";"6";"7";"7016";"285.";"2.9";"10.2";"88.";"8.";"0.00";"0.00";"0.00"
"2018";"10";"20";"6";"8";"7017";"293.";"2.9";"11.0";"84.";"7.";"41.27";"49.73";"33.28"
"2018";"10";"20";"6";"9";"7018";"306.";"3.1";"11.8";"79.";"7.";"90.38";"79.13";"69.99"
"2018";"10";"20";"6";"10";"7019";"308.";"2.7";"12.4";"73.";"2.";"259.89";"517.72";"91.00"
"2018";"10";"20";"6";"11";"7020";"306.";"3.0";"13.3";"68.";"4.";"245.06";"392.00";"103.27"
"2018";"10";"20";"6";"12";"7021";"306.";"2.5";"13.0";"67.";"3.";"273.39";"470.96";"103.04"
"2018";"10";"20";"6";"13";"7022";"291.";"2.9";"13.0";"67.";"7.";"208.74";"92.61";"178.53"
"2018";"10";"20";"6";"14";"7023";"292.";"3.2";"12.6";"68.";"3.";"194.94";"413.72";"88.34"
"2018";"10";"20";"6";"15";"7024";"289.";"3.3";"11.3";"75.";"4.";"89.34";"233.52";"51.81"
"2018";"10";"20";"6";"16";"7025";"283.";"2.6";"10.0";"81.";"2.";"0.00";"0.00";"0.00"
"2018";"10";"20";"6";"17";"7026";"273.";"2.6";"8.8";"86.";"3.";"0.00";"0.00";"0.00"
"2018";"10";"20";"6";"18";"7027";"267.";"1.9";"7.6";"88.";"4.";"0.00";"0.00";"0.00"
"2018";"10";"20";"6";"19";"7028";"260.";"1.7";"7.1";"88.";"2.";"0.00";"0.00";"0.00"
"2018";"10";"20";"6";"20";"7029";"251.";"1.5";"7.4";"89.";"3.";"0.00";"0.00";"0.00"
"2018";"10";"20";"6";"21";"7030";"230.";"1.4";"8.1";"90.";"6.";"0.00";"0.00";"0.00"
"2018";"10";"20";"6";"22";"7031";"230.";"1.7";"7.7";"91.";"3.";"0.00";"0.00";"0.00"
"2018";"10";"20";"6";"23";"7032";"246.";"1.7";"8.5";"89.";"3.";"0.00";"0.00";"0.00"
"2018";"10";"21";"7";"0";"7033";"256.";"2.0";"8.4";"89.";"1.";"0.00";"0.00";"0.00"
"2018";"10";"21";"7";"1";"7034";"247.";"2.7";"8.6";"91.";"5.";"0.00";"0.00";"0.00"
"2018";"10";"21";"7";"2";"7035";"238.";"2.8";"8.4";"91.";"4.";"0.00";"0.00";"0.00"
"2018";"10";"21";"7";"3";"7036";"220.";"3.0";"9.6";"90.";"6.";"0.00";"0.00";"0.00"
"2018";"10";"21";"7";"4";"7037";"221.";"3.6";"10.4";"90.";"6.";"0.00";"0.00";"0.00"
"2018";"10";"21";"7";"5";"7038";"218.";"4.3";"10.8";"91.";"6.";"0.00";"0.00";"0.00"
"2018";"10";"21";"7";"6";"7039";"221.";"4.8";"11.3";"91.";"6.";"0.00";"0.00";"0.00"
"2018";"10";"21";"7";"7";"7040";"222.";"5.1";"11.6";"91.";"8.";"0.00";"0.00";"0.00"
"2018";"10";"21";"7";"8";"7041";"223.";"5.0";"11.8";"92.";"8.";"23.74";"0.00";"23.74"
"2018";"10";"21";"7";"9";"7042";"220.";"5.3";"12.0";"92.";"8.";"58.78";"0.00";"58.78"
"2018";"10";"21";"7";"10";"7043";"213.";"5.3";"12.2";"92.";"8.";"83.97";"0.00";"83.97"
"2018";"10";"21";"7";"11";"7044";"209.";"5.3";"12.3";"92.";"8.";"96.50";"0.00";"96.50"
"2018";"10";"21";"7";"12";"7045";"210.";"5.6";"12.4";"92.";"8.";"96.94";"0.00";"96.94"
"2018";"10";"21";"7";"13";"7046";"207.";"5.3";"12.6";"91.";"8.";"84.02";"0.00";"84.02"
"2018";"10";"21";"7";"14";"7047";"213.";"5.6";"12.8";"91.";"8.";"55.97";"0.00";"55.97"
"2018";"10";"21";"7";"15";"7048";"213.";"5.9";"13.1";"91.";"7.";"32.84";"34.13";"27.55"
"2018";"10";"21";"7";"16";"7049";"214.";"5.9";"13.2";"91.";"7.";"0.00";"0.00";"0.00"
"2018";"10";"21";"7";"17";"7050";"214.";"6.4";"13.5";"90.";"8.";"0.00";"0.00";"0.00"
"2018";"10";"21";"7";"18";"7051";"223.";"6.6";"13.5";"88.";"8.";"0.00";"0.00";"0.00"
"2018";"10";"21";"7";"19";"7052";"226.";"6.7";"13.6";"89.";"8.";"0.00";"0.00";"0.00"
"2018";"10";"21";"7";"20";"7053";"233.";"7.6";"13.2";"92.";"8.";"0.00";"0.00";"0.00"
"2018";"10";"21";"7";"21";"7054";"244.";"7.6";"12.8";"92.";"8.";"0.00";"0.00";"0.00"
"2018";"10";"21";"7";"22";"7055";"261.";"7.5";"12.4";"88.";"8.";"0.00";"0.00";"0.00"
"2018";"10";"21";"7";"23";"7056";"270.";"7.9";"11.8";"84.";"8.";"0.00";"0.00";"0.00"
"2018";"10";"22";"1";"0";"7057";"280.";"7.8";"11.3";"80.";"6.";"0.00";"0.00";"0.00"
"2018";"10";"22";"1";"1";"7058";"280.";"7.9";"11.0";"77.";"1.";"0.00";"0.00";"0.00"
"2018";"10";"22";"1";"2";"7059";"284.";"8.3";"10.9";"72.";"0.";"0.00";"0.00";"0.00"
"2018";"10";"22";"1";"3";"7060";"283.";"8.0";"10.5";"67.";"1.";"0.00";"0.00";"0.00"
"2018";"10";"22";"1";"4";"7061";"282.";"8.3";"10.5";"64.";"0.";"0.00";"0.00";"0.00"
"2018";"10";"22";"1";"5";"7062";"278.";"8.9";"10.3";"65.";"2.";"0.00";"0.00";"0.00"
"2018";"10";"22";"1";"6";"7063";"284.";"8.3";"9.7";"63.";"1.";"0.00";"0.00";"0.00"
"2018";"10";"22";"1";"7";"7064";"288.";"7.7";"9.9";"60.";"1.";"0.00";"0.00";"0.00"
"2018";"10";"22";"1";"8";"7065";"290.";"7.9";"10.2";"58.";"1.";"92.76";"334.89";"42.64"
"2018";"10";"22";"1";"9";"7066";"289.";"9.6";"10.5";"58.";"0.";"207.53";"502.86";"83.64"
"2018";"10";"22";"1";"10";"7067";"286.";"8.8";"10.9";"57.";"2.";"246.41";"429.37";"111.26"
"2018";"10";"22";"1";"11";"7068";"288.";"8.8";"10.9";"59.";"4.";"228.18";"299.24";"123.40"
"2018";"10";"22";"1";"12";"7069";"287.";"7.9";"10.9";"59.";"3.";"256.69";"380.46";"123.47"
"2018";"10";"22";"1";"13";"7070";"283.";"8.6";"11.2";"59.";"1.";"268.68";"514.33";"106.78"
"2018";"10";"22";"1";"14";"7071";"283.";"8.2";"11.0";"59.";"6.";"106.21";"132.19";"73.64"
"2018";"10";"22";"1";"15";"7072";"282.";"8.1";"10.5";"62.";"4.";"66.80";"180.85";"39.73"
"2018";"10";"22";"1";"16";"7073";"280.";"7.3";"10.2";"64.";"4.";"0.00";"0.00";"0.00"
"2018";"10";"22";"1";"17";"7074";"276.";"7.2";"10.3";"65.";"7.";"0.00";"0.00";"0.00"
"2018";"10";"22";"1";"18";"7075";"274.";"8.4";"10.2";"65.";"7.";"0.00";"0.00";"0.00"
"2018";"10";"22";"1";"19";"7076";"268.";"8.4";"10.1";"71.";"7.";"0.00";"0.00";"0.00"
"2018";"10";"22";"1";"20";"7077";"251.";"8.2";"10.0";"71.";"8.";"0.00";"0.00";"0.00"
"2018";"10";"22";"1";"21";"7078";"247.";"8.9";"9.3";"82.";"8.";"0.00";"0.00";"0.00"
"2018";"10";"22";"1";"22";"7079";"237.";"9.5";"8.6";"87.";"8.";"0.00";"0.00";"0.00"
"2018";"10";"22";"1";"23";"7080";"235.";"10.0";"9.0";"87.";"8.";"0.00";"0.00";"0.00"
"2018";"10";"23";"2";"0";"7081";"241.";"10.0";"9.5";"89.";"8.";"0.00";"0.00";"0.00"
"2018";"10";"23";"2";"1";"7082";"254.";"10.8";"10.3";"88.";"8.";"0.00";"0.00";"0.00"
"2018";"10";"23";"2";"2";"7083";"264.";"11.0";"11.1";"84.";"8.";"0.00";"0.00";"0.00"
"2018";"10";"23";"2";"3";"7084";"269.";"12.1";"11.5";"83.";"8.";"0.00";"0.00";"0.00"
"2018";"10";"23";"2";"4";"7085";"275.";"11.6";"11.7";"82.";"8.";"0.00";"0.00";"0.00"
"2018";"10";"23";"2";"5";"7086";"280.";"10.6";"11.7";"80.";"8.";"0.00";"0.00";"0.00"
"2018";"10";"23";"2";"6";"7087";"283.";"9.8";"11.1";"84.";"8.";"0.00";"0.00";"0.00"
"2018";"10";"23";"2";"7";"7088";"290.";"9.4";"10.9";"82.";"8.";"0.00";"0.00";"0.00"
"2018";"10";"23";"2";"8";"7089";"293.";"9.8";"11.4";"75.";"7.";"22.21";"27.00";"18.32"
"2018";"10";"23";"2";"9";"7090";"298.";"10.3";"12.1";"67.";"4.";"137.45";"274.58";"71.33"
"2018";"10";"23";"2";"10";"7091";"303.";"10.0";"12.6";"67.";"0.";"278.67";"593.68";"95.16"
"2018";"10";"23";"2";"11";"7092";"305.";"10.2";"12.9";"63.";"5.";"195.53";"241.26";"112.42"
"2018";"10";"23";"2";"12";"7093";"306.";"9.2";"13.0";"59.";"4.";"229.05";"350.75";"108.23"
"2018";"10";"23";"2";"13";"7094";"307.";"8.8";"13.0";"57.";"3.";"215.61";"351.65";"106.92"
"2018";"10";"23";"2";"14";"7095";"312.";"8.0";"12.7";"53.";"1.";"198.13";"515.74";"73.93"
"2018";"10";"23";"2";"15";"7096";"313.";"7.4";"11.7";"58.";"0.";"94.53";"432.53";"32.15"
"2018";"10";"23";"2";"16";"7097";"315.";"8.3";"11.4";"56.";"4.";"0.00";"0.00";"0.00"
"2018";"10";"23";"2";"17";"7098";"321.";"9.7";"11.4";"48.";"2.";"0.00";"0.00";"0.00"
"2018";"10";"23";"2";"18";"7099";"329.";"8.4";"11.0";"46.";"3.";"0.00";"0.00";"0.00"
"2018";"10";"23";"2";"19";"7100";"7.";"5.9";"8.3";"58.";"8.";"0.00";"0.00";"0.00"
"2018";"10";"23";"2";"20";"7101";"5.";"2.6";"7.3";"61.";"4.";"0.00";"0.00";"0.00"
"2018";"10";"23";"2";"21";"7102";"341.";"2.8";"6.4";"64.";"1.";"0.00";"0.00";"0.00"
"2018";"10";"23";"2";"22";"7103";"332.";"2.4";"5.4";"64.";"5.";"0.00";"0.00";"0.00"
"2018";"10";"23";"2";"23";"7104";"338.";"3.2";"4.5";"67.";"6.";"0.00";"0.00";"0.00"
"2018";"10";"24";"3";"0";"7105";"338.";"3.7";"4.2";"70.";"0.";"0.00";"0.00";"0.00"
"2018";"10";"24";"3";"1";"7106";"356.";"3.3";"3.2";"73.";"1.";"0.00";"0.00";"0.00"
"2018";"10";"24";"3";"2";"7107";"350.";"3.1";"2.6";"73.";"1.";"0.00";"0.00";"0.00"
"2018";"10";"24";"3";"3";"7108";"1.";"3.0";"3.8";"71.";"1.";"0.00";"0.00";"0.00"
"2018";"10";"24";"3";"4";"7109";"347.";"2.9";"3.4";"69.";"3.";"0.00";"0.00";"0.00"
"2018";"10";"24";"3";"5";"7110";"355.";"2.8";"3.1";"65.";"2.";"0.00";"0.00";"0.00"
"2018";"10";"24";"3";"6";"7111";"350.";"2.7";"2.8";"64.";"0.";"0.00";"0.00";"0.00"
"2018";"10";"24";"3";"7";"7112";"349.";"2.4";"3.6";"65.";"0.";"0.00";"0.00";"0.00"
"2018";"10";"24";"3";"8";"7113";"357.";"2.6";"5.9";"55.";"0.";"100.17";"479.87";"33.56"
"2018";"10";"24";"3";"9";"7114";"331.";"3.1";"8.2";"48.";"0.";"212.54";"652.45";"59.03"
"2018";"10";"24";"3";"10";"7115";"322.";"4.2";"9.6";"46.";"0.";"293.99";"704.31";"80.23"
"2018";"10";"24";"3";"11";"7116";"318.";"4.5";"10.1";"44.";"0.";"338.96";"745.09";"86.52"
"2018";"10";"24";"3";"12";"7117";"315.";"4.1";"10.5";"41.";"2.";"305.61";"519.50";"129.60"
"2018";"10";"24";"3";"13";"7118";"302.";"4.3";"10.3";"42.";"5.";"224.85";"247.60";"149.71"
"2018";"10";"24";"3";"14";"7119";"291.";"5.0";"9.5";"47.";"7.";"140.49";"76.69";"122.45"
"2018";"10";"24";"3";"15";"7120";"280.";"4.2";"8.9";"51.";"6.";"70.64";"118.44";"54.20"
"2018";"10";"24";"3";"16";"7121";"276.";"3.5";"8.4";"56.";"8.";"0.00";"0.00";"0.00"
"2018";"10";"24";"3";"17";"7122";"274.";"3.3";"8.4";"58.";"7.";"0.00";"0.00";"0.00"
"2018";"10";"24";"3";"18";"7123";"269.";"3.2";"8.2";"60.";"7.";"0.00";"0.00";"0.00"
"2018";"10";"24";"3";"19";"7124";"266.";"4.2";"8.6";"60.";"8.";"0.00";"0.00";"0.00"
"2018";"10";"24";"3";"20";"7125";"276.";"5.6";"9.4";"59.";"8.";"0.00";"0.00";"0.00"
"2018";"10";"24";"3";"21";"7126";"281.";"6.3";"9.7";"73.";"8.";"0.00";"0.00";"0.00"
"2018";"10";"24";"3";"22";"7127";"276.";"6.1";"9.5";"84.";"8.";"0.00";"0.00";"0.00"
"2018";"10";"24";"3";"23";"7128";"279.";"5.9";"10.0";"91.";"8.";"0.00";"0.00";"0.00"
"2018";"10";"25";"4";"0";"7129";"292.";"7.1";"10.7";"88.";"5.";"0.00";"0.00";"0.00"
"2018";"10";"25";"4";"1";"7130";"290.";"7.5";"11.0";"87.";"3.";"0.00";"0.00";"0.00"
"2018";"10";"25";"4";"2";"7131";"291.";"8.2";"11.1";"86.";"4.";"0.00";"0.00";"0.00"
"2018";"10";"25";"4";"3";"7132";"294.";"7.5";"11.0";"84.";"4.";"0.00";"0.00";"0.00"
"2018";"10";"25";"4";"4";"7133";"297.";"8.5";"10.8";"80.";"4.";"0.00";"0.00";"0.00"
"2018";"10";"25";"4";"5";"7134";"297.";"8.5";"10.7";"75.";"1.";"0.00";"0.00";"0.00"
"2018";"10";"25";"4";"6";"7135";"299.";"8.4";"10.5";"70.";"0.";"0.00";"0.00";"0.00"
"2018";"10";"25";"4";"7";"7136";"296.";"8.5";"10.6";"69.";"0.";"0.00";"0.00";"0.00"
"2018";"10";"25";"4";"8";"7137";"294.";"8.8";"11.1";"67.";"0.";"77.64";"353.72";"30.43"
"2018";"10";"25";"4";"9";"7138";"297.";"9.3";"11.7";"65.";"0.";"189.75";"564.01";"60.14"
"2018";"10";"25";"4";"10";"7139";"297.";"8.7";"12.1";"64.";"0.";"269.87";"611.18";"87.79"
"2018";"10";"25";"4";"11";"7140";"296.";"8.3";"12.4";"63.";"1.";"291.61";"573.56";"100.51"
"2018";"10";"25";"4";"12";"7141";"301.";"8.4";"12.2";"62.";"2.";"266.63";"475.30";"108.27"
"2018";"10";"25";"4";"13";"7142";"305.";"8.4";"12.4";"62.";"1.";"248.16";"508.70";"96.60"
"2018";"10";"25";"4";"14";"7143";"311.";"7.2";"12.1";"61.";"0.";"191.27";"572.63";"59.68"
"2018";"10";"25";"4";"15";"7144";"320.";"5.1";"11.4";"61.";"0.";"81.37";"395.31";"28.61"
"2018";"10";"25";"4";"16";"7145";"315.";"3.4";"10.1";"64.";"0.";"0.00";"0.00";"0.00"
"2018";"10";"25";"4";"17";"7146";"337.";"1.9";"7.9";"69.";"0.";"0.00";"0.00";"0.00"
"2018";"10";"25";"4";"18";"7147";"18.";"1.0";"5.7";"76.";"4.";"0.00";"0.00";"0.00"
"2018";"10";"25";"4";"19";"7148";"67.";"1.4";"5.0";"80.";"5.";"0.00";"0.00";"0.00"
"2018";"10";"25";"4";"20";"7149";"76.";"1.1";"3.8";"84.";"3.";"0.00";"0.00";"0.00"
"2018";"10";"25";"4";"21";"7150";"87.";"1.4";"2.7";"85.";"1.";"0.00";"0.00";"0.00"
"2018";"10";"25";"4";"22";"7151";"97.";"1.7";"2.8";"88.";"7.";"0.00";"0.00";"0.00"
"2018";"10";"25";"4";"23";"7152";"106.";"1.2";"3.5";"87.";"8.";"0.00";"0.00";"0.00"
"2018";"10";"26";"5";"0";"7153";"115.";"1.4";"3.6";"87.";"8.";"0.00";"0.00";"0.00"
"2018";"10";"26";"5";"1";"7154";"114.";"1.9";"3.8";"86.";"8.";"0.00";"0.00";"0.00"
"2018";"10";"26";"5";"2";"7155";"117.";"2.8";"3.7";"86.";"8.";"0.00";"0.00";"0.00"
"2018";"10";"26";"5";"3";"7156";"119.";"2.9";"3.7";"89.";"7.";"0.00";"0.00";"0.00"
"2018";"10";"26";"5";"4";"7157";"119.";"3.5";"3.4";"92.";"8.";"0.00";"0.00";"0.00"
"2018";"10";"26";"5";"5";"7158";"116.";"3.4";"3.8";"90.";"8.";"0.00";"0.00";"0.00"
"2018";"10";"26";"5";"6";"7159";"129.";"2.6";"4.5";"88.";"8.";"0.00";"0.00";"0.00"
"2018";"10";"26";"5";"7";"7160";"145.";"1.6";"4.4";"89.";"8.";"0.00";"0.00";"0.00"
"2018";"10";"26";"5";"8";"7161";"119.";"2.5";"4.4";"92.";"8.";"12.72";"0.00";"12.72"
"2018";"10";"26";"5";"9";"7162";"97.";"3.9";"4.5";"92.";"8.";"32.78";"0.00";"32.78"
"2018";"10";"26";"5";"10";"7163";"99.";"3.6";"4.6";"92.";"7.";"68.63";"41.29";"56.56"
"2018";"10";"26";"5";"11";"7164";"95.";"4.7";"4.2";"92.";"8.";"52.54";"0.00";"52.54"
"2018";"10";"26";"5";"12";"7165";"94.";"4.9";"3.5";"92.";"8.";"53.64";"0.00";"53.64"
"2018";"10";"26";"5";"13";"7166";"93.";"5.4";"3.4";"92.";"8.";"47.06";"0.00";"47.06"
"2018";"10";"26";"5";"14";"7167";"87.";"5.7";"3.3";"91.";"8.";"31.26";"0.00";"31.26"
"2018";"10";"26";"5";"15";"7168";"79.";"6.2";"3.1";"91.";"8.";"13.48";"0.00";"13.48"
"2018";"10";"26";"5";"16";"7169";"77.";"6.5";"2.8";"92.";"8.";"0.00";"0.00";"0.00"
"2018";"10";"26";"5";"17";"7170";"74.";"6.9";"2.8";"93.";"7.";"0.00";"0.00";"0.00"
"2018";"10";"26";"5";"18";"7171";"72.";"7.0";"2.7";"93.";"8.";"0.00";"0.00";"0.00"
"2018";"10";"26";"5";"19";"7172";"68.";"7.3";"2.7";"91.";"8.";"0.00";"0.00";"0.00"
"2018";"10";"26";"5";"20";"7173";"64.";"7.6";"2.6";"91.";"8.";"0.00";"0.00";"0.00"
"2018";"10";"26";"5";"21";"7174";"66.";"8.1";"2.8";"89.";"8.";"0.00";"0.00";"0.00"
"2018";"10";"26";"5";"22";"7175";"60.";"8.2";"2.8";"90.";"8.";"0.00";"0.00";"0.00"
"2018";"10";"26";"5";"23";"7176";"57.";"7.9";"2.6";"90.";"8.";"0.00";"0.00";"0.00"
"2018";"10";"27";"6";"0";"7177";"52.";"7.6";"2.5";"90.";"8.";"0.00";"0.00";"0.00"
"2018";"10";"27";"6";"1";"7178";"49.";"8.2";"2.1";"91.";"8.";"0.00";"0.00";"0.00"
"2018";"10";"27";"6";"2";"7179";"45.";"7.9";"1.8";"91.";"8.";"0.00";"0.00";"0.00"
"2018";"10";"27";"6";"3";"7180";"41.";"8.3";"1.8";"89.";"8.";"0.00";"0.00";"0.00"
"2018";"10";"27";"6";"4";"7181";"35.";"8.0";"1.8";"88.";"8.";"0.00";"0.00";"0.00"
"2018";"10";"27";"6";"5";"7182";"33.";"7.5";"1.8";"86.";"8.";"0.00";"0.00";"0.00"
"2018";"10";"27";"6";"6";"7183";"30.";"6.9";"1.9";"84.";"8.";"0.00";"0.00";"0.00"
"2018";"10";"27";"6";"7";"7184";"28.";"6.4";"2.2";"82.";"7.";"0.00";"0.00";"0.00"
"2018";"10";"27";"6";"8";"7185";"30.";"6.0";"2.5";"80.";"8.";"25.11";"0.00";"25.11"
"2018";"10";"27";"6";"9";"7186";"27.";"6.1";"2.6";"79.";"6.";"97.89";"162.33";"62.33"
"2018";"10";"27";"6";"10";"7187";"30.";"5.9";"2.5";"77.";"3.";"215.62";"476.20";"78.98"
"2018";"10";"27";"6";"11";"7188";"25.";"5.4";"2.4";"80.";"7.";"123.20";"68.72";"101.06"
"2018";"10";"27";"6";"12";"7189";"25.";"5.2";"2.6";"81.";"8.";"91.31";"0.00";"91.31"
"2018";"10";"27";"6";"13";"7190";"14.";"4.9";"2.9";"82.";"8.";"84.39";"0.00";"84.39"
"2018";"10";"27";"6";"14";"7191";"13.";"5.0";"2.8";"80.";"5.";"118.06";"246.65";"64.04"
"2018";"10";"27";"6";"15";"7192";"5.";"4.3";"2.8";"77.";"1.";"74.32";"371.29";"28.67"
"2018";"10";"27";"6";"16";"7193";"7.";"3.9";"2.0";"81.";"6.";"0.00";"0.00";"0.00"
"2018";"10";"27";"6";"17";"7194";"20.";"3.2";"1.6";"83.";"4.";"0.00";"0.00";"0.00"
"2018";"10";"27";"6";"18";"7195";"11.";"3.0";"0.9";"84.";"2.";"0.00";"0.00";"0.00"
"2018";"10";"27";"6";"19";"7196";"21.";"3.1";"1.0";"86.";"8.";"0.00";"0.00";"0.00"
"2018";"10";"27";"6";"20";"7197";"11.";"3.0";"0.5";"88.";"5.";"0.00";"0.00";"0.00"
"2018";"10";"27";"6";"21";"7198";"12.";"2.6";"0.3";"90.";"8.";"0.00";"0.00";"0.00"
"2018";"10";"27";"6";"22";"7199";"11.";"2.5";"0.5";"92.";"7.";"0.00";"0.00";"0.00"
"2018";"10";"27";"6";"23";"7200";"22.";"2.4";"0.3";"94.";"8.";"0.00";"0.00";"0.00"
"2018";"10";"28";"7";"0";"7201";"16.";"2.5";"0.1";"94.";"5.";"0.00";"0.00";"0.00"
"2018";"10";"28";"7";"1";"7202";"21.";"2.8";"0.1";"95.";"6.";"0.00";"0.00";"0.00"
"2018";"10";"28";"7";"2";"7203";"42.";"3.3";"0.2";"95.";"8.";"0.00";"0.00";"0.00"
"2018";"10";"28";"7";"3";"7204";"33.";"3.2";"-0.2";"94.";"6.";"0.00";"0.00";"0.00"
"2018";"10";"28";"7";"4";"7205";"39.";"3.2";"-0";"94.";"4.";"0.00";"0.00";"0.00"
"2018";"10";"28";"7";"5";"7206";"43.";"3.2";"-0.2";"94.";"6.";"0.00";"0.00";"0.00"
"2018";"10";"28";"7";"6";"7207";"45.";"3.6";"-0.7";"92.";"3.";"0.00";"0.00";"0.00"
"2018";"10";"28";"7";"7";"7208";"44.";"3.3";"-0.7";"90.";"4.";"0.00";"0.00";"0.00"
"2018";"10";"28";"7";"8";"7209";"50.";"3.8";"0.3";"85.";"5.";"46.97";"159.45";"28.19"
"2018";"10";"28";"7";"9";"7210";"50.";"4.4";"1.2";"82.";"5.";"115.24";"245.61";"62.75"
"2018";"10";"28";"7";"10";"7211";"49.";"4.2";"2.0";"76.";"7.";"114.65";"94.96";"87.91"
"2018";"10";"28";"7";"11";"7212";"47.";"4.5";"2.9";"72.";"0.";"317.03";"790.55";"66.69"
"2018";"10";"28";"7";"12";"7213";"48.";"4.2";"3.0";"70.";"7.";"130.62";"99.32";"99.17"
"2018";"10";"28";"7";"13";"7214";"48.";"4.5";"3.2";"68.";"5.";"168.08";"285.39";"87.73"
"2018";"10";"28";"7";"14";"7215";"46.";"4.3";"3.1";"68.";"4.";"132.79";"329.27";"62.42"
"2018";"10";"28";"7";"15";"7216";"46.";"3.8";"2.6";"70.";"2.";"65.69";"320.63";"27.94"
"2018";"10";"28";"7";"16";"7217";"46.";"3.3";"1.6";"74.";"1.";"0.00";"0.00";"0.00"
"2018";"10";"28";"7";"17";"7218";"45.";"3.3";"0.8";"79.";"0.";"0.00";"0.00";"0.00"
"2018";"10";"28";"7";"18";"7219";"53.";"3.0";"0.4";"80.";"1.";"0.00";"0.00";"0.00"
"2018";"10";"28";"7";"19";"7220";"61.";"3.5";"0.4";"79.";"1.";"0.00";"0.00";"0.00"
"2018";"10";"28";"7";"20";"7221";"61.";"3.7";"0.0";"81.";"2.";"0.00";"0.00";"0.00"
"2018";"10";"28";"7";"21";"7222";"55.";"3.5";"-0.2";"82.";"1.";"0.00";"0.00";"0.00"
"2018";"10";"28";"7";"22";"7223";"61.";"3.8";"-0.4";"83.";"2.";"0.00";"0.00";"0.00"
"2018";"10";"28";"7";"23";"7224";"59.";"3.8";"-0.5";"84.";"0.";"0.00";"0.00";"0.00"
"2018";"10";"29";"1";"0";"7225";"58.";"4.0";"-0.4";"84.";"0.";"0.00";"0.00";"0.00"
"2018";"10";"29";"1";"1";"7226";"57.";"4.2";"-0.4";"84.";"2.";"0.00";"0.00";"0.00"
"2018";"10";"29";"1";"2";"7227";"57.";"4.5";"-0.5";"84.";"3.";"0.00";"0.00";"0.00"
"2018";"10";"29";"1";"3";"7228";"61.";"5.0";"-0.5";"84.";"5.";"0.00";"0.00";"0.00"
"2018";"10";"29";"1";"4";"7229";"68.";"5.3";"-0";"82.";"5.";"0.00";"0.00";"0.00"
"2018";"10";"29";"1";"5";"7230";"67.";"5.0";"-0.2";"83.";"8.";"0.00";"0.00";"0.00"
"2018";"10";"29";"1";"6";"7231";"66.";"5.3";"-0.1";"84.";"6.";"0.00";"0.00";"0.00"
"2018";"10";"29";"1";"7";"7232";"68.";"5.2";"0.3";"84.";"7.";"0.00";"0.00";"0.00"
"2018";"10";"29";"1";"8";"7233";"71.";"5.5";"0.9";"83.";"6.";"35.82";"100.26";"24.52"
"2018";"10";"29";"1";"9";"7234";"75.";"5.1";"1.8";"79.";"7.";"76.00";"80.62";"59.19"
"2018";"10";"29";"1";"10";"7235";"75.";"5.7";"2.9";"78.";"6.";"133.59";"178.44";"84.31"
"2018";"10";"29";"1";"11";"7236";"75.";"6.0";"3.6";"75.";"7.";"126.40";"95.75";"96.60"
"2018";"10";"29";"1";"12";"7237";"77.";"6.1";"3.9";"74.";"7.";"125.79";"93.57";"96.67"
"2018";"10";"29";"1";"13";"7238";"75.";"6.4";"3.9";"73.";"7.";"111.05";"93.47";"85.24"
"2018";"10";"29";"1";"14";"7239";"76.";"6.0";"3.9";"73.";"7.";"73.74";"79.28";"57.21"
"2018";"10";"29";"1";"15";"7240";"76.";"6.4";"3.8";"73.";"8.";"21.07";"0.00";"21.07"
"2018";"10";"29";"1";"16";"7241";"75.";"6.4";"3.7";"71.";"8.";"0.00";"0.00";"0.00"
"2018";"10";"29";"1";"17";"7242";"71.";"6.1";"3.7";"70.";"8.";"0.00";"0.00";"0.00"
"2018";"10";"29";"1";"18";"7243";"71.";"6.2";"3.6";"71.";"7.";"0.00";"0.00";"0.00"
"2018";"10";"29";"1";"19";"7244";"71.";"6.5";"2.6";"80.";"8.";"0.00";"0.00";"0.00"
"2018";"10";"29";"1";"20";"7245";"68.";"5.8";"1.9";"87.";"8.";"0.00";"0.00";"0.00"
"2018";"10";"29";"1";"21";"7246";"65.";"6.2";"1.7";"89.";"8.";"0.00";"0.00";"0.00"
"2018";"10";"29";"1";"22";"7247";"69.";"5.6";"2.2";"89.";"8.";"0.00";"0.00";"0.00"
"2018";"10";"29";"1";"23";"7248";"65.";"4.4";"2.3";"89.";"8.";"0.00";"0.00";"0.00"
"2018";"10";"30";"2";"0";"7249";"66.";"4.4";"2.4";"91.";"8.";"0.00";"0.00";"0.00"
"2018";"10";"30";"2";"1";"7250";"61.";"4.7";"2.4";"93.";"8.";"0.00";"0.00";"0.00"
"2018";"10";"30";"2";"2";"7251";"63.";"4.8";"2.5";"92.";"8.";"0.00";"0.00";"0.00"
"2018";"10";"30";"2";"3";"7252";"62.";"5.5";"2.7";"91.";"8.";"0.00";"0.00";"0.00"
"2018";"10";"30";"2";"4";"7253";"59.";"5.4";"3.2";"91.";"8.";"0.00";"0.00";"0.00"
"2018";"10";"30";"2";"5";"7254";"63.";"6.2";"3.8";"90.";"8.";"0.00";"0.00";"0.00"
"2018";"10";"30";"2";"6";"7255";"59.";"5.6";"4.0";"91.";"7.";"0.00";"0.00";"0.00"
"2018";"10";"30";"2";"7";"7256";"61.";"5.9";"4.1";"91.";"8.";"0.00";"0.00";"0.00"
"2018";"10";"30";"2";"8";"7257";"63.";"5.9";"4.4";"91.";"8.";"10.26";"0.00";"10.26"
"2018";"10";"30";"2";"9";"7258";"64.";"6.2";"5.0";"90.";"8.";"52.06";"0.00";"52.06"
"2018";"10";"30";"2";"10";"7259";"66.";"5.8";"5.5";"90.";"8.";"76.76";"0.00";"76.76"
"2018";"10";"30";"2";"11";"7260";"70.";"5.6";"6.2";"90.";"7.";"120.55";"94.86";"91.53"
"2018";"10";"30";"2";"12";"7261";"77.";"5.2";"7.1";"91.";"7.";"119.47";"93.53";"90.86"
"2018";"10";"30";"2";"13";"7262";"82.";"5.1";"8.4";"90.";"7.";"99.00";"82.30";"76.70"
"2018";"10";"30";"2";"14";"7263";"92.";"5.9";"9.7";"89.";"8.";"46.31";"0.00";"46.31"
"2018";"10";"30";"2";"15";"7264";"99.";"6.0";"11.0";"88.";"8.";"11.81";"0.00";"11.81"
"2018";"10";"30";"2";"16";"7265";"105.";"6.2";"11.9";"87.";"8.";"0.00";"0.00";"0.00"
"2018";"10";"30";"2";"17";"7266";"108.";"5.6";"12.2";"87.";"8.";"0.00";"0.00";"0.00"
"2018";"10";"30";"2";"18";"7267";"113.";"4.7";"12.1";"90.";"8.";"0.00";"0.00";"0.00"
"2018";"10";"30";"2";"19";"7268";"143.";"2.7";"12.3";"89.";"6.";"0.00";"0.00";"0.00"
"2018";"10";"30";"2";"20";"7269";"174.";"2.3";"11.2";"86.";"8.";"0.00";"0.00";"0.00"
"2018";"10";"30";"2";"21";"7270";"133.";"2.2";"9.3";"88.";"1.";"0.00";"0.00";"0.00"
"2018";"10";"30";"2";"22";"7271";"97.";"3.0";"8.7";"93.";"8.";"0.00";"0.00";"0.00"
"2018";"10";"30";"2";"23";"7272";"74.";"3.8";"9.4";"93.";"8.";"0.00";"0.00";"0.00"
"2018";"10";"31";"3";"0";"7273";"117.";"3.5";"9.7";"92.";"8.";"0.00";"0.00";"0.00"
"2018";"10";"31";"3";"1";"7274";"153.";"5.9";"7.3";"87.";"8.";"0.00";"0.00";"0.00"
"2018";"10";"31";"3";"2";"7275";"160.";"6.3";"6.9";"81.";"7.";"0.00";"0.00";"0.00"
"2018";"10";"31";"3";"3";"7276";"161.";"4.7";"6.5";"87.";"8.";"0.00";"0.00";"0.00"
"2018";"10";"31";"3";"4";"7277";"181.";"4.6";"6.2";"89.";"8.";"0.00";"0.00";"0.00"
"2018";"10";"31";"3";"5";"7278";"198.";"5.0";"6.5";"86.";"7.";"0.00";"0.00";"0.00"
"2018";"10";"31";"3";"6";"7279";"208.";"5.7";"6.8";"81.";"8.";"0.00";"0.00";"0.00"
"2018";"10";"31";"3";"7";"7280";"211.";"6.5";"7.2";"79.";"7.";"0.00";"0.00";"0.00"
"2018";"10";"31";"3";"8";"7281";"206.";"6.1";"7.5";"75.";"5.";"30.62";"115.16";"18.81"
"2018";"10";"31";"3";"9";"7282";"185.";"5.0";"8.1";"77.";"6.";"79.78";"141.49";"51.75"
"2018";"10";"31";"3";"10";"7283";"211.";"5.1";"8.5";"82.";"7.";"96.94";"79.86";"75.72"
"2018";"10";"31";"3";"11";"7284";"223.";"8.5";"8.2";"86.";"8.";"83.24";"0.00";"83.24"
"2018";"10";"31";"3";"12";"7285";"232.";"9.3";"9.2";"81.";"7.";"116.20";"91.75";"88.62"
"2018";"10";"31";"3";"13";"7286";"235.";"7.9";"9.6";"75.";"8.";"73.12";"0.00";"73.12"
"2018";"10";"31";"3";"14";"7287";"231.";"7.9";"9.5";"73.";"8.";"47.24";"0.00";"47.24"
"2018";"10";"31";"3";"15";"7288";"239.";"7.3";"9.2";"68.";"5.";"28.48";"92.68";"18.97"
"2018";"10";"31";"3";"16";"7289";"235.";"6.6";"9.0";"68.";"4.";"0.00";"0.00";"0.00"
"2018";"10";"31";"3";"17";"7290";"234.";"5.7";"8.9";"71.";"5.";"0.00";"0.00";"0.00"
"2018";"10";"31";"3";"18";"7291";"231.";"4.1";"8.4";"73.";"1.";"0.00";"0.00";"0.00"
"2018";"10";"31";"3";"19";"7292";"224.";"3.7";"8.0";"77.";"3.";"0.00";"0.00";"0.00"
"2018";"10";"31";"3";"20";"7293";"212.";"3.4";"7.2";"79.";"1.";"0.00";"0.00";"0.00"
"2018";"10";"31";"3";"21";"7294";"209.";"2.6";"6.1";"81.";"5.";"0.00";"0.00";"0.00"
"2018";"10";"31";"3";"22";"7295";"186.";"2.2";"5.8";"85.";"2.";"0.00";"0.00";"0.00"
"2018";"10";"31";"3";"23";"7296";"167.";"2.3";"4.7";"88.";"5.";"0.00";"0.00";"0.00"
"2018";"11";"1";"4";"0";"7297";"158.";"2.0";"5.0";"92.";"7.";"0.00";"0.00";"0.00"
"2018";"11";"1";"4";"1";"7298";"131.";"2.2";"5.3";"93.";"8.";"0.00";"0.00";"0.00"
"2018";"11";"1";"4";"2";"7299";"124.";"3.3";"6.0";"93.";"7.";"0.00";"0.00";"0.00"
"2018";"11";"1";"4";"3";"7300";"124.";"2.6";"6.1";"94.";"7.";"0.00";"0.00";"0.00"
"2018";"11";"1";"4";"4";"7301";"120.";"2.8";"6.5";"94.";"7.";"0.00";"0.00";"0.00"
"2018";"11";"1";"4";"5";"7302";"116.";"2.8";"6.6";"91.";"7.";"0.00";"0.00";"0.00"
"2018";"11";"1";"4";"6";"7303";"115.";"2.8";"6.8";"88.";"7.";"0.00";"0.00";"0.00"
"2018";"11";"1";"4";"7";"7304";"114.";"3.0";"7.1";"87.";"8.";"0.00";"0.00";"0.00"
"2018";"11";"1";"4";"8";"7305";"112.";"3.9";"7.7";"84.";"8.";"29.37";"0.00";"29.37"
"2018";"11";"1";"4";"9";"7306";"115.";"3.9";"8.4";"80.";"8.";"98.72";"0.00";"98.72"
"2018";"11";"1";"4";"10";"7307";"112.";"4.2";"9.2";"75.";"6.";"179.27";"181.62";"131.96"
"2018";"11";"1";"4";"11";"7308";"113.";"4.3";"10.9";"68.";"5.";"223.49";"272.93";"142.86"
"2018";"11";"1";"4";"12";"7309";"116.";"3.8";"11.5";"64.";"3.";"252.72";"468.11";"114.43"
"2018";"11";"1";"4";"13";"7310";"105.";"3.8";"11.6";"63.";"8.";"164.66";"0.00";"164.66"
"2018";"11";"1";"4";"14";"7311";"93.";"3.2";"11.1";"65.";"7.";"108.95";"76.01";"94.28"
"2018";"11";"1";"4";"15";"7312";"89.";"2.9";"10.1";"70.";"8.";"30.30";"0.00";"30.30"
"2018";"11";"1";"4";"16";"7313";"94.";"3.2";"9.5";"72.";"8.";"0.00";"0.00";"0.00"
"2018";"11";"1";"4";"17";"7314";"87.";"3.6";"9.1";"75.";"8.";"0.00";"0.00";"0.00"
"2018";"11";"1";"4";"18";"7315";"89.";"3.9";"9.0";"76.";"8.";"0.00";"0.00";"0.00"
"2018";"11";"1";"4";"19";"7316";"93.";"3.8";"9.0";"78.";"5.";"0.00";"0.00";"0.00"
"2018";"11";"1";"4";"20";"7317";"103.";"3.8";"9.1";"79.";"6.";"0.00";"0.00";"0.00"
"2018";"11";"1";"4";"21";"7318";"102.";"4.3";"9.1";"80.";"8.";"0.00";"0.00";"0.00"
"2018";"11";"1";"4";"22";"7319";"102.";"3.7";"9.1";"82.";"4.";"0.00";"0.00";"0.00"
"2018";"11";"1";"4";"23";"7320";"103.";"3.7";"9.1";"83.";"6.";"0.00";"0.00";"0.00"
"2018";"11";"2";"5";"0";"7321";"110.";"3.5";"9.2";"84.";"7.";"0.00";"0.00";"0.00"
"2018";"11";"2";"5";"1";"7322";"119.";"3.5";"9.0";"86.";"8.";"0.00";"0.00";"0.00"
"2018";"11";"2";"5";"2";"7323";"130.";"3.0";"9.0";"87.";"8.";"0.00";"0.00";"0.00"
"2018";"11";"2";"5";"3";"7324";"133.";"3.2";"9.4";"86.";"8.";"0.00";"0.00";"0.00"
"2018";"11";"2";"5";"4";"7325";"144.";"3.8";"9.5";"87.";"8.";"0.00";"0.00";"0.00"
"2018";"11";"2";"5";"5";"7326";"162.";"3.6";"9.5";"88.";"7.";"0.00";"0.00";"0.00"
"2018";"11";"2";"5";"6";"7327";"174.";"3.8";"9.4";"89.";"8.";"0.00";"0.00";"0.00"
"2018";"11";"2";"5";"7";"7328";"186.";"4.1";"9.6";"88.";"8.";"0.00";"0.00";"0.00"
"2018";"11";"2";"5";"8";"7329";"192.";"4.2";"10.0";"89.";"8.";"9.35";"0.00";"9.35"
"2018";"11";"2";"5";"9";"7330";"186.";"5.1";"9.8";"92.";"8.";"38.91";"0.00";"38.91"
"2018";"11";"2";"5";"10";"7331";"199.";"5.8";"10.0";"91.";"8.";"62.91";"0.00";"62.91"
"2018";"11";"2";"5";"11";"7332";"201.";"5.9";"10.1";"90.";"8.";"75.80";"0.00";"75.80"
"2018";"11";"2";"5";"12";"7333";"201.";"6.3";"10.1";"91.";"8.";"44.05";"0.00";"44.05"
"2018";"11";"2";"5";"13";"7334";"195.";"5.6";"10.5";"89.";"8.";"64.54";"0.00";"64.54"
"2018";"11";"2";"5";"14";"7335";"191.";"5.9";"10.3";"90.";"8.";"39.99";"0.00";"39.99"
"2018";"11";"2";"5";"15";"7336";"189.";"6.4";"10.4";"90.";"8.";"9.05";"0.00";"9.05"
"2018";"11";"2";"5";"16";"7337";"212.";"6.8";"10.0";"93.";"8.";"0.00";"0.00";"0.00"
"2018";"11";"2";"5";"17";"7338";"230.";"6.6";"9.4";"92.";"8.";"0.00";"0.00";"0.00"
"2018";"11";"2";"5";"18";"7339";"231.";"6.4";"9.4";"88.";"7.";"0.00";"0.00";"0.00"
"2018";"11";"2";"5";"19";"7340";"221.";"5.9";"9.5";"89.";"8.";"0.00";"0.00";"0.00"
"2018";"11";"2";"5";"20";"7341";"231.";"4.5";"9.3";"91.";"8.";"0.00";"0.00";"0.00"
"2018";"11";"2";"5";"21";"7342";"251.";"2.8";"9.3";"94.";"8.";"0.00";"0.00";"0.00"
"2018";"11";"2";"5";"22";"7343";"267.";"4.2";"9.5";"93.";"8.";"0.00";"0.00";"0.00"
"2018";"11";"2";"5";"23";"7344";"255.";"5.0";"9.4";"89.";"8.";"0.00";"0.00";"0.00"
"2018";"11";"3";"6";"0";"7345";"252.";"5.3";"8.9";"84.";"7.";"0.00";"0.00";"0.00"
"2018";"11";"3";"6";"1";"7346";"261.";"5.8";"8.6";"78.";"8.";"0.00";"0.00";"0.00"
"2018";"11";"3";"6";"2";"7347";"267.";"5.0";"8.4";"76.";"6.";"0.00";"0.00";"0.00"
"2018";"11";"3";"6";"3";"7348";"268.";"5.1";"8.3";"76.";"4.";"0.00";"0.00";"0.00"
"2018";"11";"3";"6";"4";"7349";"272.";"5.5";"8.4";"75.";"4.";"0.00";"0.00";"0.00"
"2018";"11";"3";"6";"5";"7350";"271.";"4.6";"8.2";"76.";"4.";"0.00";"0.00";"0.00"
"2018";"11";"3";"6";"6";"7351";"271.";"5.1";"8.3";"78.";"3.";"0.00";"0.00";"0.00"
"2018";"11";"3";"6";"7";"7352";"264.";"4.4";"8.4";"77.";"1.";"0.00";"0.00";"0.00"
"2018";"11";"3";"6";"8";"7353";"255.";"4.1";"8.7";"79.";"5.";"22.17";"87.61";"14.46"
"2018";"11";"3";"6";"9";"7354";"250.";"4.5";"9.3";"79.";"2.";"122.98";"391.35";"51.32"
"2018";"11";"3";"6";"10";"7355";"248.";"4.3";"9.9";"77.";"2.";"193.73";"470.05";"76.05"
"2018";"11";"3";"6";"11";"7356";"241.";"4.0";"9.9";"76.";"1.";"255.07";"624.08";"77.09"
"2018";"11";"3";"6";"12";"7357";"226.";"3.5";"10.1";"74.";"4.";"188.76";"346.87";"89.84"
"2018";"11";"3";"6";"13";"7358";"228.";"3.8";"9.9";"78.";"2.";"193.14";"466.47";"76.36"
"2018";"11";"3";"6";"14";"7359";"218.";"4.0";"9.1";"81.";"4.";"99.52";"264.29";"51.13"
"2018";"11";"3";"6";"15";"7360";"211.";"3.9";"8.8";"80.";"2.";"30.91";"175.35";"15.49"
"2018";"11";"3";"6";"16";"7361";"206.";"3.8";"8.2";"83.";"4.";"0.00";"0.00";"0.00"
"2018";"11";"3";"6";"17";"7362";"199.";"3.9";"7.9";"83.";"8.";"0.00";"0.00";"0.00"
"2018";"11";"3";"6";"18";"7363";"197.";"3.9";"8.3";"84.";"4.";"0.00";"0.00";"0.00"
"2018";"11";"3";"6";"19";"7364";"201.";"4.3";"8.8";"84.";"7.";"0.00";"0.00";"0.00"
"2018";"11";"3";"6";"20";"7365";"210.";"5.1";"9.0";"84.";"6.";"0.00";"0.00";"0.00"
"2018";"11";"3";"6";"21";"7366";"211.";"5.3";"8.7";"85.";"5.";"0.00";"0.00";"0.00"
"2018";"11";"3";"6";"22";"7367";"209.";"4.9";"8.3";"85.";"5.";"0.00";"0.00";"0.00"
"2018";"11";"3";"6";"23";"7368";"207.";"4.9";"8.1";"85.";"6.";"0.00";"0.00";"0.00"
"2018";"11";"4";"7";"0";"7369";"201.";"4.8";"7.9";"84.";"6.";"0.00";"0.00";"0.00"
"2018";"11";"4";"7";"1";"7370";"201.";"4.4";"7.7";"83.";"7.";"0.00";"0.00";"0.00"
"2018";"11";"4";"7";"2";"7371";"193.";"4.5";"7.4";"85.";"6.";"0.00";"0.00";"0.00"
"2018";"11";"4";"7";"3";"7372";"185.";"4.8";"7.1";"86.";"7.";"0.00";"0.00";"0.00"
"2018";"11";"4";"7";"4";"7373";"176.";"4.1";"6.9";"88.";"5.";"0.00";"0.00";"0.00"
"2018";"11";"4";"7";"5";"7374";"172.";"3.5";"6.8";"86.";"8.";"0.00";"0.00";"0.00"
"2018";"11";"4";"7";"6";"7375";"173.";"3.8";"6.1";"86.";"7.";"0.00";"0.00";"0.00"
"2018";"11";"4";"7";"7";"7376";"164.";"3.9";"5.9";"88.";"4.";"0.00";"0.00";"0.00"
"2018";"11";"4";"7";"8";"7377";"158.";"4.1";"6.0";"92.";"5.";"19.09";"66.96";"13.52"
"2018";"11";"4";"7";"9";"7378";"160.";"4.1";"6.6";"85.";"2.";"118.66";"356.37";"55.15"
"2018";"11";"4";"7";"10";"7379";"159.";"4.4";"7.6";"80.";"3.";"176.34";"423.43";"72.43"
"2018";"11";"4";"7";"11";"7380";"164.";"4.5";"8.4";"77.";"6.";"138.87";"183.57";"87.44"
"2018";"11";"4";"7";"12";"7381";"164.";"4.1";"8.5";"76.";"5.";"163.15";"266.04";"88.62"
"2018";"11";"4";"7";"13";"7382";"148.";"4.0";"8.9";"73.";"2.";"193.16";"490.61";"72.77"
"2018";"11";"4";"7";"14";"7383";"137.";"3.7";"8.4";"73.";"4.";"100.44";"291.26";"48.53"
"2018";"11";"4";"7";"15";"7384";"124.";"3.7";"7.4";"76.";"4.";"26.02";"132.33";"15.00"
"2018";"11";"4";"7";"16";"7385";"117.";"3.7";"7.1";"80.";"7.";"0.00";"0.00";"0.00"
"2018";"11";"4";"7";"17";"7386";"115.";"3.7";"7.5";"81.";"8.";"0.00";"0.00";"0.00"
"2018";"11";"4";"7";"18";"7387";"116.";"3.7";"7.9";"82.";"8.";"0.00";"0.00";"0.00"
"2018";"11";"4";"7";"19";"7388";"124.";"3.6";"8.0";"81.";"8.";"0.00";"0.00";"0.00"
"2018";"11";"4";"7";"20";"7389";"133.";"3.6";"7.9";"80.";"8.";"0.00";"0.00";"0.00"
"2018";"11";"4";"7";"21";"7390";"128.";"3.3";"7.8";"80.";"5.";"0.00";"0.00";"0.00"
"2018";"11";"4";"7";"22";"7391";"123.";"2.9";"8.0";"80.";"8.";"0.00";"0.00";"0.00"
"2018";"11";"4";"7";"23";"7392";"124.";"2.9";"8.1";"81.";"8.";"0.00";"0.00";"0.00"
"2018";"11";"5";"1";"0";"7393";"121.";"3.3";"8.2";"81.";"8.";"0.00";"0.00";"0.00"
"2018";"11";"5";"1";"1";"7394";"122.";"2.9";"8.2";"82.";"8.";"0.00";"0.00";"0.00"
"2018";"11";"5";"1";"2";"7395";"112.";"2.5";"8.2";"83.";"8.";"0.00";"0.00";"0.00"
"2018";"11";"5";"1";"3";"7396";"106.";"2.5";"8.1";"85.";"8.";"0.00";"0.00";"0.00"
"2018";"11";"5";"1";"4";"7397";"101.";"2.6";"8.2";"85.";"8.";"0.00";"0.00";"0.00"
"2018";"11";"5";"1";"5";"7398";"105.";"2.4";"8.3";"86.";"8.";"0.00";"0.00";"0.00"
"2018";"11";"5";"1";"6";"7399";"96.";"2.2";"8.3";"86.";"7.";"0.00";"0.00";"0.00"
"2018";"11";"5";"1";"7";"7400";"93.";"2.4";"8.4";"86.";"8.";"0.00";"0.00";"0.00"
"2018";"11";"5";"1";"8";"7401";"97.";"2.4";"8.6";"86.";"7.";"9.85";"20.74";"8.22"
"2018";"11";"5";"1";"9";"7402";"98.";"2.1";"8.9";"86.";"7.";"54.59";"63.00";"43.66"
"2018";"11";"5";"1";"10";"7403";"95.";"2.6";"9.3";"85.";"7.";"91.70";"86.56";"70.88"
"2018";"11";"5";"1";"11";"7404";"100.";"2.1";"9.7";"84.";"7.";"110.34";"93.14";"84.70"
"2018";"11";"5";"1";"12";"7405";"85.";"2.0";"10.0";"83.";"7.";"110.21";"93.04";"84.61"
"2018";"11";"5";"1";"13";"7406";"84.";"1.8";"10.1";"84.";"7.";"91.03";"85.93";"70.36"
"2018";"11";"5";"1";"14";"7407";"90.";"2.0";"10.0";"85.";"7.";"49.73";"42.81";"42.31"
"2018";"11";"5";"1";"15";"7408";"93.";"2.4";"9.8";"87.";"8.";"5.92";"0.00";"5.92"
"2018";"11";"5";"1";"16";"7409";"100.";"2.3";"9.4";"90.";"8.";"0.00";"0.00";"0.00"
"2018";"11";"5";"1";"17";"7410";"103.";"2.0";"9.3";"91.";"8.";"0.00";"0.00";"0.00"
"2018";"11";"5";"1";"18";"7411";"105.";"2.5";"9.0";"91.";"8.";"0.00";"0.00";"0.00"
"2018";"11";"5";"1";"19";"7412";"106.";"2.5";"8.9";"92.";"8.";"0.00";"0.00";"0.00"
"2018";"11";"5";"1";"20";"7413";"97.";"2.5";"8.7";"93.";"8.";"0.00";"0.00";"0.00"
"2018";"11";"5";"1";"21";"7414";"97.";"2.1";"8.7";"94.";"8.";"0.00";"0.00";"0.00"
"2018";"11";"5";"1";"22";"7415";"97.";"2.0";"8.6";"94.";"8.";"0.00";"0.00";"0.00"
"2018";"11";"5";"1";"23";"7416";"95.";"2.2";"8.6";"94.";"8.";"0.00";"0.00";"0.00"
"2018";"11";"6";"2";"0";"7417";"90.";"2.3";"8.7";"95.";"8.";"0.00";"0.00";"0.00"
"2018";"11";"6";"2";"1";"7418";"74.";"2.9";"8.8";"95.";"8.";"0.00";"0.00";"0.00"
"2018";"11";"6";"2";"2";"7419";"74.";"3.1";"9.0";"94.";"8.";"0.00";"0.00";"0.00"
"2018";"11";"6";"2";"3";"7420";"79.";"2.7";"9.0";"94.";"8.";"0.00";"0.00";"0.00"
"2018";"11";"6";"2";"4";"7421";"87.";"2.5";"9.3";"93.";"8.";"0.00";"0.00";"0.00"
"2018";"11";"6";"2";"5";"7422";"100.";"2.6";"9.5";"92.";"8.";"0.00";"0.00";"0.00"
"2018";"11";"6";"2";"6";"7423";"102.";"3.6";"9.7";"91.";"8.";"0.00";"0.00";"0.00"
"2018";"11";"6";"2";"7";"7424";"102.";"3.3";"9.8";"89.";"8.";"0.00";"0.00";"0.00"
"2018";"11";"6";"2";"8";"7425";"114.";"2.6";"10.0";"87.";"7.";"5.53";"8.75";"4.88"
"2018";"11";"6";"2";"9";"7426";"117.";"2.8";"10.9";"83.";"7.";"47.01";"41.47";"40.01"
"2018";"11";"6";"2";"10";"7427";"130.";"3.1";"11.4";"80.";"4.";"130.71";"205.89";"82.19"
"2018";"11";"6";"2";"11";"7428";"143.";"3.0";"11.9";"77.";"5.";"138.34";"165.63";"93.57"
"2018";"11";"6";"2";"12";"7429";"135.";"2.8";"11.9";"76.";"4.";"158.35";"217.67";"99.50"
"2018";"11";"6";"2";"13";"7430";"151.";"2.5";"12.0";"76.";"3.";"146.62";"255.91";"86.31"
"2018";"11";"6";"2";"14";"7431";"161.";"2.1";"11.5";"78.";"3.";"88.96";"208.13";"53.84"
"2018";"11";"6";"2";"15";"7432";"171.";"1.6";"10.5";"81.";"3.";"11.64";"50.07";"7.93"
"2018";"11";"6";"2";"16";"7433";"158.";"1.5";"10.6";"82.";"8.";"0.00";"0.00";"0.00"
"2018";"11";"6";"2";"17";"7434";"155.";"1.9";"10.6";"83.";"8.";"0.00";"0.00";"0.00"
"2018";"11";"6";"2";"18";"7435";"155.";"1.8";"10.5";"85.";"7.";"0.00";"0.00";"0.00"
"2018";"11";"6";"2";"19";"7436";"180.";"1.5";"10.5";"87.";"8.";"0.00";"0.00";"0.00"
"2018";"11";"6";"2";"20";"7437";"174.";"1.2";"10.4";"88.";"8.";"0.00";"0.00";"0.00"
"2018";"11";"6";"2";"21";"7438";"173.";"1.3";"10.0";"91.";"8.";"0.00";"0.00";"0.00"
"2018";"11";"6";"2";"22";"7439";"143.";"1.0";"10.0";"92.";"7.";"0.00";"0.00";"0.00"
"2018";"11";"6";"2";"23";"7440";"143.";"0.9";"10.0";"91.";"8.";"0.00";"0.00";"0.00"
"2018";"11";"7";"3";"0";"7441";"116.";"1.4";"9.9";"91.";"8.";"0.00";"0.00";"0.00"
"2018";"11";"7";"3";"1";"7442";"95.";"1.3";"9.8";"90.";"8.";"0.00";"0.00";"0.00"
"2018";"11";"7";"3";"2";"7443";"89.";"2.0";"9.6";"90.";"8.";"0.00";"0.00";"0.00"
"2018";"11";"7";"3";"3";"7444";"83.";"2.2";"9.2";"91.";"8.";"0.00";"0.00";"0.00"
"2018";"11";"7";"3";"4";"7445";"87.";"2.6";"8.8";"91.";"8.";"0.00";"0.00";"0.00"
"2018";"11";"7";"3";"5";"7446";"91.";"3.1";"8.5";"92.";"7.";"0.00";"0.00";"0.00"
"2018";"11";"7";"3";"6";"7447";"101.";"3.0";"8.2";"91.";"8.";"0.00";"0.00";"0.00"
"2018";"11";"7";"3";"7";"7448";"98.";"2.9";"8.1";"91.";"7.";"0.00";"0.00";"0.00"
"2018";"11";"7";"3";"8";"7449";"91.";"3.5";"8.3";"91.";"8.";"3.54";"0.00";"3.54"
"2018";"11";"7";"3";"9";"7450";"95.";"3.2";"9.0";"91.";"8.";"33.13";"0.00";"33.13"
"2018";"11";"7";"3";"10";"7451";"100.";"3.5";"9.9";"88.";"7.";"75.29";"49.26";"63.91"
"2018";"11";"7";"3";"11";"7452";"103.";"3.4";"10.7";"85.";"6.";"114.33";"111.19";"84.80"
"2018";"11";"7";"3";"12";"7453";"100.";"3.4";"11.2";"84.";"5.";"134.86";"167.43";"90.40"
"2018";"11";"7";"3";"13";"7454";"104.";"3.2";"11.3";"83.";"6.";"93.42";"102.57";"69.73"
"2018";"11";"7";"3";"14";"7455";"92.";"3.1";"10.9";"85.";"4.";"74.16";"155.78";"48.60"
"2018";"11";"7";"3";"15";"7456";"99.";"3.5";"10.3";"87.";"4.";"5.71";"22.23";"4.16"
"2018";"11";"7";"3";"16";"7457";"107.";"3.4";"9.9";"88.";"6.";"0.00";"0.00";"0.00"
"2018";"11";"7";"3";"17";"7458";"101.";"2.5";"9.5";"89.";"7.";"0.00";"0.00";"0.00"
"2018";"11";"7";"3";"18";"7459";"110.";"2.3";"9.1";"90.";"7.";"0.00";"0.00";"0.00"
"2018";"11";"7";"3";"19";"7460";"111.";"2.6";"8.9";"91.";"8.";"0.00";"0.00";"0.00"
"2018";"11";"7";"3";"20";"7461";"109.";"2.8";"9.2";"91.";"8.";"0.00";"0.00";"0.00"
"2018";"11";"7";"3";"21";"7462";"108.";"2.6";"9.3";"90.";"4.";"0.00";"0.00";"0.00"
"2018";"11";"7";"3";"22";"7463";"107.";"2.4";"9.2";"90.";"6.";"0.00";"0.00";"0.00"
"2018";"11";"7";"3";"23";"7464";"110.";"2.6";"9.2";"90.";"8.";"0.00";"0.00";"0.00"
"2018";"11";"8";"4";"0";"7465";"127.";"2.1";"9.0";"91.";"8.";"0.00";"0.00";"0.00"
"2018";"11";"8";"4";"1";"7466";"129.";"1.9";"8.9";"91.";"8.";"0.00";"0.00";"0.00"
"2018";"11";"8";"4";"2";"7467";"123.";"2.4";"8.8";"93.";"8.";"0.00";"0.00";"0.00"
"2018";"11";"8";"4";"3";"7468";"122.";"2.0";"8.5";"94.";"8.";"0.00";"0.00";"0.00"
"2018";"11";"8";"4";"4";"7469";"121.";"1.7";"8.3";"94.";"8.";"0.00";"0.00";"0.00"
"2018";"11";"8";"4";"5";"7470";"104.";"2.2";"8.2";"94.";"8.";"0.00";"0.00";"0.00"
"2018";"11";"8";"4";"6";"7471";"105.";"2.1";"8.3";"93.";"8.";"0.00";"0.00";"0.00"
"2018";"11";"8";"4";"7";"7472";"122.";"2.1";"8.4";"93.";"8.";"0.00";"0.00";"0.00"
"2018";"11";"8";"4";"8";"7473";"149.";"1.8";"8.2";"92.";"8.";"2.27";"0.00";"2.27"
"2018";"11";"8";"4";"9";"7474";"157.";"2.0";"8.3";"92.";"8.";"31.18";"0.00";"31.18"
"2018";"11";"8";"4";"10";"7475";"170.";"1.9";"8.3";"92.";"8.";"53.14";"0.00";"53.14"
"2018";"11";"8";"4";"11";"7476";"170.";"2.0";"8.5";"92.";"8.";"66.33";"0.00";"66.33"
"2018";"11";"8";"4";"12";"7477";"154.";"2.2";"8.6";"91.";"8.";"66.94";"0.00";"66.94"
"2018";"11";"8";"4";"13";"7478";"142.";"2.6";"8.7";"91.";"8.";"54.87";"0.00";"54.87"
"2018";"11";"8";"4";"14";"7479";"154.";"2.1";"8.8";"90.";"8.";"32.26";"0.00";"32.26"
"2018";"11";"8";"4";"15";"7480";"160.";"2.5";"8.8";"91.";"8.";"2.02";"0.00";"2.02"
"2018";"11";"8";"4";"16";"7481";"171.";"2.8";"8.6";"92.";"8.";"0.00";"0.00";"0.00"
"2018";"11";"8";"4";"17";"7482";"174.";"2.7";"8.7";"93.";"8.";"0.00";"0.00";"0.00"
"2018";"11";"8";"4";"18";"7483";"178.";"1.9";"8.6";"93.";"8.";"0.00";"0.00";"0.00"
"2018";"11";"8";"4";"19";"7484";"154.";"1.5";"8.6";"94.";"8.";"0.00";"0.00";"0.00"
"2018";"11";"8";"4";"20";"7485";"138.";"1.7";"8.5";"94.";"8.";"0.00";"0.00";"0.00"
"2018";"11";"8";"4";"21";"7486";"141.";"1.4";"8.5";"95.";"8.";"0.00";"0.00";"0.00"
"2018";"11";"8";"4";"22";"7487";"154.";"1.3";"8.5";"95.";"8.";"0.00";"0.00";"0.00"
"2018";"11";"8";"4";"23";"7488";"145.";"1.3";"8.4";"96.";"8.";"0.00";"0.00";"0.00"
"2018";"11";"9";"5";"0";"7489";"146.";"1.3";"8.4";"95.";"8.";"0.00";"0.00";"0.00"
"2018";"11";"9";"5";"1";"7490";"134.";"1.6";"8.4";"96.";"8.";"0.00";"0.00";"0.00"
"2018";"11";"9";"5";"2";"7491";"127.";"1.4";"8.3";"96.";"8.";"0.00";"0.00";"0.00"
"2018";"11";"9";"5";"3";"7492";"123.";"1.5";"8.3";"96.";"8.";"0.00";"0.00";"0.00"
"2018";"11";"9";"5";"4";"7493";"120.";"1.2";"8.3";"96.";"8.";"0.00";"0.00";"0.00"
"2018";"11";"9";"5";"5";"7494";"104.";"1.2";"8.2";"95.";"8.";"0.00";"0.00";"0.00"
"2018";"11";"9";"5";"6";"7495";"94.";"2.0";"7.9";"95.";"8.";"0.00";"0.00";"0.00"
"2018";"11";"9";"5";"7";"7496";"96.";"2.1";"7.4";"95.";"8.";"0.00";"0.00";"0.00"
"2018";"11";"9";"5";"8";"7497";"95.";"2.2";"7.4";"94.";"7.";"2.00";"3.13";"1.81"
"2018";"11";"9";"5";"9";"7498";"86.";"2.0";"7.6";"94.";"8.";"31.89";"0.00";"31.89"
"2018";"11";"9";"5";"10";"7499";"79.";"2.3";"8.0";"91.";"8.";"58.21";"0.00";"58.21"
"2018";"11";"9";"5";"11";"7500";"88.";"2.6";"8.5";"90.";"8.";"70.50";"0.00";"70.50"
"2018";"11";"9";"5";"12";"7501";"103.";"2.9";"8.8";"90.";"8.";"69.49";"0.00";"69.49"
"2018";"11";"9";"5";"13";"7502";"109.";"2.6";"8.9";"89.";"8.";"55.93";"0.00";"55.93"
"2018";"11";"9";"5";"14";"7503";"114.";"3.2";"9.0";"89.";"8.";"31.97";"0.00";"31.97"
"2018";"11";"9";"5";"15";"7504";"105.";"3.1";"8.9";"91.";"8.";"0.70";"0.00";"0.70"
"2018";"11";"9";"5";"16";"7505";"114.";"2.9";"9.0";"91.";"8.";"0.00";"0.00";"0.00"
"2018";"11";"9";"5";"17";"7506";"118.";"2.7";"9.0";"91.";"8.";"0.00";"0.00";"0.00"
"2018";"11";"9";"5";"18";"7507";"126.";"2.7";"8.8";"91.";"8.";"0.00";"0.00";"0.00"
"2018";"11";"9";"5";"19";"7508";"129.";"3.0";"8.5";"93.";"8.";"0.00";"0.00";"0.00"
"2018";"11";"9";"5";"20";"7509";"125.";"3.4";"8.4";"95.";"8.";"0.00";"0.00";"0.00"
"2018";"11";"9";"5";"21";"7510";"124.";"3.7";"8.2";"94.";"8.";"0.00";"0.00";"0.00"
"2018";"11";"9";"5";"22";"7511";"130.";"3.5";"8.3";"93.";"8.";"0.00";"0.00";"0.00"
"2018";"11";"9";"5";"23";"7512";"133.";"3.7";"8.4";"92.";"8.";"0.00";"0.00";"0.00"
"2018";"11";"10";"6";"0";"7513";"143.";"3.8";"8.3";"92.";"8.";"0.00";"0.00";"0.00"
"2018";"11";"10";"6";"1";"7514";"146.";"3.7";"8.3";"92.";"8.";"0.00";"0.00";"0.00"
"2018";"11";"10";"6";"2";"7515";"143.";"3.8";"8.4";"92.";"8.";"0.00";"0.00";"0.00"
"2018";"11";"10";"6";"3";"7516";"132.";"3.2";"8.4";"92.";"7.";"0.00";"0.00";"0.00"
"2018";"11";"10";"6";"4";"7517";"137.";"3.2";"8.5";"91.";"8.";"0.00";"0.00";"0.00"
"2018";"11";"10";"6";"5";"7518";"133.";"3.9";"8.6";"90.";"8.";"0.00";"0.00";"0.00"
"2018";"11";"10";"6";"6";"7519";"136.";"3.8";"8.6";"90.";"8.";"0.00";"0.00";"0.00"
"2018";"11";"10";"6";"7";"7520";"138.";"3.9";"8.7";"89.";"8.";"0.00";"0.00";"0.00"
"2018";"11";"10";"6";"8";"7521";"140.";"4.0";"8.8";"89.";"8.";"0.00";"0.00";"0.00"
"2018";"11";"10";"6";"9";"7522";"131.";"4.5";"9.0";"88.";"8.";"32.10";"0.00";"32.10"
"2018";"11";"10";"6";"10";"7523";"128.";"5.1";"9.0";"87.";"8.";"59.27";"0.00";"59.27"
"2018";"11";"10";"6";"11";"7524";"130.";"5.0";"9.2";"85.";"8.";"73.37";"0.00";"73.37"
"2018";"11";"10";"6";"12";"7525";"129.";"4.9";"9.4";"84.";"8.";"71.11";"0.00";"71.11"
"2018";"11";"10";"6";"13";"7526";"126.";"5.3";"9.4";"83.";"8.";"57.07";"0.00";"57.07"
"2018";"11";"10";"6";"14";"7527";"121.";"5.1";"9.2";"84.";"8.";"32.20";"0.00";"32.20"
"2018";"11";"10";"6";"15";"7528";"124.";"5.6";"8.8";"85.";"8.";"0.45";"0.00";"0.45"
"2018";"11";"10";"6";"16";"7529";"128.";"5.3";"8.5";"88.";"8.";"0.00";"0.00";"0.00"
"2018";"11";"10";"6";"17";"7530";"131.";"5.0";"8.3";"90.";"8.";"0.00";"0.00";"0.00"
"2018";"11";"10";"6";"18";"7531";"132.";"5.0";"8.2";"92.";"8.";"0.00";"0.00";"0.00"
"2018";"11";"10";"6";"19";"7532";"130.";"5.3";"8.2";"92.";"8.";"0.00";"0.00";"0.00"
"2018";"11";"10";"6";"20";"7533";"135.";"5.2";"8.3";"92.";"8.";"0.00";"0.00";"0.00"
"2018";"11";"10";"6";"21";"7534";"133.";"5.2";"8.5";"92.";"8.";"0.00";"0.00";"0.00"
"2018";"11";"10";"6";"22";"7535";"132.";"4.7";"8.7";"92.";"8.";"0.00";"0.00";"0.00"
"2018";"11";"10";"6";"23";"7536";"127.";"4.9";"8.8";"92.";"8.";"0.00";"0.00";"0.00"
"2018";"11";"11";"7";"0";"7537";"131.";"4.8";"9.1";"92.";"8.";"0.00";"0.00";"0.00"
"2018";"11";"11";"7";"1";"7538";"132.";"5.3";"9.3";"91.";"8.";"0.00";"0.00";"0.00"
"2018";"11";"11";"7";"2";"7539";"138.";"5.2";"9.4";"91.";"8.";"0.00";"0.00";"0.00"
"2018";"11";"11";"7";"3";"7540";"139.";"5.1";"9.8";"90.";"7.";"0.00";"0.00";"0.00"
"2018";"11";"11";"7";"4";"7541";"133.";"5.4";"9.8";"91.";"8.";"0.00";"0.00";"0.00"
"2018";"11";"11";"7";"5";"7542";"134.";"5.2";"9.9";"90.";"8.";"0.00";"0.00";"0.00"
"2018";"11";"11";"7";"6";"7543";"135.";"5.0";"9.9";"91.";"8.";"0.00";"0.00";"0.00"
"2018";"11";"11";"7";"7";"7544";"132.";"5.4";"9.8";"91.";"8.";"0.00";"0.00";"0.00"
"2018";"11";"11";"7";"8";"7545";"136.";"5.7";"9.7";"91.";"8.";"0.00";"0.00";"0.00"
"2018";"11";"11";"7";"9";"7546";"140.";"5.8";"9.8";"92.";"8.";"14.82";"0.00";"14.82"
"2018";"11";"11";"7";"10";"7547";"147.";"6.0";"10.0";"92.";"8.";"27.48";"0.00";"27.48"
"2018";"11";"11";"7";"11";"7548";"149.";"5.2";"10.0";"93.";"8.";"32.72";"0.00";"32.72"
"2018";"11";"11";"7";"12";"7549";"148.";"5.0";"10.0";"93.";"8.";"35.80";"0.00";"35.80"
"2018";"11";"11";"7";"13";"7550";"149.";"5.1";"10.0";"93.";"8.";"28.56";"0.00";"28.56"
"2018";"11";"11";"7";"14";"7551";"146.";"5.2";"10.0";"92.";"8.";"15.87";"0.00";"15.87"
"2018";"11";"11";"7";"15";"7552";"143.";"4.9";"9.8";"92.";"8.";"0.00";"0.00";"0.00"
"2018";"11";"11";"7";"16";"7553";"140.";"5.0";"9.5";"94.";"8.";"0.00";"0.00";"0.00"
"2018";"11";"11";"7";"17";"7554";"141.";"4.7";"9.4";"94.";"8.";"0.00";"0.00";"0.00"
"2018";"11";"11";"7";"18";"7555";"140.";"5.1";"9.4";"93.";"8.";"0.00";"0.00";"0.00"
"2018";"11";"11";"7";"19";"7556";"144.";"5.0";"9.4";"93.";"8.";"0.00";"0.00";"0.00"
"2018";"11";"11";"7";"20";"7557";"158.";"5.4";"9.5";"94.";"8.";"0.00";"0.00";"0.00"
"2018";"11";"11";"7";"21";"7558";"172.";"5.8";"9.9";"94.";"8.";"0.00";"0.00";"0.00"
"2018";"11";"11";"7";"22";"7559";"175.";"4.9";"10.2";"93.";"8.";"0.00";"0.00";"0.00"
"2018";"11";"11";"7";"23";"7560";"179.";"5.1";"10.1";"93.";"8.";"0.00";"0.00";"0.00"
"2018";"11";"12";"1";"0";"7561";"182.";"4.7";"10.2";"93.";"8.";"0.00";"0.00";"0.00"
"2018";"11";"12";"1";"1";"7562";"182.";"4.7";"10.3";"92.";"8.";"0.00";"0.00";"0.00"
"2018";"11";"12";"1";"2";"7563";"194.";"3.7";"10.2";"91.";"7.";"0.00";"0.00";"0.00"
"2018";"11";"12";"1";"3";"7564";"194.";"3.6";"10.0";"92.";"3.";"0.00";"0.00";"0.00"
"2018";"11";"12";"1";"4";"7565";"195.";"3.8";"10.0";"92.";"8.";"0.00";"0.00";"0.00"
"2018";"11";"12";"1";"5";"7566";"213.";"3.9";"10.0";"92.";"5.";"0.00";"0.00";"0.00"
"2018";"11";"12";"1";"6";"7567";"216.";"3.8";"9.7";"91.";"6.";"0.00";"0.00";"0.00"
"2018";"11";"12";"1";"7";"7568";"207.";"2.9";"9.5";"92.";"4.";"0.00";"0.00";"0.00"
"2018";"11";"12";"1";"8";"7569";"201.";"2.8";"9.6";"92.";"5.";"0.00";"0.00";"0.00"
"2018";"11";"12";"1";"9";"7570";"197.";"3.1";"9.8";"92.";"5.";"50.20";"103.84";"35.45"
"2018";"11";"12";"1";"10";"7571";"193.";"3.7";"9.9";"92.";"8.";"48.57";"0.00";"48.57"
"2018";"11";"12";"1";"11";"7572";"195.";"4.1";"9.9";"91.";"8.";"61.99";"0.00";"61.99"
"2018";"11";"12";"1";"12";"7573";"195.";"4.0";"9.7";"92.";"8.";"61.81";"0.00";"61.81"
"2018";"11";"12";"1";"13";"7574";"187.";"3.5";"9.7";"91.";"8.";"49.51";"0.00";"49.51"
"2018";"11";"12";"1";"14";"7575";"182.";"3.6";"9.8";"90.";"8.";"26.88";"0.00";"26.88"
"2018";"11";"12";"1";"15";"7576";"178.";"3.9";"9.8";"90.";"8.";"0.00";"0.00";"0.00"
"2018";"11";"12";"1";"16";"7577";"156.";"3.6";"9.6";"91.";"8.";"0.00";"0.00";"0.00"
"2018";"11";"12";"1";"17";"7578";"162.";"3.3";"9.6";"92.";"8.";"0.00";"0.00";"0.00"
"2018";"11";"12";"1";"18";"7579";"171.";"2.4";"9.7";"92.";"8.";"0.00";"0.00";"0.00"
"2018";"11";"12";"1";"19";"7580";"176.";"1.9";"9.6";"92.";"8.";"0.00";"0.00";"0.00"
"2018";"11";"12";"1";"20";"7581";"181.";"1.1";"9.5";"94.";"8.";"0.00";"0.00";"0.00"
"2018";"11";"12";"1";"21";"7582";"153.";"1.2";"9.2";"93.";"8.";"0.00";"0.00";"0.00"
"2018";"11";"12";"1";"22";"7583";"193.";"0.9";"9.0";"95.";"7.";"0.00";"0.00";"0.00"
"2018";"11";"12";"1";"23";"7584";"187.";"0.4";"8.5";"95.";"7.";"0.00";"0.00";"0.00"
"2018";"11";"13";"2";"0";"7585";"211.";"0.9";"8.2";"96.";"8.";"0.00";"0.00";"0.00"
"2018";"11";"13";"2";"1";"7586";"176.";"1.0";"8.3";"96.";"8.";"0.00";"0.00";"0.00"
"2018";"11";"13";"2";"2";"7587";"187.";"1.7";"8.4";"96.";"8.";"0.00";"0.00";"0.00"
"2018";"11";"13";"2";"3";"7588";"179.";"2.3";"8.2";"95.";"7.";"0.00";"0.00";"0.00"
"2018";"11";"13";"2";"4";"7589";"190.";"3.2";"8.3";"96.";"8.";"0.00";"0.00";"0.00"
"2018";"11";"13";"2";"5";"7590";"190.";"3.7";"8.5";"96.";"8.";"0.00";"0.00";"0.00"
"2018";"11";"13";"2";"6";"7591";"196.";"3.5";"8.9";"95.";"8.";"0.00";"0.00";"0.00"
"2018";"11";"13";"2";"7";"7592";"208.";"4.1";"8.9";"94.";"8.";"0.00";"0.00";"0.00"
"2018";"11";"13";"2";"8";"7593";"203.";"3.8";"8.9";"94.";"8.";"0.00";"0.00";"0.00"
"2018";"11";"13";"2";"9";"7594";"175.";"4.5";"9.2";"94.";"8.";"23.93";"0.00";"23.93"
"2018";"11";"13";"2";"10";"7595";"176.";"4.7";"9.5";"92.";"7.";"64.55";"53.38";"53.65"
"2018";"11";"13";"2";"11";"7596";"184.";"5.1";"9.8";"91.";"8.";"60.53";"0.00";"60.53"
"2018";"11";"13";"2";"12";"7597";"191.";"5.3";"9.9";"92.";"8.";"59.49";"0.00";"59.49"
"2018";"11";"13";"2";"13";"7598";"196.";"5.4";"9.6";"92.";"7.";"40.12";"28.19";"34.37"
"2018";"11";"13";"2";"14";"7599";"201.";"5.7";"9.4";"93.";"8.";"13.91";"0.00";"13.91"
"2018";"11";"13";"2";"15";"7600";"202.";"6.1";"8.6";"91.";"8.";"0.00";"0.00";"0.00"
"2018";"11";"13";"2";"16";"7601";"195.";"5.4";"8.3";"92.";"8.";"0.00";"0.00";"0.00"
"2018";"11";"13";"2";"17";"7602";"214.";"4.6";"8.2";"91.";"7.";"0.00";"0.00";"0.00"
"2018";"11";"13";"2";"18";"7603";"213.";"3.8";"8.5";"93.";"8.";"0.00";"0.00";"0.00"
"2018";"11";"13";"2";"19";"7604";"228.";"4.1";"9.1";"91.";"7.";"0.00";"0.00";"0.00"
"2018";"11";"13";"2";"20";"7605";"235.";"4.0";"9.1";"92.";"3.";"0.00";"0.00";"0.00"
"2018";"11";"13";"2";"21";"7606";"242.";"3.6";"9.0";"91.";"7.";"0.00";"0.00";"0.00"
"2018";"11";"13";"2";"22";"7607";"242.";"3.1";"8.8";"91.";"8.";"0.00";"0.00";"0.00"
"2018";"11";"13";"2";"23";"7608";"254.";"2.9";"9.0";"92.";"8.";"0.00";"0.00";"0.00"
"2018";"11";"14";"3";"0";"7609";"261.";"2.8";"9.1";"93.";"7.";"0.00";"0.00";"0.00"
"2018";"11";"14";"3";"1";"7610";"265.";"2.8";"9.2";"93.";"7.";"0.00";"0.00";"0.00"
"2018";"11";"14";"3";"2";"7611";"268.";"3.0";"9.0";"92.";"8.";"0.00";"0.00";"0.00"
"2018";"11";"14";"3";"3";"7612";"269.";"2.7";"9.0";"92.";"4.";"0.00";"0.00";"0.00"
"2018";"11";"14";"3";"4";"7613";"270.";"2.1";"8.6";"92.";"5.";"0.00";"0.00";"0.00"
"2018";"11";"14";"3";"5";"7614";"257.";"2.2";"8.8";"93.";"5.";"0.00";"0.00";"0.00"
"2018";"11";"14";"3";"6";"7615";"254.";"3.0";"9.1";"93.";"7.";"0.00";"0.00";"0.00"
"2018";"11";"14";"3";"7";"7616";"258.";"2.8";"9.4";"93.";"8.";"0.00";"0.00";"0.00"
"2018";"11";"14";"3";"8";"7617";"252.";"2.7";"9.4";"92.";"7.";"0.00";"0.00";"0.00"
"2018";"11";"14";"3";"9";"7618";"255.";"3.4";"9.6";"91.";"7.";"32.16";"39.26";"26.91"
"2018";"11";"14";"3";"10";"7619";"266.";"3.0";"9.5";"90.";"7.";"65.55";"64.83";"52.59"
"2018";"11";"14";"3";"11";"7620";"267.";"2.6";"9.9";"86.";"7.";"82.61";"68.84";"66.49"
"2018";"11";"14";"3";"12";"7621";"243.";"2.4";"9.7";"88.";"7.";"82.40";"68.45";"66.37"
"2018";"11";"14";"3";"13";"7622";"220.";"2.8";"9.7";"90.";"7.";"64.27";"59.64";"52.35"
"2018";"11";"14";"3";"14";"7623";"209.";"3.0";"9.4";"91.";"8.";"24.06";"0.00";"24.06"
"2018";"11";"14";"3";"15";"7624";"205.";"2.3";"9.1";"92.";"7.";"0.00";"0.00";"0.00"
"2018";"11";"14";"3";"16";"7625";"195.";"2.4";"9.3";"92.";"7.";"0.00";"0.00";"0.00"
"2018";"11";"14";"3";"17";"7626";"189.";"2.5";"9.4";"92.";"8.";"0.00";"0.00";"0.00"
"2018";"11";"14";"3";"18";"7627";"186.";"2.8";"9.3";"92.";"7.";"0.00";"0.00";"0.00"
"2018";"11";"14";"3";"19";"7628";"193.";"3.0";"9.5";"93.";"8.";"0.00";"0.00";"0.00"
"2018";"11";"14";"3";"20";"7629";"201.";"3.6";"9.8";"93.";"8.";"0.00";"0.00";"0.00"
"2018";"11";"14";"3";"21";"7630";"210.";"4.8";"9.7";"95.";"8.";"0.00";"0.00";"0.00"
"2018";"11";"14";"3";"22";"7631";"215.";"5.0";"9.6";"95.";"8.";"0.00";"0.00";"0.00"
"2018";"11";"14";"3";"23";"7632";"210.";"4.7";"9.5";"95.";"8.";"0.00";"0.00";"0.00"
"2018";"11";"15";"4";"0";"7633";"203.";"4.6";"9.5";"95.";"8.";"0.00";"0.00";"0.00"
"2018";"11";"15";"4";"1";"7634";"202.";"4.7";"9.3";"95.";"8.";"0.00";"0.00";"0.00"
"2018";"11";"15";"4";"2";"7635";"198.";"4.7";"9.3";"94.";"8.";"0.00";"0.00";"0.00"
"2018";"11";"15";"4";"3";"7636";"196.";"4.4";"9.3";"93.";"8.";"0.00";"0.00";"0.00"
"2018";"11";"15";"4";"4";"7637";"197.";"4.5";"9.4";"94.";"8.";"0.00";"0.00";"0.00"
"2018";"11";"15";"4";"5";"7638";"198.";"4.6";"9.6";"94.";"7.";"0.00";"0.00";"0.00"
"2018";"11";"15";"4";"6";"7639";"195.";"4.4";"9.6";"94.";"8.";"0.00";"0.00";"0.00"
"2018";"11";"15";"4";"7";"7640";"198.";"4.1";"9.8";"94.";"8.";"0.00";"0.00";"0.00"
"2018";"11";"15";"4";"8";"7641";"195.";"3.9";"9.9";"94.";"8.";"0.00";"0.00";"0.00"
"2018";"11";"15";"4";"9";"7642";"206.";"3.9";"10.0";"93.";"8.";"19.89";"0.00";"19.89"
"2018";"11";"15";"4";"10";"7643";"203.";"4.3";"10.1";"92.";"8.";"41.91";"0.00";"41.91"
"2018";"11";"15";"4";"11";"7644";"200.";"4.1";"10.5";"91.";"5.";"104.97";"123.54";"76.55"
"2018";"11";"15";"4";"12";"7645";"200.";"4.1";"10.5";"90.";"5.";"108.01";"142.23";"75.29"
"2018";"11";"15";"4";"13";"7646";"193.";"3.9";"10.2";"90.";"8.";"43.77";"0.00";"43.77"
"2018";"11";"15";"4";"14";"7647";"188.";"3.7";"10.1";"90.";"6.";"36.40";"68.70";"27.49"
"2018";"11";"15";"4";"15";"7648";"172.";"3.5";"9.5";"89.";"7.";"0.00";"0.00";"0.00"
"2018";"11";"15";"4";"16";"7649";"168.";"3.4";"9.0";"91.";"6.";"0.00";"0.00";"0.00"
"2018";"11";"15";"4";"17";"7650";"162.";"3.5";"8.7";"91.";"1.";"0.00";"0.00";"0.00"
"2018";"11";"15";"4";"18";"7651";"163.";"3.2";"8.7";"92.";"4.";"0.00";"0.00";"0.00"
"2018";"11";"15";"4";"19";"7652";"161.";"3.4";"8.9";"92.";"2.";"0.00";"0.00";"0.00"
"2018";"11";"15";"4";"20";"7653";"161.";"3.5";"8.4";"92.";"3.";"0.00";"0.00";"0.00"
"2018";"11";"15";"4";"21";"7654";"164.";"3.4";"8.0";"92.";"0.";"0.00";"0.00";"0.00"
"2018";"11";"15";"4";"22";"7655";"166.";"3.5";"7.6";"92.";"1.";"0.00";"0.00";"0.00"
"2018";"11";"15";"4";"23";"7656";"167.";"3.4";"7.9";"92.";"4.";"0.00";"0.00";"0.00"
"2018";"11";"16";"5";"0";"7657";"166.";"3.7";"8.3";"92.";"7.";"0.00";"0.00";"0.00"
"2018";"11";"16";"5";"1";"7658";"167.";"4.3";"8.2";"90.";"8.";"0.00";"0.00";"0.00"
"2018";"11";"16";"5";"2";"7659";"165.";"4.4";"7.9";"90.";"7.";"0.00";"0.00";"0.00"
"2018";"11";"16";"5";"3";"7660";"158.";"4.6";"7.5";"90.";"6.";"0.00";"0.00";"0.00"
"2018";"11";"16";"5";"4";"7661";"154.";"4.5";"6.9";"90.";"7.";"0.00";"0.00";"0.00"
"2018";"11";"16";"5";"5";"7662";"159.";"4.2";"6.6";"90.";"6.";"0.00";"0.00";"0.00"
"2018";"11";"16";"5";"6";"7663";"157.";"4.4";"6.4";"89.";"7.";"0.00";"0.00";"0.00"
"2018";"11";"16";"5";"7";"7664";"163.";"4.2";"6.5";"88.";"7.";"0.00";"0.00";"0.00"
"2018";"11";"16";"5";"8";"7665";"162.";"4.7";"6.6";"88.";"7.";"0.00";"0.00";"0.00"
"2018";"11";"16";"5";"9";"7666";"163.";"4.1";"7.5";"86.";"2.";"64.82";"230.26";"35.85"
"2018";"11";"16";"5";"10";"7667";"161.";"4.1";"8.4";"82.";"2.";"129.63";"350.68";"62.36"
"2018";"11";"16";"5";"11";"7668";"172.";"4.4";"9.0";"78.";"1.";"182.35";"486.31";"72.46"
"2018";"11";"16";"5";"12";"7669";"170.";"4.4";"9.5";"75.";"1.";"183.34";"497.68";"70.88"
"2018";"11";"16";"5";"13";"7670";"168.";"4.7";"9.4";"75.";"2.";"133.33";"395.55";"57.46"
"2018";"11";"16";"5";"14";"7671";"163.";"4.7";"8.8";"75.";"0.";"80.49";"374.49";"33.38"
"2018";"11";"16";"5";"15";"7672";"151.";"3.0";"8.0";"78.";"0.";"0.00";"0.00";"0.00"
"2018";"11";"16";"5";"16";"7673";"149.";"2.7";"7.1";"81.";"0.";"0.00";"0.00";"0.00"
"2018";"11";"16";"5";"17";"7674";"152.";"2.8";"6.6";"84.";"0.";"0.00";"0.00";"0.00"
"2018";"11";"16";"5";"18";"7675";"147.";"2.6";"6.3";"85.";"1.";"0.00";"0.00";"0.00"
"2018";"11";"16";"5";"19";"7676";"161.";"2.5";"5.7";"86.";"0.";"0.00";"0.00";"0.00"
"2018";"11";"16";"5";"20";"7677";"160.";"2.9";"5.1";"88.";"0.";"0.00";"0.00";"0.00"
"2018";"11";"16";"5";"21";"7678";"165.";"3.1";"4.9";"88.";"0.";"0.00";"0.00";"0.00"
"2018";"11";"16";"5";"22";"7679";"163.";"3.2";"4.5";"89.";"5.";"0.00";"0.00";"0.00"
"2018";"11";"16";"5";"23";"7680";"171.";"2.3";"4.8";"89.";"8.";"0.00";"0.00";"0.00"
"2018";"11";"17";"6";"0";"7681";"162.";"2.0";"5.2";"90.";"8.";"0.00";"0.00";"0.00"
"2018";"11";"17";"6";"1";"7682";"160.";"1.8";"5.6";"90.";"8.";"0.00";"0.00";"0.00"
"2018";"11";"17";"6";"2";"7683";"154.";"2.4";"5.7";"90.";"8.";"0.00";"0.00";"0.00"
"2018";"11";"17";"6";"3";"7684";"146.";"2.6";"5.7";"90.";"7.";"0.00";"0.00";"0.00"
"2018";"11";"17";"6";"4";"7685";"149.";"2.7";"5.8";"90.";"6.";"0.00";"0.00";"0.00"
"2018";"11";"17";"6";"5";"7686";"155.";"2.3";"5.8";"90.";"6.";"0.00";"0.00";"0.00"
"2018";"11";"17";"6";"6";"7687";"142.";"2.1";"5.8";"90.";"8.";"0.00";"0.00";"0.00"
"2018";"11";"17";"6";"7";"7688";"137.";"1.6";"5.9";"89.";"8.";"0.00";"0.00";"0.00"
"2018";"11";"17";"6";"8";"7689";"159.";"1.5";"6.1";"88.";"8.";"0.00";"0.00";"0.00"
"2018";"11";"17";"6";"9";"7690";"175.";"1.6";"6.5";"87.";"8.";"23.74";"0.00";"23.74"
"2018";"11";"17";"6";"10";"7691";"182.";"1.7";"7.0";"86.";"7.";"63.03";"66.97";"50.44"
"2018";"11";"17";"6";"11";"7692";"174.";"1.6";"7.2";"84.";"7.";"80.66";"74.63";"64.09"
"2018";"11";"17";"6";"12";"7693";"150.";"1.5";"7.3";"84.";"8.";"60.24";"0.00";"60.24"
"2018";"11";"17";"6";"13";"7694";"166.";"1.0";"7.3";"82.";"8.";"47.29";"0.00";"47.29"
"2018";"11";"17";"6";"14";"7695";"197.";"1.0";"7.2";"82.";"8.";"23.61";"0.00";"23.61"
"2018";"11";"17";"6";"15";"7696";"226.";"1.1";"6.9";"83.";"7.";"0.00";"0.00";"0.00"
"2018";"11";"17";"6";"16";"7697";"230.";"1.0";"6.7";"83.";"8.";"0.00";"0.00";"0.00"
"2018";"11";"17";"6";"17";"7698";"265.";"1.2";"6.5";"83.";"8.";"0.00";"0.00";"0.00"
"2018";"11";"17";"6";"18";"7699";"309.";"1.0";"6.4";"83.";"8.";"0.00";"0.00";"0.00"
"2018";"11";"17";"6";"19";"7700";"315.";"1.0";"6.4";"83.";"8.";"0.00";"0.00";"0.00"
"2018";"11";"17";"6";"20";"7701";"330.";"0.8";"6.3";"85.";"8.";"0.00";"0.00";"0.00"
"2018";"11";"17";"6";"21";"7702";"259.";"0.5";"6.2";"86.";"8.";"0.00";"0.00";"0.00"
"2018";"11";"17";"6";"22";"7703";"289.";"0.5";"6.4";"87.";"8.";"0.00";"0.00";"0.00"
"2018";"11";"17";"6";"23";"7704";"324.";"1.1";"6.2";"87.";"8.";"0.00";"0.00";"0.00"
"2018";"11";"18";"7";"0";"7705";"321.";"1.4";"6.0";"88.";"8.";"0.00";"0.00";"0.00"
"2018";"11";"18";"7";"1";"7706";"343.";"1.1";"5.9";"88.";"8.";"0.00";"0.00";"0.00"
"2018";"11";"18";"7";"2";"7707";"13.";"1.6";"5.4";"88.";"8.";"0.00";"0.00";"0.00"
"2018";"11";"18";"7";"3";"7708";"13.";"1.9";"4.4";"90.";"8.";"0.00";"0.00";"0.00"
"2018";"11";"18";"7";"4";"7709";"31.";"2.3";"4.6";"91.";"8.";"0.00";"0.00";"0.00"
"2018";"11";"18";"7";"5";"7710";"29.";"2.7";"5.4";"92.";"8.";"0.00";"0.00";"0.00"
"2018";"11";"18";"7";"6";"7711";"52.";"3.5";"5.9";"88.";"8.";"0.00";"0.00";"0.00"
"2018";"11";"18";"7";"7";"7712";"51.";"3.5";"6.2";"86.";"8.";"0.00";"0.00";"0.00"
"2018";"11";"18";"7";"8";"7713";"51.";"3.5";"5.5";"85.";"2.";"0.00";"0.00";"0.00"
"2018";"11";"18";"7";"9";"7714";"51.";"4.1";"5.6";"82.";"4.";"54.06";"215.80";"28.54"
"2018";"11";"18";"7";"10";"7715";"47.";"4.2";"6.0";"77.";"1.";"149.39";"543.20";"49.40"
"2018";"11";"18";"7";"11";"7716";"47.";"4.9";"6.4";"73.";"0.";"201.60";"686.04";"51.94"
"2018";"11";"18";"7";"12";"7717";"51.";"5.3";"6.1";"74.";"0.";"206.31";"693.93";"54.93"
"2018";"11";"18";"7";"13";"7718";"57.";"6.2";"5.0";"77.";"5.";"98.03";"235.58";"54.66"
"2018";"11";"18";"7";"14";"7719";"60.";"6.3";"4.7";"79.";"7.";"34.16";"56.38";"27.49"
"2018";"11";"18";"7";"15";"7720";"63.";"7.0";"4.3";"80.";"8.";"0.00";"0.00";"0.00"
"2018";"11";"18";"7";"16";"7721";"65.";"6.5";"4.2";"79.";"6.";"0.00";"0.00";"0.00"
"2018";"11";"18";"7";"17";"7722";"64.";"5.7";"4.4";"78.";"7.";"0.00";"0.00";"0.00"
"2018";"11";"18";"7";"18";"7723";"66.";"5.2";"4.7";"77.";"6.";"0.00";"0.00";"0.00"
"2018";"11";"18";"7";"19";"7724";"68.";"4.9";"5.0";"75.";"6.";"0.00";"0.00";"0.00"
"2018";"11";"18";"7";"20";"7725";"66.";"4.1";"5.2";"75.";"7.";"0.00";"0.00";"0.00"
"2018";"11";"18";"7";"21";"7726";"62.";"3.8";"5.0";"76.";"8.";"0.00";"0.00";"0.00"
"2018";"11";"18";"7";"22";"7727";"61.";"3.4";"4.7";"76.";"7.";"0.00";"0.00";"0.00"
"2018";"11";"18";"7";"23";"7728";"61.";"3.5";"4.6";"73.";"6.";"0.00";"0.00";"0.00"
"2018";"11";"19";"1";"0";"7729";"58.";"3.2";"4.4";"71.";"5.";"0.00";"0.00";"0.00"
"2018";"11";"19";"1";"1";"7730";"64.";"3.7";"4.0";"70.";"7.";"0.00";"0.00";"0.00"
"2018";"11";"19";"1";"2";"7731";"65.";"3.6";"3.6";"70.";"6.";"0.00";"0.00";"0.00"
"2018";"11";"19";"1";"3";"7732";"65.";"4.1";"3.2";"68.";"5.";"0.00";"0.00";"0.00"
"2018";"11";"19";"1";"4";"7733";"59.";"3.8";"3.0";"70.";"3.";"0.00";"0.00";"0.00"
"2018";"11";"19";"1";"5";"7734";"59.";"4.0";"3.1";"70.";"7.";"0.00";"0.00";"0.00"
"2018";"11";"19";"1";"6";"7735";"63.";"4.6";"2.9";"68.";"4.";"0.00";"0.00";"0.00"
"2018";"11";"19";"1";"7";"7736";"60.";"3.9";"2.6";"70.";"2.";"0.00";"0.00";"0.00"
"2018";"11";"19";"1";"8";"7737";"56.";"3.6";"2.2";"73.";"1.";"0.00";"0.00";"0.00"
"2018";"11";"19";"1";"9";"7738";"50.";"4.2";"3.0";"70.";"0.";"81.62";"428.52";"32.49"
"2018";"11";"19";"1";"10";"7739";"59.";"4.8";"3.6";"68.";"0.";"157.27";"581.87";"52.32"
"2018";"11";"19";"1";"11";"7740";"61.";"5.3";"3.9";"68.";"4.";"142.85";"353.33";"67.11"
"2018";"11";"19";"1";"12";"7741";"62.";"4.5";"4.3";"68.";"2.";"171.58";"513.02";"61.61"
"2018";"11";"19";"1";"13";"7742";"66.";"4.4";"4.0";"70.";"8.";"48.71";"0.00";"48.71"
"2018";"11";"19";"1";"14";"7743";"59.";"4.2";"3.8";"71.";"7.";"33.32";"55.89";"26.91"
"2018";"11";"19";"1";"15";"7744";"51.";"3.8";"3.5";"74.";"6.";"0.00";"0.00";"0.00"
"2018";"11";"19";"1";"16";"7745";"46.";"3.7";"3.0";"77.";"6.";"0.00";"0.00";"0.00"
"2018";"11";"19";"1";"17";"7746";"51.";"3.8";"2.6";"80.";"2.";"0.00";"0.00";"0.00"
"2018";"11";"19";"1";"18";"7747";"56.";"3.2";"2.1";"83.";"1.";"0.00";"0.00";"0.00"
"2018";"11";"19";"1";"19";"7748";"45.";"3.1";"1.7";"86.";"1.";"0.00";"0.00";"0.00"
"2018";"11";"19";"1";"20";"7749";"48.";"3.1";"1.3";"87.";"2.";"0.00";"0.00";"0.00"
"2018";"11";"19";"1";"21";"7750";"51.";"2.8";"1.1";"89.";"4.";"0.00";"0.00";"0.00"
"2018";"11";"19";"1";"22";"7751";"51.";"3.1";"1.1";"88.";"2.";"0.00";"0.00";"0.00"
"2018";"11";"19";"1";"23";"7752";"46.";"3.2";"1.0";"88.";"6.";"0.00";"0.00";"0.00"
"2018";"11";"20";"2";"0";"7753";"52.";"3.0";"1.7";"86.";"5.";"0.00";"0.00";"0.00"
"2018";"11";"20";"2";"1";"7754";"54.";"3.0";"1.9";"85.";"5.";"0.00";"0.00";"0.00"
"2018";"11";"20";"2";"2";"7755";"57.";"3.0";"1.8";"86.";"8.";"0.00";"0.00";"0.00"
"2018";"11";"20";"2";"3";"7756";"64.";"2.8";"1.2";"89.";"1.";"0.00";"0.00";"0.00"
"2018";"11";"20";"2";"4";"7757";"58.";"3.4";"1.1";"91.";"4.";"0.00";"0.00";"0.00"
"2018";"11";"20";"2";"5";"7758";"56.";"3.0";"0.9";"90.";"5.";"0.00";"0.00";"0.00"
"2018";"11";"20";"2";"6";"7759";"62.";"3.6";"0.8";"89.";"3.";"0.00";"0.00";"0.00"
"2018";"11";"20";"2";"7";"7760";"63.";"3.3";"0.7";"90.";"3.";"0.00";"0.00";"0.00"
"2018";"11";"20";"2";"8";"7761";"65.";"3.7";"1.0";"88.";"3.";"0.00";"0.00";"0.00"
"2018";"11";"20";"2";"9";"7762";"68.";"3.9";"2.1";"84.";"3.";"58.76";"269.87";"28.78"
"2018";"11";"20";"2";"10";"7763";"72.";"3.9";"3.2";"79.";"6.";"77.10";"147.38";"51.05"
"2018";"11";"20";"2";"11";"7764";"75.";"4.0";"3.9";"74.";"4.";"134.79";"336.64";"63.87"
"2018";"11";"20";"2";"12";"7765";"79.";"4.4";"4.1";"71.";"5.";"121.07";"261.03";"66.07"
"2018";"11";"20";"2";"13";"7766";"80.";"3.9";"4.0";"70.";"8.";"46.96";"0.00";"46.96"
"2018";"11";"20";"2";"14";"7767";"77.";"4.1";"3.7";"71.";"5.";"47.70";"169.12";"28.91"
"2018";"11";"20";"2";"15";"7768";"67.";"3.7";"2.8";"72.";"3.";"0.00";"0.00";"0.00"
"2018";"11";"20";"2";"16";"7769";"62.";"3.8";"2.3";"77.";"8.";"0.00";"0.00";"0.00"
"2018";"11";"20";"2";"17";"7770";"71.";"4.4";"2.1";"77.";"4.";"0.00";"0.00";"0.00"
"2018";"11";"20";"2";"18";"7771";"72.";"4.3";"2.5";"77.";"5.";"0.00";"0.00";"0.00"
"2018";"11";"20";"2";"19";"7772";"75.";"3.7";"2.5";"78.";"8.";"0.00";"0.00";"0.00"
"2018";"11";"20";"2";"20";"7773";"73.";"3.9";"2.8";"75.";"8.";"0.00";"0.00";"0.00"
"2018";"11";"20";"2";"21";"7774";"70.";"3.3";"2.6";"82.";"6.";"0.00";"0.00";"0.00"
"2018";"11";"20";"2";"22";"7775";"74.";"3.5";"2.1";"82.";"7.";"0.00";"0.00";"0.00"
"2018";"11";"20";"2";"23";"7776";"73.";"3.3";"1.5";"84.";"7.";"0.00";"0.00";"0.00"
"2018";"11";"21";"3";"0";"7777";"76.";"2.8";"1.3";"85.";"7.";"0.00";"0.00";"0.00"
"2018";"11";"21";"3";"1";"7778";"76.";"2.5";"1.3";"86.";"7.";"0.00";"0.00";"0.00"
"2018";"11";"21";"3";"2";"7779";"86.";"3.0";"1.5";"85.";"7.";"0.00";"0.00";"0.00"
"2018";"11";"21";"3";"3";"7780";"65.";"2.9";"1.6";"88.";"5.";"0.00";"0.00";"0.00"
"2018";"11";"21";"3";"4";"7781";"65.";"3.0";"1.3";"88.";"5.";"0.00";"0.00";"0.00"
"2018";"11";"21";"3";"5";"7782";"68.";"3.3";"1.2";"88.";"4.";"0.00";"0.00";"0.00"
"2018";"11";"21";"3";"6";"7783";"56.";"3.3";"1.0";"87.";"2.";"0.00";"0.00";"0.00"
"2018";"11";"21";"3";"7";"7784";"63.";"3.0";"0.9";"86.";"1.";"0.00";"0.00";"0.00"
"2018";"11";"21";"3";"8";"7785";"62.";"2.6";"1.1";"87.";"0.";"0.00";"0.00";"0.00"
"2018";"11";"21";"3";"9";"7786";"63.";"2.6";"1.6";"86.";"5.";"43.53";"157.01";"26.63"
"2018";"11";"21";"3";"10";"7787";"75.";"2.7";"2.4";"82.";"7.";"61.79";"75.66";"48.69"
"2018";"11";"21";"3";"11";"7788";"86.";"3.1";"2.9";"79.";"8.";"58.53";"0.00";"58.53"
"2018";"11";"21";"3";"12";"7789";"93.";"2.8";"3.3";"77.";"8.";"60.33";"0.00";"60.33"
"2018";"11";"21";"3";"13";"7790";"79.";"2.3";"3.5";"77.";"8.";"46.14";"0.00";"46.14"
"2018";"11";"21";"3";"14";"7791";"65.";"2.3";"3.5";"76.";"8.";"22.19";"0.00";"22.19"
"2018";"11";"21";"3";"15";"7792";"65.";"3.1";"3.2";"78.";"6.";"0.00";"0.00";"0.00"
"2018";"11";"21";"3";"16";"7793";"58.";"2.4";"2.9";"81.";"6.";"0.00";"0.00";"0.00"
"2018";"11";"21";"3";"17";"7794";"64.";"2.7";"3.1";"79.";"6.";"0.00";"0.00";"0.00"
"2018";"11";"21";"3";"18";"7795";"60.";"2.3";"3.0";"79.";"6.";"0.00";"0.00";"0.00"
"2018";"11";"21";"3";"19";"7796";"62.";"2.6";"2.7";"82.";"6.";"0.00";"0.00";"0.00"
"2018";"11";"21";"3";"20";"7797";"65.";"2.7";"2.3";"84.";"7.";"0.00";"0.00";"0.00"
"2018";"11";"21";"3";"21";"7798";"55.";"1.8";"2.4";"85.";"8.";"0.00";"0.00";"0.00"
"2018";"11";"21";"3";"22";"7799";"63.";"1.8";"2.5";"83.";"8.";"0.00";"0.00";"0.00"
"2018";"11";"21";"3";"23";"7800";"61.";"1.7";"2.6";"82.";"8.";"0.00";"0.00";"0.00"
"2018";"11";"22";"4";"0";"7801";"64.";"1.7";"2.8";"80.";"8.";"0.00";"0.00";"0.00"
"2018";"11";"22";"4";"1";"7802";"65.";"1.6";"2.9";"80.";"8.";"0.00";"0.00";"0.00"
"2018";"11";"22";"4";"2";"7803";"63.";"1.2";"2.7";"80.";"8.";"0.00";"0.00";"0.00"
"2018";"11";"22";"4";"3";"7804";"71.";"1.6";"2.7";"80.";"8.";"0.00";"0.00";"0.00"
"2018";"11";"22";"4";"4";"7805";"69.";"1.4";"2.5";"79.";"8.";"0.00";"0.00";"0.00"
"2018";"11";"22";"4";"5";"7806";"73.";"1.1";"2.4";"80.";"7.";"0.00";"0.00";"0.00"
"2018";"11";"22";"4";"6";"7807";"74.";"1.1";"2.4";"80.";"5.";"0.00";"0.00";"0.00"
"2018";"11";"22";"4";"7";"7808";"63.";"0.5";"2.2";"80.";"3.";"0.00";"0.00";"0.00"
"2018";"11";"22";"4";"8";"7809";"71.";"0.6";"2.0";"82.";"4.";"0.00";"0.00";"0.00"
"2018";"11";"22";"4";"9";"7810";"9.";"0.2";"2.0";"83.";"6.";"35.21";"105.00";"24.26"
"2018";"11";"22";"4";"10";"7811";"327.";"0.4";"2.0";"84.";"8.";"45.03";"0.00";"45.03"
"2018";"11";"22";"4";"11";"7812";"102.";"0.4";"2.0";"83.";"8.";"57.30";"0.00";"57.30"
"2018";"11";"22";"4";"12";"7813";"90.";"0.4";"2.0";"83.";"8.";"57.33";"0.00";"57.33"
"2018";"11";"22";"4";"13";"7814";"76.";"0.4";"1.8";"83.";"8.";"44.89";"0.00";"44.89"
"2018";"11";"22";"4";"14";"7815";"348.";"0.3";"1.7";"83.";"8.";"20.83";"0.00";"20.83"
"2018";"11";"22";"4";"15";"7816";"353.";"0.4";"1.6";"84.";"8.";"0.00";"0.00";"0.00"
"2018";"11";"22";"4";"16";"7817";"49.";"0.7";"1.5";"85.";"8.";"0.00";"0.00";"0.00"
"2018";"11";"22";"4";"17";"7818";"62.";"1.0";"1.2";"86.";"6.";"0.00";"0.00";"0.00"
"2018";"11";"22";"4";"18";"7819";"52.";"0.6";"0.9";"87.";"6.";"0.00";"0.00";"0.00"
"2018";"11";"22";"4";"19";"7820";"57.";"0.5";"0.8";"89.";"6.";"0.00";"0.00";"0.00"
"2018";"11";"22";"4";"20";"7821";"70.";"1.1";"0.6";"89.";"5.";"0.00";"0.00";"0.00"
"2018";"11";"22";"4";"21";"7822";"67.";"0.9";"0.4";"90.";"4.";"0.00";"0.00";"0.00"
"2018";"11";"22";"4";"22";"7823";"305.";"0.2";"0.4";"91.";"4.";"0.00";"0.00";"0.00"
"2018";"11";"22";"4";"23";"7824";"95.";"0.4";"0.3";"91.";"3.";"0.00";"0.00";"0.00"
"2018";"11";"23";"5";"0";"7825";"113.";"0.2";"0.1";"92.";"3.";"0.00";"0.00";"0.00"
"2018";"11";"23";"5";"1";"7826";"100.";"0.5";"-0";"93.";"6.";"0.00";"0.00";"0.00"
"2018";"11";"23";"5";"2";"7827";"51.";"0.9";"-0.1";"93.";"8.";"0.00";"0.00";"0.00"
"2018";"11";"23";"5";"3";"7828";"32.";"0.7";"-0.2";"95.";"8.";"0.00";"0.00";"0.00"
"2018";"11";"23";"5";"4";"7829";"22.";"0.8";"-0.3";"95.";"8.";"0.00";"0.00";"0.00"
"2018";"11";"23";"5";"5";"7830";"63.";"1.7";"-0.3";"95.";"8.";"0.00";"0.00";"0.00"
"2018";"11";"23";"5";"6";"7831";"63.";"1.0";"-0.5";"95.";"8.";"0.00";"0.00";"0.00"
"2018";"11";"23";"5";"7";"7832";"52.";"0.5";"-0.5";"93.";"8.";"0.00";"0.00";"0.00"
"2018";"11";"23";"5";"8";"7833";"62.";"0.9";"-0.6";"93.";"8.";"0.00";"0.00";"0.00"
"2018";"11";"23";"5";"9";"7834";"61.";"1.1";"-0.4";"91.";"7.";"25.14";"32.18";"21.89"
"2018";"11";"23";"5";"10";"7835";"81.";"1.2";"-0.3";"90.";"7.";"58.62";"70.53";"46.88"
"2018";"11";"23";"5";"11";"7836";"97.";"0.8";"-0.1";"88.";"8.";"55.86";"0.00";"55.86"
"2018";"11";"23";"5";"12";"7837";"101.";"0.3";"-0";"86.";"8.";"56.57";"0.00";"56.57"
"2018";"11";"23";"5";"13";"7838";"71.";"1.0";"0.0";"87.";"8.";"44.55";"0.00";"44.55"
"2018";"11";"23";"5";"14";"7839";"65.";"1.0";"0.1";"87.";"8.";"20.74";"0.00";"20.74"
"2018";"11";"23";"5";"15";"7840";"69.";"1.8";"-0.1";"88.";"8.";"0.00";"0.00";"0.00"
"2018";"11";"23";"5";"16";"7841";"71.";"2.1";"-0.2";"87.";"7.";"0.00";"0.00";"0.00"
"2018";"11";"23";"5";"17";"7842";"67.";"1.9";"-0.2";"87.";"8.";"0.00";"0.00";"0.00"
"2018";"11";"23";"5";"18";"7843";"66.";"1.5";"-0.3";"87.";"8.";"0.00";"0.00";"0.00"
"2018";"11";"23";"5";"19";"7844";"82.";"1.7";"-0.5";"86.";"8.";"0.00";"0.00";"0.00"
"2018";"11";"23";"5";"20";"7845";"88.";"1.6";"-0.6";"87.";"8.";"0.00";"0.00";"0.00"
"2018";"11";"23";"5";"21";"7846";"96.";"1.5";"-0.7";"88.";"8.";"0.00";"0.00";"0.00"
"2018";"11";"23";"5";"22";"7847";"72.";"1.2";"-0.8";"88.";"8.";"0.00";"0.00";"0.00"
"2018";"11";"23";"5";"23";"7848";"59.";"1.2";"-0.8";"88.";"8.";"0.00";"0.00";"0.00"
"2018";"11";"24";"6";"0";"7849";"65.";"1.0";"-0.8";"89.";"8.";"0.00";"0.00";"0.00"
"2018";"11";"24";"6";"1";"7850";"55.";"1.1";"-0.9";"89.";"8.";"0.00";"0.00";"0.00"
"2018";"11";"24";"6";"2";"7851";"41.";"1.2";"-0.9";"90.";"8.";"0.00";"0.00";"0.00"
"2018";"11";"24";"6";"3";"7852";"53.";"1.6";"-1.2";"92.";"8.";"0.00";"0.00";"0.00"
"2018";"11";"24";"6";"4";"7853";"54.";"1.7";"-1.2";"93.";"8.";"0.00";"0.00";"0.00"
"2018";"11";"24";"6";"5";"7854";"54.";"1.9";"-1.3";"93.";"8.";"0.00";"0.00";"0.00"
"2018";"11";"24";"6";"6";"7855";"54.";"2.0";"-1.3";"92.";"8.";"0.00";"0.00";"0.00"
"2018";"11";"24";"6";"7";"7856";"58.";"2.4";"-1.3";"90.";"8.";"0.00";"0.00";"0.00"
"2018";"11";"24";"6";"8";"7857";"54.";"2.9";"-1.1";"88.";"7.";"0.00";"0.00";"0.00"
"2018";"11";"24";"6";"9";"7858";"58.";"3.6";"-1.0";"86.";"8.";"19.83";"0.00";"19.83"
"2018";"11";"24";"6";"10";"7859";"52.";"4.0";"-1.1";"83.";"8.";"43.87";"0.00";"43.87"
"2018";"11";"24";"6";"11";"7860";"55.";"4.6";"-1.0";"81.";"8.";"56.38";"0.00";"56.38"
"2018";"11";"24";"6";"12";"7861";"62.";"4.9";"-0.2";"79.";"7.";"77.23";"85.76";"60.34"
"2018";"11";"24";"6";"13";"7862";"76.";"3.1";"0.4";"78.";"7.";"58.57";"75.76";"46.20"
"2018";"11";"24";"6";"14";"7863";"48.";"2.2";"0.4";"79.";"6.";"33.20";"100.22";"23.39"
"2018";"11";"24";"6";"15";"7864";"33.";"2.4";"-0.6";"84.";"3.";"0.00";"0.00";"0.00"
"2018";"11";"24";"6";"16";"7865";"23.";"2.3";"-1.3";"87.";"5.";"0.00";"0.00";"0.00"
"2018";"11";"24";"6";"17";"7866";"26.";"2.6";"-1.5";"88.";"7.";"0.00";"0.00";"0.00"
"2018";"11";"24";"6";"18";"7867";"43.";"2.7";"-1.3";"88.";"3.";"0.00";"0.00";"0.00"
"2018";"11";"24";"6";"19";"7868";"53.";"2.7";"-1.4";"89.";"6.";"0.00";"0.00";"0.00"
"2018";"11";"24";"6";"20";"7869";"49.";"2.5";"-1.9";"89.";"3.";"0.00";"0.00";"0.00"
"2018";"11";"24";"6";"21";"7870";"51.";"2.2";"-2.4";"89.";"4.";"0.00";"0.00";"0.00"
"2018";"11";"24";"6";"22";"7871";"54.";"3.0";"-2.1";"89.";"5.";"0.00";"0.00";"0.00"
"2018";"11";"24";"6";"23";"7872";"35.";"2.6";"-2.6";"90.";"1.";"0.00";"0.00";"0.00"
"2018";"11";"25";"7";"0";"7873";"37.";"2.5";"-3.1";"90.";"0.";"0.00";"0.00";"0.00"
"2018";"11";"25";"7";"1";"7874";"30.";"2.2";"-3.2";"92.";"1.";"0.00";"0.00";"0.00"
"2018";"11";"25";"7";"2";"7875";"36.";"2.7";"-3.3";"93.";"1.";"0.00";"0.00";"0.00"
"2018";"11";"25";"7";"3";"7876";"42.";"2.7";"-3.2";"92.";"3.";"0.00";"0.00";"0.00"
"2018";"11";"25";"7";"4";"7877";"59.";"3.7";"-2.8";"91.";"6.";"0.00";"0.00";"0.00"
"2018";"11";"25";"7";"5";"7878";"51.";"3.3";"-2.9";"92.";"8.";"0.00";"0.00";"0.00"
"2018";"11";"25";"7";"6";"7879";"51.";"3.6";"-2.9";"91.";"7.";"0.00";"0.00";"0.00"
"2018";"11";"25";"7";"7";"7880";"49.";"3.2";"-3.2";"91.";"1.";"0.00";"0.00";"0.00"
"2018";"11";"25";"7";"8";"7881";"47.";"2.9";"-3.0";"91.";"0.";"0.00";"0.00";"0.00"
"2018";"11";"25";"7";"9";"7882";"52.";"3.2";"-1.7";"89.";"0.";"62.70";"397.56";"25.00"
"2018";"11";"25";"7";"10";"7883";"52.";"3.2";"-0.6";"85.";"1.";"127.46";"502.78";"46.99"
"2018";"11";"25";"7";"11";"7884";"39.";"2.8";"0.6";"83.";"2.";"150.38";"480.24";"57.30"
"2018";"11";"25";"7";"12";"7885";"35.";"3.0";"1.1";"80.";"0.";"175.38";"621.11";"55.00"
"2018";"11";"25";"7";"13";"7886";"33.";"3.2";"1.1";"77.";"0.";"136.93";"573.79";"45.09"
"2018";"11";"25";"7";"14";"7887";"36.";"2.7";"0.7";"79.";"0.";"61.37";"383.97";"24.95"
"2018";"11";"25";"7";"15";"7888";"38.";"2.6";"-0.6";"83.";"0.";"0.00";"0.00";"0.00"
"2018";"11";"25";"7";"16";"7889";"39.";"2.1";"-1.6";"87.";"2.";"0.00";"0.00";"0.00"
"2018";"11";"25";"7";"17";"7890";"35.";"1.6";"-2.3";"89.";"1.";"0.00";"0.00";"0.00"
"2018";"11";"25";"7";"18";"7891";"44.";"1.8";"-3.2";"91.";"0.";"0.00";"0.00";"0.00"
"2018";"11";"25";"7";"19";"7892";"35.";"1.5";"-3.9";"91.";"2.";"0.00";"0.00";"0.00"
"2018";"11";"25";"7";"20";"7893";"39.";"1.4";"-4.0";"92.";"4.";"0.00";"0.00";"0.00"
"2018";"11";"25";"7";"21";"7894";"39.";"1.4";"-5.0";"92.";"8.";"0.00";"0.00";"0.00"
"2018";"11";"25";"7";"22";"7895";"41.";"1.4";"-5.5";"93.";"8.";"0.00";"0.00";"0.00"
"2018";"11";"25";"7";"23";"7896";"43.";"1.4";"-5.3";"92.";"6.";"0.00";"0.00";"0.00"
"2018";"11";"26";"1";"0";"7897";"46.";"1.1";"-5.8";"92.";"2.";"0.00";"0.00";"0.00"
"2018";"11";"26";"1";"1";"7898";"44.";"1.4";"-6.0";"92.";"1.";"0.00";"0.00";"0.00"
"2018";"11";"26";"1";"2";"7899";"46.";"1.5";"-6.2";"92.";"3.";"0.00";"0.00";"0.00"
"2018";"11";"26";"1";"3";"7900";"61.";"1.2";"-6.1";"92.";"0.";"0.00";"0.00";"0.00"
"2018";"11";"26";"1";"4";"7901";"69.";"1.4";"-5.5";"92.";"3.";"0.00";"0.00";"0.00"
"2018";"11";"26";"1";"5";"7902";"70.";"1.3";"-4.7";"92.";"8.";"0.00";"0.00";"0.00"
"2018";"11";"26";"1";"6";"7903";"68.";"1.5";"-4.4";"91.";"8.";"0.00";"0.00";"0.00"
"2018";"11";"26";"1";"7";"7904";"70.";"1.1";"-4.4";"91.";"5.";"0.00";"0.00";"0.00"
"2018";"11";"26";"1";"8";"7905";"73.";"0.7";"-4.9";"90.";"8.";"0.00";"0.00";"0.00"
"2018";"11";"26";"1";"9";"7906";"51.";"0.8";"-3.6";"89.";"8.";"18.91";"0.00";"18.91"
"2018";"11";"26";"1";"10";"7907";"54.";"1.1";"-2.3";"90.";"8.";"40.43";"0.00";"40.43"
"2018";"11";"26";"1";"11";"7908";"60.";"1.5";"-1.5";"87.";"8.";"52.15";"0.00";"52.15"
"2018";"11";"26";"1";"12";"7909";"65.";"1.6";"-1.2";"84.";"7.";"74.06";"84.39";"57.97"
"2018";"11";"26";"1";"13";"7910";"60.";"1.3";"-0.6";"80.";"7.";"54.29";"64.31";"44.19"
"2018";"11";"26";"1";"14";"7911";"344.";"1.0";"-0.4";"79.";"7.";"23.89";"41.42";"20.09"
"2018";"11";"26";"1";"15";"7912";"340.";"1.0";"-0.4";"78.";"6.";"0.00";"0.00";"0.00"
"2018";"11";"26";"1";"16";"7913";"320.";"1.3";"-0.8";"80.";"7.";"0.00";"0.00";"0.00"
"2018";"11";"26";"1";"17";"7914";"329.";"0.8";"-1.7";"83.";"4.";"0.00";"0.00";"0.00"
"2018";"11";"26";"1";"18";"7915";"47.";"0.9";"-2.8";"86.";"6.";"0.00";"0.00";"0.00"
"2018";"11";"26";"1";"19";"7916";"59.";"1.3";"-4.2";"88.";"3.";"0.00";"0.00";"0.00"
"2018";"11";"26";"1";"20";"7917";"47.";"1.4";"-4.9";"89.";"0.";"0.00";"0.00";"0.00"
"2018";"11";"26";"1";"21";"7918";"44.";"1.3";"-5.2";"89.";"0.";"0.00";"0.00";"0.00"
"2018";"11";"26";"1";"22";"7919";"56.";"1.2";"-6.0";"89.";"0.";"0.00";"0.00";"0.00"
"2018";"11";"26";"1";"23";"7920";"54.";"1.2";"-6.4";"89.";"0.";"0.00";"0.00";"0.00"
"2018";"11";"27";"2";"0";"7921";"49.";"0.7";"-6.5";"89.";"1.";"0.00";"0.00";"0.00"
"2018";"11";"27";"2";"1";"7922";"70.";"0.9";"-6.8";"90.";"1.";"0.00";"0.00";"0.00"
"2018";"11";"27";"2";"2";"7923";"52.";"1.1";"-7.0";"90.";"1.";"0.00";"0.00";"0.00"
"2018";"11";"27";"2";"3";"7924";"64.";"1.3";"-6.6";"93.";"4.";"0.00";"0.00";"0.00"
"2018";"11";"27";"2";"4";"7925";"68.";"2.0";"-5.1";"94.";"8.";"0.00";"0.00";"0.00"
"2018";"11";"27";"2";"5";"7926";"50.";"1.3";"-4.6";"94.";"8.";"0.00";"0.00";"0.00"
"2018";"11";"27";"2";"6";"7927";"51.";"1.3";"-4.5";"94.";"8.";"0.00";"0.00";"0.00"
"2018";"11";"27";"2";"7";"7928";"54.";"1.4";"-4.9";"94.";"3.";"0.00";"0.00";"0.00"
"2018";"11";"27";"2";"8";"7929";"55.";"1.4";"-4.8";"93.";"4.";"0.00";"0.00";"0.00"
"2018";"11";"27";"2";"9";"7930";"55.";"1.2";"-4.1";"93.";"0.";"53.83";"249.17";"31.64"
"2018";"11";"27";"2";"10";"7931";"52.";"1.3";"-2.4";"92.";"0.";"128.04";"499.40";"51.08"
"2018";"11";"27";"2";"11";"7932";"51.";"1.4";"-1.3";"89.";"0.";"170.24";"632.80";"51.42"
"2018";"11";"27";"2";"12";"7933";"44.";"1.1";"-0.4";"85.";"0.";"169.60";"626.37";"51.98"
"2018";"11";"27";"2";"13";"7934";"43.";"1.4";"-0.1";"82.";"0.";"128.57";"525.53";"47.59"
"2018";"11";"27";"2";"14";"7935";"46.";"1.6";"-1.0";"85.";"0.";"57.86";"386.90";"23.41"
"2018";"11";"27";"2";"15";"7936";"58.";"1.7";"-2.3";"87.";"2.";"0.00";"0.00";"0.00"
"2018";"11";"27";"2";"16";"7937";"67.";"2.1";"-3.6";"89.";"2.";"0.00";"0.00";"0.00"
"2018";"11";"27";"2";"17";"7938";"66.";"1.8";"-4.6";"91.";"3.";"0.00";"0.00";"0.00"
"2018";"11";"27";"2";"18";"7939";"66.";"1.6";"-5.1";"91.";"3.";"0.00";"0.00";"0.00"
"2018";"11";"27";"2";"19";"7940";"68.";"1.8";"-5.6";"92.";"2.";"0.00";"0.00";"0.00"
"2018";"11";"27";"2";"20";"7941";"81.";"1.8";"-6.3";"92.";"2.";"0.00";"0.00";"0.00"
"2018";"11";"27";"2";"21";"7942";"85.";"1.6";"-6.5";"91.";"0.";"0.00";"0.00";"0.00"
"2018";"11";"27";"2";"22";"7943";"88.";"1.7";"-6.4";"90.";"0.";"0.00";"0.00";"0.00"
"2018";"11";"27";"2";"23";"7944";"104.";"1.7";"-6.6";"89.";"0.";"0.00";"0.00";"0.00"
"2018";"11";"28";"3";"0";"7945";"108.";"2.3";"-7.0";"89.";"0.";"0.00";"0.00";"0.00"
"2018";"11";"28";"3";"1";"7946";"107.";"2.7";"-7.2";"89.";"0.";"0.00";"0.00";"0.00"
"2018";"11";"28";"3";"2";"7947";"112.";"2.5";"-7.0";"88.";"0.";"0.00";"0.00";"0.00"
"2018";"11";"28";"3";"3";"7948";"115.";"2.1";"-7.2";"88.";"0.";"0.00";"0.00";"0.00"
"2018";"11";"28";"3";"4";"7949";"113.";"2.3";"-7.2";"88.";"1.";"0.00";"0.00";"0.00"
"2018";"11";"28";"3";"5";"7950";"115.";"2.6";"-6.3";"86.";"0.";"0.00";"0.00";"0.00"
"2018";"11";"28";"3";"6";"7951";"119.";"2.8";"-6.3";"85.";"1.";"0.00";"0.00";"0.00"
"2018";"11";"28";"3";"7";"7952";"115.";"3.0";"-6.4";"84.";"1.";"0.00";"0.00";"0.00"
"2018";"11";"28";"3";"8";"7953";"117.";"3.1";"-5.9";"83.";"1.";"0.00";"0.00";"0.00"
"2018";"11";"28";"3";"9";"7954";"118.";"3.5";"-4.2";"83.";"0.";"58.41";"407.11";"23.28"
"2018";"11";"28";"3";"10";"7955";"125.";"3.8";"-2.7";"82.";"3.";"101.81";"376.86";"44.80"
"2018";"11";"28";"3";"11";"7956";"131.";"4.2";"-1.3";"79.";"4.";"119.97";"334.22";"58.17"
"2018";"11";"28";"3";"12";"7957";"133.";"4.3";"-0.5";"78.";"6.";"86.03";"162.69";"55.94"
"2018";"11";"28";"3";"13";"7958";"134.";"4.6";"-0.1";"77.";"6.";"65.76";"146.25";"43.63"
"2018";"11";"28";"3";"14";"7959";"129.";"4.4";"-0.1";"78.";"5.";"33.26";"141.72";"21.03"
"2018";"11";"28";"3";"15";"7960";"128.";"4.5";"-0.1";"80.";"7.";"0.00";"0.00";"0.00"
"2018";"11";"28";"3";"16";"7961";"126.";"5.7";"0.2";"81.";"8.";"0.00";"0.00";"0.00"
"2018";"11";"28";"3";"17";"7962";"133.";"5.9";"0.1";"82.";"8.";"0.00";"0.00";"0.00"
"2018";"11";"28";"3";"18";"7963";"144.";"6.8";"0.4";"80.";"8.";"0.00";"0.00";"0.00"
"2018";"11";"28";"3";"19";"7964";"149.";"7.4";"0.6";"77.";"6.";"0.00";"0.00";"0.00"
"2018";"11";"28";"3";"20";"7965";"152.";"8.0";"1.1";"74.";"8.";"0.00";"0.00";"0.00"
"2018";"11";"28";"3";"21";"7966";"155.";"8.3";"1.4";"72.";"7.";"0.00";"0.00";"0.00"
"2018";"11";"28";"3";"22";"7967";"154.";"8.7";"1.6";"71.";"8.";"0.00";"0.00";"0.00"
"2018";"11";"28";"3";"23";"7968";"157.";"8.7";"1.8";"71.";"8.";"0.00";"0.00";"0.00"
"2018";"11";"29";"4";"0";"7969";"156.";"9.0";"2.0";"72.";"8.";"0.00";"0.00";"0.00"
"2018";"11";"29";"4";"1";"7970";"155.";"9.8";"2.1";"72.";"6.";"0.00";"0.00";"0.00"
"2018";"11";"29";"4";"2";"7971";"155.";"10.5";"2.2";"72.";"8.";"0.00";"0.00";"0.00"
"2018";"11";"29";"4";"3";"7972";"159.";"10.2";"2.2";"73.";"8.";"0.00";"0.00";"0.00"
"2018";"11";"29";"4";"4";"7973";"159.";"10.0";"2.4";"75.";"7.";"0.00";"0.00";"0.00"
"2018";"11";"29";"4";"5";"7974";"158.";"10.2";"1.8";"84.";"7.";"0.00";"0.00";"0.00"
"2018";"11";"29";"4";"6";"7975";"161.";"10.2";"1.4";"88.";"7.";"0.00";"0.00";"0.00"
"2018";"11";"29";"4";"7";"7976";"162.";"9.9";"1.3";"91.";"7.";"0.00";"0.00";"0.00"
"2018";"11";"29";"4";"8";"7977";"163.";"9.5";"1.6";"92.";"7.";"0.00";"0.00";"0.00"
"2018";"11";"29";"4";"9";"7978";"167.";"9.1";"1.8";"92.";"8.";"6.65";"0.00";"6.65"
"2018";"11";"29";"4";"10";"7979";"164.";"8.7";"2.0";"92.";"8.";"18.96";"0.00";"18.96"
"2018";"11";"29";"4";"11";"7980";"163.";"8.7";"2.2";"91.";"7.";"60.35";"53.15";"50.67"
"2018";"11";"29";"4";"12";"7981";"163.";"8.5";"2.2";"92.";"7.";"57.14";"40.51";"49.76"
"2018";"11";"29";"4";"13";"7982";"161.";"8.2";"2.0";"91.";"8.";"18.86";"0.00";"18.86"
"2018";"11";"29";"4";"14";"7983";"160.";"8.1";"1.9";"92.";"8.";"6.62";"0.00";"6.62"
"2018";"11";"29";"4";"15";"7984";"156.";"7.8";"2.0";"93.";"8.";"0.00";"0.00";"0.00"
"2018";"11";"29";"4";"16";"7985";"155.";"7.8";"2.1";"93.";"8.";"0.00";"0.00";"0.00"
"2018";"11";"29";"4";"17";"7986";"152.";"8.3";"2.2";"92.";"8.";"0.00";"0.00";"0.00"
"2018";"11";"29";"4";"18";"7987";"153.";"8.5";"2.5";"92.";"8.";"0.00";"0.00";"0.00"
"2018";"11";"29";"4";"19";"7988";"158.";"8.9";"3.0";"92.";"8.";"0.00";"0.00";"0.00"
"2018";"11";"29";"4";"20";"7989";"164.";"9.2";"3.3";"92.";"8.";"0.00";"0.00";"0.00"
"2018";"11";"29";"4";"21";"7990";"164.";"8.8";"3.4";"92.";"8.";"0.00";"0.00";"0.00"
"2018";"11";"29";"4";"22";"7991";"169.";"8.2";"3.4";"92.";"8.";"0.00";"0.00";"0.00"
"2018";"11";"29";"4";"23";"7992";"168.";"8.8";"3.5";"91.";"8.";"0.00";"0.00";"0.00"
"2018";"11";"30";"5";"0";"7993";"170.";"9.0";"3.4";"91.";"8.";"0.00";"0.00";"0.00"
"2018";"11";"30";"5";"1";"7994";"169.";"8.7";"3.6";"91.";"8.";"0.00";"0.00";"0.00"
"2018";"11";"30";"5";"2";"7995";"169.";"8.3";"3.6";"92.";"8.";"0.00";"0.00";"0.00"
"2018";"11";"30";"5";"3";"7996";"167.";"8.1";"3.7";"92.";"8.";"0.00";"0.00";"0.00"
"2018";"11";"30";"5";"4";"7997";"166.";"7.9";"3.7";"92.";"8.";"0.00";"0.00";"0.00"
"2018";"11";"30";"5";"5";"7998";"168.";"7.8";"3.6";"91.";"8.";"0.00";"0.00";"0.00"
"2018";"11";"30";"5";"6";"7999";"168.";"7.6";"3.7";"90.";"8.";"0.00";"0.00";"0.00"
"2018";"11";"30";"5";"7";"8000";"164.";"7.6";"3.8";"88.";"8.";"0.00";"0.00";"0.00"
"2018";"11";"30";"5";"8";"8001";"160.";"7.6";"3.8";"88.";"7.";"0.00";"0.00";"0.00"
"2018";"11";"30";"5";"9";"8002";"165.";"7.8";"3.9";"85.";"7.";"15.01";"24.13";"13.05"
"2018";"11";"30";"5";"10";"8003";"168.";"7.0";"4.1";"85.";"8.";"32.24";"0.00";"32.24"
"2018";"11";"30";"5";"11";"8004";"161.";"7.0";"4.1";"86.";"8.";"43.51";"0.00";"43.51"
"2018";"11";"30";"5";"12";"8005";"161.";"6.8";"4.3";"85.";"7.";"58.32";"52.07";"48.97"
"2018";"11";"30";"5";"13";"8006";"161.";"6.8";"4.5";"86.";"7.";"42.76";"44.01";"36.34"
"2018";"11";"30";"5";"14";"8007";"159.";"6.8";"4.5";"86.";"7.";"14.47";"23.71";"12.54"
"2018";"11";"30";"5";"15";"8008";"157.";"7.2";"4.5";"86.";"7.";"0.00";"0.00";"0.00"
"2018";"11";"30";"5";"16";"8009";"160.";"6.8";"4.6";"87.";"8.";"0.00";"0.00";"0.00"
"2018";"11";"30";"5";"17";"8010";"159.";"7.0";"4.6";"88.";"8.";"0.00";"0.00";"0.00"
"2018";"11";"30";"5";"18";"8011";"167.";"7.2";"4.5";"89.";"8.";"0.00";"0.00";"0.00"
"2018";"11";"30";"5";"19";"8012";"163.";"7.7";"4.7";"90.";"8.";"0.00";"0.00";"0.00"
"2018";"11";"30";"5";"20";"8013";"164.";"6.7";"4.9";"90.";"8.";"0.00";"0.00";"0.00"
"2018";"11";"30";"5";"21";"8014";"165.";"7.3";"5.0";"91.";"8.";"0.00";"0.00";"0.00"
"2018";"11";"30";"5";"22";"8015";"170.";"7.5";"5.0";"92.";"8.";"0.00";"0.00";"0.00"
"2018";"11";"30";"5";"23";"8016";"169.";"7.4";"5.0";"92.";"8.";"0.00";"0.00";"0.00"
"2018";"12";"1";"6";"0";"8017";"173.";"6.3";"5.0";"93.";"8.";"0.00";"0.00";"0.00"
"2018";"12";"1";"6";"1";"8018";"172.";"6.4";"5.0";"93.";"8.";"0.00";"0.00";"0.00"
"2018";"12";"1";"6";"2";"8019";"170.";"6.5";"5.3";"93.";"8.";"0.00";"0.00";"0.00"
"2018";"12";"1";"6";"3";"8020";"170.";"6.4";"5.6";"92.";"8.";"0.00";"0.00";"0.00"
"2018";"12";"1";"6";"4";"8021";"176.";"5.8";"5.8";"92.";"8.";"0.00";"0.00";"0.00"
"2018";"12";"1";"6";"5";"8022";"176.";"5.8";"6.1";"92.";"8.";"0.00";"0.00";"0.00"
"2018";"12";"1";"6";"6";"8023";"176.";"5.9";"6.3";"92.";"8.";"0.00";"0.00";"0.00"
"2018";"12";"1";"6";"7";"8024";"193.";"5.7";"6.4";"92.";"8.";"0.00";"0.00";"0.00"
"2018";"12";"1";"6";"8";"8025";"189.";"5.1";"6.6";"92.";"8.";"0.00";"0.00";"0.00"
"2018";"12";"1";"6";"9";"8026";"197.";"5.3";"6.6";"91.";"7.";"10.75";"17.50";"9.37"
"2018";"12";"1";"6";"10";"8027";"195.";"5.3";"6.8";"90.";"7.";"40.37";"47.42";"33.57"
"2018";"12";"1";"6";"11";"8028";"203.";"5.1";"6.9";"89.";"7.";"54.50";"49.43";"45.76"
"2018";"12";"1";"6";"12";"8029";"208.";"4.4";"6.9";"89.";"8.";"40.74";"0.00";"40.74"
"2018";"12";"1";"6";"13";"8030";"201.";"4.0";"6.8";"88.";"8.";"30.11";"0.00";"30.11"
"2018";"12";"1";"6";"14";"8031";"205.";"3.6";"6.7";"88.";"7.";"11.57";"21.94";"9.85"
"2018";"12";"1";"6";"15";"8032";"203.";"3.3";"6.4";"89.";"8.";"0.00";"0.00";"0.00"
"2018";"12";"1";"6";"16";"8033";"198.";"2.8";"6.2";"90.";"7.";"0.00";"0.00";"0.00"
"2018";"12";"1";"6";"17";"8034";"204.";"3.0";"5.9";"91.";"7.";"0.00";"0.00";"0.00"
"2018";"12";"1";"6";"18";"8035";"201.";"2.7";"5.7";"92.";"6.";"0.00";"0.00";"0.00"
"2018";"12";"1";"6";"19";"8036";"193.";"2.6";"5.5";"92.";"8.";"0.00";"0.00";"0.00"
"2018";"12";"1";"6";"20";"8037";"177.";"2.6";"5.5";"92.";"8.";"0.00";"0.00";"0.00"
"2018";"12";"1";"6";"21";"8038";"169.";"2.7";"5.3";"92.";"8.";"0.00";"0.00";"0.00"
"2018";"12";"1";"6";"22";"8039";"166.";"2.4";"5.3";"91.";"8.";"0.00";"0.00";"0.00"
"2018";"12";"1";"6";"23";"8040";"144.";"2.5";"5.4";"92.";"6.";"0.00";"0.00";"0.00"
"2018";"12";"2";"7";"0";"8041";"158.";"2.6";"5.6";"93.";"8.";"0.00";"0.00";"0.00"
"2018";"12";"2";"7";"1";"8042";"143.";"2.0";"5.8";"93.";"8.";"0.00";"0.00";"0.00"
"2018";"12";"2";"7";"2";"8043";"153.";"2.6";"5.9";"94.";"8.";"0.00";"0.00";"0.00"
"2018";"12";"2";"7";"3";"8044";"147.";"3.2";"5.9";"94.";"8.";"0.00";"0.00";"0.00"
"2018";"12";"2";"7";"4";"8045";"147.";"3.5";"5.9";"94.";"8.";"0.00";"0.00";"0.00"
"2018";"12";"2";"7";"5";"8046";"139.";"4.1";"5.8";"93.";"8.";"0.00";"0.00";"0.00"
"2018";"12";"2";"7";"6";"8047";"142.";"4.1";"5.8";"92.";"8.";"0.00";"0.00";"0.00"
"2018";"12";"2";"7";"7";"8048";"141.";"4.6";"5.8";"91.";"8.";"0.00";"0.00";"0.00"
"2018";"12";"2";"7";"8";"8049";"137.";"4.9";"5.8";"90.";"8.";"0.00";"0.00";"0.00"
"2018";"12";"2";"7";"9";"8050";"135.";"5.2";"5.7";"91.";"8.";"7.49";"0.00";"7.49"
"2018";"12";"2";"7";"10";"8051";"139.";"5.5";"5.6";"92.";"8.";"15.03";"0.00";"15.03"
"2018";"12";"2";"7";"11";"8052";"144.";"5.7";"5.7";"92.";"8.";"21.91";"0.00";"21.91"
"2018";"12";"2";"7";"12";"8053";"148.";"5.7";"5.8";"93.";"8.";"21.30";"0.00";"21.30"
"2018";"12";"2";"7";"13";"8054";"151.";"5.2";"5.8";"93.";"8.";"15.66";"0.00";"15.66"
"2018";"12";"2";"7";"14";"8055";"148.";"5.1";"5.8";"93.";"8.";"4.40";"0.00";"4.40"
"2018";"12";"2";"7";"15";"8056";"145.";"5.1";"5.8";"93.";"8.";"0.00";"0.00";"0.00"
"2018";"12";"2";"7";"16";"8057";"148.";"4.8";"5.7";"93.";"8.";"0.00";"0.00";"0.00"
"2018";"12";"2";"7";"17";"8058";"147.";"4.7";"5.6";"93.";"8.";"0.00";"0.00";"0.00"
"2018";"12";"2";"7";"18";"8059";"150.";"4.6";"5.7";"93.";"8.";"0.00";"0.00";"0.00"
"2018";"12";"2";"7";"19";"8060";"153.";"4.6";"5.7";"93.";"8.";"0.00";"0.00";"0.00"
"2018";"12";"2";"7";"20";"8061";"150.";"4.5";"5.6";"94.";"8.";"0.00";"0.00";"0.00"
"2018";"12";"2";"7";"21";"8062";"153.";"4.8";"5.5";"94.";"8.";"0.00";"0.00";"0.00"
"2018";"12";"2";"7";"22";"8063";"153.";"5.0";"5.6";"94.";"8.";"0.00";"0.00";"0.00"
"2018";"12";"2";"7";"23";"8064";"152.";"4.8";"5.7";"95.";"7.";"0.00";"0.00";"0.00"
"2018";"12";"3";"1";"0";"8065";"156.";"4.6";"5.7";"95.";"8.";"0.00";"0.00";"0.00"
"2018";"12";"3";"1";"1";"8066";"155.";"4.1";"6.0";"95.";"8.";"0.00";"0.00";"0.00"
"2018";"12";"3";"1";"2";"8067";"163.";"3.7";"6.3";"95.";"8.";"0.00";"0.00";"0.00"
"2018";"12";"3";"1";"3";"8068";"187.";"2.9";"6.7";"96.";"7.";"0.00";"0.00";"0.00"
"2018";"12";"3";"1";"4";"8069";"177.";"2.9";"7.0";"96.";"7.";"0.00";"0.00";"0.00"
"2018";"12";"3";"1";"5";"8070";"178.";"3.3";"7.4";"96.";"8.";"0.00";"0.00";"0.00"
"2018";"12";"3";"1";"6";"8071";"177.";"3.2";"7.6";"96.";"8.";"0.00";"0.00";"0.00"
"2018";"12";"3";"1";"7";"8072";"169.";"3.6";"7.6";"95.";"8.";"0.00";"0.00";"0.00"
"2018";"12";"3";"1";"8";"8073";"181.";"5.2";"7.7";"97.";"8.";"0.00";"0.00";"0.00"
"2018";"12";"3";"1";"9";"8074";"167.";"5.0";"7.8";"97.";"8.";"2.43";"0.00";"2.43"
"2018";"12";"3";"1";"10";"8075";"185.";"5.7";"8.1";"97.";"8.";"14.48";"0.00";"14.48"
"2018";"12";"3";"1";"11";"8076";"206.";"5.0";"8.2";"97.";"8.";"20.77";"0.00";"20.77"
"2018";"12";"3";"1";"12";"8077";"213.";"5.2";"8.6";"96.";"8.";"21.53";"0.00";"21.53"
"2018";"12";"3";"1";"13";"8078";"205.";"4.7";"8.8";"95.";"8.";"25.37";"0.00";"25.37"
"2018";"12";"3";"1";"14";"8079";"192.";"5.4";"8.7";"95.";"8.";"4.45";"0.00";"4.45"
"2018";"12";"3";"1";"15";"8080";"202.";"6.3";"8.6";"94.";"8.";"0.00";"0.00";"0.00"
"2018";"12";"3";"1";"16";"8081";"210.";"6.9";"8.3";"95.";"8.";"0.00";"0.00";"0.00"
"2018";"12";"3";"1";"17";"8082";"217.";"7.2";"7.9";"94.";"8.";"0.00";"0.00";"0.00"
"2018";"12";"3";"1";"18";"8083";"227.";"6.8";"7.8";"93.";"8.";"0.00";"0.00";"0.00"
"2018";"12";"3";"1";"19";"8084";"225.";"6.7";"7.5";"92.";"8.";"0.00";"0.00";"0.00"
"2018";"12";"3";"1";"20";"8085";"229.";"6.2";"7.2";"91.";"7.";"0.00";"0.00";"0.00"
"2018";"12";"3";"1";"21";"8086";"223.";"6.0";"7.0";"91.";"7.";"0.00";"0.00";"0.00"
"2018";"12";"3";"1";"22";"8087";"231.";"6.8";"6.9";"87.";"8.";"0.00";"0.00";"0.00"
"2018";"12";"3";"1";"23";"8088";"228.";"6.4";"6.7";"85.";"3.";"0.00";"0.00";"0.00"
"2018";"12";"4";"2";"0";"8089";"224.";"6.2";"6.7";"87.";"8.";"0.00";"0.00";"0.00"
"2018";"12";"4";"2";"1";"8090";"236.";"6.9";"6.5";"91.";"8.";"0.00";"0.00";"0.00"
"2018";"12";"4";"2";"2";"8091";"254.";"6.0";"6.8";"89.";"1.";"0.00";"0.00";"0.00"
"2018";"12";"4";"2";"3";"8092";"270.";"6.9";"6.6";"81.";"2.";"0.00";"0.00";"0.00"
"2018";"12";"4";"2";"4";"8093";"278.";"7.7";"6.5";"77.";"1.";"0.00";"0.00";"0.00"
"2018";"12";"4";"2";"5";"8094";"281.";"7.7";"6.4";"75.";"2.";"0.00";"0.00";"0.00"
"2018";"12";"4";"2";"6";"8095";"285.";"7.8";"6.4";"73.";"5.";"0.00";"0.00";"0.00"
"2018";"12";"4";"2";"7";"8096";"288.";"7.7";"6.6";"72.";"8.";"0.00";"0.00";"0.00"
"2018";"12";"4";"2";"8";"8097";"294.";"6.6";"6.7";"70.";"7.";"0.00";"0.00";"0.00"
"2018";"12";"4";"2";"9";"8098";"303.";"7.3";"6.5";"67.";"8.";"9.30";"0.00";"9.30"
"2018";"12";"4";"2";"10";"8099";"319.";"7.4";"6.2";"70.";"7.";"41.65";"55.61";"34.05"
"2018";"12";"4";"2";"11";"8100";"314.";"6.5";"5.8";"66.";"7.";"60.37";"75.18";"47.59"
"2018";"12";"4";"2";"12";"8101";"307.";"7.4";"6.3";"63.";"7.";"60.57";"75.89";"47.66"
"2018";"12";"4";"2";"13";"8102";"305.";"8.1";"6.2";"57.";"7.";"43.91";"60.22";"35.68"
"2018";"12";"4";"2";"14";"8103";"303.";"7.6";"5.6";"55.";"2.";"31.66";"200.77";"17.21"
"2018";"12";"4";"2";"15";"8104";"303.";"8.0";"5.3";"51.";"3.";"0.00";"0.00";"0.00"
"2018";"12";"4";"2";"16";"8105";"306.";"7.8";"5.0";"50.";"2.";"0.00";"0.00";"0.00"
"2018";"12";"4";"2";"17";"8106";"311.";"7.0";"4.8";"50.";"1.";"0.00";"0.00";"0.00"
"2018";"12";"4";"2";"18";"8107";"309.";"7.5";"4.8";"50.";"0.";"0.00";"0.00";"0.00"
"2018";"12";"4";"2";"19";"8108";"312.";"7.5";"4.6";"51.";"1.";"0.00";"0.00";"0.00"
"2018";"12";"4";"2";"20";"8109";"312.";"7.0";"4.2";"51.";"0.";"0.00";"0.00";"0.00"
"2018";"12";"4";"2";"21";"8110";"313.";"6.1";"4.1";"52.";"0.";"0.00";"0.00";"0.00"
"2018";"12";"4";"2";"22";"8111";"314.";"5.9";"3.7";"51.";"0.";"0.00";"0.00";"0.00"
"2018";"12";"4";"2";"23";"8112";"317.";"5.2";"3.5";"52.";"2.";"0.00";"0.00";"0.00"
"2018";"12";"5";"3";"0";"8113";"312.";"5.0";"3.1";"54.";"0.";"0.00";"0.00";"0.00"
"2018";"12";"5";"3";"1";"8114";"314.";"4.1";"2.7";"56.";"0.";"0.00";"0.00";"0.00"
"2018";"12";"5";"3";"2";"8115";"317.";"3.1";"1.7";"61.";"0.";"0.00";"0.00";"0.00"
"2018";"12";"5";"3";"3";"8116";"314.";"2.6";"0.3";"68.";"0.";"0.00";"0.00";"0.00"
"2018";"12";"5";"3";"4";"8117";"303.";"2.2";"-0.6";"73.";"0.";"0.00";"0.00";"0.00"
"2018";"12";"5";"3";"5";"8118";"289.";"2.2";"-1.3";"76.";"0.";"0.00";"0.00";"0.00"
"2018";"12";"5";"3";"6";"8119";"275.";"1.6";"-1.5";"79.";"0.";"0.00";"0.00";"0.00"
"2018";"12";"5";"3";"7";"8120";"255.";"1.2";"-1.8";"80.";"1.";"0.00";"0.00";"0.00"
"2018";"12";"5";"3";"8";"8121";"236.";"0.9";"-2.1";"82.";"0.";"0.00";"0.00";"0.00"
"2018";"12";"5";"3";"9";"8122";"214.";"0.9";"-1.2";"80.";"1.";"34.01";"218.10";"18.74"
"2018";"12";"5";"3";"10";"8123";"224.";"1.6";"0.5";"76.";"0.";"104.41";"436.97";"45.62"
"2018";"12";"5";"3";"11";"8124";"239.";"2.3";"3.0";"71.";"0.";"142.64";"522.06";"54.96"
"2018";"12";"5";"3";"12";"8125";"246.";"3.1";"4.4";"68.";"1.";"133.70";"496.05";"50.40"
"2018";"12";"5";"3";"13";"8126";"243.";"2.8";"4.6";"71.";"4.";"71.26";"248.55";"37.82"
"2018";"12";"5";"3";"14";"8127";"231.";"2.1";"4.0";"77.";"8.";"9.26";"0.00";"9.26"
"2018";"12";"5";"3";"15";"8128";"193.";"1.4";"3.8";"82.";"6.";"0.00";"0.00";"0.00"
"2018";"12";"5";"3";"16";"8129";"207.";"2.0";"3.9";"85.";"8.";"0.00";"0.00";"0.00"
"2018";"12";"5";"3";"17";"8130";"194.";"2.0";"4.3";"86.";"8.";"0.00";"0.00";"0.00"
"2018";"12";"5";"3";"18";"8131";"199.";"2.2";"4.2";"88.";"8.";"0.00";"0.00";"0.00"
"2018";"12";"5";"3";"19";"8132";"192.";"2.4";"4.4";"89.";"8.";"0.00";"0.00";"0.00"
"2018";"12";"5";"3";"20";"8133";"205.";"2.7";"4.4";"90.";"7.";"0.00";"0.00";"0.00"
"2018";"12";"5";"3";"21";"8134";"212.";"2.8";"4.5";"91.";"8.";"0.00";"0.00";"0.00"
"2018";"12";"5";"3";"22";"8135";"212.";"2.5";"5.0";"90.";"8.";"0.00";"0.00";"0.00"
"2018";"12";"5";"3";"23";"8136";"213.";"2.8";"5.0";"89.";"7.";"0.00";"0.00";"0.00"
"2018";"12";"6";"4";"0";"8137";"200.";"2.7";"3.8";"89.";"7.";"0.00";"0.00";"0.00"
"2018";"12";"6";"4";"1";"8138";"179.";"2.6";"3.7";"89.";"7.";"0.00";"0.00";"0.00"
"2018";"12";"6";"4";"2";"8139";"153.";"2.9";"3.8";"90.";"4.";"0.00";"0.00";"0.00"
"2018";"12";"6";"4";"3";"8140";"134.";"3.3";"3.8";"91.";"8.";"0.00";"0.00";"0.00"
"2018";"12";"6";"4";"4";"8141";"121.";"3.2";"3.4";"92.";"8.";"0.00";"0.00";"0.00"
"2018";"12";"6";"4";"5";"8142";"126.";"3.3";"3.2";"91.";"6.";"0.00";"0.00";"0.00"
"2018";"12";"6";"4";"6";"8143";"120.";"3.3";"3.2";"90.";"6.";"0.00";"0.00";"0.00"
"2018";"12";"6";"4";"7";"8144";"120.";"3.0";"2.8";"88.";"8.";"0.00";"0.00";"0.00"
"2018";"12";"6";"4";"8";"8145";"125.";"3.3";"2.6";"86.";"8.";"0.00";"0.00";"0.00"
"2018";"12";"6";"4";"9";"8146";"131.";"3.8";"2.5";"86.";"8.";"8.58";"0.00";"8.58"
"2018";"12";"6";"4";"10";"8147";"133.";"3.8";"2.8";"84.";"8.";"30.37";"0.00";"30.37"
"2018";"12";"6";"4";"11";"8148";"143.";"3.7";"3.1";"83.";"7.";"56.41";"64.10";"45.77"
"2018";"12";"6";"4";"12";"8149";"139.";"3.6";"3.4";"83.";"7.";"56.57";"65.98";"45.62"
"2018";"12";"6";"4";"13";"8150";"133.";"3.9";"3.3";"86.";"7.";"36.78";"37.07";"31.87"
"2018";"12";"6";"4";"14";"8151";"129.";"3.8";"3.1";"88.";"8.";"7.87";"0.00";"7.87"
"2018";"12";"6";"4";"15";"8152";"127.";"3.3";"3.0";"90.";"8.";"0.00";"0.00";"0.00"
"2018";"12";"6";"4";"16";"8153";"134.";"3.9";"3.1";"93.";"8.";"0.00";"0.00";"0.00"
"2018";"12";"6";"4";"17";"8154";"137.";"4.0";"3.3";"94.";"8.";"0.00";"0.00";"0.00"
"2018";"12";"6";"4";"18";"8155";"143.";"4.0";"3.5";"94.";"8.";"0.00";"0.00";"0.00"
"2018";"12";"6";"4";"19";"8156";"153.";"4.1";"3.7";"94.";"8.";"0.00";"0.00";"0.00"
"2018";"12";"6";"4";"20";"8157";"149.";"4.8";"3.9";"94.";"8.";"0.00";"0.00";"0.00"
"2018";"12";"6";"4";"21";"8158";"154.";"4.9";"4.3";"95.";"8.";"0.00";"0.00";"0.00"
"2018";"12";"6";"4";"22";"8159";"165.";"4.1";"5.0";"95.";"8.";"0.00";"0.00";"0.00"
"2018";"12";"6";"4";"23";"8160";"183.";"2.7";"5.9";"96.";"8.";"0.00";"0.00";"0.00"
"2018";"12";"7";"5";"0";"8161";"190.";"2.9";"6.6";"96.";"8.";"0.00";"0.00";"0.00"
"2018";"12";"7";"5";"1";"8162";"222.";"4.3";"7.4";"96.";"8.";"0.00";"0.00";"0.00"
"2018";"12";"7";"5";"2";"8163";"239.";"4.6";"8.1";"96.";"8.";"0.00";"0.00";"0.00"
"2018";"12";"7";"5";"3";"8164";"278.";"5.3";"7.7";"95.";"8.";"0.00";"0.00";"0.00"
"2018";"12";"7";"5";"4";"8165";"284.";"4.9";"6.7";"95.";"8.";"0.00";"0.00";"0.00"
"2018";"12";"7";"5";"5";"8166";"288.";"5.2";"6.0";"93.";"8.";"0.00";"0.00";"0.00"
"2018";"12";"7";"5";"6";"8167";"293.";"5.3";"5.2";"92.";"7.";"0.00";"0.00";"0.00"
"2018";"12";"7";"5";"7";"8168";"297.";"4.8";"4.5";"92.";"8.";"0.00";"0.00";"0.00"
"2018";"12";"7";"5";"8";"8169";"321.";"2.9";"4.3";"91.";"8.";"0.00";"0.00";"0.00"
"2018";"12";"7";"5";"9";"8170";"275.";"1.7";"4.3";"91.";"8.";"6.37";"0.00";"6.37"
"2018";"12";"7";"5";"10";"8171";"246.";"1.4";"4.5";"90.";"8.";"28.44";"0.00";"28.44"
"2018";"12";"7";"5";"11";"8172";"193.";"0.8";"4.8";"90.";"8.";"40.79";"0.00";"40.79"
"2018";"12";"7";"5";"12";"8173";"131.";"0.9";"4.9";"91.";"8.";"39.28";"0.00";"39.28"
"2018";"12";"7";"5";"13";"8174";"118.";"2.5";"5.1";"92.";"8.";"24.87";"0.00";"24.87"
"2018";"12";"7";"5";"14";"8175";"114.";"2.8";"5.3";"93.";"8.";"5.33";"0.00";"5.33"
"2018";"12";"7";"5";"15";"8176";"121.";"2.9";"5.5";"93.";"8.";"0.00";"0.00";"0.00"
"2018";"12";"7";"5";"16";"8177";"125.";"3.6";"5.7";"94.";"8.";"0.00";"0.00";"0.00"
"2018";"12";"7";"5";"17";"8178";"123.";"4.8";"6.1";"94.";"8.";"0.00";"0.00";"0.00"
"2018";"12";"7";"5";"18";"8179";"132.";"5.1";"6.5";"93.";"8.";"0.00";"0.00";"0.00"
"2018";"12";"7";"5";"19";"8180";"146.";"5.7";"7.1";"95.";"8.";"0.00";"0.00";"0.00"
"2018";"12";"7";"5";"20";"8181";"168.";"6.3";"8.1";"96.";"8.";"0.00";"0.00";"0.00"
"2018";"12";"7";"5";"21";"8182";"193.";"6.9";"8.3";"96.";"8.";"0.00";"0.00";"0.00"
"2018";"12";"7";"5";"22";"8183";"203.";"6.8";"8.1";"97.";"8.";"0.00";"0.00";"0.00"
"2018";"12";"7";"5";"23";"8184";"215.";"6.2";"8.0";"97.";"8.";"0.00";"0.00";"0.00"
"2018";"12";"8";"6";"0";"8185";"259.";"5.1";"7.4";"94.";"8.";"0.00";"0.00";"0.00"
"2018";"12";"8";"6";"1";"8186";"261.";"6.0";"6.8";"93.";"8.";"0.00";"0.00";"0.00"
"2018";"12";"8";"6";"2";"8187";"258.";"5.9";"6.4";"93.";"8.";"0.00";"0.00";"0.00"
"2018";"12";"8";"6";"3";"8188";"251.";"5.3";"6.2";"92.";"8.";"0.00";"0.00";"0.00"
"2018";"12";"8";"6";"4";"8189";"258.";"4.5";"6.0";"92.";"8.";"0.00";"0.00";"0.00"
"2018";"12";"8";"6";"5";"8190";"230.";"4.7";"5.9";"93.";"8.";"0.00";"0.00";"0.00"
"2018";"12";"8";"6";"6";"8191";"230.";"5.4";"6.0";"91.";"8.";"0.00";"0.00";"0.00"
"2018";"12";"8";"6";"7";"8192";"226.";"5.5";"6.1";"88.";"8.";"0.00";"0.00";"0.00"
"2018";"12";"8";"6";"8";"8193";"218.";"5.2";"6.1";"87.";"8.";"0.00";"0.00";"0.00"
"2018";"12";"8";"6";"9";"8194";"209.";"5.7";"6.1";"88.";"8.";"4.67";"0.00";"4.67"
"2018";"12";"8";"6";"10";"8195";"205.";"6.0";"6.1";"89.";"8.";"25.84";"0.00";"25.84"
"2018";"12";"8";"6";"11";"8196";"197.";"5.9";"6.1";"92.";"8.";"21.27";"0.00";"21.27"
"2018";"12";"8";"6";"12";"8197";"194.";"5.9";"6.2";"92.";"8.";"36.59";"0.00";"36.59"
"2018";"12";"8";"6";"13";"8198";"193.";"5.5";"6.4";"93.";"8.";"14.31";"0.00";"14.31"
"2018";"12";"8";"6";"14";"8199";"203.";"5.1";"6.7";"93.";"8.";"2.03";"0.00";"2.03"
"2018";"12";"8";"6";"15";"8200";"210.";"6.8";"6.5";"93.";"8.";"0.00";"0.00";"0.00"
"2018";"12";"8";"6";"16";"8201";"205.";"5.9";"6.8";"92.";"7.";"0.00";"0.00";"0.00"
"2018";"12";"8";"6";"17";"8202";"209.";"5.8";"6.9";"91.";"8.";"0.00";"0.00";"0.00"
"2018";"12";"8";"6";"18";"8203";"210.";"6.8";"6.8";"91.";"8.";"0.00";"0.00";"0.00"
"2018";"12";"8";"6";"19";"8204";"210.";"6.0";"6.6";"93.";"8.";"0.00";"0.00";"0.00"
"2018";"12";"8";"6";"20";"8205";"206.";"6.2";"6.9";"93.";"7.";"0.00";"0.00";"0.00"
"2018";"12";"8";"6";"21";"8206";"205.";"7.5";"6.7";"93.";"8.";"0.00";"0.00";"0.00"
"2018";"12";"8";"6";"22";"8207";"219.";"7.3";"6.8";"93.";"8.";"0.00";"0.00";"0.00"
"2018";"12";"8";"6";"23";"8208";"235.";"5.7";"6.6";"94.";"8.";"0.00";"0.00";"0.00"
"2018";"12";"9";"7";"0";"8209";"283.";"5.3";"6.5";"94.";"8.";"0.00";"0.00";"0.00"
"2018";"12";"9";"7";"1";"8210";"285.";"4.7";"6.4";"94.";"8.";"0.00";"0.00";"0.00"
"2018";"12";"9";"7";"2";"8211";"284.";"6.5";"5.8";"93.";"8.";"0.00";"0.00";"0.00"
"2018";"12";"9";"7";"3";"8212";"279.";"5.2";"4.7";"92.";"8.";"0.00";"0.00";"0.00"
"2018";"12";"9";"7";"4";"8213";"284.";"4.0";"4.5";"89.";"8.";"0.00";"0.00";"0.00"
"2018";"12";"9";"7";"5";"8214";"289.";"2.4";"4.6";"88.";"8.";"0.00";"0.00";"0.00"
"2018";"12";"9";"7";"6";"8215";"280.";"2.2";"4.6";"89.";"8.";"0.00";"0.00";"0.00"
"2018";"12";"9";"7";"7";"8216";"273.";"2.0";"4.6";"89.";"8.";"0.00";"0.00";"0.00"
"2018";"12";"9";"7";"8";"8217";"279.";"1.3";"4.5";"90.";"8.";"0.00";"0.00";"0.00"
"2018";"12";"9";"7";"9";"8218";"306.";"1.7";"4.7";"87.";"8.";"5.79";"0.00";"5.79"
"2018";"12";"9";"7";"10";"8219";"321.";"2.1";"4.7";"87.";"7.";"36.07";"50.65";"29.61"
"2018";"12";"9";"7";"11";"8220";"340.";"2.6";"4.4";"89.";"8.";"38.91";"0.00";"38.91"
"2018";"12";"9";"7";"12";"8221";"327.";"3.2";"4.0";"88.";"8.";"36.19";"0.00";"36.19"
"2018";"12";"9";"7";"13";"8222";"328.";"3.2";"3.4";"86.";"8.";"29.31";"0.00";"29.31"
"2018";"12";"9";"7";"14";"8223";"334.";"3.2";"2.5";"84.";"8.";"7.55";"0.00";"7.55"
"2018";"12";"9";"7";"15";"8224";"334.";"3.0";"2.0";"83.";"4.";"0.00";"0.00";"0.00"
"2018";"12";"9";"7";"16";"8225";"336.";"2.5";"1.5";"84.";"2.";"0.00";"0.00";"0.00"
"2018";"12";"9";"7";"17";"8226";"328.";"2.4";"1.2";"85.";"7.";"0.00";"0.00";"0.00"
"2018";"12";"9";"7";"18";"8227";"317.";"2.6";"0.3";"87.";"0.";"0.00";"0.00";"0.00"
"2018";"12";"9";"7";"19";"8228";"312.";"2.6";"0.1";"87.";"4.";"0.00";"0.00";"0.00"
"2018";"12";"9";"7";"20";"8229";"308.";"3.3";"1.0";"87.";"6.";"0.00";"0.00";"0.00"
"2018";"12";"9";"7";"21";"8230";"313.";"3.1";"2.2";"87.";"8.";"0.00";"0.00";"0.00"
"2018";"12";"9";"7";"22";"8231";"316.";"2.7";"1.9";"86.";"8.";"0.00";"0.00";"0.00"
"2018";"12";"9";"7";"23";"8232";"307.";"2.9";"2.1";"84.";"8.";"0.00";"0.00";"0.00"
"2018";"12";"10";"1";"0";"8233";"301.";"3.0";"2.8";"81.";"8.";"0.00";"0.00";"0.00"
"2018";"12";"10";"1";"1";"8234";"303.";"3.1";"3.0";"79.";"3.";"0.00";"0.00";"0.00"
"2018";"12";"10";"1";"2";"8235";"303.";"3.2";"2.1";"78.";"3.";"0.00";"0.00";"0.00"
"2018";"12";"10";"1";"3";"8236";"306.";"3.4";"2.2";"78.";"8.";"0.00";"0.00";"0.00"
"2018";"12";"10";"1";"4";"8237";"307.";"3.9";"2.1";"78.";"4.";"0.00";"0.00";"0.00"
"2018";"12";"10";"1";"5";"8238";"309.";"3.5";"2.2";"78.";"8.";"0.00";"0.00";"0.00"
"2018";"12";"10";"1";"6";"8239";"309.";"3.9";"2.7";"77.";"5.";"0.00";"0.00";"0.00"
"2018";"12";"10";"1";"7";"8240";"309.";"4.3";"2.8";"75.";"8.";"0.00";"0.00";"0.00"
"2018";"12";"10";"1";"8";"8241";"308.";"4.4";"3.5";"73.";"7.";"0.00";"0.00";"0.00"
"2018";"12";"10";"1";"9";"8242";"308.";"4.4";"4.1";"72.";"7.";"16.63";"24.24";"15.13"
"2018";"12";"10";"1";"10";"8243";"315.";"4.4";"4.8";"66.";"8.";"59.11";"0.00";"59.11"
"2018";"12";"10";"1";"11";"8244";"314.";"4.9";"4.9";"65.";"8.";"41.57";"0.00";"41.57"
"2018";"12";"10";"1";"12";"8245";"318.";"5.2";"5.6";"64.";"7.";"56.87";"74.77";"44.97"
"2018";"12";"10";"1";"13";"8246";"323.";"5.4";"5.7";"62.";"8.";"30.06";"0.00";"30.06"
"2018";"12";"10";"1";"14";"8247";"328.";"5.1";"5.3";"63.";"7.";"10.45";"27.43";"8.76"
"2018";"12";"10";"1";"15";"8248";"330.";"5.5";"5.3";"63.";"7.";"0.00";"0.00";"0.00"
"2018";"12";"10";"1";"16";"8249";"343.";"5.3";"5.0";"64.";"8.";"0.00";"0.00";"0.00"
"2018";"12";"10";"1";"17";"8250";"343.";"4.7";"4.5";"66.";"6.";"0.00";"0.00";"0.00"
"2018";"12";"10";"1";"18";"8251";"346.";"4.9";"4.0";"69.";"7.";"0.00";"0.00";"0.00"
"2018";"12";"10";"1";"19";"8252";"348.";"5.1";"3.8";"71.";"8.";"0.00";"0.00";"0.00"
"2018";"12";"10";"1";"20";"8253";"357.";"4.7";"3.3";"77.";"8.";"0.00";"0.00";"0.00"
"2018";"12";"10";"1";"21";"8254";"2.";"4.2";"3.4";"76.";"5.";"0.00";"0.00";"0.00"
"2018";"12";"10";"1";"22";"8255";"8.";"4.3";"3.5";"75.";"4.";"0.00";"0.00";"0.00"
"2018";"12";"10";"1";"23";"8256";"359.";"3.8";"3.3";"75.";"3.";"0.00";"0.00";"0.00"
"2018";"12";"11";"2";"0";"8257";"357.";"3.8";"2.7";"75.";"3.";"0.00";"0.00";"0.00"
"2018";"12";"11";"2";"1";"8258";"357.";"3.9";"2.4";"77.";"3.";"0.00";"0.00";"0.00"
"2018";"12";"11";"2";"2";"8259";"2.";"3.7";"2.5";"76.";"3.";"0.00";"0.00";"0.00"
"2018";"12";"11";"2";"3";"8260";"7.";"3.6";"2.4";"76.";"5.";"0.00";"0.00";"0.00"
"2018";"12";"11";"2";"4";"8261";"14.";"3.5";"2.4";"77.";"3.";"0.00";"0.00";"0.00"
"2018";"12";"11";"2";"5";"8262";"17.";"3.6";"2.2";"78.";"1.";"0.00";"0.00";"0.00"
"2018";"12";"11";"2";"6";"8263";"14.";"3.4";"2.5";"78.";"5.";"0.00";"0.00";"0.00"
"2018";"12";"11";"2";"7";"8264";"13.";"3.3";"2.5";"79.";"4.";"0.00";"0.00";"0.00"
"2018";"12";"11";"2";"8";"8265";"21.";"3.4";"2.7";"80.";"5.";"0.00";"0.00";"0.00"
"2018";"12";"11";"2";"9";"8266";"18.";"3.4";"3.0";"81.";"5.";"12.76";"69.68";"8.56"
"2018";"12";"11";"2";"10";"8267";"22.";"3.8";"3.4";"81.";"2.";"77.01";"340.52";"34.61"
"2018";"12";"11";"2";"11";"8268";"22.";"4.1";"3.8";"79.";"6.";"66.01";"134.20";"44.84"
"2018";"12";"11";"2";"12";"8269";"29.";"4.2";"3.8";"77.";"8.";"40.08";"0.00";"40.08"
"2018";"12";"11";"2";"13";"8270";"31.";"4.0";"3.5";"78.";"8.";"27.94";"0.00";"27.94"
"2018";"12";"11";"2";"14";"8271";"30.";"3.5";"2.8";"82.";"3.";"16.45";"117.21";"9.39"
"2018";"12";"11";"2";"15";"8272";"26.";"3.4";"2.4";"84.";"8.";"0.00";"0.00";"0.00"
"2018";"12";"11";"2";"16";"8273";"28.";"3.2";"1.9";"85.";"6.";"0.00";"0.00";"0.00"
"2018";"12";"11";"2";"17";"8274";"31.";"2.9";"1.8";"85.";"7.";"0.00";"0.00";"0.00"
"2018";"12";"11";"2";"18";"8275";"34.";"2.8";"1.6";"85.";"6.";"0.00";"0.00";"0.00"
"2018";"12";"11";"2";"19";"8276";"34.";"2.5";"1.3";"85.";"6.";"0.00";"0.00";"0.00"
"2018";"12";"11";"2";"20";"8277";"39.";"2.5";"1.4";"86.";"6.";"0.00";"0.00";"0.00"
"2018";"12";"11";"2";"21";"8278";"47.";"2.7";"2.1";"84.";"7.";"0.00";"0.00";"0.00"
"2018";"12";"11";"2";"22";"8279";"46.";"2.3";"2.0";"83.";"7.";"0.00";"0.00";"0.00"
"2018";"12";"11";"2";"23";"8280";"43.";"2.2";"2.0";"83.";"6.";"0.00";"0.00";"0.00"
"2018";"12";"12";"3";"0";"8281";"49.";"2.1";"2.1";"84.";"8.";"0.00";"0.00";"0.00"
"2018";"12";"12";"3";"1";"8282";"42.";"1.9";"2.1";"84.";"7.";"0.00";"0.00";"0.00"
"2018";"12";"12";"3";"2";"8283";"45.";"2.3";"2.2";"83.";"7.";"0.00";"0.00";"0.00"
"2018";"12";"12";"3";"3";"8284";"55.";"2.6";"2.2";"83.";"8.";"0.00";"0.00";"0.00"
"2018";"12";"12";"3";"4";"8285";"52.";"2.2";"2.2";"81.";"8.";"0.00";"0.00";"0.00"
"2018";"12";"12";"3";"5";"8286";"39.";"2.4";"2.1";"82.";"8.";"0.00";"0.00";"0.00"
"2018";"12";"12";"3";"6";"8287";"26.";"2.2";"2.0";"82.";"8.";"0.00";"0.00";"0.00"
"2018";"12";"12";"3";"7";"8288";"51.";"2.9";"1.9";"82.";"6.";"0.00";"0.00";"0.00"
"2018";"12";"12";"3";"8";"8289";"56.";"2.6";"1.8";"81.";"6.";"0.00";"0.00";"0.00"
"2018";"12";"12";"3";"9";"8290";"56.";"2.1";"1.7";"79.";"8.";"6.92";"0.00";"6.92"
"2018";"12";"12";"3";"10";"8291";"46.";"1.7";"1.6";"81.";"6.";"48.43";"125.20";"33.00"
"2018";"12";"12";"3";"11";"8292";"55.";"1.6";"1.5";"83.";"7.";"52.91";"62.72";"43.09"
"2018";"12";"12";"3";"12";"8293";"40.";"1.6";"1.3";"83.";"7.";"52.97";"62.52";"43.19"
"2018";"12";"12";"3";"13";"8294";"44.";"2.1";"1.0";"83.";"7.";"37.51";"54.94";"30.74"
"2018";"12";"12";"3";"14";"8295";"45.";"2.4";"0.9";"84.";"8.";"6.87";"0.00";"6.87"
"2018";"12";"12";"3";"15";"8296";"57.";"2.2";"0.6";"85.";"5.";"0.00";"0.00";"0.00"
"2018";"12";"12";"3";"16";"8297";"62.";"2.5";"0.3";"86.";"3.";"0.00";"0.00";"0.00"
"2018";"12";"12";"3";"17";"8298";"65.";"2.4";"0.1";"86.";"8.";"0.00";"0.00";"0.00"
"2018";"12";"12";"3";"18";"8299";"69.";"2.3";"-0.1";"86.";"8.";"0.00";"0.00";"0.00"
"2018";"12";"12";"3";"19";"8300";"65.";"2.6";"-0.1";"85.";"8.";"0.00";"0.00";"0.00"
"2018";"12";"12";"3";"20";"8301";"65.";"3.0";"-0.2";"84.";"6.";"0.00";"0.00";"0.00"
"2018";"12";"12";"3";"21";"8302";"58.";"2.3";"-0";"80.";"8.";"0.00";"0.00";"0.00"
"2018";"12";"12";"3";"22";"8303";"54.";"2.4";"0.1";"78.";"7.";"0.00";"0.00";"0.00"
"2018";"12";"12";"3";"23";"8304";"58.";"2.8";"0.1";"77.";"7.";"0.00";"0.00";"0.00"
"2018";"12";"13";"4";"0";"8305";"50.";"2.4";"0.2";"78.";"8.";"0.00";"0.00";"0.00"
"2018";"12";"13";"4";"1";"8306";"56.";"2.5";"0.0";"78.";"7.";"0.00";"0.00";"0.00"
"2018";"12";"13";"4";"2";"8307";"38.";"2.0";"-0.3";"80.";"1.";"0.00";"0.00";"0.00"
"2018";"12";"13";"4";"3";"8308";"22.";"1.3";"-1.6";"84.";"4.";"0.00";"0.00";"0.00"
"2018";"12";"13";"4";"4";"8309";"42.";"1.7";"-1.9";"86.";"7.";"0.00";"0.00";"0.00"
"2018";"12";"13";"4";"5";"8310";"63.";"2.2";"-1.5";"87.";"4.";"0.00";"0.00";"0.00"
"2018";"12";"13";"4";"6";"8311";"51.";"1.8";"-0.7";"84.";"6.";"0.00";"0.00";"0.00"
"2018";"12";"13";"4";"7";"8312";"55.";"2.2";"-0.5";"84.";"7.";"0.00";"0.00";"0.00"
"2018";"12";"13";"4";"8";"8313";"57.";"2.6";"-0.4";"84.";"7.";"0.00";"0.00";"0.00"
"2018";"12";"13";"4";"9";"8314";"63.";"3.2";"-0";"84.";"7.";"9.24";"21.80";"7.97"
"2018";"12";"13";"4";"10";"8315";"68.";"3.6";"0.4";"84.";"8.";"27.75";"0.00";"27.75"
"2018";"12";"13";"4";"11";"8316";"67.";"3.2";"0.8";"83.";"6.";"65.73";"129.53";"45.61"
"2018";"12";"13";"4";"12";"8317";"63.";"3.2";"1.1";"80.";"8.";"39.29";"0.00";"39.29"
"2018";"12";"13";"4";"13";"8318";"64.";"3.7";"1.3";"79.";"7.";"36.83";"52.03";"30.47"
"2018";"12";"13";"4";"14";"8319";"58.";"3.2";"1.4";"75.";"6.";"11.73";"47.21";"8.99"
"2018";"12";"13";"4";"15";"8320";"61.";"3.4";"1.3";"72.";"7.";"0.00";"0.00";"0.00"
"2018";"12";"13";"4";"16";"8321";"54.";"3.0";"0.9";"72.";"8.";"0.00";"0.00";"0.00"
"2018";"12";"13";"4";"17";"8322";"54.";"3.2";"0.5";"72.";"8.";"0.00";"0.00";"0.00"
"2018";"12";"13";"4";"18";"8323";"51.";"3.0";"0.2";"74.";"6.";"0.00";"0.00";"0.00"
"2018";"12";"13";"4";"19";"8324";"55.";"2.5";"-0.6";"77.";"3.";"0.00";"0.00";"0.00"
"2018";"12";"13";"4";"20";"8325";"56.";"2.7";"-0.6";"79.";"5.";"0.00";"0.00";"0.00"
"2018";"12";"13";"4";"21";"8326";"53.";"3.7";"-0.7";"79.";"8.";"0.00";"0.00";"0.00"
"2018";"12";"13";"4";"22";"8327";"56.";"3.8";"-0.9";"80.";"8.";"0.00";"0.00";"0.00"
"2018";"12";"13";"4";"23";"8328";"56.";"3.9";"-0.5";"80.";"7.";"0.00";"0.00";"0.00"
"2018";"12";"14";"5";"0";"8329";"60.";"4.6";"-0.3";"79.";"4.";"0.00";"0.00";"0.00"
"2018";"12";"14";"5";"1";"8330";"57.";"4.3";"-0.2";"81.";"7.";"0.00";"0.00";"0.00"
"2018";"12";"14";"5";"2";"8331";"64.";"4.4";"-0.6";"82.";"6.";"0.00";"0.00";"0.00"
"2018";"12";"14";"5";"3";"8332";"66.";"3.9";"-0.9";"83.";"8.";"0.00";"0.00";"0.00"
"2018";"12";"14";"5";"4";"8333";"65.";"3.8";"-0.6";"83.";"5.";"0.00";"0.00";"0.00"
"2018";"12";"14";"5";"5";"8334";"64.";"3.6";"-0.3";"83.";"7.";"0.00";"0.00";"0.00"
"2018";"12";"14";"5";"6";"8335";"69.";"3.7";"-0.1";"83.";"8.";"0.00";"0.00";"0.00"
"2018";"12";"14";"5";"7";"8336";"66.";"3.6";"0.0";"83.";"8.";"0.00";"0.00";"0.00"
"2018";"12";"14";"5";"8";"8337";"66.";"3.8";"0.2";"83.";"4.";"0.00";"0.00";"0.00"
"2018";"12";"14";"5";"9";"8338";"67.";"3.7";"0.5";"84.";"7.";"8.71";"22.62";"7.42"
"2018";"12";"14";"5";"10";"8339";"64.";"3.0";"0.7";"83.";"7.";"36.94";"56.27";"30.13"
"2018";"12";"14";"5";"11";"8340";"68.";"2.7";"0.9";"81.";"7.";"51.57";"57.92";"42.64"
"2018";"12";"14";"5";"12";"8341";"68.";"2.6";"1.3";"79.";"7.";"52.03";"60.60";"42.68"
"2018";"12";"14";"5";"13";"8342";"66.";"2.3";"1.2";"79.";"7.";"36.33";"51.15";"30.14"
"2018";"12";"14";"5";"14";"8343";"66.";"2.6";"1.1";"79.";"8.";"6.66";"0.00";"6.66"
"2018";"12";"14";"5";"15";"8344";"62.";"2.7";"1.0";"80.";"7.";"0.00";"0.00";"0.00"
"2018";"12";"14";"5";"16";"8345";"65.";"2.6";"1.0";"81.";"6.";"0.00";"0.00";"0.00"
"2018";"12";"14";"5";"17";"8346";"70.";"3.0";"0.9";"83.";"6.";"0.00";"0.00";"0.00"
"2018";"12";"14";"5";"18";"8347";"70.";"2.6";"1.0";"82.";"8.";"0.00";"0.00";"0.00"
"2018";"12";"14";"5";"19";"8348";"71.";"2.6";"1.1";"81.";"3.";"0.00";"0.00";"0.00"
"2018";"12";"14";"5";"20";"8349";"75.";"2.6";"0.6";"84.";"3.";"0.00";"0.00";"0.00"
"2018";"12";"14";"5";"21";"8350";"69.";"2.7";"-0.1";"86.";"7.";"0.00";"0.00";"0.00"
"2018";"12";"14";"5";"22";"8351";"70.";"2.9";"-0.3";"85.";"7.";"0.00";"0.00";"0.00"
"2018";"12";"14";"5";"23";"8352";"73.";"3.0";"0.0";"82.";"4.";"0.00";"0.00";"0.00"
"2018";"12";"15";"6";"0";"8353";"79.";"2.8";"0.1";"83.";"6.";"0.00";"0.00";"0.00"
"2018";"12";"15";"6";"1";"8354";"86.";"2.8";"-0";"83.";"8.";"0.00";"0.00";"0.00"
"2018";"12";"15";"6";"2";"8355";"91.";"3.3";"-0";"81.";"8.";"0.00";"0.00";"0.00"
"2018";"12";"15";"6";"3";"8356";"95.";"2.9";"0.1";"79.";"8.";"0.00";"0.00";"0.00"
"2018";"12";"15";"6";"4";"8357";"100.";"3.1";"0.1";"78.";"8.";"0.00";"0.00";"0.00"
"2018";"12";"15";"6";"5";"8358";"102.";"3.2";"0.1";"78.";"4.";"0.00";"0.00";"0.00"
"2018";"12";"15";"6";"6";"8359";"99.";"3.1";"0.2";"78.";"3.";"0.00";"0.00";"0.00"
"2018";"12";"15";"6";"7";"8360";"96.";"2.9";"0.3";"79.";"7.";"0.00";"0.00";"0.00"
"2018";"12";"15";"6";"8";"8361";"97.";"3.2";"0.5";"78.";"8.";"0.00";"0.00";"0.00"
"2018";"12";"15";"6";"9";"8362";"99.";"3.6";"0.6";"77.";"8.";"7.08";"0.00";"7.08"
"2018";"12";"15";"6";"10";"8363";"105.";"3.5";"0.9";"75.";"8.";"28.01";"0.00";"28.01"
"2018";"12";"15";"6";"11";"8364";"107.";"3.4";"1.2";"73.";"8.";"40.55";"0.00";"40.55"
"2018";"12";"15";"6";"12";"8365";"105.";"3.6";"1.4";"72.";"6.";"68.77";"150.39";"45.71"
"2018";"12";"15";"6";"13";"8366";"97.";"3.7";"1.3";"72.";"7.";"63.57";"63.41";"55.95"
"2018";"12";"15";"6";"14";"8367";"94.";"3.6";"0.9";"73.";"6.";"17.14";"54.48";"14.08"
"2018";"12";"15";"6";"15";"8368";"99.";"3.7";"0.1";"76.";"6.";"0.00";"0.00";"0.00"
"2018";"12";"15";"6";"16";"8369";"100.";"4.1";"-0.2";"77.";"7.";"0.00";"0.00";"0.00"
"2018";"12";"15";"6";"17";"8370";"102.";"4.0";"0.3";"77.";"7.";"0.00";"0.00";"0.00"
"2018";"12";"15";"6";"18";"8371";"104.";"4.2";"0.2";"78.";"6.";"0.00";"0.00";"0.00"
"2018";"12";"15";"6";"19";"8372";"99.";"4.2";"-0";"80.";"5.";"0.00";"0.00";"0.00"
"2018";"12";"15";"6";"20";"8373";"97.";"3.6";"0.1";"82.";"6.";"0.00";"0.00";"0.00"
"2018";"12";"15";"6";"21";"8374";"97.";"3.8";"0.3";"81.";"6.";"0.00";"0.00";"0.00"
"2018";"12";"15";"6";"22";"8375";"100.";"3.9";"0.3";"81.";"5.";"0.00";"0.00";"0.00"
"2018";"12";"15";"6";"23";"8376";"101.";"4.0";"-0";"82.";"3.";"0.00";"0.00";"0.00"
"2018";"12";"16";"7";"0";"8377";"108.";"4.0";"0.3";"83.";"6.";"0.00";"0.00";"0.00"
"2018";"12";"16";"7";"1";"8378";"110.";"4.4";"1.1";"82.";"7.";"0.00";"0.00";"0.00"
"2018";"12";"16";"7";"2";"8379";"105.";"4.3";"1.4";"81.";"4.";"0.00";"0.00";"0.00"
"2018";"12";"16";"7";"3";"8380";"112.";"3.8";"1.6";"82.";"8.";"0.00";"0.00";"0.00"
"2018";"12";"16";"7";"4";"8381";"116.";"3.6";"1.3";"85.";"8.";"0.00";"0.00";"0.00"
"2018";"12";"16";"7";"5";"8382";"103.";"3.8";"1.4";"86.";"8.";"0.00";"0.00";"0.00"
"2018";"12";"16";"7";"6";"8383";"102.";"3.4";"1.5";"87.";"8.";"0.00";"0.00";"0.00"
"2018";"12";"16";"7";"7";"8384";"101.";"3.9";"1.5";"87.";"7.";"0.00";"0.00";"0.00"
"2018";"12";"16";"7";"8";"8385";"103.";"3.9";"1.5";"86.";"1.";"0.00";"0.00";"0.00"
"2018";"12";"16";"7";"9";"8386";"105.";"3.5";"1.6";"86.";"4.";"12.06";"82.80";"7.49"
"2018";"12";"16";"7";"10";"8387";"106.";"3.2";"1.8";"83.";"4.";"60.43";"237.60";"32.08"
"2018";"12";"16";"7";"11";"8388";"108.";"3.7";"1.9";"81.";"7.";"52.49";"71.28";"41.62"
"2018";"12";"16";"7";"12";"8389";"111.";"3.4";"1.7";"81.";"7.";"52.47";"70.35";"41.74"
"2018";"12";"16";"7";"13";"8390";"102.";"3.0";"1.6";"81.";"8.";"27.09";"0.00";"27.09"
"2018";"12";"16";"7";"14";"8391";"91.";"2.2";"1.3";"86.";"8.";"5.11";"0.00";"5.11"
"2018";"12";"16";"7";"15";"8392";"82.";"2.5";"0.8";"90.";"8.";"0.00";"0.00";"0.00"
"2018";"12";"16";"7";"16";"8393";"96.";"2.2";"0.7";"91.";"7.";"0.00";"0.00";"0.00"
"2018";"12";"16";"7";"17";"8394";"95.";"1.9";"0.6";"91.";"8.";"0.00";"0.00";"0.00"
"2018";"12";"16";"7";"18";"8395";"78.";"1.5";"0.6";"92.";"7.";"0.00";"0.00";"0.00"
"2018";"12";"16";"7";"19";"8396";"84.";"1.4";"0.4";"92.";"8.";"0.00";"0.00";"0.00"
"2018";"12";"16";"7";"20";"8397";"72.";"1.5";"0.3";"92.";"8.";"0.00";"0.00";"0.00"
"2018";"12";"16";"7";"21";"8398";"61.";"1.5";"0.1";"93.";"8.";"0.00";"0.00";"0.00"
"2018";"12";"16";"7";"22";"8399";"73.";"1.4";"-0.2";"94.";"7.";"0.00";"0.00";"0.00"
"2018";"12";"16";"7";"23";"8400";"87.";"1.7";"-0.4";"95.";"7.";"0.00";"0.00";"0.00"
"2018";"12";"17";"1";"0";"8401";"92.";"1.1";"-0.6";"95.";"8.";"0.00";"0.00";"0.00"
"2018";"12";"17";"1";"1";"8402";"111.";"0.6";"-0.6";"94.";"7.";"0.00";"0.00";"0.00"
"2018";"12";"17";"1";"2";"8403";"143.";"0.4";"-0.4";"95.";"7.";"0.00";"0.00";"0.00"
"2018";"12";"17";"1";"3";"8404";"94.";"1.3";"-0.2";"94.";"7.";"0.00";"0.00";"0.00"
"2018";"12";"17";"1";"4";"8405";"94.";"1.1";"-0.4";"94.";"8.";"0.00";"0.00";"0.00"
"2018";"12";"17";"1";"5";"8406";"109.";"1.7";"-0.7";"94.";"8.";"0.00";"0.00";"0.00"
"2018";"12";"17";"1";"6";"8407";"101.";"2.7";"-1.1";"94.";"5.";"0.00";"0.00";"0.00"
"2018";"12";"17";"1";"7";"8408";"103.";"2.2";"-0.7";"94.";"8.";"0.00";"0.00";"0.00"
"2018";"12";"17";"1";"8";"8409";"125.";"1.1";"-0.7";"93.";"8.";"0.00";"0.00";"0.00"
"2018";"12";"17";"1";"9";"8410";"138.";"1.5";"-0.5";"94.";"7.";"6.84";"13.18";"6.12"
"2018";"12";"17";"1";"10";"8411";"149.";"1.7";"-0.2";"94.";"7.";"31.91";"32.94";"28.00"
"2018";"12";"17";"1";"11";"8412";"179.";"1.9";"-0";"93.";"7.";"48.18";"47.98";"40.90"
"2018";"12";"17";"1";"12";"8413";"185.";"2.2";"0.2";"92.";"8.";"36.63";"0.00";"36.63"
"2018";"12";"17";"1";"13";"8414";"188.";"1.8";"0.2";"90.";"8.";"24.97";"0.00";"24.97"
"2018";"12";"17";"1";"14";"8415";"180.";"1.5";"0.2";"90.";"5.";"10.14";"43.77";"7.75"
"2018";"12";"17";"1";"15";"8416";"162.";"1.0";"0.2";"90.";"5.";"0.00";"0.00";"0.00"
"2018";"12";"17";"1";"16";"8417";"150.";"1.5";"0.0";"93.";"7.";"0.00";"0.00";"0.00"
"2018";"12";"17";"1";"17";"8418";"144.";"2.0";"-0.1";"92.";"6.";"0.00";"0.00";"0.00"
"2018";"12";"17";"1";"18";"8419";"146.";"1.9";"-0.5";"92.";"7.";"0.00";"0.00";"0.00"
"2018";"12";"17";"1";"19";"8420";"135.";"2.2";"-0.8";"92.";"6.";"0.00";"0.00";"0.00"
"2018";"12";"17";"1";"20";"8421";"136.";"2.2";"-1.2";"92.";"5.";"0.00";"0.00";"0.00"
"2018";"12";"17";"1";"21";"8422";"129.";"2.4";"-1.7";"92.";"4.";"0.00";"0.00";"0.00"
"2018";"12";"17";"1";"22";"8423";"148.";"1.6";"-1.7";"91.";"6.";"0.00";"0.00";"0.00"
"2018";"12";"17";"1";"23";"8424";"135.";"1.8";"-2.1";"91.";"5.";"0.00";"0.00";"0.00"
"2018";"12";"18";"2";"0";"8425";"135.";"1.7";"-3.1";"90.";"3.";"0.00";"0.00";"0.00"
"2018";"12";"18";"2";"1";"8426";"160.";"1.2";"-3.8";"89.";"2.";"0.00";"0.00";"0.00"
"2018";"12";"18";"2";"2";"8427";"126.";"1.9";"-3.8";"90.";"1.";"0.00";"0.00";"0.00"
"2018";"12";"18";"2";"3";"8428";"118.";"2.3";"-4.3";"90.";"0.";"0.00";"0.00";"0.00"
"2018";"12";"18";"2";"4";"8429";"118.";"2.3";"-4.6";"89.";"0.";"0.00";"0.00";"0.00"
"2018";"12";"18";"2";"5";"8430";"113.";"2.5";"-4.3";"88.";"1.";"0.00";"0.00";"0.00"
"2018";"12";"18";"2";"6";"8431";"128.";"1.7";"-4.1";"87.";"2.";"0.00";"0.00";"0.00"
"2018";"12";"18";"2";"7";"8432";"113.";"2.4";"-4.4";"88.";"0.";"0.00";"0.00";"0.00"
"2018";"12";"18";"2";"8";"8433";"122.";"2.4";"-4.2";"89.";"7.";"0.00";"0.00";"0.00"
"2018";"12";"18";"2";"9";"8434";"113.";"2.8";"-3.4";"91.";"8.";"8.66";"0.00";"8.66"
"2018";"12";"18";"2";"10";"8435";"116.";"2.1";"-2.5";"89.";"8.";"33.71";"0.00";"33.71"
"2018";"12";"18";"2";"11";"8436";"113.";"2.7";"-1.2";"88.";"7.";"62.75";"56.08";"54.26"
"2018";"12";"18";"2";"12";"8437";"115.";"3.1";"-0.4";"86.";"8.";"48.93";"0.00";"48.93"
"2018";"12";"18";"2";"13";"8438";"120.";"2.9";"-0.1";"85.";"7.";"42.28";"42.54";"37.26"
"2018";"12";"18";"2";"14";"8439";"116.";"2.8";"0.0";"86.";"8.";"7.15";"0.00";"7.15"
"2018";"12";"18";"2";"15";"8440";"113.";"2.9";"0.2";"87.";"8.";"0.00";"0.00";"0.00"
"2018";"12";"18";"2";"16";"8441";"110.";"3.1";"0.3";"89.";"8.";"0.00";"0.00";"0.00"
"2018";"12";"18";"2";"17";"8442";"113.";"3.0";"0.5";"90.";"8.";"0.00";"0.00";"0.00"
"2018";"12";"18";"2";"18";"8443";"117.";"3.2";"0.7";"92.";"8.";"0.00";"0.00";"0.00"
"2018";"12";"18";"2";"19";"8444";"115.";"3.4";"0.9";"92.";"8.";"0.00";"0.00";"0.00"
"2018";"12";"18";"2";"20";"8445";"117.";"3.3";"1.2";"92.";"8.";"0.00";"0.00";"0.00"
"2018";"12";"18";"2";"21";"8446";"128.";"4.3";"1.3";"93.";"8.";"0.00";"0.00";"0.00"
"2018";"12";"18";"2";"22";"8447";"127.";"4.3";"1.4";"93.";"8.";"0.00";"0.00";"0.00"
"2018";"12";"18";"2";"23";"8448";"127.";"4.0";"1.5";"93.";"8.";"0.00";"0.00";"0.00"
"2018";"12";"19";"3";"0";"8449";"129.";"4.2";"1.6";"93.";"8.";"0.00";"0.00";"0.00"
"2018";"12";"19";"3";"1";"8450";"126.";"4.3";"1.7";"93.";"8.";"0.00";"0.00";"0.00"
"2018";"12";"19";"3";"2";"8451";"125.";"4.0";"1.7";"92.";"8.";"0.00";"0.00";"0.00"
"2018";"12";"19";"3";"3";"8452";"124.";"4.0";"1.8";"92.";"8.";"0.00";"0.00";"0.00"
"2018";"12";"19";"3";"4";"8453";"128.";"4.5";"2.0";"92.";"8.";"0.00";"0.00";"0.00"
"2018";"12";"19";"3";"5";"8454";"128.";"4.3";"2.1";"92.";"8.";"0.00";"0.00";"0.00"
"2018";"12";"19";"3";"6";"8455";"121.";"4.4";"2.2";"91.";"8.";"0.00";"0.00";"0.00"
"2018";"12";"19";"3";"7";"8456";"120.";"4.2";"2.4";"90.";"8.";"0.00";"0.00";"0.00"
"2018";"12";"19";"3";"8";"8457";"123.";"4.6";"2.7";"89.";"7.";"0.00";"0.00";"0.00"
"2018";"12";"19";"3";"9";"8458";"125.";"5.0";"3.0";"88.";"8.";"4.63";"0.00";"4.63"
"2018";"12";"19";"3";"10";"8459";"117.";"5.0";"3.3";"86.";"8.";"30.83";"0.00";"30.83"
"2018";"12";"19";"3";"11";"8460";"120.";"5.3";"3.5";"84.";"7.";"58.74";"50.61";"51.11"
"2018";"12";"19";"3";"12";"8461";"122.";"4.8";"3.6";"84.";"8.";"45.95";"0.00";"45.95"
"2018";"12";"19";"3";"13";"8462";"123.";"4.7";"3.7";"83.";"8.";"31.32";"0.00";"31.32"
"2018";"12";"19";"3";"14";"8463";"119.";"4.8";"3.7";"83.";"8.";"4.91";"0.00";"4.91"
"2018";"12";"19";"3";"15";"8464";"128.";"4.6";"3.8";"82.";"7.";"0.00";"0.00";"0.00"
"2018";"12";"19";"3";"16";"8465";"133.";"4.8";"3.8";"82.";"8.";"0.00";"0.00";"0.00"
"2018";"12";"19";"3";"17";"8466";"133.";"4.4";"3.8";"80.";"7.";"0.00";"0.00";"0.00"
"2018";"12";"19";"3";"18";"8467";"134.";"4.4";"3.7";"80.";"7.";"0.00";"0.00";"0.00"
"2018";"12";"19";"3";"19";"8468";"133.";"4.3";"3.6";"81.";"7.";"0.00";"0.00";"0.00"
"2018";"12";"19";"3";"20";"8469";"131.";"4.5";"3.2";"84.";"8.";"0.00";"0.00";"0.00"
"2018";"12";"19";"3";"21";"8470";"131.";"4.2";"2.6";"89.";"8.";"0.00";"0.00";"0.00"
"2018";"12";"19";"3";"22";"8471";"128.";"4.1";"2.4";"91.";"8.";"0.00";"0.00";"0.00"
"2018";"12";"19";"3";"23";"8472";"127.";"4.3";"2.4";"91.";"8.";"0.00";"0.00";"0.00"
"2018";"12";"20";"4";"0";"8473";"130.";"4.0";"2.4";"91.";"8.";"0.00";"0.00";"0.00"
"2018";"12";"20";"4";"1";"8474";"125.";"4.0";"2.1";"91.";"8.";"0.00";"0.00";"0.00"
"2018";"12";"20";"4";"2";"8475";"122.";"4.3";"2.0";"91.";"8.";"0.00";"0.00";"0.00"
"2018";"12";"20";"4";"3";"8476";"120.";"4.0";"1.9";"91.";"8.";"0.00";"0.00";"0.00"
"2018";"12";"20";"4";"4";"8477";"122.";"3.9";"1.9";"90.";"8.";"0.00";"0.00";"0.00"
"2018";"12";"20";"4";"5";"8478";"123.";"4.1";"1.9";"90.";"8.";"0.00";"0.00";"0.00"
"2018";"12";"20";"4";"6";"8479";"122.";"3.8";"2.0";"90.";"8.";"0.00";"0.00";"0.00"
"2018";"12";"20";"4";"7";"8480";"124.";"3.5";"2.1";"90.";"8.";"0.00";"0.00";"0.00"
"2018";"12";"20";"4";"8";"8481";"123.";"3.5";"2.1";"90.";"8.";"0.00";"0.00";"0.00"
"2018";"12";"20";"4";"9";"8482";"118.";"4.0";"2.1";"91.";"8.";"3.55";"0.00";"3.55"
"2018";"12";"20";"4";"10";"8483";"119.";"3.7";"2.3";"91.";"8.";"22.25";"0.00";"22.25"
"2018";"12";"20";"4";"11";"8484";"116.";"3.5";"2.3";"91.";"8.";"33.34";"0.00";"33.34"
"2018";"12";"20";"4";"12";"8485";"113.";"3.9";"2.4";"90.";"8.";"33.51";"0.00";"33.51"
"2018";"12";"20";"4";"13";"8486";"114.";"3.7";"2.4";"90.";"8.";"22.83";"0.00";"22.83"
"2018";"12";"20";"4";"14";"8487";"108.";"4.0";"2.3";"90.";"8.";"3.58";"0.00";"3.58"
"2018";"12";"20";"4";"15";"8488";"110.";"3.9";"2.2";"89.";"8.";"0.00";"0.00";"0.00"
"2018";"12";"20";"4";"16";"8489";"103.";"3.9";"2.1";"89.";"8.";"0.00";"0.00";"0.00"
"2018";"12";"20";"4";"17";"8490";"96.";"4.3";"2.1";"88.";"8.";"0.00";"0.00";"0.00"
"2018";"12";"20";"4";"18";"8491";"105.";"3.8";"2.0";"88.";"8.";"0.00";"0.00";"0.00"
"2018";"12";"20";"4";"19";"8492";"103.";"3.9";"1.9";"87.";"8.";"0.00";"0.00";"0.00"
"2018";"12";"20";"4";"20";"8493";"104.";"4.1";"1.9";"87.";"8.";"0.00";"0.00";"0.00"
"2018";"12";"20";"4";"21";"8494";"108.";"3.9";"2.0";"86.";"8.";"0.00";"0.00";"0.00"
"2018";"12";"20";"4";"22";"8495";"108.";"4.4";"2.0";"85.";"8.";"0.00";"0.00";"0.00"
"2018";"12";"20";"4";"23";"8496";"110.";"4.5";"2.0";"84.";"8.";"0.00";"0.00";"0.00"
"2018";"12";"21";"5";"0";"8497";"106.";"4.7";"2.0";"84.";"8.";"0.00";"0.00";"0.00"
"2018";"12";"21";"5";"1";"8498";"108.";"4.2";"2.0";"84.";"8.";"0.00";"0.00";"0.00"
"2018";"12";"21";"5";"2";"8499";"107.";"4.7";"2.1";"84.";"8.";"0.00";"0.00";"0.00"
"2018";"12";"21";"5";"3";"8500";"103.";"5.0";"2.0";"84.";"8.";"0.00";"0.00";"0.00"
"2018";"12";"21";"5";"4";"8501";"103.";"4.6";"2.0";"85.";"8.";"0.00";"0.00";"0.00"
"2018";"12";"21";"5";"5";"8502";"105.";"5.0";"2.0";"84.";"8.";"0.00";"0.00";"0.00"
"2018";"12";"21";"5";"6";"8503";"106.";"4.9";"1.7";"85.";"8.";"0.00";"0.00";"0.00"
"2018";"12";"21";"5";"7";"8504";"106.";"5.1";"1.4";"87.";"8.";"0.00";"0.00";"0.00"
"2018";"12";"21";"5";"8";"8505";"106.";"5.4";"1.4";"87.";"8.";"0.00";"0.00";"0.00"
"2018";"12";"21";"5";"9";"8506";"101.";"5.1";"1.5";"87.";"7.";"5.98";"14.23";"5.22"
"2018";"12";"21";"5";"10";"8507";"101.";"5.3";"1.5";"86.";"8.";"24.55";"0.00";"24.55"
"2018";"12";"21";"5";"11";"8508";"102.";"5.9";"1.6";"86.";"7.";"49.92";"62.23";"40.57"
"2018";"12";"21";"5";"12";"8509";"101.";"5.5";"1.7";"85.";"8.";"37.47";"0.00";"37.47"
"2018";"12";"21";"5";"13";"8510";"98.";"5.5";"1.8";"84.";"8.";"25.79";"0.00";"25.79"
"2018";"12";"21";"5";"14";"8511";"94.";"5.5";"1.7";"85.";"8.";"4.71";"0.00";"4.71"
"2018";"12";"21";"5";"15";"8512";"92.";"5.5";"1.3";"85.";"8.";"0.00";"0.00";"0.00"
"2018";"12";"21";"5";"16";"8513";"90.";"5.8";"1.0";"86.";"8.";"0.00";"0.00";"0.00"
"2018";"12";"21";"5";"17";"8514";"87.";"5.7";"1.0";"85.";"8.";"0.00";"0.00";"0.00"
"2018";"12";"21";"5";"18";"8515";"85.";"5.4";"0.9";"85.";"8.";"0.00";"0.00";"0.00"
"2018";"12";"21";"5";"19";"8516";"82.";"5.9";"0.5";"84.";"8.";"0.00";"0.00";"0.00"
"2018";"12";"21";"5";"20";"8517";"76.";"5.6";"0.1";"85.";"8.";"0.00";"0.00";"0.00"
"2018";"12";"21";"5";"21";"8518";"74.";"5.7";"-0.4";"86.";"8.";"0.00";"0.00";"0.00"
"2018";"12";"21";"5";"22";"8519";"70.";"5.4";"-0.5";"85.";"8.";"0.00";"0.00";"0.00"
"2018";"12";"21";"5";"23";"8520";"68.";"5.3";"-0.5";"82.";"8.";"0.00";"0.00";"0.00"
"2018";"12";"22";"6";"0";"8521";"71.";"5.9";"-0.5";"80.";"8.";"0.00";"0.00";"0.00"
"2018";"12";"22";"6";"1";"8522";"68.";"5.4";"-0.6";"79.";"7.";"0.00";"0.00";"0.00"
"2018";"12";"22";"6";"2";"8523";"67.";"6.0";"-0.7";"79.";"7.";"0.00";"0.00";"0.00"
"2018";"12";"22";"6";"3";"8524";"65.";"5.9";"-0.7";"80.";"8.";"0.00";"0.00";"0.00"
"2018";"12";"22";"6";"4";"8525";"63.";"5.0";"-0.7";"80.";"7.";"0.00";"0.00";"0.00"
"2018";"12";"22";"6";"5";"8526";"65.";"4.7";"-0.6";"80.";"8.";"0.00";"0.00";"0.00"
"2018";"12";"22";"6";"6";"8527";"63.";"3.9";"-0.5";"80.";"8.";"0.00";"0.00";"0.00"
"2018";"12";"22";"6";"7";"8528";"60.";"3.2";"-0.5";"79.";"7.";"0.00";"0.00";"0.00"
"2018";"12";"22";"6";"8";"8529";"43.";"2.2";"-0.7";"80.";"7.";"0.00";"0.00";"0.00"
"2018";"12";"22";"6";"9";"8530";"48.";"2.8";"-0.7";"81.";"8.";"6.32";"0.00";"6.32"
"2018";"12";"22";"6";"10";"8531";"34.";"2.4";"-0.7";"83.";"8.";"27.23";"0.00";"27.23"
"2018";"12";"22";"6";"11";"8532";"34.";"2.5";"-0.6";"82.";"5.";"76.33";"203.51";"45.78"
"2018";"12";"22";"6";"12";"8533";"33.";"2.5";"-0.5";"78.";"4.";"86.55";"251.15";"48.84"
"2018";"12";"22";"6";"13";"8534";"24.";"2.4";"-0.5";"77.";"7.";"36.24";"55.15";"29.79"
"2018";"12";"22";"6";"14";"8535";"28.";"2.1";"-0.6";"74.";"7.";"9.08";"25.90";"7.71"
"2018";"12";"22";"6";"15";"8536";"36.";"1.7";"-0.7";"72.";"8.";"0.00";"0.00";"0.00"
"2018";"12";"22";"6";"16";"8537";"27.";"1.5";"-0.8";"71.";"7.";"0.00";"0.00";"0.00"
"2018";"12";"22";"6";"17";"8538";"29.";"1.5";"-0.9";"72.";"7.";"0.00";"0.00";"0.00"
"2018";"12";"22";"6";"18";"8539";"0.";"0.9";"-0.9";"73.";"8.";"0.00";"0.00";"0.00"
"2018";"12";"22";"6";"19";"8540";"349.";"0.8";"-1.0";"75.";"8.";"0.00";"0.00";"0.00"
"2018";"12";"22";"6";"20";"8541";"4.";"0.8";"-1.1";"76.";"7.";"0.00";"0.00";"0.00"
"2018";"12";"22";"6";"21";"8542";"60.";"0.4";"-1.1";"78.";"8.";"0.00";"0.00";"0.00"
"2018";"12";"22";"6";"22";"8543";"102.";"0.3";"-1.1";"79.";"7.";"0.00";"0.00";"0.00"
"2018";"12";"22";"6";"23";"8544";"96.";"1.0";"-1.2";"79.";"8.";"0.00";"0.00";"0.00"
"2018";"12";"23";"7";"0";"8545";"108.";"0.6";"-1.1";"79.";"8.";"0.00";"0.00";"0.00"
"2018";"12";"23";"7";"1";"8546";"107.";"0.6";"-1.1";"78.";"8.";"0.00";"0.00";"0.00"
"2018";"12";"23";"7";"2";"8547";"99.";"1.0";"-1.1";"78.";"8.";"0.00";"0.00";"0.00"
"2018";"12";"23";"7";"3";"8548";"116.";"0.8";"-1.0";"78.";"8.";"0.00";"0.00";"0.00"
"2018";"12";"23";"7";"4";"8549";"108.";"0.7";"-1.0";"77.";"7.";"0.00";"0.00";"0.00"
"2018";"12";"23";"7";"5";"8550";"82.";"0.9";"-0.8";"77.";"8.";"0.00";"0.00";"0.00"
"2018";"12";"23";"7";"6";"8551";"57.";"0.8";"-1.1";"77.";"8.";"0.00";"0.00";"0.00"
"2018";"12";"23";"7";"7";"8552";"53.";"1.1";"-1.0";"76.";"8.";"0.00";"0.00";"0.00"
"2018";"12";"23";"7";"8";"8553";"61.";"1.3";"-1.0";"77.";"6.";"0.00";"0.00";"0.00"
"2018";"12";"23";"7";"9";"8554";"38.";"1.7";"-1.0";"77.";"7.";"9.05";"26.20";"7.66"
"2018";"12";"23";"7";"10";"8555";"39.";"1.9";"-0.9";"76.";"8.";"27.71";"0.00";"27.71"
"2018";"12";"23";"7";"11";"8556";"45.";"2.2";"-1.1";"75.";"8.";"40.27";"0.00";"40.27"
"2018";"12";"23";"7";"12";"8557";"38.";"2.2";"-1.3";"74.";"7.";"53.79";"72.78";"42.86"
"2018";"12";"23";"7";"13";"8558";"41.";"2.6";"-1.6";"74.";"8.";"29.09";"0.00";"29.09"
"2018";"12";"23";"7";"14";"8559";"46.";"2.4";"-1.9";"75.";"6.";"12.37";"57.97";"9.30"
"2018";"12";"23";"7";"15";"8560";"49.";"1.9";"-2.5";"77.";"0.";"0.00";"0.00";"0.00"
"2018";"12";"23";"7";"16";"8561";"63.";"2.1";"-2.2";"78.";"0.";"0.00";"0.00";"0.00"
"2018";"12";"23";"7";"17";"8562";"60.";"1.9";"-2.2";"77.";"1.";"0.00";"0.00";"0.00"
"2018";"12";"23";"7";"18";"8563";"38.";"1.4";"-2.7";"80.";"5.";"0.00";"0.00";"0.00"
"2018";"12";"23";"7";"19";"8564";"18.";"1.2";"-2.6";"79.";"8.";"0.00";"0.00";"0.00"
"2018";"12";"23";"7";"20";"8565";"357.";"1.3";"-2.5";"79.";"6.";"0.00";"0.00";"0.00"
"2018";"12";"23";"7";"21";"8566";"5.";"1.6";"-2.5";"78.";"7.";"0.00";"0.00";"0.00"
"2018";"12";"23";"7";"22";"8567";"359.";"1.6";"-2.4";"77.";"6.";"0.00";"0.00";"0.00"
"2018";"12";"23";"7";"23";"8568";"358.";"1.4";"-3.1";"77.";"8.";"0.00";"0.00";"0.00"
"2018";"12";"24";"1";"0";"8569";"358.";"1.2";"-3.7";"78.";"7.";"0.00";"0.00";"0.00"
"2018";"12";"24";"1";"1";"8570";"30.";"1.3";"-4.1";"79.";"4.";"0.00";"0.00";"0.00"
"2018";"12";"24";"1";"2";"8571";"55.";"1.9";"-4.8";"81.";"3.";"0.00";"0.00";"0.00"
"2018";"12";"24";"1";"3";"8572";"60.";"1.4";"-5.6";"83.";"1.";"0.00";"0.00";"0.00"
"2018";"12";"24";"1";"4";"8573";"68.";"1.6";"-6.4";"86.";"2.";"0.00";"0.00";"0.00"
"2018";"12";"24";"1";"5";"8574";"72.";"1.5";"-6.5";"87.";"0.";"0.00";"0.00";"0.00"
"2018";"12";"24";"1";"6";"8575";"75.";"0.9";"-6.8";"87.";"3.";"0.00";"0.00";"0.00"
"2018";"12";"24";"1";"7";"8576";"76.";"0.7";"-5.7";"87.";"4.";"0.00";"0.00";"0.00"
"2018";"12";"24";"1";"8";"8577";"95.";"0.6";"-4.4";"87.";"5.";"0.00";"0.00";"0.00"
"2018";"12";"24";"1";"9";"8578";"242.";"0.2";"-3.4";"85.";"7.";"9.95";"28.82";"8.42"
"2018";"12";"24";"1";"10";"8579";"117.";"0.3";"-2.7";"83.";"7.";"38.73";"64.38";"31.18"
"2018";"12";"24";"1";"11";"8580";"42.";"0.6";"-2.0";"80.";"7.";"55.28";"76.00";"43.86"
"2018";"12";"24";"1";"12";"8581";"26.";"1.0";"-1.3";"79.";"7.";"55.00";"75.62";"43.64"
"2018";"12";"24";"1";"13";"8582";"355.";"1.2";"-0.9";"81.";"7.";"37.91";"63.03";"30.53"
"2018";"12";"24";"1";"14";"8583";"338.";"0.7";"-1.2";"84.";"7.";"8.74";"25.31";"7.39"
"2018";"12";"24";"1";"15";"8584";"307.";"1.1";"-1.8";"87.";"7.";"0.00";"0.00";"0.00"
"2018";"12";"24";"1";"16";"8585";"249.";"1.7";"-2.0";"89.";"8.";"0.00";"0.00";"0.00"
"2018";"12";"24";"1";"17";"8586";"229.";"1.7";"-2.2";"89.";"7.";"0.00";"0.00";"0.00"
"2018";"12";"24";"1";"18";"8587";"216.";"1.1";"-2.0";"88.";"8.";"0.00";"0.00";"0.00"
"2018";"12";"24";"1";"19";"8588";"230.";"1.4";"-1.9";"88.";"8.";"0.00";"0.00";"0.00"
"2018";"12";"24";"1";"20";"8589";"253.";"2.1";"-2.1";"89.";"6.";"0.00";"0.00";"0.00"
"2018";"12";"24";"1";"21";"8590";"286.";"2.8";"-0.9";"90.";"8.";"0.00";"0.00";"0.00"
"2018";"12";"24";"1";"22";"8591";"287.";"3.6";"2.2";"90.";"6.";"0.00";"0.00";"0.00"
"2018";"12";"24";"1";"23";"8592";"286.";"5.7";"4.1";"89.";"7.";"0.00";"0.00";"0.00"
"2018";"12";"25";"2";"0";"8593";"284.";"6.8";"5.4";"86.";"7.";"0.00";"0.00";"0.00"
"2018";"12";"25";"2";"1";"8594";"279.";"7.2";"5.8";"85.";"8.";"0.00";"0.00";"0.00"
"2018";"12";"25";"2";"2";"8595";"281.";"7.3";"5.9";"84.";"8.";"0.00";"0.00";"0.00"
"2018";"12";"25";"2";"3";"8596";"282.";"7.2";"6.1";"85.";"7.";"0.00";"0.00";"0.00"
"2018";"12";"25";"2";"4";"8597";"286.";"7.2";"6.2";"83.";"8.";"0.00";"0.00";"0.00"
"2018";"12";"25";"2";"5";"8598";"285.";"6.8";"6.0";"83.";"8.";"0.00";"0.00";"0.00"
"2018";"12";"25";"2";"6";"8599";"293.";"5.2";"5.6";"83.";"4.";"0.00";"0.00";"0.00"
"2018";"12";"25";"2";"7";"8600";"293.";"4.5";"5.1";"83.";"8.";"0.00";"0.00";"0.00"
"2018";"12";"25";"2";"8";"8601";"285.";"4.4";"5.2";"83.";"8.";"0.00";"0.00";"0.00"
"2018";"12";"25";"2";"9";"8602";"300.";"4.3";"5.4";"82.";"8.";"2.76";"0.00";"2.76"
"2018";"12";"25";"2";"10";"8603";"293.";"3.1";"5.7";"80.";"8.";"23.58";"0.00";"23.58"
"2018";"12";"25";"2";"11";"8604";"296.";"2.7";"6.1";"78.";"6.";"58.90";"115.41";"41.52"
"2018";"12";"25";"2";"12";"8605";"292.";"3.2";"6.7";"76.";"8.";"35.87";"0.00";"35.87"
"2018";"12";"25";"2";"13";"8606";"278.";"2.7";"6.3";"75.";"5.";"47.28";"149.19";"29.76"
"2018";"12";"25";"2";"14";"8607";"262.";"2.8";"5.7";"78.";"6.";"5.04";"20.05";"3.97"
"2018";"12";"25";"2";"15";"8608";"280.";"3.4";"4.9";"82.";"8.";"0.00";"0.00";"0.00"
"2018";"12";"25";"2";"16";"8609";"279.";"4.3";"5.2";"83.";"8.";"0.00";"0.00";"0.00"
"2018";"12";"25";"2";"17";"8610";"286.";"4.9";"5.4";"84.";"8.";"0.00";"0.00";"0.00"
"2018";"12";"25";"2";"18";"8611";"293.";"4.8";"5.4";"83.";"7.";"0.00";"0.00";"0.00"
"2018";"12";"25";"2";"19";"8612";"294.";"4.3";"5.4";"84.";"8.";"0.00";"0.00";"0.00"
"2018";"12";"25";"2";"20";"8613";"295.";"4.9";"5.4";"85.";"8.";"0.00";"0.00";"0.00"
"2018";"12";"25";"2";"21";"8614";"291.";"5.3";"5.6";"84.";"8.";"0.00";"0.00";"0.00"
"2018";"12";"25";"2";"22";"8615";"291.";"4.4";"4.9";"84.";"5.";"0.00";"0.00";"0.00"
"2018";"12";"25";"2";"23";"8616";"297.";"3.5";"4.0";"86.";"6.";"0.00";"0.00";"0.00"
"2018";"12";"26";"3";"0";"8617";"298.";"4.1";"3.6";"88.";"5.";"0.00";"0.00";"0.00"
"2018";"12";"26";"3";"1";"8618";"308.";"3.5";"2.6";"89.";"3.";"0.00";"0.00";"0.00"
"2018";"12";"26";"3";"2";"8619";"306.";"3.8";"1.8";"90.";"4.";"0.00";"0.00";"0.00"
"2018";"12";"26";"3";"3";"8620";"317.";"2.5";"1.8";"90.";"8.";"0.00";"0.00";"0.00"
"2018";"12";"26";"3";"4";"8621";"336.";"1.8";"1.0";"90.";"0.";"0.00";"0.00";"0.00"
"2018";"12";"26";"3";"5";"8622";"329.";"1.3";"-0.5";"91.";"2.";"0.00";"0.00";"0.00"
"2018";"12";"26";"3";"6";"8623";"286.";"1.8";"-0.9";"90.";"6.";"0.00";"0.00";"0.00"
"2018";"12";"26";"3";"7";"8624";"278.";"1.0";"0.7";"90.";"8.";"0.00";"0.00";"0.00"
"2018";"12";"26";"3";"8";"8625";"259.";"1.0";"-0.1";"91.";"4.";"0.00";"0.00";"0.00"
"2018";"12";"26";"3";"9";"8626";"213.";"0.9";"0.0";"91.";"5.";"9.92";"45.05";"7.50"
"2018";"12";"26";"3";"10";"8627";"199.";"1.0";"1.1";"91.";"2.";"66.14";"219.41";"40.30"
"2018";"12";"26";"3";"11";"8628";"213.";"1.3";"2.7";"91.";"7.";"46.55";"47.21";"39.42"
"2018";"12";"26";"3";"12";"8629";"185.";"1.5";"4.5";"90.";"5.";"67.75";"153.12";"44.63"
"2018";"12";"26";"3";"13";"8630";"214.";"2.0";"5.1";"89.";"7.";"30.50";"41.61";"25.60"
"2018";"12";"26";"3";"14";"8631";"214.";"1.9";"5.1";"92.";"8.";"1.88";"0.00";"1.88"
"2018";"12";"26";"3";"15";"8632";"251.";"1.5";"4.8";"93.";"7.";"0.00";"0.00";"0.00"
"2018";"12";"26";"3";"16";"8633";"258.";"2.8";"5.4";"94.";"8.";"0.00";"0.00";"0.00"
"2018";"12";"26";"3";"17";"8634";"269.";"3.4";"6.1";"95.";"8.";"0.00";"0.00";"0.00"
"2018";"12";"26";"3";"18";"8635";"266.";"3.5";"6.2";"95.";"8.";"0.00";"0.00";"0.00"
"2018";"12";"26";"3";"19";"8636";"268.";"3.4";"6.3";"96.";"8.";"0.00";"0.00";"0.00"
"2018";"12";"26";"3";"20";"8637";"277.";"2.8";"6.4";"96.";"8.";"0.00";"0.00";"0.00"
"2018";"12";"26";"3";"21";"8638";"273.";"4.3";"6.4";"96.";"8.";"0.00";"0.00";"0.00"
"2018";"12";"26";"3";"22";"8639";"278.";"4.0";"6.4";"97.";"7.";"0.00";"0.00";"0.00"
"2018";"12";"26";"3";"23";"8640";"278.";"3.7";"6.2";"97.";"8.";"0.00";"0.00";"0.00"
"2018";"12";"27";"4";"0";"8641";"275.";"3.7";"6.2";"97.";"8.";"0.00";"0.00";"0.00"
"2018";"12";"27";"4";"1";"8642";"280.";"3.6";"6.1";"97.";"8.";"0.00";"0.00";"0.00"
"2018";"12";"27";"4";"2";"8643";"281.";"5.0";"6.3";"97.";"8.";"0.00";"0.00";"0.00"
"2018";"12";"27";"4";"3";"8644";"279.";"4.7";"6.5";"97.";"8.";"0.00";"0.00";"0.00"
"2018";"12";"27";"4";"4";"8645";"276.";"4.6";"6.6";"97.";"8.";"0.00";"0.00";"0.00"
"2018";"12";"27";"4";"5";"8646";"279.";"5.1";"6.5";"97.";"8.";"0.00";"0.00";"0.00"
"2018";"12";"27";"4";"6";"8647";"276.";"5.6";"6.5";"98.";"8.";"0.00";"0.00";"0.00"
"2018";"12";"27";"4";"7";"8648";"280.";"5.0";"6.5";"97.";"8.";"0.00";"0.00";"0.00"
"2018";"12";"27";"4";"8";"8649";"275.";"5.3";"6.5";"98.";"8.";"0.00";"0.00";"0.00"
"2018";"12";"27";"4";"9";"8650";"270.";"4.9";"6.6";"98.";"8.";"0.17";"0.00";"0.17"
"2018";"12";"27";"4";"10";"8651";"274.";"5.7";"6.7";"98.";"7.";"27.55";"35.79";"23.32"
"2018";"12";"27";"4";"11";"8652";"274.";"6.0";"6.9";"95.";"6.";"53.72";"92.89";"39.66"
"2018";"12";"27";"4";"12";"8653";"281.";"6.4";"7.1";"90.";"6.";"55.03";"99.31";"39.99"
"2018";"12";"27";"4";"13";"8654";"290.";"6.0";"7.3";"87.";"7.";"28.84";"38.30";"24.31"
"2018";"12";"27";"4";"14";"8655";"294.";"7.1";"7.0";"85.";"8.";"1.50";"0.00";"1.50"
"2018";"12";"27";"4";"15";"8656";"293.";"6.3";"6.6";"86.";"3.";"0.00";"0.00";"0.00"
"2018";"12";"27";"4";"16";"8657";"296.";"5.9";"6.7";"85.";"2.";"0.00";"0.00";"0.00"
"2018";"12";"27";"4";"17";"8658";"296.";"4.9";"6.4";"86.";"1.";"0.00";"0.00";"0.00"
"2018";"12";"27";"4";"18";"8659";"299.";"4.2";"5.9";"89.";"1.";"0.00";"0.00";"0.00"
"2018";"12";"27";"4";"19";"8660";"295.";"3.5";"5.5";"92.";"1.";"0.00";"0.00";"0.00"
"2018";"12";"27";"4";"20";"8661";"290.";"2.9";"5.7";"94.";"3.";"0.00";"0.00";"0.00"
"2018";"12";"27";"4";"21";"8662";"285.";"3.6";"5.9";"94.";"4.";"0.00";"0.00";"0.00"
"2018";"12";"27";"4";"22";"8663";"287.";"2.7";"5.6";"94.";"3.";"0.00";"0.00";"0.00"
"2018";"12";"27";"4";"23";"8664";"286.";"2.0";"4.7";"94.";"2.";"0.00";"0.00";"0.00"
"2018";"12";"28";"5";"0";"8665";"299.";"1.3";"3.4";"94.";"0.";"0.00";"0.00";"0.00"
"2018";"12";"28";"5";"1";"8666";"293.";"1.5";"2.4";"94.";"0.";"0.00";"0.00";"0.00"
"2018";"12";"28";"5";"2";"8667";"304.";"1.6";"1.6";"96.";"0.";"0.00";"0.00";"0.00"
"2018";"12";"28";"5";"3";"8668";"317.";"1.7";"0.4";"95.";"0.";"0.00";"0.00";"0.00"
"2018";"12";"28";"5";"4";"8669";"341.";"1.6";"-0.1";"97.";"5.";"0.00";"0.00";"0.00"
"2018";"12";"28";"5";"5";"8670";"331.";"1.8";"-0.1";"97.";"2.";"0.00";"0.00";"0.00"
"2018";"12";"28";"5";"6";"8671";"316.";"2.3";"-0.4";"96.";"1.";"0.00";"0.00";"0.00"
"2018";"12";"28";"5";"7";"8672";"329.";"1.6";"-0.9";"96.";"2.";"0.00";"0.00";"0.00"
"2018";"12";"28";"5";"8";"8673";"329.";"1.5";"-1.1";"96.";"0.";"0.00";"0.00";"0.00"
"2018";"12";"28";"5";"9";"8674";"322.";"1.3";"-0.5";"95.";"0.";"17.00";"113.29";"10.79"
"2018";"12";"28";"5";"10";"8675";"290.";"0.7";"0.4";"95.";"0.";"81.38";"342.34";"40.69"
"2018";"12";"28";"5";"11";"8676";"274.";"1.3";"1.7";"94.";"1.";"110.69";"391.90";"51.10"
"2018";"12";"28";"5";"12";"8677";"256.";"1.2";"2.5";"92.";"4.";"82.18";"229.43";"47.30"
"2018";"12";"28";"5";"13";"8678";"242.";"1.2";"2.5";"93.";"1.";"75.53";"349.25";"34.01"
"2018";"12";"28";"5";"14";"8679";"230.";"1.2";"1.9";"94.";"0.";"13.52";"103.86";"7.83"
"2018";"12";"28";"5";"15";"8680";"204.";"1.2";"0.8";"94.";"2.";"0.00";"0.00";"0.00"
"2018";"12";"28";"5";"16";"8681";"224.";"1.7";"2.0";"95.";"6.";"0.00";"0.00";"0.00"
"2018";"12";"28";"5";"17";"8682";"215.";"1.9";"2.3";"96.";"7.";"0.00";"0.00";"0.00"
"2018";"12";"28";"5";"18";"8683";"205.";"1.7";"2.6";"97.";"8.";"0.00";"0.00";"0.00"
"2018";"12";"28";"5";"19";"8684";"205.";"1.9";"3.4";"96.";"8.";"0.00";"0.00";"0.00"
"2018";"12";"28";"5";"20";"8685";"213.";"2.1";"4.0";"95.";"8.";"0.00";"0.00";"0.00"
"2018";"12";"28";"5";"21";"8686";"234.";"2.2";"4.2";"95.";"7.";"0.00";"0.00";"0.00"
"2018";"12";"28";"5";"22";"8687";"235.";"2.3";"4.3";"94.";"8.";"0.00";"0.00";"0.00"
"2018";"12";"28";"5";"23";"8688";"237.";"2.3";"4.4";"95.";"8.";"0.00";"0.00";"0.00"
"2018";"12";"29";"6";"0";"8689";"247.";"2.3";"4.7";"96.";"8.";"0.00";"0.00";"0.00"
"2018";"12";"29";"6";"1";"8690";"253.";"2.5";"5.3";"96.";"8.";"0.00";"0.00";"0.00"
"2018";"12";"29";"6";"2";"8691";"247.";"2.1";"5.8";"96.";"8.";"0.00";"0.00";"0.00"
"2018";"12";"29";"6";"3";"8692";"272.";"2.3";"5.7";"95.";"8.";"0.00";"0.00";"0.00"
"2018";"12";"29";"6";"4";"8693";"268.";"2.0";"6.0";"95.";"7.";"0.00";"0.00";"0.00"
"2018";"12";"29";"6";"5";"8694";"270.";"2.7";"5.8";"96.";"8.";"0.00";"0.00";"0.00"
"2018";"12";"29";"6";"6";"8695";"259.";"2.1";"5.4";"96.";"4.";"0.00";"0.00";"0.00"
"2018";"12";"29";"6";"7";"8696";"250.";"2.7";"5.3";"96.";"7.";"0.00";"0.00";"0.00"
"2018";"12";"29";"6";"8";"8697";"249.";"2.9";"5.6";"96.";"7.";"0.00";"0.00";"0.00"
"2018";"12";"29";"6";"9";"8698";"232.";"2.7";"5.8";"96.";"8.";"1.40";"0.00";"1.40"
"2018";"12";"29";"6";"10";"8699";"245.";"3.2";"5.9";"96.";"8.";"21.02";"0.00";"21.02"
"2018";"12";"29";"6";"11";"8700";"240.";"2.6";"6.1";"95.";"8.";"31.73";"0.00";"31.73"
"2018";"12";"29";"6";"12";"8701";"236.";"3.0";"6.0";"95.";"8.";"32.40";"0.00";"32.40"
"2018";"12";"29";"6";"13";"8702";"223.";"2.8";"5.8";"94.";"8.";"19.72";"0.00";"19.72"
"2018";"12";"29";"6";"14";"8703";"227.";"3.0";"5.5";"95.";"8.";"1.51";"0.00";"1.51"
"2018";"12";"29";"6";"15";"8704";"215.";"2.0";"5.4";"95.";"8.";"0.00";"0.00";"0.00"
"2018";"12";"29";"6";"16";"8705";"215.";"1.8";"5.3";"96.";"8.";"0.00";"0.00";"0.00"
"2018";"12";"29";"6";"17";"8706";"183.";"1.4";"4.9";"95.";"8.";"0.00";"0.00";"0.00"
"2018";"12";"29";"6";"18";"8707";"115.";"1.3";"4.8";"95.";"8.";"0.00";"0.00";"0.00"
"2018";"12";"29";"6";"19";"8708";"102.";"1.4";"4.7";"95.";"8.";"0.00";"0.00";"0.00"
"2018";"12";"29";"6";"20";"8709";"100.";"1.2";"4.5";"95.";"8.";"0.00";"0.00";"0.00"
"2018";"12";"29";"6";"21";"8710";"30.";"0.9";"4.5";"96.";"8.";"0.00";"0.00";"0.00"
"2018";"12";"29";"6";"22";"8711";"18.";"1.1";"4.4";"97.";"8.";"0.00";"0.00";"0.00"
"2018";"12";"29";"6";"23";"8712";"6.";"1.6";"4.3";"97.";"7.";"0.00";"0.00";"0.00"
"2018";"12";"30";"7";"0";"8713";"359.";"2.1";"4.3";"96.";"8.";"0.00";"0.00";"0.00"
"2018";"12";"30";"7";"1";"8714";"358.";"2.3";"4.1";"96.";"8.";"0.00";"0.00";"0.00"
"2018";"12";"30";"7";"2";"8715";"355.";"2.9";"3.7";"96.";"8.";"0.00";"0.00";"0.00"
"2018";"12";"30";"7";"3";"8716";"347.";"2.7";"3.1";"96.";"7.";"0.00";"0.00";"0.00"
"2018";"12";"30";"7";"4";"8717";"345.";"2.8";"2.6";"95.";"7.";"0.00";"0.00";"0.00"
"2018";"12";"30";"7";"5";"8718";"341.";"3.2";"2.2";"95.";"8.";"0.00";"0.00";"0.00"
"2018";"12";"30";"7";"6";"8719";"355.";"2.0";"2.1";"94.";"7.";"0.00";"0.00";"0.00"
"2018";"12";"30";"7";"7";"8720";"9.";"1.0";"1.7";"94.";"3.";"0.00";"0.00";"0.00"
"2018";"12";"30";"7";"8";"8721";"25.";"0.8";"0.7";"93.";"2.";"0.00";"0.00";"0.00"
"2018";"12";"30";"7";"9";"8722";"329.";"0.8";"0.2";"93.";"3.";"15.29";"113.39";"8.91"
"2018";"12";"30";"7";"10";"8723";"325.";"1.2";"0.8";"92.";"1.";"84.41";"426.31";"33.06"
"2018";"12";"30";"7";"11";"8724";"345.";"1.3";"1.9";"91.";"1.";"113.92";"413.76";"50.35"
"2018";"12";"30";"7";"12";"8725";"321.";"2.4";"2.8";"91.";"0.";"123.76";"518.43";"44.11"
"2018";"12";"30";"7";"13";"8726";"326.";"2.5";"2.8";"90.";"4.";"59.22";"232.88";"31.17"
"2018";"12";"30";"7";"14";"8727";"330.";"1.9";"2.1";"90.";"0.";"16.55";"151.96";"7.99"
"2018";"12";"30";"7";"15";"8728";"353.";"1.9";"1.1";"92.";"2.";"0.00";"0.00";"0.00"
"2018";"12";"30";"7";"16";"8729";"2.";"1.6";"-0.1";"92.";"0.";"0.00";"0.00";"0.00"
"2018";"12";"30";"7";"17";"8730";"351.";"1.3";"-0.6";"93.";"2.";"0.00";"0.00";"0.00"
"2018";"12";"30";"7";"18";"8731";"358.";"1.0";"-1.1";"91.";"6.";"0.00";"0.00";"0.00"
"2018";"12";"30";"7";"19";"8732";"24.";"0.9";"-1.4";"92.";"8.";"0.00";"0.00";"0.00"
"2018";"12";"30";"7";"20";"8733";"46.";"0.9";"-1.4";"92.";"7.";"0.00";"0.00";"0.00"
"2018";"12";"30";"7";"21";"8734";"353.";"0.6";"-1.1";"92.";"8.";"0.00";"0.00";"0.00"
"2018";"12";"30";"7";"22";"8735";"32.";"0.4";"-0.7";"92.";"8.";"0.00";"0.00";"0.00"
"2018";"12";"30";"7";"23";"8736";"67.";"0.8";"-0.6";"92.";"8.";"0.00";"0.00";"0.00"
"2018";"12";"31";"1";"0";"8737";"90.";"0.9";"-0.4";"92.";"8.";"0.00";"0.00";"0.00"
"2018";"12";"31";"1";"1";"8738";"203.";"0.4";"-0.1";"91.";"8.";"0.00";"0.00";"0.00"
"2018";"12";"31";"1";"2";"8739";"147.";"0.9";"-0.2";"92.";"7.";"0.00";"0.00";"0.00"
"2018";"12";"31";"1";"3";"8740";"148.";"1.7";"-0.1";"92.";"7.";"0.00";"0.00";"0.00"
"2018";"12";"31";"1";"4";"8741";"163.";"2.1";"0.4";"92.";"8.";"0.00";"0.00";"0.00"
"2018";"12";"31";"1";"5";"8742";"162.";"2.8";"0.8";"94.";"8.";"0.00";"0.00";"0.00"
"2018";"12";"31";"1";"6";"8743";"163.";"3.6";"0.9";"94.";"8.";"0.00";"0.00";"0.00"
"2018";"12";"31";"1";"7";"8744";"167.";"3.9";"1.4";"94.";"8.";"0.00";"0.00";"0.00"
"2018";"12";"31";"1";"8";"8745";"170.";"4.6";"1.9";"93.";"8.";"0.00";"0.00";"0.00"
"2018";"12";"31";"1";"9";"8746";"185.";"5.2";"2.7";"93.";"8.";"4.31";"0.00";"4.31"
"2018";"12";"31";"1";"10";"8747";"194.";"5.1";"3.4";"94.";"8.";"20.80";"0.00";"20.80"
"2018";"12";"31";"1";"11";"8748";"218.";"4.1";"4.4";"96.";"8.";"27.44";"0.00";"27.44"
"2018";"12";"31";"1";"12";"8749";"231.";"4.1";"5.2";"96.";"8.";"27.28";"0.00";"27.28"
"2018";"12";"31";"1";"13";"8750";"236.";"4.6";"6.1";"96.";"8.";"18.78";"0.00";"18.78"
"2018";"12";"31";"1";"14";"8751";"241.";"5.3";"6.7";"96.";"8.";"1.22";"0.00";"1.22"
"2018";"12";"31";"1";"15";"8752";"235.";"6.0";"6.7";"95.";"8.";"0.00";"0.00";"0.00"
"2018";"12";"31";"1";"16";"8753";"235.";"5.2";"6.5";"96.";"8.";"0.00";"0.00";"0.00"
"2018";"12";"31";"1";"17";"8754";"239.";"5.4";"6.5";"95.";"8.";"0.00";"0.00";"0.00"
"2018";"12";"31";"1";"18";"8755";"242.";"6.0";"6.6";"94.";"8.";"0.00";"0.00";"0.00"
"2018";"12";"31";"1";"19";"8756";"241.";"6.5";"6.7";"94.";"8.";"0.00";"0.00";"0.00"
"2018";"12";"31";"1";"20";"8757";"239.";"6.7";"6.8";"93.";"7.";"0.00";"0.00";"0.00"
"2018";"12";"31";"1";"21";"8758";"240.";"7.1";"6.9";"92.";"8.";"0.00";"0.00";"0.00"
"2018";"12";"31";"1";"22";"8759";"237.";"6.6";"6.8";"93.";"6.";"0.00";"0.00";"0.00"
"2018";"12";"31";"1";"23";"8760";"234.";"6.8";"6.8";"93.";"8.";"0.00";"0.00";"0.00"
