"year";"month";"day";"weekday";"time";"hour";"Wind direction [Degrees]";"Wind speed [m/s]";"temperature";"Relative Humidity [%]";"Total cloud cover [Octas]";"Global horizontal irradiance [W/m2]";"Direct normal irradiance [W/m2]";"Diffuse horizontal irradiance [W/m2]"
"2015";"1";"1";"4";"0";"1";"227.";"4.9";"4.6";"89.";"8.";"0.00";"0.00";"0.00"
"2015";"1";"1";"4";"1";"2";"224.";"4.8";"4.6";"89.";"8.";"0.00";"0.00";"0.00"
"2015";"1";"1";"4";"2";"3";"226.";"4.9";"4.7";"89.";"8.";"0.00";"0.00";"0.00"
"2015";"1";"1";"4";"3";"4";"213.";"5.0";"4.8";"88.";"8.";"0.00";"0.00";"0.00"
"2015";"1";"1";"4";"4";"5";"208.";"4.8";"4.4";"91.";"8.";"0.00";"0.00";"0.00"
"2015";"1";"1";"4";"5";"6";"203.";"4.9";"4.7";"90.";"8.";"0.00";"0.00";"0.00"
"2015";"1";"1";"4";"6";"7";"197.";"6.0";"4.5";"93.";"8.";"0.00";"0.00";"0.00"
"2015";"1";"1";"4";"7";"8";"202.";"6.1";"4.7";"94.";"8.";"0.00";"0.00";"0.00"
"2015";"1";"1";"4";"8";"9";"203.";"6.4";"4.9";"93.";"8.";"0.00";"0.00";"0.00"
"2015";"1";"1";"4";"9";"10";"212.";"6.8";"5.2";"94.";"8.";"2.75";"0.00";"2.75"
"2015";"1";"1";"4";"10";"11";"217.";"7.4";"5.3";"96.";"8.";"11.61";"0.00";"11.61"
"2015";"1";"1";"4";"11";"12";"216.";"7.4";"5.8";"96.";"8.";"28.49";"0.00";"28.49"
"2015";"1";"1";"4";"12";"13";"220.";"7.4";"5.8";"96.";"8.";"28.65";"0.00";"28.65"
"2015";"1";"1";"4";"13";"14";"221.";"7.5";"6.1";"97.";"8.";"20.55";"0.00";"20.55"
"2015";"1";"1";"4";"14";"15";"217.";"6.9";"6.3";"96.";"8.";"1.76";"0.00";"1.76"
"2015";"1";"1";"4";"15";"16";"218.";"6.9";"6.2";"96.";"8.";"0.00";"0.00";"0.00"
"2015";"1";"1";"4";"16";"17";"195.";"7.3";"6.2";"96.";"7.";"0.00";"0.00";"0.00"
"2015";"1";"1";"4";"17";"18";"200.";"7.4";"6.1";"96.";"8.";"0.00";"0.00";"0.00"
"2015";"1";"1";"4";"18";"19";"193.";"8.8";"6.1";"97.";"8.";"0.00";"0.00";"0.00"
"2015";"1";"1";"4";"19";"20";"191.";"9.4";"6.0";"97.";"8.";"0.00";"0.00";"0.00"
"2015";"1";"1";"4";"20";"21";"190.";"9.5";"6.1";"97.";"8.";"0.00";"0.00";"0.00"
"2015";"1";"1";"4";"21";"22";"194.";"10.5";"6.2";"96.";"8.";"0.00";"0.00";"0.00"
"2015";"1";"1";"4";"22";"23";"194.";"10.8";"6.0";"96.";"8.";"0.00";"0.00";"0.00"
"2015";"1";"1";"4";"23";"24";"195.";"11.0";"6.1";"96.";"8.";"0.00";"0.00";"0.00"
"2015";"1";"2";"5";"0";"25";"197.";"11.1";"5.9";"96.";"8.";"0.00";"0.00";"0.00"
"2015";"1";"2";"5";"1";"26";"197.";"11.1";"5.9";"96.";"8.";"0.00";"0.00";"0.00"
"2015";"1";"2";"5";"2";"27";"196.";"11.1";"5.9";"97.";"8.";"0.00";"0.00";"0.00"
"2015";"1";"2";"5";"3";"28";"199.";"11.2";"6.4";"96.";"8.";"0.00";"0.00";"0.00"
"2015";"1";"2";"5";"4";"29";"206.";"11.6";"6.6";"95.";"8.";"0.00";"0.00";"0.00"
"2015";"1";"2";"5";"5";"30";"218.";"11.7";"7.1";"97.";"8.";"0.00";"0.00";"0.00"
"2015";"1";"2";"5";"6";"31";"233.";"11.6";"7.8";"94.";"8.";"0.00";"0.00";"0.00"
"2015";"1";"2";"5";"7";"32";"243.";"11.5";"7.7";"91.";"7.";"0.00";"0.00";"0.00"
"2015";"1";"2";"5";"8";"33";"248.";"11.9";"7.2";"88.";"6.";"0.00";"0.00";"0.00"
"2015";"1";"2";"5";"9";"34";"259.";"12.6";"6.9";"82.";"5.";"7.46";"24.67";"5.99"
"2015";"1";"2";"5";"10";"35";"263.";"13.3";"6.7";"81.";"5.";"48.70";"95.01";"36.94"
"2015";"1";"2";"5";"11";"36";"263.";"14.1";"6.5";"76.";"5.";"74.76";"137.22";"53.21"
"2015";"1";"2";"5";"12";"37";"269.";"13.7";"6.5";"74.";"4.";"84.31";"173.00";"57.14"
"2015";"1";"2";"5";"13";"38";"269.";"13.8";"6.4";"71.";"5.";"51.74";"104.58";"38.79"
"2015";"1";"2";"5";"14";"39";"268.";"12.4";"5.6";"75.";"3.";"12.83";"67.04";"8.84"
"2015";"1";"2";"5";"15";"40";"268.";"12.1";"5.3";"74.";"1.";"0.00";"0.00";"0.00"
"2015";"1";"2";"5";"16";"41";"271.";"11.2";"5.1";"74.";"3.";"0.00";"0.00";"0.00"
"2015";"1";"2";"5";"17";"42";"270.";"11.2";"5.2";"74.";"3.";"0.00";"0.00";"0.00"
"2015";"1";"2";"5";"18";"43";"265.";"9.9";"5.7";"75.";"5.";"0.00";"0.00";"0.00"
"2015";"1";"2";"5";"19";"44";"274.";"11.5";"5.9";"74.";"5.";"0.00";"0.00";"0.00"
"2015";"1";"2";"5";"20";"45";"274.";"11.5";"5.6";"74.";"4.";"0.00";"0.00";"0.00"
"2015";"1";"2";"5";"21";"46";"270.";"12.4";"5.6";"73.";"8.";"0.00";"0.00";"0.00"
"2015";"1";"2";"5";"22";"47";"268.";"11.8";"5.6";"71.";"7.";"0.00";"0.00";"0.00"
"2015";"1";"2";"5";"23";"48";"271.";"12.6";"5.7";"71.";"5.";"0.00";"0.00";"0.00"
"2015";"1";"3";"6";"0";"49";"272.";"12.1";"5.6";"71.";"5.";"0.00";"0.00";"0.00"
"2015";"1";"3";"6";"1";"50";"273.";"11.6";"5.2";"72.";"5.";"0.00";"0.00";"0.00"
"2015";"1";"3";"6";"2";"51";"273.";"12.7";"5.3";"70.";"3.";"0.00";"0.00";"0.00"
"2015";"1";"3";"6";"3";"52";"275.";"13.2";"5.5";"67.";"4.";"0.00";"0.00";"0.00"
"2015";"1";"3";"6";"4";"53";"273.";"12.9";"5.4";"66.";"3.";"0.00";"0.00";"0.00"
"2015";"1";"3";"6";"5";"54";"272.";"11.3";"5.3";"66.";"3.";"0.00";"0.00";"0.00"
"2015";"1";"3";"6";"6";"55";"272.";"9.7";"4.9";"70.";"1.";"0.00";"0.00";"0.00"
"2015";"1";"3";"6";"7";"56";"271.";"9.0";"4.5";"71.";"2.";"0.00";"0.00";"0.00"
"2015";"1";"3";"6";"8";"57";"270.";"9.0";"5.0";"73.";"4.";"0.00";"0.00";"0.00"
"2015";"1";"3";"6";"9";"58";"266.";"9.9";"5.4";"74.";"5.";"11.08";"43.14";"8.45"
"2015";"1";"3";"6";"10";"59";"273.";"10.2";"5.4";"72.";"5.";"50.78";"115.68";"36.31"
"2015";"1";"3";"6";"11";"60";"281.";"11.2";"5.9";"68.";"7.";"49.62";"44.05";"42.64"
"2015";"1";"3";"6";"12";"61";"290.";"10.4";"5.9";"67.";"5.";"76.11";"164.93";"49.98"
"2015";"1";"3";"6";"13";"62";"296.";"9.2";"5.7";"66.";"3.";"68.81";"233.64";"39.58"
"2015";"1";"3";"6";"14";"63";"298.";"8.8";"5.4";"66.";"2.";"19.53";"117.21";"12.39"
"2015";"1";"3";"6";"15";"64";"301.";"6.7";"4.6";"71.";"4.";"0.00";"0.00";"0.00"
"2015";"1";"3";"6";"16";"65";"305.";"5.9";"4.1";"72.";"6.";"0.00";"0.00";"0.00"
"2015";"1";"3";"6";"17";"66";"313.";"6.0";"4.0";"72.";"6.";"0.00";"0.00";"0.00"
"2015";"1";"3";"6";"18";"67";"315.";"5.8";"3.2";"70.";"1.";"0.00";"0.00";"0.00"
"2015";"1";"3";"6";"19";"68";"312.";"6.0";"3.0";"67.";"0.";"0.00";"0.00";"0.00"
"2015";"1";"3";"6";"20";"69";"312.";"6.4";"3.2";"63.";"0.";"0.00";"0.00";"0.00"
"2015";"1";"3";"6";"21";"70";"323.";"6.7";"2.8";"62.";"4.";"0.00";"0.00";"0.00"
"2015";"1";"3";"6";"22";"71";"326.";"6.4";"2.5";"61.";"5.";"0.00";"0.00";"0.00"
"2015";"1";"3";"6";"23";"72";"324.";"6.3";"2.3";"63.";"3.";"0.00";"0.00";"0.00"
"2015";"1";"4";"7";"0";"73";"324.";"6.2";"2.2";"64.";"0.";"0.00";"0.00";"0.00"
"2015";"1";"4";"7";"1";"74";"327.";"6.5";"2.1";"64.";"0.";"0.00";"0.00";"0.00"
"2015";"1";"4";"7";"2";"75";"328.";"7.0";"1.7";"63.";"0.";"0.00";"0.00";"0.00"
"2015";"1";"4";"7";"3";"76";"330.";"6.9";"1.9";"60.";"0.";"0.00";"0.00";"0.00"
"2015";"1";"4";"7";"4";"77";"331.";"6.7";"1.9";"56.";"0.";"0.00";"0.00";"0.00"
"2015";"1";"4";"7";"5";"78";"326.";"7.5";"1.7";"56.";"0.";"0.00";"0.00";"0.00"
"2015";"1";"4";"7";"6";"79";"324.";"8.1";"1.8";"55.";"0.";"0.00";"0.00";"0.00"
"2015";"1";"4";"7";"7";"80";"328.";"7.5";"2.0";"55.";"0.";"0.00";"0.00";"0.00"
"2015";"1";"4";"7";"8";"81";"329.";"7.5";"2.2";"53.";"0.";"0.00";"0.00";"0.00"
"2015";"1";"4";"7";"9";"82";"325.";"7.6";"2.3";"53.";"0.";"33.70";"292.59";"15.49"
"2015";"1";"4";"7";"10";"83";"329.";"7.0";"2.9";"50.";"0.";"103.67";"511.92";"38.88"
"2015";"1";"4";"7";"11";"84";"330.";"6.7";"3.3";"50.";"0.";"143.12";"591.16";"48.62"
"2015";"1";"4";"7";"12";"85";"331.";"6.6";"3.4";"49.";"0.";"148.47";"640.86";"46.03"
"2015";"1";"4";"7";"13";"86";"325.";"6.7";"3.3";"49.";"0.";"104.21";"528.53";"37.32"
"2015";"1";"4";"7";"14";"87";"325.";"5.9";"2.8";"52.";"0.";"33.34";"286.01";"15.53"
"2015";"1";"4";"7";"15";"88";"316.";"5.3";"1.8";"58.";"1.";"0.00";"0.00";"0.00"
"2015";"1";"4";"7";"16";"89";"311.";"5.4";"1.2";"61.";"4.";"0.00";"0.00";"0.00"
"2015";"1";"4";"7";"17";"90";"313.";"4.8";"0.8";"67.";"8.";"0.00";"0.00";"0.00"
"2015";"1";"4";"7";"18";"91";"305.";"4.7";"2.1";"70.";"6.";"0.00";"0.00";"0.00"
"2015";"1";"4";"7";"19";"92";"303.";"4.9";"1.8";"73.";"2.";"0.00";"0.00";"0.00"
"2015";"1";"4";"7";"20";"93";"302.";"5.7";"1.2";"72.";"3.";"0.00";"0.00";"0.00"
"2015";"1";"4";"7";"21";"94";"328.";"4.4";"0.6";"72.";"2.";"0.00";"0.00";"0.00"
"2015";"1";"4";"7";"22";"95";"326.";"3.9";"-0.6";"76.";"4.";"0.00";"0.00";"0.00"
"2015";"1";"4";"7";"23";"96";"340.";"2.7";"-1.9";"80.";"5.";"0.00";"0.00";"0.00"
"2015";"1";"5";"1";"0";"97";"30.";"1.6";"-2.7";"83.";"7.";"0.00";"0.00";"0.00"
"2015";"1";"5";"1";"1";"98";"33.";"1.5";"-3.0";"85.";"8.";"0.00";"0.00";"0.00"
"2015";"1";"5";"1";"2";"99";"39.";"1.3";"-3.3";"85.";"8.";"0.00";"0.00";"0.00"
"2015";"1";"5";"1";"3";"100";"10.";"1.5";"-3.0";"87.";"8.";"0.00";"0.00";"0.00"
"2015";"1";"5";"1";"4";"101";"6.";"1.4";"-2.9";"88.";"8.";"0.00";"0.00";"0.00"
"2015";"1";"5";"1";"5";"102";"350.";"1.0";"-3.0";"88.";"8.";"0.00";"0.00";"0.00"
"2015";"1";"5";"1";"6";"103";"331.";"0.5";"-2.7";"89.";"8.";"0.00";"0.00";"0.00"
"2015";"1";"5";"1";"7";"104";"260.";"0.3";"-3.2";"87.";"7.";"0.00";"0.00";"0.00"
"2015";"1";"5";"1";"8";"105";"178.";"0.3";"-3.0";"88.";"8.";"0.00";"0.00";"0.00"
"2015";"1";"5";"1";"9";"106";"116.";"0.5";"-2.9";"90.";"4.";"24.85";"114.06";"17.57"
"2015";"1";"5";"1";"10";"107";"147.";"0.6";"-1.9";"91.";"6.";"72.76";"107.23";"59.03"
"2015";"1";"5";"1";"11";"108";"143.";"0.9";"-0.7";"89.";"7.";"94.91";"63.17";"84.71"
"2015";"1";"5";"1";"12";"109";"132.";"1.3";"-0.1";"89.";"8.";"47.92";"0.00";"47.92"
"2015";"1";"5";"1";"13";"110";"121.";"2.3";"0.4";"88.";"8.";"42.51";"0.00";"42.51"
"2015";"1";"5";"1";"14";"111";"132.";"1.4";"0.3";"89.";"8.";"8.10";"0.00";"8.10"
"2015";"1";"5";"1";"15";"112";"132.";"1.5";"0.0";"89.";"8.";"0.00";"0.00";"0.00"
"2015";"1";"5";"1";"16";"113";"123.";"2.0";"0.2";"86.";"8.";"0.00";"0.00";"0.00"
"2015";"1";"5";"1";"17";"114";"115.";"2.6";"0.3";"83.";"8.";"0.00";"0.00";"0.00"
"2015";"1";"5";"1";"18";"115";"114.";"2.9";"-0.2";"85.";"8.";"0.00";"0.00";"0.00"
"2015";"1";"5";"1";"19";"116";"130.";"2.7";"-0.3";"82.";"7.";"0.00";"0.00";"0.00"
"2015";"1";"5";"1";"20";"117";"135.";"3.1";"0.3";"77.";"8.";"0.00";"0.00";"0.00"
"2015";"1";"5";"1";"21";"118";"146.";"3.4";"0.0";"75.";"8.";"0.00";"0.00";"0.00"
"2015";"1";"5";"1";"22";"119";"144.";"3.7";"0.5";"73.";"7.";"0.00";"0.00";"0.00"
"2015";"1";"5";"1";"23";"120";"147.";"4.3";"0.8";"70.";"7.";"0.00";"0.00";"0.00"
"2015";"1";"6";"2";"0";"121";"149.";"4.8";"1.0";"67.";"8.";"0.00";"0.00";"0.00"
"2015";"1";"6";"2";"1";"122";"154.";"5.5";"1.1";"66.";"8.";"0.00";"0.00";"0.00"
"2015";"1";"6";"2";"2";"123";"157.";"5.6";"1.5";"66.";"8.";"0.00";"0.00";"0.00"
"2015";"1";"6";"2";"3";"124";"156.";"6.0";"1.9";"66.";"8.";"0.00";"0.00";"0.00"
"2015";"1";"6";"2";"4";"125";"157.";"6.1";"1.7";"63.";"8.";"0.00";"0.00";"0.00"
"2015";"1";"6";"2";"5";"126";"156.";"6.7";"1.5";"62.";"8.";"0.00";"0.00";"0.00"
"2015";"1";"6";"2";"6";"127";"160.";"7.0";"1.6";"63.";"7.";"0.00";"0.00";"0.00"
"2015";"1";"6";"2";"7";"128";"159.";"7.9";"1.8";"72.";"7.";"0.00";"0.00";"0.00"
"2015";"1";"6";"2";"8";"129";"159.";"7.5";"1.8";"78.";"7.";"0.00";"0.00";"0.00"
"2015";"1";"6";"2";"9";"130";"159.";"7.2";"1.8";"78.";"8.";"10.48";"0.00";"10.48"
"2015";"1";"6";"2";"10";"131";"158.";"7.2";"2.3";"79.";"8.";"34.81";"0.00";"34.81"
"2015";"1";"6";"2";"11";"132";"159.";"7.7";"2.5";"80.";"8.";"48.75";"0.00";"48.75"
"2015";"1";"6";"2";"12";"133";"162.";"7.7";"2.7";"83.";"8.";"47.98";"0.00";"47.98"
"2015";"1";"6";"2";"13";"134";"164.";"7.9";"2.7";"86.";"8.";"33.04";"0.00";"33.04"
"2015";"1";"6";"2";"14";"135";"162.";"8.2";"2.7";"87.";"8.";"8.66";"0.00";"8.66"
"2015";"1";"6";"2";"15";"136";"163.";"8.5";"2.7";"85.";"8.";"0.00";"0.00";"0.00"
"2015";"1";"6";"2";"16";"137";"161.";"9.3";"2.7";"85.";"8.";"0.00";"0.00";"0.00"
"2015";"1";"6";"2";"17";"138";"164.";"9.4";"2.7";"86.";"8.";"0.00";"0.00";"0.00"
"2015";"1";"6";"2";"18";"139";"165.";"9.6";"2.7";"86.";"8.";"0.00";"0.00";"0.00"
"2015";"1";"6";"2";"19";"140";"164.";"10.2";"2.6";"87.";"7.";"0.00";"0.00";"0.00"
"2015";"1";"6";"2";"20";"141";"163.";"10.8";"1.9";"89.";"7.";"0.00";"0.00";"0.00"
"2015";"1";"6";"2";"21";"142";"162.";"9.9";"1.7";"88.";"8.";"0.00";"0.00";"0.00"
"2015";"1";"6";"2";"22";"143";"164.";"9.6";"2.0";"86.";"8.";"0.00";"0.00";"0.00"
"2015";"1";"6";"2";"23";"144";"168.";"9.2";"1.8";"90.";"8.";"0.00";"0.00";"0.00"
"2015";"1";"7";"3";"0";"145";"173.";"9.7";"1.2";"94.";"8.";"0.00";"0.00";"0.00"
"2015";"1";"7";"3";"1";"146";"169.";"9.8";"1.4";"94.";"8.";"0.00";"0.00";"0.00"
"2015";"1";"7";"3";"2";"147";"170.";"9.4";"1.4";"92.";"8.";"0.00";"0.00";"0.00"
"2015";"1";"7";"3";"3";"148";"176.";"9.6";"1.4";"92.";"8.";"0.00";"0.00";"0.00"
"2015";"1";"7";"3";"4";"149";"185.";"9.4";"1.2";"92.";"8.";"0.00";"0.00";"0.00"
"2015";"1";"7";"3";"5";"150";"182.";"7.8";"1.5";"93.";"8.";"0.00";"0.00";"0.00"
"2015";"1";"7";"3";"6";"151";"191.";"6.7";"2.5";"94.";"8.";"0.00";"0.00";"0.00"
"2015";"1";"7";"3";"7";"152";"217.";"4.8";"3.3";"93.";"8.";"0.00";"0.00";"0.00"
"2015";"1";"7";"3";"8";"153";"248.";"4.2";"4.1";"92.";"5.";"0.00";"0.00";"0.00"
"2015";"1";"7";"3";"9";"154";"274.";"5.5";"4.7";"87.";"4.";"14.75";"66.69";"10.28"
"2015";"1";"7";"3";"10";"155";"275.";"6.4";"5.3";"85.";"1.";"82.19";"290.56";"43.97"
"2015";"1";"7";"3";"11";"156";"274.";"6.2";"5.8";"82.";"3.";"100.16";"277.26";"54.44"
"2015";"1";"7";"3";"12";"157";"273.";"6.7";"6.0";"80.";"4.";"94.61";"221.52";"58.08"
"2015";"1";"7";"3";"13";"158";"268.";"5.9";"6.0";"79.";"2.";"78.31";"288.85";"40.31"
"2015";"1";"7";"3";"14";"159";"262.";"5.0";"5.4";"82.";"4.";"15.20";"73.12";"10.30"
"2015";"1";"7";"3";"15";"160";"258.";"3.4";"4.7";"85.";"2.";"0.00";"0.00";"0.00"
"2015";"1";"7";"3";"16";"161";"241.";"3.5";"4.4";"89.";"5.";"0.00";"0.00";"0.00"
"2015";"1";"7";"3";"17";"162";"230.";"4.1";"4.2";"90.";"4.";"0.00";"0.00";"0.00"
"2015";"1";"7";"3";"18";"163";"221.";"4.7";"4.2";"90.";"7.";"0.00";"0.00";"0.00"
"2015";"1";"7";"3";"19";"164";"214.";"5.4";"4.3";"90.";"8.";"0.00";"0.00";"0.00"
"2015";"1";"7";"3";"20";"165";"205.";"6.2";"4.6";"91.";"5.";"0.00";"0.00";"0.00"
"2015";"1";"7";"3";"21";"166";"199.";"7.0";"4.5";"90.";"8.";"0.00";"0.00";"0.00"
"2015";"1";"7";"3";"22";"167";"198.";"7.8";"4.9";"90.";"8.";"0.00";"0.00";"0.00"
"2015";"1";"7";"3";"23";"168";"200.";"8.9";"5.1";"90.";"8.";"0.00";"0.00";"0.00"
"2015";"1";"8";"4";"0";"169";"189.";"10.1";"5.2";"92.";"8.";"0.00";"0.00";"0.00"
"2015";"1";"8";"4";"1";"170";"183.";"11.4";"5.2";"93.";"8.";"0.00";"0.00";"0.00"
"2015";"1";"8";"4";"2";"171";"186.";"11.7";"5.1";"93.";"8.";"0.00";"0.00";"0.00"
"2015";"1";"8";"4";"3";"172";"188.";"11.1";"4.9";"93.";"8.";"0.00";"0.00";"0.00"
"2015";"1";"8";"4";"4";"173";"192.";"10.9";"5.0";"94.";"8.";"0.00";"0.00";"0.00"
"2015";"1";"8";"4";"5";"174";"196.";"10.7";"4.9";"95.";"8.";"0.00";"0.00";"0.00"
"2015";"1";"8";"4";"6";"175";"204.";"10.1";"5.1";"95.";"8.";"0.00";"0.00";"0.00"
"2015";"1";"8";"4";"7";"176";"210.";"9.0";"5.4";"96.";"8.";"0.00";"0.00";"0.00"
"2015";"1";"8";"4";"8";"177";"215.";"7.9";"5.6";"96.";"8.";"0.00";"0.00";"0.00"
"2015";"1";"8";"4";"9";"178";"220.";"6.7";"5.9";"95.";"8.";"5.00";"0.00";"5.00"
"2015";"1";"8";"4";"10";"179";"222.";"6.4";"6.1";"95.";"7.";"37.63";"32.51";"33.29"
"2015";"1";"8";"4";"11";"180";"227.";"5.7";"6.5";"93.";"7.";"55.62";"44.11";"48.26"
"2015";"1";"8";"4";"12";"181";"224.";"5.9";"6.5";"92.";"8.";"42.13";"0.00";"42.13"
"2015";"1";"8";"4";"13";"182";"224.";"6.6";"6.6";"91.";"6.";"42.32";"67.83";"33.27"
"2015";"1";"8";"4";"14";"183";"225.";"5.2";"6.1";"91.";"7.";"7.99";"11.21";"7.22"
"2015";"1";"8";"4";"15";"184";"230.";"4.7";"6.0";"90.";"6.";"0.00";"0.00";"0.00"
"2015";"1";"8";"4";"16";"185";"229.";"4.8";"5.8";"89.";"5.";"0.00";"0.00";"0.00"
"2015";"1";"8";"4";"17";"186";"226.";"5.8";"5.6";"89.";"5.";"0.00";"0.00";"0.00"
"2015";"1";"8";"4";"18";"187";"228.";"6.6";"5.6";"89.";"8.";"0.00";"0.00";"0.00"
"2015";"1";"8";"4";"19";"188";"239.";"7.0";"5.5";"88.";"7.";"0.00";"0.00";"0.00"
"2015";"1";"8";"4";"20";"189";"245.";"5.9";"4.9";"86.";"6.";"0.00";"0.00";"0.00"
"2015";"1";"8";"4";"21";"190";"254.";"7.1";"5.0";"86.";"5.";"0.00";"0.00";"0.00"
"2015";"1";"8";"4";"22";"191";"257.";"7.0";"5.0";"84.";"3.";"0.00";"0.00";"0.00"
"2015";"1";"8";"4";"23";"192";"257.";"6.9";"5.0";"82.";"4.";"0.00";"0.00";"0.00"
"2015";"1";"9";"5";"0";"193";"259.";"6.9";"4.8";"82.";"5.";"0.00";"0.00";"0.00"
"2015";"1";"9";"5";"1";"194";"257.";"7.4";"4.9";"82.";"4.";"0.00";"0.00";"0.00"
"2015";"1";"9";"5";"2";"195";"252.";"8.0";"5.0";"83.";"6.";"0.00";"0.00";"0.00"
"2015";"1";"9";"5";"3";"196";"252.";"8.0";"4.8";"81.";"5.";"0.00";"0.00";"0.00"
"2015";"1";"9";"5";"4";"197";"252.";"7.1";"4.7";"82.";"7.";"0.00";"0.00";"0.00"
"2015";"1";"9";"5";"5";"198";"234.";"6.7";"4.5";"82.";"7.";"0.00";"0.00";"0.00"
"2015";"1";"9";"5";"6";"199";"212.";"5.4";"3.9";"87.";"6.";"0.00";"0.00";"0.00"
"2015";"1";"9";"5";"7";"200";"197.";"6.2";"3.9";"89.";"6.";"0.00";"0.00";"0.00"
"2015";"1";"9";"5";"8";"201";"203.";"7.4";"3.9";"86.";"7.";"0.00";"0.00";"0.00"
"2015";"1";"9";"5";"9";"202";"160.";"5.8";"1.5";"91.";"8.";"4.80";"0.00";"4.80"
"2015";"1";"9";"5";"10";"203";"147.";"5.2";"0.5";"94.";"8.";"14.61";"0.00";"14.61"
"2015";"1";"9";"5";"11";"204";"146.";"4.8";"0.3";"96.";"8.";"20.46";"0.00";"20.46"
"2015";"1";"9";"5";"12";"205";"162.";"3.1";"0.7";"95.";"7.";"36.14";"18.18";"33.07"
"2015";"1";"9";"5";"13";"206";"147.";"3.5";"1.1";"96.";"8.";"17.61";"0.00";"17.61"
"2015";"1";"9";"5";"14";"207";"208.";"1.5";"3.4";"95.";"8.";"4.15";"0.00";"4.15"
"2015";"1";"9";"5";"15";"208";"263.";"5.7";"3.9";"90.";"8.";"0.00";"0.00";"0.00"
"2015";"1";"9";"5";"16";"209";"244.";"4.4";"4.5";"91.";"8.";"0.00";"0.00";"0.00"
"2015";"1";"9";"5";"17";"210";"234.";"2.9";"4.5";"93.";"7.";"0.00";"0.00";"0.00"
"2015";"1";"9";"5";"18";"211";"206.";"0.7";"4.0";"95.";"7.";"0.00";"0.00";"0.00"
"2015";"1";"9";"5";"19";"212";"355.";"1.3";"3.3";"96.";"7.";"0.00";"0.00";"0.00"
"2015";"1";"9";"5";"20";"213";"348.";"3.4";"2.4";"96.";"8.";"0.00";"0.00";"0.00"
"2015";"1";"9";"5";"21";"214";"359.";"4.4";"2.0";"93.";"8.";"0.00";"0.00";"0.00"
"2015";"1";"9";"5";"22";"215";"345.";"3.1";"1.7";"94.";"8.";"0.00";"0.00";"0.00"
"2015";"1";"9";"5";"23";"216";"328.";"2.8";"1.7";"94.";"8.";"0.00";"0.00";"0.00"
"2015";"1";"10";"6";"0";"217";"295.";"2.0";"1.6";"93.";"8.";"0.00";"0.00";"0.00"
"2015";"1";"10";"6";"1";"218";"286.";"0.9";"1.3";"93.";"8.";"0.00";"0.00";"0.00"
"2015";"1";"10";"6";"2";"219";"177.";"2.0";"0.8";"94.";"7.";"0.00";"0.00";"0.00"
"2015";"1";"10";"6";"3";"220";"157.";"3.2";"0.7";"94.";"8.";"0.00";"0.00";"0.00"
"2015";"1";"10";"6";"4";"221";"159.";"3.7";"1.3";"94.";"6.";"0.00";"0.00";"0.00"
"2015";"1";"10";"6";"5";"222";"168.";"5.3";"1.4";"95.";"8.";"0.00";"0.00";"0.00"
"2015";"1";"10";"6";"6";"223";"177.";"6.1";"1.4";"95.";"8.";"0.00";"0.00";"0.00"
"2015";"1";"10";"6";"7";"224";"169.";"7.0";"1.4";"95.";"8.";"0.00";"0.00";"0.00"
"2015";"1";"10";"6";"8";"225";"163.";"8.5";"0.5";"95.";"8.";"0.00";"0.00";"0.00"
"2015";"1";"10";"6";"9";"226";"159.";"11.3";"1.0";"96.";"8.";"5.12";"0.00";"5.12"
"2015";"1";"10";"6";"10";"227";"162.";"11.8";"1.9";"96.";"8.";"15.34";"0.00";"15.34"
"2015";"1";"10";"6";"11";"228";"221.";"9.8";"5.0";"95.";"8.";"21.13";"0.00";"21.13"
"2015";"1";"10";"6";"12";"229";"244.";"13.0";"6.7";"90.";"8.";"22.09";"0.00";"22.09"
"2015";"1";"10";"6";"13";"230";"254.";"13.2";"6.5";"82.";"6.";"37.65";"49.31";"30.86"
"2015";"1";"10";"6";"14";"231";"257.";"13.4";"6.7";"72.";"3.";"21.56";"94.47";"14.67"
"2015";"1";"10";"6";"15";"232";"257.";"14.1";"6.0";"73.";"4.";"0.00";"0.00";"0.00"
"2015";"1";"10";"6";"16";"233";"248.";"15.0";"5.7";"74.";"6.";"0.00";"0.00";"0.00"
"2015";"1";"10";"6";"17";"234";"244.";"16.1";"5.8";"70.";"7.";"0.00";"0.00";"0.00"
"2015";"1";"10";"6";"18";"235";"251.";"16.8";"5.6";"75.";"7.";"0.00";"0.00";"0.00"
"2015";"1";"10";"6";"19";"236";"257.";"18.0";"5.2";"72.";"8.";"0.00";"0.00";"0.00"
"2015";"1";"10";"6";"20";"237";"261.";"19.5";"5.3";"72.";"7.";"0.00";"0.00";"0.00"
"2015";"1";"10";"6";"21";"238";"265.";"19.2";"5.6";"68.";"7.";"0.00";"0.00";"0.00"
"2015";"1";"10";"6";"22";"239";"267.";"19.6";"5.6";"66.";"7.";"0.00";"0.00";"0.00"
"2015";"1";"10";"6";"23";"240";"270.";"18.1";"5.1";"66.";"6.";"0.00";"0.00";"0.00"
"2015";"1";"11";"7";"0";"241";"272.";"18.4";"5.2";"63.";"6.";"0.00";"0.00";"0.00"
"2015";"1";"11";"7";"1";"242";"272.";"16.8";"5.6";"60.";"6.";"0.00";"0.00";"0.00"
"2015";"1";"11";"7";"2";"243";"273.";"16.1";"5.2";"63.";"5.";"0.00";"0.00";"0.00"
"2015";"1";"11";"7";"3";"244";"274.";"15.0";"5.2";"60.";"4.";"0.00";"0.00";"0.00"
"2015";"1";"11";"7";"4";"245";"274.";"13.9";"5.1";"61.";"6.";"0.00";"0.00";"0.00"
"2015";"1";"11";"7";"5";"246";"276.";"14.5";"4.9";"63.";"7.";"0.00";"0.00";"0.00"
"2015";"1";"11";"7";"6";"247";"277.";"13.5";"4.9";"64.";"8.";"0.00";"0.00";"0.00"
"2015";"1";"11";"7";"7";"248";"277.";"12.5";"4.9";"63.";"7.";"0.00";"0.00";"0.00"
"2015";"1";"11";"7";"8";"249";"278.";"12.0";"4.9";"64.";"4.";"0.00";"0.00";"0.00"
"2015";"1";"11";"7";"9";"250";"276.";"12.3";"5.0";"65.";"6.";"20.06";"52.90";"16.08"
"2015";"1";"11";"7";"10";"251";"281.";"11.1";"4.9";"68.";"7.";"52.29";"49.90";"45.31"
"2015";"1";"11";"7";"11";"252";"283.";"11.5";"5.1";"66.";"7.";"65.75";"60.18";"55.32"
"2015";"1";"11";"7";"12";"253";"286.";"11.5";"5.3";"65.";"7.";"59.82";"59.55";"49.51"
"2015";"1";"11";"7";"13";"254";"289.";"11.9";"5.4";"62.";"7.";"49.11";"52.23";"41.80"
"2015";"1";"11";"7";"14";"255";"289.";"11.3";"5.4";"62.";"6.";"18.73";"54.13";"14.66"
"2015";"1";"11";"7";"15";"256";"292.";"10.1";"5.5";"62.";"7.";"0.00";"0.00";"0.00"
"2015";"1";"11";"7";"16";"257";"299.";"10.1";"5.7";"62.";"6.";"0.00";"0.00";"0.00"
"2015";"1";"11";"7";"17";"258";"318.";"6.8";"4.9";"68.";"6.";"0.00";"0.00";"0.00"
"2015";"1";"11";"7";"18";"259";"330.";"5.0";"3.0";"73.";"6.";"0.00";"0.00";"0.00"
"2015";"1";"11";"7";"19";"260";"333.";"4.7";"1.7";"75.";"2.";"0.00";"0.00";"0.00"
"2015";"1";"11";"7";"20";"261";"345.";"2.8";"0.2";"79.";"1.";"0.00";"0.00";"0.00"
"2015";"1";"11";"7";"21";"262";"353.";"1.2";"-1.0";"83.";"1.";"0.00";"0.00";"0.00"
"2015";"1";"11";"7";"22";"263";"60.";"1.0";"-2.1";"87.";"1.";"0.00";"0.00";"0.00"
"2015";"1";"11";"7";"23";"264";"268.";"0.5";"-2.5";"90.";"6.";"0.00";"0.00";"0.00"
"2015";"1";"12";"1";"0";"265";"262.";"2.3";"-1.9";"88.";"8.";"0.00";"0.00";"0.00"
"2015";"1";"12";"1";"1";"266";"243.";"2.6";"-1.5";"89.";"8.";"0.00";"0.00";"0.00"
"2015";"1";"12";"1";"2";"267";"229.";"3.9";"-0.3";"90.";"5.";"0.00";"0.00";"0.00"
"2015";"1";"12";"1";"3";"268";"194.";"6.0";"2.4";"89.";"8.";"0.00";"0.00";"0.00"
"2015";"1";"12";"1";"4";"269";"195.";"7.9";"3.7";"89.";"8.";"0.00";"0.00";"0.00"
"2015";"1";"12";"1";"5";"270";"210.";"9.0";"4.7";"93.";"8.";"0.00";"0.00";"0.00"
"2015";"1";"12";"1";"6";"271";"226.";"9.0";"5.2";"94.";"7.";"0.00";"0.00";"0.00"
"2015";"1";"12";"1";"7";"272";"221.";"8.3";"5.5";"92.";"8.";"0.00";"0.00";"0.00"
"2015";"1";"12";"1";"8";"273";"217.";"8.2";"5.7";"92.";"8.";"0.00";"0.00";"0.00"
"2015";"1";"12";"1";"9";"274";"217.";"8.9";"5.8";"91.";"8.";"5.23";"0.00";"5.23"
"2015";"1";"12";"1";"10";"275";"214.";"9.1";"5.9";"92.";"8.";"33.88";"0.00";"33.88"
"2015";"1";"12";"1";"11";"276";"215.";"8.9";"5.9";"92.";"8.";"43.15";"0.00";"43.15"
"2015";"1";"12";"1";"12";"277";"215.";"9.2";"6.0";"92.";"8.";"26.05";"0.00";"26.05"
"2015";"1";"12";"1";"13";"278";"211.";"9.5";"6.0";"92.";"8.";"19.56";"0.00";"19.56"
"2015";"1";"12";"1";"14";"279";"210.";"9.6";"6.0";"92.";"8.";"4.91";"0.00";"4.91"
"2015";"1";"12";"1";"15";"280";"213.";"9.7";"6.1";"92.";"8.";"0.00";"0.00";"0.00"
"2015";"1";"12";"1";"16";"281";"220.";"10.3";"6.4";"92.";"8.";"0.00";"0.00";"0.00"
"2015";"1";"12";"1";"17";"282";"234.";"9.0";"6.7";"88.";"7.";"0.00";"0.00";"0.00"
"2015";"1";"12";"1";"18";"283";"244.";"9.6";"6.8";"81.";"7.";"0.00";"0.00";"0.00"
"2015";"1";"12";"1";"19";"284";"253.";"11.0";"6.2";"77.";"7.";"0.00";"0.00";"0.00"
"2015";"1";"12";"1";"20";"285";"253.";"10.4";"4.8";"79.";"4.";"0.00";"0.00";"0.00"
"2015";"1";"12";"1";"21";"286";"247.";"10.2";"5.4";"79.";"2.";"0.00";"0.00";"0.00"
"2015";"1";"12";"1";"22";"287";"251.";"10.8";"5.2";"76.";"6.";"0.00";"0.00";"0.00"
"2015";"1";"12";"1";"23";"288";"247.";"10.0";"5.4";"76.";"3.";"0.00";"0.00";"0.00"
"2015";"1";"13";"2";"0";"289";"252.";"10.9";"5.3";"77.";"6.";"0.00";"0.00";"0.00"
"2015";"1";"13";"2";"1";"290";"252.";"9.4";"4.7";"78.";"3.";"0.00";"0.00";"0.00"
"2015";"1";"13";"2";"2";"291";"248.";"7.9";"5.1";"74.";"1.";"0.00";"0.00";"0.00"
"2015";"1";"13";"2";"3";"292";"241.";"7.4";"4.9";"77.";"2.";"0.00";"0.00";"0.00"
"2015";"1";"13";"2";"4";"293";"231.";"6.1";"4.4";"80.";"2.";"0.00";"0.00";"0.00"
"2015";"1";"13";"2";"5";"294";"224.";"6.7";"4.0";"83.";"6.";"0.00";"0.00";"0.00"
"2015";"1";"13";"2";"6";"295";"216.";"6.5";"4.0";"84.";"8.";"0.00";"0.00";"0.00"
"2015";"1";"13";"2";"7";"296";"198.";"5.8";"3.9";"86.";"8.";"0.00";"0.00";"0.00"
"2015";"1";"13";"2";"8";"297";"186.";"6.4";"4.2";"86.";"7.";"0.00";"0.00";"0.00"
"2015";"1";"13";"2";"9";"298";"177.";"6.2";"4.4";"85.";"4.";"26.13";"87.07";"19.19"
"2015";"1";"13";"2";"10";"299";"185.";"6.7";"4.9";"88.";"6.";"54.16";"74.57";"43.38"
"2015";"1";"13";"2";"11";"300";"195.";"7.0";"5.2";"88.";"7.";"55.43";"44.09";"47.58"
"2015";"1";"13";"2";"12";"301";"189.";"6.9";"5.1";"83.";"7.";"58.96";"56.91";"48.82"
"2015";"1";"13";"2";"13";"302";"205.";"5.9";"5.1";"85.";"8.";"36.69";"0.00";"36.69"
"2015";"1";"13";"2";"14";"303";"216.";"6.2";"5.2";"87.";"8.";"11.70";"0.00";"11.70"
"2015";"1";"13";"2";"15";"304";"211.";"6.1";"5.1";"89.";"7.";"0.00";"0.00";"0.00"
"2015";"1";"13";"2";"16";"305";"239.";"8.2";"4.7";"87.";"7.";"0.00";"0.00";"0.00"
"2015";"1";"13";"2";"17";"306";"249.";"6.6";"3.1";"89.";"6.";"0.00";"0.00";"0.00"
"2015";"1";"13";"2";"18";"307";"253.";"5.5";"3.4";"88.";"3.";"0.00";"0.00";"0.00"
"2015";"1";"13";"2";"19";"308";"240.";"4.5";"3.7";"87.";"2.";"0.00";"0.00";"0.00"
"2015";"1";"13";"2";"20";"309";"231.";"5.1";"3.3";"89.";"2.";"0.00";"0.00";"0.00"
"2015";"1";"13";"2";"21";"310";"221.";"5.6";"3.4";"89.";"5.";"0.00";"0.00";"0.00"
"2015";"1";"13";"2";"22";"311";"211.";"6.4";"3.6";"89.";"6.";"0.00";"0.00";"0.00"
"2015";"1";"13";"2";"23";"312";"213.";"7.0";"4.1";"86.";"7.";"0.00";"0.00";"0.00"
"2015";"1";"14";"3";"0";"313";"213.";"7.7";"4.3";"87.";"8.";"0.00";"0.00";"0.00"
"2015";"1";"14";"3";"1";"314";"225.";"9.2";"4.1";"84.";"7.";"0.00";"0.00";"0.00"
"2015";"1";"14";"3";"2";"315";"224.";"9.7";"2.9";"86.";"7.";"0.00";"0.00";"0.00"
"2015";"1";"14";"3";"3";"316";"218.";"8.2";"2.8";"87.";"7.";"0.00";"0.00";"0.00"
"2015";"1";"14";"3";"4";"317";"211.";"8.0";"2.7";"86.";"4.";"0.00";"0.00";"0.00"
"2015";"1";"14";"3";"5";"318";"219.";"7.9";"1.8";"86.";"8.";"0.00";"0.00";"0.00"
"2015";"1";"14";"3";"6";"319";"213.";"8.1";"1.6";"89.";"6.";"0.00";"0.00";"0.00"
"2015";"1";"14";"3";"7";"320";"216.";"8.2";"2.5";"85.";"6.";"0.00";"0.00";"0.00"
"2015";"1";"14";"3";"8";"321";"213.";"7.5";"2.7";"82.";"5.";"0.00";"0.00";"0.00"
"2015";"1";"14";"3";"9";"322";"217.";"6.3";"3.1";"82.";"6.";"26.85";"66.86";"21.35"
"2015";"1";"14";"3";"10";"323";"219.";"6.4";"3.1";"82.";"6.";"64.66";"125.04";"46.27"
"2015";"1";"14";"3";"11";"324";"217.";"6.4";"3.4";"82.";"7.";"89.91";"71.13";"77.05"
"2015";"1";"14";"3";"12";"325";"225.";"7.1";"3.6";"81.";"6.";"85.96";"141.49";"60.40"
"2015";"1";"14";"3";"13";"326";"226.";"7.0";"3.7";"81.";"6.";"59.63";"129.41";"40.59"
"2015";"1";"14";"3";"14";"327";"221.";"6.4";"3.2";"80.";"6.";"27.38";"70.72";"21.56"
"2015";"1";"14";"3";"15";"328";"227.";"6.5";"3.4";"79.";"7.";"0.00";"0.00";"0.00"
"2015";"1";"14";"3";"16";"329";"233.";"6.8";"3.4";"79.";"7.";"0.00";"0.00";"0.00"
"2015";"1";"14";"3";"17";"330";"227.";"6.4";"2.4";"84.";"7.";"0.00";"0.00";"0.00"
"2015";"1";"14";"3";"18";"331";"233.";"7.0";"2.9";"83.";"7.";"0.00";"0.00";"0.00"
"2015";"1";"14";"3";"19";"332";"229.";"6.6";"3.2";"81.";"6.";"0.00";"0.00";"0.00"
"2015";"1";"14";"3";"20";"333";"226.";"6.6";"3.5";"80.";"2.";"0.00";"0.00";"0.00"
"2015";"1";"14";"3";"21";"334";"222.";"6.4";"3.3";"85.";"1.";"0.00";"0.00";"0.00"
"2015";"1";"14";"3";"22";"335";"219.";"6.1";"3.2";"85.";"0.";"0.00";"0.00";"0.00"
"2015";"1";"14";"3";"23";"336";"218.";"6.5";"3.3";"83.";"1.";"0.00";"0.00";"0.00"
"2015";"1";"15";"4";"0";"337";"211.";"6.4";"3.2";"83.";"1.";"0.00";"0.00";"0.00"
"2015";"1";"15";"4";"1";"338";"206.";"6.7";"3.2";"82.";"1.";"0.00";"0.00";"0.00"
"2015";"1";"15";"4";"2";"339";"203.";"6.6";"3.1";"82.";"2.";"0.00";"0.00";"0.00"
"2015";"1";"15";"4";"3";"340";"190.";"7.0";"3.3";"82.";"7.";"0.00";"0.00";"0.00"
"2015";"1";"15";"4";"4";"341";"172.";"7.2";"3.4";"83.";"6.";"0.00";"0.00";"0.00"
"2015";"1";"15";"4";"5";"342";"164.";"8.5";"3.4";"84.";"7.";"0.00";"0.00";"0.00"
"2015";"1";"15";"4";"6";"343";"167.";"9.0";"3.2";"83.";"7.";"0.00";"0.00";"0.00"
"2015";"1";"15";"4";"7";"344";"161.";"10.1";"2.8";"82.";"7.";"0.00";"0.00";"0.00"
"2015";"1";"15";"4";"8";"345";"157.";"10.8";"2.6";"81.";"6.";"0.00";"0.00";"0.00"
"2015";"1";"15";"4";"9";"346";"155.";"11.9";"2.9";"81.";"6.";"22.56";"59.64";"17.50"
"2015";"1";"15";"4";"10";"347";"155.";"12.9";"2.6";"83.";"8.";"19.11";"0.00";"19.11"
"2015";"1";"15";"4";"11";"348";"159.";"13.1";"1.9";"91.";"8.";"26.31";"0.00";"26.31"
"2015";"1";"15";"4";"12";"349";"161.";"13.2";"1.6";"93.";"8.";"27.19";"0.00";"27.19"
"2015";"1";"15";"4";"13";"350";"163.";"12.9";"1.8";"93.";"8.";"21.57";"0.00";"21.57"
"2015";"1";"15";"4";"14";"351";"166.";"12.6";"1.9";"94.";"8.";"7.54";"0.00";"7.54"
"2015";"1";"15";"4";"15";"352";"170.";"12.1";"2.6";"94.";"8.";"0.00";"0.00";"0.00"
"2015";"1";"15";"4";"16";"353";"182.";"10.2";"4.9";"94.";"7.";"0.00";"0.00";"0.00"
"2015";"1";"15";"4";"17";"354";"187.";"9.8";"5.7";"94.";"8.";"0.00";"0.00";"0.00"
"2015";"1";"15";"4";"18";"355";"187.";"9.4";"6.0";"93.";"8.";"0.00";"0.00";"0.00"
"2015";"1";"15";"4";"19";"356";"190.";"8.3";"6.1";"93.";"8.";"0.00";"0.00";"0.00"
"2015";"1";"15";"4";"20";"357";"192.";"7.6";"6.0";"92.";"6.";"0.00";"0.00";"0.00"
"2015";"1";"15";"4";"21";"358";"189.";"7.2";"5.7";"90.";"5.";"0.00";"0.00";"0.00"
"2015";"1";"15";"4";"22";"359";"180.";"7.6";"5.6";"89.";"5.";"0.00";"0.00";"0.00"
"2015";"1";"15";"4";"23";"360";"189.";"8.6";"5.6";"87.";"7.";"0.00";"0.00";"0.00"
"2015";"1";"16";"5";"0";"361";"182.";"9.7";"5.4";"84.";"5.";"0.00";"0.00";"0.00"
"2015";"1";"16";"5";"1";"362";"207.";"10.9";"5.9";"84.";"8.";"0.00";"0.00";"0.00"
"2015";"1";"16";"5";"2";"363";"209.";"10.6";"4.7";"83.";"7.";"0.00";"0.00";"0.00"
"2015";"1";"16";"5";"3";"364";"197.";"10.9";"4.8";"80.";"7.";"0.00";"0.00";"0.00"
"2015";"1";"16";"5";"4";"365";"196.";"11.4";"5.8";"73.";"8.";"0.00";"0.00";"0.00"
"2015";"1";"16";"5";"5";"366";"198.";"12.2";"5.6";"77.";"8.";"0.00";"0.00";"0.00"
"2015";"1";"16";"5";"6";"367";"197.";"12.6";"5.7";"76.";"8.";"0.00";"0.00";"0.00"
"2015";"1";"16";"5";"7";"368";"196.";"12.6";"5.8";"78.";"8.";"0.00";"0.00";"0.00"
"2015";"1";"16";"5";"8";"369";"198.";"12.6";"5.9";"76.";"8.";"0.00";"0.00";"0.00"
"2015";"1";"16";"5";"9";"370";"208.";"12.9";"5.9";"80.";"7.";"18.63";"24.27";"16.51"
"2015";"1";"16";"5";"10";"371";"217.";"13.0";"6.2";"78.";"7.";"44.81";"40.11";"38.69"
"2015";"1";"16";"5";"11";"372";"218.";"12.6";"6.5";"74.";"6.";"75.95";"102.54";"56.86"
"2015";"1";"16";"5";"12";"373";"224.";"12.3";"6.6";"75.";"5.";"89.22";"151.30";"61.06"
"2015";"1";"16";"5";"13";"374";"223.";"11.4";"6.6";"76.";"5.";"66.35";"128.00";"46.83"
"2015";"1";"16";"5";"14";"375";"221.";"10.7";"6.3";"78.";"4.";"28.09";"97.93";"19.52"
"2015";"1";"16";"5";"15";"376";"223.";"9.8";"5.9";"80.";"4.";"0.00";"0.00";"0.00"
"2015";"1";"16";"5";"16";"377";"226.";"9.4";"5.4";"79.";"4.";"0.00";"0.00";"0.00"
"2015";"1";"16";"5";"17";"378";"225.";"9.0";"5.0";"81.";"4.";"0.00";"0.00";"0.00"
"2015";"1";"16";"5";"18";"379";"222.";"8.8";"4.7";"81.";"5.";"0.00";"0.00";"0.00"
"2015";"1";"16";"5";"19";"380";"222.";"8.4";"4.6";"82.";"4.";"0.00";"0.00";"0.00"
"2015";"1";"16";"5";"20";"381";"220.";"7.9";"4.1";"83.";"2.";"0.00";"0.00";"0.00"
"2015";"1";"16";"5";"21";"382";"215.";"7.8";"3.8";"84.";"1.";"0.00";"0.00";"0.00"
"2015";"1";"16";"5";"22";"383";"208.";"7.6";"3.8";"84.";"6.";"0.00";"0.00";"0.00"
"2015";"1";"16";"5";"23";"384";"205.";"7.5";"3.7";"85.";"4.";"0.00";"0.00";"0.00"
"2015";"1";"17";"6";"0";"385";"207.";"7.6";"3.6";"86.";"4.";"0.00";"0.00";"0.00"
"2015";"1";"17";"6";"1";"386";"209.";"7.2";"3.7";"85.";"7.";"0.00";"0.00";"0.00"
"2015";"1";"17";"6";"2";"387";"220.";"7.1";"3.9";"83.";"7.";"0.00";"0.00";"0.00"
"2015";"1";"17";"6";"3";"388";"221.";"7.6";"3.8";"84.";"8.";"0.00";"0.00";"0.00"
"2015";"1";"17";"6";"4";"389";"217.";"7.5";"3.1";"84.";"6.";"0.00";"0.00";"0.00"
"2015";"1";"17";"6";"5";"390";"220.";"7.6";"2.7";"84.";"4.";"0.00";"0.00";"0.00"
"2015";"1";"17";"6";"6";"391";"225.";"7.6";"2.7";"81.";"6.";"0.00";"0.00";"0.00"
"2015";"1";"17";"6";"7";"392";"223.";"7.8";"2.4";"80.";"5.";"0.00";"0.00";"0.00"
"2015";"1";"17";"6";"8";"393";"222.";"8.4";"2.3";"81.";"6.";"0.00";"0.00";"0.00"
"2015";"1";"17";"6";"9";"394";"223.";"8.6";"2.6";"83.";"8.";"19.60";"0.00";"19.60"
"2015";"1";"17";"6";"10";"395";"226.";"8.9";"2.8";"85.";"8.";"44.37";"0.00";"44.37"
"2015";"1";"17";"6";"11";"396";"225.";"8.9";"3.2";"85.";"7.";"77.96";"56.47";"67.28"
"2015";"1";"17";"6";"12";"397";"229.";"8.8";"3.6";"83.";"6.";"81.01";"120.63";"58.20"
"2015";"1";"17";"6";"13";"398";"234.";"8.5";"4.3";"78.";"5.";"81.77";"156.57";"57.44"
"2015";"1";"17";"6";"14";"399";"232.";"8.2";"4.2";"77.";"4.";"35.83";"129.05";"24.18"
"2015";"1";"17";"6";"15";"400";"232.";"8.1";"4.1";"78.";"3.";"0.00";"0.00";"0.00"
"2015";"1";"17";"6";"16";"401";"235.";"8.4";"4.1";"79.";"4.";"0.00";"0.00";"0.00"
"2015";"1";"17";"6";"17";"402";"232.";"8.0";"4.0";"80.";"4.";"0.00";"0.00";"0.00"
"2015";"1";"17";"6";"18";"403";"233.";"8.0";"3.9";"82.";"2.";"0.00";"0.00";"0.00"
"2015";"1";"17";"6";"19";"404";"230.";"7.9";"3.8";"82.";"2.";"0.00";"0.00";"0.00"
"2015";"1";"17";"6";"20";"405";"226.";"7.3";"3.6";"84.";"2.";"0.00";"0.00";"0.00"
"2015";"1";"17";"6";"21";"406";"226.";"7.1";"3.4";"86.";"5.";"0.00";"0.00";"0.00"
"2015";"1";"17";"6";"22";"407";"223.";"6.9";"3.2";"88.";"5.";"0.00";"0.00";"0.00"
"2015";"1";"17";"6";"23";"408";"224.";"6.9";"3.0";"89.";"4.";"0.00";"0.00";"0.00"
"2015";"1";"18";"7";"0";"409";"221.";"6.4";"3.1";"88.";"7.";"0.00";"0.00";"0.00"
"2015";"1";"18";"7";"1";"410";"220.";"6.0";"3.0";"89.";"4.";"0.00";"0.00";"0.00"
"2015";"1";"18";"7";"2";"411";"219.";"6.0";"3.1";"88.";"7.";"0.00";"0.00";"0.00"
"2015";"1";"18";"7";"3";"412";"217.";"5.6";"3.0";"87.";"8.";"0.00";"0.00";"0.00"
"2015";"1";"18";"7";"4";"413";"213.";"5.4";"3.1";"85.";"8.";"0.00";"0.00";"0.00"
"2015";"1";"18";"7";"5";"414";"216.";"6.2";"3.1";"83.";"8.";"0.00";"0.00";"0.00"
"2015";"1";"18";"7";"6";"415";"208.";"6.8";"2.8";"83.";"8.";"0.00";"0.00";"0.00"
"2015";"1";"18";"7";"7";"416";"210.";"6.4";"3.0";"82.";"8.";"0.00";"0.00";"0.00"
"2015";"1";"18";"7";"8";"417";"211.";"5.9";"2.6";"85.";"8.";"0.00";"0.00";"0.00"
"2015";"1";"18";"7";"9";"418";"210.";"5.1";"2.7";"87.";"8.";"19.03";"0.00";"19.03"
"2015";"1";"18";"7";"10";"419";"209.";"4.6";"2.9";"86.";"8.";"45.82";"0.00";"45.82"
"2015";"1";"18";"7";"11";"420";"211.";"4.3";"3.1";"85.";"8.";"60.20";"0.00";"60.20"
"2015";"1";"18";"7";"12";"421";"211.";"4.4";"2.8";"88.";"8.";"80.50";"0.00";"80.50"
"2015";"1";"18";"7";"13";"422";"205.";"4.1";"2.9";"90.";"8.";"57.36";"0.00";"57.36"
"2015";"1";"18";"7";"14";"423";"199.";"3.6";"3.0";"90.";"7.";"26.03";"27.60";"23.46"
"2015";"1";"18";"7";"15";"424";"211.";"3.0";"2.9";"88.";"8.";"0.00";"0.00";"0.00"
"2015";"1";"18";"7";"16";"425";"214.";"2.4";"2.6";"90.";"8.";"0.00";"0.00";"0.00"
"2015";"1";"18";"7";"17";"426";"202.";"1.7";"2.7";"92.";"8.";"0.00";"0.00";"0.00"
"2015";"1";"18";"7";"18";"427";"181.";"1.6";"2.3";"93.";"7.";"0.00";"0.00";"0.00"
"2015";"1";"18";"7";"19";"428";"183.";"1.9";"1.5";"93.";"8.";"0.00";"0.00";"0.00"
"2015";"1";"18";"7";"20";"429";"179.";"1.9";"1.1";"93.";"7.";"0.00";"0.00";"0.00"
"2015";"1";"18";"7";"21";"430";"156.";"1.9";"1.0";"91.";"7.";"0.00";"0.00";"0.00"
"2015";"1";"18";"7";"22";"431";"144.";"1.7";"0.5";"93.";"5.";"0.00";"0.00";"0.00"
"2015";"1";"18";"7";"23";"432";"122.";"2.5";"0.4";"93.";"7.";"0.00";"0.00";"0.00"
"2015";"1";"19";"1";"0";"433";"131.";"2.7";"0.9";"93.";"8.";"0.00";"0.00";"0.00"
"2015";"1";"19";"1";"1";"434";"140.";"2.8";"0.7";"94.";"8.";"0.00";"0.00";"0.00"
"2015";"1";"19";"1";"2";"435";"153.";"2.9";"0.6";"94.";"8.";"0.00";"0.00";"0.00"
"2015";"1";"19";"1";"3";"436";"135.";"2.7";"0.7";"94.";"8.";"0.00";"0.00";"0.00"
"2015";"1";"19";"1";"4";"437";"128.";"2.8";"0.8";"93.";"8.";"0.00";"0.00";"0.00"
"2015";"1";"19";"1";"5";"438";"129.";"2.7";"0.7";"93.";"8.";"0.00";"0.00";"0.00"
"2015";"1";"19";"1";"6";"439";"120.";"3.0";"0.5";"93.";"8.";"0.00";"0.00";"0.00"
"2015";"1";"19";"1";"7";"440";"114.";"2.7";"0.7";"93.";"8.";"0.00";"0.00";"0.00"
"2015";"1";"19";"1";"8";"441";"103.";"2.5";"0.8";"92.";"7.";"0.00";"0.00";"0.00"
"2015";"1";"19";"1";"9";"442";"96.";"2.9";"1.0";"94.";"7.";"22.51";"31.52";"19.48"
"2015";"1";"19";"1";"10";"443";"86.";"3.1";"0.9";"93.";"8.";"38.86";"0.00";"38.86"
"2015";"1";"19";"1";"11";"444";"80.";"3.4";"1.1";"92.";"8.";"59.25";"0.00";"59.25"
"2015";"1";"19";"1";"12";"445";"80.";"3.1";"1.3";"91.";"7.";"84.48";"66.05";"71.58"
"2015";"1";"19";"1";"13";"446";"79.";"3.3";"1.5";"89.";"7.";"60.68";"66.53";"49.94"
"2015";"1";"19";"1";"14";"447";"78.";"3.4";"1.5";"89.";"8.";"21.00";"0.00";"21.00"
"2015";"1";"19";"1";"15";"448";"74.";"3.7";"1.4";"87.";"8.";"0.00";"0.00";"0.00"
"2015";"1";"19";"1";"16";"449";"74.";"3.8";"1.1";"90.";"7.";"0.00";"0.00";"0.00"
"2015";"1";"19";"1";"17";"450";"74.";"3.8";"0.8";"92.";"8.";"0.00";"0.00";"0.00"
"2015";"1";"19";"1";"18";"451";"82.";"3.7";"0.8";"92.";"8.";"0.00";"0.00";"0.00"
"2015";"1";"19";"1";"19";"452";"103.";"4.0";"0.9";"92.";"8.";"0.00";"0.00";"0.00"
"2015";"1";"19";"1";"20";"453";"112.";"4.6";"1.0";"92.";"8.";"0.00";"0.00";"0.00"
"2015";"1";"19";"1";"21";"454";"120.";"4.8";"1.0";"90.";"7.";"0.00";"0.00";"0.00"
"2015";"1";"19";"1";"22";"455";"118.";"4.8";"1.1";"87.";"8.";"0.00";"0.00";"0.00"
"2015";"1";"19";"1";"23";"456";"116.";"4.5";"1.2";"86.";"8.";"0.00";"0.00";"0.00"
"2015";"1";"20";"2";"0";"457";"111.";"4.5";"1.2";"86.";"8.";"0.00";"0.00";"0.00"
"2015";"1";"20";"2";"1";"458";"107.";"4.3";"1.2";"88.";"8.";"0.00";"0.00";"0.00"
"2015";"1";"20";"2";"2";"459";"100.";"4.4";"1.1";"89.";"8.";"0.00";"0.00";"0.00"
"2015";"1";"20";"2";"3";"460";"110.";"4.2";"1.1";"89.";"8.";"0.00";"0.00";"0.00"
"2015";"1";"20";"2";"4";"461";"101.";"4.2";"1.0";"90.";"8.";"0.00";"0.00";"0.00"
"2015";"1";"20";"2";"5";"462";"101.";"4.3";"0.9";"92.";"7.";"0.00";"0.00";"0.00"
"2015";"1";"20";"2";"6";"463";"96.";"4.6";"0.6";"92.";"8.";"0.00";"0.00";"0.00"
"2015";"1";"20";"2";"7";"464";"95.";"5.1";"0.9";"93.";"8.";"0.00";"0.00";"0.00"
"2015";"1";"20";"2";"8";"465";"94.";"4.9";"0.9";"92.";"8.";"0.00";"0.00";"0.00"
"2015";"1";"20";"2";"9";"466";"93.";"4.9";"0.9";"90.";"8.";"21.98";"0.00";"21.98"
"2015";"1";"20";"2";"10";"467";"87.";"4.8";"1.2";"86.";"7.";"62.68";"61.97";"52.48"
"2015";"1";"20";"2";"11";"468";"86.";"4.7";"1.4";"85.";"6.";"90.19";"141.14";"62.18"
"2015";"1";"20";"2";"12";"469";"89.";"5.2";"1.6";"84.";"7.";"77.29";"55.97";"66.18"
"2015";"1";"20";"2";"13";"470";"89.";"5.8";"1.4";"86.";"8.";"45.14";"0.00";"45.14"
"2015";"1";"20";"2";"14";"471";"89.";"5.3";"1.0";"89.";"7.";"17.05";"18.59";"15.20"
"2015";"1";"20";"2";"15";"472";"85.";"5.2";"0.8";"90.";"8.";"0.00";"0.00";"0.00"
"2015";"1";"20";"2";"16";"473";"84.";"4.9";"0.7";"90.";"8.";"0.00";"0.00";"0.00"
"2015";"1";"20";"2";"17";"474";"88.";"5.5";"0.6";"90.";"8.";"0.00";"0.00";"0.00"
"2015";"1";"20";"2";"18";"475";"89.";"5.4";"0.5";"89.";"8.";"0.00";"0.00";"0.00"
"2015";"1";"20";"2";"19";"476";"92.";"5.5";"0.5";"90.";"8.";"0.00";"0.00";"0.00"
"2015";"1";"20";"2";"20";"477";"93.";"5.1";"0.1";"92.";"7.";"0.00";"0.00";"0.00"
"2015";"1";"20";"2";"21";"478";"83.";"4.9";"0.1";"92.";"8.";"0.00";"0.00";"0.00"
"2015";"1";"20";"2";"22";"479";"82.";"4.5";"0.0";"93.";"7.";"0.00";"0.00";"0.00"
"2015";"1";"20";"2";"23";"480";"84.";"4.7";"0.0";"93.";"8.";"0.00";"0.00";"0.00"
"2015";"1";"21";"3";"0";"481";"82.";"4.5";"-0.1";"92.";"8.";"0.00";"0.00";"0.00"
"2015";"1";"21";"3";"1";"482";"79.";"4.5";"-0.2";"92.";"8.";"0.00";"0.00";"0.00"
"2015";"1";"21";"3";"2";"483";"77.";"4.4";"-0.3";"92.";"8.";"0.00";"0.00";"0.00"
"2015";"1";"21";"3";"3";"484";"81.";"3.8";"-0.2";"92.";"7.";"0.00";"0.00";"0.00"
"2015";"1";"21";"3";"4";"485";"74.";"3.7";"-0.3";"91.";"7.";"0.00";"0.00";"0.00"
"2015";"1";"21";"3";"5";"486";"69.";"3.8";"-0.3";"89.";"7.";"0.00";"0.00";"0.00"
"2015";"1";"21";"3";"6";"487";"66.";"3.5";"-0.3";"89.";"8.";"0.00";"0.00";"0.00"
"2015";"1";"21";"3";"7";"488";"64.";"3.5";"-0.3";"89.";"8.";"0.00";"0.00";"0.00"
"2015";"1";"21";"3";"8";"489";"60.";"3.5";"-0.4";"88.";"7.";"0.00";"0.00";"0.00"
"2015";"1";"21";"3";"9";"490";"58.";"3.4";"-0.1";"89.";"8.";"20.10";"0.00";"20.10"
"2015";"1";"21";"3";"10";"491";"54.";"3.4";"0.1";"90.";"8.";"48.25";"0.00";"48.25"
"2015";"1";"21";"3";"11";"492";"48.";"3.2";"0.3";"91.";"7.";"72.21";"60.84";"59.94"
"2015";"1";"21";"3";"12";"493";"46.";"2.9";"0.4";"90.";"8.";"55.03";"0.00";"55.03"
"2015";"1";"21";"3";"13";"494";"37.";"2.5";"0.7";"90.";"7.";"59.93";"47.40";"51.97"
"2015";"1";"21";"3";"14";"495";"36.";"2.9";"0.6";"90.";"7.";"27.09";"43.42";"22.64"
"2015";"1";"21";"3";"15";"496";"40.";"2.4";"0.4";"91.";"8.";"0.00";"0.00";"0.00"
"2015";"1";"21";"3";"16";"497";"31.";"2.0";"0.4";"91.";"8.";"0.00";"0.00";"0.00"
"2015";"1";"21";"3";"17";"498";"37.";"2.0";"0.4";"91.";"8.";"0.00";"0.00";"0.00"
"2015";"1";"21";"3";"18";"499";"34.";"1.9";"0.4";"91.";"7.";"0.00";"0.00";"0.00"
"2015";"1";"21";"3";"19";"500";"36.";"2.0";"0.4";"91.";"8.";"0.00";"0.00";"0.00"
"2015";"1";"21";"3";"20";"501";"39.";"2.0";"0.3";"91.";"8.";"0.00";"0.00";"0.00"
"2015";"1";"21";"3";"21";"502";"36.";"2.8";"0.2";"92.";"8.";"0.00";"0.00";"0.00"
"2015";"1";"21";"3";"22";"503";"40.";"2.7";"0.1";"92.";"8.";"0.00";"0.00";"0.00"
"2015";"1";"21";"3";"23";"504";"41.";"2.4";"0.0";"93.";"8.";"0.00";"0.00";"0.00"
"2015";"1";"22";"4";"0";"505";"44.";"2.1";"-0.1";"93.";"8.";"0.00";"0.00";"0.00"
"2015";"1";"22";"4";"1";"506";"48.";"1.9";"-0.2";"94.";"8.";"0.00";"0.00";"0.00"
"2015";"1";"22";"4";"2";"507";"42.";"1.6";"-0.2";"93.";"8.";"0.00";"0.00";"0.00"
"2015";"1";"22";"4";"3";"508";"32.";"1.8";"-0.3";"93.";"8.";"0.00";"0.00";"0.00"
"2015";"1";"22";"4";"4";"509";"31.";"1.7";"-0.3";"94.";"8.";"0.00";"0.00";"0.00"
"2015";"1";"22";"4";"5";"510";"37.";"1.5";"-0.3";"94.";"8.";"0.00";"0.00";"0.00"
"2015";"1";"22";"4";"6";"511";"43.";"1.4";"-0.4";"94.";"8.";"0.00";"0.00";"0.00"
"2015";"1";"22";"4";"7";"512";"41.";"1.8";"-0.2";"94.";"8.";"0.00";"0.00";"0.00"
"2015";"1";"22";"4";"8";"513";"56.";"1.6";"-0.2";"94.";"8.";"0.00";"0.00";"0.00"
"2015";"1";"22";"4";"9";"514";"53.";"1.6";"-0.2";"94.";"8.";"20.82";"0.00";"20.82"
"2015";"1";"22";"4";"10";"515";"45.";"1.5";"-0.2";"94.";"8.";"44.06";"0.00";"44.06"
"2015";"1";"22";"4";"11";"516";"51.";"1.7";"0.1";"94.";"8.";"54.98";"0.00";"54.98"
"2015";"1";"22";"4";"12";"517";"24.";"1.5";"0.3";"94.";"8.";"55.34";"0.00";"55.34"
"2015";"1";"22";"4";"13";"518";"16.";"1.7";"0.5";"93.";"8.";"43.15";"0.00";"43.15"
"2015";"1";"22";"4";"14";"519";"19.";"1.8";"0.5";"93.";"8.";"20.29";"0.00";"20.29"
"2015";"1";"22";"4";"15";"520";"22.";"1.6";"0.3";"94.";"8.";"0.00";"0.00";"0.00"
"2015";"1";"22";"4";"16";"521";"29.";"1.6";"-0.2";"94.";"8.";"0.00";"0.00";"0.00"
"2015";"1";"22";"4";"17";"522";"10.";"1.5";"-0.4";"92.";"7.";"0.00";"0.00";"0.00"
"2015";"1";"22";"4";"18";"523";"16.";"1.7";"-1.1";"92.";"7.";"0.00";"0.00";"0.00"
"2015";"1";"22";"4";"19";"524";"22.";"1.8";"-2.2";"91.";"7.";"0.00";"0.00";"0.00"
"2015";"1";"22";"4";"20";"525";"15.";"1.7";"-2.4";"91.";"7.";"0.00";"0.00";"0.00"
"2015";"1";"22";"4";"21";"526";"18.";"1.7";"-2.4";"92.";"4.";"0.00";"0.00";"0.00"
"2015";"1";"22";"4";"22";"527";"28.";"1.4";"-3.0";"93.";"5.";"0.00";"0.00";"0.00"
"2015";"1";"22";"4";"23";"528";"38.";"1.2";"-3.1";"92.";"5.";"0.00";"0.00";"0.00"
"2015";"1";"23";"5";"0";"529";"21.";"1.2";"-2.6";"92.";"8.";"0.00";"0.00";"0.00"
"2015";"1";"23";"5";"1";"530";"353.";"1.1";"-2.4";"92.";"8.";"0.00";"0.00";"0.00"
"2015";"1";"23";"5";"2";"531";"37.";"0.8";"-2.6";"92.";"8.";"0.00";"0.00";"0.00"
"2015";"1";"23";"5";"3";"532";"77.";"1.0";"-2.7";"92.";"8.";"0.00";"0.00";"0.00"
"2015";"1";"23";"5";"4";"533";"93.";"1.1";"-2.9";"91.";"8.";"0.00";"0.00";"0.00"
"2015";"1";"23";"5";"5";"534";"109.";"1.3";"-2.8";"93.";"7.";"0.00";"0.00";"0.00"
"2015";"1";"23";"5";"6";"535";"110.";"1.6";"-2.8";"92.";"8.";"0.00";"0.00";"0.00"
"2015";"1";"23";"5";"7";"536";"115.";"2.0";"-2.9";"92.";"7.";"0.00";"0.00";"0.00"
"2015";"1";"23";"5";"8";"537";"116.";"2.3";"-3.0";"92.";"8.";"0.00";"0.00";"0.00"
"2015";"1";"23";"5";"9";"538";"149.";"3.1";"-3.0";"92.";"5.";"47.98";"163.92";"30.08"
"2015";"1";"23";"5";"10";"539";"151.";"3.0";"-2.3";"93.";"6.";"78.42";"145.81";"52.94"
"2015";"1";"23";"5";"11";"540";"159.";"2.6";"-1.6";"89.";"7.";"79.94";"76.55";"63.96"
"2015";"1";"23";"5";"12";"541";"210.";"2.5";"-0.6";"87.";"7.";"87.74";"78.29";"71.40"
"2015";"1";"23";"5";"13";"542";"209.";"3.0";"-0.1";"86.";"7.";"61.82";"67.32";"50.06"
"2015";"1";"23";"5";"14";"543";"197.";"3.2";"0.4";"87.";"7.";"30.55";"46.93";"25.43"
"2015";"1";"23";"5";"15";"544";"204.";"3.8";"0.0";"88.";"6.";"0.00";"0.00";"0.00"
"2015";"1";"23";"5";"16";"545";"196.";"4.2";"-0.2";"88.";"8.";"0.00";"0.00";"0.00"
"2015";"1";"23";"5";"17";"546";"183.";"4.4";"-0.3";"88.";"7.";"0.00";"0.00";"0.00"
"2015";"1";"23";"5";"18";"547";"173.";"5.2";"-0.2";"87.";"7.";"0.00";"0.00";"0.00"
"2015";"1";"23";"5";"19";"548";"168.";"6.0";"-0.2";"87.";"6.";"0.00";"0.00";"0.00"
"2015";"1";"23";"5";"20";"549";"177.";"6.2";"0.2";"87.";"7.";"0.00";"0.00";"0.00"
"2015";"1";"23";"5";"21";"550";"185.";"6.9";"0.7";"89.";"7.";"0.00";"0.00";"0.00"
"2015";"1";"23";"5";"22";"551";"190.";"7.3";"0.9";"87.";"8.";"0.00";"0.00";"0.00"
"2015";"1";"23";"5";"23";"552";"190.";"7.9";"0.9";"85.";"8.";"0.00";"0.00";"0.00"
"2015";"1";"24";"6";"0";"553";"187.";"8.9";"1.1";"83.";"8.";"0.00";"0.00";"0.00"
"2015";"1";"24";"6";"1";"554";"187.";"9.2";"0.9";"83.";"8.";"0.00";"0.00";"0.00"
"2015";"1";"24";"6";"2";"555";"189.";"9.2";"0.8";"82.";"8.";"0.00";"0.00";"0.00"
"2015";"1";"24";"6";"3";"556";"183.";"9.8";"1.0";"82.";"7.";"0.00";"0.00";"0.00"
"2015";"1";"24";"6";"4";"557";"183.";"9.6";"1.0";"81.";"7.";"0.00";"0.00";"0.00"
"2015";"1";"24";"6";"5";"558";"180.";"10.0";"1.0";"82.";"8.";"0.00";"0.00";"0.00"
"2015";"1";"24";"6";"6";"559";"175.";"10.5";"0.3";"88.";"8.";"0.00";"0.00";"0.00"
"2015";"1";"24";"6";"7";"560";"178.";"10.4";"-0.3";"93.";"8.";"0.00";"0.00";"0.00"
"2015";"1";"24";"6";"8";"561";"180.";"11.0";"-0.4";"94.";"8.";"0.00";"0.00";"0.00"
"2015";"1";"24";"6";"9";"562";"179.";"9.8";"-0.6";"97.";"7.";"15.09";"3.88";"14.65"
"2015";"1";"24";"6";"10";"563";"178.";"9.6";"-0.5";"97.";"8.";"19.75";"0.00";"19.75"
"2015";"1";"24";"6";"11";"564";"180.";"9.2";"-0.3";"98.";"8.";"26.27";"0.00";"26.27"
"2015";"1";"24";"6";"12";"565";"188.";"8.2";"0.0";"97.";"7.";"40.19";"8.57";"38.37"
"2015";"1";"24";"6";"13";"566";"196.";"7.2";"0.1";"98.";"8.";"19.32";"0.00";"19.32"
"2015";"1";"24";"6";"14";"567";"199.";"6.5";"0.3";"98.";"8.";"11.44";"0.00";"11.44"
"2015";"1";"24";"6";"15";"568";"191.";"5.5";"0.7";"98.";"8.";"0.00";"0.00";"0.00"
"2015";"1";"24";"6";"16";"569";"194.";"4.8";"1.1";"98.";"8.";"0.00";"0.00";"0.00"
"2015";"1";"24";"6";"17";"570";"192.";"4.2";"1.4";"98.";"7.";"0.00";"0.00";"0.00"
"2015";"1";"24";"6";"18";"571";"211.";"3.9";"1.4";"96.";"8.";"0.00";"0.00";"0.00"
"2015";"1";"24";"6";"19";"572";"216.";"3.7";"1.3";"97.";"6.";"0.00";"0.00";"0.00"
"2015";"1";"24";"6";"20";"573";"221.";"4.2";"1.1";"95.";"6.";"0.00";"0.00";"0.00"
"2015";"1";"24";"6";"21";"574";"228.";"3.3";"1.2";"95.";"3.";"0.00";"0.00";"0.00"
"2015";"1";"24";"6";"22";"575";"228.";"3.4";"1.3";"96.";"2.";"0.00";"0.00";"0.00"
"2015";"1";"24";"6";"23";"576";"231.";"3.6";"1.1";"95.";"3.";"0.00";"0.00";"0.00"
"2015";"1";"25";"7";"0";"577";"236.";"3.5";"1.0";"94.";"5.";"0.00";"0.00";"0.00"
"2015";"1";"25";"7";"1";"578";"239.";"2.8";"0.6";"93.";"3.";"0.00";"0.00";"0.00"
"2015";"1";"25";"7";"2";"579";"258.";"2.0";"0.3";"93.";"4.";"0.00";"0.00";"0.00"
"2015";"1";"25";"7";"3";"580";"293.";"1.3";"-0.7";"95.";"4.";"0.00";"0.00";"0.00"
"2015";"1";"25";"7";"4";"581";"303.";"1.3";"-1.4";"94.";"4.";"0.00";"0.00";"0.00"
"2015";"1";"25";"7";"5";"582";"316.";"1.5";"-2.7";"95.";"3.";"0.00";"0.00";"0.00"
"2015";"1";"25";"7";"6";"583";"320.";"1.4";"-3.1";"95.";"4.";"0.00";"0.00";"0.00"
"2015";"1";"25";"7";"7";"584";"311.";"2.0";"-4.2";"95.";"3.";"0.00";"0.00";"0.00"
"2015";"1";"25";"7";"8";"585";"8.";"1.0";"-4.6";"94.";"2.";"0.00";"0.00";"0.00"
"2015";"1";"25";"7";"9";"586";"29.";"0.9";"-4.4";"93.";"0.";"80.95";"287.64";"47.52"
"2015";"1";"25";"7";"10";"587";"50.";"0.9";"-3.0";"95.";"0.";"149.66";"387.69";"79.10"
"2015";"1";"25";"7";"11";"588";"53.";"0.6";"-0.5";"94.";"0.";"193.47";"512.71";"82.71"
"2015";"1";"25";"7";"12";"589";"336.";"0.8";"1.1";"92.";"1.";"192.93";"590.68";"65.32"
"2015";"1";"25";"7";"13";"590";"345.";"0.5";"1.4";"88.";"1.";"157.17";"569.27";"53.57"
"2015";"1";"25";"7";"14";"591";"0.";"0.1";"1.4";"86.";"0.";"83.60";"464.29";"29.63"
"2015";"1";"25";"7";"15";"592";"121.";"1.1";"-0.2";"89.";"3.";"0.00";"0.00";"0.00"
"2015";"1";"25";"7";"16";"593";"123.";"1.5";"-2.2";"94.";"3.";"0.00";"0.00";"0.00"
"2015";"1";"25";"7";"17";"594";"142.";"1.7";"-3.4";"94.";"2.";"0.00";"0.00";"0.00"
"2015";"1";"25";"7";"18";"595";"158.";"2.1";"-3.9";"93.";"3.";"0.00";"0.00";"0.00"
"2015";"1";"25";"7";"19";"596";"179.";"2.2";"-3.7";"93.";"3.";"0.00";"0.00";"0.00"
"2015";"1";"25";"7";"20";"597";"173.";"2.4";"-3.9";"93.";"3.";"0.00";"0.00";"0.00"
"2015";"1";"25";"7";"21";"598";"165.";"3.8";"-3.3";"94.";"7.";"0.00";"0.00";"0.00"
"2015";"1";"25";"7";"22";"599";"174.";"3.7";"-2.1";"95.";"8.";"0.00";"0.00";"0.00"
"2015";"1";"25";"7";"23";"600";"175.";"4.1";"-0.7";"96.";"8.";"0.00";"0.00";"0.00"
"2015";"1";"26";"1";"0";"601";"175.";"5.1";"1.0";"96.";"8.";"0.00";"0.00";"0.00"
"2015";"1";"26";"1";"1";"602";"172.";"5.9";"1.5";"96.";"8.";"0.00";"0.00";"0.00"
"2015";"1";"26";"1";"2";"603";"179.";"6.3";"1.8";"97.";"8.";"0.00";"0.00";"0.00"
"2015";"1";"26";"1";"3";"604";"183.";"6.5";"2.3";"97.";"8.";"0.00";"0.00";"0.00"
"2015";"1";"26";"1";"4";"605";"179.";"7.1";"2.2";"97.";"8.";"0.00";"0.00";"0.00"
"2015";"1";"26";"1";"5";"606";"179.";"7.7";"2.4";"97.";"8.";"0.00";"0.00";"0.00"
"2015";"1";"26";"1";"6";"607";"180.";"8.5";"2.5";"96.";"8.";"0.00";"0.00";"0.00"
"2015";"1";"26";"1";"7";"608";"178.";"9.2";"2.7";"96.";"8.";"0.00";"0.00";"0.00"
"2015";"1";"26";"1";"8";"609";"178.";"9.4";"2.8";"96.";"8.";"0.00";"0.00";"0.00"
"2015";"1";"26";"1";"9";"610";"177.";"9.7";"2.6";"96.";"8.";"17.44";"0.00";"17.44"
"2015";"1";"26";"1";"10";"611";"180.";"9.2";"2.7";"96.";"8.";"29.66";"0.00";"29.66"
"2015";"1";"26";"1";"11";"612";"183.";"9.0";"2.9";"97.";"8.";"37.76";"0.00";"37.76"
"2015";"1";"26";"1";"12";"613";"187.";"8.6";"3.0";"96.";"8.";"37.93";"0.00";"37.93"
"2015";"1";"26";"1";"13";"614";"191.";"8.2";"3.0";"97.";"8.";"30.51";"0.00";"30.51"
"2015";"1";"26";"1";"14";"615";"195.";"7.4";"3.0";"97.";"8.";"16.77";"0.00";"16.77"
"2015";"1";"26";"1";"15";"616";"194.";"6.4";"3.0";"97.";"8.";"0.00";"0.00";"0.00"
"2015";"1";"26";"1";"16";"617";"197.";"4.8";"3.0";"97.";"8.";"0.00";"0.00";"0.00"
"2015";"1";"26";"1";"17";"618";"205.";"2.4";"3.1";"96.";"8.";"0.00";"0.00";"0.00"
"2015";"1";"26";"1";"18";"619";"239.";"1.9";"3.1";"96.";"7.";"0.00";"0.00";"0.00"
"2015";"1";"26";"1";"19";"620";"239.";"2.2";"2.9";"96.";"7.";"0.00";"0.00";"0.00"
"2015";"1";"26";"1";"20";"621";"255.";"2.0";"3.1";"96.";"7.";"0.00";"0.00";"0.00"
"2015";"1";"26";"1";"21";"622";"301.";"1.9";"2.9";"95.";"7.";"0.00";"0.00";"0.00"
"2015";"1";"26";"1";"22";"623";"315.";"2.7";"2.4";"96.";"6.";"0.00";"0.00";"0.00"
"2015";"1";"26";"1";"23";"624";"321.";"4.0";"1.8";"96.";"6.";"0.00";"0.00";"0.00"
"2015";"1";"27";"2";"0";"625";"329.";"5.3";"2.3";"96.";"8.";"0.00";"0.00";"0.00"
"2015";"1";"27";"2";"1";"626";"347.";"4.8";"2.2";"96.";"8.";"0.00";"0.00";"0.00"
"2015";"1";"27";"2";"2";"627";"347.";"4.3";"2.4";"96.";"8.";"0.00";"0.00";"0.00"
"2015";"1";"27";"2";"3";"628";"342.";"4.3";"2.2";"96.";"8.";"0.00";"0.00";"0.00"
"2015";"1";"27";"2";"4";"629";"340.";"4.3";"1.8";"94.";"8.";"0.00";"0.00";"0.00"
"2015";"1";"27";"2";"5";"630";"353.";"3.7";"1.5";"94.";"8.";"0.00";"0.00";"0.00"
"2015";"1";"27";"2";"6";"631";"5.";"3.5";"1.1";"92.";"7.";"0.00";"0.00";"0.00"
"2015";"1";"27";"2";"7";"632";"1.";"3.6";"0.9";"92.";"7.";"0.00";"0.00";"0.00"
"2015";"1";"27";"2";"8";"633";"0.";"3.6";"0.9";"92.";"8.";"0.00";"0.00";"0.00"
"2015";"1";"27";"2";"9";"634";"346.";"4.0";"1.1";"90.";"6.";"48.03";"127.46";"32.27"
"2015";"1";"27";"2";"10";"635";"350.";"3.2";"1.2";"90.";"6.";"89.17";"167.82";"57.35"
"2015";"1";"27";"2";"11";"636";"331.";"3.1";"1.1";"89.";"8.";"67.80";"0.00";"67.80"
"2015";"1";"27";"2";"12";"637";"331.";"3.0";"1.1";"89.";"6.";"111.90";"181.49";"71.29"
"2015";"1";"27";"2";"13";"638";"344.";"2.7";"1.5";"87.";"5.";"109.99";"244.38";"63.65"
"2015";"1";"27";"2";"14";"639";"343.";"2.2";"1.5";"88.";"5.";"60.79";"163.56";"40.56"
"2015";"1";"27";"2";"15";"640";"336.";"0.8";"1.0";"89.";"3.";"0.00";"0.00";"0.00"
"2015";"1";"27";"2";"16";"641";"149.";"0.6";"-0.1";"92.";"5.";"0.00";"0.00";"0.00"
"2015";"1";"27";"2";"17";"642";"154.";"1.2";"-0.6";"94.";"6.";"0.00";"0.00";"0.00"
"2015";"1";"27";"2";"18";"643";"181.";"1.1";"-1.2";"95.";"7.";"0.00";"0.00";"0.00"
"2015";"1";"27";"2";"19";"644";"190.";"2.1";"-1.5";"95.";"7.";"0.00";"0.00";"0.00"
"2015";"1";"27";"2";"20";"645";"190.";"3.2";"-1.5";"94.";"8.";"0.00";"0.00";"0.00"
"2015";"1";"27";"2";"21";"646";"185.";"3.5";"-0.1";"94.";"8.";"0.00";"0.00";"0.00"
"2015";"1";"27";"2";"22";"647";"186.";"3.7";"0.6";"95.";"8.";"0.00";"0.00";"0.00"
"2015";"1";"27";"2";"23";"648";"200.";"4.5";"1.5";"95.";"8.";"0.00";"0.00";"0.00"
"2015";"1";"28";"3";"0";"649";"217.";"5.1";"2.8";"96.";"8.";"0.00";"0.00";"0.00"
"2015";"1";"28";"3";"1";"650";"221.";"5.3";"3.5";"97.";"8.";"0.00";"0.00";"0.00"
"2015";"1";"28";"3";"2";"651";"213.";"5.8";"3.7";"97.";"7.";"0.00";"0.00";"0.00"
"2015";"1";"28";"3";"3";"652";"215.";"6.0";"3.7";"96.";"8.";"0.00";"0.00";"0.00"
"2015";"1";"28";"3";"4";"653";"214.";"6.2";"3.7";"97.";"8.";"0.00";"0.00";"0.00"
"2015";"1";"28";"3";"5";"654";"204.";"6.5";"3.8";"95.";"8.";"0.00";"0.00";"0.00"
"2015";"1";"28";"3";"6";"655";"198.";"6.8";"3.8";"95.";"8.";"0.00";"0.00";"0.00"
"2015";"1";"28";"3";"7";"656";"196.";"7.3";"4.0";"95.";"8.";"0.00";"0.00";"0.00"
"2015";"1";"28";"3";"8";"657";"192.";"8.2";"4.1";"95.";"8.";"0.00";"0.00";"0.00"
"2015";"1";"28";"3";"9";"658";"194.";"8.8";"4.1";"94.";"8.";"14.11";"0.00";"14.11"
"2015";"1";"28";"3";"10";"659";"189.";"9.2";"4.3";"94.";"8.";"25.75";"0.00";"25.75"
"2015";"1";"28";"3";"11";"660";"183.";"9.2";"4.2";"92.";"8.";"35.67";"0.00";"35.67"
"2015";"1";"28";"3";"12";"661";"184.";"9.6";"4.2";"92.";"8.";"57.19";"0.00";"57.19"
"2015";"1";"28";"3";"13";"662";"185.";"10.6";"4.1";"92.";"8.";"46.18";"0.00";"46.18"
"2015";"1";"28";"3";"14";"663";"187.";"11.0";"4.1";"92.";"8.";"22.41";"0.00";"22.41"
"2015";"1";"28";"3";"15";"664";"180.";"11.7";"4.0";"90.";"8.";"0.00";"0.00";"0.00"
"2015";"1";"28";"3";"16";"665";"178.";"12.1";"3.7";"91.";"8.";"0.00";"0.00";"0.00"
"2015";"1";"28";"3";"17";"666";"179.";"12.7";"3.6";"92.";"8.";"0.00";"0.00";"0.00"
"2015";"1";"28";"3";"18";"667";"178.";"13.1";"3.4";"93.";"8.";"0.00";"0.00";"0.00"
"2015";"1";"28";"3";"19";"668";"179.";"12.6";"3.1";"94.";"8.";"0.00";"0.00";"0.00"
"2015";"1";"28";"3";"20";"669";"178.";"13.0";"2.6";"93.";"8.";"0.00";"0.00";"0.00"
"2015";"1";"28";"3";"21";"670";"176.";"10.9";"2.2";"94.";"8.";"0.00";"0.00";"0.00"
"2015";"1";"28";"3";"22";"671";"188.";"7.3";"2.2";"94.";"8.";"0.00";"0.00";"0.00"
"2015";"1";"28";"3";"23";"672";"213.";"7.0";"3.5";"92.";"8.";"0.00";"0.00";"0.00"
"2015";"1";"29";"4";"0";"673";"221.";"7.7";"3.5";"91.";"8.";"0.00";"0.00";"0.00"
"2015";"1";"29";"4";"1";"674";"226.";"6.8";"2.8";"92.";"8.";"0.00";"0.00";"0.00"
"2015";"1";"29";"4";"2";"675";"230.";"5.9";"2.1";"91.";"8.";"0.00";"0.00";"0.00"
"2015";"1";"29";"4";"3";"676";"219.";"8.3";"2.1";"90.";"8.";"0.00";"0.00";"0.00"
"2015";"1";"29";"4";"4";"677";"221.";"8.9";"2.3";"89.";"8.";"0.00";"0.00";"0.00"
"2015";"1";"29";"4";"5";"678";"222.";"9.6";"2.7";"88.";"8.";"0.00";"0.00";"0.00"
"2015";"1";"29";"4";"6";"679";"222.";"9.8";"2.1";"89.";"8.";"0.00";"0.00";"0.00"
"2015";"1";"29";"4";"7";"680";"221.";"9.5";"1.7";"91.";"8.";"0.00";"0.00";"0.00"
"2015";"1";"29";"4";"8";"681";"219.";"9.9";"1.9";"91.";"8.";"0.00";"0.00";"0.00"
"2015";"1";"29";"4";"9";"682";"214.";"9.4";"1.5";"92.";"8.";"15.26";"0.00";"15.26"
"2015";"1";"29";"4";"10";"683";"214.";"10.1";"2.1";"89.";"7.";"48.50";"33.71";"41.84"
"2015";"1";"29";"4";"11";"684";"209.";"9.8";"2.7";"84.";"7.";"96.12";"66.03";"80.82"
"2015";"1";"29";"4";"12";"685";"208.";"9.1";"3.0";"80.";"6.";"116.02";"137.20";"84.22"
"2015";"1";"29";"4";"13";"686";"206.";"7.9";"3.0";"79.";"6.";"95.58";"132.99";"69.29"
"2015";"1";"29";"4";"14";"687";"205.";"6.6";"2.4";"81.";"5.";"63.01";"170.92";"40.53"
"2015";"1";"29";"4";"15";"688";"200.";"6.4";"2.1";"80.";"6.";"1.29";"6.45";"1.04"
"2015";"1";"29";"4";"16";"689";"197.";"5.9";"1.9";"78.";"6.";"0.00";"0.00";"0.00"
"2015";"1";"29";"4";"17";"690";"194.";"5.0";"1.8";"78.";"7.";"0.00";"0.00";"0.00"
"2015";"1";"29";"4";"18";"691";"186.";"4.6";"1.1";"82.";"7.";"0.00";"0.00";"0.00"
"2015";"1";"29";"4";"19";"692";"184.";"4.1";"1.1";"83.";"6.";"0.00";"0.00";"0.00"
"2015";"1";"29";"4";"20";"693";"184.";"3.4";"0.5";"89.";"6.";"0.00";"0.00";"0.00"
"2015";"1";"29";"4";"21";"694";"179.";"4.6";"0.3";"91.";"7.";"0.00";"0.00";"0.00"
"2015";"1";"29";"4";"22";"695";"192.";"5.4";"0.2";"92.";"6.";"0.00";"0.00";"0.00"
"2015";"1";"29";"4";"23";"696";"190.";"5.9";"0.6";"91.";"7.";"0.00";"0.00";"0.00"
"2015";"1";"30";"5";"0";"697";"193.";"6.2";"0.6";"91.";"8.";"0.00";"0.00";"0.00"
"2015";"1";"30";"5";"1";"698";"189.";"6.5";"0.8";"91.";"8.";"0.00";"0.00";"0.00"
"2015";"1";"30";"5";"2";"699";"177.";"6.2";"0.6";"92.";"7.";"0.00";"0.00";"0.00"
"2015";"1";"30";"5";"3";"700";"175.";"4.9";"0.6";"95.";"8.";"0.00";"0.00";"0.00"
"2015";"1";"30";"5";"4";"701";"171.";"4.6";"0.5";"94.";"8.";"0.00";"0.00";"0.00"
"2015";"1";"30";"5";"5";"702";"186.";"3.9";"0.3";"93.";"7.";"0.00";"0.00";"0.00"
"2015";"1";"30";"5";"6";"703";"174.";"3.9";"0.1";"94.";"8.";"0.00";"0.00";"0.00"
"2015";"1";"30";"5";"7";"704";"167.";"3.8";"0.1";"93.";"7.";"0.00";"0.00";"0.00"
"2015";"1";"30";"5";"8";"705";"179.";"3.2";"0.3";"94.";"8.";"1.07";"0.00";"1.07"
"2015";"1";"30";"5";"9";"706";"154.";"4.1";"0.5";"96.";"8.";"26.70";"0.00";"26.70"
"2015";"1";"30";"5";"10";"707";"140.";"4.2";"0.4";"95.";"8.";"45.17";"0.00";"45.17"
"2015";"1";"30";"5";"11";"708";"136.";"4.0";"0.9";"94.";"7.";"76.62";"39.57";"67.28"
"2015";"1";"30";"5";"12";"709";"135.";"3.0";"1.2";"92.";"7.";"119.94";"65.71";"104.43"
"2015";"1";"30";"5";"13";"710";"123.";"2.9";"1.4";"92.";"6.";"106.81";"128.48";"80.89"
"2015";"1";"30";"5";"14";"711";"108.";"2.7";"1.4";"90.";"5.";"70.44";"163.79";"48.24"
"2015";"1";"30";"5";"15";"712";"93.";"2.4";"0.6";"93.";"4.";"3.61";"22.08";"2.68"
"2015";"1";"30";"5";"16";"713";"84.";"2.8";"0.3";"92.";"6.";"0.00";"0.00";"0.00"
"2015";"1";"30";"5";"17";"714";"75.";"2.3";"0.5";"94.";"6.";"0.00";"0.00";"0.00"
"2015";"1";"30";"5";"18";"715";"36.";"1.8";"-0.4";"94.";"7.";"0.00";"0.00";"0.00"
"2015";"1";"30";"5";"19";"716";"20.";"2.0";"-0.4";"94.";"7.";"0.00";"0.00";"0.00"
"2015";"1";"30";"5";"20";"717";"17.";"2.4";"-1.4";"94.";"3.";"0.00";"0.00";"0.00"
"2015";"1";"30";"5";"21";"718";"26.";"3.0";"-1.3";"94.";"6.";"0.00";"0.00";"0.00"
"2015";"1";"30";"5";"22";"719";"24.";"3.2";"-0.3";"94.";"7.";"0.00";"0.00";"0.00"
"2015";"1";"30";"5";"23";"720";"23.";"3.3";"-0.2";"93.";"8.";"0.00";"0.00";"0.00"
"2015";"1";"31";"6";"0";"721";"22.";"3.5";"-0.3";"93.";"8.";"0.00";"0.00";"0.00"
"2015";"1";"31";"6";"1";"722";"10.";"3.6";"-0.2";"93.";"8.";"0.00";"0.00";"0.00"
"2015";"1";"31";"6";"2";"723";"358.";"3.3";"-0.2";"93.";"8.";"0.00";"0.00";"0.00"
"2015";"1";"31";"6";"3";"724";"2.";"3.5";"-0.1";"93.";"8.";"0.00";"0.00";"0.00"
"2015";"1";"31";"6";"4";"725";"5.";"3.6";"-0.1";"93.";"8.";"0.00";"0.00";"0.00"
"2015";"1";"31";"6";"5";"726";"356.";"3.9";"-0.2";"92.";"8.";"0.00";"0.00";"0.00"
"2015";"1";"31";"6";"6";"727";"4.";"4.0";"-0.1";"91.";"8.";"0.00";"0.00";"0.00"
"2015";"1";"31";"6";"7";"728";"2.";"4.6";"0.1";"91.";"8.";"0.00";"0.00";"0.00"
"2015";"1";"31";"6";"8";"729";"358.";"4.5";"0.4";"92.";"8.";"3.37";"0.00";"3.37"
"2015";"1";"31";"6";"9";"730";"0.";"4.1";"0.4";"90.";"8.";"43.04";"0.00";"43.04"
"2015";"1";"31";"6";"10";"731";"351.";"4.6";"0.7";"91.";"8.";"74.05";"0.00";"74.05"
"2015";"1";"31";"6";"11";"732";"347.";"4.7";"0.7";"91.";"8.";"87.23";"0.00";"87.23"
"2015";"1";"31";"6";"12";"733";"352.";"4.3";"0.7";"91.";"7.";"116.26";"76.63";"97.85"
"2015";"1";"31";"6";"13";"734";"354.";"4.0";"1.0";"90.";"8.";"73.31";"0.00";"73.31"
"2015";"1";"31";"6";"14";"735";"351.";"4.3";"0.9";"89.";"7.";"56.76";"66.71";"47.44"
"2015";"1";"31";"6";"15";"736";"347.";"4.5";"0.9";"90.";"7.";"4.34";"11.05";"3.83"
"2015";"1";"31";"6";"16";"737";"339.";"4.5";"0.7";"90.";"8.";"0.00";"0.00";"0.00"
"2015";"1";"31";"6";"17";"738";"338.";"4.5";"0.7";"91.";"8.";"0.00";"0.00";"0.00"
"2015";"1";"31";"6";"18";"739";"336.";"4.5";"0.7";"90.";"8.";"0.00";"0.00";"0.00"
"2015";"1";"31";"6";"19";"740";"332.";"4.6";"0.6";"91.";"8.";"0.00";"0.00";"0.00"
"2015";"1";"31";"6";"20";"741";"335.";"4.4";"0.5";"92.";"8.";"0.00";"0.00";"0.00"
"2015";"1";"31";"6";"21";"742";"334.";"4.9";"0.4";"91.";"8.";"0.00";"0.00";"0.00"
"2015";"1";"31";"6";"22";"743";"334.";"4.7";"0.2";"92.";"8.";"0.00";"0.00";"0.00"
"2015";"1";"31";"6";"23";"744";"330.";"4.6";"0.1";"92.";"8.";"0.00";"0.00";"0.00"
"2015";"2";"1";"7";"0";"745";"332.";"4.5";"0.0";"93.";"8.";"0.00";"0.00";"0.00"
"2015";"2";"1";"7";"1";"746";"327.";"4.8";"-0.1";"93.";"8.";"0.00";"0.00";"0.00"
"2015";"2";"1";"7";"2";"747";"326.";"5.0";"-0.2";"92.";"8.";"0.00";"0.00";"0.00"
"2015";"2";"1";"7";"3";"748";"333.";"4.6";"-0.5";"93.";"7.";"0.00";"0.00";"0.00"
"2015";"2";"1";"7";"4";"749";"328.";"4.5";"-0.8";"94.";"8.";"0.00";"0.00";"0.00"
"2015";"2";"1";"7";"5";"750";"329.";"4.5";"-0.9";"93.";"7.";"0.00";"0.00";"0.00"
"2015";"2";"1";"7";"6";"751";"329.";"4.5";"-1.0";"93.";"8.";"0.00";"0.00";"0.00"
"2015";"2";"1";"7";"7";"752";"330.";"4.5";"-1.0";"93.";"8.";"0.00";"0.00";"0.00"
"2015";"2";"1";"7";"8";"753";"332.";"4.5";"-1.0";"93.";"8.";"6.30";"0.00";"6.30"
"2015";"2";"1";"7";"9";"754";"336.";"4.6";"-0.9";"91.";"7.";"58.77";"38.76";"53.20"
"2015";"2";"1";"7";"10";"755";"336.";"4.0";"-0.5";"90.";"7.";"91.84";"51.94";"80.92"
"2015";"2";"1";"7";"11";"756";"335.";"4.0";"-0.2";"89.";"8.";"87.12";"0.00";"87.12"
"2015";"2";"1";"7";"12";"757";"336.";"3.7";"-0.4";"89.";"8.";"84.16";"0.00";"84.16"
"2015";"2";"1";"7";"13";"758";"341.";"3.7";"-0.3";"89.";"7.";"93.08";"55.66";"81.38"
"2015";"2";"1";"7";"14";"759";"346.";"3.3";"-0.3";"88.";"7.";"60.30";"68.73";"50.41"
"2015";"2";"1";"7";"15";"760";"348.";"3.0";"-0.5";"89.";"8.";"6.14";"0.00";"6.14"
"2015";"2";"1";"7";"16";"761";"348.";"2.8";"-0.8";"90.";"8.";"0.00";"0.00";"0.00"
"2015";"2";"1";"7";"17";"762";"349.";"3.0";"-1.1";"89.";"8.";"0.00";"0.00";"0.00"
"2015";"2";"1";"7";"18";"763";"352.";"3.1";"-1.2";"88.";"8.";"0.00";"0.00";"0.00"
"2015";"2";"1";"7";"19";"764";"360.";"3.0";"-1.5";"87.";"8.";"0.00";"0.00";"0.00"
"2015";"2";"1";"7";"20";"765";"360.";"3.3";"-1.7";"87.";"8.";"0.00";"0.00";"0.00"
"2015";"2";"1";"7";"21";"766";"357.";"3.4";"-2.0";"87.";"8.";"0.00";"0.00";"0.00"
"2015";"2";"1";"7";"22";"767";"356.";"3.3";"-2.1";"87.";"8.";"0.00";"0.00";"0.00"
"2015";"2";"1";"7";"23";"768";"354.";"3.4";"-2.3";"86.";"8.";"0.00";"0.00";"0.00"
"2015";"2";"2";"1";"0";"769";"359.";"3.4";"-2.6";"87.";"8.";"0.00";"0.00";"0.00"
"2015";"2";"2";"1";"1";"770";"7.";"3.1";"-2.9";"87.";"8.";"0.00";"0.00";"0.00"
"2015";"2";"2";"1";"2";"771";"358.";"3.3";"-3.4";"89.";"8.";"0.00";"0.00";"0.00"
"2015";"2";"2";"1";"3";"772";"3.";"3.4";"-3.8";"89.";"7.";"0.00";"0.00";"0.00"
"2015";"2";"2";"1";"4";"773";"7.";"3.3";"-3.9";"90.";"7.";"0.00";"0.00";"0.00"
"2015";"2";"2";"1";"5";"774";"2.";"3.2";"-4.1";"91.";"8.";"0.00";"0.00";"0.00"
"2015";"2";"2";"1";"6";"775";"4.";"3.1";"-4.3";"90.";"8.";"0.00";"0.00";"0.00"
"2015";"2";"2";"1";"7";"776";"359.";"3.2";"-4.4";"90.";"8.";"0.00";"0.00";"0.00"
"2015";"2";"2";"1";"8";"777";"351.";"3.4";"-4.3";"90.";"7.";"10.58";"12.49";"9.90"
"2015";"2";"2";"1";"9";"778";"355.";"3.9";"-4.2";"89.";"8.";"44.36";"0.00";"44.36"
"2015";"2";"2";"1";"10";"779";"358.";"3.9";"-4.1";"87.";"8.";"73.07";"0.00";"73.07"
"2015";"2";"2";"1";"11";"780";"4.";"3.8";"-3.7";"85.";"8.";"95.92";"0.00";"95.92"
"2015";"2";"2";"1";"12";"781";"10.";"3.4";"-3.7";"81.";"8.";"95.49";"0.00";"95.49"
"2015";"2";"2";"1";"13";"782";"6.";"3.3";"-3.4";"80.";"7.";"102.45";"70.75";"87.27"
"2015";"2";"2";"1";"14";"783";"1.";"3.1";"-3.3";"79.";"8.";"50.52";"0.00";"50.52"
"2015";"2";"2";"1";"15";"784";"6.";"3.1";"-3.6";"83.";"8.";"8.44";"0.00";"8.44"
"2015";"2";"2";"1";"16";"785";"357.";"3.0";"-4.0";"87.";"8.";"0.00";"0.00";"0.00"
"2015";"2";"2";"1";"17";"786";"0.";"2.9";"-4.3";"89.";"8.";"0.00";"0.00";"0.00"
"2015";"2";"2";"1";"18";"787";"356.";"2.8";"-4.4";"90.";"7.";"0.00";"0.00";"0.00"
"2015";"2";"2";"1";"19";"788";"1.";"2.9";"-4.4";"90.";"8.";"0.00";"0.00";"0.00"
"2015";"2";"2";"1";"20";"789";"360.";"3.1";"-4.6";"90.";"8.";"0.00";"0.00";"0.00"
"2015";"2";"2";"1";"21";"790";"359.";"3.3";"-4.7";"90.";"8.";"0.00";"0.00";"0.00"
"2015";"2";"2";"1";"22";"791";"0.";"3.5";"-4.8";"90.";"7.";"0.00";"0.00";"0.00"
"2015";"2";"2";"1";"23";"792";"358.";"3.5";"-5.2";"89.";"8.";"0.00";"0.00";"0.00"
"2015";"2";"3";"2";"0";"793";"359.";"3.7";"-5.3";"89.";"8.";"0.00";"0.00";"0.00"
"2015";"2";"3";"2";"1";"794";"358.";"3.8";"-5.3";"89.";"8.";"0.00";"0.00";"0.00"
"2015";"2";"3";"2";"2";"795";"2.";"3.8";"-5.3";"88.";"8.";"0.00";"0.00";"0.00"
"2015";"2";"3";"2";"3";"796";"3.";"3.6";"-5.4";"87.";"8.";"0.00";"0.00";"0.00"
"2015";"2";"3";"2";"4";"797";"360.";"3.7";"-5.2";"87.";"8.";"0.00";"0.00";"0.00"
"2015";"2";"3";"2";"5";"798";"360.";"3.5";"-5.0";"88.";"8.";"0.00";"0.00";"0.00"
"2015";"2";"3";"2";"6";"799";"4.";"3.7";"-5.0";"88.";"8.";"0.00";"0.00";"0.00"
"2015";"2";"3";"2";"7";"800";"13.";"3.9";"-4.6";"88.";"8.";"0.00";"0.00";"0.00"
"2015";"2";"3";"2";"8";"801";"14.";"4.0";"-4.5";"88.";"8.";"10.94";"0.00";"10.94"
"2015";"2";"3";"2";"9";"802";"12.";"4.4";"-4.1";"87.";"8.";"50.30";"0.00";"50.30"
"2015";"2";"3";"2";"10";"803";"14.";"4.3";"-3.7";"87.";"8.";"77.64";"0.00";"77.64"
"2015";"2";"3";"2";"11";"804";"12.";"4.5";"-3.2";"85.";"8.";"100.39";"0.00";"100.39"
"2015";"2";"3";"2";"12";"805";"18.";"4.7";"-3.0";"85.";"8.";"102.42";"0.00";"102.42"
"2015";"2";"3";"2";"13";"806";"17.";"4.7";"-2.9";"83.";"7.";"108.91";"86.62";"89.93"
"2015";"2";"3";"2";"14";"807";"19.";"4.7";"-3.1";"84.";"8.";"52.94";"0.00";"52.94"
"2015";"2";"3";"2";"15";"808";"21.";"4.6";"-3.2";"84.";"8.";"11.28";"0.00";"11.28"
"2015";"2";"3";"2";"16";"809";"10.";"4.7";"-3.5";"86.";"8.";"0.00";"0.00";"0.00"
"2015";"2";"3";"2";"17";"810";"8.";"4.6";"-3.7";"87.";"8.";"0.00";"0.00";"0.00"
"2015";"2";"3";"2";"18";"811";"7.";"4.4";"-3.8";"86.";"8.";"0.00";"0.00";"0.00"
"2015";"2";"3";"2";"19";"812";"11.";"3.9";"-4.1";"85.";"8.";"0.00";"0.00";"0.00"
"2015";"2";"3";"2";"20";"813";"7.";"3.6";"-4.1";"86.";"8.";"0.00";"0.00";"0.00"
"2015";"2";"3";"2";"21";"814";"9.";"4.2";"-4.1";"85.";"8.";"0.00";"0.00";"0.00"
"2015";"2";"3";"2";"22";"815";"15.";"3.7";"-4.2";"86.";"8.";"0.00";"0.00";"0.00"
"2015";"2";"3";"2";"23";"816";"16.";"3.7";"-4.2";"86.";"8.";"0.00";"0.00";"0.00"
"2015";"2";"4";"3";"0";"817";"11.";"3.5";"-4.1";"87.";"8.";"0.00";"0.00";"0.00"
"2015";"2";"4";"3";"1";"818";"13.";"3.3";"-4.2";"87.";"8.";"0.00";"0.00";"0.00"
"2015";"2";"4";"3";"2";"819";"11.";"3.2";"-4.1";"87.";"8.";"0.00";"0.00";"0.00"
"2015";"2";"4";"3";"3";"820";"13.";"4.1";"-4.1";"86.";"8.";"0.00";"0.00";"0.00"
"2015";"2";"4";"3";"4";"821";"12.";"4.0";"-4.2";"85.";"8.";"0.00";"0.00";"0.00"
"2015";"2";"4";"3";"5";"822";"13.";"3.8";"-4.2";"86.";"8.";"0.00";"0.00";"0.00"
"2015";"2";"4";"3";"6";"823";"19.";"3.6";"-4.0";"87.";"8.";"0.00";"0.00";"0.00"
"2015";"2";"4";"3";"7";"824";"29.";"3.7";"-4.0";"86.";"8.";"0.00";"0.00";"0.00"
"2015";"2";"4";"3";"8";"825";"30.";"4.0";"-3.8";"87.";"8.";"13.01";"0.00";"13.01"
"2015";"2";"4";"3";"9";"826";"30.";"4.7";"-3.4";"85.";"8.";"55.32";"0.00";"55.32"
"2015";"2";"4";"3";"10";"827";"30.";"4.3";"-2.9";"86.";"8.";"86.26";"0.00";"86.26"
"2015";"2";"4";"3";"11";"828";"30.";"3.9";"-2.4";"85.";"7.";"132.19";"87.33";"109.64"
"2015";"2";"4";"3";"12";"829";"41.";"4.3";"-2.2";"83.";"8.";"105.04";"0.00";"105.04"
"2015";"2";"4";"3";"13";"830";"36.";"4.2";"-2.0";"82.";"7.";"112.18";"90.44";"91.95"
"2015";"2";"4";"3";"14";"831";"36.";"4.3";"-2.3";"82.";"7.";"70.37";"74.88";"58.61"
"2015";"2";"4";"3";"15";"832";"27.";"4.2";"-2.6";"83.";"7.";"16.29";"34.57";"14.12"
"2015";"2";"4";"3";"16";"833";"32.";"4.4";"-2.7";"84.";"8.";"0.00";"0.00";"0.00"
"2015";"2";"4";"3";"17";"834";"30.";"4.5";"-2.8";"86.";"8.";"0.00";"0.00";"0.00"
"2015";"2";"4";"3";"18";"835";"22.";"4.5";"-3.0";"87.";"8.";"0.00";"0.00";"0.00"
"2015";"2";"4";"3";"19";"836";"24.";"4.7";"-2.9";"86.";"8.";"0.00";"0.00";"0.00"
"2015";"2";"4";"3";"20";"837";"28.";"4.5";"-2.8";"88.";"8.";"0.00";"0.00";"0.00"
"2015";"2";"4";"3";"21";"838";"31.";"3.6";"-2.7";"87.";"8.";"0.00";"0.00";"0.00"
"2015";"2";"4";"3";"22";"839";"27.";"3.8";"-2.7";"87.";"8.";"0.00";"0.00";"0.00"
"2015";"2";"4";"3";"23";"840";"38.";"4.0";"-2.7";"88.";"8.";"0.00";"0.00";"0.00"
"2015";"2";"5";"4";"0";"841";"40.";"4.0";"-2.8";"87.";"7.";"0.00";"0.00";"0.00"
"2015";"2";"5";"4";"1";"842";"33.";"4.1";"-3.2";"89.";"7.";"0.00";"0.00";"0.00"
"2015";"2";"5";"4";"2";"843";"42.";"4.4";"-3.2";"88.";"7.";"0.00";"0.00";"0.00"
"2015";"2";"5";"4";"3";"844";"49.";"4.0";"-3.1";"89.";"7.";"0.00";"0.00";"0.00"
"2015";"2";"5";"4";"4";"845";"44.";"4.0";"-3.1";"89.";"7.";"0.00";"0.00";"0.00"
"2015";"2";"5";"4";"5";"846";"49.";"4.0";"-3.1";"89.";"8.";"0.00";"0.00";"0.00"
"2015";"2";"5";"4";"6";"847";"51.";"4.0";"-3.4";"91.";"7.";"0.00";"0.00";"0.00"
"2015";"2";"5";"4";"7";"848";"47.";"3.5";"-3.5";"90.";"8.";"0.00";"0.00";"0.00"
"2015";"2";"5";"4";"8";"849";"52.";"3.5";"-3.6";"90.";"8.";"13.49";"0.00";"13.49"
"2015";"2";"5";"4";"9";"850";"53.";"2.0";"-3.9";"91.";"7.";"68.45";"54.39";"59.66"
"2015";"2";"5";"4";"10";"851";"58.";"1.9";"-3.5";"91.";"8.";"85.20";"0.00";"85.20"
"2015";"2";"5";"4";"11";"852";"42.";"1.4";"-3.5";"91.";"8.";"101.68";"0.00";"101.68"
"2015";"2";"5";"4";"12";"853";"337.";"1.2";"-3.3";"93.";"8.";"100.03";"0.00";"100.03"
"2015";"2";"5";"4";"13";"854";"24.";"0.4";"-3.1";"93.";"8.";"84.09";"0.00";"84.09"
"2015";"2";"5";"4";"14";"855";"93.";"0.5";"-3.2";"92.";"8.";"53.48";"0.00";"53.48"
"2015";"2";"5";"4";"15";"856";"309.";"1.8";"-3.3";"92.";"8.";"13.06";"0.00";"13.06"
"2015";"2";"5";"4";"16";"857";"296.";"1.5";"-3.3";"91.";"8.";"0.00";"0.00";"0.00"
"2015";"2";"5";"4";"17";"858";"279.";"1.4";"-3.4";"90.";"8.";"0.00";"0.00";"0.00"
"2015";"2";"5";"4";"18";"859";"266.";"1.0";"-3.3";"90.";"8.";"0.00";"0.00";"0.00"
"2015";"2";"5";"4";"19";"860";"265.";"1.7";"-3.2";"90.";"8.";"0.00";"0.00";"0.00"
"2015";"2";"5";"4";"20";"861";"249.";"1.9";"-3.1";"90.";"8.";"0.00";"0.00";"0.00"
"2015";"2";"5";"4";"21";"862";"232.";"2.2";"-2.9";"90.";"8.";"0.00";"0.00";"0.00"
"2015";"2";"5";"4";"22";"863";"234.";"2.9";"-2.6";"89.";"8.";"0.00";"0.00";"0.00"
"2015";"2";"5";"4";"23";"864";"223.";"3.5";"-2.4";"89.";"8.";"0.00";"0.00";"0.00"
"2015";"2";"6";"5";"0";"865";"217.";"4.0";"-1.8";"89.";"8.";"0.00";"0.00";"0.00"
"2015";"2";"6";"5";"1";"866";"220.";"4.3";"-1.5";"90.";"8.";"0.00";"0.00";"0.00"
"2015";"2";"6";"5";"2";"867";"217.";"4.6";"-0.8";"89.";"8.";"0.00";"0.00";"0.00"
"2015";"2";"6";"5";"3";"868";"221.";"4.4";"-0.4";"89.";"8.";"0.00";"0.00";"0.00"
"2015";"2";"6";"5";"4";"869";"225.";"4.3";"0.0";"91.";"8.";"0.00";"0.00";"0.00"
"2015";"2";"6";"5";"5";"870";"219.";"3.2";"0.2";"91.";"8.";"0.00";"0.00";"0.00"
"2015";"2";"6";"5";"6";"871";"228.";"2.6";"0.6";"91.";"8.";"0.00";"0.00";"0.00"
"2015";"2";"6";"5";"7";"872";"223.";"2.1";"0.6";"92.";"8.";"0.00";"0.00";"0.00"
"2015";"2";"6";"5";"8";"873";"223.";"1.8";"0.8";"93.";"8.";"13.18";"0.00";"13.18"
"2015";"2";"6";"5";"9";"874";"207.";"1.0";"1.1";"93.";"8.";"56.78";"0.00";"56.78"
"2015";"2";"6";"5";"10";"875";"220.";"0.8";"1.7";"92.";"7.";"120.81";"54.64";"108.08"
"2015";"2";"6";"5";"11";"876";"239.";"1.3";"2.2";"92.";"7.";"133.53";"57.81";"118.06"
"2015";"2";"6";"5";"12";"877";"240.";"1.7";"2.6";"94.";"8.";"107.71";"0.00";"107.71"
"2015";"2";"6";"5";"13";"878";"243.";"1.7";"3.0";"95.";"8.";"87.83";"0.00";"87.83"
"2015";"2";"6";"5";"14";"879";"232.";"1.4";"3.1";"95.";"7.";"66.12";"36.28";"60.10"
"2015";"2";"6";"5";"15";"880";"227.";"2.1";"2.9";"93.";"5.";"17.46";"44.16";"14.30"
"2015";"2";"6";"5";"16";"881";"219.";"1.6";"2.1";"94.";"6.";"0.00";"0.00";"0.00"
"2015";"2";"6";"5";"17";"882";"196.";"1.8";"1.6";"95.";"8.";"0.00";"0.00";"0.00"
"2015";"2";"6";"5";"18";"883";"211.";"1.9";"1.3";"96.";"8.";"0.00";"0.00";"0.00"
"2015";"2";"6";"5";"19";"884";"214.";"2.2";"1.2";"96.";"8.";"0.00";"0.00";"0.00"
"2015";"2";"6";"5";"20";"885";"195.";"2.2";"0.9";"96.";"8.";"0.00";"0.00";"0.00"
"2015";"2";"6";"5";"21";"886";"197.";"3.1";"1.1";"96.";"8.";"0.00";"0.00";"0.00"
"2015";"2";"6";"5";"22";"887";"204.";"3.6";"1.0";"96.";"8.";"0.00";"0.00";"0.00"
"2015";"2";"6";"5";"23";"888";"204.";"3.5";"1.3";"96.";"8.";"0.00";"0.00";"0.00"
"2015";"2";"7";"6";"0";"889";"198.";"3.7";"1.5";"97.";"8.";"0.00";"0.00";"0.00"
"2015";"2";"7";"6";"1";"890";"198.";"3.9";"1.8";"97.";"8.";"0.00";"0.00";"0.00"
"2015";"2";"7";"6";"2";"891";"198.";"4.0";"1.9";"98.";"8.";"0.00";"0.00";"0.00"
"2015";"2";"7";"6";"3";"892";"205.";"3.3";"1.9";"97.";"8.";"0.00";"0.00";"0.00"
"2015";"2";"7";"6";"4";"893";"215.";"2.1";"1.7";"97.";"8.";"0.00";"0.00";"0.00"
"2015";"2";"7";"6";"5";"894";"217.";"0.9";"1.7";"96.";"7.";"0.00";"0.00";"0.00"
"2015";"2";"7";"6";"6";"895";"291.";"1.2";"1.4";"96.";"8.";"0.00";"0.00";"0.00"
"2015";"2";"7";"6";"7";"896";"290.";"2.3";"0.5";"95.";"7.";"0.00";"0.00";"0.00"
"2015";"2";"7";"6";"8";"897";"277.";"3.2";"0.4";"96.";"8.";"21.98";"0.00";"21.98"
"2015";"2";"7";"6";"9";"898";"267.";"5.6";"2.9";"93.";"8.";"95.36";"0.00";"95.36"
"2015";"2";"7";"6";"10";"899";"271.";"7.5";"4.0";"90.";"8.";"152.17";"0.00";"152.17"
"2015";"2";"7";"6";"11";"900";"279.";"9.6";"4.6";"88.";"6.";"182.09";"140.79";"143.72"
"2015";"2";"7";"6";"12";"901";"278.";"9.5";"5.8";"85.";"7.";"177.48";"65.63";"159.60"
"2015";"2";"7";"6";"13";"902";"287.";"8.5";"5.4";"81.";"7.";"153.82";"58.28";"139.96"
"2015";"2";"7";"6";"14";"903";"289.";"7.8";"5.2";"74.";"6.";"108.18";"114.68";"88.59"
"2015";"2";"7";"6";"15";"904";"292.";"7.2";"5.1";"73.";"4.";"27.23";"103.24";"19.38"
"2015";"2";"7";"6";"16";"905";"291.";"6.5";"4.5";"70.";"2.";"0.00";"0.00";"0.00"
"2015";"2";"7";"6";"17";"906";"291.";"7.6";"3.7";"73.";"2.";"0.00";"0.00";"0.00"
"2015";"2";"7";"6";"18";"907";"297.";"9.1";"3.9";"59.";"3.";"0.00";"0.00";"0.00"
"2015";"2";"7";"6";"19";"908";"320.";"11.0";"3.4";"56.";"2.";"0.00";"0.00";"0.00"
"2015";"2";"7";"6";"20";"909";"335.";"10.8";"2.8";"53.";"0.";"0.00";"0.00";"0.00"
"2015";"2";"7";"6";"21";"910";"338.";"9.9";"2.2";"54.";"0.";"0.00";"0.00";"0.00"
"2015";"2";"7";"6";"22";"911";"336.";"8.4";"1.6";"55.";"1.";"0.00";"0.00";"0.00"
"2015";"2";"7";"6";"23";"912";"341.";"8.5";"1.1";"55.";"0.";"0.00";"0.00";"0.00"
"2015";"2";"8";"7";"0";"913";"339.";"9.3";"1.0";"54.";"0.";"0.00";"0.00";"0.00"
"2015";"2";"8";"7";"1";"914";"336.";"9.3";"0.9";"48.";"0.";"0.00";"0.00";"0.00"
"2015";"2";"8";"7";"2";"915";"337.";"9.6";"0.6";"45.";"0.";"0.00";"0.00";"0.00"
"2015";"2";"8";"7";"3";"916";"335.";"8.5";"0.4";"45.";"0.";"0.00";"0.00";"0.00"
"2015";"2";"8";"7";"4";"917";"331.";"7.4";"0.2";"43.";"0.";"0.00";"0.00";"0.00"
"2015";"2";"8";"7";"5";"918";"330.";"6.6";"0.0";"45.";"0.";"0.00";"0.00";"0.00"
"2015";"2";"8";"7";"6";"919";"321.";"5.9";"0.0";"46.";"0.";"0.00";"0.00";"0.00"
"2015";"2";"8";"7";"7";"920";"325.";"6.8";"-0.3";"46.";"0.";"0.00";"0.00";"0.00"
"2015";"2";"8";"7";"8";"921";"329.";"6.9";"0.0";"48.";"0.";"55.53";"402.76";"23.05"
"2015";"2";"8";"7";"9";"922";"324.";"6.8";"0.9";"50.";"2.";"141.98";"466.40";"60.10"
"2015";"2";"8";"7";"10";"923";"317.";"7.7";"2.4";"52.";"3.";"211.39";"430.79";"106.85"
"2015";"2";"8";"7";"11";"924";"315.";"7.7";"3.4";"53.";"1.";"272.80";"637.52";"95.95"
"2015";"2";"8";"7";"12";"925";"308.";"7.5";"3.9";"58.";"5.";"212.71";"278.78";"135.38"
"2015";"2";"8";"7";"13";"926";"302.";"6.8";"4.2";"60.";"4.";"194.35";"318.75";"117.00"
"2015";"2";"8";"7";"14";"927";"303.";"5.1";"3.8";"67.";"8.";"93.85";"0.00";"93.85"
"2015";"2";"8";"7";"15";"928";"310.";"4.5";"3.1";"72.";"8.";"20.31";"0.00";"20.31"
"2015";"2";"8";"7";"16";"929";"302.";"4.0";"2.8";"79.";"8.";"0.00";"0.00";"0.00"
"2015";"2";"8";"7";"17";"930";"284.";"4.7";"2.7";"83.";"8.";"0.00";"0.00";"0.00"
"2015";"2";"8";"7";"18";"931";"278.";"5.0";"3.0";"87.";"8.";"0.00";"0.00";"0.00"
"2015";"2";"8";"7";"19";"932";"268.";"4.9";"3.1";"90.";"7.";"0.00";"0.00";"0.00"
"2015";"2";"8";"7";"20";"933";"273.";"5.0";"3.5";"93.";"7.";"0.00";"0.00";"0.00"
"2015";"2";"8";"7";"21";"934";"285.";"4.4";"3.8";"93.";"5.";"0.00";"0.00";"0.00"
"2015";"2";"8";"7";"22";"935";"291.";"4.9";"3.7";"92.";"3.";"0.00";"0.00";"0.00"
"2015";"2";"8";"7";"23";"936";"293.";"3.8";"3.7";"92.";"0.";"0.00";"0.00";"0.00"
"2015";"2";"9";"1";"0";"937";"297.";"4.5";"3.5";"91.";"3.";"0.00";"0.00";"0.00"
"2015";"2";"9";"1";"1";"938";"302.";"4.5";"3.4";"90.";"6.";"0.00";"0.00";"0.00"
"2015";"2";"9";"1";"2";"939";"301.";"4.2";"3.5";"91.";"4.";"0.00";"0.00";"0.00"
"2015";"2";"9";"1";"3";"940";"308.";"4.8";"3.5";"89.";"5.";"0.00";"0.00";"0.00"
"2015";"2";"9";"1";"4";"941";"305.";"4.9";"3.3";"90.";"5.";"0.00";"0.00";"0.00"
"2015";"2";"9";"1";"5";"942";"303.";"5.5";"3.6";"89.";"5.";"0.00";"0.00";"0.00"
"2015";"2";"9";"1";"6";"943";"305.";"4.0";"4.0";"87.";"4.";"0.00";"0.00";"0.00"
"2015";"2";"9";"1";"7";"944";"294.";"3.2";"3.4";"86.";"8.";"0.00";"0.00";"0.00"
"2015";"2";"9";"1";"8";"945";"288.";"3.2";"3.6";"85.";"8.";"18.90";"0.00";"18.90"
"2015";"2";"9";"1";"9";"946";"294.";"2.9";"5.3";"79.";"5.";"116.76";"187.56";"82.93"
"2015";"2";"9";"1";"10";"947";"317.";"1.8";"6.8";"72.";"4.";"195.75";"334.14";"113.02"
"2015";"2";"9";"1";"11";"948";"327.";"1.4";"8.4";"63.";"1.";"269.16";"618.85";"94.41"
"2015";"2";"9";"1";"12";"949";"296.";"1.2";"9.0";"60.";"1.";"268.67";"627.23";"91.55"
"2015";"2";"9";"1";"13";"950";"288.";"1.8";"8.7";"60.";"3.";"202.67";"458.14";"89.24"
"2015";"2";"9";"1";"14";"951";"273.";"1.8";"7.8";"63.";"3.";"118.08";"353.38";"54.34"
"2015";"2";"9";"1";"15";"952";"281.";"2.4";"6.7";"66.";"4.";"32.51";"148.83";"19.81"
"2015";"2";"9";"1";"16";"953";"280.";"1.5";"5.3";"76.";"2.";"0.00";"0.00";"0.00"
"2015";"2";"9";"1";"17";"954";"302.";"1.0";"3.9";"83.";"7.";"0.00";"0.00";"0.00"
"2015";"2";"9";"1";"18";"955";"250.";"1.7";"2.6";"87.";"7.";"0.00";"0.00";"0.00"
"2015";"2";"9";"1";"19";"956";"254.";"1.9";"1.8";"89.";"8.";"0.00";"0.00";"0.00"
"2015";"2";"9";"1";"20";"957";"248.";"1.5";"0.9";"91.";"8.";"0.00";"0.00";"0.00"
"2015";"2";"9";"1";"21";"958";"254.";"0.7";"0.4";"93.";"8.";"0.00";"0.00";"0.00"
"2015";"2";"9";"1";"22";"959";"275.";"1.1";"-0.3";"94.";"5.";"0.00";"0.00";"0.00"
"2015";"2";"9";"1";"23";"960";"274.";"1.7";"-1.0";"95.";"0.";"0.00";"0.00";"0.00"
"2015";"2";"10";"2";"0";"961";"276.";"2.2";"-1.0";"94.";"0.";"0.00";"0.00";"0.00"
"2015";"2";"10";"2";"1";"962";"284.";"2.5";"-1.3";"96.";"0.";"0.00";"0.00";"0.00"
"2015";"2";"10";"2";"2";"963";"295.";"2.7";"-0.9";"94.";"0.";"0.00";"0.00";"0.00"
"2015";"2";"10";"2";"3";"964";"304.";"2.5";"-1.0";"95.";"0.";"0.00";"0.00";"0.00"
"2015";"2";"10";"2";"4";"965";"298.";"1.3";"-1.6";"95.";"2.";"0.00";"0.00";"0.00"
"2015";"2";"10";"2";"5";"966";"287.";"2.3";"-1.5";"95.";"8.";"0.00";"0.00";"0.00"
"2015";"2";"10";"2";"6";"967";"297.";"2.6";"-0.9";"94.";"8.";"0.00";"0.00";"0.00"
"2015";"2";"10";"2";"7";"968";"299.";"2.2";"-1.1";"95.";"8.";"0.00";"0.00";"0.00"
"2015";"2";"10";"2";"8";"969";"299.";"2.5";"-0.9";"95.";"8.";"33.46";"0.00";"33.46"
"2015";"2";"10";"2";"9";"970";"321.";"2.2";"-0.2";"95.";"8.";"95.69";"0.00";"95.69"
"2015";"2";"10";"2";"10";"971";"312.";"2.5";"3.0";"92.";"8.";"136.18";"0.00";"136.18"
"2015";"2";"10";"2";"11";"972";"299.";"2.6";"5.2";"87.";"8.";"159.59";"0.00";"159.59"
"2015";"2";"10";"2";"12";"973";"286.";"2.7";"5.8";"81.";"8.";"170.65";"0.00";"170.65"
"2015";"2";"10";"2";"13";"974";"283.";"3.7";"6.4";"77.";"8.";"144.14";"0.00";"144.14"
"2015";"2";"10";"2";"14";"975";"274.";"4.2";"6.2";"78.";"8.";"93.79";"0.00";"93.79"
"2015";"2";"10";"2";"15";"976";"276.";"3.6";"6.0";"78.";"8.";"29.25";"0.00";"29.25"
"2015";"2";"10";"2";"16";"977";"270.";"3.4";"5.3";"81.";"8.";"0.00";"0.00";"0.00"
"2015";"2";"10";"2";"17";"978";"271.";"3.1";"4.1";"86.";"8.";"0.00";"0.00";"0.00"
"2015";"2";"10";"2";"18";"979";"273.";"2.9";"3.4";"87.";"8.";"0.00";"0.00";"0.00"
"2015";"2";"10";"2";"19";"980";"280.";"2.9";"3.2";"88.";"8.";"0.00";"0.00";"0.00"
"2015";"2";"10";"2";"20";"981";"267.";"2.7";"3.1";"88.";"8.";"0.00";"0.00";"0.00"
"2015";"2";"10";"2";"21";"982";"272.";"4.2";"2.4";"90.";"8.";"0.00";"0.00";"0.00"
"2015";"2";"10";"2";"22";"983";"276.";"3.8";"2.2";"92.";"8.";"0.00";"0.00";"0.00"
"2015";"2";"10";"2";"23";"984";"273.";"4.1";"2.2";"92.";"6.";"0.00";"0.00";"0.00"
"2015";"2";"11";"3";"0";"985";"272.";"3.5";"1.9";"93.";"1.";"0.00";"0.00";"0.00"
"2015";"2";"11";"3";"1";"986";"268.";"3.4";"1.4";"93.";"0.";"0.00";"0.00";"0.00"
"2015";"2";"11";"3";"2";"987";"261.";"2.6";"0.8";"94.";"0.";"0.00";"0.00";"0.00"
"2015";"2";"11";"3";"3";"988";"275.";"2.7";"-0.3";"95.";"0.";"0.00";"0.00";"0.00"
"2015";"2";"11";"3";"4";"989";"262.";"1.8";"-1.0";"95.";"0.";"0.00";"0.00";"0.00"
"2015";"2";"11";"3";"5";"990";"251.";"2.4";"-0.5";"96.";"4.";"0.00";"0.00";"0.00"
"2015";"2";"11";"3";"6";"991";"255.";"3.3";"0.4";"96.";"8.";"0.00";"0.00";"0.00"
"2015";"2";"11";"3";"7";"992";"255.";"3.4";"2.6";"96.";"8.";"0.00";"0.00";"0.00"
"2015";"2";"11";"3";"8";"993";"257.";"3.6";"3.4";"95.";"8.";"14.75";"0.00";"14.75"
"2015";"2";"11";"3";"9";"994";"248.";"4.6";"3.3";"95.";"8.";"47.33";"0.00";"47.33"
"2015";"2";"11";"3";"10";"995";"251.";"5.3";"3.2";"93.";"8.";"71.33";"0.00";"71.33"
"2015";"2";"11";"3";"11";"996";"245.";"4.8";"3.5";"91.";"8.";"87.41";"0.00";"87.41"
"2015";"2";"11";"3";"12";"997";"241.";"4.7";"3.6";"90.";"8.";"87.69";"0.00";"87.69"
"2015";"2";"11";"3";"13";"998";"229.";"4.6";"3.7";"88.";"8.";"74.53";"0.00";"74.53"
"2015";"2";"11";"3";"14";"999";"228.";"4.6";"3.6";"87.";"8.";"47.20";"0.00";"47.20"
"2015";"2";"11";"3";"15";"1000";"221.";"4.6";"3.3";"87.";"8.";"15.27";"0.00";"15.27"
"2015";"2";"11";"3";"16";"1001";"223.";"4.2";"3.2";"89.";"8.";"0.00";"0.00";"0.00"
"2015";"2";"11";"3";"17";"1002";"228.";"4.5";"3.1";"87.";"8.";"0.00";"0.00";"0.00"
"2015";"2";"11";"3";"18";"1003";"226.";"4.4";"3.0";"87.";"8.";"0.00";"0.00";"0.00"
"2015";"2";"11";"3";"19";"1004";"227.";"4.4";"2.8";"88.";"8.";"0.00";"0.00";"0.00"
"2015";"2";"11";"3";"20";"1005";"234.";"4.8";"2.9";"88.";"8.";"0.00";"0.00";"0.00"
"2015";"2";"11";"3";"21";"1006";"231.";"5.0";"2.8";"88.";"8.";"0.00";"0.00";"0.00"
"2015";"2";"11";"3";"22";"1007";"235.";"5.1";"2.9";"88.";"8.";"0.00";"0.00";"0.00"
"2015";"2";"11";"3";"23";"1008";"228.";"4.8";"2.9";"88.";"8.";"0.00";"0.00";"0.00"
"2015";"2";"12";"4";"0";"1009";"226.";"4.9";"2.9";"88.";"8.";"0.00";"0.00";"0.00"
"2015";"2";"12";"4";"1";"1010";"220.";"4.8";"3.2";"87.";"8.";"0.00";"0.00";"0.00"
"2015";"2";"12";"4";"2";"1011";"222.";"5.0";"3.2";"86.";"8.";"0.00";"0.00";"0.00"
"2015";"2";"12";"4";"3";"1012";"225.";"5.3";"3.3";"85.";"8.";"0.00";"0.00";"0.00"
"2015";"2";"12";"4";"4";"1013";"222.";"4.9";"3.0";"88.";"8.";"0.00";"0.00";"0.00"
"2015";"2";"12";"4";"5";"1014";"222.";"4.8";"2.8";"89.";"8.";"0.00";"0.00";"0.00"
"2015";"2";"12";"4";"6";"1015";"221.";"4.8";"2.5";"91.";"8.";"0.00";"0.00";"0.00"
"2015";"2";"12";"4";"7";"1016";"217.";"5.1";"2.5";"92.";"8.";"0.00";"0.00";"0.00"
"2015";"2";"12";"4";"8";"1017";"214.";"5.4";"2.6";"93.";"7.";"21.82";"25.48";"19.27"
"2015";"2";"12";"4";"9";"1018";"217.";"5.2";"2.6";"93.";"8.";"46.94";"0.00";"46.94"
"2015";"2";"12";"4";"10";"1019";"216.";"5.2";"2.7";"93.";"8.";"69.96";"0.00";"69.96"
"2015";"2";"12";"4";"11";"1020";"220.";"5.3";"2.8";"94.";"8.";"82.86";"0.00";"82.86"
"2015";"2";"12";"4";"12";"1021";"215.";"4.8";"2.8";"94.";"8.";"81.39";"0.00";"81.39"
"2015";"2";"12";"4";"13";"1022";"217.";"5.0";"2.9";"94.";"8.";"67.08";"0.00";"67.08"
"2015";"2";"12";"4";"14";"1023";"215.";"5.2";"2.7";"95.";"8.";"43.56";"0.00";"43.56"
"2015";"2";"12";"4";"15";"1024";"219.";"4.8";"2.7";"95.";"8.";"14.63";"0.00";"14.63"
"2015";"2";"12";"4";"16";"1025";"218.";"4.6";"2.8";"95.";"8.";"0.00";"0.00";"0.00"
"2015";"2";"12";"4";"17";"1026";"215.";"4.1";"2.8";"96.";"8.";"0.00";"0.00";"0.00"
"2015";"2";"12";"4";"18";"1027";"210.";"3.8";"2.7";"95.";"8.";"0.00";"0.00";"0.00"
"2015";"2";"12";"4";"19";"1028";"208.";"3.6";"2.7";"94.";"8.";"0.00";"0.00";"0.00"
"2015";"2";"12";"4";"20";"1029";"207.";"3.6";"2.7";"94.";"8.";"0.00";"0.00";"0.00"
"2015";"2";"12";"4";"21";"1030";"201.";"4.1";"2.7";"94.";"8.";"0.00";"0.00";"0.00"
"2015";"2";"12";"4";"22";"1031";"202.";"4.0";"2.6";"94.";"8.";"0.00";"0.00";"0.00"
"2015";"2";"12";"4";"23";"1032";"198.";"3.7";"2.5";"94.";"8.";"0.00";"0.00";"0.00"
"2015";"2";"13";"5";"0";"1033";"197.";"3.7";"2.4";"95.";"8.";"0.00";"0.00";"0.00"
"2015";"2";"13";"5";"1";"1034";"193.";"3.7";"2.3";"95.";"8.";"0.00";"0.00";"0.00"
"2015";"2";"13";"5";"2";"1035";"189.";"3.9";"2.0";"95.";"8.";"0.00";"0.00";"0.00"
"2015";"2";"13";"5";"3";"1036";"190.";"4.2";"1.7";"94.";"8.";"0.00";"0.00";"0.00"
"2015";"2";"13";"5";"4";"1037";"179.";"4.6";"1.2";"94.";"8.";"0.00";"0.00";"0.00"
"2015";"2";"13";"5";"5";"1038";"179.";"4.5";"0.9";"93.";"8.";"0.00";"0.00";"0.00"
"2015";"2";"13";"5";"6";"1039";"174.";"4.4";"0.7";"92.";"7.";"0.00";"0.00";"0.00"
"2015";"2";"13";"5";"7";"1040";"172.";"4.7";"0.6";"91.";"8.";"0.00";"0.00";"0.00"
"2015";"2";"13";"5";"8";"1041";"184.";"4.5";"0.6";"92.";"8.";"17.59";"0.00";"17.59"
"2015";"2";"13";"5";"9";"1042";"168.";"4.7";"0.6";"92.";"8.";"47.85";"0.00";"47.85"
"2015";"2";"13";"5";"10";"1043";"186.";"4.5";"0.6";"92.";"8.";"70.62";"0.00";"70.62"
"2015";"2";"13";"5";"11";"1044";"183.";"4.7";"0.7";"92.";"7.";"109.97";"43.53";"96.78"
"2015";"2";"13";"5";"12";"1045";"187.";"4.7";"0.8";"93.";"8.";"48.60";"0.00";"48.60"
"2015";"2";"13";"5";"13";"1046";"192.";"4.3";"0.7";"92.";"7.";"61.61";"28.28";"54.04"
"2015";"2";"13";"5";"14";"1047";"188.";"4.5";"1.0";"93.";"8.";"57.90";"0.00";"57.90"
"2015";"2";"13";"5";"15";"1048";"182.";"4.5";"1.0";"92.";"8.";"21.72";"0.00";"21.72"
"2015";"2";"13";"5";"16";"1049";"175.";"4.2";"0.9";"92.";"8.";"0.00";"0.00";"0.00"
"2015";"2";"13";"5";"17";"1050";"179.";"4.0";"0.8";"93.";"8.";"0.00";"0.00";"0.00"
"2015";"2";"13";"5";"18";"1051";"178.";"3.8";"0.8";"92.";"8.";"0.00";"0.00";"0.00"
"2015";"2";"13";"5";"19";"1052";"179.";"3.7";"0.6";"91.";"8.";"0.00";"0.00";"0.00"
"2015";"2";"13";"5";"20";"1053";"170.";"4.1";"0.7";"92.";"8.";"0.00";"0.00";"0.00"
"2015";"2";"13";"5";"21";"1054";"161.";"3.4";"0.7";"91.";"8.";"0.00";"0.00";"0.00"
"2015";"2";"13";"5";"22";"1055";"151.";"3.2";"0.5";"93.";"8.";"0.00";"0.00";"0.00"
"2015";"2";"13";"5";"23";"1056";"141.";"3.5";"0.3";"95.";"8.";"0.00";"0.00";"0.00"
"2015";"2";"14";"6";"0";"1057";"135.";"2.8";"-0.1";"94.";"8.";"0.00";"0.00";"0.00"
"2015";"2";"14";"6";"1";"1058";"132.";"2.2";"-0.4";"94.";"8.";"0.00";"0.00";"0.00"
"2015";"2";"14";"6";"2";"1059";"121.";"2.8";"-0.5";"94.";"8.";"0.00";"0.00";"0.00"
"2015";"2";"14";"6";"3";"1060";"137.";"2.2";"-0.3";"90.";"8.";"0.00";"0.00";"0.00"
"2015";"2";"14";"6";"4";"1061";"124.";"2.0";"-0.3";"91.";"8.";"0.00";"0.00";"0.00"
"2015";"2";"14";"6";"5";"1062";"112.";"2.2";"-0.8";"93.";"7.";"0.00";"0.00";"0.00"
"2015";"2";"14";"6";"6";"1063";"103.";"2.2";"-0.6";"92.";"8.";"0.00";"0.00";"0.00"
"2015";"2";"14";"6";"7";"1064";"98.";"1.9";"-0.6";"92.";"8.";"0.00";"0.00";"0.00"
"2015";"2";"14";"6";"8";"1065";"98.";"2.1";"-0.5";"92.";"8.";"22.38";"0.00";"22.38"
"2015";"2";"14";"6";"9";"1066";"95.";"2.3";"-0.4";"90.";"8.";"55.72";"0.00";"55.72"
"2015";"2";"14";"6";"10";"1067";"87.";"2.4";"-0.1";"88.";"8.";"82.87";"0.00";"82.87"
"2015";"2";"14";"6";"11";"1068";"79.";"2.5";"0.1";"88.";"8.";"96.79";"0.00";"96.79"
"2015";"2";"14";"6";"12";"1069";"77.";"2.7";"0.5";"86.";"8.";"97.38";"0.00";"97.38"
"2015";"2";"14";"6";"13";"1070";"76.";"3.2";"0.4";"85.";"7.";"113.91";"95.23";"87.89"
"2015";"2";"14";"6";"14";"1071";"68.";"3.3";"0.8";"84.";"6.";"97.25";"168.47";"62.62"
"2015";"2";"14";"6";"15";"1072";"69.";"3.2";"1.1";"84.";"5.";"45.16";"151.45";"28.53"
"2015";"2";"14";"6";"16";"1073";"58.";"3.4";"0.4";"87.";"5.";"0.00";"0.00";"0.00"
"2015";"2";"14";"6";"17";"1074";"50.";"3.3";"-0.4";"90.";"6.";"0.00";"0.00";"0.00"
"2015";"2";"14";"6";"18";"1075";"62.";"3.3";"-0.9";"91.";"6.";"0.00";"0.00";"0.00"
"2015";"2";"14";"6";"19";"1076";"62.";"3.2";"-0.9";"92.";"1.";"0.00";"0.00";"0.00"
"2015";"2";"14";"6";"20";"1077";"63.";"3.4";"-0.8";"90.";"2.";"0.00";"0.00";"0.00"
"2015";"2";"14";"6";"21";"1078";"59.";"3.4";"-0.7";"91.";"3.";"0.00";"0.00";"0.00"
"2015";"2";"14";"6";"22";"1079";"57.";"3.1";"-0.7";"91.";"2.";"0.00";"0.00";"0.00"
"2015";"2";"14";"6";"23";"1080";"63.";"3.1";"-0.5";"91.";"4.";"0.00";"0.00";"0.00"
"2015";"2";"15";"7";"0";"1081";"70.";"3.3";"-0.2";"89.";"6.";"0.00";"0.00";"0.00"
"2015";"2";"15";"7";"1";"1082";"76.";"3.8";"0.5";"88.";"8.";"0.00";"0.00";"0.00"
"2015";"2";"15";"7";"2";"1083";"75.";"4.4";"0.7";"85.";"8.";"0.00";"0.00";"0.00"
"2015";"2";"15";"7";"3";"1084";"72.";"4.3";"0.9";"85.";"7.";"0.00";"0.00";"0.00"
"2015";"2";"15";"7";"4";"1085";"74.";"4.7";"1.2";"84.";"8.";"0.00";"0.00";"0.00"
"2015";"2";"15";"7";"5";"1086";"66.";"4.1";"1.5";"82.";"8.";"0.00";"0.00";"0.00"
"2015";"2";"15";"7";"6";"1087";"63.";"3.7";"1.3";"82.";"8.";"0.00";"0.00";"0.00"
"2015";"2";"15";"7";"7";"1088";"71.";"3.4";"1.2";"82.";"8.";"0.00";"0.00";"0.00"
"2015";"2";"15";"7";"8";"1089";"74.";"3.6";"1.7";"76.";"8.";"26.52";"0.00";"26.52"
"2015";"2";"15";"7";"9";"1090";"75.";"4.0";"1.9";"75.";"8.";"61.24";"0.00";"61.24"
"2015";"2";"15";"7";"10";"1091";"83.";"3.7";"2.4";"76.";"8.";"87.44";"0.00";"87.44"
"2015";"2";"15";"7";"11";"1092";"93.";"4.8";"3.1";"74.";"8.";"103.84";"0.00";"103.84"
"2015";"2";"15";"7";"12";"1093";"99.";"4.8";"3.7";"72.";"8.";"103.75";"0.00";"103.75"
"2015";"2";"15";"7";"13";"1094";"106.";"5.9";"3.8";"70.";"8.";"89.64";"0.00";"89.64"
"2015";"2";"15";"7";"14";"1095";"108.";"5.5";"3.9";"70.";"8.";"62.45";"0.00";"62.45"
"2015";"2";"15";"7";"15";"1096";"100.";"4.9";"3.6";"70.";"8.";"26.01";"0.00";"26.01"
"2015";"2";"15";"7";"16";"1097";"104.";"5.1";"3.0";"71.";"8.";"0.00";"0.00";"0.00"
"2015";"2";"15";"7";"17";"1098";"108.";"5.0";"2.8";"71.";"8.";"0.00";"0.00";"0.00"
"2015";"2";"15";"7";"18";"1099";"109.";"5.5";"2.5";"70.";"8.";"0.00";"0.00";"0.00"
"2015";"2";"15";"7";"19";"1100";"109.";"5.5";"2.1";"70.";"8.";"0.00";"0.00";"0.00"
"2015";"2";"15";"7";"20";"1101";"111.";"5.0";"1.9";"70.";"8.";"0.00";"0.00";"0.00"
"2015";"2";"15";"7";"21";"1102";"110.";"4.5";"1.7";"70.";"7.";"0.00";"0.00";"0.00"
"2015";"2";"15";"7";"22";"1103";"110.";"5.8";"1.2";"71.";"8.";"0.00";"0.00";"0.00"
"2015";"2";"15";"7";"23";"1104";"113.";"5.2";"0.9";"71.";"8.";"0.00";"0.00";"0.00"
"2015";"2";"16";"1";"0";"1105";"119.";"4.7";"0.8";"71.";"8.";"0.00";"0.00";"0.00"
"2015";"2";"16";"1";"1";"1106";"122.";"4.6";"1.1";"71.";"8.";"0.00";"0.00";"0.00"
"2015";"2";"16";"1";"2";"1107";"125.";"4.3";"1.2";"72.";"8.";"0.00";"0.00";"0.00"
"2015";"2";"16";"1";"3";"1108";"127.";"4.4";"1.2";"73.";"7.";"0.00";"0.00";"0.00"
"2015";"2";"16";"1";"4";"1109";"126.";"4.6";"1.1";"73.";"8.";"0.00";"0.00";"0.00"
"2015";"2";"16";"1";"5";"1110";"122.";"5.1";"1.1";"73.";"8.";"0.00";"0.00";"0.00"
"2015";"2";"16";"1";"6";"1111";"122.";"5.7";"0.8";"73.";"8.";"0.00";"0.00";"0.00"
"2015";"2";"16";"1";"7";"1112";"126.";"5.4";"0.7";"72.";"8.";"0.00";"0.00";"0.00"
"2015";"2";"16";"1";"8";"1113";"133.";"5.4";"1.0";"73.";"7.";"36.86";"56.64";"30.06"
"2015";"2";"16";"1";"9";"1114";"137.";"5.4";"1.1";"73.";"8.";"62.15";"0.00";"62.15"
"2015";"2";"16";"1";"10";"1115";"140.";"5.7";"1.4";"74.";"8.";"88.18";"0.00";"88.18"
"2015";"2";"16";"1";"11";"1116";"143.";"6.1";"1.7";"74.";"8.";"100.35";"0.00";"100.35"
"2015";"2";"16";"1";"12";"1117";"146.";"6.0";"2.2";"73.";"8.";"99.73";"0.00";"99.73"
"2015";"2";"16";"1";"13";"1118";"142.";"6.6";"2.3";"73.";"8.";"84.84";"0.00";"84.84"
"2015";"2";"16";"1";"14";"1119";"142.";"6.0";"2.2";"72.";"8.";"59.56";"0.00";"59.56"
"2015";"2";"16";"1";"15";"1120";"142.";"5.9";"2.2";"73.";"7.";"34.49";"44.08";"29.20"
"2015";"2";"16";"1";"16";"1121";"145.";"5.8";"2.0";"73.";"7.";"0.00";"0.00";"0.00"
"2015";"2";"16";"1";"17";"1122";"143.";"6.5";"1.9";"74.";"8.";"0.00";"0.00";"0.00"
"2015";"2";"16";"1";"18";"1123";"148.";"6.8";"1.8";"75.";"8.";"0.00";"0.00";"0.00"
"2015";"2";"16";"1";"19";"1124";"152.";"7.6";"1.6";"75.";"8.";"0.00";"0.00";"0.00"
"2015";"2";"16";"1";"20";"1125";"158.";"7.3";"1.6";"76.";"8.";"0.00";"0.00";"0.00"
"2015";"2";"16";"1";"21";"1126";"160.";"7.8";"1.5";"76.";"8.";"0.00";"0.00";"0.00"
"2015";"2";"16";"1";"22";"1127";"163.";"7.7";"1.5";"76.";"8.";"0.00";"0.00";"0.00"
"2015";"2";"16";"1";"23";"1128";"165.";"7.6";"1.6";"77.";"8.";"0.00";"0.00";"0.00"
"2015";"2";"17";"2";"0";"1129";"163.";"7.9";"1.6";"77.";"8.";"0.00";"0.00";"0.00"
"2015";"2";"17";"2";"1";"1130";"173.";"7.1";"1.6";"79.";"8.";"0.00";"0.00";"0.00"
"2015";"2";"17";"2";"2";"1131";"177.";"7.0";"1.6";"80.";"8.";"0.00";"0.00";"0.00"
"2015";"2";"17";"2";"3";"1132";"174.";"7.7";"1.4";"81.";"8.";"0.00";"0.00";"0.00"
"2015";"2";"17";"2";"4";"1133";"177.";"7.3";"1.3";"82.";"8.";"0.00";"0.00";"0.00"
"2015";"2";"17";"2";"5";"1134";"182.";"7.1";"1.1";"83.";"8.";"0.00";"0.00";"0.00"
"2015";"2";"17";"2";"6";"1135";"184.";"7.3";"1.0";"84.";"8.";"0.00";"0.00";"0.00"
"2015";"2";"17";"2";"7";"1136";"182.";"7.6";"0.9";"86.";"8.";"0.00";"0.00";"0.00"
"2015";"2";"17";"2";"8";"1137";"181.";"7.8";"1.0";"86.";"8.";"28.15";"0.00";"28.15"
"2015";"2";"17";"2";"9";"1138";"180.";"7.1";"0.8";"88.";"8.";"53.58";"0.00";"53.58"
"2015";"2";"17";"2";"10";"1139";"184.";"7.2";"0.8";"90.";"8.";"75.33";"0.00";"75.33"
"2015";"2";"17";"2";"11";"1140";"186.";"7.6";"0.9";"91.";"8.";"100.37";"0.00";"100.37"
"2015";"2";"17";"2";"12";"1141";"181.";"7.6";"1.0";"91.";"8.";"87.24";"0.00";"87.24"
"2015";"2";"17";"2";"13";"1142";"189.";"7.6";"1.0";"91.";"8.";"71.55";"0.00";"71.55"
"2015";"2";"17";"2";"14";"1143";"204.";"7.3";"1.3";"94.";"8.";"49.13";"0.00";"49.13"
"2015";"2";"17";"2";"15";"1144";"199.";"6.2";"2.0";"93.";"8.";"21.59";"0.00";"21.59"
"2015";"2";"17";"2";"16";"1145";"206.";"5.7";"2.3";"95.";"7.";"0.00";"0.00";"0.00"
"2015";"2";"17";"2";"17";"1146";"197.";"5.6";"2.3";"95.";"6.";"0.00";"0.00";"0.00"
"2015";"2";"17";"2";"18";"1147";"204.";"5.9";"2.3";"95.";"3.";"0.00";"0.00";"0.00"
"2015";"2";"17";"2";"19";"1148";"210.";"6.6";"2.8";"92.";"6.";"0.00";"0.00";"0.00"
"2015";"2";"17";"2";"20";"1149";"227.";"7.8";"3.3";"89.";"5.";"0.00";"0.00";"0.00"
"2015";"2";"17";"2";"21";"1150";"230.";"8.5";"3.8";"89.";"6.";"0.00";"0.00";"0.00"
"2015";"2";"17";"2";"22";"1151";"231.";"8.7";"3.9";"89.";"6.";"0.00";"0.00";"0.00"
"2015";"2";"17";"2";"23";"1152";"232.";"8.2";"4.0";"90.";"7.";"0.00";"0.00";"0.00"
"2015";"2";"18";"3";"0";"1153";"229.";"7.4";"3.9";"90.";"6.";"0.00";"0.00";"0.00"
"2015";"2";"18";"3";"1";"1154";"235.";"7.3";"3.8";"91.";"7.";"0.00";"0.00";"0.00"
"2015";"2";"18";"3";"2";"1155";"240.";"7.0";"3.9";"91.";"6.";"0.00";"0.00";"0.00"
"2015";"2";"18";"3";"3";"1156";"241.";"7.2";"4.0";"92.";"7.";"0.00";"0.00";"0.00"
"2015";"2";"18";"3";"4";"1157";"231.";"6.2";"4.1";"92.";"7.";"0.00";"0.00";"0.00"
"2015";"2";"18";"3";"5";"1158";"226.";"5.5";"4.3";"92.";"8.";"0.00";"0.00";"0.00"
"2015";"2";"18";"3";"6";"1159";"224.";"5.6";"4.3";"91.";"8.";"0.00";"0.00";"0.00"
"2015";"2";"18";"3";"7";"1160";"218.";"6.0";"3.7";"93.";"7.";"0.00";"0.00";"0.00"
"2015";"2";"18";"3";"8";"1161";"210.";"6.4";"3.8";"92.";"7.";"37.27";"32.94";"32.97"
"2015";"2";"18";"3";"9";"1162";"210.";"6.8";"3.9";"92.";"8.";"66.95";"0.00";"66.95"
"2015";"2";"18";"3";"10";"1163";"207.";"6.8";"4.0";"91.";"8.";"92.38";"0.00";"92.38"
"2015";"2";"18";"3";"11";"1164";"207.";"6.7";"3.8";"91.";"8.";"63.68";"0.00";"63.68"
"2015";"2";"18";"3";"12";"1165";"219.";"6.9";"3.9";"92.";"8.";"61.55";"0.00";"61.55"
"2015";"2";"18";"3";"13";"1166";"223.";"6.9";"4.1";"92.";"8.";"46.98";"0.00";"46.98"
"2015";"2";"18";"3";"14";"1167";"220.";"6.6";"4.2";"93.";"8.";"32.55";"0.00";"32.55"
"2015";"2";"18";"3";"15";"1168";"216.";"6.7";"4.1";"93.";"8.";"14.09";"0.00";"14.09"
"2015";"2";"18";"3";"16";"1169";"213.";"6.9";"4.3";"94.";"8.";"0.00";"0.00";"0.00"
"2015";"2";"18";"3";"17";"1170";"216.";"6.6";"4.3";"95.";"8.";"0.00";"0.00";"0.00"
"2015";"2";"18";"3";"18";"1171";"221.";"6.3";"4.4";"95.";"8.";"0.00";"0.00";"0.00"
"2015";"2";"18";"3";"19";"1172";"222.";"6.0";"4.4";"95.";"8.";"0.00";"0.00";"0.00"
"2015";"2";"18";"3";"20";"1173";"231.";"6.4";"4.5";"96.";"8.";"0.00";"0.00";"0.00"
"2015";"2";"18";"3";"21";"1174";"226.";"6.0";"4.6";"96.";"8.";"0.00";"0.00";"0.00"
"2015";"2";"18";"3";"22";"1175";"219.";"6.1";"4.5";"97.";"8.";"0.00";"0.00";"0.00"
"2015";"2";"18";"3";"23";"1176";"216.";"6.3";"4.3";"97.";"8.";"0.00";"0.00";"0.00"
"2015";"2";"19";"4";"0";"1177";"215.";"6.2";"4.4";"96.";"8.";"0.00";"0.00";"0.00"
"2015";"2";"19";"4";"1";"1178";"219.";"6.5";"4.5";"97.";"7.";"0.00";"0.00";"0.00"
"2015";"2";"19";"4";"2";"1179";"210.";"6.1";"4.5";"97.";"8.";"0.00";"0.00";"0.00"
"2015";"2";"19";"4";"3";"1180";"207.";"5.6";"4.3";"96.";"8.";"0.00";"0.00";"0.00"
"2015";"2";"19";"4";"4";"1181";"205.";"5.8";"4.3";"96.";"8.";"0.00";"0.00";"0.00"
"2015";"2";"19";"4";"5";"1182";"201.";"6.3";"4.4";"96.";"8.";"0.00";"0.00";"0.00"
"2015";"2";"19";"4";"6";"1183";"197.";"6.2";"4.4";"96.";"8.";"0.00";"0.00";"0.00"
"2015";"2";"19";"4";"7";"1184";"191.";"6.1";"4.5";"95.";"8.";"0.00";"0.00";"0.00"
"2015";"2";"19";"4";"8";"1185";"196.";"6.1";"4.5";"95.";"8.";"25.13";"0.00";"25.13"
"2015";"2";"19";"4";"9";"1186";"206.";"6.8";"4.5";"94.";"8.";"56.44";"0.00";"56.44"
"2015";"2";"19";"4";"10";"1187";"208.";"6.6";"4.5";"94.";"8.";"80.48";"0.00";"80.48"
"2015";"2";"19";"4";"11";"1188";"201.";"6.3";"4.5";"93.";"8.";"94.59";"0.00";"94.59"
"2015";"2";"19";"4";"12";"1189";"199.";"6.7";"4.5";"92.";"8.";"96.72";"0.00";"96.72"
"2015";"2";"19";"4";"13";"1190";"191.";"7.2";"4.5";"91.";"8.";"84.49";"0.00";"84.49"
"2015";"2";"19";"4";"14";"1191";"196.";"7.3";"4.2";"92.";"8.";"59.99";"0.00";"59.99"
"2015";"2";"19";"4";"15";"1192";"196.";"7.3";"4.2";"91.";"8.";"27.38";"0.00";"27.38"
"2015";"2";"19";"4";"16";"1193";"195.";"7.5";"4.1";"89.";"8.";"0.00";"0.00";"0.00"
"2015";"2";"19";"4";"17";"1194";"195.";"7.8";"4.2";"89.";"8.";"0.00";"0.00";"0.00"
"2015";"2";"19";"4";"18";"1195";"196.";"7.9";"4.2";"88.";"8.";"0.00";"0.00";"0.00"
"2015";"2";"19";"4";"19";"1196";"199.";"8.4";"4.1";"88.";"8.";"0.00";"0.00";"0.00"
"2015";"2";"19";"4";"20";"1197";"200.";"8.6";"4.0";"92.";"8.";"0.00";"0.00";"0.00"
"2015";"2";"19";"4";"21";"1198";"201.";"8.7";"3.7";"93.";"8.";"0.00";"0.00";"0.00"
"2015";"2";"19";"4";"22";"1199";"200.";"8.7";"3.6";"94.";"8.";"0.00";"0.00";"0.00"
"2015";"2";"19";"4";"23";"1200";"201.";"8.8";"3.6";"94.";"8.";"0.00";"0.00";"0.00"
"2015";"2";"20";"5";"0";"1201";"198.";"8.9";"3.5";"92.";"8.";"0.00";"0.00";"0.00"
"2015";"2";"20";"5";"1";"1202";"198.";"9.1";"3.4";"91.";"8.";"0.00";"0.00";"0.00"
"2015";"2";"20";"5";"2";"1203";"197.";"9.2";"3.4";"91.";"8.";"0.00";"0.00";"0.00"
"2015";"2";"20";"5";"3";"1204";"199.";"8.9";"3.5";"92.";"8.";"0.00";"0.00";"0.00"
"2015";"2";"20";"5";"4";"1205";"202.";"8.3";"3.5";"93.";"8.";"0.00";"0.00";"0.00"
"2015";"2";"20";"5";"5";"1206";"203.";"8.2";"3.5";"94.";"8.";"0.00";"0.00";"0.00"
"2015";"2";"20";"5";"6";"1207";"204.";"8.1";"3.5";"95.";"8.";"0.00";"0.00";"0.00"
"2015";"2";"20";"5";"7";"1208";"203.";"7.9";"3.4";"95.";"8.";"0.00";"0.00";"0.00"
"2015";"2";"20";"5";"8";"1209";"201.";"7.4";"3.4";"95.";"8.";"26.99";"0.00";"26.99"
"2015";"2";"20";"5";"9";"1210";"202.";"6.6";"3.2";"94.";"8.";"58.58";"0.00";"58.58"
"2015";"2";"20";"5";"10";"1211";"202.";"6.7";"3.0";"93.";"8.";"58.05";"0.00";"58.05"
"2015";"2";"20";"5";"11";"1212";"196.";"6.7";"2.8";"93.";"8.";"56.09";"0.00";"56.09"
"2015";"2";"20";"5";"12";"1213";"193.";"6.5";"2.2";"93.";"8.";"58.95";"0.00";"58.95"
"2015";"2";"20";"5";"13";"1214";"192.";"6.3";"1.2";"94.";"8.";"49.16";"0.00";"49.16"
"2015";"2";"20";"5";"14";"1215";"191.";"6.4";"0.9";"94.";"8.";"34.96";"0.00";"34.96"
"2015";"2";"20";"5";"15";"1216";"190.";"5.5";"1.1";"95.";"8.";"16.99";"0.00";"16.99"
"2015";"2";"20";"5";"16";"1217";"187.";"5.9";"1.1";"95.";"8.";"0.00";"0.00";"0.00"
"2015";"2";"20";"5";"17";"1218";"193.";"5.8";"0.8";"96.";"8.";"0.00";"0.00";"0.00"
"2015";"2";"20";"5";"18";"1219";"203.";"5.5";"1.1";"96.";"8.";"0.00";"0.00";"0.00"
"2015";"2";"20";"5";"19";"1220";"227.";"5.1";"1.9";"95.";"8.";"0.00";"0.00";"0.00"
"2015";"2";"20";"5";"20";"1221";"235.";"3.7";"2.0";"94.";"8.";"0.00";"0.00";"0.00"
"2015";"2";"20";"5";"21";"1222";"222.";"3.9";"2.1";"94.";"8.";"0.00";"0.00";"0.00"
"2015";"2";"20";"5";"22";"1223";"205.";"4.9";"2.4";"95.";"8.";"0.00";"0.00";"0.00"
"2015";"2";"20";"5";"23";"1224";"208.";"5.7";"2.8";"94.";"8.";"0.00";"0.00";"0.00"
"2015";"2";"21";"6";"0";"1225";"206.";"5.4";"2.5";"94.";"7.";"0.00";"0.00";"0.00"
"2015";"2";"21";"6";"1";"1226";"200.";"4.8";"2.4";"95.";"7.";"0.00";"0.00";"0.00"
"2015";"2";"21";"6";"2";"1227";"204.";"4.5";"2.5";"95.";"8.";"0.00";"0.00";"0.00"
"2015";"2";"21";"6";"3";"1228";"202.";"3.3";"2.7";"95.";"8.";"0.00";"0.00";"0.00"
"2015";"2";"21";"6";"4";"1229";"197.";"2.5";"2.7";"96.";"8.";"0.00";"0.00";"0.00"
"2015";"2";"21";"6";"5";"1230";"178.";"2.6";"2.8";"96.";"8.";"0.00";"0.00";"0.00"
"2015";"2";"21";"6";"6";"1231";"175.";"2.7";"2.2";"95.";"8.";"0.00";"0.00";"0.00"
"2015";"2";"21";"6";"7";"1232";"167.";"2.8";"2.1";"96.";"8.";"0.00";"0.00";"0.00"
"2015";"2";"21";"6";"8";"1233";"161.";"2.5";"2.4";"95.";"8.";"29.79";"0.00";"29.79"
"2015";"2";"21";"6";"9";"1234";"144.";"2.6";"2.5";"92.";"8.";"63.24";"0.00";"63.24"
"2015";"2";"21";"6";"10";"1235";"133.";"2.4";"2.7";"90.";"8.";"86.69";"0.00";"86.69"
"2015";"2";"21";"6";"11";"1236";"115.";"1.7";"2.9";"89.";"8.";"103.89";"0.00";"103.89"
"2015";"2";"21";"6";"12";"1237";"81.";"1.2";"3.4";"86.";"8.";"123.34";"0.00";"123.34"
"2015";"2";"21";"6";"13";"1238";"43.";"1.5";"3.4";"86.";"8.";"107.69";"0.00";"107.69"
"2015";"2";"21";"6";"14";"1239";"12.";"1.9";"3.1";"88.";"8.";"45.07";"0.00";"45.07"
"2015";"2";"21";"6";"15";"1240";"358.";"2.8";"2.5";"89.";"8.";"23.78";"0.00";"23.78"
"2015";"2";"21";"6";"16";"1241";"353.";"3.3";"2.1";"91.";"8.";"0.00";"0.00";"0.00"
"2015";"2";"21";"6";"17";"1242";"354.";"3.3";"1.5";"93.";"8.";"0.00";"0.00";"0.00"
"2015";"2";"21";"6";"18";"1243";"356.";"3.4";"1.2";"94.";"8.";"0.00";"0.00";"0.00"
"2015";"2";"21";"6";"19";"1244";"339.";"3.6";"1.2";"95.";"8.";"0.00";"0.00";"0.00"
"2015";"2";"21";"6";"20";"1245";"325.";"3.5";"1.4";"95.";"7.";"0.00";"0.00";"0.00"
"2015";"2";"21";"6";"21";"1246";"310.";"2.7";"1.7";"94.";"8.";"0.00";"0.00";"0.00"
"2015";"2";"21";"6";"22";"1247";"284.";"2.6";"1.9";"94.";"8.";"0.00";"0.00";"0.00"
"2015";"2";"21";"6";"23";"1248";"261.";"3.2";"1.9";"93.";"8.";"0.00";"0.00";"0.00"
"2015";"2";"22";"7";"0";"1249";"254.";"3.9";"2.4";"92.";"8.";"0.00";"0.00";"0.00"
"2015";"2";"22";"7";"1";"1250";"246.";"4.1";"2.3";"92.";"6.";"0.00";"0.00";"0.00"
"2015";"2";"22";"7";"2";"1251";"241.";"4.5";"2.1";"93.";"6.";"0.00";"0.00";"0.00"
"2015";"2";"22";"7";"3";"1252";"238.";"4.8";"2.0";"95.";"6.";"0.00";"0.00";"0.00"
"2015";"2";"22";"7";"4";"1253";"231.";"5.1";"2.0";"94.";"7.";"0.00";"0.00";"0.00"
"2015";"2";"22";"7";"5";"1254";"229.";"5.9";"1.9";"94.";"7.";"0.00";"0.00";"0.00"
"2015";"2";"22";"7";"6";"1255";"225.";"6.4";"2.0";"93.";"7.";"0.00";"0.00";"0.00"
"2015";"2";"22";"7";"7";"1256";"216.";"6.9";"1.9";"93.";"8.";"0.00";"0.00";"0.00"
"2015";"2";"22";"7";"8";"1257";"217.";"7.2";"2.2";"92.";"8.";"36.46";"0.00";"36.46"
"2015";"2";"22";"7";"9";"1258";"217.";"6.9";"2.8";"89.";"8.";"81.90";"0.00";"81.90"
"2015";"2";"22";"7";"10";"1259";"228.";"5.8";"3.2";"88.";"8.";"111.24";"0.00";"111.24"
"2015";"2";"22";"7";"11";"1260";"246.";"5.2";"3.3";"86.";"6.";"200.83";"178.88";"137.74"
"2015";"2";"22";"7";"12";"1261";"255.";"5.3";"4.7";"76.";"4.";"256.35";"399.24";"115.53"
"2015";"2";"22";"7";"13";"1262";"245.";"5.1";"4.8";"70.";"2.";"277.36";"556.41";"100.82"
"2015";"2";"22";"7";"14";"1263";"238.";"4.9";"5.2";"68.";"2.";"211.77";"496.35";"88.25"
"2015";"2";"22";"7";"15";"1264";"232.";"4.6";"4.8";"66.";"3.";"98.78";"307.63";"51.99"
"2015";"2";"22";"7";"16";"1265";"211.";"3.8";"3.8";"72.";"7.";"0.00";"0.00";"0.00"
"2015";"2";"22";"7";"17";"1266";"203.";"3.9";"3.5";"74.";"8.";"0.00";"0.00";"0.00"
"2015";"2";"22";"7";"18";"1267";"181.";"4.7";"3.1";"81.";"8.";"0.00";"0.00";"0.00"
"2015";"2";"22";"7";"19";"1268";"191.";"5.4";"2.9";"85.";"7.";"0.00";"0.00";"0.00"
"2015";"2";"22";"7";"20";"1269";"190.";"6.8";"3.0";"87.";"8.";"0.00";"0.00";"0.00"
"2015";"2";"22";"7";"21";"1270";"184.";"7.2";"3.1";"88.";"8.";"0.00";"0.00";"0.00"
"2015";"2";"22";"7";"22";"1271";"186.";"7.9";"3.1";"89.";"8.";"0.00";"0.00";"0.00"
"2015";"2";"22";"7";"23";"1272";"181.";"8.9";"2.9";"88.";"7.";"0.00";"0.00";"0.00"
"2015";"2";"23";"1";"0";"1273";"174.";"9.4";"2.8";"86.";"8.";"0.00";"0.00";"0.00"
"2015";"2";"23";"1";"1";"1274";"169.";"10.0";"2.8";"81.";"7.";"0.00";"0.00";"0.00"
"2015";"2";"23";"1";"2";"1275";"168.";"10.0";"2.8";"77.";"8.";"0.00";"0.00";"0.00"
"2015";"2";"23";"1";"3";"1276";"166.";"10.7";"2.7";"75.";"7.";"0.00";"0.00";"0.00"
"2015";"2";"23";"1";"4";"1277";"167.";"10.9";"3.0";"72.";"7.";"0.00";"0.00";"0.00"
"2015";"2";"23";"1";"5";"1278";"171.";"11.1";"3.0";"72.";"8.";"0.00";"0.00";"0.00"
"2015";"2";"23";"1";"6";"1279";"166.";"11.6";"2.5";"78.";"8.";"0.00";"0.00";"0.00"
"2015";"2";"23";"1";"7";"1280";"166.";"11.9";"1.7";"88.";"8.";"0.19";"0.00";"0.19"
"2015";"2";"23";"1";"8";"1281";"166.";"12.2";"1.0";"92.";"8.";"18.18";"0.00";"18.18"
"2015";"2";"23";"1";"9";"1282";"170.";"11.7";"1.0";"94.";"8.";"35.56";"0.00";"35.56"
"2015";"2";"23";"1";"10";"1283";"169.";"11.9";"1.0";"94.";"8.";"48.53";"0.00";"48.53"
"2015";"2";"23";"1";"11";"1284";"170.";"10.9";"0.9";"95.";"8.";"57.12";"0.00";"57.12"
"2015";"2";"23";"1";"12";"1285";"173.";"10.7";"1.0";"94.";"8.";"55.95";"0.00";"55.95"
"2015";"2";"23";"1";"13";"1286";"180.";"10.0";"0.7";"95.";"8.";"46.20";"0.00";"46.20"
"2015";"2";"23";"1";"14";"1287";"186.";"8.9";"1.1";"96.";"8.";"41.44";"0.00";"41.44"
"2015";"2";"23";"1";"15";"1288";"191.";"6.8";"1.9";"95.";"8.";"40.61";"0.00";"40.61"
"2015";"2";"23";"1";"16";"1289";"184.";"6.7";"2.6";"95.";"6.";"0.00";"0.00";"0.00"
"2015";"2";"23";"1";"17";"1290";"183.";"6.3";"2.6";"96.";"6.";"0.00";"0.00";"0.00"
"2015";"2";"23";"1";"18";"1291";"180.";"5.9";"2.6";"96.";"6.";"0.00";"0.00";"0.00"
"2015";"2";"23";"1";"19";"1292";"176.";"6.2";"2.8";"93.";"7.";"0.00";"0.00";"0.00"
"2015";"2";"23";"1";"20";"1293";"177.";"6.2";"2.9";"92.";"6.";"0.00";"0.00";"0.00"
"2015";"2";"23";"1";"21";"1294";"177.";"6.2";"2.4";"92.";"3.";"0.00";"0.00";"0.00"
"2015";"2";"23";"1";"22";"1295";"164.";"6.0";"2.1";"93.";"2.";"0.00";"0.00";"0.00"
"2015";"2";"23";"1";"23";"1296";"172.";"5.7";"2.1";"94.";"4.";"0.00";"0.00";"0.00"
"2015";"2";"24";"2";"0";"1297";"174.";"6.0";"2.4";"95.";"8.";"0.00";"0.00";"0.00"
"2015";"2";"24";"2";"1";"1298";"180.";"6.3";"2.7";"93.";"8.";"0.00";"0.00";"0.00"
"2015";"2";"24";"2";"2";"1299";"179.";"6.3";"2.7";"93.";"8.";"0.00";"0.00";"0.00"
"2015";"2";"24";"2";"3";"1300";"178.";"7.1";"2.6";"91.";"7.";"0.00";"0.00";"0.00"
"2015";"2";"24";"2";"4";"1301";"176.";"7.2";"2.8";"91.";"8.";"0.00";"0.00";"0.00"
"2015";"2";"24";"2";"5";"1302";"174.";"7.4";"2.7";"91.";"7.";"0.00";"0.00";"0.00"
"2015";"2";"24";"2";"6";"1303";"173.";"7.6";"2.5";"92.";"8.";"0.00";"0.00";"0.00"
"2015";"2";"24";"2";"7";"1304";"171.";"7.8";"2.8";"93.";"8.";"0.62";"0.00";"0.62"
"2015";"2";"24";"2";"8";"1305";"174.";"8.6";"2.9";"90.";"8.";"42.41";"0.00";"42.41"
"2015";"2";"24";"2";"9";"1306";"184.";"8.2";"3.0";"90.";"8.";"48.21";"0.00";"48.21"
"2015";"2";"24";"2";"10";"1307";"173.";"7.9";"3.4";"86.";"7.";"141.69";"65.75";"120.07"
"2015";"2";"24";"2";"11";"1308";"173.";"8.9";"3.6";"84.";"7.";"174.91";"64.45";"151.43"
"2015";"2";"24";"2";"12";"1309";"173.";"9.9";"3.3";"85.";"8.";"127.70";"0.00";"127.70"
"2015";"2";"24";"2";"13";"1310";"171.";"10.0";"3.6";"84.";"8.";"110.04";"0.00";"110.04"
"2015";"2";"24";"2";"14";"1311";"171.";"9.9";"3.8";"84.";"7.";"107.45";"66.16";"90.24"
"2015";"2";"24";"2";"15";"1312";"176.";"10.4";"3.8";"84.";"8.";"44.62";"0.00";"44.62"
"2015";"2";"24";"2";"16";"1313";"176.";"10.3";"3.8";"85.";"8.";"0.74";"0.00";"0.74"
"2015";"2";"24";"2";"17";"1314";"179.";"9.9";"4.0";"85.";"8.";"0.00";"0.00";"0.00"
"2015";"2";"24";"2";"18";"1315";"180.";"9.5";"3.6";"88.";"8.";"0.00";"0.00";"0.00"
"2015";"2";"24";"2";"19";"1316";"184.";"9.5";"3.7";"88.";"8.";"0.00";"0.00";"0.00"
"2015";"2";"24";"2";"20";"1317";"188.";"9.1";"3.9";"88.";"8.";"0.00";"0.00";"0.00"
"2015";"2";"24";"2";"21";"1318";"186.";"8.3";"3.8";"89.";"6.";"0.00";"0.00";"0.00"
"2015";"2";"24";"2";"22";"1319";"185.";"8.6";"3.9";"89.";"6.";"0.00";"0.00";"0.00"
"2015";"2";"24";"2";"23";"1320";"190.";"8.6";"4.1";"87.";"7.";"0.00";"0.00";"0.00"
"2015";"2";"25";"3";"0";"1321";"194.";"8.2";"4.0";"89.";"7.";"0.00";"0.00";"0.00"
"2015";"2";"25";"3";"1";"1322";"192.";"7.7";"4.1";"89.";"8.";"0.00";"0.00";"0.00"
"2015";"2";"25";"3";"2";"1323";"197.";"7.4";"4.1";"89.";"8.";"0.00";"0.00";"0.00"
"2015";"2";"25";"3";"3";"1324";"196.";"7.1";"4.1";"89.";"6.";"0.00";"0.00";"0.00"
"2015";"2";"25";"3";"4";"1325";"187.";"6.9";"3.8";"89.";"6.";"0.00";"0.00";"0.00"
"2015";"2";"25";"3";"5";"1326";"186.";"6.9";"3.7";"90.";"6.";"0.00";"0.00";"0.00"
"2015";"2";"25";"3";"6";"1327";"186.";"7.0";"3.5";"91.";"8.";"0.00";"0.00";"0.00"
"2015";"2";"25";"3";"7";"1328";"187.";"6.9";"3.5";"91.";"6.";"2.82";"9.13";"2.37"
"2015";"2";"25";"3";"8";"1329";"190.";"7.1";"3.5";"91.";"7.";"56.31";"41.47";"49.31"
"2015";"2";"25";"3";"9";"1330";"195.";"6.7";"3.5";"90.";"7.";"96.00";"53.43";"81.80"
"2015";"2";"25";"3";"10";"1331";"197.";"6.5";"3.8";"89.";"7.";"129.86";"62.11";"109.08"
"2015";"2";"25";"3";"11";"1332";"198.";"6.6";"3.8";"90.";"7.";"145.02";"60.24";"122.73"
"2015";"2";"25";"3";"12";"1333";"195.";"6.3";"4.1";"88.";"6.";"183.93";"136.27";"133.50"
"2015";"2";"25";"3";"13";"1334";"195.";"6.1";"4.2";"88.";"7.";"147.10";"68.26";"124.26"
"2015";"2";"25";"3";"14";"1335";"195.";"5.8";"4.2";"87.";"6.";"132.94";"131.85";"97.89"
"2015";"2";"25";"3";"15";"1336";"191.";"4.7";"4.2";"86.";"7.";"59.23";"49.47";"50.88"
"2015";"2";"25";"3";"16";"1337";"180.";"4.4";"3.7";"88.";"6.";"3.46";"11.46";"2.88"
"2015";"2";"25";"3";"17";"1338";"182.";"4.4";"3.4";"89.";"6.";"0.00";"0.00";"0.00"
"2015";"2";"25";"3";"18";"1339";"185.";"4.7";"3.3";"89.";"5.";"0.00";"0.00";"0.00"
"2015";"2";"25";"3";"19";"1340";"184.";"5.0";"2.9";"91.";"7.";"0.00";"0.00";"0.00"
"2015";"2";"25";"3";"20";"1341";"188.";"4.7";"3.0";"91.";"5.";"0.00";"0.00";"0.00"
"2015";"2";"25";"3";"21";"1342";"186.";"4.2";"2.8";"93.";"6.";"0.00";"0.00";"0.00"
"2015";"2";"25";"3";"22";"1343";"180.";"4.1";"2.6";"93.";"5.";"0.00";"0.00";"0.00"
"2015";"2";"25";"3";"23";"1344";"195.";"3.6";"2.1";"94.";"5.";"0.00";"0.00";"0.00"
"2015";"2";"26";"4";"0";"1345";"193.";"3.2";"1.9";"94.";"5.";"0.00";"0.00";"0.00"
"2015";"2";"26";"4";"1";"1346";"194.";"3.0";"1.7";"95.";"5.";"0.00";"0.00";"0.00"
"2015";"2";"26";"4";"2";"1347";"182.";"3.1";"1.9";"94.";"5.";"0.00";"0.00";"0.00"
"2015";"2";"26";"4";"3";"1348";"186.";"3.7";"2.1";"96.";"6.";"0.00";"0.00";"0.00"
"2015";"2";"26";"4";"4";"1349";"177.";"4.3";"2.1";"96.";"6.";"0.00";"0.00";"0.00"
"2015";"2";"26";"4";"5";"1350";"175.";"4.7";"1.9";"96.";"8.";"0.00";"0.00";"0.00"
"2015";"2";"26";"4";"6";"1351";"178.";"5.2";"2.1";"96.";"8.";"0.00";"0.00";"0.00"
"2015";"2";"26";"4";"7";"1352";"168.";"5.5";"1.9";"95.";"8.";"3.64";"0.00";"3.64"
"2015";"2";"26";"4";"8";"1353";"157.";"6.0";"2.3";"94.";"8.";"40.57";"0.00";"40.57"
"2015";"2";"26";"4";"9";"1354";"158.";"6.7";"3.4";"87.";"6.";"138.94";"133.85";"102.58"
"2015";"2";"26";"4";"10";"1355";"160.";"7.4";"5.1";"74.";"5.";"215.04";"228.69";"137.19"
"2015";"2";"26";"4";"11";"1356";"169.";"9.5";"4.3";"76.";"7.";"188.41";"77.35";"159.33"
"2015";"2";"26";"4";"12";"1357";"178.";"9.1";"4.2";"80.";"8.";"135.15";"0.00";"135.15"
"2015";"2";"26";"4";"13";"1358";"177.";"8.5";"4.1";"81.";"7.";"150.78";"73.32";"125.82"
"2015";"2";"26";"4";"14";"1359";"171.";"8.1";"4.5";"80.";"6.";"148.48";"134.91";"111.83"
"2015";"2";"26";"4";"15";"1360";"170.";"7.8";"5.2";"78.";"7.";"55.92";"52.72";"46.72"
"2015";"2";"26";"4";"16";"1361";"165.";"7.7";"5.7";"72.";"5.";"9.31";"36.08";"7.32"
"2015";"2";"26";"4";"17";"1362";"163.";"8.2";"5.3";"68.";"3.";"0.00";"0.00";"0.00"
"2015";"2";"26";"4";"18";"1363";"164.";"9.2";"4.9";"68.";"6.";"0.00";"0.00";"0.00"
"2015";"2";"26";"4";"19";"1364";"164.";"9.8";"5.1";"69.";"7.";"0.00";"0.00";"0.00"
"2015";"2";"26";"4";"20";"1365";"161.";"10.3";"5.3";"68.";"8.";"0.00";"0.00";"0.00"
"2015";"2";"26";"4";"21";"1366";"159.";"10.1";"5.0";"67.";"7.";"0.00";"0.00";"0.00"
"2015";"2";"26";"4";"22";"1367";"159.";"10.1";"4.9";"67.";"6.";"0.00";"0.00";"0.00"
"2015";"2";"26";"4";"23";"1368";"158.";"10.0";"4.4";"68.";"5.";"0.00";"0.00";"0.00"
"2015";"2";"27";"5";"0";"1369";"157.";"9.6";"4.1";"69.";"7.";"0.00";"0.00";"0.00"
"2015";"2";"27";"5";"1";"1370";"155.";"9.4";"4.1";"68.";"6.";"0.00";"0.00";"0.00"
"2015";"2";"27";"5";"2";"1371";"158.";"8.9";"4.2";"68.";"8.";"0.00";"0.00";"0.00"
"2015";"2";"27";"5";"3";"1372";"166.";"10.0";"4.4";"67.";"8.";"0.00";"0.00";"0.00"
"2015";"2";"27";"5";"4";"1373";"166.";"9.3";"4.3";"69.";"8.";"0.00";"0.00";"0.00"
"2015";"2";"27";"5";"5";"1374";"167.";"8.7";"3.9";"74.";"8.";"0.00";"0.00";"0.00"
"2015";"2";"27";"5";"6";"1375";"169.";"8.1";"3.9";"74.";"8.";"0.00";"0.00";"0.00"
"2015";"2";"27";"5";"7";"1376";"175.";"7.2";"3.8";"76.";"8.";"9.68";"0.00";"9.68"
"2015";"2";"27";"5";"8";"1377";"175.";"7.0";"3.7";"80.";"7.";"65.18";"54.63";"55.34"
"2015";"2";"27";"5";"9";"1378";"181.";"6.9";"3.2";"84.";"8.";"52.75";"0.00";"52.75"
"2015";"2";"27";"5";"10";"1379";"184.";"6.2";"3.1";"86.";"8.";"67.74";"0.00";"67.74"
"2015";"2";"27";"5";"11";"1380";"181.";"5.7";"2.8";"89.";"8.";"64.77";"0.00";"64.77"
"2015";"2";"27";"5";"12";"1381";"181.";"5.1";"2.8";"90.";"8.";"73.98";"0.00";"73.98"
"2015";"2";"27";"5";"13";"1382";"183.";"4.4";"2.6";"89.";"8.";"82.53";"0.00";"82.53"
"2015";"2";"27";"5";"14";"1383";"194.";"3.8";"2.4";"90.";"8.";"50.25";"0.00";"50.25"
"2015";"2";"27";"5";"15";"1384";"175.";"3.3";"2.7";"91.";"8.";"42.18";"0.00";"42.18"
"2015";"2";"27";"5";"16";"1385";"170.";"2.8";"2.5";"91.";"8.";"5.86";"0.00";"5.86"
"2015";"2";"27";"5";"17";"1386";"171.";"2.2";"2.5";"93.";"8.";"0.00";"0.00";"0.00"
"2015";"2";"27";"5";"18";"1387";"174.";"1.7";"1.6";"95.";"7.";"0.00";"0.00";"0.00"
"2015";"2";"27";"5";"19";"1388";"172.";"1.8";"1.0";"95.";"7.";"0.00";"0.00";"0.00"
"2015";"2";"27";"5";"20";"1389";"188.";"1.6";"-0.3";"95.";"8.";"0.00";"0.00";"0.00"
"2015";"2";"27";"5";"21";"1390";"178.";"1.6";"-0.4";"95.";"8.";"0.00";"0.00";"0.00"
"2015";"2";"27";"5";"22";"1391";"172.";"1.4";"-0.2";"96.";"7.";"0.00";"0.00";"0.00"
"2015";"2";"27";"5";"23";"1392";"174.";"1.4";"0.1";"97.";"7.";"0.00";"0.00";"0.00"
"2015";"2";"28";"6";"0";"1393";"168.";"1.2";"0.0";"97.";"7.";"0.00";"0.00";"0.00"
"2015";"2";"28";"6";"1";"1394";"149.";"1.9";"-0.3";"98.";"8.";"0.00";"0.00";"0.00"
"2015";"2";"28";"6";"2";"1395";"176.";"1.8";"-0.6";"97.";"8.";"0.00";"0.00";"0.00"
"2015";"2";"28";"6";"3";"1396";"161.";"2.3";"-0.4";"98.";"8.";"0.00";"0.00";"0.00"
"2015";"2";"28";"6";"4";"1397";"148.";"2.8";"-0.2";"97.";"8.";"0.00";"0.00";"0.00"
"2015";"2";"28";"6";"5";"1398";"150.";"3.3";"-0.2";"98.";"8.";"0.00";"0.00";"0.00"
"2015";"2";"28";"6";"6";"1399";"163.";"2.9";"-0.2";"97.";"8.";"0.00";"0.00";"0.00"
"2015";"2";"28";"6";"7";"1400";"164.";"3.4";"0.1";"96.";"7.";"10.62";"20.25";"9.27"
"2015";"2";"28";"6";"8";"1401";"181.";"3.6";"0.4";"96.";"7.";"62.35";"54.84";"52.16"
"2015";"2";"28";"6";"9";"1402";"175.";"4.5";"1.0";"95.";"7.";"110.49";"71.05";"90.37"
"2015";"2";"28";"6";"10";"1403";"185.";"5.3";"1.8";"92.";"7.";"147.69";"85.50";"117.58"
"2015";"2";"28";"6";"11";"1404";"187.";"6.3";"2.5";"90.";"7.";"167.29";"92.42";"131.44"
"2015";"2";"28";"6";"12";"1405";"188.";"6.9";"3.2";"87.";"7.";"184.64";"89.13";"150.07"
"2015";"2";"28";"6";"13";"1406";"186.";"7.2";"3.7";"82.";"6.";"213.08";"176.97";"150.76"
"2015";"2";"28";"6";"14";"1407";"179.";"7.7";"4.3";"74.";"3.";"224.30";"421.36";"104.93"
"2015";"2";"28";"6";"15";"1408";"175.";"8.5";"3.6";"78.";"5.";"111.65";"188.33";"76.65"
"2015";"2";"28";"6";"16";"1409";"175.";"8.1";"3.0";"82.";"4.";"19.08";"84.13";"13.49"
"2015";"2";"28";"6";"17";"1410";"172.";"8.5";"2.7";"83.";"3.";"0.00";"0.00";"0.00"
"2015";"2";"28";"6";"18";"1411";"173.";"8.8";"2.9";"84.";"8.";"0.00";"0.00";"0.00"
"2015";"2";"28";"6";"19";"1412";"176.";"9.4";"3.4";"82.";"8.";"0.00";"0.00";"0.00"
"2015";"2";"28";"6";"20";"1413";"174.";"9.3";"3.6";"82.";"8.";"0.00";"0.00";"0.00"
"2015";"2";"28";"6";"21";"1414";"176.";"9.4";"3.6";"81.";"8.";"0.00";"0.00";"0.00"
"2015";"2";"28";"6";"22";"1415";"177.";"9.7";"3.4";"81.";"8.";"0.00";"0.00";"0.00"
"2015";"2";"28";"6";"23";"1416";"174.";"9.7";"3.2";"79.";"8.";"0.00";"0.00";"0.00"
"2015";"3";"1";"7";"0";"1417";"172.";"9.4";"3.3";"78.";"8.";"0.00";"0.00";"0.00"
"2015";"3";"1";"7";"1";"1418";"167.";"9.7";"3.1";"78.";"8.";"0.00";"0.00";"0.00"
"2015";"3";"1";"7";"2";"1419";"163.";"10.0";"3.0";"77.";"8.";"0.00";"0.00";"0.00"
"2015";"3";"1";"7";"3";"1420";"163.";"10.5";"2.9";"74.";"8.";"0.00";"0.00";"0.00"
"2015";"3";"1";"7";"4";"1421";"162.";"10.4";"2.9";"74.";"8.";"0.00";"0.00";"0.00"
"2015";"3";"1";"7";"5";"1422";"160.";"10.4";"2.9";"74.";"7.";"0.00";"0.00";"0.00"
"2015";"3";"1";"7";"6";"1423";"161.";"10.7";"2.2";"80.";"8.";"0.00";"0.00";"0.00"
"2015";"3";"1";"7";"7";"1424";"160.";"11.6";"1.6";"88.";"8.";"3.89";"0.00";"3.89"
"2015";"3";"1";"7";"8";"1425";"160.";"12.0";"1.2";"93.";"8.";"23.45";"0.00";"23.45"
"2015";"3";"1";"7";"9";"1426";"161.";"11.8";"1.0";"93.";"8.";"47.37";"0.00";"47.37"
"2015";"3";"1";"7";"10";"1427";"164.";"12.0";"1.0";"94.";"7.";"80.19";"22.23";"72.23"
"2015";"3";"1";"7";"11";"1428";"166.";"11.7";"1.2";"94.";"8.";"60.75";"0.00";"60.75"
"2015";"3";"1";"7";"12";"1429";"170.";"11.4";"1.3";"94.";"8.";"62.18";"0.00";"62.18"
"2015";"3";"1";"7";"13";"1430";"170.";"10.9";"1.4";"94.";"8.";"55.11";"0.00";"55.11"
"2015";"3";"1";"7";"14";"1431";"171.";"9.8";"2.1";"95.";"8.";"73.11";"0.00";"73.11"
"2015";"3";"1";"7";"15";"1432";"174.";"8.7";"2.9";"95.";"8.";"38.56";"0.00";"38.56"
"2015";"3";"1";"7";"16";"1433";"184.";"8.0";"3.9";"95.";"8.";"5.14";"0.00";"5.14"
"2015";"3";"1";"7";"17";"1434";"186.";"7.3";"4.2";"92.";"8.";"0.00";"0.00";"0.00"
"2015";"3";"1";"7";"18";"1435";"201.";"7.5";"4.3";"90.";"8.";"0.00";"0.00";"0.00"
"2015";"3";"1";"7";"19";"1436";"196.";"7.8";"4.1";"89.";"8.";"0.00";"0.00";"0.00"
"2015";"3";"1";"7";"20";"1437";"196.";"7.7";"4.1";"90.";"8.";"0.00";"0.00";"0.00"
"2015";"3";"1";"7";"21";"1438";"204.";"7.1";"4.0";"91.";"8.";"0.00";"0.00";"0.00"
"2015";"3";"1";"7";"22";"1439";"202.";"7.0";"3.9";"90.";"8.";"0.00";"0.00";"0.00"
"2015";"3";"1";"7";"23";"1440";"202.";"6.9";"3.9";"89.";"8.";"0.00";"0.00";"0.00"
"2015";"3";"2";"1";"0";"1441";"203.";"6.9";"3.9";"90.";"7.";"0.00";"0.00";"0.00"
"2015";"3";"2";"1";"1";"1442";"201.";"7.0";"3.9";"88.";"8.";"0.00";"0.00";"0.00"
"2015";"3";"2";"1";"2";"1443";"194.";"6.7";"3.8";"89.";"8.";"0.00";"0.00";"0.00"
"2015";"3";"2";"1";"3";"1444";"183.";"6.0";"3.7";"91.";"8.";"0.00";"0.00";"0.00"
"2015";"3";"2";"1";"4";"1445";"179.";"5.9";"3.5";"91.";"8.";"0.00";"0.00";"0.00"
"2015";"3";"2";"1";"5";"1446";"180.";"5.8";"3.2";"92.";"8.";"0.00";"0.00";"0.00"
"2015";"3";"2";"1";"6";"1447";"180.";"5.5";"3.0";"93.";"8.";"0.00";"0.00";"0.00"
"2015";"3";"2";"1";"7";"1448";"165.";"5.6";"3.1";"93.";"8.";"7.51";"0.00";"7.51"
"2015";"3";"2";"1";"8";"1449";"156.";"5.4";"3.3";"90.";"8.";"44.51";"0.00";"44.51"
"2015";"3";"2";"1";"9";"1450";"152.";"4.3";"3.9";"88.";"8.";"80.23";"0.00";"80.23"
"2015";"3";"2";"1";"10";"1451";"144.";"4.3";"4.4";"84.";"8.";"107.49";"0.00";"107.49"
"2015";"3";"2";"1";"11";"1452";"153.";"3.5";"4.5";"83.";"8.";"122.13";"0.00";"122.13"
"2015";"3";"2";"1";"12";"1453";"160.";"3.2";"4.1";"86.";"8.";"67.00";"0.00";"67.00"
"2015";"3";"2";"1";"13";"1454";"189.";"2.8";"3.6";"90.";"8.";"60.62";"0.00";"60.62"
"2015";"3";"2";"1";"14";"1455";"207.";"2.0";"3.0";"92.";"8.";"47.25";"0.00";"47.25"
"2015";"3";"2";"1";"15";"1456";"237.";"2.0";"2.9";"92.";"8.";"30.53";"0.00";"30.53"
"2015";"3";"2";"1";"16";"1457";"271.";"2.2";"2.6";"93.";"7.";"7.54";"11.00";"6.68"
"2015";"3";"2";"1";"17";"1458";"291.";"3.2";"2.4";"94.";"8.";"0.00";"0.00";"0.00"
"2015";"3";"2";"1";"18";"1459";"304.";"2.7";"2.3";"93.";"8.";"0.00";"0.00";"0.00"
"2015";"3";"2";"1";"19";"1460";"316.";"1.1";"2.5";"94.";"8.";"0.00";"0.00";"0.00"
"2015";"3";"2";"1";"20";"1461";"181.";"0.3";"2.2";"95.";"8.";"0.00";"0.00";"0.00"
"2015";"3";"2";"1";"21";"1462";"163.";"0.9";"2.5";"96.";"8.";"0.00";"0.00";"0.00"
"2015";"3";"2";"1";"22";"1463";"232.";"1.8";"2.5";"95.";"7.";"0.00";"0.00";"0.00"
"2015";"3";"2";"1";"23";"1464";"270.";"2.8";"2.6";"93.";"6.";"0.00";"0.00";"0.00"
"2015";"3";"3";"2";"0";"1465";"284.";"4.1";"2.7";"93.";"4.";"0.00";"0.00";"0.00"
"2015";"3";"3";"2";"1";"1466";"288.";"4.2";"2.9";"93.";"3.";"0.00";"0.00";"0.00"
"2015";"3";"3";"2";"2";"1467";"286.";"4.3";"2.9";"92.";"3.";"0.00";"0.00";"0.00"
"2015";"3";"3";"2";"3";"1468";"283.";"4.4";"2.6";"91.";"1.";"0.00";"0.00";"0.00"
"2015";"3";"3";"2";"4";"1469";"266.";"4.6";"2.8";"90.";"2.";"0.00";"0.00";"0.00"
"2015";"3";"3";"2";"5";"1470";"264.";"5.0";"2.8";"91.";"4.";"0.00";"0.00";"0.00"
"2015";"3";"3";"2";"6";"1471";"259.";"4.7";"2.7";"92.";"5.";"0.00";"0.00";"0.00"
"2015";"3";"3";"2";"7";"1472";"254.";"4.6";"2.7";"91.";"4.";"21.71";"79.85";"15.04"
"2015";"3";"3";"2";"8";"1473";"256.";"5.6";"3.1";"89.";"5.";"96.00";"168.56";"61.75"
"2015";"3";"3";"2";"9";"1474";"259.";"5.6";"3.6";"85.";"5.";"182.77";"244.24";"109.27"
"2015";"3";"3";"2";"10";"1475";"262.";"6.2";"4.5";"79.";"3.";"282.38";"416.20";"128.37"
"2015";"3";"3";"2";"11";"1476";"256.";"5.8";"5.0";"77.";"3.";"316.39";"430.63";"141.64"
"2015";"3";"3";"2";"12";"1477";"253.";"5.7";"5.7";"74.";"3.";"309.48";"387.51";"152.23"
"2015";"3";"3";"2";"13";"1478";"249.";"5.5";"5.5";"72.";"4.";"249.52";"316.35";"132.47"
"2015";"3";"3";"2";"14";"1479";"245.";"5.1";"5.4";"69.";"3.";"218.43";"386.56";"102.10"
"2015";"3";"3";"2";"15";"1480";"238.";"5.2";"5.1";"67.";"4.";"115.21";"260.38";"62.30"
"2015";"3";"3";"2";"16";"1481";"230.";"4.8";"3.9";"74.";"4.";"27.93";"117.82";"18.09"
"2015";"3";"3";"2";"17";"1482";"230.";"4.6";"3.2";"78.";"4.";"0.00";"0.00";"0.00"
"2015";"3";"3";"2";"18";"1483";"222.";"4.1";"2.7";"84.";"6.";"0.00";"0.00";"0.00"
"2015";"3";"3";"2";"19";"1484";"221.";"4.3";"2.2";"86.";"5.";"0.00";"0.00";"0.00"
"2015";"3";"3";"2";"20";"1485";"220.";"4.3";"2.0";"88.";"2.";"0.00";"0.00";"0.00"
"2015";"3";"3";"2";"21";"1486";"230.";"4.7";"2.0";"89.";"1.";"0.00";"0.00";"0.00"
"2015";"3";"3";"2";"22";"1487";"233.";"5.0";"2.0";"89.";"4.";"0.00";"0.00";"0.00"
"2015";"3";"3";"2";"23";"1488";"232.";"4.6";"1.6";"90.";"4.";"0.00";"0.00";"0.00"
"2015";"3";"4";"3";"0";"1489";"233.";"4.6";"1.5";"90.";"4.";"0.00";"0.00";"0.00"
"2015";"3";"4";"3";"1";"1490";"228.";"3.9";"1.5";"91.";"6.";"0.00";"0.00";"0.00"
"2015";"3";"4";"3";"2";"1491";"232.";"3.7";"1.3";"92.";"5.";"0.00";"0.00";"0.00"
"2015";"3";"4";"3";"3";"1492";"237.";"3.1";"1.2";"92.";"6.";"0.00";"0.00";"0.00"
"2015";"3";"4";"3";"4";"1493";"242.";"3.2";"1.5";"91.";"5.";"0.00";"0.00";"0.00"
"2015";"3";"4";"3";"5";"1494";"241.";"3.5";"1.5";"92.";"6.";"0.00";"0.00";"0.00"
"2015";"3";"4";"3";"6";"1495";"239.";"3.5";"1.6";"91.";"5.";"0.00";"0.00";"0.00"
"2015";"3";"4";"3";"7";"1496";"238.";"2.9";"1.5";"92.";"4.";"27.79";"113.76";"17.64"
"2015";"3";"4";"3";"8";"1497";"240.";"3.1";"2.2";"92.";"4.";"123.91";"250.21";"71.60"
"2015";"3";"4";"3";"9";"1498";"244.";"3.2";"3.2";"89.";"3.";"221.30";"378.91";"105.02"
"2015";"3";"4";"3";"10";"1499";"246.";"3.0";"4.3";"83.";"2.";"315.56";"491.35";"130.80"
"2015";"3";"4";"3";"11";"1500";"259.";"3.1";"5.4";"78.";"1.";"388.23";"624.06";"131.22"
"2015";"3";"4";"3";"12";"1501";"259.";"3.0";"5.0";"77.";"3.";"322.70";"437.14";"142.67"
"2015";"3";"4";"3";"13";"1502";"267.";"3.5";"5.5";"75.";"5.";"223.43";"248.26";"130.07"
"2015";"3";"4";"3";"14";"1503";"273.";"3.1";"5.9";"73.";"4.";"199.38";"317.38";"101.99"
"2015";"3";"4";"3";"15";"1504";"282.";"3.2";"5.5";"74.";"2.";"144.72";"376.67";"65.98"
"2015";"3";"4";"3";"16";"1505";"297.";"3.2";"4.8";"77.";"1.";"37.03";"219.46";"17.44"
"2015";"3";"4";"3";"17";"1506";"302.";"3.1";"3.0";"81.";"1.";"0.00";"0.00";"0.00"
"2015";"3";"4";"3";"18";"1507";"307.";"3.0";"1.7";"84.";"0.";"0.00";"0.00";"0.00"
"2015";"3";"4";"3";"19";"1508";"313.";"2.9";"1.3";"87.";"0.";"0.00";"0.00";"0.00"
"2015";"3";"4";"3";"20";"1509";"308.";"3.4";"0.3";"89.";"0.";"0.00";"0.00";"0.00"
"2015";"3";"4";"3";"21";"1510";"306.";"2.8";"-0.8";"90.";"0.";"0.00";"0.00";"0.00"
"2015";"3";"4";"3";"22";"1511";"295.";"2.3";"-1.7";"92.";"0.";"0.00";"0.00";"0.00"
"2015";"3";"4";"3";"23";"1512";"280.";"2.0";"-2.1";"93.";"0.";"0.00";"0.00";"0.00"
"2015";"3";"5";"4";"0";"1513";"286.";"1.1";"-2.4";"94.";"0.";"0.00";"0.00";"0.00"
"2015";"3";"5";"4";"1";"1514";"303.";"2.0";"-2.7";"94.";"0.";"0.00";"0.00";"0.00"
"2015";"3";"5";"4";"2";"1515";"312.";"2.4";"-3.0";"94.";"4.";"0.00";"0.00";"0.00"
"2015";"3";"5";"4";"3";"1516";"295.";"2.6";"-3.4";"94.";"0.";"0.00";"0.00";"0.00"
"2015";"3";"5";"4";"4";"1517";"313.";"2.2";"-3.6";"94.";"1.";"0.00";"0.00";"0.00"
"2015";"3";"5";"4";"5";"1518";"314.";"1.9";"-3.5";"94.";"1.";"0.00";"0.00";"0.00"
"2015";"3";"5";"4";"6";"1519";"303.";"2.2";"-2.9";"94.";"0.";"0.00";"0.00";"0.00"
"2015";"3";"5";"4";"7";"1520";"298.";"2.2";"-3.2";"94.";"0.";"52.15";"266.96";"26.79"
"2015";"3";"5";"4";"8";"1521";"302.";"1.5";"-0.5";"94.";"0.";"184.06";"570.79";"61.38"
"2015";"3";"5";"4";"9";"1522";"291.";"1.2";"2.0";"91.";"0.";"296.13";"628.11";"99.64"
"2015";"3";"5";"4";"10";"1523";"283.";"1.8";"4.8";"78.";"2.";"349.13";"601.01";"119.51"
"2015";"3";"5";"4";"11";"1524";"271.";"2.4";"5.8";"67.";"1.";"424.00";"727.47";"120.00"
"2015";"3";"5";"4";"12";"1525";"268.";"3.6";"6.4";"64.";"0.";"437.72";"802.15";"102.51"
"2015";"3";"5";"4";"13";"1526";"267.";"3.4";"6.8";"66.";"1.";"376.45";"680.74";"116.38"
"2015";"3";"5";"4";"14";"1527";"260.";"2.8";"5.8";"68.";"4.";"209.75";"356.07";"98.37"
"2015";"3";"5";"4";"15";"1528";"250.";"3.0";"5.8";"71.";"7.";"117.77";"68.85";"102.97"
"2015";"3";"5";"4";"16";"1529";"237.";"2.9";"4.9";"79.";"8.";"13.56";"0.00";"13.56"
"2015";"3";"5";"4";"17";"1530";"207.";"2.9";"4.3";"84.";"8.";"0.00";"0.00";"0.00"
"2015";"3";"5";"4";"18";"1531";"208.";"3.2";"3.7";"87.";"4.";"0.00";"0.00";"0.00"
"2015";"3";"5";"4";"19";"1532";"189.";"4.0";"3.4";"88.";"7.";"0.00";"0.00";"0.00"
"2015";"3";"5";"4";"20";"1533";"192.";"5.1";"4.0";"85.";"8.";"0.00";"0.00";"0.00"
"2015";"3";"5";"4";"21";"1534";"200.";"6.1";"4.4";"83.";"8.";"0.00";"0.00";"0.00"
"2015";"3";"5";"4";"22";"1535";"205.";"6.7";"4.6";"83.";"8.";"0.00";"0.00";"0.00"
"2015";"3";"5";"4";"23";"1536";"209.";"7.2";"4.4";"88.";"8.";"0.00";"0.00";"0.00"
"2015";"3";"6";"5";"0";"1537";"212.";"7.7";"4.5";"90.";"8.";"0.00";"0.00";"0.00"
"2015";"3";"6";"5";"1";"1538";"211.";"7.7";"4.5";"93.";"8.";"0.00";"0.00";"0.00"
"2015";"3";"6";"5";"2";"1539";"212.";"7.5";"4.6";"92.";"8.";"0.00";"0.00";"0.00"
"2015";"3";"6";"5";"3";"1540";"213.";"7.1";"4.5";"92.";"8.";"0.00";"0.00";"0.00"
"2015";"3";"6";"5";"4";"1541";"216.";"6.8";"4.5";"92.";"8.";"0.00";"0.00";"0.00"
"2015";"3";"6";"5";"5";"1542";"217.";"6.9";"4.7";"93.";"8.";"0.00";"0.00";"0.00"
"2015";"3";"6";"5";"6";"1543";"219.";"6.1";"4.6";"93.";"8.";"0.00";"0.00";"0.00"
"2015";"3";"6";"5";"7";"1544";"231.";"5.6";"4.9";"94.";"8.";"11.06";"0.00";"11.06"
"2015";"3";"6";"5";"8";"1545";"241.";"4.6";"4.9";"95.";"8.";"47.33";"0.00";"47.33"
"2015";"3";"6";"5";"9";"1546";"263.";"4.9";"5.1";"95.";"8.";"81.42";"0.00";"81.42"
"2015";"3";"6";"5";"10";"1547";"271.";"4.4";"4.7";"94.";"8.";"110.91";"0.00";"110.91"
"2015";"3";"6";"5";"11";"1548";"279.";"4.2";"5.0";"91.";"6.";"240.63";"189.45";"160.31"
"2015";"3";"6";"5";"12";"1549";"286.";"5.0";"6.1";"86.";"5.";"256.79";"259.37";"146.83"
"2015";"3";"6";"5";"13";"1550";"284.";"5.2";"6.6";"82.";"4.";"262.47";"326.04";"135.94"
"2015";"3";"6";"5";"14";"1551";"282.";"5.0";"7.1";"79.";"4.";"203.02";"292.73";"109.70"
"2015";"3";"6";"5";"15";"1552";"283.";"4.4";"7.0";"82.";"4.";"120.13";"225.95";"70.24"
"2015";"3";"6";"5";"16";"1553";"282.";"3.2";"6.4";"83.";"2.";"38.11";"169.30";"21.04"
"2015";"3";"6";"5";"17";"1554";"263.";"2.2";"4.9";"89.";"2.";"0.00";"0.00";"0.00"
"2015";"3";"6";"5";"18";"1555";"246.";"1.8";"4.3";"93.";"6.";"0.00";"0.00";"0.00"
"2015";"3";"6";"5";"19";"1556";"215.";"2.5";"4.1";"94.";"7.";"0.00";"0.00";"0.00"
"2015";"3";"6";"5";"20";"1557";"181.";"3.1";"4.5";"94.";"8.";"0.00";"0.00";"0.00"
"2015";"3";"6";"5";"21";"1558";"184.";"4.3";"4.8";"93.";"8.";"0.00";"0.00";"0.00"
"2015";"3";"6";"5";"22";"1559";"197.";"5.9";"5.6";"93.";"8.";"0.00";"0.00";"0.00"
"2015";"3";"6";"5";"23";"1560";"203.";"6.4";"5.4";"93.";"8.";"0.00";"0.00";"0.00"
"2015";"3";"7";"6";"0";"1561";"200.";"6.9";"5.3";"93.";"8.";"0.00";"0.00";"0.00"
"2015";"3";"7";"6";"1";"1562";"208.";"7.3";"5.1";"90.";"8.";"0.00";"0.00";"0.00"
"2015";"3";"7";"6";"2";"1563";"202.";"7.6";"5.0";"88.";"8.";"0.00";"0.00";"0.00"
"2015";"3";"7";"6";"3";"1564";"195.";"8.1";"4.8";"87.";"8.";"0.00";"0.00";"0.00"
"2015";"3";"7";"6";"4";"1565";"182.";"8.6";"4.7";"85.";"8.";"0.00";"0.00";"0.00"
"2015";"3";"7";"6";"5";"1566";"179.";"9.0";"4.3";"86.";"5.";"0.00";"0.00";"0.00"
"2015";"3";"7";"6";"6";"1567";"177.";"9.5";"4.2";"86.";"8.";"0.00";"0.00";"0.00"
"2015";"3";"7";"6";"7";"1568";"176.";"10.0";"4.4";"87.";"7.";"21.27";"27.69";"18.32"
"2015";"3";"7";"6";"8";"1569";"182.";"9.7";"4.4";"87.";"8.";"70.22";"0.00";"70.22"
"2015";"3";"7";"6";"9";"1570";"189.";"9.8";"4.6";"87.";"8.";"111.47";"0.00";"111.47"
"2015";"3";"7";"6";"10";"1571";"192.";"9.6";"4.8";"86.";"8.";"124.96";"0.00";"124.96"
"2015";"3";"7";"6";"11";"1572";"195.";"8.8";"5.1";"84.";"7.";"165.23";"57.75";"140.40"
"2015";"3";"7";"6";"12";"1573";"197.";"8.7";"5.5";"83.";"8.";"124.76";"0.00";"124.76"
"2015";"3";"7";"6";"13";"1574";"197.";"7.9";"6.0";"81.";"8.";"132.09";"0.00";"132.09"
"2015";"3";"7";"6";"14";"1575";"199.";"7.2";"6.4";"81.";"8.";"89.16";"0.00";"89.16"
"2015";"3";"7";"6";"15";"1576";"200.";"6.8";"6.2";"83.";"8.";"53.90";"0.00";"53.90"
"2015";"3";"7";"6";"16";"1577";"199.";"6.9";"6.1";"86.";"8.";"14.47";"0.00";"14.47"
"2015";"3";"7";"6";"17";"1578";"195.";"7.1";"6.1";"86.";"8.";"0.00";"0.00";"0.00"
"2015";"3";"7";"6";"18";"1579";"195.";"7.6";"6.2";"86.";"8.";"0.00";"0.00";"0.00"
"2015";"3";"7";"6";"19";"1580";"196.";"7.5";"6.1";"86.";"8.";"0.00";"0.00";"0.00"
"2015";"3";"7";"6";"20";"1581";"197.";"7.7";"6.0";"87.";"8.";"0.00";"0.00";"0.00"
"2015";"3";"7";"6";"21";"1582";"201.";"7.5";"5.8";"87.";"8.";"0.00";"0.00";"0.00"
"2015";"3";"7";"6";"22";"1583";"199.";"7.6";"5.6";"88.";"8.";"0.00";"0.00";"0.00"
"2015";"3";"7";"6";"23";"1584";"192.";"7.9";"5.6";"88.";"8.";"0.00";"0.00";"0.00"
"2015";"3";"8";"7";"0";"1585";"189.";"7.8";"5.6";"89.";"8.";"0.00";"0.00";"0.00"
"2015";"3";"8";"7";"1";"1586";"189.";"7.7";"5.8";"88.";"8.";"0.00";"0.00";"0.00"
"2015";"3";"8";"7";"2";"1587";"179.";"8.0";"5.8";"89.";"8.";"0.00";"0.00";"0.00"
"2015";"3";"8";"7";"3";"1588";"180.";"7.7";"5.5";"87.";"8.";"0.00";"0.00";"0.00"
"2015";"3";"8";"7";"4";"1589";"181.";"7.7";"5.7";"86.";"7.";"0.00";"0.00";"0.00"
"2015";"3";"8";"7";"5";"1590";"181.";"7.9";"5.1";"86.";"3.";"0.00";"0.00";"0.00"
"2015";"3";"8";"7";"6";"1591";"178.";"8.0";"5.0";"87.";"3.";"0.00";"0.00";"0.00"
"2015";"3";"8";"7";"7";"1592";"182.";"7.7";"5.2";"87.";"5.";"35.13";"76.31";"26.55"
"2015";"3";"8";"7";"8";"1593";"187.";"8.2";"5.7";"87.";"4.";"124.24";"185.66";"81.04"
"2015";"3";"8";"7";"9";"1594";"191.";"8.3";"6.3";"85.";"4.";"201.12";"225.75";"126.44"
"2015";"3";"8";"7";"10";"1595";"193.";"8.4";"7.1";"84.";"4.";"269.67";"241.23";"173.14"
"2015";"3";"8";"7";"11";"1596";"188.";"8.4";"6.7";"84.";"7.";"170.42";"64.17";"142.43"
"2015";"3";"8";"7";"12";"1597";"188.";"8.4";"6.4";"85.";"8.";"126.38";"0.00";"126.38"
"2015";"3";"8";"7";"13";"1598";"188.";"8.0";"6.2";"85.";"8.";"114.62";"0.00";"114.62"
"2015";"3";"8";"7";"14";"1599";"191.";"7.5";"6.4";"85.";"8.";"89.59";"0.00";"89.59"
"2015";"3";"8";"7";"15";"1600";"188.";"6.4";"6.8";"86.";"8.";"54.07";"0.00";"54.07"
"2015";"3";"8";"7";"16";"1601";"194.";"5.8";"6.8";"86.";"8.";"15.51";"0.00";"15.51"
"2015";"3";"8";"7";"17";"1602";"200.";"5.1";"6.2";"90.";"8.";"0.00";"0.00";"0.00"
"2015";"3";"8";"7";"18";"1603";"199.";"5.5";"6.0";"94.";"8.";"0.00";"0.00";"0.00"
"2015";"3";"8";"7";"19";"1604";"206.";"5.6";"6.1";"95.";"7.";"0.00";"0.00";"0.00"
"2015";"3";"8";"7";"20";"1605";"211.";"6.2";"6.2";"94.";"8.";"0.00";"0.00";"0.00"
"2015";"3";"8";"7";"21";"1606";"220.";"6.6";"6.0";"95.";"8.";"0.00";"0.00";"0.00"
"2015";"3";"8";"7";"22";"1607";"220.";"6.0";"5.8";"95.";"8.";"0.00";"0.00";"0.00"
"2015";"3";"8";"7";"23";"1608";"232.";"5.4";"5.9";"95.";"8.";"0.00";"0.00";"0.00"
"2015";"3";"9";"1";"0";"1609";"254.";"4.9";"6.0";"96.";"8.";"0.00";"0.00";"0.00"
"2015";"3";"9";"1";"1";"1610";"260.";"4.4";"5.5";"94.";"8.";"0.00";"0.00";"0.00"
"2015";"3";"9";"1";"2";"1611";"271.";"2.8";"4.2";"94.";"6.";"0.00";"0.00";"0.00"
"2015";"3";"9";"1";"3";"1612";"294.";"3.3";"3.3";"92.";"3.";"0.00";"0.00";"0.00"
"2015";"3";"9";"1";"4";"1613";"296.";"3.9";"2.3";"92.";"1.";"0.00";"0.00";"0.00"
"2015";"3";"9";"1";"5";"1614";"298.";"3.2";"2.2";"93.";"0.";"0.00";"0.00";"0.00"
"2015";"3";"9";"1";"6";"1615";"293.";"2.8";"2.5";"93.";"0.";"0.00";"0.00";"0.00"
"2015";"3";"9";"1";"7";"1616";"294.";"2.4";"2.6";"93.";"0.";"66.12";"278.59";"33.15"
"2015";"3";"9";"1";"8";"1617";"288.";"2.8";"4.0";"91.";"0.";"194.99";"450.07";"87.59"
"2015";"3";"9";"1";"9";"1618";"284.";"3.3";"5.6";"84.";"0.";"319.36";"624.22";"109.10"
"2015";"3";"9";"1";"10";"1619";"289.";"3.4";"6.6";"77.";"0.";"413.65";"746.88";"110.21"
"2015";"3";"9";"1";"11";"1620";"289.";"4.3";"7.1";"70.";"0.";"456.14";"737.56";"129.97"
"2015";"3";"9";"1";"12";"1621";"283.";"4.7";"7.6";"67.";"1.";"439.24";"647.26";"153.01"
"2015";"3";"9";"1";"13";"1622";"273.";"3.4";"7.3";"65.";"1.";"381.81";"619.73";"130.03"
"2015";"3";"9";"1";"14";"1623";"266.";"2.5";"7.6";"62.";"1.";"302.59";"577.03";"108.23"
"2015";"3";"9";"1";"15";"1624";"264.";"2.4";"7.5";"61.";"0.";"208.29";"578.24";"70.31"
"2015";"3";"9";"1";"16";"1625";"246.";"1.8";"6.3";"66.";"1.";"67.43";"287.48";"33.41"
"2015";"3";"9";"1";"17";"1626";"193.";"2.0";"4.8";"75.";"4.";"0.00";"0.00";"0.00"
"2015";"3";"9";"1";"18";"1627";"168.";"3.3";"3.3";"80.";"6.";"0.00";"0.00";"0.00"
"2015";"3";"9";"1";"19";"1628";"165.";"4.2";"3.0";"83.";"7.";"0.00";"0.00";"0.00"
"2015";"3";"9";"1";"20";"1629";"166.";"5.5";"3.2";"83.";"6.";"0.00";"0.00";"0.00"
"2015";"3";"9";"1";"21";"1630";"162.";"7.1";"3.5";"82.";"8.";"0.00";"0.00";"0.00"
"2015";"3";"9";"1";"22";"1631";"170.";"7.7";"4.2";"81.";"8.";"0.00";"0.00";"0.00"
"2015";"3";"9";"1";"23";"1632";"179.";"8.2";"5.0";"80.";"7.";"0.00";"0.00";"0.00"
"2015";"3";"10";"2";"0";"1633";"183.";"8.6";"5.0";"85.";"6.";"0.00";"0.00";"0.00"
"2015";"3";"10";"2";"1";"1634";"182.";"8.4";"5.2";"84.";"8.";"0.00";"0.00";"0.00"
"2015";"3";"10";"2";"2";"1635";"177.";"9.7";"5.0";"85.";"8.";"0.00";"0.00";"0.00"
"2015";"3";"10";"2";"3";"1636";"177.";"10.9";"4.9";"89.";"8.";"0.00";"0.00";"0.00"
"2015";"3";"10";"2";"4";"1637";"188.";"10.2";"5.2";"89.";"8.";"0.00";"0.00";"0.00"
"2015";"3";"10";"2";"5";"1638";"199.";"8.9";"5.4";"91.";"8.";"0.00";"0.00";"0.00"
"2015";"3";"10";"2";"6";"1639";"200.";"8.0";"5.4";"93.";"7.";"0.00";"0.00";"0.00"
"2015";"3";"10";"2";"7";"1640";"211.";"7.9";"5.7";"92.";"6.";"30.73";"41.27";"25.60"
"2015";"3";"10";"2";"8";"1641";"216.";"8.2";"6.2";"87.";"4.";"140.04";"188.42";"93.95"
"2015";"3";"10";"2";"9";"1642";"223.";"8.4";"6.8";"81.";"3.";"249.86";"299.91";"147.03"
"2015";"3";"10";"2";"10";"1643";"227.";"8.0";"7.7";"76.";"2.";"332.81";"393.97";"170.35"
"2015";"3";"10";"2";"11";"1644";"234.";"8.0";"8.1";"72.";"2.";"370.20";"411.24";"185.83"
"2015";"3";"10";"2";"12";"1645";"235.";"8.4";"8.3";"69.";"4.";"314.46";"273.54";"191.83"
"2015";"3";"10";"2";"13";"1646";"239.";"8.7";"8.4";"67.";"5.";"253.50";"202.47";"170.01"
"2015";"3";"10";"2";"14";"1647";"240.";"8.5";"8.0";"68.";"4.";"224.62";"241.65";"141.77"
"2015";"3";"10";"2";"15";"1648";"243.";"8.4";"7.7";"71.";"5.";"133.10";"149.50";"96.53"
"2015";"3";"10";"2";"16";"1649";"244.";"8.4";"7.0";"74.";"3.";"51.68";"140.64";"34.20"
"2015";"3";"10";"2";"17";"1650";"245.";"8.1";"6.1";"79.";"3.";"0.00";"0.00";"0.00"
"2015";"3";"10";"2";"18";"1651";"249.";"7.7";"5.6";"81.";"3.";"0.00";"0.00";"0.00"
"2015";"3";"10";"2";"19";"1652";"252.";"7.9";"5.2";"82.";"2.";"0.00";"0.00";"0.00"
"2015";"3";"10";"2";"20";"1653";"259.";"8.1";"4.9";"84.";"3.";"0.00";"0.00";"0.00"
"2015";"3";"10";"2";"21";"1654";"266.";"8.3";"4.8";"85.";"4.";"0.00";"0.00";"0.00"
"2015";"3";"10";"2";"22";"1655";"275.";"7.3";"4.8";"84.";"2.";"0.00";"0.00";"0.00"
"2015";"3";"10";"2";"23";"1656";"284.";"6.4";"4.7";"84.";"1.";"0.00";"0.00";"0.00"
"2015";"3";"11";"3";"0";"1657";"293.";"7.0";"5.0";"78.";"2.";"0.00";"0.00";"0.00"
"2015";"3";"11";"3";"1";"1658";"308.";"6.8";"5.4";"74.";"3.";"0.00";"0.00";"0.00"
"2015";"3";"11";"3";"2";"1659";"322.";"7.0";"5.6";"69.";"6.";"0.00";"0.00";"0.00"
"2015";"3";"11";"3";"3";"1660";"334.";"6.9";"5.8";"68.";"5.";"0.00";"0.00";"0.00"
"2015";"3";"11";"3";"4";"1661";"340.";"6.6";"5.0";"67.";"2.";"0.00";"0.00";"0.00"
"2015";"3";"11";"3";"5";"1662";"343.";"5.5";"4.3";"67.";"0.";"0.00";"0.00";"0.00"
"2015";"3";"11";"3";"6";"1663";"344.";"5.1";"4.3";"67.";"0.";"0.00";"0.00";"0.00"
"2015";"3";"11";"3";"7";"1664";"349.";"4.9";"4.3";"65.";"0.";"87.38";"402.77";"34.97"
"2015";"3";"11";"3";"8";"1665";"5.";"4.9";"6.1";"57.";"0.";"227.81";"626.83";"70.74"
"2015";"3";"11";"3";"9";"1666";"27.";"5.7";"7.6";"50.";"0.";"354.45";"776.27";"83.60"
"2015";"3";"11";"3";"10";"1667";"37.";"5.9";"8.3";"47.";"0.";"444.84";"846.82";"90.49"
"2015";"3";"11";"3";"11";"1668";"38.";"5.4";"9.4";"45.";"0.";"482.80";"801.87";"118.39"
"2015";"3";"11";"3";"12";"1669";"33.";"4.7";"9.5";"45.";"0.";"487.36";"841.72";"104.86"
"2015";"3";"11";"3";"13";"1670";"36.";"4.3";"9.7";"44.";"0.";"445.71";"859.71";"85.97"
"2015";"3";"11";"3";"14";"1671";"41.";"4.2";"10.1";"43.";"0.";"356.65";"805.01";"75.77"
"2015";"3";"11";"3";"15";"1672";"54.";"3.6";"10.3";"44.";"0.";"230.42";"670.85";"62.33"
"2015";"3";"11";"3";"16";"1673";"44.";"2.4";"9.6";"46.";"0.";"88.64";"442.18";"31.10"
"2015";"3";"11";"3";"17";"1674";"42.";"1.8";"7.7";"54.";"0.";"0.00";"0.00";"0.00"
"2015";"3";"11";"3";"18";"1675";"39.";"1.6";"5.9";"63.";"0.";"0.00";"0.00";"0.00"
"2015";"3";"11";"3";"19";"1676";"86.";"2.4";"3.6";"72.";"0.";"0.00";"0.00";"0.00"
"2015";"3";"11";"3";"20";"1677";"97.";"2.8";"3.1";"73.";"0.";"0.00";"0.00";"0.00"
"2015";"3";"11";"3";"21";"1678";"108.";"2.7";"2.5";"75.";"0.";"0.00";"0.00";"0.00"
"2015";"3";"11";"3";"22";"1679";"120.";"1.9";"1.4";"78.";"0.";"0.00";"0.00";"0.00"
"2015";"3";"11";"3";"23";"1680";"120.";"2.6";"2.0";"78.";"0.";"0.00";"0.00";"0.00"
"2015";"3";"12";"4";"0";"1681";"126.";"3.2";"1.3";"80.";"0.";"0.00";"0.00";"0.00"
"2015";"3";"12";"4";"1";"1682";"127.";"3.9";"2.1";"80.";"0.";"0.00";"0.00";"0.00"
"2015";"3";"12";"4";"2";"1683";"133.";"3.5";"1.7";"79.";"0.";"0.00";"0.00";"0.00"
"2015";"3";"12";"4";"3";"1684";"167.";"2.4";"0.9";"79.";"2.";"0.00";"0.00";"0.00"
"2015";"3";"12";"4";"4";"1685";"144.";"3.2";"0.0";"81.";"3.";"0.00";"0.00";"0.00"
"2015";"3";"12";"4";"5";"1686";"140.";"3.7";"0.8";"80.";"5.";"0.00";"0.00";"0.00"
"2015";"3";"12";"4";"6";"1687";"141.";"3.2";"1.0";"79.";"8.";"0.00";"0.00";"0.00"
"2015";"3";"12";"4";"7";"1688";"137.";"4.2";"2.4";"71.";"7.";"54.04";"62.66";"45.52"
"2015";"3";"12";"4";"8";"1689";"143.";"4.4";"3.4";"61.";"2.";"221.13";"555.56";"78.60"
"2015";"3";"12";"4";"9";"1690";"146.";"4.0";"5.0";"54.";"2.";"321.85";"594.88";"110.69"
"2015";"3";"12";"4";"10";"1691";"156.";"3.2";"7.1";"48.";"1.";"423.39";"770.12";"96.45"
"2015";"3";"12";"4";"11";"1692";"164.";"2.6";"8.2";"47.";"1.";"462.58";"761.64";"111.81"
"2015";"3";"12";"4";"12";"1693";"202.";"2.0";"8.5";"51.";"1.";"474.53";"732.68";"137.10"
"2015";"3";"12";"4";"13";"1694";"234.";"2.3";"8.5";"53.";"1.";"430.88";"722.56";"124.13"
"2015";"3";"12";"4";"14";"1695";"244.";"2.5";"7.7";"55.";"0.";"359.98";"776.43";"84.38"
"2015";"3";"12";"4";"15";"1696";"244.";"2.0";"7.8";"56.";"0.";"236.01";"670.40";"64.01"
"2015";"3";"12";"4";"16";"1697";"253.";"1.7";"7.0";"61.";"0.";"92.98";"450.78";"31.65"
"2015";"3";"12";"4";"17";"1698";"275.";"1.4";"5.2";"70.";"0.";"0.00";"0.00";"0.00"
"2015";"3";"12";"4";"18";"1699";"300.";"0.8";"2.8";"79.";"1.";"0.00";"0.00";"0.00"
"2015";"3";"12";"4";"19";"1700";"354.";"0.9";"1.5";"85.";"0.";"0.00";"0.00";"0.00"
"2015";"3";"12";"4";"20";"1701";"33.";"1.3";"0.8";"88.";"0.";"0.00";"0.00";"0.00"
"2015";"3";"12";"4";"21";"1702";"60.";"1.7";"0.2";"91.";"0.";"0.00";"0.00";"0.00"
"2015";"3";"12";"4";"22";"1703";"79.";"1.9";"0.0";"89.";"0.";"0.00";"0.00";"0.00"
"2015";"3";"12";"4";"23";"1704";"107.";"2.2";"-0.2";"86.";"1.";"0.00";"0.00";"0.00"
"2015";"3";"13";"5";"0";"1705";"109.";"3.0";"0.1";"80.";"1.";"0.00";"0.00";"0.00"
"2015";"3";"13";"5";"1";"1706";"110.";"3.4";"0.3";"74.";"0.";"0.00";"0.00";"0.00"
"2015";"3";"13";"5";"2";"1707";"107.";"2.3";"-0.1";"74.";"0.";"0.00";"0.00";"0.00"
"2015";"3";"13";"5";"3";"1708";"105.";"2.8";"-0.3";"72.";"0.";"0.00";"0.00";"0.00"
"2015";"3";"13";"5";"4";"1709";"89.";"2.9";"-1.2";"74.";"0.";"0.00";"0.00";"0.00"
"2015";"3";"13";"5";"5";"1710";"81.";"2.7";"-1.7";"75.";"0.";"0.00";"0.00";"0.00"
"2015";"3";"13";"5";"6";"1711";"75.";"2.5";"-1.9";"77.";"1.";"0.00";"0.00";"0.00"
"2015";"3";"13";"5";"7";"1712";"80.";"3.1";"-0.9";"76.";"0.";"110.15";"533.87";"34.34"
"2015";"3";"13";"5";"8";"1713";"83.";"2.9";"1.1";"68.";"0.";"249.85";"712.10";"62.87"
"2015";"3";"13";"5";"9";"1714";"90.";"3.4";"3.9";"52.";"0.";"376.47";"833.14";"75.70"
"2015";"3";"13";"5";"10";"1715";"90.";"3.3";"5.2";"40.";"0.";"461.98";"831.64";"103.85"
"2015";"3";"13";"5";"11";"1716";"88.";"3.6";"6.9";"32.";"0.";"511.47";"875.68";"102.82"
"2015";"3";"13";"5";"12";"1717";"86.";"3.2";"7.8";"29.";"0.";"511.63";"874.50";"103.54"
"2015";"3";"13";"5";"13";"1718";"73.";"2.4";"8.7";"28.";"0.";"465.63";"856.18";"96.94"
"2015";"3";"13";"5";"14";"1719";"65.";"2.5";"9.1";"28.";"0.";"375.93";"797.31";"88.09"
"2015";"3";"13";"5";"15";"1720";"61.";"3.4";"9.2";"27.";"0.";"252.29";"691.29";"70.78"
"2015";"3";"13";"5";"16";"1721";"58.";"3.6";"8.1";"34.";"0.";"109.11";"508.11";"36.96"
"2015";"3";"13";"5";"17";"1722";"56.";"3.5";"6.3";"43.";"0.";"0.00";"0.00";"0.00"
"2015";"3";"13";"5";"18";"1723";"49.";"3.4";"4.5";"55.";"0.";"0.00";"0.00";"0.00"
"2015";"3";"13";"5";"19";"1724";"52.";"3.8";"3.3";"61.";"0.";"0.00";"0.00";"0.00"
"2015";"3";"13";"5";"20";"1725";"39.";"3.6";"2.0";"66.";"0.";"0.00";"0.00";"0.00"
"2015";"3";"13";"5";"21";"1726";"38.";"3.6";"1.0";"74.";"0.";"0.00";"0.00";"0.00"
"2015";"3";"13";"5";"22";"1727";"35.";"3.5";"0.6";"74.";"0.";"0.00";"0.00";"0.00"
"2015";"3";"13";"5";"23";"1728";"42.";"3.8";"0.2";"74.";"0.";"0.00";"0.00";"0.00"
"2015";"3";"14";"6";"0";"1729";"35.";"3.7";"-0.6";"73.";"1.";"0.00";"0.00";"0.00"
"2015";"3";"14";"6";"1";"1730";"32.";"3.9";"-1.0";"74.";"0.";"0.00";"0.00";"0.00"
"2015";"3";"14";"6";"2";"1731";"38.";"3.9";"-1.0";"73.";"0.";"0.00";"0.00";"0.00"
"2015";"3";"14";"6";"3";"1732";"37.";"4.5";"-1.1";"75.";"0.";"0.00";"0.00";"0.00"
"2015";"3";"14";"6";"4";"1733";"46.";"5.1";"-1.2";"77.";"0.";"0.00";"0.00";"0.00"
"2015";"3";"14";"6";"5";"1734";"43.";"5.3";"-1.0";"78.";"0.";"0.00";"0.00";"0.00"
"2015";"3";"14";"6";"6";"1735";"46.";"5.3";"-1.0";"79.";"0.";"0.00";"0.00";"0.00"
"2015";"3";"14";"6";"7";"1736";"45.";"5.1";"-0.3";"75.";"1.";"111.93";"474.01";"41.81"
"2015";"3";"14";"6";"8";"1737";"37.";"5.1";"1.0";"65.";"5.";"180.46";"286.25";"103.58"
"2015";"3";"14";"6";"9";"1738";"47.";"5.8";"2.7";"57.";"3.";"334.55";"518.38";"144.27"
"2015";"3";"14";"6";"10";"1739";"47.";"5.5";"5.0";"47.";"6.";"348.95";"216.60";"254.36"
"2015";"3";"14";"6";"11";"1740";"43.";"5.2";"6.6";"42.";"7.";"357.62";"111.94";"304.70"
"2015";"3";"14";"6";"12";"1741";"43.";"5.1";"7.8";"39.";"3.";"453.52";"548.84";"194.04"
"2015";"3";"14";"6";"13";"1742";"40.";"5.0";"8.7";"37.";"4.";"389.62";"420.37";"206.04"
"2015";"3";"14";"6";"14";"1743";"36.";"4.7";"9.2";"37.";"2.";"350.16";"608.48";"126.80"
"2015";"3";"14";"6";"15";"1744";"43.";"5.1";"9.1";"37.";"2.";"236.56";"537.44";"92.21"
"2015";"3";"14";"6";"16";"1745";"42.";"4.7";"7.9";"44.";"8.";"72.49";"0.00";"72.49"
"2015";"3";"14";"6";"17";"1746";"50.";"4.7";"6.6";"48.";"8.";"0.00";"0.00";"0.00"
"2015";"3";"14";"6";"18";"1747";"48.";"4.5";"5.5";"52.";"7.";"0.00";"0.00";"0.00"
"2015";"3";"14";"6";"19";"1748";"54.";"5.1";"4.9";"53.";"8.";"0.00";"0.00";"0.00"
"2015";"3";"14";"6";"20";"1749";"58.";"6.0";"4.4";"54.";"8.";"0.00";"0.00";"0.00"
"2015";"3";"14";"6";"21";"1750";"55.";"5.3";"4.0";"55.";"8.";"0.00";"0.00";"0.00"
"2015";"3";"14";"6";"22";"1751";"51.";"5.1";"3.2";"57.";"8.";"0.00";"0.00";"0.00"
"2015";"3";"14";"6";"23";"1752";"49.";"4.9";"2.8";"59.";"8.";"0.00";"0.00";"0.00"
"2015";"3";"15";"7";"0";"1753";"51.";"5.0";"2.3";"60.";"8.";"0.00";"0.00";"0.00"
"2015";"3";"15";"7";"1";"1754";"50.";"4.3";"1.8";"61.";"6.";"0.00";"0.00";"0.00"
"2015";"3";"15";"7";"2";"1755";"46.";"4.2";"1.4";"64.";"5.";"0.00";"0.00";"0.00"
"2015";"3";"15";"7";"3";"1756";"49.";"4.6";"0.9";"66.";"0.";"0.00";"0.00";"0.00"
"2015";"3";"15";"7";"4";"1757";"54.";"5.0";"0.6";"69.";"3.";"0.00";"0.00";"0.00"
"2015";"3";"15";"7";"5";"1758";"56.";"5.3";"0.5";"70.";"6.";"0.00";"0.00";"0.00"
"2015";"3";"15";"7";"6";"1759";"60.";"5.6";"1.0";"70.";"7.";"0.00";"0.00";"0.00"
"2015";"3";"15";"7";"7";"1760";"61.";"5.5";"1.6";"69.";"7.";"73.29";"67.47";"62.91"
"2015";"3";"15";"7";"8";"1761";"68.";"4.8";"2.9";"66.";"7.";"146.54";"95.36";"120.36"
"2015";"3";"15";"7";"9";"1762";"70.";"4.4";"4.6";"63.";"1.";"359.16";"723.02";"89.38"
"2015";"3";"15";"7";"10";"1763";"72.";"4.0";"7.0";"57.";"1.";"449.07";"716.65";"131.73"
"2015";"3";"15";"7";"11";"1764";"80.";"3.7";"8.8";"52.";"2.";"476.18";"655.70";"162.19"
"2015";"3";"15";"7";"12";"1765";"88.";"3.6";"9.7";"50.";"4.";"392.70";"423.89";"189.71"
"2015";"3";"15";"7";"13";"1766";"90.";"3.9";"10.4";"49.";"3.";"411.55";"516.60";"182.80"
"2015";"3";"15";"7";"14";"1767";"93.";"4.4";"11.0";"48.";"5.";"301.19";"298.55";"189.80"
"2015";"3";"15";"7";"15";"1768";"97.";"3.9";"10.9";"50.";"5.";"202.54";"261.08";"130.85"
"2015";"3";"15";"7";"16";"1769";"80.";"3.2";"10.5";"52.";"5.";"71.37";"189.27";"42.24"
"2015";"3";"15";"7";"17";"1770";"75.";"4.2";"9.9";"56.";"8.";"0.00";"0.00";"0.00"
"2015";"3";"15";"7";"18";"1771";"69.";"4.0";"9.1";"61.";"8.";"0.00";"0.00";"0.00"
"2015";"3";"15";"7";"19";"1772";"85.";"4.1";"8.3";"63.";"8.";"0.00";"0.00";"0.00"
"2015";"3";"15";"7";"20";"1773";"94.";"4.2";"7.5";"68.";"6.";"0.00";"0.00";"0.00"
"2015";"3";"15";"7";"21";"1774";"108.";"4.2";"6.6";"67.";"6.";"0.00";"0.00";"0.00"
"2015";"3";"15";"7";"22";"1775";"109.";"5.0";"6.4";"69.";"5.";"0.00";"0.00";"0.00"
"2015";"3";"15";"7";"23";"1776";"107.";"4.3";"6.7";"69.";"8.";"0.00";"0.00";"0.00"
"2015";"3";"16";"1";"0";"1777";"108.";"3.6";"6.4";"69.";"8.";"0.00";"0.00";"0.00"
"2015";"3";"16";"1";"1";"1778";"104.";"3.4";"6.1";"71.";"8.";"0.00";"0.00";"0.00"
"2015";"3";"16";"1";"2";"1779";"87.";"3.5";"6.0";"71.";"8.";"0.00";"0.00";"0.00"
"2015";"3";"16";"1";"3";"1780";"84.";"4.4";"5.8";"73.";"8.";"0.00";"0.00";"0.00"
"2015";"3";"16";"1";"4";"1781";"80.";"4.3";"5.6";"74.";"8.";"0.00";"0.00";"0.00"
"2015";"3";"16";"1";"5";"1782";"74.";"4.1";"5.6";"75.";"8.";"0.00";"0.00";"0.00"
"2015";"3";"16";"1";"6";"1783";"75.";"3.7";"5.4";"75.";"8.";"0.00";"0.00";"0.00"
"2015";"3";"16";"1";"7";"1784";"84.";"3.5";"5.7";"75.";"8.";"34.97";"0.00";"34.97"
"2015";"3";"16";"1";"8";"1785";"87.";"3.6";"5.9";"74.";"8.";"79.04";"0.00";"79.04"
"2015";"3";"16";"1";"9";"1786";"89.";"3.7";"6.6";"69.";"8.";"116.94";"0.00";"116.94"
"2015";"3";"16";"1";"10";"1787";"100.";"3.5";"8.0";"62.";"7.";"193.43";"98.71";"149.12"
"2015";"3";"16";"1";"11";"1788";"111.";"4.1";"9.2";"57.";"7.";"209.92";"95.90";"163.41"
"2015";"3";"16";"1";"12";"1789";"118.";"4.6";"10.5";"52.";"7.";"272.84";"90.70";"228.86"
"2015";"3";"16";"1";"13";"1790";"111.";"4.0";"10.6";"52.";"7.";"252.60";"95.58";"209.70"
"2015";"3";"16";"1";"14";"1791";"104.";"4.4";"10.9";"52.";"6.";"222.18";"173.18";"156.51"
"2015";"3";"16";"1";"15";"1792";"97.";"4.2";"10.8";"52.";"6.";"129.51";"147.82";"88.03"
"2015";"3";"16";"1";"16";"1793";"90.";"4.0";"10.4";"55.";"6.";"57.35";"103.49";"40.80"
"2015";"3";"16";"1";"17";"1794";"85.";"3.9";"9.7";"61.";"2.";"0.00";"0.00";"0.00"
"2015";"3";"16";"1";"18";"1795";"80.";"3.5";"8.0";"66.";"1.";"0.00";"0.00";"0.00"
"2015";"3";"16";"1";"19";"1796";"86.";"4.0";"7.4";"69.";"2.";"0.00";"0.00";"0.00"
"2015";"3";"16";"1";"20";"1797";"99.";"4.3";"7.1";"70.";"3.";"0.00";"0.00";"0.00"
"2015";"3";"16";"1";"21";"1798";"105.";"4.0";"6.4";"71.";"3.";"0.00";"0.00";"0.00"
"2015";"3";"16";"1";"22";"1799";"104.";"4.4";"6.1";"73.";"3.";"0.00";"0.00";"0.00"
"2015";"3";"16";"1";"23";"1800";"103.";"4.3";"5.4";"78.";"1.";"0.00";"0.00";"0.00"
"2015";"3";"17";"2";"0";"1801";"98.";"4.3";"4.5";"80.";"0.";"0.00";"0.00";"0.00"
"2015";"3";"17";"2";"1";"1802";"94.";"3.9";"3.9";"81.";"3.";"0.00";"0.00";"0.00"
"2015";"3";"17";"2";"2";"1803";"91.";"4.0";"3.6";"81.";"6.";"0.00";"0.00";"0.00"
"2015";"3";"17";"2";"3";"1804";"87.";"3.7";"4.1";"80.";"6.";"0.00";"0.00";"0.00"
"2015";"3";"17";"2";"4";"1805";"85.";"3.8";"3.9";"81.";"5.";"0.00";"0.00";"0.00"
"2015";"3";"17";"2";"5";"1806";"85.";"3.6";"3.3";"82.";"5.";"0.00";"0.00";"0.00"
"2015";"3";"17";"2";"6";"1807";"93.";"4.1";"2.9";"83.";"5.";"0.00";"0.00";"0.00"
"2015";"3";"17";"2";"7";"1808";"98.";"3.8";"3.7";"80.";"6.";"79.13";"96.64";"63.10"
"2015";"3";"17";"2";"8";"1809";"107.";"5.5";"5.9";"72.";"7.";"180.17";"71.06";"159.80"
"2015";"3";"17";"2";"9";"1810";"114.";"5.1";"7.7";"64.";"4.";"315.59";"327.59";"189.39"
"2015";"3";"17";"2";"10";"1811";"116.";"5.8";"9.4";"56.";"3.";"409.66";"440.14";"209.42"
"2015";"3";"17";"2";"11";"1812";"117.";"5.3";"10.4";"53.";"5.";"400.47";"270.41";"267.68"
"2015";"3";"17";"2";"12";"1813";"118.";"5.4";"11.2";"49.";"7.";"350.77";"87.89";"307.61"
"2015";"3";"17";"2";"13";"1814";"116.";"5.5";"12.2";"45.";"1.";"456.54";"666.18";"153.47"
"2015";"3";"17";"2";"14";"1815";"116.";"4.4";"12.5";"44.";"7.";"271.68";"93.50";"235.66"
"2015";"3";"17";"2";"15";"1816";"108.";"5.1";"12.8";"43.";"6.";"198.81";"166.91";"150.97"
"2015";"3";"17";"2";"16";"1817";"101.";"4.7";"12.4";"46.";"8.";"79.66";"0.00";"79.66"
"2015";"3";"17";"2";"17";"1818";"103.";"3.8";"11.3";"50.";"8.";"0.00";"0.00";"0.00"
"2015";"3";"17";"2";"18";"1819";"107.";"3.9";"9.9";"54.";"8.";"0.00";"0.00";"0.00"
"2015";"3";"17";"2";"19";"1820";"111.";"4.2";"9.3";"55.";"8.";"0.00";"0.00";"0.00"
"2015";"3";"17";"2";"20";"1821";"117.";"4.8";"9.2";"54.";"8.";"0.00";"0.00";"0.00"
"2015";"3";"17";"2";"21";"1822";"110.";"4.4";"8.7";"56.";"8.";"0.00";"0.00";"0.00"
"2015";"3";"17";"2";"22";"1823";"112.";"4.7";"8.1";"57.";"8.";"0.00";"0.00";"0.00"
"2015";"3";"17";"2";"23";"1824";"111.";"3.8";"7.1";"60.";"8.";"0.00";"0.00";"0.00"
"2015";"3";"18";"3";"0";"1825";"111.";"4.0";"6.8";"59.";"8.";"0.00";"0.00";"0.00"
"2015";"3";"18";"3";"1";"1826";"109.";"4.0";"6.5";"58.";"8.";"0.00";"0.00";"0.00"
"2015";"3";"18";"3";"2";"1827";"112.";"3.6";"6.6";"58.";"8.";"0.00";"0.00";"0.00"
"2015";"3";"18";"3";"3";"1828";"111.";"3.6";"6.3";"60.";"7.";"0.00";"0.00";"0.00"
"2015";"3";"18";"3";"4";"1829";"111.";"4.0";"5.9";"61.";"6.";"0.00";"0.00";"0.00"
"2015";"3";"18";"3";"5";"1830";"112.";"3.6";"5.5";"61.";"7.";"0.00";"0.00";"0.00"
"2015";"3";"18";"3";"6";"1831";"115.";"3.5";"5.5";"61.";"8.";"0.00";"0.00";"0.00"
"2015";"3";"18";"3";"7";"1832";"119.";"3.4";"5.9";"60.";"8.";"86.13";"0.00";"86.13"
"2015";"3";"18";"3";"8";"1833";"124.";"3.6";"6.4";"57.";"7.";"191.82";"80.50";"168.26"
"2015";"3";"18";"3";"9";"1834";"126.";"3.7";"7.8";"53.";"7.";"280.24";"97.35";"242.15"
"2015";"3";"18";"3";"10";"1835";"130.";"3.5";"9.8";"47.";"6.";"342.18";"199.69";"250.12"
"2015";"3";"18";"3";"11";"1836";"140.";"2.1";"10.6";"44.";"6.";"392.99";"198.72";"294.20"
"2015";"3";"18";"3";"12";"1837";"156.";"1.5";"11.4";"42.";"5.";"400.64";"305.10";"248.97"
"2015";"3";"18";"3";"13";"1838";"168.";"1.4";"11.6";"43.";"6.";"363.11";"205.73";"268.26"
"2015";"3";"18";"3";"14";"1839";"215.";"1.4";"11.1";"45.";"8.";"258.66";"0.00";"258.66"
"2015";"3";"18";"3";"15";"1840";"250.";"1.2";"10.5";"48.";"8.";"177.37";"0.00";"177.37"
"2015";"3";"18";"3";"16";"1841";"297.";"0.9";"10.2";"50.";"7.";"90.58";"59.12";"80.43"
"2015";"3";"18";"3";"17";"1842";"323.";"1.1";"9.4";"56.";"8.";"0.00";"0.00";"0.00"
"2015";"3";"18";"3";"18";"1843";"30.";"0.7";"7.7";"61.";"6.";"0.00";"0.00";"0.00"
"2015";"3";"18";"3";"19";"1844";"88.";"1.0";"6.6";"66.";"7.";"0.00";"0.00";"0.00"
"2015";"3";"18";"3";"20";"1845";"115.";"2.2";"5.9";"68.";"8.";"0.00";"0.00";"0.00"
"2015";"3";"18";"3";"21";"1846";"133.";"1.8";"4.9";"71.";"8.";"0.00";"0.00";"0.00"
"2015";"3";"18";"3";"22";"1847";"141.";"1.7";"3.8";"72.";"6.";"0.00";"0.00";"0.00"
"2015";"3";"18";"3";"23";"1848";"157.";"1.1";"3.0";"74.";"7.";"0.00";"0.00";"0.00"
"2015";"3";"19";"4";"0";"1849";"134.";"1.2";"2.2";"76.";"5.";"0.00";"0.00";"0.00"
"2015";"3";"19";"4";"1";"1850";"118.";"1.4";"1.2";"80.";"5.";"0.00";"0.00";"0.00"
"2015";"3";"19";"4";"2";"1851";"106.";"1.2";"0.0";"81.";"4.";"0.00";"0.00";"0.00"
"2015";"3";"19";"4";"3";"1852";"85.";"1.4";"-1.0";"81.";"1.";"0.00";"0.00";"0.00"
"2015";"3";"19";"4";"4";"1853";"72.";"0.9";"-1.3";"82.";"1.";"0.00";"0.00";"0.00"
"2015";"3";"19";"4";"5";"1854";"108.";"1.3";"-1.7";"85.";"0.";"0.00";"0.00";"0.00"
"2015";"3";"19";"4";"6";"1855";"109.";"1.3";"-1.2";"83.";"1.";"5.46";"45.90";"3.48"
"2015";"3";"19";"4";"7";"1856";"117.";"1.9";"0.2";"81.";"0.";"137.13";"450.32";"57.07"
"2015";"3";"19";"4";"8";"1857";"123.";"1.4";"4.2";"67.";"0.";"280.07";"617.79";"95.58"
"2015";"3";"19";"4";"9";"1858";"174.";"0.8";"6.6";"55.";"0.";"403.49";"713.27";"120.11"
"2015";"3";"19";"4";"10";"1859";"258.";"1.4";"9.0";"43.";"0.";"490.79";"749.71";"140.63"
"2015";"3";"19";"4";"11";"1860";"267.";"2.3";"8.8";"41.";"0.";"540.73";"796.83";"139.79"
"2015";"3";"19";"4";"12";"1861";"256.";"2.6";"9.2";"42.";"0.";"542.80";"816.76";"131.83"
"2015";"3";"19";"4";"13";"1862";"247.";"2.8";"9.5";"41.";"0.";"499.24";"814.32";"118.90"
"2015";"3";"19";"4";"14";"1863";"255.";"2.8";"9.9";"41.";"1.";"396.33";"684.20";"124.50"
"2015";"3";"19";"4";"15";"1864";"285.";"2.5";"9.2";"43.";"7.";"175.43";"83.31";"150.55"
"2015";"3";"19";"4";"16";"1865";"290.";"1.9";"8.3";"47.";"8.";"72.72";"0.00";"72.72"
"2015";"3";"19";"4";"17";"1866";"287.";"2.1";"7.3";"52.";"8.";"1.50";"0.00";"1.50"
"2015";"3";"19";"4";"18";"1867";"275.";"1.4";"5.1";"63.";"8.";"0.00";"0.00";"0.00"
"2015";"3";"19";"4";"19";"1868";"238.";"0.9";"2.9";"74.";"5.";"0.00";"0.00";"0.00"
"2015";"3";"19";"4";"20";"1869";"221.";"1.2";"2.0";"78.";"6.";"0.00";"0.00";"0.00"
"2015";"3";"19";"4";"21";"1870";"217.";"1.3";"2.0";"83.";"8.";"0.00";"0.00";"0.00"
"2015";"3";"19";"4";"22";"1871";"189.";"1.6";"2.6";"83.";"8.";"0.00";"0.00";"0.00"
"2015";"3";"19";"4";"23";"1872";"186.";"1.7";"3.1";"80.";"8.";"0.00";"0.00";"0.00"
"2015";"3";"20";"5";"0";"1873";"204.";"1.7";"3.2";"78.";"8.";"0.00";"0.00";"0.00"
"2015";"3";"20";"5";"1";"1874";"226.";"1.5";"3.3";"81.";"8.";"0.00";"0.00";"0.00"
"2015";"3";"20";"5";"2";"1875";"234.";"1.5";"3.3";"86.";"8.";"0.00";"0.00";"0.00"
"2015";"3";"20";"5";"3";"1876";"197.";"1.5";"3.5";"87.";"8.";"0.00";"0.00";"0.00"
"2015";"3";"20";"5";"4";"1877";"203.";"1.4";"3.8";"91.";"8.";"0.00";"0.00";"0.00"
"2015";"3";"20";"5";"5";"1878";"202.";"1.8";"3.9";"94.";"8.";"0.00";"0.00";"0.00"
"2015";"3";"20";"5";"6";"1879";"194.";"1.7";"4.2";"94.";"8.";"0.00";"0.00";"0.00"
"2015";"3";"20";"5";"7";"1880";"201.";"1.8";"4.5";"95.";"8.";"37.52";"0.00";"37.52"
"2015";"3";"20";"5";"8";"1881";"213.";"1.9";"4.8";"95.";"8.";"78.35";"0.00";"78.35"
"2015";"3";"20";"5";"9";"1882";"231.";"1.9";"5.1";"94.";"8.";"118.31";"0.00";"118.31"
"2015";"3";"20";"5";"10";"1883";"248.";"2.4";"5.1";"93.";"8.";"142.26";"0.00";"142.26"
"2015";"3";"20";"5";"11";"1884";"240.";"3.1";"5.6";"92.";"8.";"152.48";"0.00";"152.48"
"2015";"3";"20";"5";"12";"1885";"247.";"3.7";"7.0";"82.";"8.";"182.29";"0.00";"182.29"
"2015";"3";"20";"5";"13";"1886";"256.";"4.1";"6.7";"81.";"8.";"174.79";"0.00";"174.79"
"2015";"3";"20";"5";"14";"1887";"257.";"3.4";"6.0";"84.";"8.";"126.02";"0.00";"126.02"
"2015";"3";"20";"5";"15";"1888";"265.";"3.9";"6.0";"87.";"7.";"121.13";"63.37";"101.83"
"2015";"3";"20";"5";"16";"1889";"255.";"3.1";"5.8";"91.";"8.";"25.38";"0.00";"25.38"
"2015";"3";"20";"5";"17";"1890";"252.";"3.2";"5.6";"92.";"8.";"0.00";"0.00";"0.00"
"2015";"3";"20";"5";"18";"1891";"252.";"3.2";"5.4";"93.";"8.";"0.00";"0.00";"0.00"
"2015";"3";"20";"5";"19";"1892";"249.";"3.1";"5.1";"92.";"8.";"0.00";"0.00";"0.00"
"2015";"3";"20";"5";"20";"1893";"241.";"2.9";"4.9";"93.";"8.";"0.00";"0.00";"0.00"
"2015";"3";"20";"5";"21";"1894";"244.";"2.4";"4.9";"93.";"8.";"0.00";"0.00";"0.00"
"2015";"3";"20";"5";"22";"1895";"237.";"1.9";"4.9";"94.";"8.";"0.00";"0.00";"0.00"
"2015";"3";"20";"5";"23";"1896";"229.";"1.4";"4.7";"94.";"8.";"0.00";"0.00";"0.00"
"2015";"3";"21";"6";"0";"1897";"241.";"0.2";"4.7";"94.";"8.";"0.00";"0.00";"0.00"
"2015";"3";"21";"6";"1";"1898";"16.";"0.7";"4.7";"94.";"8.";"0.00";"0.00";"0.00"
"2015";"3";"21";"6";"2";"1899";"15.";"2.4";"4.6";"93.";"8.";"0.00";"0.00";"0.00"
"2015";"3";"21";"6";"3";"1900";"20.";"4.4";"4.5";"92.";"7.";"0.00";"0.00";"0.00"
"2015";"3";"21";"6";"4";"1901";"29.";"7.1";"2.8";"90.";"7.";"0.00";"0.00";"0.00"
"2015";"3";"21";"6";"5";"1902";"36.";"8.1";"1.9";"88.";"8.";"0.00";"0.00";"0.00"
"2015";"3";"21";"6";"6";"1903";"40.";"8.4";"1.3";"85.";"8.";"3.42";"0.00";"3.42"
"2015";"3";"21";"6";"7";"1904";"42.";"8.5";"1.5";"81.";"7.";"66.17";"77.45";"51.47"
"2015";"3";"21";"6";"8";"1905";"44.";"8.6";"1.5";"77.";"7.";"130.06";"100.77";"98.76"
"2015";"3";"21";"6";"9";"1906";"46.";"8.8";"2.0";"71.";"6.";"221.43";"217.69";"132.33"
"2015";"3";"21";"6";"10";"1907";"48.";"8.7";"2.2";"69.";"7.";"221.80";"118.78";"164.89"
"2015";"3";"21";"6";"11";"1908";"47.";"8.0";"2.3";"66.";"6.";"298.98";"241.34";"174.64"
"2015";"3";"21";"6";"12";"1909";"46.";"7.8";"2.7";"61.";"8.";"171.02";"0.00";"171.02"
"2015";"3";"21";"6";"13";"1910";"44.";"7.2";"2.8";"57.";"6.";"290.10";"223.87";"182.84"
"2015";"3";"21";"6";"14";"1911";"43.";"6.7";"3.0";"51.";"6.";"248.19";"222.41";"157.15"
"2015";"3";"21";"6";"15";"1912";"43.";"6.5";"3.1";"46.";"6.";"163.65";"201.77";"100.98"
"2015";"3";"21";"6";"16";"1913";"41.";"5.9";"2.5";"44.";"4.";"116.65";"318.60";"56.20"
"2015";"3";"21";"6";"17";"1914";"43.";"5.4";"1.8";"48.";"3.";"17.08";"130.66";"9.90"
"2015";"3";"21";"6";"18";"1915";"36.";"4.2";"0.7";"55.";"1.";"0.00";"0.00";"0.00"
"2015";"3";"21";"6";"19";"1916";"32.";"3.6";"-0.4";"63.";"1.";"0.00";"0.00";"0.00"
"2015";"3";"21";"6";"20";"1917";"24.";"3.0";"-1.5";"68.";"1.";"0.00";"0.00";"0.00"
"2015";"3";"21";"6";"21";"1918";"31.";"2.0";"-2.5";"75.";"0.";"0.00";"0.00";"0.00"
"2015";"3";"21";"6";"22";"1919";"38.";"1.4";"-3.2";"79.";"0.";"0.00";"0.00";"0.00"
"2015";"3";"21";"6";"23";"1920";"65.";"1.4";"-3.8";"82.";"0.";"0.00";"0.00";"0.00"
"2015";"3";"22";"7";"0";"1921";"63.";"0.3";"-4.2";"84.";"1.";"0.00";"0.00";"0.00"
"2015";"3";"22";"7";"1";"1922";"148.";"0.5";"-4.8";"85.";"2.";"0.00";"0.00";"0.00"
"2015";"3";"22";"7";"2";"1923";"157.";"1.1";"-4.4";"86.";"4.";"0.00";"0.00";"0.00"
"2015";"3";"22";"7";"3";"1924";"190.";"1.9";"-5.1";"83.";"8.";"0.00";"0.00";"0.00"
"2015";"3";"22";"7";"4";"1925";"184.";"2.3";"-5.0";"84.";"8.";"0.00";"0.00";"0.00"
"2015";"3";"22";"7";"5";"1926";"198.";"2.9";"-3.7";"82.";"7.";"0.00";"0.00";"0.00"
"2015";"3";"22";"7";"6";"1927";"210.";"3.6";"-2.2";"80.";"6.";"17.63";"52.85";"14.42"
"2015";"3";"22";"7";"7";"1928";"220.";"4.4";"-1.1";"74.";"6.";"115.84";"164.00";"83.74"
"2015";"3";"22";"7";"8";"1929";"236.";"5.9";"1.5";"62.";"7.";"214.73";"103.08";"182.10"
"2015";"3";"22";"7";"9";"1930";"237.";"7.5";"2.2";"59.";"7.";"255.39";"106.24";"211.26"
"2015";"3";"22";"7";"10";"1931";"238.";"7.8";"2.4";"57.";"7.";"284.98";"106.75";"233.20"
"2015";"3";"22";"7";"11";"1932";"236.";"7.8";"2.9";"54.";"7.";"333.78";"113.42";"274.65"
"2015";"3";"22";"7";"12";"1933";"235.";"7.5";"2.3";"55.";"7.";"266.53";"117.95";"205.05"
"2015";"3";"22";"7";"13";"1934";"236.";"6.9";"2.5";"56.";"8.";"187.51";"0.00";"187.51"
"2015";"3";"22";"7";"14";"1935";"239.";"6.3";"2.8";"57.";"8.";"176.72";"0.00";"176.72"
"2015";"3";"22";"7";"15";"1936";"241.";"6.6";"2.9";"62.";"7.";"130.80";"99.77";"99.21"
"2015";"3";"22";"7";"16";"1937";"241.";"6.4";"2.7";"66.";"8.";"51.04";"0.00";"51.04"
"2015";"3";"22";"7";"17";"1938";"237.";"6.1";"2.8";"68.";"8.";"6.05";"0.00";"6.05"
"2015";"3";"22";"7";"18";"1939";"234.";"6.0";"3.0";"70.";"8.";"0.00";"0.00";"0.00"
"2015";"3";"22";"7";"19";"1940";"233.";"6.3";"3.1";"72.";"8.";"0.00";"0.00";"0.00"
"2015";"3";"22";"7";"20";"1941";"229.";"6.3";"3.0";"73.";"8.";"0.00";"0.00";"0.00"
"2015";"3";"22";"7";"21";"1942";"230.";"6.9";"2.9";"76.";"8.";"0.00";"0.00";"0.00"
"2015";"3";"22";"7";"22";"1943";"227.";"7.2";"2.8";"76.";"8.";"0.00";"0.00";"0.00"
"2015";"3";"22";"7";"23";"1944";"226.";"7.5";"2.7";"77.";"8.";"0.00";"0.00";"0.00"
"2015";"3";"23";"1";"0";"1945";"225.";"7.7";"2.4";"78.";"8.";"0.00";"0.00";"0.00"
"2015";"3";"23";"1";"1";"1946";"222.";"7.6";"2.4";"77.";"8.";"0.00";"0.00";"0.00"
"2015";"3";"23";"1";"2";"1947";"224.";"7.5";"2.6";"77.";"8.";"0.00";"0.00";"0.00"
"2015";"3";"23";"1";"3";"1948";"222.";"7.2";"2.2";"77.";"8.";"0.00";"0.00";"0.00"
"2015";"3";"23";"1";"4";"1949";"220.";"7.1";"1.9";"80.";"8.";"0.00";"0.00";"0.00"
"2015";"3";"23";"1";"5";"1950";"220.";"6.6";"1.8";"81.";"8.";"0.00";"0.00";"0.00"
"2015";"3";"23";"1";"6";"1951";"221.";"6.3";"2.2";"81.";"7.";"8.10";"14.30";"7.15"
"2015";"3";"23";"1";"7";"1952";"210.";"6.5";"2.1";"85.";"7.";"47.41";"24.79";"42.41"
"2015";"3";"23";"1";"8";"1953";"206.";"7.4";"2.8";"87.";"8.";"59.71";"0.00";"59.71"
"2015";"3";"23";"1";"9";"1954";"205.";"7.7";"3.2";"87.";"7.";"120.13";"47.60";"100.07"
"2015";"3";"23";"1";"10";"1955";"213.";"8.4";"3.9";"84.";"7.";"221.99";"76.04";"184.65"
"2015";"3";"23";"1";"11";"1956";"214.";"8.1";"4.1";"84.";"8.";"164.11";"0.00";"164.11"
"2015";"3";"23";"1";"12";"1957";"215.";"8.1";"4.6";"84.";"8.";"162.34";"0.00";"162.34"
"2015";"3";"23";"1";"13";"1958";"215.";"7.7";"4.8";"82.";"8.";"146.01";"0.00";"146.01"
"2015";"3";"23";"1";"14";"1959";"216.";"7.0";"5.0";"81.";"8.";"119.27";"0.00";"119.27"
"2015";"3";"23";"1";"15";"1960";"219.";"6.5";"5.3";"82.";"8.";"86.24";"0.00";"86.24"
"2015";"3";"23";"1";"16";"1961";"223.";"6.3";"5.3";"82.";"8.";"44.78";"0.00";"44.78"
"2015";"3";"23";"1";"17";"1962";"226.";"6.8";"5.2";"84.";"8.";"3.95";"0.00";"3.95"
"2015";"3";"23";"1";"18";"1963";"222.";"6.8";"5.2";"87.";"8.";"0.00";"0.00";"0.00"
"2015";"3";"23";"1";"19";"1964";"225.";"7.4";"5.1";"89.";"8.";"0.00";"0.00";"0.00"
"2015";"3";"23";"1";"20";"1965";"229.";"7.2";"5.0";"91.";"8.";"0.00";"0.00";"0.00"
"2015";"3";"23";"1";"21";"1966";"233.";"6.8";"4.9";"94.";"8.";"0.00";"0.00";"0.00"
"2015";"3";"23";"1";"22";"1967";"238.";"6.0";"4.8";"96.";"8.";"0.00";"0.00";"0.00"
"2015";"3";"23";"1";"23";"1968";"249.";"5.0";"4.9";"95.";"7.";"0.00";"0.00";"0.00"
"2015";"3";"24";"2";"0";"1969";"255.";"4.0";"4.7";"96.";"6.";"0.00";"0.00";"0.00"
"2015";"3";"24";"2";"1";"1970";"255.";"2.8";"4.3";"95.";"4.";"0.00";"0.00";"0.00"
"2015";"3";"24";"2";"2";"1971";"249.";"1.7";"3.7";"95.";"5.";"0.00";"0.00";"0.00"
"2015";"3";"24";"2";"3";"1972";"262.";"1.4";"3.0";"95.";"4.";"0.00";"0.00";"0.00"
"2015";"3";"24";"2";"4";"1973";"260.";"0.9";"2.1";"95.";"4.";"0.00";"0.00";"0.00"
"2015";"3";"24";"2";"5";"1974";"261.";"1.2";"1.6";"95.";"6.";"0.00";"0.00";"0.00"
"2015";"3";"24";"2";"6";"1975";"265.";"1.2";"2.1";"96.";"7.";"10.13";"12.85";"9.19"
"2015";"3";"24";"2";"7";"1976";"273.";"1.6";"2.6";"96.";"6.";"93.84";"102.63";"72.53"
"2015";"3";"24";"2";"8";"1977";"279.";"1.7";"4.4";"94.";"4.";"215.98";"269.36";"127.49"
"2015";"3";"24";"2";"9";"1978";"254.";"1.0";"5.8";"83.";"2.";"369.99";"549.18";"135.36"
"2015";"3";"24";"2";"10";"1979";"234.";"1.5";"7.3";"70.";"2.";"444.12";"569.70";"160.96"
"2015";"3";"24";"2";"11";"1980";"240.";"2.0";"8.5";"64.";"2.";"510.76";"628.27";"175.79"
"2015";"3";"24";"2";"12";"1981";"246.";"3.0";"8.5";"62.";"2.";"497.33";"672.66";"138.69"
"2015";"3";"24";"2";"13";"1982";"243.";"3.0";"8.8";"60.";"3.";"435.97";"552.12";"161.55"
"2015";"3";"24";"2";"14";"1983";"251.";"2.9";"8.3";"61.";"3.";"357.95";"500.69";"144.04"
"2015";"3";"24";"2";"15";"1984";"269.";"2.7";"7.8";"63.";"2.";"286.60";"564.23";"101.24"
"2015";"3";"24";"2";"16";"1985";"267.";"2.0";"6.4";"70.";"5.";"122.15";"216.10";"77.28"
"2015";"3";"24";"2";"17";"1986";"259.";"1.1";"5.2";"75.";"8.";"10.37";"0.00";"10.37"
"2015";"3";"24";"2";"18";"1987";"259.";"0.8";"3.7";"83.";"7.";"0.00";"0.00";"0.00"
"2015";"3";"24";"2";"19";"1988";"190.";"0.4";"2.6";"88.";"7.";"0.00";"0.00";"0.00"
"2015";"3";"24";"2";"20";"1989";"180.";"0.4";"2.4";"91.";"7.";"0.00";"0.00";"0.00"
"2015";"3";"24";"2";"21";"1990";"203.";"0.4";"2.0";"95.";"8.";"0.00";"0.00";"0.00"
"2015";"3";"24";"2";"22";"1991";"172.";"0.4";"1.9";"96.";"8.";"0.00";"0.00";"0.00"
"2015";"3";"24";"2";"23";"1992";"201.";"0.5";"1.7";"95.";"8.";"0.00";"0.00";"0.00"
"2015";"3";"25";"3";"0";"1993";"99.";"0.5";"1.3";"96.";"8.";"0.00";"0.00";"0.00"
"2015";"3";"25";"3";"1";"1994";"54.";"0.9";"1.3";"97.";"8.";"0.00";"0.00";"0.00"
"2015";"3";"25";"3";"2";"1995";"49.";"1.6";"0.8";"97.";"8.";"0.00";"0.00";"0.00"
"2015";"3";"25";"3";"3";"1996";"71.";"1.7";"1.0";"96.";"8.";"0.00";"0.00";"0.00"
"2015";"3";"25";"3";"4";"1997";"55.";"2.9";"0.7";"91.";"8.";"0.00";"0.00";"0.00"
"2015";"3";"25";"3";"5";"1998";"67.";"4.0";"1.4";"87.";"8.";"0.00";"0.00";"0.00"
"2015";"3";"25";"3";"6";"1999";"86.";"4.6";"2.7";"86.";"8.";"17.04";"0.00";"17.04"
"2015";"3";"25";"3";"7";"2000";"94.";"5.2";"4.0";"80.";"7.";"74.43";"77.02";"57.99"
"2015";"3";"25";"3";"8";"2001";"95.";"5.4";"4.7";"73.";"7.";"155.34";"104.84";"120.28"
"2015";"3";"25";"3";"9";"2002";"104.";"5.6";"4.7";"72.";"8.";"166.19";"0.00";"166.19"
"2015";"3";"25";"3";"10";"2003";"102.";"5.8";"5.0";"72.";"7.";"258.53";"118.73";"198.81"
"2015";"3";"25";"3";"11";"2004";"103.";"5.8";"5.8";"70.";"7.";"244.77";"115.77";"182.36"
"2015";"3";"25";"3";"12";"2005";"104.";"5.3";"6.3";"66.";"7.";"252.21";"121.62";"186.65"
"2015";"3";"25";"3";"13";"2006";"97.";"5.5";"5.8";"64.";"7.";"252.10";"114.42";"194.56"
"2015";"3";"25";"3";"14";"2007";"95.";"5.6";"5.4";"67.";"7.";"200.97";"92.07";"161.09"
"2015";"3";"25";"3";"15";"2008";"94.";"5.9";"4.4";"71.";"8.";"57.69";"0.00";"57.69"
"2015";"3";"25";"3";"16";"2009";"91.";"6.1";"3.5";"76.";"7.";"51.27";"40.69";"42.58"
"2015";"3";"25";"3";"17";"2010";"84.";"5.4";"2.8";"80.";"8.";"7.76";"0.00";"7.76"
"2015";"3";"25";"3";"18";"2011";"78.";"5.8";"2.1";"83.";"8.";"0.00";"0.00";"0.00"
"2015";"3";"25";"3";"19";"2012";"80.";"6.4";"2.0";"80.";"8.";"0.00";"0.00";"0.00"
"2015";"3";"25";"3";"20";"2013";"83.";"6.6";"2.1";"74.";"8.";"0.00";"0.00";"0.00"
"2015";"3";"25";"3";"21";"2014";"81.";"6.0";"1.2";"76.";"7.";"0.00";"0.00";"0.00"
"2015";"3";"25";"3";"22";"2015";"83.";"6.5";"1.5";"70.";"8.";"0.00";"0.00";"0.00"
"2015";"3";"25";"3";"23";"2016";"84.";"6.8";"1.7";"64.";"8.";"0.00";"0.00";"0.00"
"2015";"3";"26";"4";"0";"2017";"89.";"7.3";"1.7";"58.";"7.";"0.00";"0.00";"0.00"
"2015";"3";"26";"4";"1";"2018";"96.";"7.8";"1.8";"59.";"8.";"0.00";"0.00";"0.00"
"2015";"3";"26";"4";"2";"2019";"99.";"8.1";"1.8";"64.";"8.";"0.00";"0.00";"0.00"
"2015";"3";"26";"4";"3";"2020";"105.";"8.3";"2.1";"68.";"8.";"0.00";"0.00";"0.00"
"2015";"3";"26";"4";"4";"2021";"106.";"8.7";"2.4";"72.";"8.";"0.00";"0.00";"0.00"
"2015";"3";"26";"4";"5";"2022";"109.";"7.9";"3.2";"73.";"7.";"0.00";"0.00";"0.00"
"2015";"3";"26";"4";"6";"2023";"112.";"6.9";"3.2";"78.";"8.";"6.13";"0.00";"6.13"
"2015";"3";"26";"4";"7";"2024";"119.";"6.2";"3.5";"84.";"7.";"43.52";"24.83";"38.07"
"2015";"3";"26";"4";"8";"2025";"127.";"5.9";"3.2";"87.";"8.";"49.72";"0.00";"49.72"
"2015";"3";"26";"4";"9";"2026";"146.";"5.4";"3.4";"90.";"8.";"70.64";"0.00";"70.64"
"2015";"3";"26";"4";"10";"2027";"149.";"5.9";"3.8";"91.";"8.";"83.25";"0.00";"83.25"
"2015";"3";"26";"4";"11";"2028";"156.";"6.0";"4.4";"91.";"8.";"93.20";"0.00";"93.20"
"2015";"3";"26";"4";"12";"2029";"168.";"5.6";"4.9";"92.";"8.";"92.27";"0.00";"92.27"
"2015";"3";"26";"4";"13";"2030";"176.";"4.8";"5.2";"92.";"8.";"96.26";"0.00";"96.26"
"2015";"3";"26";"4";"14";"2031";"202.";"4.0";"5.3";"92.";"8.";"123.06";"0.00";"123.06"
"2015";"3";"26";"4";"15";"2032";"222.";"3.3";"4.9";"91.";"8.";"88.32";"0.00";"88.32"
"2015";"3";"26";"4";"16";"2033";"222.";"3.1";"4.3";"89.";"8.";"48.16";"0.00";"48.16"
"2015";"3";"26";"4";"17";"2034";"202.";"2.1";"4.5";"89.";"8.";"10.32";"0.00";"10.32"
"2015";"3";"26";"4";"18";"2035";"169.";"1.8";"4.0";"91.";"7.";"0.00";"0.00";"0.00"
"2015";"3";"26";"4";"19";"2036";"153.";"1.3";"2.8";"93.";"7.";"0.00";"0.00";"0.00"
"2015";"3";"26";"4";"20";"2037";"148.";"1.0";"1.9";"96.";"6.";"0.00";"0.00";"0.00"
"2015";"3";"26";"4";"21";"2038";"183.";"0.8";"1.4";"95.";"8.";"0.00";"0.00";"0.00"
"2015";"3";"26";"4";"22";"2039";"188.";"0.8";"1.6";"96.";"8.";"0.00";"0.00";"0.00"
"2015";"3";"26";"4";"23";"2040";"161.";"0.7";"1.6";"96.";"7.";"0.00";"0.00";"0.00"
"2015";"3";"27";"5";"0";"2041";"141.";"0.5";"0.7";"96.";"6.";"0.00";"0.00";"0.00"
"2015";"3";"27";"5";"1";"2042";"71.";"0.3";"0.4";"96.";"6.";"0.00";"0.00";"0.00"
"2015";"3";"27";"5";"2";"2043";"74.";"0.5";"0.0";"97.";"4.";"0.00";"0.00";"0.00"
"2015";"3";"27";"5";"3";"2044";"85.";"0.6";"-0.6";"97.";"6.";"0.00";"0.00";"0.00"
"2015";"3";"27";"5";"4";"2045";"71.";"0.7";"-0.5";"98.";"8.";"0.00";"0.00";"0.00"
"2015";"3";"27";"5";"5";"2046";"89.";"0.5";"-0.2";"97.";"7.";"0.00";"0.00";"0.00"
"2015";"3";"27";"5";"6";"2047";"151.";"0.2";"0.1";"98.";"8.";"15.02";"0.00";"15.02"
"2015";"3";"27";"5";"7";"2048";"251.";"0.2";"1.1";"98.";"8.";"66.55";"0.00";"66.55"
"2015";"3";"27";"5";"8";"2049";"223.";"1.0";"1.9";"96.";"8.";"169.43";"0.00";"169.43"
"2015";"3";"27";"5";"9";"2050";"235.";"1.4";"4.0";"94.";"7.";"195.03";"66.88";"165.27"
"2015";"3";"27";"5";"10";"2051";"259.";"2.9";"5.5";"88.";"5.";"325.68";"289.69";"176.57"
"2015";"3";"27";"5";"11";"2052";"271.";"3.5";"5.8";"84.";"7.";"270.68";"102.45";"214.25"
"2015";"3";"27";"5";"12";"2053";"272.";"3.1";"6.0";"80.";"6.";"327.11";"215.57";"208.37"
"2015";"3";"27";"5";"13";"2054";"279.";"2.9";"6.5";"76.";"6.";"309.68";"226.42";"193.14"
"2015";"3";"27";"5";"14";"2055";"280.";"3.5";"6.9";"71.";"5.";"301.16";"313.70";"161.58"
"2015";"3";"27";"5";"15";"2056";"272.";"2.7";"6.1";"71.";"6.";"215.33";"190.86";"149.24"
"2015";"3";"27";"5";"16";"2057";"280.";"2.4";"5.7";"74.";"8.";"77.37";"0.00";"77.37"
"2015";"3";"27";"5";"17";"2058";"273.";"1.7";"5.0";"81.";"8.";"15.41";"0.00";"15.41"
"2015";"3";"27";"5";"18";"2059";"255.";"1.5";"4.7";"85.";"7.";"0.00";"0.00";"0.00"
"2015";"3";"27";"5";"19";"2060";"237.";"1.8";"4.4";"88.";"7.";"0.00";"0.00";"0.00"
"2015";"3";"27";"5";"20";"2061";"231.";"2.8";"4.2";"87.";"6.";"0.00";"0.00";"0.00"
"2015";"3";"27";"5";"21";"2062";"235.";"3.2";"4.0";"86.";"5.";"0.00";"0.00";"0.00"
"2015";"3";"27";"5";"22";"2063";"237.";"3.6";"4.2";"88.";"7.";"0.00";"0.00";"0.00"
"2015";"3";"27";"5";"23";"2064";"242.";"3.9";"4.2";"89.";"5.";"0.00";"0.00";"0.00"
"2015";"3";"28";"6";"0";"2065";"248.";"3.5";"4.0";"91.";"5.";"0.00";"0.00";"0.00"
"2015";"3";"28";"6";"1";"2066";"254.";"3.2";"4.1";"89.";"5.";"0.00";"0.00";"0.00"
"2015";"3";"28";"6";"2";"2067";"267.";"3.1";"3.9";"88.";"4.";"0.00";"0.00";"0.00"
"2015";"3";"28";"6";"3";"2068";"265.";"2.2";"3.0";"89.";"0.";"0.00";"0.00";"0.00"
"2015";"3";"28";"6";"4";"2069";"266.";"2.0";"2.2";"91.";"4.";"0.00";"0.00";"0.00"
"2015";"3";"28";"6";"5";"2070";"263.";"1.8";"1.3";"92.";"3.";"0.00";"0.00";"0.00"
"2015";"3";"28";"6";"6";"2071";"250.";"0.9";"1.2";"93.";"1.";"43.91";"226.07";"22.09"
"2015";"3";"28";"6";"7";"2072";"244.";"1.4";"3.6";"93.";"4.";"136.49";"232.14";"82.80"
"2015";"3";"28";"6";"8";"2073";"249.";"2.8";"5.1";"87.";"4.";"248.14";"339.53";"128.58"
"2015";"3";"28";"6";"9";"2074";"246.";"3.5";"5.7";"81.";"4.";"305.93";"301.52";"170.01"
"2015";"3";"28";"6";"10";"2075";"243.";"4.0";"5.1";"80.";"4.";"364.26";"316.33";"199.60"
"2015";"3";"28";"6";"11";"2076";"220.";"3.8";"4.4";"83.";"6.";"301.87";"192.71";"194.59"
"2015";"3";"28";"6";"12";"2077";"211.";"4.5";"5.0";"80.";"8.";"209.73";"0.00";"209.73"
"2015";"3";"28";"6";"13";"2078";"197.";"5.3";"5.6";"78.";"5.";"334.13";"303.31";"176.23"
"2015";"3";"28";"6";"14";"2079";"186.";"5.9";"5.3";"79.";"7.";"196.22";"106.96";"148.00"
"2015";"3";"28";"6";"15";"2080";"171.";"6.5";"5.4";"77.";"6.";"205.10";"183.84";"140.36"
"2015";"3";"28";"6";"16";"2081";"166.";"6.6";"5.5";"79.";"7.";"88.94";"73.77";"71.88"
"2015";"3";"28";"6";"17";"2082";"160.";"7.0";"5.4";"74.";"4.";"37.00";"134.21";"24.04"
"2015";"3";"28";"6";"18";"2083";"157.";"7.3";"5.1";"72.";"8.";"0.00";"0.00";"0.00"
"2015";"3";"28";"6";"19";"2084";"157.";"7.9";"5.1";"74.";"8.";"0.00";"0.00";"0.00"
"2015";"3";"28";"6";"20";"2085";"166.";"8.4";"5.4";"72.";"7.";"0.00";"0.00";"0.00"
"2015";"3";"28";"6";"21";"2086";"168.";"10.2";"4.4";"78.";"8.";"0.00";"0.00";"0.00"
"2015";"3";"28";"6";"22";"2087";"163.";"11.0";"3.6";"86.";"8.";"0.00";"0.00";"0.00"
"2015";"3";"28";"6";"23";"2088";"158.";"12.1";"3.1";"89.";"8.";"0.00";"0.00";"0.00"
"2015";"3";"29";"7";"0";"2089";"163.";"11.9";"2.9";"91.";"8.";"0.00";"0.00";"0.00"
"2015";"3";"29";"7";"1";"2090";"163.";"11.4";"4.3";"92.";"8.";"0.00";"0.00";"0.00"
"2015";"3";"29";"7";"2";"2091";"162.";"10.5";"4.6";"92.";"8.";"0.00";"0.00";"0.00"
"2015";"3";"29";"7";"3";"2092";"162.";"9.4";"4.8";"92.";"8.";"0.00";"0.00";"0.00"
"2015";"3";"29";"7";"4";"2093";"164.";"8.2";"4.9";"93.";"8.";"0.00";"0.00";"0.00"
"2015";"3";"29";"7";"5";"2094";"168.";"7.9";"5.1";"94.";"8.";"0.00";"0.00";"0.00"
"2015";"3";"29";"7";"6";"2095";"176.";"6.5";"5.2";"95.";"8.";"7.04";"0.00";"7.04"
"2015";"3";"29";"7";"7";"2096";"190.";"3.7";"5.5";"95.";"8.";"31.73";"0.00";"31.73"
"2015";"3";"29";"7";"8";"2097";"217.";"4.3";"5.9";"96.";"8.";"63.90";"0.00";"63.90"
"2015";"3";"29";"7";"9";"2098";"237.";"3.6";"6.1";"92.";"8.";"87.85";"0.00";"87.85"
"2015";"3";"29";"7";"10";"2099";"237.";"4.1";"6.4";"87.";"8.";"158.29";"0.00";"158.29"
"2015";"3";"29";"7";"11";"2100";"234.";"4.5";"6.9";"85.";"8.";"174.33";"0.00";"174.33"
"2015";"3";"29";"7";"12";"2101";"227.";"4.4";"7.5";"83.";"8.";"175.83";"0.00";"175.83"
"2015";"3";"29";"7";"13";"2102";"223.";"4.2";"7.0";"83.";"7.";"221.70";"84.81";"177.06"
"2015";"3";"29";"7";"14";"2103";"194.";"3.4";"6.4";"87.";"7.";"192.58";"54.88";"167.53"
"2015";"3";"29";"7";"15";"2104";"181.";"3.0";"6.8";"84.";"8.";"101.71";"0.00";"101.71"
"2015";"3";"29";"7";"16";"2105";"158.";"3.4";"6.6";"83.";"8.";"70.73";"0.00";"70.73"
"2015";"3";"29";"7";"17";"2106";"146.";"3.3";"6.2";"86.";"7.";"20.43";"29.30";"17.43"
"2015";"3";"29";"7";"18";"2107";"143.";"3.6";"6.2";"88.";"8.";"0.00";"0.00";"0.00"
"2015";"3";"29";"7";"19";"2108";"152.";"3.8";"5.7";"92.";"7.";"0.00";"0.00";"0.00"
"2015";"3";"29";"7";"20";"2109";"157.";"4.4";"5.7";"90.";"8.";"0.00";"0.00";"0.00"
"2015";"3";"29";"7";"21";"2110";"168.";"3.8";"5.5";"91.";"8.";"0.00";"0.00";"0.00"
"2015";"3";"29";"7";"22";"2111";"169.";"3.7";"5.3";"92.";"8.";"0.00";"0.00";"0.00"
"2015";"3";"29";"7";"23";"2112";"174.";"3.1";"5.2";"92.";"8.";"0.00";"0.00";"0.00"
"2015";"3";"30";"1";"0";"2113";"169.";"2.4";"5.1";"91.";"8.";"0.00";"0.00";"0.00"
"2015";"3";"30";"1";"1";"2114";"164.";"2.5";"5.0";"93.";"7.";"0.00";"0.00";"0.00"
"2015";"3";"30";"1";"2";"2115";"174.";"2.0";"4.9";"92.";"8.";"0.00";"0.00";"0.00"
"2015";"3";"30";"1";"3";"2116";"182.";"1.9";"4.9";"95.";"7.";"0.00";"0.00";"0.00"
"2015";"3";"30";"1";"4";"2117";"188.";"1.8";"4.8";"95.";"8.";"0.00";"0.00";"0.00"
"2015";"3";"30";"1";"5";"2118";"194.";"1.7";"4.8";"94.";"7.";"0.00";"0.00";"0.00"
"2015";"3";"30";"1";"6";"2119";"261.";"2.3";"4.4";"95.";"8.";"17.89";"0.00";"17.89"
"2015";"3";"30";"1";"7";"2120";"285.";"3.5";"4.5";"95.";"8.";"35.64";"0.00";"35.64"
"2015";"3";"30";"1";"8";"2121";"293.";"4.7";"4.7";"93.";"8.";"70.58";"0.00";"70.58"
"2015";"3";"30";"1";"9";"2122";"314.";"4.6";"5.1";"93.";"8.";"144.05";"0.00";"144.05"
"2015";"3";"30";"1";"10";"2123";"314.";"5.5";"5.8";"88.";"8.";"178.04";"0.00";"178.04"
"2015";"3";"30";"1";"11";"2124";"313.";"7.0";"5.9";"87.";"7.";"229.81";"65.87";"192.38"
"2015";"3";"30";"1";"12";"2125";"317.";"7.2";"5.8";"88.";"8.";"108.01";"0.00";"108.01"
"2015";"3";"30";"1";"13";"2126";"319.";"7.8";"5.3";"88.";"8.";"97.71";"0.00";"97.71"
"2015";"3";"30";"1";"14";"2127";"317.";"7.1";"5.0";"88.";"8.";"95.99";"0.00";"95.99"
"2015";"3";"30";"1";"15";"2128";"310.";"6.8";"5.1";"86.";"8.";"65.76";"0.00";"65.76"
"2015";"3";"30";"1";"16";"2129";"305.";"6.2";"5.5";"83.";"6.";"109.21";"168.42";"68.28"
"2015";"3";"30";"1";"17";"2130";"297.";"5.3";"4.3";"85.";"5.";"37.93";"131.13";"23.72"
"2015";"3";"30";"1";"18";"2131";"287.";"4.6";"4.1";"88.";"3.";"0.00";"0.00";"0.00"
"2015";"3";"30";"1";"19";"2132";"281.";"3.0";"3.7";"91.";"4.";"0.00";"0.00";"0.00"
"2015";"3";"30";"1";"20";"2133";"262.";"1.8";"2.9";"91.";"3.";"0.00";"0.00";"0.00"
"2015";"3";"30";"1";"21";"2134";"280.";"3.2";"2.6";"92.";"6.";"0.00";"0.00";"0.00"
"2015";"3";"30";"1";"22";"2135";"281.";"6.3";"4.3";"83.";"4.";"0.00";"0.00";"0.00"
"2015";"3";"30";"1";"23";"2136";"269.";"6.5";"4.1";"81.";"3.";"0.00";"0.00";"0.00"
"2015";"3";"31";"2";"0";"2137";"270.";"6.9";"4.0";"81.";"3.";"0.00";"0.00";"0.00"
"2015";"3";"31";"2";"1";"2138";"264.";"5.9";"3.7";"79.";"1.";"0.00";"0.00";"0.00"
"2015";"3";"31";"2";"2";"2139";"251.";"4.7";"3.3";"82.";"0.";"0.00";"0.00";"0.00"
"2015";"3";"31";"2";"3";"2140";"238.";"3.9";"2.9";"85.";"5.";"0.00";"0.00";"0.00"
"2015";"3";"31";"2";"4";"2141";"221.";"3.4";"2.6";"88.";"6.";"0.00";"0.00";"0.00"
"2015";"3";"31";"2";"5";"2142";"198.";"3.2";"2.0";"90.";"3.";"0.00";"0.00";"0.00"
"2015";"3";"31";"2";"6";"2143";"169.";"3.9";"2.4";"90.";"4.";"47.24";"132.13";"32.15"
"2015";"3";"31";"2";"7";"2144";"155.";"3.9";"3.6";"85.";"4.";"154.04";"264.48";"88.23"
"2015";"3";"31";"2";"8";"2145";"158.";"4.3";"4.0";"81.";"6.";"196.58";"153.73";"139.76"
"2015";"3";"31";"2";"9";"2146";"159.";"3.3";"3.6";"83.";"7.";"193.44";"79.97";"156.00"
"2015";"3";"31";"2";"10";"2147";"168.";"3.3";"3.4";"87.";"8.";"173.78";"0.00";"173.78"
"2015";"3";"31";"2";"11";"2148";"182.";"2.2";"3.6";"86.";"8.";"184.27";"0.00";"184.27"
"2015";"3";"31";"2";"12";"2149";"78.";"0.1";"5.4";"77.";"7.";"285.35";"112.95";"220.52"
"2015";"3";"31";"2";"13";"2150";"359.";"2.3";"6.1";"72.";"7.";"249.32";"118.46";"185.61"
"2015";"3";"31";"2";"14";"2151";"347.";"3.7";"5.4";"76.";"7.";"265.52";"105.52";"216.12"
"2015";"3";"31";"2";"15";"2152";"327.";"4.6";"5.4";"79.";"8.";"180.77";"0.00";"180.77"
"2015";"3";"31";"2";"16";"2153";"321.";"4.6";"5.1";"79.";"8.";"87.92";"0.00";"87.92"
"2015";"3";"31";"2";"17";"2154";"315.";"4.1";"4.5";"80.";"7.";"38.79";"46.91";"33.43"
"2015";"3";"31";"2";"18";"2155";"304.";"3.3";"4.0";"83.";"7.";"0.00";"0.00";"0.00"
"2015";"3";"31";"2";"19";"2156";"297.";"2.8";"3.9";"85.";"8.";"0.00";"0.00";"0.00"
"2015";"3";"31";"2";"20";"2157";"297.";"2.4";"3.9";"86.";"7.";"0.00";"0.00";"0.00"
"2015";"3";"31";"2";"21";"2158";"275.";"2.5";"3.9";"89.";"7.";"0.00";"0.00";"0.00"
"2015";"3";"31";"2";"22";"2159";"264.";"3.0";"4.2";"88.";"8.";"0.00";"0.00";"0.00"
"2015";"3";"31";"2";"23";"2160";"263.";"3.7";"4.4";"89.";"8.";"0.00";"0.00";"0.00"
"2015";"4";"1";"3";"0";"2161";"271.";"4.7";"4.3";"89.";"8.";"0.00";"0.00";"0.00"
"2015";"4";"1";"3";"1";"2162";"281.";"4.5";"4.2";"85.";"6.";"0.00";"0.00";"0.00"
"2015";"4";"1";"3";"2";"2163";"292.";"4.9";"4.2";"77.";"7.";"0.00";"0.00";"0.00"
"2015";"4";"1";"3";"3";"2164";"292.";"5.6";"3.6";"78.";"6.";"0.00";"0.00";"0.00"
"2015";"4";"1";"3";"4";"2165";"292.";"5.7";"3.4";"81.";"5.";"0.00";"0.00";"0.00"
"2015";"4";"1";"3";"5";"2166";"290.";"5.4";"3.2";"83.";"4.";"0.00";"0.00";"0.00"
"2015";"4";"1";"3";"6";"2167";"293.";"5.4";"3.4";"82.";"1.";"57.54";"241.60";"28.53"
"2015";"4";"1";"3";"7";"2168";"293.";"5.8";"4.9";"77.";"1.";"193.81";"452.93";"78.47"
"2015";"4";"1";"3";"8";"2169";"294.";"6.5";"5.5";"73.";"3.";"276.03";"418.37";"118.99"
"2015";"4";"1";"3";"9";"2170";"293.";"6.8";"5.9";"69.";"3.";"371.09";"464.81";"150.83"
"2015";"4";"1";"3";"10";"2171";"295.";"6.1";"6.6";"64.";"2.";"485.71";"598.15";"160.58"
"2015";"4";"1";"3";"11";"2172";"293.";"6.7";"7.4";"62.";"1.";"573.33";"730.58";"149.87"
"2015";"4";"1";"3";"12";"2173";"293.";"7.5";"7.3";"61.";"4.";"450.32";"415.52";"209.47"
"2015";"4";"1";"3";"13";"2174";"293.";"7.0";"7.6";"58.";"3.";"465.48";"516.08";"184.95"
"2015";"4";"1";"3";"14";"2175";"288.";"7.0";"7.9";"54.";"2.";"416.23";"596.86";"133.38"
"2015";"4";"1";"3";"15";"2176";"284.";"7.3";"7.9";"56.";"0.";"361.83";"699.01";"99.46"
"2015";"4";"1";"3";"16";"2177";"286.";"9.2";"7.0";"58.";"0.";"214.21";"554.69";"72.96"
"2015";"4";"1";"3";"17";"2178";"288.";"9.1";"6.2";"61.";"1.";"62.73";"267.81";"30.58"
"2015";"4";"1";"3";"18";"2179";"289.";"8.5";"5.3";"62.";"4.";"0.00";"0.00";"0.00"
"2015";"4";"1";"3";"19";"2180";"291.";"8.0";"4.7";"63.";"3.";"0.00";"0.00";"0.00"
"2015";"4";"1";"3";"20";"2181";"294.";"8.2";"4.4";"63.";"2.";"0.00";"0.00";"0.00"
"2015";"4";"1";"3";"21";"2182";"293.";"7.7";"4.0";"64.";"3.";"0.00";"0.00";"0.00"
"2015";"4";"1";"3";"22";"2183";"292.";"6.9";"3.7";"65.";"3.";"0.00";"0.00";"0.00"
"2015";"4";"1";"3";"23";"2184";"294.";"5.7";"3.2";"68.";"3.";"0.00";"0.00";"0.00"
"2015";"4";"2";"4";"0";"2185";"297.";"5.0";"2.8";"70.";"0.";"0.00";"0.00";"0.00"
"2015";"4";"2";"4";"1";"2186";"297.";"3.9";"2.3";"72.";"1.";"0.00";"0.00";"0.00"
"2015";"4";"2";"4";"2";"2187";"295.";"3.6";"1.3";"77.";"5.";"0.00";"0.00";"0.00"
"2015";"4";"2";"4";"3";"2188";"301.";"3.2";"1.0";"79.";"2.";"0.00";"0.00";"0.00"
"2015";"4";"2";"4";"4";"2189";"310.";"3.1";"0.8";"82.";"4.";"0.00";"0.00";"0.00"
"2015";"4";"2";"4";"5";"2190";"328.";"3.4";"1.0";"83.";"5.";"0.00";"0.00";"0.00"
"2015";"4";"2";"4";"6";"2191";"347.";"3.5";"2.0";"81.";"6.";"46.22";"91.35";"34.72"
"2015";"4";"2";"4";"7";"2192";"1.";"4.3";"2.6";"77.";"5.";"135.39";"228.32";"75.93"
"2015";"4";"2";"4";"8";"2193";"5.";"4.7";"2.8";"73.";"6.";"209.05";"195.81";"134.44"
"2015";"4";"2";"4";"9";"2194";"7.";"4.7";"4.5";"68.";"5.";"318.11";"311.21";"168.86"
"2015";"4";"2";"4";"10";"2195";"355.";"4.7";"6.7";"57.";"2.";"501.88";"656.93";"141.08"
"2015";"4";"2";"4";"11";"2196";"342.";"5.4";"7.9";"50.";"2.";"541.47";"668.66";"150.14"
"2015";"4";"2";"4";"12";"2197";"340.";"5.3";"9.0";"44.";"3.";"493.32";"567.27";"161.32"
"2015";"4";"2";"4";"13";"2198";"324.";"6.6";"8.3";"49.";"3.";"453.62";"535.28";"159.64"
"2015";"4";"2";"4";"14";"2199";"330.";"5.8";"6.5";"53.";"6.";"296.76";"213.26";"194.49"
"2015";"4";"2";"4";"15";"2200";"330.";"5.8";"5.2";"63.";"7.";"133.24";"65.62";"108.23"
"2015";"4";"2";"4";"16";"2201";"351.";"3.9";"5.8";"63.";"5.";"128.19";"194.68";"77.49"
"2015";"4";"2";"4";"17";"2202";"332.";"4.3";"6.6";"59.";"3.";"64.58";"244.14";"33.85"
"2015";"4";"2";"4";"18";"2203";"313.";"5.2";"5.4";"66.";"2.";"0.00";"0.00";"0.00"
"2015";"4";"2";"4";"19";"2204";"312.";"4.6";"4.1";"70.";"1.";"0.00";"0.00";"0.00"
"2015";"4";"2";"4";"20";"2205";"311.";"3.8";"3.3";"75.";"2.";"0.00";"0.00";"0.00"
"2015";"4";"2";"4";"21";"2206";"317.";"4.2";"2.6";"77.";"2.";"0.00";"0.00";"0.00"
"2015";"4";"2";"4";"22";"2207";"329.";"3.5";"1.5";"81.";"1.";"0.00";"0.00";"0.00"
"2015";"4";"2";"4";"23";"2208";"331.";"3.4";"1.1";"85.";"1.";"0.00";"0.00";"0.00"
"2015";"4";"3";"5";"0";"2209";"327.";"3.9";"-0.4";"88.";"0.";"0.00";"0.00";"0.00"
"2015";"4";"3";"5";"1";"2210";"333.";"3.2";"-1.1";"90.";"0.";"0.00";"0.00";"0.00"
"2015";"4";"3";"5";"2";"2211";"355.";"2.4";"-1.2";"91.";"0.";"0.00";"0.00";"0.00"
"2015";"4";"3";"5";"3";"2212";"3.";"2.2";"-2.1";"89.";"0.";"0.00";"0.00";"0.00"
"2015";"4";"3";"5";"4";"2213";"353.";"2.1";"-2.5";"91.";"0.";"0.00";"0.00";"0.00"
"2015";"4";"3";"5";"5";"2214";"357.";"1.5";"-2.7";"92.";"1.";"0.00";"0.00";"0.00"
"2015";"4";"3";"5";"6";"2215";"351.";"1.3";"-1.2";"92.";"0.";"78.61";"328.05";"35.40"
"2015";"4";"3";"5";"7";"2216";"341.";"1.4";"2.3";"78.";"0.";"236.50";"681.09";"55.20"
"2015";"4";"3";"5";"8";"2217";"344.";"2.3";"4.5";"61.";"0.";"397.67";"829.92";"76.69"
"2015";"4";"3";"5";"9";"2218";"326.";"3.2";"6.6";"50.";"0.";"526.23";"899.77";"89.65"
"2015";"4";"3";"5";"10";"2219";"316.";"3.7";"7.8";"44.";"0.";"598.00";"877.78";"110.99"
"2015";"4";"3";"5";"11";"2220";"310.";"4.6";"8.1";"45.";"2.";"552.43";"696.67";"140.81"
"2015";"4";"3";"5";"12";"2221";"306.";"4.9";"8.5";"46.";"3.";"502.36";"592.06";"152.54"
"2015";"4";"3";"5";"13";"2222";"305.";"5.5";"8.3";"47.";"4.";"413.25";"448.52";"164.41"
"2015";"4";"3";"5";"14";"2223";"308.";"5.9";"8.4";"49.";"4.";"372.96";"437.14";"160.85"
"2015";"4";"3";"5";"15";"2224";"315.";"5.8";"8.6";"50.";"3.";"297.89";"496.82";"105.74"
"2015";"4";"3";"5";"16";"2225";"320.";"5.4";"7.9";"53.";"5.";"174.19";"263.56";"104.03"
"2015";"4";"3";"5";"17";"2226";"326.";"4.9";"7.4";"54.";"4.";"58.54";"206.05";"31.40"
"2015";"4";"3";"5";"18";"2227";"329.";"4.4";"5.1";"62.";"0.";"0.00";"0.00";"0.00"
"2015";"4";"3";"5";"19";"2228";"325.";"4.7";"4.1";"69.";"1.";"0.00";"0.00";"0.00"
"2015";"4";"3";"5";"20";"2229";"338.";"4.1";"2.9";"76.";"1.";"0.00";"0.00";"0.00"
"2015";"4";"3";"5";"21";"2230";"334.";"3.3";"1.9";"78.";"0.";"0.00";"0.00";"0.00"
"2015";"4";"3";"5";"22";"2231";"343.";"3.2";"1.0";"79.";"0.";"0.00";"0.00";"0.00"
"2015";"4";"3";"5";"23";"2232";"358.";"2.8";"0.0";"80.";"0.";"0.00";"0.00";"0.00"
"2015";"4";"4";"6";"0";"2233";"355.";"2.7";"-1.0";"85.";"0.";"0.00";"0.00";"0.00"
"2015";"4";"4";"6";"1";"2234";"4.";"2.5";"-2.0";"87.";"0.";"0.00";"0.00";"0.00"
"2015";"4";"4";"6";"2";"2235";"15.";"2.8";"-2.1";"87.";"0.";"0.00";"0.00";"0.00"
"2015";"4";"4";"6";"3";"2236";"25.";"3.1";"-2.4";"87.";"0.";"0.00";"0.00";"0.00"
"2015";"4";"4";"6";"4";"2237";"24.";"3.4";"-2.3";"85.";"0.";"0.00";"0.00";"0.00"
"2015";"4";"4";"6";"5";"2238";"21.";"3.6";"-1.4";"83.";"1.";"0.00";"0.00";"0.00"
"2015";"4";"4";"6";"6";"2239";"22.";"3.7";"0.0";"82.";"0.";"91.44";"446.95";"29.98"
"2015";"4";"4";"6";"7";"2240";"38.";"4.1";"2.1";"76.";"1.";"232.48";"622.42";"63.25"
"2015";"4";"4";"6";"8";"2241";"35.";"4.1";"3.4";"72.";"2.";"343.51";"621.58";"99.59"
"2015";"4";"4";"6";"9";"2242";"34.";"4.6";"5.0";"68.";"2.";"459.11";"657.20";"136.55"
"2015";"4";"4";"6";"10";"2243";"23.";"4.6";"6.5";"58.";"2.";"515.05";"670.67";"139.22"
"2015";"4";"4";"6";"11";"2244";"10.";"5.0";"7.8";"47.";"5.";"394.25";"350.68";"185.10"
"2015";"4";"4";"6";"12";"2245";"356.";"5.5";"7.9";"41.";"4.";"475.19";"467.64";"196.29"
"2015";"4";"4";"6";"13";"2246";"358.";"5.4";"8.6";"34.";"2.";"538.75";"677.18";"159.27"
"2015";"4";"4";"6";"14";"2247";"354.";"5.3";"9.1";"27.";"1.";"500.81";"802.24";"107.06"
"2015";"4";"4";"6";"15";"2248";"351.";"5.3";"9.2";"25.";"0.";"400.66";"810.57";"82.58"
"2015";"4";"4";"6";"16";"2249";"353.";"5.0";"8.8";"26.";"0.";"252.87";"713.85";"58.76"
"2015";"4";"4";"6";"17";"2250";"352.";"4.1";"8.1";"35.";"0.";"93.88";"455.40";"31.27"
"2015";"4";"4";"6";"18";"2251";"344.";"3.4";"5.3";"45.";"0.";"0.00";"0.00";"0.00"
"2015";"4";"4";"6";"19";"2252";"339.";"3.1";"3.1";"55.";"0.";"0.00";"0.00";"0.00"
"2015";"4";"4";"6";"20";"2253";"340.";"2.9";"1.5";"63.";"0.";"0.00";"0.00";"0.00"
"2015";"4";"4";"6";"21";"2254";"356.";"2.7";"0.5";"68.";"0.";"0.00";"0.00";"0.00"
"2015";"4";"4";"6";"22";"2255";"349.";"2.6";"-0.9";"73.";"0.";"0.00";"0.00";"0.00"
"2015";"4";"4";"6";"23";"2256";"351.";"2.5";"-1.4";"77.";"0.";"0.00";"0.00";"0.00"
"2015";"4";"5";"7";"0";"2257";"350.";"2.2";"-1.9";"80.";"0.";"0.00";"0.00";"0.00"
"2015";"4";"5";"7";"1";"2258";"324.";"2.8";"-1.9";"80.";"0.";"0.00";"0.00";"0.00"
"2015";"4";"5";"7";"2";"2259";"332.";"2.2";"-2.3";"85.";"1.";"0.00";"0.00";"0.00"
"2015";"4";"5";"7";"3";"2260";"30.";"1.5";"-3.4";"87.";"6.";"0.00";"0.00";"0.00"
"2015";"4";"5";"7";"4";"2261";"60.";"1.2";"-3.3";"89.";"6.";"0.00";"0.00";"0.00"
"2015";"4";"5";"7";"5";"2262";"64.";"0.4";"-3.4";"88.";"6.";"0.00";"0.00";"0.00"
"2015";"4";"5";"7";"6";"2263";"109.";"1.1";"-0.5";"87.";"5.";"70.31";"156.21";"47.94"
"2015";"4";"5";"7";"7";"2264";"129.";"0.8";"1.6";"80.";"3.";"208.12";"404.07";"95.95"
"2015";"4";"5";"7";"8";"2265";"142.";"1.4";"4.4";"66.";"2.";"354.81";"622.05";"107.21"
"2015";"4";"5";"7";"9";"2266";"235.";"0.4";"6.3";"55.";"3.";"443.10";"552.74";"168.74"
"2015";"4";"5";"7";"10";"2267";"266.";"1.3";"7.4";"46.";"4.";"471.04";"466.72";"206.92"
"2015";"4";"5";"7";"11";"2268";"275.";"2.9";"7.9";"48.";"6.";"468.41";"236.69";"325.95"
"2015";"4";"5";"7";"12";"2269";"279.";"3.8";"8.0";"50.";"3.";"594.13";"596.28";"235.23"
"2015";"4";"5";"7";"13";"2270";"282.";"4.2";"8.1";"50.";"2.";"560.99";"717.60";"154.89"
"2015";"4";"5";"7";"14";"2271";"289.";"4.8";"8.5";"47.";"1.";"519.70";"799.27";"122.97"
"2015";"4";"5";"7";"15";"2272";"291.";"4.8";"8.0";"48.";"6.";"251.40";"204.75";"169.91"
"2015";"4";"5";"7";"16";"2273";"305.";"4.7";"7.1";"50.";"7.";"158.76";"89.91";"133.80"
"2015";"4";"5";"7";"17";"2274";"322.";"4.2";"6.4";"52.";"8.";"59.51";"0.00";"59.51"
"2015";"4";"5";"7";"18";"2275";"333.";"3.2";"4.9";"60.";"8.";"0.00";"0.00";"0.00"
"2015";"4";"5";"7";"19";"2276";"353.";"2.5";"2.7";"66.";"8.";"0.00";"0.00";"0.00"
"2015";"4";"5";"7";"20";"2277";"32.";"2.1";"0.7";"74.";"7.";"0.00";"0.00";"0.00"
"2015";"4";"5";"7";"21";"2278";"27.";"1.7";"-0.1";"74.";"1.";"0.00";"0.00";"0.00"
"2015";"4";"5";"7";"22";"2279";"47.";"1.7";"-0.9";"75.";"1.";"0.00";"0.00";"0.00"
"2015";"4";"5";"7";"23";"2280";"37.";"1.6";"-1.9";"76.";"0.";"0.00";"0.00";"0.00"
"2015";"4";"6";"1";"0";"2281";"41.";"1.8";"-2.4";"78.";"0.";"0.00";"0.00";"0.00"
"2015";"4";"6";"1";"1";"2282";"36.";"2.0";"-2.5";"80.";"3.";"0.00";"0.00";"0.00"
"2015";"4";"6";"1";"2";"2283";"50.";"2.0";"-2.3";"79.";"6.";"0.00";"0.00";"0.00"
"2015";"4";"6";"1";"3";"2284";"46.";"1.7";"-2.3";"78.";"4.";"0.00";"0.00";"0.00"
"2015";"4";"6";"1";"4";"2285";"60.";"1.9";"-2.6";"79.";"3.";"0.00";"0.00";"0.00"
"2015";"4";"6";"1";"5";"2286";"70.";"2.1";"-2.3";"81.";"2.";"0.00";"0.00";"0.00"
"2015";"4";"6";"1";"6";"2287";"73.";"1.5";"-0.7";"79.";"1.";"98.91";"403.66";"38.76"
"2015";"4";"6";"1";"7";"2288";"90.";"1.3";"1.7";"72.";"0.";"258.90";"701.49";"60.20"
"2015";"4";"6";"1";"8";"2289";"166.";"0.8";"4.3";"64.";"0.";"405.60";"795.43";"84.56"
"2015";"4";"6";"1";"9";"2290";"186.";"1.2";"6.8";"56.";"0.";"530.82";"874.88";"91.74"
"2015";"4";"6";"1";"10";"2291";"236.";"1.9";"7.5";"53.";"0.";"622.08";"930.41";"90.47"
"2015";"4";"6";"1";"11";"2292";"242.";"2.8";"7.7";"53.";"1.";"641.10";"817.39";"144.66"
"2015";"4";"6";"1";"12";"2293";"248.";"3.9";"8.1";"52.";"2.";"604.39";"658.01";"204.75"
"2015";"4";"6";"1";"13";"2294";"248.";"4.1";"8.0";"54.";"0.";"613.19";"868.78";"116.79"
"2015";"4";"6";"1";"14";"2295";"239.";"3.9";"8.2";"53.";"2.";"488.93";"671.58";"151.88"
"2015";"4";"6";"1";"15";"2296";"233.";"3.7";"7.9";"52.";"2.";"374.55";"620.03";"124.30"
"2015";"4";"6";"1";"16";"2297";"217.";"3.7";"7.8";"55.";"2.";"227.26";"520.22";"79.91"
"2015";"4";"6";"1";"17";"2298";"214.";"3.9";"6.7";"61.";"4.";"70.65";"222.07";"37.56"
"2015";"4";"6";"1";"18";"2299";"208.";"3.8";"5.4";"70.";"5.";"0.00";"0.00";"0.00"
"2015";"4";"6";"1";"19";"2300";"212.";"4.0";"4.1";"77.";"5.";"0.00";"0.00";"0.00"
"2015";"4";"6";"1";"20";"2301";"221.";"4.1";"3.6";"82.";"6.";"0.00";"0.00";"0.00"
"2015";"4";"6";"1";"21";"2302";"232.";"4.0";"4.4";"80.";"7.";"0.00";"0.00";"0.00"
"2015";"4";"6";"1";"22";"2303";"243.";"5.4";"5.0";"84.";"6.";"0.00";"0.00";"0.00"
"2015";"4";"6";"1";"23";"2304";"240.";"6.0";"5.7";"86.";"7.";"0.00";"0.00";"0.00"
"2015";"4";"7";"2";"0";"2305";"247.";"6.7";"5.6";"86.";"8.";"0.00";"0.00";"0.00"
"2015";"4";"7";"2";"1";"2306";"250.";"6.3";"5.3";"88.";"8.";"0.00";"0.00";"0.00"
"2015";"4";"7";"2";"2";"2307";"257.";"6.4";"5.2";"90.";"8.";"0.00";"0.00";"0.00"
"2015";"4";"7";"2";"3";"2308";"270.";"5.3";"5.5";"89.";"8.";"0.00";"0.00";"0.00"
"2015";"4";"7";"2";"4";"2309";"276.";"6.3";"5.6";"92.";"8.";"0.00";"0.00";"0.00"
"2015";"4";"7";"2";"5";"2310";"273.";"6.0";"5.8";"92.";"8.";"0.00";"0.00";"0.00"
"2015";"4";"7";"2";"6";"2311";"275.";"7.4";"5.9";"92.";"8.";"26.38";"0.00";"26.38"
"2015";"4";"7";"2";"7";"2312";"279.";"7.0";"6.1";"92.";"8.";"71.18";"0.00";"71.18"
"2015";"4";"7";"2";"8";"2313";"282.";"6.9";"6.4";"90.";"8.";"117.30";"0.00";"117.30"
"2015";"4";"7";"2";"9";"2314";"281.";"6.8";"7.4";"88.";"8.";"180.03";"0.00";"180.03"
"2015";"4";"7";"2";"10";"2315";"278.";"7.4";"7.3";"87.";"8.";"181.89";"0.00";"181.89"
"2015";"4";"7";"2";"11";"2316";"277.";"6.7";"7.2";"85.";"7.";"259.42";"89.80";"204.39"
"2015";"4";"7";"2";"12";"2317";"274.";"6.3";"7.9";"82.";"8.";"249.60";"0.00";"249.60"
"2015";"4";"7";"2";"13";"2318";"275.";"5.9";"9.3";"76.";"4.";"413.75";"394.68";"186.10"
"2015";"4";"7";"2";"14";"2319";"276.";"5.9";"9.5";"74.";"4.";"367.42";"344.26";"192.75"
"2015";"4";"7";"2";"15";"2320";"280.";"5.1";"8.7";"76.";"4.";"277.30";"309.01";"150.88"
"2015";"4";"7";"2";"16";"2321";"275.";"4.5";"8.0";"80.";"5.";"168.33";"180.77";"116.12"
"2015";"4";"7";"2";"17";"2322";"274.";"3.9";"8.0";"83.";"5.";"61.91";"107.89";"45.22"
"2015";"4";"7";"2";"18";"2323";"275.";"2.9";"7.0";"86.";"8.";"0.00";"0.00";"0.00"
"2015";"4";"7";"2";"19";"2324";"263.";"1.7";"5.8";"90.";"7.";"0.00";"0.00";"0.00"
"2015";"4";"7";"2";"20";"2325";"207.";"1.1";"4.7";"91.";"7.";"0.00";"0.00";"0.00"
"2015";"4";"7";"2";"21";"2326";"199.";"0.8";"4.0";"93.";"5.";"0.00";"0.00";"0.00"
"2015";"4";"7";"2";"22";"2327";"171.";"0.4";"4.0";"94.";"5.";"0.00";"0.00";"0.00"
"2015";"4";"7";"2";"23";"2328";"249.";"0.1";"3.5";"96.";"6.";"0.00";"0.00";"0.00"
"2015";"4";"8";"3";"0";"2329";"269.";"0.3";"2.7";"97.";"7.";"0.00";"0.00";"0.00"
"2015";"4";"8";"3";"1";"2330";"292.";"2.8";"3.9";"97.";"8.";"0.00";"0.00";"0.00"
"2015";"4";"8";"3";"2";"2331";"302.";"3.0";"4.8";"95.";"7.";"0.00";"0.00";"0.00"
"2015";"4";"8";"3";"3";"2332";"301.";"2.1";"4.6";"94.";"8.";"0.00";"0.00";"0.00"
"2015";"4";"8";"3";"4";"2333";"311.";"3.3";"4.9";"92.";"7.";"0.00";"0.00";"0.00"
"2015";"4";"8";"3";"5";"2334";"325.";"3.3";"5.0";"92.";"8.";"0.00";"0.00";"0.00"
"2015";"4";"8";"3";"6";"2335";"345.";"3.1";"6.5";"88.";"7.";"66.95";"45.34";"59.67"
"2015";"4";"8";"3";"7";"2336";"348.";"4.3";"8.1";"74.";"5.";"202.59";"233.08";"133.96"
"2015";"4";"8";"3";"8";"2337";"352.";"5.1";"10.2";"56.";"2.";"378.62";"586.09";"135.61"
"2015";"4";"8";"3";"9";"2338";"6.";"5.1";"12.3";"41.";"1.";"515.14";"714.82";"148.60"
"2015";"4";"8";"3";"10";"2339";"21.";"4.7";"13.0";"37.";"0.";"624.11";"852.95";"127.55"
"2015";"4";"8";"3";"11";"2340";"18.";"4.3";"14.0";"32.";"1.";"643.42";"749.41";"180.22"
"2015";"4";"8";"3";"12";"2341";"10.";"4.4";"14.1";"30.";"0.";"676.26";"900.96";"119.39"
"2015";"4";"8";"3";"13";"2342";"14.";"4.3";"14.8";"28.";"0.";"625.70";"849.40";"131.20"
"2015";"4";"8";"3";"14";"2343";"20.";"3.4";"15.3";"23.";"0.";"546.08";"862.42";"103.85"
"2015";"4";"8";"3";"15";"2344";"11.";"2.5";"15.1";"18.";"0.";"427.39";"826.45";"84.72"
"2015";"4";"8";"3";"16";"2345";"22.";"1.9";"14.7";"19.";"0.";"278.44";"727.54";"64.23"
"2015";"4";"8";"3";"17";"2346";"20.";"1.2";"12.8";"23.";"0.";"120.37";"519.44";"37.06"
"2015";"4";"8";"3";"18";"2347";"327.";"1.0";"9.5";"38.";"2.";"0.00";"0.00";"0.00"
"2015";"4";"8";"3";"19";"2348";"351.";"0.5";"6.8";"50.";"4.";"0.00";"0.00";"0.00"
"2015";"4";"8";"3";"20";"2349";"71.";"0.7";"5.0";"58.";"8.";"0.00";"0.00";"0.00"
"2015";"4";"8";"3";"21";"2350";"115.";"0.2";"4.8";"64.";"8.";"0.00";"0.00";"0.00"
"2015";"4";"8";"3";"22";"2351";"159.";"1.0";"4.3";"67.";"8.";"0.00";"0.00";"0.00"
"2015";"4";"8";"3";"23";"2352";"141.";"1.8";"3.7";"70.";"8.";"0.00";"0.00";"0.00"
"2015";"4";"9";"4";"0";"2353";"156.";"1.5";"2.2";"74.";"6.";"0.00";"0.00";"0.00"
"2015";"4";"9";"4";"1";"2354";"187.";"1.5";"1.6";"77.";"7.";"0.00";"0.00";"0.00"
"2015";"4";"9";"4";"2";"2355";"208.";"2.4";"1.7";"80.";"7.";"0.00";"0.00";"0.00"
"2015";"4";"9";"4";"3";"2356";"191.";"3.8";"1.6";"82.";"7.";"0.00";"0.00";"0.00"
"2015";"4";"9";"4";"4";"2357";"188.";"4.0";"1.9";"85.";"6.";"0.00";"0.00";"0.00"
"2015";"4";"9";"4";"5";"2358";"205.";"3.1";"2.9";"86.";"3.";"0.00";"0.00";"0.00"
"2015";"4";"9";"4";"6";"2359";"222.";"3.1";"5.9";"86.";"0.";"103.39";"351.18";"45.09"
"2015";"4";"9";"4";"7";"2360";"228.";"3.7";"6.9";"81.";"0.";"256.16";"550.27";"91.09"
"2015";"4";"9";"4";"8";"2361";"238.";"4.2";"8.2";"66.";"4.";"339.05";"344.34";"194.40"
"2015";"4";"9";"4";"9";"2362";"246.";"4.8";"8.6";"59.";"4.";"437.16";"358.07";"251.63"
"2015";"4";"9";"4";"10";"2363";"237.";"4.4";"9.0";"58.";"0.";"602.94";"701.00";"191.11"
"2015";"4";"9";"4";"11";"2364";"244.";"4.1";"9.5";"60.";"0.";"645.53";"713.82";"200.55"
"2015";"4";"9";"4";"12";"2365";"256.";"4.4";"10.5";"62.";"3.";"559.11";"435.35";"287.72"
"2015";"4";"9";"4";"13";"2366";"258.";"4.5";"10.9";"64.";"4.";"459.61";"362.57";"246.61"
"2015";"4";"9";"4";"14";"2367";"261.";"4.7";"10.7";"66.";"6.";"302.01";"164.94";"216.55"
"2015";"4";"9";"4";"15";"2368";"269.";"4.2";"10.6";"69.";"1.";"372.17";"491.45";"165.72"
"2015";"4";"9";"4";"16";"2369";"268.";"3.9";"9.9";"73.";"3.";"192.52";"313.22";"98.56"
"2015";"4";"9";"4";"17";"2370";"263.";"3.9";"8.7";"77.";"3.";"77.73";"210.61";"42.76"
"2015";"4";"9";"4";"18";"2371";"256.";"3.8";"7.6";"81.";"4.";"0.00";"0.00";"0.00"
"2015";"4";"9";"4";"19";"2372";"256.";"3.8";"6.5";"87.";"4.";"0.00";"0.00";"0.00"
"2015";"4";"9";"4";"20";"2373";"265.";"4.7";"5.9";"90.";"6.";"0.00";"0.00";"0.00"
"2015";"4";"9";"4";"21";"2374";"265.";"4.9";"5.6";"91.";"7.";"0.00";"0.00";"0.00"
"2015";"4";"9";"4";"22";"2375";"267.";"5.5";"5.2";"92.";"8.";"0.00";"0.00";"0.00"
"2015";"4";"9";"4";"23";"2376";"261.";"4.6";"5.4";"92.";"8.";"0.00";"0.00";"0.00"
"2015";"4";"10";"5";"0";"2377";"263.";"4.2";"5.3";"93.";"8.";"0.00";"0.00";"0.00"
"2015";"4";"10";"5";"1";"2378";"259.";"4.2";"5.2";"94.";"8.";"0.00";"0.00";"0.00"
"2015";"4";"10";"5";"2";"2379";"259.";"4.3";"4.9";"94.";"8.";"0.00";"0.00";"0.00"
"2015";"4";"10";"5";"3";"2380";"264.";"4.2";"4.6";"96.";"8.";"0.00";"0.00";"0.00"
"2015";"4";"10";"5";"4";"2381";"262.";"3.9";"4.2";"95.";"8.";"0.00";"0.00";"0.00"
"2015";"4";"10";"5";"5";"2382";"256.";"3.8";"4.3";"95.";"8.";"0.00";"0.00";"0.00"
"2015";"4";"10";"5";"6";"2383";"248.";"3.9";"4.2";"95.";"7.";"41.36";"28.74";"36.42"
"2015";"4";"10";"5";"7";"2384";"243.";"4.0";"4.7";"95.";"8.";"59.88";"0.00";"59.88"
"2015";"4";"10";"5";"8";"2385";"243.";"4.3";"5.1";"94.";"8.";"113.19";"0.00";"113.19"
"2015";"4";"10";"5";"9";"2386";"245.";"4.3";"5.3";"94.";"8.";"127.40";"0.00";"127.40"
"2015";"4";"10";"5";"10";"2387";"235.";"4.2";"5.5";"93.";"8.";"171.29";"0.00";"171.29"
"2015";"4";"10";"5";"11";"2388";"229.";"4.5";"5.8";"92.";"8.";"179.26";"0.00";"179.26"
"2015";"4";"10";"5";"12";"2389";"225.";"4.5";"5.9";"91.";"8.";"180.25";"0.00";"180.25"
"2015";"4";"10";"5";"13";"2390";"224.";"4.8";"6.4";"89.";"8.";"168.32";"0.00";"168.32"
"2015";"4";"10";"5";"14";"2391";"219.";"4.8";"6.7";"86.";"8.";"144.77";"0.00";"144.77"
"2015";"4";"10";"5";"15";"2392";"211.";"3.2";"6.7";"86.";"8.";"111.73";"0.00";"111.73"
"2015";"4";"10";"5";"16";"2393";"207.";"3.1";"6.4";"86.";"8.";"82.64";"0.00";"82.64"
"2015";"4";"10";"5";"17";"2394";"201.";"3.5";"6.0";"86.";"8.";"30.28";"0.00";"30.28"
"2015";"4";"10";"5";"18";"2395";"194.";"4.0";"5.6";"88.";"8.";"0.00";"0.00";"0.00"
"2015";"4";"10";"5";"19";"2396";"183.";"3.6";"5.3";"91.";"8.";"0.00";"0.00";"0.00"
"2015";"4";"10";"5";"20";"2397";"171.";"3.2";"5.1";"93.";"8.";"0.00";"0.00";"0.00"
"2015";"4";"10";"5";"21";"2398";"166.";"2.5";"4.9";"94.";"8.";"0.00";"0.00";"0.00"
"2015";"4";"10";"5";"22";"2399";"158.";"2.5";"4.6";"95.";"8.";"0.00";"0.00";"0.00"
"2015";"4";"10";"5";"23";"2400";"151.";"2.6";"4.3";"95.";"8.";"0.00";"0.00";"0.00"
"2015";"4";"11";"6";"0";"2401";"147.";"3.0";"3.9";"96.";"7.";"0.00";"0.00";"0.00"
"2015";"4";"11";"6";"1";"2402";"143.";"3.0";"3.6";"97.";"8.";"0.00";"0.00";"0.00"
"2015";"4";"11";"6";"2";"2403";"143.";"2.8";"3.4";"96.";"8.";"0.00";"0.00";"0.00"
"2015";"4";"11";"6";"3";"2404";"136.";"2.8";"3.1";"96.";"6.";"0.00";"0.00";"0.00"
"2015";"4";"11";"6";"4";"2405";"130.";"3.8";"3.0";"96.";"5.";"0.00";"0.00";"0.00"
"2015";"4";"11";"6";"5";"2406";"134.";"3.7";"3.2";"96.";"4.";"0.00";"0.00";"0.00"
"2015";"4";"11";"6";"6";"2407";"129.";"3.1";"4.2";"97.";"4.";"70.68";"79.69";"56.56"
"2015";"4";"11";"6";"7";"2408";"131.";"3.5";"6.5";"92.";"8.";"138.50";"0.00";"138.50"
"2015";"4";"11";"6";"8";"2409";"146.";"4.1";"9.1";"81.";"2.";"330.80";"375.74";"168.92"
"2015";"4";"11";"6";"9";"2410";"150.";"5.1";"12.7";"66.";"4.";"360.27";"264.08";"220.64"
"2015";"4";"11";"6";"10";"2411";"159.";"5.4";"14.3";"57.";"2.";"523.75";"452.38";"253.24"
"2015";"4";"11";"6";"11";"2412";"167.";"5.6";"14.6";"55.";"2.";"557.03";"454.63";"268.88"
"2015";"4";"11";"6";"12";"2413";"166.";"5.9";"15.0";"53.";"1.";"585.99";"532.38";"248.57"
"2015";"4";"11";"6";"13";"2414";"176.";"5.8";"15.4";"54.";"3.";"469.78";"346.70";"262.46"
"2015";"4";"11";"6";"14";"2415";"178.";"5.8";"15.3";"56.";"1.";"456.87";"436.69";"225.97"
"2015";"4";"11";"6";"15";"2416";"172.";"6.3";"15.6";"55.";"3.";"330.57";"271.51";"213.60"
"2015";"4";"11";"6";"16";"2417";"168.";"6.0";"15.2";"55.";"4.";"185.44";"182.84";"128.59"
"2015";"4";"11";"6";"17";"2418";"163.";"6.2";"14.6";"56.";"6.";"74.49";"60.29";"63.81"
"2015";"4";"11";"6";"18";"2419";"168.";"6.0";"13.7";"60.";"4.";"0.00";"0.00";"0.00"
"2015";"4";"11";"6";"19";"2420";"205.";"6.8";"11.7";"68.";"6.";"0.00";"0.00";"0.00"
"2015";"4";"11";"6";"20";"2421";"260.";"5.2";"9.8";"81.";"8.";"0.00";"0.00";"0.00"
"2015";"4";"11";"6";"21";"2422";"225.";"6.3";"8.5";"86.";"8.";"0.00";"0.00";"0.00"
"2015";"4";"11";"6";"22";"2423";"220.";"7.6";"8.0";"89.";"8.";"0.00";"0.00";"0.00"
"2015";"4";"11";"6";"23";"2424";"240.";"9.5";"6.6";"87.";"8.";"0.00";"0.00";"0.00"
"2015";"4";"12";"7";"0";"2425";"252.";"9.4";"5.8";"80.";"8.";"0.00";"0.00";"0.00"
"2015";"4";"12";"7";"1";"2426";"264.";"11.5";"5.9";"79.";"5.";"0.00";"0.00";"0.00"
"2015";"4";"12";"7";"2";"2427";"263.";"11.9";"6.0";"80.";"5.";"0.00";"0.00";"0.00"
"2015";"4";"12";"7";"3";"2428";"267.";"11.7";"6.0";"81.";"5.";"0.00";"0.00";"0.00"
"2015";"4";"12";"7";"4";"2429";"260.";"10.1";"5.9";"79.";"0.";"0.00";"0.00";"0.00"
"2015";"4";"12";"7";"5";"2430";"259.";"9.6";"6.0";"78.";"0.";"0.00";"0.00";"0.00"
"2015";"4";"12";"7";"6";"2431";"258.";"8.4";"6.3";"82.";"6.";"64.12";"79.64";"49.57"
"2015";"4";"12";"7";"7";"2432";"256.";"8.9";"6.7";"81.";"7.";"109.50";"59.88";"90.56"
"2015";"4";"12";"7";"8";"2433";"255.";"7.9";"7.5";"74.";"6.";"224.54";"138.89";"163.96"
"2015";"4";"12";"7";"9";"2434";"255.";"7.7";"8.1";"71.";"6.";"271.07";"166.20";"182.33"
"2015";"4";"12";"7";"10";"2435";"252.";"7.8";"8.4";"68.";"5.";"397.64";"262.44";"239.35"
"2015";"4";"12";"7";"11";"2436";"248.";"7.6";"8.9";"66.";"4.";"455.92";"354.90";"229.17"
"2015";"4";"12";"7";"12";"2437";"246.";"7.5";"9.6";"61.";"5.";"476.57";"270.40";"303.80"
"2015";"4";"12";"7";"13";"2438";"249.";"7.1";"10.0";"56.";"3.";"507.65";"475.83";"220.66"
"2015";"4";"12";"7";"14";"2439";"252.";"6.7";"9.3";"58.";"6.";"344.26";"191.31";"242.11"
"2015";"4";"12";"7";"15";"2440";"243.";"5.4";"8.9";"64.";"7.";"210.48";"84.88";"173.46"
"2015";"4";"12";"7";"16";"2441";"237.";"5.4";"8.5";"66.";"7.";"138.75";"73.75";"115.43"
"2015";"4";"12";"7";"17";"2442";"235.";"6.1";"8.2";"69.";"7.";"49.07";"44.18";"41.00"
"2015";"4";"12";"7";"18";"2443";"237.";"7.0";"7.2";"76.";"8.";"0.00";"0.00";"0.00"
"2015";"4";"12";"7";"19";"2444";"234.";"7.3";"5.8";"83.";"7.";"0.00";"0.00";"0.00"
"2015";"4";"12";"7";"20";"2445";"229.";"7.5";"5.0";"86.";"7.";"0.00";"0.00";"0.00"
"2015";"4";"12";"7";"21";"2446";"231.";"7.1";"5.1";"85.";"7.";"0.00";"0.00";"0.00"
"2015";"4";"12";"7";"22";"2447";"235.";"6.5";"4.8";"85.";"8.";"0.00";"0.00";"0.00"
"2015";"4";"12";"7";"23";"2448";"235.";"5.8";"4.7";"86.";"8.";"0.00";"0.00";"0.00"
"2015";"4";"13";"1";"0";"2449";"250.";"5.9";"4.7";"87.";"8.";"0.00";"0.00";"0.00"
"2015";"4";"13";"1";"1";"2450";"266.";"5.9";"4.8";"87.";"7.";"0.00";"0.00";"0.00"
"2015";"4";"13";"1";"2";"2451";"280.";"6.2";"4.9";"84.";"4.";"0.00";"0.00";"0.00"
"2015";"4";"13";"1";"3";"2452";"293.";"8.0";"4.7";"79.";"2.";"0.00";"0.00";"0.00"
"2015";"4";"13";"1";"4";"2453";"293.";"8.5";"4.6";"73.";"2.";"0.00";"0.00";"0.00"
"2015";"4";"13";"1";"5";"2454";"293.";"8.6";"4.7";"72.";"1.";"0.21";"1.73";"0.12"
"2015";"4";"13";"1";"6";"2455";"292.";"9.3";"5.1";"72.";"2.";"113.88";"326.13";"52.51"
"2015";"4";"13";"1";"7";"2456";"293.";"10.0";"5.9";"69.";"2.";"244.89";"438.47";"103.84"
"2015";"4";"13";"1";"8";"2457";"297.";"8.7";"6.5";"66.";"2.";"373.14";"541.77";"134.01"
"2015";"4";"13";"1";"9";"2458";"301.";"9.3";"7.4";"58.";"4.";"410.71";"400.25";"194.92"
"2015";"4";"13";"1";"10";"2459";"299.";"9.2";"7.7";"55.";"2.";"558.14";"644.95";"165.87"
"2015";"4";"13";"1";"11";"2460";"298.";"8.9";"8.1";"54.";"1.";"642.17";"723.08";"176.51"
"2015";"4";"13";"1";"12";"2461";"296.";"7.7";"9.0";"50.";"2.";"627.97";"689.87";"183.70"
"2015";"4";"13";"1";"13";"2462";"287.";"7.3";"9.5";"48.";"1.";"635.13";"783.85";"158.38"
"2015";"4";"13";"1";"14";"2463";"282.";"7.7";"9.8";"48.";"0.";"578.79";"917.41";"84.20"
"2015";"4";"13";"1";"15";"2464";"286.";"8.2";"9.2";"52.";"0.";"445.76";"783.38";"99.98"
"2015";"4";"13";"1";"16";"2465";"282.";"6.8";"8.9";"54.";"0.";"297.86";"691.63";"75.37"
"2015";"4";"13";"1";"17";"2466";"287.";"6.6";"7.8";"56.";"0.";"139.64";"519.73";"41.82"
"2015";"4";"13";"1";"18";"2467";"288.";"5.7";"6.7";"62.";"0.";"0.50";"4.79";"0.26"
"2015";"4";"13";"1";"19";"2468";"290.";"5.0";"6.0";"68.";"0.";"0.00";"0.00";"0.00"
"2015";"4";"13";"1";"20";"2469";"289.";"4.2";"5.3";"72.";"0.";"0.00";"0.00";"0.00"
"2015";"4";"13";"1";"21";"2470";"291.";"4.3";"4.9";"76.";"1.";"0.00";"0.00";"0.00"
"2015";"4";"13";"1";"22";"2471";"297.";"4.0";"4.6";"75.";"4.";"0.00";"0.00";"0.00"
"2015";"4";"13";"1";"23";"2472";"298.";"4.2";"4.1";"75.";"5.";"0.00";"0.00";"0.00"
"2015";"4";"14";"2";"0";"2473";"295.";"3.7";"3.5";"76.";"6.";"0.00";"0.00";"0.00"
"2015";"4";"14";"2";"1";"2474";"290.";"3.7";"3.6";"75.";"7.";"0.00";"0.00";"0.00"
"2015";"4";"14";"2";"2";"2475";"289.";"4.5";"4.4";"74.";"8.";"0.00";"0.00";"0.00"
"2015";"4";"14";"2";"3";"2476";"286.";"3.5";"4.1";"72.";"8.";"0.00";"0.00";"0.00"
"2015";"4";"14";"2";"4";"2477";"274.";"4.0";"4.2";"69.";"8.";"0.00";"0.00";"0.00"
"2015";"4";"14";"2";"5";"2478";"266.";"4.5";"5.0";"69.";"8.";"2.46";"0.00";"2.46"
"2015";"4";"14";"2";"6";"2479";"249.";"4.2";"5.2";"76.";"8.";"61.56";"0.00";"61.56"
"2015";"4";"14";"2";"7";"2480";"234.";"4.9";"4.9";"76.";"7.";"114.93";"58.42";"95.83"
"2015";"4";"14";"2";"8";"2481";"210.";"5.2";"4.1";"81.";"8.";"87.99";"0.00";"87.99"
"2015";"4";"14";"2";"9";"2482";"183.";"7.1";"3.8";"86.";"8.";"94.45";"0.00";"94.45"
"2015";"4";"14";"2";"10";"2483";"182.";"8.4";"3.9";"90.";"8.";"103.81";"0.00";"103.81"
"2015";"4";"14";"2";"11";"2484";"185.";"7.8";"5.0";"91.";"8.";"112.66";"0.00";"112.66"
"2015";"4";"14";"2";"12";"2485";"200.";"6.7";"6.1";"94.";"8.";"112.06";"0.00";"112.06"
"2015";"4";"14";"2";"13";"2486";"230.";"6.1";"6.9";"95.";"8.";"97.40";"0.00";"97.40"
"2015";"4";"14";"2";"14";"2487";"245.";"6.4";"7.7";"94.";"8.";"154.42";"0.00";"154.42"
"2015";"4";"14";"2";"15";"2488";"251.";"6.7";"7.7";"92.";"8.";"121.78";"0.00";"121.78"
"2015";"4";"14";"2";"16";"2489";"252.";"6.3";"7.8";"91.";"8.";"80.29";"0.00";"80.29"
"2015";"4";"14";"2";"17";"2490";"250.";"6.3";"7.7";"91.";"8.";"36.88";"0.00";"36.88"
"2015";"4";"14";"2";"18";"2491";"250.";"6.6";"7.6";"91.";"8.";"0.00";"0.00";"0.00"
"2015";"4";"14";"2";"19";"2492";"251.";"6.5";"7.4";"93.";"8.";"0.00";"0.00";"0.00"
"2015";"4";"14";"2";"20";"2493";"253.";"6.5";"7.1";"92.";"8.";"0.00";"0.00";"0.00"
"2015";"4";"14";"2";"21";"2494";"260.";"6.1";"6.9";"91.";"7.";"0.00";"0.00";"0.00"
"2015";"4";"14";"2";"22";"2495";"266.";"5.9";"6.7";"89.";"7.";"0.00";"0.00";"0.00"
"2015";"4";"14";"2";"23";"2496";"268.";"4.9";"6.6";"88.";"7.";"0.00";"0.00";"0.00"
"2015";"4";"15";"3";"0";"2497";"271.";"5.1";"6.6";"87.";"4.";"0.00";"0.00";"0.00"
"2015";"4";"15";"3";"1";"2498";"280.";"5.2";"6.8";"87.";"7.";"0.00";"0.00";"0.00"
"2015";"4";"15";"3";"2";"2499";"271.";"5.3";"6.8";"86.";"6.";"0.00";"0.00";"0.00"
"2015";"4";"15";"3";"3";"2500";"273.";"4.8";"6.6";"87.";"7.";"0.00";"0.00";"0.00"
"2015";"4";"15";"3";"4";"2501";"262.";"4.4";"6.6";"88.";"7.";"0.00";"0.00";"0.00"
"2015";"4";"15";"3";"5";"2502";"246.";"3.9";"6.6";"89.";"8.";"0.00";"0.00";"0.00"
"2015";"4";"15";"3";"6";"2503";"246.";"3.1";"6.6";"91.";"8.";"22.09";"0.00";"22.09"
"2015";"4";"15";"3";"7";"2504";"228.";"2.8";"6.9";"92.";"8.";"61.38";"0.00";"61.38"
"2015";"4";"15";"3";"8";"2505";"203.";"2.7";"7.4";"93.";"8.";"66.08";"0.00";"66.08"
"2015";"4";"15";"3";"9";"2506";"206.";"4.2";"7.6";"95.";"8.";"88.21";"0.00";"88.21"
"2015";"4";"15";"3";"10";"2507";"227.";"4.7";"7.7";"95.";"8.";"100.04";"0.00";"100.04"
"2015";"4";"15";"3";"11";"2508";"234.";"5.1";"7.9";"94.";"8.";"106.67";"0.00";"106.67"
"2015";"4";"15";"3";"12";"2509";"232.";"5.5";"7.8";"95.";"8.";"107.82";"0.00";"107.82"
"2015";"4";"15";"3";"13";"2510";"237.";"5.9";"7.6";"94.";"8.";"104.90";"0.00";"104.90"
"2015";"4";"15";"3";"14";"2511";"243.";"6.3";"7.7";"94.";"8.";"87.18";"0.00";"87.18"
"2015";"4";"15";"3";"15";"2512";"252.";"6.6";"7.5";"94.";"8.";"75.30";"0.00";"75.30"
"2015";"4";"15";"3";"16";"2513";"271.";"7.7";"7.2";"94.";"8.";"51.42";"0.00";"51.42"
"2015";"4";"15";"3";"17";"2514";"277.";"7.2";"7.3";"91.";"6.";"74.45";"104.07";"53.74"
"2015";"4";"15";"3";"18";"2515";"279.";"7.4";"7.5";"82.";"4.";"0.00";"0.00";"0.00"
"2015";"4";"15";"3";"19";"2516";"287.";"8.7";"7.4";"66.";"0.";"0.00";"0.00";"0.00"
"2015";"4";"15";"3";"20";"2517";"298.";"8.3";"6.9";"62.";"0.";"0.00";"0.00";"0.00"
"2015";"4";"15";"3";"21";"2518";"294.";"8.7";"6.5";"65.";"0.";"0.00";"0.00";"0.00"
"2015";"4";"15";"3";"22";"2519";"296.";"8.1";"6.3";"68.";"0.";"0.00";"0.00";"0.00"
"2015";"4";"15";"3";"23";"2520";"297.";"8.1";"5.6";"72.";"0.";"0.00";"0.00";"0.00"
"2015";"4";"16";"4";"0";"2521";"294.";"7.6";"5.4";"75.";"0.";"0.00";"0.00";"0.00"
"2015";"4";"16";"4";"1";"2522";"291.";"6.6";"5.3";"77.";"0.";"0.00";"0.00";"0.00"
"2015";"4";"16";"4";"2";"2523";"287.";"6.7";"5.2";"81.";"0.";"0.00";"0.00";"0.00"
"2015";"4";"16";"4";"3";"2524";"289.";"5.9";"5.1";"85.";"0.";"0.00";"0.00";"0.00"
"2015";"4";"16";"4";"4";"2525";"288.";"5.5";"5.3";"86.";"3.";"0.00";"0.00";"0.00"
"2015";"4";"16";"4";"5";"2526";"290.";"6.1";"5.3";"86.";"4.";"5.03";"22.73";"3.51"
"2015";"4";"16";"4";"6";"2527";"292.";"6.6";"6.3";"82.";"1.";"134.93";"377.92";"57.69"
"2015";"4";"16";"4";"7";"2528";"296.";"7.0";"7.3";"76.";"0.";"302.46";"601.49";"99.46"
"2015";"4";"16";"4";"8";"2529";"304.";"6.4";"8.1";"69.";"1.";"423.68";"661.94";"121.29"
"2015";"4";"16";"4";"9";"2530";"306.";"6.0";"9.4";"59.";"1.";"537.22";"705.61";"146.13"
"2015";"4";"16";"4";"10";"2531";"304.";"6.5";"9.9";"54.";"2.";"574.05";"662.20";"161.40"
"2015";"4";"16";"4";"11";"2532";"298.";"7.3";"9.9";"51.";"2.";"634.03";"646.06";"208.39"
"2015";"4";"16";"4";"12";"2533";"292.";"7.7";"9.8";"53.";"2.";"634.35";"650.02";"206.10"
"2015";"4";"16";"4";"13";"2534";"289.";"7.3";"10.1";"49.";"1.";"628.05";"784.52";"139.18"
"2015";"4";"16";"4";"14";"2535";"285.";"7.0";"10.2";"50.";"0.";"585.38";"839.07";"120.32"
"2015";"4";"16";"4";"15";"2536";"285.";"7.0";"10.2";"47.";"0.";"483.05";"870.09";"85.57"
"2015";"4";"16";"4";"16";"2537";"279.";"6.4";"9.7";"50.";"0.";"319.97";"738.63";"70.69"
"2015";"4";"16";"4";"17";"2538";"282.";"5.2";"8.5";"56.";"1.";"145.66";"473.33";"48.92"
"2015";"4";"16";"4";"18";"2539";"291.";"4.6";"8.0";"62.";"3.";"9.29";"57.76";"5.44"
"2015";"4";"16";"4";"19";"2540";"304.";"4.2";"6.5";"71.";"1.";"0.00";"0.00";"0.00"
"2015";"4";"16";"4";"20";"2541";"312.";"3.6";"5.2";"77.";"2.";"0.00";"0.00";"0.00"
"2015";"4";"16";"4";"21";"2542";"311.";"2.6";"3.7";"85.";"1.";"0.00";"0.00";"0.00"
"2015";"4";"16";"4";"22";"2543";"319.";"3.3";"2.7";"87.";"0.";"0.00";"0.00";"0.00"
"2015";"4";"16";"4";"23";"2544";"338.";"3.1";"1.6";"90.";"0.";"0.00";"0.00";"0.00"
"2015";"4";"17";"5";"0";"2545";"344.";"3.7";"0.9";"87.";"0.";"0.00";"0.00";"0.00"
"2015";"4";"17";"5";"1";"2546";"345.";"3.7";"0.8";"85.";"0.";"0.00";"0.00";"0.00"
"2015";"4";"17";"5";"2";"2547";"352.";"3.6";"0.8";"84.";"0.";"0.00";"0.00";"0.00"
"2015";"4";"17";"5";"3";"2548";"348.";"4.3";"0.7";"81.";"0.";"0.00";"0.00";"0.00"
"2015";"4";"17";"5";"4";"2549";"355.";"3.7";"0.9";"78.";"0.";"0.00";"0.00";"0.00"
"2015";"4";"17";"5";"5";"2550";"351.";"3.8";"1.9";"74.";"1.";"21.58";"157.98";"10.20"
"2015";"4";"17";"5";"6";"2551";"355.";"4.2";"4.3";"67.";"0.";"171.09";"596.66";"45.97"
"2015";"4";"17";"5";"7";"2552";"1.";"4.7";"5.9";"61.";"0.";"328.23";"755.30";"69.42"
"2015";"4";"17";"5";"8";"2553";"8.";"5.3";"7.6";"57.";"3.";"397.25";"551.53";"142.52"
"2015";"4";"17";"5";"9";"2554";"8.";"5.9";"8.4";"53.";"5.";"397.03";"351.71";"200.36"
"2015";"4";"17";"5";"10";"2555";"10.";"5.9";"8.7";"54.";"7.";"283.05";"117.27";"209.41"
"2015";"4";"17";"5";"11";"2556";"13.";"5.9";"8.8";"52.";"7.";"364.48";"118.94";"285.55"
"2015";"4";"17";"5";"12";"2557";"15.";"5.9";"9.9";"48.";"6.";"458.86";"224.92";"309.59"
"2015";"4";"17";"5";"13";"2558";"22.";"6.2";"10.6";"45.";"7.";"310.81";"117.24";"237.18"
"2015";"4";"17";"5";"14";"2559";"17.";"6.0";"10.6";"49.";"6.";"310.87";"173.44";"213.88"
"2015";"4";"17";"5";"15";"2560";"25.";"6.0";"9.9";"54.";"4.";"362.70";"428.14";"164.96"
"2015";"4";"17";"5";"16";"2561";"15.";"5.9";"9.9";"48.";"5.";"241.76";"294.28";"140.92"
"2015";"4";"17";"5";"17";"2562";"27.";"6.0";"9.7";"48.";"3.";"143.47";"372.86";"65.28"
"2015";"4";"17";"5";"18";"2563";"22.";"4.6";"8.3";"51.";"2.";"18.37";"127.88";"9.16"
"2015";"4";"17";"5";"19";"2564";"16.";"3.7";"6.7";"57.";"3.";"0.00";"0.00";"0.00"
"2015";"4";"17";"5";"20";"2565";"12.";"3.0";"4.8";"65.";"3.";"0.00";"0.00";"0.00"
"2015";"4";"17";"5";"21";"2566";"15.";"2.9";"3.7";"71.";"3.";"0.00";"0.00";"0.00"
"2015";"4";"17";"5";"22";"2567";"19.";"2.3";"3.1";"77.";"1.";"0.00";"0.00";"0.00"
"2015";"4";"17";"5";"23";"2568";"18.";"1.8";"1.7";"82.";"1.";"0.00";"0.00";"0.00"
"2015";"4";"18";"6";"0";"2569";"6.";"1.5";"1.4";"84.";"0.";"0.00";"0.00";"0.00"
"2015";"4";"18";"6";"1";"2570";"347.";"1.4";"-0.3";"90.";"2.";"0.00";"0.00";"0.00"
"2015";"4";"18";"6";"2";"2571";"354.";"1.3";"-0.8";"91.";"1.";"0.00";"0.00";"0.00"
"2015";"4";"18";"6";"3";"2572";"338.";"1.7";"-1.3";"90.";"2.";"0.00";"0.00";"0.00"
"2015";"4";"18";"6";"4";"2573";"325.";"2.0";"-1.2";"92.";"2.";"0.00";"0.00";"0.00"
"2015";"4";"18";"6";"5";"2574";"329.";"1.8";"-1.1";"94.";"0.";"26.83";"192.26";"11.94"
"2015";"4";"18";"6";"6";"2575";"320.";"1.7";"2.0";"93.";"1.";"155.31";"476.49";"52.89"
"2015";"4";"18";"6";"7";"2576";"305.";"2.1";"6.7";"78.";"1.";"323.99";"678.41";"88.07"
"2015";"4";"18";"6";"8";"2577";"301.";"3.6";"8.7";"66.";"0.";"491.55";"879.27";"81.08"
"2015";"4";"18";"6";"9";"2578";"306.";"3.8";"10.5";"55.";"1.";"581.31";"797.45";"131.50"
"2015";"4";"18";"6";"10";"2579";"301.";"4.3";"11.4";"50.";"0.";"692.36";"939.32";"97.94"
"2015";"4";"18";"6";"11";"2580";"297.";"5.0";"11.5";"47.";"3.";"661.03";"609.92";"253.36"
"2015";"4";"18";"6";"12";"2581";"293.";"5.2";"11.6";"47.";"5.";"525.38";"354.44";"288.47"
"2015";"4";"18";"6";"13";"2582";"291.";"4.8";"11.3";"45.";"5.";"546.49";"347.33";"326.70"
"2015";"4";"18";"6";"14";"2583";"291.";"4.6";"11.7";"44.";"1.";"578.22";"779.33";"138.63"
"2015";"4";"18";"6";"15";"2584";"298.";"4.3";"11.5";"44.";"2.";"441.47";"625.25";"149.58"
"2015";"4";"18";"6";"16";"2585";"295.";"3.3";"11.3";"45.";"5.";"268.95";"298.48";"165.15"
"2015";"4";"18";"6";"17";"2586";"312.";"3.5";"10.1";"47.";"5.";"139.81";"231.31";"90.09"
"2015";"4";"18";"6";"18";"2587";"323.";"3.4";"9.0";"54.";"7.";"12.36";"21.38";"10.71"
"2015";"4";"18";"6";"19";"2588";"326.";"2.5";"7.7";"67.";"8.";"0.00";"0.00";"0.00"
"2015";"4";"18";"6";"20";"2589";"335.";"2.2";"6.8";"72.";"6.";"0.00";"0.00";"0.00"
"2015";"4";"18";"6";"21";"2590";"360.";"3.5";"6.3";"77.";"7.";"0.00";"0.00";"0.00"
"2015";"4";"18";"6";"22";"2591";"11.";"4.5";"6.6";"72.";"8.";"0.00";"0.00";"0.00"
"2015";"4";"18";"6";"23";"2592";"23.";"4.6";"7.8";"62.";"7.";"0.00";"0.00";"0.00"
"2015";"4";"19";"7";"0";"2593";"33.";"4.4";"7.5";"69.";"8.";"0.00";"0.00";"0.00"
"2015";"4";"19";"7";"1";"2594";"36.";"4.4";"7.6";"66.";"7.";"0.00";"0.00";"0.00"
"2015";"4";"19";"7";"2";"2595";"34.";"5.1";"7.2";"66.";"8.";"0.00";"0.00";"0.00"
"2015";"4";"19";"7";"3";"2596";"40.";"4.8";"7.2";"63.";"8.";"0.00";"0.00";"0.00"
"2015";"4";"19";"7";"4";"2597";"45.";"2.9";"6.2";"71.";"2.";"0.00";"0.00";"0.00"
"2015";"4";"19";"7";"5";"2598";"48.";"3.3";"5.3";"72.";"1.";"26.97";"177.46";"12.27"
"2015";"4";"19";"7";"6";"2599";"43.";"3.9";"7.1";"69.";"0.";"178.59";"602.55";"45.94"
"2015";"4";"19";"7";"7";"2600";"30.";"4.4";"7.8";"65.";"1.";"324.68";"672.53";"87.40"
"2015";"4";"19";"7";"8";"2601";"21.";"3.7";"9.9";"57.";"3.";"409.81";"536.76";"156.59"
"2015";"4";"19";"7";"9";"2602";"3.";"3.2";"10.5";"53.";"3.";"510.43";"548.34";"198.50"
"2015";"4";"19";"7";"10";"2603";"341.";"3.3";"11.7";"48.";"3.";"612.91";"586.08";"239.26"
"2015";"4";"19";"7";"11";"2604";"323.";"3.8";"12.6";"45.";"4.";"619.49";"480.15";"296.31"
"2015";"4";"19";"7";"12";"2605";"312.";"5.0";"12.7";"46.";"7.";"516.16";"118.27";"436.55"
"2015";"4";"19";"7";"13";"2606";"310.";"5.8";"11.9";"50.";"7.";"484.56";"117.02";"409.95"
"2015";"4";"19";"7";"14";"2607";"306.";"6.3";"11.6";"50.";"5.";"476.97";"336.36";"285.62"
"2015";"4";"19";"7";"15";"2608";"315.";"5.9";"12.4";"49.";"0.";"485.33";"849.51";"84.57"
"2015";"4";"19";"7";"16";"2609";"314.";"5.8";"12.6";"50.";"0.";"336.21";"768.01";"65.25"
"2015";"4";"19";"7";"17";"2610";"315.";"5.4";"11.4";"54.";"7.";"123.63";"75.96";"106.91"
"2015";"4";"19";"7";"18";"2611";"318.";"4.6";"10.1";"59.";"8.";"15.51";"0.00";"15.51"
"2015";"4";"19";"7";"19";"2612";"316.";"4.0";"8.6";"64.";"7.";"0.00";"0.00";"0.00"
"2015";"4";"19";"7";"20";"2613";"320.";"3.9";"7.8";"70.";"2.";"0.00";"0.00";"0.00"
"2015";"4";"19";"7";"21";"2614";"328.";"3.8";"6.8";"76.";"0.";"0.00";"0.00";"0.00"
"2015";"4";"19";"7";"22";"2615";"330.";"4.3";"6.3";"82.";"0.";"0.00";"0.00";"0.00"
"2015";"4";"19";"7";"23";"2616";"356.";"3.4";"4.9";"88.";"0.";"0.00";"0.00";"0.00"
"2015";"4";"20";"1";"0";"2617";"12.";"3.8";"5.5";"80.";"0.";"0.00";"0.00";"0.00"
"2015";"4";"20";"1";"1";"2618";"16.";"4.5";"7.0";"66.";"0.";"0.00";"0.00";"0.00"
"2015";"4";"20";"1";"2";"2619";"16.";"4.3";"6.8";"59.";"0.";"0.00";"0.00";"0.00"
"2015";"4";"20";"1";"3";"2620";"15.";"5.4";"6.6";"57.";"0.";"0.00";"0.00";"0.00"
"2015";"4";"20";"1";"4";"2621";"13.";"4.6";"6.1";"55.";"0.";"0.00";"0.00";"0.00"
"2015";"4";"20";"1";"5";"2622";"14.";"4.3";"5.8";"54.";"0.";"37.92";"248.43";"16.03"
"2015";"4";"20";"1";"6";"2623";"24.";"4.2";"9.4";"46.";"0.";"184.57";"591.20";"51.37"
"2015";"4";"20";"1";"7";"2624";"28.";"4.4";"11.8";"33.";"0.";"348.39";"754.70";"78.34"
"2015";"4";"20";"1";"8";"2625";"32.";"4.3";"13.3";"27.";"0.";"496.77";"831.62";"100.41"
"2015";"4";"20";"1";"9";"2626";"8.";"3.8";"14.7";"25.";"0.";"615.99";"861.29";"121.94"
"2015";"4";"20";"1";"10";"2627";"3.";"3.6";"16.3";"21.";"0.";"706.08";"907.92";"123.01"
"2015";"4";"20";"1";"11";"2628";"337.";"3.8";"17.9";"17.";"4.";"600.71";"456.50";"291.34"
"2015";"4";"20";"1";"12";"2629";"314.";"3.1";"17.3";"21.";"8.";"486.16";"0.00";"486.16"
"2015";"4";"20";"1";"13";"2630";"296.";"5.4";"16.8";"26.";"6.";"519.22";"223.92";"375.42"
"2015";"4";"20";"1";"14";"2631";"304.";"5.3";"16.0";"27.";"6.";"458.96";"226.27";"329.17"
"2015";"4";"20";"1";"15";"2632";"295.";"4.8";"16.2";"27.";"2.";"435.71";"616.60";"141.83"
"2015";"4";"20";"1";"16";"2633";"295.";"4.1";"15.3";"26.";"1.";"337.17";"680.36";"93.73"
"2015";"4";"20";"1";"17";"2634";"282.";"3.4";"14.7";"28.";"4.";"149.43";"306.69";"80.33"
"2015";"4";"20";"1";"18";"2635";"263.";"1.5";"13.5";"32.";"2.";"34.58";"197.84";"17.15"
"2015";"4";"20";"1";"19";"2636";"291.";"1.9";"11.4";"43.";"2.";"0.00";"0.00";"0.00"
"2015";"4";"20";"1";"20";"2637";"8.";"0.8";"10.5";"54.";"1.";"0.00";"0.00";"0.00"
"2015";"4";"20";"1";"21";"2638";"330.";"1.3";"7.5";"65.";"0.";"0.00";"0.00";"0.00"
"2015";"4";"20";"1";"22";"2639";"331.";"1.1";"6.2";"71.";"0.";"0.00";"0.00";"0.00"
"2015";"4";"20";"1";"23";"2640";"343.";"1.9";"5.0";"77.";"0.";"0.00";"0.00";"0.00"
"2015";"4";"21";"2";"0";"2641";"348.";"2.6";"4.3";"81.";"0.";"0.00";"0.00";"0.00"
"2015";"4";"21";"2";"1";"2642";"347.";"3.2";"3.5";"84.";"0.";"0.00";"0.00";"0.00"
"2015";"4";"21";"2";"2";"2643";"7.";"3.2";"2.6";"88.";"0.";"0.00";"0.00";"0.00"
"2015";"4";"21";"2";"3";"2644";"20.";"4.1";"3.1";"87.";"0.";"0.00";"0.00";"0.00"
"2015";"4";"21";"2";"4";"2645";"27.";"3.7";"3.9";"73.";"0.";"0.00";"0.00";"0.00"
"2015";"4";"21";"2";"5";"2646";"34.";"3.7";"6.7";"57.";"0.";"39.93";"241.15";"17.41"
"2015";"4";"21";"2";"6";"2647";"40.";"4.4";"8.4";"48.";"0.";"191.07";"601.26";"52.54"
"2015";"4";"21";"2";"7";"2648";"52.";"4.8";"9.9";"43.";"0.";"363.16";"798.22";"73.60"
"2015";"4";"21";"2";"8";"2649";"58.";"4.2";"11.1";"41.";"0.";"499.91";"840.57";"95.25"
"2015";"4";"21";"2";"9";"2650";"37.";"2.6";"12.6";"38.";"0.";"621.57";"888.03";"108.03"
"2015";"4";"21";"2";"10";"2651";"345.";"2.4";"14.1";"35.";"0.";"706.26";"903.37";"121.96"
"2015";"4";"21";"2";"11";"2652";"315.";"2.8";"15.0";"34.";"0.";"749.56";"908.57";"129.68"
"2015";"4";"21";"2";"12";"2653";"304.";"1.6";"15.4";"35.";"0.";"751.53";"926.26";"119.58"
"2015";"4";"21";"2";"13";"2654";"284.";"4.1";"15.2";"37.";"0.";"700.78";"880.58";"131.23"
"2015";"4";"21";"2";"14";"2655";"277.";"3.4";"14.8";"39.";"0.";"622.77";"917.86";"91.98"
"2015";"4";"21";"2";"15";"2656";"284.";"4.1";"14.5";"40.";"0.";"497.10";"844.07";"90.75"
"2015";"4";"21";"2";"16";"2657";"299.";"3.8";"13.7";"41.";"0.";"359.76";"799.14";"69.88"
"2015";"4";"21";"2";"17";"2658";"307.";"2.7";"13.2";"41.";"0.";"193.82";"631.08";"48.42"
"2015";"4";"21";"2";"18";"2659";"324.";"1.8";"11.0";"46.";"0.";"39.72";"258.77";"15.56"
"2015";"4";"21";"2";"19";"2660";"307.";"1.5";"10.2";"50.";"0.";"0.00";"0.00";"0.00"
"2015";"4";"21";"2";"20";"2661";"306.";"2.2";"6.9";"67.";"0.";"0.00";"0.00";"0.00"
"2015";"4";"21";"2";"21";"2662";"332.";"2.9";"6.8";"76.";"0.";"0.00";"0.00";"0.00"
"2015";"4";"21";"2";"22";"2663";"6.";"3.5";"4.6";"79.";"0.";"0.00";"0.00";"0.00"
"2015";"4";"21";"2";"23";"2664";"7.";"4.1";"4.3";"77.";"0.";"0.00";"0.00";"0.00"
"2015";"4";"22";"3";"0";"2665";"17.";"4.1";"4.8";"75.";"0.";"0.00";"0.00";"0.00"
"2015";"4";"22";"3";"1";"2666";"50.";"3.1";"5.1";"74.";"0.";"0.00";"0.00";"0.00"
"2015";"4";"22";"3";"2";"2667";"50.";"2.3";"4.5";"77.";"0.";"0.00";"0.00";"0.00"
"2015";"4";"22";"3";"3";"2668";"19.";"2.0";"3.1";"81.";"0.";"0.00";"0.00";"0.00"
"2015";"4";"22";"3";"4";"2669";"33.";"1.6";"2.5";"83.";"0.";"0.00";"0.00";"0.00"
"2015";"4";"22";"3";"5";"2670";"75.";"1.4";"2.6";"83.";"1.";"41.57";"228.28";"19.06"
"2015";"4";"22";"3";"6";"2671";"105.";"1.4";"6.8";"76.";"2.";"174.46";"451.78";"68.09"
"2015";"4";"22";"3";"7";"2672";"129.";"0.8";"9.9";"65.";"0.";"352.45";"780.18";"65.64"
"2015";"4";"22";"3";"8";"2673";"141.";"0.5";"12.4";"56.";"0.";"496.39";"823.96";"95.83"
"2015";"4";"22";"3";"9";"2674";"243.";"1.1";"14.3";"45.";"0.";"618.11";"858.24";"117.83"
"2015";"4";"22";"3";"10";"2675";"239.";"2.0";"14.8";"43.";"0.";"705.57";"891.72";"124.76"
"2015";"4";"22";"3";"11";"2676";"250.";"3.3";"14.5";"47.";"0.";"747.53";"894.90";"132.95"
"2015";"4";"22";"3";"12";"2677";"265.";"3.8";"13.8";"49.";"0.";"744.38";"875.45";"143.17"
"2015";"4";"22";"3";"13";"2678";"263.";"3.6";"14.3";"49.";"1.";"673.15";"758.22";"179.30"
"2015";"4";"22";"3";"14";"2679";"259.";"3.2";"14.3";"47.";"6.";"391.49";"219.25";"263.69"
"2015";"4";"22";"3";"15";"2680";"278.";"3.7";"14.2";"48.";"0.";"493.37";"792.61";"108.06"
"2015";"4";"22";"3";"16";"2681";"278.";"3.3";"13.5";"50.";"1.";"337.05";"656.74";"95.62"
"2015";"4";"22";"3";"17";"2682";"266.";"2.3";"12.5";"51.";"0.";"188.09";"567.10";"54.57"
"2015";"4";"22";"3";"18";"2683";"226.";"2.3";"11.7";"55.";"0.";"37.39";"232.81";"14.44"
"2015";"4";"22";"3";"19";"2684";"193.";"3.1";"9.2";"68.";"0.";"0.00";"0.00";"0.00"
"2015";"4";"22";"3";"20";"2685";"198.";"4.0";"8.5";"75.";"0.";"0.00";"0.00";"0.00"
"2015";"4";"22";"3";"21";"2686";"227.";"4.2";"9.0";"76.";"4.";"0.00";"0.00";"0.00"
"2015";"4";"22";"3";"22";"2687";"240.";"4.1";"9.4";"77.";"7.";"0.00";"0.00";"0.00"
"2015";"4";"22";"3";"23";"2688";"267.";"4.6";"9.3";"80.";"8.";"0.00";"0.00";"0.00"
"2015";"4";"23";"4";"0";"2689";"284.";"5.7";"9.9";"74.";"8.";"0.00";"0.00";"0.00"
"2015";"4";"23";"4";"1";"2690";"278.";"7.4";"10.3";"71.";"8.";"0.00";"0.00";"0.00"
"2015";"4";"23";"4";"2";"2691";"275.";"7.1";"9.8";"71.";"8.";"0.00";"0.00";"0.00"
"2015";"4";"23";"4";"3";"2692";"285.";"6.5";"9.1";"73.";"8.";"0.00";"0.00";"0.00"
"2015";"4";"23";"4";"4";"2693";"286.";"6.5";"8.5";"76.";"8.";"0.00";"0.00";"0.00"
"2015";"4";"23";"4";"5";"2694";"285.";"7.2";"8.7";"80.";"8.";"22.62";"0.00";"22.62"
"2015";"4";"23";"4";"6";"2695";"287.";"7.6";"8.9";"81.";"8.";"95.03";"0.00";"95.03"
"2015";"4";"23";"4";"7";"2696";"283.";"7.7";"9.2";"81.";"6.";"236.54";"147.57";"181.58"
"2015";"4";"23";"4";"8";"2697";"284.";"8.5";"9.5";"80.";"6.";"295.19";"157.63";"217.82"
"2015";"4";"23";"4";"9";"2698";"287.";"8.1";"10.1";"77.";"5.";"383.24";"268.64";"225.42"
"2015";"4";"23";"4";"10";"2699";"282.";"7.9";"11.2";"74.";"5.";"438.68";"284.92";"251.83"
"2015";"4";"23";"4";"11";"2700";"280.";"9.2";"11.3";"70.";"6.";"428.30";"192.54";"295.22"
"2015";"4";"23";"4";"12";"2701";"273.";"8.2";"11.8";"71.";"3.";"559.61";"477.01";"229.92"
"2015";"4";"23";"4";"13";"2702";"270.";"7.8";"11.7";"70.";"3.";"518.64";"437.08";"232.01"
"2015";"4";"23";"4";"14";"2703";"269.";"8.1";"11.7";"68.";"2.";"523.03";"506.53";"225.47"
"2015";"4";"23";"4";"15";"2704";"273.";"8.9";"11.3";"70.";"2.";"416.76";"459.13";"191.41"
"2015";"4";"23";"4";"16";"2705";"270.";"8.6";"10.3";"75.";"2.";"285.30";"442.04";"120.66"
"2015";"4";"23";"4";"17";"2706";"267.";"7.7";"9.3";"80.";"5.";"109.21";"179.82";"65.98"
"2015";"4";"23";"4";"18";"2707";"270.";"8.6";"8.5";"84.";"6.";"16.99";"40.00";"12.84"
"2015";"4";"23";"4";"19";"2708";"267.";"8.3";"8.0";"86.";"8.";"0.00";"0.00";"0.00"
"2015";"4";"23";"4";"20";"2709";"267.";"7.8";"7.9";"87.";"6.";"0.00";"0.00";"0.00"
"2015";"4";"23";"4";"21";"2710";"273.";"8.1";"7.8";"88.";"5.";"0.00";"0.00";"0.00"
"2015";"4";"23";"4";"22";"2711";"272.";"7.1";"7.7";"87.";"6.";"0.00";"0.00";"0.00"
"2015";"4";"23";"4";"23";"2712";"276.";"7.1";"7.6";"86.";"7.";"0.00";"0.00";"0.00"
"2015";"4";"24";"5";"0";"2713";"279.";"7.7";"7.5";"85.";"8.";"0.00";"0.00";"0.00"
"2015";"4";"24";"5";"1";"2714";"281.";"7.1";"7.2";"85.";"8.";"0.00";"0.00";"0.00"
"2015";"4";"24";"5";"2";"2715";"280.";"7.3";"6.9";"84.";"7.";"0.00";"0.00";"0.00"
"2015";"4";"24";"5";"3";"2716";"284.";"5.9";"6.8";"82.";"7.";"0.00";"0.00";"0.00"
"2015";"4";"24";"5";"4";"2717";"283.";"5.6";"6.6";"83.";"4.";"0.00";"0.00";"0.00"
"2015";"4";"24";"5";"5";"2718";"279.";"5.2";"6.9";"84.";"4.";"31.80";"93.69";"21.60"
"2015";"4";"24";"5";"6";"2719";"279.";"6.0";"7.2";"83.";"6.";"101.84";"105.01";"76.07"
"2015";"4";"24";"5";"7";"2720";"274.";"6.1";"7.7";"77.";"4.";"258.89";"280.18";"153.21"
"2015";"4";"24";"5";"8";"2721";"272.";"6.4";"8.8";"72.";"4.";"348.81";"321.54";"189.51"
"2015";"4";"24";"5";"9";"2722";"269.";"6.2";"9.7";"65.";"3.";"487.98";"437.63";"228.93"
"2015";"4";"24";"5";"10";"2723";"267.";"5.7";"9.7";"63.";"3.";"557.63";"460.37";"253.70"
"2015";"4";"24";"5";"11";"2724";"263.";"4.9";"10.4";"60.";"3.";"572.20";"496.20";"227.09"
"2015";"4";"24";"5";"12";"2725";"263.";"5.3";"10.7";"58.";"3.";"598.27";"488.53";"258.49"
"2015";"4";"24";"5";"13";"2726";"259.";"5.1";"11.1";"54.";"3.";"547.69";"527.87";"199.20"
"2015";"4";"24";"5";"14";"2727";"255.";"4.0";"10.5";"54.";"6.";"322.38";"220.69";"191.74"
"2015";"4";"24";"5";"15";"2728";"256.";"3.2";"10.4";"62.";"8.";"179.98";"0.00";"179.98"
"2015";"4";"24";"5";"16";"2729";"251.";"3.3";"9.7";"70.";"8.";"109.60";"0.00";"109.60"
"2015";"4";"24";"5";"17";"2730";"231.";"2.4";"9.4";"75.";"8.";"59.50";"0.00";"59.50"
"2015";"4";"24";"5";"18";"2731";"185.";"2.0";"8.9";"78.";"8.";"12.64";"0.00";"12.64"
"2015";"4";"24";"5";"19";"2732";"161.";"2.9";"8.6";"82.";"8.";"0.00";"0.00";"0.00"
"2015";"4";"24";"5";"20";"2733";"166.";"3.6";"8.4";"83.";"8.";"0.00";"0.00";"0.00"
"2015";"4";"24";"5";"21";"2734";"173.";"5.4";"8.2";"86.";"8.";"0.00";"0.00";"0.00"
"2015";"4";"24";"5";"22";"2735";"165.";"5.4";"8.0";"87.";"6.";"0.00";"0.00";"0.00"
"2015";"4";"24";"5";"23";"2736";"162.";"4.9";"7.0";"88.";"2.";"0.00";"0.00";"0.00"
"2015";"4";"25";"6";"0";"2737";"172.";"4.6";"6.7";"90.";"1.";"0.00";"0.00";"0.00"
"2015";"4";"25";"6";"1";"2738";"185.";"3.9";"6.5";"93.";"5.";"0.00";"0.00";"0.00"
"2015";"4";"25";"6";"2";"2739";"192.";"3.7";"6.3";"94.";"7.";"0.00";"0.00";"0.00"
"2015";"4";"25";"6";"3";"2740";"188.";"4.5";"6.1";"91.";"7.";"0.00";"0.00";"0.00"
"2015";"4";"25";"6";"4";"2741";"186.";"4.4";"6.6";"89.";"8.";"0.00";"0.00";"0.00"
"2015";"4";"25";"6";"5";"2742";"182.";"4.4";"7.0";"91.";"8.";"11.87";"0.00";"11.87"
"2015";"4";"25";"6";"6";"2743";"172.";"5.3";"7.7";"90.";"8.";"51.26";"0.00";"51.26"
"2015";"4";"25";"6";"7";"2744";"167.";"5.5";"8.5";"86.";"7.";"125.23";"38.14";"110.67"
"2015";"4";"25";"6";"8";"2745";"172.";"6.5";"8.8";"85.";"7.";"195.45";"41.25";"174.83"
"2015";"4";"25";"6";"9";"2746";"171.";"7.6";"9.0";"87.";"8.";"162.98";"0.00";"162.98"
"2015";"4";"25";"6";"10";"2747";"170.";"8.4";"11.0";"80.";"5.";"400.76";"178.34";"282.25"
"2015";"4";"25";"6";"11";"2748";"174.";"7.8";"12.7";"67.";"6.";"345.97";"130.56";"254.60"
"2015";"4";"25";"6";"12";"2749";"186.";"6.9";"11.9";"67.";"7.";"309.50";"63.10";"265.35"
"2015";"4";"25";"6";"13";"2750";"186.";"6.2";"11.3";"73.";"7.";"279.47";"54.01";"243.58"
"2015";"4";"25";"6";"14";"2751";"180.";"5.8";"11.8";"75.";"8.";"166.57";"0.00";"166.57"
"2015";"4";"25";"6";"15";"2752";"183.";"6.4";"10.8";"86.";"8.";"72.33";"0.00";"72.33"
"2015";"4";"25";"6";"16";"2753";"190.";"6.0";"10.4";"90.";"8.";"50.29";"0.00";"50.29"
"2015";"4";"25";"6";"17";"2754";"195.";"6.0";"10.4";"91.";"8.";"28.52";"0.00";"28.52"
"2015";"4";"25";"6";"18";"2755";"190.";"6.1";"10.4";"90.";"8.";"5.36";"0.00";"5.36"
"2015";"4";"25";"6";"19";"2756";"191.";"6.9";"10.3";"91.";"8.";"0.00";"0.00";"0.00"
"2015";"4";"25";"6";"20";"2757";"197.";"7.1";"9.8";"92.";"8.";"0.00";"0.00";"0.00"
"2015";"4";"25";"6";"21";"2758";"204.";"6.0";"9.8";"91.";"8.";"0.00";"0.00";"0.00"
"2015";"4";"25";"6";"22";"2759";"210.";"6.1";"9.8";"89.";"8.";"0.00";"0.00";"0.00"
"2015";"4";"25";"6";"23";"2760";"214.";"6.4";"9.7";"89.";"8.";"0.00";"0.00";"0.00"
"2015";"4";"26";"7";"0";"2761";"254.";"6.5";"8.6";"90.";"8.";"0.00";"0.00";"0.00"
"2015";"4";"26";"7";"1";"2762";"288.";"6.0";"6.8";"81.";"8.";"0.00";"0.00";"0.00"
"2015";"4";"26";"7";"2";"2763";"282.";"4.8";"6.6";"75.";"8.";"0.00";"0.00";"0.00"
"2015";"4";"26";"7";"3";"2764";"275.";"4.5";"6.5";"78.";"8.";"0.00";"0.00";"0.00"
"2015";"4";"26";"7";"4";"2765";"274.";"4.2";"6.4";"76.";"8.";"0.00";"0.00";"0.00"
"2015";"4";"26";"7";"5";"2766";"273.";"3.8";"6.6";"76.";"8.";"19.92";"0.00";"19.92"
"2015";"4";"26";"7";"6";"2767";"269.";"3.8";"6.9";"74.";"8.";"73.87";"0.00";"73.87"
"2015";"4";"26";"7";"7";"2768";"262.";"4.3";"7.6";"69.";"6.";"188.03";"177.70";"119.34"
"2015";"4";"26";"7";"8";"2769";"257.";"4.9";"8.2";"66.";"6.";"285.41";"198.79";"185.13"
"2015";"4";"26";"7";"9";"2770";"254.";"4.4";"8.9";"64.";"5.";"405.85";"302.43";"224.18"
"2015";"4";"26";"7";"10";"2771";"245.";"4.0";"9.1";"59.";"3.";"555.65";"526.94";"203.25"
"2015";"4";"26";"7";"11";"2772";"243.";"3.9";"9.7";"56.";"3.";"588.29";"527.18";"217.15"
"2015";"4";"26";"7";"12";"2773";"254.";"4.0";"10.0";"54.";"6.";"450.93";"215.73";"299.06"
"2015";"4";"26";"7";"13";"2774";"257.";"3.6";"10.5";"52.";"5.";"493.69";"335.91";"269.05"
"2015";"4";"26";"7";"14";"2775";"263.";"4.1";"10.8";"54.";"3.";"520.60";"567.38";"179.77"
"2015";"4";"26";"7";"15";"2776";"246.";"4.4";"10.3";"56.";"5.";"367.57";"296.66";"217.93"
"2015";"4";"26";"7";"16";"2777";"250.";"4.0";"9.7";"56.";"3.";"302.00";"471.97";"119.57"
"2015";"4";"26";"7";"17";"2778";"257.";"3.5";"9.3";"59.";"4.";"155.46";"315.09";"75.11"
"2015";"4";"26";"7";"18";"2779";"261.";"2.6";"8.4";"62.";"3.";"48.91";"202.85";"24.80"
"2015";"4";"26";"7";"19";"2780";"259.";"1.6";"6.9";"68.";"2.";"0.00";"0.00";"0.00"
"2015";"4";"26";"7";"20";"2781";"267.";"1.8";"5.2";"74.";"1.";"0.00";"0.00";"0.00"
"2015";"4";"26";"7";"21";"2782";"219.";"1.8";"3.6";"82.";"2.";"0.00";"0.00";"0.00"
"2015";"4";"26";"7";"22";"2783";"217.";"1.9";"3.5";"86.";"1.";"0.00";"0.00";"0.00"
"2015";"4";"26";"7";"23";"2784";"236.";"2.1";"3.6";"87.";"1.";"0.00";"0.00";"0.00"
"2015";"4";"27";"1";"0";"2785";"236.";"2.2";"2.9";"87.";"1.";"0.00";"0.00";"0.00"
"2015";"4";"27";"1";"1";"2786";"237.";"2.1";"2.5";"88.";"2.";"0.00";"0.00";"0.00"
"2015";"4";"27";"1";"2";"2787";"240.";"2.0";"1.6";"90.";"1.";"0.00";"0.00";"0.00"
"2015";"4";"27";"1";"3";"2788";"227.";"2.1";"1.7";"91.";"1.";"0.00";"0.00";"0.00"
"2015";"4";"27";"1";"4";"2789";"221.";"2.2";"1.8";"91.";"2.";"0.00";"0.00";"0.00"
"2015";"4";"27";"1";"5";"2790";"220.";"2.3";"2.7";"90.";"3.";"51.60";"219.24";"24.46"
"2015";"4";"27";"1";"6";"2791";"226.";"2.3";"5.5";"82.";"5.";"141.34";"242.33";"78.39"
"2015";"4";"27";"1";"7";"2792";"237.";"3.1";"7.4";"71.";"5.";"246.61";"302.05";"128.48"
"2015";"4";"27";"1";"8";"2793";"228.";"3.5";"7.9";"65.";"6.";"288.66";"211.01";"181.29"
"2015";"4";"27";"1";"9";"2794";"232.";"3.7";"8.7";"60.";"4.";"444.49";"427.50";"185.86"
"2015";"4";"27";"1";"10";"2795";"236.";"4.2";"8.2";"57.";"4.";"510.35";"467.88";"195.49"
"2015";"4";"27";"1";"11";"2796";"230.";"4.2";"9.2";"54.";"4.";"569.44";"462.88";"241.66"
"2015";"4";"27";"1";"12";"2797";"232.";"4.2";"9.3";"54.";"3.";"604.92";"584.65";"190.91"
"2015";"4";"27";"1";"13";"2798";"227.";"4.1";"9.5";"52.";"3.";"570.50";"576.13";"182.80"
"2015";"4";"27";"1";"14";"2799";"217.";"4.2";"9.9";"51.";"4.";"472.50";"452.50";"198.75"
"2015";"4";"27";"1";"15";"2800";"221.";"4.4";"8.9";"56.";"7.";"284.45";"102.35";"232.37"
"2015";"4";"27";"1";"16";"2801";"230.";"5.5";"8.2";"64.";"7.";"186.21";"88.95";"151.42"
"2015";"4";"27";"1";"17";"2802";"240.";"4.2";"8.5";"61.";"5.";"144.86";"249.22";"80.12"
"2015";"4";"27";"1";"18";"2803";"272.";"3.0";"7.6";"65.";"3.";"51.38";"221.04";"24.01"
"2015";"4";"27";"1";"19";"2804";"249.";"1.7";"6.5";"70.";"1.";"0.00";"0.00";"0.00"
"2015";"4";"27";"1";"20";"2805";"236.";"4.1";"5.5";"68.";"3.";"0.00";"0.00";"0.00"
"2015";"4";"27";"1";"21";"2806";"244.";"4.8";"6.2";"68.";"4.";"0.00";"0.00";"0.00"
"2015";"4";"27";"1";"22";"2807";"242.";"4.8";"6.0";"71.";"6.";"0.00";"0.00";"0.00"
"2015";"4";"27";"1";"23";"2808";"249.";"4.8";"5.9";"74.";"6.";"0.00";"0.00";"0.00"
"2015";"4";"28";"2";"0";"2809";"250.";"4.2";"5.5";"75.";"3.";"0.00";"0.00";"0.00"
"2015";"4";"28";"2";"1";"2810";"247.";"3.8";"4.9";"78.";"3.";"0.00";"0.00";"0.00"
"2015";"4";"28";"2";"2";"2811";"242.";"3.2";"4.8";"80.";"3.";"0.00";"0.00";"0.00"
"2015";"4";"28";"2";"3";"2812";"255.";"2.6";"4.7";"80.";"2.";"0.00";"0.00";"0.00"
"2015";"4";"28";"2";"4";"2813";"246.";"2.1";"4.2";"82.";"2.";"0.00";"0.00";"0.00"
"2015";"4";"28";"2";"5";"2814";"255.";"2.5";"4.7";"81.";"3.";"56.46";"238.70";"25.74"
"2015";"4";"28";"2";"6";"2815";"263.";"2.8";"7.0";"72.";"2.";"197.18";"499.71";"65.03"
"2015";"4";"28";"2";"7";"2816";"266.";"3.2";"7.6";"68.";"4.";"265.85";"383.58";"114.11"
"2015";"4";"28";"2";"8";"2817";"270.";"3.2";"8.2";"64.";"4.";"367.04";"419.50";"151.76"
"2015";"4";"28";"2";"9";"2818";"270.";"3.3";"8.7";"63.";"3.";"530.17";"558.37";"190.03"
"2015";"4";"28";"2";"10";"2819";"262.";"3.3";"9.5";"57.";"3.";"597.74";"561.16";"217.79"
"2015";"4";"28";"2";"11";"2820";"263.";"4.2";"9.4";"55.";"3.";"633.46";"564.75";"231.24"
"2015";"4";"28";"2";"12";"2821";"271.";"4.7";"9.8";"53.";"2.";"667.58";"684.44";"180.11"
"2015";"4";"28";"2";"13";"2822";"274.";"4.8";"10.0";"52.";"2.";"627.54";"663.28";"178.45"
"2015";"4";"28";"2";"14";"2823";"285.";"4.7";"10.2";"51.";"2.";"584.19";"679.76";"170.09"
"2015";"4";"28";"2";"15";"2824";"285.";"4.2";"9.6";"51.";"2.";"458.67";"651.52";"124.32"
"2015";"4";"28";"2";"16";"2825";"284.";"3.8";"9.8";"49.";"1.";"362.02";"684.71";"91.15"
"2015";"4";"28";"2";"17";"2826";"280.";"3.2";"9.3";"47.";"0.";"237.66";"685.41";"56.40"
"2015";"4";"28";"2";"18";"2827";"271.";"2.5";"8.0";"53.";"3.";"60.14";"249.89";"27.99"
"2015";"4";"28";"2";"19";"2828";"235.";"1.6";"6.6";"60.";"4.";"0.00";"0.00";"0.00"
"2015";"4";"28";"2";"20";"2829";"207.";"1.7";"4.1";"71.";"5.";"0.00";"0.00";"0.00"
"2015";"4";"28";"2";"21";"2830";"174.";"1.1";"2.8";"78.";"5.";"0.00";"0.00";"0.00"
"2015";"4";"28";"2";"22";"2831";"180.";"1.7";"2.1";"82.";"6.";"0.00";"0.00";"0.00"
"2015";"4";"28";"2";"23";"2832";"211.";"2.2";"3.8";"83.";"8.";"0.00";"0.00";"0.00"
"2015";"4";"29";"3";"0";"2833";"221.";"3.0";"4.3";"81.";"7.";"0.00";"0.00";"0.00"
"2015";"4";"29";"3";"1";"2834";"238.";"3.8";"3.8";"82.";"3.";"0.00";"0.00";"0.00"
"2015";"4";"29";"3";"2";"2835";"242.";"4.6";"4.2";"82.";"5.";"0.00";"0.00";"0.00"
"2015";"4";"29";"3";"3";"2836";"246.";"4.7";"4.9";"81.";"5.";"0.00";"0.00";"0.00"
"2015";"4";"29";"3";"4";"2837";"246.";"4.7";"5.3";"79.";"5.";"0.00";"0.00";"0.00"
"2015";"4";"29";"3";"5";"2838";"243.";"4.8";"5.7";"79.";"3.";"56.86";"214.19";"28.27"
"2015";"4";"29";"3";"6";"2839";"243.";"5.6";"6.5";"76.";"4.";"165.56";"302.08";"84.28"
"2015";"4";"29";"3";"7";"2840";"240.";"6.0";"7.1";"72.";"4.";"264.38";"351.33";"123.83"
"2015";"4";"29";"3";"8";"2841";"233.";"6.5";"6.8";"70.";"6.";"340.04";"212.14";"230.27"
"2015";"4";"29";"3";"9";"2842";"236.";"6.1";"7.3";"65.";"6.";"357.06";"211.69";"227.23"
"2015";"4";"29";"3";"10";"2843";"240.";"6.8";"8.0";"61.";"6.";"403.64";"205.98";"263.35"
"2015";"4";"29";"3";"11";"2844";"233.";"6.5";"7.2";"71.";"6.";"347.25";"152.26";"238.20"
"2015";"4";"29";"3";"12";"2845";"231.";"6.2";"8.4";"67.";"5.";"496.40";"327.95";"261.52"
"2015";"4";"29";"3";"13";"2846";"236.";"5.7";"9.2";"62.";"6.";"410.79";"227.65";"255.74"
"2015";"4";"29";"3";"14";"2847";"233.";"5.0";"9.6";"60.";"4.";"476.46";"429.25";"213.19"
"2015";"4";"29";"3";"15";"2848";"221.";"4.1";"10.2";"57.";"3.";"412.02";"505.78";"150.30"
"2015";"4";"29";"3";"16";"2849";"209.";"3.9";"10.1";"58.";"3.";"327.25";"469.01";"139.63"
"2015";"4";"29";"3";"17";"2850";"206.";"4.4";"9.5";"62.";"5.";"146.28";"228.35";"84.84"
"2015";"4";"29";"3";"18";"2851";"203.";"4.1";"7.8";"71.";"8.";"14.66";"0.00";"14.66"
"2015";"4";"29";"3";"19";"2852";"175.";"3.4";"6.1";"81.";"8.";"0.00";"0.00";"0.00"
"2015";"4";"29";"3";"20";"2853";"164.";"4.2";"6.1";"85.";"7.";"0.00";"0.00";"0.00"
"2015";"4";"29";"3";"21";"2854";"160.";"4.9";"6.0";"85.";"8.";"0.00";"0.00";"0.00"
"2015";"4";"29";"3";"22";"2855";"160.";"6.1";"5.7";"84.";"5.";"0.00";"0.00";"0.00"
"2015";"4";"29";"3";"23";"2856";"161.";"5.9";"5.9";"83.";"5.";"0.00";"0.00";"0.00"
"2015";"4";"30";"4";"0";"2857";"154.";"6.5";"5.9";"83.";"6.";"0.00";"0.00";"0.00"
"2015";"4";"30";"4";"1";"2858";"156.";"6.8";"6.4";"78.";"8.";"0.00";"0.00";"0.00"
"2015";"4";"30";"4";"2";"2859";"153.";"7.0";"7.0";"74.";"8.";"0.00";"0.00";"0.00"
"2015";"4";"30";"4";"3";"2860";"158.";"6.6";"7.6";"73.";"6.";"0.00";"0.00";"0.00"
"2015";"4";"30";"4";"4";"2861";"175.";"5.6";"7.9";"72.";"6.";"0.00";"0.00";"0.00"
"2015";"4";"30";"4";"5";"2862";"175.";"6.3";"8.2";"74.";"8.";"23.09";"0.00";"23.09"
"2015";"4";"30";"4";"6";"2863";"193.";"6.0";"8.2";"75.";"7.";"102.01";"65.15";"84.18"
"2015";"4";"30";"4";"7";"2864";"217.";"5.9";"7.4";"83.";"8.";"75.33";"0.00";"75.33"
"2015";"4";"30";"4";"8";"2865";"226.";"5.2";"6.3";"86.";"8.";"102.28";"0.00";"102.28"
"2015";"4";"30";"4";"9";"2866";"223.";"4.1";"5.2";"88.";"8.";"123.00";"0.00";"123.00"
"2015";"4";"30";"4";"10";"2867";"229.";"3.8";"4.8";"88.";"8.";"122.00";"0.00";"122.00"
"2015";"4";"30";"4";"11";"2868";"220.";"2.7";"5.0";"87.";"7.";"225.18";"60.90";"181.32"
"2015";"4";"30";"4";"12";"2869";"212.";"2.2";"6.0";"82.";"7.";"232.75";"71.78";"181.06"
"2015";"4";"30";"4";"13";"2870";"224.";"2.6";"7.2";"76.";"7.";"352.56";"121.20";"269.53"
"2015";"4";"30";"4";"14";"2871";"218.";"2.8";"8.4";"68.";"7.";"272.19";"111.26";"203.50"
"2015";"4";"30";"4";"15";"2872";"221.";"2.5";"8.9";"66.";"4.";"394.10";"419.93";"175.05"
"2015";"4";"30";"4";"16";"2873";"213.";"2.7";"8.9";"64.";"3.";"307.68";"499.39";"105.73"
"2015";"4";"30";"4";"17";"2874";"200.";"3.0";"8.1";"68.";"3.";"182.93";"418.07";"68.54"
"2015";"4";"30";"4";"18";"2875";"196.";"2.9";"7.4";"72.";"2.";"67.44";"288.25";"27.60"
"2015";"4";"30";"4";"19";"2876";"183.";"2.4";"5.9";"79.";"2.";"0.00";"0.00";"0.00"
"2015";"4";"30";"4";"20";"2877";"173.";"2.2";"4.5";"86.";"1.";"0.00";"0.00";"0.00"
"2015";"4";"30";"4";"21";"2878";"145.";"2.5";"4.0";"90.";"1.";"0.00";"0.00";"0.00"
"2015";"4";"30";"4";"22";"2879";"141.";"2.6";"3.2";"91.";"0.";"0.00";"0.00";"0.00"
"2015";"4";"30";"4";"23";"2880";"133.";"2.8";"2.8";"93.";"2.";"0.00";"0.00";"0.00"
"2015";"5";"1";"5";"0";"2881";"124.";"2.7";"2.1";"94.";"4.";"0.00";"0.00";"0.00"
"2015";"5";"1";"5";"1";"2882";"109.";"1.6";"1.7";"95.";"7.";"0.00";"0.00";"0.00"
"2015";"5";"1";"5";"2";"2883";"95.";"1.4";"2.1";"94.";"8.";"0.00";"0.00";"0.00"
"2015";"5";"1";"5";"3";"2884";"89.";"1.2";"1.9";"94.";"7.";"0.00";"0.00";"0.00"
"2015";"5";"1";"5";"4";"2885";"86.";"2.2";"2.2";"94.";"7.";"0.00";"0.00";"0.00"
"2015";"5";"1";"5";"5";"2886";"75.";"1.8";"2.7";"93.";"6.";"39.45";"89.51";"26.66"
"2015";"5";"1";"5";"6";"2887";"81.";"1.3";"4.1";"92.";"7.";"145.96";"83.03";"122.87"
"2015";"5";"1";"5";"7";"2888";"80.";"1.6";"6.7";"84.";"3.";"319.49";"500.01";"115.14"
"2015";"5";"1";"5";"8";"2889";"79.";"2.2";"8.2";"72.";"4.";"406.28";"423.97";"183.37"
"2015";"5";"1";"5";"9";"2890";"38.";"1.7";"9.7";"61.";"4.";"471.75";"438.39";"199.34"
"2015";"5";"1";"5";"10";"2891";"27.";"2.2";"10.4";"52.";"4.";"511.91";"461.91";"193.66"
"2015";"5";"1";"5";"11";"2892";"359.";"2.8";"10.9";"49.";"4.";"543.65";"472.15";"201.82"
"2015";"5";"1";"5";"12";"2893";"342.";"3.3";"10.5";"48.";"4.";"570.43";"470.01";"230.15"
"2015";"5";"1";"5";"13";"2894";"326.";"4.2";"10.5";"50.";"5.";"490.89";"303.73";"281.62"
"2015";"5";"1";"5";"14";"2895";"322.";"4.9";"10.4";"56.";"4.";"479.45";"455.83";"196.20"
"2015";"5";"1";"5";"15";"2896";"320.";"5.1";"10.6";"53.";"4.";"387.14";"420.90";"165.84"
"2015";"5";"1";"5";"16";"2897";"322.";"5.3";"10.2";"58.";"5.";"257.87";"257.57";"152.61"
"2015";"5";"1";"5";"17";"2898";"323.";"5.4";"7.5";"68.";"5.";"119.39";"183.96";"68.24"
"2015";"5";"1";"5";"18";"2899";"327.";"4.4";"7.6";"72.";"5.";"36.83";"99.43";"22.62"
"2015";"5";"1";"5";"19";"2900";"330.";"3.8";"7.1";"77.";"5.";"0.00";"0.00";"0.00"
"2015";"5";"1";"5";"20";"2901";"320.";"4.4";"6.9";"79.";"5.";"0.00";"0.00";"0.00"
"2015";"5";"1";"5";"21";"2902";"322.";"4.3";"6.3";"82.";"5.";"0.00";"0.00";"0.00"
"2015";"5";"1";"5";"22";"2903";"328.";"3.6";"5.6";"85.";"3.";"0.00";"0.00";"0.00"
"2015";"5";"1";"5";"23";"2904";"323.";"3.4";"5.8";"88.";"7.";"0.00";"0.00";"0.00"
"2015";"5";"2";"6";"0";"2905";"318.";"3.0";"5.6";"89.";"2.";"0.00";"0.00";"0.00"
"2015";"5";"2";"6";"1";"2906";"312.";"3.2";"4.7";"92.";"1.";"0.00";"0.00";"0.00"
"2015";"5";"2";"6";"2";"2907";"316.";"3.2";"3.3";"93.";"6.";"0.00";"0.00";"0.00"
"2015";"5";"2";"6";"3";"2908";"329.";"2.6";"2.6";"93.";"4.";"0.00";"0.00";"0.00"
"2015";"5";"2";"6";"4";"2909";"335.";"2.3";"2.4";"93.";"2.";"0.00";"0.00";"0.00"
"2015";"5";"2";"6";"5";"2910";"341.";"2.2";"2.1";"94.";"0.";"86.24";"409.49";"25.84"
"2015";"5";"2";"6";"6";"2911";"333.";"3.0";"5.3";"88.";"0.";"238.55";"648.94";"55.22"
"2015";"5";"2";"6";"7";"2912";"340.";"3.0";"7.0";"74.";"1.";"388.18";"695.38";"101.04"
"2015";"5";"2";"6";"8";"2913";"325.";"3.7";"8.7";"64.";"2.";"461.29";"647.39";"118.28"
"2015";"5";"2";"6";"9";"2914";"326.";"4.2";"10.0";"59.";"3.";"510.74";"565.44";"157.17"
"2015";"5";"2";"6";"10";"2915";"317.";"4.5";"10.5";"56.";"4.";"513.75";"461.04";"194.34"
"2015";"5";"2";"6";"11";"2916";"308.";"4.6";"11.2";"58.";"5.";"475.78";"357.60";"215.53"
"2015";"5";"2";"6";"12";"2917";"302.";"5.1";"11.8";"57.";"2.";"696.40";"686.60";"196.73"
"2015";"5";"2";"6";"13";"2918";"299.";"5.4";"12.1";"55.";"2.";"631.92";"682.12";"159.34"
"2015";"5";"2";"6";"14";"2919";"300.";"5.2";"12.0";"55.";"2.";"555.58";"638.54";"156.30"
"2015";"5";"2";"6";"15";"2920";"294.";"4.5";"12.5";"53.";"2.";"460.31";"648.55";"116.68"
"2015";"5";"2";"6";"16";"2921";"298.";"4.2";"12.4";"53.";"1.";"363.70";"669.15";"87.40"
"2015";"5";"2";"6";"17";"2922";"301.";"4.1";"11.8";"57.";"2.";"203.92";"496.98";"63.52"
"2015";"5";"2";"6";"18";"2923";"307.";"3.1";"9.7";"67.";"3.";"62.08";"234.73";"27.45"
"2015";"5";"2";"6";"19";"2924";"331.";"1.7";"8.5";"70.";"2.";"0.00";"0.00";"0.00"
"2015";"5";"2";"6";"20";"2925";"10.";"1.2";"6.1";"78.";"1.";"0.00";"0.00";"0.00"
"2015";"5";"2";"6";"21";"2926";"319.";"2.0";"4.8";"85.";"1.";"0.00";"0.00";"0.00"
"2015";"5";"2";"6";"22";"2927";"342.";"1.6";"3.8";"89.";"2.";"0.00";"0.00";"0.00"
"2015";"5";"2";"6";"23";"2928";"16.";"1.2";"2.7";"93.";"2.";"0.00";"0.00";"0.00"
"2015";"5";"3";"7";"0";"2929";"46.";"1.1";"2.6";"94.";"1.";"0.00";"0.00";"0.00"
"2015";"5";"3";"7";"1";"2930";"70.";"0.9";"2.5";"94.";"0.";"0.00";"0.00";"0.00"
"2015";"5";"3";"7";"2";"2931";"109.";"1.2";"1.7";"98.";"0.";"0.00";"0.00";"0.00"
"2015";"5";"3";"7";"3";"2932";"114.";"1.0";"1.0";"96.";"3.";"0.00";"0.00";"0.00"
"2015";"5";"3";"7";"4";"2933";"107.";"1.0";"0.4";"95.";"1.";"0.00";"0.00";"0.00"
"2015";"5";"3";"7";"5";"2934";"112.";"1.2";"2.1";"95.";"0.";"86.53";"361.52";"31.57"
"2015";"5";"3";"7";"6";"2935";"108.";"1.4";"6.8";"88.";"0.";"234.61";"628.69";"54.27"
"2015";"5";"3";"7";"7";"2936";"131.";"1.4";"9.6";"75.";"0.";"394.17";"777.05";"70.09"
"2015";"5";"3";"7";"8";"2937";"136.";"1.7";"11.2";"60.";"0.";"558.48";"896.34";"79.99"
"2015";"5";"3";"7";"9";"2938";"178.";"2.3";"12.2";"50.";"3.";"527.23";"579.05";"162.93"
"2015";"5";"3";"7";"10";"2939";"181.";"2.7";"12.0";"50.";"3.";"581.30";"586.38";"172.86"
"2015";"5";"3";"7";"11";"2940";"213.";"3.1";"11.8";"53.";"3.";"615.11";"595.22";"179.74"
"2015";"5";"3";"7";"12";"2941";"208.";"3.5";"12.3";"52.";"3.";"600.00";"524.77";"216.16"
"2015";"5";"3";"7";"13";"2942";"219.";"4.5";"12.1";"55.";"3.";"574.34";"558.03";"185.64"
"2015";"5";"3";"7";"14";"2943";"217.";"3.3";"12.3";"51.";"2.";"585.99";"651.74";"175.94"
"2015";"5";"3";"7";"15";"2944";"235.";"3.3";"12.3";"49.";"3.";"435.83";"514.37";"161.25"
"2015";"5";"3";"7";"16";"2945";"252.";"2.5";"12.5";"47.";"7.";"229.55";"93.93";"190.38"
"2015";"5";"3";"7";"17";"2946";"276.";"1.0";"11.7";"47.";"7.";"129.59";"81.32";"106.26"
"2015";"5";"3";"7";"18";"2947";"11.";"1.0";"11.1";"57.";"8.";"41.17";"0.00";"41.17"
"2015";"5";"3";"7";"19";"2948";"55.";"1.2";"9.3";"58.";"8.";"0.00";"0.00";"0.00"
"2015";"5";"3";"7";"20";"2949";"127.";"1.8";"7.6";"65.";"5.";"0.00";"0.00";"0.00"
"2015";"5";"3";"7";"21";"2950";"138.";"3.2";"7.7";"63.";"7.";"0.00";"0.00";"0.00"
"2015";"5";"3";"7";"22";"2951";"112.";"4.6";"8.7";"50.";"8.";"0.00";"0.00";"0.00"
"2015";"5";"3";"7";"23";"2952";"108.";"6.0";"8.9";"37.";"8.";"0.00";"0.00";"0.00"
"2015";"5";"4";"1";"0";"2953";"113.";"6.7";"8.7";"36.";"8.";"0.00";"0.00";"0.00"
"2015";"5";"4";"1";"1";"2954";"110.";"6.4";"8.6";"42.";"8.";"0.00";"0.00";"0.00"
"2015";"5";"4";"1";"2";"2955";"107.";"6.7";"7.1";"64.";"8.";"0.00";"0.00";"0.00"
"2015";"5";"4";"1";"3";"2956";"105.";"7.0";"6.7";"74.";"8.";"0.00";"0.00";"0.00"
"2015";"5";"4";"1";"4";"2957";"106.";"7.2";"6.6";"81.";"7.";"0.00";"0.00";"0.00"
"2015";"5";"4";"1";"5";"2958";"113.";"7.9";"6.6";"85.";"8.";"14.01";"0.00";"14.01"
"2015";"5";"4";"1";"6";"2959";"125.";"8.4";"6.6";"89.";"8.";"36.83";"0.00";"36.83"
"2015";"5";"4";"1";"7";"2960";"135.";"8.0";"7.1";"91.";"7.";"89.70";"26.24";"78.65"
"2015";"5";"4";"1";"8";"2961";"145.";"7.6";"7.6";"91.";"8.";"86.24";"0.00";"86.24"
"2015";"5";"4";"1";"9";"2962";"147.";"7.4";"8.5";"92.";"8.";"105.63";"0.00";"105.63"
"2015";"5";"4";"1";"10";"2963";"165.";"6.1";"9.0";"93.";"8.";"189.62";"0.00";"189.62"
"2015";"5";"4";"1";"11";"2964";"196.";"5.4";"10.2";"94.";"8.";"218.96";"0.00";"218.96"
"2015";"5";"4";"1";"12";"2965";"207.";"5.1";"11.2";"90.";"8.";"223.91";"0.00";"223.91"
"2015";"5";"4";"1";"13";"2966";"198.";"4.4";"11.4";"88.";"7.";"265.23";"57.13";"225.23"
"2015";"5";"4";"1";"14";"2967";"192.";"4.3";"11.4";"87.";"8.";"107.08";"0.00";"107.08"
"2015";"5";"4";"1";"15";"2968";"194.";"2.8";"12.5";"88.";"8.";"173.97";"0.00";"173.97"
"2015";"5";"4";"1";"16";"2969";"215.";"1.7";"12.9";"86.";"7.";"162.48";"62.31";"136.24"
"2015";"5";"4";"1";"17";"2970";"263.";"1.9";"12.4";"86.";"8.";"65.09";"0.00";"65.09"
"2015";"5";"4";"1";"18";"2971";"291.";"1.2";"12.0";"87.";"7.";"26.36";"22.86";"22.78"
"2015";"5";"4";"1";"19";"2972";"307.";"0.7";"11.1";"90.";"7.";"0.00";"0.00";"0.00"
"2015";"5";"4";"1";"20";"2973";"298.";"0.4";"10.4";"91.";"7.";"0.00";"0.00";"0.00"
"2015";"5";"4";"1";"21";"2974";"112.";"1.2";"10.3";"93.";"8.";"0.00";"0.00";"0.00"
"2015";"5";"4";"1";"22";"2975";"106.";"1.2";"10.4";"94.";"8.";"0.00";"0.00";"0.00"
"2015";"5";"4";"1";"23";"2976";"114.";"1.9";"10.3";"95.";"8.";"0.00";"0.00";"0.00"
"2015";"5";"5";"2";"0";"2977";"124.";"1.8";"9.7";"95.";"8.";"0.00";"0.00";"0.00"
"2015";"5";"5";"2";"1";"2978";"132.";"2.1";"10.1";"95.";"8.";"0.00";"0.00";"0.00"
"2015";"5";"5";"2";"2";"2979";"123.";"2.7";"9.8";"95.";"7.";"0.00";"0.00";"0.00"
"2015";"5";"5";"2";"3";"2980";"116.";"2.5";"9.1";"96.";"7.";"0.00";"0.00";"0.00"
"2015";"5";"5";"2";"4";"2981";"115.";"3.0";"9.1";"96.";"7.";"0.00";"0.00";"0.00"
"2015";"5";"5";"2";"5";"2982";"116.";"3.7";"9.7";"96.";"8.";"28.36";"0.00";"28.36"
"2015";"5";"5";"2";"6";"2983";"119.";"4.0";"10.6";"94.";"8.";"75.92";"0.00";"75.92"
"2015";"5";"5";"2";"7";"2984";"114.";"4.9";"11.4";"88.";"8.";"152.10";"0.00";"152.10"
"2015";"5";"5";"2";"8";"2985";"114.";"5.9";"13.2";"79.";"7.";"348.88";"98.75";"295.40"
"2015";"5";"5";"2";"9";"2986";"108.";"6.1";"14.2";"73.";"7.";"406.31";"107.90";"337.62"
"2015";"5";"5";"2";"10";"2987";"110.";"6.6";"14.6";"69.";"7.";"403.88";"116.11";"322.16"
"2015";"5";"5";"2";"11";"2988";"123.";"6.5";"13.4";"76.";"7.";"197.16";"54.55";"156.86"
"2015";"5";"5";"2";"12";"2989";"113.";"6.7";"13.6";"81.";"8.";"132.04";"0.00";"132.04"
"2015";"5";"5";"2";"13";"2990";"111.";"8.2";"13.1";"85.";"8.";"121.14";"0.00";"121.14"
"2015";"5";"5";"2";"14";"2991";"123.";"8.5";"13.0";"87.";"8.";"108.95";"0.00";"108.95"
"2015";"5";"5";"2";"15";"2992";"139.";"8.3";"13.2";"86.";"8.";"92.68";"0.00";"92.68"
"2015";"5";"5";"2";"16";"2993";"136.";"7.8";"13.9";"84.";"8.";"117.89";"0.00";"117.89"
"2015";"5";"5";"2";"17";"2994";"150.";"5.2";"13.7";"86.";"7.";"61.61";"19.58";"55.83"
"2015";"5";"5";"2";"18";"2995";"140.";"6.3";"13.7";"90.";"7.";"18.14";"13.33";"16.00"
"2015";"5";"5";"2";"19";"2996";"138.";"5.7";"13.7";"91.";"6.";"0.00";"0.00";"0.00"
"2015";"5";"5";"2";"20";"2997";"139.";"6.1";"13.7";"92.";"7.";"0.00";"0.00";"0.00"
"2015";"5";"5";"2";"21";"2998";"163.";"7.1";"13.6";"92.";"7.";"0.00";"0.00";"0.00"
"2015";"5";"5";"2";"22";"2999";"199.";"6.3";"13.3";"91.";"8.";"0.00";"0.00";"0.00"
"2015";"5";"5";"2";"23";"3000";"232.";"7.3";"11.6";"92.";"8.";"0.00";"0.00";"0.00"
"2015";"5";"6";"3";"0";"3001";"230.";"6.2";"10.5";"89.";"8.";"0.00";"0.00";"0.00"
"2015";"5";"6";"3";"1";"3002";"221.";"5.4";"9.7";"85.";"7.";"0.00";"0.00";"0.00"
"2015";"5";"6";"3";"2";"3003";"217.";"5.2";"9.4";"86.";"7.";"0.00";"0.00";"0.00"
"2015";"5";"6";"3";"3";"3004";"206.";"4.5";"9.0";"88.";"2.";"0.00";"0.00";"0.00"
"2015";"5";"6";"3";"4";"3005";"202.";"5.1";"8.8";"89.";"1.";"0.00";"0.00";"0.00"
"2015";"5";"6";"3";"5";"3006";"208.";"5.5";"9.4";"89.";"2.";"68.27";"176.69";"39.07"
"2015";"5";"6";"3";"6";"3007";"209.";"5.6";"10.0";"85.";"7.";"90.29";"47.27";"76.14"
"2015";"5";"6";"3";"7";"3008";"211.";"5.8";"10.9";"81.";"5.";"218.75";"173.70";"144.21"
"2015";"5";"6";"3";"8";"3009";"206.";"6.3";"11.7";"77.";"5.";"322.44";"204.35";"211.00"
"2015";"5";"6";"3";"9";"3010";"206.";"7.5";"12.2";"77.";"2.";"521.75";"439.42";"240.40"
"2015";"5";"6";"3";"10";"3011";"203.";"7.4";"12.8";"73.";"3.";"547.99";"429.32";"244.31"
"2015";"5";"6";"3";"11";"3012";"198.";"7.2";"13.3";"69.";"5.";"455.12";"270.30";"254.53"
"2015";"5";"6";"3";"12";"3013";"190.";"7.2";"14.2";"66.";"5.";"525.73";"305.70";"298.86"
"2015";"5";"6";"3";"13";"3014";"183.";"7.8";"14.6";"63.";"5.";"490.44";"282.55";"290.58"
"2015";"5";"6";"3";"14";"3015";"197.";"7.5";"14.5";"63.";"6.";"325.37";"179.21";"210.63"
"2015";"5";"6";"3";"15";"3016";"194.";"7.2";"13.8";"61.";"7.";"222.34";"96.71";"169.60"
"2015";"5";"6";"3";"16";"3017";"187.";"6.6";"14.0";"63.";"7.";"196.09";"85.90";"159.22"
"2015";"5";"6";"3";"17";"3018";"183.";"5.8";"11.8";"73.";"7.";"73.53";"36.65";"62.56"
"2015";"5";"6";"3";"18";"3019";"173.";"5.9";"11.9";"73.";"5.";"59.74";"134.04";"37.60"
"2015";"5";"6";"3";"19";"3020";"172.";"5.1";"10.8";"76.";"5.";"0.00";"0.00";"0.00"
"2015";"5";"6";"3";"20";"3021";"175.";"5.1";"10.8";"76.";"7.";"0.00";"0.00";"0.00"
"2015";"5";"6";"3";"21";"3022";"177.";"6.1";"9.8";"79.";"4.";"0.00";"0.00";"0.00"
"2015";"5";"6";"3";"22";"3023";"172.";"6.3";"9.9";"79.";"5.";"0.00";"0.00";"0.00"
"2015";"5";"6";"3";"23";"3024";"173.";"6.3";"9.6";"80.";"6.";"0.00";"0.00";"0.00"
"2015";"5";"7";"4";"0";"3025";"173.";"5.9";"9.3";"82.";"8.";"0.00";"0.00";"0.00"
"2015";"5";"7";"4";"1";"3026";"162.";"6.1";"9.0";"83.";"7.";"0.00";"0.00";"0.00"
"2015";"5";"7";"4";"2";"3027";"156.";"7.0";"8.9";"83.";"8.";"0.00";"0.00";"0.00"
"2015";"5";"7";"4";"3";"3028";"162.";"8.4";"8.9";"87.";"7.";"0.00";"0.00";"0.00"
"2015";"5";"7";"4";"4";"3029";"164.";"9.2";"8.9";"90.";"8.";"0.00";"0.00";"0.00"
"2015";"5";"7";"4";"5";"3030";"173.";"9.1";"9.1";"90.";"7.";"24.88";"18.82";"21.69"
"2015";"5";"7";"4";"6";"3031";"183.";"9.0";"9.6";"88.";"7.";"63.03";"40.54";"50.72"
"2015";"5";"7";"4";"7";"3032";"188.";"9.1";"10.1";"84.";"8.";"119.61";"0.00";"119.61"
"2015";"5";"7";"4";"8";"3033";"200.";"8.8";"10.1";"84.";"7.";"139.94";"53.06";"110.81"
"2015";"5";"7";"4";"9";"3034";"213.";"6.8";"10.8";"80.";"6.";"226.39";"113.10";"153.58"
"2015";"5";"7";"4";"10";"3035";"216.";"7.2";"11.5";"76.";"7.";"302.40";"99.39";"231.75"
"2015";"5";"7";"4";"11";"3036";"219.";"7.6";"10.4";"82.";"8.";"154.97";"0.00";"154.97"
"2015";"5";"7";"4";"12";"3037";"241.";"8.5";"10.6";"79.";"8.";"181.67";"0.00";"181.67"
"2015";"5";"7";"4";"13";"3038";"251.";"8.3";"10.1";"75.";"8.";"190.66";"0.00";"190.66"
"2015";"5";"7";"4";"14";"3039";"250.";"8.1";"9.9";"69.";"8.";"203.68";"0.00";"203.68"
"2015";"5";"7";"4";"15";"3040";"248.";"7.9";"10.1";"69.";"6.";"272.92";"174.06";"177.35"
"2015";"5";"7";"4";"16";"3041";"251.";"8.5";"9.8";"67.";"5.";"260.96";"273.65";"142.47"
"2015";"5";"7";"4";"17";"3042";"249.";"8.4";"9.4";"68.";"5.";"160.44";"222.78";"92.83"
"2015";"5";"7";"4";"18";"3043";"251.";"8.5";"8.9";"69.";"6.";"51.07";"94.77";"35.00"
"2015";"5";"7";"4";"19";"3044";"250.";"8.3";"8.2";"71.";"5.";"0.00";"0.00";"0.00"
"2015";"5";"7";"4";"20";"3045";"251.";"7.9";"7.7";"70.";"5.";"0.00";"0.00";"0.00"
"2015";"5";"7";"4";"21";"3046";"245.";"8.1";"7.6";"71.";"5.";"0.00";"0.00";"0.00"
"2015";"5";"7";"4";"22";"3047";"246.";"8.2";"7.3";"71.";"6.";"0.00";"0.00";"0.00"
"2015";"5";"7";"4";"23";"3048";"244.";"7.7";"7.2";"73.";"4.";"0.00";"0.00";"0.00"
"2015";"5";"8";"5";"0";"3049";"245.";"7.4";"7.1";"73.";"6.";"0.00";"0.00";"0.00"
"2015";"5";"8";"5";"1";"3050";"248.";"7.1";"6.9";"75.";"7.";"0.00";"0.00";"0.00"
"2015";"5";"8";"5";"2";"3051";"256.";"7.2";"6.8";"73.";"5.";"0.00";"0.00";"0.00"
"2015";"5";"8";"5";"3";"3052";"254.";"6.5";"6.3";"76.";"5.";"0.00";"0.00";"0.00"
"2015";"5";"8";"5";"4";"3053";"252.";"6.5";"6.6";"76.";"4.";"0.00";"0.00";"0.00"
"2015";"5";"8";"5";"5";"3054";"255.";"7.0";"7.0";"72.";"4.";"72.46";"194.91";"38.61"
"2015";"5";"8";"5";"6";"3055";"257.";"7.4";"7.4";"71.";"5.";"154.15";"215.48";"87.89"
"2015";"5";"8";"5";"7";"3056";"260.";"7.2";"8.0";"66.";"6.";"210.56";"176.58";"133.44"
"2015";"5";"8";"5";"8";"3057";"262.";"7.6";"8.2";"62.";"6.";"282.71";"191.79";"176.72"
"2015";"5";"8";"5";"9";"3058";"264.";"7.9";"9.0";"57.";"5.";"401.54";"291.73";"212.71"
"2015";"5";"8";"5";"10";"3059";"265.";"8.2";"9.4";"56.";"4.";"546.97";"402.76";"259.33"
"2015";"5";"8";"5";"11";"3060";"264.";"8.4";"9.9";"51.";"5.";"515.68";"321.22";"275.14"
"2015";"5";"8";"5";"12";"3061";"265.";"8.4";"10.3";"52.";"5.";"510.62";"307.26";"280.53"
"2015";"5";"8";"5";"13";"3062";"264.";"8.0";"10.6";"53.";"5.";"488.07";"320.31";"259.31"
"2015";"5";"8";"5";"14";"3063";"266.";"7.7";"10.6";"52.";"4.";"466.48";"416.96";"196.58"
"2015";"5";"8";"5";"15";"3064";"266.";"7.7";"10.4";"51.";"3.";"432.20";"492.30";"160.13"
"2015";"5";"8";"5";"16";"3065";"266.";"7.9";"10.1";"50.";"2.";"358.76";"561.95";"113.32"
"2015";"5";"8";"5";"17";"3066";"265.";"7.1";"9.5";"52.";"1.";"247.15";"575.85";"70.08"
"2015";"5";"8";"5";"18";"3067";"264.";"6.4";"8.7";"57.";"1.";"100.87";"360.70";"38.23"
"2015";"5";"8";"5";"19";"3068";"262.";"5.6";"7.9";"63.";"0.";"0.00";"0.00";"0.00"
"2015";"5";"8";"5";"20";"3069";"261.";"5.0";"7.1";"67.";"0.";"0.00";"0.00";"0.00"
"2015";"5";"8";"5";"21";"3070";"264.";"3.9";"6.5";"73.";"0.";"0.00";"0.00";"0.00"
"2015";"5";"8";"5";"22";"3071";"262.";"3.5";"5.9";"76.";"0.";"0.00";"0.00";"0.00"
"2015";"5";"8";"5";"23";"3072";"250.";"2.7";"5.0";"81.";"0.";"0.00";"0.00";"0.00"
"2015";"5";"9";"6";"0";"3073";"252.";"2.5";"4.4";"86.";"0.";"0.00";"0.00";"0.00"
"2015";"5";"9";"6";"1";"3074";"229.";"1.8";"3.9";"88.";"2.";"0.00";"0.00";"0.00"
"2015";"5";"9";"6";"2";"3075";"230.";"1.9";"2.4";"91.";"2.";"0.00";"0.00";"0.00"
"2015";"5";"9";"6";"3";"3076";"231.";"1.1";"2.1";"93.";"5.";"0.00";"0.00";"0.00"
"2015";"5";"9";"6";"4";"3077";"222.";"0.8";"2.3";"95.";"4.";"0.00";"0.00";"0.00"
"2015";"5";"9";"6";"5";"3078";"175.";"0.9";"4.1";"92.";"7.";"70.67";"48.27";"62.09"
"2015";"5";"9";"6";"6";"3079";"149.";"1.8";"6.5";"88.";"8.";"124.03";"0.00";"124.03"
"2015";"5";"9";"6";"7";"3080";"147.";"3.0";"8.4";"78.";"8.";"264.87";"0.00";"264.87"
"2015";"5";"9";"6";"8";"3081";"141.";"4.0";"9.5";"62.";"8.";"271.84";"0.00";"271.84"
"2015";"5";"9";"6";"9";"3082";"131.";"3.5";"11.3";"45.";"6.";"405.79";"218.62";"263.54"
"2015";"5";"9";"6";"10";"3083";"135.";"3.1";"12.5";"41.";"8.";"407.58";"0.00";"407.58"
"2015";"5";"9";"6";"11";"3084";"123.";"2.8";"12.3";"40.";"8.";"301.15";"0.00";"301.15"
"2015";"5";"9";"6";"12";"3085";"129.";"3.2";"12.4";"45.";"7.";"435.59";"108.00";"354.36"
"2015";"5";"9";"6";"13";"3086";"119.";"4.1";"12.5";"51.";"8.";"234.69";"0.00";"234.69"
"2015";"5";"9";"6";"14";"3087";"116.";"4.7";"11.6";"57.";"8.";"140.58";"0.00";"140.58"
"2015";"5";"9";"6";"15";"3088";"127.";"5.2";"10.2";"67.";"8.";"97.09";"0.00";"97.09"
"2015";"5";"9";"6";"16";"3089";"130.";"6.3";"9.1";"77.";"8.";"69.23";"0.00";"69.23"
"2015";"5";"9";"6";"17";"3090";"130.";"6.7";"8.5";"84.";"8.";"45.15";"0.00";"45.15"
"2015";"5";"9";"6";"18";"3091";"135.";"6.4";"8.7";"86.";"8.";"26.47";"0.00";"26.47"
"2015";"5";"9";"6";"19";"3092";"146.";"5.8";"8.7";"90.";"8.";"0.00";"0.00";"0.00"
"2015";"5";"9";"6";"20";"3093";"165.";"5.4";"9.4";"94.";"8.";"0.00";"0.00";"0.00"
"2015";"5";"9";"6";"21";"3094";"192.";"5.2";"10.1";"91.";"8.";"0.00";"0.00";"0.00"
"2015";"5";"9";"6";"22";"3095";"202.";"5.2";"9.9";"90.";"8.";"0.00";"0.00";"0.00"
"2015";"5";"9";"6";"23";"3096";"203.";"4.8";"9.9";"89.";"8.";"0.00";"0.00";"0.00"
"2015";"5";"10";"7";"0";"3097";"198.";"4.5";"9.7";"86.";"8.";"0.00";"0.00";"0.00"
"2015";"5";"10";"7";"1";"3098";"194.";"4.2";"10.0";"87.";"8.";"0.00";"0.00";"0.00"
"2015";"5";"10";"7";"2";"3099";"193.";"4.0";"9.5";"91.";"8.";"0.00";"0.00";"0.00"
"2015";"5";"10";"7";"3";"3100";"196.";"2.6";"9.3";"91.";"8.";"0.00";"0.00";"0.00"
"2015";"5";"10";"7";"4";"3101";"213.";"2.2";"9.3";"92.";"8.";"0.00";"0.00";"0.00"
"2015";"5";"10";"7";"5";"3102";"232.";"2.1";"9.5";"92.";"8.";"29.25";"0.00";"29.25"
"2015";"5";"10";"7";"6";"3103";"267.";"3.7";"9.4";"91.";"8.";"76.13";"0.00";"76.13"
"2015";"5";"10";"7";"7";"3104";"276.";"5.1";"9.3";"87.";"7.";"170.39";"89.24";"130.76"
"2015";"5";"10";"7";"8";"3105";"288.";"5.9";"9.5";"87.";"8.";"170.69";"0.00";"170.69"
"2015";"5";"10";"7";"9";"3106";"305.";"7.3";"8.9";"81.";"8.";"217.37";"0.00";"217.37"
"2015";"5";"10";"7";"10";"3107";"308.";"7.8";"8.6";"77.";"8.";"245.65";"0.00";"245.65"
"2015";"5";"10";"7";"11";"3108";"309.";"8.2";"8.4";"74.";"8.";"258.61";"0.00";"258.61"
"2015";"5";"10";"7";"12";"3109";"307.";"8.2";"8.8";"69.";"7.";"336.82";"117.26";"248.25"
"2015";"5";"10";"7";"13";"3110";"298.";"7.7";"9.3";"67.";"7.";"317.68";"113.62";"235.78"
"2015";"5";"10";"7";"14";"3111";"295.";"7.2";"11.1";"62.";"4.";"468.05";"413.06";"197.91"
"2015";"5";"10";"7";"15";"3112";"291.";"6.4";"12.4";"56.";"1.";"546.36";"722.99";"141.72"
"2015";"5";"10";"7";"16";"3113";"285.";"6.2";"12.4";"55.";"0.";"419.08";"703.64";"106.58"
"2015";"5";"10";"7";"17";"3114";"281.";"5.9";"11.7";"62.";"0.";"262.83";"595.44";"75.13"
"2015";"5";"10";"7";"18";"3115";"276.";"5.4";"10.5";"69.";"0.";"106.60";"361.84";"40.81"
"2015";"5";"10";"7";"19";"3116";"272.";"4.6";"9.1";"76.";"0.";"0.00";"0.00";"0.00"
"2015";"5";"10";"7";"20";"3117";"268.";"4.3";"8.6";"78.";"0.";"0.00";"0.00";"0.00"
"2015";"5";"10";"7";"21";"3118";"271.";"3.8";"8.4";"78.";"0.";"0.00";"0.00";"0.00"
"2015";"5";"10";"7";"22";"3119";"275.";"4.0";"7.8";"78.";"1.";"0.00";"0.00";"0.00"
"2015";"5";"10";"7";"23";"3120";"266.";"3.4";"7.3";"79.";"7.";"0.00";"0.00";"0.00"
"2015";"5";"11";"1";"0";"3121";"243.";"2.0";"6.8";"80.";"8.";"0.00";"0.00";"0.00"
"2015";"5";"11";"1";"1";"3122";"219.";"2.5";"6.3";"83.";"5.";"0.00";"0.00";"0.00"
"2015";"5";"11";"1";"2";"3123";"187.";"3.0";"6.4";"84.";"8.";"0.00";"0.00";"0.00"
"2015";"5";"11";"1";"3";"3124";"181.";"3.5";"7.3";"85.";"8.";"0.00";"0.00";"0.00"
"2015";"5";"11";"1";"4";"3125";"173.";"4.3";"8.2";"84.";"8.";"0.00";"0.00";"0.00"
"2015";"5";"11";"1";"5";"3126";"173.";"5.2";"9.0";"80.";"7.";"45.30";"47.32";"36.51"
"2015";"5";"11";"1";"6";"3127";"174.";"6.5";"9.7";"75.";"7.";"107.84";"70.08";"85.49"
"2015";"5";"11";"1";"7";"3128";"174.";"8.3";"10.7";"69.";"6.";"215.14";"180.38";"134.39"
"2015";"5";"11";"1";"8";"3129";"176.";"9.6";"11.2";"62.";"6.";"291.01";"207.27";"174.31"
"2015";"5";"11";"1";"9";"3130";"177.";"10.2";"11.9";"59.";"6.";"505.68";"207.96";"368.99"
"2015";"5";"11";"1";"10";"3131";"179.";"10.6";"13.4";"55.";"6.";"535.08";"202.74";"388.32"
"2015";"5";"11";"1";"11";"3132";"178.";"10.7";"14.0";"53.";"4.";"608.20";"406.45";"299.96"
"2015";"5";"11";"1";"12";"3133";"174.";"10.8";"14.4";"49.";"4.";"645.17";"425.69";"322.34"
"2015";"5";"11";"1";"13";"3134";"172.";"10.9";"15.3";"44.";"2.";"674.65";"627.64";"220.31"
"2015";"5";"11";"1";"14";"3135";"171.";"10.9";"15.7";"41.";"5.";"517.93";"321.39";"306.69"
"2015";"5";"11";"1";"15";"3136";"171.";"10.9";"15.5";"43.";"8.";"273.61";"0.00";"273.61"
"2015";"5";"11";"1";"16";"3137";"171.";"10.7";"15.1";"45.";"7.";"264.28";"91.14";"223.48"
"2015";"5";"11";"1";"17";"3138";"168.";"10.4";"14.2";"55.";"4.";"185.48";"316.38";"84.56"
"2015";"5";"11";"1";"18";"3139";"169.";"10.3";"13.5";"62.";"6.";"64.36";"95.88";"46.54"
"2015";"5";"11";"1";"19";"3140";"168.";"10.6";"13.5";"63.";"8.";"0.00";"0.00";"0.00"
"2015";"5";"11";"1";"20";"3141";"169.";"10.8";"14.2";"64.";"7.";"0.00";"0.00";"0.00"
"2015";"5";"11";"1";"21";"3142";"173.";"10.5";"14.4";"64.";"8.";"0.00";"0.00";"0.00"
"2015";"5";"11";"1";"22";"3143";"188.";"8.3";"14.2";"67.";"7.";"0.00";"0.00";"0.00"
"2015";"5";"11";"1";"23";"3144";"202.";"5.4";"13.2";"74.";"8.";"0.00";"0.00";"0.00"
"2015";"5";"12";"2";"0";"3145";"209.";"3.9";"12.4";"80.";"8.";"0.00";"0.00";"0.00"
"2015";"5";"12";"2";"1";"3146";"199.";"3.5";"11.7";"85.";"4.";"0.00";"0.00";"0.00"
"2015";"5";"12";"2";"2";"3147";"192.";"3.8";"10.9";"88.";"5.";"0.00";"0.00";"0.00"
"2015";"5";"12";"2";"3";"3148";"185.";"3.1";"10.4";"91.";"6.";"0.00";"0.00";"0.00"
"2015";"5";"12";"2";"4";"3149";"197.";"3.9";"10.7";"91.";"8.";"0.00";"0.00";"0.00"
"2015";"5";"12";"2";"5";"3150";"191.";"4.0";"11.3";"90.";"6.";"67.62";"61.49";"55.96"
"2015";"5";"12";"2";"6";"3151";"188.";"4.9";"11.7";"87.";"8.";"147.71";"0.00";"147.71"
"2015";"5";"12";"2";"7";"3152";"178.";"6.6";"12.4";"85.";"6.";"244.09";"129.24";"185.78"
"2015";"5";"12";"2";"8";"3153";"191.";"6.4";"12.3";"85.";"8.";"84.28";"0.00";"84.28"
"2015";"5";"12";"2";"9";"3154";"213.";"6.6";"10.7";"89.";"8.";"119.42";"0.00";"119.42"
"2015";"5";"12";"2";"10";"3155";"209.";"6.1";"10.8";"90.";"8.";"143.50";"0.00";"143.50"
"2015";"5";"12";"2";"11";"3156";"205.";"5.9";"10.9";"90.";"8.";"150.44";"0.00";"150.44"
"2015";"5";"12";"2";"12";"3157";"197.";"5.4";"11.4";"89.";"8.";"161.28";"0.00";"161.28"
"2015";"5";"12";"2";"13";"3158";"183.";"4.6";"11.4";"88.";"8.";"147.48";"0.00";"147.48"
"2015";"5";"12";"2";"14";"3159";"283.";"2.5";"11.2";"83.";"8.";"114.27";"0.00";"114.27"
"2015";"5";"12";"2";"15";"3160";"284.";"5.4";"9.5";"86.";"8.";"106.61";"0.00";"106.61"
"2015";"5";"12";"2";"16";"3161";"262.";"5.4";"9.1";"85.";"8.";"83.42";"0.00";"83.42"
"2015";"5";"12";"2";"17";"3162";"250.";"7.3";"8.5";"83.";"7.";"68.93";"39.78";"56.09"
"2015";"5";"12";"2";"18";"3163";"246.";"7.3";"8.1";"84.";"8.";"23.24";"0.00";"23.24"
"2015";"5";"12";"2";"19";"3164";"251.";"7.1";"8.0";"85.";"8.";"0.00";"0.00";"0.00"
"2015";"5";"12";"2";"20";"3165";"255.";"7.4";"8.7";"85.";"8.";"0.00";"0.00";"0.00"
"2015";"5";"12";"2";"21";"3166";"254.";"8.1";"8.7";"82.";"7.";"0.00";"0.00";"0.00"
"2015";"5";"12";"2";"22";"3167";"254.";"7.8";"8.7";"81.";"7.";"0.00";"0.00";"0.00"
"2015";"5";"12";"2";"23";"3168";"253.";"7.4";"8.7";"82.";"6.";"0.00";"0.00";"0.00"
"2015";"5";"13";"3";"0";"3169";"250.";"7.3";"8.6";"83.";"7.";"0.00";"0.00";"0.00"
"2015";"5";"13";"3";"1";"3170";"251.";"7.5";"8.6";"84.";"8.";"0.00";"0.00";"0.00"
"2015";"5";"13";"3";"2";"3171";"250.";"6.7";"8.6";"85.";"8.";"0.00";"0.00";"0.00"
"2015";"5";"13";"3";"3";"3172";"251.";"6.5";"8.8";"85.";"8.";"0.00";"0.00";"0.00"
"2015";"5";"13";"3";"4";"3173";"254.";"6.9";"9.0";"85.";"8.";"0.00";"0.00";"0.00"
"2015";"5";"13";"3";"5";"3174";"256.";"7.2";"9.2";"86.";"8.";"34.11";"0.00";"34.11"
"2015";"5";"13";"3";"6";"3175";"256.";"6.5";"9.4";"86.";"7.";"114.95";"55.96";"96.69"
"2015";"5";"13";"3";"7";"3176";"258.";"6.9";"10.1";"81.";"8.";"127.17";"0.00";"127.17"
"2015";"5";"13";"3";"8";"3177";"257.";"7.3";"10.3";"76.";"7.";"226.95";"84.08";"179.05"
"2015";"5";"13";"3";"9";"3178";"256.";"7.9";"10.5";"77.";"8.";"204.45";"0.00";"204.45"
"2015";"5";"13";"3";"10";"3179";"253.";"7.0";"10.6";"78.";"7.";"349.03";"103.19";"273.71"
"2015";"5";"13";"3";"11";"3180";"249.";"5.9";"10.6";"78.";"7.";"323.21";"92.75";"252.31"
"2015";"5";"13";"3";"12";"3181";"255.";"5.6";"10.4";"82.";"7.";"347.81";"79.23";"287.26"
"2015";"5";"13";"3";"13";"3182";"273.";"5.9";"10.5";"83.";"8.";"226.77";"0.00";"226.77"
"2015";"5";"13";"3";"14";"3183";"277.";"5.8";"10.5";"79.";"7.";"175.16";"54.66";"138.89"
"2015";"5";"13";"3";"15";"3184";"281.";"5.4";"11.2";"80.";"6.";"278.60";"165.38";"184.39"
"2015";"5";"13";"3";"16";"3185";"283.";"4.4";"11.1";"79.";"5.";"250.03";"239.02";"141.38"
"2015";"5";"13";"3";"17";"3186";"289.";"3.9";"11.1";"79.";"3.";"202.49";"324.57";"96.59"
"2015";"5";"13";"3";"18";"3187";"291.";"2.5";"10.7";"82.";"5.";"66.28";"122.44";"42.60"
"2015";"5";"13";"3";"19";"3188";"297.";"2.0";"10.0";"87.";"3.";"0.00";"0.00";"0.00"
"2015";"5";"13";"3";"20";"3189";"289.";"1.2";"8.8";"91.";"5.";"0.00";"0.00";"0.00"
"2015";"5";"13";"3";"21";"3190";"297.";"0.7";"7.9";"94.";"6.";"0.00";"0.00";"0.00"
"2015";"5";"13";"3";"22";"3191";"305.";"1.2";"6.8";"94.";"5.";"0.00";"0.00";"0.00"
"2015";"5";"13";"3";"23";"3192";"308.";"1.8";"6.4";"95.";"5.";"0.00";"0.00";"0.00"
"2015";"5";"14";"4";"0";"3193";"319.";"1.6";"5.9";"96.";"6.";"0.00";"0.00";"0.00"
"2015";"5";"14";"4";"1";"3194";"329.";"2.1";"5.3";"96.";"3.";"0.00";"0.00";"0.00"
"2015";"5";"14";"4";"2";"3195";"351.";"2.4";"4.6";"95.";"1.";"0.00";"0.00";"0.00"
"2015";"5";"14";"4";"3";"3196";"3.";"3.5";"4.2";"93.";"1.";"0.00";"0.00";"0.00"
"2015";"5";"14";"4";"4";"3197";"25.";"3.0";"4.6";"92.";"0.";"3.34";"23.96";"1.68"
"2015";"5";"14";"4";"5";"3198";"19.";"3.4";"6.6";"86.";"0.";"132.75";"491.85";"35.79"
"2015";"5";"14";"4";"6";"3199";"32.";"3.9";"9.2";"68.";"0.";"295.33";"706.24";"62.43"
"2015";"5";"14";"4";"7";"3200";"39.";"3.6";"10.3";"57.";"0.";"446.30";"790.65";"84.26"
"2015";"5";"14";"4";"8";"3201";"37.";"2.5";"11.6";"52.";"0.";"590.40";"866.34";"94.18"
"2015";"5";"14";"4";"9";"3202";"334.";"2.7";"13.1";"47.";"0.";"705.28";"888.60";"112.96"
"2015";"5";"14";"4";"10";"3203";"316.";"3.0";"14.0";"42.";"0.";"792.04";"928.17";"111.80"
"2015";"5";"14";"4";"11";"3204";"295.";"4.2";"14.5";"42.";"3.";"698.87";"569.57";"261.89"
"2015";"5";"14";"4";"12";"3205";"293.";"5.4";"14.3";"43.";"4.";"609.83";"475.06";"245.36"
"2015";"5";"14";"4";"13";"3206";"299.";"5.2";"14.5";"41.";"3.";"609.97";"569.08";"192.90"
"2015";"5";"14";"4";"14";"3207";"312.";"5.0";"14.7";"37.";"1.";"660.37";"801.03";"126.42"
"2015";"5";"14";"4";"15";"3208";"306.";"5.0";"14.9";"37.";"2.";"527.48";"657.62";"150.81"
"2015";"5";"14";"4";"16";"3209";"312.";"5.1";"14.4";"34.";"0.";"464.89";"839.77";"80.35"
"2015";"5";"14";"4";"17";"3210";"315.";"4.3";"14.0";"33.";"0.";"305.36";"737.55";"62.13"
"2015";"5";"14";"4";"18";"3211";"319.";"4.0";"12.9";"35.";"0.";"144.70";"529.77";"40.26"
"2015";"5";"14";"4";"19";"3212";"317.";"3.6";"10.9";"45.";"1.";"11.15";"85.80";"5.22"
"2015";"5";"14";"4";"20";"3213";"322.";"2.8";"8.9";"60.";"0.";"0.00";"0.00";"0.00"
"2015";"5";"14";"4";"21";"3214";"355.";"2.9";"6.7";"70.";"0.";"0.00";"0.00";"0.00"
"2015";"5";"14";"4";"22";"3215";"19.";"2.8";"5.6";"76.";"0.";"0.00";"0.00";"0.00"
"2015";"5";"14";"4";"23";"3216";"34.";"2.5";"4.6";"79.";"1.";"0.00";"0.00";"0.00"
"2015";"5";"15";"5";"0";"3217";"40.";"2.7";"3.6";"83.";"2.";"0.00";"0.00";"0.00"
"2015";"5";"15";"5";"1";"3218";"34.";"3.0";"3.3";"83.";"1.";"0.00";"0.00";"0.00"
"2015";"5";"15";"5";"2";"3219";"37.";"3.5";"3.2";"80.";"2.";"0.00";"0.00";"0.00"
"2015";"5";"15";"5";"3";"3220";"28.";"2.3";"2.9";"80.";"6.";"0.00";"0.00";"0.00"
"2015";"5";"15";"5";"4";"3221";"29.";"2.6";"3.3";"80.";"8.";"4.16";"0.00";"4.16"
"2015";"5";"15";"5";"5";"3222";"28.";"2.6";"5.2";"70.";"8.";"43.47";"0.00";"43.47"
"2015";"5";"15";"5";"6";"3223";"26.";"2.9";"7.5";"50.";"8.";"92.53";"0.00";"92.53"
"2015";"5";"15";"5";"7";"3224";"26.";"2.3";"9.1";"41.";"5.";"283.81";"317.12";"137.57"
"2015";"5";"15";"5";"8";"3225";"337.";"2.3";"10.3";"37.";"2.";"514.04";"665.13";"131.02"
"2015";"5";"15";"5";"9";"3226";"313.";"2.7";"11.9";"34.";"1.";"685.04";"763.65";"173.76"
"2015";"5";"15";"5";"10";"3227";"296.";"3.7";"12.4";"33.";"0.";"801.62";"936.55";"112.56"
"2015";"5";"15";"5";"11";"3228";"290.";"5.2";"13.2";"32.";"0.";"847.46";"964.76";"104.57"
"2015";"5";"15";"5";"12";"3229";"286.";"5.8";"13.3";"32.";"1.";"810.03";"816.40";"181.38"
"2015";"5";"15";"5";"13";"3230";"286.";"5.6";"12.9";"33.";"0.";"796.01";"905.39";"129.87"
"2015";"5";"15";"5";"14";"3231";"296.";"5.2";"13.4";"33.";"0.";"717.71";"914.87";"105.19"
"2015";"5";"15";"5";"15";"3232";"303.";"4.0";"13.5";"28.";"0.";"601.42";"868.78";"101.12"
"2015";"5";"15";"5";"16";"3233";"313.";"3.1";"13.9";"29.";"0.";"461.31";"833.79";"76.80"
"2015";"5";"15";"5";"17";"3234";"310.";"3.1";"13.6";"33.";"0.";"310.65";"751.05";"60.38"
"2015";"5";"15";"5";"18";"3235";"289.";"2.4";"12.3";"38.";"0.";"144.91";"531.46";"38.20"
"2015";"5";"15";"5";"19";"3236";"258.";"2.0";"10.3";"47.";"5.";"10.86";"44.77";"7.60"
"2015";"5";"15";"5";"20";"3237";"242.";"2.2";"8.7";"60.";"7.";"0.00";"0.00";"0.00"
"2015";"5";"15";"5";"21";"3238";"232.";"1.9";"7.3";"68.";"7.";"0.00";"0.00";"0.00"
"2015";"5";"15";"5";"22";"3239";"227.";"2.0";"6.4";"75.";"5.";"0.00";"0.00";"0.00"
"2015";"5";"15";"5";"23";"3240";"220.";"2.5";"6.9";"79.";"5.";"0.00";"0.00";"0.00"
"2015";"5";"16";"6";"0";"3241";"219.";"2.5";"7.4";"83.";"4.";"0.00";"0.00";"0.00"
"2015";"5";"16";"6";"1";"3242";"247.";"2.9";"8.2";"82.";"7.";"0.00";"0.00";"0.00"
"2015";"5";"16";"6";"2";"3243";"249.";"3.3";"8.4";"77.";"8.";"0.00";"0.00";"0.00"
"2015";"5";"16";"6";"3";"3244";"243.";"3.4";"8.5";"76.";"8.";"0.00";"0.00";"0.00"
"2015";"5";"16";"6";"4";"3245";"242.";"3.4";"8.3";"73.";"8.";"2.72";"0.00";"2.72"
"2015";"5";"16";"6";"5";"3246";"240.";"3.8";"8.3";"73.";"8.";"42.21";"0.00";"42.21"
"2015";"5";"16";"6";"6";"3247";"240.";"4.3";"8.2";"70.";"8.";"90.54";"0.00";"90.54"
"2015";"5";"16";"6";"7";"3248";"231.";"4.1";"8.4";"69.";"8.";"157.17";"0.00";"157.17"
"2015";"5";"16";"6";"8";"3249";"221.";"4.2";"8.8";"68.";"8.";"181.99";"0.00";"181.99"
"2015";"5";"16";"6";"9";"3250";"214.";"4.6";"9.4";"66.";"8.";"251.28";"0.00";"251.28"
"2015";"5";"16";"6";"10";"3251";"204.";"4.7";"9.3";"67.";"8.";"235.65";"0.00";"235.65"
"2015";"5";"16";"6";"11";"3252";"191.";"5.4";"8.6";"78.";"7.";"239.90";"64.17";"190.32"
"2015";"5";"16";"6";"12";"3253";"186.";"5.9";"8.5";"79.";"8.";"244.31";"0.00";"244.31"
"2015";"5";"16";"6";"13";"3254";"178.";"6.4";"8.2";"84.";"7.";"179.25";"32.16";"155.49"
"2015";"5";"16";"6";"14";"3255";"169.";"7.1";"8.1";"88.";"7.";"163.99";"35.93";"139.83"
"2015";"5";"16";"6";"15";"3256";"168.";"7.5";"8.2";"90.";"8.";"91.32";"0.00";"91.32"
"2015";"5";"16";"6";"16";"3257";"188.";"6.1";"9.3";"92.";"8.";"69.29";"0.00";"69.29"
"2015";"5";"16";"6";"17";"3258";"238.";"5.8";"10.2";"92.";"8.";"45.94";"0.00";"45.94"
"2015";"5";"16";"6";"18";"3259";"255.";"6.9";"9.8";"88.";"8.";"36.97";"0.00";"36.97"
"2015";"5";"16";"6";"19";"3260";"260.";"7.2";"9.6";"82.";"8.";"0.31";"0.00";"0.31"
"2015";"5";"16";"6";"20";"3261";"262.";"7.4";"9.7";"81.";"7.";"0.00";"0.00";"0.00"
"2015";"5";"16";"6";"21";"3262";"270.";"8.2";"9.5";"77.";"4.";"0.00";"0.00";"0.00"
"2015";"5";"16";"6";"22";"3263";"275.";"8.4";"9.1";"75.";"2.";"0.00";"0.00";"0.00"
"2015";"5";"16";"6";"23";"3264";"276.";"9.1";"8.9";"72.";"2.";"0.00";"0.00";"0.00"
"2015";"5";"17";"7";"0";"3265";"277.";"9.9";"8.5";"71.";"4.";"0.00";"0.00";"0.00"
"2015";"5";"17";"7";"1";"3266";"275.";"9.3";"8.1";"74.";"4.";"0.00";"0.00";"0.00"
"2015";"5";"17";"7";"2";"3267";"272.";"9.1";"8.0";"73.";"5.";"0.00";"0.00";"0.00"
"2015";"5";"17";"7";"3";"3268";"278.";"9.1";"7.9";"71.";"4.";"0.00";"0.00";"0.00"
"2015";"5";"17";"7";"4";"3269";"280.";"9.0";"7.9";"69.";"4.";"9.87";"46.31";"6.15"
"2015";"5";"17";"7";"5";"3270";"281.";"9.7";"8.3";"68.";"4.";"97.11";"220.92";"51.20"
"2015";"5";"17";"7";"6";"3271";"285.";"8.8";"8.2";"68.";"4.";"201.10";"295.91";"100.53"
"2015";"5";"17";"7";"7";"3272";"286.";"9.9";"8.9";"67.";"4.";"306.26";"347.56";"143.80"
"2015";"5";"17";"7";"8";"3273";"286.";"10.5";"8.9";"65.";"4.";"400.65";"369.04";"185.95"
"2015";"5";"17";"7";"9";"3274";"283.";"10.2";"9.9";"62.";"4.";"497.75";"369.98";"247.95"
"2015";"5";"17";"7";"10";"3275";"282.";"10.0";"10.1";"59.";"4.";"564.38";"393.52";"272.70"
"2015";"5";"17";"7";"11";"3276";"280.";"9.9";"10.7";"58.";"4.";"568.12";"418.98";"243.24"
"2015";"5";"17";"7";"12";"3277";"274.";"8.9";"10.6";"62.";"5.";"493.09";"308.14";"254.15"
"2015";"5";"17";"7";"13";"3278";"269.";"9.1";"10.6";"62.";"4.";"539.82";"419.95";"228.54"
"2015";"5";"17";"7";"14";"3279";"266.";"8.3";"11.1";"60.";"5.";"420.35";"301.03";"217.10"
"2015";"5";"17";"7";"15";"3280";"270.";"9.9";"11.0";"54.";"4.";"407.67";"399.51";"175.23"
"2015";"5";"17";"7";"16";"3281";"271.";"9.4";"10.1";"65.";"4.";"306.96";"355.58";"140.75"
"2015";"5";"17";"7";"17";"3282";"272.";"9.4";"10.5";"66.";"3.";"235.61";"380.86";"106.17"
"2015";"5";"17";"7";"18";"3283";"271.";"8.9";"9.6";"68.";"3.";"108.18";"287.71";"48.40"
"2015";"5";"17";"7";"19";"3284";"267.";"8.0";"9.1";"70.";"2.";"9.57";"54.42";"5.20"
"2015";"5";"17";"7";"20";"3285";"264.";"7.4";"8.7";"74.";"5.";"0.00";"0.00";"0.00"
"2015";"5";"17";"7";"21";"3286";"261.";"6.8";"8.6";"75.";"5.";"0.00";"0.00";"0.00"
"2015";"5";"17";"7";"22";"3287";"263.";"6.2";"8.2";"77.";"6.";"0.00";"0.00";"0.00"
"2015";"5";"17";"7";"23";"3288";"267.";"5.8";"8.1";"79.";"7.";"0.00";"0.00";"0.00"
"2015";"5";"18";"1";"0";"3289";"272.";"5.7";"8.0";"78.";"8.";"0.00";"0.00";"0.00"
"2015";"5";"18";"1";"1";"3290";"274.";"5.0";"7.8";"76.";"8.";"0.00";"0.00";"0.00"
"2015";"5";"18";"1";"2";"3291";"272.";"5.2";"7.8";"75.";"8.";"0.00";"0.00";"0.00"
"2015";"5";"18";"1";"3";"3292";"280.";"5.0";"7.9";"74.";"7.";"0.00";"0.00";"0.00"
"2015";"5";"18";"1";"4";"3293";"278.";"4.8";"7.9";"75.";"7.";"6.17";"12.93";"5.09"
"2015";"5";"18";"1";"5";"3294";"275.";"5.0";"8.6";"75.";"4.";"98.84";"236.25";"48.95"
"2015";"5";"18";"1";"6";"3295";"278.";"5.2";"9.2";"73.";"4.";"205.49";"327.32";"93.21"
"2015";"5";"18";"1";"7";"3296";"278.";"3.7";"10.6";"69.";"4.";"329.55";"378.87";"151.31"
"2015";"5";"18";"1";"8";"3297";"280.";"3.7";"11.1";"65.";"4.";"434.88";"420.80";"188.86"
"2015";"5";"18";"1";"9";"3298";"252.";"3.8";"11.7";"65.";"3.";"569.31";"531.21";"209.20"
"2015";"5";"18";"1";"10";"3299";"252.";"4.7";"11.3";"58.";"4.";"574.76";"443.15";"245.12"
"2015";"5";"18";"1";"11";"3300";"252.";"4.6";"11.5";"56.";"2.";"718.04";"693.16";"178.77"
"2015";"5";"18";"1";"12";"3301";"238.";"4.0";"11.8";"53.";"2.";"709.24";"648.31";"204.87"
"2015";"5";"18";"1";"13";"3302";"221.";"3.9";"12.2";"50.";"2.";"678.91";"666.44";"183.18"
"2015";"5";"18";"1";"14";"3303";"195.";"3.8";"12.7";"48.";"1.";"664.16";"765.24";"145.40"
"2015";"5";"18";"1";"15";"3304";"189.";"4.3";"12.1";"49.";"5.";"433.86";"325.40";"243.62"
"2015";"5";"18";"1";"16";"3305";"185.";"3.7";"11.7";"45.";"5.";"359.19";"316.80";"210.15"
"2015";"5";"18";"1";"17";"3306";"160.";"3.7";"11.1";"45.";"6.";"213.16";"188.87";"148.37"
"2015";"5";"18";"1";"18";"3307";"161.";"3.7";"11.0";"47.";"8.";"101.31";"0.00";"101.31"
"2015";"5";"18";"1";"19";"3308";"139.";"3.2";"10.6";"55.";"8.";"11.98";"0.00";"11.98"
"2015";"5";"18";"1";"20";"3309";"119.";"3.8";"10.0";"63.";"8.";"0.00";"0.00";"0.00"
"2015";"5";"18";"1";"21";"3310";"139.";"4.6";"9.2";"73.";"8.";"0.00";"0.00";"0.00"
"2015";"5";"18";"1";"22";"3311";"135.";"5.0";"9.0";"77.";"8.";"0.00";"0.00";"0.00"
"2015";"5";"18";"1";"23";"3312";"126.";"5.4";"8.4";"82.";"8.";"0.00";"0.00";"0.00"
"2015";"5";"19";"2";"0";"3313";"117.";"6.0";"8.0";"84.";"8.";"0.00";"0.00";"0.00"
"2015";"5";"19";"2";"1";"3314";"123.";"7.1";"7.9";"86.";"8.";"0.00";"0.00";"0.00"
"2015";"5";"19";"2";"2";"3315";"128.";"8.4";"7.9";"88.";"8.";"0.00";"0.00";"0.00"
"2015";"5";"19";"2";"3";"3316";"135.";"8.3";"8.1";"89.";"8.";"0.00";"0.00";"0.00"
"2015";"5";"19";"2";"4";"3317";"139.";"8.3";"8.6";"90.";"8.";"2.89";"0.00";"2.89"
"2015";"5";"19";"2";"5";"3318";"162.";"6.2";"8.8";"91.";"8.";"22.92";"0.00";"22.92"
"2015";"5";"19";"2";"6";"3319";"198.";"5.4";"9.1";"91.";"8.";"59.44";"0.00";"59.44"
"2015";"5";"19";"2";"7";"3320";"225.";"4.8";"10.2";"81.";"7.";"219.34";"84.72";"179.23"
"2015";"5";"19";"2";"8";"3321";"212.";"4.8";"11.2";"73.";"7.";"244.96";"104.40";"183.63"
"2015";"5";"19";"2";"9";"3322";"211.";"5.4";"11.4";"69.";"6.";"359.42";"208.16";"217.76"
"2015";"5";"19";"2";"10";"3323";"207.";"5.3";"11.8";"64.";"6.";"432.48";"216.83";"270.65"
"2015";"5";"19";"2";"11";"3324";"208.";"5.7";"12.4";"62.";"6.";"526.85";"220.70";"354.60"
"2015";"5";"19";"2";"12";"3325";"200.";"5.6";"12.5";"59.";"3.";"640.79";"531.20";"226.19"
"2015";"5";"19";"2";"13";"3326";"208.";"6.0";"13.1";"57.";"4.";"550.95";"454.37";"211.81"
"2015";"5";"19";"2";"14";"3327";"206.";"6.7";"12.4";"64.";"5.";"425.01";"312.34";"212.44"
"2015";"5";"19";"2";"15";"3328";"191.";"7.2";"12.9";"60.";"3.";"465.96";"545.26";"145.66"
"2015";"5";"19";"2";"16";"3329";"197.";"6.8";"12.2";"61.";"1.";"438.77";"724.69";"95.72"
"2015";"5";"19";"2";"17";"3330";"191.";"6.7";"11.8";"66.";"3.";"244.21";"436.37";"93.15"
"2015";"5";"19";"2";"18";"3331";"191.";"6.7";"11.0";"72.";"6.";"78.94";"122.33";"52.71"
"2015";"5";"19";"2";"19";"3332";"193.";"6.5";"10.1";"75.";"7.";"5.81";"10.76";"4.87"
"2015";"5";"19";"2";"20";"3333";"185.";"6.6";"8.8";"78.";"7.";"0.00";"0.00";"0.00"
"2015";"5";"19";"2";"21";"3334";"188.";"6.6";"9.0";"78.";"7.";"0.00";"0.00";"0.00"
"2015";"5";"19";"2";"22";"3335";"201.";"6.0";"8.1";"81.";"7.";"0.00";"0.00";"0.00"
"2015";"5";"19";"2";"23";"3336";"210.";"6.2";"8.5";"79.";"6.";"0.00";"0.00";"0.00"
"2015";"5";"20";"3";"0";"3337";"217.";"6.3";"9.1";"77.";"7.";"0.00";"0.00";"0.00"
"2015";"5";"20";"3";"1";"3338";"219.";"6.1";"8.7";"77.";"8.";"0.00";"0.00";"0.00"
"2015";"5";"20";"3";"2";"3339";"218.";"6.1";"8.7";"78.";"6.";"0.00";"0.00";"0.00"
"2015";"5";"20";"3";"3";"3340";"213.";"5.0";"8.2";"80.";"5.";"0.00";"0.00";"0.00"
"2015";"5";"20";"3";"4";"3341";"214.";"4.7";"8.5";"80.";"5.";"10.53";"44.15";"6.53"
"2015";"5";"20";"3";"5";"3342";"214.";"4.7";"9.2";"79.";"4.";"107.48";"235.76";"56.16"
"2015";"5";"20";"3";"6";"3343";"211.";"5.1";"9.3";"75.";"4.";"222.65";"336.24";"105.23"
"2015";"5";"20";"3";"7";"3344";"207.";"4.9";"10.2";"70.";"4.";"368.61";"388.12";"183.78"
"2015";"5";"20";"3";"8";"3345";"201.";"4.7";"10.6";"67.";"5.";"410.33";"322.45";"220.04"
"2015";"5";"20";"3";"9";"3346";"196.";"5.1";"10.8";"64.";"7.";"328.65";"109.33";"253.96"
"2015";"5";"20";"3";"10";"3347";"188.";"4.8";"10.8";"67.";"6.";"430.80";"208.44";"274.70"
"2015";"5";"20";"3";"11";"3348";"185.";"5.1";"11.6";"71.";"7.";"342.93";"109.73";"257.02"
"2015";"5";"20";"3";"12";"3349";"186.";"5.2";"11.8";"67.";"7.";"398.61";"58.66";"352.69"
"2015";"5";"20";"3";"13";"3350";"198.";"4.9";"13.1";"60.";"4.";"566.78";"392.31";"272.99"
"2015";"5";"20";"3";"14";"3351";"198.";"4.9";"13.6";"56.";"5.";"480.52";"308.54";"269.75"
"2015";"5";"20";"3";"15";"3352";"207.";"4.8";"13.4";"60.";"7.";"317.76";"99.91";"258.80"
"2015";"5";"20";"3";"16";"3353";"208.";"4.1";"12.7";"60.";"5.";"311.89";"289.24";"174.15"
"2015";"5";"20";"3";"17";"3354";"210.";"3.9";"12.7";"55.";"3.";"246.08";"408.58";"103.40"
"2015";"5";"20";"3";"18";"3355";"211.";"3.5";"12.2";"62.";"2.";"133.61";"389.79";"48.76"
"2015";"5";"20";"3";"19";"3356";"193.";"3.1";"11.0";"68.";"2.";"15.79";"92.14";"7.43"
"2015";"5";"20";"3";"20";"3357";"198.";"2.5";"9.3";"75.";"1.";"0.00";"0.00";"0.00"
"2015";"5";"20";"3";"21";"3358";"191.";"1.9";"7.7";"85.";"0.";"0.00";"0.00";"0.00"
"2015";"5";"20";"3";"22";"3359";"190.";"1.5";"6.7";"90.";"0.";"0.00";"0.00";"0.00"
"2015";"5";"20";"3";"23";"3360";"190.";"1.2";"5.7";"94.";"0.";"0.00";"0.00";"0.00"
"2015";"5";"21";"4";"0";"3361";"186.";"0.8";"4.9";"94.";"0.";"0.00";"0.00";"0.00"
"2015";"5";"21";"4";"1";"3362";"188.";"0.7";"4.5";"95.";"0.";"0.00";"0.00";"0.00"
"2015";"5";"21";"4";"2";"3363";"159.";"0.6";"4.2";"96.";"2.";"0.00";"0.00";"0.00"
"2015";"5";"21";"4";"3";"3364";"166.";"0.8";"3.6";"96.";"1.";"0.00";"0.00";"0.00"
"2015";"5";"21";"4";"4";"3365";"148.";"1.1";"4.7";"95.";"4.";"15.92";"67.09";"9.62"
"2015";"5";"21";"4";"5";"3366";"143.";"1.6";"6.1";"94.";"4.";"97.28";"165.44";"60.75"
"2015";"5";"21";"4";"6";"3367";"149.";"1.4";"9.0";"89.";"3.";"227.59";"354.42";"102.78"
"2015";"5";"21";"4";"7";"3368";"189.";"1.7";"10.6";"80.";"4.";"319.03";"400.77";"127.07"
"2015";"5";"21";"4";"8";"3369";"221.";"2.7";"12.2";"69.";"3.";"468.65";"544.76";"145.75"
"2015";"5";"21";"4";"9";"3370";"218.";"3.7";"13.2";"66.";"3.";"557.15";"563.33";"170.92"
"2015";"5";"21";"4";"10";"3371";"232.";"4.7";"12.7";"65.";"5.";"512.44";"329.48";"264.91"
"2015";"5";"21";"4";"11";"3372";"221.";"4.5";"12.9";"64.";"5.";"539.33";"332.08";"278.55"
"2015";"5";"21";"4";"12";"3373";"219.";"4.9";"13.2";"60.";"4.";"578.95";"443.12";"230.98"
"2015";"5";"21";"4";"13";"3374";"221.";"5.2";"13.0";"59.";"6.";"405.05";"215.96";"242.80"
"2015";"5";"21";"4";"14";"3375";"210.";"5.3";"13.0";"54.";"6.";"393.91";"217.10";"245.06"
"2015";"5";"21";"4";"15";"3376";"214.";"5.3";"13.3";"54.";"5.";"382.74";"300.57";"204.58"
"2015";"5";"21";"4";"16";"3377";"214.";"5.3";"12.8";"64.";"6.";"232.98";"185.35";"144.20"
"2015";"5";"21";"4";"17";"3378";"212.";"5.3";"12.0";"68.";"6.";"154.24";"158.71";"98.35"
"2015";"5";"21";"4";"18";"3379";"212.";"4.7";"11.7";"71.";"7.";"92.33";"59.25";"79.25"
"2015";"5";"21";"4";"19";"3380";"238.";"4.2";"11.5";"74.";"6.";"10.19";"23.25";"8.00"
"2015";"5";"21";"4";"20";"3381";"266.";"3.3";"10.8";"76.";"4.";"0.00";"0.00";"0.00"
"2015";"5";"21";"4";"21";"3382";"257.";"3.7";"9.7";"76.";"3.";"0.00";"0.00";"0.00"
"2015";"5";"21";"4";"22";"3383";"248.";"4.3";"9.3";"78.";"3.";"0.00";"0.00";"0.00"
"2015";"5";"21";"4";"23";"3384";"240.";"4.5";"9.1";"82.";"6.";"0.00";"0.00";"0.00"
"2015";"5";"22";"5";"0";"3385";"235.";"4.4";"9.4";"83.";"8.";"0.00";"0.00";"0.00"
"2015";"5";"22";"5";"1";"3386";"229.";"4.3";"9.5";"82.";"7.";"0.00";"0.00";"0.00"
"2015";"5";"22";"5";"2";"3387";"231.";"4.6";"9.6";"82.";"8.";"0.00";"0.00";"0.00"
"2015";"5";"22";"5";"3";"3388";"228.";"5.1";"9.5";"84.";"8.";"0.00";"0.00";"0.00"
"2015";"5";"22";"5";"4";"3389";"230.";"5.1";"9.6";"83.";"8.";"5.55";"0.00";"5.55"
"2015";"5";"22";"5";"5";"3390";"230.";"5.3";"9.9";"80.";"7.";"61.00";"52.29";"49.29"
"2015";"5";"22";"5";"6";"3391";"224.";"5.9";"9.9";"80.";"7.";"149.40";"73.79";"123.21"
"2015";"5";"22";"5";"7";"3392";"224.";"6.5";"10.1";"78.";"8.";"139.49";"0.00";"139.49"
"2015";"5";"22";"5";"8";"3393";"210.";"6.7";"10.4";"79.";"7.";"239.59";"87.51";"187.50"
"2015";"5";"22";"5";"9";"3394";"198.";"6.7";"10.8";"76.";"8.";"218.77";"0.00";"218.77"
"2015";"5";"22";"5";"10";"3395";"199.";"7.6";"11.4";"77.";"7.";"316.43";"92.33";"246.85"
"2015";"5";"22";"5";"11";"3396";"194.";"8.3";"11.6";"77.";"7.";"333.37";"93.81";"259.50"
"2015";"5";"22";"5";"12";"3397";"188.";"8.4";"11.5";"78.";"8.";"239.09";"0.00";"239.09"
"2015";"5";"22";"5";"13";"3398";"186.";"8.4";"11.4";"77.";"8.";"236.22";"0.00";"236.22"
"2015";"5";"22";"5";"14";"3399";"181.";"8.7";"11.5";"77.";"8.";"212.58";"0.00";"212.58"
"2015";"5";"22";"5";"15";"3400";"181.";"9.1";"11.5";"80.";"8.";"177.38";"0.00";"177.38"
"2015";"5";"22";"5";"16";"3401";"184.";"8.5";"11.5";"85.";"8.";"127.44";"0.00";"127.44"
"2015";"5";"22";"5";"17";"3402";"196.";"7.5";"11.9";"85.";"8.";"56.36";"0.00";"56.36"
"2015";"5";"22";"5";"18";"3403";"200.";"7.6";"12.2";"85.";"8.";"24.08";"0.00";"24.08"
"2015";"5";"22";"5";"19";"3404";"223.";"7.5";"12.5";"83.";"8.";"2.97";"0.00";"2.97"
"2015";"5";"22";"5";"20";"3405";"255.";"9.1";"12.0";"89.";"8.";"0.00";"0.00";"0.00"
"2015";"5";"22";"5";"21";"3406";"257.";"8.2";"9.5";"84.";"8.";"0.00";"0.00";"0.00"
"2015";"5";"22";"5";"22";"3407";"259.";"8.1";"9.1";"80.";"7.";"0.00";"0.00";"0.00"
"2015";"5";"22";"5";"23";"3408";"266.";"7.9";"9.1";"79.";"7.";"0.00";"0.00";"0.00"
"2015";"5";"23";"6";"0";"3409";"266.";"7.8";"8.8";"76.";"3.";"0.00";"0.00";"0.00"
"2015";"5";"23";"6";"1";"3410";"264.";"7.3";"8.4";"75.";"1.";"0.00";"0.00";"0.00"
"2015";"5";"23";"6";"2";"3411";"266.";"6.4";"8.2";"76.";"2.";"0.00";"0.00";"0.00"
"2015";"5";"23";"6";"3";"3412";"263.";"7.1";"8.4";"75.";"3.";"0.00";"0.00";"0.00"
"2015";"5";"23";"6";"4";"3413";"264.";"7.3";"8.6";"76.";"3.";"20.01";"74.10";"12.58"
"2015";"5";"23";"6";"5";"3414";"264.";"7.7";"9.2";"76.";"3.";"115.48";"226.64";"64.08"
"2015";"5";"23";"6";"6";"3415";"271.";"8.1";"9.6";"73.";"3.";"231.31";"327.32";"114.21"
"2015";"5";"23";"6";"7";"3416";"274.";"8.0";"10.2";"73.";"3.";"349.37";"405.05";"153.21"
"2015";"5";"23";"6";"8";"3417";"278.";"7.7";"11.0";"70.";"3.";"457.34";"453.94";"186.00"
"2015";"5";"23";"6";"9";"3418";"283.";"7.5";"11.8";"69.";"4.";"482.98";"373.36";"225.23"
"2015";"5";"23";"6";"10";"3419";"281.";"7.1";"12.6";"66.";"3.";"613.26";"522.24";"218.53"
"2015";"5";"23";"6";"11";"3420";"280.";"6.8";"13.5";"62.";"3.";"669.92";"501.61";"273.77"
"2015";"5";"23";"6";"12";"3421";"277.";"6.2";"13.7";"59.";"2.";"710.85";"626.17";"216.34"
"2015";"5";"23";"6";"13";"3422";"275.";"5.5";"14.2";"56.";"1.";"738.67";"737.50";"181.23"
"2015";"5";"23";"6";"14";"3423";"270.";"5.9";"14.4";"50.";"2.";"637.45";"617.80";"210.95"
"2015";"5";"23";"6";"15";"3424";"266.";"5.1";"14.1";"51.";"1.";"562.01";"699.71";"143.77"
"2015";"5";"23";"6";"16";"3425";"261.";"4.1";"13.8";"51.";"1.";"450.05";"654.09";"133.27"
"2015";"5";"23";"6";"17";"3426";"262.";"4.2";"12.8";"59.";"7.";"193.01";"79.72";"164.48"
"2015";"5";"23";"6";"18";"3427";"256.";"3.5";"12.0";"66.";"1.";"142.23";"373.77";"57.46"
"2015";"5";"23";"6";"19";"3428";"238.";"2.8";"11.2";"70.";"5.";"17.12";"49.95";"12.12"
"2015";"5";"23";"6";"20";"3429";"237.";"3.1";"10.6";"78.";"7.";"0.00";"0.00";"0.00"
"2015";"5";"23";"6";"21";"3430";"233.";"3.8";"10.0";"80.";"5.";"0.00";"0.00";"0.00"
"2015";"5";"23";"6";"22";"3431";"228.";"3.8";"9.2";"82.";"0.";"0.00";"0.00";"0.00"
"2015";"5";"23";"6";"23";"3432";"228.";"3.6";"8.5";"85.";"0.";"0.00";"0.00";"0.00"
"2015";"5";"24";"7";"0";"3433";"229.";"3.3";"8.2";"86.";"1.";"0.00";"0.00";"0.00"
"2015";"5";"24";"7";"1";"3434";"235.";"3.1";"7.7";"90.";"3.";"0.00";"0.00";"0.00"
"2015";"5";"24";"7";"2";"3435";"240.";"3.1";"7.3";"91.";"4.";"0.00";"0.00";"0.00"
"2015";"5";"24";"7";"3";"3436";"250.";"4.1";"7.8";"89.";"5.";"0.00";"0.00";"0.00"
"2015";"5";"24";"7";"4";"3437";"252.";"4.7";"8.0";"88.";"4.";"17.26";"57.36";"11.34"
"2015";"5";"24";"7";"5";"3438";"253.";"5.1";"8.4";"85.";"4.";"104.36";"185.21";"61.82"
"2015";"5";"24";"7";"6";"3439";"248.";"5.5";"9.1";"79.";"4.";"206.16";"253.60";"114.74"
"2015";"5";"24";"7";"7";"3440";"248.";"5.7";"9.8";"73.";"5.";"270.94";"230.50";"158.73"
"2015";"5";"24";"7";"8";"3441";"250.";"5.3";"10.2";"71.";"7.";"244.59";"90.68";"190.17"
"2015";"5";"24";"7";"9";"3442";"245.";"5.2";"10.7";"69.";"7.";"294.58";"101.46";"224.31"
"2015";"5";"24";"7";"10";"3443";"246.";"5.1";"11.1";"67.";"7.";"366.34";"106.54";"285.58"
"2015";"5";"24";"7";"11";"3444";"243.";"4.5";"11.6";"63.";"5.";"568.90";"315.18";"319.32"
"2015";"5";"24";"7";"12";"3445";"236.";"4.3";"12.6";"61.";"3.";"682.92";"539.07";"256.04"
"2015";"5";"24";"7";"13";"3446";"218.";"4.6";"12.7";"61.";"3.";"617.48";"527.21";"217.84"
"2015";"5";"24";"7";"14";"3447";"209.";"5.2";"12.8";"63.";"3.";"557.02";"526.25";"192.53"
"2015";"5";"24";"7";"15";"3448";"200.";"5.2";"13.1";"63.";"3.";"510.32";"504.45";"207.59"
"2015";"5";"24";"7";"16";"3449";"192.";"5.5";"12.6";"65.";"5.";"370.57";"288.62";"230.06"
"2015";"5";"24";"7";"17";"3450";"179.";"5.9";"12.2";"69.";"7.";"204.14";"80.07";"175.28"
"2015";"5";"24";"7";"18";"3451";"177.";"6.1";"11.5";"74.";"8.";"75.32";"0.00";"75.32"
"2015";"5";"24";"7";"19";"3452";"174.";"6.3";"11.3";"77.";"8.";"11.85";"0.00";"11.85"
"2015";"5";"24";"7";"20";"3453";"182.";"6.1";"11.3";"80.";"8.";"0.00";"0.00";"0.00"
"2015";"5";"24";"7";"21";"3454";"194.";"5.1";"11.4";"82.";"8.";"0.00";"0.00";"0.00"
"2015";"5";"24";"7";"22";"3455";"215.";"4.8";"10.5";"84.";"8.";"0.00";"0.00";"0.00"
"2015";"5";"24";"7";"23";"3456";"221.";"5.4";"10.0";"88.";"7.";"0.00";"0.00";"0.00"
"2015";"5";"25";"1";"0";"3457";"217.";"5.8";"9.8";"88.";"8.";"0.00";"0.00";"0.00"
"2015";"5";"25";"1";"1";"3458";"222.";"5.9";"9.8";"90.";"8.";"0.00";"0.00";"0.00"
"2015";"5";"25";"1";"2";"3459";"226.";"5.6";"9.8";"92.";"8.";"0.00";"0.00";"0.00"
"2015";"5";"25";"1";"3";"3460";"251.";"4.8";"9.0";"87.";"8.";"0.00";"0.00";"0.00"
"2015";"5";"25";"1";"4";"3461";"259.";"4.6";"9.1";"84.";"7.";"11.39";"18.30";"9.45"
"2015";"5";"25";"1";"5";"3462";"262.";"4.7";"9.2";"83.";"6.";"81.85";"117.39";"54.57"
"2015";"5";"25";"1";"6";"3463";"268.";"4.9";"9.4";"77.";"6.";"160.70";"158.25";"103.24"
"2015";"5";"25";"1";"7";"3464";"273.";"5.3";"10.6";"73.";"6.";"259.22";"184.70";"168.85"
"2015";"5";"25";"1";"8";"3465";"268.";"4.8";"10.8";"70.";"5.";"390.28";"295.30";"212.38"
"2015";"5";"25";"1";"9";"3466";"264.";"5.6";"11.4";"69.";"5.";"433.95";"311.93";"217.22"
"2015";"5";"25";"1";"10";"3467";"259.";"5.0";"12.1";"66.";"4.";"548.59";"409.94";"236.98"
"2015";"5";"25";"1";"11";"3468";"261.";"4.8";"12.8";"63.";"5.";"545.75";"332.69";"281.61"
"2015";"5";"25";"1";"12";"3469";"260.";"4.4";"12.3";"65.";"6.";"497.44";"215.55";"326.31"
"2015";"5";"25";"1";"13";"3470";"264.";"4.7";"12.6";"54.";"6.";"508.34";"212.60";"346.74"
"2015";"5";"25";"1";"14";"3471";"257.";"4.2";"13.3";"59.";"5.";"523.10";"327.10";"295.83"
"2015";"5";"25";"1";"15";"3472";"255.";"4.6";"13.4";"59.";"5.";"391.72";"315.36";"201.74"
"2015";"5";"25";"1";"16";"3473";"254.";"4.6";"12.7";"62.";"5.";"286.88";"300.15";"140.02"
"2015";"5";"25";"1";"17";"3474";"257.";"4.7";"12.5";"63.";"4.";"221.88";"349.71";"94.90"
"2015";"5";"25";"1";"18";"3475";"258.";"4.2";"11.9";"65.";"8.";"65.67";"0.00";"65.67"
"2015";"5";"25";"1";"19";"3476";"259.";"3.9";"11.2";"68.";"7.";"15.49";"23.22";"13.02"
"2015";"5";"25";"1";"20";"3477";"258.";"3.4";"10.4";"72.";"6.";"0.00";"0.00";"0.00"
"2015";"5";"25";"1";"21";"3478";"247.";"3.9";"9.6";"73.";"6.";"0.00";"0.00";"0.00"
"2015";"5";"25";"1";"22";"3479";"245.";"4.1";"9.0";"75.";"5.";"0.00";"0.00";"0.00"
"2015";"5";"25";"1";"23";"3480";"234.";"3.6";"8.5";"78.";"6.";"0.00";"0.00";"0.00"
"2015";"5";"26";"2";"0";"3481";"235.";"3.8";"8.5";"80.";"6.";"0.00";"0.00";"0.00"
"2015";"5";"26";"2";"1";"3482";"230.";"3.7";"8.4";"80.";"5.";"0.00";"0.00";"0.00"
"2015";"5";"26";"2";"2";"3483";"226.";"4.0";"8.2";"82.";"4.";"0.00";"0.00";"0.00"
"2015";"5";"26";"2";"3";"3484";"221.";"4.3";"8.3";"82.";"4.";"0.00";"0.00";"0.00"
"2015";"5";"26";"2";"4";"3485";"223.";"4.6";"8.9";"84.";"5.";"18.93";"65.92";"11.74"
"2015";"5";"26";"2";"5";"3486";"221.";"4.7";"9.3";"80.";"6.";"92.13";"125.96";"62.52"
"2015";"5";"26";"2";"6";"3487";"222.";"5.2";"9.5";"79.";"7.";"158.70";"81.94";"128.75"
"2015";"5";"26";"2";"7";"3488";"223.";"5.2";"10.4";"74.";"7.";"216.68";"94.58";"170.18"
"2015";"5";"26";"2";"8";"3489";"228.";"5.2";"10.7";"71.";"7.";"251.39";"100.49";"190.63"
"2015";"5";"26";"2";"9";"3490";"226.";"4.8";"11.7";"68.";"6.";"402.02";"213.54";"253.20"
"2015";"5";"26";"2";"10";"3491";"242.";"4.3";"13.2";"56.";"6.";"478.36";"220.40";"310.38"
"2015";"5";"26";"2";"11";"3492";"273.";"4.7";"13.3";"62.";"5.";"516.39";"349.53";"238.19"
"2015";"5";"26";"2";"12";"3493";"285.";"5.4";"13.3";"59.";"3.";"662.19";"572.89";"206.21"
"2015";"5";"26";"2";"13";"3494";"282.";"6.4";"13.1";"62.";"5.";"488.82";"337.44";"231.63"
"2015";"5";"26";"2";"14";"3495";"274.";"5.8";"13.8";"56.";"3.";"570.82";"573.21";"171.34"
"2015";"5";"26";"2";"15";"3496";"275.";"6.0";"13.4";"51.";"2.";"554.91";"656.09";"158.21"
"2015";"5";"26";"2";"16";"3497";"269.";"5.5";"13.4";"53.";"1.";"450.12";"725.15";"93.60"
"2015";"5";"26";"2";"17";"3498";"263.";"5.2";"13.5";"51.";"0.";"330.17";"725.77";"64.83"
"2015";"5";"26";"2";"18";"3499";"258.";"5.2";"13.2";"54.";"2.";"152.59";"398.99";"58.78"
"2015";"5";"26";"2";"19";"3500";"242.";"4.3";"11.9";"68.";"0.";"31.87";"179.31";"12.31"
"2015";"5";"26";"2";"20";"3501";"235.";"4.6";"11.0";"75.";"0.";"0.00";"0.00";"0.00"
"2015";"5";"26";"2";"21";"3502";"235.";"4.8";"10.3";"80.";"2.";"0.00";"0.00";"0.00"
"2015";"5";"26";"2";"22";"3503";"236.";"4.9";"9.6";"82.";"1.";"0.00";"0.00";"0.00"
"2015";"5";"26";"2";"23";"3504";"248.";"5.0";"9.4";"84.";"2.";"0.00";"0.00";"0.00"
"2015";"5";"27";"3";"0";"3505";"260.";"4.6";"9.2";"83.";"1.";"0.00";"0.00";"0.00"
"2015";"5";"27";"3";"1";"3506";"270.";"4.8";"9.1";"83.";"1.";"0.00";"0.00";"0.00"
"2015";"5";"27";"3";"2";"3507";"275.";"5.0";"9.2";"82.";"3.";"0.00";"0.00";"0.00"
"2015";"5";"27";"3";"3";"3508";"284.";"4.9";"9.1";"80.";"3.";"0.00";"0.00";"0.00"
"2015";"5";"27";"3";"4";"3509";"284.";"5.2";"9.5";"78.";"2.";"31.18";"140.17";"15.50"
"2015";"5";"27";"3";"5";"3510";"285.";"6.2";"10.7";"73.";"0.";"170.15";"519.08";"46.76"
"2015";"5";"27";"3";"6";"3511";"286.";"6.5";"11.1";"68.";"3.";"250.63";"414.92";"97.92"
"2015";"5";"27";"3";"7";"3512";"287.";"6.6";"11.7";"60.";"2.";"414.19";"612.02";"111.90"
"2015";"5";"27";"3";"8";"3513";"285.";"6.7";"12.6";"57.";"2.";"528.30";"623.38";"150.04"
"2015";"5";"27";"3";"9";"3514";"282.";"7.0";"12.7";"59.";"3.";"587.64";"512.31";"229.57"
"2015";"5";"27";"3";"10";"3515";"281.";"6.9";"13.1";"54.";"2.";"690.58";"644.81";"197.88"
"2015";"5";"27";"3";"11";"3516";"281.";"7.0";"13.4";"53.";"2.";"763.83";"684.65";"217.59"
"2015";"5";"27";"3";"12";"3517";"279.";"6.5";"13.8";"53.";"3.";"720.59";"557.88";"275.50"
"2015";"5";"27";"3";"13";"3518";"274.";"6.4";"14.6";"51.";"2.";"698.82";"688.92";"172.41"
"2015";"5";"27";"3";"14";"3519";"270.";"6.1";"14.2";"51.";"1.";"705.42";"754.61";"177.98"
"2015";"5";"27";"3";"15";"3520";"271.";"5.9";"14.5";"50.";"1.";"599.11";"744.99";"147.06"
"2015";"5";"27";"3";"16";"3521";"271.";"6.3";"14.1";"54.";"1.";"458.02";"651.55";"136.21"
"2015";"5";"27";"3";"17";"3522";"268.";"5.6";"13.5";"57.";"0.";"324.10";"658.89";"81.61"
"2015";"5";"27";"3";"18";"3523";"263.";"5.2";"12.7";"65.";"0.";"166.51";"472.13";"54.28"
"2015";"5";"27";"3";"19";"3524";"267.";"5.5";"11.4";"72.";"0.";"32.21";"151.08";"15.32"
"2015";"5";"27";"3";"20";"3525";"262.";"4.6";"10.3";"76.";"3.";"0.00";"0.00";"0.00"
"2015";"5";"27";"3";"21";"3526";"258.";"4.4";"9.4";"79.";"2.";"0.00";"0.00";"0.00"
"2015";"5";"27";"3";"22";"3527";"253.";"3.7";"9.4";"79.";"4.";"0.00";"0.00";"0.00"
"2015";"5";"27";"3";"23";"3528";"234.";"3.5";"8.7";"82.";"4.";"0.00";"0.00";"0.00"
"2015";"5";"28";"4";"0";"3529";"219.";"3.7";"7.9";"85.";"6.";"0.00";"0.00";"0.00"
"2015";"5";"28";"4";"1";"3530";"221.";"3.6";"8.5";"84.";"6.";"0.00";"0.00";"0.00"
"2015";"5";"28";"4";"2";"3531";"217.";"3.4";"9.0";"82.";"6.";"0.00";"0.00";"0.00"
"2015";"5";"28";"4";"3";"3532";"175.";"2.8";"8.7";"80.";"8.";"0.00";"0.00";"0.00"
"2015";"5";"28";"4";"4";"3533";"162.";"3.7";"8.9";"82.";"8.";"17.97";"0.00";"17.97"
"2015";"5";"28";"4";"5";"3534";"147.";"4.8";"9.3";"78.";"7.";"91.75";"61.61";"76.95"
"2015";"5";"28";"4";"6";"3535";"144.";"6.3";"10.2";"74.";"8.";"115.70";"0.00";"115.70"
"2015";"5";"28";"4";"7";"3536";"150.";"7.5";"10.5";"74.";"8.";"147.55";"0.00";"147.55"
"2015";"5";"28";"4";"8";"3537";"162.";"8.2";"11.1";"72.";"8.";"188.73";"0.00";"188.73"
"2015";"5";"28";"4";"9";"3538";"168.";"8.2";"10.5";"84.";"8.";"122.37";"0.00";"122.37"
"2015";"5";"28";"4";"10";"3539";"172.";"8.0";"11.0";"86.";"8.";"133.87";"0.00";"133.87"
"2015";"5";"28";"4";"11";"3540";"173.";"8.4";"10.8";"86.";"7.";"231.64";"47.35";"193.77"
"2015";"5";"28";"4";"12";"3541";"176.";"8.9";"11.1";"86.";"8.";"161.45";"0.00";"161.45"
"2015";"5";"28";"4";"13";"3542";"190.";"8.7";"12.0";"82.";"7.";"218.84";"45.63";"183.89"
"2015";"5";"28";"4";"14";"3543";"204.";"8.6";"12.0";"79.";"8.";"198.05";"0.00";"198.05"
"2015";"5";"28";"4";"15";"3544";"220.";"7.3";"12.0";"76.";"5.";"281.26";"231.93";"140.05"
"2015";"5";"28";"4";"16";"3545";"238.";"6.4";"11.6";"75.";"7.";"186.55";"74.70";"149.49"
"2015";"5";"28";"4";"17";"3546";"238.";"5.9";"11.5";"72.";"6.";"181.42";"175.55";"116.40"
"2015";"5";"28";"4";"18";"3547";"239.";"6.0";"10.9";"71.";"7.";"74.65";"51.97";"62.16"
"2015";"5";"28";"4";"19";"3548";"244.";"6.6";"9.7";"78.";"7.";"10.06";"10.07";"8.91"
"2015";"5";"28";"4";"20";"3549";"246.";"6.4";"8.9";"80.";"5.";"0.00";"0.00";"0.00"
"2015";"5";"28";"4";"21";"3550";"248.";"7.0";"9.1";"76.";"7.";"0.00";"0.00";"0.00"
"2015";"5";"28";"4";"22";"3551";"246.";"6.7";"9.1";"74.";"5.";"0.00";"0.00";"0.00"
"2015";"5";"28";"4";"23";"3552";"244.";"7.1";"9.1";"74.";"6.";"0.00";"0.00";"0.00"
"2015";"5";"29";"5";"0";"3553";"241.";"7.3";"9.0";"75.";"5.";"0.00";"0.00";"0.00"
"2015";"5";"29";"5";"1";"3554";"239.";"7.4";"8.7";"76.";"4.";"0.00";"0.00";"0.00"
"2015";"5";"29";"5";"2";"3555";"235.";"7.3";"8.5";"77.";"3.";"0.00";"0.00";"0.00"
"2015";"5";"29";"5";"3";"3556";"230.";"6.7";"8.2";"78.";"5.";"0.00";"0.00";"0.00"
"2015";"5";"29";"5";"4";"3557";"226.";"6.9";"8.5";"78.";"5.";"25.46";"80.02";"16.10"
"2015";"5";"29";"5";"5";"3558";"229.";"7.7";"9.2";"76.";"7.";"72.70";"64.89";"56.96"
"2015";"5";"29";"5";"6";"3559";"228.";"8.3";"9.1";"73.";"7.";"137.73";"88.74";"104.66"
"2015";"5";"29";"5";"7";"3560";"225.";"8.8";"10.6";"72.";"6.";"259.82";"178.12";"171.07"
"2015";"5";"29";"5";"8";"3561";"224.";"8.9";"11.1";"68.";"5.";"371.16";"297.84";"189.23"
"2015";"5";"29";"5";"9";"3562";"225.";"7.5";"11.9";"65.";"5.";"460.71";"296.60";"252.27"
"2015";"5";"29";"5";"10";"3563";"224.";"7.4";"12.8";"62.";"6.";"412.97";"214.72";"248.10"
"2015";"5";"29";"5";"11";"3564";"215.";"7.2";"10.9";"66.";"7.";"240.13";"57.95";"193.69"
"2015";"5";"29";"5";"12";"3565";"202.";"7.3";"10.5";"72.";"7.";"250.68";"72.18";"192.84"
"2015";"5";"29";"5";"13";"3566";"195.";"7.1";"10.9";"71.";"7.";"403.88";"109.19";"320.04"
"2015";"5";"29";"5";"14";"3567";"193.";"7.1";"10.7";"69.";"7.";"360.39";"100.85";"289.51"
"2015";"5";"29";"5";"15";"3568";"191.";"6.5";"11.0";"69.";"7.";"203.13";"72.57";"158.79"
"2015";"5";"29";"5";"16";"3569";"189.";"6.3";"11.5";"67.";"7.";"221.18";"96.77";"172.97"
"2015";"5";"29";"5";"17";"3570";"192.";"5.7";"11.1";"66.";"8.";"103.22";"0.00";"103.22"
"2015";"5";"29";"5";"18";"3571";"173.";"5.6";"10.7";"69.";"8.";"78.46";"0.00";"78.46"
"2015";"5";"29";"5";"19";"3572";"160.";"5.9";"10.3";"74.";"7.";"18.79";"28.52";"15.45"
"2015";"5";"29";"5";"20";"3573";"156.";"5.5";"9.5";"77.";"7.";"0.00";"0.00";"0.00"
"2015";"5";"29";"5";"21";"3574";"158.";"5.2";"9.1";"82.";"8.";"0.00";"0.00";"0.00"
"2015";"5";"29";"5";"22";"3575";"145.";"5.1";"9.0";"81.";"8.";"0.00";"0.00";"0.00"
"2015";"5";"29";"5";"23";"3576";"140.";"5.7";"9.0";"81.";"8.";"0.00";"0.00";"0.00"
"2015";"5";"30";"6";"0";"3577";"137.";"6.1";"9.7";"76.";"8.";"0.00";"0.00";"0.00"
"2015";"5";"30";"6";"1";"3578";"127.";"6.5";"9.4";"80.";"8.";"0.00";"0.00";"0.00"
"2015";"5";"30";"6";"2";"3579";"122.";"7.1";"8.6";"85.";"8.";"0.00";"0.00";"0.00"
"2015";"5";"30";"6";"3";"3580";"132.";"7.2";"8.3";"88.";"8.";"0.00";"0.00";"0.00"
"2015";"5";"30";"6";"4";"3581";"131.";"6.8";"8.3";"88.";"8.";"6.88";"0.00";"6.88"
"2015";"5";"30";"6";"5";"3582";"119.";"6.1";"8.6";"89.";"8.";"29.99";"0.00";"29.99"
"2015";"5";"30";"6";"6";"3583";"136.";"3.8";"8.7";"91.";"7.";"83.29";"42.29";"67.44"
"2015";"5";"30";"6";"7";"3584";"165.";"4.7";"10.3";"90.";"7.";"190.98";"82.24";"149.84"
"2015";"5";"30";"6";"8";"3585";"193.";"5.4";"11.2";"82.";"6.";"306.28";"179.67";"196.19"
"2015";"5";"30";"6";"9";"3586";"170.";"5.8";"9.9";"83.";"7.";"176.35";"41.50";"147.11"
"2015";"5";"30";"6";"10";"3587";"248.";"4.9";"10.8";"82.";"7.";"239.49";"68.65";"186.66"
"2015";"5";"30";"6";"11";"3588";"265.";"6.1";"10.3";"80.";"7.";"226.75";"69.52";"170.91"
"2015";"5";"30";"6";"12";"3589";"265.";"7.3";"10.0";"80.";"7.";"225.94";"68.10";"171.25"
"2015";"5";"30";"6";"13";"3590";"261.";"6.9";"10.4";"74.";"7.";"348.36";"120.04";"255.98"
"2015";"5";"30";"6";"14";"3591";"260.";"8.3";"10.7";"67.";"7.";"339.21";"110.10";"261.63"
"2015";"5";"30";"6";"15";"3592";"258.";"9.3";"11.6";"64.";"6.";"343.28";"212.72";"212.93"
"2015";"5";"30";"6";"16";"3593";"257.";"9.4";"11.3";"57.";"5.";"315.66";"294.13";"168.51"
"2015";"5";"30";"6";"17";"3594";"253.";"8.9";"11.3";"57.";"5.";"202.09";"252.03";"107.62"
"2015";"5";"30";"6";"18";"3595";"251.";"9.2";"10.8";"61.";"5.";"109.96";"199.36";"61.12"
"2015";"5";"30";"6";"19";"3596";"246.";"8.7";"10.3";"61.";"5.";"29.42";"92.77";"18.34"
"2015";"5";"30";"6";"20";"3597";"244.";"9.0";"9.6";"70.";"5.";"0.00";"0.00";"0.00"
"2015";"5";"30";"6";"21";"3598";"240.";"8.6";"9.1";"75.";"6.";"0.00";"0.00";"0.00"
"2015";"5";"30";"6";"22";"3599";"235.";"8.2";"8.9";"76.";"7.";"0.00";"0.00";"0.00"
"2015";"5";"30";"6";"23";"3600";"236.";"8.1";"8.9";"77.";"7.";"0.00";"0.00";"0.00"
"2015";"5";"31";"7";"0";"3601";"236.";"7.8";"9.0";"77.";"7.";"0.00";"0.00";"0.00"
"2015";"5";"31";"7";"1";"3602";"242.";"8.1";"9.0";"76.";"7.";"0.00";"0.00";"0.00"
"2015";"5";"31";"7";"2";"3603";"238.";"7.8";"8.7";"76.";"7.";"0.00";"0.00";"0.00"
"2015";"5";"31";"7";"3";"3604";"235.";"7.5";"8.7";"76.";"7.";"0.00";"0.00";"0.00"
"2015";"5";"31";"7";"4";"3605";"238.";"7.6";"8.9";"77.";"6.";"23.94";"60.55";"16.57"
"2015";"5";"31";"7";"5";"3606";"242.";"7.8";"9.3";"74.";"5.";"118.22";"204.88";"67.58"
"2015";"5";"31";"7";"6";"3607";"246.";"8.6";"9.9";"69.";"5.";"201.83";"249.99";"107.60"
"2015";"5";"31";"7";"7";"3608";"245.";"8.4";"10.2";"68.";"6.";"249.62";"195.63";"151.37"
"2015";"5";"31";"7";"8";"3609";"242.";"8.3";"10.8";"67.";"7.";"286.49";"103.08";"223.13"
"2015";"5";"31";"7";"9";"3610";"241.";"8.1";"11.4";"65.";"5.";"441.56";"310.50";"222.25"
"2015";"5";"31";"7";"10";"3611";"236.";"7.7";"12.1";"59.";"6.";"452.67";"217.28";"285.11"
"2015";"5";"31";"7";"11";"3612";"231.";"7.3";"12.7";"62.";"5.";"544.35";"321.22";"285.85"
"2015";"5";"31";"7";"12";"3613";"234.";"7.0";"13.2";"57.";"6.";"471.48";"223.52";"291.60"
"2015";"5";"31";"7";"13";"3614";"226.";"6.5";"14.1";"57.";"6.";"456.31";"229.47";"279.35"
"2015";"5";"31";"7";"14";"3615";"203.";"6.8";"14.5";"51.";"5.";"443.02";"313.98";"221.26"
"2015";"5";"31";"7";"15";"3616";"194.";"8.0";"14.2";"56.";"3.";"481.12";"504.08";"171.32"
"2015";"5";"31";"7";"16";"3617";"196.";"8.2";"13.5";"64.";"5.";"305.18";"270.58";"169.29"
"2015";"5";"31";"7";"17";"3618";"189.";"8.0";"13.2";"67.";"6.";"206.07";"163.55";"144.42"
"2015";"5";"31";"7";"18";"3619";"182.";"7.2";"12.7";"66.";"8.";"86.78";"0.00";"86.78"
"2015";"5";"31";"7";"19";"3620";"177.";"6.0";"12.4";"69.";"7.";"17.09";"24.91";"14.06"
"2015";"5";"31";"7";"20";"3621";"160.";"6.3";"11.5";"81.";"8.";"0.00";"0.00";"0.00"
"2015";"5";"31";"7";"21";"3622";"143.";"7.8";"10.7";"87.";"7.";"0.00";"0.00";"0.00"
"2015";"5";"31";"7";"22";"3623";"152.";"8.6";"10.8";"92.";"7.";"0.00";"0.00";"0.00"
"2015";"5";"31";"7";"23";"3624";"167.";"10.0";"11.2";"93.";"8.";"0.00";"0.00";"0.00"
"2015";"6";"1";"1";"0";"3625";"177.";"10.9";"11.5";"93.";"8.";"0.00";"0.00";"0.00"
"2015";"6";"1";"1";"1";"3626";"199.";"10.1";"12.3";"94.";"8.";"0.00";"0.00";"0.00"
"2015";"6";"1";"1";"2";"3627";"222.";"9.3";"11.9";"94.";"8.";"0.00";"0.00";"0.00"
"2015";"6";"1";"1";"3";"3628";"238.";"8.2";"10.3";"90.";"7.";"0.00";"0.00";"0.00"
"2015";"6";"1";"1";"4";"3629";"234.";"7.6";"10.0";"87.";"8.";"8.29";"0.00";"8.29"
"2015";"6";"1";"1";"5";"3630";"246.";"8.8";"9.8";"78.";"6.";"90.03";"113.12";"61.83"
"2015";"6";"1";"1";"6";"3631";"240.";"7.6";"10.2";"70.";"4.";"225.86";"290.77";"115.68"
"2015";"6";"1";"1";"7";"3632";"242.";"8.4";"11.0";"66.";"6.";"240.86";"161.49";"159.45"
"2015";"6";"1";"1";"8";"3633";"243.";"8.4";"11.5";"67.";"6.";"359.72";"180.06";"248.74"
"2015";"6";"1";"1";"9";"3634";"230.";"8.9";"12.1";"62.";"5.";"463.99";"294.88";"255.22"
"2015";"6";"1";"1";"10";"3635";"235.";"9.5";"12.6";"61.";"4.";"569.55";"357.99";"292.91"
"2015";"6";"1";"1";"11";"3636";"233.";"8.8";"13.1";"47.";"3.";"692.68";"517.30";"275.57"
"2015";"6";"1";"1";"12";"3637";"232.";"8.6";"13.7";"44.";"5.";"514.77";"311.26";"263.80"
"2015";"6";"1";"1";"13";"3638";"231.";"8.2";"13.8";"46.";"7.";"371.60";"101.76";"292.96"
"2015";"6";"1";"1";"14";"3639";"236.";"8.1";"14.5";"44.";"5.";"469.81";"306.03";"253.15"
"2015";"6";"1";"1";"15";"3640";"239.";"7.5";"14.7";"42.";"5.";"401.28";"302.85";"214.63"
"2015";"6";"1";"1";"16";"3641";"239.";"6.9";"13.2";"47.";"4.";"373.35";"368.21";"187.74"
"2015";"6";"1";"1";"17";"3642";"238.";"5.8";"12.9";"49.";"4.";"268.87";"323.11";"146.44"
"2015";"6";"1";"1";"18";"3643";"240.";"5.5";"11.0";"66.";"6.";"123.28";"132.80";"90.17"
"2015";"6";"1";"1";"19";"3644";"229.";"4.7";"10.7";"67.";"5.";"30.17";"97.84";"18.03"
"2015";"6";"1";"1";"20";"3645";"210.";"4.1";"10.0";"71.";"4.";"0.00";"0.00";"0.00"
"2015";"6";"1";"1";"21";"3646";"215.";"4.3";"8.9";"79.";"3.";"0.00";"0.00";"0.00"
"2015";"6";"1";"1";"22";"3647";"200.";"4.5";"8.0";"81.";"2.";"0.00";"0.00";"0.00"
"2015";"6";"1";"1";"23";"3648";"199.";"5.2";"7.8";"76.";"3.";"0.00";"0.00";"0.00"
"2015";"6";"2";"2";"0";"3649";"198.";"5.2";"7.4";"78.";"6.";"0.00";"0.00";"0.00"
"2015";"6";"2";"2";"1";"3650";"191.";"5.9";"7.0";"79.";"7.";"0.00";"0.00";"0.00"
"2015";"6";"2";"2";"2";"3651";"176.";"5.7";"7.7";"78.";"8.";"0.00";"0.00";"0.00"
"2015";"6";"2";"2";"3";"3652";"158.";"6.1";"8.0";"84.";"7.";"0.00";"0.00";"0.00"
"2015";"6";"2";"2";"4";"3653";"151.";"6.3";"8.9";"78.";"7.";"29.41";"31.91";"25.38"
"2015";"6";"2";"2";"5";"3654";"146.";"7.0";"9.9";"72.";"7.";"101.30";"67.76";"84.27"
"2015";"6";"2";"2";"6";"3655";"142.";"7.2";"10.6";"73.";"8.";"102.99";"0.00";"102.99"
"2015";"6";"2";"2";"7";"3656";"157.";"7.4";"10.6";"79.";"8.";"97.50";"0.00";"97.50"
"2015";"6";"2";"2";"8";"3657";"153.";"8.7";"10.5";"83.";"8.";"116.22";"0.00";"116.22"
"2015";"6";"2";"2";"9";"3658";"165.";"9.6";"10.6";"86.";"7.";"191.29";"35.39";"166.18"
"2015";"6";"2";"2";"10";"3659";"162.";"10.8";"10.9";"73.";"8.";"133.10";"0.00";"133.10"
"2015";"6";"2";"2";"11";"3660";"161.";"11.7";"11.1";"74.";"8.";"164.36";"0.00";"164.36"
"2015";"6";"2";"2";"12";"3661";"173.";"12.8";"11.4";"72.";"7.";"198.99";"34.48";"171.14"
"2015";"6";"2";"2";"13";"3662";"179.";"12.8";"11.6";"72.";"8.";"128.42";"0.00";"128.42"
"2015";"6";"2";"2";"14";"3663";"183.";"12.4";"11.7";"69.";"8.";"121.15";"0.00";"121.15"
"2015";"6";"2";"2";"15";"3664";"193.";"11.9";"11.9";"69.";"7.";"171.10";"44.15";"143.81"
"2015";"6";"2";"2";"16";"3665";"193.";"10.7";"11.9";"71.";"8.";"88.72";"0.00";"88.72"
"2015";"6";"2";"2";"17";"3666";"196.";"10.3";"12.0";"72.";"8.";"54.97";"0.00";"54.97"
"2015";"6";"2";"2";"18";"3667";"210.";"11.2";"11.7";"74.";"8.";"28.70";"0.00";"28.70"
"2015";"6";"2";"2";"19";"3668";"217.";"11.0";"10.3";"74.";"8.";"8.26";"0.00";"8.26"
"2015";"6";"2";"2";"20";"3669";"218.";"8.3";"9.5";"74.";"7.";"0.00";"0.00";"0.00"
"2015";"6";"2";"2";"21";"3670";"207.";"5.3";"9.4";"73.";"8.";"0.00";"0.00";"0.00"
"2015";"6";"2";"2";"22";"3671";"196.";"6.0";"10.4";"73.";"8.";"0.00";"0.00";"0.00"
"2015";"6";"2";"2";"23";"3672";"214.";"7.2";"11.9";"72.";"7.";"0.00";"0.00";"0.00"
"2015";"6";"3";"3";"0";"3673";"220.";"5.8";"11.4";"73.";"8.";"0.00";"0.00";"0.00"
"2015";"6";"3";"3";"1";"3674";"230.";"6.2";"11.5";"67.";"7.";"0.00";"0.00";"0.00"
"2015";"6";"3";"3";"2";"3675";"226.";"9.7";"11.6";"69.";"7.";"0.00";"0.00";"0.00"
"2015";"6";"3";"3";"3";"3676";"224.";"9.2";"11.1";"66.";"6.";"0.00";"0.00";"0.00"
"2015";"6";"3";"3";"4";"3677";"224.";"9.0";"11.4";"66.";"4.";"36.30";"100.78";"23.36"
"2015";"6";"3";"3";"5";"3678";"229.";"9.6";"11.6";"63.";"6.";"91.62";"104.10";"65.25"
"2015";"6";"3";"3";"6";"3679";"240.";"10.0";"11.2";"61.";"7.";"133.83";"65.20";"108.88"
"2015";"6";"3";"3";"7";"3680";"242.";"8.9";"11.6";"62.";"7.";"233.71";"75.73";"195.27"
"2015";"6";"3";"3";"8";"3681";"244.";"8.9";"11.8";"56.";"7.";"247.98";"80.81";"197.91"
"2015";"6";"3";"3";"9";"3682";"246.";"8.2";"12.2";"53.";"7.";"297.57";"91.75";"232.33"
"2015";"6";"3";"3";"10";"3683";"248.";"8.6";"11.8";"53.";"7.";"360.35";"92.43";"288.65"
"2015";"6";"3";"3";"11";"3684";"248.";"8.7";"11.6";"55.";"8.";"258.32";"0.00";"258.32"
"2015";"6";"3";"3";"12";"3685";"249.";"8.9";"12.0";"55.";"7.";"369.83";"78.25";"306.51"
"2015";"6";"3";"3";"13";"3686";"253.";"9.9";"12.8";"53.";"6.";"439.71";"192.25";"290.58"
"2015";"6";"3";"3";"14";"3687";"253.";"9.9";"13.1";"52.";"6.";"394.36";"181.52";"265.29"
"2015";"6";"3";"3";"15";"3688";"252.";"10.4";"13.0";"51.";"4.";"418.42";"332.25";"212.56"
"2015";"6";"3";"3";"16";"3689";"255.";"10.4";"12.2";"54.";"5.";"286.37";"234.46";"167.36"
"2015";"6";"3";"3";"17";"3690";"256.";"9.9";"12.2";"55.";"5.";"197.70";"202.51";"120.21"
"2015";"6";"3";"3";"18";"3691";"258.";"9.4";"11.3";"55.";"3.";"140.46";"248.94";"77.40"
"2015";"6";"3";"3";"19";"3692";"259.";"9.0";"10.8";"58.";"2.";"46.34";"151.94";"26.84"
"2015";"6";"3";"3";"20";"3693";"261.";"9.0";"10.4";"63.";"2.";"0.00";"0.00";"0.00"
"2015";"6";"3";"3";"21";"3694";"263.";"8.6";"10.1";"65.";"3.";"0.00";"0.00";"0.00"
"2015";"6";"3";"3";"22";"3695";"266.";"8.6";"9.9";"66.";"4.";"0.00";"0.00";"0.00"
"2015";"6";"3";"3";"23";"3696";"270.";"8.3";"9.8";"68.";"4.";"0.00";"0.00";"0.00"
"2015";"6";"4";"4";"0";"3697";"274.";"7.8";"9.7";"68.";"3.";"0.00";"0.00";"0.00"
"2015";"6";"4";"4";"1";"3698";"278.";"7.5";"9.6";"67.";"4.";"0.00";"0.00";"0.00"
"2015";"6";"4";"4";"2";"3699";"277.";"7.4";"9.5";"66.";"4.";"0.00";"0.00";"0.00"
"2015";"6";"4";"4";"3";"3700";"279.";"6.5";"9.5";"66.";"2.";"0.00";"0.00";"0.00"
"2015";"6";"4";"4";"4";"3701";"278.";"6.3";"9.6";"65.";"2.";"48.66";"179.17";"25.31"
"2015";"6";"4";"4";"5";"3702";"279.";"7.2";"10.0";"61.";"3.";"125.81";"255.28";"60.68"
"2015";"6";"4";"4";"6";"3703";"278.";"6.6";"10.3";"59.";"5.";"204.31";"227.98";"116.68"
"2015";"6";"4";"4";"7";"3704";"278.";"6.8";"10.8";"60.";"5.";"293.99";"262.75";"160.20"
"2015";"6";"4";"4";"8";"3705";"277.";"7.0";"11.8";"54.";"4.";"436.72";"403.69";"185.99"
"2015";"6";"4";"4";"9";"3706";"275.";"7.0";"12.7";"52.";"3.";"564.89";"477.32";"224.81"
"2015";"6";"4";"4";"10";"3707";"272.";"7.3";"13.1";"51.";"2.";"706.82";"664.42";"190.50"
"2015";"6";"4";"4";"11";"3708";"269.";"7.5";"13.4";"49.";"1.";"804.24";"763.77";"185.18"
"2015";"6";"4";"4";"12";"3709";"268.";"7.1";"13.9";"48.";"1.";"805.17";"769.30";"181.63"
"2015";"6";"4";"4";"13";"3710";"267.";"6.6";"14.5";"43.";"1.";"767.48";"758.40";"178.14"
"2015";"6";"4";"4";"14";"3711";"267.";"6.0";"14.6";"40.";"0.";"757.80";"901.92";"115.20"
"2015";"6";"4";"4";"15";"3712";"263.";"5.8";"15.0";"39.";"0.";"642.42";"854.54";"111.66"
"2015";"6";"4";"4";"16";"3713";"267.";"5.5";"15.0";"39.";"0.";"521.20";"853.71";"86.50"
"2015";"6";"4";"4";"17";"3714";"264.";"4.6";"14.4";"41.";"2.";"315.49";"558.35";"100.87"
"2015";"6";"4";"4";"18";"3715";"263.";"4.6";"14.0";"45.";"3.";"167.33";"365.69";"74.02"
"2015";"6";"4";"4";"19";"3716";"257.";"3.5";"12.6";"51.";"0.";"62.93";"325.20";"20.54"
"2015";"6";"4";"4";"20";"3717";"246.";"3.3";"11.1";"57.";"0.";"0.00";"0.00";"0.00"
"2015";"6";"4";"4";"21";"3718";"229.";"2.6";"10.1";"62.";"0.";"0.00";"0.00";"0.00"
"2015";"6";"4";"4";"22";"3719";"236.";"2.9";"9.3";"64.";"0.";"0.00";"0.00";"0.00"
"2015";"6";"4";"4";"23";"3720";"245.";"2.7";"9.0";"65.";"0.";"0.00";"0.00";"0.00"
"2015";"6";"5";"5";"0";"3721";"244.";"2.6";"8.6";"64.";"0.";"0.00";"0.00";"0.00"
"2015";"6";"5";"5";"1";"3722";"248.";"2.8";"8.3";"71.";"1.";"0.00";"0.00";"0.00"
"2015";"6";"5";"5";"2";"3723";"245.";"2.4";"8.1";"70.";"1.";"0.00";"0.00";"0.00"
"2015";"6";"5";"5";"3";"3724";"239.";"2.1";"7.8";"75.";"5.";"0.00";"0.00";"0.00"
"2015";"6";"5";"5";"4";"3725";"229.";"2.0";"8.7";"73.";"6.";"43.87";"70.65";"34.53"
"2015";"6";"5";"5";"5";"3726";"237.";"1.4";"10.4";"67.";"5.";"154.47";"212.66";"99.84"
"2015";"6";"5";"5";"6";"3727";"245.";"1.6";"11.7";"60.";"6.";"259.94";"181.67";"189.81"
"2015";"6";"5";"5";"7";"3728";"233.";"2.3";"12.1";"55.";"6.";"384.48";"212.47";"275.96"
"2015";"6";"5";"5";"8";"3729";"214.";"2.6";"13.2";"50.";"4.";"537.17";"442.79";"261.51"
"2015";"6";"5";"5";"9";"3730";"203.";"3.2";"14.7";"45.";"3.";"662.15";"570.06";"255.22"
"2015";"6";"5";"5";"10";"3731";"194.";"3.6";"15.8";"39.";"1.";"779.86";"815.86";"144.80"
"2015";"6";"5";"5";"11";"3732";"204.";"4.2";"16.4";"40.";"1.";"849.28";"833.55";"172.61"
"2015";"6";"5";"5";"12";"3733";"195.";"4.4";"17.3";"41.";"0.";"875.55";"921.26";"127.67"
"2015";"6";"5";"5";"13";"3734";"199.";"4.3";"17.9";"38.";"0.";"829.83";"884.74";"141.17"
"2015";"6";"5";"5";"14";"3735";"192.";"4.4";"18.0";"34.";"4.";"579.27";"456.71";"253.26"
"2015";"6";"5";"5";"15";"3736";"181.";"4.2";"19.0";"30.";"3.";"556.59";"507.73";"240.51"
"2015";"6";"5";"5";"16";"3737";"166.";"4.7";"18.9";"28.";"3.";"430.45";"519.22";"165.26"
"2015";"6";"5";"5";"17";"3738";"147.";"3.3";"18.5";"31.";"7.";"252.89";"96.09";"215.80"
"2015";"6";"5";"5";"18";"3739";"151.";"4.2";"17.9";"33.";"8.";"133.71";"0.00";"133.71"
"2015";"6";"5";"5";"19";"3740";"151.";"3.9";"17.3";"36.";"8.";"31.93";"0.00";"31.93"
"2015";"6";"5";"5";"20";"3741";"165.";"3.4";"16.3";"40.";"8.";"0.00";"0.00";"0.00"
"2015";"6";"5";"5";"21";"3742";"161.";"3.5";"15.4";"46.";"8.";"0.00";"0.00";"0.00"
"2015";"6";"5";"5";"22";"3743";"149.";"3.7";"15.6";"46.";"8.";"0.00";"0.00";"0.00"
"2015";"6";"5";"5";"23";"3744";"144.";"3.7";"15.2";"48.";"8.";"0.00";"0.00";"0.00"
"2015";"6";"6";"6";"0";"3745";"139.";"4.0";"15.3";"48.";"7.";"0.00";"0.00";"0.00"
"2015";"6";"6";"6";"1";"3746";"137.";"4.6";"15.0";"48.";"8.";"0.00";"0.00";"0.00"
"2015";"6";"6";"6";"2";"3747";"138.";"4.5";"14.7";"46.";"7.";"0.00";"0.00";"0.00"
"2015";"6";"6";"6";"3";"3748";"133.";"4.9";"14.6";"41.";"8.";"0.00";"0.00";"0.00"
"2015";"6";"6";"6";"4";"3749";"136.";"4.9";"14.7";"44.";"7.";"32.38";"41.05";"26.88"
"2015";"6";"6";"6";"5";"3750";"160.";"3.8";"14.3";"47.";"8.";"96.86";"0.00";"96.86"
"2015";"6";"6";"6";"6";"3751";"155.";"5.7";"14.6";"47.";"8.";"141.66";"0.00";"141.66"
"2015";"6";"6";"6";"7";"3752";"156.";"8.0";"15.4";"45.";"7.";"232.31";"103.52";"179.29"
"2015";"6";"6";"6";"8";"3753";"174.";"8.7";"16.4";"52.";"7.";"273.22";"83.06";"221.40"
"2015";"6";"6";"6";"9";"3754";"178.";"7.8";"17.5";"53.";"8.";"221.75";"0.00";"221.75"
"2015";"6";"6";"6";"10";"3755";"193.";"6.8";"16.4";"49.";"8.";"287.85";"0.00";"287.85"
"2015";"6";"6";"6";"11";"3756";"203.";"5.6";"16.4";"55.";"8.";"256.02";"0.00";"256.02"
"2015";"6";"6";"6";"12";"3757";"238.";"5.7";"16.2";"58.";"8.";"251.35";"0.00";"251.35"
"2015";"6";"6";"6";"13";"3758";"263.";"6.7";"14.9";"57.";"7.";"361.48";"88.58";"292.43"
"2015";"6";"6";"6";"14";"3759";"265.";"8.0";"16.2";"52.";"5.";"477.95";"315.88";"252.06"
"2015";"6";"6";"6";"15";"3760";"269.";"7.3";"16.3";"42.";"1.";"611.63";"709.88";"168.75"
"2015";"6";"6";"6";"16";"3761";"263.";"5.6";"16.1";"40.";"0.";"499.97";"754.10";"113.74"
"2015";"6";"6";"6";"17";"3762";"266.";"6.2";"15.4";"41.";"0.";"351.32";"682.17";"86.93"
"2015";"6";"6";"6";"18";"3763";"260.";"5.2";"14.3";"45.";"0.";"200.98";"572.89";"52.83"
"2015";"6";"6";"6";"19";"3764";"254.";"5.1";"13.1";"48.";"2.";"55.63";"238.19";"23.72"
"2015";"6";"6";"6";"20";"3765";"247.";"6.8";"12.5";"52.";"2.";"0.00";"0.00";"0.00"
"2015";"6";"6";"6";"21";"3766";"229.";"6.2";"11.5";"53.";"2.";"0.00";"0.00";"0.00"
"2015";"6";"6";"6";"22";"3767";"223.";"7.0";"11.4";"54.";"3.";"0.00";"0.00";"0.00"
"2015";"6";"6";"6";"23";"3768";"221.";"7.5";"11.9";"56.";"6.";"0.00";"0.00";"0.00"
"2015";"6";"7";"7";"0";"3769";"222.";"8.3";"11.8";"58.";"7.";"0.00";"0.00";"0.00"
"2015";"6";"7";"7";"1";"3770";"223.";"8.4";"11.8";"59.";"7.";"0.00";"0.00";"0.00"
"2015";"6";"7";"7";"2";"3771";"220.";"8.2";"11.2";"83.";"6.";"0.00";"0.00";"0.00"
"2015";"6";"7";"7";"3";"3772";"225.";"8.3";"11.5";"63.";"5.";"0.00";"0.00";"0.00"
"2015";"6";"7";"7";"4";"3773";"221.";"8.1";"11.8";"62.";"6.";"29.87";"58.27";"21.97"
"2015";"6";"7";"7";"5";"3774";"225.";"8.3";"12.2";"61.";"7.";"86.22";"54.98";"71.91"
"2015";"6";"7";"7";"6";"3775";"225.";"7.9";"12.0";"58.";"7.";"154.12";"70.31";"126.77"
"2015";"6";"7";"7";"7";"3776";"226.";"7.8";"12.0";"58.";"8.";"147.51";"0.00";"147.51"
"2015";"6";"7";"7";"8";"3777";"232.";"7.5";"12.6";"57.";"7.";"254.14";"88.20";"199.00"
"2015";"6";"7";"7";"9";"3778";"229.";"7.6";"12.9";"55.";"8.";"223.15";"0.00";"223.15"
"2015";"6";"7";"7";"10";"3779";"230.";"7.1";"13.6";"53.";"7.";"357.52";"87.67";"289.08"
"2015";"6";"7";"7";"11";"3780";"233.";"7.2";"14.4";"52.";"7.";"381.04";"95.76";"303.08"
"2015";"6";"7";"7";"12";"3781";"241.";"6.9";"15.1";"49.";"6.";"466.65";"190.17";"311.82"
"2015";"6";"7";"7";"13";"3782";"248.";"6.6";"14.9";"43.";"5.";"516.52";"288.52";"291.26"
"2015";"6";"7";"7";"14";"3783";"249.";"6.7";"15.0";"49.";"6.";"401.50";"182.89";"270.49"
"2015";"6";"7";"7";"15";"3784";"249.";"7.7";"14.6";"49.";"4.";"422.12";"335.56";"212.33"
"2015";"6";"7";"7";"16";"3785";"250.";"7.9";"13.9";"49.";"3.";"400.60";"443.81";"172.68"
"2015";"6";"7";"7";"17";"3786";"247.";"7.5";"13.8";"50.";"3.";"280.76";"399.31";"125.41"
"2015";"6";"7";"7";"18";"3787";"252.";"8.5";"12.4";"49.";"1.";"181.19";"409.13";"74.75"
"2015";"6";"7";"7";"19";"3788";"251.";"8.0";"11.8";"57.";"2.";"52.53";"187.35";"27.11"
"2015";"6";"7";"7";"20";"3789";"254.";"7.8";"11.2";"59.";"4.";"0.00";"0.00";"0.00"
"2015";"6";"7";"7";"21";"3790";"258.";"8.4";"10.8";"60.";"4.";"0.00";"0.00";"0.00"
"2015";"6";"7";"7";"22";"3791";"257.";"7.8";"10.7";"61.";"5.";"0.00";"0.00";"0.00"
"2015";"6";"7";"7";"23";"3792";"262.";"8.0";"10.4";"60.";"5.";"0.00";"0.00";"0.00"
"2015";"6";"8";"1";"0";"3793";"266.";"7.4";"10.2";"62.";"3.";"0.00";"0.00";"0.00"
"2015";"6";"8";"1";"1";"3794";"270.";"7.0";"10.0";"61.";"4.";"0.00";"0.00";"0.00"
"2015";"6";"8";"1";"2";"3795";"270.";"7.0";"10.0";"61.";"4.";"0.00";"0.00";"0.00"
"2015";"6";"8";"1";"3";"3796";"277.";"6.6";"9.9";"59.";"3.";"0.00";"0.00";"0.00"
"2015";"6";"8";"1";"4";"3797";"281.";"6.9";"10.1";"57.";"5.";"40.35";"105.24";"25.91"
"2015";"6";"8";"1";"5";"3798";"282.";"6.6";"10.2";"57.";"6.";"101.34";"124.23";"68.84"
"2015";"6";"8";"1";"6";"3799";"282.";"6.3";"10.6";"57.";"7.";"158.54";"76.68";"128.60"
"2015";"6";"8";"1";"7";"3800";"284.";"5.9";"11.1";"53.";"7.";"204.99";"89.66";"158.83"
"2015";"6";"8";"1";"8";"3801";"285.";"4.9";"11.8";"54.";"7.";"260.14";"96.40";"199.75"
"2015";"6";"8";"1";"9";"3802";"270.";"4.1";"12.2";"53.";"6.";"382.70";"212.61";"230.17"
"2015";"6";"8";"1";"10";"3803";"265.";"3.6";"13.5";"50.";"4.";"575.94";"447.38";"226.16"
"2015";"6";"8";"1";"11";"3804";"260.";"3.7";"13.5";"49.";"4.";"634.19";"433.95";"280.45"
"2015";"6";"8";"1";"12";"3805";"260.";"3.4";"14.1";"46.";"1.";"813.45";"787.87";"171.20"
"2015";"6";"8";"1";"13";"3806";"268.";"3.3";"14.0";"46.";"2.";"713.70";"675.88";"185.28"
"2015";"6";"8";"1";"14";"3807";"273.";"3.2";"14.4";"46.";"3.";"611.69";"542.07";"222.78"
"2015";"6";"8";"1";"15";"3808";"285.";"3.0";"14.0";"41.";"3.";"477.47";"421.24";"213.61"
"2015";"6";"8";"1";"16";"3809";"297.";"2.9";"13.8";"50.";"5.";"308.01";"315.15";"145.76"
"2015";"6";"8";"1";"17";"3810";"305.";"2.9";"14.0";"46.";"6.";"183.02";"185.24";"110.70"
"2015";"6";"8";"1";"18";"3811";"313.";"3.1";"14.3";"50.";"6.";"112.49";"149.88";"73.28"
"2015";"6";"8";"1";"19";"3812";"323.";"2.2";"13.6";"52.";"4.";"51.20";"165.68";"28.46"
"2015";"6";"8";"1";"20";"3813";"315.";"1.7";"12.4";"54.";"1.";"0.00";"0.00";"0.00"
"2015";"6";"8";"1";"21";"3814";"336.";"1.3";"9.6";"62.";"1.";"0.00";"0.00";"0.00"
"2015";"6";"8";"1";"22";"3815";"318.";"1.2";"8.9";"65.";"2.";"0.00";"0.00";"0.00"
"2015";"6";"8";"1";"23";"3816";"340.";"0.9";"7.8";"67.";"1.";"0.00";"0.00";"0.00"
"2015";"6";"9";"2";"0";"3817";"19.";"0.5";"7.2";"70.";"4.";"0.00";"0.00";"0.00"
"2015";"6";"9";"2";"1";"3818";"52.";"0.5";"6.4";"71.";"1.";"0.00";"0.00";"0.00"
"2015";"6";"9";"2";"2";"3819";"94.";"0.5";"6.2";"72.";"0.";"0.00";"0.00";"0.00"
"2015";"6";"9";"2";"3";"3820";"48.";"1.4";"5.9";"71.";"4.";"0.00";"0.00";"0.00"
"2015";"6";"9";"2";"4";"3821";"51.";"1.4";"7.1";"70.";"3.";"59.12";"221.31";"28.42"
"2015";"6";"9";"2";"5";"3822";"62.";"1.4";"8.6";"63.";"1.";"200.02";"520.87";"63.02"
"2015";"6";"9";"2";"6";"3823";"76.";"1.2";"13.0";"55.";"0.";"357.95";"735.99";"69.65"
"2015";"6";"9";"2";"7";"3824";"88.";"1.5";"14.5";"41.";"0.";"530.14";"871.88";"80.22"
"2015";"6";"9";"2";"8";"3825";"8.";"0.5";"16.2";"30.";"2.";"558.72";"660.29";"144.39"
"2015";"6";"9";"2";"9";"3826";"352.";"1.0";"17.0";"26.";"2.";"659.47";"704.27";"153.46"
"2015";"6";"9";"2";"10";"3827";"329.";"1.3";"17.2";"26.";"1.";"783.50";"791.06";"164.22"
"2015";"6";"9";"2";"11";"3828";"296.";"2.8";"17.9";"25.";"3.";"691.50";"601.40";"200.66"
"2015";"6";"9";"2";"12";"3829";"291.";"4.7";"18.2";"27.";"5.";"606.50";"363.36";"309.94"
"2015";"6";"9";"2";"13";"3830";"291.";"5.1";"18.1";"28.";"2.";"776.20";"690.32";"235.79"
"2015";"6";"9";"2";"14";"3831";"294.";"5.6";"18.0";"29.";"4.";"556.24";"443.78";"237.39"
"2015";"6";"9";"2";"15";"3832";"295.";"5.6";"18.3";"29.";"2.";"557.88";"663.19";"141.73"
"2015";"6";"9";"2";"16";"3833";"299.";"4.6";"18.0";"27.";"0.";"519.32";"841.49";"85.09"
"2015";"6";"9";"2";"17";"3834";"299.";"4.3";"17.4";"29.";"1.";"341.46";"675.03";"77.04"
"2015";"6";"9";"2";"18";"3835";"299.";"3.3";"16.6";"31.";"0.";"218.63";"642.12";"49.74"
"2015";"6";"9";"2";"19";"3836";"298.";"2.4";"15.8";"32.";"0.";"78.58";"391.64";"24.26"
"2015";"6";"9";"2";"20";"3837";"293.";"1.2";"12.6";"38.";"0.";"0.00";"0.00";"0.00"
"2015";"6";"9";"2";"21";"3838";"258.";"0.6";"10.2";"46.";"1.";"0.00";"0.00";"0.00"
"2015";"6";"9";"2";"22";"3839";"207.";"0.9";"8.7";"51.";"2.";"0.00";"0.00";"0.00"
"2015";"6";"9";"2";"23";"3840";"214.";"1.7";"7.8";"55.";"1.";"0.00";"0.00";"0.00"
"2015";"6";"10";"3";"0";"3841";"212.";"2.4";"7.3";"60.";"0.";"0.00";"0.00";"0.00"
"2015";"6";"10";"3";"1";"3842";"207.";"3.2";"7.6";"64.";"2.";"0.00";"0.00";"0.00"
"2015";"6";"10";"3";"2";"3843";"199.";"3.2";"7.4";"65.";"0.";"0.00";"0.00";"0.00"
"2015";"6";"10";"3";"3";"3844";"209.";"3.2";"7.8";"61.";"2.";"0.00";"0.00";"0.00"
"2015";"6";"10";"3";"4";"3845";"211.";"3.8";"8.6";"59.";"3.";"66.96";"238.01";"33.62"
"2015";"6";"10";"3";"5";"3846";"227.";"4.5";"11.6";"56.";"1.";"199.07";"528.57";"59.36"
"2015";"6";"10";"3";"6";"3847";"231.";"5.1";"13.1";"48.";"5.";"271.64";"274.56";"163.76"
"2015";"6";"10";"3";"7";"3848";"237.";"5.4";"13.1";"49.";"6.";"277.29";"193.00";"177.48"
"2015";"6";"10";"3";"8";"3849";"243.";"5.5";"13.0";"49.";"6.";"401.44";"193.78";"279.64"
"2015";"6";"10";"3";"9";"3850";"241.";"5.1";"13.2";"51.";"5.";"502.64";"294.56";"290.71"
"2015";"6";"10";"3";"10";"3851";"241.";"5.6";"13.7";"49.";"6.";"444.78";"194.13";"292.63"
"2015";"6";"10";"3";"11";"3852";"248.";"6.2";"15.1";"48.";"5.";"555.37";"313.46";"299.26"
"2015";"6";"10";"3";"12";"3853";"249.";"5.5";"15.3";"45.";"3.";"720.68";"497.75";"313.98"
"2015";"6";"10";"3";"13";"3854";"256.";"5.1";"15.3";"41.";"7.";"567.73";"98.04";"490.89"
"2015";"6";"10";"3";"14";"3855";"257.";"4.9";"15.2";"44.";"4.";"618.55";"398.77";"331.65"
"2015";"6";"10";"3";"15";"3856";"245.";"4.4";"15.3";"42.";"3.";"551.09";"455.09";"265.05"
"2015";"6";"10";"3";"16";"3857";"252.";"4.7";"15.3";"37.";"0.";"495.84";"674.33";"147.12"
"2015";"6";"10";"3";"17";"3858";"249.";"4.5";"15.3";"39.";"0.";"349.75";"609.73";"110.18"
"2015";"6";"10";"3";"18";"3859";"246.";"4.5";"14.5";"36.";"0.";"202.94";"475.77";"77.20"
"2015";"6";"10";"3";"19";"3860";"254.";"4.4";"14.0";"45.";"0.";"68.39";"270.19";"30.54"
"2015";"6";"10";"3";"20";"3861";"260.";"3.9";"13.0";"47.";"0.";"0.00";"0.00";"0.00"
"2015";"6";"10";"3";"21";"3862";"267.";"4.6";"12.7";"48.";"0.";"0.00";"0.00";"0.00"
"2015";"6";"10";"3";"22";"3863";"272.";"3.8";"12.5";"50.";"0.";"0.00";"0.00";"0.00"
"2015";"6";"10";"3";"23";"3864";"274.";"3.7";"12.0";"51.";"0.";"0.00";"0.00";"0.00"
"2015";"6";"11";"4";"0";"3865";"281.";"3.9";"12.3";"59.";"0.";"0.00";"0.00";"0.00"
"2015";"6";"11";"4";"1";"3866";"282.";"3.3";"12.0";"60.";"0.";"0.00";"0.00";"0.00"
"2015";"6";"11";"4";"2";"3867";"286.";"4.2";"11.4";"60.";"0.";"0.00";"0.00";"0.00"
"2015";"6";"11";"4";"3";"3868";"289.";"4.0";"11.6";"57.";"0.";"0.00";"0.00";"0.00"
"2015";"6";"11";"4";"4";"3869";"292.";"4.1";"11.8";"52.";"2.";"63.57";"234.57";"30.41"
"2015";"6";"11";"4";"5";"3870";"287.";"3.7";"12.5";"52.";"3.";"166.79";"344.14";"75.42"
"2015";"6";"11";"4";"6";"3871";"276.";"3.8";"13.0";"42.";"4.";"250.08";"352.54";"111.17"
"2015";"6";"11";"4";"7";"3872";"265.";"3.4";"13.6";"37.";"3.";"413.48";"471.74";"169.03"
"2015";"6";"11";"4";"8";"3873";"262.";"3.5";"13.7";"37.";"1.";"600.11";"712.31";"151.72"
"2015";"6";"11";"4";"9";"3874";"246.";"3.6";"14.1";"46.";"3.";"612.50";"534.71";"227.30"
"2015";"6";"11";"4";"10";"3875";"252.";"4.0";"14.6";"40.";"3.";"644.59";"537.61";"222.76"
"2015";"6";"11";"4";"11";"3876";"249.";"4.2";"15.3";"43.";"4.";"670.04";"451.18";"301.02"
"2015";"6";"11";"4";"12";"3877";"238.";"4.1";"15.7";"46.";"4.";"637.21";"460.41";"260.64"
"2015";"6";"11";"4";"13";"3878";"243.";"4.1";"16.3";"38.";"2.";"767.18";"656.23";"252.27"
"2015";"6";"11";"4";"14";"3879";"246.";"4.0";"16.3";"36.";"0.";"761.67";"880.53";"127.36"
"2015";"6";"11";"4";"15";"3880";"241.";"3.5";"17.5";"42.";"0.";"641.20";"821.94";"123.80"
"2015";"6";"11";"4";"16";"3881";"229.";"3.2";"17.2";"39.";"0.";"508.02";"776.90";"105.45"
"2015";"6";"11";"4";"17";"3882";"217.";"2.9";"17.1";"39.";"0.";"356.35";"679.33";"88.68"
"2015";"6";"11";"4";"18";"3883";"224.";"3.3";"16.6";"39.";"0.";"209.02";"590.86";"52.15"
"2015";"6";"11";"4";"19";"3884";"199.";"2.7";"15.9";"47.";"0.";"67.32";"310.68";"23.41"
"2015";"6";"11";"4";"20";"3885";"199.";"2.6";"14.4";"48.";"0.";"0.00";"0.00";"0.00"
"2015";"6";"11";"4";"21";"3886";"193.";"2.6";"13.1";"52.";"0.";"0.00";"0.00";"0.00"
"2015";"6";"11";"4";"22";"3887";"212.";"2.6";"12.1";"45.";"0.";"0.00";"0.00";"0.00"
"2015";"6";"11";"4";"23";"3888";"217.";"2.8";"11.8";"56.";"0.";"0.00";"0.00";"0.00"
"2015";"6";"12";"5";"0";"3889";"225.";"2.4";"10.9";"52.";"0.";"0.00";"0.00";"0.00"
"2015";"6";"12";"5";"1";"3890";"219.";"1.9";"10.4";"54.";"0.";"0.00";"0.00";"0.00"
"2015";"6";"12";"5";"2";"3891";"201.";"1.4";"10.1";"53.";"0.";"0.00";"0.00";"0.00"
"2015";"6";"12";"5";"3";"3892";"178.";"2.1";"9.4";"61.";"0.";"0.00";"0.00";"0.00"
"2015";"6";"12";"5";"4";"3893";"182.";"2.4";"10.5";"54.";"1.";"64.74";"210.02";"34.81"
"2015";"6";"12";"5";"5";"3894";"182.";"2.7";"12.4";"55.";"0.";"194.95";"422.78";"82.24"
"2015";"6";"12";"5";"6";"3895";"184.";"2.4";"14.3";"52.";"0.";"339.58";"545.80";"123.97"
"2015";"6";"12";"5";"7";"3896";"201.";"2.6";"15.3";"49.";"0.";"495.16";"692.67";"135.58"
"2015";"6";"12";"5";"8";"3897";"204.";"3.2";"16.5";"45.";"0.";"639.79";"808.32";"130.24"
"2015";"6";"12";"5";"9";"3898";"213.";"3.7";"16.6";"42.";"0.";"750.85";"832.63";"150.35"
"2015";"6";"12";"5";"10";"3899";"217.";"3.6";"16.7";"37.";"0.";"820.13";"794.29";"196.26"
"2015";"6";"12";"5";"11";"3900";"214.";"3.6";"17.0";"36.";"0.";"859.56";"798.45";"205.88"
"2015";"6";"12";"5";"12";"3901";"216.";"3.5";"17.8";"36.";"0.";"870.90";"856.30";"169.86"
"2015";"6";"12";"5";"13";"3902";"219.";"3.2";"18.3";"32.";"0.";"831.63";"847.25";"166.16"
"2015";"6";"12";"5";"14";"3903";"233.";"3.2";"18.7";"36.";"0.";"758.54";"874.47";"127.86"
"2015";"6";"12";"5";"15";"3904";"252.";"2.2";"18.6";"35.";"0.";"648.16";"847.46";"113.94"
"2015";"6";"12";"5";"16";"3905";"247.";"2.4";"18.5";"30.";"0.";"513.12";"783.92";"106.16"
"2015";"6";"12";"5";"17";"3906";"245.";"3.1";"18.0";"32.";"0.";"361.11";"689.71";"88.64"
"2015";"6";"12";"5";"18";"3907";"242.";"3.5";"16.7";"30.";"0.";"213.46";"570.46";"61.38"
"2015";"6";"12";"5";"19";"3908";"234.";"2.8";"15.4";"37.";"1.";"73.57";"307.18";"29.79"
"2015";"6";"12";"5";"20";"3909";"220.";"1.8";"14.3";"42.";"0.";"0.00";"0.00";"0.00"
"2015";"6";"12";"5";"21";"3910";"205.";"1.4";"13.3";"55.";"1.";"0.00";"0.00";"0.00"
"2015";"6";"12";"5";"22";"3911";"192.";"1.7";"12.3";"59.";"0.";"0.00";"0.00";"0.00"
"2015";"6";"12";"5";"23";"3912";"176.";"2.0";"11.3";"59.";"0.";"0.00";"0.00";"0.00"
"2015";"6";"13";"6";"0";"3913";"180.";"2.1";"10.7";"61.";"1.";"0.00";"0.00";"0.00"
"2015";"6";"13";"6";"1";"3914";"179.";"2.0";"11.0";"47.";"4.";"0.00";"0.00";"0.00"
"2015";"6";"13";"6";"2";"3915";"192.";"2.1";"11.3";"45.";"4.";"0.00";"0.00";"0.00"
"2015";"6";"13";"6";"3";"3916";"188.";"2.0";"11.2";"42.";"5.";"0.00";"0.00";"0.00"
"2015";"6";"13";"6";"4";"3917";"196.";"2.2";"11.5";"48.";"4.";"57.67";"157.17";"35.10"
"2015";"6";"13";"6";"5";"3918";"201.";"2.5";"13.2";"51.";"5.";"165.43";"218.93";"106.85"
"2015";"6";"13";"6";"6";"3919";"215.";"3.2";"14.2";"44.";"4.";"305.00";"375.75";"156.21"
"2015";"6";"13";"6";"7";"3920";"220.";"3.7";"15.2";"39.";"7.";"358.46";"104.81";"303.96"
"2015";"6";"13";"6";"8";"3921";"213.";"3.1";"16.4";"39.";"5.";"511.88";"326.69";"305.67"
"2015";"6";"13";"6";"9";"3922";"224.";"3.9";"16.9";"42.";"5.";"599.49";"330.48";"360.89"
"2015";"6";"13";"6";"10";"3923";"232.";"3.6";"17.6";"38.";"7.";"585.62";"114.12";"495.91"
"2015";"6";"13";"6";"11";"3924";"231.";"3.1";"18.0";"38.";"7.";"579.64";"116.60";"484.10"
"2015";"6";"13";"6";"12";"3925";"239.";"3.0";"18.0";"33.";"8.";"575.15";"0.00";"575.15"
"2015";"6";"13";"6";"13";"3926";"255.";"2.5";"17.4";"32.";"8.";"450.84";"0.00";"450.84"
"2015";"6";"13";"6";"14";"3927";"256.";"2.6";"17.0";"35.";"8.";"315.50";"0.00";"315.50"
"2015";"6";"13";"6";"15";"3928";"266.";"2.1";"15.9";"38.";"8.";"199.24";"0.00";"199.24"
"2015";"6";"13";"6";"16";"3929";"308.";"1.2";"15.0";"36.";"7.";"234.45";"103.18";"180.80"
"2015";"6";"13";"6";"17";"3930";"12.";"1.4";"15.4";"46.";"7.";"171.53";"98.68";"132.46"
"2015";"6";"13";"6";"18";"3931";"7.";"1.7";"14.8";"34.";"8.";"63.68";"0.00";"63.68"
"2015";"6";"13";"6";"19";"3932";"348.";"2.4";"13.9";"35.";"8.";"23.18";"0.00";"23.18"
"2015";"6";"13";"6";"20";"3933";"355.";"2.4";"12.8";"36.";"8.";"0.00";"0.00";"0.00"
"2015";"6";"13";"6";"21";"3934";"357.";"2.4";"12.0";"46.";"8.";"0.00";"0.00";"0.00"
"2015";"6";"13";"6";"22";"3935";"12.";"2.2";"11.5";"39.";"8.";"0.00";"0.00";"0.00"
"2015";"6";"13";"6";"23";"3936";"355.";"1.8";"11.6";"36.";"8.";"0.00";"0.00";"0.00"
"2015";"6";"14";"7";"0";"3937";"326.";"2.1";"11.7";"38.";"8.";"0.00";"0.00";"0.00"
"2015";"6";"14";"7";"1";"3938";"310.";"2.0";"11.8";"37.";"7.";"0.00";"0.00";"0.00"
"2015";"6";"14";"7";"2";"3939";"292.";"2.9";"11.8";"37.";"7.";"0.00";"0.00";"0.00"
"2015";"6";"14";"7";"3";"3940";"257.";"3.0";"11.8";"46.";"8.";"0.00";"0.00";"0.00"
"2015";"6";"14";"7";"4";"3941";"250.";"3.6";"11.8";"46.";"7.";"52.15";"46.79";"45.38"
"2015";"6";"14";"7";"5";"3942";"244.";"4.1";"12.2";"51.";"6.";"105.94";"133.16";"70.19"
"2015";"6";"14";"7";"6";"3943";"241.";"4.6";"12.7";"40.";"5.";"215.92";"238.11";"121.44"
"2015";"6";"14";"7";"7";"3944";"252.";"5.2";"13.8";"44.";"4.";"372.95";"385.13";"172.38"
"2015";"6";"14";"7";"8";"3945";"257.";"6.2";"14.1";"42.";"3.";"498.05";"500.39";"181.84"
"2015";"6";"14";"7";"9";"3946";"261.";"6.8";"13.7";"29.";"3.";"596.45";"559.63";"192.03"
"2015";"6";"14";"7";"10";"3947";"258.";"7.5";"13.4";"39.";"2.";"716.00";"656.27";"199.64"
"2015";"6";"14";"7";"11";"3948";"253.";"7.1";"13.3";"39.";"6.";"448.29";"220.57";"267.42"
"2015";"6";"14";"7";"12";"3949";"255.";"7.4";"13.4";"42.";"5.";"526.59";"322.88";"261.82"
"2015";"6";"14";"7";"13";"3950";"254.";"7.6";"13.8";"40.";"5.";"497.72";"305.31";"257.50"
"2015";"6";"14";"7";"14";"3951";"256.";"7.9";"13.9";"37.";"5.";"490.88";"324.50";"256.38"
"2015";"6";"14";"7";"15";"3952";"259.";"8.3";"13.9";"36.";"3.";"502.96";"515.03";"177.51"
"2015";"6";"14";"7";"16";"3953";"258.";"8.7";"14.0";"37.";"2.";"456.79";"578.53";"155.51"
"2015";"6";"14";"7";"17";"3954";"257.";"8.6";"13.3";"39.";"1.";"346.12";"564.70";"122.04"
"2015";"6";"14";"7";"18";"3955";"258.";"8.4";"12.5";"42.";"0.";"209.14";"506.02";"73.28"
"2015";"6";"14";"7";"19";"3956";"258.";"8.2";"12.1";"41.";"0.";"78.30";"307.27";"33.89"
"2015";"6";"14";"7";"20";"3957";"259.";"7.9";"11.8";"46.";"0.";"0.00";"0.00";"0.00"
"2015";"6";"14";"7";"21";"3958";"278.";"7.7";"11.8";"42.";"0.";"0.00";"0.00";"0.00"
"2015";"6";"14";"7";"22";"3959";"291.";"7.6";"11.8";"42.";"0.";"0.00";"0.00";"0.00"
"2015";"6";"14";"7";"23";"3960";"296.";"7.8";"11.7";"39.";"0.";"0.00";"0.00";"0.00"
"2015";"6";"15";"1";"0";"3961";"296.";"7.7";"11.0";"40.";"0.";"0.00";"0.00";"0.00"
"2015";"6";"15";"1";"1";"3962";"295.";"7.2";"10.8";"43.";"1.";"0.00";"0.00";"0.00"
"2015";"6";"15";"1";"2";"3963";"295.";"6.4";"10.3";"44.";"1.";"0.00";"0.00";"0.00"
"2015";"6";"15";"1";"3";"3964";"292.";"5.7";"10.3";"43.";"1.";"0.00";"0.00";"0.00"
"2015";"6";"15";"1";"4";"3965";"288.";"5.2";"10.6";"43.";"0.";"83.71";"387.92";"27.31"
"2015";"6";"15";"1";"5";"3966";"293.";"5.3";"11.2";"40.";"0.";"220.62";"617.55";"54.32"
"2015";"6";"15";"1";"6";"3967";"301.";"5.3";"11.8";"34.";"0.";"374.45";"746.34";"77.73"
"2015";"6";"15";"1";"7";"3968";"304.";"4.5";"12.8";"37.";"0.";"519.76";"799.59";"102.80"
"2015";"6";"15";"1";"8";"3969";"293.";"4.4";"13.0";"30.";"0.";"659.07";"855.62";"117.84"
"2015";"6";"15";"1";"9";"3970";"279.";"4.9";"13.5";"34.";"1.";"740.53";"781.55";"175.26"
"2015";"6";"15";"1";"10";"3971";"275.";"4.9";"13.7";"34.";"1.";"822.03";"826.06";"171.59"
"2015";"6";"15";"1";"11";"3972";"275.";"5.3";"13.4";"35.";"1.";"821.32";"783.97";"178.00"
"2015";"6";"15";"1";"12";"3973";"275.";"4.9";"13.5";"36.";"1.";"820.90";"784.06";"177.51"
"2015";"6";"15";"1";"13";"3974";"275.";"4.9";"13.6";"36.";"1.";"788.32";"804.57";"154.80"
"2015";"6";"15";"1";"14";"3975";"274.";"4.9";"13.2";"36.";"1.";"717.05";"799.87";"138.54"
"2015";"6";"15";"1";"15";"3976";"270.";"4.7";"13.3";"35.";"1.";"615.42";"786.82";"117.71"
"2015";"6";"15";"1";"16";"3977";"264.";"4.2";"13.1";"35.";"2.";"446.93";"624.08";"121.49"
"2015";"6";"15";"1";"17";"3978";"258.";"3.6";"12.9";"37.";"4.";"264.13";"389.92";"109.12"
"2015";"6";"15";"1";"18";"3979";"265.";"3.5";"13.0";"35.";"2.";"201.71";"482.88";"71.67"
"2015";"6";"15";"1";"19";"3980";"263.";"4.0";"12.6";"37.";"1.";"78.29";"347.19";"27.81"
"2015";"6";"15";"1";"20";"3981";"253.";"3.8";"11.9";"40.";"1.";"0.00";"0.00";"0.00"
"2015";"6";"15";"1";"21";"3982";"245.";"3.5";"10.6";"43.";"0.";"0.00";"0.00";"0.00"
"2015";"6";"15";"1";"22";"3983";"240.";"3.2";"9.9";"45.";"0.";"0.00";"0.00";"0.00"
"2015";"6";"15";"1";"23";"3984";"236.";"3.0";"9.5";"48.";"0.";"0.00";"0.00";"0.00"
"2015";"6";"16";"2";"0";"3985";"227.";"2.8";"9.4";"38.";"1.";"0.00";"0.00";"0.00"
"2015";"6";"16";"2";"1";"3986";"222.";"2.4";"9.4";"40.";"1.";"0.00";"0.00";"0.00"
"2015";"6";"16";"2";"2";"3987";"224.";"1.8";"9.7";"49.";"2.";"0.00";"0.00";"0.00"
"2015";"6";"16";"2";"3";"3988";"210.";"2.0";"9.6";"49.";"2.";"0.00";"0.00";"0.00"
"2015";"6";"16";"2";"4";"3989";"202.";"2.6";"10.5";"48.";"1.";"76.08";"274.79";"35.93"
"2015";"6";"16";"2";"5";"3990";"206.";"3.0";"12.2";"42.";"3.";"163.92";"324.93";"76.19"
"2015";"6";"16";"2";"6";"3991";"226.";"3.7";"13.4";"36.";"3.";"277.52";"386.17";"123.73"
"2015";"6";"16";"2";"7";"3992";"227.";"3.1";"14.9";"49.";"2.";"420.97";"497.09";"161.45"
"2015";"6";"16";"2";"8";"3993";"245.";"3.2";"15.1";"49.";"3.";"518.99";"497.55";"203.99"
"2015";"6";"16";"2";"9";"3994";"253.";"3.4";"15.6";"41.";"3.";"616.30";"540.82";"224.85"
"2015";"6";"16";"2";"10";"3995";"278.";"4.3";"16.1";"43.";"3.";"676.38";"541.88";"249.43"
"2015";"6";"16";"2";"11";"3996";"300.";"4.7";"16.2";"38.";"3.";"718.78";"578.01";"244.18"
"2015";"6";"16";"2";"12";"3997";"310.";"5.3";"16.7";"31.";"2.";"755.80";"682.16";"195.68"
"2015";"6";"16";"2";"13";"3998";"311.";"5.7";"17.5";"31.";"2.";"719.73";"673.31";"189.23"
"2015";"6";"16";"2";"14";"3999";"311.";"5.6";"17.2";"36.";"3.";"626.13";"585.39";"202.43"
"2015";"6";"16";"2";"15";"4000";"304.";"4.8";"17.4";"31.";"0.";"661.96";"903.27";"90.08"
"2015";"6";"16";"2";"16";"4001";"302.";"4.9";"17.2";"32.";"0.";"536.06";"860.29";"86.92"
"2015";"6";"16";"2";"17";"4002";"299.";"5.5";"16.6";"32.";"0.";"373.08";"765.22";"68.35"
"2015";"6";"16";"2";"18";"4003";"299.";"4.9";"15.9";"33.";"0.";"225.79";"647.39";"51.00"
"2015";"6";"16";"2";"19";"4004";"293.";"4.8";"14.4";"39.";"0.";"83.26";"392.98";"25.83"
"2015";"6";"16";"2";"20";"4005";"291.";"4.3";"12.9";"36.";"1.";"0.00";"0.00";"0.00"
"2015";"6";"16";"2";"21";"4006";"285.";"3.9";"12.1";"43.";"0.";"0.00";"0.00";"0.00"
"2015";"6";"16";"2";"22";"4007";"278.";"3.3";"11.3";"45.";"2.";"0.00";"0.00";"0.00"
"2015";"6";"16";"2";"23";"4008";"265.";"2.8";"11.0";"51.";"6.";"0.00";"0.00";"0.00"
"2015";"6";"17";"3";"0";"4009";"252.";"2.8";"10.5";"55.";"3.";"0.00";"0.00";"0.00"
"2015";"6";"17";"3";"1";"4010";"246.";"2.9";"8.9";"49.";"3.";"0.00";"0.00";"0.00"
"2015";"6";"17";"3";"2";"4011";"242.";"3.8";"9.6";"36.";"5.";"0.00";"0.00";"0.00"
"2015";"6";"17";"3";"3";"4012";"228.";"3.8";"9.3";"48.";"5.";"0.00";"0.00";"0.00"
"2015";"6";"17";"3";"4";"4013";"231.";"4.1";"9.8";"48.";"8.";"33.01";"0.00";"33.01"
"2015";"6";"17";"3";"5";"4014";"235.";"4.6";"10.4";"48.";"8.";"76.96";"0.00";"76.96"
"2015";"6";"17";"3";"6";"4015";"231.";"5.0";"11.0";"35.";"8.";"148.79";"0.00";"148.79"
"2015";"6";"17";"3";"7";"4016";"217.";"4.7";"11.0";"43.";"7.";"281.31";"100.12";"228.99"
"2015";"6";"17";"3";"8";"4017";"219.";"4.8";"11.2";"43.";"7.";"270.17";"107.19";"202.25"
"2015";"6";"17";"3";"9";"4018";"203.";"5.1";"11.9";"47.";"7.";"346.65";"104.77";"270.78"
"2015";"6";"17";"3";"10";"4019";"208.";"5.5";"12.1";"34.";"7.";"413.96";"103.16";"332.63"
"2015";"6";"17";"3";"11";"4020";"192.";"6.5";"12.2";"39.";"8.";"256.44";"0.00";"256.44"
"2015";"6";"17";"3";"12";"4021";"185.";"7.3";"11.6";"44.";"7.";"210.28";"41.02";"176.57"
"2015";"6";"17";"3";"13";"4022";"183.";"7.8";"11.5";"48.";"8.";"132.54";"0.00";"132.54"
"2015";"6";"17";"3";"14";"4023";"194.";"7.7";"11.9";"46.";"8.";"117.93";"0.00";"117.93"
"2015";"6";"17";"3";"15";"4024";"203.";"7.4";"12.1";"42.";"8.";"102.59";"0.00";"102.59"
"2015";"6";"17";"3";"16";"4025";"216.";"6.5";"12.4";"44.";"8.";"84.18";"0.00";"84.18"
"2015";"6";"17";"3";"17";"4026";"231.";"5.8";"12.9";"36.";"8.";"60.14";"0.00";"60.14"
"2015";"6";"17";"3";"18";"4027";"249.";"5.4";"12.9";"43.";"8.";"35.99";"0.00";"35.99"
"2015";"6";"17";"3";"19";"4028";"256.";"5.0";"12.8";"39.";"8.";"22.67";"0.00";"22.67"
"2015";"6";"17";"3";"20";"4029";"265.";"5.5";"12.9";"36.";"7.";"0.00";"0.00";"0.00"
"2015";"6";"17";"3";"21";"4030";"265.";"5.5";"12.4";"43.";"8.";"0.00";"0.00";"0.00"
"2015";"6";"17";"3";"22";"4031";"255.";"5.7";"12.4";"42.";"8.";"0.00";"0.00";"0.00"
"2015";"6";"17";"3";"23";"4032";"253.";"5.3";"12.3";"42.";"8.";"0.00";"0.00";"0.00"
"2015";"6";"18";"4";"0";"4033";"254.";"5.2";"12.3";"39.";"8.";"0.00";"0.00";"0.00"
"2015";"6";"18";"4";"1";"4034";"263.";"5.9";"12.6";"33.";"8.";"0.00";"0.00";"0.00"
"2015";"6";"18";"4";"2";"4035";"269.";"6.1";"12.2";"39.";"8.";"0.00";"0.00";"0.00"
"2015";"6";"18";"4";"3";"4036";"269.";"5.5";"12.0";"33.";"7.";"0.00";"0.00";"0.00"
"2015";"6";"18";"4";"4";"4037";"271.";"5.8";"12.0";"32.";"8.";"26.63";"0.00";"26.63"
"2015";"6";"18";"4";"5";"4038";"271.";"6.1";"11.9";"41.";"8.";"65.83";"0.00";"65.83"
"2015";"6";"18";"4";"6";"4039";"275.";"6.2";"11.8";"40.";"7.";"148.15";"77.69";"117.13"
"2015";"6";"18";"4";"7";"4040";"274.";"5.9";"12.4";"45.";"7.";"233.76";"92.86";"185.19"
"2015";"6";"18";"4";"8";"4041";"268.";"6.2";"12.9";"35.";"7.";"298.63";"102.40";"233.71"
"2015";"6";"18";"4";"9";"4042";"273.";"6.3";"13.2";"41.";"7.";"305.37";"94.31";"237.03"
"2015";"6";"18";"4";"10";"4043";"271.";"5.9";"13.3";"49.";"7.";"377.12";"101.10";"297.38"
"2015";"6";"18";"4";"11";"4044";"269.";"6.2";"13.7";"43.";"7.";"361.35";"109.76";"271.15"
"2015";"6";"18";"4";"12";"4045";"270.";"6.3";"13.7";"44.";"7.";"396.38";"102.44";"312.19"
"2015";"6";"18";"4";"13";"4046";"270.";"5.9";"14.0";"37.";"7.";"380.73";"103.58";"299.03"
"2015";"6";"18";"4";"14";"4047";"271.";"6.1";"14.4";"43.";"7.";"312.74";"107.62";"234.76"
"2015";"6";"18";"4";"15";"4048";"276.";"6.2";"13.8";"44.";"7.";"296.90";"102.90";"231.66"
"2015";"6";"18";"4";"16";"4049";"275.";"5.8";"13.1";"46.";"8.";"148.37";"0.00";"148.37"
"2015";"6";"18";"4";"17";"4050";"273.";"5.2";"13.0";"52.";"8.";"108.77";"0.00";"108.77"
"2015";"6";"18";"4";"18";"4051";"275.";"5.0";"12.9";"38.";"8.";"63.19";"0.00";"63.19"
"2015";"6";"18";"4";"19";"4052";"271.";"4.1";"12.8";"37.";"8.";"24.23";"0.00";"24.23"
"2015";"6";"18";"4";"20";"4053";"280.";"3.1";"12.7";"33.";"8.";"0.00";"0.00";"0.00"
"2015";"6";"18";"4";"21";"4054";"274.";"2.5";"12.7";"36.";"8.";"0.00";"0.00";"0.00"
"2015";"6";"18";"4";"22";"4055";"290.";"1.7";"12.2";"37.";"7.";"0.00";"0.00";"0.00"
"2015";"6";"18";"4";"23";"4056";"297.";"1.5";"12.1";"38.";"8.";"0.00";"0.00";"0.00"
"2015";"6";"19";"5";"0";"4057";"316.";"1.6";"11.5";"35.";"8.";"0.00";"0.00";"0.00"
"2015";"6";"19";"5";"1";"4058";"321.";"2.3";"11.7";"34.";"8.";"0.00";"0.00";"0.00"
"2015";"6";"19";"5";"2";"4059";"352.";"1.8";"11.6";"42.";"8.";"0.00";"0.00";"0.00"
"2015";"6";"19";"5";"3";"4060";"7.";"3.9";"11.4";"43.";"7.";"0.00";"0.00";"0.00"
"2015";"6";"19";"5";"4";"4061";"14.";"4.4";"11.4";"42.";"8.";"26.37";"0.00";"26.37"
"2015";"6";"19";"5";"5";"4062";"20.";"4.7";"11.9";"34.";"8.";"69.63";"0.00";"69.63"
"2015";"6";"19";"5";"6";"4063";"25.";"4.8";"11.9";"32.";"8.";"116.58";"0.00";"116.58"
"2015";"6";"19";"5";"7";"4064";"27.";"4.4";"12.1";"39.";"7.";"222.64";"109.92";"165.11"
"2015";"6";"19";"5";"8";"4065";"16.";"4.1";"12.3";"37.";"8.";"209.86";"0.00";"209.86"
"2015";"6";"19";"5";"9";"4066";"6.";"3.9";"13.4";"47.";"7.";"315.68";"113.17";"233.63"
"2015";"6";"19";"5";"10";"4067";"360.";"3.9";"13.7";"42.";"6.";"444.58";"241.72";"253.85"
"2015";"6";"19";"5";"11";"4068";"342.";"4.5";"14.2";"34.";"7.";"369.56";"121.06";"270.02"
"2015";"6";"19";"5";"12";"4069";"339.";"4.1";"14.7";"36.";"6.";"468.03";"247.48";"264.56"
"2015";"6";"19";"5";"13";"4070";"333.";"4.3";"15.4";"41.";"6.";"501.77";"236.65";"315.05"
"2015";"6";"19";"5";"14";"4071";"337.";"4.0";"15.3";"40.";"5.";"595.78";"361.08";"334.02"
"2015";"6";"19";"5";"15";"4072";"350.";"4.2";"15.4";"39.";"6.";"386.70";"216.52";"249.35"
"2015";"6";"19";"5";"16";"4073";"351.";"3.6";"16.8";"31.";"5.";"388.74";"334.25";"213.80"
"2015";"6";"19";"5";"17";"4074";"356.";"2.6";"15.9";"39.";"5.";"243.31";"297.95";"124.23"
"2015";"6";"19";"5";"18";"4075";"338.";"2.4";"15.7";"34.";"6.";"142.99";"159.74";"99.61"
"2015";"6";"19";"5";"19";"4076";"320.";"2.3";"13.7";"43.";"4.";"61.76";"185.20";"34.39"
"2015";"6";"19";"5";"20";"4077";"321.";"2.5";"12.9";"47.";"4.";"0.00";"0.00";"0.00"
"2015";"6";"19";"5";"21";"4078";"343.";"3.4";"11.8";"52.";"6.";"0.00";"0.00";"0.00"
"2015";"6";"19";"5";"22";"4079";"347.";"2.7";"11.2";"55.";"7.";"0.00";"0.00";"0.00"
"2015";"6";"19";"5";"23";"4080";"1.";"2.0";"11.4";"41.";"8.";"0.00";"0.00";"0.00"
"2015";"6";"20";"6";"0";"4081";"14.";"1.9";"10.3";"45.";"6.";"0.00";"0.00";"0.00"
"2015";"6";"20";"6";"1";"4082";"3.";"1.5";"10.2";"44.";"8.";"0.00";"0.00";"0.00"
"2015";"6";"20";"6";"2";"4083";"28.";"1.1";"10.3";"45.";"7.";"0.00";"0.00";"0.00"
"2015";"6";"20";"6";"3";"4084";"5.";"1.0";"9.8";"44.";"8.";"0.00";"0.00";"0.00"
"2015";"6";"20";"6";"4";"4085";"317.";"0.5";"10.4";"43.";"7.";"36.69";"52.13";"28.97"
"2015";"6";"20";"6";"5";"4086";"288.";"0.9";"11.0";"44.";"8.";"70.65";"0.00";"70.65"
"2015";"6";"20";"6";"6";"4087";"279.";"1.4";"12.2";"55.";"8.";"116.30";"0.00";"116.30"
"2015";"6";"20";"6";"7";"4088";"289.";"1.6";"14.3";"50.";"8.";"249.88";"0.00";"249.88"
"2015";"6";"20";"6";"8";"4089";"329.";"2.2";"16.4";"46.";"6.";"386.80";"224.91";"244.07"
"2015";"6";"20";"6";"9";"4090";"293.";"3.8";"17.6";"43.";"8.";"433.32";"0.00";"433.32"
"2015";"6";"20";"6";"10";"4091";"305.";"3.8";"18.0";"44.";"6.";"461.21";"233.15";"277.20"
"2015";"6";"20";"6";"11";"4092";"317.";"3.7";"19.4";"36.";"5.";"629.52";"346.06";"344.92"
"2015";"6";"20";"6";"12";"4093";"319.";"4.1";"19.9";"33.";"6.";"556.17";"236.33";"361.81"
"2015";"6";"20";"6";"13";"4094";"317.";"4.3";"19.1";"31.";"7.";"421.23";"116.17";"329.55"
"2015";"6";"20";"6";"14";"4095";"316.";"4.7";"19.8";"30.";"4.";"642.06";"464.20";"305.42"
"2015";"6";"20";"6";"15";"4096";"327.";"4.5";"18.5";"32.";"3.";"553.78";"549.21";"205.24"
"2015";"6";"20";"6";"16";"4097";"315.";"4.3";"19.1";"31.";"4.";"409.50";"437.71";"180.28"
"2015";"6";"20";"6";"17";"4098";"312.";"4.7";"18.3";"31.";"5.";"250.83";"273.85";"141.30"
"2015";"6";"20";"6";"18";"4099";"316.";"4.2";"17.2";"35.";"7.";"101.21";"80.33";"79.38"
"2015";"6";"20";"6";"19";"4100";"312.";"4.3";"15.9";"34.";"8.";"38.46";"0.00";"38.46"
"2015";"6";"20";"6";"20";"4101";"310.";"3.4";"15.4";"44.";"8.";"0.00";"0.00";"0.00"
"2015";"6";"20";"6";"21";"4102";"306.";"3.4";"14.4";"41.";"8.";"0.00";"0.00";"0.00"
"2015";"6";"20";"6";"22";"4103";"300.";"3.3";"14.0";"53.";"8.";"0.00";"0.00";"0.00"
"2015";"6";"20";"6";"23";"4104";"294.";"2.8";"13.4";"39.";"8.";"0.00";"0.00";"0.00"
"2015";"6";"21";"7";"0";"4105";"293.";"2.8";"12.7";"51.";"8.";"0.00";"0.00";"0.00"
"2015";"6";"21";"7";"1";"4106";"291.";"3.2";"12.3";"43.";"8.";"0.00";"0.00";"0.00"
"2015";"6";"21";"7";"2";"4107";"285.";"3.1";"12.4";"49.";"8.";"0.00";"0.00";"0.00"
"2015";"6";"21";"7";"3";"4108";"291.";"2.7";"12.4";"49.";"8.";"0.00";"0.00";"0.00"
"2015";"6";"21";"7";"4";"4109";"291.";"2.5";"12.4";"49.";"8.";"26.91";"0.00";"26.91"
"2015";"6";"21";"7";"5";"4110";"278.";"2.9";"12.7";"41.";"8.";"75.18";"0.00";"75.18"
"2015";"6";"21";"7";"6";"4111";"282.";"3.2";"12.8";"46.";"7.";"161.62";"78.53";"130.20"
"2015";"6";"21";"7";"7";"4112";"273.";"3.2";"12.9";"41.";"7.";"231.01";"92.82";"182.38"
"2015";"6";"21";"7";"8";"4113";"271.";"3.5";"12.8";"41.";"7.";"321.06";"99.40";"257.96"
"2015";"6";"21";"7";"9";"4114";"279.";"2.9";"13.0";"30.";"7.";"413.35";"105.98";"336.48"
"2015";"6";"21";"7";"10";"4115";"274.";"2.5";"14.0";"41.";"7.";"342.62";"105.30";"259.50"
"2015";"6";"21";"7";"11";"4116";"282.";"3.6";"14.7";"29.";"6.";"555.13";"214.16";"378.97"
"2015";"6";"21";"7";"12";"4117";"286.";"4.0";"15.5";"28.";"5.";"531.52";"329.61";"260.40"
"2015";"6";"21";"7";"13";"4118";"295.";"4.6";"15.6";"27.";"3.";"685.86";"572.98";"233.54"
"2015";"6";"21";"7";"14";"4119";"299.";"4.5";"15.5";"38.";"2.";"658.03";"692.94";"155.39"
"2015";"6";"21";"7";"15";"4120";"295.";"4.0";"14.9";"46.";"6.";"411.48";"224.31";"269.09"
"2015";"6";"21";"7";"16";"4121";"309.";"2.1";"15.1";"45.";"5.";"350.13";"302.29";"191.77"
"2015";"6";"21";"7";"17";"4122";"304.";"1.7";"14.3";"47.";"5.";"221.06";"275.67";"110.75"
"2015";"6";"21";"7";"18";"4123";"297.";"2.1";"13.8";"30.";"7.";"103.22";"78.68";"81.81"
"2015";"6";"21";"7";"19";"4124";"289.";"2.3";"13.8";"35.";"6.";"47.32";"99.76";"32.52"
"2015";"6";"21";"7";"20";"4125";"287.";"2.1";"13.1";"37.";"1.";"0.00";"0.00";"0.00"
"2015";"6";"21";"7";"21";"4126";"339.";"1.9";"12.3";"39.";"6.";"0.00";"0.00";"0.00"
"2015";"6";"21";"7";"22";"4127";"348.";"1.0";"11.5";"46.";"7.";"0.00";"0.00";"0.00"
"2015";"6";"21";"7";"23";"4128";"63.";"0.4";"10.8";"32.";"6.";"0.00";"0.00";"0.00"
"2015";"6";"22";"1";"0";"4129";"116.";"0.5";"10.8";"34.";"8.";"0.00";"0.00";"0.00"
"2015";"6";"22";"1";"1";"4130";"95.";"1.0";"10.3";"34.";"8.";"0.00";"0.00";"0.00"
"2015";"6";"22";"1";"2";"4131";"100.";"1.4";"10.3";"43.";"7.";"0.00";"0.00";"0.00"
"2015";"6";"22";"1";"3";"4132";"136.";"1.5";"10.4";"44.";"8.";"0.00";"0.00";"0.00"
"2015";"6";"22";"1";"4";"4133";"134.";"1.6";"10.6";"35.";"8.";"32.33";"0.00";"32.33"
"2015";"6";"22";"1";"5";"4134";"131.";"1.8";"11.5";"39.";"5.";"150.65";"225.77";"89.19"
"2015";"6";"22";"1";"6";"4135";"118.";"1.9";"13.8";"41.";"7.";"183.54";"90.81";"147.19"
"2015";"6";"22";"1";"7";"4136";"128.";"1.9";"14.7";"40.";"6.";"283.97";"202.38";"177.92"
"2015";"6";"22";"1";"8";"4137";"143.";"2.5";"15.3";"31.";"6.";"367.09";"224.30";"224.68"
"2015";"6";"22";"1";"9";"4138";"115.";"1.8";"16.3";"35.";"5.";"494.64";"338.45";"249.10"
"2015";"6";"22";"1";"10";"4139";"113.";"1.7";"16.5";"28.";"4.";"587.10";"461.31";"222.90"
"2015";"6";"22";"1";"11";"4140";"190.";"0.3";"16.9";"24.";"3.";"685.79";"559.62";"225.42"
"2015";"6";"22";"1";"12";"4141";"253.";"1.4";"18.4";"26.";"6.";"554.01";"224.70";"369.16"
"2015";"6";"22";"1";"13";"4142";"216.";"2.3";"17.0";"34.";"6.";"491.56";"211.47";"324.60"
"2015";"6";"22";"1";"14";"4143";"191.";"2.0";"14.5";"30.";"7.";"217.30";"56.05";"176.64"
"2015";"6";"22";"1";"15";"4144";"173.";"2.8";"15.1";"29.";"7.";"323.85";"101.74";"259.26"
"2015";"6";"22";"1";"16";"4145";"136.";"2.6";"14.8";"31.";"7.";"239.28";"100.88";"186.41"
"2015";"6";"22";"1";"17";"4146";"139.";"2.6";"14.9";"47.";"7.";"197.92";"91.43";"161.32"
"2015";"6";"22";"1";"18";"4147";"150.";"3.9";"14.6";"51.";"8.";"74.53";"0.00";"74.53"
"2015";"6";"22";"1";"19";"4148";"164.";"3.2";"13.4";"36.";"8.";"28.83";"0.00";"28.83"
"2015";"6";"22";"1";"20";"4149";"142.";"2.1";"13.1";"39.";"7.";"0.00";"0.00";"0.00"
"2015";"6";"22";"1";"21";"4150";"144.";"2.0";"12.8";"49.";"7.";"0.00";"0.00";"0.00"
"2015";"6";"22";"1";"22";"4151";"126.";"2.0";"12.3";"46.";"6.";"0.00";"0.00";"0.00"
"2015";"6";"22";"1";"23";"4152";"111.";"2.0";"11.5";"50.";"6.";"0.00";"0.00";"0.00"
"2015";"6";"23";"2";"0";"4153";"102.";"1.9";"10.5";"42.";"6.";"0.00";"0.00";"0.00"
"2015";"6";"23";"2";"1";"4154";"77.";"1.5";"9.7";"43.";"6.";"0.00";"0.00";"0.00"
"2015";"6";"23";"2";"2";"4155";"60.";"1.5";"9.2";"46.";"5.";"0.00";"0.00";"0.00"
"2015";"6";"23";"2";"3";"4156";"85.";"0.6";"9.0";"53.";"5.";"0.00";"0.00";"0.00"
"2015";"6";"23";"2";"4";"4157";"90.";"0.3";"9.7";"45.";"6.";"42.89";"84.70";"30.31"
"2015";"6";"23";"2";"5";"4158";"357.";"0.7";"10.9";"54.";"7.";"86.58";"64.60";"69.00"
"2015";"6";"23";"2";"6";"4159";"344.";"1.5";"12.4";"35.";"7.";"151.51";"84.71";"117.60"
"2015";"6";"23";"2";"7";"4160";"333.";"2.2";"14.3";"49.";"6.";"303.92";"201.56";"198.30"
"2015";"6";"23";"2";"8";"4161";"338.";"2.4";"14.3";"34.";"6.";"335.75";"217.70";"197.53"
"2015";"6";"23";"2";"9";"4162";"7.";"3.0";"15.0";"32.";"7.";"349.38";"115.46";"265.62"
"2015";"6";"23";"2";"10";"4163";"11.";"3.7";"15.9";"39.";"7.";"383.59";"118.26";"290.23"
"2015";"6";"23";"2";"11";"4164";"8.";"3.5";"17.6";"36.";"7.";"363.56";"114.51";"269.35"
"2015";"6";"23";"2";"12";"4165";"357.";"3.0";"17.0";"38.";"8.";"465.84";"0.00";"465.84"
"2015";"6";"23";"2";"13";"4166";"340.";"2.6";"17.0";"37.";"7.";"454.68";"111.85";"366.37"
"2015";"6";"23";"2";"14";"4167";"329.";"2.5";"17.7";"35.";"7.";"379.93";"111.62";"298.95"
"2015";"6";"23";"2";"15";"4168";"326.";"3.7";"17.1";"26.";"7.";"353.24";"109.23";"283.89"
"2015";"6";"23";"2";"16";"4169";"320.";"4.2";"17.3";"28.";"5.";"336.37";"320.55";"168.40"
"2015";"6";"23";"2";"17";"4170";"315.";"4.1";"17.1";"30.";"5.";"261.16";"297.04";"142.25"
"2015";"6";"23";"2";"18";"4171";"309.";"4.1";"17.1";"43.";"4.";"157.97";"308.55";"73.97"
"2015";"6";"23";"2";"19";"4172";"306.";"4.0";"16.1";"35.";"4.";"57.08";"187.45";"29.24"
"2015";"6";"23";"2";"20";"4173";"306.";"3.4";"14.6";"36.";"1.";"0.00";"0.00";"0.00"
"2015";"6";"23";"2";"21";"4174";"292.";"2.8";"13.7";"42.";"1.";"0.00";"0.00";"0.00"
"2015";"6";"23";"2";"22";"4175";"279.";"2.2";"12.9";"53.";"2.";"0.00";"0.00";"0.00"
"2015";"6";"23";"2";"23";"4176";"258.";"2.2";"13.0";"53.";"2.";"0.00";"0.00";"0.00"
"2015";"6";"24";"3";"0";"4177";"251.";"3.0";"12.1";"50.";"6.";"0.00";"0.00";"0.00"
"2015";"6";"24";"3";"1";"4178";"254.";"4.0";"12.7";"49.";"6.";"0.00";"0.00";"0.00"
"2015";"6";"24";"3";"2";"4179";"248.";"4.3";"12.0";"49.";"7.";"0.00";"0.00";"0.00"
"2015";"6";"24";"3";"3";"4180";"239.";"4.3";"11.8";"45.";"6.";"0.00";"0.00";"0.00"
"2015";"6";"24";"3";"4";"4181";"232.";"4.0";"11.9";"48.";"7.";"31.93";"36.08";"26.58"
"2015";"6";"24";"3";"5";"4182";"229.";"4.2";"12.0";"43.";"8.";"65.16";"0.00";"65.16"
"2015";"6";"24";"3";"6";"4183";"224.";"4.5";"12.4";"37.";"7.";"148.62";"78.03";"117.39"
"2015";"6";"24";"3";"7";"4184";"221.";"5.5";"12.8";"36.";"7.";"208.10";"86.21";"162.93"
"2015";"6";"24";"3";"8";"4185";"220.";"5.6";"12.8";"31.";"7.";"262.31";"90.65";"204.76"
"2015";"6";"24";"3";"9";"4186";"222.";"5.5";"13.0";"41.";"7.";"304.61";"93.45";"236.81"
"2015";"6";"24";"3";"10";"4187";"219.";"5.6";"13.3";"34.";"7.";"339.90";"99.70";"261.19"
"2015";"6";"24";"3";"11";"4188";"222.";"5.7";"13.6";"38.";"7.";"355.00";"99.90";"272.82"
"2015";"6";"24";"3";"12";"4189";"232.";"6.1";"13.7";"33.";"8.";"267.31";"0.00";"267.31"
"2015";"6";"24";"3";"13";"4190";"237.";"6.5";"13.9";"34.";"8.";"255.90";"0.00";"255.90"
"2015";"6";"24";"3";"14";"4191";"236.";"6.2";"13.9";"36.";"8.";"229.60";"0.00";"229.60"
"2015";"6";"24";"3";"15";"4192";"239.";"7.0";"13.8";"36.";"8.";"196.49";"0.00";"196.49"
"2015";"6";"24";"3";"16";"4193";"242.";"7.4";"13.7";"45.";"7.";"206.47";"86.55";"161.12"
"2015";"6";"24";"3";"17";"4194";"245.";"7.4";"12.9";"40.";"7.";"147.73";"77.48";"116.72"
"2015";"6";"24";"3";"18";"4195";"244.";"7.7";"12.8";"34.";"7.";"88.63";"64.02";"71.21"
"2015";"6";"24";"3";"19";"4196";"243.";"7.9";"12.4";"34.";"7.";"35.11";"41.60";"28.94"
"2015";"6";"24";"3";"20";"4197";"238.";"7.6";"12.0";"45.";"7.";"0.00";"0.00";"0.00"
"2015";"6";"24";"3";"21";"4198";"238.";"8.1";"11.7";"47.";"7.";"0.00";"0.00";"0.00"
"2015";"6";"24";"3";"22";"4199";"239.";"8.0";"11.7";"48.";"6.";"0.00";"0.00";"0.00"
"2015";"6";"24";"3";"23";"4200";"233.";"7.4";"11.3";"50.";"6.";"0.00";"0.00";"0.00"
"2015";"6";"25";"4";"0";"4201";"232.";"7.0";"11.1";"51.";"4.";"0.00";"0.00";"0.00"
"2015";"6";"25";"4";"1";"4202";"234.";"6.7";"11.2";"48.";"4.";"0.00";"0.00";"0.00"
"2015";"6";"25";"4";"2";"4203";"241.";"6.6";"11.2";"47.";"5.";"0.00";"0.00";"0.00"
"2015";"6";"25";"4";"3";"4204";"244.";"6.5";"11.6";"39.";"6.";"0.00";"0.00";"0.00"
"2015";"6";"25";"4";"4";"4205";"250.";"6.0";"12.0";"50.";"6.";"42.64";"75.04";"31.51"
"2015";"6";"25";"4";"5";"4206";"260.";"6.3";"12.4";"43.";"3.";"168.20";"363.39";"69.36"
"2015";"6";"25";"4";"6";"4207";"266.";"7.0";"12.7";"39.";"1.";"342.65";"618.81";"95.07"
"2015";"6";"25";"4";"7";"4208";"265.";"6.8";"13.0";"44.";"3.";"398.84";"491.12";"141.59"
"2015";"6";"25";"4";"8";"4209";"262.";"6.7";"13.1";"38.";"4.";"473.12";"420.39";"206.28"
"2015";"6";"25";"4";"9";"4210";"263.";"6.8";"13.2";"36.";"5.";"493.27";"329.96";"253.95"
"2015";"6";"25";"4";"10";"4211";"264.";"6.7";"13.2";"40.";"6.";"465.88";"222.80";"290.01"
"2015";"6";"25";"4";"11";"4212";"264.";"6.8";"13.8";"40.";"6.";"450.77";"228.66";"262.69"
"2015";"6";"25";"4";"12";"4213";"260.";"6.6";"13.7";"41.";"6.";"448.62";"223.52";"264.78"
"2015";"6";"25";"4";"13";"4214";"258.";"6.4";"14.0";"40.";"5.";"541.15";"333.05";"278.25"
"2015";"6";"25";"4";"14";"4215";"258.";"6.9";"14.5";"39.";"6.";"390.41";"223.94";"227.98"
"2015";"6";"25";"4";"15";"4216";"257.";"6.4";"14.1";"35.";"5.";"390.34";"302.21";"198.52"
"2015";"6";"25";"4";"16";"4217";"256.";"6.7";"13.8";"35.";"4.";"380.01";"402.76";"169.04"
"2015";"6";"25";"4";"17";"4218";"256.";"6.6";"13.4";"37.";"3.";"283.84";"428.96";"112.22"
"2015";"6";"25";"4";"18";"4219";"255.";"6.6";"13.2";"38.";"4.";"158.49";"281.46";"81.94"
"2015";"6";"25";"4";"19";"4220";"255.";"6.0";"12.7";"39.";"2.";"71.48";"267.93";"31.76"
"2015";"6";"25";"4";"20";"4221";"254.";"5.8";"11.9";"45.";"0.";"0.00";"0.00";"0.00"
"2015";"6";"25";"4";"21";"4222";"253.";"5.5";"11.3";"42.";"1.";"0.00";"0.00";"0.00"
"2015";"6";"25";"4";"22";"4223";"248.";"5.2";"11.3";"45.";"1.";"0.00";"0.00";"0.00"
"2015";"6";"25";"4";"23";"4224";"250.";"5.1";"11.4";"42.";"2.";"0.00";"0.00";"0.00"
"2015";"6";"26";"5";"0";"4225";"253.";"4.5";"11.6";"49.";"2.";"0.00";"0.00";"0.00"
"2015";"6";"26";"5";"1";"4226";"261.";"4.4";"11.9";"47.";"2.";"0.00";"0.00";"0.00"
"2015";"6";"26";"5";"2";"4227";"265.";"4.3";"11.5";"50.";"1.";"0.00";"0.00";"0.00"
"2015";"6";"26";"5";"3";"4228";"295.";"3.2";"11.1";"56.";"3.";"0.00";"0.00";"0.00"
"2015";"6";"26";"5";"4";"4229";"301.";"1.9";"11.5";"52.";"5.";"53.15";"125.11";"34.63"
"2015";"6";"26";"5";"5";"4230";"304.";"1.9";"12.2";"48.";"3.";"182.43";"374.28";"80.73"
"2015";"6";"26";"5";"6";"4231";"301.";"2.0";"14.0";"50.";"1.";"336.09";"614.39";"90.44"
"2015";"6";"26";"5";"7";"4232";"288.";"2.2";"14.7";"32.";"1.";"487.61";"735.48";"102.53"
"2015";"6";"26";"5";"8";"4233";"273.";"3.4";"15.9";"39.";"1.";"624.18";"791.83";"121.75"
"2015";"6";"26";"5";"9";"4234";"290.";"4.5";"16.3";"33.";"0.";"767.08";"895.28";"117.91"
"2015";"6";"26";"5";"10";"4235";"285.";"4.7";"16.5";"34.";"1.";"814.91";"808.55";"176.84"
"2015";"6";"26";"5";"11";"4236";"282.";"4.6";"16.6";"36.";"1.";"853.11";"815.30";"182.68"
"2015";"6";"26";"5";"12";"4237";"278.";"4.7";"16.8";"36.";"2.";"749.30";"668.58";"199.52"
"2015";"6";"26";"5";"13";"4238";"278.";"4.7";"16.5";"37.";"2.";"775.73";"689.87";"231.32"
"2015";"6";"26";"5";"14";"4239";"274.";"4.5";"16.3";"37.";"2.";"682.20";"684.94";"185.55"
"2015";"6";"26";"5";"15";"4240";"280.";"4.1";"16.4";"35.";"0.";"656.87";"878.72";"99.31"
"2015";"6";"26";"5";"16";"4241";"280.";"4.0";"16.2";"36.";"1.";"495.82";"747.75";"104.32"
"2015";"6";"26";"5";"17";"4242";"272.";"3.6";"15.4";"39.";"2.";"339.96";"564.84";"114.12"
"2015";"6";"26";"5";"18";"4243";"267.";"2.6";"14.6";"42.";"5.";"147.31";"230.48";"84.68"
"2015";"6";"26";"5";"19";"4244";"259.";"2.4";"13.7";"44.";"6.";"58.41";"96.23";"44.17"
"2015";"6";"26";"5";"20";"4245";"259.";"2.0";"12.6";"42.";"7.";"0.00";"0.00";"0.00"
"2015";"6";"26";"5";"21";"4246";"261.";"1.0";"11.5";"44.";"5.";"0.00";"0.00";"0.00"
"2015";"6";"26";"5";"22";"4247";"214.";"0.6";"11.5";"45.";"8.";"0.00";"0.00";"0.00"
"2015";"6";"26";"5";"23";"4248";"169.";"0.5";"11.3";"47.";"8.";"0.00";"0.00";"0.00"
"2015";"6";"27";"6";"0";"4249";"158.";"0.7";"10.5";"47.";"8.";"0.00";"0.00";"0.00"
"2015";"6";"27";"6";"1";"4250";"178.";"1.0";"9.8";"47.";"7.";"0.00";"0.00";"0.00"
"2015";"6";"27";"6";"2";"4251";"171.";"1.4";"9.9";"41.";"8.";"0.00";"0.00";"0.00"
"2015";"6";"27";"6";"3";"4252";"141.";"1.3";"9.6";"41.";"3.";"0.00";"0.00";"0.00"
"2015";"6";"27";"6";"4";"4253";"126.";"1.6";"10.2";"48.";"7.";"38.66";"49.23";"31.39"
"2015";"6";"27";"6";"5";"4254";"127.";"1.8";"11.4";"43.";"7.";"112.26";"79.51";"90.69"
"2015";"6";"27";"6";"6";"4255";"140.";"1.7";"13.2";"46.";"8.";"163.88";"0.00";"163.88"
"2015";"6";"27";"6";"7";"4256";"157.";"1.7";"14.0";"43.";"8.";"158.60";"0.00";"158.60"
"2015";"6";"27";"6";"8";"4257";"181.";"1.6";"15.2";"41.";"7.";"349.91";"109.87";"280.23"
"2015";"6";"27";"6";"9";"4258";"210.";"1.4";"15.2";"46.";"8.";"266.04";"0.00";"266.04"
"2015";"6";"27";"6";"10";"4259";"221.";"2.2";"15.4";"50.";"8.";"298.89";"0.00";"298.89"
"2015";"6";"27";"6";"11";"4260";"213.";"2.4";"15.6";"51.";"7.";"359.66";"112.48";"267.19"
"2015";"6";"27";"6";"12";"4261";"213.";"2.9";"16.7";"46.";"8.";"307.93";"0.00";"307.93"
"2015";"6";"27";"6";"13";"4262";"233.";"3.2";"16.5";"52.";"7.";"376.84";"105.76";"293.41"
"2015";"6";"27";"6";"14";"4263";"231.";"3.0";"15.9";"35.";"7.";"312.38";"107.27";"234.64"
"2015";"6";"27";"6";"15";"4264";"223.";"3.3";"15.9";"41.";"7.";"262.77";"97.58";"200.88"
"2015";"6";"27";"6";"16";"4265";"211.";"2.7";"15.4";"34.";"7.";"212.33";"98.04";"161.03"
"2015";"6";"27";"6";"17";"4266";"215.";"2.4";"15.4";"41.";"6.";"200.77";"184.06";"127.24"
"2015";"6";"27";"6";"18";"4267";"215.";"2.1";"15.7";"42.";"7.";"106.46";"75.47";"85.98"
"2015";"6";"27";"6";"19";"4268";"207.";"2.0";"15.1";"43.";"7.";"31.87";"43.37";"25.46"
"2015";"6";"27";"6";"20";"4269";"208.";"1.6";"15.2";"50.";"7.";"0.00";"0.00";"0.00"
"2015";"6";"27";"6";"21";"4270";"167.";"1.0";"14.8";"49.";"8.";"0.00";"0.00";"0.00"
"2015";"6";"27";"6";"22";"4271";"162.";"1.0";"14.8";"50.";"8.";"0.00";"0.00";"0.00"
"2015";"6";"27";"6";"23";"4272";"145.";"1.4";"14.6";"48.";"7.";"0.00";"0.00";"0.00"
"2015";"6";"28";"7";"0";"4273";"144.";"1.6";"14.3";"50.";"6.";"0.00";"0.00";"0.00"
"2015";"6";"28";"7";"1";"4274";"151.";"1.9";"14.1";"50.";"6.";"0.00";"0.00";"0.00"
"2015";"6";"28";"7";"2";"4275";"167.";"1.6";"13.9";"52.";"7.";"0.00";"0.00";"0.00"
"2015";"6";"28";"7";"3";"4276";"263.";"2.5";"13.9";"52.";"7.";"0.00";"0.00";"0.00"
"2015";"6";"28";"7";"4";"4277";"243.";"2.1";"14.3";"50.";"8.";"25.50";"0.00";"25.50"
"2015";"6";"28";"7";"5";"4278";"241.";"2.6";"14.1";"48.";"8.";"59.19";"0.00";"59.19"
"2015";"6";"28";"7";"6";"4279";"245.";"2.7";"13.4";"43.";"8.";"92.03";"0.00";"92.03"
"2015";"6";"28";"7";"7";"4280";"229.";"2.6";"13.5";"43.";"7.";"171.88";"30.77";"155.79"
"2015";"6";"28";"7";"8";"4281";"221.";"2.8";"13.8";"35.";"8.";"176.57";"0.00";"176.57"
"2015";"6";"28";"7";"9";"4282";"216.";"3.4";"13.9";"35.";"8.";"210.69";"0.00";"210.69"
"2015";"6";"28";"7";"10";"4283";"206.";"4.0";"14.8";"41.";"7.";"340.71";"104.81";"258.05"
"2015";"6";"28";"7";"11";"4284";"207.";"4.8";"14.7";"44.";"8.";"271.54";"0.00";"271.54"
"2015";"6";"28";"7";"12";"4285";"207.";"5.2";"15.0";"43.";"7.";"363.92";"117.06";"267.73"
"2015";"6";"28";"7";"13";"4286";"201.";"4.7";"15.1";"44.";"7.";"347.06";"116.35";"255.31"
"2015";"6";"28";"7";"14";"4287";"203.";"4.6";"15.0";"41.";"7.";"309.28";"103.60";"234.22"
"2015";"6";"28";"7";"15";"4288";"192.";"4.6";"14.5";"41.";"7.";"259.32";"90.76";"201.79"
"2015";"6";"28";"7";"16";"4289";"203.";"5.0";"14.3";"45.";"8.";"153.29";"0.00";"153.29"
"2015";"6";"28";"7";"17";"4290";"196.";"3.9";"14.6";"46.";"8.";"103.78";"0.00";"103.78"
"2015";"6";"28";"7";"18";"4291";"190.";"3.9";"14.8";"47.";"8.";"71.96";"0.00";"71.96"
"2015";"6";"28";"7";"19";"4292";"183.";"4.1";"14.7";"50.";"7.";"31.34";"31.95";"26.64"
"2015";"6";"28";"7";"20";"4293";"172.";"4.6";"14.3";"44.";"6.";"0.00";"0.00";"0.00"
"2015";"6";"28";"7";"21";"4294";"176.";"4.4";"14.3";"44.";"6.";"0.00";"0.00";"0.00"
"2015";"6";"28";"7";"22";"4295";"199.";"3.4";"14.4";"52.";"6.";"0.00";"0.00";"0.00"
"2015";"6";"28";"7";"23";"4296";"260.";"2.8";"14.6";"42.";"7.";"0.00";"0.00";"0.00"
"2015";"6";"29";"1";"0";"4297";"241.";"2.5";"14.0";"41.";"8.";"0.00";"0.00";"0.00"
"2015";"6";"29";"1";"1";"4298";"229.";"3.9";"14.0";"37.";"7.";"0.00";"0.00";"0.00"
"2015";"6";"29";"1";"2";"4299";"215.";"4.9";"13.6";"37.";"7.";"0.00";"0.00";"0.00"
"2015";"6";"29";"1";"3";"4300";"207.";"4.5";"13.8";"44.";"8.";"0.00";"0.00";"0.00"
"2015";"6";"29";"1";"4";"4301";"215.";"4.3";"14.0";"45.";"8.";"22.95";"0.00";"22.95"
"2015";"6";"29";"1";"5";"4302";"207.";"3.6";"13.9";"42.";"8.";"64.70";"0.00";"64.70"
"2015";"6";"29";"1";"6";"4303";"209.";"3.6";"13.7";"45.";"7.";"135.44";"54.32";"113.79"
"2015";"6";"29";"1";"7";"4304";"209.";"4.4";"14.3";"44.";"8.";"150.46";"0.00";"150.46"
"2015";"6";"29";"1";"8";"4305";"211.";"4.7";"14.2";"46.";"7.";"243.95";"68.51";"200.55"
"2015";"6";"29";"1";"9";"4306";"224.";"4.6";"14.3";"39.";"7.";"267.36";"48.34";"232.36"
"2015";"6";"29";"1";"10";"4307";"222.";"5.1";"14.6";"40.";"8.";"236.01";"0.00";"236.01"
"2015";"6";"29";"1";"11";"4308";"224.";"5.3";"14.7";"40.";"8.";"242.37";"0.00";"242.37"
"2015";"6";"29";"1";"12";"4309";"220.";"4.7";"15.7";"46.";"8.";"244.43";"0.00";"244.43"
"2015";"6";"29";"1";"13";"4310";"219.";"4.5";"15.5";"43.";"8.";"234.81";"0.00";"234.81"
"2015";"6";"29";"1";"14";"4311";"209.";"4.4";"16.4";"47.";"7.";"298.25";"89.67";"233.33"
"2015";"6";"29";"1";"15";"4312";"202.";"4.5";"16.6";"40.";"5.";"377.40";"270.66";"205.96"
"2015";"6";"29";"1";"16";"4313";"207.";"4.5";"17.0";"44.";"5.";"301.66";"274.50";"158.26"
"2015";"6";"29";"1";"17";"4314";"226.";"3.6";"16.9";"41.";"5.";"224.46";"233.93";"131.22"
"2015";"6";"29";"1";"18";"4315";"256.";"3.7";"16.1";"48.";"7.";"93.46";"66.36";"75.52"
"2015";"6";"29";"1";"19";"4316";"243.";"4.1";"15.3";"55.";"6.";"41.25";"63.70";"31.91"
"2015";"6";"29";"1";"20";"4317";"232.";"3.7";"14.4";"46.";"6.";"0.00";"0.00";"0.00"
"2015";"6";"29";"1";"21";"4318";"236.";"4.3";"14.1";"56.";"8.";"0.00";"0.00";"0.00"
"2015";"6";"29";"1";"22";"4319";"248.";"5.1";"14.4";"56.";"7.";"0.00";"0.00";"0.00"
"2015";"6";"29";"1";"23";"4320";"254.";"5.2";"13.7";"54.";"2.";"0.00";"0.00";"0.00"
"2015";"6";"30";"2";"0";"4321";"258.";"5.5";"13.8";"45.";"7.";"0.00";"0.00";"0.00"
"2015";"6";"30";"2";"1";"4322";"263.";"5.5";"13.7";"53.";"7.";"0.00";"0.00";"0.00"
"2015";"6";"30";"2";"2";"4323";"269.";"5.3";"13.5";"54.";"5.";"0.00";"0.00";"0.00"
"2015";"6";"30";"2";"3";"4324";"264.";"5.7";"13.4";"53.";"6.";"0.00";"0.00";"0.00"
"2015";"6";"30";"2";"4";"4325";"268.";"4.8";"13.5";"52.";"5.";"47.19";"97.92";"32.91"
"2015";"6";"30";"2";"5";"4326";"272.";"5.1";"14.4";"50.";"2.";"171.53";"361.73";"73.97"
"2015";"6";"30";"2";"6";"4327";"276.";"5.2";"14.8";"46.";"2.";"301.24";"478.59";"110.79"
"2015";"6";"30";"2";"7";"4328";"280.";"4.7";"15.6";"45.";"1.";"465.38";"637.86";"132.54"
"2015";"6";"30";"2";"8";"4329";"284.";"4.8";"16.1";"40.";"1.";"598.35";"726.03";"138.86"
"2015";"6";"30";"2";"9";"4330";"272.";"4.9";"16.5";"39.";"1.";"730.03";"771.46";"171.83"
"2015";"6";"30";"2";"10";"4331";"277.";"4.7";"17.5";"38.";"0.";"836.00";"895.78";"130.40"
"2015";"6";"30";"2";"11";"4332";"280.";"4.7";"17.7";"35.";"1.";"850.11";"818.16";"178.50"
"2015";"6";"30";"2";"12";"4333";"283.";"4.9";"18.2";"35.";"0.";"876.85";"901.30";"136.99"
"2015";"6";"30";"2";"13";"4334";"289.";"4.7";"18.5";"34.";"1.";"779.44";"798.58";"150.40"
"2015";"6";"30";"2";"14";"4335";"293.";"4.9";"18.5";"36.";"0.";"757.30";"877.93";"122.06"
"2015";"6";"30";"2";"15";"4336";"296.";"5.1";"17.9";"35.";"1.";"627.66";"769.83";"140.45"
"2015";"6";"30";"2";"16";"4337";"295.";"4.4";"17.7";"37.";"1.";"491.41";"691.57";"130.54"
"2015";"6";"30";"2";"17";"4338";"297.";"3.9";"17.5";"35.";"1.";"353.13";"659.19";"90.81"
"2015";"6";"30";"2";"18";"4339";"297.";"3.7";"16.8";"37.";"1.";"204.49";"514.69";"65.68"
"2015";"6";"30";"2";"19";"4340";"305.";"3.3";"15.9";"41.";"1.";"69.78";"294.27";"26.87"
"2015";"6";"30";"2";"20";"4341";"307.";"2.4";"15.1";"45.";"3.";"0.00";"0.00";"0.00"
"2015";"6";"30";"2";"21";"4342";"277.";"1.6";"14.1";"42.";"1.";"0.00";"0.00";"0.00"
"2015";"6";"30";"2";"22";"4343";"289.";"1.0";"13.2";"44.";"2.";"0.00";"0.00";"0.00"
"2015";"6";"30";"2";"23";"4344";"279.";"0.8";"12.7";"47.";"1.";"0.00";"0.00";"0.00"
"2015";"7";"1";"3";"0";"4345";"274.";"0.8";"12.4";"51.";"0.";"0.00";"0.00";"0.00"
"2015";"7";"1";"3";"1";"4346";"223.";"0.4";"11.8";"54.";"1.";"0.00";"0.00";"0.00"
"2015";"7";"1";"3";"2";"4347";"198.";"0.7";"11.3";"53.";"0.";"0.00";"0.00";"0.00"
"2015";"7";"1";"3";"3";"4348";"192.";"0.6";"11.5";"55.";"0.";"0.00";"0.00";"0.00"
"2015";"7";"1";"3";"4";"4349";"170.";"0.9";"11.7";"45.";"1.";"74.11";"267.37";"35.33"
"2015";"7";"1";"3";"5";"4350";"183.";"1.1";"13.9";"52.";"1.";"192.79";"455.01";"70.42"
"2015";"7";"1";"3";"6";"4351";"205.";"1.7";"15.5";"43.";"0.";"362.15";"674.14";"94.35"
"2015";"7";"1";"3";"7";"4352";"195.";"1.7";"16.8";"45.";"0.";"508.27";"754.91";"114.83"
"2015";"7";"1";"3";"8";"4353";"212.";"2.2";"17.9";"38.";"0.";"654.30";"866.27";"106.58"
"2015";"7";"1";"3";"9";"4354";"215.";"2.7";"18.8";"39.";"0.";"758.26";"862.82";"134.44"
"2015";"7";"1";"3";"10";"4355";"223.";"3.0";"19.9";"35.";"0.";"839.11";"889.33";"139.08"
"2015";"7";"1";"3";"11";"4356";"235.";"3.2";"20.1";"34.";"0.";"879.14";"892.44";"147.02"
"2015";"7";"1";"3";"12";"4357";"240.";"3.2";"20.5";"54.";"0.";"858.99";"853.96";"158.44"
"2015";"7";"1";"3";"13";"4358";"241.";"2.9";"21.2";"50.";"0.";"829.84";"900.88";"120.72"
"2015";"7";"1";"3";"14";"4359";"244.";"2.6";"21.3";"48.";"0.";"754.42";"897.20";"105.75"
"2015";"7";"1";"3";"15";"4360";"257.";"2.2";"21.9";"45.";"0.";"641.46";"851.02";"103.37"
"2015";"7";"1";"3";"16";"4361";"253.";"2.1";"21.6";"45.";"0.";"502.37";"770.94";"100.58"
"2015";"7";"1";"3";"17";"4362";"247.";"1.6";"21.6";"44.";"0.";"355.23";"708.54";"73.77"
"2015";"7";"1";"3";"18";"4363";"233.";"1.3";"21.6";"47.";"0.";"200.37";"574.15";"45.96"
"2015";"7";"1";"3";"19";"4364";"234.";"1.1";"20.8";"52.";"0.";"57.34";"265.61";"18.82"
"2015";"7";"1";"3";"20";"4365";"200.";"0.6";"19.2";"59.";"0.";"0.00";"0.00";"0.00"
"2015";"7";"1";"3";"21";"4366";"156.";"1.1";"17.3";"63.";"0.";"0.00";"0.00";"0.00"
"2015";"7";"1";"3";"22";"4367";"143.";"1.4";"16.2";"65.";"0.";"0.00";"0.00";"0.00"
"2015";"7";"1";"3";"23";"4368";"147.";"1.9";"15.4";"69.";"0.";"0.00";"0.00";"0.00"
"2015";"7";"2";"4";"0";"4369";"148.";"2.3";"14.8";"72.";"0.";"0.00";"0.00";"0.00"
"2015";"7";"2";"4";"1";"4370";"140.";"2.6";"14.0";"76.";"0.";"0.00";"0.00";"0.00"
"2015";"7";"2";"4";"2";"4371";"138.";"2.6";"13.8";"80.";"0.";"0.00";"0.00";"0.00"
"2015";"7";"2";"4";"3";"4372";"127.";"2.4";"13.5";"79.";"0.";"0.00";"0.00";"0.00"
"2015";"7";"2";"4";"4";"4373";"124.";"2.5";"15.1";"76.";"0.";"55.81";"264.65";"17.67"
"2015";"7";"2";"4";"5";"4374";"131.";"2.9";"17.2";"72.";"0.";"192.19";"551.91";"44.22"
"2015";"7";"2";"4";"6";"4375";"141.";"3.5";"20.1";"67.";"0.";"340.82";"695.47";"65.10"
"2015";"7";"2";"4";"7";"4376";"150.";"4.3";"21.5";"51.";"0.";"501.58";"804.79";"82.74"
"2015";"7";"2";"4";"8";"4377";"154.";"4.7";"22.8";"42.";"0.";"645.10";"881.41";"88.41"
"2015";"7";"2";"4";"9";"4378";"158.";"5.0";"23.8";"39.";"0.";"748.43";"857.52";"128.99"
"2015";"7";"2";"4";"10";"4379";"161.";"5.5";"24.8";"39.";"0.";"826.24";"881.98";"132.53"
"2015";"7";"2";"4";"11";"4380";"170.";"5.5";"25.3";"38.";"0.";"867.44";"893.77";"134.77"
"2015";"7";"2";"4";"12";"4381";"175.";"5.7";"25.8";"36.";"0.";"866.64";"885.68";"140.59"
"2015";"7";"2";"4";"13";"4382";"191.";"5.3";"26.0";"37.";"0.";"826.24";"885.51";"129.76"
"2015";"7";"2";"4";"14";"4383";"197.";"5.5";"25.7";"38.";"0.";"751.97";"895.86";"104.83"
"2015";"7";"2";"4";"15";"4384";"215.";"5.8";"24.8";"42.";"0.";"627.52";"789.27";"129.03"
"2015";"7";"2";"4";"16";"4385";"211.";"5.4";"24.4";"44.";"0.";"499.23";"794.52";"85.73"
"2015";"7";"2";"4";"17";"4386";"192.";"4.7";"23.5";"47.";"0.";"347.89";"708.91";"66.84"
"2015";"7";"2";"4";"18";"4387";"189.";"4.3";"23.4";"47.";"0.";"194.16";"559.51";"44.16"
"2015";"7";"2";"4";"19";"4388";"174.";"4.0";"22.7";"49.";"0.";"54.92";"262.95";"17.02"
"2015";"7";"2";"4";"20";"4389";"164.";"3.5";"20.9";"56.";"0.";"0.00";"0.00";"0.00"
"2015";"7";"2";"4";"21";"4390";"144.";"4.0";"20.5";"53.";"0.";"0.00";"0.00";"0.00"
"2015";"7";"2";"4";"22";"4391";"150.";"3.7";"19.6";"54.";"0.";"0.00";"0.00";"0.00"
"2015";"7";"2";"4";"23";"4392";"153.";"3.8";"19.0";"56.";"0.";"0.00";"0.00";"0.00"
"2015";"7";"3";"5";"0";"4393";"145.";"4.3";"18.3";"58.";"0.";"0.00";"0.00";"0.00"
"2015";"7";"3";"5";"1";"4394";"139.";"5.0";"17.4";"61.";"0.";"0.00";"0.00";"0.00"
"2015";"7";"3";"5";"2";"4395";"140.";"4.6";"17.2";"60.";"0.";"0.00";"0.00";"0.00"
"2015";"7";"3";"5";"3";"4396";"140.";"5.0";"16.8";"63.";"0.";"0.00";"0.00";"0.00"
"2015";"7";"3";"5";"4";"4397";"141.";"5.0";"17.1";"62.";"0.";"59.83";"285.06";"19.04"
"2015";"7";"3";"5";"5";"4398";"140.";"5.5";"18.2";"59.";"0.";"196.73";"557.88";"47.69"
"2015";"7";"3";"5";"6";"4399";"148.";"6.0";"20.5";"55.";"0.";"346.91";"698.74";"70.50"
"2015";"7";"3";"5";"7";"4400";"159.";"5.8";"21.7";"53.";"0.";"490.68";"740.85";"105.72"
"2015";"7";"3";"5";"8";"4401";"166.";"6.4";"23.3";"50.";"0.";"631.74";"844.13";"99.24"
"2015";"7";"3";"5";"9";"4402";"181.";"6.6";"24.3";"49.";"0.";"735.75";"840.70";"129.07"
"2015";"7";"3";"5";"10";"4403";"199.";"6.3";"23.2";"52.";"0.";"817.86";"877.72";"128.11"
"2015";"7";"3";"5";"11";"4404";"193.";"6.3";"23.4";"54.";"0.";"852.12";"862.45";"145.69"
"2015";"7";"3";"5";"12";"4405";"196.";"6.0";"23.7";"53.";"1.";"812.76";"741.18";"205.67"
"2015";"7";"3";"5";"13";"4406";"198.";"5.5";"23.7";"56.";"5.";"607.55";"318.95";"356.91"
"2015";"7";"3";"5";"14";"4407";"199.";"5.4";"24.2";"56.";"5.";"575.30";"311.55";"350.47"
"2015";"7";"3";"5";"15";"4408";"212.";"4.5";"23.5";"58.";"4.";"514.52";"399.70";"262.37"
"2015";"7";"3";"5";"16";"4409";"210.";"3.6";"24.0";"57.";"3.";"423.25";"463.28";"182.52"
"2015";"7";"3";"5";"17";"4410";"207.";"3.0";"23.5";"59.";"5.";"251.30";"255.50";"150.23"
"2015";"7";"3";"5";"18";"4411";"211.";"2.7";"22.2";"60.";"6.";"134.72";"126.23";"101.00"
"2015";"7";"3";"5";"19";"4412";"237.";"2.7";"21.2";"64.";"3.";"36.90";"125.12";"19.00"
"2015";"7";"3";"5";"20";"4413";"246.";"2.2";"19.5";"73.";"0.";"0.00";"0.00";"0.00"
"2015";"7";"3";"5";"21";"4414";"276.";"1.4";"18.5";"79.";"0.";"0.00";"0.00";"0.00"
"2015";"7";"3";"5";"22";"4415";"287.";"0.6";"17.9";"82.";"0.";"0.00";"0.00";"0.00"
"2015";"7";"3";"5";"23";"4416";"300.";"0.4";"17.6";"85.";"0.";"0.00";"0.00";"0.00"
"2015";"7";"4";"6";"0";"4417";"116.";"0.2";"16.9";"87.";"1.";"0.00";"0.00";"0.00"
"2015";"7";"4";"6";"1";"4418";"209.";"0.4";"16.5";"89.";"1.";"0.00";"0.00";"0.00"
"2015";"7";"4";"6";"2";"4419";"169.";"1.0";"16.6";"87.";"3.";"0.00";"0.00";"0.00"
"2015";"7";"4";"6";"3";"4420";"137.";"0.7";"16.8";"89.";"4.";"0.00";"0.00";"0.00"
"2015";"7";"4";"6";"4";"4421";"164.";"0.8";"16.7";"87.";"4.";"28.09";"83.17";"16.28"
"2015";"7";"4";"6";"5";"4422";"195.";"1.4";"18.1";"85.";"2.";"153.30";"337.56";"63.47"
"2015";"7";"4";"6";"6";"4423";"199.";"1.6";"19.2";"81.";"4.";"231.00";"282.99";"119.33"
"2015";"7";"4";"6";"7";"4424";"222.";"2.1";"20.7";"76.";"1.";"449.59";"583.47";"146.93"
"2015";"7";"4";"6";"8";"4425";"252.";"2.8";"21.1";"75.";"3.";"455.79";"412.04";"196.21"
"2015";"7";"4";"6";"9";"4426";"278.";"2.4";"21.0";"73.";"3.";"532.94";"404.43";"241.41"
"2015";"7";"4";"6";"10";"4427";"275.";"2.5";"21.6";"70.";"3.";"626.28";"552.38";"192.61"
"2015";"7";"4";"6";"11";"4428";"277.";"2.7";"23.5";"65.";"3.";"711.87";"545.85";"265.18"
"2015";"7";"4";"6";"12";"4429";"279.";"3.8";"23.3";"64.";"5.";"635.69";"326.51";"368.49"
"2015";"7";"4";"6";"13";"4430";"280.";"3.8";"23.5";"63.";"3.";"653.27";"558.42";"214.85"
"2015";"7";"4";"6";"14";"4431";"280.";"3.3";"23.4";"61.";"1.";"701.49";"740.11";"167.98"
"2015";"7";"4";"6";"15";"4432";"292.";"3.1";"22.8";"61.";"5.";"494.47";"322.97";"291.00"
"2015";"7";"4";"6";"16";"4433";"291.";"2.4";"23.7";"58.";"7.";"219.49";"98.21";"168.55"
"2015";"7";"4";"6";"17";"4434";"290.";"2.8";"23.0";"63.";"4.";"276.13";"341.52";"141.36"
"2015";"7";"4";"6";"18";"4435";"308.";"1.9";"22.5";"65.";"7.";"125.59";"64.96";"108.31"
"2015";"7";"4";"6";"19";"4436";"321.";"2.2";"22.1";"67.";"6.";"24.58";"41.62";"18.67"
"2015";"7";"4";"6";"20";"4437";"306.";"2.0";"20.9";"73.";"4.";"0.00";"0.00";"0.00"
"2015";"7";"4";"6";"21";"4438";"329.";"1.4";"20.4";"76.";"8.";"0.00";"0.00";"0.00"
"2015";"7";"4";"6";"22";"4439";"53.";"1.2";"19.8";"78.";"8.";"0.00";"0.00";"0.00"
"2015";"7";"4";"6";"23";"4440";"50.";"1.3";"19.7";"79.";"7.";"0.00";"0.00";"0.00"
"2015";"7";"5";"7";"0";"4441";"17.";"0.6";"18.5";"83.";"1.";"0.00";"0.00";"0.00"
"2015";"7";"5";"7";"1";"4442";"23.";"0.6";"17.8";"85.";"3.";"0.00";"0.00";"0.00"
"2015";"7";"5";"7";"2";"4443";"62.";"1.2";"17.8";"84.";"7.";"0.00";"0.00";"0.00"
"2015";"7";"5";"7";"3";"4444";"142.";"1.3";"17.2";"85.";"2.";"0.00";"0.00";"0.00"
"2015";"7";"5";"7";"4";"4445";"133.";"2.5";"17.7";"86.";"0.";"33.80";"147.03";"13.10"
"2015";"7";"5";"7";"5";"4446";"120.";"1.6";"19.1";"84.";"0.";"169.15";"454.64";"48.68"
"2015";"7";"5";"7";"6";"4447";"73.";"0.5";"21.1";"77.";"0.";"320.17";"615.20";"78.06"
"2015";"7";"5";"7";"7";"4448";"103.";"1.2";"22.8";"65.";"0.";"474.60";"717.93";"102.90"
"2015";"7";"5";"7";"8";"4449";"224.";"0.9";"23.8";"62.";"5.";"478.44";"282.80";"300.54"
"2015";"7";"5";"7";"9";"4450";"227.";"1.1";"24.4";"59.";"8.";"344.20";"0.00";"344.20"
"2015";"7";"5";"7";"10";"4451";"233.";"1.7";"25.1";"59.";"6.";"527.12";"198.85";"371.17"
"2015";"7";"5";"7";"11";"4452";"225.";"2.0";"26.2";"56.";"4.";"698.30";"425.37";"350.55"
"2015";"7";"5";"7";"12";"4453";"246.";"3.4";"26.5";"55.";"8.";"363.15";"0.00";"363.15"
"2015";"7";"5";"7";"13";"4454";"239.";"3.4";"26.6";"53.";"4.";"603.65";"398.97";"290.74"
"2015";"7";"5";"7";"14";"4455";"249.";"3.5";"25.9";"53.";"4.";"597.46";"395.70";"312.56"
"2015";"7";"5";"7";"15";"4456";"261.";"2.6";"26.1";"55.";"3.";"496.45";"500.54";"181.58"
"2015";"7";"5";"7";"16";"4457";"265.";"2.5";"25.2";"55.";"5.";"342.06";"271.88";"201.30"
"2015";"7";"5";"7";"17";"4458";"271.";"2.0";"24.8";"56.";"6.";"204.84";"153.08";"144.60"
"2015";"7";"5";"7";"18";"4459";"269.";"1.4";"24.0";"62.";"7.";"103.96";"57.43";"88.74"
"2015";"7";"5";"7";"19";"4460";"283.";"0.4";"23.4";"64.";"8.";"15.75";"0.00";"15.75"
"2015";"7";"5";"7";"20";"4461";"96.";"0.9";"23.6";"61.";"8.";"0.00";"0.00";"0.00"
"2015";"7";"5";"7";"21";"4462";"85.";"0.9";"22.7";"73.";"7.";"0.00";"0.00";"0.00"
"2015";"7";"5";"7";"22";"4463";"191.";"1.6";"22.1";"75.";"7.";"0.00";"0.00";"0.00"
"2015";"7";"5";"7";"23";"4464";"149.";"2.2";"20.9";"78.";"7.";"0.00";"0.00";"0.00"
"2015";"7";"6";"1";"0";"4465";"124.";"3.8";"20.4";"80.";"7.";"0.00";"0.00";"0.00"
"2015";"7";"6";"1";"1";"4466";"135.";"6.1";"20.5";"83.";"7.";"0.00";"0.00";"0.00"
"2015";"7";"6";"1";"2";"4467";"155.";"7.2";"20.7";"88.";"7.";"0.00";"0.00";"0.00"
"2015";"7";"6";"1";"3";"4468";"168.";"8.1";"20.1";"91.";"8.";"0.00";"0.00";"0.00"
"2015";"7";"6";"1";"4";"4469";"182.";"7.7";"19.5";"91.";"8.";"5.91";"0.00";"5.91"
"2015";"7";"6";"1";"5";"4470";"224.";"7.4";"18.8";"88.";"7.";"64.93";"43.84";"53.36"
"2015";"7";"6";"1";"6";"4471";"223.";"7.7";"17.8";"85.";"8.";"116.09";"0.00";"116.09"
"2015";"7";"6";"1";"7";"4472";"223.";"7.3";"18.2";"79.";"6.";"245.16";"186.73";"148.69"
"2015";"7";"6";"1";"8";"4473";"224.";"7.7";"17.9";"75.";"8.";"190.97";"0.00";"190.97"
"2015";"7";"6";"1";"9";"4474";"228.";"8.7";"18.0";"74.";"6.";"368.54";"197.61";"226.45"
"2015";"7";"6";"1";"10";"4475";"234.";"8.7";"18.0";"73.";"7.";"327.71";"97.83";"251.08"
"2015";"7";"6";"1";"11";"4476";"251.";"8.2";"16.5";"82.";"7.";"361.91";"80.83";"295.90"
"2015";"7";"6";"1";"12";"4477";"258.";"9.2";"17.4";"70.";"7.";"380.12";"100.60";"297.96"
"2015";"7";"6";"1";"13";"4478";"254.";"9.4";"17.6";"67.";"6.";"464.91";"181.26";"322.92"
"2015";"7";"6";"1";"14";"4479";"252.";"9.2";"17.6";"66.";"5.";"439.38";"298.97";"224.41"
"2015";"7";"6";"1";"15";"4480";"250.";"9.5";"18.0";"61.";"6.";"344.28";"192.59";"223.32"
"2015";"7";"6";"1";"16";"4481";"247.";"9.0";"17.8";"64.";"5.";"307.97";"259.17";"174.07"
"2015";"7";"6";"1";"17";"4482";"247.";"9.4";"17.2";"66.";"6.";"184.21";"147.13";"126.48"
"2015";"7";"6";"1";"18";"4483";"249.";"9.6";"16.4";"72.";"5.";"109.42";"166.88";"65.41"
"2015";"7";"6";"1";"19";"4484";"249.";"9.2";"16.0";"75.";"6.";"23.76";"48.49";"17.00"
"2015";"7";"6";"1";"20";"4485";"246.";"8.7";"15.3";"78.";"6.";"0.00";"0.00";"0.00"
"2015";"7";"6";"1";"21";"4486";"247.";"10.0";"15.0";"77.";"6.";"0.00";"0.00";"0.00"
"2015";"7";"6";"1";"22";"4487";"249.";"10.0";"14.5";"79.";"7.";"0.00";"0.00";"0.00"
"2015";"7";"6";"1";"23";"4488";"250.";"9.6";"14.4";"80.";"7.";"0.00";"0.00";"0.00"
"2015";"7";"7";"2";"0";"4489";"251.";"9.6";"14.4";"81.";"7.";"0.00";"0.00";"0.00"
"2015";"7";"7";"2";"1";"4490";"251.";"9.6";"14.4";"79.";"8.";"0.00";"0.00";"0.00"
"2015";"7";"7";"2";"2";"4491";"251.";"9.6";"14.3";"79.";"7.";"0.00";"0.00";"0.00"
"2015";"7";"7";"2";"3";"4492";"253.";"8.6";"14.3";"80.";"7.";"0.00";"0.00";"0.00"
"2015";"7";"7";"2";"4";"4493";"257.";"8.8";"14.3";"80.";"7.";"19.94";"27.18";"16.18"
"2015";"7";"7";"2";"5";"4494";"256.";"8.1";"14.4";"80.";"7.";"76.27";"61.95";"60.01"
"2015";"7";"7";"2";"6";"4495";"259.";"8.4";"14.9";"78.";"7.";"138.47";"79.71";"107.29"
"2015";"7";"7";"2";"7";"4496";"259.";"7.8";"15.1";"75.";"7.";"219.76";"90.68";"173.02"
"2015";"7";"7";"2";"8";"4497";"256.";"7.6";"15.7";"74.";"7.";"284.70";"97.91";"223.31"
"2015";"7";"7";"2";"9";"4498";"253.";"7.9";"16.2";"73.";"6.";"400.09";"203.23";"254.16"
"2015";"7";"7";"2";"10";"4499";"244.";"6.8";"17.4";"71.";"6.";"438.89";"200.80";"281.77"
"2015";"7";"7";"2";"11";"4500";"248.";"6.9";"18.1";"68.";"5.";"578.91";"324.17";"314.48"
"2015";"7";"7";"2";"12";"4501";"245.";"6.6";"18.0";"68.";"5.";"545.58";"313.25";"290.06"
"2015";"7";"7";"2";"13";"4502";"244.";"5.8";"17.8";"70.";"7.";"331.48";"102.78";"251.06"
"2015";"7";"7";"2";"14";"4503";"233.";"4.9";"18.0";"70.";"7.";"300.27";"102.34";"226.78"
"2015";"7";"7";"2";"15";"4504";"211.";"3.9";"17.8";"74.";"7.";"306.04";"97.30";"245.03"
"2015";"7";"7";"2";"16";"4505";"192.";"3.7";"17.8";"74.";"8.";"148.80";"0.00";"148.80"
"2015";"7";"7";"2";"17";"4506";"172.";"5.7";"17.4";"76.";"8.";"102.36";"0.00";"102.36"
"2015";"7";"7";"2";"18";"4507";"167.";"6.4";"16.9";"78.";"8.";"64.22";"0.00";"64.22"
"2015";"7";"7";"2";"19";"4508";"173.";"6.0";"17.2";"83.";"7.";"15.91";"19.08";"13.27"
"2015";"7";"7";"2";"20";"4509";"206.";"4.8";"17.1";"90.";"7.";"0.00";"0.00";"0.00"
"2015";"7";"7";"2";"21";"4510";"210.";"4.1";"16.4";"91.";"6.";"0.00";"0.00";"0.00"
"2015";"7";"7";"2";"22";"4511";"194.";"3.4";"16.4";"92.";"7.";"0.00";"0.00";"0.00"
"2015";"7";"7";"2";"23";"4512";"195.";"3.3";"16.1";"93.";"7.";"0.00";"0.00";"0.00"
"2015";"7";"8";"3";"0";"4513";"176.";"4.1";"16.2";"94.";"8.";"0.00";"0.00";"0.00"
"2015";"7";"8";"3";"1";"4514";"163.";"5.3";"16.3";"91.";"7.";"0.00";"0.00";"0.00"
"2015";"7";"8";"3";"2";"4515";"162.";"5.6";"16.5";"92.";"7.";"0.00";"0.00";"0.00"
"2015";"7";"8";"3";"3";"4516";"190.";"5.5";"16.8";"91.";"8.";"0.00";"0.00";"0.00"
"2015";"7";"8";"3";"4";"4517";"207.";"6.9";"16.4";"91.";"8.";"9.05";"0.00";"9.05"
"2015";"7";"8";"3";"5";"4518";"232.";"6.1";"16.5";"87.";"7.";"67.17";"44.43";"55.57"
"2015";"7";"8";"3";"6";"4519";"235.";"6.9";"15.7";"85.";"8.";"97.65";"0.00";"97.65"
"2015";"7";"8";"3";"7";"4520";"234.";"6.9";"16.5";"82.";"8.";"189.26";"0.00";"189.26"
"2015";"7";"8";"3";"8";"4521";"240.";"7.1";"16.7";"80.";"6.";"313.58";"195.82";"191.03"
"2015";"7";"8";"3";"9";"4522";"234.";"7.2";"16.9";"71.";"6.";"376.44";"216.69";"221.08"
"2015";"7";"8";"3";"10";"4523";"227.";"7.3";"17.5";"67.";"6.";"451.46";"217.52";"281.50"
"2015";"7";"8";"3";"11";"4524";"216.";"7.3";"17.8";"67.";"7.";"350.93";"107.73";"263.16"
"2015";"7";"8";"3";"12";"4525";"214.";"7.8";"17.6";"66.";"7.";"379.39";"99.73";"298.14"
"2015";"7";"8";"3";"13";"4526";"210.";"7.9";"16.9";"77.";"7.";"235.50";"41.80";"202.84"
"2015";"7";"8";"3";"14";"4527";"207.";"8.6";"17.0";"76.";"7.";"387.30";"94.23";"319.75"
"2015";"7";"8";"3";"15";"4528";"219.";"8.3";"16.5";"81.";"8.";"242.47";"0.00";"242.47"
"2015";"7";"8";"3";"16";"4529";"221.";"7.1";"15.3";"84.";"7.";"131.21";"41.53";"109.85"
"2015";"7";"8";"3";"17";"4530";"232.";"6.4";"16.0";"81.";"6.";"168.17";"157.08";"106.94"
"2015";"7";"8";"3";"18";"4531";"233.";"5.9";"15.3";"82.";"7.";"50.28";"29.24";"42.65"
"2015";"7";"8";"3";"19";"4532";"221.";"5.5";"14.8";"84.";"7.";"18.71";"19.72";"16.02"
"2015";"7";"8";"3";"20";"4533";"235.";"6.8";"14.6";"87.";"7.";"0.00";"0.00";"0.00"
"2015";"7";"8";"3";"21";"4534";"253.";"8.9";"14.5";"82.";"8.";"0.00";"0.00";"0.00"
"2015";"7";"8";"3";"22";"4535";"249.";"9.0";"14.2";"80.";"8.";"0.00";"0.00";"0.00"
"2015";"7";"8";"3";"23";"4536";"240.";"8.3";"14.0";"77.";"8.";"0.00";"0.00";"0.00"
"2015";"7";"9";"4";"0";"4537";"234.";"8.2";"14.2";"77.";"8.";"0.00";"0.00";"0.00"
"2015";"7";"9";"4";"1";"4538";"231.";"8.6";"13.9";"79.";"8.";"0.00";"0.00";"0.00"
"2015";"7";"9";"4";"2";"4539";"224.";"8.0";"13.2";"85.";"8.";"0.00";"0.00";"0.00"
"2015";"7";"9";"4";"3";"4540";"227.";"7.4";"13.2";"84.";"8.";"0.00";"0.00";"0.00"
"2015";"7";"9";"4";"4";"4541";"225.";"6.9";"13.6";"86.";"8.";"12.45";"0.00";"12.45"
"2015";"7";"9";"4";"5";"4542";"227.";"4.2";"13.6";"91.";"8.";"50.35";"0.00";"50.35"
"2015";"7";"9";"4";"6";"4543";"326.";"1.8";"13.9";"93.";"7.";"128.45";"61.05";"104.74"
"2015";"7";"9";"4";"7";"4544";"348.";"3.9";"14.8";"87.";"8.";"143.01";"0.00";"143.01"
"2015";"7";"9";"4";"8";"4545";"343.";"4.9";"13.8";"85.";"7.";"252.05";"92.90";"194.02"
"2015";"7";"9";"4";"9";"4546";"350.";"6.1";"13.9";"82.";"8.";"260.69";"0.00";"260.69"
"2015";"7";"9";"4";"10";"4547";"341.";"6.4";"14.0";"80.";"8.";"261.35";"0.00";"261.35"
"2015";"7";"9";"4";"11";"4548";"327.";"6.4";"14.6";"75.";"7.";"410.10";"123.84";"309.34"
"2015";"7";"9";"4";"12";"4549";"321.";"7.3";"15.3";"69.";"7.";"398.09";"116.68";"303.16"
"2015";"7";"9";"4";"13";"4550";"321.";"7.9";"15.7";"65.";"7.";"379.37";"115.13";"289.54"
"2015";"7";"9";"4";"14";"4551";"313.";"8.5";"16.9";"59.";"6.";"469.55";"226.34";"307.54"
"2015";"7";"9";"4";"15";"4552";"301.";"9.0";"16.6";"60.";"4.";"480.34";"409.54";"224.54"
"2015";"7";"9";"4";"16";"4553";"293.";"6.7";"16.7";"63.";"5.";"333.73";"286.67";"186.68"
"2015";"7";"9";"4";"17";"4554";"284.";"6.1";"15.9";"70.";"6.";"173.46";"172.50";"106.45"
"2015";"7";"9";"4";"18";"4555";"278.";"5.4";"15.5";"76.";"8.";"72.11";"0.00";"72.11"
"2015";"7";"9";"4";"19";"4556";"267.";"4.7";"15.0";"80.";"7.";"22.18";"20.82";"19.37"
"2015";"7";"9";"4";"20";"4557";"264.";"4.9";"15.1";"79.";"8.";"0.00";"0.00";"0.00"
"2015";"7";"9";"4";"21";"4558";"285.";"5.2";"15.1";"78.";"8.";"0.00";"0.00";"0.00"
"2015";"7";"9";"4";"22";"4559";"294.";"6.2";"14.2";"75.";"7.";"0.00";"0.00";"0.00"
"2015";"7";"9";"4";"23";"4560";"294.";"6.4";"14.4";"72.";"6.";"0.00";"0.00";"0.00"
"2015";"7";"10";"5";"0";"4561";"299.";"5.7";"13.5";"69.";"7.";"0.00";"0.00";"0.00"
"2015";"7";"10";"5";"1";"4562";"327.";"2.9";"12.4";"79.";"7.";"0.00";"0.00";"0.00"
"2015";"7";"10";"5";"2";"4563";"354.";"2.7";"12.0";"86.";"8.";"0.00";"0.00";"0.00"
"2015";"7";"10";"5";"3";"4564";"331.";"5.1";"11.9";"74.";"7.";"0.00";"0.00";"0.00"
"2015";"7";"10";"5";"4";"4565";"315.";"4.7";"12.2";"75.";"6.";"28.36";"71.37";"18.85"
"2015";"7";"10";"5";"5";"4566";"322.";"5.4";"12.0";"79.";"6.";"70.86";"102.86";"44.34"
"2015";"7";"10";"5";"6";"4567";"322.";"6.6";"13.9";"66.";"2.";"304.88";"561.20";"87.74"
"2015";"7";"10";"5";"7";"4568";"319.";"7.7";"15.1";"58.";"1.";"483.08";"712.75";"118.47"
"2015";"7";"10";"5";"8";"4569";"317.";"8.4";"15.3";"55.";"1.";"615.64";"755.16";"144.95"
"2015";"7";"10";"5";"9";"4570";"318.";"8.2";"15.9";"52.";"1.";"693.27";"753.16";"155.10"
"2015";"7";"10";"5";"10";"4571";"314.";"8.9";"16.4";"51.";"1.";"775.99";"820.81";"136.53"
"2015";"7";"10";"5";"11";"4572";"313.";"9.2";"16.5";"52.";"2.";"737.55";"662.07";"199.64"
"2015";"7";"10";"5";"12";"4573";"311.";"9.4";"17.2";"50.";"2.";"735.88";"655.06";"203.66"
"2015";"7";"10";"5";"13";"4574";"308.";"9.3";"17.3";"49.";"2.";"700.87";"646.48";"197.22"
"2015";"7";"10";"5";"14";"4575";"299.";"8.8";"17.2";"53.";"1.";"691.79";"758.31";"149.94"
"2015";"7";"10";"5";"15";"4576";"298.";"8.8";"17.2";"55.";"1.";"587.82";"735.33";"129.49"
"2015";"7";"10";"5";"16";"4577";"295.";"7.3";"17.1";"54.";"1.";"476.99";"678.45";"129.93"
"2015";"7";"10";"5";"17";"4578";"291.";"6.9";"16.6";"56.";"3.";"266.01";"426.63";"100.94"
"2015";"7";"10";"5";"18";"4579";"290.";"6.6";"16.5";"59.";"1.";"175.10";"457.19";"57.21"
"2015";"7";"10";"5";"19";"4580";"291.";"5.6";"15.4";"69.";"1.";"45.45";"189.33";"20.23"
"2015";"7";"10";"5";"20";"4581";"289.";"4.5";"14.5";"76.";"0.";"0.00";"0.00";"0.00"
"2015";"7";"10";"5";"21";"4582";"287.";"3.5";"14.1";"80.";"0.";"0.00";"0.00";"0.00"
"2015";"7";"10";"5";"22";"4583";"288.";"3.1";"13.8";"84.";"1.";"0.00";"0.00";"0.00"
"2015";"7";"10";"5";"23";"4584";"285.";"3.0";"12.6";"90.";"1.";"0.00";"0.00";"0.00"
"2015";"7";"11";"6";"0";"4585";"291.";"2.9";"12.3";"89.";"0.";"0.00";"0.00";"0.00"
"2015";"7";"11";"6";"1";"4586";"300.";"2.8";"12.3";"90.";"0.";"0.00";"0.00";"0.00"
"2015";"7";"11";"6";"2";"4587";"318.";"1.6";"11.3";"92.";"1.";"0.00";"0.00";"0.00"
"2015";"7";"11";"6";"3";"4588";"351.";"1.3";"10.9";"97.";"3.";"0.00";"0.00";"0.00"
"2015";"7";"11";"6";"4";"4589";"48.";"1.4";"11.6";"96.";"5.";"31.64";"60.84";"23.65"
"2015";"7";"11";"6";"5";"4590";"66.";"1.6";"13.3";"93.";"4.";"142.96";"219.49";"86.74"
"2015";"7";"11";"6";"6";"4591";"27.";"1.1";"14.7";"78.";"1.";"311.30";"594.67";"82.17"
"2015";"7";"11";"6";"7";"4592";"85.";"0.3";"16.1";"69.";"1.";"472.64";"696.79";"117.24"
"2015";"7";"11";"6";"8";"4593";"299.";"1.1";"17.0";"58.";"1.";"611.80";"766.80";"134.92"
"2015";"7";"11";"6";"9";"4594";"292.";"2.4";"17.9";"57.";"1.";"715.72";"774.83";"163.08"
"2015";"7";"11";"6";"10";"4595";"275.";"2.6";"18.5";"56.";"1.";"797.66";"823.08";"157.45"
"2015";"7";"11";"6";"11";"4596";"278.";"4.1";"18.9";"58.";"1.";"822.16";"782.64";"187.24"
"2015";"7";"11";"6";"12";"4597";"278.";"3.8";"18.7";"58.";"4.";"716.00";"451.50";"349.72"
"2015";"7";"11";"6";"13";"4598";"277.";"4.3";"18.3";"60.";"7.";"436.45";"109.98";"350.90"
"2015";"7";"11";"6";"14";"4599";"282.";"4.4";"19.5";"54.";"5.";"557.21";"330.19";"321.70"
"2015";"7";"11";"6";"15";"4600";"283.";"4.7";"19.0";"58.";"2.";"552.52";"623.79";"164.58"
"2015";"7";"11";"6";"16";"4601";"288.";"5.8";"18.5";"66.";"5.";"328.51";"289.17";"181.02"
"2015";"7";"11";"6";"17";"4602";"295.";"4.8";"15.9";"74.";"6.";"210.39";"174.59";"143.12"
"2015";"7";"11";"6";"18";"4603";"296.";"4.4";"15.5";"71.";"7.";"75.50";"66.74";"58.41"
"2015";"7";"11";"6";"19";"4604";"304.";"2.8";"15.3";"70.";"8.";"14.49";"0.00";"14.49"
"2015";"7";"11";"6";"20";"4605";"302.";"2.3";"15.1";"68.";"8.";"0.00";"0.00";"0.00"
"2015";"7";"11";"6";"21";"4606";"284.";"2.2";"14.9";"71.";"8.";"0.00";"0.00";"0.00"
"2015";"7";"11";"6";"22";"4607";"272.";"2.0";"14.6";"76.";"8.";"0.00";"0.00";"0.00"
"2015";"7";"11";"6";"23";"4608";"262.";"1.7";"14.6";"80.";"8.";"0.00";"0.00";"0.00"
"2015";"7";"12";"7";"0";"4609";"248.";"1.7";"14.3";"82.";"8.";"0.00";"0.00";"0.00"
"2015";"7";"12";"7";"1";"4610";"241.";"1.5";"14.4";"82.";"8.";"0.00";"0.00";"0.00"
"2015";"7";"12";"7";"2";"4611";"227.";"1.7";"14.5";"83.";"7.";"0.00";"0.00";"0.00"
"2015";"7";"12";"7";"3";"4612";"212.";"2.1";"14.5";"85.";"8.";"0.00";"0.00";"0.00"
"2015";"7";"12";"7";"4";"4613";"213.";"2.1";"15.0";"86.";"8.";"12.13";"0.00";"12.13"
"2015";"7";"12";"7";"5";"4614";"229.";"2.6";"15.0";"86.";"8.";"49.22";"0.00";"49.22"
"2015";"7";"12";"7";"6";"4615";"228.";"2.9";"14.4";"89.";"8.";"99.23";"0.00";"99.23"
"2015";"7";"12";"7";"7";"4616";"221.";"2.9";"14.5";"89.";"8.";"123.12";"0.00";"123.12"
"2015";"7";"12";"7";"8";"4617";"230.";"3.1";"14.7";"87.";"8.";"170.13";"0.00";"170.13"
"2015";"7";"12";"7";"9";"4618";"231.";"3.3";"15.3";"87.";"8.";"221.36";"0.00";"221.36"
"2015";"7";"12";"7";"10";"4619";"215.";"3.8";"16.4";"83.";"7.";"371.71";"112.81";"284.12"
"2015";"7";"12";"7";"11";"4620";"212.";"3.8";"17.1";"80.";"6.";"429.53";"214.86";"255.51"
"2015";"7";"12";"7";"12";"4621";"213.";"3.7";"17.2";"77.";"7.";"385.50";"114.00";"293.17"
"2015";"7";"12";"7";"13";"4622";"209.";"3.4";"17.8";"73.";"6.";"479.34";"224.17";"305.27"
"2015";"7";"12";"7";"14";"4623";"215.";"3.0";"17.8";"72.";"7.";"395.97";"108.84";"318.49"
"2015";"7";"12";"7";"15";"4624";"224.";"3.5";"17.8";"70.";"7.";"305.33";"99.66";"243.50"
"2015";"7";"12";"7";"16";"4625";"216.";"3.5";"17.3";"71.";"6.";"264.32";"193.85";"165.75"
"2015";"7";"12";"7";"17";"4626";"207.";"2.9";"17.0";"71.";"7.";"176.21";"82.54";"144.55"
"2015";"7";"12";"7";"18";"4627";"197.";"2.6";"16.9";"74.";"5.";"122.23";"200.73";"71.17"
"2015";"7";"12";"7";"19";"4628";"203.";"2.0";"16.4";"78.";"7.";"20.33";"22.31";"17.44"
"2015";"7";"12";"7";"20";"4629";"216.";"1.6";"16.1";"79.";"6.";"0.00";"0.00";"0.00"
"2015";"7";"12";"7";"21";"4630";"247.";"1.5";"15.4";"84.";"6.";"0.00";"0.00";"0.00"
"2015";"7";"12";"7";"22";"4631";"286.";"1.7";"15.7";"86.";"7.";"0.00";"0.00";"0.00"
"2015";"7";"12";"7";"23";"4632";"301.";"2.0";"15.0";"88.";"8.";"0.00";"0.00";"0.00"
"2015";"7";"13";"1";"0";"4633";"299.";"2.6";"14.9";"86.";"8.";"0.00";"0.00";"0.00"
"2015";"7";"13";"1";"1";"4634";"302.";"2.5";"14.7";"87.";"8.";"0.00";"0.00";"0.00"
"2015";"7";"13";"1";"2";"4635";"288.";"2.0";"14.6";"87.";"8.";"0.00";"0.00";"0.00"
"2015";"7";"13";"1";"3";"4636";"286.";"2.2";"14.7";"88.";"8.";"0.00";"0.00";"0.00"
"2015";"7";"13";"1";"4";"4637";"274.";"1.8";"14.7";"89.";"8.";"9.27";"0.00";"9.27"
"2015";"7";"13";"1";"5";"4638";"263.";"2.5";"14.8";"89.";"8.";"59.81";"0.00";"59.81"
"2015";"7";"13";"1";"6";"4639";"262.";"2.8";"14.9";"89.";"8.";"111.09";"0.00";"111.09"
"2015";"7";"13";"1";"7";"4640";"259.";"2.7";"15.5";"87.";"8.";"144.67";"0.00";"144.67"
"2015";"7";"13";"1";"8";"4641";"258.";"3.7";"16.2";"81.";"7.";"250.65";"97.66";"190.21"
"2015";"7";"13";"1";"9";"4642";"268.";"3.6";"16.4";"79.";"7.";"298.21";"104.48";"223.99"
"2015";"7";"13";"1";"10";"4643";"262.";"3.5";"16.2";"77.";"7.";"334.51";"112.18";"247.56"
"2015";"7";"13";"1";"11";"4644";"254.";"3.6";"16.5";"75.";"7.";"351.74";"113.51";"259.96"
"2015";"7";"13";"1";"12";"4645";"252.";"4.0";"17.0";"73.";"7.";"349.65";"110.18";"260.55"
"2015";"7";"13";"1";"13";"4646";"250.";"4.3";"16.6";"75.";"7.";"333.13";"109.80";"248.03"
"2015";"7";"13";"1";"14";"4647";"248.";"3.6";"17.6";"72.";"6.";"397.02";"209.49";"248.20"
"2015";"7";"13";"1";"15";"4648";"247.";"3.2";"17.1";"71.";"7.";"281.85";"100.72";"219.51"
"2015";"7";"13";"1";"16";"4649";"245.";"3.2";"17.2";"71.";"7.";"236.69";"91.82";"190.15"
"2015";"7";"13";"1";"17";"4650";"244.";"2.7";"17.2";"73.";"6.";"195.02";"176.83";"127.50"
"2015";"7";"13";"1";"18";"4651";"248.";"2.7";"16.5";"76.";"5.";"128.65";"181.33";"82.88"
"2015";"7";"13";"1";"19";"4652";"241.";"2.8";"16.4";"73.";"5.";"25.85";"69.19";"17.03"
"2015";"7";"13";"1";"20";"4653";"252.";"3.2";"15.6";"76.";"5.";"0.00";"0.00";"0.00"
"2015";"7";"13";"1";"21";"4654";"243.";"3.1";"14.8";"78.";"7.";"0.00";"0.00";"0.00"
"2015";"7";"13";"1";"22";"4655";"246.";"4.0";"14.3";"80.";"8.";"0.00";"0.00";"0.00"
"2015";"7";"13";"1";"23";"4656";"240.";"3.9";"13.8";"82.";"8.";"0.00";"0.00";"0.00"
"2015";"7";"14";"2";"0";"4657";"238.";"4.1";"13.5";"83.";"8.";"0.00";"0.00";"0.00"
"2015";"7";"14";"2";"1";"4658";"243.";"4.3";"13.8";"85.";"8.";"0.00";"0.00";"0.00"
"2015";"7";"14";"2";"2";"4659";"245.";"4.3";"13.7";"86.";"7.";"0.00";"0.00";"0.00"
"2015";"7";"14";"2";"3";"4660";"234.";"3.5";"13.3";"86.";"8.";"0.00";"0.00";"0.00"
"2015";"7";"14";"2";"4";"4661";"232.";"3.7";"13.2";"87.";"6.";"21.02";"46.12";"15.24"
"2015";"7";"14";"2";"5";"4662";"227.";"3.6";"13.4";"86.";"6.";"103.33";"131.55";"70.38"
"2015";"7";"14";"2";"6";"4663";"230.";"3.9";"14.5";"82.";"7.";"161.45";"80.74";"130.77"
"2015";"7";"14";"2";"7";"4664";"223.";"4.0";"15.2";"79.";"6.";"240.48";"176.96";"151.10"
"2015";"7";"14";"2";"8";"4665";"219.";"3.9";"15.6";"76.";"7.";"251.27";"97.23";"191.25"
"2015";"7";"14";"2";"9";"4666";"216.";"3.9";"16.2";"74.";"6.";"401.25";"207.75";"253.99"
"2015";"7";"14";"2";"10";"4667";"219.";"3.7";"16.9";"71.";"6.";"445.07";"212.74";"280.49"
"2015";"7";"14";"2";"11";"4668";"223.";"4.0";"17.0";"68.";"6.";"467.44";"212.64";"295.81"
"2015";"7";"14";"2";"12";"4669";"229.";"4.2";"17.7";"64.";"3.";"652.63";"526.29";"227.84"
"2015";"7";"14";"2";"13";"4670";"243.";"4.2";"17.9";"63.";"3.";"631.91";"568.87";"191.83"
"2015";"7";"14";"2";"14";"4671";"248.";"4.1";"18.1";"62.";"5.";"468.76";"314.13";"246.09"
"2015";"7";"14";"2";"15";"4672";"246.";"4.2";"17.6";"67.";"5.";"370.71";"304.20";"182.94"
"2015";"7";"14";"2";"16";"4673";"252.";"3.8";"17.8";"66.";"4.";"330.79";"380.60";"138.55"
"2015";"7";"14";"2";"17";"4674";"252.";"3.1";"17.5";"65.";"2.";"280.88";"506.42";"88.45"
"2015";"7";"14";"2";"18";"4675";"262.";"3.8";"17.2";"65.";"3.";"142.43";"321.60";"61.89"
"2015";"7";"14";"2";"19";"4676";"251.";"3.9";"16.5";"70.";"1.";"33.17";"162.11";"12.85"
"2015";"7";"14";"2";"20";"4677";"247.";"3.8";"15.8";"77.";"4.";"0.00";"0.00";"0.00"
"2015";"7";"14";"2";"21";"4678";"245.";"4.1";"14.8";"82.";"2.";"0.00";"0.00";"0.00"
"2015";"7";"14";"2";"22";"4679";"234.";"3.6";"14.2";"86.";"5.";"0.00";"0.00";"0.00"
"2015";"7";"14";"2";"23";"4680";"233.";"3.6";"14.0";"87.";"7.";"0.00";"0.00";"0.00"
"2015";"7";"15";"3";"0";"4681";"235.";"4.2";"14.3";"88.";"7.";"0.00";"0.00";"0.00"
"2015";"7";"15";"3";"1";"4682";"232.";"4.1";"14.1";"87.";"7.";"0.00";"0.00";"0.00"
"2015";"7";"15";"3";"2";"4683";"238.";"4.4";"14.4";"86.";"8.";"0.00";"0.00";"0.00"
"2015";"7";"15";"3";"3";"4684";"243.";"4.0";"14.3";"84.";"6.";"0.00";"0.00";"0.00"
"2015";"7";"15";"3";"4";"4685";"242.";"3.8";"14.0";"84.";"5.";"21.26";"53.71";"14.65"
"2015";"7";"15";"3";"5";"4686";"234.";"3.5";"14.4";"83.";"4.";"119.44";"214.65";"66.13"
"2015";"7";"15";"3";"6";"4687";"230.";"3.2";"15.4";"83.";"5.";"188.57";"216.39";"106.77"
"2015";"7";"15";"3";"7";"4688";"230.";"2.7";"16.1";"83.";"7.";"212.41";"86.38";"168.94"
"2015";"7";"15";"3";"8";"4689";"261.";"3.3";"17.3";"82.";"5.";"358.00";"274.33";"189.14"
"2015";"7";"15";"3";"9";"4690";"263.";"4.1";"17.4";"79.";"6.";"364.24";"203.04";"220.64"
"2015";"7";"15";"3";"10";"4691";"269.";"5.7";"17.7";"76.";"5.";"480.33";"317.45";"235.24"
"2015";"7";"15";"3";"11";"4692";"270.";"6.6";"17.8";"68.";"5.";"547.46";"336.28";"276.54"
"2015";"7";"15";"3";"12";"4693";"270.";"5.9";"18.0";"63.";"5.";"548.07";"333.83";"279.12"
"2015";"7";"15";"3";"13";"4694";"270.";"6.2";"17.6";"63.";"4.";"560.05";"442.57";"218.36"
"2015";"7";"15";"3";"14";"4695";"266.";"6.0";"17.1";"67.";"5.";"463.14";"299.92";"251.03"
"2015";"7";"15";"3";"15";"4696";"263.";"5.5";"16.9";"66.";"5.";"365.89";"284.26";"190.92"
"2015";"7";"15";"3";"16";"4697";"258.";"5.5";"16.7";"67.";"3.";"367.68";"455.65";"138.37"
"2015";"7";"15";"3";"17";"4698";"250.";"5.2";"16.2";"69.";"4.";"224.75";"325.23";"101.81"
"2015";"7";"15";"3";"18";"4699";"250.";"5.4";"15.9";"71.";"3.";"137.81";"290.81";"65.58"
"2015";"7";"15";"3";"19";"4700";"248.";"5.4";"15.4";"74.";"2.";"28.55";"119.28";"13.86"
"2015";"7";"15";"3";"20";"4701";"239.";"4.9";"14.4";"79.";"3.";"0.00";"0.00";"0.00"
"2015";"7";"15";"3";"21";"4702";"237.";"5.2";"14.4";"81.";"6.";"0.00";"0.00";"0.00"
"2015";"7";"15";"3";"22";"4703";"237.";"5.0";"14.3";"83.";"5.";"0.00";"0.00";"0.00"
"2015";"7";"15";"3";"23";"4704";"248.";"5.0";"14.7";"83.";"3.";"0.00";"0.00";"0.00"
"2015";"7";"16";"4";"0";"4705";"260.";"5.1";"14.6";"82.";"1.";"0.00";"0.00";"0.00"
"2015";"7";"16";"4";"1";"4706";"266.";"5.2";"14.5";"80.";"0.";"0.00";"0.00";"0.00"
"2015";"7";"16";"4";"2";"4707";"272.";"5.1";"14.3";"78.";"0.";"0.00";"0.00";"0.00"
"2015";"7";"16";"4";"3";"4708";"272.";"5.6";"14.2";"78.";"0.";"0.00";"0.00";"0.00"
"2015";"7";"16";"4";"4";"4709";"274.";"5.5";"14.3";"77.";"0.";"32.99";"161.94";"13.42"
"2015";"7";"16";"4";"5";"4710";"274.";"5.0";"14.8";"72.";"0.";"170.32";"471.48";"54.25"
"2015";"7";"16";"4";"6";"4711";"276.";"5.5";"15.2";"71.";"0.";"328.23";"684.34";"70.93"
"2015";"7";"16";"4";"7";"4712";"276.";"5.9";"15.8";"66.";"0.";"479.27";"755.07";"100.70"
"2015";"7";"16";"4";"8";"4713";"274.";"5.7";"16.0";"64.";"1.";"578.15";"744.64";"121.11"
"2015";"7";"16";"4";"9";"4714";"274.";"5.9";"16.3";"62.";"1.";"683.76";"774.91";"137.01"
"2015";"7";"16";"4";"10";"4715";"274.";"5.9";"16.8";"60.";"2.";"694.85";"670.60";"178.19"
"2015";"7";"16";"4";"11";"4716";"276.";"6.0";"16.5";"59.";"2.";"765.93";"697.09";"205.44"
"2015";"7";"16";"4";"12";"4717";"277.";"6.0";"17.1";"58.";"2.";"729.10";"670.38";"190.08"
"2015";"7";"16";"4";"13";"4718";"275.";"5.9";"16.7";"56.";"1.";"760.99";"796.35";"147.44"
"2015";"7";"16";"4";"14";"4719";"274.";"5.7";"17.0";"54.";"1.";"687.10";"780.30";"136.55"
"2015";"7";"16";"4";"15";"4720";"275.";"5.7";"17.2";"54.";"0.";"626.55";"857.15";"100.45"
"2015";"7";"16";"4";"16";"4721";"277.";"4.9";"17.2";"54.";"0.";"486.38";"786.55";"92.03"
"2015";"7";"16";"4";"17";"4722";"281.";"4.9";"17.3";"53.";"0.";"335.58";"711.09";"68.22"
"2015";"7";"16";"4";"18";"4723";"279.";"4.1";"16.7";"59.";"0.";"176.25";"520.06";"48.21"
"2015";"7";"16";"4";"19";"4724";"276.";"4.2";"16.3";"64.";"0.";"36.15";"188.19";"13.42"
"2015";"7";"16";"4";"20";"4725";"271.";"3.6";"15.4";"70.";"0.";"0.00";"0.00";"0.00"
"2015";"7";"16";"4";"21";"4726";"262.";"3.3";"14.4";"75.";"0.";"0.00";"0.00";"0.00"
"2015";"7";"16";"4";"22";"4727";"270.";"2.6";"12.8";"83.";"0.";"0.00";"0.00";"0.00"
"2015";"7";"16";"4";"23";"4728";"295.";"2.0";"12.5";"87.";"0.";"0.00";"0.00";"0.00"
"2015";"7";"17";"5";"0";"4729";"323.";"2.9";"12.0";"91.";"0.";"0.00";"0.00";"0.00"
"2015";"7";"17";"5";"1";"4730";"11.";"3.0";"10.6";"90.";"1.";"0.00";"0.00";"0.00"
"2015";"7";"17";"5";"2";"4731";"24.";"2.7";"10.5";"88.";"1.";"0.00";"0.00";"0.00"
"2015";"7";"17";"5";"3";"4732";"23.";"3.3";"9.3";"80.";"0.";"0.00";"0.00";"0.00"
"2015";"7";"17";"5";"4";"4733";"20.";"2.7";"9.5";"84.";"0.";"43.30";"244.29";"14.37"
"2015";"7";"17";"5";"5";"4734";"24.";"2.8";"11.2";"79.";"0.";"178.38";"555.40";"42.90"
"2015";"7";"17";"5";"6";"4735";"50.";"3.6";"13.3";"71.";"1.";"319.14";"615.97";"88.85"
"2015";"7";"17";"5";"7";"4736";"55.";"3.2";"14.3";"66.";"2.";"415.74";"614.53";"108.86"
"2015";"7";"17";"5";"8";"4737";"60.";"2.5";"15.9";"58.";"1.";"600.42";"744.93";"144.58"
"2015";"7";"17";"5";"9";"4738";"56.";"1.7";"17.0";"53.";"0.";"740.47";"900.57";"106.66"
"2015";"7";"17";"5";"10";"4739";"41.";"1.6";"17.8";"50.";"0.";"820.59";"916.73";"115.84"
"2015";"7";"17";"5";"11";"4740";"99.";"1.4";"18.8";"46.";"1.";"854.02";"846.62";"174.70"
"2015";"7";"17";"5";"12";"4741";"118.";"1.1";"20.1";"44.";"5.";"680.32";"347.47";"401.51"
"2015";"7";"17";"5";"13";"4742";"155.";"0.6";"19.3";"48.";"5.";"660.75";"359.51";"384.37"
"2015";"7";"17";"5";"14";"4743";"233.";"2.2";"19.4";"53.";"5.";"577.92";"328.53";"346.71"
"2015";"7";"17";"5";"15";"4744";"194.";"2.0";"18.7";"51.";"5.";"490.85";"328.74";"289.69"
"2015";"7";"17";"5";"16";"4745";"182.";"1.4";"18.6";"58.";"6.";"346.67";"208.58";"242.51"
"2015";"7";"17";"5";"17";"4746";"228.";"1.9";"17.7";"66.";"8.";"183.03";"0.00";"183.03"
"2015";"7";"17";"5";"18";"4747";"217.";"2.8";"16.3";"75.";"7.";"79.54";"54.42";"66.27"
"2015";"7";"17";"5";"19";"4748";"184.";"1.2";"16.1";"82.";"8.";"8.44";"0.00";"8.44"
"2015";"7";"17";"5";"20";"4749";"128.";"2.5";"16.5";"81.";"8.";"0.00";"0.00";"0.00"
"2015";"7";"17";"5";"21";"4750";"130.";"4.1";"16.5";"78.";"8.";"0.00";"0.00";"0.00"
"2015";"7";"17";"5";"22";"4751";"145.";"5.4";"16.8";"77.";"8.";"0.00";"0.00";"0.00"
"2015";"7";"17";"5";"23";"4752";"149.";"6.8";"17.3";"68.";"8.";"0.00";"0.00";"0.00"
"2015";"7";"18";"6";"0";"4753";"161.";"7.9";"17.2";"60.";"8.";"0.00";"0.00";"0.00"
"2015";"7";"18";"6";"1";"4754";"169.";"8.8";"16.6";"77.";"8.";"0.00";"0.00";"0.00"
"2015";"7";"18";"6";"2";"4755";"186.";"8.0";"16.2";"92.";"8.";"0.00";"0.00";"0.00"
"2015";"7";"18";"6";"3";"4756";"208.";"6.9";"17.0";"90.";"8.";"0.00";"0.00";"0.00"
"2015";"7";"18";"6";"4";"4757";"212.";"6.7";"16.8";"89.";"8.";"3.35";"0.00";"3.35"
"2015";"7";"18";"6";"5";"4758";"221.";"6.9";"16.3";"90.";"7.";"69.63";"39.33";"60.13"
"2015";"7";"18";"6";"6";"4759";"226.";"6.9";"16.5";"86.";"6.";"162.87";"126.76";"115.76"
"2015";"7";"18";"6";"7";"4760";"236.";"6.7";"17.2";"76.";"3.";"366.61";"402.96";"166.22"
"2015";"7";"18";"6";"8";"4761";"240.";"6.3";"17.5";"71.";"2.";"503.44";"532.39";"178.69"
"2015";"7";"18";"6";"9";"4762";"236.";"6.2";"18.4";"66.";"0.";"713.04";"804.34";"148.43"
"2015";"7";"18";"6";"10";"4763";"239.";"6.6";"18.6";"62.";"1.";"742.36";"748.27";"168.44"
"2015";"7";"18";"6";"11";"4764";"237.";"6.4";"19.3";"58.";"2.";"747.99";"667.96";"213.18"
"2015";"7";"18";"6";"12";"4765";"232.";"6.2";"19.2";"57.";"3.";"683.05";"539.63";"250.98"
"2015";"7";"18";"6";"13";"4766";"238.";"6.5";"18.8";"58.";"5.";"513.81";"329.53";"261.06"
"2015";"7";"18";"6";"14";"4767";"243.";"7.2";"19.1";"59.";"5.";"487.11";"307.82";"271.03"
"2015";"7";"18";"6";"15";"4768";"243.";"7.4";"18.2";"61.";"6.";"306.67";"189.91";"190.83"
"2015";"7";"18";"6";"16";"4769";"241.";"7.3";"17.7";"60.";"7.";"209.53";"85.29";"167.12"
"2015";"7";"18";"6";"17";"4770";"244.";"7.4";"17.2";"61.";"8.";"97.91";"0.00";"97.91"
"2015";"7";"18";"6";"18";"4771";"246.";"8.0";"16.7";"62.";"7.";"69.20";"62.06";"54.21"
"2015";"7";"18";"6";"19";"4772";"243.";"8.0";"16.0";"65.";"6.";"17.12";"38.98";"12.60"
"2015";"7";"18";"6";"20";"4773";"242.";"8.4";"14.8";"69.";"6.";"0.00";"0.00";"0.00"
"2015";"7";"18";"6";"21";"4774";"237.";"8.1";"15.0";"70.";"7.";"0.00";"0.00";"0.00"
"2015";"7";"18";"6";"22";"4775";"232.";"8.3";"15.0";"70.";"7.";"0.00";"0.00";"0.00"
"2015";"7";"18";"6";"23";"4776";"235.";"8.8";"14.9";"71.";"7.";"0.00";"0.00";"0.00"
"2015";"7";"19";"7";"0";"4777";"235.";"8.3";"15.0";"73.";"7.";"0.00";"0.00";"0.00"
"2015";"7";"19";"7";"1";"4778";"238.";"7.6";"14.9";"74.";"8.";"0.00";"0.00";"0.00"
"2015";"7";"19";"7";"2";"4779";"236.";"7.4";"14.4";"76.";"8.";"0.00";"0.00";"0.00"
"2015";"7";"19";"7";"3";"4780";"235.";"7.2";"14.2";"79.";"7.";"0.00";"0.00";"0.00"
"2015";"7";"19";"7";"4";"4781";"233.";"7.2";"14.1";"83.";"6.";"11.05";"24.76";"8.24"
"2015";"7";"19";"7";"5";"4782";"234.";"7.3";"14.2";"83.";"5.";"91.79";"142.50";"57.72"
"2015";"7";"19";"7";"6";"4783";"236.";"7.3";"14.4";"79.";"6.";"154.47";"132.86";"105.40"
"2015";"7";"19";"7";"7";"4784";"239.";"7.4";"15.0";"79.";"6.";"250.64";"160.32";"171.26"
"2015";"7";"19";"7";"8";"4785";"239.";"6.7";"16.0";"74.";"5.";"358.91";"279.82";"188.80"
"2015";"7";"19";"7";"9";"4786";"233.";"6.4";"16.5";"70.";"6.";"361.76";"197.45";"223.54"
"2015";"7";"19";"7";"10";"4787";"235.";"5.6";"16.8";"68.";"5.";"505.22";"308.18";"269.41"
"2015";"7";"19";"7";"11";"4788";"228.";"4.8";"17.3";"65.";"7.";"344.88";"106.77";"259.58"
"2015";"7";"19";"7";"12";"4789";"214.";"4.6";"17.1";"69.";"6.";"425.17";"211.00";"256.61"
"2015";"7";"19";"7";"13";"4790";"213.";"4.4";"17.5";"71.";"7.";"348.15";"85.70";"282.57"
"2015";"7";"19";"7";"14";"4791";"219.";"4.0";"17.6";"72.";"8.";"252.14";"0.00";"252.14"
"2015";"7";"19";"7";"15";"4792";"209.";"4.1";"17.2";"77.";"8.";"211.55";"0.00";"211.55"
"2015";"7";"19";"7";"16";"4793";"198.";"3.8";"16.0";"81.";"7.";"230.83";"94.37";"184.10"
"2015";"7";"19";"7";"17";"4794";"213.";"3.6";"14.9";"85.";"6.";"188.72";"131.03";"140.33"
"2015";"7";"19";"7";"18";"4795";"254.";"4.2";"14.8";"86.";"7.";"51.87";"30.86";"44.49"
"2015";"7";"19";"7";"19";"4796";"275.";"4.3";"14.5";"86.";"7.";"4.88";"6.64";"4.13"
"2015";"7";"19";"7";"20";"4797";"276.";"3.6";"14.2";"87.";"7.";"0.00";"0.00";"0.00"
"2015";"7";"19";"7";"21";"4798";"276.";"4.3";"14.1";"86.";"8.";"0.00";"0.00";"0.00"
"2015";"7";"19";"7";"22";"4799";"278.";"3.9";"13.6";"90.";"7.";"0.00";"0.00";"0.00"
"2015";"7";"19";"7";"23";"4800";"289.";"3.6";"13.4";"91.";"7.";"0.00";"0.00";"0.00"
"2015";"7";"20";"1";"0";"4801";"294.";"3.2";"13.3";"90.";"8.";"0.00";"0.00";"0.00"
"2015";"7";"20";"1";"1";"4802";"297.";"2.9";"13.3";"87.";"7.";"0.00";"0.00";"0.00"
"2015";"7";"20";"1";"2";"4803";"293.";"2.0";"13.4";"84.";"7.";"0.00";"0.00";"0.00"
"2015";"7";"20";"1";"3";"4804";"282.";"2.8";"13.3";"88.";"8.";"0.00";"0.00";"0.00"
"2015";"7";"20";"1";"4";"4805";"284.";"3.8";"14.1";"85.";"8.";"6.01";"0.00";"6.01"
"2015";"7";"20";"1";"5";"4806";"277.";"4.3";"13.9";"84.";"7.";"71.25";"60.68";"56.89"
"2015";"7";"20";"1";"6";"4807";"271.";"4.8";"14.0";"81.";"7.";"129.74";"83.83";"98.98"
"2015";"7";"20";"1";"7";"4808";"267.";"4.7";"14.9";"81.";"6.";"238.26";"194.39";"142.44"
"2015";"7";"20";"1";"8";"4809";"264.";"4.4";"15.8";"77.";"4.";"416.52";"407.96";"169.37"
"2015";"7";"20";"1";"9";"4810";"250.";"5.1";"16.1";"77.";"6.";"394.56";"207.95";"249.40"
"2015";"7";"20";"1";"10";"4811";"249.";"5.3";"16.6";"74.";"5.";"519.42";"348.67";"253.29"
"2015";"7";"20";"1";"11";"4812";"250.";"5.2";"17.4";"71.";"4.";"577.99";"438.86";"228.22"
"2015";"7";"20";"1";"12";"4813";"253.";"5.3";"17.9";"67.";"4.";"582.92";"455.97";"219.51"
"2015";"7";"20";"1";"13";"4814";"254.";"4.8";"17.5";"68.";"5.";"517.09";"338.41";"258.80"
"2015";"7";"20";"1";"14";"4815";"261.";"5.0";"17.8";"67.";"4.";"498.36";"440.51";"190.86"
"2015";"7";"20";"1";"15";"4816";"257.";"4.8";"17.1";"68.";"6.";"335.30";"205.73";"210.66"
"2015";"7";"20";"1";"16";"4817";"258.";"4.7";"17.1";"67.";"4.";"323.89";"388.54";"132.37"
"2015";"7";"20";"1";"17";"4818";"253.";"4.0";"17.2";"68.";"4.";"229.84";"340.53";"104.88"
"2015";"7";"20";"1";"18";"4819";"253.";"3.9";"16.4";"70.";"4.";"119.53";"258.78";"58.32"
"2015";"7";"20";"1";"19";"4820";"257.";"3.6";"15.9";"72.";"6.";"11.25";"32.00";"7.71"
"2015";"7";"20";"1";"20";"4821";"260.";"3.3";"15.3";"74.";"6.";"0.00";"0.00";"0.00"
"2015";"7";"20";"1";"21";"4822";"249.";"3.1";"14.7";"77.";"6.";"0.00";"0.00";"0.00"
"2015";"7";"20";"1";"22";"4823";"245.";"3.2";"14.4";"81.";"5.";"0.00";"0.00";"0.00"
"2015";"7";"20";"1";"23";"4824";"224.";"2.8";"13.7";"83.";"3.";"0.00";"0.00";"0.00"
"2015";"7";"21";"2";"0";"4825";"215.";"2.8";"12.8";"85.";"6.";"0.00";"0.00";"0.00"
"2015";"7";"21";"2";"1";"4826";"197.";"2.9";"12.9";"86.";"6.";"0.00";"0.00";"0.00"
"2015";"7";"21";"2";"2";"4827";"189.";"3.0";"13.0";"86.";"6.";"0.00";"0.00";"0.00"
"2015";"7";"21";"2";"3";"4828";"177.";"3.6";"12.7";"87.";"7.";"0.00";"0.00";"0.00"
"2015";"7";"21";"2";"4";"4829";"163.";"4.2";"13.2";"86.";"8.";"7.73";"0.00";"7.73"
"2015";"7";"21";"2";"5";"4830";"161.";"4.5";"13.5";"88.";"8.";"80.64";"0.00";"80.64"
"2015";"7";"21";"2";"6";"4831";"154.";"5.5";"13.5";"90.";"7.";"152.93";"81.02";"123.40"
"2015";"7";"21";"2";"7";"4832";"158.";"7.0";"14.2";"88.";"7.";"202.18";"81.64";"162.13"
"2015";"7";"21";"2";"8";"4833";"148.";"6.9";"14.6";"91.";"8.";"199.14";"0.00";"199.14"
"2015";"7";"21";"2";"9";"4834";"146.";"8.7";"14.9";"90.";"8.";"197.01";"0.00";"197.01"
"2015";"7";"21";"2";"10";"4835";"151.";"8.7";"15.4";"93.";"7.";"277.63";"48.46";"240.73"
"2015";"7";"21";"2";"11";"4836";"180.";"7.1";"16.5";"95.";"8.";"226.27";"0.00";"226.27"
"2015";"7";"21";"2";"12";"4837";"243.";"6.8";"17.0";"95.";"8.";"269.61";"0.00";"269.61"
"2015";"7";"21";"2";"13";"4838";"261.";"8.2";"16.8";"85.";"7.";"374.68";"118.76";"284.27"
"2015";"7";"21";"2";"14";"4839";"267.";"7.8";"16.9";"82.";"8.";"225.87";"0.00";"225.87"
"2015";"7";"21";"2";"15";"4840";"270.";"7.8";"17.0";"83.";"7.";"245.20";"102.48";"183.33"
"2015";"7";"21";"2";"16";"4841";"271.";"7.3";"16.8";"78.";"6.";"256.37";"197.54";"159.46"
"2015";"7";"21";"2";"17";"4842";"267.";"6.4";"16.8";"78.";"6.";"154.05";"154.97";"97.56"
"2015";"7";"21";"2";"18";"4843";"263.";"6.1";"16.4";"77.";"1.";"136.90";"363.57";"51.85"
"2015";"7";"21";"2";"19";"4844";"257.";"6.2";"15.7";"79.";"0.";"14.01";"75.60";"5.86"
"2015";"7";"21";"2";"20";"4845";"252.";"5.7";"15.2";"82.";"1.";"0.00";"0.00";"0.00"
"2015";"7";"21";"2";"21";"4846";"251.";"6.0";"14.9";"84.";"2.";"0.00";"0.00";"0.00"
"2015";"7";"21";"2";"22";"4847";"247.";"6.2";"14.9";"85.";"4.";"0.00";"0.00";"0.00"
"2015";"7";"21";"2";"23";"4848";"240.";"5.5";"14.9";"86.";"7.";"0.00";"0.00";"0.00"
"2015";"7";"22";"3";"0";"4849";"241.";"5.4";"15.1";"87.";"6.";"0.00";"0.00";"0.00"
"2015";"7";"22";"3";"1";"4850";"231.";"5.1";"15.3";"89.";"7.";"0.00";"0.00";"0.00"
"2015";"7";"22";"3";"2";"4851";"232.";"6.0";"15.3";"90.";"8.";"0.00";"0.00";"0.00"
"2015";"7";"22";"3";"3";"4852";"238.";"5.8";"15.4";"89.";"8.";"0.00";"0.00";"0.00"
"2015";"7";"22";"3";"4";"4853";"241.";"6.0";"15.9";"88.";"8.";"1.13";"0.00";"1.13"
"2015";"7";"22";"3";"5";"4854";"240.";"6.3";"15.9";"89.";"8.";"40.88";"0.00";"40.88"
"2015";"7";"22";"3";"6";"4855";"238.";"6.5";"15.8";"90.";"7.";"114.63";"57.17";"93.93"
"2015";"7";"22";"3";"7";"4856";"239.";"6.7";"16.5";"86.";"7.";"175.31";"69.34";"141.46"
"2015";"7";"22";"3";"8";"4857";"238.";"6.6";"16.8";"84.";"8.";"173.86";"0.00";"173.86"
"2015";"7";"22";"3";"9";"4858";"240.";"5.6";"17.5";"81.";"7.";"311.90";"88.79";"250.29"
"2015";"7";"22";"3";"10";"4859";"240.";"5.3";"18.4";"78.";"5.";"465.47";"300.04";"237.68"
"2015";"7";"22";"3";"11";"4860";"238.";"5.0";"19.1";"76.";"5.";"548.70";"294.63";"315.04"
"2015";"7";"22";"3";"12";"4861";"237.";"4.7";"19.3";"72.";"6.";"453.25";"207.41";"288.76"
"2015";"7";"22";"3";"13";"4862";"236.";"4.4";"18.5";"73.";"7.";"363.07";"112.07";"277.98"
"2015";"7";"22";"3";"14";"4863";"243.";"4.0";"19.2";"69.";"7.";"410.92";"108.36";"335.73"
"2015";"7";"22";"3";"15";"4864";"247.";"3.7";"19.4";"70.";"6.";"326.02";"196.32";"207.95"
"2015";"7";"22";"3";"16";"4865";"237.";"3.0";"18.6";"72.";"7.";"203.14";"89.02";"159.68"
"2015";"7";"22";"3";"17";"4866";"244.";"2.9";"18.8";"75.";"7.";"120.84";"74.59";"93.84"
"2015";"7";"22";"3";"18";"4867";"248.";"2.6";"17.9";"79.";"8.";"49.31";"0.00";"49.31"
"2015";"7";"22";"3";"19";"4868";"257.";"2.2";"17.3";"82.";"8.";"1.16";"0.00";"1.16"
"2015";"7";"22";"3";"20";"4869";"252.";"1.7";"16.5";"84.";"8.";"0.00";"0.00";"0.00"
"2015";"7";"22";"3";"21";"4870";"240.";"2.0";"15.9";"87.";"7.";"0.00";"0.00";"0.00"
"2015";"7";"22";"3";"22";"4871";"242.";"2.4";"15.8";"88.";"7.";"0.00";"0.00";"0.00"
"2015";"7";"22";"3";"23";"4872";"235.";"2.9";"15.7";"89.";"8.";"0.00";"0.00";"0.00"
"2015";"7";"23";"4";"0";"4873";"237.";"3.7";"16.0";"88.";"8.";"0.00";"0.00";"0.00"
"2015";"7";"23";"4";"1";"4874";"238.";"5.1";"15.7";"85.";"8.";"0.00";"0.00";"0.00"
"2015";"7";"23";"4";"2";"4875";"248.";"6.8";"14.4";"85.";"8.";"0.00";"0.00";"0.00"
"2015";"7";"23";"4";"3";"4876";"243.";"6.5";"14.1";"86.";"7.";"0.00";"0.00";"0.00"
"2015";"7";"23";"4";"4";"4877";"240.";"6.3";"13.8";"87.";"5.";"5.91";"19.89";"3.88"
"2015";"7";"23";"4";"5";"4878";"245.";"5.2";"14.2";"85.";"7.";"59.97";"55.71";"47.24"
"2015";"7";"23";"4";"6";"4879";"256.";"5.0";"14.1";"80.";"8.";"93.52";"0.00";"93.52"
"2015";"7";"23";"4";"7";"4880";"257.";"5.6";"14.7";"76.";"6.";"233.76";"186.44";"143.21"
"2015";"7";"23";"4";"8";"4881";"259.";"7.0";"15.1";"67.";"5.";"363.52";"309.48";"178.12"
"2015";"7";"23";"4";"9";"4882";"262.";"7.7";"15.7";"65.";"4.";"492.59";"419.26";"202.62"
"2015";"7";"23";"4";"10";"4883";"267.";"7.6";"16.0";"64.";"3.";"613.94";"535.14";"208.81"
"2015";"7";"23";"4";"11";"4884";"269.";"8.2";"16.3";"60.";"3.";"644.45";"529.77";"225.43"
"2015";"7";"23";"4";"12";"4885";"267.";"9.0";"16.7";"61.";"4.";"640.52";"444.68";"288.80"
"2015";"7";"23";"4";"13";"4886";"260.";"8.6";"16.4";"61.";"4.";"581.77";"436.74";"251.12"
"2015";"7";"23";"4";"14";"4887";"258.";"7.6";"16.9";"61.";"5.";"429.43";"313.96";"212.29"
"2015";"7";"23";"4";"15";"4888";"260.";"8.2";"16.6";"62.";"5.";"386.04";"300.55";"205.99"
"2015";"7";"23";"4";"16";"4889";"261.";"7.9";"16.4";"61.";"2.";"395.35";"566.31";"120.28"
"2015";"7";"23";"4";"17";"4890";"263.";"7.8";"16.2";"66.";"4.";"224.07";"323.89";"107.70"
"2015";"7";"23";"4";"18";"4891";"262.";"7.8";"15.4";"66.";"2.";"131.56";"357.79";"49.84"
"2015";"7";"23";"4";"19";"4892";"262.";"7.8";"15.0";"70.";"3.";"13.37";"62.58";"6.99"
"2015";"7";"23";"4";"20";"4893";"262.";"7.5";"14.2";"72.";"2.";"0.00";"0.00";"0.00"
"2015";"7";"23";"4";"21";"4894";"261.";"6.7";"13.9";"75.";"2.";"0.00";"0.00";"0.00"
"2015";"7";"23";"4";"22";"4895";"258.";"6.6";"13.7";"76.";"3.";"0.00";"0.00";"0.00"
"2015";"7";"23";"4";"23";"4896";"255.";"6.2";"13.6";"77.";"2.";"0.00";"0.00";"0.00"
"2015";"7";"24";"5";"0";"4897";"249.";"6.0";"13.5";"78.";"3.";"0.00";"0.00";"0.00"
"2015";"7";"24";"5";"1";"4898";"246.";"5.8";"13.6";"79.";"4.";"0.00";"0.00";"0.00"
"2015";"7";"24";"5";"2";"4899";"244.";"5.5";"13.2";"82.";"4.";"0.00";"0.00";"0.00"
"2015";"7";"24";"5";"3";"4900";"250.";"5.7";"13.3";"82.";"5.";"0.00";"0.00";"0.00"
"2015";"7";"24";"5";"4";"4901";"250.";"5.5";"13.1";"83.";"5.";"7.28";"27.09";"4.61"
"2015";"7";"24";"5";"5";"4902";"249.";"5.2";"13.8";"79.";"4.";"107.45";"227.85";"56.07"
"2015";"7";"24";"5";"6";"4903";"243.";"5.4";"14.2";"78.";"5.";"180.88";"232.69";"97.91"
"2015";"7";"24";"5";"7";"4904";"242.";"5.4";"14.9";"73.";"5.";"291.97";"269.06";"161.97"
"2015";"7";"24";"5";"8";"4905";"238.";"4.7";"14.9";"69.";"4.";"412.69";"403.66";"171.85"
"2015";"7";"24";"5";"9";"4906";"239.";"5.5";"15.6";"67.";"4.";"512.09";"409.37";"229.90"
"2015";"7";"24";"5";"10";"4907";"237.";"5.6";"16.0";"64.";"4.";"583.95";"453.92";"241.31"
"2015";"7";"24";"5";"11";"4908";"233.";"5.2";"16.6";"60.";"3.";"652.21";"572.80";"200.40"
"2015";"7";"24";"5";"12";"4909";"225.";"4.6";"16.6";"61.";"5.";"507.49";"344.09";"236.08"
"2015";"7";"24";"5";"13";"4910";"214.";"4.3";"16.8";"62.";"6.";"405.75";"222.17";"238.04"
"2015";"7";"24";"5";"14";"4911";"210.";"4.4";"16.6";"63.";"7.";"296.19";"112.06";"218.94"
"2015";"7";"24";"5";"15";"4912";"218.";"4.6";"16.7";"61.";"6.";"309.66";"219.39";"178.76"
"2015";"7";"24";"5";"16";"4913";"216.";"4.5";"16.6";"59.";"7.";"191.87";"99.78";"143.66"
"2015";"7";"24";"5";"17";"4914";"215.";"4.1";"17.0";"58.";"5.";"185.71";"249.93";"96.59"
"2015";"7";"24";"5";"18";"4915";"208.";"3.4";"16.4";"61.";"4.";"108.81";"262.51";"49.61"
"2015";"7";"24";"5";"19";"4916";"210.";"3.2";"15.5";"65.";"4.";"12.44";"54.11";"7.08"
"2015";"7";"24";"5";"20";"4917";"202.";"2.6";"14.2";"71.";"6.";"0.00";"0.00";"0.00"
"2015";"7";"24";"5";"21";"4918";"199.";"2.8";"13.6";"80.";"7.";"0.00";"0.00";"0.00"
"2015";"7";"24";"5";"22";"4919";"176.";"2.5";"13.4";"81.";"8.";"0.00";"0.00";"0.00"
"2015";"7";"24";"5";"23";"4920";"160.";"2.4";"13.5";"82.";"8.";"0.00";"0.00";"0.00"
"2015";"7";"25";"6";"0";"4921";"141.";"2.0";"13.6";"84.";"8.";"0.00";"0.00";"0.00"
"2015";"7";"25";"6";"1";"4922";"121.";"1.6";"13.0";"84.";"6.";"0.00";"0.00";"0.00"
"2015";"7";"25";"6";"2";"4923";"129.";"2.4";"12.2";"84.";"6.";"0.00";"0.00";"0.00"
"2015";"7";"25";"6";"3";"4924";"100.";"2.4";"11.5";"84.";"6.";"0.00";"0.00";"0.00"
"2015";"7";"25";"6";"4";"4925";"83.";"2.7";"11.5";"84.";"5.";"10.82";"36.02";"7.37"
"2015";"7";"25";"6";"5";"4926";"84.";"3.3";"12.4";"77.";"7.";"107.89";"64.59";"93.52"
"2015";"7";"25";"6";"6";"4927";"83.";"3.2";"12.3";"76.";"6.";"224.17";"178.84";"160.91"
"2015";"7";"25";"6";"7";"4928";"79.";"2.9";"13.1";"75.";"8.";"141.14";"0.00";"141.14"
"2015";"7";"25";"6";"8";"4929";"61.";"3.5";"12.8";"83.";"8.";"174.02";"0.00";"174.02"
"2015";"7";"25";"6";"9";"4930";"58.";"5.4";"13.2";"84.";"7.";"348.05";"100.97";"278.69"
"2015";"7";"25";"6";"10";"4931";"53.";"6.1";"13.3";"86.";"8.";"132.62";"0.00";"132.62"
"2015";"7";"25";"6";"11";"4932";"44.";"6.8";"13.9";"83.";"8.";"266.71";"0.00";"266.71"
"2015";"7";"25";"6";"12";"4933";"51.";"6.5";"14.2";"81.";"8.";"310.14";"0.00";"310.14"
"2015";"7";"25";"6";"13";"4934";"46.";"6.3";"13.8";"84.";"8.";"217.42";"0.00";"217.42"
"2015";"7";"25";"6";"14";"4935";"45.";"6.6";"13.2";"89.";"8.";"130.32";"0.00";"130.32"
"2015";"7";"25";"6";"15";"4936";"49.";"6.7";"13.0";"90.";"8.";"158.96";"0.00";"158.96"
"2015";"7";"25";"6";"16";"4937";"55.";"6.6";"12.9";"90.";"7.";"174.95";"69.35";"141.62"
"2015";"7";"25";"6";"17";"4938";"52.";"6.0";"12.5";"92.";"7.";"117.36";"65.12";"94.32"
"2015";"7";"25";"6";"18";"4939";"50.";"5.1";"12.7";"93.";"8.";"40.34";"0.00";"40.34"
"2015";"7";"25";"6";"19";"4940";"47.";"5.0";"12.9";"92.";"8.";"1.22";"0.00";"1.22"
"2015";"7";"25";"6";"20";"4941";"45.";"5.0";"12.9";"92.";"8.";"0.00";"0.00";"0.00"
"2015";"7";"25";"6";"21";"4942";"44.";"3.7";"12.9";"93.";"8.";"0.00";"0.00";"0.00"
"2015";"7";"25";"6";"22";"4943";"38.";"3.7";"12.8";"93.";"8.";"0.00";"0.00";"0.00"
"2015";"7";"25";"6";"23";"4944";"37.";"4.1";"12.9";"94.";"8.";"0.00";"0.00";"0.00"
"2015";"7";"26";"7";"0";"4945";"28.";"4.2";"13.1";"94.";"8.";"0.00";"0.00";"0.00"
"2015";"7";"26";"7";"1";"4946";"17.";"4.5";"13.1";"95.";"8.";"0.00";"0.00";"0.00"
"2015";"7";"26";"7";"2";"4947";"7.";"4.7";"13.2";"96.";"8.";"0.00";"0.00";"0.00"
"2015";"7";"26";"7";"3";"4948";"32.";"2.5";"13.3";"95.";"8.";"0.00";"0.00";"0.00"
"2015";"7";"26";"7";"4";"4949";"341.";"1.6";"13.2";"95.";"8.";"0.00";"0.00";"0.00"
"2015";"7";"26";"7";"5";"4950";"290.";"5.0";"13.1";"96.";"8.";"23.32";"0.00";"23.32"
"2015";"7";"26";"7";"6";"4951";"289.";"7.1";"12.8";"94.";"8.";"50.94";"0.00";"50.94"
"2015";"7";"26";"7";"7";"4952";"288.";"7.7";"13.4";"91.";"8.";"76.10";"0.00";"76.10"
"2015";"7";"26";"7";"8";"4953";"283.";"9.0";"13.6";"90.";"8.";"199.21";"0.00";"199.21"
"2015";"7";"26";"7";"9";"4954";"279.";"8.5";"13.9";"87.";"7.";"302.43";"78.46";"248.73"
"2015";"7";"26";"7";"10";"4955";"272.";"8.4";"13.9";"85.";"8.";"232.68";"0.00";"232.68"
"2015";"7";"26";"7";"11";"4956";"267.";"8.4";"14.0";"84.";"7.";"345.60";"70.29";"290.48"
"2015";"7";"26";"7";"12";"4957";"266.";"8.4";"14.7";"78.";"8.";"265.98";"0.00";"265.98"
"2015";"7";"26";"7";"13";"4958";"266.";"8.0";"15.3";"74.";"8.";"243.71";"0.00";"243.71"
"2015";"7";"26";"7";"14";"4959";"263.";"7.3";"14.8";"76.";"8.";"235.98";"0.00";"235.98"
"2015";"7";"26";"7";"15";"4960";"259.";"7.6";"15.5";"77.";"7.";"256.19";"84.96";"205.93"
"2015";"7";"26";"7";"16";"4961";"255.";"7.6";"15.7";"77.";"7.";"197.23";"77.12";"160.38"
"2015";"7";"26";"7";"17";"4962";"250.";"8.5";"15.2";"80.";"7.";"114.48";"62.15";"92.68"
"2015";"7";"26";"7";"18";"4963";"249.";"9.6";"14.6";"77.";"8.";"41.20";"0.00";"41.20"
"2015";"7";"26";"7";"19";"4964";"252.";"10.1";"14.4";"78.";"8.";"1.43";"0.00";"1.43"
"2015";"7";"26";"7";"20";"4965";"252.";"9.7";"14.2";"75.";"8.";"0.00";"0.00";"0.00"
"2015";"7";"26";"7";"21";"4966";"251.";"9.1";"14.0";"76.";"7.";"0.00";"0.00";"0.00"
"2015";"7";"26";"7";"22";"4967";"248.";"8.4";"13.7";"77.";"5.";"0.00";"0.00";"0.00"
"2015";"7";"26";"7";"23";"4968";"244.";"8.5";"13.0";"77.";"5.";"0.00";"0.00";"0.00"
"2015";"7";"27";"1";"0";"4969";"242.";"7.4";"12.7";"77.";"6.";"0.00";"0.00";"0.00"
"2015";"7";"27";"1";"1";"4970";"246.";"5.7";"12.5";"78.";"7.";"0.00";"0.00";"0.00"
"2015";"7";"27";"1";"2";"4971";"238.";"5.2";"12.5";"78.";"6.";"0.00";"0.00";"0.00"
"2015";"7";"27";"1";"3";"4972";"232.";"5.8";"12.0";"80.";"6.";"0.00";"0.00";"0.00"
"2015";"7";"27";"1";"4";"4973";"234.";"5.2";"12.1";"79.";"6.";"4.81";"14.26";"3.54"
"2015";"7";"27";"1";"5";"4974";"228.";"4.3";"12.7";"77.";"5.";"96.45";"175.67";"58.46"
"2015";"7";"27";"1";"6";"4975";"218.";"4.4";"13.0";"76.";"5.";"188.98";"239.39";"105.70"
"2015";"7";"27";"1";"7";"4976";"201.";"4.3";"13.9";"76.";"4.";"326.88";"383.72";"144.62"
"2015";"7";"27";"1";"8";"4977";"195.";"4.0";"15.0";"74.";"7.";"293.85";"104.84";"232.11"
"2015";"7";"27";"1";"9";"4978";"183.";"4.2";"14.9";"77.";"7.";"319.93";"103.98";"249.01"
"2015";"7";"27";"1";"10";"4979";"176.";"4.9";"14.8";"83.";"7.";"380.87";"99.58";"306.40"
"2015";"7";"27";"1";"11";"4980";"167.";"5.6";"15.1";"81.";"8.";"293.38";"0.00";"293.38"
"2015";"7";"27";"1";"12";"4981";"156.";"5.4";"15.5";"76.";"8.";"252.23";"0.00";"252.23"
"2015";"7";"27";"1";"13";"4982";"154.";"5.0";"16.2";"71.";"7.";"323.04";"110.49";"240.41"
"2015";"7";"27";"1";"14";"4983";"155.";"4.7";"16.6";"68.";"8.";"248.08";"0.00";"248.08"
"2015";"7";"27";"1";"15";"4984";"163.";"5.6";"17.1";"65.";"7.";"365.52";"103.02";"304.85"
"2015";"7";"27";"1";"16";"4985";"150.";"5.4";"17.2";"62.";"7.";"241.38";"96.34";"195.63"
"2015";"7";"27";"1";"17";"4986";"131.";"3.9";"16.4";"64.";"7.";"176.94";"87.79";"146.40"
"2015";"7";"27";"1";"18";"4987";"118.";"3.8";"15.3";"69.";"8.";"69.67";"0.00";"69.67"
"2015";"7";"27";"1";"19";"4988";"118.";"3.5";"15.1";"72.";"8.";"1.30";"0.00";"1.30"
"2015";"7";"27";"1";"20";"4989";"118.";"3.8";"14.3";"77.";"8.";"0.00";"0.00";"0.00"
"2015";"7";"27";"1";"21";"4990";"109.";"3.5";"14.2";"79.";"8.";"0.00";"0.00";"0.00"
"2015";"7";"27";"1";"22";"4991";"95.";"3.2";"13.8";"80.";"8.";"0.00";"0.00";"0.00"
"2015";"7";"27";"1";"23";"4992";"86.";"3.5";"13.6";"82.";"7.";"0.00";"0.00";"0.00"
"2015";"7";"28";"2";"0";"4993";"82.";"4.2";"13.2";"85.";"8.";"0.00";"0.00";"0.00"
"2015";"7";"28";"2";"1";"4994";"80.";"4.5";"13.2";"86.";"8.";"0.00";"0.00";"0.00"
"2015";"7";"28";"2";"2";"4995";"72.";"4.2";"13.3";"86.";"8.";"0.00";"0.00";"0.00"
"2015";"7";"28";"2";"3";"4996";"79.";"3.5";"13.2";"85.";"8.";"0.00";"0.00";"0.00"
"2015";"7";"28";"2";"4";"4997";"77.";"3.6";"13.2";"86.";"8.";"0.00";"0.00";"0.00"
"2015";"7";"28";"2";"5";"4998";"75.";"3.8";"13.2";"87.";"8.";"23.38";"0.00";"23.38"
"2015";"7";"28";"2";"6";"4999";"77.";"4.2";"13.5";"88.";"7.";"113.61";"66.09";"90.83"
"2015";"7";"28";"2";"7";"5000";"78.";"4.1";"14.0";"87.";"7.";"162.72";"54.23";"137.12"
"2015";"7";"28";"2";"8";"5001";"81.";"3.9";"14.9";"88.";"7.";"227.28";"80.36";"180.17"
"2015";"7";"28";"2";"9";"5002";"86.";"3.8";"15.7";"88.";"8.";"295.05";"0.00";"295.05"
"2015";"7";"28";"2";"10";"5003";"81.";"4.1";"16.8";"85.";"7.";"315.78";"105.60";"237.08"
"2015";"7";"28";"2";"11";"5004";"78.";"3.8";"16.7";"81.";"7.";"368.40";"102.31";"288.67"
"2015";"7";"28";"2";"12";"5005";"66.";"3.4";"16.6";"83.";"7.";"374.73";"112.02";"287.42"
"2015";"7";"28";"2";"13";"5006";"54.";"3.5";"18.0";"79.";"6.";"396.31";"226.88";"227.22"
"2015";"7";"28";"2";"14";"5007";"45.";"3.2";"18.4";"77.";"6.";"381.15";"222.70";"229.85"
"2015";"7";"28";"2";"15";"5008";"75.";"1.4";"18.2";"79.";"7.";"308.15";"97.04";"251.26"
"2015";"7";"28";"2";"16";"5009";"58.";"1.3";"17.6";"83.";"7.";"114.30";"56.97";"87.40"
"2015";"7";"28";"2";"17";"5010";"62.";"1.3";"15.9";"88.";"7.";"76.68";"37.03";"63.91"
"2015";"7";"28";"2";"18";"5011";"82.";"2.0";"16.5";"90.";"6.";"54.74";"65.05";"40.89"
"2015";"7";"28";"2";"19";"5012";"87.";"2.4";"15.9";"91.";"6.";"0.00";"0.00";"0.00"
"2015";"7";"28";"2";"20";"5013";"93.";"2.2";"15.5";"91.";"5.";"0.00";"0.00";"0.00"
"2015";"7";"28";"2";"21";"5014";"145.";"1.7";"15.0";"95.";"5.";"0.00";"0.00";"0.00"
"2015";"7";"28";"2";"22";"5015";"135.";"2.1";"14.7";"96.";"6.";"0.00";"0.00";"0.00"
"2015";"7";"28";"2";"23";"5016";"122.";"1.6";"14.4";"96.";"7.";"0.00";"0.00";"0.00"
"2015";"7";"29";"3";"0";"5017";"92.";"1.5";"13.4";"98.";"7.";"0.00";"0.00";"0.00"
"2015";"7";"29";"3";"1";"5018";"69.";"0.8";"13.6";"98.";"8.";"0.00";"0.00";"0.00"
"2015";"7";"29";"3";"2";"5019";"84.";"1.8";"13.9";"96.";"8.";"0.00";"0.00";"0.00"
"2015";"7";"29";"3";"3";"5020";"133.";"2.4";"13.6";"96.";"8.";"0.00";"0.00";"0.00"
"2015";"7";"29";"3";"4";"5021";"177.";"2.3";"13.9";"95.";"7.";"0.00";"0.00";"0.00"
"2015";"7";"29";"3";"5";"5022";"212.";"4.2";"14.4";"94.";"7.";"33.06";"25.09";"27.80"
"2015";"7";"29";"3";"6";"5023";"213.";"5.1";"14.5";"91.";"8.";"119.75";"0.00";"119.75"
"2015";"7";"29";"3";"7";"5024";"210.";"5.7";"15.3";"88.";"7.";"184.58";"69.57";"151.94"
"2015";"7";"29";"3";"8";"5025";"224.";"6.3";"15.2";"89.";"8.";"88.56";"0.00";"88.56"
"2015";"7";"29";"3";"9";"5026";"216.";"7.0";"15.4";"88.";"8.";"156.98";"0.00";"156.98"
"2015";"7";"29";"3";"10";"5027";"213.";"6.8";"15.9";"83.";"8.";"276.58";"0.00";"276.58"
"2015";"7";"29";"3";"11";"5028";"209.";"6.6";"16.3";"80.";"7.";"371.78";"107.94";"287.93"
"2015";"7";"29";"3";"12";"5029";"204.";"6.7";"16.5";"76.";"7.";"373.53";"109.58";"288.40"
"2015";"7";"29";"3";"13";"5030";"202.";"6.0";"17.2";"72.";"6.";"392.06";"210.67";"235.60"
"2015";"7";"29";"3";"14";"5031";"196.";"5.5";"17.4";"71.";"4.";"506.57";"428.52";"216.58"
"2015";"7";"29";"3";"15";"5032";"189.";"5.2";"17.7";"66.";"3.";"453.29";"535.88";"140.67"
"2015";"7";"29";"3";"16";"5033";"193.";"5.1";"17.6";"68.";"3.";"335.78";"444.23";"127.38"
"2015";"7";"29";"3";"17";"5034";"191.";"5.0";"17.2";"71.";"3.";"228.35";"406.26";"89.55"
"2015";"7";"29";"3";"18";"5035";"187.";"4.4";"16.5";"74.";"5.";"80.46";"167.41";"45.36"
"2015";"7";"29";"3";"19";"5036";"198.";"3.9";"16.0";"74.";"7.";"0.00";"0.00";"0.00"
"2015";"7";"29";"3";"20";"5037";"206.";"3.3";"15.3";"77.";"8.";"0.00";"0.00";"0.00"
"2015";"7";"29";"3";"21";"5038";"174.";"1.3";"14.8";"85.";"6.";"0.00";"0.00";"0.00"
"2015";"7";"29";"3";"22";"5039";"176.";"0.7";"14.6";"84.";"5.";"0.00";"0.00";"0.00"
"2015";"7";"29";"3";"23";"5040";"193.";"0.5";"14.0";"85.";"4.";"0.00";"0.00";"0.00"
"2015";"7";"30";"4";"0";"5041";"170.";"0.4";"12.5";"86.";"4.";"0.00";"0.00";"0.00"
"2015";"7";"30";"4";"1";"5042";"238.";"0.2";"12.2";"85.";"3.";"0.00";"0.00";"0.00"
"2015";"7";"30";"4";"2";"5043";"309.";"0.1";"11.4";"85.";"3.";"0.00";"0.00";"0.00"
"2015";"7";"30";"4";"3";"5044";"263.";"0.8";"11.0";"95.";"4.";"0.00";"0.00";"0.00"
"2015";"7";"30";"4";"4";"5045";"271.";"1.2";"11.1";"95.";"4.";"0.00";"0.00";"0.00"
"2015";"7";"30";"4";"5";"5046";"274.";"2.3";"12.6";"92.";"6.";"71.15";"95.86";"51.38"
"2015";"7";"30";"4";"6";"5047";"276.";"2.3";"13.8";"89.";"6.";"147.48";"175.84";"87.97"
"2015";"7";"30";"4";"7";"5048";"273.";"3.4";"15.3";"84.";"7.";"179.21";"96.73";"134.13"
"2015";"7";"30";"4";"8";"5049";"264.";"4.0";"15.6";"79.";"8.";"206.64";"0.00";"206.64"
"2015";"7";"30";"4";"9";"5050";"273.";"4.5";"15.1";"85.";"7.";"267.45";"79.66";"213.76"
"2015";"7";"30";"4";"10";"5051";"274.";"4.8";"15.9";"83.";"7.";"319.45";"113.93";"235.14"
"2015";"7";"30";"4";"11";"5052";"274.";"4.6";"16.9";"77.";"6.";"416.35";"227.28";"240.38"
"2015";"7";"30";"4";"12";"5053";"282.";"4.9";"17.7";"76.";"6.";"446.69";"215.29";"280.00"
"2015";"7";"30";"4";"13";"5054";"285.";"4.7";"18.2";"76.";"5.";"488.71";"324.16";"248.82"
"2015";"7";"30";"4";"14";"5055";"288.";"4.9";"18.4";"76.";"5.";"412.33";"317.96";"198.04"
"2015";"7";"30";"4";"15";"5056";"290.";"4.5";"17.9";"71.";"3.";"463.17";"512.89";"165.43"
"2015";"7";"30";"4";"16";"5057";"293.";"4.8";"17.8";"69.";"2.";"385.29";"574.19";"117.68"
"2015";"7";"30";"4";"17";"5058";"294.";"4.9";"17.2";"73.";"3.";"222.31";"429.61";"76.93"
"2015";"7";"30";"4";"18";"5059";"290.";"4.9";"17.3";"74.";"5.";"75.96";"158.42";"43.28"
"2015";"7";"30";"4";"19";"5060";"281.";"3.8";"16.3";"80.";"5.";"0.00";"0.00";"0.00"
"2015";"7";"30";"4";"20";"5061";"259.";"2.4";"15.5";"84.";"2.";"0.00";"0.00";"0.00"
"2015";"7";"30";"4";"21";"5062";"241.";"1.7";"14.5";"91.";"4.";"0.00";"0.00";"0.00"
"2015";"7";"30";"4";"22";"5063";"241.";"3.2";"13.8";"92.";"3.";"0.00";"0.00";"0.00"
"2015";"7";"30";"4";"23";"5064";"243.";"4.3";"14.8";"93.";"5.";"0.00";"0.00";"0.00"
"2015";"7";"31";"5";"0";"5065";"239.";"4.6";"14.5";"90.";"5.";"0.00";"0.00";"0.00"
"2015";"7";"31";"5";"1";"5066";"236.";"4.1";"14.2";"91.";"5.";"0.00";"0.00";"0.00"
"2015";"7";"31";"5";"2";"5067";"236.";"4.1";"14.1";"90.";"5.";"0.00";"0.00";"0.00"
"2015";"7";"31";"5";"3";"5068";"244.";"4.8";"14.1";"83.";"7.";"0.00";"0.00";"0.00"
"2015";"7";"31";"5";"4";"5069";"245.";"4.6";"14.0";"83.";"7.";"0.00";"0.00";"0.00"
"2015";"7";"31";"5";"5";"5070";"237.";"4.3";"13.9";"80.";"7.";"49.43";"49.87";"39.32"
"2015";"7";"31";"5";"6";"5071";"237.";"4.8";"13.9";"78.";"6.";"142.31";"158.42";"89.22"
"2015";"7";"31";"5";"7";"5072";"235.";"4.6";"14.6";"77.";"7.";"177.88";"91.49";"135.52"
"2015";"7";"31";"5";"8";"5073";"245.";"5.0";"14.9";"76.";"7.";"233.51";"95.10";"178.58"
"2015";"7";"31";"5";"9";"5074";"242.";"5.7";"15.5";"74.";"8.";"242.93";"0.00";"242.93"
"2015";"7";"31";"5";"10";"5075";"252.";"5.8";"16.3";"71.";"7.";"316.93";"108.09";"237.23"
"2015";"7";"31";"5";"11";"5076";"257.";"5.6";"16.6";"70.";"7.";"335.73";"111.80";"249.47"
"2015";"7";"31";"5";"12";"5077";"263.";"6.1";"17.2";"68.";"7.";"335.02";"110.82";"249.52"
"2015";"7";"31";"5";"13";"5078";"271.";"6.3";"16.6";"70.";"7.";"330.21";"120.91";"241.06"
"2015";"7";"31";"5";"14";"5079";"276.";"6.3";"16.7";"71.";"6.";"385.17";"224.70";"234.37"
"2015";"7";"31";"5";"15";"5080";"279.";"6.3";"16.6";"69.";"7.";"266.15";"108.08";"203.73"
"2015";"7";"31";"5";"16";"5081";"282.";"6.7";"16.7";"68.";"7.";"184.58";"100.43";"138.09"
"2015";"7";"31";"5";"17";"5082";"279.";"6.3";"16.3";"66.";"4.";"206.82";"339.84";"92.94"
"2015";"7";"31";"5";"18";"5083";"275.";"5.5";"15.7";"67.";"3.";"95.59";"262.49";"42.37"
"2015";"7";"31";"5";"19";"5084";"270.";"5.6";"14.8";"75.";"2.";"0.00";"0.00";"0.00"
"2015";"7";"31";"5";"20";"5085";"264.";"4.9";"13.9";"80.";"3.";"0.00";"0.00";"0.00"
"2015";"7";"31";"5";"21";"5086";"262.";"4.8";"13.6";"81.";"3.";"0.00";"0.00";"0.00"
"2015";"7";"31";"5";"22";"5087";"254.";"4.1";"13.4";"82.";"5.";"0.00";"0.00";"0.00"
"2015";"7";"31";"5";"23";"5088";"247.";"3.6";"12.9";"85.";"6.";"0.00";"0.00";"0.00"
"2015";"8";"1";"6";"0";"5089";"238.";"3.2";"13.1";"85.";"7.";"0.00";"0.00";"0.00"
"2015";"8";"1";"6";"1";"5090";"231.";"3.1";"12.9";"85.";"7.";"0.00";"0.00";"0.00"
"2015";"8";"1";"6";"2";"5091";"231.";"3.0";"12.9";"85.";"6.";"0.00";"0.00";"0.00"
"2015";"8";"1";"6";"3";"5092";"230.";"3.3";"12.3";"86.";"6.";"0.00";"0.00";"0.00"
"2015";"8";"1";"6";"4";"5093";"232.";"3.4";"12.8";"85.";"6.";"0.00";"0.00";"0.00"
"2015";"8";"1";"6";"5";"5094";"234.";"3.6";"13.3";"82.";"6.";"62.48";"106.24";"41.32"
"2015";"8";"1";"6";"6";"5095";"244.";"4.3";"13.6";"79.";"6.";"156.25";"162.09";"102.49"
"2015";"8";"1";"6";"7";"5096";"242.";"4.3";"14.5";"75.";"5.";"264.17";"284.28";"133.48"
"2015";"8";"1";"6";"8";"5097";"240.";"4.0";"14.9";"72.";"6.";"295.79";"205.04";"177.99"
"2015";"8";"1";"6";"9";"5098";"241.";"3.9";"15.7";"71.";"6.";"386.09";"218.15";"240.32"
"2015";"8";"1";"6";"10";"5099";"241.";"4.1";"15.6";"72.";"6.";"397.65";"224.55";"232.72"
"2015";"8";"1";"6";"11";"5100";"232.";"3.8";"16.1";"69.";"6.";"454.66";"224.28";"282.23"
"2015";"8";"1";"6";"12";"5101";"235.";"3.9";"16.3";"67.";"3.";"634.81";"555.04";"208.10"
"2015";"8";"1";"6";"13";"5102";"227.";"3.8";"16.5";"65.";"3.";"634.68";"563.01";"221.15"
"2015";"8";"1";"6";"14";"5103";"213.";"3.6";"16.9";"67.";"3.";"560.58";"521.69";"211.98"
"2015";"8";"1";"6";"15";"5104";"211.";"3.7";"17.0";"66.";"3.";"449.76";"523.35";"149.09"
"2015";"8";"1";"6";"16";"5105";"203.";"3.7";"16.8";"69.";"3.";"369.69";"486.82";"145.89"
"2015";"8";"1";"6";"17";"5106";"195.";"3.9";"16.2";"72.";"4.";"214.64";"335.11";"103.48"
"2015";"8";"1";"6";"18";"5107";"194.";"3.8";"15.8";"76.";"4.";"95.51";"214.03";"52.88"
"2015";"8";"1";"6";"19";"5108";"188.";"3.7";"15.3";"79.";"5.";"0.00";"0.00";"0.00"
"2015";"8";"1";"6";"20";"5109";"177.";"3.6";"15.1";"79.";"4.";"0.00";"0.00";"0.00"
"2015";"8";"1";"6";"21";"5110";"175.";"3.7";"14.5";"79.";"7.";"0.00";"0.00";"0.00"
"2015";"8";"1";"6";"22";"5111";"171.";"4.3";"14.4";"79.";"8.";"0.00";"0.00";"0.00"
"2015";"8";"1";"6";"23";"5112";"176.";"4.4";"13.8";"83.";"8.";"0.00";"0.00";"0.00"
"2015";"8";"2";"7";"0";"5113";"184.";"4.6";"13.6";"82.";"8.";"0.00";"0.00";"0.00"
"2015";"8";"2";"7";"1";"5114";"190.";"4.4";"13.4";"84.";"8.";"0.00";"0.00";"0.00"
"2015";"8";"2";"7";"2";"5115";"195.";"4.7";"14.3";"79.";"7.";"0.00";"0.00";"0.00"
"2015";"8";"2";"7";"3";"5116";"199.";"4.3";"13.8";"81.";"7.";"0.00";"0.00";"0.00"
"2015";"8";"2";"7";"4";"5117";"209.";"3.7";"13.8";"83.";"8.";"0.00";"0.00";"0.00"
"2015";"8";"2";"7";"5";"5118";"211.";"3.5";"14.3";"78.";"7.";"78.30";"55.96";"67.36"
"2015";"8";"2";"7";"6";"5119";"223.";"4.7";"14.9";"72.";"5.";"173.37";"258.65";"88.48"
"2015";"8";"2";"7";"7";"5120";"222.";"5.2";"15.9";"70.";"5.";"278.13";"290.08";"145.73"
"2015";"8";"2";"7";"8";"5121";"219.";"5.5";"16.4";"71.";"6.";"317.75";"204.72";"200.77"
"2015";"8";"2";"7";"9";"5122";"222.";"5.2";"17.2";"71.";"6.";"374.94";"208.85";"236.01"
"2015";"8";"2";"7";"10";"5123";"221.";"5.2";"17.6";"66.";"6.";"392.86";"217.46";"233.77"
"2015";"8";"2";"7";"11";"5124";"216.";"5.4";"17.0";"68.";"6.";"480.99";"221.41";"311.40"
"2015";"8";"2";"7";"12";"5125";"220.";"5.7";"16.2";"72.";"7.";"353.60";"91.13";"283.79"
"2015";"8";"2";"7";"13";"5126";"220.";"5.7";"15.8";"75.";"8.";"303.98";"0.00";"303.98"
"2015";"8";"2";"7";"14";"5127";"220.";"5.4";"16.2";"74.";"8.";"213.16";"0.00";"213.16"
"2015";"8";"2";"7";"15";"5128";"212.";"4.8";"16.8";"74.";"7.";"255.55";"97.36";"199.92"
"2015";"8";"2";"7";"16";"5129";"213.";"4.5";"16.2";"74.";"7.";"196.45";"99.00";"151.27"
"2015";"8";"2";"7";"17";"5130";"215.";"3.7";"16.2";"74.";"7.";"125.96";"81.50";"99.21"
"2015";"8";"2";"7";"18";"5131";"217.";"2.5";"16.1";"77.";"8.";"39.76";"0.00";"39.76"
"2015";"8";"2";"7";"19";"5132";"280.";"1.5";"15.7";"81.";"5.";"0.00";"0.00";"0.00"
"2015";"8";"2";"7";"20";"5133";"310.";"1.9";"15.1";"83.";"5.";"0.00";"0.00";"0.00"
"2015";"8";"2";"7";"21";"5134";"255.";"1.7";"13.2";"87.";"8.";"0.00";"0.00";"0.00"
"2015";"8";"2";"7";"22";"5135";"265.";"2.5";"12.3";"88.";"8.";"0.00";"0.00";"0.00"
"2015";"8";"2";"7";"23";"5136";"262.";"2.2";"11.5";"90.";"7.";"0.00";"0.00";"0.00"
"2015";"8";"3";"1";"0";"5137";"270.";"1.9";"10.5";"92.";"3.";"0.00";"0.00";"0.00"
"2015";"8";"3";"1";"1";"5138";"263.";"1.4";"10.1";"93.";"1.";"0.00";"0.00";"0.00"
"2015";"8";"3";"1";"2";"5139";"252.";"1.3";"9.4";"93.";"0.";"0.00";"0.00";"0.00"
"2015";"8";"3";"1";"3";"5140";"256.";"0.8";"8.9";"94.";"0.";"0.00";"0.00";"0.00"
"2015";"8";"3";"1";"4";"5141";"242.";"0.7";"8.5";"95.";"1.";"0.00";"0.00";"0.00"
"2015";"8";"3";"1";"5";"5142";"199.";"1.0";"11.0";"92.";"7.";"57.71";"52.43";"47.66"
"2015";"8";"3";"1";"6";"5143";"159.";"1.2";"13.4";"88.";"4.";"191.22";"283.08";"99.31"
"2015";"8";"3";"1";"7";"5144";"153.";"1.4";"14.9";"82.";"3.";"355.47";"443.85";"154.37"
"2015";"8";"3";"1";"8";"5145";"163.";"2.1";"16.0";"69.";"3.";"503.09";"527.64";"203.29"
"2015";"8";"3";"1";"9";"5146";"174.";"2.4";"17.4";"58.";"6.";"515.98";"222.47";"368.66"
"2015";"8";"3";"1";"10";"5147";"178.";"2.4";"17.5";"52.";"8.";"507.80";"0.00";"507.80"
"2015";"8";"3";"1";"11";"5148";"193.";"2.8";"18.1";"50.";"8.";"532.25";"0.00";"532.25"
"2015";"8";"3";"1";"12";"5149";"214.";"3.0";"19.3";"49.";"5.";"619.04";"344.89";"355.88"
"2015";"8";"3";"1";"13";"5150";"201.";"2.7";"20.1";"43.";"4.";"656.13";"472.56";"311.81"
"2015";"8";"3";"1";"14";"5151";"196.";"2.4";"20.1";"44.";"7.";"487.70";"112.37";"413.29"
"2015";"8";"3";"1";"15";"5152";"158.";"0.7";"20.7";"44.";"7.";"400.73";"105.69";"340.68"
"2015";"8";"3";"1";"16";"5153";"118.";"1.5";"21.4";"43.";"3.";"382.41";"490.04";"160.38"
"2015";"8";"3";"1";"17";"5154";"124.";"1.7";"22.0";"45.";"1.";"267.42";"591.71";"75.31"
"2015";"8";"3";"1";"18";"5155";"126.";"1.7";"21.2";"49.";"3.";"96.62";"283.80";"42.20"
"2015";"8";"3";"1";"19";"5156";"128.";"0.9";"20.1";"59.";"2.";"0.00";"0.00";"0.00"
"2015";"8";"3";"1";"20";"5157";"119.";"2.1";"17.8";"69.";"3.";"0.00";"0.00";"0.00"
"2015";"8";"3";"1";"21";"5158";"113.";"2.1";"17.0";"72.";"4.";"0.00";"0.00";"0.00"
"2015";"8";"3";"1";"22";"5159";"131.";"3.1";"16.1";"77.";"4.";"0.00";"0.00";"0.00"
"2015";"8";"3";"1";"23";"5160";"131.";"3.2";"15.5";"77.";"3.";"0.00";"0.00";"0.00"
"2015";"8";"4";"2";"0";"5161";"131.";"3.8";"16.4";"74.";"8.";"0.00";"0.00";"0.00"
"2015";"8";"4";"2";"1";"5162";"130.";"4.2";"16.1";"69.";"8.";"0.00";"0.00";"0.00"
"2015";"8";"4";"2";"2";"5163";"126.";"4.4";"16.0";"69.";"6.";"0.00";"0.00";"0.00"
"2015";"8";"4";"2";"3";"5164";"124.";"4.7";"16.1";"69.";"7.";"0.00";"0.00";"0.00"
"2015";"8";"4";"2";"4";"5165";"120.";"4.7";"16.4";"67.";"5.";"0.00";"0.00";"0.00"
"2015";"8";"4";"2";"5";"5166";"124.";"5.4";"17.1";"64.";"7.";"72.79";"53.03";"62.83"
"2015";"8";"4";"2";"6";"5167";"126.";"5.8";"17.5";"62.";"6.";"200.12";"161.46";"148.29"
"2015";"8";"4";"2";"7";"5168";"128.";"6.0";"18.9";"59.";"7.";"292.15";"91.74";"250.90"
"2015";"8";"4";"2";"8";"5169";"129.";"7.1";"21.6";"53.";"3.";"500.16";"528.63";"201.53"
"2015";"8";"4";"2";"9";"5170";"132.";"7.1";"23.4";"50.";"7.";"468.31";"105.65";"398.68"
"2015";"8";"4";"2";"10";"5171";"140.";"6.4";"25.1";"47.";"4.";"637.37";"452.67";"308.91"
"2015";"8";"4";"2";"11";"5172";"146.";"5.8";"26.6";"45.";"4.";"640.28";"437.05";"308.09"
"2015";"8";"4";"2";"12";"5173";"159.";"4.7";"26.9";"44.";"6.";"472.91";"220.52";"305.30"
"2015";"8";"4";"2";"13";"5174";"160.";"4.7";"25.5";"48.";"6.";"539.49";"224.57";"376.54"
"2015";"8";"4";"2";"14";"5175";"157.";"4.5";"25.4";"49.";"8.";"337.89";"0.00";"337.89"
"2015";"8";"4";"2";"15";"5176";"144.";"2.7";"26.2";"46.";"6.";"395.42";"211.35";"276.03"
"2015";"8";"4";"2";"16";"5177";"136.";"4.1";"27.4";"43.";"2.";"383.69";"566.44";"129.00"
"2015";"8";"4";"2";"17";"5178";"130.";"6.1";"26.8";"45.";"5.";"183.18";"228.89";"109.70"
"2015";"8";"4";"2";"18";"5179";"180.";"2.6";"25.6";"49.";"6.";"60.27";"91.25";"43.12"
"2015";"8";"4";"2";"19";"5180";"206.";"2.1";"22.6";"60.";"7.";"0.00";"0.00";"0.00"
"2015";"8";"4";"2";"20";"5181";"204.";"2.1";"22.0";"62.";"7.";"0.00";"0.00";"0.00"
"2015";"8";"4";"2";"21";"5182";"186.";"3.9";"19.9";"73.";"8.";"0.00";"0.00";"0.00"
"2015";"8";"4";"2";"22";"5183";"165.";"6.1";"18.8";"84.";"8.";"0.00";"0.00";"0.00"
"2015";"8";"4";"2";"23";"5184";"154.";"5.6";"18.0";"90.";"8.";"0.00";"0.00";"0.00"
"2015";"8";"5";"3";"0";"5185";"152.";"4.6";"17.5";"92.";"7.";"0.00";"0.00";"0.00"
"2015";"8";"5";"3";"1";"5186";"182.";"3.0";"17.4";"93.";"8.";"0.00";"0.00";"0.00"
"2015";"8";"5";"3";"2";"5187";"172.";"2.3";"17.3";"94.";"7.";"0.00";"0.00";"0.00"
"2015";"8";"5";"3";"3";"5188";"179.";"3.8";"17.4";"96.";"7.";"0.00";"0.00";"0.00"
"2015";"8";"5";"3";"4";"5189";"200.";"3.7";"17.8";"96.";"7.";"0.00";"0.00";"0.00"
"2015";"8";"5";"3";"5";"5190";"262.";"3.4";"16.8";"94.";"8.";"23.26";"0.00";"23.26"
"2015";"8";"5";"3";"6";"5191";"278.";"3.9";"15.8";"89.";"7.";"103.71";"74.46";"80.08"
"2015";"8";"5";"3";"7";"5192";"267.";"3.7";"16.6";"83.";"5.";"245.83";"262.53";"128.71"
"2015";"8";"5";"3";"8";"5193";"259.";"3.4";"17.3";"76.";"7.";"253.62";"97.97";"198.60"
"2015";"8";"5";"3";"9";"5194";"243.";"3.4";"18.0";"75.";"4.";"454.43";"380.31";"205.02"
"2015";"8";"5";"3";"10";"5195";"242.";"3.6";"18.4";"70.";"1.";"698.93";"737.83";"165.85"
"2015";"8";"5";"3";"11";"5196";"236.";"3.8";"18.6";"70.";"4.";"658.70";"417.82";"342.41"
"2015";"8";"5";"3";"12";"5197";"232.";"4.0";"19.5";"69.";"4.";"601.91";"415.96";"287.02"
"2015";"8";"5";"3";"13";"5198";"223.";"3.6";"19.2";"70.";"5.";"510.39";"319.11";"279.83"
"2015";"8";"5";"3";"14";"5199";"213.";"3.5";"19.2";"70.";"4.";"509.03";"407.41";"241.84"
"2015";"8";"5";"3";"15";"5200";"207.";"3.7";"18.4";"76.";"8.";"239.04";"0.00";"239.04"
"2015";"8";"5";"3";"16";"5201";"205.";"3.7";"19.1";"74.";"6.";"253.23";"171.05";"176.92"
"2015";"8";"5";"3";"17";"5202";"202.";"3.6";"18.7";"77.";"3.";"200.02";"346.34";"90.11"
"2015";"8";"5";"3";"18";"5203";"196.";"3.2";"18.0";"81.";"3.";"67.81";"191.07";"32.65"
"2015";"8";"5";"3";"19";"5204";"191.";"2.8";"17.7";"83.";"2.";"0.00";"0.00";"0.00"
"2015";"8";"5";"3";"20";"5205";"165.";"2.8";"17.3";"86.";"4.";"0.00";"0.00";"0.00"
"2015";"8";"5";"3";"21";"5206";"167.";"2.4";"16.7";"88.";"2.";"0.00";"0.00";"0.00"
"2015";"8";"5";"3";"22";"5207";"164.";"2.5";"15.9";"88.";"6.";"0.00";"0.00";"0.00"
"2015";"8";"5";"3";"23";"5208";"156.";"3.1";"15.9";"89.";"7.";"0.00";"0.00";"0.00"
"2015";"8";"6";"4";"0";"5209";"155.";"3.3";"15.7";"90.";"8.";"0.00";"0.00";"0.00"
"2015";"8";"6";"4";"1";"5210";"156.";"3.8";"15.3";"91.";"8.";"0.00";"0.00";"0.00"
"2015";"8";"6";"4";"2";"5211";"155.";"3.9";"15.2";"91.";"8.";"0.00";"0.00";"0.00"
"2015";"8";"6";"4";"3";"5212";"149.";"3.1";"14.9";"91.";"8.";"0.00";"0.00";"0.00"
"2015";"8";"6";"4";"4";"5213";"149.";"3.4";"15.5";"88.";"7.";"0.00";"0.00";"0.00"
"2015";"8";"6";"4";"5";"5214";"152.";"3.2";"15.9";"87.";"8.";"52.60";"0.00";"52.60"
"2015";"8";"6";"4";"6";"5215";"157.";"3.1";"16.3";"83.";"8.";"130.38";"0.00";"130.38"
"2015";"8";"6";"4";"7";"5216";"166.";"3.4";"18.0";"78.";"2.";"342.04";"511.19";"115.84"
"2015";"8";"6";"4";"8";"5217";"179.";"3.8";"19.4";"73.";"1.";"500.82";"643.00";"141.94"
"2015";"8";"6";"4";"9";"5218";"194.";"4.5";"20.0";"69.";"1.";"609.13";"679.50";"165.73"
"2015";"8";"6";"4";"10";"5219";"197.";"4.1";"20.8";"61.";"1.";"694.24";"732.80";"167.14"
"2015";"8";"6";"4";"11";"5220";"199.";"4.2";"21.2";"58.";"2.";"670.88";"616.96";"205.77"
"2015";"8";"6";"4";"12";"5221";"196.";"4.4";"22.1";"54.";"1.";"729.31";"712.33";"192.31"
"2015";"8";"6";"4";"13";"5222";"186.";"4.9";"22.1";"54.";"2.";"639.44";"630.23";"186.11"
"2015";"8";"6";"4";"14";"5223";"180.";"4.9";"22.2";"54.";"2.";"594.73";"623.71";"187.74"
"2015";"8";"6";"4";"15";"5224";"174.";"4.0";"22.8";"51.";"6.";"371.25";"204.06";"257.35"
"2015";"8";"6";"4";"16";"5225";"179.";"4.3";"22.4";"52.";"7.";"257.03";"94.54";"215.20"
"2015";"8";"6";"4";"17";"5226";"189.";"3.8";"21.8";"57.";"6.";"157.97";"153.92";"109.71"
"2015";"8";"6";"4";"18";"5227";"166.";"3.7";"21.1";"60.";"5.";"68.72";"133.61";"44.67"
"2015";"8";"6";"4";"19";"5228";"159.";"3.3";"20.6";"64.";"7.";"0.00";"0.00";"0.00"
"2015";"8";"6";"4";"20";"5229";"144.";"3.0";"19.1";"69.";"6.";"0.00";"0.00";"0.00"
"2015";"8";"6";"4";"21";"5230";"139.";"3.1";"18.4";"72.";"6.";"0.00";"0.00";"0.00"
"2015";"8";"6";"4";"22";"5231";"138.";"3.0";"17.7";"76.";"6.";"0.00";"0.00";"0.00"
"2015";"8";"6";"4";"23";"5232";"132.";"3.3";"17.6";"76.";"6.";"0.00";"0.00";"0.00"
"2015";"8";"7";"5";"0";"5233";"134.";"4.0";"17.2";"80.";"8.";"0.00";"0.00";"0.00"
"2015";"8";"7";"5";"1";"5234";"132.";"4.1";"17.1";"80.";"2.";"0.00";"0.00";"0.00"
"2015";"8";"7";"5";"2";"5235";"137.";"3.8";"17.0";"80.";"4.";"0.00";"0.00";"0.00"
"2015";"8";"7";"5";"3";"5236";"133.";"4.3";"17.0";"79.";"5.";"0.00";"0.00";"0.00"
"2015";"8";"7";"5";"4";"5237";"127.";"4.7";"17.1";"77.";"6.";"0.00";"0.00";"0.00"
"2015";"8";"7";"5";"5";"5238";"134.";"4.5";"17.6";"74.";"4.";"59.99";"168.77";"30.29"
"2015";"8";"7";"5";"6";"5239";"141.";"4.3";"18.8";"71.";"3.";"198.04";"376.51";"81.44"
"2015";"8";"7";"5";"7";"5240";"154.";"5.4";"20.2";"65.";"2.";"358.14";"539.15";"121.54"
"2015";"8";"7";"5";"8";"5241";"171.";"6.8";"21.9";"61.";"0.";"517.72";"615.84";"176.15"
"2015";"8";"7";"5";"9";"5242";"180.";"7.1";"22.0";"65.";"2.";"596.83";"582.80";"218.49"
"2015";"8";"7";"5";"10";"5243";"192.";"6.4";"21.5";"72.";"2.";"624.08";"612.84";"185.25"
"2015";"8";"7";"5";"11";"5244";"204.";"5.8";"20.7";"77.";"3.";"619.81";"486.92";"254.31"
"2015";"8";"7";"5";"12";"5245";"206.";"5.2";"20.9";"80.";"7.";"340.03";"92.32";"270.73"
"2015";"8";"7";"5";"13";"5246";"204.";"4.1";"20.7";"82.";"7.";"351.82";"89.41";"287.79"
"2015";"8";"7";"5";"14";"5247";"224.";"3.5";"21.0";"84.";"6.";"362.78";"159.21";"259.43"
"2015";"8";"7";"5";"15";"5248";"269.";"3.2";"21.4";"74.";"5.";"330.45";"248.16";"192.81"
"2015";"8";"7";"5";"16";"5249";"291.";"2.5";"20.4";"73.";"2.";"331.83";"485.10";"118.95"
"2015";"8";"7";"5";"17";"5250";"270.";"2.3";"20.2";"69.";"1.";"233.21";"518.49";"72.65"
"2015";"8";"7";"5";"18";"5251";"280.";"2.3";"19.7";"73.";"1.";"75.52";"258.58";"30.02"
"2015";"8";"7";"5";"19";"5252";"277.";"2.2";"18.3";"74.";"1.";"0.00";"0.00";"0.00"
"2015";"8";"7";"5";"20";"5253";"271.";"1.2";"17.0";"79.";"1.";"0.00";"0.00";"0.00"
"2015";"8";"7";"5";"21";"5254";"257.";"0.6";"15.7";"85.";"5.";"0.00";"0.00";"0.00"
"2015";"8";"7";"5";"22";"5255";"277.";"0.4";"15.3";"88.";"7.";"0.00";"0.00";"0.00"
"2015";"8";"7";"5";"23";"5256";"286.";"0.1";"14.6";"91.";"8.";"0.00";"0.00";"0.00"
"2015";"8";"8";"6";"0";"5257";"208.";"0.3";"14.8";"91.";"4.";"0.00";"0.00";"0.00"
"2015";"8";"8";"6";"1";"5258";"202.";"0.5";"14.4";"94.";"5.";"0.00";"0.00";"0.00"
"2015";"8";"8";"6";"2";"5259";"209.";"1.0";"14.2";"95.";"6.";"0.00";"0.00";"0.00"
"2015";"8";"8";"6";"3";"5260";"277.";"1.2";"14.4";"95.";"8.";"0.00";"0.00";"0.00"
"2015";"8";"8";"6";"4";"5261";"311.";"1.2";"14.3";"93.";"7.";"0.00";"0.00";"0.00"
"2015";"8";"8";"6";"5";"5262";"278.";"1.5";"15.2";"95.";"8.";"21.17";"0.00";"21.17"
"2015";"8";"8";"6";"6";"5263";"260.";"2.5";"15.3";"94.";"8.";"65.45";"0.00";"65.45"
"2015";"8";"8";"6";"7";"5264";"247.";"3.3";"15.8";"94.";"8.";"113.38";"0.00";"113.38"
"2015";"8";"8";"6";"8";"5265";"247.";"3.6";"16.0";"90.";"8.";"157.36";"0.00";"157.36"
"2015";"8";"8";"6";"9";"5266";"254.";"4.0";"16.2";"83.";"8.";"198.51";"0.00";"198.51"
"2015";"8";"8";"6";"10";"5267";"249.";"4.4";"16.9";"79.";"5.";"444.97";"311.92";"222.66"
"2015";"8";"8";"6";"11";"5268";"244.";"4.4";"17.8";"74.";"4.";"539.94";"422.11";"224.47"
"2015";"8";"8";"6";"12";"5269";"252.";"4.9";"18.9";"68.";"3.";"606.84";"532.67";"208.74"
"2015";"8";"8";"6";"13";"5270";"259.";"5.5";"19.2";"62.";"2.";"636.08";"637.74";"181.56"
"2015";"8";"8";"6";"14";"5271";"264.";"6.1";"19.2";"59.";"1.";"622.77";"758.83";"132.75"
"2015";"8";"8";"6";"15";"5272";"272.";"6.1";"19.2";"61.";"1.";"526.60";"710.88";"134.87"
"2015";"8";"8";"6";"16";"5273";"276.";"6.4";"18.4";"60.";"3.";"332.20";"469.05";"128.12"
"2015";"8";"8";"6";"17";"5274";"271.";"5.5";"17.4";"63.";"3.";"200.99";"374.34";"86.54"
"2015";"8";"8";"6";"18";"5275";"266.";"5.0";"17.0";"67.";"1.";"87.90";"309.91";"34.65"
"2015";"8";"8";"6";"19";"5276";"261.";"4.8";"16.2";"72.";"1.";"0.00";"0.00";"0.00"
"2015";"8";"8";"6";"20";"5277";"260.";"4.8";"15.7";"76.";"0.";"0.00";"0.00";"0.00"
"2015";"8";"8";"6";"21";"5278";"265.";"4.4";"15.4";"78.";"0.";"0.00";"0.00";"0.00"
"2015";"8";"8";"6";"22";"5279";"266.";"4.2";"14.8";"81.";"0.";"0.00";"0.00";"0.00"
"2015";"8";"8";"6";"23";"5280";"269.";"4.2";"14.5";"80.";"0.";"0.00";"0.00";"0.00"
"2015";"8";"9";"7";"0";"5281";"272.";"4.0";"14.5";"82.";"1.";"0.00";"0.00";"0.00"
"2015";"8";"9";"7";"1";"5282";"276.";"4.0";"14.6";"81.";"1.";"0.00";"0.00";"0.00"
"2015";"8";"9";"7";"2";"5283";"275.";"4.3";"14.1";"79.";"0.";"0.00";"0.00";"0.00"
"2015";"8";"9";"7";"3";"5284";"276.";"4.6";"14.3";"78.";"0.";"0.00";"0.00";"0.00"
"2015";"8";"9";"7";"4";"5285";"281.";"3.6";"14.2";"76.";"0.";"0.00";"0.00";"0.00"
"2015";"8";"9";"7";"5";"5286";"286.";"3.7";"14.7";"73.";"1.";"87.76";"329.63";"32.51"
"2015";"8";"9";"7";"6";"5287";"291.";"4.4";"15.5";"72.";"0.";"245.76";"610.31";"61.62"
"2015";"8";"9";"7";"7";"5288";"292.";"4.8";"16.4";"74.";"6.";"296.10";"181.44";"217.85"
"2015";"8";"9";"7";"8";"5289";"284.";"4.6";"17.1";"74.";"4.";"393.15";"388.70";"180.38"
"2015";"8";"9";"7";"9";"5290";"270.";"4.4";"17.6";"73.";"4.";"448.97";"394.76";"195.44"
"2015";"8";"9";"7";"10";"5291";"267.";"4.5";"17.7";"73.";"6.";"408.21";"210.11";"259.19"
"2015";"8";"9";"7";"11";"5292";"275.";"5.3";"18.0";"72.";"5.";"499.24";"323.58";"258.50"
"2015";"8";"9";"7";"12";"5293";"276.";"4.5";"18.6";"63.";"4.";"581.25";"462.33";"237.27"
"2015";"8";"9";"7";"13";"5294";"280.";"4.0";"19.4";"52.";"2.";"673.80";"708.53";"171.24"
"2015";"8";"9";"7";"14";"5295";"285.";"3.1";"19.7";"48.";"0.";"675.51";"886.87";"105.93"
"2015";"8";"9";"7";"15";"5296";"261.";"2.4";"19.5";"49.";"0.";"552.64";"813.41";"107.37"
"2015";"8";"9";"7";"16";"5297";"246.";"2.1";"19.6";"51.";"0.";"411.49";"780.87";"74.73"
"2015";"8";"9";"7";"17";"5298";"234.";"1.8";"19.1";"54.";"0.";"248.77";"623.62";"60.60"
"2015";"8";"9";"7";"18";"5299";"230.";"2.2";"18.2";"58.";"0.";"94.01";"393.82";"28.00"
"2015";"8";"9";"7";"19";"5300";"227.";"2.4";"16.9";"66.";"0.";"0.00";"0.00";"0.00"
"2015";"8";"9";"7";"20";"5301";"212.";"1.6";"15.7";"73.";"0.";"0.00";"0.00";"0.00"
"2015";"8";"9";"7";"21";"5302";"251.";"0.8";"16.0";"79.";"0.";"0.00";"0.00";"0.00"
"2015";"8";"9";"7";"22";"5303";"291.";"0.5";"14.7";"85.";"0.";"0.00";"0.00";"0.00"
"2015";"8";"9";"7";"23";"5304";"289.";"0.7";"14.2";"88.";"3.";"0.00";"0.00";"0.00"
"2015";"8";"10";"1";"0";"5305";"130.";"0.6";"13.3";"88.";"5.";"0.00";"0.00";"0.00"
"2015";"8";"10";"1";"1";"5306";"121.";"1.2";"13.3";"85.";"5.";"0.00";"0.00";"0.00"
"2015";"8";"10";"1";"2";"5307";"115.";"2.1";"12.8";"86.";"6.";"0.00";"0.00";"0.00"
"2015";"8";"10";"1";"3";"5308";"136.";"1.1";"12.8";"83.";"7.";"0.00";"0.00";"0.00"
"2015";"8";"10";"1";"4";"5309";"123.";"1.6";"12.8";"84.";"7.";"0.00";"0.00";"0.00"
"2015";"8";"10";"1";"5";"5310";"122.";"2.3";"12.6";"84.";"7.";"59.41";"45.03";"52.06"
"2015";"8";"10";"1";"6";"5311";"122.";"2.6";"14.4";"76.";"3.";"197.40";"394.46";"80.00"
"2015";"8";"10";"1";"7";"5312";"121.";"2.9";"16.9";"66.";"0.";"403.18";"770.11";"74.06"
"2015";"8";"10";"1";"8";"5313";"149.";"2.7";"19.0";"58.";"3.";"461.36";"526.54";"175.09"
"2015";"8";"10";"1";"9";"5314";"156.";"2.6";"19.7";"58.";"5.";"524.14";"328.92";"314.07"
"2015";"8";"10";"1";"10";"5315";"180.";"2.8";"20.6";"55.";"7.";"488.13";"110.44";"410.18"
"2015";"8";"10";"1";"11";"5316";"179.";"3.5";"21.3";"55.";"7.";"513.17";"109.17";"432.33"
"2015";"8";"10";"1";"12";"5317";"214.";"3.2";"21.0";"58.";"7.";"480.65";"109.86";"399.30"
"2015";"8";"10";"1";"13";"5318";"226.";"3.2";"21.0";"61.";"7.";"455.44";"111.68";"376.62"
"2015";"8";"10";"1";"14";"5319";"211.";"3.2";"20.4";"64.";"8.";"399.45";"0.00";"399.45"
"2015";"8";"10";"1";"15";"5320";"200.";"2.1";"20.7";"63.";"7.";"370.05";"101.13";"315.07"
"2015";"8";"10";"1";"16";"5321";"183.";"2.0";"20.5";"63.";"6.";"292.32";"189.27";"211.44"
"2015";"8";"10";"1";"17";"5322";"163.";"2.4";"20.3";"62.";"8.";"155.54";"0.00";"155.54"
"2015";"8";"10";"1";"18";"5323";"163.";"2.1";"19.6";"64.";"7.";"54.68";"42.94";"47.66"
"2015";"8";"10";"1";"19";"5324";"161.";"1.6";"19.1";"68.";"7.";"0.00";"0.00";"0.00"
"2015";"8";"10";"1";"20";"5325";"149.";"1.6";"18.1";"74.";"7.";"0.00";"0.00";"0.00"
"2015";"8";"10";"1";"21";"5326";"132.";"1.5";"17.8";"75.";"8.";"0.00";"0.00";"0.00"
"2015";"8";"10";"1";"22";"5327";"133.";"2.0";"17.4";"76.";"7.";"0.00";"0.00";"0.00"
"2015";"8";"10";"1";"23";"5328";"138.";"2.4";"17.1";"75.";"8.";"0.00";"0.00";"0.00"
"2015";"8";"11";"2";"0";"5329";"149.";"2.7";"17.0";"79.";"7.";"0.00";"0.00";"0.00"
"2015";"8";"11";"2";"1";"5330";"163.";"3.6";"16.6";"83.";"6.";"0.00";"0.00";"0.00"
"2015";"8";"11";"2";"2";"5331";"162.";"2.1";"16.6";"84.";"6.";"0.00";"0.00";"0.00"
"2015";"8";"11";"2";"3";"5332";"145.";"3.7";"17.2";"85.";"7.";"0.00";"0.00";"0.00"
"2015";"8";"11";"2";"4";"5333";"155.";"3.3";"16.8";"86.";"6.";"0.00";"0.00";"0.00"
"2015";"8";"11";"2";"5";"5334";"160.";"3.2";"16.7";"86.";"7.";"42.99";"36.14";"37.25"
"2015";"8";"11";"2";"6";"5335";"166.";"2.3";"16.3";"84.";"7.";"141.32";"75.63";"119.13"
"2015";"8";"11";"2";"7";"5336";"163.";"3.2";"17.1";"83.";"7.";"191.07";"90.95";"152.56"
"2015";"8";"11";"2";"8";"5337";"151.";"3.9";"17.0";"85.";"8.";"202.84";"0.00";"202.84"
"2015";"8";"11";"2";"9";"5338";"168.";"3.6";"16.4";"87.";"8.";"108.94";"0.00";"108.94"
"2015";"8";"11";"2";"10";"5339";"166.";"4.2";"17.2";"86.";"7.";"333.93";"108.53";"257.71"
"2015";"8";"11";"2";"11";"5340";"186.";"4.3";"17.9";"80.";"7.";"356.74";"113.84";"272.83"
"2015";"8";"11";"2";"12";"5341";"197.";"4.1";"18.1";"76.";"8.";"247.40";"0.00";"247.40"
"2015";"8";"11";"2";"13";"5342";"213.";"4.2";"19.1";"69.";"7.";"304.25";"113.25";"224.72"
"2015";"8";"11";"2";"14";"5343";"212.";"4.1";"19.4";"70.";"6.";"358.51";"210.42";"224.89"
"2015";"8";"11";"2";"15";"5344";"206.";"3.5";"20.1";"73.";"3.";"406.03";"493.92";"139.38"
"2015";"8";"11";"2";"16";"5345";"214.";"3.6";"19.7";"72.";"1.";"354.83";"623.62";"90.79"
"2015";"8";"11";"2";"17";"5346";"224.";"3.0";"19.3";"76.";"2.";"196.69";"443.57";"66.51"
"2015";"8";"11";"2";"18";"5347";"230.";"2.9";"18.3";"82.";"6.";"37.45";"69.78";"26.36"
"2015";"8";"11";"2";"19";"5348";"236.";"2.1";"18.0";"84.";"7.";"0.00";"0.00";"0.00"
"2015";"8";"11";"2";"20";"5349";"262.";"2.1";"17.4";"81.";"8.";"0.00";"0.00";"0.00"
"2015";"8";"11";"2";"21";"5350";"270.";"2.0";"16.8";"81.";"8.";"0.00";"0.00";"0.00"
"2015";"8";"11";"2";"22";"5351";"280.";"2.6";"16.4";"82.";"8.";"0.00";"0.00";"0.00"
"2015";"8";"11";"2";"23";"5352";"278.";"3.7";"16.4";"80.";"8.";"0.00";"0.00";"0.00"
"2015";"8";"12";"3";"0";"5353";"275.";"3.5";"16.1";"84.";"6.";"0.00";"0.00";"0.00"
"2015";"8";"12";"3";"1";"5354";"271.";"3.0";"16.0";"85.";"7.";"0.00";"0.00";"0.00"
"2015";"8";"12";"3";"2";"5355";"266.";"3.1";"15.9";"85.";"6.";"0.00";"0.00";"0.00"
"2015";"8";"12";"3";"3";"5356";"269.";"3.6";"15.5";"87.";"7.";"0.00";"0.00";"0.00"
"2015";"8";"12";"3";"4";"5357";"259.";"3.1";"15.1";"88.";"6.";"0.00";"0.00";"0.00"
"2015";"8";"12";"3";"5";"5358";"258.";"3.4";"15.3";"84.";"6.";"39.09";"68.92";"28.44"
"2015";"8";"12";"3";"6";"5359";"261.";"3.7";"15.6";"83.";"5.";"142.38";"213.77";"80.55"
"2015";"8";"12";"3";"7";"5360";"263.";"3.6";"16.2";"80.";"6.";"193.77";"172.93";"121.25"
"2015";"8";"12";"3";"8";"5361";"270.";"3.8";"17.0";"75.";"5.";"320.12";"308.23";"154.91"
"2015";"8";"12";"3";"9";"5362";"263.";"4.3";"17.1";"72.";"5.";"389.76";"313.09";"192.12"
"2015";"8";"12";"3";"10";"5363";"270.";"4.5";"17.1";"71.";"5.";"438.50";"314.95";"218.47"
"2015";"8";"12";"3";"11";"5364";"271.";"4.5";"17.4";"69.";"5.";"465.97";"323.47";"228.71"
"2015";"8";"12";"3";"12";"5365";"269.";"4.6";"17.5";"68.";"3.";"605.17";"568.92";"187.88"
"2015";"8";"12";"3";"13";"5366";"272.";"4.8";"17.4";"68.";"3.";"573.03";"569.65";"175.07"
"2015";"8";"12";"3";"14";"5367";"270.";"4.4";"17.6";"67.";"2.";"560.41";"668.88";"138.17"
"2015";"8";"12";"3";"15";"5368";"272.";"5.0";"17.4";"66.";"1.";"494.96";"703.13";"118.08"
"2015";"8";"12";"3";"16";"5369";"271.";"4.2";"17.3";"66.";"0.";"392.57";"763.36";"72.46"
"2015";"8";"12";"3";"17";"5370";"271.";"3.8";"17.0";"65.";"1.";"217.32";"556.52";"56.35"
"2015";"8";"12";"3";"18";"5371";"283.";"3.8";"16.3";"67.";"2.";"66.29";"258.91";"26.28"
"2015";"8";"12";"3";"19";"5372";"292.";"2.3";"15.7";"72.";"2.";"0.00";"0.00";"0.00"
"2015";"8";"12";"3";"20";"5373";"295.";"1.6";"14.2";"79.";"2.";"0.00";"0.00";"0.00"
"2015";"8";"12";"3";"21";"5374";"290.";"1.0";"13.5";"84.";"0.";"0.00";"0.00";"0.00"
"2015";"8";"12";"3";"22";"5375";"317.";"0.4";"12.4";"89.";"0.";"0.00";"0.00";"0.00"
"2015";"8";"12";"3";"23";"5376";"73.";"0.4";"11.3";"94.";"0.";"0.00";"0.00";"0.00"
"2015";"8";"13";"4";"0";"5377";"70.";"0.7";"10.6";"95.";"0.";"0.00";"0.00";"0.00"
"2015";"8";"13";"4";"1";"5378";"93.";"1.1";"10.4";"95.";"5.";"0.00";"0.00";"0.00"
"2015";"8";"13";"4";"2";"5379";"106.";"1.7";"9.7";"96.";"4.";"0.00";"0.00";"0.00"
"2015";"8";"13";"4";"3";"5380";"121.";"1.3";"9.5";"95.";"0.";"0.00";"0.00";"0.00"
"2015";"8";"13";"4";"4";"5381";"116.";"1.2";"9.1";"94.";"0.";"0.00";"0.00";"0.00"
"2015";"8";"13";"4";"5";"5382";"99.";"1.7";"10.6";"90.";"0.";"74.12";"326.09";"25.19"
"2015";"8";"13";"4";"6";"5383";"90.";"1.3";"13.0";"87.";"0.";"225.96";"602.15";"54.38"
"2015";"8";"13";"4";"7";"5384";"101.";"2.1";"15.1";"78.";"1.";"358.70";"663.31";"83.27"
"2015";"8";"13";"4";"8";"5385";"115.";"2.0";"17.8";"68.";"1.";"488.56";"699.80";"116.22"
"2015";"8";"13";"4";"9";"5386";"126.";"2.0";"19.5";"60.";"2.";"577.81";"677.64";"152.62"
"2015";"8";"13";"4";"10";"5387";"137.";"1.9";"20.7";"53.";"1.";"705.91";"772.02";"169.43"
"2015";"8";"13";"4";"11";"5388";"146.";"1.8";"21.7";"48.";"2.";"720.24";"696.75";"211.74"
"2015";"8";"13";"4";"12";"5389";"194.";"1.7";"21.6";"51.";"1.";"725.01";"805.33";"137.27"
"2015";"8";"13";"4";"13";"5390";"235.";"1.6";"21.7";"53.";"1.";"703.88";"792.74";"153.01"
"2015";"8";"13";"4";"14";"5391";"268.";"2.1";"21.0";"58.";"1.";"620.44";"746.30";"152.18"
"2015";"8";"13";"4";"15";"5392";"253.";"2.0";"21.0";"56.";"3.";"461.27";"495.90";"197.42"
"2015";"8";"13";"4";"16";"5393";"264.";"2.9";"20.4";"59.";"1.";"365.51";"641.99";"98.93"
"2015";"8";"13";"4";"17";"5394";"281.";"3.0";"20.2";"64.";"0.";"219.22";"598.32";"48.74"
"2015";"8";"13";"4";"18";"5395";"301.";"2.3";"19.7";"67.";"1.";"56.88";"237.89";"21.19"
"2015";"8";"13";"4";"19";"5396";"324.";"1.4";"18.4";"72.";"0.";"0.00";"0.00";"0.00"
"2015";"8";"13";"4";"20";"5397";"357.";"1.1";"17.0";"79.";"0.";"0.00";"0.00";"0.00"
"2015";"8";"13";"4";"21";"5398";"54.";"1.4";"16.1";"84.";"0.";"0.00";"0.00";"0.00"
"2015";"8";"13";"4";"22";"5399";"108.";"2.3";"15.0";"86.";"0.";"0.00";"0.00";"0.00"
"2015";"8";"13";"4";"23";"5400";"139.";"3.0";"15.2";"83.";"2.";"0.00";"0.00";"0.00"
"2015";"8";"14";"5";"0";"5401";"139.";"2.6";"15.6";"85.";"0.";"0.00";"0.00";"0.00"
"2015";"8";"14";"5";"1";"5402";"126.";"2.2";"13.5";"84.";"0.";"0.00";"0.00";"0.00"
"2015";"8";"14";"5";"2";"5403";"108.";"3.4";"12.0";"81.";"0.";"0.00";"0.00";"0.00"
"2015";"8";"14";"5";"3";"5404";"107.";"3.6";"12.6";"81.";"0.";"0.00";"0.00";"0.00"
"2015";"8";"14";"5";"4";"5405";"108.";"4.9";"12.9";"80.";"0.";"0.00";"0.00";"0.00"
"2015";"8";"14";"5";"5";"5406";"106.";"4.3";"13.7";"80.";"0.";"67.12";"312.91";"21.60"
"2015";"8";"14";"5";"6";"5407";"109.";"5.2";"15.3";"75.";"0.";"221.32";"605.61";"51.41"
"2015";"8";"14";"5";"7";"5408";"111.";"5.4";"16.9";"63.";"0.";"385.76";"763.96";"71.74"
"2015";"8";"14";"5";"8";"5409";"111.";"5.2";"18.5";"50.";"0.";"533.79";"826.78";"97.22"
"2015";"8";"14";"5";"9";"5410";"116.";"5.8";"20.4";"37.";"0.";"661.09";"894.78";"103.13"
"2015";"8";"14";"5";"10";"5411";"119.";"5.4";"21.8";"35.";"0.";"747.70";"936.22";"100.67"
"2015";"8";"14";"5";"11";"5412";"118.";"4.9";"22.8";"33.";"0.";"791.89";"948.72";"103.05"
"2015";"8";"14";"5";"12";"5413";"118.";"5.8";"23.8";"34.";"0.";"783.10";"908.48";"123.48"
"2015";"8";"14";"5";"13";"5414";"122.";"5.4";"24.2";"35.";"0.";"738.94";"903.99";"114.18"
"2015";"8";"14";"5";"14";"5415";"119.";"5.2";"24.8";"37.";"0.";"650.35";"870.44";"107.57"
"2015";"8";"14";"5";"15";"5416";"115.";"5.7";"24.9";"37.";"0.";"529.92";"819.02";"97.44"
"2015";"8";"14";"5";"16";"5417";"117.";"5.4";"24.7";"38.";"0.";"387.21";"773.71";"69.18"
"2015";"8";"14";"5";"17";"5418";"117.";"4.8";"24.6";"36.";"0.";"233.92";"646.02";"52.67"
"2015";"8";"14";"5";"18";"5419";"109.";"4.1";"23.3";"35.";"0.";"77.03";"361.12";"24.50"
"2015";"8";"14";"5";"19";"5420";"110.";"2.9";"21.8";"39.";"0.";"0.00";"0.00";"0.00"
"2015";"8";"14";"5";"20";"5421";"102.";"2.7";"19.3";"45.";"0.";"0.00";"0.00";"0.00"
"2015";"8";"14";"5";"21";"5422";"108.";"3.7";"18.1";"46.";"0.";"0.00";"0.00";"0.00"
"2015";"8";"14";"5";"22";"5423";"108.";"3.8";"17.5";"45.";"0.";"0.00";"0.00";"0.00"
"2015";"8";"14";"5";"23";"5424";"107.";"4.3";"16.7";"49.";"0.";"0.00";"0.00";"0.00"
"2015";"8";"15";"6";"0";"5425";"100.";"4.6";"15.6";"54.";"2.";"0.00";"0.00";"0.00"
"2015";"8";"15";"6";"1";"5426";"93.";"5.2";"14.9";"60.";"1.";"0.00";"0.00";"0.00"
"2015";"8";"15";"6";"2";"5427";"91.";"5.1";"14.4";"70.";"0.";"0.00";"0.00";"0.00"
"2015";"8";"15";"6";"3";"5428";"87.";"4.6";"14.5";"72.";"0.";"0.00";"0.00";"0.00"
"2015";"8";"15";"6";"4";"5429";"86.";"4.7";"14.6";"74.";"0.";"0.00";"0.00";"0.00"
"2015";"8";"15";"6";"5";"5430";"89.";"4.7";"15.2";"74.";"0.";"61.16";"299.30";"19.01"
"2015";"8";"15";"6";"6";"5431";"94.";"5.0";"17.2";"68.";"0.";"215.09";"599.76";"49.49"
"2015";"8";"15";"6";"7";"5432";"95.";"5.0";"19.3";"60.";"0.";"385.47";"769.76";"72.34"
"2015";"8";"15";"6";"8";"5433";"100.";"5.4";"21.5";"54.";"1.";"500.21";"719.41";"123.27"
"2015";"8";"15";"6";"9";"5434";"101.";"6.2";"23.4";"50.";"3.";"538.57";"548.58";"198.66"
"2015";"8";"15";"6";"10";"5435";"106.";"6.2";"25.3";"47.";"3.";"601.07";"530.43";"236.53"
"2015";"8";"15";"6";"11";"5436";"111.";"6.7";"26.5";"43.";"2.";"647.97";"654.43";"175.30"
"2015";"8";"15";"6";"12";"5437";"107.";"6.7";"27.3";"42.";"3.";"668.59";"553.82";"268.58"
"2015";"8";"15";"6";"13";"5438";"110.";"6.5";"27.8";"43.";"6.";"449.06";"222.31";"296.28"
"2015";"8";"15";"6";"14";"5439";"108.";"4.0";"26.4";"46.";"6.";"419.77";"209.02";"290.26"
"2015";"8";"15";"6";"15";"5440";"99.";"2.6";"25.2";"52.";"6.";"200.24";"144.53";"124.52"
"2015";"8";"15";"6";"16";"5441";"101.";"2.7";"21.6";"68.";"6.";"171.76";"102.30";"130.15"
"2015";"8";"15";"6";"17";"5442";"101.";"3.2";"20.8";"73.";"6.";"131.89";"136.64";"94.16"
"2015";"8";"15";"6";"18";"5443";"102.";"2.6";"21.1";"69.";"8.";"18.28";"0.00";"18.28"
"2015";"8";"15";"6";"19";"5444";"109.";"3.9";"21.1";"68.";"8.";"0.00";"0.00";"0.00"
"2015";"8";"15";"6";"20";"5445";"107.";"4.7";"20.7";"66.";"8.";"0.00";"0.00";"0.00"
"2015";"8";"15";"6";"21";"5446";"98.";"4.3";"19.0";"69.";"8.";"0.00";"0.00";"0.00"
"2015";"8";"15";"6";"22";"5447";"97.";"4.7";"18.4";"68.";"8.";"0.00";"0.00";"0.00"
"2015";"8";"15";"6";"23";"5448";"95.";"3.5";"17.5";"70.";"8.";"0.00";"0.00";"0.00"
"2015";"8";"16";"7";"0";"5449";"94.";"4.4";"17.2";"72.";"8.";"0.00";"0.00";"0.00"
"2015";"8";"16";"7";"1";"5450";"88.";"4.1";"16.8";"72.";"8.";"0.00";"0.00";"0.00"
"2015";"8";"16";"7";"2";"5451";"80.";"4.0";"16.8";"73.";"7.";"0.00";"0.00";"0.00"
"2015";"8";"16";"7";"3";"5452";"76.";"5.1";"16.5";"78.";"7.";"0.00";"0.00";"0.00"
"2015";"8";"16";"7";"4";"5453";"74.";"4.8";"16.6";"80.";"8.";"0.00";"0.00";"0.00"
"2015";"8";"16";"7";"5";"5454";"78.";"5.0";"16.1";"81.";"8.";"14.56";"0.00";"14.56"
"2015";"8";"16";"7";"6";"5455";"82.";"5.4";"16.3";"78.";"7.";"86.89";"75.36";"66.42"
"2015";"8";"16";"7";"7";"5456";"79.";"5.1";"17.4";"75.";"8.";"212.05";"0.00";"212.05"
"2015";"8";"16";"7";"8";"5457";"81.";"4.9";"18.9";"68.";"8.";"254.61";"0.00";"254.61"
"2015";"8";"16";"7";"9";"5458";"83.";"4.2";"20.1";"67.";"8.";"306.03";"0.00";"306.03"
"2015";"8";"16";"7";"10";"5459";"91.";"4.4";"21.6";"61.";"8.";"319.48";"0.00";"319.48"
"2015";"8";"16";"7";"11";"5460";"100.";"5.1";"23.0";"55.";"8.";"338.09";"0.00";"338.09"
"2015";"8";"16";"7";"12";"5461";"99.";"5.2";"23.7";"53.";"8.";"489.69";"0.00";"489.69"
"2015";"8";"16";"7";"13";"5462";"97.";"5.0";"24.4";"50.";"8.";"458.81";"0.00";"458.81"
"2015";"8";"16";"7";"14";"5463";"95.";"4.3";"24.7";"50.";"8.";"355.38";"0.00";"355.38"
"2015";"8";"16";"7";"15";"5464";"88.";"4.0";"24.7";"51.";"8.";"268.45";"0.00";"268.45"
"2015";"8";"16";"7";"16";"5465";"85.";"3.9";"25.0";"47.";"5.";"287.20";"279.96";"174.53"
"2015";"8";"16";"7";"17";"5466";"81.";"3.6";"24.9";"48.";"2.";"186.13";"429.64";"69.44"
"2015";"8";"16";"7";"18";"5467";"83.";"3.7";"22.9";"51.";"2.";"45.10";"181.34";"20.42"
"2015";"8";"16";"7";"19";"5468";"79.";"3.5";"22.1";"54.";"0.";"0.00";"0.00";"0.00"
"2015";"8";"16";"7";"20";"5469";"84.";"4.5";"21.0";"56.";"5.";"0.00";"0.00";"0.00"
"2015";"8";"16";"7";"21";"5470";"84.";"4.8";"20.5";"59.";"5.";"0.00";"0.00";"0.00"
"2015";"8";"16";"7";"22";"5471";"81.";"4.6";"19.3";"64.";"4.";"0.00";"0.00";"0.00"
"2015";"8";"16";"7";"23";"5472";"78.";"4.8";"18.2";"69.";"0.";"0.00";"0.00";"0.00"
"2015";"8";"17";"1";"0";"5473";"75.";"4.4";"17.0";"73.";"0.";"0.00";"0.00";"0.00"
"2015";"8";"17";"1";"1";"5474";"74.";"4.7";"16.1";"73.";"0.";"0.00";"0.00";"0.00"
"2015";"8";"17";"1";"2";"5475";"69.";"4.2";"15.5";"75.";"0.";"0.00";"0.00";"0.00"
"2015";"8";"17";"1";"3";"5476";"64.";"4.8";"15.0";"77.";"1.";"0.00";"0.00";"0.00"
"2015";"8";"17";"1";"4";"5477";"65.";"5.2";"14.7";"79.";"0.";"0.00";"0.00";"0.00"
"2015";"8";"17";"1";"5";"5478";"71.";"5.8";"15.0";"76.";"0.";"48.46";"246.51";"16.08"
"2015";"8";"17";"1";"6";"5479";"72.";"5.9";"16.3";"71.";"0.";"201.59";"539.80";"57.45"
"2015";"8";"17";"1";"7";"5480";"72.";"5.3";"17.7";"65.";"0.";"367.57";"757.44";"66.05"
"2015";"8";"17";"1";"8";"5481";"75.";"5.9";"19.1";"60.";"1.";"491.02";"707.28";"126.37"
"2015";"8";"17";"1";"9";"5482";"76.";"5.9";"20.9";"54.";"0.";"628.88";"847.36";"110.73"
"2015";"8";"17";"1";"10";"5483";"78.";"5.9";"22.2";"48.";"0.";"714.96";"873.51";"121.56"
"2015";"8";"17";"1";"11";"5484";"84.";"6.4";"23.1";"44.";"0.";"762.31";"899.81";"119.45"
"2015";"8";"17";"1";"12";"5485";"84.";"5.7";"24.0";"40.";"0.";"762.67";"894.36";"123.70"
"2015";"8";"17";"1";"13";"5486";"92.";"6.1";"24.8";"39.";"0.";"718.02";"883.15";"118.07"
"2015";"8";"17";"1";"14";"5487";"95.";"6.7";"24.8";"37.";"0.";"638.75";"885.80";"97.09"
"2015";"8";"17";"1";"15";"5488";"90.";"6.8";"24.7";"37.";"0.";"514.76";"807.74";"98.32"
"2015";"8";"17";"1";"16";"5489";"90.";"5.8";"24.5";"40.";"0.";"368.59";"745.65";"71.77"
"2015";"8";"17";"1";"17";"5490";"91.";"6.1";"23.0";"46.";"0.";"205.30";"587.32";"48.47"
"2015";"8";"17";"1";"18";"5491";"91.";"5.7";"21.4";"49.";"0.";"51.19";"258.67";"17.21"
"2015";"8";"17";"1";"19";"5492";"88.";"5.7";"20.4";"55.";"0.";"0.00";"0.00";"0.00"
"2015";"8";"17";"1";"20";"5493";"90.";"5.6";"18.6";"60.";"0.";"0.00";"0.00";"0.00"
"2015";"8";"17";"1";"21";"5494";"86.";"5.3";"17.8";"61.";"2.";"0.00";"0.00";"0.00"
"2015";"8";"17";"1";"22";"5495";"80.";"4.6";"17.2";"61.";"1.";"0.00";"0.00";"0.00"
"2015";"8";"17";"1";"23";"5496";"82.";"4.1";"16.4";"65.";"2.";"0.00";"0.00";"0.00"
"2015";"8";"18";"2";"0";"5497";"78.";"3.9";"15.6";"68.";"0.";"0.00";"0.00";"0.00"
"2015";"8";"18";"2";"1";"5498";"70.";"3.7";"14.4";"74.";"0.";"0.00";"0.00";"0.00"
"2015";"8";"18";"2";"2";"5499";"72.";"3.9";"13.3";"79.";"1.";"0.00";"0.00";"0.00"
"2015";"8";"18";"2";"3";"5500";"68.";"4.1";"13.6";"81.";"0.";"0.00";"0.00";"0.00"
"2015";"8";"18";"2";"4";"5501";"68.";"4.1";"13.1";"84.";"0.";"0.00";"0.00";"0.00"
"2015";"8";"18";"2";"5";"5502";"68.";"4.0";"13.8";"82.";"0.";"43.39";"226.67";"14.71"
"2015";"8";"18";"2";"6";"5503";"79.";"4.6";"15.9";"78.";"3.";"150.61";"345.28";"60.02"
"2015";"8";"18";"2";"7";"5504";"92.";"6.5";"17.0";"72.";"3.";"273.67";"431.40";"103.87"
"2015";"8";"18";"2";"8";"5505";"98.";"6.9";"18.5";"63.";"1.";"464.42";"674.22";"119.71"
"2015";"8";"18";"2";"9";"5506";"96.";"6.3";"20.4";"55.";"1.";"606.21";"776.47";"134.65"
"2015";"8";"18";"2";"10";"5507";"101.";"6.0";"21.5";"50.";"0.";"714.52";"899.87";"106.88"
"2015";"8";"18";"2";"11";"5508";"106.";"6.2";"22.7";"44.";"0.";"756.75";"888.97";"125.21"
"2015";"8";"18";"2";"12";"5509";"110.";"6.5";"23.7";"40.";"0.";"762.78";"919.89";"109.28"
"2015";"8";"18";"2";"13";"5510";"111.";"5.9";"24.6";"38.";"0.";"716.77";"897.27";"110.89"
"2015";"8";"18";"2";"14";"5511";"114.";"6.0";"25.1";"36.";"0.";"633.26";"878.48";"99.74"
"2015";"8";"18";"2";"15";"5512";"113.";"6.2";"25.3";"34.";"1.";"474.53";"706.91";"113.12"
"2015";"8";"18";"2";"16";"5513";"114.";"6.0";"25.3";"33.";"1.";"342.99";"666.18";"80.78"
"2015";"8";"18";"2";"17";"5514";"113.";"5.5";"24.5";"35.";"0.";"207.61";"602.93";"49.41"
"2015";"8";"18";"2";"18";"5515";"109.";"5.1";"22.9";"36.";"0.";"56.03";"292.92";"18.97"
"2015";"8";"18";"2";"19";"5516";"109.";"4.3";"21.2";"40.";"0.";"0.00";"0.00";"0.00"
"2015";"8";"18";"2";"20";"5517";"110.";"4.2";"19.8";"43.";"0.";"0.00";"0.00";"0.00"
"2015";"8";"18";"2";"21";"5518";"108.";"4.3";"18.8";"44.";"0.";"0.00";"0.00";"0.00"
"2015";"8";"18";"2";"22";"5519";"106.";"4.1";"17.7";"46.";"0.";"0.00";"0.00";"0.00"
"2015";"8";"18";"2";"23";"5520";"106.";"4.3";"16.9";"46.";"0.";"0.00";"0.00";"0.00"
"2015";"8";"19";"3";"0";"5521";"101.";"3.5";"16.1";"52.";"0.";"0.00";"0.00";"0.00"
"2015";"8";"19";"3";"1";"5522";"93.";"3.5";"15.2";"60.";"0.";"0.00";"0.00";"0.00"
"2015";"8";"19";"3";"2";"5523";"90.";"4.8";"13.4";"69.";"0.";"0.00";"0.00";"0.00"
"2015";"8";"19";"3";"3";"5524";"88.";"4.1";"13.6";"72.";"0.";"0.00";"0.00";"0.00"
"2015";"8";"19";"3";"4";"5525";"86.";"4.1";"12.6";"78.";"0.";"0.00";"0.00";"0.00"
"2015";"8";"19";"3";"5";"5526";"88.";"4.4";"13.6";"78.";"0.";"42.35";"225.92";"14.87"
"2015";"8";"19";"3";"6";"5527";"92.";"5.0";"16.2";"75.";"0.";"191.27";"563.89";"45.97"
"2015";"8";"19";"3";"7";"5528";"97.";"4.7";"17.4";"69.";"0.";"351.56";"710.53";"75.11"
"2015";"8";"19";"3";"8";"5529";"101.";"4.2";"19.6";"58.";"0.";"499.27";"797.02";"95.27"
"2015";"8";"19";"3";"9";"5530";"104.";"4.7";"21.3";"50.";"0.";"626.17";"884.12";"92.98"
"2015";"8";"19";"3";"10";"5531";"110.";"5.1";"22.5";"45.";"0.";"709.09";"886.09";"114.43"
"2015";"8";"19";"3";"11";"5532";"113.";"4.7";"23.6";"40.";"0.";"758.26";"919.67";"108.68"
"2015";"8";"19";"3";"12";"5533";"118.";"4.4";"24.1";"38.";"0.";"747.02";"848.39";"147.79"
"2015";"8";"19";"3";"13";"5534";"120.";"4.5";"24.4";"34.";"0.";"718.52";"916.58";"103.40"
"2015";"8";"19";"3";"14";"5535";"123.";"4.1";"25.0";"35.";"0.";"629.68";"880.30";"98.79"
"2015";"8";"19";"3";"15";"5536";"125.";"3.2";"25.0";"35.";"1.";"486.60";"704.96";"129.26"
"2015";"8";"19";"3";"16";"5537";"133.";"2.3";"25.1";"34.";"0.";"362.89";"749.82";"71.15"
"2015";"8";"19";"3";"17";"5538";"133.";"1.9";"23.8";"40.";"0.";"198.90";"594.88";"45.61"
"2015";"8";"19";"3";"18";"5539";"188.";"0.6";"22.6";"45.";"0.";"41.04";"218.97";"14.41"
"2015";"8";"19";"3";"19";"5540";"115.";"0.6";"20.5";"53.";"0.";"0.00";"0.00";"0.00"
"2015";"8";"19";"3";"20";"5541";"113.";"1.3";"18.5";"64.";"0.";"0.00";"0.00";"0.00"
"2015";"8";"19";"3";"21";"5542";"120.";"2.8";"17.6";"68.";"1.";"0.00";"0.00";"0.00"
"2015";"8";"19";"3";"22";"5543";"136.";"3.5";"18.4";"64.";"0.";"0.00";"0.00";"0.00"
"2015";"8";"19";"3";"23";"5544";"134.";"3.5";"17.1";"65.";"0.";"0.00";"0.00";"0.00"
"2015";"8";"20";"4";"0";"5545";"130.";"3.1";"15.8";"66.";"0.";"0.00";"0.00";"0.00"
"2015";"8";"20";"4";"1";"5546";"119.";"2.8";"14.9";"70.";"0.";"0.00";"0.00";"0.00"
"2015";"8";"20";"4";"2";"5547";"112.";"3.0";"14.5";"73.";"0.";"0.00";"0.00";"0.00"
"2015";"8";"20";"4";"3";"5548";"112.";"2.6";"13.0";"77.";"0.";"0.00";"0.00";"0.00"
"2015";"8";"20";"4";"4";"5549";"105.";"3.4";"12.3";"83.";"0.";"0.00";"0.00";"0.00"
"2015";"8";"20";"4";"5";"5550";"101.";"3.7";"13.4";"80.";"0.";"35.36";"191.34";"13.04"
"2015";"8";"20";"4";"6";"5551";"104.";"3.5";"15.4";"75.";"0.";"185.65";"526.09";"52.60"
"2015";"8";"20";"4";"7";"5552";"105.";"3.7";"16.6";"71.";"0.";"345.29";"689.99";"80.00"
"2015";"8";"20";"4";"8";"5553";"110.";"3.3";"18.4";"63.";"0.";"492.53";"784.81";"98.20"
"2015";"8";"20";"4";"9";"5554";"113.";"3.0";"20.2";"58.";"0.";"606.84";"801.71";"126.79"
"2015";"8";"20";"4";"10";"5555";"128.";"2.7";"21.6";"52.";"0.";"696.91";"857.70";"124.92"
"2015";"8";"20";"4";"11";"5556";"151.";"2.4";"23.1";"45.";"0.";"744.22";"879.00";"127.03"
"2015";"8";"20";"4";"12";"5557";"171.";"2.9";"24.1";"42.";"0.";"744.62";"879.99";"126.74"
"2015";"8";"20";"4";"13";"5558";"204.";"2.9";"23.4";"48.";"1.";"644.89";"745.62";"147.64"
"2015";"8";"20";"4";"14";"5559";"252.";"3.9";"22.4";"55.";"2.";"514.52";"600.50";"154.95"
"2015";"8";"20";"4";"15";"5560";"256.";"3.4";"22.8";"57.";"1.";"449.46";"676.84";"109.38"
"2015";"8";"20";"4";"16";"5561";"246.";"2.2";"22.7";"56.";"1.";"315.06";"604.63";"82.59"
"2015";"8";"20";"4";"17";"5562";"193.";"2.4";"23.0";"55.";"1.";"164.96";"451.12";"50.87"
"2015";"8";"20";"4";"18";"5563";"199.";"2.7";"21.5";"57.";"0.";"25.51";"140.08";"9.17"
"2015";"8";"20";"4";"19";"5564";"183.";"3.2";"19.9";"61.";"1.";"0.00";"0.00";"0.00"
"2015";"8";"20";"4";"20";"5565";"176.";"4.0";"18.8";"66.";"2.";"0.00";"0.00";"0.00"
"2015";"8";"20";"4";"21";"5566";"170.";"3.5";"17.9";"71.";"3.";"0.00";"0.00";"0.00"
"2015";"8";"20";"4";"22";"5567";"182.";"3.6";"17.3";"73.";"2.";"0.00";"0.00";"0.00"
"2015";"8";"20";"4";"23";"5568";"178.";"3.1";"17.2";"75.";"1.";"0.00";"0.00";"0.00"
"2015";"8";"21";"5";"0";"5569";"167.";"2.7";"15.9";"78.";"1.";"0.00";"0.00";"0.00"
"2015";"8";"21";"5";"1";"5570";"140.";"3.3";"15.5";"79.";"3.";"0.00";"0.00";"0.00"
"2015";"8";"21";"5";"2";"5571";"138.";"3.1";"14.3";"80.";"2.";"0.00";"0.00";"0.00"
"2015";"8";"21";"5";"3";"5572";"130.";"2.8";"13.6";"81.";"0.";"0.00";"0.00";"0.00"
"2015";"8";"21";"5";"4";"5573";"124.";"2.3";"12.9";"81.";"0.";"0.00";"0.00";"0.00"
"2015";"8";"21";"5";"5";"5574";"125.";"2.5";"13.0";"79.";"0.";"31.63";"166.64";"13.02"
"2015";"8";"21";"5";"6";"5575";"131.";"2.7";"15.4";"72.";"0.";"181.54";"519.08";"52.77"
"2015";"8";"21";"5";"7";"5576";"133.";"2.7";"17.2";"60.";"0.";"347.49";"720.84";"73.70"
"2015";"8";"21";"5";"8";"5577";"135.";"2.3";"19.4";"51.";"0.";"497.59";"829.75";"84.42"
"2015";"8";"21";"5";"9";"5578";"130.";"3.0";"20.6";"43.";"0.";"617.17";"848.10";"113.06"
"2015";"8";"21";"5";"10";"5579";"147.";"2.0";"21.8";"40.";"0.";"702.25";"873.93";"123.18"
"2015";"8";"21";"5";"11";"5580";"136.";"2.8";"22.9";"38.";"0.";"747.30";"894.09";"123.31"
"2015";"8";"21";"5";"12";"5581";"146.";"3.2";"23.4";"38.";"0.";"736.32";"834.33";"154.04"
"2015";"8";"21";"5";"13";"5582";"175.";"3.1";"23.3";"39.";"0.";"699.10";"865.92";"125.34"
"2015";"8";"21";"5";"14";"5583";"220.";"3.8";"22.3";"44.";"0.";"613.11";"845.88";"110.31"
"2015";"8";"21";"5";"15";"5584";"231.";"3.8";"22.2";"49.";"0.";"489.67";"800.08";"91.28"
"2015";"8";"21";"5";"16";"5585";"227.";"3.0";"21.7";"50.";"0.";"343.99";"721.17";"70.08"
"2015";"8";"21";"5";"17";"5586";"211.";"1.8";"21.6";"52.";"0.";"185.70";"568.32";"44.72"
"2015";"8";"21";"5";"18";"5587";"198.";"1.1";"20.3";"51.";"0.";"31.45";"182.38";"11.09"
"2015";"8";"21";"5";"19";"5588";"193.";"0.3";"18.3";"62.";"0.";"0.00";"0.00";"0.00"
"2015";"8";"21";"5";"20";"5589";"88.";"0.6";"16.9";"69.";"0.";"0.00";"0.00";"0.00"
"2015";"8";"21";"5";"21";"5590";"53.";"1.3";"15.3";"72.";"0.";"0.00";"0.00";"0.00"
"2015";"8";"21";"5";"22";"5591";"60.";"1.3";"14.5";"73.";"0.";"0.00";"0.00";"0.00"
"2015";"8";"21";"5";"23";"5592";"51.";"1.5";"13.6";"75.";"0.";"0.00";"0.00";"0.00"
"2015";"8";"22";"6";"0";"5593";"55.";"1.7";"12.8";"76.";"0.";"0.00";"0.00";"0.00"
"2015";"8";"22";"6";"1";"5594";"96.";"1.4";"12.1";"74.";"0.";"0.00";"0.00";"0.00"
"2015";"8";"22";"6";"2";"5595";"112.";"1.9";"11.9";"78.";"0.";"0.00";"0.00";"0.00"
"2015";"8";"22";"6";"3";"5596";"112.";"1.5";"11.3";"76.";"0.";"0.00";"0.00";"0.00"
"2015";"8";"22";"6";"4";"5597";"110.";"2.0";"11.1";"81.";"0.";"0.00";"0.00";"0.00"
"2015";"8";"22";"6";"5";"5598";"109.";"2.3";"11.6";"82.";"0.";"29.55";"170.83";"11.34"
"2015";"8";"22";"6";"6";"5599";"108.";"2.6";"14.1";"80.";"0.";"174.48";"502.81";"52.20"
"2015";"8";"22";"6";"7";"5600";"111.";"1.7";"16.4";"71.";"0.";"334.14";"677.90";"79.86"
"2015";"8";"22";"6";"8";"5601";"115.";"2.0";"19.0";"63.";"0.";"477.35";"755.96";"104.37"
"2015";"8";"22";"6";"9";"5602";"110.";"1.2";"20.8";"57.";"0.";"596.31";"802.68";"122.76"
"2015";"8";"22";"6";"10";"5603";"110.";"0.9";"21.9";"52.";"1.";"633.23";"728.07";"153.99"
"2015";"8";"22";"6";"11";"5604";"115.";"0.9";"22.1";"48.";"2.";"620.87";"631.96";"182.55"
"2015";"8";"22";"6";"12";"5605";"243.";"0.4";"22.2";"48.";"3.";"565.11";"537.02";"192.63"
"2015";"8";"22";"6";"13";"5606";"270.";"1.1";"22.3";"46.";"4.";"480.85";"453.59";"182.27"
"2015";"8";"22";"6";"14";"5607";"273.";"2.0";"22.4";"46.";"3.";"465.54";"509.95";"164.69"
"2015";"8";"22";"6";"15";"5608";"284.";"2.8";"22.4";"47.";"0.";"480.97";"762.69";"104.68"
"2015";"8";"22";"6";"16";"5609";"296.";"3.9";"21.9";"49.";"0.";"335.80";"687.13";"78.06"
"2015";"8";"22";"6";"17";"5610";"307.";"3.8";"21.2";"52.";"0.";"174.42";"515.78";"48.99"
"2015";"8";"22";"6";"18";"5611";"322.";"2.9";"20.5";"56.";"0.";"19.60";"113.26";"7.53"
"2015";"8";"22";"6";"19";"5612";"336.";"2.5";"19.0";"62.";"0.";"0.00";"0.00";"0.00"
"2015";"8";"22";"6";"20";"5613";"355.";"2.5";"17.3";"70.";"0.";"0.00";"0.00";"0.00"
"2015";"8";"22";"6";"21";"5614";"9.";"2.8";"16.2";"73.";"0.";"0.00";"0.00";"0.00"
"2015";"8";"22";"6";"22";"5615";"42.";"2.7";"15.2";"73.";"0.";"0.00";"0.00";"0.00"
"2015";"8";"22";"6";"23";"5616";"57.";"2.5";"15.0";"76.";"0.";"0.00";"0.00";"0.00"
"2015";"8";"23";"7";"0";"5617";"83.";"2.2";"14.2";"76.";"0.";"0.00";"0.00";"0.00"
"2015";"8";"23";"7";"1";"5618";"108.";"2.5";"13.8";"78.";"0.";"0.00";"0.00";"0.00"
"2015";"8";"23";"7";"2";"5619";"117.";"2.5";"13.7";"78.";"0.";"0.00";"0.00";"0.00"
"2015";"8";"23";"7";"3";"5620";"109.";"2.3";"12.3";"79.";"0.";"0.00";"0.00";"0.00"
"2015";"8";"23";"7";"4";"5621";"102.";"2.3";"12.6";"81.";"0.";"0.00";"0.00";"0.00"
"2015";"8";"23";"7";"5";"5622";"98.";"2.5";"12.9";"80.";"0.";"21.41";"127.39";"8.48"
"2015";"8";"23";"7";"6";"5623";"93.";"2.6";"15.2";"74.";"0.";"171.79";"539.88";"43.18"
"2015";"8";"23";"7";"7";"5624";"99.";"2.3";"17.5";"65.";"0.";"331.49";"699.87";"72.32"
"2015";"8";"23";"7";"8";"5625";"102.";"2.9";"19.7";"56.";"0.";"479.89";"799.18";"89.30"
"2015";"8";"23";"7";"9";"5626";"98.";"3.3";"20.9";"48.";"0.";"601.26";"834.09";"112.94"
"2015";"8";"23";"7";"10";"5627";"88.";"2.9";"22.1";"44.";"0.";"689.49";"877.31";"115.89"
"2015";"8";"23";"7";"11";"5628";"94.";"3.2";"23.0";"39.";"0.";"738.37";"906.01";"113.94"
"2015";"8";"23";"7";"12";"5629";"100.";"2.9";"24.0";"35.";"1.";"680.87";"760.42";"156.78"
"2015";"8";"23";"7";"13";"5630";"107.";"3.7";"24.7";"33.";"1.";"648.02";"797.95";"126.30"
"2015";"8";"23";"7";"14";"5631";"114.";"3.6";"25.1";"37.";"3.";"468.30";"541.62";"151.21"
"2015";"8";"23";"7";"15";"5632";"116.";"4.1";"25.1";"40.";"5.";"360.92";"301.25";"213.68"
"2015";"8";"23";"7";"16";"5633";"111.";"3.7";"25.1";"40.";"4.";"276.17";"351.10";"146.16"
"2015";"8";"23";"7";"17";"5634";"107.";"2.4";"24.8";"42.";"2.";"154.77";"411.74";"56.68"
"2015";"8";"23";"7";"18";"5635";"86.";"1.9";"23.0";"50.";"6.";"7.24";"18.68";"5.35"
"2015";"8";"23";"7";"19";"5636";"72.";"2.6";"21.9";"54.";"4.";"0.00";"0.00";"0.00"
"2015";"8";"23";"7";"20";"5637";"71.";"3.3";"20.6";"59.";"2.";"0.00";"0.00";"0.00"
"2015";"8";"23";"7";"21";"5638";"92.";"4.3";"19.6";"61.";"0.";"0.00";"0.00";"0.00"
"2015";"8";"23";"7";"22";"5639";"89.";"5.0";"19.2";"63.";"0.";"0.00";"0.00";"0.00"
"2015";"8";"23";"7";"23";"5640";"89.";"5.1";"18.5";"66.";"0.";"0.00";"0.00";"0.00"
"2015";"8";"24";"1";"0";"5641";"86.";"5.3";"17.5";"68.";"6.";"0.00";"0.00";"0.00"
"2015";"8";"24";"1";"1";"5642";"84.";"5.3";"17.4";"70.";"7.";"0.00";"0.00";"0.00"
"2015";"8";"24";"1";"2";"5643";"83.";"5.1";"17.3";"71.";"6.";"0.00";"0.00";"0.00"
"2015";"8";"24";"1";"3";"5644";"79.";"4.6";"16.7";"74.";"8.";"0.00";"0.00";"0.00"
"2015";"8";"24";"1";"4";"5645";"72.";"4.5";"16.6";"74.";"7.";"0.00";"0.00";"0.00"
"2015";"8";"24";"1";"5";"5646";"60.";"4.1";"16.4";"75.";"8.";"4.63";"0.00";"4.63"
"2015";"8";"24";"1";"6";"5647";"64.";"4.8";"17.0";"74.";"8.";"58.58";"0.00";"58.58"
"2015";"8";"24";"1";"7";"5648";"70.";"5.1";"18.0";"71.";"8.";"169.98";"0.00";"169.98"
"2015";"8";"24";"1";"8";"5649";"79.";"5.5";"19.0";"68.";"7.";"210.53";"97.54";"163.32"
"2015";"8";"24";"1";"9";"5650";"72.";"6.2";"18.1";"71.";"7.";"184.22";"58.73";"150.10"
"2015";"8";"24";"1";"10";"5651";"71.";"5.8";"19.2";"70.";"6.";"394.77";"211.10";"257.69"
"2015";"8";"24";"1";"11";"5652";"78.";"6.0";"21.4";"64.";"7.";"435.57";"105.56";"363.28"
"2015";"8";"24";"1";"12";"5653";"95.";"5.9";"22.3";"58.";"7.";"410.91";"105.63";"338.59"
"2015";"8";"24";"1";"13";"5654";"98.";"6.3";"23.5";"56.";"4.";"532.66";"416.60";"262.15"
"2015";"8";"24";"1";"14";"5655";"101.";"7.1";"24.0";"53.";"6.";"347.37";"215.21";"222.36"
"2015";"8";"24";"1";"15";"5656";"112.";"4.1";"20.6";"68.";"7.";"168.00";"54.21";"141.76"
"2015";"8";"24";"1";"16";"5657";"100.";"5.6";"21.0";"67.";"7.";"148.36";"66.60";"124.02"
"2015";"8";"24";"1";"17";"5658";"111.";"6.5";"21.3";"60.";"7.";"72.35";"64.13";"57.39"
"2015";"8";"24";"1";"18";"5659";"117.";"6.5";"19.1";"69.";"8.";"0.69";"0.00";"0.69"
"2015";"8";"24";"1";"19";"5660";"117.";"5.8";"18.1";"77.";"8.";"0.00";"0.00";"0.00"
"2015";"8";"24";"1";"20";"5661";"116.";"5.2";"17.4";"81.";"6.";"0.00";"0.00";"0.00"
"2015";"8";"24";"1";"21";"5662";"119.";"5.5";"17.6";"81.";"2.";"0.00";"0.00";"0.00"
"2015";"8";"24";"1";"22";"5663";"117.";"4.9";"17.8";"80.";"3.";"0.00";"0.00";"0.00"
"2015";"8";"24";"1";"23";"5664";"111.";"5.6";"17.9";"77.";"2.";"0.00";"0.00";"0.00"
"2015";"8";"25";"2";"0";"5665";"111.";"5.1";"18.1";"77.";"8.";"0.00";"0.00";"0.00"
"2015";"8";"25";"2";"1";"5666";"106.";"5.5";"18.2";"76.";"6.";"0.00";"0.00";"0.00"
"2015";"8";"25";"2";"2";"5667";"97.";"5.8";"18.7";"73.";"8.";"0.00";"0.00";"0.00"
"2015";"8";"25";"2";"3";"5668";"116.";"4.3";"18.7";"72.";"8.";"0.00";"0.00";"0.00"
"2015";"8";"25";"2";"4";"5669";"118.";"4.0";"18.6";"73.";"7.";"0.00";"0.00";"0.00"
"2015";"8";"25";"2";"5";"5670";"127.";"3.9";"18.8";"75.";"7.";"0.00";"0.00";"0.00"
"2015";"8";"25";"2";"6";"5671";"123.";"4.4";"17.6";"81.";"8.";"24.22";"0.00";"24.22"
"2015";"8";"25";"2";"7";"5672";"126.";"4.1";"16.7";"89.";"8.";"61.35";"0.00";"61.35"
"2015";"8";"25";"2";"8";"5673";"118.";"3.8";"16.4";"91.";"8.";"70.67";"0.00";"70.67"
"2015";"8";"25";"2";"9";"5674";"146.";"4.9";"16.6";"92.";"8.";"121.01";"0.00";"121.01"
"2015";"8";"25";"2";"10";"5675";"155.";"5.3";"17.2";"92.";"8.";"120.75";"0.00";"120.75"
"2015";"8";"25";"2";"11";"5676";"153.";"4.9";"17.7";"89.";"8.";"124.10";"0.00";"124.10"
"2015";"8";"25";"2";"12";"5677";"149.";"5.4";"19.4";"84.";"7.";"316.16";"100.31";"247.92"
"2015";"8";"25";"2";"13";"5678";"169.";"6.1";"19.8";"82.";"7.";"320.61";"97.96";"257.45"
"2015";"8";"25";"2";"14";"5679";"171.";"5.8";"19.4";"81.";"6.";"353.02";"190.94";"242.99"
"2015";"8";"25";"2";"15";"5680";"172.";"7.0";"19.0";"81.";"5.";"306.55";"287.02";"168.99"
"2015";"8";"25";"2";"16";"5681";"180.";"7.3";"18.7";"78.";"4.";"221.39";"328.17";"103.07"
"2015";"8";"25";"2";"17";"5682";"196.";"6.7";"18.1";"80.";"5.";"83.46";"140.42";"51.43"
"2015";"8";"25";"2";"18";"5683";"220.";"7.6";"16.4";"87.";"8.";"0.00";"0.00";"0.00"
"2015";"8";"25";"2";"19";"5684";"230.";"8.2";"16.1";"79.";"8.";"0.00";"0.00";"0.00"
"2015";"8";"25";"2";"20";"5685";"230.";"8.3";"16.4";"71.";"8.";"0.00";"0.00";"0.00"
"2015";"8";"25";"2";"21";"5686";"227.";"8.8";"16.3";"71.";"8.";"0.00";"0.00";"0.00"
"2015";"8";"25";"2";"22";"5687";"228.";"8.7";"16.2";"68.";"8.";"0.00";"0.00";"0.00"
"2015";"8";"25";"2";"23";"5688";"222.";"7.8";"16.1";"70.";"8.";"0.00";"0.00";"0.00"
"2015";"8";"26";"3";"0";"5689";"218.";"7.5";"16.3";"69.";"8.";"0.00";"0.00";"0.00"
"2015";"8";"26";"3";"1";"5690";"216.";"7.3";"16.1";"71.";"8.";"0.00";"0.00";"0.00"
"2015";"8";"26";"3";"2";"5691";"219.";"7.1";"16.2";"71.";"8.";"0.00";"0.00";"0.00"
"2015";"8";"26";"3";"3";"5692";"220.";"6.6";"15.9";"78.";"7.";"0.00";"0.00";"0.00"
"2015";"8";"26";"3";"4";"5693";"213.";"6.5";"15.6";"79.";"4.";"0.00";"0.00";"0.00"
"2015";"8";"26";"3";"5";"5694";"201.";"6.4";"16.2";"79.";"6.";"0.00";"0.00";"0.00"
"2015";"8";"26";"3";"6";"5695";"196.";"6.6";"16.1";"77.";"7.";"60.40";"57.80";"47.51"
"2015";"8";"26";"3";"7";"5696";"185.";"6.9";"17.1";"78.";"8.";"105.47";"0.00";"105.47"
"2015";"8";"26";"3";"8";"5697";"183.";"7.6";"17.7";"75.";"7.";"242.36";"90.23";"199.55"
"2015";"8";"26";"3";"9";"5698";"179.";"7.9";"16.9";"78.";"8.";"225.51";"0.00";"225.51"
"2015";"8";"26";"3";"10";"5699";"166.";"8.3";"16.1";"87.";"8.";"207.08";"0.00";"207.08"
"2015";"8";"26";"3";"11";"5700";"167.";"7.8";"15.7";"91.";"8.";"184.20";"0.00";"184.20"
"2015";"8";"26";"3";"12";"5701";"187.";"6.6";"16.4";"91.";"8.";"110.08";"0.00";"110.08"
"2015";"8";"26";"3";"13";"5702";"192.";"6.8";"17.2";"91.";"7.";"155.26";"38.55";"130.58"
"2015";"8";"26";"3";"14";"5703";"191.";"6.6";"18.3";"86.";"7.";"269.79";"82.89";"222.42"
"2015";"8";"26";"3";"15";"5704";"182.";"7.4";"18.6";"85.";"7.";"213.79";"80.87";"175.43"
"2015";"8";"26";"3";"16";"5705";"182.";"7.6";"18.5";"85.";"8.";"101.47";"0.00";"101.47"
"2015";"8";"26";"3";"17";"5706";"182.";"7.7";"18.1";"88.";"8.";"37.21";"0.00";"37.21"
"2015";"8";"26";"3";"18";"5707";"180.";"7.7";"18.0";"88.";"7.";"0.00";"0.00";"0.00"
"2015";"8";"26";"3";"19";"5708";"178.";"7.7";"18.2";"87.";"7.";"0.00";"0.00";"0.00"
"2015";"8";"26";"3";"20";"5709";"167.";"7.3";"18.2";"86.";"8.";"0.00";"0.00";"0.00"
"2015";"8";"26";"3";"21";"5710";"156.";"7.2";"18.2";"84.";"8.";"0.00";"0.00";"0.00"
"2015";"8";"26";"3";"22";"5711";"153.";"7.0";"18.2";"83.";"8.";"0.00";"0.00";"0.00"
"2015";"8";"26";"3";"23";"5712";"155.";"6.9";"18.2";"83.";"6.";"0.00";"0.00";"0.00"
"2015";"8";"27";"4";"0";"5713";"151.";"7.3";"18.6";"81.";"7.";"0.00";"0.00";"0.00"
"2015";"8";"27";"4";"1";"5714";"150.";"7.4";"18.6";"81.";"7.";"0.00";"0.00";"0.00"
"2015";"8";"27";"4";"2";"5715";"183.";"5.4";"18.4";"83.";"7.";"0.00";"0.00";"0.00"
"2015";"8";"27";"4";"3";"5716";"173.";"5.8";"18.0";"88.";"8.";"0.00";"0.00";"0.00"
"2015";"8";"27";"4";"4";"5717";"170.";"6.8";"17.6";"88.";"8.";"0.00";"0.00";"0.00"
"2015";"8";"27";"4";"5";"5718";"164.";"8.3";"17.8";"89.";"7.";"0.00";"0.00";"0.00"
"2015";"8";"27";"4";"6";"5719";"167.";"8.5";"17.4";"88.";"8.";"32.93";"0.00";"32.93"
"2015";"8";"27";"4";"7";"5720";"175.";"6.5";"17.6";"89.";"7.";"85.97";"34.32";"73.94"
"2015";"8";"27";"4";"8";"5721";"183.";"6.0";"17.4";"91.";"7.";"107.93";"40.93";"88.71"
"2015";"8";"27";"4";"9";"5722";"182.";"6.8";"17.4";"93.";"7.";"150.66";"40.62";"127.64"
"2015";"8";"27";"4";"10";"5723";"187.";"7.3";"17.0";"91.";"7.";"159.18";"45.52";"130.26"
"2015";"8";"27";"4";"11";"5724";"188.";"8.5";"17.1";"90.";"7.";"188.91";"45.69";"158.25"
"2015";"8";"27";"4";"12";"5725";"197.";"9.3";"17.7";"88.";"7.";"180.85";"62.62";"138.84"
"2015";"8";"27";"4";"13";"5726";"193.";"9.5";"17.9";"88.";"8.";"151.27";"0.00";"151.27"
"2015";"8";"27";"4";"14";"5727";"205.";"8.4";"18.8";"85.";"7.";"176.49";"59.30";"142.88"
"2015";"8";"27";"4";"15";"5728";"212.";"7.3";"19.1";"77.";"7.";"215.71";"86.80";"174.96"
"2015";"8";"27";"4";"16";"5729";"218.";"7.2";"18.8";"75.";"7.";"145.67";"78.07";"118.30"
"2015";"8";"27";"4";"17";"5730";"216.";"6.7";"17.4";"77.";"7.";"74.74";"59.06";"61.87"
"2015";"8";"27";"4";"18";"5731";"215.";"6.5";"17.4";"78.";"7.";"0.00";"0.00";"0.00"
"2015";"8";"27";"4";"19";"5732";"216.";"6.5";"16.9";"79.";"6.";"0.00";"0.00";"0.00"
"2015";"8";"27";"4";"20";"5733";"217.";"6.3";"16.7";"79.";"6.";"0.00";"0.00";"0.00"
"2015";"8";"27";"4";"21";"5734";"219.";"6.4";"16.6";"82.";"5.";"0.00";"0.00";"0.00"
"2015";"8";"27";"4";"22";"5735";"224.";"6.0";"16.3";"83.";"6.";"0.00";"0.00";"0.00"
"2015";"8";"27";"4";"23";"5736";"232.";"6.2";"16.3";"83.";"5.";"0.00";"0.00";"0.00"
"2015";"8";"28";"5";"0";"5737";"233.";"5.9";"16.1";"84.";"7.";"0.00";"0.00";"0.00"
"2015";"8";"28";"5";"1";"5738";"239.";"5.5";"15.6";"83.";"7.";"0.00";"0.00";"0.00"
"2015";"8";"28";"5";"2";"5739";"245.";"4.9";"14.9";"84.";"3.";"0.00";"0.00";"0.00"
"2015";"8";"28";"5";"3";"5740";"248.";"5.2";"14.8";"85.";"1.";"0.00";"0.00";"0.00"
"2015";"8";"28";"5";"4";"5741";"248.";"5.1";"14.7";"83.";"2.";"0.00";"0.00";"0.00"
"2015";"8";"28";"5";"5";"5742";"240.";"5.1";"15.0";"82.";"2.";"0.00";"0.00";"0.00"
"2015";"8";"28";"5";"6";"5743";"237.";"5.5";"15.5";"79.";"5.";"81.57";"167.56";"45.95"
"2015";"8";"28";"5";"7";"5744";"237.";"6.5";"16.0";"77.";"7.";"135.84";"81.67";"107.62"
"2015";"8";"28";"5";"8";"5745";"241.";"7.4";"16.2";"75.";"6.";"243.94";"191.37";"155.02"
"2015";"8";"28";"5";"9";"5746";"244.";"7.3";"16.8";"74.";"7.";"301.81";"95.16";"248.34"
"2015";"8";"28";"5";"10";"5747";"251.";"7.2";"16.9";"74.";"7.";"289.85";"98.39";"227.79"
"2015";"8";"28";"5";"11";"5748";"255.";"7.2";"18.1";"64.";"4.";"535.94";"443.11";"240.70"
"2015";"8";"28";"5";"12";"5749";"259.";"7.4";"18.6";"62.";"4.";"479.66";"419.16";"200.38"
"2015";"8";"28";"5";"13";"5750";"262.";"6.8";"18.5";"61.";"4.";"451.82";"423.11";"184.97"
"2015";"8";"28";"5";"14";"5751";"262.";"6.6";"18.7";"60.";"4.";"416.37";"414.87";"183.25"
"2015";"8";"28";"5";"15";"5752";"261.";"6.0";"18.8";"62.";"2.";"378.94";"558.04";"119.66"
"2015";"8";"28";"5";"16";"5753";"258.";"5.3";"18.1";"64.";"2.";"254.32";"486.49";"86.24"
"2015";"8";"28";"5";"17";"5754";"257.";"5.2";"17.8";"65.";"2.";"121.55";"327.84";"51.84"
"2015";"8";"28";"5";"18";"5755";"259.";"5.1";"16.8";"65.";"4.";"0.00";"0.00";"0.00"
"2015";"8";"28";"5";"19";"5756";"260.";"4.8";"16.5";"69.";"1.";"0.00";"0.00";"0.00"
"2015";"8";"28";"5";"20";"5757";"260.";"4.9";"15.9";"71.";"0.";"0.00";"0.00";"0.00"
"2015";"8";"28";"5";"21";"5758";"245.";"4.9";"15.7";"75.";"0.";"0.00";"0.00";"0.00"
"2015";"8";"28";"5";"22";"5759";"248.";"5.9";"15.9";"72.";"4.";"0.00";"0.00";"0.00"
"2015";"8";"28";"5";"23";"5760";"247.";"6.1";"15.5";"77.";"6.";"0.00";"0.00";"0.00"
"2015";"8";"29";"6";"0";"5761";"244.";"6.0";"15.4";"81.";"4.";"0.00";"0.00";"0.00"
"2015";"8";"29";"6";"1";"5762";"248.";"5.7";"15.2";"82.";"5.";"0.00";"0.00";"0.00"
"2015";"8";"29";"6";"2";"5763";"249.";"5.4";"15.1";"82.";"5.";"0.00";"0.00";"0.00"
"2015";"8";"29";"6";"3";"5764";"247.";"5.1";"15.0";"84.";"4.";"0.00";"0.00";"0.00"
"2015";"8";"29";"6";"4";"5765";"245.";"5.4";"15.1";"85.";"4.";"0.00";"0.00";"0.00"
"2015";"8";"29";"6";"5";"5766";"245.";"5.0";"15.3";"84.";"4.";"0.00";"0.00";"0.00"
"2015";"8";"29";"6";"6";"5767";"249.";"5.2";"15.5";"80.";"5.";"75.75";"145.47";"45.59"
"2015";"8";"29";"6";"7";"5768";"245.";"5.7";"16.5";"77.";"3.";"221.20";"382.15";"91.13"
"2015";"8";"29";"6";"8";"5769";"241.";"6.2";"16.9";"74.";"5.";"258.91";"258.58";"140.06"
"2015";"8";"29";"6";"9";"5770";"239.";"5.7";"17.3";"74.";"5.";"330.07";"277.50";"175.50"
"2015";"8";"29";"6";"10";"5771";"240.";"6.2";"17.6";"74.";"5.";"405.77";"284.20";"227.90"
"2015";"8";"29";"6";"11";"5772";"237.";"6.0";"18.1";"71.";"3.";"524.83";"495.85";"196.82"
"2015";"8";"29";"6";"12";"5773";"233.";"5.8";"18.5";"67.";"4.";"496.57";"399.59";"232.24"
"2015";"8";"29";"6";"13";"5774";"220.";"5.0";"19.0";"66.";"3.";"491.94";"491.28";"184.47"
"2015";"8";"29";"6";"14";"5775";"213.";"4.9";"19.6";"64.";"5.";"358.61";"300.94";"190.98"
"2015";"8";"29";"6";"15";"5776";"206.";"5.5";"18.9";"66.";"6.";"273.25";"186.93";"187.33"
"2015";"8";"29";"6";"16";"5777";"203.";"5.9";"18.5";"69.";"6.";"183.62";"168.13";"126.39"
"2015";"8";"29";"6";"17";"5778";"195.";"5.6";"18.1";"74.";"4.";"86.06";"217.62";"40.93"
"2015";"8";"29";"6";"18";"5779";"199.";"4.5";"17.6";"76.";"6.";"0.00";"0.00";"0.00"
"2015";"8";"29";"6";"19";"5780";"204.";"3.3";"17.1";"80.";"7.";"0.00";"0.00";"0.00"
"2015";"8";"29";"6";"20";"5781";"207.";"2.6";"16.9";"79.";"6.";"0.00";"0.00";"0.00"
"2015";"8";"29";"6";"21";"5782";"213.";"2.6";"16.1";"84.";"8.";"0.00";"0.00";"0.00"
"2015";"8";"29";"6";"22";"5783";"213.";"2.6";"15.7";"87.";"7.";"0.00";"0.00";"0.00"
"2015";"8";"29";"6";"23";"5784";"218.";"2.7";"15.6";"87.";"7.";"0.00";"0.00";"0.00"
"2015";"8";"30";"7";"0";"5785";"216.";"3.1";"15.6";"88.";"7.";"0.00";"0.00";"0.00"
"2015";"8";"30";"7";"1";"5786";"222.";"3.4";"16.4";"86.";"7.";"0.00";"0.00";"0.00"
"2015";"8";"30";"7";"2";"5787";"229.";"3.7";"16.2";"86.";"6.";"0.00";"0.00";"0.00"
"2015";"8";"30";"7";"3";"5788";"230.";"2.8";"15.6";"88.";"6.";"0.00";"0.00";"0.00"
"2015";"8";"30";"7";"4";"5789";"247.";"2.8";"15.5";"89.";"7.";"0.00";"0.00";"0.00"
"2015";"8";"30";"7";"5";"5790";"244.";"2.5";"15.5";"90.";"5.";"0.00";"0.00";"0.00"
"2015";"8";"30";"7";"6";"5791";"246.";"2.1";"16.0";"89.";"4.";"82.63";"194.27";"43.38"
"2015";"8";"30";"7";"7";"5792";"249.";"2.2";"17.1";"83.";"4.";"191.37";"316.42";"85.31"
"2015";"8";"30";"7";"8";"5793";"258.";"2.2";"17.4";"75.";"2.";"366.24";"560.02";"111.68"
"2015";"8";"30";"7";"9";"5794";"251.";"2.7";"17.8";"71.";"5.";"372.92";"294.67";"210.25"
"2015";"8";"30";"7";"10";"5795";"258.";"2.6";"18.4";"69.";"4.";"460.62";"412.24";"204.62"
"2015";"8";"30";"7";"11";"5796";"268.";"2.5";"18.4";"67.";"5.";"435.14";"315.09";"228.23"
"2015";"8";"30";"7";"12";"5797";"270.";"2.9";"18.5";"69.";"3.";"525.42";"518.73";"184.79"
"2015";"8";"30";"7";"13";"5798";"270.";"3.1";"18.6";"68.";"2.";"565.22";"616.94";"182.11"
"2015";"8";"30";"7";"14";"5799";"262.";"2.7";"18.6";"66.";"1.";"511.47";"690.55";"130.25"
"2015";"8";"30";"7";"15";"5800";"281.";"2.7";"18.8";"67.";"1.";"401.16";"667.05";"97.94"
"2015";"8";"30";"7";"16";"5801";"286.";"2.8";"18.4";"68.";"1.";"264.48";"580.21";"70.01"
"2015";"8";"30";"7";"17";"5802";"279.";"2.0";"18.1";"73.";"1.";"112.74";"349.11";"42.22"
"2015";"8";"30";"7";"18";"5803";"279.";"1.3";"17.0";"77.";"6.";"0.00";"0.00";"0.00"
"2015";"8";"30";"7";"19";"5804";"255.";"0.4";"15.8";"83.";"8.";"0.00";"0.00";"0.00"
"2015";"8";"30";"7";"20";"5805";"273.";"0.3";"15.2";"86.";"8.";"0.00";"0.00";"0.00"
"2015";"8";"30";"7";"21";"5806";"23.";"0.3";"15.1";"89.";"8.";"0.00";"0.00";"0.00"
"2015";"8";"30";"7";"22";"5807";"44.";"0.2";"14.7";"89.";"7.";"0.00";"0.00";"0.00"
"2015";"8";"30";"7";"23";"5808";"118.";"0.6";"14.5";"91.";"8.";"0.00";"0.00";"0.00"
"2015";"8";"31";"1";"0";"5809";"119.";"1.0";"14.2";"91.";"8.";"0.00";"0.00";"0.00"
"2015";"8";"31";"1";"1";"5810";"107.";"1.1";"14.1";"91.";"8.";"0.00";"0.00";"0.00"
"2015";"8";"31";"1";"2";"5811";"98.";"1.5";"13.9";"92.";"8.";"0.00";"0.00";"0.00"
"2015";"8";"31";"1";"3";"5812";"124.";"1.6";"13.9";"91.";"8.";"0.00";"0.00";"0.00"
"2015";"8";"31";"1";"4";"5813";"119.";"1.9";"13.6";"91.";"7.";"0.00";"0.00";"0.00"
"2015";"8";"31";"1";"5";"5814";"99.";"1.7";"13.9";"90.";"7.";"0.00";"0.00";"0.00"
"2015";"8";"31";"1";"6";"5815";"90.";"1.5";"14.4";"87.";"8.";"35.36";"0.00";"35.36"
"2015";"8";"31";"1";"7";"5816";"83.";"1.5";"15.2";"82.";"8.";"85.41";"0.00";"85.41"
"2015";"8";"31";"1";"8";"5817";"97.";"1.8";"15.8";"80.";"8.";"131.72";"0.00";"131.72"
"2015";"8";"31";"1";"9";"5818";"69.";"2.1";"16.5";"71.";"8.";"176.20";"0.00";"176.20"
"2015";"8";"31";"1";"10";"5819";"89.";"1.5";"16.5";"69.";"7.";"258.41";"97.62";"198.28"
"2015";"8";"31";"1";"11";"5820";"76.";"1.9";"16.4";"73.";"6.";"345.81";"211.26";"208.12"
"2015";"8";"31";"1";"12";"5821";"91.";"1.8";"17.1";"70.";"8.";"361.33";"0.00";"361.33"
"2015";"8";"31";"1";"13";"5822";"119.";"2.3";"17.4";"66.";"7.";"372.98";"112.64";"303.59"
"2015";"8";"31";"1";"14";"5823";"115.";"2.8";"17.6";"67.";"8.";"247.17";"0.00";"247.17"
"2015";"8";"31";"1";"15";"5824";"67.";"3.9";"18.0";"69.";"8.";"207.45";"0.00";"207.45"
"2015";"8";"31";"1";"16";"5825";"55.";"4.2";"17.9";"71.";"6.";"190.60";"170.64";"134.30"
"2015";"8";"31";"1";"17";"5826";"57.";"4.3";"17.6";"75.";"7.";"58.04";"55.30";"47.16"
"2015";"8";"31";"1";"18";"5827";"63.";"3.8";"16.7";"81.";"8.";"0.00";"0.00";"0.00"
"2015";"8";"31";"1";"19";"5828";"50.";"4.1";"15.6";"89.";"8.";"0.00";"0.00";"0.00"
"2015";"8";"31";"1";"20";"5829";"42.";"4.9";"15.1";"91.";"8.";"0.00";"0.00";"0.00"
"2015";"8";"31";"1";"21";"5830";"58.";"4.0";"14.6";"92.";"8.";"0.00";"0.00";"0.00"
"2015";"8";"31";"1";"22";"5831";"49.";"4.4";"14.3";"94.";"8.";"0.00";"0.00";"0.00"
"2015";"8";"31";"1";"23";"5832";"54.";"4.6";"14.2";"93.";"7.";"0.00";"0.00";"0.00"
"2015";"9";"1";"2";"0";"5833";"57.";"5.3";"14.3";"92.";"8.";"0.00";"0.00";"0.00"
"2015";"9";"1";"2";"1";"5834";"57.";"5.9";"14.1";"92.";"8.";"0.00";"0.00";"0.00"
"2015";"9";"1";"2";"2";"5835";"59.";"6.1";"14.1";"91.";"8.";"0.00";"0.00";"0.00"
"2015";"9";"1";"2";"3";"5836";"63.";"5.3";"14.3";"91.";"8.";"0.00";"0.00";"0.00"
"2015";"9";"1";"2";"4";"5837";"62.";"5.7";"14.2";"92.";"8.";"0.00";"0.00";"0.00"
"2015";"9";"1";"2";"5";"5838";"64.";"5.5";"14.4";"90.";"8.";"0.00";"0.00";"0.00"
"2015";"9";"1";"2";"6";"5839";"66.";"5.2";"14.5";"90.";"8.";"36.17";"0.00";"36.17"
"2015";"9";"1";"2";"7";"5840";"72.";"5.1";"14.6";"90.";"7.";"108.85";"65.88";"87.46"
"2015";"9";"1";"2";"8";"5841";"75.";"5.1";"14.5";"91.";"8.";"116.87";"0.00";"116.87"
"2015";"9";"1";"2";"9";"5842";"70.";"5.3";"14.4";"91.";"8.";"152.21";"0.00";"152.21"
"2015";"9";"1";"2";"10";"5843";"73.";"5.6";"15.1";"90.";"8.";"202.43";"0.00";"202.43"
"2015";"9";"1";"2";"11";"5844";"73.";"5.6";"15.5";"89.";"7.";"290.76";"121.54";"212.15"
"2015";"9";"1";"2";"12";"5845";"75.";"5.4";"15.6";"88.";"8.";"218.48";"0.00";"218.48"
"2015";"9";"1";"2";"13";"5846";"75.";"4.7";"15.9";"87.";"8.";"203.34";"0.00";"203.34"
"2015";"9";"1";"2";"14";"5847";"76.";"4.3";"15.8";"90.";"8.";"166.37";"0.00";"166.37"
"2015";"9";"1";"2";"15";"5848";"86.";"4.6";"16.0";"90.";"8.";"133.68";"0.00";"133.68"
"2015";"9";"1";"2";"16";"5849";"84.";"4.7";"16.3";"89.";"8.";"100.01";"0.00";"100.01"
"2015";"9";"1";"2";"17";"5850";"85.";"4.7";"15.8";"91.";"7.";"45.54";"53.24";"35.36"
"2015";"9";"1";"2";"18";"5851";"86.";"4.3";"15.5";"92.";"8.";"0.00";"0.00";"0.00"
"2015";"9";"1";"2";"19";"5852";"91.";"4.4";"15.5";"93.";"8.";"0.00";"0.00";"0.00"
"2015";"9";"1";"2";"20";"5853";"104.";"4.9";"15.7";"94.";"8.";"0.00";"0.00";"0.00"
"2015";"9";"1";"2";"21";"5854";"138.";"5.0";"15.8";"95.";"8.";"0.00";"0.00";"0.00"
"2015";"9";"1";"2";"22";"5855";"188.";"4.6";"16.1";"94.";"8.";"0.00";"0.00";"0.00"
"2015";"9";"1";"2";"23";"5856";"210.";"6.3";"16.2";"94.";"8.";"0.00";"0.00";"0.00"
"2015";"9";"2";"3";"0";"5857";"209.";"6.4";"15.8";"91.";"8.";"0.00";"0.00";"0.00"
"2015";"9";"2";"3";"1";"5858";"212.";"6.7";"15.4";"89.";"7.";"0.00";"0.00";"0.00"
"2015";"9";"2";"3";"2";"5859";"218.";"7.1";"14.9";"88.";"7.";"0.00";"0.00";"0.00"
"2015";"9";"2";"3";"3";"5860";"214.";"7.2";"14.7";"86.";"7.";"0.00";"0.00";"0.00"
"2015";"9";"2";"3";"4";"5861";"208.";"7.0";"14.5";"86.";"8.";"0.00";"0.00";"0.00"
"2015";"9";"2";"3";"5";"5862";"208.";"6.5";"14.4";"85.";"6.";"0.00";"0.00";"0.00"
"2015";"9";"2";"3";"6";"5863";"208.";"6.4";"14.7";"81.";"5.";"65.03";"136.14";"39.74"
"2015";"9";"2";"3";"7";"5864";"206.";"6.5";"15.1";"79.";"5.";"171.22";"210.54";"103.99"
"2015";"9";"2";"3";"8";"5865";"201.";"6.9";"15.7";"77.";"5.";"244.45";"234.18";"141.63"
"2015";"9";"2";"3";"9";"5866";"197.";"7.1";"16.2";"77.";"7.";"244.60";"100.73";"190.53"
"2015";"9";"2";"3";"10";"5867";"196.";"6.6";"16.3";"75.";"7.";"313.86";"106.89";"249.10"
"2015";"9";"2";"3";"11";"5868";"182.";"6.9";"16.4";"72.";"7.";"301.96";"101.49";"236.83"
"2015";"9";"2";"3";"12";"5869";"179.";"7.2";"17.2";"70.";"7.";"306.01";"101.53";"240.85"
"2015";"9";"2";"3";"13";"5870";"177.";"7.5";"17.3";"72.";"6.";"342.94";"195.21";"224.65"
"2015";"9";"2";"3";"14";"5871";"185.";"7.3";"17.0";"75.";"8.";"239.52";"0.00";"239.52"
"2015";"9";"2";"3";"15";"5872";"198.";"7.6";"16.7";"78.";"7.";"120.21";"51.69";"97.52"
"2015";"9";"2";"3";"16";"5873";"207.";"7.5";"17.2";"73.";"6.";"148.98";"155.29";"99.39"
"2015";"9";"2";"3";"17";"5874";"208.";"6.9";"16.4";"77.";"7.";"49.05";"49.03";"39.94"
"2015";"9";"2";"3";"18";"5875";"211.";"6.0";"16.3";"74.";"4.";"0.00";"0.00";"0.00"
"2015";"9";"2";"3";"19";"5876";"207.";"5.5";"16.1";"75.";"4.";"0.00";"0.00";"0.00"
"2015";"9";"2";"3";"20";"5877";"204.";"6.1";"15.6";"74.";"4.";"0.00";"0.00";"0.00"
"2015";"9";"2";"3";"21";"5878";"206.";"7.2";"14.7";"75.";"3.";"0.00";"0.00";"0.00"
"2015";"9";"2";"3";"22";"5879";"205.";"7.4";"14.7";"75.";"3.";"0.00";"0.00";"0.00"
"2015";"9";"2";"3";"23";"5880";"201.";"7.0";"14.4";"77.";"4.";"0.00";"0.00";"0.00"
"2015";"9";"3";"4";"0";"5881";"203.";"6.6";"14.2";"78.";"3.";"0.00";"0.00";"0.00"
"2015";"9";"3";"4";"1";"5882";"202.";"6.2";"14.0";"81.";"5.";"0.00";"0.00";"0.00"
"2015";"9";"3";"4";"2";"5883";"201.";"5.7";"13.8";"83.";"5.";"0.00";"0.00";"0.00"
"2015";"9";"3";"4";"3";"5884";"196.";"5.1";"13.5";"83.";"2.";"0.00";"0.00";"0.00"
"2015";"9";"3";"4";"4";"5885";"187.";"4.8";"13.4";"84.";"4.";"0.00";"0.00";"0.00"
"2015";"9";"3";"4";"5";"5886";"187.";"4.6";"13.9";"84.";"3.";"0.00";"0.00";"0.00"
"2015";"9";"3";"4";"6";"5887";"188.";"4.4";"14.1";"81.";"4.";"74.04";"213.34";"35.59"
"2015";"9";"3";"4";"7";"5888";"178.";"4.7";"15.1";"78.";"5.";"160.21";"233.38";"86.95"
"2015";"9";"3";"4";"8";"5889";"178.";"4.8";"15.3";"76.";"5.";"266.75";"273.43";"148.14"
"2015";"9";"3";"4";"9";"5890";"179.";"4.8";"15.5";"75.";"7.";"249.70";"107.46";"192.57"
"2015";"9";"3";"4";"10";"5891";"172.";"4.8";"15.1";"77.";"6.";"321.99";"221.35";"188.99"
"2015";"9";"3";"4";"11";"5892";"176.";"4.7";"16.1";"74.";"6.";"366.76";"214.52";"230.18"
"2015";"9";"3";"4";"12";"5893";"169.";"5.0";"17.0";"66.";"4.";"468.14";"449.55";"181.93"
"2015";"9";"3";"4";"13";"5894";"177.";"4.6";"17.6";"63.";"5.";"379.44";"323.28";"185.20"
"2015";"9";"3";"4";"14";"5895";"169.";"5.3";"17.2";"65.";"5.";"322.11";"208.22";"211.41"
"2015";"9";"3";"4";"15";"5896";"165.";"4.8";"17.3";"65.";"6.";"231.16";"187.87";"149.67"
"2015";"9";"3";"4";"16";"5897";"168.";"3.9";"17.5";"64.";"5.";"172.10";"243.27";"95.73"
"2015";"9";"3";"4";"17";"5898";"168.";"3.2";"16.8";"66.";"4.";"77.04";"223.45";"36.76"
"2015";"9";"3";"4";"18";"5899";"172.";"2.4";"15.9";"70.";"6.";"0.00";"0.00";"0.00"
"2015";"9";"3";"4";"19";"5900";"158.";"1.6";"14.9";"77.";"6.";"0.00";"0.00";"0.00"
"2015";"9";"3";"4";"20";"5901";"148.";"1.8";"13.8";"82.";"5.";"0.00";"0.00";"0.00"
"2015";"9";"3";"4";"21";"5902";"160.";"1.5";"12.6";"86.";"7.";"0.00";"0.00";"0.00"
"2015";"9";"3";"4";"22";"5903";"131.";"2.2";"12.5";"89.";"8.";"0.00";"0.00";"0.00"
"2015";"9";"3";"4";"23";"5904";"121.";"3.4";"12.2";"91.";"7.";"0.00";"0.00";"0.00"
"2015";"9";"4";"5";"0";"5905";"125.";"2.5";"11.9";"91.";"5.";"0.00";"0.00";"0.00"
"2015";"9";"4";"5";"1";"5906";"127.";"2.1";"11.3";"93.";"7.";"0.00";"0.00";"0.00"
"2015";"9";"4";"5";"2";"5907";"118.";"3.3";"11.4";"91.";"7.";"0.00";"0.00";"0.00"
"2015";"9";"4";"5";"3";"5908";"120.";"3.3";"11.6";"92.";"8.";"0.00";"0.00";"0.00"
"2015";"9";"4";"5";"4";"5909";"120.";"2.8";"11.2";"93.";"7.";"0.00";"0.00";"0.00"
"2015";"9";"4";"5";"5";"5910";"122.";"2.5";"11.6";"93.";"8.";"0.00";"0.00";"0.00"
"2015";"9";"4";"5";"6";"5911";"127.";"2.8";"11.8";"90.";"7.";"48.01";"56.18";"38.20"
"2015";"9";"4";"5";"7";"5912";"139.";"2.5";"12.5";"87.";"7.";"112.56";"87.21";"85.66"
"2015";"9";"4";"5";"8";"5913";"147.";"2.1";"13.4";"85.";"7.";"176.57";"105.95";"131.18"
"2015";"9";"4";"5";"9";"5914";"142.";"1.4";"15.5";"73.";"6.";"275.97";"218.19";"161.12"
"2015";"9";"4";"5";"10";"5915";"214.";"1.5";"16.1";"69.";"5.";"402.78";"326.85";"208.09"
"2015";"9";"4";"5";"11";"5916";"213.";"2.5";"15.9";"70.";"6.";"350.24";"175.55";"239.38"
"2015";"9";"4";"5";"12";"5917";"206.";"3.4";"16.0";"67.";"4.";"462.20";"435.17";"187.39"
"2015";"9";"4";"5";"13";"5918";"195.";"3.4";"17.4";"62.";"4.";"458.49";"443.13";"194.54"
"2015";"9";"4";"5";"14";"5919";"188.";"3.5";"17.7";"56.";"3.";"433.24";"562.49";"137.14"
"2015";"9";"4";"5";"15";"5920";"207.";"2.4";"17.1";"55.";"3.";"343.76";"508.35";"125.95"
"2015";"9";"4";"5";"16";"5921";"210.";"2.0";"16.7";"57.";"2.";"238.74";"535.78";"73.45"
"2015";"9";"4";"5";"17";"5922";"207.";"1.5";"16.0";"63.";"1.";"102.66";"378.56";"36.52"
"2015";"9";"4";"5";"18";"5923";"197.";"1.6";"14.5";"71.";"2.";"0.00";"0.00";"0.00"
"2015";"9";"4";"5";"19";"5924";"182.";"1.8";"13.8";"81.";"2.";"0.00";"0.00";"0.00"
"2015";"9";"4";"5";"20";"5925";"198.";"1.7";"12.9";"84.";"3.";"0.00";"0.00";"0.00"
"2015";"9";"4";"5";"21";"5926";"177.";"2.1";"12.4";"86.";"6.";"0.00";"0.00";"0.00"
"2015";"9";"4";"5";"22";"5927";"158.";"2.2";"11.8";"88.";"6.";"0.00";"0.00";"0.00"
"2015";"9";"4";"5";"23";"5928";"145.";"2.2";"11.7";"89.";"7.";"0.00";"0.00";"0.00"
"2015";"9";"5";"6";"0";"5929";"128.";"3.0";"11.4";"92.";"6.";"0.00";"0.00";"0.00"
"2015";"9";"5";"6";"1";"5930";"128.";"2.4";"11.7";"93.";"7.";"0.00";"0.00";"0.00"
"2015";"9";"5";"6";"2";"5931";"113.";"4.2";"11.4";"95.";"7.";"0.00";"0.00";"0.00"
"2015";"9";"5";"6";"3";"5932";"120.";"3.3";"11.0";"87.";"8.";"0.00";"0.00";"0.00"
"2015";"9";"5";"6";"4";"5933";"123.";"2.7";"11.1";"87.";"7.";"0.00";"0.00";"0.00"
"2015";"9";"5";"6";"5";"5934";"133.";"3.2";"11.1";"85.";"7.";"0.00";"0.00";"0.00"
"2015";"9";"5";"6";"6";"5935";"143.";"3.0";"11.3";"89.";"6.";"57.63";"88.42";"42.68"
"2015";"9";"5";"6";"7";"5936";"178.";"1.7";"11.8";"89.";"7.";"114.45";"72.68";"92.42"
"2015";"9";"5";"6";"8";"5937";"210.";"1.4";"12.2";"84.";"7.";"128.94";"55.30";"105.54"
"2015";"9";"5";"6";"9";"5938";"189.";"1.9";"12.2";"87.";"7.";"181.06";"61.35";"149.09"
"2015";"9";"5";"6";"10";"5939";"278.";"0.6";"12.4";"87.";"8.";"149.55";"0.00";"149.55"
"2015";"9";"5";"6";"11";"5940";"61.";"1.8";"13.6";"84.";"7.";"342.67";"122.47";"265.97"
"2015";"9";"5";"6";"12";"5941";"53.";"1.8";"12.6";"82.";"7.";"230.42";"70.65";"186.17"
"2015";"9";"5";"6";"13";"5942";"27.";"2.1";"13.8";"76.";"5.";"437.01";"355.47";"227.13"
"2015";"9";"5";"6";"14";"5943";"18.";"2.7";"13.8";"74.";"6.";"306.28";"241.86";"180.25"
"2015";"9";"5";"6";"15";"5944";"358.";"4.4";"12.4";"83.";"7.";"136.92";"51.77";"115.02"
"2015";"9";"5";"6";"16";"5945";"360.";"4.1";"12.9";"83.";"7.";"124.63";"95.61";"95.65"
"2015";"9";"5";"6";"17";"5946";"349.";"5.1";"13.0";"84.";"8.";"43.07";"0.00";"43.07"
"2015";"9";"5";"6";"18";"5947";"348.";"6.7";"12.3";"87.";"7.";"0.00";"0.00";"0.00"
"2015";"9";"5";"6";"19";"5948";"348.";"7.3";"11.4";"90.";"7.";"0.00";"0.00";"0.00"
"2015";"9";"5";"6";"20";"5949";"351.";"7.1";"11.5";"90.";"8.";"0.00";"0.00";"0.00"
"2015";"9";"5";"6";"21";"5950";"351.";"7.3";"11.4";"91.";"7.";"0.00";"0.00";"0.00"
"2015";"9";"5";"6";"22";"5951";"4.";"7.9";"11.6";"91.";"7.";"0.00";"0.00";"0.00"
"2015";"9";"5";"6";"23";"5952";"4.";"9.0";"11.6";"89.";"7.";"0.00";"0.00";"0.00"
"2015";"9";"6";"7";"0";"5953";"2.";"9.2";"12.2";"89.";"7.";"0.00";"0.00";"0.00"
"2015";"9";"6";"7";"1";"5954";"12.";"8.8";"11.9";"89.";"7.";"0.00";"0.00";"0.00"
"2015";"9";"6";"7";"2";"5955";"7.";"8.6";"11.7";"88.";"7.";"0.00";"0.00";"0.00"
"2015";"9";"6";"7";"3";"5956";"6.";"8.4";"11.6";"88.";"8.";"0.00";"0.00";"0.00"
"2015";"9";"6";"7";"4";"5957";"359.";"8.1";"11.2";"89.";"8.";"0.00";"0.00";"0.00"
"2015";"9";"6";"7";"5";"5958";"359.";"7.7";"11.1";"86.";"6.";"0.00";"0.00";"0.00"
"2015";"9";"6";"7";"6";"5959";"1.";"7.4";"10.7";"83.";"4.";"71.31";"236.61";"32.62"
"2015";"9";"6";"7";"7";"5960";"5.";"7.0";"11.4";"78.";"3.";"218.77";"461.16";"81.57"
"2015";"9";"6";"7";"8";"5961";"3.";"7.0";"12.3";"72.";"3.";"330.31";"550.33";"100.45"
"2015";"9";"6";"7";"9";"5962";"4.";"7.6";"13.6";"65.";"3.";"427.01";"569.49";"133.28"
"2015";"9";"6";"7";"10";"5963";"0.";"6.8";"14.4";"63.";"3.";"481.68";"559.55";"154.27"
"2015";"9";"6";"7";"11";"5964";"348.";"6.4";"15.1";"60.";"4.";"475.99";"484.16";"175.31"
"2015";"9";"6";"7";"12";"5965";"338.";"6.4";"15.3";"59.";"4.";"463.20";"465.41";"174.16"
"2015";"9";"6";"7";"13";"5966";"330.";"7.1";"16.3";"56.";"4.";"425.50";"426.11";"176.17"
"2015";"9";"6";"7";"14";"5967";"327.";"7.1";"16.4";"55.";"4.";"379.27";"446.79";"148.83"
"2015";"9";"6";"7";"15";"5968";"335.";"6.6";"16.0";"51.";"4.";"294.01";"418.55";"119.20"
"2015";"9";"6";"7";"16";"5969";"337.";"6.6";"15.7";"52.";"4.";"198.18";"356.00";"92.26"
"2015";"9";"6";"7";"17";"5970";"338.";"5.8";"14.4";"55.";"3.";"84.04";"294.01";"35.96"
"2015";"9";"6";"7";"18";"5971";"341.";"4.8";"12.9";"59.";"5.";"0.00";"0.00";"0.00"
"2015";"9";"6";"7";"19";"5972";"346.";"3.8";"12.2";"64.";"6.";"0.00";"0.00";"0.00"
"2015";"9";"6";"7";"20";"5973";"345.";"3.8";"11.3";"69.";"3.";"0.00";"0.00";"0.00"
"2015";"9";"6";"7";"21";"5974";"347.";"4.3";"10.7";"72.";"4.";"0.00";"0.00";"0.00"
"2015";"9";"6";"7";"22";"5975";"356.";"4.0";"10.1";"75.";"1.";"0.00";"0.00";"0.00"
"2015";"9";"6";"7";"23";"5976";"1.";"3.8";"9.4";"77.";"0.";"0.00";"0.00";"0.00"
"2015";"9";"7";"1";"0";"5977";"358.";"3.7";"9.2";"75.";"0.";"0.00";"0.00";"0.00"
"2015";"9";"7";"1";"1";"5978";"8.";"4.2";"8.5";"77.";"0.";"0.00";"0.00";"0.00"
"2015";"9";"7";"1";"2";"5979";"16.";"3.9";"8.1";"78.";"0.";"0.00";"0.00";"0.00"
"2015";"9";"7";"1";"3";"5980";"11.";"4.1";"7.6";"78.";"0.";"0.00";"0.00";"0.00"
"2015";"9";"7";"1";"4";"5981";"11.";"3.7";"6.6";"81.";"0.";"0.00";"0.00";"0.00"
"2015";"9";"7";"1";"5";"5982";"3.";"3.9";"6.4";"82.";"1.";"0.00";"0.00";"0.00"
"2015";"9";"7";"1";"6";"5983";"6.";"3.9";"8.1";"78.";"0.";"104.52";"462.85";"31.45"
"2015";"9";"7";"1";"7";"5984";"6.";"4.3";"9.8";"70.";"0.";"268.88";"727.49";"56.48"
"2015";"9";"7";"1";"8";"5985";"359.";"4.5";"11.0";"64.";"0.";"413.04";"827.21";"72.07"
"2015";"9";"7";"1";"9";"5986";"353.";"4.7";"12.8";"59.";"0.";"536.85";"893.60";"80.79"
"2015";"9";"7";"1";"10";"5987";"342.";"5.0";"13.7";"50.";"0.";"644.36";"959.90";"87.82"
"2015";"9";"7";"1";"11";"5988";"328.";"6.2";"14.8";"47.";"0.";"671.20";"928.12";"99.74"
"2015";"9";"7";"1";"12";"5989";"328.";"6.5";"15.4";"46.";"0.";"688.98";"961.24";"97.13"
"2015";"9";"7";"1";"13";"5990";"322.";"6.8";"16.3";"50.";"0.";"619.22";"892.69";"101.64"
"2015";"9";"7";"1";"14";"5991";"319.";"7.5";"15.9";"56.";"1.";"505.13";"785.51";"104.23"
"2015";"9";"7";"1";"15";"5992";"312.";"7.2";"15.5";"60.";"5.";"290.65";"301.68";"166.30"
"2015";"9";"7";"1";"16";"5993";"310.";"6.3";"15.7";"61.";"7.";"174.67";"85.17";"149.80"
"2015";"9";"7";"1";"17";"5994";"306.";"5.7";"14.9";"66.";"5.";"72.84";"151.69";"48.89"
"2015";"9";"7";"1";"18";"5995";"296.";"4.5";"14.3";"73.";"8.";"0.00";"0.00";"0.00"
"2015";"9";"7";"1";"19";"5996";"297.";"4.9";"14.7";"76.";"8.";"0.00";"0.00";"0.00"
"2015";"9";"7";"1";"20";"5997";"295.";"4.8";"14.6";"80.";"8.";"0.00";"0.00";"0.00"
"2015";"9";"7";"1";"21";"5998";"304.";"4.8";"14.8";"85.";"8.";"0.00";"0.00";"0.00"
"2015";"9";"7";"1";"22";"5999";"310.";"3.5";"14.6";"87.";"5.";"0.00";"0.00";"0.00"
"2015";"9";"7";"1";"23";"6000";"344.";"2.8";"13.8";"90.";"3.";"0.00";"0.00";"0.00"
"2015";"9";"8";"2";"0";"6001";"23.";"4.0";"12.9";"80.";"2.";"0.00";"0.00";"0.00"
"2015";"9";"8";"2";"1";"6002";"11.";"4.0";"12.2";"72.";"0.";"0.00";"0.00";"0.00"
"2015";"9";"8";"2";"2";"6003";"4.";"4.1";"10.3";"74.";"1.";"0.00";"0.00";"0.00"
"2015";"9";"8";"2";"3";"6004";"356.";"4.8";"9.8";"76.";"2.";"0.00";"0.00";"0.00"
"2015";"9";"8";"2";"4";"6005";"2.";"4.3";"9.4";"78.";"4.";"0.00";"0.00";"0.00"
"2015";"9";"8";"2";"5";"6006";"6.";"3.9";"9.2";"79.";"5.";"0.00";"0.00";"0.00"
"2015";"9";"8";"2";"6";"6007";"4.";"3.5";"10.1";"78.";"1.";"86.12";"367.20";"30.25"
"2015";"9";"8";"2";"7";"6008";"4.";"3.8";"11.8";"70.";"1.";"238.96";"620.72";"61.21"
"2015";"9";"8";"2";"8";"6009";"358.";"4.6";"13.6";"61.";"0.";"400.03";"789.77";"78.84"
"2015";"9";"8";"2";"9";"6010";"9.";"6.3";"14.7";"54.";"2.";"461.57";"677.71";"119.38"
"2015";"9";"8";"2";"10";"6011";"7.";"6.7";"15.4";"51.";"2.";"540.96";"718.58";"128.21"
"2015";"9";"8";"2";"11";"6012";"2.";"6.4";"16.3";"49.";"4.";"467.63";"474.44";"178.06"
"2015";"9";"8";"2";"12";"6013";"358.";"6.0";"17.0";"49.";"3.";"510.75";"579.92";"156.80"
"2015";"9";"8";"2";"13";"6014";"354.";"5.7";"17.7";"49.";"3.";"485.32";"577.98";"153.33"
"2015";"9";"8";"2";"14";"6015";"353.";"5.5";"17.5";"49.";"5.";"316.42";"329.65";"149.97"
"2015";"9";"8";"2";"15";"6016";"8.";"4.6";"17.1";"51.";"5.";"240.06";"296.92";"119.30"
"2015";"9";"8";"2";"16";"6017";"8.";"4.3";"17.1";"52.";"3.";"192.04";"419.89";"71.80"
"2015";"9";"8";"2";"17";"6018";"6.";"3.5";"16.3";"57.";"1.";"85.39";"359.01";"30.76"
"2015";"9";"8";"2";"18";"6019";"2.";"2.9";"14.2";"63.";"1.";"0.00";"0.00";"0.00"
"2015";"9";"8";"2";"19";"6020";"12.";"2.2";"13.1";"71.";"2.";"0.00";"0.00";"0.00"
"2015";"9";"8";"2";"20";"6021";"21.";"1.5";"12.1";"76.";"0.";"0.00";"0.00";"0.00"
"2015";"9";"8";"2";"21";"6022";"9.";"1.1";"11.0";"83.";"0.";"0.00";"0.00";"0.00"
"2015";"9";"8";"2";"22";"6023";"38.";"0.8";"10.2";"87.";"0.";"0.00";"0.00";"0.00"
"2015";"9";"8";"2";"23";"6024";"53.";"0.6";"9.6";"90.";"0.";"0.00";"0.00";"0.00"
"2015";"9";"9";"3";"0";"6025";"64.";"1.0";"8.7";"91.";"1.";"0.00";"0.00";"0.00"
"2015";"9";"9";"3";"1";"6026";"52.";"0.8";"8.7";"90.";"2.";"0.00";"0.00";"0.00"
"2015";"9";"9";"3";"2";"6027";"53.";"0.8";"8.8";"90.";"5.";"0.00";"0.00";"0.00"
"2015";"9";"9";"3";"3";"6028";"64.";"1.0";"9.1";"92.";"7.";"0.00";"0.00";"0.00"
"2015";"9";"9";"3";"4";"6029";"63.";"0.7";"9.2";"91.";"5.";"0.00";"0.00";"0.00"
"2015";"9";"9";"3";"5";"6030";"108.";"0.7";"9.3";"90.";"2.";"0.00";"0.00";"0.00"
"2015";"9";"9";"3";"6";"6031";"96.";"0.9";"10.6";"87.";"5.";"48.51";"144.24";"27.39"
"2015";"9";"9";"3";"7";"6032";"86.";"1.0";"12.5";"81.";"6.";"119.49";"157.76";"75.20"
"2015";"9";"9";"3";"8";"6033";"93.";"1.1";"14.7";"73.";"5.";"261.80";"295.82";"143.14"
"2015";"9";"9";"3";"9";"6034";"126.";"0.9";"15.7";"68.";"0.";"505.78";"814.86";"98.81"
"2015";"9";"9";"3";"10";"6035";"92.";"1.3";"17.0";"59.";"1.";"572.26";"806.22";"113.56"
"2015";"9";"9";"3";"11";"6036";"61.";"0.9";"18.1";"54.";"1.";"598.97";"784.29";"124.53"
"2015";"9";"9";"3";"12";"6037";"25.";"1.4";"18.5";"52.";"4.";"492.54";"449.57";"220.58"
"2015";"9";"9";"3";"13";"6038";"6.";"1.6";"18.8";"52.";"3.";"500.45";"577.66";"171.78"
"2015";"9";"9";"3";"14";"6039";"358.";"1.8";"18.6";"55.";"4.";"390.48";"432.00";"174.72"
"2015";"9";"9";"3";"15";"6040";"341.";"2.1";"18.5";"54.";"4.";"303.21";"405.43";"140.57"
"2015";"9";"9";"3";"16";"6041";"360.";"2.4";"18.1";"56.";"3.";"204.14";"419.52";"86.37"
"2015";"9";"9";"3";"17";"6042";"16.";"2.5";"17.5";"60.";"3.";"61.80";"228.76";"28.30"
"2015";"9";"9";"3";"18";"6043";"35.";"2.6";"15.5";"66.";"7.";"0.00";"0.00";"0.00"
"2015";"9";"9";"3";"19";"6044";"45.";"3.0";"14.0";"73.";"7.";"0.00";"0.00";"0.00"
"2015";"9";"9";"3";"20";"6045";"46.";"2.8";"13.0";"76.";"7.";"0.00";"0.00";"0.00"
"2015";"9";"9";"3";"21";"6046";"35.";"2.4";"12.1";"82.";"7.";"0.00";"0.00";"0.00"
"2015";"9";"9";"3";"22";"6047";"51.";"2.1";"11.4";"85.";"7.";"0.00";"0.00";"0.00"
"2015";"9";"9";"3";"23";"6048";"73.";"1.9";"10.8";"85.";"7.";"0.00";"0.00";"0.00"
"2015";"9";"10";"4";"0";"6049";"88.";"1.6";"10.3";"85.";"7.";"0.00";"0.00";"0.00"
"2015";"9";"10";"4";"1";"6050";"101.";"2.0";"9.7";"84.";"7.";"0.00";"0.00";"0.00"
"2015";"9";"10";"4";"2";"6051";"109.";"2.3";"9.5";"84.";"7.";"0.00";"0.00";"0.00"
"2015";"9";"10";"4";"3";"6052";"117.";"2.5";"9.1";"84.";"7.";"0.00";"0.00";"0.00"
"2015";"9";"10";"4";"4";"6053";"121.";"2.3";"8.9";"84.";"7.";"0.00";"0.00";"0.00"
"2015";"9";"10";"4";"5";"6054";"123.";"2.6";"9.0";"83.";"7.";"0.00";"0.00";"0.00"
"2015";"9";"10";"4";"6";"6055";"127.";"2.1";"9.7";"84.";"8.";"45.49";"0.00";"45.49"
"2015";"9";"10";"4";"7";"6056";"125.";"2.2";"11.4";"81.";"8.";"129.68";"0.00";"129.68"
"2015";"9";"10";"4";"8";"6057";"121.";"2.2";"13.7";"71.";"8.";"214.79";"0.00";"214.79"
"2015";"9";"10";"4";"9";"6058";"112.";"1.7";"15.5";"61.";"8.";"285.24";"0.00";"285.24"
"2015";"9";"10";"4";"10";"6059";"121.";"1.3";"16.9";"57.";"7.";"388.75";"109.54";"327.03"
"2015";"9";"10";"4";"11";"6060";"141.";"1.0";"17.7";"51.";"7.";"397.55";"112.15";"330.32"
"2015";"9";"10";"4";"12";"6061";"111.";"0.7";"18.2";"48.";"7.";"449.96";"116.70";"380.00"
"2015";"9";"10";"4";"13";"6062";"115.";"0.5";"18.5";"45.";"0.";"601.90";"914.23";"86.77"
"2015";"9";"10";"4";"14";"6063";"268.";"0.5";"18.2";"52.";"4.";"421.20";"423.69";"211.94"
"2015";"9";"10";"4";"15";"6064";"298.";"2.5";"17.2";"61.";"8.";"249.74";"0.00";"249.74"
"2015";"9";"10";"4";"16";"6065";"313.";"1.9";"16.8";"64.";"7.";"158.15";"80.12";"136.11"
"2015";"9";"10";"4";"17";"6066";"317.";"1.8";"15.8";"69.";"7.";"47.17";"41.63";"41.31"
"2015";"9";"10";"4";"18";"6067";"323.";"1.8";"14.3";"75.";"6.";"0.00";"0.00";"0.00"
"2015";"9";"10";"4";"19";"6068";"353.";"1.1";"13.6";"83.";"7.";"0.00";"0.00";"0.00"
"2015";"9";"10";"4";"20";"6069";"62.";"1.4";"12.9";"83.";"8.";"0.00";"0.00";"0.00"
"2015";"9";"10";"4";"21";"6070";"96.";"1.6";"12.4";"85.";"7.";"0.00";"0.00";"0.00"
"2015";"9";"10";"4";"22";"6071";"104.";"2.7";"11.8";"85.";"6.";"0.00";"0.00";"0.00"
"2015";"9";"10";"4";"23";"6072";"94.";"3.1";"11.4";"83.";"5.";"0.00";"0.00";"0.00"
"2015";"9";"11";"5";"0";"6073";"102.";"3.1";"11.0";"83.";"8.";"0.00";"0.00";"0.00"
"2015";"9";"11";"5";"1";"6074";"112.";"3.0";"11.0";"84.";"8.";"0.00";"0.00";"0.00"
"2015";"9";"11";"5";"2";"6075";"107.";"2.8";"10.7";"85.";"6.";"0.00";"0.00";"0.00"
"2015";"9";"11";"5";"3";"6076";"104.";"2.9";"10.4";"88.";"4.";"0.00";"0.00";"0.00"
"2015";"9";"11";"5";"4";"6077";"98.";"3.3";"10.2";"90.";"3.";"0.00";"0.00";"0.00"
"2015";"9";"11";"5";"5";"6078";"90.";"3.6";"10.0";"91.";"3.";"0.00";"0.00";"0.00"
"2015";"9";"11";"5";"6";"6079";"91.";"3.5";"10.9";"90.";"2.";"52.95";"219.90";"23.28"
"2015";"9";"11";"5";"7";"6080";"89.";"3.1";"12.6";"83.";"2.";"195.71";"466.98";"69.92"
"2015";"9";"11";"5";"8";"6081";"95.";"3.1";"14.9";"74.";"1.";"367.48";"714.53";"88.88"
"2015";"9";"11";"5";"9";"6082";"100.";"3.6";"17.4";"64.";"0.";"494.59";"844.10";"82.40"
"2015";"9";"11";"5";"10";"6083";"108.";"4.0";"18.2";"58.";"0.";"585.42";"888.42";"89.76"
"2015";"9";"11";"5";"11";"6084";"114.";"5.0";"19.3";"51.";"1.";"584.42";"769.96";"127.11"
"2015";"9";"11";"5";"12";"6085";"111.";"6.0";"19.5";"49.";"4.";"458.39";"450.87";"190.60"
"2015";"9";"11";"5";"13";"6086";"110.";"5.4";"19.9";"46.";"5.";"354.97";"335.23";"167.93"
"2015";"9";"11";"5";"14";"6087";"113.";"5.4";"19.5";"46.";"6.";"334.58";"213.64";"230.26"
"2015";"9";"11";"5";"15";"6088";"106.";"4.6";"19.1";"49.";"7.";"186.92";"98.46";"148.53"
"2015";"9";"11";"5";"16";"6089";"95.";"4.9";"18.6";"52.";"5.";"164.32";"251.53";"96.56"
"2015";"9";"11";"5";"17";"6090";"87.";"4.3";"17.9";"58.";"4.";"50.48";"158.19";"29.14"
"2015";"9";"11";"5";"18";"6091";"82.";"3.5";"15.8";"65.";"4.";"0.00";"0.00";"0.00"
"2015";"9";"11";"5";"19";"6092";"79.";"3.5";"15.9";"67.";"5.";"0.00";"0.00";"0.00"
"2015";"9";"11";"5";"20";"6093";"78.";"3.8";"15.4";"69.";"3.";"0.00";"0.00";"0.00"
"2015";"9";"11";"5";"21";"6094";"87.";"3.7";"14.5";"71.";"2.";"0.00";"0.00";"0.00"
"2015";"9";"11";"5";"22";"6095";"87.";"3.8";"13.9";"74.";"6.";"0.00";"0.00";"0.00"
"2015";"9";"11";"5";"23";"6096";"87.";"3.8";"13.5";"75.";"8.";"0.00";"0.00";"0.00"
"2015";"9";"12";"6";"0";"6097";"84.";"3.7";"12.8";"77.";"5.";"0.00";"0.00";"0.00"
"2015";"9";"12";"6";"1";"6098";"82.";"3.9";"12.6";"80.";"7.";"0.00";"0.00";"0.00"
"2015";"9";"12";"6";"2";"6099";"79.";"4.1";"12.5";"81.";"7.";"0.00";"0.00";"0.00"
"2015";"9";"12";"6";"3";"6100";"80.";"4.4";"13.0";"81.";"8.";"0.00";"0.00";"0.00"
"2015";"9";"12";"6";"4";"6101";"76.";"4.3";"13.1";"81.";"8.";"0.00";"0.00";"0.00"
"2015";"9";"12";"6";"5";"6102";"77.";"5.0";"13.1";"82.";"8.";"0.00";"0.00";"0.00"
"2015";"9";"12";"6";"6";"6103";"78.";"5.0";"12.8";"81.";"8.";"29.65";"0.00";"29.65"
"2015";"9";"12";"6";"7";"6104";"81.";"4.8";"14.1";"80.";"8.";"115.02";"0.00";"115.02"
"2015";"9";"12";"6";"8";"6105";"94.";"4.8";"15.4";"74.";"8.";"225.44";"0.00";"225.44"
"2015";"9";"12";"6";"9";"6106";"104.";"6.0";"17.2";"64.";"5.";"383.18";"317.73";"229.81"
"2015";"9";"12";"6";"10";"6107";"112.";"6.4";"18.4";"56.";"5.";"448.02";"348.73";"255.40"
"2015";"9";"12";"6";"11";"6108";"115.";"7.0";"19.1";"54.";"4.";"431.76";"455.69";"163.64"
"2015";"9";"12";"6";"12";"6109";"114.";"6.0";"19.6";"53.";"5.";"399.72";"329.50";"205.85"
"2015";"9";"12";"6";"13";"6110";"116.";"5.9";"19.0";"56.";"6.";"318.58";"217.66";"198.36"
"2015";"9";"12";"6";"14";"6111";"106.";"5.1";"18.1";"62.";"6.";"255.50";"221.44";"148.61"
"2015";"9";"12";"6";"15";"6112";"114.";"4.5";"16.2";"73.";"8.";"82.45";"0.00";"82.45"
"2015";"9";"12";"6";"16";"6113";"113.";"4.4";"15.2";"78.";"7.";"93.51";"67.90";"75.61"
"2015";"9";"12";"6";"17";"6114";"111.";"5.3";"15.3";"77.";"7.";"23.25";"32.53";"19.05"
"2015";"9";"12";"6";"18";"6115";"111.";"5.5";"15.5";"75.";"6.";"0.00";"0.00";"0.00"
"2015";"9";"12";"6";"19";"6116";"113.";"5.4";"15.3";"75.";"7.";"0.00";"0.00";"0.00"
"2015";"9";"12";"6";"20";"6117";"114.";"5.5";"15.3";"75.";"6.";"0.00";"0.00";"0.00"
"2015";"9";"12";"6";"21";"6118";"114.";"5.4";"14.8";"78.";"8.";"0.00";"0.00";"0.00"
"2015";"9";"12";"6";"22";"6119";"117.";"5.2";"15.0";"78.";"6.";"0.00";"0.00";"0.00"
"2015";"9";"12";"6";"23";"6120";"116.";"5.0";"14.4";"79.";"4.";"0.00";"0.00";"0.00"
"2015";"9";"13";"7";"0";"6121";"115.";"5.1";"14.1";"80.";"3.";"0.00";"0.00";"0.00"
"2015";"9";"13";"7";"1";"6122";"118.";"5.1";"14.1";"81.";"6.";"0.00";"0.00";"0.00"
"2015";"9";"13";"7";"2";"6123";"116.";"5.6";"13.9";"83.";"7.";"0.00";"0.00";"0.00"
"2015";"9";"13";"7";"3";"6124";"114.";"6.1";"13.8";"83.";"5.";"0.00";"0.00";"0.00"
"2015";"9";"13";"7";"4";"6125";"113.";"6.3";"13.3";"85.";"5.";"0.00";"0.00";"0.00"
"2015";"9";"13";"7";"5";"6126";"113.";"6.2";"13.7";"84.";"6.";"0.00";"0.00";"0.00"
"2015";"9";"13";"7";"6";"6127";"112.";"6.4";"13.7";"84.";"7.";"23.11";"24.95";"20.03"
"2015";"9";"13";"7";"7";"6128";"117.";"6.7";"14.3";"82.";"7.";"97.94";"66.02";"80.91"
"2015";"9";"13";"7";"8";"6129";"122.";"6.7";"15.1";"77.";"6.";"231.18";"169.76";"166.92"
"2015";"9";"13";"7";"9";"6130";"118.";"6.8";"15.6";"73.";"7.";"213.64";"97.58";"167.09"
"2015";"9";"13";"7";"10";"6131";"118.";"6.8";"15.9";"72.";"8.";"225.31";"0.00";"225.31"
"2015";"9";"13";"7";"11";"6132";"122.";"7.0";"15.9";"71.";"8.";"189.67";"0.00";"189.67"
"2015";"9";"13";"7";"12";"6133";"125.";"6.6";"16.1";"71.";"7.";"251.58";"109.20";"187.95"
"2015";"9";"13";"7";"13";"6134";"119.";"6.2";"16.2";"72.";"8.";"173.39";"0.00";"173.39"
"2015";"9";"13";"7";"14";"6135";"117.";"6.2";"16.2";"72.";"8.";"167.92";"0.00";"167.92"
"2015";"9";"13";"7";"15";"6136";"114.";"5.9";"15.9";"73.";"8.";"123.95";"0.00";"123.95"
"2015";"9";"13";"7";"16";"6137";"102.";"6.2";"15.6";"76.";"8.";"76.31";"0.00";"76.31"
"2015";"9";"13";"7";"17";"6138";"104.";"6.3";"14.7";"82.";"8.";"14.26";"0.00";"14.26"
"2015";"9";"13";"7";"18";"6139";"113.";"6.5";"15.3";"79.";"8.";"0.00";"0.00";"0.00"
"2015";"9";"13";"7";"19";"6140";"118.";"6.6";"15.2";"80.";"8.";"0.00";"0.00";"0.00"
"2015";"9";"13";"7";"20";"6141";"119.";"5.7";"15.0";"82.";"7.";"0.00";"0.00";"0.00"
"2015";"9";"13";"7";"21";"6142";"113.";"5.2";"15.0";"82.";"8.";"0.00";"0.00";"0.00"
"2015";"9";"13";"7";"22";"6143";"109.";"5.3";"15.0";"83.";"8.";"0.00";"0.00";"0.00"
"2015";"9";"13";"7";"23";"6144";"109.";"5.8";"15.0";"83.";"8.";"0.00";"0.00";"0.00"
"2015";"9";"14";"1";"0";"6145";"108.";"6.2";"14.9";"86.";"8.";"0.00";"0.00";"0.00"
"2015";"9";"14";"1";"1";"6146";"107.";"5.7";"14.5";"90.";"7.";"0.00";"0.00";"0.00"
"2015";"9";"14";"1";"2";"6147";"107.";"5.7";"14.5";"91.";"7.";"0.00";"0.00";"0.00"
"2015";"9";"14";"1";"3";"6148";"104.";"5.7";"15.1";"87.";"8.";"0.00";"0.00";"0.00"
"2015";"9";"14";"1";"4";"6149";"95.";"7.5";"15.3";"86.";"7.";"0.00";"0.00";"0.00"
"2015";"9";"14";"1";"5";"6150";"106.";"6.9";"15.4";"85.";"7.";"0.00";"0.00";"0.00"
"2015";"9";"14";"1";"6";"6151";"109.";"7.6";"15.4";"84.";"6.";"17.16";"29.64";"13.67"
"2015";"9";"14";"1";"7";"6152";"111.";"7.3";"15.9";"83.";"7.";"86.46";"47.49";"74.49"
"2015";"9";"14";"1";"8";"6153";"111.";"8.7";"16.2";"82.";"6.";"185.51";"124.42";"139.13"
"2015";"9";"14";"1";"9";"6154";"116.";"8.8";"17.4";"76.";"6.";"234.09";"135.17";"170.38"
"2015";"9";"14";"1";"10";"6155";"116.";"8.9";"18.7";"70.";"5.";"352.49";"234.56";"225.58"
"2015";"9";"14";"1";"11";"6156";"117.";"8.6";"19.6";"67.";"6.";"380.67";"171.97";"281.43"
"2015";"9";"14";"1";"12";"6157";"113.";"8.0";"19.8";"65.";"7.";"337.93";"96.35";"282.33"
"2015";"9";"14";"1";"13";"6158";"108.";"7.9";"19.8";"66.";"5.";"367.29";"287.93";"211.51"
"2015";"9";"14";"1";"14";"6159";"110.";"6.9";"19.9";"65.";"5.";"327.69";"277.75";"196.77"
"2015";"9";"14";"1";"15";"6160";"110.";"7.5";"19.5";"66.";"6.";"183.65";"171.05";"119.88"
"2015";"9";"14";"1";"16";"6161";"116.";"7.6";"19.0";"66.";"5.";"127.07";"196.95";"77.42"
"2015";"9";"14";"1";"17";"6162";"114.";"8.1";"18.1";"70.";"6.";"17.24";"39.20";"12.64"
"2015";"9";"14";"1";"18";"6163";"112.";"8.0";"17.1";"73.";"8.";"0.00";"0.00";"0.00"
"2015";"9";"14";"1";"19";"6164";"108.";"7.8";"16.6";"74.";"8.";"0.00";"0.00";"0.00"
"2015";"9";"14";"1";"20";"6165";"106.";"7.4";"16.1";"76.";"8.";"0.00";"0.00";"0.00"
"2015";"9";"14";"1";"21";"6166";"105.";"7.2";"16.0";"78.";"8.";"0.00";"0.00";"0.00"
"2015";"9";"14";"1";"22";"6167";"107.";"7.2";"15.9";"81.";"8.";"0.00";"0.00";"0.00"
"2015";"9";"14";"1";"23";"6168";"107.";"6.6";"15.7";"84.";"7.";"0.00";"0.00";"0.00"
"2015";"9";"15";"2";"0";"6169";"108.";"5.6";"15.5";"87.";"8.";"0.00";"0.00";"0.00"
"2015";"9";"15";"2";"1";"6170";"113.";"4.9";"14.9";"93.";"8.";"0.00";"0.00";"0.00"
"2015";"9";"15";"2";"2";"6171";"132.";"4.9";"14.9";"93.";"7.";"0.00";"0.00";"0.00"
"2015";"9";"15";"2";"3";"6172";"148.";"4.5";"14.9";"95.";"8.";"0.00";"0.00";"0.00"
"2015";"9";"15";"2";"4";"6173";"172.";"4.8";"15.3";"92.";"8.";"0.00";"0.00";"0.00"
"2015";"9";"15";"2";"5";"6174";"174.";"4.8";"15.4";"91.";"8.";"0.00";"0.00";"0.00"
"2015";"9";"15";"2";"6";"6175";"184.";"4.8";"15.2";"92.";"7.";"7.63";"9.67";"6.55"
"2015";"9";"15";"2";"7";"6176";"200.";"5.6";"15.4";"92.";"8.";"52.46";"0.00";"52.46"
"2015";"9";"15";"2";"8";"6177";"208.";"6.8";"15.3";"87.";"7.";"149.06";"81.28";"119.23"
"2015";"9";"15";"2";"9";"6178";"207.";"7.4";"15.8";"81.";"7.";"201.61";"88.08";"160.60"
"2015";"9";"15";"2";"10";"6179";"201.";"7.7";"16.0";"76.";"7.";"264.10";"90.18";"215.83"
"2015";"9";"15";"2";"11";"6180";"197.";"8.4";"15.7";"71.";"6.";"323.66";"193.65";"213.00"
"2015";"9";"15";"2";"12";"6181";"192.";"8.2";"16.7";"66.";"5.";"355.04";"301.51";"182.75"
"2015";"9";"15";"2";"13";"6182";"185.";"8.0";"16.0";"62.";"6.";"279.42";"198.16";"173.34"
"2015";"9";"15";"2";"14";"6183";"188.";"8.3";"16.0";"61.";"6.";"252.01";"185.92";"165.45"
"2015";"9";"15";"2";"15";"6184";"181.";"8.0";"15.9";"63.";"5.";"216.37";"257.23";"121.96"
"2015";"9";"15";"2";"16";"6185";"179.";"6.8";"15.5";"67.";"5.";"122.64";"205.63";"72.00"
"2015";"9";"15";"2";"17";"6186";"166.";"6.3";"14.1";"71.";"6.";"21.02";"51.33";"15.29"
"2015";"9";"15";"2";"18";"6187";"160.";"5.4";"12.7";"76.";"6.";"0.00";"0.00";"0.00"
"2015";"9";"15";"2";"19";"6188";"153.";"5.6";"12.0";"83.";"6.";"0.00";"0.00";"0.00"
"2015";"9";"15";"2";"20";"6189";"137.";"6.4";"11.9";"84.";"5.";"0.00";"0.00";"0.00"
"2015";"9";"15";"2";"21";"6190";"146.";"5.3";"11.7";"87.";"8.";"0.00";"0.00";"0.00"
"2015";"9";"15";"2";"22";"6191";"163.";"6.2";"11.2";"88.";"7.";"0.00";"0.00";"0.00"
"2015";"9";"15";"2";"23";"6192";"165.";"5.6";"11.3";"89.";"6.";"0.00";"0.00";"0.00"
"2015";"9";"16";"3";"0";"6193";"149.";"6.1";"11.2";"89.";"6.";"0.00";"0.00";"0.00"
"2015";"9";"16";"3";"1";"6194";"137.";"6.0";"10.7";"93.";"6.";"0.00";"0.00";"0.00"
"2015";"9";"16";"3";"2";"6195";"136.";"5.2";"11.0";"92.";"8.";"0.00";"0.00";"0.00"
"2015";"9";"16";"3";"3";"6196";"149.";"5.9";"11.6";"93.";"8.";"0.00";"0.00";"0.00"
"2015";"9";"16";"3";"4";"6197";"162.";"5.8";"12.3";"91.";"7.";"0.00";"0.00";"0.00"
"2015";"9";"16";"3";"5";"6198";"166.";"6.2";"13.4";"89.";"8.";"0.00";"0.00";"0.00"
"2015";"9";"16";"3";"6";"6199";"165.";"6.2";"13.5";"88.";"7.";"9.35";"15.38";"7.72"
"2015";"9";"16";"3";"7";"6200";"162.";"6.6";"14.0";"87.";"8.";"62.64";"0.00";"62.64"
"2015";"9";"16";"3";"8";"6201";"163.";"7.0";"14.3";"85.";"7.";"150.27";"88.82";"118.18"
"2015";"9";"16";"3";"9";"6202";"164.";"6.8";"14.8";"82.";"7.";"199.35";"87.65";"159.04"
"2015";"9";"16";"3";"10";"6203";"165.";"6.1";"16.3";"74.";"5.";"320.57";"288.43";"167.83"
"2015";"9";"16";"3";"11";"6204";"162.";"5.9";"16.7";"68.";"5.";"420.61";"310.63";"244.90"
"2015";"9";"16";"3";"12";"6205";"160.";"5.8";"16.8";"64.";"5.";"417.47";"306.51";"244.09"
"2015";"9";"16";"3";"13";"6206";"160.";"5.5";"17.5";"62.";"7.";"269.83";"103.18";"215.19"
"2015";"9";"16";"3";"14";"6207";"158.";"5.4";"17.0";"65.";"7.";"319.92";"103.75";"272.21"
"2015";"9";"16";"3";"15";"6208";"147.";"4.4";"16.8";"68.";"7.";"140.29";"94.15";"106.28"
"2015";"9";"16";"3";"16";"6209";"131.";"3.9";"16.3";"70.";"8.";"57.44";"0.00";"57.44"
"2015";"9";"16";"3";"17";"6210";"118.";"4.7";"15.9";"75.";"8.";"7.43";"0.00";"7.43"
"2015";"9";"16";"3";"18";"6211";"114.";"5.1";"14.9";"79.";"8.";"0.00";"0.00";"0.00"
"2015";"9";"16";"3";"19";"6212";"113.";"5.4";"13.8";"87.";"8.";"0.00";"0.00";"0.00"
"2015";"9";"16";"3";"20";"6213";"107.";"6.3";"13.3";"90.";"7.";"0.00";"0.00";"0.00"
"2015";"9";"16";"3";"21";"6214";"112.";"6.3";"13.2";"88.";"7.";"0.00";"0.00";"0.00"
"2015";"9";"16";"3";"22";"6215";"114.";"6.5";"13.8";"89.";"8.";"0.00";"0.00";"0.00"
"2015";"9";"16";"3";"23";"6216";"117.";"6.3";"14.1";"90.";"8.";"0.00";"0.00";"0.00"
"2015";"9";"17";"4";"0";"6217";"121.";"5.9";"14.4";"93.";"8.";"0.00";"0.00";"0.00"
"2015";"9";"17";"4";"1";"6218";"114.";"6.0";"14.6";"93.";"8.";"0.00";"0.00";"0.00"
"2015";"9";"17";"4";"2";"6219";"132.";"6.1";"14.7";"95.";"8.";"0.00";"0.00";"0.00"
"2015";"9";"17";"4";"3";"6220";"139.";"6.4";"15.5";"93.";"8.";"0.00";"0.00";"0.00"
"2015";"9";"17";"4";"4";"6221";"140.";"7.3";"16.0";"93.";"7.";"0.00";"0.00";"0.00"
"2015";"9";"17";"4";"5";"6222";"157.";"8.5";"16.8";"90.";"8.";"0.00";"0.00";"0.00"
"2015";"9";"17";"4";"6";"6223";"170.";"8.9";"16.6";"87.";"7.";"2.08";"3.76";"1.70"
"2015";"9";"17";"4";"7";"6224";"172.";"8.7";"17.0";"84.";"7.";"66.51";"63.05";"51.72"
"2015";"9";"17";"4";"8";"6225";"171.";"8.8";"17.2";"82.";"7.";"166.47";"83.42";"136.82"
"2015";"9";"17";"4";"9";"6226";"175.";"9.5";"17.8";"76.";"7.";"218.25";"97.03";"174.19"
"2015";"9";"17";"4";"10";"6227";"176.";"9.6";"17.9";"72.";"6.";"270.05";"205.99";"162.15"
"2015";"9";"17";"4";"11";"6228";"176.";"9.5";"17.8";"70.";"7.";"237.60";"105.57";"178.49"
"2015";"9";"17";"4";"12";"6229";"179.";"9.1";"17.8";"71.";"7.";"236.94";"104.57";"178.39"
"2015";"9";"17";"4";"13";"6230";"175.";"9.0";"17.5";"73.";"7.";"217.30";"100.55";"164.63"
"2015";"9";"17";"4";"14";"6231";"176.";"9.7";"17.2";"75.";"7.";"201.96";"96.54";"158.13"
"2015";"9";"17";"4";"15";"6232";"174.";"10.5";"16.9";"76.";"8.";"97.45";"0.00";"97.45"
"2015";"9";"17";"4";"16";"6233";"175.";"11.0";"16.6";"81.";"8.";"58.23";"0.00";"58.23"
"2015";"9";"17";"4";"17";"6234";"177.";"10.6";"16.2";"83.";"7.";"4.34";"6.61";"3.68"
"2015";"9";"17";"4";"18";"6235";"179.";"10.9";"16.0";"85.";"7.";"0.00";"0.00";"0.00"
"2015";"9";"17";"4";"19";"6236";"180.";"10.9";"15.8";"85.";"6.";"0.00";"0.00";"0.00"
"2015";"9";"17";"4";"20";"6237";"186.";"10.8";"15.6";"85.";"5.";"0.00";"0.00";"0.00"
"2015";"9";"17";"4";"21";"6238";"192.";"10.4";"15.3";"84.";"8.";"0.00";"0.00";"0.00"
"2015";"9";"17";"4";"22";"6239";"197.";"10.4";"15.1";"85.";"8.";"0.00";"0.00";"0.00"
"2015";"9";"17";"4";"23";"6240";"197.";"10.0";"14.8";"82.";"7.";"0.00";"0.00";"0.00"
"2015";"9";"18";"5";"0";"6241";"191.";"9.8";"14.3";"82.";"8.";"0.00";"0.00";"0.00"
"2015";"9";"18";"5";"1";"6242";"204.";"9.6";"13.7";"92.";"7.";"0.00";"0.00";"0.00"
"2015";"9";"18";"5";"2";"6243";"225.";"8.1";"14.3";"93.";"8.";"0.00";"0.00";"0.00"
"2015";"9";"18";"5";"3";"6244";"245.";"10.8";"15.0";"87.";"8.";"0.00";"0.00";"0.00"
"2015";"9";"18";"5";"4";"6245";"241.";"11.1";"14.7";"83.";"8.";"0.00";"0.00";"0.00"
"2015";"9";"18";"5";"5";"6246";"239.";"10.9";"14.5";"82.";"8.";"0.00";"0.00";"0.00"
"2015";"9";"18";"5";"6";"6247";"240.";"10.6";"14.1";"83.";"8.";"3.39";"0.00";"3.39"
"2015";"9";"18";"5";"7";"6248";"238.";"10.1";"14.7";"79.";"7.";"63.61";"46.63";"52.95"
"2015";"9";"18";"5";"8";"6249";"241.";"10.5";"14.8";"76.";"7.";"122.27";"63.75";"99.99"
"2015";"9";"18";"5";"9";"6250";"243.";"10.2";"15.2";"72.";"6.";"214.02";"152.85";"145.52"
"2015";"9";"18";"5";"10";"6251";"242.";"9.8";"15.8";"67.";"5.";"307.99";"257.49";"174.62"
"2015";"9";"18";"5";"11";"6252";"240.";"9.7";"16.3";"65.";"5.";"334.61";"263.84";"188.41"
"2015";"9";"18";"5";"12";"6253";"239.";"9.3";"16.2";"63.";"7.";"257.12";"91.69";"206.31"
"2015";"9";"18";"5";"13";"6254";"242.";"9.2";"16.3";"64.";"7.";"212.61";"89.85";"166.08"
"2015";"9";"18";"5";"14";"6255";"239.";"8.8";"16.0";"64.";"6.";"238.35";"168.67";"162.75"
"2015";"9";"18";"5";"15";"6256";"241.";"8.8";"15.8";"66.";"6.";"158.05";"151.28";"105.17"
"2015";"9";"18";"5";"16";"6257";"240.";"8.5";"15.3";"69.";"6.";"82.84";"107.61";"58.23"
"2015";"9";"18";"5";"17";"6258";"239.";"8.3";"14.8";"71.";"6.";"8.80";"24.74";"6.47"
"2015";"9";"18";"5";"18";"6259";"241.";"8.7";"14.7";"72.";"6.";"0.00";"0.00";"0.00"
"2015";"9";"18";"5";"19";"6260";"239.";"8.5";"14.4";"75.";"5.";"0.00";"0.00";"0.00"
"2015";"9";"18";"5";"20";"6261";"237.";"8.0";"14.2";"78.";"6.";"0.00";"0.00";"0.00"
"2015";"9";"18";"5";"21";"6262";"235.";"8.0";"13.9";"79.";"6.";"0.00";"0.00";"0.00"
"2015";"9";"18";"5";"22";"6263";"235.";"7.9";"13.7";"81.";"6.";"0.00";"0.00";"0.00"
"2015";"9";"18";"5";"23";"6264";"234.";"7.7";"13.6";"82.";"6.";"0.00";"0.00";"0.00"
"2015";"9";"19";"6";"0";"6265";"233.";"7.7";"13.7";"85.";"6.";"0.00";"0.00";"0.00"
"2015";"9";"19";"6";"1";"6266";"235.";"7.0";"13.2";"88.";"5.";"0.00";"0.00";"0.00"
"2015";"9";"19";"6";"2";"6267";"236.";"6.3";"13.2";"88.";"3.";"0.00";"0.00";"0.00"
"2015";"9";"19";"6";"3";"6268";"232.";"6.5";"13.2";"90.";"3.";"0.00";"0.00";"0.00"
"2015";"9";"19";"6";"4";"6269";"233.";"6.3";"13.0";"88.";"4.";"0.00";"0.00";"0.00"
"2015";"9";"19";"6";"5";"6270";"232.";"5.7";"12.8";"89.";"3.";"0.00";"0.00";"0.00"
"2015";"9";"19";"6";"6";"6271";"238.";"5.5";"13.4";"86.";"4.";"4.30";"17.68";"2.74"
"2015";"9";"19";"6";"7";"6272";"244.";"5.4";"14.3";"81.";"4.";"112.37";"221.62";"63.00"
"2015";"9";"19";"6";"8";"6273";"244.";"5.3";"14.5";"75.";"4.";"210.10";"312.86";"102.59"
"2015";"9";"19";"6";"9";"6274";"238.";"5.7";"15.0";"72.";"5.";"257.59";"268.73";"138.72"
"2015";"9";"19";"6";"10";"6275";"240.";"5.6";"15.3";"70.";"5.";"333.00";"290.87";"184.04"
"2015";"9";"19";"6";"11";"6276";"241.";"5.3";"16.3";"66.";"3.";"437.27";"509.30";"158.05"
"2015";"9";"19";"6";"12";"6277";"247.";"4.7";"16.2";"63.";"4.";"391.54";"409.24";"167.17"
"2015";"9";"19";"6";"13";"6278";"257.";"4.7";"15.9";"61.";"4.";"365.16";"422.87";"148.60"
"2015";"9";"19";"6";"14";"6279";"259.";"5.0";"16.3";"61.";"3.";"355.24";"489.49";"138.73"
"2015";"9";"19";"6";"15";"6280";"261.";"5.2";"16.4";"62.";"2.";"268.37";"534.53";"84.68"
"2015";"9";"19";"6";"16";"6281";"257.";"4.8";"14.9";"66.";"3.";"129.61";"352.04";"51.19"
"2015";"9";"19";"6";"17";"6282";"251.";"4.1";"14.3";"74.";"3.";"9.01";"49.42";"4.66"
"2015";"9";"19";"6";"18";"6283";"243.";"4.0";"13.7";"78.";"5.";"0.00";"0.00";"0.00"
"2015";"9";"19";"6";"19";"6284";"231.";"3.7";"13.3";"80.";"6.";"0.00";"0.00";"0.00"
"2015";"9";"19";"6";"20";"6285";"218.";"3.7";"12.7";"84.";"6.";"0.00";"0.00";"0.00"
"2015";"9";"19";"6";"21";"6286";"227.";"3.6";"12.8";"87.";"7.";"0.00";"0.00";"0.00"
"2015";"9";"19";"6";"22";"6287";"232.";"2.8";"12.9";"88.";"6.";"0.00";"0.00";"0.00"
"2015";"9";"19";"6";"23";"6288";"220.";"1.6";"12.5";"89.";"6.";"0.00";"0.00";"0.00"
"2015";"9";"20";"7";"0";"6289";"180.";"0.9";"12.2";"86.";"7.";"0.00";"0.00";"0.00"
"2015";"9";"20";"7";"1";"6290";"112.";"0.4";"11.6";"86.";"8.";"0.00";"0.00";"0.00"
"2015";"9";"20";"7";"2";"6291";"74.";"2.0";"10.9";"91.";"8.";"0.00";"0.00";"0.00"
"2015";"9";"20";"7";"3";"6292";"43.";"1.5";"10.1";"93.";"6.";"0.00";"0.00";"0.00"
"2015";"9";"20";"7";"4";"6293";"28.";"2.6";"8.4";"96.";"6.";"0.00";"0.00";"0.00"
"2015";"9";"20";"7";"5";"6294";"25.";"2.8";"8.6";"97.";"5.";"0.00";"0.00";"0.00"
"2015";"9";"20";"7";"6";"6295";"15.";"3.6";"9.5";"97.";"4.";"5.20";"21.65";"3.42"
"2015";"9";"20";"7";"7";"6296";"37.";"4.0";"11.0";"93.";"6.";"85.22";"123.23";"58.49"
"2015";"9";"20";"7";"8";"6297";"18.";"4.0";"12.0";"87.";"5.";"197.47";"269.79";"106.36"
"2015";"9";"20";"7";"9";"6298";"8.";"4.1";"13.9";"78.";"5.";"266.71";"315.46";"129.03"
"2015";"9";"20";"7";"10";"6299";"7.";"3.8";"14.7";"72.";"4.";"357.56";"416.77";"146.57"
"2015";"9";"20";"7";"11";"6300";"347.";"4.0";"16.0";"65.";"3.";"436.96";"534.59";"147.01"
"2015";"9";"20";"7";"12";"6301";"340.";"4.7";"17.1";"60.";"3.";"437.00";"533.50";"147.64"
"2015";"9";"20";"7";"13";"6302";"334.";"4.9";"16.6";"57.";"3.";"407.80";"551.54";"128.59"
"2015";"9";"20";"7";"14";"6303";"333.";"4.4";"16.6";"56.";"2.";"382.03";"630.04";"107.05"
"2015";"9";"20";"7";"15";"6304";"343.";"4.5";"17.0";"54.";"2.";"273.68";"567.20";"82.11"
"2015";"9";"20";"7";"16";"6305";"341.";"4.3";"15.6";"57.";"2.";"146.23";"425.69";"53.92"
"2015";"9";"20";"7";"17";"6306";"342.";"3.2";"13.4";"69.";"3.";"10.59";"55.38";"6.05"
"2015";"9";"20";"7";"18";"6307";"334.";"2.7";"11.8";"79.";"6.";"0.00";"0.00";"0.00"
"2015";"9";"20";"7";"19";"6308";"344.";"2.2";"11.5";"83.";"8.";"0.00";"0.00";"0.00"
"2015";"9";"20";"7";"20";"6309";"4.";"2.1";"11.4";"84.";"7.";"0.00";"0.00";"0.00"
"2015";"9";"20";"7";"21";"6310";"59.";"2.8";"11.7";"82.";"8.";"0.00";"0.00";"0.00"
"2015";"9";"20";"7";"22";"6311";"66.";"3.0";"11.4";"82.";"8.";"0.00";"0.00";"0.00"
"2015";"9";"20";"7";"23";"6312";"73.";"3.3";"11.2";"82.";"7.";"0.00";"0.00";"0.00"
"2015";"9";"21";"1";"0";"6313";"76.";"2.1";"10.7";"83.";"8.";"0.00";"0.00";"0.00"
"2015";"9";"21";"1";"1";"6314";"91.";"1.8";"10.4";"86.";"8.";"0.00";"0.00";"0.00"
"2015";"9";"21";"1";"2";"6315";"184.";"0.2";"9.8";"88.";"8.";"0.00";"0.00";"0.00"
"2015";"9";"21";"1";"3";"6316";"337.";"1.6";"9.9";"88.";"8.";"0.00";"0.00";"0.00"
"2015";"9";"21";"1";"4";"6317";"339.";"1.2";"10.0";"90.";"8.";"0.00";"0.00";"0.00"
"2015";"9";"21";"1";"5";"6318";"314.";"1.2";"10.0";"91.";"8.";"0.00";"0.00";"0.00"
"2015";"9";"21";"1";"6";"6319";"282.";"0.8";"10.6";"92.";"7.";"0.48";"1.17";"0.39"
"2015";"9";"21";"1";"7";"6320";"230.";"1.0";"11.2";"90.";"7.";"63.88";"70.67";"48.97"
"2015";"9";"21";"1";"8";"6321";"225.";"1.3";"12.6";"86.";"6.";"165.04";"177.71";"106.07"
"2015";"9";"21";"1";"9";"6322";"208.";"1.7";"13.1";"81.";"5.";"256.00";"305.65";"124.41"
"2015";"9";"21";"1";"10";"6323";"189.";"2.2";"13.2";"79.";"5.";"236.33";"246.58";"112.96"
"2015";"9";"21";"1";"11";"6324";"214.";"2.5";"12.7";"81.";"7.";"228.67";"104.89";"172.40"
"2015";"9";"21";"1";"12";"6325";"208.";"2.8";"13.3";"79.";"7.";"180.42";"71.20";"142.22"
"2015";"9";"21";"1";"13";"6326";"212.";"3.2";"13.5";"77.";"7.";"178.49";"69.82";"143.55"
"2015";"9";"21";"1";"14";"6327";"219.";"3.3";"13.9";"70.";"7.";"228.24";"100.38";"185.03"
"2015";"9";"21";"1";"15";"6328";"215.";"3.7";"13.8";"70.";"6.";"184.63";"191.43";"121.12"
"2015";"9";"21";"1";"16";"6329";"215.";"3.7";"13.9";"69.";"5.";"112.50";"207.62";"68.71"
"2015";"9";"21";"1";"17";"6330";"200.";"3.2";"11.5";"77.";"4.";"5.00";"26.68";"2.97"
"2015";"9";"21";"1";"18";"6331";"182.";"2.7";"9.9";"84.";"4.";"0.00";"0.00";"0.00"
"2015";"9";"21";"1";"19";"6332";"163.";"2.8";"9.6";"86.";"7.";"0.00";"0.00";"0.00"
"2015";"9";"21";"1";"20";"6333";"141.";"3.3";"9.6";"87.";"7.";"0.00";"0.00";"0.00"
"2015";"9";"21";"1";"21";"6334";"146.";"3.0";"9.9";"90.";"7.";"0.00";"0.00";"0.00"
"2015";"9";"21";"1";"22";"6335";"140.";"2.8";"10.4";"92.";"8.";"0.00";"0.00";"0.00"
"2015";"9";"21";"1";"23";"6336";"139.";"2.9";"10.7";"94.";"8.";"0.00";"0.00";"0.00"
"2015";"9";"22";"2";"0";"6337";"136.";"3.2";"10.7";"94.";"8.";"0.00";"0.00";"0.00"
"2015";"9";"22";"2";"1";"6338";"133.";"3.6";"10.8";"95.";"8.";"0.00";"0.00";"0.00"
"2015";"9";"22";"2";"2";"6339";"144.";"3.4";"11.0";"95.";"7.";"0.00";"0.00";"0.00"
"2015";"9";"22";"2";"3";"6340";"164.";"4.1";"11.1";"93.";"8.";"0.00";"0.00";"0.00"
"2015";"9";"22";"2";"4";"6341";"157.";"5.0";"11.3";"94.";"8.";"0.00";"0.00";"0.00"
"2015";"9";"22";"2";"5";"6342";"160.";"4.7";"11.6";"94.";"7.";"0.00";"0.00";"0.00"
"2015";"9";"22";"2";"6";"6343";"155.";"5.2";"11.5";"94.";"8.";"0.00";"0.00";"0.00"
"2015";"9";"22";"2";"7";"6344";"159.";"4.9";"12.1";"93.";"8.";"26.76";"0.00";"26.76"
"2015";"9";"22";"2";"8";"6345";"161.";"5.1";"12.3";"93.";"8.";"48.40";"0.00";"48.40"
"2015";"9";"22";"2";"9";"6346";"154.";"4.4";"12.8";"93.";"8.";"68.42";"0.00";"68.42"
"2015";"9";"22";"2";"10";"6347";"143.";"5.2";"13.7";"91.";"7.";"139.58";"50.55";"114.59"
"2015";"9";"22";"2";"11";"6348";"139.";"5.1";"14.1";"88.";"7.";"229.20";"70.33";"191.89"
"2015";"9";"22";"2";"12";"6349";"139.";"5.0";"14.6";"86.";"7.";"227.96";"73.77";"188.82"
"2015";"9";"22";"2";"13";"6350";"137.";"5.1";"15.1";"82.";"5.";"303.02";"244.97";"181.92"
"2015";"9";"22";"2";"14";"6351";"126.";"5.1";"15.3";"82.";"6.";"200.90";"162.24";"132.02"
"2015";"9";"22";"2";"15";"6352";"123.";"5.3";"14.1";"85.";"7.";"86.45";"40.41";"73.28"
"2015";"9";"22";"2";"16";"6353";"124.";"4.7";"13.9";"86.";"7.";"66.46";"55.22";"55.14"
"2015";"9";"22";"2";"17";"6354";"124.";"5.7";"13.4";"88.";"7.";"0.00";"0.00";"0.00"
"2015";"9";"22";"2";"18";"6355";"128.";"5.0";"12.9";"90.";"7.";"0.00";"0.00";"0.00"
"2015";"9";"22";"2";"19";"6356";"128.";"4.7";"12.8";"91.";"8.";"0.00";"0.00";"0.00"
"2015";"9";"22";"2";"20";"6357";"129.";"4.2";"12.8";"92.";"8.";"0.00";"0.00";"0.00"
"2015";"9";"22";"2";"21";"6358";"143.";"4.4";"12.9";"92.";"7.";"0.00";"0.00";"0.00"
"2015";"9";"22";"2";"22";"6359";"137.";"4.9";"12.9";"92.";"8.";"0.00";"0.00";"0.00"
"2015";"9";"22";"2";"23";"6360";"132.";"4.6";"12.8";"91.";"8.";"0.00";"0.00";"0.00"
"2015";"9";"23";"3";"0";"6361";"124.";"4.2";"12.8";"92.";"8.";"0.00";"0.00";"0.00"
"2015";"9";"23";"3";"1";"6362";"116.";"4.3";"12.6";"92.";"8.";"0.00";"0.00";"0.00"
"2015";"9";"23";"3";"2";"6363";"115.";"4.2";"12.6";"91.";"8.";"0.00";"0.00";"0.00"
"2015";"9";"23";"3";"3";"6364";"124.";"4.1";"12.6";"91.";"7.";"0.00";"0.00";"0.00"
"2015";"9";"23";"3";"4";"6365";"124.";"3.7";"12.4";"91.";"8.";"0.00";"0.00";"0.00"
"2015";"9";"23";"3";"5";"6366";"124.";"3.6";"12.3";"92.";"8.";"0.00";"0.00";"0.00"
"2015";"9";"23";"3";"6";"6367";"124.";"3.4";"12.3";"91.";"6.";"0.00";"0.00";"0.00"
"2015";"9";"23";"3";"7";"6368";"124.";"3.6";"13.0";"89.";"6.";"69.39";"97.84";"49.91"
"2015";"9";"23";"3";"8";"6369";"129.";"3.4";"13.7";"87.";"7.";"112.33";"75.92";"88.04"
"2015";"9";"23";"3";"9";"6370";"130.";"2.9";"13.9";"86.";"8.";"114.19";"0.00";"114.19"
"2015";"9";"23";"3";"10";"6371";"133.";"3.1";"15.1";"81.";"7.";"193.13";"82.10";"153.03"
"2015";"9";"23";"3";"11";"6372";"147.";"2.6";"16.1";"76.";"7.";"240.23";"93.78";"191.03"
"2015";"9";"23";"3";"12";"6373";"143.";"3.0";"16.6";"75.";"8.";"162.84";"0.00";"162.84"
"2015";"9";"23";"3";"13";"6374";"161.";"2.9";"15.9";"80.";"6.";"263.85";"190.42";"170.84"
"2015";"9";"23";"3";"14";"6375";"168.";"2.9";"16.3";"81.";"7.";"222.65";"80.66";"188.89"
"2015";"9";"23";"3";"15";"6376";"177.";"3.7";"16.4";"80.";"4.";"195.83";"310.08";"96.64"
"2015";"9";"23";"3";"16";"6377";"186.";"3.7";"15.4";"85.";"4.";"87.52";"196.49";"48.41"
"2015";"9";"23";"3";"17";"6378";"191.";"3.0";"14.0";"87.";"2.";"0.00";"0.00";"0.00"
"2015";"9";"23";"3";"18";"6379";"175.";"2.3";"12.3";"91.";"1.";"0.00";"0.00";"0.00"
"2015";"9";"23";"3";"19";"6380";"154.";"2.4";"11.2";"94.";"1.";"0.00";"0.00";"0.00"
"2015";"9";"23";"3";"20";"6381";"149.";"2.6";"11.0";"95.";"1.";"0.00";"0.00";"0.00"
"2015";"9";"23";"3";"21";"6382";"148.";"2.3";"11.0";"96.";"5.";"0.00";"0.00";"0.00"
"2015";"9";"23";"3";"22";"6383";"141.";"2.6";"11.5";"96.";"7.";"0.00";"0.00";"0.00"
"2015";"9";"23";"3";"23";"6384";"138.";"3.2";"11.8";"96.";"7.";"0.00";"0.00";"0.00"
"2015";"9";"24";"4";"0";"6385";"151.";"3.1";"11.9";"97.";"8.";"0.00";"0.00";"0.00"
"2015";"9";"24";"4";"1";"6386";"164.";"2.8";"12.3";"95.";"7.";"0.00";"0.00";"0.00"
"2015";"9";"24";"4";"2";"6387";"162.";"2.9";"12.5";"95.";"8.";"0.00";"0.00";"0.00"
"2015";"9";"24";"4";"3";"6388";"178.";"4.5";"12.6";"94.";"8.";"0.00";"0.00";"0.00"
"2015";"9";"24";"4";"4";"6389";"180.";"5.0";"12.6";"92.";"7.";"0.00";"0.00";"0.00"
"2015";"9";"24";"4";"5";"6390";"167.";"4.4";"12.3";"92.";"6.";"0.00";"0.00";"0.00"
"2015";"9";"24";"4";"6";"6391";"170.";"4.4";"12.3";"93.";"5.";"0.00";"0.00";"0.00"
"2015";"9";"24";"4";"7";"6392";"185.";"4.8";"13.1";"92.";"7.";"45.10";"34.58";"38.42"
"2015";"9";"24";"4";"8";"6393";"195.";"5.6";"13.8";"91.";"7.";"76.24";"45.79";"61.87"
"2015";"9";"24";"4";"9";"6394";"189.";"5.3";"14.8";"83.";"7.";"202.20";"101.56";"160.29"
"2015";"9";"24";"4";"10";"6395";"187.";"6.3";"14.7";"82.";"8.";"162.78";"0.00";"162.78"
"2015";"9";"24";"4";"11";"6396";"183.";"7.0";"15.5";"78.";"7.";"253.14";"86.38";"208.34"
"2015";"9";"24";"4";"12";"6397";"184.";"7.6";"14.7";"85.";"8.";"112.26";"0.00";"112.26"
"2015";"9";"24";"4";"13";"6398";"194.";"7.5";"14.9";"85.";"7.";"132.35";"44.96";"110.66"
"2015";"9";"24";"4";"14";"6399";"189.";"7.4";"15.4";"81.";"6.";"211.92";"175.45";"139.52"
"2015";"9";"24";"4";"15";"6400";"180.";"7.7";"15.1";"82.";"7.";"131.20";"74.59";"107.79"
"2015";"9";"24";"4";"16";"6401";"178.";"7.9";"14.5";"83.";"7.";"53.13";"48.25";"43.82"
"2015";"9";"24";"4";"17";"6402";"170.";"8.2";"14.2";"85.";"7.";"0.00";"0.00";"0.00"
"2015";"9";"24";"4";"18";"6403";"170.";"8.2";"14.4";"84.";"5.";"0.00";"0.00";"0.00"
"2015";"9";"24";"4";"19";"6404";"173.";"8.8";"13.5";"92.";"7.";"0.00";"0.00";"0.00"
"2015";"9";"24";"4";"20";"6405";"187.";"9.5";"13.5";"94.";"7.";"0.00";"0.00";"0.00"
"2015";"9";"24";"4";"21";"6406";"210.";"7.5";"13.5";"90.";"8.";"0.00";"0.00";"0.00"
"2015";"9";"24";"4";"22";"6407";"225.";"6.4";"13.3";"85.";"7.";"0.00";"0.00";"0.00"
"2015";"9";"24";"4";"23";"6408";"229.";"6.3";"13.0";"81.";"6.";"0.00";"0.00";"0.00"
"2015";"9";"25";"5";"0";"6409";"227.";"6.3";"12.4";"82.";"2.";"0.00";"0.00";"0.00"
"2015";"9";"25";"5";"1";"6410";"222.";"5.7";"12.1";"81.";"0.";"0.00";"0.00";"0.00"
"2015";"9";"25";"5";"2";"6411";"222.";"6.0";"11.9";"81.";"0.";"0.00";"0.00";"0.00"
"2015";"9";"25";"5";"3";"6412";"220.";"5.8";"11.2";"82.";"2.";"0.00";"0.00";"0.00"
"2015";"9";"25";"5";"4";"6413";"212.";"6.2";"11.2";"83.";"2.";"0.00";"0.00";"0.00"
"2015";"9";"25";"5";"5";"6414";"216.";"6.5";"11.7";"83.";"3.";"0.00";"0.00";"0.00"
"2015";"9";"25";"5";"6";"6415";"212.";"6.7";"11.9";"83.";"3.";"0.00";"0.00";"0.00"
"2015";"9";"25";"5";"7";"6416";"215.";"7.1";"13.1";"81.";"2.";"99.53";"297.41";"43.89"
"2015";"9";"25";"5";"8";"6417";"217.";"7.4";"14.1";"76.";"4.";"182.02";"304.69";"88.19"
"2015";"9";"25";"5";"9";"6418";"214.";"7.4";"14.6";"73.";"4.";"264.86";"341.22";"126.10"
"2015";"9";"25";"5";"10";"6419";"213.";"7.4";"15.4";"71.";"3.";"378.15";"439.45";"168.78"
"2015";"9";"25";"5";"11";"6420";"212.";"7.4";"15.4";"69.";"3.";"418.26";"468.75";"178.00"
"2015";"9";"25";"5";"12";"6421";"217.";"7.5";"15.9";"68.";"4.";"377.95";"385.77";"180.22"
"2015";"9";"25";"5";"13";"6422";"223.";"7.3";"15.2";"68.";"5.";"283.68";"272.61";"153.80"
"2015";"9";"25";"5";"14";"6423";"227.";"6.8";"12.6";"75.";"7.";"100.52";"48.52";"80.79"
"2015";"9";"25";"5";"15";"6424";"224.";"5.3";"13.3";"75.";"7.";"156.18";"82.65";"130.72"
"2015";"9";"25";"5";"16";"6425";"228.";"4.9";"13.7";"76.";"3.";"92.67";"272.44";"41.70"
"2015";"9";"25";"5";"17";"6426";"231.";"4.4";"13.1";"79.";"5.";"0.00";"0.00";"0.00"
"2015";"9";"25";"5";"18";"6427";"238.";"4.7";"12.9";"79.";"2.";"0.00";"0.00";"0.00"
"2015";"9";"25";"5";"19";"6428";"246.";"5.3";"12.2";"81.";"4.";"0.00";"0.00";"0.00"
"2015";"9";"25";"5";"20";"6429";"247.";"5.0";"12.4";"80.";"2.";"0.00";"0.00";"0.00"
"2015";"9";"25";"5";"21";"6430";"245.";"5.6";"12.7";"79.";"1.";"0.00";"0.00";"0.00"
"2015";"9";"25";"5";"22";"6431";"249.";"5.2";"12.5";"79.";"3.";"0.00";"0.00";"0.00"
"2015";"9";"25";"5";"23";"6432";"253.";"4.9";"12.4";"81.";"2.";"0.00";"0.00";"0.00"
"2015";"9";"26";"6";"0";"6433";"259.";"5.0";"12.5";"82.";"1.";"0.00";"0.00";"0.00"
"2015";"9";"26";"6";"1";"6434";"261.";"4.5";"12.5";"81.";"2.";"0.00";"0.00";"0.00"
"2015";"9";"26";"6";"2";"6435";"268.";"4.9";"12.5";"81.";"3.";"0.00";"0.00";"0.00"
"2015";"9";"26";"6";"3";"6436";"273.";"5.2";"12.7";"80.";"2.";"0.00";"0.00";"0.00"
"2015";"9";"26";"6";"4";"6437";"283.";"5.2";"11.8";"81.";"2.";"0.00";"0.00";"0.00"
"2015";"9";"26";"6";"5";"6438";"285.";"4.9";"11.5";"81.";"2.";"0.00";"0.00";"0.00"
"2015";"9";"26";"6";"6";"6439";"290.";"4.6";"11.7";"79.";"2.";"0.00";"0.00";"0.00"
"2015";"9";"26";"6";"7";"6440";"291.";"5.0";"12.9";"75.";"2.";"99.20";"333.71";"38.76"
"2015";"9";"26";"6";"8";"6441";"291.";"5.3";"14.0";"69.";"1.";"248.13";"608.38";"64.42"
"2015";"9";"26";"6";"9";"6442";"296.";"5.7";"14.9";"64.";"4.";"283.17";"377.36";"131.98"
"2015";"9";"26";"6";"10";"6443";"293.";"6.0";"14.8";"63.";"5.";"287.72";"305.17";"144.17"
"2015";"9";"26";"6";"11";"6444";"292.";"5.6";"15.3";"63.";"5.";"316.88";"324.51";"152.50"
"2015";"9";"26";"6";"12";"6445";"289.";"5.6";"15.3";"62.";"3.";"406.39";"533.40";"136.20"
"2015";"9";"26";"6";"13";"6446";"289.";"5.9";"15.3";"61.";"4.";"332.24";"423.26";"133.13"
"2015";"9";"26";"6";"14";"6447";"295.";"5.6";"15.1";"61.";"3.";"304.68";"502.35";"103.42"
"2015";"9";"26";"6";"15";"6448";"299.";"5.1";"14.7";"61.";"2.";"239.52";"520.79";"82.26"
"2015";"9";"26";"6";"16";"6449";"303.";"5.0";"13.7";"63.";"1.";"120.27";"427.87";"42.78"
"2015";"9";"26";"6";"17";"6450";"303.";"3.8";"11.9";"72.";"0.";"0.00";"0.00";"0.00"
"2015";"9";"26";"6";"18";"6451";"303.";"3.3";"9.8";"81.";"0.";"0.00";"0.00";"0.00"
"2015";"9";"26";"6";"19";"6452";"307.";"2.4";"8.2";"88.";"0.";"0.00";"0.00";"0.00"
"2015";"9";"26";"6";"20";"6453";"310.";"2.1";"7.3";"92.";"0.";"0.00";"0.00";"0.00"
"2015";"9";"26";"6";"21";"6454";"318.";"2.0";"6.8";"95.";"0.";"0.00";"0.00";"0.00"
"2015";"9";"26";"6";"22";"6455";"328.";"1.8";"6.3";"96.";"1.";"0.00";"0.00";"0.00"
"2015";"9";"26";"6";"23";"6456";"325.";"1.6";"5.8";"95.";"1.";"0.00";"0.00";"0.00"
"2015";"9";"27";"7";"0";"6457";"40.";"1.0";"5.2";"96.";"0.";"0.00";"0.00";"0.00"
"2015";"9";"27";"7";"1";"6458";"67.";"1.0";"4.8";"97.";"0.";"0.00";"0.00";"0.00"
"2015";"9";"27";"7";"2";"6459";"77.";"0.9";"4.3";"97.";"0.";"0.00";"0.00";"0.00"
"2015";"9";"27";"7";"3";"6460";"63.";"0.5";"4.1";"96.";"0.";"0.00";"0.00";"0.00"
"2015";"9";"27";"7";"4";"6461";"59.";"0.8";"3.4";"97.";"0.";"0.00";"0.00";"0.00"
"2015";"9";"27";"7";"5";"6462";"68.";"0.5";"3.0";"96.";"0.";"0.00";"0.00";"0.00"
"2015";"9";"27";"7";"6";"6463";"99.";"0.4";"4.1";"96.";"1.";"0.00";"0.00";"0.00"
"2015";"9";"27";"7";"7";"6464";"115.";"0.4";"6.6";"93.";"0.";"123.08";"533.34";"29.67"
"2015";"9";"27";"7";"8";"6465";"297.";"0.6";"9.7";"86.";"0.";"268.75";"706.86";"59.55"
"2015";"9";"27";"7";"9";"6466";"297.";"0.8";"12.9";"73.";"0.";"385.14";"794.10";"71.78"
"2015";"9";"27";"7";"10";"6467";"299.";"1.7";"14.6";"62.";"0.";"476.02";"851.77";"80.48"
"2015";"9";"27";"7";"11";"6468";"305.";"2.0";"16.2";"54.";"0.";"522.66";"870.08";"87.19"
"2015";"9";"27";"7";"12";"6469";"299.";"3.2";"16.4";"51.";"0.";"522.49";"858.63";"92.76"
"2015";"9";"27";"7";"13";"6470";"301.";"3.1";"16.7";"48.";"0.";"479.95";"859.18";"80.97"
"2015";"9";"27";"7";"14";"6471";"302.";"3.4";"16.4";"48.";"0.";"400.98";"823.09";"76.18"
"2015";"9";"27";"7";"15";"6472";"310.";"3.8";"15.4";"51.";"0.";"267.41";"706.91";"58.19"
"2015";"9";"27";"7";"16";"6473";"321.";"3.4";"13.8";"58.";"0.";"121.37";"501.89";"33.47"
"2015";"9";"27";"7";"17";"6474";"322.";"3.0";"10.9";"73.";"0.";"0.00";"0.00";"0.00"
"2015";"9";"27";"7";"18";"6475";"322.";"2.9";"9.6";"82.";"0.";"0.00";"0.00";"0.00"
"2015";"9";"27";"7";"19";"6476";"331.";"2.3";"7.9";"89.";"0.";"0.00";"0.00";"0.00"
"2015";"9";"27";"7";"20";"6477";"331.";"2.3";"7.1";"92.";"0.";"0.00";"0.00";"0.00"
"2015";"9";"27";"7";"21";"6478";"1.";"1.8";"6.3";"95.";"0.";"0.00";"0.00";"0.00"
"2015";"9";"27";"7";"22";"6479";"12.";"1.6";"5.8";"95.";"0.";"0.00";"0.00";"0.00"
"2015";"9";"27";"7";"23";"6480";"16.";"1.3";"4.9";"96.";"0.";"0.00";"0.00";"0.00"
"2015";"9";"28";"1";"0";"6481";"27.";"1.3";"4.5";"96.";"0.";"0.00";"0.00";"0.00"
"2015";"9";"28";"1";"1";"6482";"26.";"1.0";"4.1";"96.";"0.";"0.00";"0.00";"0.00"
"2015";"9";"28";"1";"2";"6483";"346.";"1.0";"3.5";"97.";"0.";"0.00";"0.00";"0.00"
"2015";"9";"28";"1";"3";"6484";"7.";"1.9";"3.6";"97.";"0.";"0.00";"0.00";"0.00"
"2015";"9";"28";"1";"4";"6485";"8.";"2.1";"3.8";"97.";"1.";"0.00";"0.00";"0.00"
"2015";"9";"28";"1";"5";"6486";"26.";"2.0";"3.7";"95.";"0.";"0.00";"0.00";"0.00"
"2015";"9";"28";"1";"6";"6487";"38.";"2.2";"4.7";"96.";"1.";"0.00";"0.00";"0.00"
"2015";"9";"28";"1";"7";"6488";"41.";"2.1";"7.3";"94.";"1.";"107.10";"400.89";"39.28"
"2015";"9";"28";"1";"8";"6489";"37.";"2.2";"10.8";"86.";"0.";"252.43";"681.28";"54.89"
"2015";"9";"28";"1";"9";"6490";"18.";"2.0";"13.4";"76.";"0.";"370.69";"739.23";"83.44"
"2015";"9";"28";"1";"10";"6491";"22.";"1.8";"14.7";"67.";"6.";"280.91";"213.98";"182.83"
"2015";"9";"28";"1";"11";"6492";"347.";"2.2";"16.2";"59.";"1.";"491.81";"767.63";"112.28"
"2015";"9";"28";"1";"12";"6493";"349.";"2.7";"16.8";"55.";"1.";"474.34";"739.93";"108.50"
"2015";"9";"28";"1";"13";"6494";"343.";"3.1";"17.0";"52.";"1.";"452.08";"749.47";"108.58"
"2015";"9";"28";"1";"14";"6495";"341.";"3.0";"16.9";"51.";"1.";"354.34";"704.20";"80.71"
"2015";"9";"28";"1";"15";"6496";"347.";"3.0";"15.8";"52.";"4.";"215.37";"350.79";"113.66"
"2015";"9";"28";"1";"16";"6497";"353.";"2.4";"14.3";"57.";"7.";"71.21";"61.59";"60.79"
"2015";"9";"28";"1";"17";"6498";"24.";"1.6";"11.3";"69.";"7.";"0.00";"0.00";"0.00"
"2015";"9";"28";"1";"18";"6499";"40.";"1.6";"9.1";"78.";"5.";"0.00";"0.00";"0.00"
"2015";"9";"28";"1";"19";"6500";"81.";"2.9";"7.9";"82.";"4.";"0.00";"0.00";"0.00"
"2015";"9";"28";"1";"20";"6501";"75.";"2.0";"6.9";"87.";"6.";"0.00";"0.00";"0.00"
"2015";"9";"28";"1";"21";"6502";"67.";"1.8";"6.2";"89.";"4.";"0.00";"0.00";"0.00"
"2015";"9";"28";"1";"22";"6503";"81.";"1.8";"5.9";"91.";"3.";"0.00";"0.00";"0.00"
"2015";"9";"28";"1";"23";"6504";"82.";"1.9";"5.4";"92.";"3.";"0.00";"0.00";"0.00"
"2015";"9";"29";"2";"0";"6505";"99.";"1.7";"4.6";"92.";"0.";"0.00";"0.00";"0.00"
"2015";"9";"29";"2";"1";"6506";"106.";"1.8";"4.8";"94.";"1.";"0.00";"0.00";"0.00"
"2015";"9";"29";"2";"2";"6507";"104.";"2.1";"4.6";"94.";"2.";"0.00";"0.00";"0.00"
"2015";"9";"29";"2";"3";"6508";"113.";"1.8";"4.6";"93.";"2.";"0.00";"0.00";"0.00"
"2015";"9";"29";"2";"4";"6509";"120.";"2.1";"4.3";"94.";"3.";"0.00";"0.00";"0.00"
"2015";"9";"29";"2";"5";"6510";"124.";"1.8";"4.1";"94.";"0.";"0.00";"0.00";"0.00"
"2015";"9";"29";"2";"6";"6511";"127.";"1.4";"4.7";"93.";"0.";"0.00";"0.00";"0.00"
"2015";"9";"29";"2";"7";"6512";"142.";"1.8";"7.6";"90.";"0.";"104.90";"438.25";"33.39"
"2015";"9";"29";"2";"8";"6513";"161.";"1.8";"10.2";"83.";"1.";"237.69";"585.12";"71.55"
"2015";"9";"29";"2";"9";"6514";"169.";"2.4";"13.0";"74.";"1.";"355.48";"685.98";"93.06"
"2015";"9";"29";"2";"10";"6515";"194.";"2.4";"14.5";"68.";"1.";"441.02";"738.77";"106.91"
"2015";"9";"29";"2";"11";"6516";"196.";"3.2";"15.4";"64.";"0.";"515.83";"875.55";"88.26"
"2015";"9";"29";"2";"12";"6517";"215.";"3.4";"15.5";"64.";"0.";"502.12";"846.53";"88.73"
"2015";"9";"29";"2";"13";"6518";"209.";"3.5";"15.2";"65.";"0.";"452.32";"787.32";"96.25"
"2015";"9";"29";"2";"14";"6519";"216.";"4.0";"15.3";"65.";"2.";"339.24";"593.52";"112.19"
"2015";"9";"29";"2";"15";"6520";"212.";"4.2";"14.9";"66.";"0.";"244.91";"674.98";"53.25"
"2015";"9";"29";"2";"16";"6521";"210.";"3.6";"13.6";"72.";"0.";"100.82";"432.86";"30.18"
"2015";"9";"29";"2";"17";"6522";"200.";"2.8";"11.3";"84.";"0.";"0.00";"0.00";"0.00"
"2015";"9";"29";"2";"18";"6523";"198.";"2.9";"10.2";"89.";"0.";"0.00";"0.00";"0.00"
"2015";"9";"29";"2";"19";"6524";"205.";"3.0";"9.7";"92.";"0.";"0.00";"0.00";"0.00"
"2015";"9";"29";"2";"20";"6525";"216.";"3.2";"9.5";"93.";"2.";"0.00";"0.00";"0.00"
"2015";"9";"29";"2";"21";"6526";"223.";"3.2";"9.6";"94.";"4.";"0.00";"0.00";"0.00"
"2015";"9";"29";"2";"22";"6527";"227.";"3.2";"9.5";"93.";"4.";"0.00";"0.00";"0.00"
"2015";"9";"29";"2";"23";"6528";"232.";"3.4";"9.4";"94.";"7.";"0.00";"0.00";"0.00"
"2015";"9";"30";"3";"0";"6529";"237.";"3.7";"9.9";"95.";"8.";"0.00";"0.00";"0.00"
"2015";"9";"30";"3";"1";"6530";"244.";"3.8";"10.8";"95.";"7.";"0.00";"0.00";"0.00"
"2015";"9";"30";"3";"2";"6531";"246.";"4.0";"11.9";"95.";"6.";"0.00";"0.00";"0.00"
"2015";"9";"30";"3";"3";"6532";"246.";"4.0";"12.3";"93.";"8.";"0.00";"0.00";"0.00"
"2015";"9";"30";"3";"4";"6533";"252.";"4.6";"12.2";"93.";"7.";"0.00";"0.00";"0.00"
"2015";"9";"30";"3";"5";"6534";"250.";"4.6";"12.4";"91.";"7.";"0.00";"0.00";"0.00"
"2015";"9";"30";"3";"6";"6535";"259.";"4.9";"12.2";"90.";"8.";"0.00";"0.00";"0.00"
"2015";"9";"30";"3";"7";"6536";"263.";"4.7";"12.8";"89.";"8.";"24.86";"0.00";"24.86"
"2015";"9";"30";"3";"8";"6537";"270.";"5.2";"13.4";"84.";"7.";"91.50";"66.63";"72.98"
"2015";"9";"30";"3";"9";"6538";"271.";"5.7";"13.9";"81.";"8.";"105.16";"0.00";"105.16"
"2015";"9";"30";"3";"10";"6539";"270.";"5.6";"14.2";"79.";"8.";"154.06";"0.00";"154.06"
"2015";"9";"30";"3";"11";"6540";"272.";"5.3";"14.5";"77.";"8.";"171.50";"0.00";"171.50"
"2015";"9";"30";"3";"12";"6541";"270.";"5.3";"14.6";"76.";"8.";"170.57";"0.00";"170.57"
"2015";"9";"30";"3";"13";"6542";"269.";"5.0";"14.6";"76.";"7.";"177.64";"88.20";"138.29"
"2015";"9";"30";"3";"14";"6543";"266.";"4.9";"14.5";"78.";"6.";"176.99";"169.98";"113.00"
"2015";"9";"30";"3";"15";"6544";"266.";"4.8";"14.1";"79.";"8.";"69.54";"0.00";"69.54"
"2015";"9";"30";"3";"16";"6545";"263.";"4.2";"13.8";"80.";"7.";"34.56";"42.43";"27.89"
"2015";"9";"30";"3";"17";"6546";"258.";"4.1";"13.5";"80.";"8.";"0.00";"0.00";"0.00"
"2015";"9";"30";"3";"18";"6547";"251.";"4.0";"13.2";"79.";"8.";"0.00";"0.00";"0.00"
"2015";"9";"30";"3";"19";"6548";"243.";"4.0";"12.9";"81.";"8.";"0.00";"0.00";"0.00"
"2015";"9";"30";"3";"20";"6549";"238.";"3.6";"12.6";"83.";"8.";"0.00";"0.00";"0.00"
"2015";"9";"30";"3";"21";"6550";"238.";"3.9";"12.6";"84.";"8.";"0.00";"0.00";"0.00"
"2015";"9";"30";"3";"22";"6551";"240.";"3.7";"12.9";"86.";"8.";"0.00";"0.00";"0.00"
"2015";"9";"30";"3";"23";"6552";"229.";"3.7";"12.9";"87.";"8.";"0.00";"0.00";"0.00"
"2015";"10";"1";"4";"0";"6553";"226.";"4.0";"12.9";"88.";"8.";"0.00";"0.00";"0.00"
"2015";"10";"1";"4";"1";"6554";"239.";"4.0";"12.8";"89.";"8.";"0.00";"0.00";"0.00"
"2015";"10";"1";"4";"2";"6555";"256.";"4.7";"12.8";"88.";"7.";"0.00";"0.00";"0.00"
"2015";"10";"1";"4";"3";"6556";"261.";"5.0";"12.8";"87.";"6.";"0.00";"0.00";"0.00"
"2015";"10";"1";"4";"4";"6557";"259.";"4.6";"12.8";"87.";"7.";"0.00";"0.00";"0.00"
"2015";"10";"1";"4";"5";"6558";"259.";"5.2";"12.6";"87.";"7.";"0.00";"0.00";"0.00"
"2015";"10";"1";"4";"6";"6559";"260.";"4.9";"12.8";"88.";"6.";"0.00";"0.00";"0.00"
"2015";"10";"1";"4";"7";"6560";"267.";"5.0";"13.1";"85.";"5.";"47.50";"109.48";"30.94"
"2015";"10";"1";"4";"8";"6561";"264.";"5.6";"14.0";"80.";"5.";"140.78";"197.82";"86.99"
"2015";"10";"1";"4";"9";"6562";"277.";"4.8";"15.0";"75.";"5.";"231.78";"237.42";"143.83"
"2015";"10";"1";"4";"10";"6563";"279.";"5.1";"15.5";"74.";"4.";"326.29";"345.12";"174.40"
"2015";"10";"1";"4";"11";"6564";"276.";"5.6";"16.2";"73.";"4.";"359.85";"357.05";"189.84"
"2015";"10";"1";"4";"12";"6565";"273.";"5.5";"16.0";"74.";"4.";"380.83";"372.02";"203.68"
"2015";"10";"1";"4";"13";"6566";"265.";"4.9";"16.3";"73.";"3.";"365.38";"468.29";"159.28"
"2015";"10";"1";"4";"14";"6567";"260.";"5.0";"16.1";"75.";"6.";"229.65";"170.65";"166.43"
"2015";"10";"1";"4";"15";"6568";"261.";"4.8";"15.4";"79.";"6.";"136.84";"134.21";"100.34"
"2015";"10";"1";"4";"16";"6569";"250.";"4.8";"14.5";"85.";"8.";"33.12";"0.00";"33.12"
"2015";"10";"1";"4";"17";"6570";"250.";"5.1";"13.9";"88.";"6.";"0.00";"0.00";"0.00"
"2015";"10";"1";"4";"18";"6571";"247.";"5.4";"13.5";"89.";"7.";"0.00";"0.00";"0.00"
"2015";"10";"1";"4";"19";"6572";"248.";"5.5";"13.4";"88.";"6.";"0.00";"0.00";"0.00"
"2015";"10";"1";"4";"20";"6573";"256.";"5.1";"13.2";"89.";"5.";"0.00";"0.00";"0.00"
"2015";"10";"1";"4";"21";"6574";"267.";"6.0";"13.4";"89.";"7.";"0.00";"0.00";"0.00"
"2015";"10";"1";"4";"22";"6575";"274.";"6.2";"13.5";"88.";"7.";"0.00";"0.00";"0.00"
"2015";"10";"1";"4";"23";"6576";"278.";"5.9";"13.4";"88.";"7.";"0.00";"0.00";"0.00"
"2015";"10";"2";"5";"0";"6577";"276.";"5.5";"13.1";"88.";"7.";"0.00";"0.00";"0.00"
"2015";"10";"2";"5";"1";"6578";"276.";"5.7";"12.7";"88.";"6.";"0.00";"0.00";"0.00"
"2015";"10";"2";"5";"2";"6579";"273.";"5.3";"12.5";"87.";"6.";"0.00";"0.00";"0.00"
"2015";"10";"2";"5";"3";"6580";"270.";"5.1";"12.5";"88.";"5.";"0.00";"0.00";"0.00"
"2015";"10";"2";"5";"4";"6581";"266.";"5.4";"12.4";"88.";"6.";"0.00";"0.00";"0.00"
"2015";"10";"2";"5";"5";"6582";"265.";"6.0";"12.5";"86.";"6.";"0.00";"0.00";"0.00"
"2015";"10";"2";"5";"6";"6583";"263.";"7.0";"12.4";"85.";"6.";"0.00";"0.00";"0.00"
"2015";"10";"2";"5";"7";"6584";"260.";"6.6";"12.6";"84.";"6.";"37.55";"67.93";"27.68"
"2015";"10";"2";"5";"8";"6585";"260.";"6.7";"13.2";"82.";"6.";"106.95";"117.13";"75.81"
"2015";"10";"2";"5";"9";"6586";"265.";"6.3";"13.9";"79.";"6.";"165.87";"136.93";"115.97"
"2015";"10";"2";"5";"10";"6587";"267.";"6.6";"14.7";"77.";"4.";"285.48";"315.70";"148.46"
"2015";"10";"2";"5";"11";"6588";"258.";"6.0";"15.1";"76.";"5.";"275.03";"243.10";"160.76"
"2015";"10";"2";"5";"12";"6589";"249.";"6.3";"15.5";"74.";"5.";"276.72";"250.39";"159.02"
"2015";"10";"2";"5";"13";"6590";"244.";"6.5";"15.2";"74.";"3.";"319.26";"389.05";"150.41"
"2015";"10";"2";"5";"14";"6591";"242.";"6.2";"15.7";"74.";"3.";"256.15";"381.22";"117.24"
"2015";"10";"2";"5";"15";"6592";"247.";"6.2";"15.3";"76.";"2.";"180.29";"381.59";"78.82"
"2015";"10";"2";"5";"16";"6593";"247.";"5.3";"14.4";"80.";"2.";"60.95";"209.07";"30.57"
"2015";"10";"2";"5";"17";"6594";"250.";"5.4";"13.7";"83.";"3.";"0.00";"0.00";"0.00"
"2015";"10";"2";"5";"18";"6595";"254.";"5.4";"13.4";"84.";"6.";"0.00";"0.00";"0.00"
"2015";"10";"2";"5";"19";"6596";"261.";"5.9";"13.3";"84.";"8.";"0.00";"0.00";"0.00"
"2015";"10";"2";"5";"20";"6597";"262.";"5.2";"13.0";"85.";"8.";"0.00";"0.00";"0.00"
"2015";"10";"2";"5";"21";"6598";"271.";"5.7";"12.9";"86.";"6.";"0.00";"0.00";"0.00"
"2015";"10";"2";"5";"22";"6599";"268.";"4.5";"12.8";"87.";"4.";"0.00";"0.00";"0.00"
"2015";"10";"2";"5";"23";"6600";"266.";"3.5";"12.4";"89.";"4.";"0.00";"0.00";"0.00"
"2015";"10";"3";"6";"0";"6601";"272.";"2.8";"10.9";"91.";"3.";"0.00";"0.00";"0.00"
"2015";"10";"3";"6";"1";"6602";"285.";"2.2";"9.2";"94.";"2.";"0.00";"0.00";"0.00"
"2015";"10";"3";"6";"2";"6603";"282.";"1.4";"8.2";"95.";"2.";"0.00";"0.00";"0.00"
"2015";"10";"3";"6";"3";"6604";"250.";"1.6";"7.6";"96.";"0.";"0.00";"0.00";"0.00"
"2015";"10";"3";"6";"4";"6605";"198.";"1.5";"7.2";"96.";"3.";"0.00";"0.00";"0.00"
"2015";"10";"3";"6";"5";"6606";"207.";"1.5";"6.9";"96.";"5.";"0.00";"0.00";"0.00"
"2015";"10";"3";"6";"6";"6607";"178.";"1.5";"7.8";"96.";"4.";"0.00";"0.00";"0.00"
"2015";"10";"3";"6";"7";"6608";"179.";"1.8";"9.8";"96.";"7.";"32.51";"36.39";"27.44"
"2015";"10";"3";"6";"8";"6609";"185.";"2.5";"12.1";"91.";"6.";"104.48";"124.57";"72.10"
"2015";"10";"3";"6";"9";"6610";"178.";"2.9";"13.6";"83.";"7.";"150.52";"80.46";"121.69"
"2015";"10";"3";"6";"10";"6611";"183.";"3.0";"13.5";"78.";"8.";"128.43";"0.00";"128.43"
"2015";"10";"3";"6";"11";"6612";"189.";"3.2";"13.6";"75.";"8.";"145.41";"0.00";"145.41"
"2015";"10";"3";"6";"12";"6613";"208.";"3.5";"13.5";"76.";"7.";"194.79";"100.49";"148.17"
"2015";"10";"3";"6";"13";"6614";"207.";"3.5";"13.4";"77.";"7.";"176.61";"99.53";"134.02"
"2015";"10";"3";"6";"14";"6615";"211.";"3.4";"13.1";"76.";"7.";"141.91";"96.56";"107.31"
"2015";"10";"3";"6";"15";"6616";"202.";"3.6";"13.1";"78.";"8.";"67.43";"0.00";"67.43"
"2015";"10";"3";"6";"16";"6617";"200.";"3.7";"12.7";"78.";"7.";"30.61";"44.46";"24.41"
"2015";"10";"3";"6";"17";"6618";"199.";"3.1";"12.1";"76.";"8.";"0.00";"0.00";"0.00"
"2015";"10";"3";"6";"18";"6619";"199.";"2.5";"11.7";"77.";"8.";"0.00";"0.00";"0.00"
"2015";"10";"3";"6";"19";"6620";"208.";"1.9";"11.4";"80.";"8.";"0.00";"0.00";"0.00"
"2015";"10";"3";"6";"20";"6621";"196.";"2.1";"10.9";"82.";"8.";"0.00";"0.00";"0.00"
"2015";"10";"3";"6";"21";"6622";"191.";"2.1";"10.7";"87.";"8.";"0.00";"0.00";"0.00"
"2015";"10";"3";"6";"22";"6623";"187.";"1.6";"10.6";"89.";"8.";"0.00";"0.00";"0.00"
"2015";"10";"3";"6";"23";"6624";"202.";"1.3";"10.7";"89.";"8.";"0.00";"0.00";"0.00"
"2015";"10";"4";"7";"0";"6625";"188.";"1.3";"10.2";"90.";"8.";"0.00";"0.00";"0.00"
"2015";"10";"4";"7";"1";"6626";"153.";"1.4";"10.0";"92.";"8.";"0.00";"0.00";"0.00"
"2015";"10";"4";"7";"2";"6627";"131.";"1.2";"9.8";"94.";"7.";"0.00";"0.00";"0.00"
"2015";"10";"4";"7";"3";"6628";"126.";"1.7";"9.5";"93.";"8.";"0.00";"0.00";"0.00"
"2015";"10";"4";"7";"4";"6629";"133.";"2.2";"9.3";"93.";"8.";"0.00";"0.00";"0.00"
"2015";"10";"4";"7";"5";"6630";"128.";"2.9";"9.3";"94.";"8.";"0.00";"0.00";"0.00"
"2015";"10";"4";"7";"6";"6631";"123.";"2.9";"8.9";"94.";"8.";"0.00";"0.00";"0.00"
"2015";"10";"4";"7";"7";"6632";"132.";"2.7";"9.4";"93.";"8.";"23.28";"0.00";"23.28"
"2015";"10";"4";"7";"8";"6633";"144.";"1.5";"10.7";"88.";"8.";"73.24";"0.00";"73.24"
"2015";"10";"4";"7";"9";"6634";"155.";"1.1";"11.8";"83.";"6.";"202.06";"146.73";"150.37"
"2015";"10";"4";"7";"10";"6635";"222.";"0.8";"12.5";"81.";"6.";"207.03";"164.32";"137.71"
"2015";"10";"4";"7";"11";"6636";"280.";"1.0";"12.8";"79.";"6.";"266.84";"172.26";"187.98"
"2015";"10";"4";"7";"12";"6637";"276.";"1.3";"13.7";"75.";"7.";"242.71";"87.99";"202.43"
"2015";"10";"4";"7";"13";"6638";"290.";"1.1";"14.6";"73.";"4.";"284.83";"359.12";"133.34"
"2015";"10";"4";"7";"14";"6639";"292.";"1.7";"14.2";"75.";"5.";"206.34";"239.38";"122.01"
"2015";"10";"4";"7";"15";"6640";"268.";"1.6";"13.6";"77.";"6.";"121.83";"142.35";"85.69"
"2015";"10";"4";"7";"16";"6641";"271.";"1.4";"12.6";"83.";"7.";"38.67";"32.63";"34.32"
"2015";"10";"4";"7";"17";"6642";"293.";"1.0";"10.6";"88.";"7.";"0.00";"0.00";"0.00"
"2015";"10";"4";"7";"18";"6643";"309.";"0.9";"10.1";"93.";"8.";"0.00";"0.00";"0.00"
"2015";"10";"4";"7";"19";"6644";"334.";"0.6";"9.8";"95.";"8.";"0.00";"0.00";"0.00"
"2015";"10";"4";"7";"20";"6645";"338.";"0.4";"8.5";"96.";"8.";"0.00";"0.00";"0.00"
"2015";"10";"4";"7";"21";"6646";"342.";"0.6";"8.2";"97.";"7.";"0.00";"0.00";"0.00"
"2015";"10";"4";"7";"22";"6647";"358.";"0.5";"8.0";"96.";"7.";"0.00";"0.00";"0.00"
"2015";"10";"4";"7";"23";"6648";"46.";"0.8";"7.7";"96.";"6.";"0.00";"0.00";"0.00"
"2015";"10";"5";"1";"0";"6649";"77.";"0.8";"7.2";"97.";"6.";"0.00";"0.00";"0.00"
"2015";"10";"5";"1";"1";"6650";"90.";"1.3";"6.8";"98.";"4.";"0.00";"0.00";"0.00"
"2015";"10";"5";"1";"2";"6651";"78.";"1.4";"6.5";"97.";"4.";"0.00";"0.00";"0.00"
"2015";"10";"5";"1";"3";"6652";"65.";"1.7";"6.0";"97.";"7.";"0.00";"0.00";"0.00"
"2015";"10";"5";"1";"4";"6653";"71.";"1.8";"5.7";"98.";"6.";"0.00";"0.00";"0.00"
"2015";"10";"5";"1";"5";"6654";"81.";"1.9";"6.6";"97.";"4.";"0.00";"0.00";"0.00"
"2015";"10";"5";"1";"6";"6655";"82.";"2.7";"7.4";"96.";"4.";"0.00";"0.00";"0.00"
"2015";"10";"5";"1";"7";"6656";"79.";"2.8";"8.0";"97.";"3.";"40.80";"63.89";"32.65"
"2015";"10";"5";"1";"8";"6657";"81.";"2.7";"9.7";"94.";"6.";"100.19";"125.14";"69.17"
"2015";"10";"5";"1";"9";"6658";"87.";"3.9";"12.4";"86.";"2.";"274.41";"522.66";"93.45"
"2015";"10";"5";"1";"10";"6659";"99.";"4.0";"14.0";"74.";"3.";"321.37";"500.72";"113.20"
"2015";"10";"5";"1";"11";"6660";"104.";"3.3";"15.1";"68.";"3.";"359.48";"534.16";"118.19"
"2015";"10";"5";"1";"12";"6661";"110.";"3.8";"15.3";"64.";"3.";"361.07";"537.69";"118.18"
"2015";"10";"5";"1";"13";"6662";"105.";"3.3";"15.7";"62.";"4.";"298.59";"435.80";"117.41"
"2015";"10";"5";"1";"14";"6663";"107.";"3.2";"16.2";"60.";"3.";"255.90";"475.15";"91.38"
"2015";"10";"5";"1";"15";"6664";"109.";"2.9";"15.2";"61.";"1.";"193.03";"548.84";"56.96"
"2015";"10";"5";"1";"16";"6665";"113.";"1.8";"13.6";"70.";"3.";"49.06";"207.04";"22.66"
"2015";"10";"5";"1";"17";"6666";"105.";"1.9";"12.1";"80.";"4.";"0.00";"0.00";"0.00"
"2015";"10";"5";"1";"18";"6667";"106.";"1.9";"10.4";"84.";"3.";"0.00";"0.00";"0.00"
"2015";"10";"5";"1";"19";"6668";"103.";"2.7";"10.6";"83.";"4.";"0.00";"0.00";"0.00"
"2015";"10";"5";"1";"20";"6669";"106.";"3.1";"10.5";"83.";"7.";"0.00";"0.00";"0.00"
"2015";"10";"5";"1";"21";"6670";"105.";"4.2";"10.7";"83.";"5.";"0.00";"0.00";"0.00"
"2015";"10";"5";"1";"22";"6671";"107.";"5.0";"10.8";"83.";"5.";"0.00";"0.00";"0.00"
"2015";"10";"5";"1";"23";"6672";"107.";"4.9";"10.8";"84.";"5.";"0.00";"0.00";"0.00"
"2015";"10";"6";"2";"0";"6673";"108.";"4.8";"10.5";"84.";"6.";"0.00";"0.00";"0.00"
"2015";"10";"6";"2";"1";"6674";"104.";"4.8";"10.2";"83.";"6.";"0.00";"0.00";"0.00"
"2015";"10";"6";"2";"2";"6675";"98.";"5.1";"9.8";"83.";"7.";"0.00";"0.00";"0.00"
"2015";"10";"6";"2";"3";"6676";"93.";"6.0";"9.5";"79.";"8.";"0.00";"0.00";"0.00"
"2015";"10";"6";"2";"4";"6677";"92.";"5.9";"8.7";"80.";"6.";"0.00";"0.00";"0.00"
"2015";"10";"6";"2";"5";"6678";"90.";"5.3";"8.1";"80.";"7.";"0.00";"0.00";"0.00"
"2015";"10";"6";"2";"6";"6679";"90.";"5.8";"7.8";"81.";"3.";"0.00";"0.00";"0.00"
"2015";"10";"6";"2";"7";"6680";"92.";"6.3";"8.8";"77.";"3.";"57.76";"221.78";"30.79"
"2015";"10";"6";"2";"8";"6681";"94.";"6.9";"10.2";"71.";"2.";"191.03";"490.61";"72.33"
"2015";"10";"6";"2";"9";"6682";"99.";"7.7";"11.4";"64.";"0.";"332.81";"783.93";"66.12"
"2015";"10";"6";"2";"10";"6683";"98.";"7.4";"12.5";"57.";"1.";"389.40";"712.70";"97.44"
"2015";"10";"6";"2";"11";"6684";"99.";"7.4";"13.6";"52.";"2.";"426.59";"620.86";"149.92"
"2015";"10";"6";"2";"12";"6685";"102.";"8.0";"13.9";"49.";"1.";"453.10";"770.53";"109.74"
"2015";"10";"6";"2";"13";"6686";"101.";"7.5";"13.9";"50.";"3.";"339.82";"518.67";"127.35"
"2015";"10";"6";"2";"14";"6687";"100.";"8.0";"13.3";"52.";"5.";"215.68";"296.51";"114.81"
"2015";"10";"6";"2";"15";"6688";"99.";"7.7";"12.4";"54.";"6.";"137.32";"171.71";"95.78"
"2015";"10";"6";"2";"16";"6689";"97.";"6.8";"11.0";"56.";"5.";"52.58";"149.62";"34.39"
"2015";"10";"6";"2";"17";"6690";"96.";"6.3";"9.9";"58.";"6.";"0.00";"0.00";"0.00"
"2015";"10";"6";"2";"18";"6691";"96.";"6.6";"9.3";"61.";"8.";"0.00";"0.00";"0.00"
"2015";"10";"6";"2";"19";"6692";"98.";"7.9";"8.8";"62.";"7.";"0.00";"0.00";"0.00"
"2015";"10";"6";"2";"20";"6693";"96.";"7.7";"8.4";"64.";"7.";"0.00";"0.00";"0.00"
"2015";"10";"6";"2";"21";"6694";"99.";"8.0";"8.1";"65.";"8.";"0.00";"0.00";"0.00"
"2015";"10";"6";"2";"22";"6695";"100.";"7.6";"8.0";"67.";"8.";"0.00";"0.00";"0.00"
"2015";"10";"6";"2";"23";"6696";"100.";"7.2";"8.2";"67.";"8.";"0.00";"0.00";"0.00"
"2015";"10";"7";"3";"0";"6697";"100.";"6.9";"8.2";"68.";"8.";"0.00";"0.00";"0.00"
"2015";"10";"7";"3";"1";"6698";"100.";"6.0";"8.1";"68.";"8.";"0.00";"0.00";"0.00"
"2015";"10";"7";"3";"2";"6699";"100.";"5.9";"8.2";"68.";"8.";"0.00";"0.00";"0.00"
"2015";"10";"7";"3";"3";"6700";"102.";"5.9";"8.2";"68.";"8.";"0.00";"0.00";"0.00"
"2015";"10";"7";"3";"4";"6701";"101.";"6.4";"8.1";"67.";"8.";"0.00";"0.00";"0.00"
"2015";"10";"7";"3";"5";"6702";"103.";"7.1";"8.2";"67.";"8.";"0.00";"0.00";"0.00"
"2015";"10";"7";"3";"6";"6703";"106.";"8.0";"8.2";"66.";"8.";"0.00";"0.00";"0.00"
"2015";"10";"7";"3";"7";"6704";"107.";"8.1";"8.6";"65.";"8.";"43.07";"0.00";"43.07"
"2015";"10";"7";"3";"8";"6705";"108.";"8.3";"8.8";"63.";"8.";"128.90";"0.00";"128.90"
"2015";"10";"7";"3";"9";"6706";"107.";"8.2";"9.6";"60.";"8.";"217.52";"0.00";"217.52"
"2015";"10";"7";"3";"10";"6707";"110.";"7.6";"10.4";"57.";"8.";"221.35";"0.00";"221.35"
"2015";"10";"7";"3";"11";"6708";"109.";"7.9";"10.8";"53.";"8.";"251.58";"0.00";"251.58"
"2015";"10";"7";"3";"12";"6709";"109.";"7.6";"11.2";"50.";"8.";"252.66";"0.00";"252.66"
"2015";"10";"7";"3";"13";"6710";"107.";"7.0";"11.6";"49.";"8.";"227.30";"0.00";"227.30"
"2015";"10";"7";"3";"14";"6711";"105.";"7.0";"11.3";"49.";"8.";"192.99";"0.00";"192.99"
"2015";"10";"7";"3";"15";"6712";"105.";"6.9";"10.8";"51.";"8.";"121.01";"0.00";"121.01"
"2015";"10";"7";"3";"16";"6713";"106.";"7.1";"10.4";"52.";"8.";"33.80";"0.00";"33.80"
"2015";"10";"7";"3";"17";"6714";"107.";"7.3";"9.8";"53.";"8.";"0.00";"0.00";"0.00"
"2015";"10";"7";"3";"18";"6715";"109.";"7.4";"9.1";"55.";"8.";"0.00";"0.00";"0.00"
"2015";"10";"7";"3";"19";"6716";"112.";"7.3";"8.5";"57.";"8.";"0.00";"0.00";"0.00"
"2015";"10";"7";"3";"20";"6717";"114.";"7.5";"8.0";"60.";"8.";"0.00";"0.00";"0.00"
"2015";"10";"7";"3";"21";"6718";"110.";"7.0";"7.8";"62.";"8.";"0.00";"0.00";"0.00"
"2015";"10";"7";"3";"22";"6719";"109.";"6.8";"7.7";"64.";"8.";"0.00";"0.00";"0.00"
"2015";"10";"7";"3";"23";"6720";"109.";"5.8";"7.6";"66.";"8.";"0.00";"0.00";"0.00"
"2015";"10";"8";"4";"0";"6721";"110.";"5.3";"7.4";"68.";"8.";"0.00";"0.00";"0.00"
"2015";"10";"8";"4";"1";"6722";"109.";"4.6";"7.1";"70.";"8.";"0.00";"0.00";"0.00"
"2015";"10";"8";"4";"2";"6723";"108.";"4.4";"6.9";"71.";"8.";"0.00";"0.00";"0.00"
"2015";"10";"8";"4";"3";"6724";"100.";"4.6";"6.8";"72.";"8.";"0.00";"0.00";"0.00"
"2015";"10";"8";"4";"4";"6725";"100.";"4.9";"6.8";"72.";"8.";"0.00";"0.00";"0.00"
"2015";"10";"8";"4";"5";"6726";"106.";"5.2";"6.9";"72.";"8.";"0.00";"0.00";"0.00"
"2015";"10";"8";"4";"6";"6727";"108.";"5.0";"6.7";"72.";"8.";"0.00";"0.00";"0.00"
"2015";"10";"8";"4";"7";"6728";"109.";"5.3";"7.2";"70.";"8.";"34.53";"0.00";"34.53"
"2015";"10";"8";"4";"8";"6729";"119.";"5.4";"8.3";"65.";"8.";"124.37";"0.00";"124.37"
"2015";"10";"8";"4";"9";"6730";"117.";"5.8";"9.5";"61.";"8.";"198.42";"0.00";"198.42"
"2015";"10";"8";"4";"10";"6731";"120.";"5.9";"10.3";"56.";"8.";"249.03";"0.00";"249.03"
"2015";"10";"8";"4";"11";"6732";"123.";"5.6";"10.3";"55.";"8.";"164.46";"0.00";"164.46"
"2015";"10";"8";"4";"12";"6733";"125.";"5.3";"10.6";"54.";"7.";"233.31";"112.41";"184.59"
"2015";"10";"8";"4";"13";"6734";"120.";"5.3";"10.9";"53.";"8.";"183.15";"0.00";"183.15"
"2015";"10";"8";"4";"14";"6735";"123.";"4.5";"10.8";"54.";"8.";"147.09";"0.00";"147.09"
"2015";"10";"8";"4";"15";"6736";"120.";"3.6";"10.5";"57.";"8.";"81.17";"0.00";"81.17"
"2015";"10";"8";"4";"16";"6737";"111.";"3.0";"10.1";"60.";"8.";"20.76";"0.00";"20.76"
"2015";"10";"8";"4";"17";"6738";"115.";"2.9";"9.3";"64.";"8.";"0.00";"0.00";"0.00"
"2015";"10";"8";"4";"18";"6739";"118.";"3.9";"8.9";"65.";"8.";"0.00";"0.00";"0.00"
"2015";"10";"8";"4";"19";"6740";"122.";"4.3";"8.7";"65.";"7.";"0.00";"0.00";"0.00"
"2015";"10";"8";"4";"20";"6741";"126.";"4.3";"8.3";"68.";"7.";"0.00";"0.00";"0.00"
"2015";"10";"8";"4";"21";"6742";"126.";"4.1";"7.5";"75.";"7.";"0.00";"0.00";"0.00"
"2015";"10";"8";"4";"22";"6743";"121.";"3.6";"7.0";"80.";"7.";"0.00";"0.00";"0.00"
"2015";"10";"8";"4";"23";"6744";"114.";"3.7";"6.9";"80.";"8.";"0.00";"0.00";"0.00"
"2015";"10";"9";"5";"0";"6745";"108.";"4.2";"6.5";"79.";"8.";"0.00";"0.00";"0.00"
"2015";"10";"9";"5";"1";"6746";"105.";"4.6";"6.6";"78.";"8.";"0.00";"0.00";"0.00"
"2015";"10";"9";"5";"2";"6747";"105.";"5.0";"6.8";"75.";"8.";"0.00";"0.00";"0.00"
"2015";"10";"9";"5";"3";"6748";"109.";"5.5";"6.9";"75.";"8.";"0.00";"0.00";"0.00"
"2015";"10";"9";"5";"4";"6749";"110.";"5.4";"6.9";"73.";"8.";"0.00";"0.00";"0.00"
"2015";"10";"9";"5";"5";"6750";"113.";"5.6";"6.8";"71.";"8.";"0.00";"0.00";"0.00"
"2015";"10";"9";"5";"6";"6751";"114.";"5.3";"6.8";"69.";"8.";"0.00";"0.00";"0.00"
"2015";"10";"9";"5";"7";"6752";"115.";"5.6";"7.3";"67.";"8.";"17.23";"0.00";"17.23"
"2015";"10";"9";"5";"8";"6753";"116.";"5.4";"7.8";"65.";"8.";"61.19";"0.00";"61.19"
"2015";"10";"9";"5";"9";"6754";"119.";"5.5";"8.6";"64.";"8.";"99.68";"0.00";"99.68"
"2015";"10";"9";"5";"10";"6755";"121.";"5.2";"9.6";"61.";"8.";"127.55";"0.00";"127.55"
"2015";"10";"9";"5";"11";"6756";"123.";"4.7";"10.2";"59.";"8.";"141.65";"0.00";"141.65"
"2015";"10";"9";"5";"12";"6757";"122.";"4.6";"11.1";"58.";"8.";"140.96";"0.00";"140.96"
"2015";"10";"9";"5";"13";"6758";"124.";"4.1";"11.7";"57.";"8.";"127.01";"0.00";"127.01"
"2015";"10";"9";"5";"14";"6759";"125.";"3.7";"11.1";"57.";"7.";"199.56";"99.41";"167.54"
"2015";"10";"9";"5";"15";"6760";"136.";"2.7";"10.7";"60.";"8.";"60.00";"0.00";"60.00"
"2015";"10";"9";"5";"16";"6761";"124.";"2.6";"9.5";"66.";"7.";"29.85";"39.63";"25.73"
"2015";"10";"9";"5";"17";"6762";"114.";"2.5";"8.8";"69.";"8.";"0.00";"0.00";"0.00"
"2015";"10";"9";"5";"18";"6763";"113.";"3.0";"8.3";"71.";"8.";"0.00";"0.00";"0.00"
"2015";"10";"9";"5";"19";"6764";"114.";"3.5";"8.5";"69.";"8.";"0.00";"0.00";"0.00"
"2015";"10";"9";"5";"20";"6765";"113.";"3.4";"8.3";"69.";"8.";"0.00";"0.00";"0.00"
"2015";"10";"9";"5";"21";"6766";"125.";"3.2";"7.5";"74.";"8.";"0.00";"0.00";"0.00"
"2015";"10";"9";"5";"22";"6767";"128.";"3.2";"7.0";"76.";"7.";"0.00";"0.00";"0.00"
"2015";"10";"9";"5";"23";"6768";"129.";"2.9";"7.2";"75.";"7.";"0.00";"0.00";"0.00"
"2015";"10";"10";"6";"0";"6769";"125.";"2.9";"7.0";"76.";"7.";"0.00";"0.00";"0.00"
"2015";"10";"10";"6";"1";"6770";"118.";"2.8";"6.8";"78.";"8.";"0.00";"0.00";"0.00"
"2015";"10";"10";"6";"2";"6771";"116.";"2.3";"6.6";"79.";"8.";"0.00";"0.00";"0.00"
"2015";"10";"10";"6";"3";"6772";"128.";"2.3";"6.4";"81.";"8.";"0.00";"0.00";"0.00"
"2015";"10";"10";"6";"4";"6773";"116.";"2.8";"5.6";"83.";"8.";"0.00";"0.00";"0.00"
"2015";"10";"10";"6";"5";"6774";"109.";"2.4";"4.8";"86.";"8.";"0.00";"0.00";"0.00"
"2015";"10";"10";"6";"6";"6775";"111.";"2.3";"4.8";"85.";"8.";"0.00";"0.00";"0.00"
"2015";"10";"10";"6";"7";"6776";"114.";"2.4";"5.9";"82.";"7.";"26.70";"36.43";"23.13"
"2015";"10";"10";"6";"8";"6777";"118.";"2.4";"7.4";"76.";"7.";"122.42";"79.33";"105.11"
"2015";"10";"10";"6";"9";"6778";"117.";"2.3";"9.4";"68.";"8.";"189.48";"0.00";"189.48"
"2015";"10";"10";"6";"10";"6779";"116.";"2.4";"10.2";"62.";"7.";"258.20";"103.96";"218.13"
"2015";"10";"10";"6";"11";"6780";"118.";"1.6";"10.5";"56.";"7.";"296.58";"109.95";"250.27"
"2015";"10";"10";"6";"12";"6781";"113.";"1.0";"10.6";"52.";"5.";"283.16";"326.66";"145.55"
"2015";"10";"10";"6";"13";"6782";"89.";"0.8";"10.9";"52.";"8.";"161.95";"0.00";"161.95"
"2015";"10";"10";"6";"14";"6783";"35.";"0.6";"10.6";"52.";"4.";"219.07";"398.99";"92.93"
"2015";"10";"10";"6";"15";"6784";"43.";"0.9";"10.5";"53.";"5.";"122.89";"243.05";"69.86"
"2015";"10";"10";"6";"16";"6785";"63.";"1.1";"8.3";"63.";"5.";"35.46";"118.10";"23.86"
"2015";"10";"10";"6";"17";"6786";"53.";"0.9";"6.5";"72.";"5.";"0.00";"0.00";"0.00"
"2015";"10";"10";"6";"18";"6787";"64.";"1.2";"6.2";"77.";"8.";"0.00";"0.00";"0.00"
"2015";"10";"10";"6";"19";"6788";"59.";"1.3";"5.9";"81.";"8.";"0.00";"0.00";"0.00"
"2015";"10";"10";"6";"20";"6789";"67.";"1.4";"5.6";"83.";"7.";"0.00";"0.00";"0.00"
"2015";"10";"10";"6";"21";"6790";"90.";"1.1";"5.3";"84.";"6.";"0.00";"0.00";"0.00"
"2015";"10";"10";"6";"22";"6791";"96.";"1.6";"3.8";"86.";"6.";"0.00";"0.00";"0.00"
"2015";"10";"10";"6";"23";"6792";"93.";"1.6";"3.4";"86.";"6.";"0.00";"0.00";"0.00"
"2015";"10";"11";"7";"0";"6793";"84.";"1.4";"4.1";"87.";"8.";"0.00";"0.00";"0.00"
"2015";"10";"11";"7";"1";"6794";"83.";"2.1";"4.5";"86.";"8.";"0.00";"0.00";"0.00"
"2015";"10";"11";"7";"2";"6795";"85.";"1.4";"4.5";"87.";"8.";"0.00";"0.00";"0.00"
"2015";"10";"11";"7";"3";"6796";"106.";"1.3";"4.7";"86.";"7.";"0.00";"0.00";"0.00"
"2015";"10";"11";"7";"4";"6797";"114.";"0.8";"4.7";"87.";"7.";"0.00";"0.00";"0.00"
"2015";"10";"11";"7";"5";"6798";"127.";"1.2";"4.7";"85.";"8.";"0.00";"0.00";"0.00"
"2015";"10";"11";"7";"6";"6799";"120.";"1.2";"5.0";"85.";"8.";"0.00";"0.00";"0.00"
"2015";"10";"11";"7";"7";"6800";"117.";"1.0";"5.8";"83.";"8.";"12.41";"0.00";"12.41"
"2015";"10";"11";"7";"8";"6801";"113.";"0.7";"7.0";"79.";"8.";"55.48";"0.00";"55.48"
"2015";"10";"11";"7";"9";"6802";"98.";"1.4";"8.9";"71.";"8.";"93.87";"0.00";"93.87"
"2015";"10";"11";"7";"10";"6803";"113.";"1.1";"10.1";"59.";"8.";"119.56";"0.00";"119.56"
"2015";"10";"11";"7";"11";"6804";"123.";"1.5";"10.8";"55.";"8.";"137.01";"0.00";"137.01"
"2015";"10";"11";"7";"12";"6805";"113.";"1.4";"11.0";"54.";"8.";"137.30";"0.00";"137.30"
"2015";"10";"11";"7";"13";"6806";"82.";"0.9";"11.4";"54.";"8.";"122.69";"0.00";"122.69"
"2015";"10";"11";"7";"14";"6807";"35.";"0.9";"11.2";"55.";"7.";"126.21";"96.95";"96.13"
"2015";"10";"11";"7";"15";"6808";"4.";"0.9";"10.4";"58.";"7.";"74.67";"79.12";"57.87"
"2015";"10";"11";"7";"16";"6809";"37.";"1.3";"8.2";"68.";"5.";"24.80";"104.48";"15.14"
"2015";"10";"11";"7";"17";"6810";"46.";"1.7";"7.2";"76.";"6.";"0.00";"0.00";"0.00"
"2015";"10";"11";"7";"18";"6811";"52.";"1.9";"6.4";"82.";"7.";"0.00";"0.00";"0.00"
"2015";"10";"11";"7";"19";"6812";"69.";"2.3";"6.7";"83.";"7.";"0.00";"0.00";"0.00"
"2015";"10";"11";"7";"20";"6813";"68.";"2.2";"5.4";"87.";"6.";"0.00";"0.00";"0.00"
"2015";"10";"11";"7";"21";"6814";"86.";"2.5";"5.3";"85.";"7.";"0.00";"0.00";"0.00"
"2015";"10";"11";"7";"22";"6815";"95.";"2.4";"5.8";"83.";"7.";"0.00";"0.00";"0.00"
"2015";"10";"11";"7";"23";"6816";"113.";"2.6";"6.1";"82.";"8.";"0.00";"0.00";"0.00"
"2015";"10";"12";"1";"0";"6817";"114.";"2.7";"6.6";"80.";"8.";"0.00";"0.00";"0.00"
"2015";"10";"12";"1";"1";"6818";"108.";"2.6";"6.7";"81.";"8.";"0.00";"0.00";"0.00"
"2015";"10";"12";"1";"2";"6819";"96.";"2.6";"6.4";"81.";"8.";"0.00";"0.00";"0.00"
"2015";"10";"12";"1";"3";"6820";"97.";"2.9";"6.5";"81.";"8.";"0.00";"0.00";"0.00"
"2015";"10";"12";"1";"4";"6821";"96.";"3.1";"6.5";"81.";"8.";"0.00";"0.00";"0.00"
"2015";"10";"12";"1";"5";"6822";"98.";"3.0";"6.7";"81.";"8.";"0.00";"0.00";"0.00"
"2015";"10";"12";"1";"6";"6823";"103.";"3.3";"6.6";"82.";"8.";"0.00";"0.00";"0.00"
"2015";"10";"12";"1";"7";"6824";"106.";"3.2";"6.9";"82.";"8.";"11.30";"0.00";"11.30"
"2015";"10";"12";"1";"8";"6825";"104.";"3.5";"7.5";"76.";"8.";"53.06";"0.00";"53.06"
"2015";"10";"12";"1";"9";"6826";"114.";"4.1";"8.4";"67.";"8.";"158.32";"0.00";"158.32"
"2015";"10";"12";"1";"10";"6827";"125.";"3.7";"8.9";"63.";"7.";"211.39";"106.74";"171.53"
"2015";"10";"12";"1";"11";"6828";"131.";"4.2";"9.5";"60.";"8.";"152.88";"0.00";"152.88"
"2015";"10";"12";"1";"12";"6829";"139.";"3.9";"9.7";"59.";"8.";"134.50";"0.00";"134.50"
"2015";"10";"12";"1";"13";"6830";"134.";"3.8";"9.6";"58.";"8.";"120.37";"0.00";"120.37"
"2015";"10";"12";"1";"14";"6831";"128.";"3.4";"9.3";"58.";"6.";"153.78";"196.42";"94.02"
"2015";"10";"12";"1";"15";"6832";"114.";"3.3";"9.1";"57.";"8.";"54.55";"0.00";"54.55"
"2015";"10";"12";"1";"16";"6833";"108.";"3.3";"8.4";"59.";"8.";"12.00";"0.00";"12.00"
"2015";"10";"12";"1";"17";"6834";"96.";"2.9";"7.5";"63.";"8.";"0.00";"0.00";"0.00"
"2015";"10";"12";"1";"18";"6835";"89.";"3.6";"6.7";"65.";"8.";"0.00";"0.00";"0.00"
"2015";"10";"12";"1";"19";"6836";"82.";"3.5";"6.9";"67.";"8.";"0.00";"0.00";"0.00"
"2015";"10";"12";"1";"20";"6837";"83.";"3.2";"6.6";"70.";"8.";"0.00";"0.00";"0.00"
"2015";"10";"12";"1";"21";"6838";"93.";"2.7";"6.7";"71.";"8.";"0.00";"0.00";"0.00"
"2015";"10";"12";"1";"22";"6839";"87.";"2.7";"6.6";"70.";"8.";"0.00";"0.00";"0.00"
"2015";"10";"12";"1";"23";"6840";"79.";"2.6";"6.4";"71.";"8.";"0.00";"0.00";"0.00"
"2015";"10";"13";"2";"0";"6841";"62.";"2.3";"6.1";"72.";"8.";"0.00";"0.00";"0.00"
"2015";"10";"13";"2";"1";"6842";"63.";"2.8";"5.9";"72.";"8.";"0.00";"0.00";"0.00"
"2015";"10";"13";"2";"2";"6843";"56.";"2.6";"5.8";"72.";"8.";"0.00";"0.00";"0.00"
"2015";"10";"13";"2";"3";"6844";"59.";"2.8";"5.3";"73.";"8.";"0.00";"0.00";"0.00"
"2015";"10";"13";"2";"4";"6845";"53.";"3.0";"4.2";"77.";"7.";"0.00";"0.00";"0.00"
"2015";"10";"13";"2";"5";"6846";"45.";"3.2";"4.9";"79.";"8.";"0.00";"0.00";"0.00"
"2015";"10";"13";"2";"6";"6847";"49.";"3.6";"5.4";"80.";"8.";"0.00";"0.00";"0.00"
"2015";"10";"13";"2";"7";"6848";"47.";"3.9";"5.9";"80.";"8.";"8.66";"0.00";"8.66"
"2015";"10";"13";"2";"8";"6849";"48.";"4.4";"6.6";"78.";"8.";"51.08";"0.00";"51.08"
"2015";"10";"13";"2";"9";"6850";"49.";"4.9";"8.3";"74.";"8.";"98.77";"0.00";"98.77"
"2015";"10";"13";"2";"10";"6851";"48.";"4.9";"9.6";"70.";"6.";"187.93";"202.48";"113.55"
"2015";"10";"13";"2";"11";"6852";"51.";"5.0";"9.7";"68.";"7.";"206.76";"106.45";"163.85"
"2015";"10";"13";"2";"12";"6853";"50.";"4.7";"9.9";"67.";"8.";"185.16";"0.00";"185.16"
"2015";"10";"13";"2";"13";"6854";"53.";"5.0";"10.3";"64.";"7.";"183.61";"100.95";"146.53"
"2015";"10";"13";"2";"14";"6855";"42.";"4.7";"10.1";"66.";"7.";"132.01";"93.84";"104.01"
"2015";"10";"13";"2";"15";"6856";"41.";"4.3";"9.8";"67.";"7.";"67.47";"75.32";"52.36"
"2015";"10";"13";"2";"16";"6857";"37.";"4.5";"9.3";"71.";"7.";"10.32";"22.97";"8.46"
"2015";"10";"13";"2";"17";"6858";"44.";"4.5";"8.9";"74.";"7.";"0.00";"0.00";"0.00"
"2015";"10";"13";"2";"18";"6859";"41.";"4.5";"8.6";"79.";"8.";"0.00";"0.00";"0.00"
"2015";"10";"13";"2";"19";"6860";"39.";"4.4";"8.1";"81.";"7.";"0.00";"0.00";"0.00"
"2015";"10";"13";"2";"20";"6861";"34.";"4.1";"7.8";"83.";"8.";"0.00";"0.00";"0.00"
"2015";"10";"13";"2";"21";"6862";"43.";"3.8";"7.5";"83.";"7.";"0.00";"0.00";"0.00"
"2015";"10";"13";"2";"22";"6863";"36.";"3.2";"7.3";"85.";"6.";"0.00";"0.00";"0.00"
"2015";"10";"13";"2";"23";"6864";"37.";"3.2";"6.2";"89.";"6.";"0.00";"0.00";"0.00"
"2015";"10";"14";"3";"0";"6865";"31.";"3.2";"5.8";"91.";"5.";"0.00";"0.00";"0.00"
"2015";"10";"14";"3";"1";"6866";"26.";"3.3";"5.3";"92.";"5.";"0.00";"0.00";"0.00"
"2015";"10";"14";"3";"2";"6867";"36.";"3.5";"5.6";"94.";"7.";"0.00";"0.00";"0.00"
"2015";"10";"14";"3";"3";"6868";"34.";"3.5";"5.9";"95.";"8.";"0.00";"0.00";"0.00"
"2015";"10";"14";"3";"4";"6869";"40.";"3.2";"5.8";"95.";"7.";"0.00";"0.00";"0.00"
"2015";"10";"14";"3";"5";"6870";"41.";"3.4";"5.5";"95.";"8.";"0.00";"0.00";"0.00"
"2015";"10";"14";"3";"6";"6871";"40.";"3.9";"5.6";"95.";"6.";"0.00";"0.00";"0.00"
"2015";"10";"14";"3";"7";"6872";"50.";"4.2";"5.5";"95.";"6.";"8.78";"29.39";"6.57"
"2015";"10";"14";"3";"8";"6873";"52.";"4.0";"6.8";"90.";"4.";"101.95";"260.84";"51.13"
"2015";"10";"14";"3";"9";"6874";"56.";"4.1";"9.0";"83.";"2.";"227.96";"515.68";"77.18"
"2015";"10";"14";"3";"10";"6875";"62.";"4.4";"10.8";"73.";"2.";"317.31";"591.60";"103.50"
"2015";"10";"14";"3";"11";"6876";"59.";"4.3";"11.6";"65.";"4.";"279.43";"413.17";"115.35"
"2015";"10";"14";"3";"12";"6877";"59.";"4.4";"11.7";"62.";"5.";"259.35";"312.70";"135.17"
"2015";"10";"14";"3";"13";"6878";"59.";"4.7";"12.4";"60.";"5.";"235.65";"308.17";"124.28"
"2015";"10";"14";"3";"14";"6879";"56.";"4.4";"12.0";"61.";"4.";"193.59";"378.85";"82.82"
"2015";"10";"14";"3";"15";"6880";"54.";"3.9";"11.3";"63.";"2.";"132.08";"429.70";"48.37"
"2015";"10";"14";"3";"16";"6881";"43.";"3.6";"9.4";"70.";"1.";"18.18";"132.64";"8.19"
"2015";"10";"14";"3";"17";"6882";"42.";"3.3";"7.5";"78.";"1.";"0.00";"0.00";"0.00"
"2015";"10";"14";"3";"18";"6883";"48.";"3.7";"6.8";"82.";"1.";"0.00";"0.00";"0.00"
"2015";"10";"14";"3";"19";"6884";"47.";"3.9";"7.8";"81.";"0.";"0.00";"0.00";"0.00"
"2015";"10";"14";"3";"20";"6885";"52.";"3.9";"6.1";"89.";"0.";"0.00";"0.00";"0.00"
"2015";"10";"14";"3";"21";"6886";"61.";"3.1";"4.8";"91.";"0.";"0.00";"0.00";"0.00"
"2015";"10";"14";"3";"22";"6887";"61.";"3.3";"4.3";"92.";"1.";"0.00";"0.00";"0.00"
"2015";"10";"14";"3";"23";"6888";"61.";"3.3";"3.9";"93.";"0.";"0.00";"0.00";"0.00"
"2015";"10";"15";"4";"0";"6889";"67.";"3.2";"3.9";"93.";"0.";"0.00";"0.00";"0.00"
"2015";"10";"15";"4";"1";"6890";"78.";"4.0";"3.4";"92.";"0.";"0.00";"0.00";"0.00"
"2015";"10";"15";"4";"2";"6891";"78.";"3.3";"5.2";"89.";"0.";"0.00";"0.00";"0.00"
"2015";"10";"15";"4";"3";"6892";"85.";"3.2";"4.1";"87.";"1.";"0.00";"0.00";"0.00"
"2015";"10";"15";"4";"4";"6893";"81.";"3.1";"3.6";"85.";"0.";"0.00";"0.00";"0.00"
"2015";"10";"15";"4";"5";"6894";"77.";"3.1";"3.8";"87.";"1.";"0.00";"0.00";"0.00"
"2015";"10";"15";"4";"6";"6895";"73.";"3.4";"3.0";"87.";"0.";"0.00";"0.00";"0.00"
"2015";"10";"15";"4";"7";"6896";"70.";"3.8";"4.4";"88.";"1.";"16.02";"98.32";"9.17"
"2015";"10";"15";"4";"8";"6897";"72.";"4.1";"5.4";"84.";"1.";"136.28";"397.16";"61.20"
"2015";"10";"15";"4";"9";"6898";"79.";"3.7";"7.8";"77.";"4.";"205.38";"305.35";"117.89"
"2015";"10";"15";"4";"10";"6899";"84.";"3.8";"10.3";"68.";"2.";"302.71";"496.28";"126.30"
"2015";"10";"15";"4";"11";"6900";"88.";"4.7";"10.6";"65.";"5.";"276.11";"255.21";"176.29"
"2015";"10";"15";"4";"12";"6901";"86.";"4.5";"11.5";"57.";"5.";"236.51";"278.68";"127.50"
"2015";"10";"15";"4";"13";"6902";"87.";"4.2";"12.0";"55.";"6.";"134.63";"125.51";"90.01"
"2015";"10";"15";"4";"14";"6903";"82.";"4.1";"11.2";"58.";"5.";"168.83";"253.00";"96.33"
"2015";"10";"15";"4";"15";"6904";"74.";"3.5";"10.7";"61.";"6.";"79.07";"130.15";"54.47"
"2015";"10";"15";"4";"16";"6905";"44.";"2.9";"9.4";"67.";"5.";"11.19";"42.34";"8.24"
"2015";"10";"15";"4";"17";"6906";"41.";"3.2";"8.6";"73.";"7.";"0.00";"0.00";"0.00"
"2015";"10";"15";"4";"18";"6907";"44.";"3.6";"6.9";"79.";"8.";"0.00";"0.00";"0.00"
"2015";"10";"15";"4";"19";"6908";"47.";"3.0";"6.7";"81.";"8.";"0.00";"0.00";"0.00"
"2015";"10";"15";"4";"20";"6909";"61.";"2.9";"5.8";"83.";"6.";"0.00";"0.00";"0.00"
"2015";"10";"15";"4";"21";"6910";"58.";"3.2";"5.3";"87.";"5.";"0.00";"0.00";"0.00"
"2015";"10";"15";"4";"22";"6911";"56.";"3.0";"5.4";"87.";"2.";"0.00";"0.00";"0.00"
"2015";"10";"15";"4";"23";"6912";"56.";"2.7";"4.2";"92.";"2.";"0.00";"0.00";"0.00"
"2015";"10";"16";"5";"0";"6913";"45.";"3.2";"3.7";"93.";"2.";"0.00";"0.00";"0.00"
"2015";"10";"16";"5";"1";"6914";"45.";"3.7";"3.4";"93.";"2.";"0.00";"0.00";"0.00"
"2015";"10";"16";"5";"2";"6915";"52.";"3.9";"3.2";"93.";"0.";"0.00";"0.00";"0.00"
"2015";"10";"16";"5";"3";"6916";"50.";"3.6";"3.9";"94.";"3.";"0.00";"0.00";"0.00"
"2015";"10";"16";"5";"4";"6917";"51.";"3.8";"4.0";"93.";"4.";"0.00";"0.00";"0.00"
"2015";"10";"16";"5";"5";"6918";"47.";"4.0";"3.7";"94.";"2.";"0.00";"0.00";"0.00"
"2015";"10";"16";"5";"6";"6919";"43.";"4.2";"4.0";"95.";"3.";"0.00";"0.00";"0.00"
"2015";"10";"16";"5";"7";"6920";"43.";"4.0";"4.7";"95.";"4.";"5.93";"30.97";"3.94"
"2015";"10";"16";"5";"8";"6921";"42.";"4.3";"6.0";"91.";"4.";"93.25";"248.84";"47.64"
"2015";"10";"16";"5";"9";"6922";"48.";"4.8";"7.6";"85.";"2.";"215.82";"488.36";"78.75"
"2015";"10";"16";"5";"10";"6923";"55.";"5.3";"8.5";"80.";"3.";"276.02";"460.69";"114.99"
"2015";"10";"16";"5";"11";"6924";"56.";"5.2";"9.5";"74.";"4.";"297.18";"405.14";"141.12"
"2015";"10";"16";"5";"12";"6925";"62.";"4.9";"10.7";"68.";"4.";"294.36";"385.25";"145.97"
"2015";"10";"16";"5";"13";"6926";"59.";"4.4";"11.6";"64.";"5.";"245.66";"282.02";"147.08"
"2015";"10";"16";"5";"14";"6927";"63.";"4.6";"11.9";"64.";"4.";"184.65";"340.45";"89.09"
"2015";"10";"16";"5";"15";"6928";"45.";"4.6";"10.9";"68.";"4.";"103.14";"261.29";"55.25"
"2015";"10";"16";"5";"16";"6929";"48.";"5.0";"10.1";"74.";"3.";"3.96";"24.24";"2.40"
"2015";"10";"16";"5";"17";"6930";"39.";"4.7";"8.4";"80.";"1.";"0.00";"0.00";"0.00"
"2015";"10";"16";"5";"18";"6931";"39.";"4.6";"7.7";"85.";"5.";"0.00";"0.00";"0.00"
"2015";"10";"16";"5";"19";"6932";"43.";"4.5";"7.3";"88.";"4.";"0.00";"0.00";"0.00"
"2015";"10";"16";"5";"20";"6933";"43.";"4.3";"6.9";"90.";"1.";"0.00";"0.00";"0.00"
"2015";"10";"16";"5";"21";"6934";"37.";"3.9";"6.6";"92.";"3.";"0.00";"0.00";"0.00"
"2015";"10";"16";"5";"22";"6935";"41.";"4.3";"6.1";"92.";"4.";"0.00";"0.00";"0.00"
"2015";"10";"16";"5";"23";"6936";"38.";"4.4";"5.9";"93.";"5.";"0.00";"0.00";"0.00"
"2015";"10";"17";"6";"0";"6937";"42.";"4.5";"5.4";"93.";"4.";"0.00";"0.00";"0.00"
"2015";"10";"17";"6";"1";"6938";"47.";"4.1";"6.1";"94.";"8.";"0.00";"0.00";"0.00"
"2015";"10";"17";"6";"2";"6939";"41.";"4.0";"6.1";"94.";"8.";"0.00";"0.00";"0.00"
"2015";"10";"17";"6";"3";"6940";"52.";"3.9";"6.1";"93.";"8.";"0.00";"0.00";"0.00"
"2015";"10";"17";"6";"4";"6941";"46.";"3.2";"7.3";"91.";"8.";"0.00";"0.00";"0.00"
"2015";"10";"17";"6";"5";"6942";"49.";"3.6";"7.6";"92.";"8.";"0.00";"0.00";"0.00"
"2015";"10";"17";"6";"6";"6943";"39.";"4.0";"7.3";"92.";"7.";"0.00";"0.00";"0.00"
"2015";"10";"17";"6";"7";"6944";"39.";"3.4";"7.7";"91.";"7.";"0.00";"0.00";"0.00"
"2015";"10";"17";"6";"8";"6945";"45.";"3.1";"8.1";"90.";"8.";"36.02";"0.00";"36.02"
"2015";"10";"17";"6";"9";"6946";"42.";"2.8";"8.5";"88.";"8.";"72.62";"0.00";"72.62"
"2015";"10";"17";"6";"10";"6947";"39.";"2.8";"9.0";"87.";"7.";"129.91";"73.57";"104.63"
"2015";"10";"17";"6";"11";"6948";"50.";"2.9";"9.2";"85.";"7.";"148.26";"78.03";"118.67"
"2015";"10";"17";"6";"12";"6949";"52.";"2.6";"9.6";"83.";"8.";"64.79";"0.00";"64.79"
"2015";"10";"17";"6";"13";"6950";"41.";"2.6";"9.8";"82.";"8.";"100.35";"0.00";"100.35"
"2015";"10";"17";"6";"14";"6951";"43.";"3.0";"10.0";"82.";"7.";"98.46";"75.30";"77.76"
"2015";"10";"17";"6";"15";"6952";"49.";"2.8";"9.7";"82.";"7.";"55.73";"55.03";"45.96"
"2015";"10";"17";"6";"16";"6953";"36.";"2.7";"9.3";"82.";"6.";"0.00";"0.00";"0.00"
"2015";"10";"17";"6";"17";"6954";"33.";"3.1";"9.2";"83.";"7.";"0.00";"0.00";"0.00"
"2015";"10";"17";"6";"18";"6955";"38.";"3.4";"8.2";"87.";"5.";"0.00";"0.00";"0.00"
"2015";"10";"17";"6";"19";"6956";"48.";"3.3";"7.1";"91.";"5.";"0.00";"0.00";"0.00"
"2015";"10";"17";"6";"20";"6957";"47.";"3.3";"7.2";"92.";"7.";"0.00";"0.00";"0.00"
"2015";"10";"17";"6";"21";"6958";"41.";"3.5";"7.0";"93.";"8.";"0.00";"0.00";"0.00"
"2015";"10";"17";"6";"22";"6959";"42.";"3.2";"7.0";"93.";"8.";"0.00";"0.00";"0.00"
"2015";"10";"17";"6";"23";"6960";"40.";"2.7";"6.3";"94.";"7.";"0.00";"0.00";"0.00"
"2015";"10";"18";"7";"0";"6961";"35.";"2.2";"5.3";"95.";"5.";"0.00";"0.00";"0.00"
"2015";"10";"18";"7";"1";"6962";"45.";"2.6";"4.4";"96.";"5.";"0.00";"0.00";"0.00"
"2015";"10";"18";"7";"2";"6963";"44.";"2.7";"3.9";"96.";"5.";"0.00";"0.00";"0.00"
"2015";"10";"18";"7";"3";"6964";"40.";"3.2";"3.1";"96.";"5.";"0.00";"0.00";"0.00"
"2015";"10";"18";"7";"4";"6965";"35.";"3.1";"2.1";"96.";"5.";"0.00";"0.00";"0.00"
"2015";"10";"18";"7";"5";"6966";"37.";"3.2";"1.1";"96.";"3.";"0.00";"0.00";"0.00"
"2015";"10";"18";"7";"6";"6967";"40.";"3.0";"1.1";"96.";"2.";"0.00";"0.00";"0.00"
"2015";"10";"18";"7";"7";"6968";"35.";"2.4";"1.8";"97.";"3.";"3.51";"19.74";"2.46"
"2015";"10";"18";"7";"8";"6969";"38.";"2.6";"2.2";"96.";"4.";"84.50";"187.40";"52.29"
"2015";"10";"18";"7";"9";"6970";"40.";"2.6";"4.3";"90.";"2.";"209.76";"509.21";"72.74"
"2015";"10";"18";"7";"10";"6971";"37.";"2.7";"6.1";"82.";"1.";"318.22";"708.36";"78.93"
"2015";"10";"18";"7";"11";"6972";"35.";"3.0";"8.7";"72.";"0.";"390.51";"869.22";"65.96"
"2015";"10";"18";"7";"12";"6973";"34.";"3.4";"10.6";"65.";"0.";"377.56";"813.95";"73.65"
"2015";"10";"18";"7";"13";"6974";"28.";"2.9";"11.7";"64.";"0.";"339.51";"807.42";"66.76"
"2015";"10";"18";"7";"14";"6975";"23.";"3.0";"12.0";"62.";"0.";"249.99";"718.21";"56.72"
"2015";"10";"18";"7";"15";"6976";"24.";"2.7";"10.9";"67.";"0.";"124.93";"516.81";"36.08"
"2015";"10";"18";"7";"16";"6977";"17.";"2.7";"9.1";"76.";"1.";"0.00";"0.00";"0.00"
"2015";"10";"18";"7";"17";"6978";"21.";"2.7";"7.7";"84.";"7.";"0.00";"0.00";"0.00"
"2015";"10";"18";"7";"18";"6979";"15.";"2.6";"6.6";"91.";"6.";"0.00";"0.00";"0.00"
"2015";"10";"18";"7";"19";"6980";"29.";"2.6";"5.7";"93.";"2.";"0.00";"0.00";"0.00"
"2015";"10";"18";"7";"20";"6981";"30.";"2.5";"5.3";"95.";"0.";"0.00";"0.00";"0.00"
"2015";"10";"18";"7";"21";"6982";"39.";"2.9";"5.0";"95.";"1.";"0.00";"0.00";"0.00"
"2015";"10";"18";"7";"22";"6983";"29.";"2.7";"3.8";"96.";"1.";"0.00";"0.00";"0.00"
"2015";"10";"18";"7";"23";"6984";"43.";"3.0";"3.0";"96.";"1.";"0.00";"0.00";"0.00"
"2015";"10";"19";"1";"0";"6985";"35.";"2.9";"2.8";"96.";"2.";"0.00";"0.00";"0.00"
"2015";"10";"19";"1";"1";"6986";"36.";"2.2";"2.3";"97.";"2.";"0.00";"0.00";"0.00"
"2015";"10";"19";"1";"2";"6987";"19.";"2.0";"1.5";"97.";"1.";"0.00";"0.00";"0.00"
"2015";"10";"19";"1";"3";"6988";"8.";"1.9";"1.4";"97.";"4.";"0.00";"0.00";"0.00"
"2015";"10";"19";"1";"4";"6989";"16.";"1.7";"1.0";"97.";"3.";"0.00";"0.00";"0.00"
"2015";"10";"19";"1";"5";"6990";"33.";"1.7";"1.2";"97.";"3.";"0.00";"0.00";"0.00"
"2015";"10";"19";"1";"6";"6991";"48.";"1.9";"1.6";"95.";"1.";"0.00";"0.00";"0.00"
"2015";"10";"19";"1";"7";"6992";"53.";"1.7";"2.0";"97.";"4.";"0.00";"0.00";"0.00"
"2015";"10";"19";"1";"8";"6993";"60.";"1.5";"4.9";"96.";"4.";"80.42";"167.86";"52.51"
"2015";"10";"19";"1";"9";"6994";"79.";"1.3";"7.7";"90.";"4.";"168.81";"323.23";"83.69"
"2015";"10";"19";"1";"10";"6995";"87.";"1.0";"10.3";"80.";"1.";"302.72";"621.68";"96.33"
"2015";"10";"19";"1";"11";"6996";"84.";"1.0";"11.3";"71.";"0.";"361.85";"753.08";"85.08"
"2015";"10";"19";"1";"12";"6997";"110.";"0.7";"11.5";"69.";"3.";"283.31";"499.83";"99.61"
"2015";"10";"19";"1";"13";"6998";"175.";"0.3";"10.9";"69.";"5.";"200.04";"305.46";"98.63"
"2015";"10";"19";"1";"14";"6999";"255.";"0.7";"10.6";"71.";"6.";"119.77";"171.57";"74.58"
"2015";"10";"19";"1";"15";"7000";"265.";"0.3";"10.2";"74.";"5.";"72.01";"193.18";"39.89"
"2015";"10";"19";"1";"16";"7001";"199.";"0.4";"9.5";"79.";"6.";"0.00";"0.00";"0.00"
"2015";"10";"19";"1";"17";"7002";"136.";"0.9";"8.4";"85.";"6.";"0.00";"0.00";"0.00"
"2015";"10";"19";"1";"18";"7003";"113.";"0.9";"8.2";"86.";"6.";"0.00";"0.00";"0.00"
"2015";"10";"19";"1";"19";"7004";"128.";"0.8";"8.0";"87.";"6.";"0.00";"0.00";"0.00"
"2015";"10";"19";"1";"20";"7005";"127.";"1.1";"8.2";"87.";"6.";"0.00";"0.00";"0.00"
"2015";"10";"19";"1";"21";"7006";"134.";"1.4";"8.0";"88.";"7.";"0.00";"0.00";"0.00"
"2015";"10";"19";"1";"22";"7007";"148.";"1.1";"7.9";"89.";"7.";"0.00";"0.00";"0.00"
"2015";"10";"19";"1";"23";"7008";"144.";"1.5";"7.8";"89.";"7.";"0.00";"0.00";"0.00"
"2015";"10";"20";"2";"0";"7009";"154.";"1.5";"7.8";"89.";"8.";"0.00";"0.00";"0.00"
"2015";"10";"20";"2";"1";"7010";"145.";"1.8";"7.7";"89.";"8.";"0.00";"0.00";"0.00"
"2015";"10";"20";"2";"2";"7011";"136.";"2.4";"7.4";"90.";"8.";"0.00";"0.00";"0.00"
"2015";"10";"20";"2";"3";"7012";"169.";"1.6";"7.5";"86.";"7.";"0.00";"0.00";"0.00"
"2015";"10";"20";"2";"4";"7013";"164.";"1.6";"7.7";"86.";"7.";"0.00";"0.00";"0.00"
"2015";"10";"20";"2";"5";"7014";"168.";"1.8";"8.2";"87.";"7.";"0.00";"0.00";"0.00"
"2015";"10";"20";"2";"6";"7015";"183.";"1.5";"7.9";"89.";"7.";"0.00";"0.00";"0.00"
"2015";"10";"20";"2";"7";"7016";"153.";"2.2";"8.3";"90.";"7.";"0.00";"0.00";"0.00"
"2015";"10";"20";"2";"8";"7017";"143.";"2.3";"8.8";"89.";"8.";"33.59";"0.00";"33.59"
"2015";"10";"20";"2";"9";"7018";"138.";"3.4";"9.2";"88.";"8.";"70.93";"0.00";"70.93"
"2015";"10";"20";"2";"10";"7019";"147.";"3.2";"9.8";"85.";"8.";"99.12";"0.00";"99.12"
"2015";"10";"20";"2";"11";"7020";"159.";"2.6";"9.9";"85.";"8.";"112.43";"0.00";"112.43"
"2015";"10";"20";"2";"12";"7021";"171.";"2.3";"10.1";"83.";"7.";"94.61";"62.63";"71.95"
"2015";"10";"20";"2";"13";"7022";"188.";"2.1";"10.2";"84.";"8.";"98.25";"0.00";"98.25"
"2015";"10";"20";"2";"14";"7023";"193.";"2.0";"10.5";"83.";"7.";"91.77";"83.41";"70.28"
"2015";"10";"20";"2";"15";"7024";"210.";"3.4";"10.0";"84.";"7.";"44.43";"58.68";"35.00"
"2015";"10";"20";"2";"16";"7025";"193.";"2.9";"9.0";"90.";"4.";"0.00";"0.00";"0.00"
"2015";"10";"20";"2";"17";"7026";"191.";"2.2";"8.0";"92.";"4.";"0.00";"0.00";"0.00"
"2015";"10";"20";"2";"18";"7027";"195.";"1.5";"8.3";"93.";"6.";"0.00";"0.00";"0.00"
"2015";"10";"20";"2";"19";"7028";"215.";"1.4";"8.4";"95.";"7.";"0.00";"0.00";"0.00"
"2015";"10";"20";"2";"20";"7029";"210.";"1.6";"8.3";"94.";"6.";"0.00";"0.00";"0.00"
"2015";"10";"20";"2";"21";"7030";"216.";"2.9";"7.3";"95.";"5.";"0.00";"0.00";"0.00"
"2015";"10";"20";"2";"22";"7031";"218.";"2.9";"6.8";"97.";"4.";"0.00";"0.00";"0.00"
"2015";"10";"20";"2";"23";"7032";"214.";"2.4";"6.3";"98.";"4.";"0.00";"0.00";"0.00"
"2015";"10";"21";"3";"0";"7033";"221.";"2.4";"6.1";"97.";"6.";"0.00";"0.00";"0.00"
"2015";"10";"21";"3";"1";"7034";"232.";"2.5";"7.6";"97.";"6.";"0.00";"0.00";"0.00"
"2015";"10";"21";"3";"2";"7035";"235.";"2.4";"7.7";"97.";"6.";"0.00";"0.00";"0.00"
"2015";"10";"21";"3";"3";"7036";"240.";"2.2";"7.6";"97.";"6.";"0.00";"0.00";"0.00"
"2015";"10";"21";"3";"4";"7037";"238.";"2.2";"8.0";"97.";"7.";"0.00";"0.00";"0.00"
"2015";"10";"21";"3";"5";"7038";"230.";"2.6";"7.9";"95.";"8.";"0.00";"0.00";"0.00"
"2015";"10";"21";"3";"6";"7039";"217.";"2.6";"7.8";"95.";"7.";"0.00";"0.00";"0.00"
"2015";"10";"21";"3";"7";"7040";"212.";"3.0";"8.2";"95.";"4.";"0.00";"0.00";"0.00"
"2015";"10";"21";"3";"8";"7041";"212.";"3.5";"9.3";"91.";"5.";"56.99";"140.65";"35.16"
"2015";"10";"21";"3";"9";"7042";"203.";"4.4";"9.9";"90.";"6.";"139.56";"143.98";"103.28"
"2015";"10";"21";"3";"10";"7043";"201.";"5.5";"10.5";"87.";"7.";"120.94";"82.39";"94.54"
"2015";"10";"21";"3";"11";"7044";"199.";"6.3";"10.6";"88.";"7.";"138.31";"84.60";"108.20"
"2015";"10";"21";"3";"12";"7045";"196.";"6.9";"10.7";"85.";"8.";"103.52";"0.00";"103.52"
"2015";"10";"21";"3";"13";"7046";"197.";"7.1";"10.8";"84.";"8.";"91.11";"0.00";"91.11"
"2015";"10";"21";"3";"14";"7047";"204.";"7.4";"10.8";"84.";"8.";"64.64";"0.00";"64.64"
"2015";"10";"21";"3";"15";"7048";"202.";"7.1";"10.3";"89.";"7.";"24.34";"27.45";"20.08"
"2015";"10";"21";"3";"16";"7049";"198.";"7.5";"10.0";"91.";"8.";"0.00";"0.00";"0.00"
"2015";"10";"21";"3";"17";"7050";"205.";"8.1";"10.0";"93.";"8.";"0.00";"0.00";"0.00"
"2015";"10";"21";"3";"18";"7051";"199.";"8.4";"10.3";"92.";"7.";"0.00";"0.00";"0.00"
"2015";"10";"21";"3";"19";"7052";"197.";"8.7";"10.5";"93.";"7.";"0.00";"0.00";"0.00"
"2015";"10";"21";"3";"20";"7053";"199.";"8.6";"10.3";"93.";"8.";"0.00";"0.00";"0.00"
"2015";"10";"21";"3";"21";"7054";"201.";"8.1";"10.2";"94.";"8.";"0.00";"0.00";"0.00"
"2015";"10";"21";"3";"22";"7055";"208.";"7.8";"10.3";"96.";"8.";"0.00";"0.00";"0.00"
"2015";"10";"21";"3";"23";"7056";"209.";"7.1";"10.6";"96.";"8.";"0.00";"0.00";"0.00"
"2015";"10";"22";"4";"0";"7057";"210.";"6.7";"10.7";"96.";"8.";"0.00";"0.00";"0.00"
"2015";"10";"22";"4";"1";"7058";"213.";"6.6";"10.8";"97.";"8.";"0.00";"0.00";"0.00"
"2015";"10";"22";"4";"2";"7059";"215.";"6.3";"10.9";"97.";"8.";"0.00";"0.00";"0.00"
"2015";"10";"22";"4";"3";"7060";"209.";"5.8";"11.0";"98.";"8.";"0.00";"0.00";"0.00"
"2015";"10";"22";"4";"4";"7061";"208.";"6.3";"11.0";"98.";"8.";"0.00";"0.00";"0.00"
"2015";"10";"22";"4";"5";"7062";"208.";"6.9";"11.1";"98.";"8.";"0.00";"0.00";"0.00"
"2015";"10";"22";"4";"6";"7063";"206.";"6.9";"11.1";"98.";"8.";"0.00";"0.00";"0.00"
"2015";"10";"22";"4";"7";"7064";"200.";"7.0";"11.3";"98.";"8.";"0.00";"0.00";"0.00"
"2015";"10";"22";"4";"8";"7065";"194.";"7.6";"11.4";"97.";"8.";"20.11";"0.00";"20.11"
"2015";"10";"22";"4";"9";"7066";"193.";"8.6";"11.6";"97.";"8.";"56.72";"0.00";"56.72"
"2015";"10";"22";"4";"10";"7067";"193.";"8.9";"11.8";"96.";"8.";"79.74";"0.00";"79.74"
"2015";"10";"22";"4";"11";"7068";"198.";"9.5";"11.9";"96.";"8.";"83.16";"0.00";"83.16"
"2015";"10";"22";"4";"12";"7069";"209.";"9.3";"12.0";"96.";"8.";"52.99";"0.00";"52.99"
"2015";"10";"22";"4";"13";"7070";"216.";"7.4";"12.3";"94.";"7.";"72.46";"45.32";"58.20"
"2015";"10";"22";"4";"14";"7071";"236.";"7.6";"11.7";"91.";"7.";"47.06";"25.83";"40.70"
"2015";"10";"22";"4";"15";"7072";"239.";"7.8";"11.6";"85.";"5.";"37.21";"79.71";"25.28"
"2015";"10";"22";"4";"16";"7073";"230.";"7.2";"11.3";"86.";"5.";"0.00";"0.00";"0.00"
"2015";"10";"22";"4";"17";"7074";"234.";"7.3";"11.6";"86.";"7.";"0.00";"0.00";"0.00"
"2015";"10";"22";"4";"18";"7075";"241.";"7.7";"11.3";"86.";"7.";"0.00";"0.00";"0.00"
"2015";"10";"22";"4";"19";"7076";"245.";"8.4";"11.4";"82.";"8.";"0.00";"0.00";"0.00"
"2015";"10";"22";"4";"20";"7077";"245.";"8.8";"11.5";"82.";"7.";"0.00";"0.00";"0.00"
"2015";"10";"22";"4";"21";"7078";"249.";"9.3";"11.2";"85.";"7.";"0.00";"0.00";"0.00"
"2015";"10";"22";"4";"22";"7079";"255.";"9.9";"11.6";"84.";"7.";"0.00";"0.00";"0.00"
"2015";"10";"22";"4";"23";"7080";"263.";"11.8";"11.6";"81.";"5.";"0.00";"0.00";"0.00"
"2015";"10";"23";"5";"0";"7081";"267.";"11.6";"11.4";"82.";"3.";"0.00";"0.00";"0.00"
"2015";"10";"23";"5";"1";"7082";"273.";"11.1";"11.5";"81.";"3.";"0.00";"0.00";"0.00"
"2015";"10";"23";"5";"2";"7083";"277.";"10.8";"11.5";"81.";"2.";"0.00";"0.00";"0.00"
"2015";"10";"23";"5";"3";"7084";"278.";"9.2";"11.6";"79.";"1.";"0.00";"0.00";"0.00"
"2015";"10";"23";"5";"4";"7085";"280.";"9.5";"11.6";"78.";"0.";"0.00";"0.00";"0.00"
"2015";"10";"23";"5";"5";"7086";"281.";"8.6";"11.5";"78.";"0.";"0.00";"0.00";"0.00"
"2015";"10";"23";"5";"6";"7087";"285.";"7.2";"11.3";"79.";"0.";"0.00";"0.00";"0.00"
"2015";"10";"23";"5";"7";"7088";"290.";"7.6";"11.6";"77.";"0.";"0.00";"0.00";"0.00"
"2015";"10";"23";"5";"8";"7089";"290.";"8.4";"12.3";"74.";"0.";"81.00";"316.89";"35.30"
"2015";"10";"23";"5";"9";"7090";"292.";"8.6";"12.8";"73.";"0.";"191.81";"500.28";"71.34"
"2015";"10";"23";"5";"10";"7091";"291.";"8.1";"13.4";"72.";"0.";"270.33";"544.52";"102.01"
"2015";"10";"23";"5";"11";"7092";"291.";"8.2";"13.6";"73.";"1.";"301.21";"509.38";"125.74"
"2015";"10";"23";"5";"12";"7093";"293.";"7.3";"13.5";"71.";"0.";"316.26";"601.87";"108.94"
"2015";"10";"23";"5";"13";"7094";"293.";"6.2";"13.4";"71.";"0.";"275.90";"597.03";"91.36"
"2015";"10";"23";"5";"14";"7095";"292.";"5.9";"12.5";"76.";"0.";"190.60";"492.90";"71.91"
"2015";"10";"23";"5";"15";"7096";"289.";"4.5";"11.6";"81.";"1.";"73.42";"269.48";"34.55"
"2015";"10";"23";"5";"16";"7097";"286.";"3.5";"10.5";"86.";"0.";"0.00";"0.00";"0.00"
"2015";"10";"23";"5";"17";"7098";"284.";"2.8";"9.6";"89.";"0.";"0.00";"0.00";"0.00"
"2015";"10";"23";"5";"18";"7099";"269.";"3.0";"9.1";"92.";"1.";"0.00";"0.00";"0.00"
"2015";"10";"23";"5";"19";"7100";"256.";"3.1";"9.7";"92.";"4.";"0.00";"0.00";"0.00"
"2015";"10";"23";"5";"20";"7101";"256.";"3.8";"10.1";"91.";"4.";"0.00";"0.00";"0.00"
"2015";"10";"23";"5";"21";"7102";"246.";"4.6";"9.9";"93.";"5.";"0.00";"0.00";"0.00"
"2015";"10";"23";"5";"22";"7103";"234.";"4.5";"9.4";"92.";"5.";"0.00";"0.00";"0.00"
"2015";"10";"23";"5";"23";"7104";"223.";"4.1";"9.2";"92.";"7.";"0.00";"0.00";"0.00"
"2015";"10";"24";"6";"0";"7105";"210.";"4.1";"9.2";"92.";"7.";"0.00";"0.00";"0.00"
"2015";"10";"24";"6";"1";"7106";"194.";"4.2";"9.7";"90.";"7.";"0.00";"0.00";"0.00"
"2015";"10";"24";"6";"2";"7107";"191.";"4.4";"10.1";"90.";"7.";"0.00";"0.00";"0.00"
"2015";"10";"24";"6";"3";"7108";"181.";"5.0";"9.0";"89.";"4.";"0.00";"0.00";"0.00"
"2015";"10";"24";"6";"4";"7109";"187.";"5.4";"10.0";"89.";"7.";"0.00";"0.00";"0.00"
"2015";"10";"24";"6";"5";"7110";"194.";"5.6";"10.3";"88.";"7.";"0.00";"0.00";"0.00"
"2015";"10";"24";"6";"6";"7111";"210.";"5.4";"10.5";"87.";"8.";"0.00";"0.00";"0.00"
"2015";"10";"24";"6";"7";"7112";"209.";"5.8";"10.6";"87.";"8.";"0.00";"0.00";"0.00"
"2015";"10";"24";"6";"8";"7113";"207.";"5.7";"10.8";"87.";"8.";"21.56";"0.00";"21.56"
"2015";"10";"24";"6";"9";"7114";"207.";"6.1";"11.0";"85.";"8.";"54.90";"0.00";"54.90"
"2015";"10";"24";"6";"10";"7115";"204.";"6.6";"11.3";"83.";"8.";"80.18";"0.00";"80.18"
"2015";"10";"24";"6";"11";"7116";"196.";"6.7";"11.4";"80.";"8.";"93.27";"0.00";"93.27"
"2015";"10";"24";"6";"12";"7117";"214.";"6.6";"11.4";"78.";"8.";"93.95";"0.00";"93.95"
"2015";"10";"24";"6";"13";"7118";"210.";"6.6";"11.3";"77.";"8.";"82.42";"0.00";"82.42"
"2015";"10";"24";"6";"14";"7119";"207.";"6.7";"11.1";"79.";"8.";"57.08";"0.00";"57.08"
"2015";"10";"24";"6";"15";"7120";"200.";"6.2";"11.0";"81.";"8.";"25.37";"0.00";"25.37"
"2015";"10";"24";"6";"16";"7121";"200.";"7.0";"11.0";"83.";"8.";"0.00";"0.00";"0.00"
"2015";"10";"24";"6";"17";"7122";"199.";"7.5";"11.1";"82.";"8.";"0.00";"0.00";"0.00"
"2015";"10";"24";"6";"18";"7123";"204.";"8.2";"11.2";"81.";"8.";"0.00";"0.00";"0.00"
"2015";"10";"24";"6";"19";"7124";"211.";"8.7";"11.2";"81.";"8.";"0.00";"0.00";"0.00"
"2015";"10";"24";"6";"20";"7125";"219.";"8.6";"11.2";"81.";"7.";"0.00";"0.00";"0.00"
"2015";"10";"24";"6";"21";"7126";"221.";"8.4";"10.6";"86.";"7.";"0.00";"0.00";"0.00"
"2015";"10";"24";"6";"22";"7127";"212.";"8.0";"10.8";"85.";"8.";"0.00";"0.00";"0.00"
"2015";"10";"24";"6";"23";"7128";"212.";"8.4";"11.0";"84.";"7.";"0.00";"0.00";"0.00"
"2015";"10";"25";"7";"0";"7129";"211.";"8.9";"11.2";"86.";"8.";"0.00";"0.00";"0.00"
"2015";"10";"25";"7";"1";"7130";"213.";"9.2";"10.9";"90.";"8.";"0.00";"0.00";"0.00"
"2015";"10";"25";"7";"2";"7131";"216.";"8.8";"10.8";"93.";"8.";"0.00";"0.00";"0.00"
"2015";"10";"25";"7";"3";"7132";"251.";"7.4";"10.6";"87.";"7.";"0.00";"0.00";"0.00"
"2015";"10";"25";"7";"4";"7133";"254.";"7.6";"10.2";"85.";"4.";"0.00";"0.00";"0.00"
"2015";"10";"25";"7";"5";"7134";"255.";"7.1";"9.9";"83.";"2.";"0.00";"0.00";"0.00"
"2015";"10";"25";"7";"6";"7135";"260.";"6.6";"9.6";"82.";"1.";"0.00";"0.00";"0.00"
"2015";"10";"25";"7";"7";"7136";"264.";"6.9";"10.1";"79.";"2.";"0.00";"0.00";"0.00"
"2015";"10";"25";"7";"8";"7137";"263.";"7.3";"10.4";"77.";"4.";"58.42";"155.46";"37.68"
"2015";"10";"25";"7";"9";"7138";"260.";"7.4";"10.6";"74.";"5.";"114.70";"169.43";"75.77"
"2015";"10";"25";"7";"10";"7139";"267.";"6.8";"10.7";"70.";"3.";"208.81";"313.72";"115.35"
"2015";"10";"25";"7";"11";"7140";"273.";"8.7";"11.0";"61.";"4.";"220.63";"342.19";"106.61"
"2015";"10";"25";"7";"12";"7141";"271.";"8.7";"10.9";"61.";"2.";"269.98";"487.36";"107.59"
"2015";"10";"25";"7";"13";"7142";"271.";"8.8";"11.1";"61.";"1.";"256.47";"572.82";"85.81"
"2015";"10";"25";"7";"14";"7143";"275.";"9.3";"10.5";"64.";"2.";"164.05";"426.43";"66.05"
"2015";"10";"25";"7";"15";"7144";"278.";"8.5";"10.2";"67.";"3.";"61.38";"222.94";"31.63"
"2015";"10";"25";"7";"16";"7145";"278.";"7.9";"9.8";"69.";"2.";"0.00";"0.00";"0.00"
"2015";"10";"25";"7";"17";"7146";"285.";"7.1";"9.7";"71.";"1.";"0.00";"0.00";"0.00"
"2015";"10";"25";"7";"18";"7147";"288.";"6.3";"9.5";"72.";"4.";"0.00";"0.00";"0.00"
"2015";"10";"25";"7";"19";"7148";"288.";"6.2";"9.4";"72.";"7.";"0.00";"0.00";"0.00"
"2015";"10";"25";"7";"20";"7149";"289.";"6.1";"9.4";"72.";"8.";"0.00";"0.00";"0.00"
"2015";"10";"25";"7";"21";"7150";"297.";"5.5";"8.9";"74.";"3.";"0.00";"0.00";"0.00"
"2015";"10";"25";"7";"22";"7151";"299.";"5.4";"8.7";"76.";"1.";"0.00";"0.00";"0.00"
"2015";"10";"25";"7";"23";"7152";"299.";"4.8";"8.1";"77.";"7.";"0.00";"0.00";"0.00"
"2015";"10";"26";"1";"0";"7153";"295.";"3.8";"8.2";"78.";"8.";"0.00";"0.00";"0.00"
"2015";"10";"26";"1";"1";"7154";"297.";"3.6";"7.5";"83.";"8.";"0.00";"0.00";"0.00"
"2015";"10";"26";"1";"2";"7155";"296.";"3.2";"7.4";"83.";"8.";"0.00";"0.00";"0.00"
"2015";"10";"26";"1";"3";"7156";"298.";"2.7";"7.0";"84.";"8.";"0.00";"0.00";"0.00"
"2015";"10";"26";"1";"4";"7157";"294.";"2.0";"7.0";"84.";"7.";"0.00";"0.00";"0.00"
"2015";"10";"26";"1";"5";"7158";"289.";"1.7";"6.6";"86.";"8.";"0.00";"0.00";"0.00"
"2015";"10";"26";"1";"6";"7159";"273.";"1.4";"5.7";"90.";"8.";"0.00";"0.00";"0.00"
"2015";"10";"26";"1";"7";"7160";"248.";"2.0";"5.0";"94.";"8.";"0.00";"0.00";"0.00"
"2015";"10";"26";"1";"8";"7161";"236.";"2.3";"6.6";"94.";"7.";"47.88";"36.58";"43.20"
"2015";"10";"26";"1";"9";"7162";"227.";"2.2";"9.6";"88.";"6.";"124.01";"127.15";"95.48"
"2015";"10";"26";"1";"10";"7163";"234.";"3.1";"10.7";"84.";"4.";"205.19";"292.04";"119.80"
"2015";"10";"26";"1";"11";"7164";"222.";"3.2";"11.4";"78.";"5.";"195.31";"255.30";"111.67"
"2015";"10";"26";"1";"12";"7165";"226.";"3.4";"11.5";"74.";"6.";"180.25";"164.74";"126.28"
"2015";"10";"26";"1";"13";"7166";"232.";"3.7";"11.3";"76.";"4.";"201.00";"324.13";"106.22"
"2015";"10";"26";"1";"14";"7167";"230.";"3.6";"11.1";"78.";"5.";"121.37";"206.87";"74.96"
"2015";"10";"26";"1";"15";"7168";"227.";"3.4";"10.4";"82.";"3.";"55.39";"191.22";"30.88"
"2015";"10";"26";"1";"16";"7169";"216.";"2.8";"9.2";"87.";"5.";"0.00";"0.00";"0.00"
"2015";"10";"26";"1";"17";"7170";"210.";"2.1";"7.8";"92.";"6.";"0.00";"0.00";"0.00"
"2015";"10";"26";"1";"18";"7171";"211.";"2.5";"6.9";"93.";"8.";"0.00";"0.00";"0.00"
"2015";"10";"26";"1";"19";"7172";"197.";"2.3";"5.9";"95.";"7.";"0.00";"0.00";"0.00"
"2015";"10";"26";"1";"20";"7173";"203.";"2.2";"5.0";"95.";"7.";"0.00";"0.00";"0.00"
"2015";"10";"26";"1";"21";"7174";"204.";"2.5";"4.6";"95.";"4.";"0.00";"0.00";"0.00"
"2015";"10";"26";"1";"22";"7175";"222.";"2.6";"4.0";"96.";"3.";"0.00";"0.00";"0.00"
"2015";"10";"26";"1";"23";"7176";"208.";"2.3";"5.1";"96.";"1.";"0.00";"0.00";"0.00"
"2015";"10";"27";"2";"0";"7177";"206.";"2.4";"4.0";"96.";"0.";"0.00";"0.00";"0.00"
"2015";"10";"27";"2";"1";"7178";"211.";"2.3";"4.1";"97.";"1.";"0.00";"0.00";"0.00"
"2015";"10";"27";"2";"2";"7179";"229.";"2.3";"4.2";"96.";"5.";"0.00";"0.00";"0.00"
"2015";"10";"27";"2";"3";"7180";"228.";"2.1";"3.8";"96.";"3.";"0.00";"0.00";"0.00"
"2015";"10";"27";"2";"4";"7181";"218.";"1.5";"3.2";"97.";"5.";"0.00";"0.00";"0.00"
"2015";"10";"27";"2";"5";"7182";"214.";"1.5";"3.3";"97.";"6.";"0.00";"0.00";"0.00"
"2015";"10";"27";"2";"6";"7183";"175.";"1.5";"3.8";"96.";"5.";"0.00";"0.00";"0.00"
"2015";"10";"27";"2";"7";"7184";"162.";"1.2";"3.9";"97.";"5.";"0.00";"0.00";"0.00"
"2015";"10";"27";"2";"8";"7185";"155.";"1.3";"5.2";"97.";"4.";"47.41";"143.88";"29.72"
"2015";"10";"27";"2";"9";"7186";"134.";"2.8";"6.8";"97.";"4.";"129.05";"232.93";"78.04"
"2015";"10";"27";"2";"10";"7187";"136.";"3.1";"8.1";"94.";"6.";"135.58";"127.14";"99.10"
"2015";"10";"27";"2";"11";"7188";"141.";"2.8";"8.4";"91.";"5.";"183.29";"202.49";"118.06"
"2015";"10";"27";"2";"12";"7189";"146.";"2.5";"8.3";"89.";"5.";"180.25";"184.12";"120.94"
"2015";"10";"27";"2";"13";"7190";"139.";"2.5";"8.0";"89.";"5.";"162.75";"166.03";"115.10"
"2015";"10";"27";"2";"14";"7191";"121.";"2.2";"7.5";"89.";"5.";"102.46";"174.48";"64.25"
"2015";"10";"27";"2";"15";"7192";"111.";"2.1";"7.1";"91.";"6.";"33.87";"62.95";"26.13"
"2015";"10";"27";"2";"16";"7193";"105.";"2.8";"6.7";"93.";"8.";"0.00";"0.00";"0.00"
"2015";"10";"27";"2";"17";"7194";"97.";"2.3";"6.0";"94.";"8.";"0.00";"0.00";"0.00"
"2015";"10";"27";"2";"18";"7195";"84.";"2.7";"5.5";"94.";"8.";"0.00";"0.00";"0.00"
"2015";"10";"27";"2";"19";"7196";"66.";"2.4";"4.6";"95.";"5.";"0.00";"0.00";"0.00"
"2015";"10";"27";"2";"20";"7197";"77.";"2.6";"3.9";"94.";"6.";"0.00";"0.00";"0.00"
"2015";"10";"27";"2";"21";"7198";"77.";"2.3";"3.8";"94.";"5.";"0.00";"0.00";"0.00"
"2015";"10";"27";"2";"22";"7199";"92.";"2.9";"3.7";"94.";"4.";"0.00";"0.00";"0.00"
"2015";"10";"27";"2";"23";"7200";"105.";"3.3";"3.6";"95.";"2.";"0.00";"0.00";"0.00"
"2015";"10";"28";"3";"0";"7201";"107.";"4.6";"4.6";"94.";"5.";"0.00";"0.00";"0.00"
"2015";"10";"28";"3";"1";"7202";"106.";"4.7";"4.3";"94.";"4.";"0.00";"0.00";"0.00"
"2015";"10";"28";"3";"2";"7203";"107.";"4.3";"4.5";"94.";"3.";"0.00";"0.00";"0.00"
"2015";"10";"28";"3";"3";"7204";"107.";"4.4";"4.6";"94.";"1.";"0.00";"0.00";"0.00"
"2015";"10";"28";"3";"4";"7205";"107.";"5.1";"5.5";"94.";"4.";"0.00";"0.00";"0.00"
"2015";"10";"28";"3";"5";"7206";"106.";"4.8";"5.7";"94.";"5.";"0.00";"0.00";"0.00"
"2015";"10";"28";"3";"6";"7207";"107.";"5.3";"6.4";"92.";"6.";"0.00";"0.00";"0.00"
"2015";"10";"28";"3";"7";"7208";"107.";"5.5";"6.6";"88.";"5.";"0.00";"0.00";"0.00"
"2015";"10";"28";"3";"8";"7209";"105.";"4.8";"7.5";"83.";"1.";"59.75";"308.97";"23.37"
"2015";"10";"28";"3";"9";"7210";"105.";"5.8";"8.5";"79.";"3.";"140.86";"378.96";"59.88"
"2015";"10";"28";"3";"10";"7211";"107.";"5.4";"9.4";"74.";"2.";"227.74";"552.60";"72.16"
"2015";"10";"28";"3";"11";"7212";"108.";"5.3";"10.0";"70.";"4.";"220.75";"376.62";"101.49"
"2015";"10";"28";"3";"12";"7213";"109.";"5.1";"10.9";"68.";"2.";"275.34";"577.35";"92.52"
"2015";"10";"28";"3";"13";"7214";"105.";"4.5";"11.0";"67.";"1.";"250.86";"633.60";"72.48"
"2015";"10";"28";"3";"14";"7215";"100.";"4.8";"10.3";"68.";"1.";"167.86";"558.14";"48.59"
"2015";"10";"28";"3";"15";"7216";"88.";"3.7";"9.7";"72.";"7.";"39.86";"44.77";"34.58"
"2015";"10";"28";"3";"16";"7217";"85.";"3.2";"8.2";"77.";"7.";"0.00";"0.00";"0.00"
"2015";"10";"28";"3";"17";"7218";"89.";"3.5";"7.4";"81.";"5.";"0.00";"0.00";"0.00"
"2015";"10";"28";"3";"18";"7219";"91.";"3.3";"6.8";"84.";"2.";"0.00";"0.00";"0.00"
"2015";"10";"28";"3";"19";"7220";"94.";"3.6";"6.6";"87.";"2.";"0.00";"0.00";"0.00"
"2015";"10";"28";"3";"20";"7221";"97.";"3.9";"6.5";"89.";"1.";"0.00";"0.00";"0.00"
"2015";"10";"28";"3";"21";"7222";"98.";"3.9";"5.6";"92.";"0.";"0.00";"0.00";"0.00"
"2015";"10";"28";"3";"22";"7223";"98.";"3.2";"5.7";"92.";"0.";"0.00";"0.00";"0.00"
"2015";"10";"28";"3";"23";"7224";"104.";"3.0";"4.7";"93.";"0.";"0.00";"0.00";"0.00"
"2015";"10";"29";"4";"0";"7225";"105.";"2.2";"4.2";"94.";"0.";"0.00";"0.00";"0.00"
"2015";"10";"29";"4";"1";"7226";"93.";"2.0";"3.3";"95.";"0.";"0.00";"0.00";"0.00"
"2015";"10";"29";"4";"2";"7227";"68.";"1.3";"2.8";"95.";"2.";"0.00";"0.00";"0.00"
"2015";"10";"29";"4";"3";"7228";"82.";"1.5";"2.4";"96.";"5.";"0.00";"0.00";"0.00"
"2015";"10";"29";"4";"4";"7229";"81.";"1.7";"2.9";"95.";"6.";"0.00";"0.00";"0.00"
"2015";"10";"29";"4";"5";"7230";"72.";"1.6";"4.2";"95.";"8.";"0.00";"0.00";"0.00"
"2015";"10";"29";"4";"6";"7231";"82.";"1.6";"4.9";"93.";"8.";"0.00";"0.00";"0.00"
"2015";"10";"29";"4";"7";"7232";"93.";"1.8";"5.5";"92.";"7.";"0.00";"0.00";"0.00"
"2015";"10";"29";"4";"8";"7233";"101.";"2.5";"6.4";"91.";"7.";"23.88";"41.24";"19.23"
"2015";"10";"29";"4";"9";"7234";"108.";"3.1";"6.8";"88.";"6.";"86.00";"150.15";"54.70"
"2015";"10";"29";"4";"10";"7235";"114.";"3.1";"7.8";"82.";"7.";"104.26";"87.91";"79.98"
"2015";"10";"29";"4";"11";"7236";"119.";"3.0";"8.3";"76.";"7.";"122.86";"92.80";"93.97"
"2015";"10";"29";"4";"12";"7237";"120.";"2.6";"8.5";"74.";"7.";"122.82";"92.17";"94.13"
"2015";"10";"29";"4";"13";"7238";"106.";"2.4";"8.8";"73.";"7.";"104.57";"87.17";"80.50"
"2015";"10";"29";"4";"14";"7239";"107.";"1.3";"8.7";"73.";"6.";"86.62";"148.98";"55.56"
"2015";"10";"29";"4";"15";"7240";"81.";"1.4";"6.5";"81.";"4.";"41.51";"169.18";"22.46"
"2015";"10";"29";"4";"16";"7241";"91.";"1.6";"5.8";"86.";"8.";"0.00";"0.00";"0.00"
"2015";"10";"29";"4";"17";"7242";"89.";"1.4";"4.3";"90.";"6.";"0.00";"0.00";"0.00"
"2015";"10";"29";"4";"18";"7243";"94.";"1.7";"4.2";"91.";"8.";"0.00";"0.00";"0.00"
"2015";"10";"29";"4";"19";"7244";"96.";"1.5";"4.8";"91.";"7.";"0.00";"0.00";"0.00"
"2015";"10";"29";"4";"20";"7245";"103.";"1.7";"5.4";"90.";"8.";"0.00";"0.00";"0.00"
"2015";"10";"29";"4";"21";"7246";"98.";"1.6";"5.8";"92.";"7.";"0.00";"0.00";"0.00"
"2015";"10";"29";"4";"22";"7247";"93.";"1.8";"6.3";"90.";"6.";"0.00";"0.00";"0.00"
"2015";"10";"29";"4";"23";"7248";"105.";"1.9";"6.3";"90.";"8.";"0.00";"0.00";"0.00"
"2015";"10";"30";"5";"0";"7249";"116.";"2.1";"6.2";"90.";"7.";"0.00";"0.00";"0.00"
"2015";"10";"30";"5";"1";"7250";"110.";"2.7";"6.2";"90.";"5.";"0.00";"0.00";"0.00"
"2015";"10";"30";"5";"2";"7251";"110.";"2.2";"5.8";"90.";"7.";"0.00";"0.00";"0.00"
"2015";"10";"30";"5";"3";"7252";"112.";"2.6";"5.3";"90.";"6.";"0.00";"0.00";"0.00"
"2015";"10";"30";"5";"4";"7253";"110.";"3.3";"4.7";"91.";"3.";"0.00";"0.00";"0.00"
"2015";"10";"30";"5";"5";"7254";"110.";"2.9";"4.3";"92.";"4.";"0.00";"0.00";"0.00"
"2015";"10";"30";"5";"6";"7255";"111.";"3.7";"4.5";"92.";"7.";"0.00";"0.00";"0.00"
"2015";"10";"30";"5";"7";"7256";"115.";"3.8";"5.1";"90.";"5.";"0.00";"0.00";"0.00"
"2015";"10";"30";"5";"8";"7257";"113.";"3.7";"5.8";"87.";"7.";"21.69";"34.89";"17.94"
"2015";"10";"30";"5";"9";"7258";"122.";"3.2";"6.3";"83.";"7.";"66.48";"66.56";"52.95"
"2015";"10";"30";"5";"10";"7259";"133.";"3.3";"6.9";"80.";"8.";"74.23";"0.00";"74.23"
"2015";"10";"30";"5";"11";"7260";"135.";"3.5";"7.7";"77.";"8.";"86.20";"0.00";"86.20"
"2015";"10";"30";"5";"12";"7261";"144.";"3.6";"8.3";"75.";"8.";"85.96";"0.00";"85.96"
"2015";"10";"30";"5";"13";"7262";"142.";"3.5";"8.6";"76.";"8.";"72.11";"0.00";"72.11"
"2015";"10";"30";"5";"14";"7263";"143.";"3.5";"8.6";"76.";"8.";"47.25";"0.00";"47.25"
"2015";"10";"30";"5";"15";"7264";"132.";"3.4";"8.5";"79.";"8.";"14.75";"0.00";"14.75"
"2015";"10";"30";"5";"16";"7265";"131.";"3.7";"8.3";"80.";"8.";"0.00";"0.00";"0.00"
"2015";"10";"30";"5";"17";"7266";"136.";"4.2";"8.3";"81.";"8.";"0.00";"0.00";"0.00"
"2015";"10";"30";"5";"18";"7267";"143.";"4.4";"8.6";"82.";"8.";"0.00";"0.00";"0.00"
"2015";"10";"30";"5";"19";"7268";"151.";"4.3";"8.7";"83.";"8.";"0.00";"0.00";"0.00"
"2015";"10";"30";"5";"20";"7269";"158.";"4.4";"8.7";"83.";"8.";"0.00";"0.00";"0.00"
"2015";"10";"30";"5";"21";"7270";"158.";"3.9";"8.7";"84.";"7.";"0.00";"0.00";"0.00"
"2015";"10";"30";"5";"22";"7271";"162.";"3.4";"8.6";"84.";"7.";"0.00";"0.00";"0.00"
"2015";"10";"30";"5";"23";"7272";"165.";"3.9";"8.5";"85.";"6.";"0.00";"0.00";"0.00"
"2015";"10";"31";"6";"0";"7273";"171.";"4.3";"8.1";"88.";"8.";"0.00";"0.00";"0.00"
"2015";"10";"31";"6";"1";"7274";"175.";"3.9";"8.1";"89.";"7.";"0.00";"0.00";"0.00"
"2015";"10";"31";"6";"2";"7275";"166.";"4.0";"7.9";"90.";"8.";"0.00";"0.00";"0.00"
"2015";"10";"31";"6";"3";"7276";"159.";"3.8";"8.2";"90.";"7.";"0.00";"0.00";"0.00"
"2015";"10";"31";"6";"4";"7277";"159.";"3.7";"8.4";"90.";"8.";"0.00";"0.00";"0.00"
"2015";"10";"31";"6";"5";"7278";"162.";"3.6";"8.5";"91.";"7.";"0.00";"0.00";"0.00"
"2015";"10";"31";"6";"6";"7279";"155.";"3.9";"8.4";"91.";"6.";"0.00";"0.00";"0.00"
"2015";"10";"31";"6";"7";"7280";"158.";"3.3";"8.3";"91.";"7.";"0.00";"0.00";"0.00"
"2015";"10";"31";"6";"8";"7281";"157.";"3.6";"8.8";"90.";"7.";"14.50";"16.67";"12.79"
"2015";"10";"31";"6";"9";"7282";"158.";"4.0";"9.6";"86.";"7.";"61.44";"39.89";"53.54"
"2015";"10";"31";"6";"10";"7283";"162.";"3.9";"10.0";"83.";"7.";"86.84";"49.53";"73.68"
"2015";"10";"31";"6";"11";"7284";"169.";"4.1";"10.1";"82.";"7.";"113.60";"53.66";"97.47"
"2015";"10";"31";"6";"12";"7285";"175.";"4.4";"10.5";"80.";"7.";"123.80";"51.07";"108.44"
"2015";"10";"31";"6";"13";"7286";"176.";"4.5";"10.7";"78.";"5.";"142.88";"145.35";"104.27"
"2015";"10";"31";"6";"14";"7287";"164.";"4.6";"10.6";"79.";"5.";"96.29";"116.67";"73.17"
"2015";"10";"31";"6";"15";"7288";"165.";"3.5";"9.8";"82.";"5.";"24.71";"53.27";"19.25"
"2015";"10";"31";"6";"16";"7289";"158.";"3.4";"8.6";"85.";"4.";"0.00";"0.00";"0.00"
"2015";"10";"31";"6";"17";"7290";"159.";"3.5";"8.0";"88.";"6.";"0.00";"0.00";"0.00"
"2015";"10";"31";"6";"18";"7291";"155.";"4.0";"7.5";"91.";"8.";"0.00";"0.00";"0.00"
"2015";"10";"31";"6";"19";"7292";"164.";"4.3";"7.0";"92.";"8.";"0.00";"0.00";"0.00"
"2015";"10";"31";"6";"20";"7293";"173.";"5.4";"7.4";"92.";"7.";"0.00";"0.00";"0.00"
"2015";"10";"31";"6";"21";"7294";"190.";"4.8";"8.8";"92.";"7.";"0.00";"0.00";"0.00"
"2015";"10";"31";"6";"22";"7295";"207.";"4.9";"9.7";"92.";"8.";"0.00";"0.00";"0.00"
"2015";"10";"31";"6";"23";"7296";"206.";"5.3";"10.1";"91.";"8.";"0.00";"0.00";"0.00"
"2015";"11";"1";"7";"0";"7297";"204.";"5.7";"10.0";"90.";"8.";"0.00";"0.00";"0.00"
"2015";"11";"1";"7";"1";"7298";"208.";"5.8";"9.9";"92.";"8.";"0.00";"0.00";"0.00"
"2015";"11";"1";"7";"2";"7299";"212.";"5.8";"9.9";"92.";"8.";"0.00";"0.00";"0.00"
"2015";"11";"1";"7";"3";"7300";"230.";"4.7";"9.8";"93.";"8.";"0.00";"0.00";"0.00"
"2015";"11";"1";"7";"4";"7301";"244.";"4.2";"8.8";"92.";"8.";"0.00";"0.00";"0.00"
"2015";"11";"1";"7";"5";"7302";"204.";"3.1";"8.6";"93.";"8.";"0.00";"0.00";"0.00"
"2015";"11";"1";"7";"6";"7303";"230.";"2.9";"8.6";"94.";"8.";"0.00";"0.00";"0.00"
"2015";"11";"1";"7";"7";"7304";"229.";"3.6";"8.9";"96.";"8.";"0.00";"0.00";"0.00"
"2015";"11";"1";"7";"8";"7305";"227.";"3.5";"9.6";"95.";"7.";"11.70";"4.54";"11.26"
"2015";"11";"1";"7";"9";"7306";"223.";"3.2";"10.3";"94.";"8.";"36.09";"0.00";"36.09"
"2015";"11";"1";"7";"10";"7307";"245.";"3.5";"10.8";"91.";"8.";"60.86";"0.00";"60.86"
"2015";"11";"1";"7";"11";"7308";"246.";"3.6";"11.1";"89.";"8.";"74.03";"0.00";"74.03"
"2015";"11";"1";"7";"12";"7309";"248.";"3.8";"11.0";"89.";"8.";"72.27";"0.00";"72.27"
"2015";"11";"1";"7";"13";"7310";"253.";"4.1";"11.1";"92.";"8.";"59.61";"0.00";"59.61"
"2015";"11";"1";"7";"14";"7311";"248.";"3.5";"10.9";"94.";"8.";"37.85";"0.00";"37.85"
"2015";"11";"1";"7";"15";"7312";"255.";"4.4";"10.8";"95.";"8.";"8.61";"0.00";"8.61"
"2015";"11";"1";"7";"16";"7313";"245.";"3.8";"10.7";"96.";"8.";"0.00";"0.00";"0.00"
"2015";"11";"1";"7";"17";"7314";"240.";"4.0";"10.7";"96.";"8.";"0.00";"0.00";"0.00"
"2015";"11";"1";"7";"18";"7315";"238.";"4.3";"10.8";"96.";"7.";"0.00";"0.00";"0.00"
"2015";"11";"1";"7";"19";"7316";"240.";"4.2";"10.8";"95.";"8.";"0.00";"0.00";"0.00"
"2015";"11";"1";"7";"20";"7317";"242.";"4.4";"10.8";"94.";"8.";"0.00";"0.00";"0.00"
"2015";"11";"1";"7";"21";"7318";"246.";"4.3";"10.2";"92.";"7.";"0.00";"0.00";"0.00"
"2015";"11";"1";"7";"22";"7319";"251.";"4.7";"10.1";"93.";"7.";"0.00";"0.00";"0.00"
"2015";"11";"1";"7";"23";"7320";"254.";"5.4";"10.1";"92.";"8.";"0.00";"0.00";"0.00"
"2015";"11";"2";"1";"0";"7321";"254.";"5.6";"10.2";"90.";"7.";"0.00";"0.00";"0.00"
"2015";"11";"2";"1";"1";"7322";"246.";"4.8";"10.4";"90.";"8.";"0.00";"0.00";"0.00"
"2015";"11";"2";"1";"2";"7323";"246.";"4.6";"10.6";"90.";"8.";"0.00";"0.00";"0.00"
"2015";"11";"2";"1";"3";"7324";"244.";"4.0";"10.7";"91.";"8.";"0.00";"0.00";"0.00"
"2015";"11";"2";"1";"4";"7325";"248.";"4.3";"10.8";"92.";"8.";"0.00";"0.00";"0.00"
"2015";"11";"2";"1";"5";"7326";"249.";"4.5";"10.9";"91.";"7.";"0.00";"0.00";"0.00"
"2015";"11";"2";"1";"6";"7327";"253.";"4.7";"11.1";"92.";"8.";"0.00";"0.00";"0.00"
"2015";"11";"2";"1";"7";"7328";"259.";"5.0";"11.3";"90.";"8.";"0.00";"0.00";"0.00"
"2015";"11";"2";"1";"8";"7329";"257.";"4.8";"11.3";"89.";"7.";"11.94";"20.99";"10.00"
"2015";"11";"2";"1";"9";"7330";"257.";"5.0";"11.3";"90.";"8.";"42.64";"0.00";"42.64"
"2015";"11";"2";"1";"10";"7331";"254.";"4.8";"11.5";"87.";"7.";"92.64";"76.96";"72.99"
"2015";"11";"2";"1";"11";"7332";"251.";"4.2";"12.0";"86.";"7.";"110.37";"82.04";"86.55"
"2015";"11";"2";"1";"12";"7333";"250.";"4.5";"12.0";"85.";"8.";"82.78";"0.00";"82.78"
"2015";"11";"2";"1";"13";"7334";"245.";"3.9";"11.9";"85.";"7.";"91.32";"71.85";"72.97"
"2015";"11";"2";"1";"14";"7335";"244.";"3.7";"11.5";"86.";"5.";"84.72";"184.97";"49.94"
"2015";"11";"2";"1";"15";"7336";"243.";"2.5";"11.2";"87.";"6.";"15.62";"45.76";"11.38"
"2015";"11";"2";"1";"16";"7337";"242.";"2.6";"10.7";"90.";"7.";"0.00";"0.00";"0.00"
"2015";"11";"2";"1";"17";"7338";"242.";"3.1";"10.5";"91.";"7.";"0.00";"0.00";"0.00"
"2015";"11";"2";"1";"18";"7339";"249.";"3.5";"10.6";"90.";"7.";"0.00";"0.00";"0.00"
"2015";"11";"2";"1";"19";"7340";"252.";"2.8";"10.3";"90.";"8.";"0.00";"0.00";"0.00"
"2015";"11";"2";"1";"20";"7341";"244.";"2.8";"10.1";"90.";"8.";"0.00";"0.00";"0.00"
"2015";"11";"2";"1";"21";"7342";"235.";"2.4";"9.8";"90.";"8.";"0.00";"0.00";"0.00"
"2015";"11";"2";"1";"22";"7343";"239.";"2.5";"9.8";"90.";"8.";"0.00";"0.00";"0.00"
"2015";"11";"2";"1";"23";"7344";"220.";"2.1";"9.6";"91.";"8.";"0.00";"0.00";"0.00"
"2015";"11";"3";"2";"0";"7345";"216.";"2.8";"9.5";"92.";"8.";"0.00";"0.00";"0.00"
"2015";"11";"3";"2";"1";"7346";"220.";"3.3";"9.3";"91.";"8.";"0.00";"0.00";"0.00"
"2015";"11";"3";"2";"2";"7347";"219.";"3.1";"9.3";"91.";"8.";"0.00";"0.00";"0.00"
"2015";"11";"3";"2";"3";"7348";"209.";"3.8";"9.2";"90.";"8.";"0.00";"0.00";"0.00"
"2015";"11";"3";"2";"4";"7349";"199.";"3.9";"9.0";"91.";"8.";"0.00";"0.00";"0.00"
"2015";"11";"3";"2";"5";"7350";"194.";"3.3";"8.9";"91.";"8.";"0.00";"0.00";"0.00"
"2015";"11";"3";"2";"6";"7351";"193.";"3.3";"8.8";"93.";"8.";"0.00";"0.00";"0.00"
"2015";"11";"3";"2";"7";"7352";"192.";"3.8";"8.7";"96.";"8.";"0.00";"0.00";"0.00"
"2015";"11";"3";"2";"8";"7353";"193.";"3.9";"8.5";"97.";"8.";"7.68";"0.00";"7.68"
"2015";"11";"3";"2";"9";"7354";"194.";"4.1";"8.5";"96.";"8.";"36.23";"0.00";"36.23"
"2015";"11";"3";"2";"10";"7355";"199.";"4.6";"8.6";"96.";"8.";"62.51";"0.00";"62.51"
"2015";"11";"3";"2";"11";"7356";"203.";"4.6";"8.5";"96.";"8.";"74.50";"0.00";"74.50"
"2015";"11";"3";"2";"12";"7357";"213.";"4.8";"8.4";"96.";"8.";"74.57";"0.00";"74.57"
"2015";"11";"3";"2";"13";"7358";"218.";"4.7";"8.2";"95.";"8.";"64.65";"0.00";"64.65"
"2015";"11";"3";"2";"14";"7359";"214.";"4.3";"8.4";"93.";"8.";"41.89";"0.00";"41.89"
"2015";"11";"3";"2";"15";"7360";"218.";"3.5";"8.5";"92.";"8.";"8.88";"0.00";"8.88"
"2015";"11";"3";"2";"16";"7361";"225.";"3.4";"8.4";"90.";"8.";"0.00";"0.00";"0.00"
"2015";"11";"3";"2";"17";"7362";"209.";"2.8";"8.2";"90.";"8.";"0.00";"0.00";"0.00"
"2015";"11";"3";"2";"18";"7363";"204.";"2.6";"8.0";"89.";"8.";"0.00";"0.00";"0.00"
"2015";"11";"3";"2";"19";"7364";"241.";"3.0";"7.8";"89.";"8.";"0.00";"0.00";"0.00"
"2015";"11";"3";"2";"20";"7365";"238.";"2.7";"7.5";"91.";"8.";"0.00";"0.00";"0.00"
"2015";"11";"3";"2";"21";"7366";"234.";"2.0";"7.2";"94.";"8.";"0.00";"0.00";"0.00"
"2015";"11";"3";"2";"22";"7367";"256.";"2.4";"7.1";"94.";"8.";"0.00";"0.00";"0.00"
"2015";"11";"3";"2";"23";"7368";"266.";"2.0";"7.0";"94.";"8.";"0.00";"0.00";"0.00"
"2015";"11";"4";"3";"0";"7369";"250.";"2.0";"7.0";"94.";"8.";"0.00";"0.00";"0.00"
"2015";"11";"4";"3";"1";"7370";"241.";"2.0";"7.2";"93.";"8.";"0.00";"0.00";"0.00"
"2015";"11";"4";"3";"2";"7371";"240.";"2.0";"7.5";"93.";"8.";"0.00";"0.00";"0.00"
"2015";"11";"4";"3";"3";"7372";"238.";"2.3";"7.6";"93.";"8.";"0.00";"0.00";"0.00"
"2015";"11";"4";"3";"4";"7373";"227.";"2.8";"7.6";"94.";"8.";"0.00";"0.00";"0.00"
"2015";"11";"4";"3";"5";"7374";"226.";"2.7";"7.6";"95.";"8.";"0.00";"0.00";"0.00"
"2015";"11";"4";"3";"6";"7375";"232.";"1.8";"7.8";"95.";"8.";"0.00";"0.00";"0.00"
"2015";"11";"4";"3";"7";"7376";"229.";"1.7";"8.1";"95.";"8.";"0.00";"0.00";"0.00"
"2015";"11";"4";"3";"8";"7377";"238.";"2.6";"8.4";"96.";"8.";"6.04";"0.00";"6.04"
"2015";"11";"4";"3";"9";"7378";"255.";"2.4";"9.0";"95.";"8.";"33.09";"0.00";"33.09"
"2015";"11";"4";"3";"10";"7379";"232.";"1.8";"9.3";"94.";"7.";"72.18";"23.42";"66.44"
"2015";"11";"4";"3";"11";"7380";"233.";"1.6";"9.7";"93.";"8.";"65.38";"0.00";"65.38"
"2015";"11";"4";"3";"12";"7381";"243.";"2.7";"9.9";"92.";"8.";"65.11";"0.00";"65.11"
"2015";"11";"4";"3";"13";"7382";"243.";"2.2";"9.6";"93.";"8.";"54.12";"0.00";"54.12"
"2015";"11";"4";"3";"14";"7383";"231.";"1.8";"9.7";"93.";"8.";"33.05";"0.00";"33.05"
"2015";"11";"4";"3";"15";"7384";"202.";"1.6";"10.0";"93.";"8.";"5.31";"0.00";"5.31"
"2015";"11";"4";"3";"16";"7385";"188.";"1.0";"9.6";"93.";"8.";"0.00";"0.00";"0.00"
"2015";"11";"4";"3";"17";"7386";"161.";"0.8";"9.4";"92.";"8.";"0.00";"0.00";"0.00"
"2015";"11";"4";"3";"18";"7387";"146.";"0.9";"9.2";"91.";"8.";"0.00";"0.00";"0.00"
"2015";"11";"4";"3";"19";"7388";"167.";"1.2";"8.7";"92.";"8.";"0.00";"0.00";"0.00"
"2015";"11";"4";"3";"20";"7389";"156.";"1.2";"8.4";"91.";"8.";"0.00";"0.00";"0.00"
"2015";"11";"4";"3";"21";"7390";"112.";"2.0";"8.1";"92.";"8.";"0.00";"0.00";"0.00"
"2015";"11";"4";"3";"22";"7391";"115.";"2.7";"7.8";"93.";"8.";"0.00";"0.00";"0.00"
"2015";"11";"4";"3";"23";"7392";"123.";"2.4";"7.7";"93.";"8.";"0.00";"0.00";"0.00"
"2015";"11";"5";"4";"0";"7393";"126.";"2.7";"7.6";"92.";"8.";"0.00";"0.00";"0.00"
"2015";"11";"5";"4";"1";"7394";"128.";"2.9";"7.4";"92.";"8.";"0.00";"0.00";"0.00"
"2015";"11";"5";"4";"2";"7395";"134.";"3.0";"7.5";"92.";"8.";"0.00";"0.00";"0.00"
"2015";"11";"5";"4";"3";"7396";"137.";"3.4";"7.3";"93.";"8.";"0.00";"0.00";"0.00"
"2015";"11";"5";"4";"4";"7397";"156.";"3.0";"7.3";"92.";"8.";"0.00";"0.00";"0.00"
"2015";"11";"5";"4";"5";"7398";"156.";"3.5";"7.5";"91.";"8.";"0.00";"0.00";"0.00"
"2015";"11";"5";"4";"6";"7399";"143.";"4.6";"7.4";"88.";"8.";"0.00";"0.00";"0.00"
"2015";"11";"5";"4";"7";"7400";"147.";"3.8";"7.6";"88.";"8.";"0.00";"0.00";"0.00"
"2015";"11";"5";"4";"8";"7401";"154.";"3.2";"7.3";"89.";"8.";"7.60";"0.00";"7.60"
"2015";"11";"5";"4";"9";"7402";"148.";"3.8";"7.3";"90.";"8.";"39.84";"0.00";"39.84"
"2015";"11";"5";"4";"10";"7403";"139.";"3.9";"7.2";"92.";"8.";"37.15";"0.00";"37.15"
"2015";"11";"5";"4";"11";"7404";"137.";"3.5";"7.4";"92.";"8.";"76.62";"0.00";"76.62"
"2015";"11";"5";"4";"12";"7405";"134.";"3.2";"7.8";"92.";"8.";"44.21";"0.00";"44.21"
"2015";"11";"5";"4";"13";"7406";"139.";"3.2";"7.9";"92.";"8.";"34.63";"0.00";"34.63"
"2015";"11";"5";"4";"14";"7407";"137.";"3.2";"8.0";"94.";"8.";"21.61";"0.00";"21.61"
"2015";"11";"5";"4";"15";"7408";"136.";"3.1";"8.1";"95.";"8.";"3.40";"0.00";"3.40"
"2015";"11";"5";"4";"16";"7409";"142.";"3.0";"8.3";"95.";"8.";"0.00";"0.00";"0.00"
"2015";"11";"5";"4";"17";"7410";"149.";"3.1";"8.4";"95.";"8.";"0.00";"0.00";"0.00"
"2015";"11";"5";"4";"18";"7411";"166.";"3.6";"8.6";"96.";"8.";"0.00";"0.00";"0.00"
"2015";"11";"5";"4";"19";"7412";"170.";"4.2";"8.7";"95.";"8.";"0.00";"0.00";"0.00"
"2015";"11";"5";"4";"20";"7413";"174.";"3.9";"8.9";"96.";"8.";"0.00";"0.00";"0.00"
"2015";"11";"5";"4";"21";"7414";"170.";"3.2";"9.1";"96.";"8.";"0.00";"0.00";"0.00"
"2015";"11";"5";"4";"22";"7415";"166.";"3.5";"9.3";"97.";"8.";"0.00";"0.00";"0.00"
"2015";"11";"5";"4";"23";"7416";"158.";"3.5";"9.6";"97.";"8.";"0.00";"0.00";"0.00"
"2015";"11";"6";"5";"0";"7417";"154.";"3.3";"9.5";"97.";"8.";"0.00";"0.00";"0.00"
"2015";"11";"6";"5";"1";"7418";"156.";"3.1";"9.6";"97.";"8.";"0.00";"0.00";"0.00"
"2015";"11";"6";"5";"2";"7419";"150.";"3.2";"9.5";"97.";"8.";"0.00";"0.00";"0.00"
"2015";"11";"6";"5";"3";"7420";"153.";"3.1";"9.6";"97.";"8.";"0.00";"0.00";"0.00"
"2015";"11";"6";"5";"4";"7421";"144.";"3.0";"9.5";"97.";"8.";"0.00";"0.00";"0.00"
"2015";"11";"6";"5";"5";"7422";"139.";"3.0";"9.5";"97.";"8.";"0.00";"0.00";"0.00"
"2015";"11";"6";"5";"6";"7423";"128.";"3.4";"9.4";"96.";"8.";"0.00";"0.00";"0.00"
"2015";"11";"6";"5";"7";"7424";"135.";"3.4";"9.6";"96.";"8.";"0.00";"0.00";"0.00"
"2015";"11";"6";"5";"8";"7425";"133.";"2.8";"9.7";"95.";"8.";"3.00";"0.00";"3.00"
"2015";"11";"6";"5";"9";"7426";"125.";"3.0";"10.0";"96.";"8.";"31.73";"0.00";"31.73"
"2015";"11";"6";"5";"10";"7427";"133.";"2.4";"10.5";"95.";"8.";"54.82";"0.00";"54.82"
"2015";"11";"6";"5";"11";"7428";"122.";"3.8";"10.8";"93.";"8.";"69.31";"0.00";"69.31"
"2015";"11";"6";"5";"12";"7429";"117.";"3.6";"11.1";"92.";"7.";"92.70";"54.31";"78.02"
"2015";"11";"6";"5";"13";"7430";"115.";"2.9";"11.4";"91.";"8.";"56.52";"0.00";"56.52"
"2015";"11";"6";"5";"14";"7431";"118.";"3.3";"11.3";"91.";"8.";"33.17";"0.00";"33.17"
"2015";"11";"6";"5";"15";"7432";"114.";"4.1";"11.1";"93.";"8.";"2.16";"0.00";"2.16"
"2015";"11";"6";"5";"16";"7433";"130.";"3.9";"10.9";"92.";"8.";"0.00";"0.00";"0.00"
"2015";"11";"6";"5";"17";"7434";"131.";"4.8";"10.7";"93.";"8.";"0.00";"0.00";"0.00"
"2015";"11";"6";"5";"18";"7435";"136.";"4.3";"10.6";"95.";"8.";"0.00";"0.00";"0.00"
"2015";"11";"6";"5";"19";"7436";"139.";"4.8";"10.7";"94.";"8.";"0.00";"0.00";"0.00"
"2015";"11";"6";"5";"20";"7437";"155.";"3.9";"10.6";"93.";"8.";"0.00";"0.00";"0.00"
"2015";"11";"6";"5";"21";"7438";"156.";"4.0";"10.6";"93.";"8.";"0.00";"0.00";"0.00"
"2015";"11";"6";"5";"22";"7439";"143.";"6.7";"10.3";"93.";"8.";"0.00";"0.00";"0.00"
"2015";"11";"6";"5";"23";"7440";"163.";"5.6";"10.0";"96.";"8.";"0.00";"0.00";"0.00"
"2015";"11";"7";"6";"0";"7441";"164.";"5.8";"10.0";"96.";"8.";"0.00";"0.00";"0.00"
"2015";"11";"7";"6";"1";"7442";"171.";"5.3";"10.1";"96.";"8.";"0.00";"0.00";"0.00"
"2015";"11";"7";"6";"2";"7443";"176.";"5.3";"10.3";"96.";"8.";"0.00";"0.00";"0.00"
"2015";"11";"7";"6";"3";"7444";"188.";"6.0";"11.1";"97.";"8.";"0.00";"0.00";"0.00"
"2015";"11";"7";"6";"4";"7445";"199.";"6.6";"11.3";"97.";"8.";"0.00";"0.00";"0.00"
"2015";"11";"7";"6";"5";"7446";"204.";"7.6";"11.4";"97.";"8.";"0.00";"0.00";"0.00"
"2015";"11";"7";"6";"6";"7447";"221.";"8.1";"11.6";"98.";"8.";"0.00";"0.00";"0.00"
"2015";"11";"7";"6";"7";"7448";"214.";"6.7";"11.7";"97.";"8.";"0.00";"0.00";"0.00"
"2015";"11";"7";"6";"8";"7449";"215.";"5.8";"12.0";"98.";"8.";"0.00";"0.00";"0.00"
"2015";"11";"7";"6";"9";"7450";"231.";"4.9";"12.1";"94.";"8.";"31.34";"0.00";"31.34"
"2015";"11";"7";"6";"10";"7451";"232.";"5.0";"12.1";"93.";"8.";"56.06";"0.00";"56.06"
"2015";"11";"7";"6";"11";"7452";"236.";"5.1";"11.9";"92.";"8.";"67.96";"0.00";"67.96"
"2015";"11";"7";"6";"12";"7453";"236.";"5.3";"11.8";"91.";"8.";"68.07";"0.00";"68.07"
"2015";"11";"7";"6";"13";"7454";"232.";"4.8";"11.6";"90.";"8.";"56.45";"0.00";"56.45"
"2015";"11";"7";"6";"14";"7455";"224.";"4.4";"11.6";"90.";"8.";"38.35";"0.00";"38.35"
"2015";"11";"7";"6";"15";"7456";"217.";"3.4";"11.2";"92.";"8.";"1.14";"0.00";"1.14"
"2015";"11";"7";"6";"16";"7457";"182.";"3.8";"10.9";"93.";"8.";"0.00";"0.00";"0.00"
"2015";"11";"7";"6";"17";"7458";"177.";"4.5";"10.9";"94.";"8.";"0.00";"0.00";"0.00"
"2015";"11";"7";"6";"18";"7459";"161.";"5.5";"10.8";"95.";"7.";"0.00";"0.00";"0.00"
"2015";"11";"7";"6";"19";"7460";"172.";"5.6";"10.9";"95.";"7.";"0.00";"0.00";"0.00"
"2015";"11";"7";"6";"20";"7461";"164.";"7.0";"11.2";"96.";"8.";"0.00";"0.00";"0.00"
"2015";"11";"7";"6";"21";"7462";"186.";"10.4";"11.4";"97.";"7.";"0.00";"0.00";"0.00"
"2015";"11";"7";"6";"22";"7463";"209.";"10.3";"12.8";"94.";"7.";"0.00";"0.00";"0.00"
"2015";"11";"7";"6";"23";"7464";"221.";"12.4";"12.2";"79.";"7.";"0.00";"0.00";"0.00"
"2015";"11";"8";"7";"0";"7465";"225.";"13.7";"10.5";"84.";"8.";"0.00";"0.00";"0.00"
"2015";"11";"8";"7";"1";"7466";"222.";"11.2";"9.9";"90.";"8.";"0.00";"0.00";"0.00"
"2015";"11";"8";"7";"2";"7467";"299.";"8.0";"10.7";"96.";"8.";"0.00";"0.00";"0.00"
"2015";"11";"8";"7";"3";"7468";"313.";"14.4";"9.8";"92.";"8.";"0.00";"0.00";"0.00"
"2015";"11";"8";"7";"4";"7469";"314.";"14.9";"9.8";"82.";"8.";"0.00";"0.00";"0.00"
"2015";"11";"8";"7";"5";"7470";"315.";"12.4";"9.9";"79.";"7.";"0.00";"0.00";"0.00"
"2015";"11";"8";"7";"6";"7471";"314.";"10.7";"9.4";"76.";"5.";"0.00";"0.00";"0.00"
"2015";"11";"8";"7";"7";"7472";"314.";"7.5";"9.3";"77.";"0.";"0.00";"0.00";"0.00"
"2015";"11";"8";"7";"8";"7473";"313.";"6.9";"10.2";"76.";"0.";"10.65";"82.94";"5.25"
"2015";"11";"8";"7";"9";"7474";"301.";"7.3";"11.4";"72.";"1.";"112.33";"422.00";"45.03"
"2015";"11";"8";"7";"10";"7475";"295.";"6.4";"12.1";"69.";"0.";"195.66";"580.99";"64.21"
"2015";"11";"8";"7";"11";"7476";"293.";"5.8";"12.4";"69.";"1.";"229.31";"549.99";"85.86"
"2015";"11";"8";"7";"12";"7477";"294.";"4.9";"12.2";"72.";"2.";"206.08";"420.23";"96.48"
"2015";"11";"8";"7";"13";"7478";"296.";"5.1";"11.7";"75.";"0.";"190.49";"530.79";"70.39"
"2015";"11";"8";"7";"14";"7479";"285.";"3.9";"10.8";"78.";"1.";"107.15";"351.74";"51.05"
"2015";"11";"8";"7";"15";"7480";"277.";"2.8";"10.0";"85.";"2.";"5.55";"32.45";"3.44"
"2015";"11";"8";"7";"16";"7481";"262.";"2.8";"9.4";"89.";"5.";"0.00";"0.00";"0.00"
"2015";"11";"8";"7";"17";"7482";"230.";"1.6";"8.6";"92.";"5.";"0.00";"0.00";"0.00"
"2015";"11";"8";"7";"18";"7483";"208.";"2.3";"8.0";"93.";"6.";"0.00";"0.00";"0.00"
"2015";"11";"8";"7";"19";"7484";"187.";"3.5";"8.0";"94.";"6.";"0.00";"0.00";"0.00"
"2015";"11";"8";"7";"20";"7485";"183.";"4.1";"7.9";"95.";"6.";"0.00";"0.00";"0.00"
"2015";"11";"8";"7";"21";"7486";"180.";"5.4";"8.6";"92.";"8.";"0.00";"0.00";"0.00"
"2015";"11";"8";"7";"22";"7487";"159.";"8.0";"9.7";"90.";"8.";"0.00";"0.00";"0.00"
"2015";"11";"8";"7";"23";"7488";"178.";"7.7";"9.9";"89.";"6.";"0.00";"0.00";"0.00"
"2015";"11";"9";"1";"0";"7489";"183.";"9.9";"10.0";"88.";"7.";"0.00";"0.00";"0.00"
"2015";"11";"9";"1";"1";"7490";"175.";"10.1";"9.7";"89.";"7.";"0.00";"0.00";"0.00"
"2015";"11";"9";"1";"2";"7491";"177.";"10.8";"9.6";"92.";"8.";"0.00";"0.00";"0.00"
"2015";"11";"9";"1";"3";"7492";"192.";"11.1";"10.1";"93.";"8.";"0.00";"0.00";"0.00"
"2015";"11";"9";"1";"4";"7493";"208.";"9.2";"10.8";"94.";"8.";"0.00";"0.00";"0.00"
"2015";"11";"9";"1";"5";"7494";"246.";"6.1";"10.7";"90.";"5.";"0.00";"0.00";"0.00"
"2015";"11";"9";"1";"6";"7495";"248.";"7.2";"10.6";"87.";"5.";"0.00";"0.00";"0.00"
"2015";"11";"9";"1";"7";"7496";"251.";"7.8";"9.9";"80.";"2.";"0.00";"0.00";"0.00"
"2015";"11";"9";"1";"8";"7497";"254.";"8.1";"10.2";"78.";"2.";"4.46";"25.32";"2.92"
"2015";"11";"9";"1";"9";"7498";"254.";"7.6";"10.5";"77.";"6.";"43.66";"61.67";"34.10"
"2015";"11";"9";"1";"10";"7499";"249.";"7.5";"10.7";"78.";"5.";"98.74";"129.96";"69.93"
"2015";"11";"9";"1";"11";"7500";"238.";"6.4";"10.1";"78.";"6.";"100.81";"92.88";"77.02"
"2015";"11";"9";"1";"12";"7501";"229.";"6.9";"10.2";"79.";"7.";"110.45";"62.23";"94.51"
"2015";"11";"9";"1";"13";"7502";"230.";"7.7";"10.3";"78.";"6.";"98.56";"105.06";"75.28"
"2015";"11";"9";"1";"14";"7503";"227.";"8.3";"10.3";"77.";"6.";"38.03";"63.33";"28.22"
"2015";"11";"9";"1";"15";"7504";"215.";"9.7";"9.3";"85.";"8.";"0.80";"0.00";"0.80"
"2015";"11";"9";"1";"16";"7505";"226.";"11.5";"9.7";"89.";"8.";"0.00";"0.00";"0.00"
"2015";"11";"9";"1";"17";"7506";"234.";"9.9";"10.2";"90.";"8.";"0.00";"0.00";"0.00"
"2015";"11";"9";"1";"18";"7507";"245.";"10.1";"10.0";"85.";"6.";"0.00";"0.00";"0.00"
"2015";"11";"9";"1";"19";"7508";"254.";"9.4";"11.0";"83.";"7.";"0.00";"0.00";"0.00"
"2015";"11";"9";"1";"20";"7509";"258.";"8.9";"11.3";"78.";"7.";"0.00";"0.00";"0.00"
"2015";"11";"9";"1";"21";"7510";"257.";"8.9";"11.1";"77.";"7.";"0.00";"0.00";"0.00"
"2015";"11";"9";"1";"22";"7511";"261.";"9.9";"11.1";"78.";"7.";"0.00";"0.00";"0.00"
"2015";"11";"9";"1";"23";"7512";"264.";"10.0";"11.0";"75.";"7.";"0.00";"0.00";"0.00"
"2015";"11";"10";"2";"0";"7513";"260.";"8.7";"11.0";"78.";"7.";"0.00";"0.00";"0.00"
"2015";"11";"10";"2";"1";"7514";"260.";"7.4";"11.0";"75.";"7.";"0.00";"0.00";"0.00"
"2015";"11";"10";"2";"2";"7515";"260.";"5.6";"11.0";"79.";"6.";"0.00";"0.00";"0.00"
"2015";"11";"10";"2";"3";"7516";"253.";"5.0";"10.7";"84.";"8.";"0.00";"0.00";"0.00"
"2015";"11";"10";"2";"4";"7517";"248.";"4.7";"10.6";"79.";"8.";"0.00";"0.00";"0.00"
"2015";"11";"10";"2";"5";"7518";"246.";"4.8";"10.4";"78.";"8.";"0.00";"0.00";"0.00"
"2015";"11";"10";"2";"6";"7519";"249.";"4.8";"10.2";"82.";"8.";"0.00";"0.00";"0.00"
"2015";"11";"10";"2";"7";"7520";"249.";"4.3";"10.2";"86.";"7.";"0.00";"0.00";"0.00"
"2015";"11";"10";"2";"8";"7521";"249.";"5.0";"10.3";"87.";"7.";"0.00";"0.00";"0.00"
"2015";"11";"10";"2";"9";"7522";"257.";"5.3";"10.3";"86.";"8.";"29.92";"0.00";"29.92"
"2015";"11";"10";"2";"10";"7523";"246.";"4.2";"10.0";"87.";"8.";"31.90";"0.00";"31.90"
"2015";"11";"10";"2";"11";"7524";"240.";"3.1";"10.0";"89.";"8.";"64.47";"0.00";"64.47"
"2015";"11";"10";"2";"12";"7525";"234.";"2.7";"10.0";"94.";"8.";"67.06";"0.00";"67.06"
"2015";"11";"10";"2";"13";"7526";"255.";"4.9";"10.1";"92.";"8.";"53.52";"0.00";"53.52"
"2015";"11";"10";"2";"14";"7527";"255.";"6.2";"11.6";"90.";"8.";"38.07";"0.00";"38.07"
"2015";"11";"10";"2";"15";"7528";"260.";"6.7";"11.9";"90.";"8.";"0.00";"0.00";"0.00"
"2015";"11";"10";"2";"16";"7529";"256.";"6.9";"11.8";"90.";"7.";"0.00";"0.00";"0.00"
"2015";"11";"10";"2";"17";"7530";"256.";"6.9";"11.8";"89.";"8.";"0.00";"0.00";"0.00"
"2015";"11";"10";"2";"18";"7531";"256.";"7.1";"11.7";"89.";"7.";"0.00";"0.00";"0.00"
"2015";"11";"10";"2";"19";"7532";"251.";"6.6";"11.5";"89.";"7.";"0.00";"0.00";"0.00"
"2015";"11";"10";"2";"20";"7533";"252.";"7.1";"11.6";"86.";"8.";"0.00";"0.00";"0.00"
"2015";"11";"10";"2";"21";"7534";"256.";"5.8";"11.2";"88.";"8.";"0.00";"0.00";"0.00"
"2015";"11";"10";"2";"22";"7535";"261.";"6.2";"11.1";"86.";"8.";"0.00";"0.00";"0.00"
"2015";"11";"10";"2";"23";"7536";"257.";"5.6";"10.9";"86.";"8.";"0.00";"0.00";"0.00"
"2015";"11";"11";"3";"0";"7537";"254.";"5.6";"10.7";"87.";"7.";"0.00";"0.00";"0.00"
"2015";"11";"11";"3";"1";"7538";"253.";"5.4";"10.4";"89.";"7.";"0.00";"0.00";"0.00"
"2015";"11";"11";"3";"2";"7539";"263.";"5.0";"10.1";"93.";"7.";"0.00";"0.00";"0.00"
"2015";"11";"11";"3";"3";"7540";"262.";"6.3";"10.3";"93.";"8.";"0.00";"0.00";"0.00"
"2015";"11";"11";"3";"4";"7541";"262.";"5.8";"10.6";"91.";"8.";"0.00";"0.00";"0.00"
"2015";"11";"11";"3";"5";"7542";"270.";"6.2";"10.6";"90.";"8.";"0.00";"0.00";"0.00"
"2015";"11";"11";"3";"6";"7543";"271.";"5.9";"10.6";"90.";"8.";"0.00";"0.00";"0.00"
"2015";"11";"11";"3";"7";"7544";"266.";"5.5";"10.7";"89.";"8.";"0.00";"0.00";"0.00"
"2015";"11";"11";"3";"8";"7545";"261.";"5.7";"10.7";"90.";"8.";"0.00";"0.00";"0.00"
"2015";"11";"11";"3";"9";"7546";"256.";"5.9";"10.9";"88.";"8.";"36.26";"0.00";"36.26"
"2015";"11";"11";"3";"10";"7547";"254.";"5.1";"11.0";"88.";"6.";"112.51";"121.35";"86.70"
"2015";"11";"11";"3";"11";"7548";"252.";"5.0";"11.3";"89.";"6.";"124.60";"137.66";"90.58"
"2015";"11";"11";"3";"12";"7549";"248.";"5.1";"11.3";"90.";"6.";"125.10";"141.61";"90.11"
"2015";"11";"11";"3";"13";"7550";"245.";"4.9";"11.3";"90.";"7.";"99.16";"68.91";"84.50"
"2015";"11";"11";"3";"14";"7551";"244.";"4.4";"11.1";"90.";"6.";"54.73";"104.53";"39.44"
"2015";"11";"11";"3";"15";"7552";"245.";"3.7";"10.9";"90.";"5.";"0.00";"0.00";"0.00"
"2015";"11";"11";"3";"16";"7553";"243.";"3.8";"10.8";"90.";"5.";"0.00";"0.00";"0.00"
"2015";"11";"11";"3";"17";"7554";"243.";"3.3";"10.8";"90.";"6.";"0.00";"0.00";"0.00"
"2015";"11";"11";"3";"18";"7555";"244.";"3.0";"10.8";"90.";"8.";"0.00";"0.00";"0.00"
"2015";"11";"11";"3";"19";"7556";"243.";"2.9";"10.4";"90.";"7.";"0.00";"0.00";"0.00"
"2015";"11";"11";"3";"20";"7557";"232.";"2.5";"9.6";"93.";"6.";"0.00";"0.00";"0.00"
"2015";"11";"11";"3";"21";"7558";"213.";"3.9";"9.3";"93.";"7.";"0.00";"0.00";"0.00"
"2015";"11";"11";"3";"22";"7559";"198.";"3.0";"9.4";"95.";"8.";"0.00";"0.00";"0.00"
"2015";"11";"11";"3";"23";"7560";"194.";"3.1";"9.4";"96.";"7.";"0.00";"0.00";"0.00"
"2015";"11";"12";"4";"0";"7561";"225.";"3.9";"10.2";"97.";"8.";"0.00";"0.00";"0.00"
"2015";"11";"12";"4";"1";"7562";"232.";"4.8";"11.0";"97.";"8.";"0.00";"0.00";"0.00"
"2015";"11";"12";"4";"2";"7563";"233.";"5.1";"11.2";"95.";"7.";"0.00";"0.00";"0.00"
"2015";"11";"12";"4";"3";"7564";"225.";"4.8";"11.2";"94.";"8.";"0.00";"0.00";"0.00"
"2015";"11";"12";"4";"4";"7565";"232.";"5.9";"11.1";"93.";"8.";"0.00";"0.00";"0.00"
"2015";"11";"12";"4";"5";"7566";"237.";"8.6";"11.3";"90.";"7.";"0.00";"0.00";"0.00"
"2015";"11";"12";"4";"6";"7567";"258.";"8.8";"11.1";"84.";"7.";"0.00";"0.00";"0.00"
"2015";"11";"12";"4";"7";"7568";"263.";"9.0";"11.3";"80.";"7.";"0.00";"0.00";"0.00"
"2015";"11";"12";"4";"8";"7569";"264.";"8.4";"11.1";"75.";"7.";"0.00";"0.00";"0.00"
"2015";"11";"12";"4";"9";"7570";"265.";"8.1";"11.0";"76.";"6.";"48.86";"80.14";"37.48"
"2015";"11";"12";"4";"10";"7571";"268.";"8.8";"11.4";"76.";"5.";"104.68";"156.96";"71.98"
"2015";"11";"12";"4";"11";"7572";"271.";"8.7";"11.7";"75.";"6.";"102.79";"111.36";"75.77"
"2015";"11";"12";"4";"12";"7573";"266.";"7.9";"11.0";"76.";"5.";"131.61";"174.22";"89.33"
"2015";"11";"12";"4";"13";"7574";"267.";"7.4";"11.4";"76.";"2.";"141.13";"341.73";"69.93"
"2015";"11";"12";"4";"14";"7575";"269.";"7.4";"11.0";"77.";"3.";"68.42";"195.20";"40.71"
"2015";"11";"12";"4";"15";"7576";"278.";"7.4";"10.5";"78.";"2.";"0.00";"0.00";"0.00"
"2015";"11";"12";"4";"16";"7577";"267.";"7.9";"10.3";"79.";"2.";"0.00";"0.00";"0.00"
"2015";"11";"12";"4";"17";"7578";"262.";"6.9";"9.8";"79.";"2.";"0.00";"0.00";"0.00"
"2015";"11";"12";"4";"18";"7579";"252.";"5.5";"9.9";"81.";"6.";"0.00";"0.00";"0.00"
"2015";"11";"12";"4";"19";"7580";"245.";"5.1";"9.5";"84.";"7.";"0.00";"0.00";"0.00"
"2015";"11";"12";"4";"20";"7581";"236.";"4.7";"9.4";"85.";"7.";"0.00";"0.00";"0.00"
"2015";"11";"12";"4";"21";"7582";"225.";"3.9";"8.9";"88.";"5.";"0.00";"0.00";"0.00"
"2015";"11";"12";"4";"22";"7583";"219.";"3.9";"8.4";"90.";"5.";"0.00";"0.00";"0.00"
"2015";"11";"12";"4";"23";"7584";"217.";"4.1";"7.8";"92.";"6.";"0.00";"0.00";"0.00"
"2015";"11";"13";"5";"0";"7585";"213.";"4.3";"7.7";"94.";"7.";"0.00";"0.00";"0.00"
"2015";"11";"13";"5";"1";"7586";"208.";"4.6";"8.6";"94.";"6.";"0.00";"0.00";"0.00"
"2015";"11";"13";"5";"2";"7587";"187.";"5.3";"9.3";"93.";"7.";"0.00";"0.00";"0.00"
"2015";"11";"13";"5";"3";"7588";"193.";"6.2";"9.6";"93.";"8.";"0.00";"0.00";"0.00"
"2015";"11";"13";"5";"4";"7589";"192.";"7.4";"10.0";"93.";"8.";"0.00";"0.00";"0.00"
"2015";"11";"13";"5";"5";"7590";"187.";"8.4";"10.4";"92.";"8.";"0.00";"0.00";"0.00"
"2015";"11";"13";"5";"6";"7591";"183.";"9.4";"10.2";"92.";"8.";"0.00";"0.00";"0.00"
"2015";"11";"13";"5";"7";"7592";"194.";"9.8";"10.6";"88.";"7.";"0.00";"0.00";"0.00"
"2015";"11";"13";"5";"8";"7593";"199.";"10.4";"10.6";"89.";"7.";"0.00";"0.00";"0.00"
"2015";"11";"13";"5";"9";"7594";"202.";"10.2";"10.4";"93.";"7.";"19.46";"16.26";"17.22"
"2015";"11";"13";"5";"10";"7595";"210.";"9.4";"10.5";"93.";"8.";"24.32";"0.00";"24.32"
"2015";"11";"13";"5";"11";"7596";"218.";"11.3";"10.4";"92.";"8.";"33.12";"0.00";"33.12"
"2015";"11";"13";"5";"12";"7597";"213.";"9.4";"9.9";"90.";"8.";"35.44";"0.00";"35.44"
"2015";"11";"13";"5";"13";"7598";"219.";"8.8";"10.7";"85.";"6.";"98.26";"107.22";"76.38"
"2015";"11";"13";"5";"14";"7599";"231.";"10.3";"9.1";"82.";"7.";"29.20";"32.35";"24.75"
"2015";"11";"13";"5";"15";"7600";"229.";"9.5";"9.2";"77.";"5.";"0.00";"0.00";"0.00"
"2015";"11";"13";"5";"16";"7601";"236.";"9.4";"9.5";"71.";"5.";"0.00";"0.00";"0.00"
"2015";"11";"13";"5";"17";"7602";"236.";"9.2";"9.2";"69.";"3.";"0.00";"0.00";"0.00"
"2015";"11";"13";"5";"18";"7603";"228.";"8.3";"9.2";"69.";"7.";"0.00";"0.00";"0.00"
"2015";"11";"13";"5";"19";"7604";"225.";"7.6";"9.0";"69.";"8.";"0.00";"0.00";"0.00"
"2015";"11";"13";"5";"20";"7605";"222.";"8.2";"7.1";"82.";"7.";"0.00";"0.00";"0.00"
"2015";"11";"13";"5";"21";"7606";"224.";"6.5";"6.8";"87.";"8.";"0.00";"0.00";"0.00"
"2015";"11";"13";"5";"22";"7607";"233.";"7.8";"6.8";"86.";"7.";"0.00";"0.00";"0.00"
"2015";"11";"13";"5";"23";"7608";"245.";"7.6";"6.9";"84.";"8.";"0.00";"0.00";"0.00"
"2015";"11";"14";"6";"0";"7609";"252.";"7.0";"6.5";"84.";"8.";"0.00";"0.00";"0.00"
"2015";"11";"14";"6";"1";"7610";"253.";"7.8";"6.5";"80.";"7.";"0.00";"0.00";"0.00"
"2015";"11";"14";"6";"2";"7611";"253.";"7.4";"6.6";"79.";"8.";"0.00";"0.00";"0.00"
"2015";"11";"14";"6";"3";"7612";"258.";"6.9";"6.7";"74.";"5.";"0.00";"0.00";"0.00"
"2015";"11";"14";"6";"4";"7613";"250.";"6.0";"6.8";"75.";"6.";"0.00";"0.00";"0.00"
"2015";"11";"14";"6";"5";"7614";"252.";"6.5";"6.9";"76.";"5.";"0.00";"0.00";"0.00"
"2015";"11";"14";"6";"6";"7615";"261.";"6.8";"6.9";"74.";"7.";"0.00";"0.00";"0.00"
"2015";"11";"14";"6";"7";"7616";"262.";"6.5";"7.1";"74.";"5.";"0.00";"0.00";"0.00"
"2015";"11";"14";"6";"8";"7617";"258.";"6.1";"7.7";"72.";"3.";"0.00";"0.00";"0.00"
"2015";"11";"14";"6";"9";"7618";"247.";"6.8";"8.3";"75.";"7.";"38.10";"56.21";"30.58"
"2015";"11";"14";"6";"10";"7619";"241.";"7.6";"8.8";"75.";"7.";"76.62";"67.99";"63.03"
"2015";"11";"14";"6";"11";"7620";"254.";"8.4";"8.7";"73.";"6.";"116.30";"147.71";"81.71"
"2015";"11";"14";"6";"12";"7621";"254.";"8.2";"9.6";"67.";"5.";"133.52";"204.90";"85.54"
"2015";"11";"14";"6";"13";"7622";"259.";"9.0";"9.0";"68.";"3.";"129.07";"315.94";"65.92"
"2015";"11";"14";"6";"14";"7623";"259.";"8.9";"8.6";"69.";"6.";"49.77";"89.59";"37.79"
"2015";"11";"14";"6";"15";"7624";"255.";"9.5";"8.6";"67.";"5.";"0.00";"0.00";"0.00"
"2015";"11";"14";"6";"16";"7625";"258.";"9.1";"8.5";"68.";"5.";"0.00";"0.00";"0.00"
"2015";"11";"14";"6";"17";"7626";"262.";"8.9";"8.4";"68.";"6.";"0.00";"0.00";"0.00"
"2015";"11";"14";"6";"18";"7627";"265.";"8.9";"8.5";"66.";"6.";"0.00";"0.00";"0.00"
"2015";"11";"14";"6";"19";"7628";"257.";"7.9";"8.5";"68.";"5.";"0.00";"0.00";"0.00"
"2015";"11";"14";"6";"20";"7629";"258.";"8.6";"8.5";"70.";"6.";"0.00";"0.00";"0.00"
"2015";"11";"14";"6";"21";"7630";"256.";"8.5";"8.5";"69.";"6.";"0.00";"0.00";"0.00"
"2015";"11";"14";"6";"22";"7631";"249.";"8.3";"8.6";"70.";"6.";"0.00";"0.00";"0.00"
"2015";"11";"14";"6";"23";"7632";"247.";"7.9";"8.1";"74.";"6.";"0.00";"0.00";"0.00"
"2015";"11";"15";"7";"0";"7633";"244.";"7.1";"8.4";"73.";"5.";"0.00";"0.00";"0.00"
"2015";"11";"15";"7";"1";"7634";"247.";"6.7";"8.2";"74.";"4.";"0.00";"0.00";"0.00"
"2015";"11";"15";"7";"2";"7635";"245.";"6.8";"7.9";"75.";"6.";"0.00";"0.00";"0.00"
"2015";"11";"15";"7";"3";"7636";"241.";"6.7";"7.7";"77.";"7.";"0.00";"0.00";"0.00"
"2015";"11";"15";"7";"4";"7637";"242.";"6.7";"7.6";"77.";"5.";"0.00";"0.00";"0.00"
"2015";"11";"15";"7";"5";"7638";"238.";"5.9";"7.8";"77.";"2.";"0.00";"0.00";"0.00"
"2015";"11";"15";"7";"6";"7639";"241.";"5.0";"7.5";"79.";"6.";"0.00";"0.00";"0.00"
"2015";"11";"15";"7";"7";"7640";"243.";"4.4";"7.2";"81.";"4.";"0.00";"0.00";"0.00"
"2015";"11";"15";"7";"8";"7641";"244.";"4.4";"7.6";"80.";"3.";"0.00";"0.00";"0.00"
"2015";"11";"15";"7";"9";"7642";"239.";"5.2";"7.9";"80.";"3.";"67.40";"225.33";"38.17"
"2015";"11";"15";"7";"10";"7643";"241.";"5.0";"8.8";"75.";"3.";"130.12";"326.49";"66.19"
"2015";"11";"15";"7";"11";"7644";"248.";"5.4";"9.3";"75.";"3.";"163.32";"358.62";"80.83"
"2015";"11";"15";"7";"12";"7645";"252.";"5.3";"9.4";"76.";"6.";"110.84";"137.14";"79.29"
"2015";"11";"15";"7";"13";"7646";"263.";"5.1";"9.2";"76.";"6.";"81.99";"132.64";"56.01"
"2015";"11";"15";"7";"14";"7647";"268.";"4.0";"9.2";"74.";"6.";"42.74";"93.11";"30.67"
"2015";"11";"15";"7";"15";"7648";"287.";"3.9";"8.9";"76.";"7.";"0.00";"0.00";"0.00"
"2015";"11";"15";"7";"16";"7649";"290.";"3.4";"8.2";"79.";"6.";"0.00";"0.00";"0.00"
"2015";"11";"15";"7";"17";"7650";"297.";"2.6";"7.1";"83.";"4.";"0.00";"0.00";"0.00"
"2015";"11";"15";"7";"18";"7651";"307.";"2.5";"5.3";"87.";"3.";"0.00";"0.00";"0.00"
"2015";"11";"15";"7";"19";"7652";"318.";"2.1";"4.2";"91.";"2.";"0.00";"0.00";"0.00"
"2015";"11";"15";"7";"20";"7653";"310.";"1.7";"3.3";"94.";"4.";"0.00";"0.00";"0.00"
"2015";"11";"15";"7";"21";"7654";"262.";"0.6";"2.5";"96.";"6.";"0.00";"0.00";"0.00"
"2015";"11";"15";"7";"22";"7655";"201.";"0.2";"1.8";"97.";"6.";"0.00";"0.00";"0.00"
"2015";"11";"15";"7";"23";"7656";"215.";"0.4";"1.2";"96.";"6.";"0.00";"0.00";"0.00"
"2015";"11";"16";"1";"0";"7657";"151.";"1.0";"1.3";"96.";"6.";"0.00";"0.00";"0.00"
"2015";"11";"16";"1";"1";"7658";"133.";"1.6";"2.1";"97.";"7.";"0.00";"0.00";"0.00"
"2015";"11";"16";"1";"2";"7659";"150.";"1.3";"2.8";"97.";"5.";"0.00";"0.00";"0.00"
"2015";"11";"16";"1";"3";"7660";"131.";"2.1";"4.0";"97.";"7.";"0.00";"0.00";"0.00"
"2015";"11";"16";"1";"4";"7661";"176.";"2.6";"4.6";"97.";"8.";"0.00";"0.00";"0.00"
"2015";"11";"16";"1";"5";"7662";"175.";"3.7";"5.4";"95.";"8.";"0.00";"0.00";"0.00"
"2015";"11";"16";"1";"6";"7663";"169.";"4.4";"6.2";"94.";"7.";"0.00";"0.00";"0.00"
"2015";"11";"16";"1";"7";"7664";"169.";"5.5";"6.8";"92.";"8.";"0.00";"0.00";"0.00"
"2015";"11";"16";"1";"8";"7665";"158.";"6.8";"7.4";"88.";"8.";"0.00";"0.00";"0.00"
"2015";"11";"16";"1";"9";"7666";"172.";"6.6";"8.0";"91.";"7.";"29.77";"35.67";"25.28"
"2015";"11";"16";"1";"10";"7667";"167.";"8.5";"7.8";"93.";"8.";"27.29";"0.00";"27.29"
"2015";"11";"16";"1";"11";"7668";"171.";"8.6";"7.8";"95.";"8.";"36.62";"0.00";"36.62"
"2015";"11";"16";"1";"12";"7669";"187.";"8.3";"8.9";"96.";"8.";"29.67";"0.00";"29.67"
"2015";"11";"16";"1";"13";"7670";"202.";"8.3";"10.9";"95.";"7.";"35.98";"29.28";"30.36"
"2015";"11";"16";"1";"14";"7671";"226.";"9.0";"10.5";"92.";"7.";"17.35";"12.67";"15.76"
"2015";"11";"16";"1";"15";"7672";"239.";"7.6";"10.3";"83.";"6.";"0.00";"0.00";"0.00"
"2015";"11";"16";"1";"16";"7673";"231.";"7.0";"10.1";"81.";"6.";"0.00";"0.00";"0.00"
"2015";"11";"16";"1";"17";"7674";"230.";"6.9";"9.8";"80.";"5.";"0.00";"0.00";"0.00"
"2015";"11";"16";"1";"18";"7675";"232.";"7.1";"9.6";"79.";"6.";"0.00";"0.00";"0.00"
"2015";"11";"16";"1";"19";"7676";"232.";"7.8";"8.8";"75.";"6.";"0.00";"0.00";"0.00"
"2015";"11";"16";"1";"20";"7677";"235.";"7.1";"8.5";"76.";"5.";"0.00";"0.00";"0.00"
"2015";"11";"16";"1";"21";"7678";"229.";"6.9";"7.9";"81.";"7.";"0.00";"0.00";"0.00"
"2015";"11";"16";"1";"22";"7679";"231.";"7.1";"7.8";"82.";"4.";"0.00";"0.00";"0.00"
"2015";"11";"16";"1";"23";"7680";"228.";"7.1";"7.6";"80.";"2.";"0.00";"0.00";"0.00"
"2015";"11";"17";"2";"0";"7681";"227.";"6.9";"7.4";"78.";"2.";"0.00";"0.00";"0.00"
"2015";"11";"17";"2";"1";"7682";"222.";"6.9";"7.2";"79.";"3.";"0.00";"0.00";"0.00"
"2015";"11";"17";"2";"2";"7683";"220.";"6.6";"7.4";"81.";"4.";"0.00";"0.00";"0.00"
"2015";"11";"17";"2";"3";"7684";"218.";"6.7";"7.8";"81.";"8.";"0.00";"0.00";"0.00"
"2015";"11";"17";"2";"4";"7685";"226.";"7.3";"7.6";"81.";"6.";"0.00";"0.00";"0.00"
"2015";"11";"17";"2";"5";"7686";"227.";"7.5";"7.8";"80.";"5.";"0.00";"0.00";"0.00"
"2015";"11";"17";"2";"6";"7687";"223.";"6.9";"8.0";"81.";"6.";"0.00";"0.00";"0.00"
"2015";"11";"17";"2";"7";"7688";"227.";"6.9";"8.0";"82.";"6.";"0.00";"0.00";"0.00"
"2015";"11";"17";"2";"8";"7689";"225.";"7.2";"8.2";"82.";"8.";"0.00";"0.00";"0.00"
"2015";"11";"17";"2";"9";"7690";"227.";"6.4";"8.5";"82.";"6.";"43.43";"86.98";"32.81"
"2015";"11";"17";"2";"10";"7691";"229.";"6.7";"8.9";"81.";"7.";"68.68";"64.21";"56.62"
"2015";"11";"17";"2";"11";"7692";"225.";"6.8";"7.9";"86.";"8.";"32.41";"0.00";"32.41"
"2015";"11";"17";"2";"12";"7693";"230.";"7.4";"8.0";"87.";"6.";"73.93";"98.26";"52.11"
"2015";"11";"17";"2";"13";"7694";"225.";"7.6";"8.8";"83.";"5.";"90.05";"192.84";"53.82"
"2015";"11";"17";"2";"14";"7695";"231.";"7.3";"8.6";"83.";"4.";"50.76";"180.01";"28.80"
"2015";"11";"17";"2";"15";"7696";"232.";"6.0";"8.4";"86.";"7.";"0.00";"0.00";"0.00"
"2015";"11";"17";"2";"16";"7697";"228.";"5.6";"8.0";"84.";"4.";"0.00";"0.00";"0.00"
"2015";"11";"17";"2";"17";"7698";"231.";"5.9";"8.1";"84.";"5.";"0.00";"0.00";"0.00"
"2015";"11";"17";"2";"18";"7699";"234.";"5.9";"7.9";"83.";"5.";"0.00";"0.00";"0.00"
"2015";"11";"17";"2";"19";"7700";"231.";"5.8";"7.8";"82.";"5.";"0.00";"0.00";"0.00"
"2015";"11";"17";"2";"20";"7701";"226.";"4.9";"7.6";"82.";"4.";"0.00";"0.00";"0.00"
"2015";"11";"17";"2";"21";"7702";"215.";"4.3";"7.4";"83.";"6.";"0.00";"0.00";"0.00"
"2015";"11";"17";"2";"22";"7703";"207.";"4.2";"6.9";"85.";"8.";"0.00";"0.00";"0.00"
"2015";"11";"17";"2";"23";"7704";"191.";"2.7";"6.3";"88.";"8.";"0.00";"0.00";"0.00"
"2015";"11";"18";"3";"0";"7705";"177.";"2.4";"6.5";"88.";"7.";"0.00";"0.00";"0.00"
"2015";"11";"18";"3";"1";"7706";"153.";"1.8";"6.4";"92.";"8.";"0.00";"0.00";"0.00"
"2015";"11";"18";"3";"2";"7707";"98.";"2.0";"6.1";"92.";"8.";"0.00";"0.00";"0.00"
"2015";"11";"18";"3";"3";"7708";"52.";"1.7";"5.8";"93.";"8.";"0.00";"0.00";"0.00"
"2015";"11";"18";"3";"4";"7709";"43.";"2.6";"5.8";"95.";"7.";"0.00";"0.00";"0.00"
"2015";"11";"18";"3";"5";"7710";"33.";"1.9";"5.8";"94.";"8.";"0.00";"0.00";"0.00"
"2015";"11";"18";"3";"6";"7711";"353.";"2.2";"4.9";"97.";"6.";"0.00";"0.00";"0.00"
"2015";"11";"18";"3";"7";"7712";"326.";"2.7";"3.9";"97.";"6.";"0.00";"0.00";"0.00"
"2015";"11";"18";"3";"8";"7713";"309.";"2.8";"4.2";"96.";"5.";"0.00";"0.00";"0.00"
"2015";"11";"18";"3";"9";"7714";"271.";"3.5";"5.6";"95.";"3.";"57.21";"205.11";"32.95"
"2015";"11";"18";"3";"10";"7715";"264.";"4.5";"8.8";"87.";"2.";"122.55";"381.98";"52.24"
"2015";"11";"18";"3";"11";"7716";"273.";"4.9";"9.3";"81.";"5.";"119.44";"214.77";"72.59"
"2015";"11";"18";"3";"12";"7717";"272.";"6.5";"9.9";"79.";"5.";"117.87";"203.46";"73.48"
"2015";"11";"18";"3";"13";"7718";"260.";"6.8";"10.3";"78.";"6.";"82.75";"112.21";"62.10"
"2015";"11";"18";"3";"14";"7719";"252.";"6.6";"9.6";"80.";"7.";"29.83";"36.74";"25.48"
"2015";"11";"18";"3";"15";"7720";"250.";"6.3";"9.2";"86.";"7.";"0.00";"0.00";"0.00"
"2015";"11";"18";"3";"16";"7721";"252.";"7.3";"9.2";"85.";"7.";"0.00";"0.00";"0.00"
"2015";"11";"18";"3";"17";"7722";"244.";"6.7";"9.0";"85.";"7.";"0.00";"0.00";"0.00"
"2015";"11";"18";"3";"18";"7723";"235.";"5.9";"8.9";"86.";"7.";"0.00";"0.00";"0.00"
"2015";"11";"18";"3";"19";"7724";"229.";"6.6";"8.6";"86.";"7.";"0.00";"0.00";"0.00"
"2015";"11";"18";"3";"20";"7725";"219.";"6.0";"8.7";"85.";"7.";"0.00";"0.00";"0.00"
"2015";"11";"18";"3";"21";"7726";"190.";"4.5";"8.3";"90.";"7.";"0.00";"0.00";"0.00"
"2015";"11";"18";"3";"22";"7727";"158.";"3.8";"8.0";"92.";"8.";"0.00";"0.00";"0.00"
"2015";"11";"18";"3";"23";"7728";"129.";"4.9";"8.0";"94.";"7.";"0.00";"0.00";"0.00"
"2015";"11";"19";"4";"0";"7729";"199.";"6.5";"8.5";"96.";"8.";"0.00";"0.00";"0.00"
"2015";"11";"19";"4";"1";"7730";"238.";"9.7";"8.8";"87.";"7.";"0.00";"0.00";"0.00"
"2015";"11";"19";"4";"2";"7731";"234.";"9.3";"9.0";"85.";"7.";"0.00";"0.00";"0.00"
"2015";"11";"19";"4";"3";"7732";"228.";"9.0";"9.4";"82.";"7.";"0.00";"0.00";"0.00"
"2015";"11";"19";"4";"4";"7733";"228.";"9.7";"9.0";"80.";"8.";"0.00";"0.00";"0.00"
"2015";"11";"19";"4";"5";"7734";"231.";"9.1";"8.8";"80.";"7.";"0.00";"0.00";"0.00"
"2015";"11";"19";"4";"6";"7735";"242.";"7.5";"8.5";"84.";"6.";"0.00";"0.00";"0.00"
"2015";"11";"19";"4";"7";"7736";"258.";"5.5";"8.4";"85.";"6.";"0.00";"0.00";"0.00"
"2015";"11";"19";"4";"8";"7737";"277.";"4.4";"8.4";"85.";"7.";"0.00";"0.00";"0.00"
"2015";"11";"19";"4";"9";"7738";"263.";"4.6";"7.9";"87.";"8.";"23.37";"0.00";"23.37"
"2015";"11";"19";"4";"10";"7739";"285.";"4.4";"6.7";"85.";"8.";"45.24";"0.00";"45.24"
"2015";"11";"19";"4";"11";"7740";"308.";"4.7";"6.2";"83.";"8.";"59.68";"0.00";"59.68"
"2015";"11";"19";"4";"12";"7741";"321.";"4.9";"5.0";"82.";"8.";"62.60";"0.00";"62.60"
"2015";"11";"19";"4";"13";"7742";"334.";"5.3";"4.2";"82.";"8.";"49.24";"0.00";"49.24"
"2015";"11";"19";"4";"14";"7743";"342.";"5.7";"3.4";"80.";"8.";"25.21";"0.00";"25.21"
"2015";"11";"19";"4";"15";"7744";"342.";"5.3";"2.9";"82.";"8.";"0.00";"0.00";"0.00"
"2015";"11";"19";"4";"16";"7745";"336.";"5.0";"2.6";"82.";"8.";"0.00";"0.00";"0.00"
"2015";"11";"19";"4";"17";"7746";"341.";"4.5";"2.0";"83.";"7.";"0.00";"0.00";"0.00"
"2015";"11";"19";"4";"18";"7747";"339.";"4.0";"2.1";"84.";"8.";"0.00";"0.00";"0.00"
"2015";"11";"19";"4";"19";"7748";"344.";"3.5";"2.0";"85.";"7.";"0.00";"0.00";"0.00"
"2015";"11";"19";"4";"20";"7749";"349.";"3.3";"1.7";"85.";"7.";"0.00";"0.00";"0.00"
"2015";"11";"19";"4";"21";"7750";"13.";"2.9";"1.3";"86.";"7.";"0.00";"0.00";"0.00"
"2015";"11";"19";"4";"22";"7751";"14.";"2.8";"1.7";"86.";"7.";"0.00";"0.00";"0.00"
"2015";"11";"19";"4";"23";"7752";"25.";"2.6";"1.9";"85.";"7.";"0.00";"0.00";"0.00"
"2015";"11";"20";"5";"0";"7753";"36.";"2.4";"1.8";"86.";"7.";"0.00";"0.00";"0.00"
"2015";"11";"20";"5";"1";"7754";"35.";"1.9";"1.6";"88.";"6.";"0.00";"0.00";"0.00"
"2015";"11";"20";"5";"2";"7755";"44.";"1.8";"0.9";"92.";"7.";"0.00";"0.00";"0.00"
"2015";"11";"20";"5";"3";"7756";"35.";"2.2";"0.6";"92.";"6.";"0.00";"0.00";"0.00"
"2015";"11";"20";"5";"4";"7757";"27.";"2.5";"0.9";"93.";"7.";"0.00";"0.00";"0.00"
"2015";"11";"20";"5";"5";"7758";"32.";"2.8";"0.8";"94.";"7.";"0.00";"0.00";"0.00"
"2015";"11";"20";"5";"6";"7759";"21.";"2.3";"0.8";"93.";"8.";"0.00";"0.00";"0.00"
"2015";"11";"20";"5";"7";"7760";"35.";"1.9";"0.1";"94.";"5.";"0.00";"0.00";"0.00"
"2015";"11";"20";"5";"8";"7761";"35.";"1.9";"-0.5";"93.";"4.";"0.00";"0.00";"0.00"
"2015";"11";"20";"5";"9";"7762";"41.";"2.0";"0.6";"90.";"5.";"49.63";"166.32";"31.16"
"2015";"11";"20";"5";"10";"7763";"9.";"1.9";"1.3";"87.";"3.";"121.88";"399.41";"51.29"
"2015";"11";"20";"5";"11";"7764";"22.";"2.2";"1.7";"82.";"3.";"156.93";"450.94";"61.92"
"2015";"11";"20";"5";"12";"7765";"16.";"2.5";"2.3";"77.";"1.";"188.84";"634.03";"55.25"
"2015";"11";"20";"5";"13";"7766";"13.";"2.6";"2.3";"75.";"2.";"141.45";"482.72";"56.14"
"2015";"11";"20";"5";"14";"7767";"26.";"2.4";"1.1";"78.";"3.";"64.08";"276.87";"33.32"
"2015";"11";"20";"5";"15";"7768";"31.";"2.4";"0.0";"83.";"7.";"0.00";"0.00";"0.00"
"2015";"11";"20";"5";"16";"7769";"37.";"2.3";"-1.0";"86.";"7.";"0.00";"0.00";"0.00"
"2015";"11";"20";"5";"17";"7770";"34.";"2.5";"-1.5";"90.";"7.";"0.00";"0.00";"0.00"
"2015";"11";"20";"5";"18";"7771";"29.";"2.5";"-2.2";"92.";"5.";"0.00";"0.00";"0.00"
"2015";"11";"20";"5";"19";"7772";"34.";"2.3";"-2.5";"94.";"6.";"0.00";"0.00";"0.00"
"2015";"11";"20";"5";"20";"7773";"28.";"2.4";"-2.9";"94.";"6.";"0.00";"0.00";"0.00"
"2015";"11";"20";"5";"21";"7774";"35.";"2.6";"-3.4";"95.";"8.";"0.00";"0.00";"0.00"
"2015";"11";"20";"5";"22";"7775";"38.";"2.7";"-3.4";"95.";"8.";"0.00";"0.00";"0.00"
"2015";"11";"20";"5";"23";"7776";"49.";"3.1";"-3.4";"94.";"8.";"0.00";"0.00";"0.00"
"2015";"11";"21";"6";"0";"7777";"42.";"2.8";"-3.5";"94.";"8.";"0.00";"0.00";"0.00"
"2015";"11";"21";"6";"1";"7778";"41.";"3.0";"-4.1";"95.";"8.";"0.00";"0.00";"0.00"
"2015";"11";"21";"6";"2";"7779";"44.";"3.1";"-4.2";"95.";"8.";"0.00";"0.00";"0.00"
"2015";"11";"21";"6";"3";"7780";"41.";"2.8";"-4.1";"95.";"8.";"0.00";"0.00";"0.00"
"2015";"11";"21";"6";"4";"7781";"36.";"3.4";"-3.2";"94.";"8.";"0.00";"0.00";"0.00"
"2015";"11";"21";"6";"5";"7782";"39.";"3.7";"-3.2";"93.";"5.";"0.00";"0.00";"0.00"
"2015";"11";"21";"6";"6";"7783";"41.";"3.6";"-3.2";"93.";"6.";"0.00";"0.00";"0.00"
"2015";"11";"21";"6";"7";"7784";"44.";"3.3";"-3.4";"93.";"7.";"0.00";"0.00";"0.00"
"2015";"11";"21";"6";"8";"7785";"53.";"3.4";"-3.4";"94.";"3.";"0.00";"0.00";"0.00"
"2015";"11";"21";"6";"9";"7786";"38.";"3.3";"-2.3";"92.";"5.";"62.82";"178.86";"43.57"
"2015";"11";"21";"6";"10";"7787";"44.";"3.1";"-0.8";"89.";"3.";"132.79";"401.71";"63.22"
"2015";"11";"21";"6";"11";"7788";"52.";"3.2";"0.3";"84.";"3.";"175.43";"447.77";"82.68"
"2015";"11";"21";"6";"12";"7789";"43.";"2.9";"0.0";"83.";"5.";"138.48";"254.63";"85.74"
"2015";"11";"21";"6";"13";"7790";"32.";"3.0";"0.1";"82.";"6.";"117.27";"163.32";"88.98"
"2015";"11";"21";"6";"14";"7791";"24.";"2.9";"-0.6";"85.";"5.";"62.02";"182.77";"42.34"
"2015";"11";"21";"6";"15";"7792";"35.";"2.9";"-1.0";"88.";"8.";"0.00";"0.00";"0.00"
"2015";"11";"21";"6";"16";"7793";"35.";"3.4";"-1.6";"88.";"8.";"0.00";"0.00";"0.00"
"2015";"11";"21";"6";"17";"7794";"44.";"3.7";"-2.0";"88.";"8.";"0.00";"0.00";"0.00"
"2015";"11";"21";"6";"18";"7795";"47.";"3.7";"-1.9";"88.";"6.";"0.00";"0.00";"0.00"
"2015";"11";"21";"6";"19";"7796";"49.";"3.7";"-1.9";"88.";"7.";"0.00";"0.00";"0.00"
"2015";"11";"21";"6";"20";"7797";"44.";"3.9";"-2.0";"88.";"7.";"0.00";"0.00";"0.00"
"2015";"11";"21";"6";"21";"7798";"40.";"4.0";"-2.1";"83.";"8.";"0.00";"0.00";"0.00"
"2015";"11";"21";"6";"22";"7799";"38.";"4.6";"-1.8";"82.";"7.";"0.00";"0.00";"0.00"
"2015";"11";"21";"6";"23";"7800";"42.";"5.1";"-1.6";"80.";"7.";"0.00";"0.00";"0.00"
"2015";"11";"22";"7";"0";"7801";"33.";"5.5";"-1.5";"78.";"8.";"0.00";"0.00";"0.00"
"2015";"11";"22";"7";"1";"7802";"36.";"5.7";"-1.1";"74.";"7.";"0.00";"0.00";"0.00"
"2015";"11";"22";"7";"2";"7803";"39.";"6.1";"-1.2";"75.";"7.";"0.00";"0.00";"0.00"
"2015";"11";"22";"7";"3";"7804";"35.";"5.8";"-1.2";"75.";"8.";"0.00";"0.00";"0.00"
"2015";"11";"22";"7";"4";"7805";"34.";"6.2";"-1.1";"75.";"7.";"0.00";"0.00";"0.00"
"2015";"11";"22";"7";"5";"7806";"33.";"6.2";"-0.9";"79.";"6.";"0.00";"0.00";"0.00"
"2015";"11";"22";"7";"6";"7807";"32.";"6.3";"-0.9";"77.";"8.";"0.00";"0.00";"0.00"
"2015";"11";"22";"7";"7";"7808";"34.";"6.7";"-0.6";"74.";"8.";"0.00";"0.00";"0.00"
"2015";"11";"22";"7";"8";"7809";"33.";"6.8";"-0.6";"76.";"7.";"0.00";"0.00";"0.00"
"2015";"11";"22";"7";"9";"7810";"30.";"7.7";"-0.4";"78.";"7.";"37.87";"58.67";"31.76"
"2015";"11";"22";"7";"10";"7811";"33.";"7.4";"0.2";"75.";"6.";"79.18";"162.16";"51.65"
"2015";"11";"22";"7";"11";"7812";"38.";"7.0";"-0.1";"74.";"7.";"89.36";"89.73";"71.09"
"2015";"11";"22";"7";"12";"7813";"41.";"6.4";"-0.2";"73.";"8.";"61.07";"0.00";"61.07"
"2015";"11";"22";"7";"13";"7814";"37.";"5.9";"-0.3";"74.";"7.";"96.27";"82.80";"82.21"
"2015";"11";"22";"7";"14";"7815";"34.";"5.7";"-0.5";"78.";"6.";"48.19";"116.28";"36.06"
"2015";"11";"22";"7";"15";"7816";"32.";"5.6";"-1.0";"80.";"1.";"0.00";"0.00";"0.00"
"2015";"11";"22";"7";"16";"7817";"21.";"5.0";"-1.8";"82.";"0.";"0.00";"0.00";"0.00"
"2015";"11";"22";"7";"17";"7818";"22.";"4.6";"-2.7";"83.";"0.";"0.00";"0.00";"0.00"
"2015";"11";"22";"7";"18";"7819";"28.";"4.2";"-3.4";"83.";"0.";"0.00";"0.00";"0.00"
"2015";"11";"22";"7";"19";"7820";"29.";"3.5";"-4.0";"85.";"0.";"0.00";"0.00";"0.00"
"2015";"11";"22";"7";"20";"7821";"11.";"3.0";"-5.3";"88.";"0.";"0.00";"0.00";"0.00"
"2015";"11";"22";"7";"21";"7822";"19.";"2.4";"-5.9";"89.";"0.";"0.00";"0.00";"0.00"
"2015";"11";"22";"7";"22";"7823";"4.";"2.1";"-6.6";"90.";"0.";"0.00";"0.00";"0.00"
"2015";"11";"22";"7";"23";"7824";"16.";"1.8";"-7.1";"90.";"0.";"0.00";"0.00";"0.00"
"2015";"11";"23";"1";"0";"7825";"26.";"1.5";"-7.4";"90.";"0.";"0.00";"0.00";"0.00"
"2015";"11";"23";"1";"1";"7826";"29.";"1.2";"-7.6";"92.";"0.";"0.00";"0.00";"0.00"
"2015";"11";"23";"1";"2";"7827";"47.";"0.9";"-7.6";"91.";"0.";"0.00";"0.00";"0.00"
"2015";"11";"23";"1";"3";"7828";"97.";"1.6";"-8.0";"92.";"0.";"0.00";"0.00";"0.00"
"2015";"11";"23";"1";"4";"7829";"124.";"1.2";"-8.1";"91.";"0.";"0.00";"0.00";"0.00"
"2015";"11";"23";"1";"5";"7830";"158.";"1.5";"-7.6";"91.";"0.";"0.00";"0.00";"0.00"
"2015";"11";"23";"1";"6";"7831";"174.";"1.6";"-6.8";"90.";"0.";"0.00";"0.00";"0.00"
"2015";"11";"23";"1";"7";"7832";"181.";"1.9";"-6.7";"89.";"0.";"0.00";"0.00";"0.00"
"2015";"11";"23";"1";"8";"7833";"185.";"2.0";"-5.6";"90.";"2.";"0.00";"0.00";"0.00"
"2015";"11";"23";"1";"9";"7834";"175.";"2.6";"-3.3";"92.";"3.";"58.62";"241.41";"34.22"
"2015";"11";"23";"1";"10";"7835";"181.";"2.9";"-0.5";"90.";"6.";"106.94";"149.84";"82.01"
"2015";"11";"23";"1";"11";"7836";"189.";"3.9";"0.8";"87.";"5.";"138.33";"249.91";"88.28"
"2015";"11";"23";"1";"12";"7837";"199.";"4.2";"2.8";"82.";"6.";"134.91";"164.91";"101.88"
"2015";"11";"23";"1";"13";"7838";"215.";"3.6";"2.9";"85.";"7.";"69.94";"74.49";"57.54"
"2015";"11";"23";"1";"14";"7839";"225.";"2.9";"3.2";"85.";"7.";"36.03";"47.32";"31.25"
"2015";"11";"23";"1";"15";"7840";"223.";"3.3";"3.5";"87.";"6.";"0.00";"0.00";"0.00"
"2015";"11";"23";"1";"16";"7841";"228.";"3.5";"3.9";"88.";"6.";"0.00";"0.00";"0.00"
"2015";"11";"23";"1";"17";"7842";"225.";"3.7";"4.1";"89.";"6.";"0.00";"0.00";"0.00"
"2015";"11";"23";"1";"18";"7843";"219.";"4.0";"4.1";"89.";"7.";"0.00";"0.00";"0.00"
"2015";"11";"23";"1";"19";"7844";"215.";"4.1";"4.0";"89.";"8.";"0.00";"0.00";"0.00"
"2015";"11";"23";"1";"20";"7845";"217.";"4.5";"4.5";"88.";"8.";"0.00";"0.00";"0.00"
"2015";"11";"23";"1";"21";"7846";"207.";"4.2";"4.5";"88.";"7.";"0.00";"0.00";"0.00"
"2015";"11";"23";"1";"22";"7847";"202.";"4.5";"4.8";"89.";"8.";"0.00";"0.00";"0.00"
"2015";"11";"23";"1";"23";"7848";"199.";"5.1";"5.0";"89.";"8.";"0.00";"0.00";"0.00"
"2015";"11";"24";"2";"0";"7849";"203.";"5.5";"5.2";"90.";"8.";"0.00";"0.00";"0.00"
"2015";"11";"24";"2";"1";"7850";"202.";"5.7";"5.4";"91.";"8.";"0.00";"0.00";"0.00"
"2015";"11";"24";"2";"2";"7851";"201.";"6.1";"5.8";"90.";"8.";"0.00";"0.00";"0.00"
"2015";"11";"24";"2";"3";"7852";"205.";"6.1";"6.0";"88.";"8.";"0.00";"0.00";"0.00"
"2015";"11";"24";"2";"4";"7853";"204.";"6.6";"6.0";"85.";"8.";"0.00";"0.00";"0.00"
"2015";"11";"24";"2";"5";"7854";"203.";"7.2";"6.4";"84.";"7.";"0.00";"0.00";"0.00"
"2015";"11";"24";"2";"6";"7855";"208.";"7.6";"6.3";"87.";"8.";"0.00";"0.00";"0.00"
"2015";"11";"24";"2";"7";"7856";"204.";"8.7";"6.1";"90.";"8.";"0.00";"0.00";"0.00"
"2015";"11";"24";"2";"8";"7857";"205.";"8.9";"6.3";"90.";"7.";"0.00";"0.00";"0.00"
"2015";"11";"24";"2";"9";"7858";"199.";"8.6";"6.3";"90.";"7.";"12.28";"16.33";"10.68"
"2015";"11";"24";"2";"10";"7859";"202.";"8.9";"6.4";"89.";"8.";"21.45";"0.00";"21.45"
"2015";"11";"24";"2";"11";"7860";"202.";"9.5";"6.4";"90.";"7.";"45.53";"31.45";"39.33"
"2015";"11";"24";"2";"12";"7861";"198.";"10.1";"6.3";"90.";"8.";"27.56";"0.00";"27.56"
"2015";"11";"24";"2";"13";"7862";"194.";"10.3";"6.0";"89.";"8.";"21.06";"0.00";"21.06"
"2015";"11";"24";"2";"14";"7863";"193.";"10.3";"5.8";"89.";"8.";"8.56";"0.00";"8.56"
"2015";"11";"24";"2";"15";"7864";"195.";"9.9";"5.6";"90.";"8.";"0.00";"0.00";"0.00"
"2015";"11";"24";"2";"16";"7865";"189.";"9.9";"5.5";"88.";"8.";"0.00";"0.00";"0.00"
"2015";"11";"24";"2";"17";"7866";"188.";"10.0";"5.3";"91.";"8.";"0.00";"0.00";"0.00"
"2015";"11";"24";"2";"18";"7867";"187.";"9.7";"5.2";"91.";"8.";"0.00";"0.00";"0.00"
"2015";"11";"24";"2";"19";"7868";"188.";"9.8";"5.5";"92.";"8.";"0.00";"0.00";"0.00"
"2015";"11";"24";"2";"20";"7869";"192.";"9.5";"5.5";"92.";"8.";"0.00";"0.00";"0.00"
"2015";"11";"24";"2";"21";"7870";"192.";"9.2";"5.5";"92.";"8.";"0.00";"0.00";"0.00"
"2015";"11";"24";"2";"22";"7871";"186.";"8.5";"5.5";"92.";"8.";"0.00";"0.00";"0.00"
"2015";"11";"24";"2";"23";"7872";"187.";"8.0";"5.5";"93.";"8.";"0.00";"0.00";"0.00"
"2015";"11";"25";"3";"0";"7873";"189.";"8.3";"5.5";"95.";"8.";"0.00";"0.00";"0.00"
"2015";"11";"25";"3";"1";"7874";"194.";"8.1";"5.9";"95.";"8.";"0.00";"0.00";"0.00"
"2015";"11";"25";"3";"2";"7875";"198.";"7.2";"6.0";"96.";"8.";"0.00";"0.00";"0.00"
"2015";"11";"25";"3";"3";"7876";"205.";"7.6";"6.2";"94.";"8.";"0.00";"0.00";"0.00"
"2015";"11";"25";"3";"4";"7877";"207.";"6.9";"6.1";"94.";"8.";"0.00";"0.00";"0.00"
"2015";"11";"25";"3";"5";"7878";"204.";"6.1";"6.1";"94.";"8.";"0.00";"0.00";"0.00"
"2015";"11";"25";"3";"6";"7879";"213.";"5.4";"6.0";"95.";"8.";"0.00";"0.00";"0.00"
"2015";"11";"25";"3";"7";"7880";"207.";"5.2";"6.2";"95.";"8.";"0.00";"0.00";"0.00"
"2015";"11";"25";"3";"8";"7881";"207.";"5.4";"6.1";"94.";"8.";"0.00";"0.00";"0.00"
"2015";"11";"25";"3";"9";"7882";"207.";"3.7";"6.1";"94.";"7.";"12.91";"18.16";"11.19"
"2015";"11";"25";"3";"10";"7883";"210.";"3.4";"6.5";"92.";"7.";"48.07";"51.29";"39.86"
"2015";"11";"25";"3";"11";"7884";"215.";"2.9";"6.8";"92.";"7.";"71.74";"62.44";"59.64"
"2015";"11";"25";"3";"12";"7885";"222.";"2.6";"6.6";"92.";"8.";"49.13";"0.00";"49.13"
"2015";"11";"25";"3";"13";"7886";"218.";"2.4";"6.4";"90.";"7.";"49.70";"58.55";"40.33"
"2015";"11";"25";"3";"14";"7887";"214.";"1.8";"5.8";"92.";"6.";"23.57";"66.83";"17.23"
"2015";"11";"25";"3";"15";"7888";"220.";"2.2";"5.2";"93.";"6.";"0.00";"0.00";"0.00"
"2015";"11";"25";"3";"16";"7889";"199.";"2.0";"4.9";"94.";"7.";"0.00";"0.00";"0.00"
"2015";"11";"25";"3";"17";"7890";"195.";"1.8";"4.6";"94.";"8.";"0.00";"0.00";"0.00"
"2015";"11";"25";"3";"18";"7891";"185.";"1.9";"4.4";"95.";"7.";"0.00";"0.00";"0.00"
"2015";"11";"25";"3";"19";"7892";"185.";"2.0";"4.6";"94.";"7.";"0.00";"0.00";"0.00"
"2015";"11";"25";"3";"20";"7893";"171.";"2.2";"4.3";"96.";"6.";"0.00";"0.00";"0.00"
"2015";"11";"25";"3";"21";"7894";"176.";"1.9";"4.2";"95.";"7.";"0.00";"0.00";"0.00"
"2015";"11";"25";"3";"22";"7895";"193.";"1.6";"4.1";"95.";"6.";"0.00";"0.00";"0.00"
"2015";"11";"25";"3";"23";"7896";"150.";"2.1";"3.3";"96.";"5.";"0.00";"0.00";"0.00"
"2015";"11";"26";"4";"0";"7897";"147.";"2.1";"2.9";"97.";"6.";"0.00";"0.00";"0.00"
"2015";"11";"26";"4";"1";"7898";"137.";"1.5";"3.5";"97.";"7.";"0.00";"0.00";"0.00"
"2015";"11";"26";"4";"2";"7899";"335.";"1.1";"3.7";"96.";"8.";"0.00";"0.00";"0.00"
"2015";"11";"26";"4";"3";"7900";"61.";"0.6";"3.5";"97.";"6.";"0.00";"0.00";"0.00"
"2015";"11";"26";"4";"4";"7901";"336.";"1.9";"3.2";"97.";"7.";"0.00";"0.00";"0.00"
"2015";"11";"26";"4";"5";"7902";"348.";"2.1";"2.5";"97.";"5.";"0.00";"0.00";"0.00"
"2015";"11";"26";"4";"6";"7903";"350.";"1.9";"2.1";"97.";"7.";"0.00";"0.00";"0.00"
"2015";"11";"26";"4";"7";"7904";"13.";"2.0";"2.7";"97.";"8.";"0.00";"0.00";"0.00"
"2015";"11";"26";"4";"8";"7905";"360.";"2.3";"2.9";"96.";"8.";"0.00";"0.00";"0.00"
"2015";"11";"26";"4";"9";"7906";"33.";"1.2";"3.0";"96.";"8.";"13.97";"0.00";"13.97"
"2015";"11";"26";"4";"10";"7907";"350.";"0.9";"3.0";"96.";"8.";"36.42";"0.00";"36.42"
"2015";"11";"26";"4";"11";"7908";"3.";"0.6";"3.1";"93.";"8.";"49.97";"0.00";"49.97"
"2015";"11";"26";"4";"12";"7909";"306.";"1.6";"3.0";"91.";"7.";"74.72";"69.31";"61.50"
"2015";"11";"26";"4";"13";"7910";"314.";"0.7";"2.5";"92.";"6.";"65.23";"141.43";"43.02"
"2015";"11";"26";"4";"14";"7911";"177.";"0.7";"1.4";"94.";"3.";"41.00";"214.90";"21.25"
"2015";"11";"26";"4";"15";"7912";"163.";"2.5";"0.5";"94.";"2.";"0.00";"0.00";"0.00"
"2015";"11";"26";"4";"16";"7913";"189.";"3.2";"0.2";"94.";"0.";"0.00";"0.00";"0.00"
"2015";"11";"26";"4";"17";"7914";"213.";"4.1";"0.7";"93.";"2.";"0.00";"0.00";"0.00"
"2015";"11";"26";"4";"18";"7915";"224.";"4.1";"2.6";"91.";"4.";"0.00";"0.00";"0.00"
"2015";"11";"26";"4";"19";"7916";"226.";"4.6";"3.4";"88.";"6.";"0.00";"0.00";"0.00"
"2015";"11";"26";"4";"20";"7917";"216.";"5.5";"4.5";"87.";"7.";"0.00";"0.00";"0.00"
"2015";"11";"26";"4";"21";"7918";"217.";"6.1";"5.6";"87.";"8.";"0.00";"0.00";"0.00"
"2015";"11";"26";"4";"22";"7919";"217.";"7.0";"6.1";"85.";"7.";"0.00";"0.00";"0.00"
"2015";"11";"26";"4";"23";"7920";"217.";"7.1";"6.5";"85.";"6.";"0.00";"0.00";"0.00"
"2015";"11";"27";"5";"0";"7921";"216.";"7.5";"7.0";"86.";"8.";"0.00";"0.00";"0.00"
"2015";"11";"27";"5";"1";"7922";"216.";"7.8";"7.0";"87.";"7.";"0.00";"0.00";"0.00"
"2015";"11";"27";"5";"2";"7923";"217.";"7.6";"7.1";"90.";"7.";"0.00";"0.00";"0.00"
"2015";"11";"27";"5";"3";"7924";"212.";"8.1";"7.2";"91.";"8.";"0.00";"0.00";"0.00"
"2015";"11";"27";"5";"4";"7925";"215.";"8.4";"7.4";"92.";"7.";"0.00";"0.00";"0.00"
"2015";"11";"27";"5";"5";"7926";"213.";"8.8";"7.5";"92.";"7.";"0.00";"0.00";"0.00"
"2015";"11";"27";"5";"6";"7927";"211.";"8.8";"7.7";"91.";"7.";"0.00";"0.00";"0.00"
"2015";"11";"27";"5";"7";"7928";"209.";"8.6";"7.7";"91.";"8.";"0.00";"0.00";"0.00"
"2015";"11";"27";"5";"8";"7929";"205.";"8.5";"7.7";"93.";"8.";"0.00";"0.00";"0.00"
"2015";"11";"27";"5";"9";"7930";"202.";"8.7";"7.7";"93.";"8.";"5.51";"0.00";"5.51"
"2015";"11";"27";"5";"10";"7931";"200.";"8.9";"7.9";"93.";"8.";"17.81";"0.00";"17.81"
"2015";"11";"27";"5";"11";"7932";"199.";"8.7";"7.9";"94.";"8.";"23.24";"0.00";"23.24"
"2015";"11";"27";"5";"12";"7933";"198.";"9.1";"7.8";"96.";"8.";"22.39";"0.00";"22.39"
"2015";"11";"27";"5";"13";"7934";"198.";"9.3";"7.9";"96.";"8.";"17.19";"0.00";"17.19"
"2015";"11";"27";"5";"14";"7935";"195.";"9.7";"8.0";"96.";"8.";"5.42";"0.00";"5.42"
"2015";"11";"27";"5";"15";"7936";"197.";"8.5";"8.0";"95.";"8.";"0.00";"0.00";"0.00"
"2015";"11";"27";"5";"16";"7937";"192.";"9.4";"7.8";"96.";"8.";"0.00";"0.00";"0.00"
"2015";"11";"27";"5";"17";"7938";"194.";"9.8";"7.8";"96.";"8.";"0.00";"0.00";"0.00"
"2015";"11";"27";"5";"18";"7939";"196.";"9.9";"7.7";"95.";"8.";"0.00";"0.00";"0.00"
"2015";"11";"27";"5";"19";"7940";"191.";"10.0";"7.6";"94.";"8.";"0.00";"0.00";"0.00"
"2015";"11";"27";"5";"20";"7941";"193.";"10.1";"7.4";"94.";"8.";"0.00";"0.00";"0.00"
"2015";"11";"27";"5";"21";"7942";"193.";"9.9";"7.5";"95.";"8.";"0.00";"0.00";"0.00"
"2015";"11";"27";"5";"22";"7943";"193.";"10.2";"7.3";"93.";"8.";"0.00";"0.00";"0.00"
"2015";"11";"27";"5";"23";"7944";"190.";"10.6";"7.0";"94.";"8.";"0.00";"0.00";"0.00"
"2015";"11";"28";"6";"0";"7945";"188.";"11.4";"6.8";"94.";"8.";"0.00";"0.00";"0.00"
"2015";"11";"28";"6";"1";"7946";"188.";"11.7";"6.9";"93.";"8.";"0.00";"0.00";"0.00"
"2015";"11";"28";"6";"2";"7947";"185.";"11.6";"6.7";"93.";"8.";"0.00";"0.00";"0.00"
"2015";"11";"28";"6";"3";"7948";"186.";"11.4";"6.6";"93.";"8.";"0.00";"0.00";"0.00"
"2015";"11";"28";"6";"4";"7949";"186.";"11.8";"6.7";"93.";"8.";"0.00";"0.00";"0.00"
"2015";"11";"28";"6";"5";"7950";"188.";"11.9";"6.8";"94.";"8.";"0.00";"0.00";"0.00"
"2015";"11";"28";"6";"6";"7951";"193.";"12.3";"6.7";"94.";"8.";"0.00";"0.00";"0.00"
"2015";"11";"28";"6";"7";"7952";"210.";"11.8";"6.8";"94.";"7.";"0.00";"0.00";"0.00"
"2015";"11";"28";"6";"8";"7953";"261.";"6.2";"6.7";"89.";"8.";"0.00";"0.00";"0.00"
"2015";"11";"28";"6";"9";"7954";"272.";"6.0";"6.7";"81.";"7.";"11.28";"17.84";"9.74"
"2015";"11";"28";"6";"10";"7955";"274.";"5.8";"7.2";"75.";"8.";"35.50";"0.00";"35.50"
"2015";"11";"28";"6";"11";"7956";"273.";"6.7";"7.1";"68.";"6.";"87.76";"146.76";"60.62"
"2015";"11";"28";"6";"12";"7957";"273.";"6.7";"7.2";"63.";"3.";"128.16";"355.70";"62.38"
"2015";"11";"28";"6";"13";"7958";"272.";"6.9";"7.0";"64.";"3.";"96.93";"318.52";"48.74"
"2015";"11";"28";"6";"14";"7959";"268.";"6.7";"6.3";"68.";"2.";"39.07";"221.90";"19.92"
"2015";"11";"28";"6";"15";"7960";"261.";"6.0";"5.9";"70.";"2.";"0.00";"0.00";"0.00"
"2015";"11";"28";"6";"16";"7961";"252.";"6.0";"5.8";"71.";"3.";"0.00";"0.00";"0.00"
"2015";"11";"28";"6";"17";"7962";"240.";"6.0";"5.4";"76.";"3.";"0.00";"0.00";"0.00"
"2015";"11";"28";"6";"18";"7963";"232.";"6.2";"4.7";"81.";"4.";"0.00";"0.00";"0.00"
"2015";"11";"28";"6";"19";"7964";"220.";"6.5";"4.6";"83.";"3.";"0.00";"0.00";"0.00"
"2015";"11";"28";"6";"20";"7965";"208.";"6.4";"5.2";"84.";"2.";"0.00";"0.00";"0.00"
"2015";"11";"28";"6";"21";"7966";"196.";"7.7";"5.3";"84.";"5.";"0.00";"0.00";"0.00"
"2015";"11";"28";"6";"22";"7967";"188.";"8.5";"5.6";"83.";"3.";"0.00";"0.00";"0.00"
"2015";"11";"28";"6";"23";"7968";"190.";"9.5";"6.4";"83.";"7.";"0.00";"0.00";"0.00"
"2015";"11";"29";"7";"0";"7969";"185.";"10.9";"6.5";"81.";"6.";"0.00";"0.00";"0.00"
"2015";"11";"29";"7";"1";"7970";"187.";"13.0";"6.7";"81.";"7.";"0.00";"0.00";"0.00"
"2015";"11";"29";"7";"2";"7971";"184.";"13.4";"6.0";"85.";"8.";"0.00";"0.00";"0.00"
"2015";"11";"29";"7";"3";"7972";"186.";"12.9";"5.5";"88.";"7.";"0.00";"0.00";"0.00"
"2015";"11";"29";"7";"4";"7973";"194.";"12.0";"5.4";"90.";"8.";"0.00";"0.00";"0.00"
"2015";"11";"29";"7";"5";"7974";"199.";"11.2";"6.0";"89.";"8.";"0.00";"0.00";"0.00"
"2015";"11";"29";"7";"6";"7975";"205.";"10.7";"6.2";"86.";"7.";"0.00";"0.00";"0.00"
"2015";"11";"29";"7";"7";"7976";"224.";"10.0";"5.8";"81.";"6.";"0.00";"0.00";"0.00"
"2015";"11";"29";"7";"8";"7977";"229.";"9.9";"5.7";"78.";"7.";"0.00";"0.00";"0.00"
"2015";"11";"29";"7";"9";"7978";"226.";"9.1";"5.7";"78.";"7.";"18.25";"33.77";"15.42"
"2015";"11";"29";"7";"10";"7979";"231.";"9.5";"5.9";"76.";"7.";"56.98";"61.86";"47.79"
"2015";"11";"29";"7";"11";"7980";"231.";"9.3";"5.6";"78.";"6.";"55.29";"98.88";"37.28"
"2015";"11";"29";"7";"12";"7981";"237.";"9.4";"4.4";"77.";"7.";"50.64";"33.56";"44.53"
"2015";"11";"29";"7";"13";"7982";"225.";"8.3";"5.2";"77.";"7.";"39.72";"38.54";"34.00"
"2015";"11";"29";"7";"14";"7983";"229.";"7.9";"5.4";"79.";"7.";"13.02";"21.35";"11.23"
"2015";"11";"29";"7";"15";"7984";"223.";"8.0";"6.1";"79.";"8.";"0.00";"0.00";"0.00"
"2015";"11";"29";"7";"16";"7985";"205.";"7.1";"5.9";"82.";"6.";"0.00";"0.00";"0.00"
"2015";"11";"29";"7";"17";"7986";"185.";"6.7";"6.1";"84.";"7.";"0.00";"0.00";"0.00"
"2015";"11";"29";"7";"18";"7987";"162.";"6.9";"5.8";"88.";"6.";"0.00";"0.00";"0.00"
"2015";"11";"29";"7";"19";"7988";"150.";"9.0";"4.8";"92.";"8.";"0.00";"0.00";"0.00"
"2015";"11";"29";"7";"20";"7989";"161.";"5.4";"6.8";"94.";"8.";"0.00";"0.00";"0.00"
"2015";"11";"29";"7";"21";"7990";"193.";"10.9";"6.9";"87.";"8.";"0.00";"0.00";"0.00"
"2015";"11";"29";"7";"22";"7991";"320.";"15.0";"1.2";"92.";"7.";"0.00";"0.00";"0.00"
"2015";"11";"29";"7";"23";"7992";"309.";"10.5";"1.9";"88.";"7.";"0.00";"0.00";"0.00"
"2015";"11";"30";"1";"0";"7993";"288.";"10.1";"4.3";"78.";"6.";"0.00";"0.00";"0.00"
"2015";"11";"30";"1";"1";"7994";"279.";"10.4";"5.5";"71.";"5.";"0.00";"0.00";"0.00"
"2015";"11";"30";"1";"2";"7995";"272.";"11.3";"6.0";"71.";"6.";"0.00";"0.00";"0.00"
"2015";"11";"30";"1";"3";"7996";"267.";"10.5";"6.3";"70.";"7.";"0.00";"0.00";"0.00"
"2015";"11";"30";"1";"4";"7997";"265.";"10.8";"6.4";"72.";"8.";"0.00";"0.00";"0.00"
"2015";"11";"30";"1";"5";"7998";"274.";"11.5";"6.8";"71.";"6.";"0.00";"0.00";"0.00"
"2015";"11";"30";"1";"6";"7999";"279.";"11.8";"6.5";"69.";"5.";"0.00";"0.00";"0.00"
"2015";"11";"30";"1";"7";"8000";"278.";"11.5";"7.2";"62.";"5.";"0.00";"0.00";"0.00"
"2015";"11";"30";"1";"8";"8001";"274.";"12.8";"7.3";"59.";"5.";"0.00";"0.00";"0.00"
"2015";"11";"30";"1";"9";"8002";"272.";"12.0";"7.4";"63.";"5.";"24.57";"81.13";"17.99"
"2015";"11";"30";"1";"10";"8003";"274.";"12.0";"7.5";"64.";"5.";"69.63";"148.03";"48.02"
"2015";"11";"30";"1";"11";"8004";"276.";"12.2";"7.7";"64.";"4.";"100.41";"229.39";"59.24"
"2015";"11";"30";"1";"12";"8005";"277.";"12.8";"7.6";"64.";"4.";"100.45";"228.77";"59.39"
"2015";"11";"30";"1";"13";"8006";"276.";"12.2";"7.4";"66.";"4.";"79.65";"210.93";"48.86"
"2015";"11";"30";"1";"14";"8007";"276.";"11.4";"7.0";"66.";"3.";"30.09";"149.17";"17.99"
"2015";"11";"30";"1";"15";"8008";"280.";"10.4";"6.6";"67.";"2.";"0.00";"0.00";"0.00"
"2015";"11";"30";"1";"16";"8009";"276.";"8.6";"6.5";"69.";"5.";"0.00";"0.00";"0.00"
"2015";"11";"30";"1";"17";"8010";"276.";"8.4";"6.6";"70.";"6.";"0.00";"0.00";"0.00"
"2015";"11";"30";"1";"18";"8011";"274.";"8.6";"6.6";"69.";"5.";"0.00";"0.00";"0.00"
"2015";"11";"30";"1";"19";"8012";"269.";"8.9";"6.4";"70.";"4.";"0.00";"0.00";"0.00"
"2015";"11";"30";"1";"20";"8013";"266.";"7.3";"5.8";"71.";"4.";"0.00";"0.00";"0.00"
"2015";"11";"30";"1";"21";"8014";"270.";"7.4";"5.9";"71.";"3.";"0.00";"0.00";"0.00"
"2015";"11";"30";"1";"22";"8015";"272.";"7.9";"5.9";"70.";"4.";"0.00";"0.00";"0.00"
"2015";"11";"30";"1";"23";"8016";"279.";"8.4";"6.0";"69.";"4.";"0.00";"0.00";"0.00"
"2015";"12";"1";"2";"0";"8017";"286.";"8.1";"6.1";"68.";"5.";"0.00";"0.00";"0.00"
"2015";"12";"1";"2";"1";"8018";"287.";"9.0";"5.8";"66.";"3.";"0.00";"0.00";"0.00"
"2015";"12";"1";"2";"2";"8019";"287.";"9.2";"5.8";"65.";"2.";"0.00";"0.00";"0.00"
"2015";"12";"1";"2";"3";"8020";"290.";"9.7";"5.9";"67.";"3.";"0.00";"0.00";"0.00"
"2015";"12";"1";"2";"4";"8021";"288.";"9.4";"6.0";"66.";"5.";"0.00";"0.00";"0.00"
"2015";"12";"1";"2";"5";"8022";"292.";"9.6";"6.0";"66.";"4.";"0.00";"0.00";"0.00"
"2015";"12";"1";"2";"6";"8023";"295.";"9.1";"6.0";"65.";"4.";"0.00";"0.00";"0.00"
"2015";"12";"1";"2";"7";"8024";"297.";"8.9";"6.2";"61.";"3.";"0.00";"0.00";"0.00"
"2015";"12";"1";"2";"8";"8025";"303.";"7.9";"6.3";"56.";"2.";"0.00";"0.00";"0.00"
"2015";"12";"1";"2";"9";"8026";"306.";"8.2";"6.6";"55.";"2.";"36.18";"216.43";"19.15"
"2015";"12";"1";"2";"10";"8027";"308.";"8.3";"7.1";"50.";"1.";"108.00";"447.49";"43.81"
"2015";"12";"1";"2";"11";"8028";"309.";"8.3";"7.3";"49.";"1.";"148.47";"494.33";"60.98"
"2015";"12";"1";"2";"12";"8029";"309.";"7.8";"7.2";"50.";"0.";"153.72";"557.59";"55.04"
"2015";"12";"1";"2";"13";"8030";"304.";"7.0";"6.9";"52.";"0.";"115.37";"498.09";"43.92"
"2015";"12";"1";"2";"14";"8031";"299.";"6.7";"6.1";"55.";"2.";"38.11";"219.16";"20.87"
"2015";"12";"1";"2";"15";"8032";"294.";"6.0";"5.5";"60.";"3.";"0.00";"0.00";"0.00"
"2015";"12";"1";"2";"16";"8033";"293.";"5.1";"5.5";"62.";"3.";"0.00";"0.00";"0.00"
"2015";"12";"1";"2";"17";"8034";"288.";"5.0";"5.6";"66.";"5.";"0.00";"0.00";"0.00"
"2015";"12";"1";"2";"18";"8035";"290.";"4.7";"5.8";"66.";"8.";"0.00";"0.00";"0.00"
"2015";"12";"1";"2";"19";"8036";"288.";"4.6";"5.2";"69.";"5.";"0.00";"0.00";"0.00"
"2015";"12";"1";"2";"20";"8037";"290.";"4.4";"5.5";"71.";"8.";"0.00";"0.00";"0.00"
"2015";"12";"1";"2";"21";"8038";"290.";"3.9";"5.5";"73.";"8.";"0.00";"0.00";"0.00"
"2015";"12";"1";"2";"22";"8039";"290.";"3.2";"4.9";"74.";"8.";"0.00";"0.00";"0.00"
"2015";"12";"1";"2";"23";"8040";"277.";"2.8";"4.7";"76.";"8.";"0.00";"0.00";"0.00"
"2015";"12";"2";"3";"0";"8041";"265.";"2.2";"4.8";"78.";"8.";"0.00";"0.00";"0.00"
"2015";"12";"2";"3";"1";"8042";"257.";"2.1";"4.3";"82.";"8.";"0.00";"0.00";"0.00"
"2015";"12";"2";"3";"2";"8043";"247.";"2.1";"3.9";"85.";"7.";"0.00";"0.00";"0.00"
"2015";"12";"2";"3";"3";"8044";"246.";"2.1";"2.9";"89.";"8.";"0.00";"0.00";"0.00"
"2015";"12";"2";"3";"4";"8045";"216.";"2.2";"3.4";"90.";"8.";"0.00";"0.00";"0.00"
"2015";"12";"2";"3";"5";"8046";"199.";"2.6";"4.2";"90.";"8.";"0.00";"0.00";"0.00"
"2015";"12";"2";"3";"6";"8047";"192.";"2.2";"4.8";"90.";"7.";"0.00";"0.00";"0.00"
"2015";"12";"2";"3";"7";"8048";"156.";"3.2";"5.2";"93.";"8.";"0.00";"0.00";"0.00"
"2015";"12";"2";"3";"8";"8049";"160.";"4.6";"5.1";"93.";"8.";"0.00";"0.00";"0.00"
"2015";"12";"2";"3";"9";"8050";"157.";"6.0";"5.3";"95.";"8.";"7.32";"0.00";"7.32"
"2015";"12";"2";"3";"10";"8051";"156.";"7.4";"5.6";"95.";"7.";"33.93";"19.73";"31.15"
"2015";"12";"2";"3";"11";"8052";"165.";"7.0";"6.0";"96.";"8.";"34.89";"0.00";"34.89"
"2015";"12";"2";"3";"12";"8053";"178.";"6.3";"7.0";"96.";"8.";"33.80";"0.00";"33.80"
"2015";"12";"2";"3";"13";"8054";"194.";"5.8";"8.4";"96.";"8.";"26.34";"0.00";"26.34"
"2015";"12";"2";"3";"14";"8055";"205.";"6.1";"8.6";"94.";"7.";"7.01";"10.80";"6.19"
"2015";"12";"2";"3";"15";"8056";"204.";"6.1";"8.6";"92.";"8.";"0.00";"0.00";"0.00"
"2015";"12";"2";"3";"16";"8057";"195.";"6.1";"8.7";"89.";"7.";"0.00";"0.00";"0.00"
"2015";"12";"2";"3";"17";"8058";"193.";"6.5";"8.9";"85.";"8.";"0.00";"0.00";"0.00"
"2015";"12";"2";"3";"18";"8059";"188.";"7.2";"9.0";"84.";"8.";"0.00";"0.00";"0.00"
"2015";"12";"2";"3";"19";"8060";"186.";"7.8";"8.9";"86.";"8.";"0.00";"0.00";"0.00"
"2015";"12";"2";"3";"20";"8061";"190.";"7.9";"8.9";"88.";"8.";"0.00";"0.00";"0.00"
"2015";"12";"2";"3";"21";"8062";"192.";"7.3";"8.8";"88.";"8.";"0.00";"0.00";"0.00"
"2015";"12";"2";"3";"22";"8063";"197.";"6.8";"8.8";"90.";"7.";"0.00";"0.00";"0.00"
"2015";"12";"2";"3";"23";"8064";"198.";"6.5";"8.8";"93.";"7.";"0.00";"0.00";"0.00"
"2015";"12";"3";"4";"0";"8065";"201.";"5.6";"8.9";"94.";"8.";"0.00";"0.00";"0.00"
"2015";"12";"3";"4";"1";"8066";"216.";"5.0";"9.0";"94.";"8.";"0.00";"0.00";"0.00"
"2015";"12";"3";"4";"2";"8067";"220.";"4.6";"9.0";"96.";"7.";"0.00";"0.00";"0.00"
"2015";"12";"3";"4";"3";"8068";"244.";"4.1";"9.0";"97.";"7.";"0.00";"0.00";"0.00"
"2015";"12";"3";"4";"4";"8069";"264.";"3.8";"8.7";"95.";"7.";"0.00";"0.00";"0.00"
"2015";"12";"3";"4";"5";"8070";"287.";"3.4";"8.2";"94.";"5.";"0.00";"0.00";"0.00"
"2015";"12";"3";"4";"6";"8071";"286.";"3.8";"7.5";"93.";"7.";"0.00";"0.00";"0.00"
"2015";"12";"3";"4";"7";"8072";"288.";"3.4";"6.5";"90.";"6.";"0.00";"0.00";"0.00"
"2015";"12";"3";"4";"8";"8073";"289.";"2.7";"6.0";"89.";"7.";"0.00";"0.00";"0.00"
"2015";"12";"3";"4";"9";"8074";"276.";"2.6";"6.0";"88.";"8.";"16.22";"0.00";"16.22"
"2015";"12";"3";"4";"10";"8075";"294.";"1.9";"5.9";"89.";"8.";"61.87";"0.00";"61.87"
"2015";"12";"3";"4";"11";"8076";"291.";"0.9";"6.5";"88.";"7.";"92.13";"55.86";"82.50"
"2015";"12";"3";"4";"12";"8077";"229.";"1.3";"7.2";"87.";"5.";"84.93";"171.18";"55.45"
"2015";"12";"3";"4";"13";"8078";"187.";"1.5";"6.8";"89.";"8.";"48.81";"0.00";"48.81"
"2015";"12";"3";"4";"14";"8079";"163.";"2.0";"6.4";"90.";"8.";"7.12";"0.00";"7.12"
"2015";"12";"3";"4";"15";"8080";"154.";"1.8";"6.0";"93.";"8.";"0.00";"0.00";"0.00"
"2015";"12";"3";"4";"16";"8081";"139.";"2.6";"6.1";"94.";"8.";"0.00";"0.00";"0.00"
"2015";"12";"3";"4";"17";"8082";"135.";"3.3";"6.1";"93.";"7.";"0.00";"0.00";"0.00"
"2015";"12";"3";"4";"18";"8083";"129.";"3.3";"6.0";"91.";"8.";"0.00";"0.00";"0.00"
"2015";"12";"3";"4";"19";"8084";"125.";"3.7";"5.8";"91.";"8.";"0.00";"0.00";"0.00"
"2015";"12";"3";"4";"20";"8085";"142.";"4.1";"5.8";"95.";"8.";"0.00";"0.00";"0.00"
"2015";"12";"3";"4";"21";"8086";"156.";"6.0";"6.4";"96.";"8.";"0.00";"0.00";"0.00"
"2015";"12";"3";"4";"22";"8087";"168.";"8.7";"7.4";"97.";"8.";"0.00";"0.00";"0.00"
"2015";"12";"3";"4";"23";"8088";"171.";"9.6";"8.2";"98.";"8.";"0.00";"0.00";"0.00"
"2015";"12";"4";"5";"0";"8089";"173.";"9.6";"8.1";"96.";"8.";"0.00";"0.00";"0.00"
"2015";"12";"4";"5";"1";"8090";"168.";"9.7";"8.1";"93.";"8.";"0.00";"0.00";"0.00"
"2015";"12";"4";"5";"2";"8091";"166.";"10.5";"8.1";"92.";"8.";"0.00";"0.00";"0.00"
"2015";"12";"4";"5";"3";"8092";"167.";"11.2";"8.1";"90.";"8.";"0.00";"0.00";"0.00"
"2015";"12";"4";"5";"4";"8093";"168.";"11.4";"8.0";"89.";"8.";"0.00";"0.00";"0.00"
"2015";"12";"4";"5";"5";"8094";"166.";"12.3";"8.0";"88.";"8.";"0.00";"0.00";"0.00"
"2015";"12";"4";"5";"6";"8095";"166.";"14.4";"7.1";"92.";"7.";"0.00";"0.00";"0.00"
"2015";"12";"4";"5";"7";"8096";"169.";"14.8";"6.9";"93.";"7.";"0.00";"0.00";"0.00"
"2015";"12";"4";"5";"8";"8097";"174.";"15.3";"7.2";"92.";"7.";"0.00";"0.00";"0.00"
"2015";"12";"4";"5";"9";"8098";"206.";"13.9";"8.1";"88.";"7.";"4.36";"6.23";"3.91"
"2015";"12";"4";"5";"10";"8099";"237.";"12.5";"8.9";"72.";"6.";"44.46";"68.39";"35.12"
"2015";"12";"4";"5";"11";"8100";"249.";"13.6";"8.9";"72.";"4.";"85.54";"163.17";"57.79"
"2015";"12";"4";"5";"12";"8101";"254.";"12.9";"9.0";"70.";"2.";"108.80";"277.67";"61.59"
"2015";"12";"4";"5";"13";"8102";"254.";"11.5";"8.8";"74.";"4.";"62.14";"164.45";"39.67"
"2015";"12";"4";"5";"14";"8103";"250.";"11.4";"8.5";"75.";"2.";"18.73";"96.90";"11.75"
"2015";"12";"4";"5";"15";"8104";"251.";"10.0";"8.3";"77.";"4.";"0.00";"0.00";"0.00"
"2015";"12";"4";"5";"16";"8105";"255.";"9.1";"8.5";"77.";"3.";"0.00";"0.00";"0.00"
"2015";"12";"4";"5";"17";"8106";"256.";"9.0";"8.3";"76.";"5.";"0.00";"0.00";"0.00"
"2015";"12";"4";"5";"18";"8107";"245.";"8.2";"8.1";"78.";"5.";"0.00";"0.00";"0.00"
"2015";"12";"4";"5";"19";"8108";"237.";"7.4";"8.4";"74.";"7.";"0.00";"0.00";"0.00"
"2015";"12";"4";"5";"20";"8109";"217.";"6.5";"8.1";"77.";"7.";"0.00";"0.00";"0.00"
"2015";"12";"4";"5";"21";"8110";"207.";"7.2";"7.8";"83.";"7.";"0.00";"0.00";"0.00"
"2015";"12";"4";"5";"22";"8111";"201.";"7.8";"8.0";"82.";"7.";"0.00";"0.00";"0.00"
"2015";"12";"4";"5";"23";"8112";"201.";"8.4";"8.2";"83.";"7.";"0.00";"0.00";"0.00"
"2015";"12";"5";"6";"0";"8113";"191.";"9.8";"8.3";"84.";"8.";"0.00";"0.00";"0.00"
"2015";"12";"5";"6";"1";"8114";"188.";"10.1";"8.8";"83.";"8.";"0.00";"0.00";"0.00"
"2015";"12";"5";"6";"2";"8115";"186.";"10.1";"8.8";"86.";"8.";"0.00";"0.00";"0.00"
"2015";"12";"5";"6";"3";"8116";"187.";"10.2";"8.8";"90.";"7.";"0.00";"0.00";"0.00"
"2015";"12";"5";"6";"4";"8117";"195.";"9.9";"9.0";"89.";"7.";"0.00";"0.00";"0.00"
"2015";"12";"5";"6";"5";"8118";"197.";"10.4";"9.0";"89.";"7.";"0.00";"0.00";"0.00"
"2015";"12";"5";"6";"6";"8119";"197.";"10.8";"8.8";"91.";"7.";"0.00";"0.00";"0.00"
"2015";"12";"5";"6";"7";"8120";"197.";"10.5";"8.8";"92.";"8.";"0.00";"0.00";"0.00"
"2015";"12";"5";"6";"8";"8121";"201.";"9.8";"8.9";"92.";"8.";"0.00";"0.00";"0.00"
"2015";"12";"5";"6";"9";"8122";"200.";"10.8";"8.9";"91.";"8.";"1.96";"0.00";"1.96"
"2015";"12";"5";"6";"10";"8123";"199.";"10.7";"8.9";"92.";"8.";"13.44";"0.00";"13.44"
"2015";"12";"5";"6";"11";"8124";"202.";"10.6";"9.1";"91.";"8.";"20.68";"0.00";"20.68"
"2015";"12";"5";"6";"12";"8125";"204.";"10.7";"9.2";"91.";"8.";"34.05";"0.00";"34.05"
"2015";"12";"5";"6";"13";"8126";"206.";"10.4";"9.6";"89.";"8.";"22.31";"0.00";"22.31"
"2015";"12";"5";"6";"14";"8127";"203.";"10.1";"9.6";"89.";"8.";"2.09";"0.00";"2.09"
"2015";"12";"5";"6";"15";"8128";"204.";"10.0";"10.1";"85.";"8.";"0.00";"0.00";"0.00"
"2015";"12";"5";"6";"16";"8129";"207.";"10.2";"9.9";"85.";"8.";"0.00";"0.00";"0.00"
"2015";"12";"5";"6";"17";"8130";"203.";"10.7";"9.6";"89.";"8.";"0.00";"0.00";"0.00"
"2015";"12";"5";"6";"18";"8131";"204.";"11.1";"9.4";"90.";"8.";"0.00";"0.00";"0.00"
"2015";"12";"5";"6";"19";"8132";"203.";"11.3";"9.2";"91.";"8.";"0.00";"0.00";"0.00"
"2015";"12";"5";"6";"20";"8133";"202.";"11.0";"9.1";"92.";"7.";"0.00";"0.00";"0.00"
"2015";"12";"5";"6";"21";"8134";"204.";"10.8";"9.1";"92.";"8.";"0.00";"0.00";"0.00"
"2015";"12";"5";"6";"22";"8135";"204.";"10.8";"9.2";"93.";"8.";"0.00";"0.00";"0.00"
"2015";"12";"5";"6";"23";"8136";"205.";"11.1";"9.3";"91.";"8.";"0.00";"0.00";"0.00"
"2015";"12";"6";"7";"0";"8137";"206.";"11.1";"9.7";"88.";"8.";"0.00";"0.00";"0.00"
"2015";"12";"6";"7";"1";"8138";"205.";"10.9";"10.0";"86.";"8.";"0.00";"0.00";"0.00"
"2015";"12";"6";"7";"2";"8139";"200.";"11.1";"10.0";"88.";"8.";"0.00";"0.00";"0.00"
"2015";"12";"6";"7";"3";"8140";"202.";"11.2";"10.0";"86.";"8.";"0.00";"0.00";"0.00"
"2015";"12";"6";"7";"4";"8141";"204.";"10.9";"10.4";"85.";"8.";"0.00";"0.00";"0.00"
"2015";"12";"6";"7";"5";"8142";"205.";"11.3";"10.6";"83.";"8.";"0.00";"0.00";"0.00"
"2015";"12";"6";"7";"6";"8143";"205.";"11.1";"10.4";"84.";"8.";"0.00";"0.00";"0.00"
"2015";"12";"6";"7";"7";"8144";"206.";"11.0";"10.6";"84.";"8.";"0.00";"0.00";"0.00"
"2015";"12";"6";"7";"8";"8145";"206.";"11.0";"10.4";"85.";"8.";"0.00";"0.00";"0.00"
"2015";"12";"6";"7";"9";"8146";"205.";"11.0";"10.3";"86.";"8.";"2.45";"0.00";"2.45"
"2015";"12";"6";"7";"10";"8147";"204.";"11.2";"10.4";"86.";"8.";"23.00";"0.00";"23.00"
"2015";"12";"6";"7";"11";"8148";"199.";"11.2";"10.1";"87.";"8.";"34.23";"0.00";"34.23"
"2015";"12";"6";"7";"12";"8149";"201.";"11.8";"10.0";"88.";"8.";"31.41";"0.00";"31.41"
"2015";"12";"6";"7";"13";"8150";"204.";"12.1";"9.8";"91.";"8.";"12.66";"0.00";"12.66"
"2015";"12";"6";"7";"14";"8151";"207.";"11.6";"10.2";"90.";"8.";"1.10";"0.00";"1.10"
"2015";"12";"6";"7";"15";"8152";"224.";"10.9";"10.2";"90.";"8.";"0.00";"0.00";"0.00"
"2015";"12";"6";"7";"16";"8153";"251.";"9.2";"8.7";"84.";"5.";"0.00";"0.00";"0.00"
"2015";"12";"6";"7";"17";"8154";"258.";"8.5";"8.2";"78.";"6.";"0.00";"0.00";"0.00"
"2015";"12";"6";"7";"18";"8155";"253.";"8.4";"8.1";"76.";"5.";"0.00";"0.00";"0.00"
"2015";"12";"6";"7";"19";"8156";"255.";"9.5";"8.2";"73.";"5.";"0.00";"0.00";"0.00"
"2015";"12";"6";"7";"20";"8157";"258.";"10.0";"7.7";"72.";"4.";"0.00";"0.00";"0.00"
"2015";"12";"6";"7";"21";"8158";"257.";"9.8";"8.0";"68.";"1.";"0.00";"0.00";"0.00"
"2015";"12";"6";"7";"22";"8159";"260.";"10.2";"8.2";"69.";"5.";"0.00";"0.00";"0.00"
"2015";"12";"6";"7";"23";"8160";"259.";"10.6";"8.3";"68.";"4.";"0.00";"0.00";"0.00"
"2015";"12";"7";"1";"0";"8161";"259.";"10.9";"8.5";"69.";"5.";"0.00";"0.00";"0.00"
"2015";"12";"7";"1";"1";"8162";"261.";"9.6";"8.7";"69.";"7.";"0.00";"0.00";"0.00"
"2015";"12";"7";"1";"2";"8163";"267.";"8.8";"8.8";"70.";"5.";"0.00";"0.00";"0.00"
"2015";"12";"7";"1";"3";"8164";"271.";"8.0";"8.8";"71.";"3.";"0.00";"0.00";"0.00"
"2015";"12";"7";"1";"4";"8165";"272.";"6.3";"8.6";"72.";"4.";"0.00";"0.00";"0.00"
"2015";"12";"7";"1";"5";"8166";"274.";"6.6";"8.3";"73.";"2.";"0.00";"0.00";"0.00"
"2015";"12";"7";"1";"6";"8167";"277.";"5.7";"8.2";"75.";"3.";"0.00";"0.00";"0.00"
"2015";"12";"7";"1";"7";"8168";"279.";"5.6";"8.1";"77.";"2.";"0.00";"0.00";"0.00"
"2015";"12";"7";"1";"8";"8169";"278.";"5.5";"8.0";"79.";"0.";"0.00";"0.00";"0.00"
"2015";"12";"7";"1";"9";"8170";"269.";"4.8";"8.3";"79.";"2.";"13.79";"80.59";"8.44"
"2015";"12";"7";"1";"10";"8171";"272.";"5.1";"8.7";"78.";"2.";"78.56";"282.41";"41.64"
"2015";"12";"7";"1";"11";"8172";"276.";"5.5";"8.8";"75.";"4.";"101.66";"241.49";"62.04"
"2015";"12";"7";"1";"12";"8173";"286.";"4.4";"8.7";"74.";"1.";"120.85";"401.23";"55.01"
"2015";"12";"7";"1";"13";"8174";"291.";"4.8";"8.1";"74.";"2.";"81.22";"290.25";"43.27"
"2015";"12";"7";"1";"14";"8175";"298.";"3.5";"6.9";"77.";"2.";"18.28";"106.95";"11.19"
"2015";"12";"7";"1";"15";"8176";"317.";"2.0";"4.8";"82.";"1.";"0.00";"0.00";"0.00"
"2015";"12";"7";"1";"16";"8177";"336.";"0.2";"3.1";"87.";"4.";"0.00";"0.00";"0.00"
"2015";"12";"7";"1";"17";"8178";"162.";"0.4";"2.1";"91.";"2.";"0.00";"0.00";"0.00"
"2015";"12";"7";"1";"18";"8179";"192.";"0.6";"1.6";"95.";"0.";"0.00";"0.00";"0.00"
"2015";"12";"7";"1";"19";"8180";"166.";"0.8";"1.2";"94.";"3.";"0.00";"0.00";"0.00"
"2015";"12";"7";"1";"20";"8181";"193.";"0.9";"1.5";"94.";"6.";"0.00";"0.00";"0.00"
"2015";"12";"7";"1";"21";"8182";"147.";"1.7";"1.8";"96.";"5.";"0.00";"0.00";"0.00"
"2015";"12";"7";"1";"22";"8183";"144.";"2.7";"2.2";"96.";"8.";"0.00";"0.00";"0.00"
"2015";"12";"7";"1";"23";"8184";"162.";"2.9";"3.1";"97.";"7.";"0.00";"0.00";"0.00"
"2015";"12";"8";"2";"0";"8185";"152.";"3.1";"4.0";"97.";"6.";"0.00";"0.00";"0.00"
"2015";"12";"8";"2";"1";"8186";"146.";"4.1";"4.7";"97.";"7.";"0.00";"0.00";"0.00"
"2015";"12";"8";"2";"2";"8187";"153.";"4.5";"5.1";"97.";"7.";"0.00";"0.00";"0.00"
"2015";"12";"8";"2";"3";"8188";"148.";"5.2";"5.3";"97.";"8.";"0.00";"0.00";"0.00"
"2015";"12";"8";"2";"4";"8189";"152.";"5.5";"5.0";"95.";"8.";"0.00";"0.00";"0.00"
"2015";"12";"8";"2";"5";"8190";"147.";"6.4";"5.4";"91.";"8.";"0.00";"0.00";"0.00"
"2015";"12";"8";"2";"6";"8191";"150.";"6.5";"5.8";"91.";"7.";"0.00";"0.00";"0.00"
"2015";"12";"8";"2";"7";"8192";"152.";"6.9";"6.1";"94.";"8.";"0.00";"0.00";"0.00"
"2015";"12";"8";"2";"8";"8193";"155.";"7.2";"6.4";"94.";"8.";"0.00";"0.00";"0.00"
"2015";"12";"8";"2";"9";"8194";"158.";"7.1";"6.9";"94.";"8.";"3.24";"0.00";"3.24"
"2015";"12";"8";"2";"10";"8195";"159.";"7.7";"7.4";"95.";"8.";"22.87";"0.00";"22.87"
"2015";"12";"8";"2";"11";"8196";"162.";"7.8";"7.9";"96.";"8.";"32.31";"0.00";"32.31"
"2015";"12";"8";"2";"12";"8197";"162.";"7.7";"8.4";"95.";"8.";"33.29";"0.00";"33.29"
"2015";"12";"8";"2";"13";"8198";"160.";"7.9";"8.8";"94.";"8.";"21.88";"0.00";"21.88"
"2015";"12";"8";"2";"14";"8199";"168.";"8.3";"9.2";"94.";"8.";"1.32";"0.00";"1.32"
"2015";"12";"8";"2";"15";"8200";"168.";"9.0";"9.1";"92.";"8.";"0.00";"0.00";"0.00"
"2015";"12";"8";"2";"16";"8201";"170.";"9.0";"8.8";"91.";"8.";"0.00";"0.00";"0.00"
"2015";"12";"8";"2";"17";"8202";"168.";"9.5";"8.6";"91.";"8.";"0.00";"0.00";"0.00"
"2015";"12";"8";"2";"18";"8203";"167.";"9.5";"8.5";"90.";"8.";"0.00";"0.00";"0.00"
"2015";"12";"8";"2";"19";"8204";"167.";"9.0";"8.4";"92.";"8.";"0.00";"0.00";"0.00"
"2015";"12";"8";"2";"20";"8205";"170.";"8.7";"8.4";"91.";"8.";"0.00";"0.00";"0.00"
"2015";"12";"8";"2";"21";"8206";"170.";"8.7";"8.4";"91.";"8.";"0.00";"0.00";"0.00"
"2015";"12";"8";"2";"22";"8207";"174.";"8.2";"8.7";"90.";"7.";"0.00";"0.00";"0.00"
"2015";"12";"8";"2";"23";"8208";"172.";"8.2";"8.7";"90.";"7.";"0.00";"0.00";"0.00"
"2015";"12";"9";"3";"0";"8209";"184.";"7.9";"8.7";"90.";"7.";"0.00";"0.00";"0.00"
"2015";"12";"9";"3";"1";"8210";"192.";"7.7";"8.4";"91.";"7.";"0.00";"0.00";"0.00"
"2015";"12";"9";"3";"2";"8211";"198.";"7.1";"8.4";"94.";"8.";"0.00";"0.00";"0.00"
"2015";"12";"9";"3";"3";"8212";"204.";"6.6";"8.5";"95.";"8.";"0.00";"0.00";"0.00"
"2015";"12";"9";"3";"4";"8213";"211.";"6.5";"8.7";"95.";"8.";"0.00";"0.00";"0.00"
"2015";"12";"9";"3";"5";"8214";"219.";"5.8";"8.6";"95.";"7.";"0.00";"0.00";"0.00"
"2015";"12";"9";"3";"6";"8215";"229.";"6.3";"8.3";"92.";"7.";"0.00";"0.00";"0.00"
"2015";"12";"9";"3";"7";"8216";"230.";"6.4";"7.9";"90.";"5.";"0.00";"0.00";"0.00"
"2015";"12";"9";"3";"8";"8217";"223.";"6.3";"7.5";"90.";"5.";"0.00";"0.00";"0.00"
"2015";"12";"9";"3";"9";"8218";"233.";"7.3";"8.0";"90.";"7.";"3.29";"6.09";"2.90"
"2015";"12";"9";"3";"10";"8219";"257.";"8.3";"8.1";"88.";"1.";"72.86";"252.95";"40.64"
"2015";"12";"9";"3";"11";"8220";"260.";"7.1";"8.6";"78.";"1.";"110.03";"355.60";"52.88"
"2015";"12";"9";"3";"12";"8221";"265.";"8.0";"8.4";"73.";"4.";"86.72";"190.62";"56.09"
"2015";"12";"9";"3";"13";"8222";"271.";"7.3";"8.2";"69.";"2.";"72.20";"260.01";"39.08"
"2015";"12";"9";"3";"14";"8223";"266.";"6.3";"8.0";"73.";"5.";"10.57";"38.76";"8.12"
"2015";"12";"9";"3";"15";"8224";"248.";"6.3";"7.5";"74.";"1.";"0.00";"0.00";"0.00"
"2015";"12";"9";"3";"16";"8225";"239.";"6.7";"7.3";"77.";"1.";"0.00";"0.00";"0.00"
"2015";"12";"9";"3";"17";"8226";"233.";"7.1";"6.9";"81.";"3.";"0.00";"0.00";"0.00"
"2015";"12";"9";"3";"18";"8227";"226.";"7.3";"7.1";"81.";"5.";"0.00";"0.00";"0.00"
"2015";"12";"9";"3";"19";"8228";"215.";"7.4";"7.0";"82.";"5.";"0.00";"0.00";"0.00"
"2015";"12";"9";"3";"20";"8229";"216.";"8.8";"7.4";"81.";"7.";"0.00";"0.00";"0.00"
"2015";"12";"9";"3";"21";"8230";"215.";"10.0";"7.6";"84.";"8.";"0.00";"0.00";"0.00"
"2015";"12";"9";"3";"22";"8231";"214.";"10.1";"7.8";"85.";"7.";"0.00";"0.00";"0.00"
"2015";"12";"9";"3";"23";"8232";"210.";"9.8";"8.0";"85.";"7.";"0.00";"0.00";"0.00"
"2015";"12";"10";"4";"0";"8233";"209.";"9.7";"8.1";"85.";"7.";"0.00";"0.00";"0.00"
"2015";"12";"10";"4";"1";"8234";"207.";"9.8";"8.1";"85.";"7.";"0.00";"0.00";"0.00"
"2015";"12";"10";"4";"2";"8235";"205.";"9.9";"8.5";"83.";"7.";"0.00";"0.00";"0.00"
"2015";"12";"10";"4";"3";"8236";"201.";"10.2";"8.6";"84.";"7.";"0.00";"0.00";"0.00"
"2015";"12";"10";"4";"4";"8237";"204.";"10.5";"8.9";"83.";"8.";"0.00";"0.00";"0.00"
"2015";"12";"10";"4";"5";"8238";"208.";"10.9";"8.9";"85.";"8.";"0.00";"0.00";"0.00"
"2015";"12";"10";"4";"6";"8239";"210.";"10.6";"8.5";"87.";"8.";"0.00";"0.00";"0.00"
"2015";"12";"10";"4";"7";"8240";"209.";"10.4";"8.4";"91.";"8.";"0.00";"0.00";"0.00"
"2015";"12";"10";"4";"8";"8241";"208.";"10.0";"8.5";"92.";"8.";"0.00";"0.00";"0.00"
"2015";"12";"10";"4";"9";"8242";"208.";"10.0";"8.5";"92.";"8.";"0.71";"0.00";"0.71"
"2015";"12";"10";"4";"10";"8243";"208.";"10.0";"8.5";"93.";"8.";"11.58";"0.00";"11.58"
"2015";"12";"10";"4";"11";"8244";"207.";"9.8";"8.6";"93.";"8.";"18.39";"0.00";"18.39"
"2015";"12";"10";"4";"12";"8245";"214.";"10.2";"8.6";"93.";"8.";"18.17";"0.00";"18.17"
"2015";"12";"10";"4";"13";"8246";"214.";"10.4";"8.7";"92.";"8.";"24.62";"0.00";"24.62"
"2015";"12";"10";"4";"14";"8247";"215.";"10.4";"8.7";"91.";"8.";"1.25";"0.00";"1.25"
"2015";"12";"10";"4";"15";"8248";"217.";"9.8";"8.8";"91.";"8.";"0.00";"0.00";"0.00"
"2015";"12";"10";"4";"16";"8249";"223.";"9.0";"8.4";"89.";"8.";"0.00";"0.00";"0.00"
"2015";"12";"10";"4";"17";"8250";"232.";"8.2";"8.5";"83.";"7.";"0.00";"0.00";"0.00"
"2015";"12";"10";"4";"18";"8251";"241.";"7.9";"8.2";"83.";"8.";"0.00";"0.00";"0.00"
"2015";"12";"10";"4";"19";"8252";"237.";"6.4";"8.1";"82.";"6.";"0.00";"0.00";"0.00"
"2015";"12";"10";"4";"20";"8253";"237.";"6.5";"7.6";"80.";"7.";"0.00";"0.00";"0.00"
"2015";"12";"10";"4";"21";"8254";"229.";"6.4";"7.2";"81.";"7.";"0.00";"0.00";"0.00"
"2015";"12";"10";"4";"22";"8255";"228.";"6.6";"6.8";"86.";"8.";"0.00";"0.00";"0.00"
"2015";"12";"10";"4";"23";"8256";"221.";"6.4";"6.4";"85.";"7.";"0.00";"0.00";"0.00"
"2015";"12";"11";"5";"0";"8257";"214.";"6.3";"6.4";"85.";"6.";"0.00";"0.00";"0.00"
"2015";"12";"11";"5";"1";"8258";"221.";"6.9";"6.7";"86.";"7.";"0.00";"0.00";"0.00"
"2015";"12";"11";"5";"2";"8259";"228.";"7.7";"6.6";"84.";"7.";"0.00";"0.00";"0.00"
"2015";"12";"11";"5";"3";"8260";"234.";"7.9";"6.2";"83.";"5.";"0.00";"0.00";"0.00"
"2015";"12";"11";"5";"4";"8261";"233.";"8.2";"6.1";"83.";"5.";"0.00";"0.00";"0.00"
"2015";"12";"11";"5";"5";"8262";"232.";"7.9";"6.0";"83.";"6.";"0.00";"0.00";"0.00"
"2015";"12";"11";"5";"6";"8263";"232.";"7.9";"6.2";"82.";"6.";"0.00";"0.00";"0.00"
"2015";"12";"11";"5";"7";"8264";"226.";"7.5";"5.5";"82.";"6.";"0.00";"0.00";"0.00"
"2015";"12";"11";"5";"8";"8265";"214.";"7.1";"5.1";"85.";"7.";"0.00";"0.00";"0.00"
"2015";"12";"11";"5";"9";"8266";"206.";"6.3";"6.1";"84.";"7.";"6.99";"11.94";"6.27"
"2015";"12";"11";"5";"10";"8267";"196.";"6.4";"6.5";"84.";"5.";"50.59";"124.88";"35.04"
"2015";"12";"11";"5";"11";"8268";"220.";"6.1";"5.3";"88.";"8.";"25.89";"0.00";"25.89"
"2015";"12";"11";"5";"12";"8269";"217.";"7.5";"5.6";"87.";"7.";"34.68";"33.77";"29.35"
"2015";"12";"11";"5";"13";"8270";"224.";"8.2";"5.8";"85.";"7.";"33.87";"47.29";"27.98"
"2015";"12";"11";"5";"14";"8271";"231.";"6.3";"5.5";"84.";"8.";"5.26";"0.00";"5.26"
"2015";"12";"11";"5";"15";"8272";"282.";"6.1";"5.2";"84.";"7.";"0.00";"0.00";"0.00"
"2015";"12";"11";"5";"16";"8273";"278.";"5.2";"5.2";"83.";"8.";"0.00";"0.00";"0.00"
"2015";"12";"11";"5";"17";"8274";"267.";"4.6";"5.4";"83.";"5.";"0.00";"0.00";"0.00"
"2015";"12";"11";"5";"18";"8275";"270.";"5.1";"5.0";"81.";"7.";"0.00";"0.00";"0.00"
"2015";"12";"11";"5";"19";"8276";"262.";"4.5";"5.1";"81.";"5.";"0.00";"0.00";"0.00"
"2015";"12";"11";"5";"20";"8277";"263.";"4.9";"5.3";"80.";"6.";"0.00";"0.00";"0.00"
"2015";"12";"11";"5";"21";"8278";"263.";"5.1";"5.0";"79.";"6.";"0.00";"0.00";"0.00"
"2015";"12";"11";"5";"22";"8279";"264.";"5.6";"4.9";"81.";"6.";"0.00";"0.00";"0.00"
"2015";"12";"11";"5";"23";"8280";"262.";"5.2";"4.9";"81.";"6.";"0.00";"0.00";"0.00"
"2015";"12";"12";"6";"0";"8281";"257.";"4.9";"5.0";"83.";"7.";"0.00";"0.00";"0.00"
"2015";"12";"12";"6";"1";"8282";"263.";"6.0";"5.3";"84.";"7.";"0.00";"0.00";"0.00"
"2015";"12";"12";"6";"2";"8283";"257.";"4.9";"4.2";"86.";"7.";"0.00";"0.00";"0.00"
"2015";"12";"12";"6";"3";"8284";"263.";"4.4";"4.0";"85.";"7.";"0.00";"0.00";"0.00"
"2015";"12";"12";"6";"4";"8285";"258.";"4.1";"3.6";"88.";"6.";"0.00";"0.00";"0.00"
"2015";"12";"12";"6";"5";"8286";"265.";"4.1";"4.7";"87.";"5.";"0.00";"0.00";"0.00"
"2015";"12";"12";"6";"6";"8287";"276.";"4.5";"5.0";"83.";"3.";"0.00";"0.00";"0.00"
"2015";"12";"12";"6";"7";"8288";"286.";"4.5";"5.3";"81.";"4.";"0.00";"0.00";"0.00"
"2015";"12";"12";"6";"8";"8289";"287.";"4.2";"5.3";"82.";"4.";"0.00";"0.00";"0.00"
"2015";"12";"12";"6";"9";"8290";"288.";"4.9";"5.4";"82.";"3.";"11.69";"85.23";"6.66"
"2015";"12";"12";"6";"10";"8291";"290.";"4.4";"6.1";"79.";"2.";"72.78";"340.45";"30.82"
"2015";"12";"12";"6";"11";"8292";"288.";"4.6";"6.7";"75.";"1.";"116.97";"488.63";"40.50"
"2015";"12";"12";"6";"12";"8293";"287.";"5.1";"6.7";"73.";"1.";"120.36";"497.83";"42.45"
"2015";"12";"12";"6";"13";"8294";"288.";"5.1";"6.2";"74.";"3.";"69.03";"297.14";"32.41"
"2015";"12";"12";"6";"14";"8295";"286.";"4.7";"5.5";"76.";"2.";"14.41";"114.94";"7.63"
"2015";"12";"12";"6";"15";"8296";"289.";"3.9";"4.5";"77.";"2.";"0.00";"0.00";"0.00"
"2015";"12";"12";"6";"16";"8297";"281.";"3.3";"2.9";"81.";"2.";"0.00";"0.00";"0.00"
"2015";"12";"12";"6";"17";"8298";"280.";"3.1";"2.2";"86.";"6.";"0.00";"0.00";"0.00"
"2015";"12";"12";"6";"18";"8299";"270.";"3.1";"2.0";"89.";"7.";"0.00";"0.00";"0.00"
"2015";"12";"12";"6";"19";"8300";"269.";"2.3";"2.5";"90.";"5.";"0.00";"0.00";"0.00"
"2015";"12";"12";"6";"20";"8301";"270.";"1.5";"2.5";"90.";"5.";"0.00";"0.00";"0.00"
"2015";"12";"12";"6";"21";"8302";"256.";"2.2";"3.1";"92.";"7.";"0.00";"0.00";"0.00"
"2015";"12";"12";"6";"22";"8303";"218.";"1.4";"2.9";"93.";"8.";"0.00";"0.00";"0.00"
"2015";"12";"12";"6";"23";"8304";"203.";"1.4";"2.8";"92.";"6.";"0.00";"0.00";"0.00"
"2015";"12";"13";"7";"0";"8305";"191.";"2.1";"2.4";"92.";"6.";"0.00";"0.00";"0.00"
"2015";"12";"13";"7";"1";"8306";"197.";"1.8";"2.8";"91.";"7.";"0.00";"0.00";"0.00"
"2015";"12";"13";"7";"2";"8307";"179.";"1.2";"2.9";"91.";"8.";"0.00";"0.00";"0.00"
"2015";"12";"13";"7";"3";"8308";"242.";"0.9";"3.1";"96.";"7.";"0.00";"0.00";"0.00"
"2015";"12";"13";"7";"4";"8309";"70.";"1.2";"3.0";"97.";"8.";"0.00";"0.00";"0.00"
"2015";"12";"13";"7";"5";"8310";"40.";"3.0";"2.5";"97.";"7.";"0.00";"0.00";"0.00"
"2015";"12";"13";"7";"6";"8311";"36.";"3.8";"1.8";"96.";"8.";"0.00";"0.00";"0.00"
"2015";"12";"13";"7";"7";"8312";"30.";"3.8";"1.7";"94.";"7.";"0.00";"0.00";"0.00"
"2015";"12";"13";"7";"8";"8313";"32.";"4.4";"1.0";"91.";"4.";"0.00";"0.00";"0.00"
"2015";"12";"13";"7";"9";"8314";"24.";"4.1";"0.2";"93.";"3.";"16.40";"123.35";"9.26"
"2015";"12";"13";"7";"10";"8315";"31.";"3.8";"0.6";"92.";"0.";"93.00";"505.68";"31.26"
"2015";"12";"13";"7";"11";"8316";"24.";"3.5";"1.3";"88.";"0.";"134.02";"605.29";"40.00"
"2015";"12";"13";"7";"12";"8317";"21.";"2.8";"1.4";"84.";"0.";"135.20";"616.25";"39.48"
"2015";"12";"13";"7";"13";"8318";"12.";"2.1";"1.1";"83.";"0.";"94.79";"520.63";"31.21"
"2015";"12";"13";"7";"14";"8319";"14.";"1.6";"-0.2";"86.";"2.";"20.30";"164.82";"10.75"
"2015";"12";"13";"7";"15";"8320";"350.";"1.2";"-1.2";"91.";"0.";"0.00";"0.00";"0.00"
"2015";"12";"13";"7";"16";"8321";"343.";"0.9";"-1.8";"93.";"2.";"0.00";"0.00";"0.00"
"2015";"12";"13";"7";"17";"8322";"62.";"0.5";"-2.2";"94.";"1.";"0.00";"0.00";"0.00"
"2015";"12";"13";"7";"18";"8323";"112.";"0.7";"-2.4";"95.";"1.";"0.00";"0.00";"0.00"
"2015";"12";"13";"7";"19";"8324";"135.";"1.4";"-2.8";"95.";"1.";"0.00";"0.00";"0.00"
"2015";"12";"13";"7";"20";"8325";"148.";"2.1";"-3.0";"94.";"1.";"0.00";"0.00";"0.00"
"2015";"12";"13";"7";"21";"8326";"154.";"1.8";"-3.3";"94.";"1.";"0.00";"0.00";"0.00"
"2015";"12";"13";"7";"22";"8327";"183.";"1.4";"-3.1";"93.";"2.";"0.00";"0.00";"0.00"
"2015";"12";"13";"7";"23";"8328";"167.";"1.6";"-3.5";"94.";"3.";"0.00";"0.00";"0.00"
"2015";"12";"14";"1";"0";"8329";"190.";"1.4";"-3.4";"94.";"3.";"0.00";"0.00";"0.00"
"2015";"12";"14";"1";"1";"8330";"189.";"1.6";"-3.0";"93.";"6.";"0.00";"0.00";"0.00"
"2015";"12";"14";"1";"2";"8331";"175.";"1.6";"-2.6";"94.";"8.";"0.00";"0.00";"0.00"
"2015";"12";"14";"1";"3";"8332";"196.";"1.5";"-2.2";"94.";"8.";"0.00";"0.00";"0.00"
"2015";"12";"14";"1";"4";"8333";"197.";"1.5";"-1.5";"95.";"6.";"0.00";"0.00";"0.00"
"2015";"12";"14";"1";"5";"8334";"184.";"1.5";"-1.3";"94.";"7.";"0.00";"0.00";"0.00"
"2015";"12";"14";"1";"6";"8335";"173.";"1.6";"-1.0";"94.";"8.";"0.00";"0.00";"0.00"
"2015";"12";"14";"1";"7";"8336";"152.";"1.9";"-0.6";"94.";"7.";"0.00";"0.00";"0.00"
"2015";"12";"14";"1";"8";"8337";"139.";"2.1";"-0.1";"95.";"8.";"0.00";"0.00";"0.00"
"2015";"12";"14";"1";"9";"8338";"147.";"2.0";"0.5";"95.";"8.";"5.63";"0.00";"5.63"
"2015";"12";"14";"1";"10";"8339";"159.";"1.9";"1.1";"95.";"8.";"34.50";"0.00";"34.50"
"2015";"12";"14";"1";"11";"8340";"152.";"2.1";"1.4";"95.";"5.";"79.93";"198.83";"49.26"
"2015";"12";"14";"1";"12";"8341";"144.";"2.6";"1.8";"95.";"7.";"50.45";"60.79";"41.07"
"2015";"12";"14";"1";"13";"8342";"145.";"2.5";"2.0";"96.";"7.";"34.20";"49.79";"28.17"
"2015";"12";"14";"1";"14";"8343";"133.";"3.2";"2.0";"96.";"6.";"7.16";"23.71";"5.82"
"2015";"12";"14";"1";"15";"8344";"137.";"3.4";"2.1";"96.";"7.";"0.00";"0.00";"0.00"
"2015";"12";"14";"1";"16";"8345";"139.";"2.8";"2.0";"96.";"8.";"0.00";"0.00";"0.00"
"2015";"12";"14";"1";"17";"8346";"135.";"3.3";"1.9";"96.";"8.";"0.00";"0.00";"0.00"
"2015";"12";"14";"1";"18";"8347";"140.";"3.8";"1.9";"96.";"8.";"0.00";"0.00";"0.00"
"2015";"12";"14";"1";"19";"8348";"165.";"2.6";"2.1";"96.";"8.";"0.00";"0.00";"0.00"
"2015";"12";"14";"1";"20";"8349";"166.";"2.3";"1.9";"96.";"8.";"0.00";"0.00";"0.00"
"2015";"12";"14";"1";"21";"8350";"151.";"1.6";"1.9";"96.";"8.";"0.00";"0.00";"0.00"
"2015";"12";"14";"1";"22";"8351";"131.";"2.4";"1.5";"96.";"7.";"0.00";"0.00";"0.00"
"2015";"12";"14";"1";"23";"8352";"126.";"2.1";"1.1";"97.";"7.";"0.00";"0.00";"0.00"
"2015";"12";"15";"2";"0";"8353";"120.";"2.4";"0.7";"97.";"6.";"0.00";"0.00";"0.00"
"2015";"12";"15";"2";"1";"8354";"117.";"1.8";"0.5";"97.";"6.";"0.00";"0.00";"0.00"
"2015";"12";"15";"2";"2";"8355";"113.";"2.3";"0.6";"98.";"7.";"0.00";"0.00";"0.00"
"2015";"12";"15";"2";"3";"8356";"113.";"1.9";"0.1";"97.";"7.";"0.00";"0.00";"0.00"
"2015";"12";"15";"2";"4";"8357";"105.";"1.7";"-0.2";"97.";"7.";"0.00";"0.00";"0.00"
"2015";"12";"15";"2";"5";"8358";"111.";"1.7";"-0.4";"97.";"6.";"0.00";"0.00";"0.00"
"2015";"12";"15";"2";"6";"8359";"105.";"1.9";"-0.6";"97.";"7.";"0.00";"0.00";"0.00"
"2015";"12";"15";"2";"7";"8360";"98.";"1.9";"-0.5";"97.";"7.";"0.00";"0.00";"0.00"
"2015";"12";"15";"2";"8";"8361";"97.";"1.8";"-0.6";"97.";"8.";"0.00";"0.00";"0.00"
"2015";"12";"15";"2";"9";"8362";"61.";"1.6";"-0.6";"97.";"7.";"5.89";"3.06";"5.72"
"2015";"12";"15";"2";"10";"8363";"75.";"1.3";"-0.7";"97.";"8.";"22.93";"0.00";"22.93"
"2015";"12";"15";"2";"11";"8364";"82.";"0.9";"-0.8";"98.";"8.";"31.09";"0.00";"31.09"
"2015";"12";"15";"2";"12";"8365";"81.";"0.7";"-0.3";"99.";"7.";"37.62";"7.55";"36.46"
"2015";"12";"15";"2";"13";"8366";"63.";"0.8";"-0.3";"98.";"8.";"18.38";"0.00";"18.38"
"2015";"12";"15";"2";"14";"8367";"50.";"0.8";"-0.4";"98.";"7.";"5.16";"2.26";"5.04"
"2015";"12";"15";"2";"15";"8368";"77.";"1.1";"-0.6";"98.";"8.";"0.00";"0.00";"0.00"
"2015";"12";"15";"2";"16";"8369";"73.";"1.2";"-0.7";"98.";"8.";"0.00";"0.00";"0.00"
"2015";"12";"15";"2";"17";"8370";"94.";"1.2";"-1.1";"97.";"8.";"0.00";"0.00";"0.00"
"2015";"12";"15";"2";"18";"8371";"100.";"1.1";"-0.9";"98.";"8.";"0.00";"0.00";"0.00"
"2015";"12";"15";"2";"19";"8372";"99.";"0.7";"-1.0";"98.";"8.";"0.00";"0.00";"0.00"
"2015";"12";"15";"2";"20";"8373";"112.";"1.2";"-1.2";"98.";"8.";"0.00";"0.00";"0.00"
"2015";"12";"15";"2";"21";"8374";"123.";"1.0";"-1.4";"98.";"8.";"0.00";"0.00";"0.00"
"2015";"12";"15";"2";"22";"8375";"120.";"1.1";"-1.4";"97.";"8.";"0.00";"0.00";"0.00"
"2015";"12";"15";"2";"23";"8376";"129.";"1.3";"-1.7";"97.";"8.";"0.00";"0.00";"0.00"
"2015";"12";"16";"3";"0";"8377";"131.";"1.3";"-1.2";"97.";"8.";"0.00";"0.00";"0.00"
"2015";"12";"16";"3";"1";"8378";"114.";"2.6";"-1.2";"97.";"8.";"0.00";"0.00";"0.00"
"2015";"12";"16";"3";"2";"8379";"113.";"2.2";"-1.2";"97.";"8.";"0.00";"0.00";"0.00"
"2015";"12";"16";"3";"3";"8380";"135.";"2.3";"-1.0";"98.";"7.";"0.00";"0.00";"0.00"
"2015";"12";"16";"3";"4";"8381";"119.";"2.8";"-1.4";"98.";"8.";"0.00";"0.00";"0.00"
"2015";"12";"16";"3";"5";"8382";"123.";"2.7";"-1.6";"97.";"8.";"0.00";"0.00";"0.00"
"2015";"12";"16";"3";"6";"8383";"128.";"2.8";"-2.1";"96.";"8.";"0.00";"0.00";"0.00"
"2015";"12";"16";"3";"7";"8384";"132.";"3.1";"-2.2";"97.";"8.";"0.00";"0.00";"0.00"
"2015";"12";"16";"3";"8";"8385";"138.";"3.3";"-1.7";"97.";"7.";"0.00";"0.00";"0.00"
"2015";"12";"16";"3";"9";"8386";"129.";"4.1";"-1.2";"97.";"8.";"5.95";"0.00";"5.95"
"2015";"12";"16";"3";"10";"8387";"132.";"4.3";"-0.5";"97.";"8.";"26.66";"0.00";"26.66"
"2015";"12";"16";"3";"11";"8388";"134.";"4.6";"0.0";"96.";"8.";"37.82";"0.00";"37.82"
"2015";"12";"16";"3";"12";"8389";"133.";"4.9";"0.4";"95.";"8.";"37.23";"0.00";"37.23"
"2015";"12";"16";"3";"13";"8390";"141.";"4.7";"0.5";"95.";"7.";"33.40";"42.58";"28.32"
"2015";"12";"16";"3";"14";"8391";"140.";"4.7";"0.7";"95.";"8.";"4.75";"0.00";"4.75"
"2015";"12";"16";"3";"15";"8392";"138.";"5.0";"0.9";"95.";"8.";"0.00";"0.00";"0.00"
"2015";"12";"16";"3";"16";"8393";"141.";"5.1";"1.2";"95.";"8.";"0.00";"0.00";"0.00"
"2015";"12";"16";"3";"17";"8394";"139.";"5.7";"1.2";"95.";"8.";"0.00";"0.00";"0.00"
"2015";"12";"16";"3";"18";"8395";"139.";"5.9";"1.6";"95.";"8.";"0.00";"0.00";"0.00"
"2015";"12";"16";"3";"19";"8396";"142.";"6.1";"1.8";"96.";"8.";"0.00";"0.00";"0.00"
"2015";"12";"16";"3";"20";"8397";"147.";"6.7";"2.1";"96.";"8.";"0.00";"0.00";"0.00"
"2015";"12";"16";"3";"21";"8398";"149.";"6.5";"2.3";"96.";"8.";"0.00";"0.00";"0.00"
"2015";"12";"16";"3";"22";"8399";"150.";"6.2";"2.9";"97.";"8.";"0.00";"0.00";"0.00"
"2015";"12";"16";"3";"23";"8400";"152.";"6.4";"3.2";"97.";"8.";"0.00";"0.00";"0.00"
"2015";"12";"17";"4";"0";"8401";"156.";"6.4";"3.6";"97.";"8.";"0.00";"0.00";"0.00"
"2015";"12";"17";"4";"1";"8402";"158.";"6.1";"3.8";"96.";"8.";"0.00";"0.00";"0.00"
"2015";"12";"17";"4";"2";"8403";"160.";"5.9";"4.1";"97.";"7.";"0.00";"0.00";"0.00"
"2015";"12";"17";"4";"3";"8404";"164.";"5.0";"4.4";"96.";"7.";"0.00";"0.00";"0.00"
"2015";"12";"17";"4";"4";"8405";"165.";"5.0";"4.8";"97.";"8.";"0.00";"0.00";"0.00"
"2015";"12";"17";"4";"5";"8406";"163.";"5.0";"5.1";"96.";"8.";"0.00";"0.00";"0.00"
"2015";"12";"17";"4";"6";"8407";"164.";"5.0";"5.5";"97.";"8.";"0.00";"0.00";"0.00"
"2015";"12";"17";"4";"7";"8408";"170.";"4.7";"5.9";"97.";"8.";"0.00";"0.00";"0.00"
"2015";"12";"17";"4";"8";"8409";"182.";"3.9";"6.4";"97.";"8.";"0.00";"0.00";"0.00"
"2015";"12";"17";"4";"9";"8410";"198.";"3.3";"6.7";"97.";"8.";"0.21";"0.00";"0.21"
"2015";"12";"17";"4";"10";"8411";"203.";"3.1";"7.1";"97.";"8.";"18.47";"0.00";"18.47"
"2015";"12";"17";"4";"11";"8412";"220.";"3.3";"7.4";"98.";"8.";"21.39";"0.00";"21.39"
"2015";"12";"17";"4";"12";"8413";"219.";"3.7";"7.9";"97.";"8.";"25.70";"0.00";"25.70"
"2015";"12";"17";"4";"13";"8414";"214.";"4.3";"8.3";"97.";"8.";"16.98";"0.00";"16.98"
"2015";"12";"17";"4";"14";"8415";"212.";"4.8";"8.3";"97.";"7.";"0.00";"0.00";"0.00"
"2015";"12";"17";"4";"15";"8416";"203.";"4.4";"8.3";"97.";"7.";"0.00";"0.00";"0.00"
"2015";"12";"17";"4";"16";"8417";"190.";"4.7";"8.5";"97.";"8.";"0.00";"0.00";"0.00"
"2015";"12";"17";"4";"17";"8418";"189.";"5.1";"8.5";"98.";"8.";"0.00";"0.00";"0.00"
"2015";"12";"17";"4";"18";"8419";"184.";"5.7";"8.9";"98.";"8.";"0.00";"0.00";"0.00"
"2015";"12";"17";"4";"19";"8420";"191.";"5.8";"8.8";"98.";"8.";"0.00";"0.00";"0.00"
"2015";"12";"17";"4";"20";"8421";"193.";"5.8";"8.9";"98.";"8.";"0.00";"0.00";"0.00"
"2015";"12";"17";"4";"21";"8422";"191.";"5.4";"8.8";"98.";"8.";"0.00";"0.00";"0.00"
"2015";"12";"17";"4";"22";"8423";"197.";"5.6";"8.6";"98.";"8.";"0.00";"0.00";"0.00"
"2015";"12";"17";"4";"23";"8424";"198.";"6.3";"8.5";"97.";"8.";"0.00";"0.00";"0.00"
"2015";"12";"18";"5";"0";"8425";"201.";"6.6";"8.5";"96.";"8.";"0.00";"0.00";"0.00"
"2015";"12";"18";"5";"1";"8426";"200.";"6.7";"8.9";"96.";"8.";"0.00";"0.00";"0.00"
"2015";"12";"18";"5";"2";"8427";"198.";"6.8";"8.8";"96.";"8.";"0.00";"0.00";"0.00"
"2015";"12";"18";"5";"3";"8428";"206.";"6.1";"9.1";"96.";"8.";"0.00";"0.00";"0.00"
"2015";"12";"18";"5";"4";"8429";"209.";"5.9";"8.9";"96.";"8.";"0.00";"0.00";"0.00"
"2015";"12";"18";"5";"5";"8430";"209.";"5.7";"8.7";"96.";"8.";"0.00";"0.00";"0.00"
"2015";"12";"18";"5";"6";"8431";"219.";"6.0";"8.8";"97.";"8.";"0.00";"0.00";"0.00"
"2015";"12";"18";"5";"7";"8432";"221.";"5.7";"8.8";"96.";"8.";"0.00";"0.00";"0.00"
"2015";"12";"18";"5";"8";"8433";"223.";"5.8";"8.8";"97.";"8.";"0.00";"0.00";"0.00"
"2015";"12";"18";"5";"9";"8434";"223.";"5.9";"8.9";"96.";"8.";"0.00";"0.00";"0.00"
"2015";"12";"18";"5";"10";"8435";"224.";"6.1";"9.0";"94.";"7.";"23.71";"23.11";"20.98"
"2015";"12";"18";"5";"11";"8436";"221.";"6.2";"9.0";"94.";"8.";"28.07";"0.00";"28.07"
"2015";"12";"18";"5";"12";"8437";"223.";"6.4";"9.1";"94.";"8.";"29.22";"0.00";"29.22"
"2015";"12";"18";"5";"13";"8438";"221.";"6.5";"9.0";"93.";"7.";"24.43";"26.29";"21.33"
"2015";"12";"18";"5";"14";"8439";"221.";"6.6";"9.2";"93.";"7.";"0.00";"0.00";"0.00"
"2015";"12";"18";"5";"15";"8440";"223.";"6.8";"9.2";"91.";"7.";"0.00";"0.00";"0.00"
"2015";"12";"18";"5";"16";"8441";"224.";"6.8";"9.1";"91.";"8.";"0.00";"0.00";"0.00"
"2015";"12";"18";"5";"17";"8442";"222.";"7.0";"9.0";"92.";"8.";"0.00";"0.00";"0.00"
"2015";"12";"18";"5";"18";"8443";"230.";"7.1";"8.9";"92.";"7.";"0.00";"0.00";"0.00"
"2015";"12";"18";"5";"19";"8444";"231.";"7.2";"8.8";"91.";"8.";"0.00";"0.00";"0.00"
"2015";"12";"18";"5";"20";"8445";"228.";"7.4";"8.9";"92.";"8.";"0.00";"0.00";"0.00"
"2015";"12";"18";"5";"21";"8446";"223.";"8.0";"8.9";"93.";"8.";"0.00";"0.00";"0.00"
"2015";"12";"18";"5";"22";"8447";"223.";"8.3";"8.8";"92.";"8.";"0.00";"0.00";"0.00"
"2015";"12";"18";"5";"23";"8448";"223.";"8.0";"8.7";"92.";"8.";"0.00";"0.00";"0.00"
"2015";"12";"19";"6";"0";"8449";"223.";"7.6";"8.9";"92.";"8.";"0.00";"0.00";"0.00"
"2015";"12";"19";"6";"1";"8450";"219.";"7.1";"8.8";"94.";"8.";"0.00";"0.00";"0.00"
"2015";"12";"19";"6";"2";"8451";"223.";"6.7";"8.7";"95.";"8.";"0.00";"0.00";"0.00"
"2015";"12";"19";"6";"3";"8452";"215.";"6.7";"8.7";"95.";"8.";"0.00";"0.00";"0.00"
"2015";"12";"19";"6";"4";"8453";"213.";"6.3";"8.8";"97.";"8.";"0.00";"0.00";"0.00"
"2015";"12";"19";"6";"5";"8454";"220.";"6.3";"8.9";"97.";"8.";"0.00";"0.00";"0.00"
"2015";"12";"19";"6";"6";"8455";"223.";"6.4";"8.9";"96.";"8.";"0.00";"0.00";"0.00"
"2015";"12";"19";"6";"7";"8456";"224.";"5.8";"9.0";"96.";"8.";"0.00";"0.00";"0.00"
"2015";"12";"19";"6";"8";"8457";"222.";"5.4";"9.1";"95.";"8.";"0.00";"0.00";"0.00"
"2015";"12";"19";"6";"9";"8458";"218.";"5.5";"9.1";"94.";"8.";"0.00";"0.00";"0.00"
"2015";"12";"19";"6";"10";"8459";"219.";"5.4";"8.9";"95.";"8.";"17.08";"0.00";"17.08"
"2015";"12";"19";"6";"11";"8460";"212.";"5.3";"9.2";"94.";"8.";"22.61";"0.00";"22.61"
"2015";"12";"19";"6";"12";"8461";"206.";"5.5";"9.1";"95.";"8.";"26.56";"0.00";"26.56"
"2015";"12";"19";"6";"13";"8462";"199.";"5.2";"9.1";"95.";"8.";"15.84";"0.00";"15.84"
"2015";"12";"19";"6";"14";"8463";"191.";"5.6";"9.1";"96.";"8.";"0.00";"0.00";"0.00"
"2015";"12";"19";"6";"15";"8464";"183.";"5.8";"9.2";"96.";"8.";"0.00";"0.00";"0.00"
"2015";"12";"19";"6";"16";"8465";"180.";"6.0";"9.2";"96.";"8.";"0.00";"0.00";"0.00"
"2015";"12";"19";"6";"17";"8466";"181.";"6.3";"8.9";"96.";"8.";"0.00";"0.00";"0.00"
"2015";"12";"19";"6";"18";"8467";"184.";"6.7";"9.0";"97.";"8.";"0.00";"0.00";"0.00"
"2015";"12";"19";"6";"19";"8468";"193.";"7.2";"9.0";"97.";"8.";"0.00";"0.00";"0.00"
"2015";"12";"19";"6";"20";"8469";"191.";"7.7";"9.2";"98.";"8.";"0.00";"0.00";"0.00"
"2015";"12";"19";"6";"21";"8470";"193.";"7.7";"9.5";"97.";"8.";"0.00";"0.00";"0.00"
"2015";"12";"19";"6";"22";"8471";"195.";"8.0";"9.6";"97.";"8.";"0.00";"0.00";"0.00"
"2015";"12";"19";"6";"23";"8472";"198.";"8.1";"10.0";"96.";"8.";"0.00";"0.00";"0.00"
"2015";"12";"20";"7";"0";"8473";"193.";"8.2";"10.2";"96.";"8.";"0.00";"0.00";"0.00"
"2015";"12";"20";"7";"1";"8474";"196.";"8.0";"10.4";"94.";"7.";"0.00";"0.00";"0.00"
"2015";"12";"20";"7";"2";"8475";"187.";"8.2";"10.6";"94.";"8.";"0.00";"0.00";"0.00"
"2015";"12";"20";"7";"3";"8476";"186.";"8.8";"10.5";"93.";"7.";"0.00";"0.00";"0.00"
"2015";"12";"20";"7";"4";"8477";"188.";"8.3";"10.3";"94.";"8.";"0.00";"0.00";"0.00"
"2015";"12";"20";"7";"5";"8478";"190.";"8.1";"10.2";"93.";"8.";"0.00";"0.00";"0.00"
"2015";"12";"20";"7";"6";"8479";"184.";"8.1";"9.7";"92.";"8.";"0.00";"0.00";"0.00"
"2015";"12";"20";"7";"7";"8480";"179.";"8.3";"9.6";"93.";"8.";"0.00";"0.00";"0.00"
"2015";"12";"20";"7";"8";"8481";"172.";"8.9";"9.7";"92.";"6.";"0.00";"0.00";"0.00"
"2015";"12";"20";"7";"9";"8482";"168.";"9.6";"9.6";"91.";"6.";"0.00";"0.00";"0.00"
"2015";"12";"20";"7";"10";"8483";"168.";"9.8";"9.6";"91.";"5.";"39.16";"76.11";"30.23"
"2015";"12";"20";"7";"11";"8484";"173.";"9.4";"9.5";"90.";"7.";"39.30";"36.19";"33.85"
"2015";"12";"20";"7";"12";"8485";"171.";"9.0";"9.2";"90.";"7.";"51.65";"35.01";"46.38"
"2015";"12";"20";"7";"13";"8486";"174.";"8.2";"9.3";"90.";"7.";"26.82";"27.03";"23.65"
"2015";"12";"20";"7";"14";"8487";"177.";"8.0";"9.4";"90.";"8.";"0.00";"0.00";"0.00"
"2015";"12";"20";"7";"15";"8488";"186.";"7.9";"9.6";"87.";"8.";"0.00";"0.00";"0.00"
"2015";"12";"20";"7";"16";"8489";"196.";"7.5";"9.8";"88.";"8.";"0.00";"0.00";"0.00"
"2015";"12";"20";"7";"17";"8490";"204.";"7.5";"9.9";"88.";"8.";"0.00";"0.00";"0.00"
"2015";"12";"20";"7";"18";"8491";"206.";"7.2";"9.5";"90.";"8.";"0.00";"0.00";"0.00"
"2015";"12";"20";"7";"19";"8492";"201.";"6.9";"9.1";"91.";"8.";"0.00";"0.00";"0.00"
"2015";"12";"20";"7";"20";"8493";"200.";"7.0";"8.8";"92.";"7.";"0.00";"0.00";"0.00"
"2015";"12";"20";"7";"21";"8494";"206.";"7.5";"9.0";"92.";"7.";"0.00";"0.00";"0.00"
"2015";"12";"20";"7";"22";"8495";"205.";"7.4";"8.9";"91.";"7.";"0.00";"0.00";"0.00"
"2015";"12";"20";"7";"23";"8496";"206.";"7.6";"8.9";"91.";"8.";"0.00";"0.00";"0.00"
"2015";"12";"21";"1";"0";"8497";"207.";"7.6";"8.6";"90.";"7.";"0.00";"0.00";"0.00"
"2015";"12";"21";"1";"1";"8498";"210.";"7.7";"8.7";"89.";"7.";"0.00";"0.00";"0.00"
"2015";"12";"21";"1";"2";"8499";"210.";"7.9";"8.8";"89.";"7.";"0.00";"0.00";"0.00"
"2015";"12";"21";"1";"3";"8500";"209.";"8.5";"9.0";"90.";"6.";"0.00";"0.00";"0.00"
"2015";"12";"21";"1";"4";"8501";"215.";"8.1";"8.8";"90.";"7.";"0.00";"0.00";"0.00"
"2015";"12";"21";"1";"5";"8502";"215.";"7.9";"8.8";"86.";"5.";"0.00";"0.00";"0.00"
"2015";"12";"21";"1";"6";"8503";"218.";"7.9";"8.8";"84.";"7.";"0.00";"0.00";"0.00"
"2015";"12";"21";"1";"7";"8504";"215.";"7.9";"8.8";"83.";"7.";"0.00";"0.00";"0.00"
"2015";"12";"21";"1";"8";"8505";"215.";"8.0";"8.5";"84.";"7.";"0.00";"0.00";"0.00"
"2015";"12";"21";"1";"9";"8506";"213.";"8.0";"8.5";"85.";"7.";"0.00";"0.00";"0.00"
"2015";"12";"21";"1";"10";"8507";"211.";"7.9";"8.2";"85.";"6.";"36.37";"66.59";"28.57"
"2015";"12";"21";"1";"11";"8508";"209.";"7.7";"8.3";"85.";"7.";"42.61";"44.74";"35.89"
"2015";"12";"21";"1";"12";"8509";"211.";"7.5";"8.4";"85.";"7.";"41.77";"40.90";"35.62"
"2015";"12";"21";"1";"13";"8510";"215.";"7.5";"8.3";"86.";"7.";"26.83";"33.24";"22.93"
"2015";"12";"21";"1";"14";"8511";"220.";"7.6";"8.2";"86.";"7.";"0.09";"0.20";"0.08"
"2015";"12";"21";"1";"15";"8512";"220.";"7.7";"7.9";"89.";"7.";"0.00";"0.00";"0.00"
"2015";"12";"21";"1";"16";"8513";"219.";"7.9";"7.9";"88.";"7.";"0.00";"0.00";"0.00"
"2015";"12";"21";"1";"17";"8514";"218.";"7.8";"7.9";"85.";"8.";"0.00";"0.00";"0.00"
"2015";"12";"21";"1";"18";"8515";"210.";"8.2";"7.6";"86.";"7.";"0.00";"0.00";"0.00"
"2015";"12";"21";"1";"19";"8516";"203.";"8.0";"7.6";"85.";"6.";"0.00";"0.00";"0.00"
"2015";"12";"21";"1";"20";"8517";"195.";"8.4";"7.7";"85.";"6.";"0.00";"0.00";"0.00"
"2015";"12";"21";"1";"21";"8518";"194.";"8.2";"7.3";"89.";"8.";"0.00";"0.00";"0.00"
"2015";"12";"21";"1";"22";"8519";"189.";"8.3";"6.9";"90.";"7.";"0.00";"0.00";"0.00"
"2015";"12";"21";"1";"23";"8520";"177.";"7.5";"6.6";"92.";"8.";"0.00";"0.00";"0.00"
"2015";"12";"22";"2";"0";"8521";"205.";"5.2";"6.9";"93.";"8.";"0.00";"0.00";"0.00"
"2015";"12";"22";"2";"1";"8522";"262.";"4.7";"7.0";"94.";"8.";"0.00";"0.00";"0.00"
"2015";"12";"22";"2";"2";"8523";"282.";"6.9";"7.1";"92.";"7.";"0.00";"0.00";"0.00"
"2015";"12";"22";"2";"3";"8524";"280.";"11.8";"7.7";"82.";"6.";"0.00";"0.00";"0.00"
"2015";"12";"22";"2";"4";"8525";"279.";"11.0";"8.3";"73.";"4.";"0.00";"0.00";"0.00"
"2015";"12";"22";"2";"5";"8526";"272.";"9.7";"7.9";"75.";"2.";"0.00";"0.00";"0.00"
"2015";"12";"22";"2";"6";"8527";"267.";"9.8";"7.8";"75.";"3.";"0.00";"0.00";"0.00"
"2015";"12";"22";"2";"7";"8528";"261.";"8.9";"7.9";"77.";"4.";"0.00";"0.00";"0.00"
"2015";"12";"22";"2";"8";"8529";"253.";"6.5";"7.5";"82.";"2.";"0.00";"0.00";"0.00"
"2015";"12";"22";"2";"9";"8530";"235.";"5.4";"7.6";"86.";"6.";"1.15";"2.58";"1.01"
"2015";"12";"22";"2";"10";"8531";"216.";"5.0";"7.4";"87.";"7.";"35.10";"29.37";"31.66"
"2015";"12";"22";"2";"11";"8532";"202.";"6.2";"7.6";"91.";"7.";"48.25";"33.33";"43.24"
"2015";"12";"22";"2";"12";"8533";"188.";"7.8";"7.8";"89.";"6.";"50.17";"70.85";"39.53"
"2015";"12";"22";"2";"13";"8534";"179.";"7.9";"7.4";"91.";"8.";"10.41";"0.00";"10.41"
"2015";"12";"22";"2";"14";"8535";"175.";"10.1";"7.3";"93.";"7.";"0.00";"0.00";"0.00"
"2015";"12";"22";"2";"15";"8536";"174.";"9.9";"7.5";"96.";"8.";"0.00";"0.00";"0.00"
"2015";"12";"22";"2";"16";"8537";"193.";"9.1";"8.3";"97.";"8.";"0.00";"0.00";"0.00"
"2015";"12";"22";"2";"17";"8538";"212.";"9.2";"9.5";"96.";"8.";"0.00";"0.00";"0.00"
"2015";"12";"22";"2";"18";"8539";"223.";"9.1";"9.9";"94.";"8.";"0.00";"0.00";"0.00"
"2015";"12";"22";"2";"19";"8540";"228.";"9.3";"10.0";"93.";"8.";"0.00";"0.00";"0.00"
"2015";"12";"22";"2";"20";"8541";"230.";"9.1";"9.9";"91.";"8.";"0.00";"0.00";"0.00"
"2015";"12";"22";"2";"21";"8542";"231.";"8.0";"9.8";"90.";"8.";"0.00";"0.00";"0.00"
"2015";"12";"22";"2";"22";"8543";"235.";"7.8";"9.6";"91.";"8.";"0.00";"0.00";"0.00"
"2015";"12";"22";"2";"23";"8544";"228.";"6.9";"9.5";"90.";"7.";"0.00";"0.00";"0.00"
"2015";"12";"23";"3";"0";"8545";"228.";"6.2";"9.2";"91.";"8.";"0.00";"0.00";"0.00"
"2015";"12";"23";"3";"1";"8546";"231.";"6.4";"9.1";"92.";"7.";"0.00";"0.00";"0.00"
"2015";"12";"23";"3";"2";"8547";"226.";"6.1";"8.9";"92.";"7.";"0.00";"0.00";"0.00"
"2015";"12";"23";"3";"3";"8548";"219.";"5.6";"8.8";"92.";"7.";"0.00";"0.00";"0.00"
"2015";"12";"23";"3";"4";"8549";"221.";"5.7";"8.6";"92.";"7.";"0.00";"0.00";"0.00"
"2015";"12";"23";"3";"5";"8550";"220.";"5.9";"8.5";"90.";"7.";"0.00";"0.00";"0.00"
"2015";"12";"23";"3";"6";"8551";"226.";"6.2";"8.1";"85.";"8.";"0.00";"0.00";"0.00"
"2015";"12";"23";"3";"7";"8552";"226.";"6.5";"7.9";"87.";"5.";"0.00";"0.00";"0.00"
"2015";"12";"23";"3";"8";"8553";"216.";"8.2";"7.6";"90.";"6.";"0.00";"0.00";"0.00"
"2015";"12";"23";"3";"9";"8554";"224.";"7.7";"7.9";"88.";"7.";"0.04";"0.08";"0.04"
"2015";"12";"23";"3";"10";"8555";"228.";"8.6";"8.4";"85.";"6.";"37.84";"83.18";"28.11"
"2015";"12";"23";"3";"11";"8556";"221.";"8.7";"8.8";"84.";"7.";"47.12";"44.65";"40.41"
"2015";"12";"23";"3";"12";"8557";"226.";"9.8";"8.8";"81.";"6.";"52.87";"88.84";"39.53"
"2015";"12";"23";"3";"13";"8558";"231.";"10.7";"9.1";"77.";"7.";"33.55";"35.30";"29.41"
"2015";"12";"23";"3";"14";"8559";"239.";"11.5";"7.7";"79.";"7.";"1.45";"2.75";"1.31"
"2015";"12";"23";"3";"15";"8560";"248.";"10.6";"8.2";"78.";"7.";"0.00";"0.00";"0.00"
"2015";"12";"23";"3";"16";"8561";"248.";"9.9";"8.0";"73.";"6.";"0.00";"0.00";"0.00"
"2015";"12";"23";"3";"17";"8562";"248.";"10.4";"7.4";"71.";"4.";"0.00";"0.00";"0.00"
"2015";"12";"23";"3";"18";"8563";"247.";"10.1";"7.1";"72.";"5.";"0.00";"0.00";"0.00"
"2015";"12";"23";"3";"19";"8564";"247.";"9.9";"7.3";"75.";"6.";"0.00";"0.00";"0.00"
"2015";"12";"23";"3";"20";"8565";"248.";"8.7";"7.6";"74.";"4.";"0.00";"0.00";"0.00"
"2015";"12";"23";"3";"21";"8566";"249.";"8.2";"7.5";"74.";"4.";"0.00";"0.00";"0.00"
"2015";"12";"23";"3";"22";"8567";"249.";"7.8";"7.4";"75.";"4.";"0.00";"0.00";"0.00"
"2015";"12";"23";"3";"23";"8568";"241.";"6.8";"7.1";"76.";"4.";"0.00";"0.00";"0.00"
"2015";"12";"24";"4";"0";"8569";"237.";"6.4";"7.2";"76.";"4.";"0.00";"0.00";"0.00"
"2015";"12";"24";"4";"1";"8570";"227.";"6.0";"6.6";"80.";"4.";"0.00";"0.00";"0.00"
"2015";"12";"24";"4";"2";"8571";"220.";"6.0";"6.6";"85.";"4.";"0.00";"0.00";"0.00"
"2015";"12";"24";"4";"3";"8572";"215.";"6.4";"6.2";"89.";"0.";"0.00";"0.00";"0.00"
"2015";"12";"24";"4";"4";"8573";"207.";"7.4";"6.4";"89.";"2.";"0.00";"0.00";"0.00"
"2015";"12";"24";"4";"5";"8574";"203.";"7.7";"6.3";"90.";"3.";"0.00";"0.00";"0.00"
"2015";"12";"24";"4";"6";"8575";"205.";"8.2";"6.8";"89.";"5.";"0.00";"0.00";"0.00"
"2015";"12";"24";"4";"7";"8576";"209.";"9.2";"7.0";"91.";"7.";"0.00";"0.00";"0.00"
"2015";"12";"24";"4";"8";"8577";"193.";"8.8";"6.5";"92.";"5.";"0.00";"0.00";"0.00"
"2015";"12";"24";"4";"9";"8578";"191.";"9.2";"7.0";"90.";"6.";"0.85";"2.76";"0.70"
"2015";"12";"24";"4";"10";"8579";"189.";"9.5";"7.3";"89.";"7.";"27.14";"32.37";"23.34"
"2015";"12";"24";"4";"11";"8580";"193.";"9.5";"7.2";"88.";"8.";"31.91";"0.00";"31.91"
"2015";"12";"24";"4";"12";"8581";"197.";"9.5";"7.1";"89.";"8.";"30.59";"0.00";"30.59"
"2015";"12";"24";"4";"13";"8582";"195.";"9.5";"7.3";"88.";"8.";"20.31";"0.00";"20.31"
"2015";"12";"24";"4";"14";"8583";"187.";"9.6";"7.3";"89.";"8.";"0.41";"0.00";"0.41"
"2015";"12";"24";"4";"15";"8584";"180.";"10.5";"7.2";"90.";"8.";"0.00";"0.00";"0.00"
"2015";"12";"24";"4";"16";"8585";"183.";"10.2";"7.6";"88.";"8.";"0.00";"0.00";"0.00"
"2015";"12";"24";"4";"17";"8586";"189.";"9.9";"7.5";"88.";"8.";"0.00";"0.00";"0.00"
"2015";"12";"24";"4";"18";"8587";"183.";"10.0";"7.5";"89.";"8.";"0.00";"0.00";"0.00"
"2015";"12";"24";"4";"19";"8588";"186.";"10.9";"7.4";"94.";"8.";"0.00";"0.00";"0.00"
"2015";"12";"24";"4";"20";"8589";"184.";"11.3";"8.0";"93.";"8.";"0.00";"0.00";"0.00"
"2015";"12";"24";"4";"21";"8590";"185.";"12.0";"8.4";"92.";"8.";"0.00";"0.00";"0.00"
"2015";"12";"24";"4";"22";"8591";"203.";"12.6";"8.7";"91.";"8.";"0.00";"0.00";"0.00"
"2015";"12";"24";"4";"23";"8592";"226.";"11.2";"8.2";"86.";"7.";"0.00";"0.00";"0.00"
"2015";"12";"25";"5";"0";"8593";"229.";"9.5";"7.9";"74.";"3.";"0.00";"0.00";"0.00"
"2015";"12";"25";"5";"1";"8594";"226.";"10.5";"7.8";"75.";"4.";"0.00";"0.00";"0.00"
"2015";"12";"25";"5";"2";"8595";"230.";"10.7";"7.4";"71.";"4.";"0.00";"0.00";"0.00"
"2015";"12";"25";"5";"3";"8596";"228.";"10.8";"7.3";"71.";"7.";"0.00";"0.00";"0.00"
"2015";"12";"25";"5";"4";"8597";"231.";"10.9";"5.8";"75.";"3.";"0.00";"0.00";"0.00"
"2015";"12";"25";"5";"5";"8598";"231.";"10.8";"5.7";"77.";"7.";"0.00";"0.00";"0.00"
"2015";"12";"25";"5";"6";"8599";"233.";"10.7";"5.7";"76.";"7.";"0.00";"0.00";"0.00"
"2015";"12";"25";"5";"7";"8600";"237.";"10.5";"5.9";"79.";"7.";"0.00";"0.00";"0.00"
"2015";"12";"25";"5";"8";"8601";"241.";"10.5";"6.3";"76.";"8.";"0.00";"0.00";"0.00"
"2015";"12";"25";"5";"9";"8602";"240.";"11.3";"6.7";"76.";"7.";"4.15";"7.73";"3.74"
"2015";"12";"25";"5";"10";"8603";"240.";"11.6";"6.9";"73.";"6.";"37.75";"76.52";"28.77"
"2015";"12";"25";"5";"11";"8604";"237.";"11.3";"7.2";"70.";"5.";"67.85";"148.24";"45.53"
"2015";"12";"25";"5";"12";"8605";"239.";"11.6";"7.1";"71.";"6.";"61.23";"91.07";"47.52"
"2015";"12";"25";"5";"13";"8606";"241.";"11.7";"7.4";"71.";"6.";"39.99";"72.18";"31.51"
"2015";"12";"25";"5";"14";"8607";"246.";"12.0";"5.4";"81.";"6.";"3.57";"12.31";"2.91"
"2015";"12";"25";"5";"15";"8608";"246.";"10.9";"6.8";"80.";"7.";"0.00";"0.00";"0.00"
"2015";"12";"25";"5";"16";"8609";"246.";"10.2";"7.4";"79.";"7.";"0.00";"0.00";"0.00"
"2015";"12";"25";"5";"17";"8610";"248.";"9.3";"7.5";"79.";"6.";"0.00";"0.00";"0.00"
"2015";"12";"25";"5";"18";"8611";"253.";"8.9";"7.3";"80.";"7.";"0.00";"0.00";"0.00"
"2015";"12";"25";"5";"19";"8612";"256.";"8.3";"7.1";"83.";"7.";"0.00";"0.00";"0.00"
"2015";"12";"25";"5";"20";"8613";"256.";"7.5";"6.9";"82.";"8.";"0.00";"0.00";"0.00"
"2015";"12";"25";"5";"21";"8614";"250.";"6.2";"6.6";"84.";"8.";"0.00";"0.00";"0.00"
"2015";"12";"25";"5";"22";"8615";"247.";"5.6";"6.6";"85.";"7.";"0.00";"0.00";"0.00"
"2015";"12";"25";"5";"23";"8616";"245.";"4.5";"6.5";"87.";"6.";"0.00";"0.00";"0.00"
"2015";"12";"26";"6";"0";"8617";"241.";"4.3";"6.4";"88.";"5.";"0.00";"0.00";"0.00"
"2015";"12";"26";"6";"1";"8618";"241.";"3.9";"6.3";"88.";"7.";"0.00";"0.00";"0.00"
"2015";"12";"26";"6";"2";"8619";"241.";"3.5";"6.2";"90.";"8.";"0.00";"0.00";"0.00"
"2015";"12";"26";"6";"3";"8620";"250.";"3.7";"5.9";"92.";"8.";"0.00";"0.00";"0.00"
"2015";"12";"26";"6";"4";"8621";"262.";"2.0";"5.7";"93.";"7.";"0.00";"0.00";"0.00"
"2015";"12";"26";"6";"5";"8622";"290.";"2.2";"5.1";"87.";"8.";"0.00";"0.00";"0.00"
"2015";"12";"26";"6";"6";"8623";"309.";"1.9";"5.2";"87.";"8.";"0.00";"0.00";"0.00"
"2015";"12";"26";"6";"7";"8624";"318.";"1.9";"5.2";"89.";"7.";"0.00";"0.00";"0.00"
"2015";"12";"26";"6";"8";"8625";"322.";"2.9";"5.3";"90.";"8.";"0.00";"0.00";"0.00"
"2015";"12";"26";"6";"9";"8626";"347.";"2.5";"4.6";"92.";"7.";"3.47";"8.02";"3.04"
"2015";"12";"26";"6";"10";"8627";"7.";"3.6";"4.0";"85.";"4.";"58.44";"211.65";"33.51"
"2015";"12";"26";"6";"11";"8628";"32.";"4.5";"4.0";"75.";"6.";"70.90";"146.56";"48.78"
"2015";"12";"26";"6";"12";"8629";"42.";"4.6";"3.6";"71.";"5.";"99.50";"217.10";"66.73"
"2015";"12";"26";"6";"13";"8630";"47.";"5.1";"3.3";"72.";"6.";"66.16";"123.26";"51.65"
"2015";"12";"26";"6";"14";"8631";"42.";"5.3";"2.7";"75.";"7.";"12.57";"21.67";"11.40"
"2015";"12";"26";"6";"15";"8632";"48.";"4.7";"2.2";"75.";"8.";"0.00";"0.00";"0.00"
"2015";"12";"26";"6";"16";"8633";"53.";"4.3";"1.9";"74.";"8.";"0.00";"0.00";"0.00"
"2015";"12";"26";"6";"17";"8634";"58.";"4.4";"1.8";"72.";"6.";"0.00";"0.00";"0.00"
"2015";"12";"26";"6";"18";"8635";"59.";"4.9";"1.1";"70.";"6.";"0.00";"0.00";"0.00"
"2015";"12";"26";"6";"19";"8636";"61.";"4.9";"0.7";"67.";"7.";"0.00";"0.00";"0.00"
"2015";"12";"26";"6";"20";"8637";"67.";"5.2";"0.7";"63.";"8.";"0.00";"0.00";"0.00"
"2015";"12";"26";"6";"21";"8638";"77.";"5.3";"0.8";"61.";"8.";"0.00";"0.00";"0.00"
"2015";"12";"26";"6";"22";"8639";"83.";"5.9";"0.8";"57.";"8.";"0.00";"0.00";"0.00"
"2015";"12";"26";"6";"23";"8640";"99.";"5.7";"0.9";"52.";"8.";"0.00";"0.00";"0.00"
"2015";"12";"27";"7";"0";"8641";"108.";"6.7";"0.8";"46.";"8.";"0.00";"0.00";"0.00"
"2015";"12";"27";"7";"1";"8642";"114.";"6.6";"0.8";"45.";"8.";"0.00";"0.00";"0.00"
"2015";"12";"27";"7";"2";"8643";"114.";"7.5";"-0.1";"63.";"7.";"0.00";"0.00";"0.00"
"2015";"12";"27";"7";"3";"8644";"113.";"7.7";"-1.7";"85.";"8.";"0.00";"0.00";"0.00"
"2015";"12";"27";"7";"4";"8645";"112.";"8.0";"-1.9";"95.";"8.";"0.00";"0.00";"0.00"
"2015";"12";"27";"7";"5";"8646";"108.";"8.5";"-2.0";"95.";"8.";"0.00";"0.00";"0.00"
"2015";"12";"27";"7";"6";"8647";"112.";"8.6";"-1.6";"95.";"8.";"0.00";"0.00";"0.00"
"2015";"12";"27";"7";"7";"8648";"118.";"8.2";"-0.9";"94.";"7.";"0.00";"0.00";"0.00"
"2015";"12";"27";"7";"8";"8649";"119.";"9.0";"-0.1";"93.";"8.";"0.00";"0.00";"0.00"
"2015";"12";"27";"7";"9";"8650";"129.";"9.2";"0.7";"92.";"7.";"4.01";"7.86";"3.58"
"2015";"12";"27";"7";"10";"8651";"132.";"9.7";"1.0";"93.";"7.";"21.24";"26.62";"18.10"
"2015";"12";"27";"7";"11";"8652";"133.";"10.5";"1.5";"94.";"8.";"36.07";"0.00";"36.07"
"2015";"12";"27";"7";"12";"8653";"166.";"5.6";"2.0";"93.";"7.";"52.15";"71.67";"41.30"
"2015";"12";"27";"7";"13";"8654";"204.";"5.6";"3.0";"89.";"7.";"32.70";"45.81";"27.28"
"2015";"12";"27";"7";"14";"8655";"222.";"6.9";"4.3";"89.";"5.";"5.70";"26.31";"4.28"
"2015";"12";"27";"7";"15";"8656";"233.";"7.0";"6.1";"87.";"6.";"0.00";"0.00";"0.00"
"2015";"12";"27";"7";"16";"8657";"245.";"6.5";"5.8";"84.";"6.";"0.00";"0.00";"0.00"
"2015";"12";"27";"7";"17";"8658";"247.";"4.6";"4.8";"87.";"7.";"0.00";"0.00";"0.00"
"2015";"12";"27";"7";"18";"8659";"262.";"4.0";"3.9";"90.";"7.";"0.00";"0.00";"0.00"
"2015";"12";"27";"7";"19";"8660";"274.";"3.8";"3.5";"89.";"8.";"0.00";"0.00";"0.00"
"2015";"12";"27";"7";"20";"8661";"304.";"4.5";"2.9";"87.";"7.";"0.00";"0.00";"0.00"
"2015";"12";"27";"7";"21";"8662";"320.";"5.8";"1.9";"85.";"6.";"0.00";"0.00";"0.00"
"2015";"12";"27";"7";"22";"8663";"330.";"5.2";"1.0";"85.";"5.";"0.00";"0.00";"0.00"
"2015";"12";"27";"7";"23";"8664";"338.";"4.8";"0.2";"86.";"4.";"0.00";"0.00";"0.00"
"2015";"12";"28";"1";"0";"8665";"339.";"5.0";"-0.1";"86.";"6.";"0.00";"0.00";"0.00"
"2015";"12";"28";"1";"1";"8666";"342.";"4.9";"-0.2";"85.";"7.";"0.00";"0.00";"0.00"
"2015";"12";"28";"1";"2";"8667";"337.";"4.6";"-0.4";"84.";"7.";"0.00";"0.00";"0.00"
"2015";"12";"28";"1";"3";"8668";"338.";"4.5";"-0.6";"85.";"6.";"0.00";"0.00";"0.00"
"2015";"12";"28";"1";"4";"8669";"355.";"4.6";"-1.0";"87.";"6.";"0.00";"0.00";"0.00"
"2015";"12";"28";"1";"5";"8670";"6.";"4.7";"-1.1";"87.";"3.";"0.00";"0.00";"0.00"
"2015";"12";"28";"1";"6";"8671";"10.";"4.8";"-0.9";"89.";"4.";"0.00";"0.00";"0.00"
"2015";"12";"28";"1";"7";"8672";"25.";"4.6";"-0.1";"89.";"7.";"0.00";"0.00";"0.00"
"2015";"12";"28";"1";"8";"8673";"40.";"4.0";"0.5";"91.";"8.";"0.00";"0.00";"0.00"
"2015";"12";"28";"1";"9";"8674";"66.";"3.7";"1.3";"89.";"7.";"7.12";"20.42";"6.01"
"2015";"12";"28";"1";"10";"8675";"78.";"3.4";"1.6";"87.";"5.";"56.81";"182.47";"35.12"
"2015";"12";"28";"1";"11";"8676";"88.";"3.0";"2.3";"85.";"5.";"78.12";"222.65";"44.27"
"2015";"12";"28";"1";"12";"8677";"102.";"4.4";"2.8";"81.";"6.";"71.65";"154.92";"48.10"
"2015";"12";"28";"1";"13";"8678";"112.";"4.2";"2.6";"81.";"5.";"53.96";"188.95";"31.49"
"2015";"12";"28";"1";"14";"8679";"113.";"3.3";"2.2";"82.";"7.";"7.34";"21.36";"6.17"
"2015";"12";"28";"1";"15";"8680";"105.";"3.6";"2.1";"76.";"6.";"0.00";"0.00";"0.00"
"2015";"12";"28";"1";"16";"8681";"104.";"3.8";"2.0";"77.";"7.";"0.00";"0.00";"0.00"
"2015";"12";"28";"1";"17";"8682";"107.";"4.0";"1.7";"79.";"7.";"0.00";"0.00";"0.00"
"2015";"12";"28";"1";"18";"8683";"113.";"4.0";"1.3";"80.";"7.";"0.00";"0.00";"0.00"
"2015";"12";"28";"1";"19";"8684";"116.";"5.0";"1.6";"77.";"7.";"0.00";"0.00";"0.00"
"2015";"12";"28";"1";"20";"8685";"120.";"4.0";"0.9";"77.";"7.";"0.00";"0.00";"0.00"
"2015";"12";"28";"1";"21";"8686";"114.";"3.9";"0.3";"79.";"8.";"0.00";"0.00";"0.00"
"2015";"12";"28";"1";"22";"8687";"111.";"4.3";"-0.1";"80.";"8.";"0.00";"0.00";"0.00"
"2015";"12";"28";"1";"23";"8688";"116.";"4.4";"-0.3";"81.";"8.";"0.00";"0.00";"0.00"
"2015";"12";"29";"2";"0";"8689";"118.";"4.6";"-0.5";"81.";"8.";"0.00";"0.00";"0.00"
"2015";"12";"29";"2";"1";"8690";"117.";"4.7";"-1.0";"82.";"8.";"0.00";"0.00";"0.00"
"2015";"12";"29";"2";"2";"8691";"118.";"4.7";"-0.7";"82.";"6.";"0.00";"0.00";"0.00"
"2015";"12";"29";"2";"3";"8692";"121.";"5.7";"-0.1";"79.";"6.";"0.00";"0.00";"0.00"
"2015";"12";"29";"2";"4";"8693";"120.";"6.2";"-0.2";"78.";"5.";"0.00";"0.00";"0.00"
"2015";"12";"29";"2";"5";"8694";"119.";"6.3";"-0.3";"78.";"6.";"0.00";"0.00";"0.00"
"2015";"12";"29";"2";"6";"8695";"120.";"6.4";"-0.4";"77.";"8.";"0.00";"0.00";"0.00"
"2015";"12";"29";"2";"7";"8696";"122.";"6.6";"-0.3";"77.";"4.";"0.00";"0.00";"0.00"
"2015";"12";"29";"2";"8";"8697";"125.";"6.6";"0.1";"77.";"6.";"0.00";"0.00";"0.00"
"2015";"12";"29";"2";"9";"8698";"129.";"6.2";"0.9";"76.";"7.";"10.09";"25.72";"8.66"
"2015";"12";"29";"2";"10";"8699";"133.";"6.3";"1.6";"74.";"7.";"37.50";"61.23";"30.18"
"2015";"12";"29";"2";"11";"8700";"133.";"6.4";"1.9";"73.";"6.";"76.99";"143.70";"55.03"
"2015";"12";"29";"2";"12";"8701";"133.";"6.1";"2.3";"73.";"4.";"98.85";"282.83";"55.64"
"2015";"12";"29";"2";"13";"8702";"136.";"5.6";"2.2";"72.";"4.";"65.86";"246.31";"36.40"
"2015";"12";"29";"2";"14";"8703";"132.";"6.0";"1.8";"74.";"4.";"16.15";"98.47";"10.68"
"2015";"12";"29";"2";"15";"8704";"132.";"6.8";"1.7";"74.";"7.";"0.00";"0.00";"0.00"
"2015";"12";"29";"2";"16";"8705";"139.";"6.4";"1.7";"74.";"7.";"0.00";"0.00";"0.00"
"2015";"12";"29";"2";"17";"8706";"139.";"6.6";"1.7";"75.";"7.";"0.00";"0.00";"0.00"
"2015";"12";"29";"2";"18";"8707";"136.";"6.9";"1.8";"75.";"7.";"0.00";"0.00";"0.00"
"2015";"12";"29";"2";"19";"8708";"141.";"6.9";"1.6";"74.";"7.";"0.00";"0.00";"0.00"
"2015";"12";"29";"2";"20";"8709";"143.";"7.0";"1.7";"76.";"7.";"0.00";"0.00";"0.00"
"2015";"12";"29";"2";"21";"8710";"148.";"6.6";"1.9";"76.";"8.";"0.00";"0.00";"0.00"
"2015";"12";"29";"2";"22";"8711";"145.";"7.4";"2.3";"75.";"8.";"0.00";"0.00";"0.00"
"2015";"12";"29";"2";"23";"8712";"145.";"7.5";"2.4";"74.";"8.";"0.00";"0.00";"0.00"
"2015";"12";"30";"3";"0";"8713";"144.";"7.8";"2.4";"75.";"8.";"0.00";"0.00";"0.00"
"2015";"12";"30";"3";"1";"8714";"145.";"8.0";"2.5";"76.";"8.";"0.00";"0.00";"0.00"
"2015";"12";"30";"3";"2";"8715";"148.";"7.9";"2.6";"76.";"8.";"0.00";"0.00";"0.00"
"2015";"12";"30";"3";"3";"8716";"152.";"7.5";"2.7";"79.";"8.";"0.00";"0.00";"0.00"
"2015";"12";"30";"3";"4";"8717";"148.";"8.4";"2.7";"80.";"8.";"0.00";"0.00";"0.00"
"2015";"12";"30";"3";"5";"8718";"148.";"9.0";"2.6";"81.";"8.";"0.00";"0.00";"0.00"
"2015";"12";"30";"3";"6";"8719";"149.";"9.2";"2.7";"81.";"8.";"0.00";"0.00";"0.00"
"2015";"12";"30";"3";"7";"8720";"152.";"9.0";"2.8";"81.";"8.";"0.00";"0.00";"0.00"
"2015";"12";"30";"3";"8";"8721";"149.";"9.5";"2.8";"81.";"8.";"0.00";"0.00";"0.00"
"2015";"12";"30";"3";"9";"8722";"151.";"9.9";"2.8";"80.";"8.";"5.42";"0.00";"5.42"
"2015";"12";"30";"3";"10";"8723";"156.";"9.5";"2.7";"81.";"8.";"25.40";"0.00";"25.40"
"2015";"12";"30";"3";"11";"8724";"156.";"9.2";"2.8";"83.";"8.";"36.20";"0.00";"36.20"
"2015";"12";"30";"3";"12";"8725";"157.";"8.9";"3.1";"83.";"8.";"35.76";"0.00";"35.76"
"2015";"12";"30";"3";"13";"8726";"155.";"8.9";"3.0";"84.";"8.";"24.57";"0.00";"24.57"
"2015";"12";"30";"3";"14";"8727";"153.";"9.1";"2.8";"82.";"8.";"5.10";"0.00";"5.10"
"2015";"12";"30";"3";"15";"8728";"155.";"9.1";"2.9";"82.";"8.";"0.00";"0.00";"0.00"
"2015";"12";"30";"3";"16";"8729";"155.";"8.6";"2.7";"82.";"8.";"0.00";"0.00";"0.00"
"2015";"12";"30";"3";"17";"8730";"151.";"9.1";"2.7";"80.";"8.";"0.00";"0.00";"0.00"
"2015";"12";"30";"3";"18";"8731";"149.";"9.9";"2.9";"79.";"8.";"0.00";"0.00";"0.00"
"2015";"12";"30";"3";"19";"8732";"152.";"9.6";"2.7";"78.";"8.";"0.00";"0.00";"0.00"
"2015";"12";"30";"3";"20";"8733";"154.";"9.4";"2.2";"76.";"8.";"0.00";"0.00";"0.00"
"2015";"12";"30";"3";"21";"8734";"154.";"8.5";"1.4";"75.";"8.";"0.00";"0.00";"0.00"
"2015";"12";"30";"3";"22";"8735";"155.";"8.1";"0.9";"73.";"8.";"0.00";"0.00";"0.00"
"2015";"12";"30";"3";"23";"8736";"153.";"8.3";"0.9";"72.";"8.";"0.00";"0.00";"0.00"
"2015";"12";"31";"4";"0";"8737";"150.";"8.7";"0.8";"73.";"7.";"0.00";"0.00";"0.00"
"2015";"12";"31";"4";"1";"8738";"150.";"8.2";"0.4";"74.";"8.";"0.00";"0.00";"0.00"
"2015";"12";"31";"4";"2";"8739";"147.";"8.3";"0.3";"72.";"8.";"0.00";"0.00";"0.00"
"2015";"12";"31";"4";"3";"8740";"144.";"8.4";"0.2";"69.";"7.";"0.00";"0.00";"0.00"
"2015";"12";"31";"4";"4";"8741";"144.";"8.3";"0.3";"68.";"7.";"0.00";"0.00";"0.00"
"2015";"12";"31";"4";"5";"8742";"147.";"8.1";"0.3";"69.";"8.";"0.00";"0.00";"0.00"
"2015";"12";"31";"4";"6";"8743";"146.";"8.6";"0.4";"69.";"8.";"0.00";"0.00";"0.00"
"2015";"12";"31";"4";"7";"8744";"146.";"8.4";"0.9";"68.";"8.";"0.00";"0.00";"0.00"
"2015";"12";"31";"4";"8";"8745";"144.";"9.3";"1.1";"65.";"8.";"0.00";"0.00";"0.00"
"2015";"12";"31";"4";"9";"8746";"150.";"9.1";"1.7";"61.";"8.";"14.98";"0.00";"14.98"
"2015";"12";"31";"4";"10";"8747";"154.";"9.3";"2.4";"58.";"8.";"53.56";"0.00";"53.56"
"2015";"12";"31";"4";"11";"8748";"157.";"9.7";"3.3";"54.";"8.";"75.33";"0.00";"75.33"
"2015";"12";"31";"4";"12";"8749";"159.";"10.0";"3.3";"56.";"8.";"63.98";"0.00";"63.98"
"2015";"12";"31";"4";"13";"8750";"160.";"9.6";"3.1";"61.";"8.";"48.19";"0.00";"48.19"
"2015";"12";"31";"4";"14";"8751";"166.";"8.8";"2.8";"66.";"7.";"11.52";"23.52";"10.17"
"2015";"12";"31";"4";"15";"8752";"165.";"8.7";"2.6";"69.";"8.";"0.00";"0.00";"0.00"
"2015";"12";"31";"4";"16";"8753";"167.";"8.2";"2.4";"73.";"8.";"0.00";"0.00";"0.00"
"2015";"12";"31";"4";"17";"8754";"157.";"8.5";"1.4";"84.";"8.";"0.00";"0.00";"0.00"
"2015";"12";"31";"4";"18";"8755";"156.";"7.7";"1.4";"85.";"8.";"0.00";"0.00";"0.00"
"2015";"12";"31";"4";"19";"8756";"149.";"7.7";"1.5";"85.";"8.";"0.00";"0.00";"0.00"
"2015";"12";"31";"4";"20";"8757";"147.";"7.1";"1.6";"85.";"8.";"0.00";"0.00";"0.00"
"2015";"12";"31";"4";"21";"8758";"147.";"7.7";"1.8";"88.";"8.";"0.00";"0.00";"0.00"
"2015";"12";"31";"4";"22";"8759";"146.";"7.1";"1.9";"90.";"8.";"0.00";"0.00";"0.00"
"2015";"12";"31";"4";"23";"8760";"144.";"6.5";"1.9";"92.";"8.";"0.00";"0.00";"0.00"
